 Table Mountain
   40.13 -105.24 1689 m version 1
 2019   2  1  2  0  0  0.000  93.09     0.8 0    -0.2 0     0.9 0     1.1 0   177.7 0   259.52 0   259.14 0   228.8 0   259.55 0   259.45 0     0.0 0     0.6 0     1.1 0   -51.1 0   -50.0 0   -14.8 0    77.4 0     2.1 0   234.9 0   828.8 0
 2019   2  1  2  0  1  0.017  93.26     0.5 0    -0.3 0     0.9 0     0.9 0   177.8 0   259.48 0   259.11 0   229.1 0   259.50 0   259.41 0     0.0 0     0.5 0     0.9 0   -51.3 0   -50.4 0   -14.8 0    77.4 0     2.2 0   234.4 0   828.8 0
 2019   2  1  2  0  2  0.033  93.43     0.5 0    -0.3 0     0.9 0     0.7 0   177.8 0   259.44 0   259.05 0   229.3 0   259.47 0   259.37 0     0.0 0     0.4 0     0.7 0   -51.5 0   -50.8 0   -14.8 0    77.4 0     2.2 0   231.5 0   828.8 0
 2019   2  1  2  0  3  0.050  93.60     0.4 0    -0.3 0     0.9 0     0.7 0   177.8 0   259.39 0   258.97 0   229.1 0   259.43 0   259.34 0     0.0 0     0.4 0     0.7 0   -51.3 0   -50.5 0   -14.9 0    77.4 0     2.2 0   233.4 0   828.8 0
 2019   2  1  2  0  4  0.067  93.77     0.2 0    -0.3 0     0.9 0     0.7 0   177.9 0   259.33 0   258.93 0   228.9 0   259.39 0   259.30 0     0.0 0     0.3 0     0.7 0   -51.0 0   -50.3 0   -14.9 0    77.3 0     2.2 0   238.0 0   828.8 0
 2019   2  1  2  0  5  0.083  93.94     0.0 0    -0.3 0     0.9 0     0.7 0   177.8 0   259.27 0   258.90 0   229.3 0   259.36 0   259.26 0     0.0 0     0.2 0     0.7 0   -51.4 0   -50.7 0   -15.0 0    77.4 0     2.3 0   235.5 0   828.7 0
 2019   2  1  2  0  6  0.100  94.11     0.0 0    -0.3 0     0.9 0     0.4 0   178.1 0   259.23 0   258.85 0   229.4 0   259.33 0   259.24 0     0.0 0     0.2 0     0.4 0   -51.4 0   -51.0 0   -15.0 0    77.4 0     2.3 0   233.0 0   828.7 0
 2019   2  1  2  0  7  0.117  94.28     0.0 0    -0.5 0     0.9 0     0.4 0   178.0 0   259.18 0   258.80 0   229.7 0   259.30 0   259.20 0     0.0 0     0.2 0     0.4 0   -51.7 0   -51.4 0   -15.1 0    77.3 0     2.5 0   233.0 0   828.7 0
 2019   2  1  2  0  8  0.133  94.45     0.0 0    -0.6 0     0.9 0     0.3 0   178.4 0   259.14 0   258.80 0   229.7 0   259.26 0   259.18 0     0.0 0     0.2 0     0.3 0   -51.3 0   -51.0 0   -15.1 0    77.4 0     2.6 0   231.4 0   828.7 0
 2019   2  1  2  0  9  0.150  94.63     0.0 0    -0.7 0     0.9 0     0.1 0   178.6 0   259.11 0   258.82 0   229.5 0   259.24 0   259.14 0     0.0 0     0.2 0     0.1 0   -50.9 0   -50.8 0   -15.0 0    77.4 0     2.5 0   228.8 0   828.7 0
 2019   2  1  2  0 10  0.167  94.80    -0.4 0    -0.7 0     0.9 0     0.0 0   178.7 0   259.11 0   258.86 0   228.3 0   259.20 0   259.12 0     0.0 0     0.2 0     0.0 0   -49.6 0   -49.6 0   -14.9 0    77.4 0     2.3 0   224.0 0   828.6 0
 2019   2  1  2  0 11  0.183  94.97    -0.5 0    -0.7 0     0.7 0     0.0 0   178.8 0   259.12 0   258.86 0   227.7 0   259.18 0   259.09 0     0.0 0     0.2 0     0.0 0   -48.9 0   -48.9 0   -14.9 0    77.6 0     2.4 0   222.9 0   828.6 0
 2019   2  1  2  0 12  0.200  95.14    -0.9 0    -0.7 0     0.4 0     0.0 0   178.8 0   259.14 0   258.89 0   227.3 0   259.14 0   259.06 0     0.0 0     0.2 0     0.0 0   -48.5 0   -48.5 0   -14.8 0    77.6 0     2.6 0   223.7 0   828.6 0
 2019   2  1  2  0 13  0.217  95.31    -0.9 0    -0.7 0     0.4 0     0.0 0   178.7 0   259.14 0   258.91 0   227.6 0   259.12 0   259.03 0     0.0 0     0.2 0     0.0 0   -48.9 0   -48.9 0   -14.8 0    77.7 0     2.6 0   219.3 0   828.7 0
 2019   2  1  2  0 14  0.233  95.49    -0.9 0    -0.7 0     0.4 0     0.0 0   178.8 0   259.17 0   258.93 0   227.2 0   259.09 0   259.02 0     0.0 0     0.2 0     0.0 0   -48.4 0   -48.4 0   -14.7 0    77.7 0     2.5 0   218.1 0   828.7 0
 2019   2  1  2  0 15  0.250  95.66    -0.9 0    -0.7 0     0.4 0     0.0 0   178.6 0   259.19 0   258.93 0   227.1 0   259.07 0   258.98 0     0.0 0     0.2 0     0.0 0   -48.5 0   -48.5 0   -14.7 0    77.7 0     2.4 0   219.2 0   828.7 0
 2019   2  1  2  0 16  0.267  95.83    -0.9 0    -0.7 0     0.4 0     0.0 0   178.4 0   259.19 0   258.93 0   227.5 0   259.04 0   258.96 0     0.0 0     0.2 0     0.0 0   -49.0 0   -49.0 0   -14.7 0    77.7 0     2.5 0   224.2 0   828.7 0
 2019   2  1  2  0 17  0.283  96.00    -0.6 0    -0.9 0     0.4 0     0.0 0   178.6 0   259.21 0   258.91 0   227.9 0   259.02 0   258.93 0     0.0 0     0.2 0     0.0 0   -49.3 0   -49.3 0   -14.7 0    77.9 0     2.5 0   222.8 0   828.7 0
 2019   2  1  2  0 18  0.300  96.18    -0.5 0    -1.0 0     0.4 0     0.0 0   178.4 0   259.20 0   258.90 0   227.8 0   259.00 0   258.91 0     0.0 0     0.2 0     0.0 0   -49.4 0   -49.4 0   -14.8 0    77.9 0     2.5 0   223.6 0   828.7 0
 2019   2  1  2  0 19  0.317  96.35    -0.5 0    -1.0 0     0.4 0     0.0 0   178.2 0   259.19 0   258.89 0   227.4 0   258.97 0   258.90 0     0.0 0     0.2 0     0.0 0   -49.2 0   -49.2 0   -14.8 0    77.9 0     2.5 0   224.7 0   828.7 0
 2019   2  1  2  0 20  0.333  96.52    -0.5 0    -1.0 0     0.4 0     0.0 0   178.3 0   259.18 0   258.85 0   227.8 0   258.95 0   258.87 0     0.0 0     0.2 0     0.0 0   -49.5 0   -49.5 0   -14.8 0    77.9 0     2.5 0   225.9 0   828.7 0
 2019   2  1  2  0 21  0.350  96.70    -0.5 0    -1.0 0     0.4 0     0.0 0   178.0 0   259.15 0   258.78 0   228.1 0   258.93 0   258.86 0     0.0 0     0.2 0     0.0 0   -50.1 0   -50.1 0   -14.9 0    77.9 0     2.4 0   221.3 0   828.7 0
 2019   2  1  2  0 22  0.367  96.87    -0.5 0    -1.0 0     0.6 0     0.0 0   177.8 0   259.11 0   258.70 0   228.4 0   258.92 0   258.85 0     0.0 0     0.2 0     0.0 0   -50.6 0   -50.6 0   -15.1 0    77.2 0     2.1 0   225.6 0   828.8 0
 2019   2  1  2  0 23  0.383  97.05    -0.5 0    -1.0 0     0.8 0     0.0 0   177.7 0   259.05 0   258.65 0   228.3 0   258.90 0   258.83 0     0.0 0     0.2 0     0.0 0   -50.6 0   -50.6 0   -15.3 0    77.0 0     2.1 0   237.9 0   828.8 0
 2019   2  1  2  0 24  0.400  97.22    -0.5 0    -1.0 0     0.9 0     0.0 0   178.1 0   259.00 0   258.65 0   228.2 0   258.89 0   258.80 0     0.0 0     0.2 0     0.0 0   -50.1 0   -50.1 0   -15.4 0    77.5 0     2.0 0   241.0 0   828.8 0
 2019   2  1  2  0 25  0.417  97.39    -0.5 0    -1.0 0     0.9 0     0.0 0   178.1 0   258.97 0   258.66 0   227.9 0   258.87 0   258.78 0     0.0 0     0.2 0     0.0 0   -49.8 0   -49.8 0   -15.4 0    77.4 0     1.7 0   232.2 0   828.7 0
 2019   2  1  2  0 26  0.433  97.57    -0.5 0    -1.0 0     0.9 0     0.0 0   178.3 0   258.95 0   258.62 0   227.1 0   258.85 0   258.78 0     0.0 0     0.2 0     0.0 0   -48.7 0   -48.7 0   -15.4 0    77.0 0     1.7 0   230.1 0   828.7 0
 2019   2  1  2  0 27  0.450  97.74    -0.5 0    -1.0 0     0.9 0     0.0 0   178.3 0   258.93 0   258.61 0   226.7 0   258.84 0   258.77 0     0.0 0     0.2 0     0.0 0   -48.4 0   -48.4 0   -15.4 0    76.7 0     1.6 0   232.1 0   828.7 0
 2019   2  1  2  0 28  0.467  97.92    -0.5 0    -1.0 0     0.9 0     0.0 0   178.5 0   258.92 0   258.64 0   226.9 0   258.83 0   258.75 0     0.0 0     0.2 0     0.0 0   -48.4 0   -48.4 0   -15.4 0    76.5 0     1.6 0   236.9 0   828.7 0
 2019   2  1  2  0 29  0.483  98.09    -0.5 0    -1.0 0     0.9 0     0.0 0   178.6 0   258.92 0   258.67 0   227.4 0   258.81 0   258.73 0     0.0 0     0.2 0     0.0 0   -48.8 0   -48.8 0   -15.3 0    76.4 0     1.7 0   249.7 0   828.7 0
 2019   2  1  2  0 30  0.500  98.27    -0.5 0    -1.0 0     0.9 0     0.0 0   178.7 0   258.92 0   258.67 0   227.3 0   258.79 0   258.72 0     0.0 0     0.2 0     0.0 0   -48.6 0   -48.6 0   -15.3 0    76.4 0     1.9 0   251.4 0   828.7 0
 2019   2  1  2  0 31  0.517  98.45    -0.2 0    -1.0 0     0.9 0     0.0 0   178.7 0   258.94 0   258.67 0   227.4 0   258.78 0   258.70 0     0.0 0     0.2 0     0.0 0   -48.7 0   -48.7 0   -15.3 0    76.7 0     2.0 0   256.7 0   828.7 0
 2019   2  1  2  0 32  0.533  98.62     0.0 0    -0.8 0     0.9 0     0.0 0   178.0 0   258.93 0   258.52 0   227.3 0   258.77 0   258.67 0     0.0 0     0.2 0     0.0 0   -49.3 0   -49.3 0   -15.7 0    77.3 0     1.9 0   258.0 0   828.6 0
 2019   2  1  2  0 33  0.550  98.80     0.0 0    -0.7 0     0.9 0     0.0 0   177.8 0   258.86 0   258.39 0   226.2 0   258.74 0   258.67 0     0.0 0     0.2 0     0.0 0   -48.4 0   -48.4 0   -16.2 0    77.9 0     1.9 0   255.3 0   828.7 0
 2019   2  1  2  0 34  0.567  98.97     0.0 0    -0.7 0     1.1 0     0.0 0   177.4 0   258.75 0   258.23 0   225.8 0   258.72 0   258.64 0     0.0 0     0.2 0     0.0 0   -48.3 0   -48.3 0   -16.6 0    78.4 0     2.0 0   261.8 0   828.7 0
 2019   2  1  2  0 35  0.583  99.15     0.4 0    -0.7 0     1.3 0     0.0 0   176.9 0   258.63 0   258.04 0   226.6 0   258.70 0   258.62 0     0.0 0     0.2 0     0.0 0   -49.7 0   -49.7 0   -16.9 0    78.7 0     2.3 0   272.5 0   828.7 0
 2019   2  1  2  0 36  0.600  99.33     0.5 0    -0.7 0     1.3 0     0.0 0   176.5 0   258.48 0   257.83 0   227.8 0   258.67 0   258.60 0     0.0 0     0.2 0     0.0 0   -51.3 0   -51.3 0   -17.3 0    78.9 0     2.6 0   281.2 0   828.8 0
 2019   2  1  2  0 37  0.617  99.50     0.5 0    -0.7 0     1.1 0     0.0 0   176.6 0   258.30 0   257.63 0   228.9 0   258.66 0   258.57 0     0.0 0     0.2 0     0.0 0   -52.2 0   -52.2 0   -17.6 0    79.6 0     2.5 0   279.8 0   828.7 0
 2019   2  1  2  0 38  0.633  99.68     0.1 0    -0.7 0     0.9 0     0.0 0   177.0 0   258.14 0   257.59 0   229.0 0   258.64 0   258.55 0     0.0 0     0.2 0     0.0 0   -52.1 0   -52.1 0   -17.7 0    79.8 0     2.5 0   280.8 0   828.7 0
 2019   2  1  2  0 39  0.650  99.86     0.0 0    -0.7 0     0.9 0     0.0 0   176.7 0   258.00 0   257.43 0   228.8 0   258.61 0   258.55 0     0.0 0     0.2 0     0.0 0   -52.1 0   -52.1 0   -17.7 0    79.8 0     2.3 0   278.1 0   828.6 0
 2019   2  1  2  0 40  0.667 100.04     0.1 0    -0.7 0     0.9 0     0.0 0   177.0 0   257.86 0   257.30 0   228.2 0   258.61 0   258.53 0     0.0 0     0.2 0     0.0 0   -51.2 0   -51.2 0   -17.8 0    79.3 0     2.1 0   282.5 0   828.6 0
 2019   2  1  2  0 41  0.683 100.21     0.0 0    -0.7 0     0.9 0     0.0 0   176.9 0   257.73 0   257.20 0   227.4 0   258.59 0   258.50 0     0.0 0     0.2 0     0.0 0   -50.5 0   -50.5 0   -17.8 0    79.2 0     2.4 0   287.3 0   828.6 0
 2019   2  1  2  0 42  0.700 100.39     0.0 0    -0.4 0     0.9 0     0.0 0   176.6 0   257.60 0   257.08 0   226.6 0   258.56 0   258.48 0     0.0 0     0.2 0     0.0 0   -50.0 0   -50.0 0   -17.8 0    79.6 0     2.9 0   291.6 0   828.6 0
 2019   2  1  2  0 43  0.717 100.57     0.0 0    -0.3 0     0.9 0     0.0 0   176.6 0   257.49 0   256.97 0   226.8 0   258.55 0   258.46 0     0.0 0     0.2 0     0.0 0   -50.2 0   -50.2 0   -17.9 0    79.8 0     2.7 0   295.9 0   828.6 0
 2019   2  1  2  0 44  0.733 100.75     0.0 0    -0.5 0     0.9 0     0.0 0   176.5 0   257.37 0   256.83 0   227.0 0   258.52 0   258.44 0     0.0 0     0.2 0     0.0 0   -50.5 0   -50.5 0   -18.0 0    80.1 0     2.0 0   300.6 0   828.6 0
 2019   2  1  2  0 45  0.750 100.93     0.0 0    -0.7 0     0.9 0     0.0 0   176.6 0   257.24 0   256.65 0   225.9 0   258.49 0   258.42 0     0.0 0     0.2 0     0.0 0   -49.3 0   -49.3 0   -18.1 0    80.0 0     1.7 0   303.0 0   828.5 0
 2019   2  1  2  0 46  0.767 101.10     0.0 0    -0.7 0     0.9 0     0.0 0   177.1 0   257.11 0   256.60 0   225.2 0   258.48 0   258.40 0     0.0 0     0.2 0     0.0 0   -48.1 0   -48.1 0   -18.2 0    79.7 0     1.9 0   303.6 0   828.5 0
 2019   2  1  2  0 47  0.783 101.28     0.0 0    -1.0 0     0.9 0     0.0 0   177.2 0   257.00 0   256.53 0   226.3 0   258.46 0   258.37 0     0.0 0     0.2 0     0.0 0   -49.2 0   -49.2 0   -18.2 0    80.0 0     1.8 0   298.4 0   828.6 0
 2019   2  1  2  0 48  0.800 101.46     0.0 0    -1.0 0     0.9 0     0.0 0   177.1 0   256.90 0   256.40 0   227.0 0   258.43 0   258.37 0     0.0 0     0.2 0     0.0 0   -49.9 0   -49.9 0   -18.3 0    79.7 0     1.9 0   292.6 0   828.6 0
 2019   2  1  2  0 49  0.817 101.64     0.0 0    -1.0 0     0.9 0     0.0 0   177.6 0   256.80 0   256.41 0   227.8 0   258.43 0   258.37 0     0.0 0     0.2 0     0.0 0   -50.2 0   -50.2 0   -18.3 0    78.9 0     2.0 0   287.9 0   828.6 0
 2019   2  1  2  0 50  0.833 101.82     0.0 0    -1.0 0     0.8 0     0.0 0   177.6 0   256.74 0   256.37 0   228.6 0   258.43 0   258.36 0     0.0 0     0.2 0     0.0 0   -51.0 0   -51.0 0   -18.2 0    78.5 0     2.3 0   295.6 0   828.6 0
 2019   2  1  2  0 51  0.850 102.00    -0.3 0    -1.0 0     0.5 0     0.0 0   177.3 0   256.69 0   256.31 0   229.3 0   258.43 0   258.34 0     0.0 0     0.2 0     0.0 0   -52.0 0   -52.0 0   -18.1 0    78.4 0     2.7 0   303.6 0   828.7 0
 2019   2  1  2  0 52  0.867 102.18    -0.5 0    -1.0 0     0.4 0     0.0 0   177.1 0   256.64 0   256.23 0   229.5 0   258.41 0   258.34 0     0.0 0     0.2 0     0.0 0   -52.3 0   -52.3 0   -18.1 0    78.5 0     3.1 0   306.2 0   828.7 0
 2019   2  1  2  0 53  0.883 102.36    -0.5 0    -1.0 0     0.4 0     0.0 0   177.3 0   256.58 0   256.19 0   228.8 0   258.40 0   258.34 0     0.0 0     0.2 0     0.0 0   -51.6 0   -51.6 0   -18.2 0    78.7 0     2.7 0   304.6 0   828.7 0
 2019   2  1  2  0 54  0.900 102.54    -0.5 0    -1.0 0     0.4 0     0.0 0   177.9 0   256.53 0   256.19 0   227.8 0   258.40 0   258.34 0     0.0 0     0.2 0     0.0 0   -49.9 0   -49.9 0   -18.1 0    78.6 0     2.0 0   303.7 0   828.6 0
 2019   2  1  2  0 55  0.917 102.72    -0.5 0    -1.0 0     0.4 0     0.0 0   178.3 0   256.50 0   256.25 0   226.7 0   258.40 0   258.32 0     0.0 0     0.2 0     0.0 0   -48.4 0   -48.4 0   -18.1 0    78.4 0     1.7 0   302.5 0   828.6 0
 2019   2  1  2  0 56  0.933 102.90    -0.8 0    -1.0 0     0.4 0     0.0 0   178.3 0   256.49 0   256.30 0   226.2 0   258.39 0   258.31 0     0.0 0     0.2 0     0.0 0   -47.9 0   -47.9 0   -17.9 0    78.2 0     1.9 0   303.1 0   828.6 0
 2019   2  1  2  0 57  0.950 103.08    -0.9 0    -1.0 0     0.4 0     0.0 0   178.1 0   256.52 0   256.31 0   226.2 0   258.38 0   258.31 0     0.0 0     0.2 0     0.0 0   -48.2 0   -48.2 0   -17.8 0    77.9 0     2.1 0   307.3 0   828.6 0
 2019   2  1  2  0 58  0.967 103.26    -0.9 0    -1.0 0     0.4 0     0.0 0   177.9 0   256.55 0   256.27 0   226.6 0   258.37 0   258.31 0     0.0 0     0.2 0     0.0 0   -48.7 0   -48.7 0   -17.8 0    77.8 0     2.2 0   310.6 0   828.6 0
 2019   2  1  2  0 59  0.983 103.44    -0.9 0    -1.0 0     0.4 0     0.0 0   177.8 0   256.54 0   256.21 0   226.8 0   258.37 0   258.31 0     0.0 0     0.2 0     0.0 0   -49.0 0   -49.0 0   -17.8 0    77.9 0     2.0 0   315.2 0   828.7 0
 2019   2  1  2  1  0  1.000 103.62    -0.9 0    -1.0 0     0.4 0     0.0 0   177.7 0   256.52 0   256.24 0   226.5 0   258.37 0   258.31 0     0.0 0     0.2 0     0.0 0   -48.8 0   -48.8 0   -17.9 0    77.9 0     2.2 0   315.0 0   828.7 0
 2019   2  1  2  1  1  1.017 103.80    -0.9 0    -1.0 0     0.4 0     0.0 0   177.8 0   256.52 0   256.23 0   226.7 0   258.37 0   258.31 0     0.0 0     0.2 0     0.0 0   -48.8 0   -48.8 0   -17.9 0    78.1 0     2.4 0   316.4 0   828.8 0
 2019   2  1  2  1  2  1.033 103.98    -0.9 0    -1.0 0     0.4 0     0.0 0   177.6 0   256.50 0   256.20 0   227.3 0   258.37 0   258.32 0     0.0 0     0.2 0     0.0 0   -49.8 0   -49.8 0   -17.9 0    78.3 0     2.4 0   323.0 0   828.8 0
 2019   2  1  2  1  3  1.050 104.17    -0.9 0    -1.0 0     0.4 0     0.0 0   177.6 0   256.49 0   256.17 0   227.8 0   258.37 0   258.34 0     0.0 0     0.2 0     0.0 0   -50.2 0   -50.2 0   -17.9 0    78.0 0     2.7 0   325.5 0   828.8 0
 2019   2  1  2  1  4  1.067 104.35    -0.9 0    -1.0 0     0.4 0     0.0 0   177.6 0   256.47 0   256.16 0   228.3 0   258.38 0   258.35 0     0.0 0     0.2 0     0.0 0   -50.7 0   -50.7 0   -17.9 0    78.0 0     2.9 0   327.0 0   828.8 0
 2019   2  1  2  1  5  1.083 104.53    -0.9 0    -1.0 0     0.4 0     0.0 0   177.7 0   256.46 0   256.16 0   228.3 0   258.39 0   258.37 0     0.0 0     0.2 0     0.0 0   -50.6 0   -50.6 0   -17.9 0    77.9 0     2.7 0   331.0 0   828.9 0
 2019   2  1  2  1  6  1.100 104.71    -0.9 0    -1.0 0     0.4 0     0.0 0   177.5 0   256.44 0   256.16 0   227.9 0   258.41 0   258.37 0     0.0 0     0.2 0     0.0 0   -50.4 0   -50.4 0   -17.8 0    77.7 0     2.6 0   330.8 0   828.9 0
 2019   2  1  2  1  7  1.117 104.89    -0.9 0    -1.0 0     0.4 0     0.0 0   177.3 0   256.43 0   256.14 0   227.7 0   258.42 0   258.38 0     0.0 0     0.2 0     0.0 0   -50.4 0   -50.4 0   -17.8 0    77.8 0     2.7 0   329.8 0   828.9 0
 2019   2  1  2  1  8  1.133 105.08    -0.9 0    -1.0 0     0.4 0     0.0 0   177.7 0   256.43 0   256.18 0   227.3 0   258.42 0   258.39 0     0.0 0     0.2 0     0.0 0   -49.6 0   -49.6 0   -17.8 0    77.9 0     2.6 0   330.8 0   828.9 0
 2019   2  1  2  1  9  1.150 105.26    -1.2 0    -0.9 0     0.4 0     0.0 0   177.8 0   256.44 0   256.25 0   227.1 0   258.42 0   258.39 0     0.0 0     0.2 0     0.0 0   -49.2 0   -49.2 0   -17.6 0    78.1 0     2.3 0   331.6 0   828.9 0
 2019   2  1  2  1 10  1.167 105.44    -1.6 0    -0.9 0     0.4 0     0.0 0   178.5 0   256.49 0   256.40 0   226.9 0   258.44 0   258.39 0     0.0 0     0.2 0     0.0 0   -48.4 0   -48.4 0   -17.3 0    77.9 0     2.1 0   335.1 0   828.9 0
 2019   2  1  2  1 11  1.183 105.62    -1.8 0    -1.0 0     0.4 0     0.0 0   179.1 0   256.58 0   256.60 0   226.0 0   258.45 0   258.39 0     0.0 0     0.2 0     0.0 0   -46.9 0   -46.9 0   -16.7 0    77.8 0     2.0 0   340.9 0   829.0 0
 2019   2  1  2  1 12  1.200 105.81    -2.1 0    -1.0 0     0.4 0     0.0 0   179.4 0   256.71 0   256.78 0   225.4 0   258.45 0   258.39 0     0.0 0     0.2 0     0.0 0   -46.1 0   -46.1 0   -16.2 0    77.9 0     2.2 0   347.9 0   829.0 0
 2019   2  1  2  1 13  1.217 105.99    -2.3 0    -1.0 0     0.4 0     0.0 0   179.2 0   256.86 0   256.93 0   225.1 0   258.45 0   258.39 0     0.0 0     0.2 0     0.0 0   -45.9 0   -45.9 0   -15.8 0    77.7 0     2.3 0   351.1 0   829.0 0
 2019   2  1  2  1 14  1.233 106.17    -2.3 0    -1.0 0     0.4 0     0.0 0   179.2 0   257.01 0   257.07 0   224.8 0   258.45 0   258.41 0     0.0 0     0.2 0     0.0 0   -45.6 0   -45.6 0   -15.6 0    77.5 0     2.1 0   349.4 0   829.1 0
 2019   2  1  2  1 15  1.250 106.35    -2.3 0    -0.7 0     0.4 0     0.0 0   178.8 0   257.16 0   257.16 0   224.8 0   258.45 0   258.42 0     0.0 0     0.2 0     0.0 0   -46.0 0   -46.0 0   -15.4 0    77.5 0     1.8 0   348.9 0   829.1 0
 2019   2  1  2  1 16  1.267 106.54    -2.5 0    -0.7 0     0.4 0     0.0 0   178.9 0   257.29 0   257.28 0   224.6 0   258.46 0   258.39 0     0.0 0     0.2 0     0.0 0   -45.7 0   -45.7 0   -15.4 0    77.6 0     1.5 0   350.7 0   829.2 0
 2019   2  1  2  1 17  1.283 106.72    -2.7 0    -0.4 0     0.4 0     0.0 0   179.0 0   257.41 0   257.40 0   223.7 0   258.45 0   258.39 0     0.0 0     0.2 0     0.0 0   -44.7 0   -44.7 0   -15.4 0    77.6 0     1.4 0   357.8 0   829.1 0
 2019   2  1  2  1 18  1.300 106.90    -2.7 0    -0.4 0     0.4 0     0.0 0   179.1 0   257.54 0   257.55 0   223.5 0   258.44 0   258.37 0     0.0 0     0.2 0     0.0 0   -44.4 0   -44.4 0   -15.2 0    77.6 0     1.5 0     0.3 0   829.1 0
 2019   2  1  2  1 19  1.317 107.09    -2.7 0    -0.7 0     0.4 0     0.0 0   178.9 0   257.66 0   257.62 0   223.5 0   258.44 0   258.36 0     0.0 0     0.2 0     0.0 0   -44.6 0   -44.6 0   -15.1 0    77.4 0     1.3 0     8.4 0   829.1 0
 2019   2  1  2  1 20  1.333 107.27    -2.7 0    -0.5 0     0.4 0     0.0 0   178.7 0   257.76 0   257.67 0   223.2 0   258.42 0   258.36 0     0.0 0     0.2 0     0.0 0   -44.5 0   -44.5 0   -15.2 0    77.3 0     0.9 0    16.8 0   829.1 0
 2019   2  1  2  1 21  1.350 107.46    -2.5 0    -0.3 0     0.4 0     0.0 0   178.6 0   257.84 0   257.66 0   223.6 0   258.41 0   258.35 0     0.0 0     0.2 0     0.0 0   -45.0 0   -45.0 0   -15.3 0    77.2 0     0.5 0   342.2 0   829.1 0
 2019   2  1  2  1 22  1.367 107.64    -2.3 0    -0.3 0     0.4 0     0.0 0   178.7 0   257.89 0   257.70 0   224.6 0   258.41 0   258.34 0     0.0 0     0.2 0     0.0 0   -45.9 0   -45.9 0   -15.5 0    77.1 0     0.5 0   337.3 0   829.1 0
 2019   2  1  2  1 23  1.383 107.82    -2.3 0    -0.4 0     0.4 0     0.0 0   178.8 0   257.93 0   257.74 0   224.8 0   258.38 0   258.30 0     0.0 0     0.2 0     0.0 0   -46.0 0   -46.0 0   -15.7 0    77.1 0     0.5 0   329.6 0   829.1 0
 2019   2  1  2  1 24  1.400 108.01    -2.3 0    -0.7 0     0.4 0     0.0 0   178.7 0   257.97 0   257.79 0   224.7 0   258.36 0   258.30 0     0.0 0     0.2 0     0.0 0   -46.0 0   -46.0 0   -15.7 0    77.1 0     0.5 0   327.0 0   829.1 0
 2019   2  1  2  1 25  1.417 108.19    -2.3 0    -1.0 0     0.4 0     0.0 0   178.7 0   258.02 0   257.85 0   224.8 0   258.35 0   258.29 0     0.0 0     0.2 0     0.0 0   -46.0 0   -46.0 0   -15.7 0    77.1 0     0.7 0   316.2 0   829.1 0
 2019   2  1  2  1 26  1.433 108.38    -2.3 0    -1.0 0     0.4 0     0.0 0   179.0 0   258.07 0   257.93 0   224.9 0   258.33 0   258.26 0     0.0 0     0.2 0     0.0 0   -45.8 0   -45.8 0   -15.7 0    77.1 0     0.3 0   309.5 0   829.1 0
 2019   2  1  2  1 27  1.450 108.56    -2.3 0    -1.0 0     0.4 0     0.0 0   179.2 0   258.14 0   258.00 0   224.7 0   258.31 0   258.24 0     0.0 0     0.2 0     0.0 0   -45.5 0   -45.5 0   -15.5 0    77.0 0     0.1 0   299.1 0   829.1 0
 2019   2  1  2  1 28  1.467 108.75    -2.3 0    -1.0 0     0.4 0     0.0 0   179.4 0   258.20 0   258.09 0   224.5 0   258.29 0   258.23 0     0.0 0     0.2 0     0.0 0   -45.0 0   -45.0 0   -15.4 0    76.9 0     0.0 0   265.6 0   829.1 0
 2019   2  1  2  1 29  1.483 108.93    -2.3 0    -1.0 0     0.4 0     0.0 0   179.5 0   258.28 0   258.20 0   224.9 0   258.28 0   258.22 0     0.0 0     0.2 0     0.0 0   -45.4 0   -45.4 0   -15.3 0    76.9 0     0.3 0   258.0 0   829.1 0
 2019   2  1  2  1 30  1.500 109.12    -2.1 0    -1.0 0     0.4 0     0.0 0   179.6 0   258.38 0   258.28 0   225.1 0   258.27 0   258.21 0     0.0 0     0.2 0     0.0 0   -45.5 0   -45.5 0   -15.1 0    77.2 0     0.3 0   251.3 0   829.1 0
 2019   2  1  2  1 31  1.517 109.30    -1.8 0    -1.0 0     0.4 0     0.0 0   179.3 0   258.47 0   258.33 0   225.4 0   258.25 0   258.19 0     0.0 0     0.2 0     0.0 0   -46.2 0   -46.2 0   -15.0 0    77.2 0     0.3 0   279.2 0   829.1 0
 2019   2  1  2  1 32  1.533 109.49    -1.8 0    -1.0 0     0.4 0     0.0 0   179.2 0   258.53 0   258.40 0   225.7 0   258.24 0   258.18 0     0.0 0     0.2 0     0.0 0   -46.6 0   -46.6 0   -15.1 0    77.1 0     0.8 0   294.5 0   829.2 0
 2019   2  1  2  1 33  1.550 109.67    -1.8 0    -1.0 0     0.4 0     0.0 0   179.4 0   258.60 0   258.47 0   225.9 0   258.24 0   258.18 0     0.0 0     0.2 0     0.0 0   -46.4 0   -46.4 0   -15.0 0    77.0 0     0.9 0   282.4 0   829.2 0
 2019   2  1  2  1 34  1.567 109.86    -1.8 0    -1.0 0     0.4 0     0.0 0   179.4 0   258.67 0   258.52 0   225.4 0   258.22 0   258.16 0     0.0 0     0.2 0     0.0 0   -46.0 0   -46.0 0   -15.0 0    77.0 0     0.7 0   275.0 0   829.2 0
 2019   2  1  2  1 35  1.583 110.04    -1.8 0    -1.0 0     0.4 0     0.0 0   179.3 0   258.73 0   258.55 0   225.0 0   258.21 0   258.14 0     0.0 0     0.2 0     0.0 0   -45.6 0   -45.6 0   -15.0 0    76.9 0     0.3 0   264.9 0   829.2 0
 2019   2  1  2  1 36  1.600 110.23    -1.9 0    -1.0 0     0.4 0     0.0 0   179.2 0   258.78 0   258.60 0   224.3 0   258.19 0   258.12 0     0.0 0     0.2 0     0.0 0   -45.1 0   -45.1 0   -14.9 0    76.9 0     0.3 0   265.3 0   829.2 0
 2019   2  1  2  1 37  1.617 110.42    -2.0 0    -1.0 0     0.4 0     0.0 0   179.4 0   258.83 0   258.65 0   224.6 0   258.18 0   258.12 0     0.0 0     0.2 0     0.0 0   -45.2 0   -45.2 0   -14.9 0    77.0 0     0.6 0   253.4 0   829.2 0
 2019   2  1  2  1 38  1.633 110.60    -2.0 0    -1.0 0     0.4 0     0.0 0   179.4 0   258.87 0   258.70 0   225.5 0   258.18 0   258.11 0     0.0 0     0.2 0     0.0 0   -46.1 0   -46.1 0   -14.8 0    77.0 0     0.9 0   253.9 0   829.2 0
 2019   2  1  2  1 39  1.650 110.79    -1.9 0    -1.0 0     0.4 0     0.0 0   179.4 0   258.92 0   258.74 0   225.4 0   258.16 0   258.09 0     0.0 0     0.2 0     0.0 0   -46.0 0   -46.0 0   -14.8 0    76.8 0     1.0 0   242.4 0   829.1 0
 2019   2  1  2  1 40  1.667 110.97    -1.8 0    -1.0 0     0.4 0     0.0 0   179.8 0   258.97 0   258.78 0   225.1 0   258.15 0   258.07 0     0.0 0     0.2 0     0.0 0   -45.3 0   -45.3 0   -14.8 0    76.9 0     1.2 0   220.1 0   829.1 0
 2019   2  1  2  1 41  1.683 111.16    -1.8 0    -1.0 0     0.4 0     0.0 0   179.7 0   259.02 0   258.85 0   224.8 0   258.15 0   258.07 0     0.0 0     0.2 0     0.0 0   -45.1 0   -45.1 0   -14.7 0    76.8 0     1.3 0   218.6 0   829.1 0
 2019   2  1  2  1 42  1.700 111.35    -1.8 0    -1.0 0     0.4 0     0.0 0   179.7 0   259.07 0   258.87 0   225.0 0   258.15 0   258.06 0     0.0 0     0.2 0     0.0 0   -45.3 0   -45.3 0   -14.6 0    76.7 0     1.1 0   227.7 0   829.1 0
 2019   2  1  2  1 43  1.717 111.53    -1.8 0    -1.0 0     0.4 0     0.0 0   179.4 0   259.11 0   258.90 0   225.2 0   258.14 0   258.06 0     0.0 0     0.2 0     0.0 0   -45.8 0   -45.8 0   -14.6 0    76.5 0     1.0 0   238.7 0   829.2 0
 2019   2  1  2  1 44  1.733 111.72    -1.7 0    -1.0 0     0.4 0     0.0 0   179.5 0   259.15 0   258.92 0   225.1 0   258.13 0   258.06 0     0.0 0     0.2 0     0.0 0   -45.7 0   -45.7 0   -14.6 0    76.3 0     0.9 0   245.8 0   829.2 0
 2019   2  1  2  1 45  1.750 111.91    -1.4 0    -1.0 0     0.4 0     0.0 0   179.3 0   259.17 0   258.92 0   224.9 0   258.12 0   258.06 0     0.0 0     0.2 0     0.0 0   -45.6 0   -45.6 0   -14.6 0    76.3 0     0.9 0   242.1 0   829.2 0
 2019   2  1  2  1 46  1.767 112.09    -1.4 0    -1.0 0     0.4 0     0.0 0   179.5 0   259.20 0   258.95 0   224.8 0   258.12 0   258.05 0     0.0 0     0.2 0     0.0 0   -45.3 0   -45.3 0   -14.7 0    76.3 0     0.9 0   234.6 0   829.2 0
 2019   2  1  2  1 47  1.783 112.28    -1.4 0    -1.0 0     0.4 0     0.0 0   179.4 0   259.21 0   258.98 0   225.1 0   258.12 0   258.03 0     0.0 0     0.2 0     0.0 0   -45.7 0   -45.7 0   -14.7 0    76.4 0     0.8 0   230.0 0   829.2 0
 2019   2  1  2  1 48  1.800 112.47    -1.4 0    -1.0 0     0.4 0     0.0 0   179.7 0   259.23 0   259.00 0   225.2 0   258.11 0   258.03 0     0.0 0     0.2 0     0.0 0   -45.5 0   -45.5 0   -14.7 0    76.4 0     0.9 0   237.1 0   829.1 0
 2019   2  1  2  1 49  1.817 112.65    -1.4 0    -1.0 0     0.4 0     0.0 0   179.5 0   259.26 0   259.03 0   225.3 0   258.09 0   258.03 0     0.0 0     0.2 0     0.0 0   -45.8 0   -45.8 0   -14.7 0    76.3 0     0.9 0   254.5 0   829.1 0
 2019   2  1  2  1 50  1.833 112.84    -1.4 0    -1.0 0     0.4 0     0.0 0   179.6 0   259.28 0   259.04 0   225.4 0   258.09 0   258.03 0     0.0 0     0.2 0     0.0 0   -45.8 0   -45.8 0   -14.7 0    76.2 0     0.9 0   260.8 0   829.1 0
 2019   2  1  2  1 51  1.850 113.03    -1.4 0    -1.0 0     0.4 0     0.0 0   179.8 0   259.31 0   259.07 0   225.0 0   258.09 0   258.02 0     0.0 0     0.2 0     0.0 0   -45.3 0   -45.3 0   -14.7 0    76.3 0     0.8 0   254.9 0   829.1 0
 2019   2  1  2  1 52  1.867 113.22    -1.7 0    -1.0 0     0.4 0     0.0 0   179.6 0   259.32 0   259.08 0   224.5 0   258.08 0   258.00 0     0.0 0     0.2 0     0.0 0   -44.9 0   -44.9 0   -14.7 0    76.4 0     0.8 0   245.8 0   829.1 0
 2019   2  1  2  1 53  1.883 113.40    -1.8 0    -1.0 0     0.4 0     0.0 0   179.6 0   259.33 0   259.09 0   224.0 0   258.06 0   258.00 0     0.0 0     0.2 0     0.0 0   -44.4 0   -44.4 0   -14.7 0    76.5 0     0.9 0   237.5 0   829.1 0
 2019   2  1  2  1 54  1.900 113.59    -1.8 0    -1.0 0     0.5 0     0.0 0   179.5 0   259.35 0   259.09 0   224.5 0   258.06 0   258.00 0     0.0 0     0.2 0     0.0 0   -45.0 0   -45.0 0   -14.7 0    76.5 0     1.1 0   237.6 0   829.1 0
 2019   2  1  2  1 55  1.917 113.78    -1.8 0    -1.0 0     0.5 0     0.0 0   179.8 0   259.36 0   259.11 0   224.9 0   258.06 0   258.00 0     0.0 0     0.2 0     0.0 0   -45.1 0   -45.1 0   -14.7 0    76.5 0     1.1 0   240.4 0   829.1 0
 2019   2  1  2  1 56  1.933 113.97    -1.8 0    -1.0 0     0.4 0     0.0 0   179.6 0   259.38 0   259.15 0   224.8 0   258.06 0   258.00 0     0.0 0     0.2 0     0.0 0   -45.2 0   -45.2 0   -14.7 0    76.4 0     1.1 0   239.1 0   829.1 0
 2019   2  1  2  1 57  1.950 114.15    -1.6 0    -1.0 0     0.4 0     0.0 0   179.4 0   259.39 0   259.11 0   225.0 0   258.06 0   258.00 0     0.0 0     0.2 0     0.0 0   -45.6 0   -45.6 0   -14.7 0    76.4 0     1.2 0   238.2 0   829.1 0
 2019   2  1  2  1 58  1.967 114.34    -1.2 0    -1.0 0     0.6 0     0.0 0   179.5 0   259.38 0   259.12 0   225.3 0   258.06 0   258.00 0     0.0 0     0.2 0     0.0 0   -45.8 0   -45.8 0   -14.9 0    76.3 0     1.2 0   243.3 0   829.1 0
 2019   2  1  2  1 59  1.983 114.53    -0.7 0    -1.0 0     0.8 0     0.0 0   179.4 0   259.38 0   259.12 0   225.8 0   258.06 0   257.98 0     0.0 0     0.2 0     0.0 0   -46.3 0   -46.3 0   -15.0 0    76.2 0     1.1 0   246.1 0   829.1 0
 2019   2  1  2  2  0  2.000 114.72    -0.5 0    -1.0 0     0.8 0     0.0 0   179.4 0   259.38 0   259.10 0   225.6 0   258.06 0   257.98 0     0.0 0     0.2 0     0.0 0   -46.2 0   -46.2 0   -15.1 0    76.1 0     1.1 0   237.4 0   829.1 0
 2019   2  1  2  2  1  2.017 114.91    -0.5 0    -1.0 0     0.9 0     0.0 0   179.3 0   259.38 0   259.09 0   225.2 0   258.06 0   257.98 0     0.0 0     0.2 0     0.0 0   -46.0 0   -46.0 0   -15.1 0    76.1 0     1.1 0   235.7 0   829.2 0
 2019   2  1  2  2  2  2.033 115.10    -0.6 0    -1.0 0     0.8 0     0.0 0   179.6 0   259.38 0   259.09 0   225.0 0   258.06 0   257.98 0     0.0 0     0.2 0     0.0 0   -45.4 0   -45.4 0   -15.1 0    76.0 0     1.0 0   229.5 0   829.2 0
 2019   2  1  2  2  3  2.050 115.28    -0.9 0    -1.0 0     0.6 0     0.0 0   179.6 0   259.38 0   259.12 0   224.9 0   258.06 0   257.98 0     0.0 0     0.2 0     0.0 0   -45.3 0   -45.3 0   -15.0 0    76.0 0     1.0 0   227.9 0   829.2 0
 2019   2  1  2  2  4  2.067 115.47    -0.9 0    -1.2 0     0.5 0     0.0 0   179.7 0   259.39 0   259.15 0   224.7 0   258.06 0   257.98 0     0.0 0     0.2 0     0.0 0   -45.0 0   -45.0 0   -14.9 0    76.0 0     1.0 0   220.7 0   829.2 0
 2019   2  1  2  2  5  2.083 115.66    -0.9 0    -1.1 0     0.4 0     0.0 0   179.9 0   259.41 0   259.17 0   224.3 0   258.06 0   257.97 0     0.0 0     0.2 0     0.0 0   -44.4 0   -44.4 0   -14.7 0    75.9 0     0.9 0   224.3 0   829.2 0
 2019   2  1  2  2  6  2.100 115.85    -0.9 0    -1.1 0     0.4 0     0.0 0   179.7 0   259.43 0   259.18 0   224.3 0   258.05 0   257.96 0     0.0 0     0.2 0     0.0 0   -44.6 0   -44.6 0   -14.6 0    75.9 0     0.9 0   229.8 0   829.2 0
 2019   2  1  2  2  7  2.117 116.04    -0.6 0    -1.2 0     0.4 0     0.0 0   179.2 0   259.44 0   259.17 0   224.5 0   258.03 0   257.95 0     0.0 0     0.2 0     0.0 0   -45.3 0   -45.3 0   -14.6 0    75.9 0     0.9 0   232.5 0   829.2 0
 2019   2  1  2  2  8  2.133 116.23    -0.1 0    -1.1 0     0.4 0     0.0 0   178.8 0   259.44 0   259.07 0   225.2 0   258.03 0   257.95 0     0.0 0     0.2 0     0.0 0   -46.4 0   -46.4 0   -14.8 0    75.7 0     0.8 0   244.1 0   829.2 0
 2019   2  1  2  2  9  2.150 116.42     0.0 0    -1.0 0     0.5 0     0.0 0   178.6 0   259.39 0   258.91 0   225.1 0   258.01 0   257.95 0     0.0 0     0.2 0     0.0 0   -46.5 0   -46.5 0   -15.4 0    75.3 0     0.7 0   270.5 0   829.2 0
 2019   2  1  2  2 10  2.167 116.60    -0.1 0    -1.0 0     0.4 0     0.0 0   178.9 0   259.32 0   258.88 0   224.2 0   258.00 0   257.95 0     0.0 0     0.2 0     0.0 0   -45.3 0   -45.3 0   -15.7 0    76.1 0     0.6 0   277.9 0   829.2 0
 2019   2  1  2  2 11  2.183 116.79    -0.5 0    -1.0 0     0.4 0     0.0 0   179.0 0   259.25 0   258.87 0   223.8 0   258.00 0   257.95 0     0.0 0     0.2 0     0.0 0   -44.8 0   -44.8 0   -15.7 0    76.9 0     0.3 0   288.0 0   829.2 0
 2019   2  1  2  2 12  2.200 116.98    -0.5 0    -1.0 0     0.4 0     0.0 0   178.6 0   259.21 0   258.78 0   223.6 0   257.99 0   257.94 0     0.0 0     0.2 0     0.0 0   -44.9 0   -44.9 0   -15.7 0    77.3 0     0.8 0   309.3 0   829.2 0
 2019   2  1  2  2 13  2.217 117.17    -0.2 0    -1.0 0     0.4 0     0.0 0   178.5 0   259.14 0   258.66 0   224.3 0   257.98 0   257.92 0     0.0 0     0.2 0     0.0 0   -45.8 0   -45.8 0   -15.9 0    77.7 0     1.0 0   313.1 0   829.2 0
 2019   2  1  2  2 14  2.233 117.36    -0.3 0    -1.0 0     0.4 0     0.0 0   178.6 0   259.05 0   258.58 0   224.9 0   257.97 0   257.92 0     0.0 0     0.2 0     0.0 0   -46.3 0   -46.3 0   -16.2 0    78.1 0     0.8 0   320.0 0   829.2 0
 2019   2  1  2  2 15  2.250 117.55    -0.5 0    -1.0 0     0.4 0     0.0 0   178.4 0   258.97 0   258.49 0   224.7 0   257.96 0   257.92 0     0.0 0     0.2 0     0.0 0   -46.3 0   -46.3 0   -16.3 0    78.2 0     1.3 0   314.5 0   829.2 0
 2019   2  1  2  2 16  2.267 117.74    -0.1 0    -1.0 0     0.4 0     0.0 0   178.1 0   258.87 0   258.33 0   225.1 0   257.95 0   257.92 0     0.0 0     0.2 0     0.0 0   -47.0 0   -47.0 0   -16.5 0    78.4 0     1.7 0   305.7 0   829.2 0
 2019   2  1  2  2 17  2.283 117.93     0.0 0    -1.0 0     0.4 0     0.0 0   178.4 0   258.76 0   258.28 0   225.6 0   257.95 0   257.92 0     0.0 0     0.2 0     0.0 0   -47.3 0   -47.3 0   -16.8 0    78.6 0     1.6 0   310.1 0   829.2 0
 2019   2  1  2  2 18  2.300 118.12     0.0 0    -1.0 0     0.4 0     0.0 0   178.5 0   258.66 0   258.20 0   225.9 0   257.97 0   257.92 0     0.0 0     0.2 0     0.0 0   -47.3 0   -47.3 0   -16.9 0    78.7 0     1.5 0   314.6 0   829.2 0
 2019   2  1  2  2 19  2.317 118.31    -0.2 0    -1.0 0     0.4 0     0.0 0   178.6 0   258.57 0   258.18 0   225.1 0   257.97 0   257.94 0     0.0 0     0.2 0     0.0 0   -46.5 0   -46.5 0   -16.8 0    78.7 0     1.3 0   313.8 0   829.2 0
 2019   2  1  2  2 20  2.333 118.50    -0.6 0    -1.0 0     0.4 0     0.0 0   179.3 0   258.52 0   258.20 0   224.7 0   257.97 0   257.94 0     0.0 0     0.2 0     0.0 0   -45.4 0   -45.4 0   -16.7 0    78.5 0     1.1 0   309.2 0   829.2 0
 2019   2  1  2  2 21  2.350 118.69    -0.9 0    -1.0 0     0.4 0     0.0 0   179.5 0   258.49 0   258.26 0   224.8 0   257.98 0   257.93 0     0.0 0     0.2 0     0.0 0   -45.4 0   -45.4 0   -16.4 0    78.3 0     1.0 0   305.7 0   829.2 0
 2019   2  1  2  2 22  2.367 118.88    -0.9 0    -1.0 0     0.3 0     0.0 0   179.8 0   258.52 0   258.29 0   225.2 0   257.99 0   257.94 0     0.0 0     0.2 0     0.0 0   -45.3 0   -45.3 0   -16.1 0    78.1 0     1.2 0   302.0 0   829.2 0
 2019   2  1  2  2 23  2.383 119.07    -0.9 0    -1.1 0     0.2 0     0.0 0   179.4 0   258.52 0   258.26 0   225.5 0   257.98 0   257.94 0     0.0 0     0.2 0     0.0 0   -46.1 0   -46.1 0   -16.0 0    78.0 0     1.3 0   300.6 0   829.2 0
 2019   2  1  2  2 24  2.400 119.26    -0.9 0    -1.1 0     0.4 0     0.0 0   179.3 0   258.52 0   258.27 0   226.5 0   258.00 0   257.94 0     0.0 0     0.2 0     0.0 0   -47.2 0   -47.2 0   -16.1 0    78.0 0     1.4 0   298.6 0   829.2 0
 2019   2  1  2  2 25  2.417 119.45    -0.9 0    -1.1 0     0.4 0     0.0 0   179.2 0   258.52 0   258.29 0   226.6 0   258.00 0   257.94 0     0.0 0     0.2 0     0.0 0   -47.3 0   -47.3 0   -16.3 0    78.1 0     1.5 0   297.3 0   829.2 0
 2019   2  1  2  2 26  2.433 119.64    -0.7 0    -1.1 0     0.4 0     0.0 0   179.0 0   258.53 0   258.28 0   226.3 0   258.00 0   257.95 0     0.0 0     0.2 0     0.0 0   -47.4 0   -47.4 0   -16.4 0    78.5 0     1.7 0   298.6 0   829.2 0
 2019   2  1  2  2 27  2.450 119.83    -0.5 0    -1.3 0     0.4 0     0.0 0   178.7 0   258.52 0   258.19 0   226.8 0   258.00 0   257.95 0     0.0 0     0.2 0     0.0 0   -48.1 0   -48.1 0   -16.6 0    79.0 0     2.3 0   296.8 0   829.2 0
 2019   2  1  2  2 28  2.467 120.02    -0.5 0    -1.4 0     0.4 0     0.0 0   178.6 0   258.49 0   258.09 0   227.3 0   258.00 0   257.96 0     0.0 0     0.2 0     0.0 0   -48.7 0   -48.7 0   -17.0 0    79.3 0     2.4 0   296.3 0   829.2 0
 2019   2  1  2  2 29  2.483 120.21    -0.5 0    -1.4 0     0.4 0     0.0 0   178.5 0   258.42 0   257.96 0   227.7 0   258.03 0   257.98 0     0.0 0     0.2 0     0.0 0   -49.2 0   -49.2 0   -17.3 0    79.2 0     2.2 0   299.0 0   829.2 0
 2019   2  1  2  2 30  2.500 120.40    -0.5 0    -1.4 0     0.5 0     0.0 0   178.3 0   258.32 0   257.81 0   227.7 0   258.05 0   258.00 0     0.0 0     0.2 0     0.0 0   -49.5 0   -49.5 0   -17.4 0    78.9 0     2.1 0   302.4 0   829.2 0
 2019   2  1  2  2 31  2.517 120.59    -0.4 0    -1.4 0     0.4 0     0.0 0   178.2 0   258.21 0   257.71 0   227.6 0   258.06 0   258.02 0     0.0 0     0.2 0     0.0 0   -49.4 0   -49.4 0   -17.5 0    78.8 0     2.2 0   307.7 0   829.2 0
 2019   2  1  2  2 32  2.533 120.78    -0.5 0    -1.2 0     0.4 0     0.0 0   178.1 0   258.10 0   257.61 0   227.5 0   258.08 0   258.06 0     0.0 0     0.2 0     0.0 0   -49.4 0   -49.4 0   -17.6 0    78.9 0     2.5 0   312.6 0   829.2 0
 2019   2  1  2  2 33  2.550 120.97    -0.5 0    -1.0 0     0.4 0     0.0 0   178.0 0   258.00 0   257.50 0   228.1 0   258.10 0   258.07 0     0.0 0     0.2 0     0.0 0   -50.1 0   -50.1 0   -17.6 0    79.2 0     2.7 0   315.6 0   829.2 0
 2019   2  1  2  2 34  2.567 121.16    -0.5 0    -1.0 0     0.4 0     0.0 0   178.2 0   257.90 0   257.41 0   228.1 0   258.12 0   258.10 0     0.0 0     0.2 0     0.0 0   -49.9 0   -49.9 0   -17.6 0    79.6 0     2.8 0   314.9 0   829.2 0
 2019   2  1  2  2 35  2.583 121.35    -0.5 0    -1.0 0     0.4 0     0.0 0   178.2 0   257.80 0   257.34 0   228.5 0   258.15 0   258.12 0     0.0 0     0.2 0     0.0 0   -50.3 0   -50.3 0   -17.6 0    79.7 0     2.8 0   315.2 0   829.2 0
 2019   2  1  2  2 36  2.600 121.54    -0.5 0    -1.0 0     0.4 0     0.0 0   178.4 0   257.71 0   257.30 0   228.7 0   258.18 0   258.15 0     0.0 0     0.2 0     0.0 0   -50.2 0   -50.2 0   -17.7 0    79.7 0     2.8 0   317.7 0   829.2 0
 2019   2  1  2  2 37  2.617 121.73    -0.9 0    -1.0 0     0.4 0     0.0 0   178.6 0   257.64 0   257.25 0   228.9 0   258.20 0   258.18 0     0.0 0     0.2 0     0.0 0   -50.3 0   -50.3 0   -17.6 0    79.4 0     2.8 0   317.8 0   829.2 0
 2019   2  1  2  2 38  2.633 121.92    -0.9 0    -1.0 0     0.4 0     0.0 0   178.7 0   257.58 0   257.20 0   229.1 0   258.23 0   258.20 0     0.0 0     0.2 0     0.0 0   -50.5 0   -50.5 0   -17.5 0    79.0 0     2.8 0   315.9 0   829.2 0
 2019   2  1  2  2 39  2.650 122.11    -0.9 0    -1.0 0     0.4 0     0.0 0   178.8 0   257.53 0   257.14 0   228.9 0   258.25 0   258.23 0     0.0 0     0.2 0     0.0 0   -50.1 0   -50.1 0   -17.4 0    78.7 0     2.6 0   315.3 0   829.2 0
 2019   2  1  2  2 40  2.667 122.30    -0.9 0    -1.0 0     0.4 0     0.0 0   179.3 0   257.49 0   257.14 0   228.8 0   258.28 0   258.25 0     0.0 0     0.2 0     0.0 0   -49.5 0   -49.5 0   -17.3 0    78.9 0     2.5 0   314.3 0   829.2 0
 2019   2  1  2  2 41  2.683 122.49    -0.9 0    -1.0 0     0.3 0     0.0 0   179.4 0   257.46 0   257.16 0   228.2 0   258.29 0   258.27 0     0.0 0     0.2 0     0.0 0   -48.8 0   -48.8 0   -17.2 0    78.5 0     2.4 0   315.0 0   829.2 0
 2019   2  1  2  2 42  2.700 122.68    -0.9 0    -1.0 0     0.2 0     0.0 0   179.6 0   257.45 0   257.18 0   228.1 0   258.31 0   258.29 0     0.0 0     0.2 0     0.0 0   -48.5 0   -48.5 0   -17.2 0    78.1 0     2.5 0   315.5 0   829.2 0
 2019   2  1  2  2 43  2.717 122.87    -0.9 0    -1.0 0     0.2 0     0.0 0   179.6 0   257.45 0   257.19 0   228.4 0   258.34 0   258.30 0     0.0 0     0.2 0     0.0 0   -48.8 0   -48.8 0   -17.1 0    78.0 0     2.6 0   315.9 0   829.2 0
 2019   2  1  2  2 44  2.733 123.06    -0.9 0    -1.0 0     0.1 0     0.0 0   179.5 0   257.45 0   257.16 0   228.8 0   258.35 0   258.32 0     0.0 0     0.2 0     0.0 0   -49.3 0   -49.3 0   -17.2 0    78.1 0     2.6 0   315.3 0   829.2 0
 2019   2  1  2  2 45  2.750 123.25    -0.9 0    -1.0 0     0.2 0     0.0 0   179.6 0   257.43 0   257.16 0   228.8 0   258.37 0   258.34 0     0.0 0     0.2 0     0.0 0   -49.3 0   -49.3 0   -17.2 0    78.2 0     2.4 0   311.8 0   829.2 0
 2019   2  1  2  2 46  2.767 123.44    -1.3 0    -1.0 0     0.4 0     0.0 0   180.3 0   257.44 0   257.30 0   228.5 0   258.39 0   258.35 0     0.0 0     0.2 0     0.0 0   -48.1 0   -48.1 0   -17.0 0    78.3 0     2.0 0   306.5 0   829.1 0
 2019   2  1  2  2 47  2.783 123.64    -1.4 0    -1.0 0     0.1 0     0.0 0   180.5 0   257.49 0   257.39 0   228.3 0   258.41 0   258.35 0     0.0 0     0.2 0     0.0 0   -47.8 0   -47.8 0   -16.6 0    78.2 0     1.8 0   302.7 0   829.1 0
 2019   2  1  2  2 48  2.800 123.83    -1.3 0    -1.0 0     0.0 0     0.0 0   180.4 0   257.55 0   257.44 0   228.1 0   258.41 0   258.35 0     0.0 0     0.2 0     0.0 0   -47.7 0   -47.7 0   -16.5 0    77.7 0     2.0 0   303.0 0   829.1 0
 2019   2  1  2  2 49  2.817 124.02    -1.2 0    -1.0 0     0.0 0     0.0 0   180.0 0   257.61 0   257.46 0   227.9 0   258.41 0   258.35 0     0.0 0     0.2 0     0.0 0   -47.9 0   -47.9 0   -16.6 0    78.0 0     2.3 0   302.5 0   829.1 0
 2019   2  1  2  2 50  2.833 124.21    -1.0 0    -1.0 0     0.0 0     0.0 0   179.7 0   257.65 0   257.36 0   227.6 0   258.41 0   258.37 0     0.0 0     0.2 0     0.0 0   -48.0 0   -48.0 0   -16.7 0    78.2 0     2.3 0   304.9 0   829.1 0
 2019   2  1  2  2 51  2.850 124.40    -0.9 0    -1.0 0     0.3 0     0.0 0   179.7 0   257.63 0   257.36 0   227.8 0   258.43 0   258.39 0     0.0 0     0.2 0     0.0 0   -48.1 0   -48.1 0   -17.0 0    78.5 0     2.3 0   307.1 0   829.1 0
 2019   2  1  2  2 52  2.867 124.59    -0.9 0    -1.0 0     0.4 0     0.0 0   179.7 0   257.63 0   257.41 0   228.3 0   258.44 0   258.41 0     0.0 0     0.2 0     0.0 0   -48.6 0   -48.6 0   -16.9 0    78.5 0     2.4 0   310.3 0   829.1 0
 2019   2  1  2  2 53  2.883 124.78    -1.0 0    -1.0 0     0.3 0     0.0 0   179.6 0   257.64 0   257.38 0   228.9 0   258.46 0   258.43 0     0.0 0     0.2 0     0.0 0   -49.3 0   -49.3 0   -17.0 0    78.0 0     2.9 0   314.1 0   829.1 0
 2019   2  1  2  2 54  2.900 124.97    -1.2 0    -1.0 0     0.1 0     0.0 0   179.3 0   257.63 0   257.33 0   229.3 0   258.47 0   258.45 0     0.0 0     0.2 0     0.0 0   -50.0 0   -50.0 0   -17.0 0    78.0 0     3.0 0   313.9 0   829.2 0
 2019   2  1  2  2 55  2.917 125.16    -1.4 0    -1.0 0     0.2 0     0.0 0   179.3 0   257.63 0   257.34 0   229.7 0   258.50 0   258.47 0     0.0 0     0.2 0     0.0 0   -50.5 0   -50.5 0   -17.0 0    78.5 0     3.1 0   314.0 0   829.2 0
 2019   2  1  2  2 56  2.933 125.35    -1.4 0    -1.0 0     0.2 0     0.0 0   179.0 0   257.60 0   257.27 0   230.1 0   258.52 0   258.50 0     0.0 0     0.2 0     0.0 0   -51.2 0   -51.2 0   -17.0 0    79.1 0     3.2 0   314.4 0   829.2 0
 2019   2  1  2  2 57  2.950 125.55    -1.4 0    -1.0 0     0.3 0     0.0 0   179.5 0   257.59 0   257.23 0   230.4 0   258.54 0   258.53 0     0.0 0     0.2 0     0.0 0   -50.9 0   -50.9 0   -17.1 0    79.3 0     3.1 0   314.0 0   829.2 0
 2019   2  1  2  2 58  2.967 125.74    -1.4 0    -1.0 0     0.4 0     0.0 0   179.7 0   257.55 0   257.25 0   230.5 0   258.58 0   258.57 0     0.0 0     0.2 0     0.0 0   -50.8 0   -50.8 0   -17.0 0    78.9 0     2.9 0   315.9 0   829.1 0
 2019   2  1  2  2 59  2.983 125.93    -1.4 0    -1.0 0     0.3 0     0.0 0   179.5 0   257.54 0   257.19 0   229.9 0   258.61 0   258.59 0     0.0 0     0.2 0     0.0 0   -50.4 0   -50.4 0   -17.0 0    78.5 0     2.7 0   319.0 0   829.2 0
 2019   2  1  2  3  0  3.000 126.12    -1.4 0    -1.0 0     0.3 0     0.0 0   179.8 0   257.51 0   257.23 0   229.1 0   258.64 0   258.62 0     0.0 0     0.2 0     0.0 0   -49.3 0   -49.3 0   -17.1 0    78.2 0     2.6 0   314.4 0   829.2 0
 2019   2  1  2  3  1  3.017 126.31    -1.4 0    -1.0 0     0.2 0     0.0 0   179.6 0   257.51 0   257.25 0   229.2 0   258.66 0   258.64 0     0.0 0     0.2 0     0.0 0   -49.6 0   -49.6 0   -17.0 0    78.2 0     2.8 0   311.1 0   829.2 0
 2019   2  1  2  3  2  3.033 126.50    -1.3 0    -1.0 0     0.2 0     0.0 0   179.3 0   257.50 0   257.19 0   230.0 0   258.69 0   258.65 0     0.0 0     0.2 0     0.0 0   -50.7 0   -50.7 0   -17.1 0    78.3 0     3.0 0   306.3 0   829.2 0
 2019   2  1  2  3  3  3.050 126.69    -0.9 0    -1.0 0     0.4 0     0.0 0   179.4 0   257.48 0   257.14 0   230.3 0   258.71 0   258.68 0     0.0 0     0.2 0     0.0 0   -50.9 0   -50.9 0   -17.2 0    78.3 0     3.0 0   306.1 0   829.2 0
 2019   2  1  2  3  4  3.067 126.88    -0.9 0    -1.0 0     0.4 0     0.0 0   179.7 0   257.45 0   257.16 0   230.7 0   258.74 0   258.71 0     0.0 0     0.2 0     0.0 0   -51.1 0   -51.1 0   -17.2 0    77.9 0     2.8 0   305.7 0   829.2 0
 2019   2  1  2  3  5  3.083 127.07    -1.1 0    -1.0 0     0.4 0     0.0 0   179.8 0   257.44 0   257.21 0   230.2 0   258.76 0   258.74 0     0.0 0     0.2 0     0.0 0   -50.4 0   -50.4 0   -17.1 0    77.6 0     2.6 0   307.0 0   829.2 0
 2019   2  1  2  3  6  3.100 127.26    -1.3 0    -1.0 0     0.2 0     0.0 0   180.2 0   257.46 0   257.28 0   230.4 0   258.80 0   258.76 0     0.0 0     0.2 0     0.0 0   -50.2 0   -50.2 0   -17.0 0    77.4 0     2.6 0   304.2 0   829.2 0
 2019   2  1  2  3  7  3.117 127.45    -1.4 0    -1.0 0     0.0 0     0.0 0   179.9 0   257.48 0   257.27 0   230.8 0   258.82 0   258.79 0     0.0 0     0.2 0     0.0 0   -50.9 0   -50.9 0   -16.9 0    77.2 0     2.3 0   300.6 0   829.2 0
 2019   2  1  2  3  8  3.133 127.65    -1.4 0    -1.0 0     0.0 0     0.0 0   180.4 0   257.51 0   257.37 0   230.8 0   258.85 0   258.81 0     0.0 0     0.2 0     0.0 0   -50.4 0   -50.4 0   -16.7 0    76.8 0     2.2 0   298.0 0   829.3 0
 2019   2  1  2  3  9  3.150 127.84    -1.6 0    -1.0 0     0.0 0     0.0 0   180.7 0   257.56 0   257.49 0   230.6 0   258.87 0   258.83 0     0.0 0     0.2 0     0.0 0   -49.9 0   -49.9 0   -16.4 0    76.5 0     2.4 0   302.2 0   829.2 0
 2019   2  1  2  3 10  3.167 128.03    -1.8 0    -1.0 0     0.0 0     0.0 0   180.5 0   257.64 0   257.54 0   230.5 0   258.89 0   258.86 0     0.0 0     0.2 0     0.0 0   -50.0 0   -50.0 0   -16.2 0    76.7 0     2.3 0   302.9 0   829.2 0
 2019   2  1  2  3 11  3.183 128.22    -1.8 0    -1.0 0     0.0 0     0.0 0   180.7 0   257.72 0   257.65 0   230.1 0   258.92 0   258.87 0     0.0 0     0.2 0     0.0 0   -49.4 0   -49.4 0   -16.1 0    76.5 0     2.1 0   304.4 0   829.2 0
 2019   2  1  2  3 12  3.200 128.41    -1.8 0    -1.0 0     0.0 0     0.0 0   180.6 0   257.80 0   257.73 0   228.9 0   258.93 0   258.89 0     0.0 0     0.2 0     0.0 0   -48.3 0   -48.3 0   -15.9 0    76.2 0     2.0 0   300.6 0   829.2 0
 2019   2  1  2  3 13  3.217 128.60    -1.8 0    -1.0 0     0.0 0     0.0 0   180.4 0   257.87 0   257.70 0   228.3 0   258.95 0   258.91 0     0.0 0     0.2 0     0.0 0   -47.9 0   -47.9 0   -16.0 0    76.0 0     1.7 0   302.1 0   829.2 0
 2019   2  1  2  3 14  3.233 128.79    -1.8 0    -1.0 0     0.0 0     0.0 0   181.2 0   257.93 0   257.94 0   227.7 0   258.98 0   258.92 0     0.0 0     0.2 0     0.0 0   -46.5 0   -46.5 0   -15.9 0    75.8 0     1.4 0   293.2 0   829.2 0
 2019   2  1  2  3 15  3.250 128.98    -2.1 0    -1.0 0     0.0 0     0.0 0   181.5 0   258.05 0   258.12 0   226.8 0   258.98 0   258.93 0     0.0 0     0.2 0     0.0 0   -45.3 0   -45.3 0   -15.5 0    75.5 0     1.5 0   289.1 0   829.2 0
 2019   2  1  2  3 16  3.267 129.17    -2.1 0    -1.0 0     0.0 0     0.0 0   181.1 0   258.20 0   258.19 0   226.5 0   258.98 0   258.95 0     0.0 0     0.2 0     0.0 0   -45.4 0   -45.4 0   -15.1 0    75.3 0     1.1 0   283.1 0   829.2 0
 2019   2  1  2  3 17  3.283 129.36    -2.0 0    -1.0 0     0.0 0     0.0 0   181.4 0   258.31 0   258.33 0   227.1 0   259.00 0   258.95 0     0.0 0     0.2 0     0.0 0   -45.6 0   -45.6 0   -15.0 0    75.3 0     1.2 0   287.3 0   829.2 0
 2019   2  1  2  3 18  3.300 129.56    -2.5 0    -1.0 0     0.0 0     0.0 0   181.4 0   258.44 0   258.48 0   227.0 0   259.01 0   258.95 0     0.0 0     0.2 0     0.0 0   -45.5 0   -45.5 0   -14.8 0    75.5 0     1.1 0   286.4 0   829.2 0
 2019   2  1  2  3 19  3.317 129.75    -2.7 0    -1.0 0     0.0 0     0.0 0   181.4 0   258.58 0   258.63 0   226.8 0   259.01 0   258.95 0     0.0 0     0.2 0     0.0 0   -45.4 0   -45.4 0   -14.5 0    75.5 0     0.9 0   284.7 0   829.2 0
 2019   2  1  2  3 20  3.333 129.94    -2.7 0    -1.0 0     0.0 0     0.0 0   181.4 0   258.73 0   258.77 0   226.7 0   259.01 0   258.93 0     0.0 0     0.2 0     0.0 0   -45.3 0   -45.3 0   -14.2 0    75.6 0     0.7 0   287.4 0   829.2 0
 2019   2  1  2  3 21  3.350 130.13    -2.7 0    -1.0 0     0.0 0     0.0 0   181.3 0   258.87 0   258.84 0   226.1 0   259.01 0   258.95 0     0.0 0     0.2 0     0.0 0   -44.7 0   -44.7 0   -14.1 0    75.5 0     0.6 0   283.1 0   829.2 0
 2019   2  1  2  3 22  3.367 130.32    -2.7 0    -1.0 0     0.0 0     0.0 0   181.3 0   258.99 0   258.95 0   226.0 0   259.00 0   258.95 0     0.0 0     0.2 0     0.0 0   -44.8 0   -44.8 0   -14.1 0    75.5 0     1.0 0   277.9 0   829.2 0
 2019   2  1  2  3 23  3.383 130.51    -2.6 0    -1.0 0     0.0 0     0.0 0   180.8 0   259.09 0   258.98 0   227.2 0   259.00 0   258.95 0     0.0 0     0.2 0     0.0 0   -46.4 0   -46.4 0   -14.3 0    75.5 0     1.4 0   277.6 0   829.2 0
 2019   2  1  2  3 24  3.400 130.70    -2.3 0    -1.0 0     0.0 0     0.0 0   181.2 0   259.16 0   259.09 0   228.0 0   259.01 0   258.94 0     0.0 0     0.2 0     0.0 0   -46.8 0   -46.8 0   -14.4 0    75.6 0     1.1 0   275.4 0   829.2 0
 2019   2  1  2  3 25  3.417 130.89    -2.7 0    -1.0 0     0.0 0     0.0 0   181.3 0   259.25 0   259.19 0   227.4 0   259.00 0   258.93 0     0.0 0     0.2 0     0.0 0   -46.2 0   -46.2 0   -14.3 0    75.6 0     0.9 0   275.5 0   829.2 0
 2019   2  1  2  3 26  3.433 131.08    -2.7 0    -1.0 0     0.0 0     0.0 0   181.1 0   259.35 0   259.26 0   226.4 0   258.98 0   258.92 0     0.0 0     0.2 0     0.0 0   -45.2 0   -45.2 0   -14.1 0    75.7 0     0.7 0   275.5 0   829.2 0
 2019   2  1  2  3 27  3.450 131.27    -2.7 0    -1.0 0     0.0 0     0.0 0   181.0 0   259.44 0   259.34 0   226.0 0   258.98 0   258.92 0     0.0 0     0.2 0     0.0 0   -45.0 0   -45.0 0   -14.0 0    75.7 0     0.7 0   275.6 0   829.2 0
 2019   2  1  2  3 28  3.467 131.46    -2.7 0    -1.0 0     0.0 0     0.0 0   181.1 0   259.52 0   259.41 0   226.0 0   258.98 0   258.92 0     0.0 0     0.2 0     0.0 0   -44.9 0   -44.9 0   -13.9 0    75.6 0     0.8 0   276.7 0   829.2 0
 2019   2  1  2  3 29  3.483 131.65    -2.7 0    -1.0 0     0.0 0     0.0 0   181.1 0   259.60 0   259.48 0   226.6 0   258.98 0   258.92 0     0.0 0     0.2 0     0.0 0   -45.5 0   -45.5 0   -13.8 0    75.6 0     1.0 0   267.8 0   829.2 0
 2019   2  1  2  3 30  3.500 131.85    -2.7 0    -1.0 0     0.0 0     0.0 0   181.0 0   259.67 0   259.53 0   227.3 0   258.98 0   258.92 0     0.0 0     0.2 0     0.0 0   -46.2 0   -46.2 0   -13.8 0    75.5 0     1.2 0   264.4 0   829.2 0
 2019   2  1  2  3 31  3.517 132.04    -2.7 0    -1.0 0     0.0 0     0.0 0   181.0 0   259.74 0   259.58 0   227.7 0   258.98 0   258.92 0     0.0 0     0.2 0     0.0 0   -46.7 0   -46.7 0   -13.8 0    75.5 0     1.4 0   265.3 0   829.2 0
 2019   2  1  2  3 32  3.533 132.23    -2.6 0    -1.0 0     0.0 0     0.0 0   180.7 0   259.79 0   259.60 0   228.1 0   258.98 0   258.92 0     0.0 0     0.2 0     0.0 0   -47.3 0   -47.3 0   -13.9 0    75.6 0     1.3 0   270.5 0   829.2 0
 2019   2  1  2  3 33  3.550 132.42    -1.9 0    -1.0 0     0.1 0     0.0 0   180.3 0   259.83 0   259.53 0   228.4 0   258.98 0   258.92 0     0.0 0     0.2 0     0.0 0   -48.1 0   -48.1 0   -14.3 0    75.7 0     1.2 0   280.4 0   829.2 0
 2019   2  1  2  3 34  3.567 132.61    -1.4 0    -1.0 0     0.3 0     0.0 0   179.4 0   259.80 0   259.26 0   228.6 0   258.98 0   258.90 0     0.0 0     0.2 0     0.0 0   -49.2 0   -49.2 0   -15.0 0    75.9 0     1.2 0   290.8 0   829.2 0
 2019   2  1  2  3 35  3.583 132.80    -0.9 0    -1.0 0     0.4 0     0.0 0   179.8 0   259.69 0   259.17 0   228.9 0   258.98 0   258.89 0     0.0 0     0.2 0     0.0 0   -49.0 0   -49.0 0   -15.7 0    76.2 0     1.1 0   294.7 0   829.2 0
 2019   2  1  2  3 36  3.600 132.99    -0.9 0    -1.0 0     0.4 0     0.0 0   180.4 0   259.60 0   259.22 0   228.8 0   258.98 0   258.89 0     0.0 0     0.2 0     0.0 0   -48.5 0   -48.5 0   -15.9 0    76.2 0     1.2 0   291.5 0   829.2 0
 2019   2  1  2  3 37  3.617 133.18    -0.9 0    -1.0 0     0.4 0     0.0 0   180.4 0   259.55 0   259.27 0   229.0 0   258.98 0   258.91 0     0.0 0     0.2 0     0.0 0   -48.5 0   -48.5 0   -15.7 0    76.0 0     1.6 0   286.3 0   829.2 0
 2019   2  1  2  3 38  3.633 133.37    -0.4 0    -1.1 0     0.2 0     0.0 0   180.6 0   259.54 0   259.25 0   229.3 0   258.98 0   258.92 0     0.0 0     0.2 0     0.0 0   -48.7 0   -48.7 0   -15.6 0    76.1 0     1.6 0   279.0 0   829.2 0
 2019   2  1  2  3 39  3.650 133.56     0.0 0    -1.1 0     0.4 0     0.0 0   179.8 0   259.51 0   259.11 0   229.5 0   258.98 0   258.92 0     0.0 0     0.2 0     0.0 0   -49.6 0   -49.6 0   -15.9 0    76.1 0     1.6 0   270.6 0   829.2 0
 2019   2  1  2  3 40  3.667 133.75     0.0 0    -1.0 0     0.7 0     0.0 0   179.2 0   259.42 0   258.82 0   229.5 0   258.98 0   258.92 0     0.0 0     0.2 0     0.0 0   -50.3 0   -50.3 0   -16.3 0    76.1 0     1.8 0   271.6 0   829.2 0
 2019   2  1  2  3 41  3.683 133.94     0.0 0    -1.0 0     0.9 0     0.0 0   179.3 0   259.27 0   258.64 0   229.9 0   258.98 0   258.94 0     0.0 0     0.2 0     0.0 0   -50.6 0   -50.6 0   -16.8 0    76.1 0     1.7 0   266.3 0   829.2 0
 2019   2  1  2  3 42  3.700 134.13     0.0 0    -1.0 0     0.9 0     0.0 0   180.1 0   259.11 0   258.64 0   230.1 0   258.99 0   258.95 0     0.0 0     0.2 0     0.0 0   -50.0 0   -50.0 0   -16.8 0    76.1 0     1.7 0   263.8 0   829.1 0
 2019   2  1  2  3 43  3.717 134.32     0.0 0    -1.0 0     0.9 0     0.0 0   180.3 0   259.01 0   258.67 0   230.2 0   259.01 0   258.97 0     0.0 0     0.2 0     0.0 0   -49.9 0   -49.9 0   -16.5 0    75.9 0     1.8 0   268.8 0   829.1 0
 2019   2  1  2  3 44  3.733 134.51     0.0 0    -1.0 0     0.9 0     0.0 0   179.9 0   258.95 0   258.52 0   230.8 0   259.02 0   258.98 0     0.0 0     0.2 0     0.0 0   -50.9 0   -50.9 0   -16.5 0    75.9 0     2.0 0   268.5 0   829.1 0
 2019   2  1  2  3 45  3.750 134.70     0.0 0    -1.0 0     0.9 0     0.0 0   179.6 0   258.86 0   258.38 0   231.6 0   259.04 0   258.98 0     0.0 0     0.2 0     0.0 0   -52.1 0   -52.1 0   -16.6 0    75.9 0     2.3 0   268.7 0   829.1 0
 2019   2  1  2  3 46  3.767 134.89    -0.2 0    -1.0 0     0.9 0     0.0 0   179.8 0   258.76 0   258.31 0   231.6 0   259.05 0   259.01 0     0.0 0     0.2 0     0.0 0   -51.9 0   -51.9 0   -16.6 0    75.9 0     2.4 0   271.6 0   829.1 0
 2019   2  1  2  3 47  3.783 135.08    -0.4 0    -1.0 0     0.9 0     0.0 0   179.8 0   258.67 0   258.27 0   231.6 0   259.07 0   259.02 0     0.0 0     0.2 0     0.0 0   -51.8 0   -51.8 0   -16.5 0    76.1 0     2.2 0   268.5 0   829.1 0
 2019   2  1  2  3 48  3.800 135.27    -0.5 0    -1.0 0     0.9 0     0.0 0   180.5 0   258.61 0   258.30 0   231.4 0   259.09 0   259.04 0     0.0 0     0.2 0     0.0 0   -50.9 0   -50.9 0   -16.4 0    76.2 0     2.0 0   259.2 0   829.1 0
 2019   2  1  2  3 49  3.817 135.46    -0.9 0    -1.0 0     0.8 0     0.0 0   180.9 0   258.58 0   258.41 0   231.2 0   259.09 0   259.04 0     0.0 0     0.2 0     0.0 0   -50.3 0   -50.3 0   -16.2 0    76.0 0     2.0 0   251.6 0   829.1 0
 2019   2  1  2  3 50  3.833 135.65    -0.9 0    -1.0 0     0.4 0     0.0 0   180.9 0   258.62 0   258.43 0   231.0 0   259.09 0   259.05 0     0.0 0     0.2 0     0.0 0   -50.1 0   -50.1 0   -16.0 0    75.7 0     2.0 0   254.8 0   829.1 0
 2019   2  1  2  3 51  3.850 135.84    -1.0 0    -1.0 0     0.4 0     0.0 0   181.1 0   258.65 0   258.50 0   231.0 0   259.12 0   259.07 0     0.0 0     0.2 0     0.0 0   -49.9 0   -49.9 0   -15.9 0    75.7 0     2.0 0   259.2 0   829.1 0
 2019   2  1  2  3 52  3.867 136.03    -1.4 0    -1.0 0     0.0 0     0.0 0   181.3 0   258.70 0   258.59 0   230.4 0   259.12 0   259.08 0     0.0 0     0.2 0     0.0 0   -49.0 0   -49.0 0   -15.7 0    75.6 0     1.7 0   264.1 0   829.1 0
 2019   2  1  2  3 53  3.883 136.21    -1.4 0    -1.0 0     0.0 0     0.0 0   181.6 0   258.77 0   258.71 0   229.8 0   259.15 0   259.09 0     0.0 0     0.2 0     0.0 0   -48.2 0   -48.2 0   -15.3 0    75.2 0     1.5 0   262.0 0   829.1 0
 2019   2  1  2  3 54  3.900 136.40    -1.7 0    -1.0 0     0.0 0     0.0 0   181.7 0   258.86 0   258.84 0   229.0 0   259.15 0   259.09 0     0.0 0     0.2 0     0.0 0   -47.2 0   -47.2 0   -15.0 0    74.9 0     1.3 0   251.3 0   829.1 0
 2019   2  1  2  3 55  3.917 136.59    -1.8 0    -1.0 0     0.0 0     0.0 0   181.9 0   258.97 0   258.95 0   228.2 0   259.15 0   259.09 0     0.0 0     0.2 0     0.0 0   -46.3 0   -46.3 0   -14.8 0    74.5 0     1.3 0   237.8 0   829.0 0
 2019   2  1  2  3 56  3.933 136.78    -2.2 0    -1.0 0     0.0 0     0.0 0   182.3 0   259.09 0   259.07 0   228.0 0   259.15 0   259.09 0     0.0 0     0.2 0     0.0 0   -45.7 0   -45.7 0   -14.6 0    74.3 0     1.5 0   223.1 0   829.0 0
 2019   2  1  2  3 57  3.950 136.97    -2.4 0    -1.1 0     0.0 0     0.0 0   182.6 0   259.21 0   259.20 0   228.3 0   259.17 0   259.12 0     0.0 0     0.2 0     0.0 0   -45.7 0   -45.7 0   -14.3 0    73.9 0     1.7 0   218.4 0   829.0 0
 2019   2  1  2  3 58  3.967 137.16    -2.7 0    -1.4 0     0.0 0     0.0 0   182.6 0   259.34 0   259.32 0   228.8 0   259.18 0   259.12 0     0.0 0     0.2 0     0.0 0   -46.2 0   -46.2 0   -14.0 0    73.7 0     1.9 0   213.0 0   829.0 0
 2019   2  1  2  3 59  3.983 137.35    -2.7 0    -1.4 0     0.0 0     0.0 0   182.5 0   259.47 0   259.40 0   229.8 0   259.20 0   259.15 0     0.0 0     0.2 0     0.0 0   -47.2 0   -47.2 0   -13.7 0    73.6 0     1.7 0   222.7 0   829.0 0
 2019   2  1  2  4  0  4.000 137.54    -2.7 0    -1.4 0     0.0 0     0.0 0   182.3 0   259.58 0   259.49 0   230.0 0   259.21 0   259.15 0     0.0 0     0.2 0     0.0 0   -47.6 0   -47.6 0   -13.6 0    73.6 0     1.8 0   225.6 0   829.0 0
 2019   2  1  2  4  1  4.017 137.72    -2.7 0    -1.4 0     0.0 0     0.0 0   182.1 0   259.68 0   259.55 0   229.8 0   259.21 0   259.15 0     0.0 0     0.2 0     0.0 0   -47.7 0   -47.7 0   -13.5 0    73.6 0     1.8 0   226.0 0   829.0 0
 2019   2  1  2  4  2  4.033 137.91    -2.6 0    -1.3 0     0.0 0     0.0 0   181.7 0   259.75 0   259.57 0   229.1 0   259.21 0   259.15 0     0.0 0     0.2 0     0.0 0   -47.4 0   -47.4 0   -13.5 0    73.5 0     1.6 0   234.0 0   829.0 0
 2019   2  1  2  4  3  4.050 138.10    -2.4 0    -1.1 0     0.0 0     0.0 0   181.7 0   259.81 0   259.62 0   229.1 0   259.22 0   259.15 0     0.0 0     0.2 0     0.0 0   -47.5 0   -47.5 0   -13.6 0    73.6 0     1.6 0   227.2 0   828.9 0
 2019   2  1  2  4  4  4.067 138.29    -2.2 0    -1.3 0     0.1 0     0.0 0   181.7 0   259.85 0   259.67 0   229.1 0   259.24 0   259.19 0     0.0 0     0.2 0     0.0 0   -47.4 0   -47.4 0   -13.6 0    73.7 0     2.0 0   218.6 0   828.9 0
 2019   2  1  2  4  5  4.083 138.48    -2.0 0    -1.4 0     0.1 0     0.0 0   181.5 0   259.90 0   259.69 0   230.0 0   259.24 0   259.21 0     0.0 0     0.2 0     0.0 0   -48.6 0   -48.6 0   -13.6 0    73.5 0     2.3 0   214.0 0   828.9 0
 2019   2  1  2  4  6  4.100 138.66    -1.9 0    -1.7 0     0.1 0     0.0 0   181.5 0   259.94 0   259.72 0   231.9 0   259.27 0   259.23 0     0.0 0     0.2 0     0.0 0   -50.5 0   -50.5 0   -13.7 0    73.1 0     2.4 0   212.9 0   828.9 0
 2019   2  1  2  4  7  4.117 138.85    -2.3 0    -1.7 0     0.1 0     0.0 0   181.7 0   259.98 0   259.80 0   232.1 0   259.29 0   259.24 0     0.0 0     0.2 0     0.0 0   -50.4 0   -50.4 0   -13.7 0    72.8 0     2.2 0   223.6 0   828.9 0
 2019   2  1  2  4  8  4.133 139.04    -2.7 0    -1.4 0     0.0 0     0.0 0   181.7 0   260.02 0   259.86 0   231.2 0   259.31 0   259.26 0     0.0 0     0.2 0     0.0 0   -49.5 0   -49.5 0   -13.6 0    72.8 0     2.1 0   228.9 0   828.9 0
 2019   2  1  2  4  9  4.150 139.23    -2.3 0    -1.4 0     0.0 0     0.0 0   181.2 0   260.07 0   259.84 0   230.9 0   259.32 0   259.26 0     0.0 0     0.2 0     0.0 0   -49.8 0   -49.8 0   -13.6 0    72.8 0     2.1 0   232.5 0   828.9 0
 2019   2  1  2  4 10  4.167 139.41    -2.3 0    -1.2 0     0.0 0     0.0 0   181.6 0   260.10 0   259.91 0   230.3 0   259.32 0   259.26 0     0.0 0     0.2 0     0.0 0   -48.6 0   -48.6 0   -13.6 0    72.8 0     1.9 0   240.1 0   828.8 0
 2019   2  1  2  4 11  4.183 139.60    -2.1 0    -1.0 0     0.0 0     0.0 0   181.5 0   260.14 0   259.91 0   230.0 0   259.34 0   259.26 0     0.0 0     0.2 0     0.0 0   -48.6 0   -48.6 0   -13.6 0    72.8 0     1.7 0   246.9 0   828.8 0
 2019   2  1  2  4 12  4.200 139.79    -1.8 0    -1.0 0     0.2 0     0.0 0   181.6 0   260.16 0   259.90 0   229.6 0   259.35 0   259.26 0     0.0 0     0.2 0     0.0 0   -48.0 0   -48.0 0   -13.9 0    73.1 0     1.6 0   251.0 0   828.8 0
 2019   2  1  2  4 13  4.217 139.97    -1.8 0    -1.0 0     0.4 0     0.0 0   181.8 0   260.17 0   259.95 0   229.3 0   259.35 0   259.26 0     0.0 0     0.2 0     0.0 0   -47.5 0   -47.5 0   -14.0 0    73.5 0     1.6 0   246.5 0   828.8 0
 2019   2  1  2  4 14  4.233 140.16    -1.8 0    -1.0 0     0.3 0     0.0 0   182.0 0   260.20 0   259.97 0   229.3 0   259.35 0   259.27 0     0.0 0     0.2 0     0.0 0   -47.3 0   -47.3 0   -14.0 0    73.7 0     1.6 0   239.6 0   828.7 0
 2019   2  1  2  4 15  4.250 140.35    -1.8 0    -1.0 0     0.3 0     0.0 0   182.1 0   260.22 0   260.00 0   229.0 0   259.35 0   259.29 0     0.0 0     0.2 0     0.0 0   -46.9 0   -46.9 0   -13.9 0    73.8 0     1.6 0   230.0 0   828.7 0
 2019   2  1  2  4 16  4.267 140.53    -1.8 0    -1.0 0     0.2 0     0.0 0   182.3 0   260.25 0   260.07 0   229.1 0   259.35 0   259.30 0     0.0 0     0.2 0     0.0 0   -46.8 0   -46.8 0   -13.8 0    73.5 0     1.8 0   223.0 0   828.7 0
 2019   2  1  2  4 17  4.283 140.72    -1.8 0    -1.1 0     0.0 0     0.0 0   182.0 0   260.29 0   260.11 0   229.8 0   259.37 0   259.32 0     0.0 0     0.2 0     0.0 0   -47.8 0   -47.8 0   -13.6 0    73.3 0     2.0 0   221.0 0   828.7 0
 2019   2  1  2  4 18  4.300 140.91    -1.8 0    -1.4 0     0.0 0     0.0 0   181.7 0   260.33 0   260.12 0   230.4 0   259.38 0   259.33 0     0.0 0     0.2 0     0.0 0   -48.7 0   -48.7 0   -13.5 0    73.5 0     2.1 0   221.0 0   828.7 0
 2019   2  1  2  4 19  4.317 141.09    -1.8 0    -1.4 0     0.0 0     0.0 0   181.6 0   260.37 0   260.11 0   231.4 0   259.38 0   259.35 0     0.0 0     0.2 0     0.0 0   -49.7 0   -49.7 0   -13.5 0    73.3 0     2.1 0   227.7 0   828.7 0
 2019   2  1  2  4 20  4.333 141.28    -1.8 0    -1.4 0     0.0 0     0.0 0   181.6 0   260.38 0   260.11 0   232.6 0   259.40 0   259.35 0     0.0 0     0.2 0     0.0 0   -50.9 0   -50.9 0   -13.5 0    73.7 0     1.9 0   233.1 0   828.7 0
 2019   2  1  2  4 21  4.350 141.46    -1.8 0    -1.1 0     0.0 0     0.0 0   181.5 0   260.38 0   260.10 0   232.5 0   259.41 0   259.35 0     0.0 0     0.2 0     0.0 0   -51.0 0   -51.0 0   -13.6 0    73.9 0     1.8 0   244.1 0   828.7 0
 2019   2  1  2  4 22  4.367 141.65    -1.8 0    -1.0 0     0.3 0     0.0 0   182.0 0   260.38 0   260.13 0   231.7 0   259.43 0   259.35 0     0.0 0     0.2 0     0.0 0   -49.7 0   -49.7 0   -13.6 0    74.6 0     1.5 0   255.7 0   828.7 0
 2019   2  1  2  4 23  4.383 141.83    -1.8 0    -1.0 0     0.2 0     0.0 0   182.2 0   260.39 0   260.15 0   230.4 0   259.43 0   259.35 0     0.0 0     0.2 0     0.0 0   -48.2 0   -48.2 0   -13.6 0    74.8 0     1.3 0   266.4 0   828.7 0
 2019   2  1  2  4 24  4.400 142.02    -1.8 0    -1.0 0     0.1 0     0.0 0   182.4 0   260.41 0   260.18 0   229.6 0   259.43 0   259.35 0     0.0 0     0.2 0     0.0 0   -47.2 0   -47.2 0   -13.6 0    74.7 0     1.3 0   265.9 0   828.6 0
 2019   2  1  2  4 25  4.417 142.20    -1.8 0    -1.0 0     0.0 0     0.0 0   182.4 0   260.43 0   260.19 0   229.2 0   259.43 0   259.35 0     0.0 0     0.2 0     0.0 0   -46.8 0   -46.8 0   -13.6 0    74.5 0     1.4 0   261.1 0   828.6 0
 2019   2  1  2  4 26  4.433 142.39    -1.8 0    -1.0 0     0.1 0     0.0 0   181.9 0   260.44 0   260.21 0   229.2 0   259.43 0   259.35 0     0.0 0     0.2 0     0.0 0   -47.3 0   -47.3 0   -13.6 0    74.4 0     1.6 0   253.9 0   828.6 0
 2019   2  1  2  4 27  4.450 142.57    -1.8 0    -1.0 0     0.2 0     0.0 0   182.0 0   260.45 0   260.22 0   229.5 0   259.43 0   259.35 0     0.0 0     0.2 0     0.0 0   -47.5 0   -47.5 0   -13.6 0    74.6 0     1.8 0   250.8 0   828.6 0
 2019   2  1  2  4 28  4.467 142.76    -1.8 0    -1.0 0     0.2 0     0.0 0   182.2 0   260.47 0   260.19 0   229.8 0   259.43 0   259.37 0     0.0 0     0.2 0     0.0 0   -47.6 0   -47.6 0   -13.6 0    74.9 0     1.9 0   250.9 0   828.6 0
 2019   2  1  2  4 29  4.483 142.94    -1.7 0    -1.0 0     0.4 0     0.0 0   182.3 0   260.46 0   260.13 0   229.8 0   259.43 0   259.38 0     0.0 0     0.2 0     0.0 0   -47.5 0   -47.5 0   -13.6 0    75.4 0     1.9 0   252.5 0   828.5 0
 2019   2  1  2  4 30  4.500 143.13    -1.4 0    -1.0 0     0.4 0     0.0 0   182.2 0   260.44 0   260.11 0   230.0 0   259.43 0   259.38 0     0.0 0     0.2 0     0.0 0   -47.7 0   -47.7 0   -13.7 0    75.3 0     2.1 0   254.0 0   828.5 0
 2019   2  1  2  4 31  4.517 143.31    -1.4 0    -1.0 0     0.4 0     0.0 0   182.3 0   260.41 0   260.06 0   230.8 0   259.45 0   259.38 0     0.0 0     0.2 0     0.0 0   -48.5 0   -48.5 0   -13.9 0    75.2 0     2.1 0   254.9 0   828.5 0
 2019   2  1  2  4 32  4.533 143.49    -1.4 0    -1.0 0     0.4 0     0.0 0   182.2 0   260.37 0   260.05 0   230.9 0   259.46 0   259.40 0     0.0 0     0.2 0     0.0 0   -48.6 0   -48.6 0   -13.9 0    75.3 0     2.2 0   253.4 0   828.5 0
 2019   2  1  2  4 33  4.550 143.68    -1.4 0    -1.0 0     0.4 0     0.0 0   182.0 0   260.34 0   260.03 0   230.1 0   259.47 0   259.42 0     0.0 0     0.2 0     0.0 0   -48.1 0   -48.1 0   -14.0 0    75.6 0     2.7 0   257.7 0   828.5 0
 2019   2  1  2  4 34  4.567 143.86    -1.1 0    -1.0 0     0.4 0     0.0 0   181.7 0   260.32 0   259.94 0   229.2 0   259.49 0   259.45 0     0.0 0     0.2 0     0.0 0   -47.6 0   -47.6 0   -14.0 0    77.9 0     3.1 0   267.0 0   828.5 0
 2019   2  1  2  4 35  4.583 144.04    -0.9 0    -1.3 0     0.4 0     0.0 0   181.5 0   260.26 0   259.81 0   229.5 0   259.52 0   259.50 0     0.0 0     0.2 0     0.0 0   -48.0 0   -48.0 0   -14.2 0    80.0 0     3.1 0   263.7 0   828.5 0
 2019   2  1  2  4 36  4.600 144.22    -0.9 0    -2.2 0     0.7 0     0.0 0   181.7 0   260.18 0   259.73 0   230.8 0   259.58 0   259.61 0     0.0 0     0.2 0     0.0 0   -49.1 0   -49.1 0   -14.4 0    80.3 0     3.2 0   259.4 0   828.5 0
 2019   2  1  2  4 37  4.617 144.41    -0.9 0    -2.4 0     0.7 0     0.0 0   181.9 0   260.10 0   259.75 0   232.1 0   259.68 0   259.70 0     0.0 0     0.2 0     0.0 0   -50.3 0   -50.3 0   -14.4 0    77.0 0     3.4 0   251.8 0   828.5 0
 2019   2  1  2  4 38  4.633 144.59    -1.0 0    -2.2 0     0.4 0     0.0 0   182.5 0   260.07 0   259.83 0   233.1 0   259.77 0   259.77 0     0.0 0     0.2 0     0.0 0   -50.5 0   -50.5 0   -14.3 0    75.7 0     3.0 0   246.9 0   828.5 0
 2019   2  1  2  4 39  4.650 144.77    -1.5 0    -1.7 0     0.2 0     0.0 0   182.5 0   260.08 0   259.87 0   232.3 0   259.85 0   259.83 0     0.0 0     0.2 0     0.0 0   -49.8 0   -49.8 0   -14.0 0    74.8 0     2.8 0   247.8 0   828.5 0
 2019   2  1  2  4 40  4.667 144.95    -1.8 0    -1.3 0     0.0 0     0.0 0   182.4 0   260.11 0   259.88 0   232.7 0   259.90 0   259.89 0     0.0 0     0.2 0     0.0 0   -50.3 0   -50.3 0   -13.8 0    74.3 0     2.9 0   243.7 0   828.5 0
 2019   2  1  2  4 41  4.683 145.13    -1.8 0    -0.7 0     0.0 0     0.0 0   182.3 0   260.14 0   259.92 0   234.4 0   259.94 0   259.88 0     0.0 0     0.2 0     0.0 0   -52.1 0   -52.1 0   -13.7 0    71.5 0     2.9 0   223.1 0   828.5 0
 2019   2  1  2  4 42  4.700 145.31    -1.8 0    -0.3 0     0.0 0     0.0 0   182.2 0   260.17 0   259.98 0   236.2 0   259.96 0   259.89 0     0.0 0     0.2 0     0.0 0   -54.0 0   -54.0 0   -13.6 0    72.9 0     2.8 0   221.7 0   828.5 0
 2019   2  1  2  4 43  4.717 145.50    -1.8 0    -0.3 0     0.0 0     0.0 0   182.1 0   260.21 0   259.99 0   236.2 0   259.97 0   259.93 0     0.0 0     0.2 0     0.0 0   -54.1 0   -54.1 0   -13.5 0    76.5 0     1.9 0   222.0 0   828.4 0
 2019   2  1  2  4 44  4.733 145.68    -1.8 0    -0.4 0     0.0 0     0.0 0   182.1 0   260.24 0   260.04 0   235.9 0   259.97 0   259.93 0     0.0 0     0.2 0     0.0 0   -53.8 0   -53.8 0   -13.4 0    75.9 0     2.1 0   236.8 0   828.5 0
 2019   2  1  2  4 45  4.750 145.86    -1.8 0    -0.3 0     0.0 0     0.0 0   181.9 0   260.28 0   260.05 0   235.5 0   259.97 0   259.91 0     0.0 0     0.2 0     0.0 0   -53.7 0   -53.7 0   -13.4 0    74.0 0     2.7 0   238.5 0   828.5 0
 2019   2  1  2  4 46  4.767 146.04    -1.8 0    -0.3 0     0.0 0     0.0 0   181.8 0   260.30 0   260.03 0   235.5 0   259.97 0   259.88 0     0.0 0     0.2 0     0.0 0   -53.7 0   -53.7 0   -13.4 0    74.5 0     3.0 0   239.6 0   828.5 0
 2019   2  1  2  4 47  4.783 146.22    -1.8 0    -0.6 0     0.1 0     0.0 0   181.8 0   260.30 0   259.97 0   236.1 0   259.95 0   259.89 0     0.0 0     0.2 0     0.0 0   -54.3 0   -54.3 0   -13.5 0    77.2 0     3.2 0   251.9 0   828.4 0
 2019   2  1  2  4 48  4.800 146.39    -1.7 0    -1.4 0     0.4 0     0.0 0   181.8 0   260.28 0   259.98 0   237.4 0   259.98 0   259.96 0     0.0 0     0.2 0     0.0 0   -55.6 0   -55.6 0   -13.7 0    81.2 0     3.5 0   251.1 0   828.4 0
 2019   2  1  2  4 49  4.817 146.57    -1.5 0    -1.9 0     0.4 0     0.0 0   181.9 0   260.27 0   259.96 0   238.0 0   260.02 0   260.02 0     0.0 0     0.2 0     0.0 0   -56.1 0   -56.1 0   -13.8 0    77.4 0     3.7 0   245.7 0   828.3 0
 2019   2  1  2  4 50  4.833 146.75    -1.5 0    -2.1 0     0.4 0     0.0 0   182.5 0   260.27 0   260.02 0   238.4 0   260.10 0   260.09 0     0.0 0     0.2 0     0.0 0   -55.9 0   -55.9 0   -13.8 0    74.5 0     3.5 0   242.9 0   828.3 0
 2019   2  1  2  4 51  4.850 146.93    -1.8 0    -2.3 0     0.1 0     0.0 0   182.7 0   260.28 0   260.09 0   238.4 0   260.18 0   260.17 0     0.0 0     0.2 0     0.0 0   -55.8 0   -55.8 0   -13.6 0    73.2 0     3.6 0   245.4 0   828.3 0
 2019   2  1  2  4 52  4.867 147.11    -1.8 0    -2.2 0     0.0 0     0.0 0   182.7 0   260.32 0   260.06 0   238.5 0   260.25 0   260.24 0     0.0 0     0.2 0     0.0 0   -55.8 0   -55.8 0   -13.6 0    72.5 0     3.7 0   247.2 0   828.3 0
 2019   2  1  2  4 53  4.883 147.29    -1.8 0    -2.1 0     0.0 0     0.0 0   182.4 0   260.33 0   260.07 0   238.4 0   260.32 0   260.31 0     0.0 0     0.2 0     0.0 0   -56.0 0   -56.0 0   -13.6 0    72.1 0     3.9 0   249.7 0   828.3 0
 2019   2  1  2  4 54  4.900 147.46    -1.8 0    -2.0 0     0.1 0     0.0 0   182.2 0   260.33 0   260.07 0   238.3 0   260.40 0   260.39 0     0.0 0     0.2 0     0.0 0   -56.0 0   -56.0 0   -13.6 0    71.7 0     3.8 0   250.1 0   828.3 0
 2019   2  1  2  4 55  4.917 147.64    -1.8 0    -1.8 0     0.2 0     0.0 0   182.3 0   260.33 0   260.05 0   238.4 0   260.47 0   260.46 0     0.0 0     0.2 0     0.0 0   -56.1 0   -56.1 0   -13.7 0    71.2 0     3.8 0   252.3 0   828.3 0
 2019   2  1  2  4 56  4.933 147.82    -1.4 0    -1.7 0     0.4 0     0.0 0   182.3 0   260.33 0   260.03 0   239.1 0   260.55 0   260.54 0     0.0 0     0.2 0     0.0 0   -56.8 0   -56.8 0   -13.7 0    70.6 0     4.1 0   255.2 0   828.3 0
 2019   2  1  2  4 57  4.950 147.99    -1.4 0    -1.7 0     0.4 0     0.0 0   182.7 0   260.33 0   260.00 0   240.0 0   260.63 0   260.63 0     0.0 0     0.2 0     0.0 0   -57.3 0   -57.3 0   -13.8 0    70.5 0     4.2 0   255.6 0   828.3 0
 2019   2  1  2  4 58  4.967 148.17    -1.4 0    -1.7 0     0.4 0     0.0 0   182.5 0   260.30 0   259.99 0   240.5 0   260.71 0   260.71 0     0.0 0     0.2 0     0.0 0   -58.0 0   -58.0 0   -13.9 0    71.4 0     4.2 0   254.7 0   828.2 0
 2019   2  1  2  4 59  4.983 148.35    -1.4 0    -1.9 0     0.4 0     0.0 0   182.8 0   260.27 0   259.99 0   241.1 0   260.79 0   260.79 0     0.0 0     0.2 0     0.0 0   -58.3 0   -58.3 0   -13.9 0    72.8 0     3.9 0   252.9 0   828.2 0
 2019   2  1  2  5  0  5.000 148.52    -1.8 0    -1.8 0     0.4 0     0.0 0   182.9 0   260.27 0   260.02 0   241.5 0   260.88 0   260.87 0     0.0 0     0.2 0     0.0 0   -58.6 0   -58.6 0   -13.9 0    70.2 0     4.3 0   256.3 0   828.2 0
 2019   2  1  2  5  1  5.017 148.70    -1.8 0    -1.7 0     0.4 0     0.0 0   182.9 0   260.27 0   260.01 0   242.2 0   260.96 0   260.95 0     0.0 0     0.2 0     0.0 0   -59.4 0   -59.4 0   -13.9 0    72.3 0     4.1 0   254.1 0   828.2 0
 2019   2  1  2  5  2  5.033 148.87    -1.8 0    -1.7 0     0.3 0     0.0 0   182.8 0   260.28 0   260.05 0   242.6 0   261.03 0   261.03 0     0.0 0     0.2 0     0.0 0   -59.8 0   -59.8 0   -13.9 0    72.7 0     3.9 0   252.2 0   828.1 0
 2019   2  1  2  5  3  5.050 149.04    -1.8 0    -1.7 0     0.1 0     0.0 0   183.1 0   260.31 0   260.09 0   242.9 0   261.11 0   261.10 0     0.0 0     0.2 0     0.0 0   -59.8 0   -59.8 0   -13.8 0    72.2 0     3.7 0   249.8 0   828.1 0
 2019   2  1  2  5  4  5.067 149.22    -1.8 0    -1.7 0     0.0 0     0.0 0   183.0 0   260.33 0   260.17 0   242.6 0   261.19 0   261.17 0     0.0 0     0.2 0     0.0 0   -59.6 0   -59.6 0   -13.7 0    71.3 0     3.8 0   250.1 0   828.1 0
 2019   2  1  2  5  5  5.083 149.39    -1.8 0    -1.7 0     0.0 0     0.0 0   182.7 0   260.38 0   260.16 0   242.3 0   261.25 0   261.23 0     0.0 0     0.2 0     0.0 0   -59.6 0   -59.6 0   -13.6 0    71.3 0     3.5 0   250.1 0   828.1 0
 2019   2  1  2  5  6  5.100 149.56    -1.8 0    -1.7 0     0.0 0     0.0 0   182.5 0   260.41 0   260.19 0   241.5 0   261.32 0   261.29 0     0.0 0     0.2 0     0.0 0   -59.0 0   -59.0 0   -13.6 0    71.7 0     3.3 0   249.3 0   828.1 0
 2019   2  1  2  5  7  5.117 149.74    -1.8 0    -1.7 0     0.0 0     0.0 0   182.8 0   260.44 0   260.22 0   240.7 0   261.37 0   261.34 0     0.0 0     0.2 0     0.0 0   -58.0 0   -58.0 0   -13.5 0    71.2 0     3.1 0   248.3 0   828.1 0
 2019   2  1  2  5  8  5.133 149.91    -1.8 0    -1.7 0     0.0 0     0.0 0   182.7 0   260.46 0   260.28 0   239.9 0   261.42 0   261.39 0     0.0 0     0.2 0     0.0 0   -57.2 0   -57.2 0   -13.5 0    70.6 0     3.0 0   247.3 0   828.1 0
 2019   2  1  2  5  9  5.150 150.08    -1.8 0    -1.7 0     0.0 0     0.0 0   182.8 0   260.51 0   260.33 0   239.7 0   261.48 0   261.44 0     0.0 0     0.2 0     0.0 0   -56.9 0   -56.9 0   -13.4 0    69.7 0     2.9 0   241.8 0   828.1 0
 2019   2  1  2  5 10  5.167 150.25    -1.8 0    -1.6 0     0.0 0     0.0 0   182.9 0   260.56 0   260.42 0   239.4 0   261.53 0   261.49 0     0.0 0     0.2 0     0.0 0   -56.5 0   -56.5 0   -13.3 0    69.7 0     2.8 0   241.7 0   828.1 0
 2019   2  1  2  5 11  5.183 150.42    -1.8 0    -1.4 0     0.0 0     0.0 0   182.6 0   260.62 0   260.42 0   238.7 0   261.57 0   261.53 0     0.0 0     0.2 0     0.0 0   -56.1 0   -56.1 0   -13.3 0    70.3 0     2.9 0   248.1 0   828.1 0
 2019   2  1  2  5 12  5.200 150.59    -1.5 0    -1.6 0     0.1 0     0.0 0   182.6 0   260.65 0   260.36 0   238.6 0   261.61 0   261.58 0     0.0 0     0.2 0     0.0 0   -56.1 0   -56.1 0   -13.4 0    71.4 0     3.0 0   251.2 0   828.1 0
 2019   2  1  2  5 13  5.217 150.76    -1.4 0    -1.7 0     0.4 0     0.0 0   183.0 0   260.66 0   260.38 0   239.1 0   261.66 0   261.63 0     0.0 0     0.2 0     0.0 0   -56.2 0   -56.2 0   -13.6 0    70.2 0     2.9 0   255.6 0   828.1 0
 2019   2  1  2  5 14  5.233 150.93    -1.4 0    -1.7 0     0.4 0     0.0 0   182.7 0   260.66 0   260.36 0   239.4 0   261.72 0   261.70 0     0.0 0     0.2 0     0.0 0   -56.7 0   -56.7 0   -13.6 0    69.1 0     3.1 0   265.2 0   828.1 0
 2019   2  1  2  5 15  5.250 151.10    -1.3 0    -1.7 0     0.4 0     0.0 0   182.6 0   260.64 0   260.31 0   239.5 0   261.77 0   261.77 0     0.0 0     0.2 0     0.0 0   -56.9 0   -56.9 0   -13.7 0    68.2 0     3.4 0   265.1 0   828.2 0
 2019   2  1  2  5 16  5.267 151.27    -1.1 0    -1.7 0     0.4 0     0.0 0   182.7 0   260.62 0   260.31 0   239.3 0   261.84 0   261.84 0     0.0 0     0.2 0     0.0 0   -56.6 0   -56.6 0   -13.9 0    67.8 0     3.5 0   265.1 0   828.1 0
 2019   2  1  2  5 17  5.283 151.44    -1.3 0    -1.7 0     0.4 0     0.0 0   183.1 0   260.60 0   260.36 0   241.0 0   261.91 0   261.90 0     0.0 0     0.2 0     0.0 0   -57.9 0   -57.9 0   -13.8 0    67.4 0     3.1 0   266.2 0   828.1 0
 2019   2  1  2  5 18  5.300 151.60    -1.5 0    -1.7 0     0.4 0     0.0 0   183.3 0   260.62 0   260.42 0   241.2 0   261.98 0   261.97 0     0.0 0     0.2 0     0.0 0   -58.0 0   -58.0 0   -13.6 0    67.7 0     3.0 0   272.5 0   828.1 0
 2019   2  1  2  5 19  5.317 151.77    -1.8 0    -1.7 0     0.1 0     0.0 0   183.9 0   260.66 0   260.54 0   241.2 0   262.04 0   262.02 0     0.0 0     0.2 0     0.0 0   -57.3 0   -57.3 0   -13.3 0    67.9 0     2.9 0   276.9 0   828.1 0
 2019   2  1  2  5 20  5.333 151.94    -1.8 0    -1.7 0     0.0 0     0.0 0   183.8 0   260.73 0   260.67 0   240.3 0   262.09 0   262.08 0     0.0 0     0.2 0     0.0 0   -56.5 0   -56.5 0   -12.9 0    67.8 0     3.3 0   270.5 0   828.1 0
 2019   2  1  2  5 21  5.350 152.10    -1.8 0    -1.7 0     0.0 0     0.0 0   183.1 0   260.81 0   260.61 0   239.5 0   262.16 0   262.16 0     0.0 0     0.2 0     0.0 0   -56.4 0   -56.4 0   -12.9 0    68.4 0     3.2 0   272.6 0   828.1 0
 2019   2  1  2  5 22  5.367 152.27    -1.6 0    -1.7 0     0.0 0     0.0 0   183.0 0   260.85 0   260.55 0   238.4 0   262.22 0   262.21 0     0.0 0     0.2 0     0.0 0   -55.5 0   -55.5 0   -13.2 0    67.6 0     2.9 0   275.7 0   828.1 0
 2019   2  1  2  5 23  5.383 152.43    -1.4 0    -1.4 0     0.0 0     0.0 0   182.7 0   260.83 0   260.53 0   237.5 0   262.27 0   262.24 0     0.0 0     0.2 0     0.0 0   -54.8 0   -54.8 0   -13.6 0    66.6 0     2.8 0   278.2 0   828.1 0
 2019   2  1  2  5 24  5.400 152.59    -1.4 0    -1.1 0     0.0 0     0.0 0   183.0 0   260.82 0   260.58 0   237.3 0   262.31 0   262.27 0     0.0 0     0.2 0     0.0 0   -54.3 0   -54.3 0   -13.6 0    68.1 0     2.7 0   277.1 0   828.1 0
 2019   2  1  2  5 25  5.417 152.76    -1.4 0    -1.5 0     0.0 0     0.0 0   183.3 0   260.84 0   260.63 0   237.2 0   262.35 0   262.32 0     0.0 0     0.2 0     0.0 0   -53.9 0   -53.9 0   -13.5 0    68.6 0     2.6 0   272.2 0   828.0 0
 2019   2  1  2  5 26  5.433 152.92    -1.4 0    -1.3 0     0.0 0     0.0 0   183.6 0   260.87 0   260.73 0   237.8 0   262.39 0   262.35 0     0.0 0     0.2 0     0.0 0   -54.1 0   -54.1 0   -13.5 0    67.4 0     2.4 0   282.7 0   828.0 0
 2019   2  1  2  5 27  5.450 153.08    -1.7 0    -1.0 0     0.0 0     0.0 0   183.2 0   260.93 0   260.82 0   237.8 0   262.41 0   262.37 0     0.0 0     0.2 0     0.0 0   -54.5 0   -54.5 0   -13.1 0    68.4 0     2.3 0   284.0 0   828.0 0
 2019   2  1  2  5 28  5.467 153.24    -1.8 0    -1.1 0     0.0 0     0.0 0   183.5 0   261.00 0   260.89 0   237.6 0   262.44 0   262.40 0     0.0 0     0.2 0     0.0 0   -54.2 0   -54.2 0   -13.0 0    69.0 0     2.3 0   283.7 0   828.0 0
 2019   2  1  2  5 29  5.483 153.40    -1.8 0    -1.4 0     0.0 0     0.0 0   184.4 0   261.09 0   261.16 0   237.4 0   262.46 0   262.42 0     0.0 0     0.2 0     0.0 0   -53.0 0   -53.0 0   -12.8 0    69.1 0     2.3 0   281.9 0   828.0 0
 2019   2  1  2  5 30  5.500 153.56    -1.8 0    -1.5 0     0.0 0     0.0 0   184.6 0   261.24 0   261.39 0   237.8 0   262.50 0   262.46 0     0.0 0     0.2 0     0.0 0   -53.2 0   -53.2 0   -12.2 0    68.9 0     2.3 0   287.1 0   828.0 0
 2019   2  1  2  5 31  5.517 153.72    -1.8 0    -1.7 0     0.0 0     0.0 0   184.4 0   261.43 0   261.53 0   237.9 0   262.52 0   262.49 0     0.0 0     0.2 0     0.0 0   -53.5 0   -53.5 0   -11.8 0    68.5 0     2.3 0   283.5 0   828.0 0
 2019   2  1  2  5 32  5.533 153.88    -1.9 0    -1.7 0     0.0 0     0.0 0   184.3 0   261.60 0   261.70 0   237.3 0   262.55 0   262.52 0     0.0 0     0.2 0     0.0 0   -53.0 0   -53.0 0   -11.6 0    68.3 0     2.6 0   289.7 0   828.0 0
 2019   2  1  2  5 33  5.550 154.04    -1.8 0    -1.7 0     0.0 0     0.0 0   182.7 0   261.75 0   261.62 0   238.1 0   262.58 0   262.55 0     0.0 0     0.2 0     0.0 0   -55.4 0   -55.4 0   -11.9 0    69.4 0     3.4 0   290.1 0   828.0 0
 2019   2  1  2  5 34  5.567 154.19    -1.8 0    -1.5 0     0.0 0     0.0 0   182.0 0   261.82 0   261.53 0   240.6 0   262.61 0   262.57 0     0.0 0     0.2 0     0.0 0   -58.6 0   -58.6 0   -12.4 0    70.9 0     3.3 0   289.4 0   828.0 0
 2019   2  1  2  5 35  5.583 154.35    -1.8 0    -1.7 0     0.0 0     0.0 0   182.0 0   261.83 0   261.48 0   241.3 0   262.63 0   262.61 0     0.0 0     0.2 0     0.0 0   -59.4 0   -59.4 0   -12.7 0    71.2 0     3.2 0   286.2 0   828.0 0
 2019   2  1  2  5 36  5.600 154.51    -1.8 0    -1.6 0     0.0 0     0.0 0   181.3 0   261.80 0   261.37 0   240.1 0   262.67 0   262.63 0     0.0 0     0.2 0     0.0 0   -58.8 0   -58.8 0   -13.0 0    69.7 0     3.4 0   285.0 0   828.0 0
 2019   2  1  2  5 37  5.617 154.66    -1.4 0    -0.7 0     0.3 0     0.0 0   180.5 0   261.74 0   261.19 0   239.1 0   262.67 0   262.58 0     0.0 0     0.2 0     0.0 0   -58.5 0   -58.5 0   -13.4 0    71.3 0     3.9 0   290.7 0   828.0 0
 2019   2  1  2  5 38  5.633 154.82    -1.0 0    -0.2 0     0.4 0     0.0 0   179.9 0   261.62 0   261.00 0   238.6 0   262.64 0   262.52 0     0.0 0     0.2 0     0.0 0   -58.7 0   -58.7 0   -13.9 0    72.9 0     3.8 0   302.3 0   828.0 0
 2019   2  1  2  5 39  5.650 154.97    -0.9 0    -0.5 0     0.4 0     0.0 0   181.0 0   261.49 0   260.94 0   240.4 0   262.60 0   262.51 0     0.0 0     0.2 0     0.0 0   -59.4 0   -59.4 0   -14.1 0    78.3 0     3.8 0   297.7 0   827.9 0
 2019   2  1  2  5 40  5.667 155.12    -0.9 0    -0.8 0     0.4 0     0.0 0   180.3 0   261.38 0   260.84 0   239.7 0   262.58 0   262.47 0     0.0 0     0.2 0     0.0 0   -59.4 0   -59.4 0   -14.1 0    74.2 0     3.8 0   309.2 0   828.0 0
 2019   2  1  2  5 41  5.683 155.27    -0.9 0     0.1 0     0.4 0     0.0 0   179.7 0   261.26 0   260.66 0   239.1 0   262.53 0   262.37 0     0.0 0     0.2 0     0.0 0   -59.4 0   -59.4 0   -14.2 0    73.0 0     3.6 0   315.8 0   828.0 0
 2019   2  1  2  5 42  5.700 155.42    -0.9 0     0.2 0     0.2 0     0.0 0   179.6 0   261.12 0   260.49 0   239.5 0   262.44 0   262.31 0     0.0 0     0.2 0     0.0 0   -59.9 0   -59.9 0   -14.4 0    75.4 0     3.2 0   318.9 0   827.9 0
 2019   2  1  2  5 43  5.717 155.57    -0.9 0     0.1 0     0.1 0     0.0 0   179.7 0   260.97 0   260.35 0   238.7 0   262.37 0   262.25 0     0.0 0     0.2 0     0.0 0   -59.1 0   -59.1 0   -14.6 0    75.3 0     3.2 0   316.1 0   827.9 0
 2019   2  1  2  5 44  5.733 155.72    -0.9 0    -0.3 0     0.0 0     0.0 0   180.0 0   260.82 0   260.20 0   238.5 0   262.31 0   262.21 0     0.0 0     0.2 0     0.0 0   -58.5 0   -58.5 0   -14.7 0    75.2 0     2.9 0   323.3 0   827.9 0
 2019   2  1  2  5 45  5.750 155.87    -0.9 0    -0.3 0     0.0 0     0.0 0   179.9 0   260.68 0   260.11 0   237.8 0   262.26 0   262.16 0     0.0 0     0.2 0     0.0 0   -57.9 0   -57.9 0   -14.8 0    74.3 0     3.0 0   322.6 0   827.9 0
 2019   2  1  2  5 46  5.767 156.02    -0.6 0    -0.3 0     0.0 0     0.0 0   180.0 0   260.55 0   259.97 0   237.6 0   262.21 0   262.08 0     0.0 0     0.2 0     0.0 0   -57.6 0   -57.6 0   -14.8 0    72.5 0     2.9 0   323.9 0   827.9 0
 2019   2  1  2  5 47  5.783 156.16    -0.5 0    -0.3 0     0.0 0     0.0 0   180.1 0   260.42 0   259.89 0   237.3 0   262.15 0   262.04 0     0.0 0     0.2 0     0.0 0   -57.1 0   -57.1 0   -14.9 0    73.1 0     2.8 0   323.9 0   827.9 0
 2019   2  1  2  5 48  5.800 156.31    -0.5 0    -0.3 0     0.0 0     0.0 0   180.1 0   260.31 0   259.80 0   236.9 0   262.10 0   262.00 0     0.0 0     0.2 0     0.0 0   -56.8 0   -56.8 0   -14.9 0    72.7 0     2.8 0   319.1 0   827.9 0
 2019   2  1  2  5 49  5.817 156.45    -0.5 0    -0.3 0     0.0 0     0.0 0   180.2 0   260.20 0   259.69 0   236.9 0   262.05 0   261.96 0     0.0 0     0.2 0     0.0 0   -56.6 0   -56.6 0   -15.0 0    72.2 0     2.6 0   314.1 0   827.9 0
 2019   2  1  2  5 50  5.833 156.60    -0.5 0    -0.7 0     0.0 0     0.0 0   180.2 0   260.10 0   259.63 0   237.4 0   262.01 0   261.92 0     0.0 0     0.2 0     0.0 0   -57.1 0   -57.1 0   -15.1 0    74.9 0     2.4 0   308.5 0   827.9 0
 2019   2  1  2  5 51  5.850 156.74    -0.5 0    -1.0 0     0.0 0     0.0 0   180.6 0   260.01 0   259.57 0   237.0 0   261.97 0   261.90 0     0.0 0     0.2 0     0.0 0   -56.4 0   -56.4 0   -15.0 0    73.3 0     2.3 0   309.3 0   827.8 0
 2019   2  1  2  5 52  5.867 156.88    -0.5 0    -1.0 0     0.0 0     0.0 0   180.6 0   259.94 0   259.55 0   236.2 0   261.94 0   261.85 0     0.0 0     0.2 0     0.0 0   -55.6 0   -55.6 0   -15.0 0    71.4 0     2.2 0   305.4 0   827.9 0
 2019   2  1  2  5 53  5.883 157.02    -0.8 0    -1.0 0     0.0 0     0.0 0   180.9 0   259.89 0   259.54 0   235.8 0   261.90 0   261.81 0     0.0 0     0.2 0     0.0 0   -54.9 0   -54.9 0   -14.9 0    73.4 0     2.1 0   297.3 0   827.9 0
 2019   2  1  2  5 54  5.900 157.16    -0.9 0    -1.0 0     0.0 0     0.0 0   181.3 0   259.85 0   259.55 0   235.0 0   261.87 0   261.80 0     0.0 0     0.2 0     0.0 0   -53.7 0   -53.7 0   -14.8 0    74.4 0     1.9 0   294.7 0   827.9 0
 2019   2  1  2  5 55  5.917 157.30    -0.9 0    -1.0 0     0.0 0     0.0 0   180.9 0   259.83 0   259.52 0   234.4 0   261.85 0   261.77 0     0.0 0     0.2 0     0.0 0   -53.6 0   -53.6 0   -14.7 0    73.4 0     1.9 0   297.0 0   827.9 0
 2019   2  1  2  5 56  5.933 157.43    -0.9 0    -1.0 0     0.0 0     0.0 0   181.2 0   259.82 0   259.53 0   233.8 0   261.83 0   261.74 0     0.0 0     0.2 0     0.0 0   -52.6 0   -52.6 0   -14.6 0    70.9 0     1.9 0   301.5 0   827.9 0
 2019   2  1  2  5 57  5.950 157.57    -1.2 0    -1.0 0     0.0 0     0.0 0   181.4 0   259.82 0   259.63 0   233.4 0   261.80 0   261.71 0     0.0 0     0.2 0     0.0 0   -52.0 0   -52.0 0   -14.5 0    70.8 0     1.9 0   306.3 0   827.9 0
 2019   2  1  2  5 58  5.967 157.70    -1.4 0    -1.0 0     0.0 0     0.0 0   181.1 0   259.85 0   259.66 0   233.1 0   261.76 0   261.68 0     0.0 0     0.2 0     0.0 0   -52.1 0   -52.1 0   -14.2 0    70.0 0     2.1 0   314.5 0   827.9 0
 2019   2  1  2  5 59  5.983 157.84    -1.1 0    -1.0 0     0.0 0     0.0 0   180.6 0   259.88 0   259.63 0   233.7 0   261.74 0   261.65 0     0.0 0     0.2 0     0.0 0   -53.1 0   -53.1 0   -14.1 0    70.1 0     2.3 0   314.0 0   827.9 0
 2019   2  1  2  6  0  6.000 157.97    -0.9 0    -1.0 0     0.0 0     0.0 0   180.5 0   259.88 0   259.62 0   233.6 0   261.70 0   261.63 0     0.0 0     0.2 0     0.0 0   -53.1 0   -53.1 0   -14.3 0    72.6 0     2.0 0   309.1 0   827.9 0
 2019   2  1  2  6  1  6.017 158.10    -1.0 0    -1.0 0     0.0 0     0.0 0   180.6 0   259.88 0   259.66 0   233.3 0   261.67 0   261.60 0     0.0 0     0.2 0     0.0 0   -52.7 0   -52.7 0   -14.3 0    71.5 0     1.9 0   316.7 0   827.8 0
 2019   2  1  2  6  2  6.033 158.23    -1.6 0    -1.0 0     0.0 0     0.0 0   180.8 0   259.92 0   259.74 0   233.0 0   261.65 0   261.58 0     0.0 0     0.2 0     0.0 0   -52.2 0   -52.2 0   -14.0 0    71.3 0     2.1 0   315.2 0   827.8 0
 2019   2  1  2  6  3  6.050 158.36    -1.5 0    -1.0 0     0.0 0     0.0 0   180.6 0   259.95 0   259.70 0   234.1 0   261.63 0   261.54 0     0.0 0     0.2 0     0.0 0   -53.5 0   -53.5 0   -13.9 0    71.5 0     2.4 0   313.0 0   827.8 0
 2019   2  1  2  6  4  6.067 158.49    -1.4 0    -1.0 0     0.0 0     0.0 0   180.4 0   259.97 0   259.71 0   234.5 0   261.59 0   261.54 0     0.0 0     0.2 0     0.0 0   -54.0 0   -54.0 0   -14.0 0    71.3 0     2.7 0   314.2 0   827.8 0
 2019   2  1  2  6  5  6.083 158.61    -1.4 0    -1.0 0     0.0 0     0.0 0   180.5 0   259.99 0   259.70 0   235.3 0   261.58 0   261.51 0     0.0 0     0.2 0     0.0 0   -54.8 0   -54.8 0   -14.1 0    71.7 0     2.8 0   313.2 0   827.8 0
 2019   2  1  2  6  6  6.100 158.74    -1.4 0    -1.0 0     0.0 0     0.0 0   180.6 0   259.99 0   259.68 0   235.8 0   261.56 0   261.51 0     0.0 0     0.2 0     0.0 0   -55.2 0   -55.2 0   -14.2 0    72.8 0     2.6 0   309.8 0   827.9 0
 2019   2  1  2  6  7  6.117 158.86    -1.4 0    -1.1 0     0.0 0     0.0 0   180.6 0   259.99 0   259.71 0   236.0 0   261.56 0   261.51 0     0.0 0     0.2 0     0.0 0   -55.3 0   -55.3 0   -14.3 0    73.7 0     2.5 0   307.9 0   827.9 0
 2019   2  1  2  6  8  6.133 158.98    -1.4 0    -1.2 0     0.1 0     0.0 0   180.9 0   259.99 0   259.75 0   235.9 0   261.56 0   261.52 0     0.0 0     0.2 0     0.0 0   -55.0 0   -55.0 0   -14.2 0    72.8 0     2.4 0   310.5 0   827.9 0
 2019   2  1  2  6  9  6.150 159.10    -1.8 0    -1.0 0     0.0 0     0.0 0   180.7 0   259.99 0   259.77 0   235.6 0   261.56 0   261.51 0     0.0 0     0.2 0     0.0 0   -54.9 0   -54.9 0   -14.1 0    71.2 0     2.3 0   311.0 0   827.9 0
 2019   2  1  2  6 10  6.167 159.22    -1.8 0    -1.0 0     0.0 0     0.0 0   180.7 0   260.02 0   259.80 0   234.8 0   261.56 0   261.51 0     0.0 0     0.2 0     0.0 0   -54.1 0   -54.1 0   -13.9 0    71.7 0     2.2 0   310.2 0   827.9 0
 2019   2  1  2  6 11  6.183 159.34    -1.8 0    -1.0 0     0.1 0     0.0 0   180.6 0   260.05 0   259.87 0   233.6 0   261.56 0   261.51 0     0.0 0     0.2 0     0.0 0   -53.0 0   -53.0 0   -13.7 0    70.7 0     2.1 0   315.8 0   827.9 0
 2019   2  1  2  6 12  6.200 159.46    -1.8 0    -1.0 0     0.0 0     0.0 0   180.6 0   260.10 0   259.99 0   232.6 0   261.54 0   261.48 0     0.0 0     0.2 0     0.0 0   -51.9 0   -51.9 0   -13.4 0    69.9 0     2.0 0   317.7 0   827.8 0
 2019   2  1  2  6 13  6.217 159.57    -1.8 0    -1.0 0     0.1 0     0.0 0   181.0 0   260.18 0   260.13 0   231.8 0   261.54 0   261.48 0     0.0 0     0.2 0     0.0 0   -50.8 0   -50.8 0   -13.2 0    71.1 0     1.8 0   323.3 0   827.8 0
 2019   2  1  2  6 14  6.233 159.69    -2.2 0    -1.0 0     0.1 0     0.0 0   181.5 0   260.28 0   260.29 0   231.3 0   261.54 0   261.46 0     0.0 0     0.2 0     0.0 0   -49.8 0   -49.8 0   -12.8 0    71.9 0     1.4 0   332.2 0   827.8 0
 2019   2  1  2  6 15  6.250 159.80    -2.7 0    -1.0 0     0.0 0     0.0 0   181.7 0   260.41 0   260.46 0   230.7 0   261.53 0   261.45 0     0.0 0     0.2 0     0.0 0   -49.0 0   -49.0 0   -12.4 0    73.4 0     1.2 0   328.4 0   827.7 0
 2019   2  1  2  6 16  6.267 159.91    -2.7 0    -1.0 0     0.0 0     0.0 0   181.4 0   260.56 0   260.63 0   230.2 0   261.51 0   261.46 0     0.0 0     0.2 0     0.0 0   -48.8 0   -48.8 0   -12.1 0    72.8 0     1.2 0   323.6 0   827.7 0
 2019   2  1  2  6 17  6.283 160.01    -2.7 0    -1.0 0     0.0 0     0.0 0   181.1 0   260.71 0   260.76 0   230.9 0   261.51 0   261.47 0     0.0 0     0.2 0     0.0 0   -49.7 0   -49.7 0   -11.8 0    72.9 0     1.5 0   319.7 0   827.7 0
 2019   2  1  2  6 18  6.300 160.12    -2.7 0    -1.0 0     0.2 0     0.1 0   181.0 0   260.86 0   260.91 0   230.7 0   261.51 0   261.46 0     0.0 0     0.2 0     0.0 0   -49.7 0   -49.7 0   -11.7 0    73.3 0     1.3 0   317.3 0   827.7 0
 2019   2  1  2  6 19  6.317 160.23    -2.7 0    -1.0 0     0.4 0     0.0 0   180.7 0   261.01 0   260.96 0   230.3 0   261.51 0   261.46 0     0.0 0     0.2 0     0.0 0   -49.6 0   -49.6 0   -11.6 0    72.4 0     1.0 0   325.9 0   827.7 0
 2019   2  1  2  6 20  6.333 160.33    -2.7 0    -1.0 0     0.4 0     0.0 0   180.8 0   261.12 0   261.07 0   230.1 0   261.51 0   261.45 0     0.0 0     0.2 0     0.0 0   -49.3 0   -49.3 0   -11.7 0    72.7 0     0.9 0   327.4 0   827.7 0
 2019   2  1  2  6 21  6.350 160.43    -3.1 0    -1.0 0     0.4 0     0.0 0   181.1 0   261.24 0   261.23 0   229.7 0   261.50 0   261.45 0     0.0 0     0.2 0     0.0 0   -48.5 0   -48.5 0   -11.6 0    72.7 0     1.0 0   313.5 0   827.7 0
 2019   2  1  2  6 22  6.367 160.53    -3.2 0    -1.0 0     0.4 0     0.0 0   180.7 0   261.37 0   261.37 0   229.3 0   261.49 0   261.43 0     0.0 0     0.2 0     0.0 0   -48.5 0   -48.5 0   -11.4 0    73.1 0     1.1 0   310.7 0   827.7 0
 2019   2  1  2  6 23  6.383 160.63    -3.2 0    -1.1 0     0.4 0     0.0 0   180.7 0   261.49 0   261.45 0   228.7 0   261.48 0   261.43 0     0.0 0     0.2 0     0.0 0   -48.0 0   -48.0 0   -11.4 0    73.5 0     0.9 0   323.5 0   827.7 0
 2019   2  1  2  6 24  6.400 160.73    -3.2 0    -1.1 0     0.4 0     0.0 0   180.5 0   261.60 0   261.53 0   228.4 0   261.47 0   261.41 0     0.0 0     0.2 0     0.0 0   -47.8 0   -47.8 0   -11.3 0    73.3 0     0.8 0   330.3 0   827.7 0
 2019   2  1  2  6 25  6.417 160.82    -3.2 0    -1.0 0     0.4 0     0.0 0   180.7 0   261.71 0   261.64 0   228.0 0   261.45 0   261.39 0     0.0 0     0.2 0     0.0 0   -47.3 0   -47.3 0   -11.2 0    73.5 0     0.9 0   333.2 0   827.7 0
 2019   2  1  2  6 26  6.433 160.91    -3.2 0    -1.0 0     0.4 0     0.0 0   180.5 0   261.81 0   261.74 0   227.8 0   261.44 0   261.40 0     0.0 0     0.2 0     0.0 0   -47.3 0   -47.3 0   -11.1 0    74.1 0     1.3 0   331.1 0   827.7 0
 2019   2  1  2  6 27  6.450 161.00    -3.2 0    -1.1 0     0.4 0     0.0 0   180.2 0   261.91 0   261.79 0   227.6 0   261.43 0   261.39 0     0.0 0     0.2 0     0.0 0   -47.4 0   -47.4 0   -11.1 0    74.4 0     1.4 0   333.4 0   827.7 0
 2019   2  1  2  6 28  6.467 161.09    -3.2 0    -1.1 0     0.4 0     0.0 0   179.9 0   261.99 0   261.81 0   227.9 0   261.43 0   261.38 0     0.0 0     0.2 0     0.0 0   -48.0 0   -48.0 0   -11.1 0    74.2 0     1.4 0   320.5 0   827.7 0
 2019   2  1  2  6 29  6.483 161.18    -2.9 0    -1.4 0     0.4 0     0.0 0   180.2 0   262.04 0   261.86 0   228.3 0   261.43 0   261.37 0     0.0 0     0.2 0     0.0 0   -48.1 0   -48.1 0   -11.3 0    74.9 0     1.3 0   334.8 0   827.7 0
 2019   2  1  2  6 30  6.500 161.26    -3.2 0    -1.4 0     0.4 0     0.0 0   180.5 0   262.10 0   261.98 0   227.8 0   261.43 0   261.38 0     0.0 0     0.2 0     0.0 0   -47.4 0   -47.4 0   -11.3 0    74.9 0     1.0 0   332.0 0   827.7 0
 2019   2  1  2  6 31  6.517 161.35    -3.1 0    -1.1 0     0.4 0     0.0 0   180.1 0   262.18 0   262.03 0   227.4 0   261.43 0   261.38 0     0.0 0     0.2 0     0.0 0   -47.4 0   -47.4 0   -11.1 0    74.2 0     0.8 0   331.2 0   827.7 0
 2019   2  1  2  6 32  6.533 161.43    -2.8 0    -1.0 0     0.4 0     0.0 0   179.3 0   262.24 0   262.00 0   228.1 0   261.43 0   261.35 0     0.0 0     0.2 0     0.0 0   -48.8 0   -48.8 0   -11.1 0    73.4 0     0.8 0   319.2 0   827.7 0
 2019   2  1  2  6 33  6.550 161.51    -2.7 0    -1.0 0     0.4 0     0.0 0   179.3 0   262.27 0   262.01 0   228.1 0   261.41 0   261.32 0     0.0 0     0.2 0     0.0 0   -48.8 0   -48.8 0   -11.3 0    73.8 0     0.6 0   322.0 0   827.7 0
 2019   2  1  2  6 34  6.567 161.58    -2.7 0    -1.0 0     0.4 0     0.0 0   179.4 0   262.29 0   262.08 0   227.3 0   261.39 0   261.32 0     0.0 0     0.2 0     0.0 0   -47.9 0   -47.9 0   -11.3 0    74.3 0     0.3 0   320.1 0   827.7 0
 2019   2  1  2  6 35  6.583 161.66    -2.7 0    -1.0 0     0.4 0     0.0 0   179.2 0   262.34 0   262.15 0   226.9 0   261.37 0   261.31 0     0.0 0     0.2 0     0.0 0   -47.7 0   -47.7 0   -11.2 0    74.8 0     0.0 0   319.2 0   827.7 0
 2019   2  1  2  6 36  6.600 161.73    -2.5 0    -1.0 0     0.4 0     0.0 0   179.1 0   262.40 0   262.22 0   226.5 0   261.35 0   261.28 0     0.0 0     0.2 0     0.0 0   -47.4 0   -47.4 0   -11.2 0    74.7 0 -9999.9 1 -9999.9 1   827.7 0
 2019   2  1  2  6 37  6.617 161.80    -2.3 0    -1.0 0     0.4 0     0.0 0   178.9 0   262.46 0   262.24 0   226.3 0   261.32 0   261.24 0     0.0 0     0.2 0     0.0 0   -47.5 0   -47.5 0   -11.1 0    74.4 0 -9999.9 1 -9999.9 1   827.7 0
 2019   2  1  2  6 38  6.633 161.87    -2.3 0    -1.0 0     0.4 0     0.0 0   178.7 0   262.50 0   262.24 0   225.8 0   261.30 0   261.23 0     0.0 0     0.2 0     0.0 0   -47.1 0   -47.1 0   -11.1 0    74.0 0     0.0 0    10.4 0   827.7 0
 2019   2  1  2  6 39  6.650 161.93    -2.1 0    -1.0 0     0.4 0     0.0 0   178.3 0   262.53 0   262.25 0   225.7 0   261.27 0   261.20 0     0.0 0     0.2 0     0.0 0   -47.4 0   -47.4 0   -11.2 0    73.1 0     0.2 0    12.6 0   827.7 0
 2019   2  1  2  6 40  6.667 162.00    -1.8 0    -1.0 0     0.4 0     0.0 0   178.3 0   262.55 0   262.20 0   225.5 0   261.23 0   261.16 0     0.0 0     0.2 0     0.0 0   -47.2 0   -47.2 0   -11.3 0    73.0 0     0.8 0    40.3 0   827.8 0
 2019   2  1  2  6 41  6.683 162.06    -1.8 0    -1.0 0     0.4 0     0.0 0   178.1 0   262.54 0   262.24 0   225.1 0   261.21 0   261.14 0     0.0 0     0.2 0     0.0 0   -47.0 0   -47.0 0   -11.4 0    72.9 0     0.8 0    62.0 0   827.8 0
 2019   2  1  2  6 42  6.700 162.12    -1.8 0    -1.0 0     0.4 0     0.0 0   178.2 0   262.55 0   262.24 0   224.9 0   261.19 0   261.11 0     0.0 0     0.2 0     0.0 0   -46.7 0   -46.7 0   -11.4 0    72.9 0     0.8 0    64.3 0   827.8 0
 2019   2  1  2  6 43  6.717 162.18    -1.8 0    -1.2 0     0.4 0     0.0 0   178.0 0   262.56 0   262.20 0   224.6 0   261.16 0   261.08 0     0.0 0     0.2 0     0.0 0   -46.5 0   -46.5 0   -11.4 0    72.1 0     0.9 0    60.5 0   827.8 0
 2019   2  1  2  6 44  6.733 162.23    -1.8 0    -1.3 0     0.4 0     0.0 0   177.6 0   262.53 0   262.18 0   224.5 0   261.14 0   261.05 0     0.0 0     0.2 0     0.0 0   -46.9 0   -46.9 0   -11.5 0    71.6 0     0.8 0    58.4 0   827.8 0
 2019   2  1  2  6 45  6.750 162.28    -1.8 0    -1.4 0     0.4 0     0.0 0   177.5 0   262.51 0   262.19 0   224.2 0   261.11 0   261.01 0     0.0 0     0.2 0     0.0 0   -46.8 0   -46.8 0   -11.5 0    71.2 0     1.1 0    69.3 0   827.8 0
 2019   2  1  2  6 46  6.767 162.33    -1.8 0    -1.6 0     0.4 0     0.0 0   177.8 0   262.51 0   262.21 0   224.3 0   261.09 0   260.99 0     0.0 0     0.2 0     0.0 0   -46.5 0   -46.5 0   -11.5 0    70.1 0     1.3 0    77.9 0   827.8 0
 2019   2  1  2  6 47  6.783 162.38    -1.8 0    -1.7 0     0.4 0     0.0 0   177.9 0   262.52 0   262.24 0   224.0 0   261.07 0   260.98 0     0.0 0     0.2 0     0.0 0   -46.1 0   -46.1 0   -11.5 0    69.6 0     1.2 0    78.7 0   827.8 0
 2019   2  1  2  6 48  6.800 162.43    -1.8 0    -1.7 0     0.4 0     0.0 0   178.0 0   262.55 0   262.27 0   224.1 0   261.05 0   260.95 0     0.0 0     0.2 0     0.0 0   -46.0 0   -46.0 0   -11.5 0    69.5 0     0.9 0    72.9 0   827.8 0
 2019   2  1  2  6 49  6.817 162.47    -1.8 0    -1.7 0     0.4 0     0.0 0   178.1 0   262.57 0   262.28 0   224.0 0   261.03 0   260.93 0     0.0 0     0.2 0     0.0 0   -45.9 0   -45.9 0   -11.4 0    69.6 0     0.8 0    61.2 0   827.8 0
 2019   2  1  2  6 50  6.833 162.51    -1.8 0    -1.7 0     0.4 0     0.0 0   178.2 0   262.59 0   262.27 0   223.9 0   261.00 0   260.91 0     0.0 0     0.2 0     0.0 0   -45.7 0   -45.7 0   -11.4 0    69.5 0     0.7 0    53.3 0   827.9 0
 2019   2  1  2  6 51  6.850 162.55    -1.4 0    -1.7 0     0.4 0     0.0 0   178.1 0   262.59 0   262.23 0   224.3 0   260.99 0   260.89 0     0.0 0     0.2 0     0.0 0   -46.1 0   -46.1 0   -11.4 0    69.6 0     0.5 0    40.3 0   827.9 0
 2019   2  1  2  6 52  6.867 162.58    -1.4 0    -1.7 0     0.4 0     0.0 0   177.8 0   262.56 0   262.12 0   224.5 0   260.96 0   260.87 0     0.0 0     0.2 0     0.0 0   -46.7 0   -46.7 0   -11.6 0    69.7 0     0.5 0    31.4 0   827.9 0
 2019   2  1  2  6 53  6.883 162.61    -1.4 0    -1.7 0     0.4 0     0.0 0   178.0 0   262.51 0   262.09 0   224.6 0   260.93 0   260.84 0     0.0 0     0.2 0     0.0 0   -46.6 0   -46.6 0   -11.8 0    69.6 0     0.4 0    29.6 0   827.9 0
 2019   2  1  2  6 54  6.900 162.64    -1.4 0    -1.7 0     0.4 0     0.0 0   178.1 0   262.47 0   262.07 0   224.3 0   260.90 0   260.80 0     0.0 0     0.2 0     0.0 0   -46.2 0   -46.2 0   -11.9 0    69.7 0     0.2 0    29.6 0   827.9 0
 2019   2  1  2  6 55  6.917 162.67    -1.8 0    -1.7 0     0.4 0     0.0 0   178.4 0   262.43 0   262.08 0   224.1 0   260.88 0   260.78 0     0.0 0     0.2 0     0.0 0   -45.7 0   -45.7 0   -11.9 0    69.8 0     0.4 0    38.9 0   827.9 0
 2019   2  1  2  6 56  6.933 162.70    -1.8 0    -1.7 0     0.4 0     0.0 0   178.3 0   262.41 0   262.12 0   224.0 0   260.84 0   260.74 0     0.0 0     0.2 0     0.0 0   -45.7 0   -45.7 0   -11.8 0    70.1 0     0.6 0    54.4 0   827.9 0
 2019   2  1  2  6 57  6.950 162.72    -1.4 0    -1.7 0     0.4 0     0.0 0   178.6 0   262.43 0   262.15 0   224.2 0   260.82 0   260.72 0     0.0 0     0.2 0     0.0 0   -45.6 0   -45.6 0   -11.7 0    70.7 0     0.8 0    58.8 0   827.9 0
 2019   2  1  2  6 58  6.967 162.74    -1.4 0    -1.7 0     0.5 0     0.0 0   178.3 0   262.44 0   262.14 0   224.2 0   260.79 0   260.69 0     0.0 0     0.2 0     0.0 0   -45.9 0   -45.9 0   -11.6 0    71.2 0     0.9 0    50.0 0   827.9 0
 2019   2  1  2  6 59  6.983 162.76    -1.4 0    -1.7 0     0.4 0     0.0 0   178.7 0   262.46 0   262.14 0   224.2 0   260.77 0   260.67 0     0.0 0     0.2 0     0.0 0   -45.6 0   -45.6 0   -11.6 0    71.7 0     0.9 0    46.1 0   827.9 0
 2019   2  1  2  7  0  7.000 162.77    -1.4 0    -1.7 0     0.4 0     0.0 0   178.9 0   262.46 0   262.14 0   223.9 0   260.74 0   260.67 0     0.0 0     0.2 0     0.0 0   -45.0 0   -45.0 0   -11.6 0    71.2 0     1.1 0    43.3 0   828.0 0
 2019   2  1  2  7  1  7.017 162.78    -1.4 0    -1.7 0     0.5 0     0.0 0   178.8 0   262.45 0   262.13 0   224.1 0   260.72 0   260.64 0     0.0 0     0.2 0     0.0 0   -45.3 0   -45.3 0   -11.6 0    70.8 0     1.2 0    36.7 0   828.0 0
 2019   2  1  2  7  2  7.033 162.79    -1.8 0    -1.7 0     0.4 0     0.0 0   179.0 0   262.44 0   262.11 0   224.3 0   260.71 0   260.64 0     0.0 0     0.2 0     0.0 0   -45.3 0   -45.3 0   -11.6 0    70.7 0     1.3 0    31.7 0   828.0 0
 2019   2  1  2  7  3  7.050 162.80    -1.8 0    -1.7 0     0.4 0     0.0 0   179.1 0   262.44 0   262.13 0   224.6 0   260.70 0   260.64 0     0.0 0     0.2 0     0.0 0   -45.5 0   -45.5 0   -11.5 0    70.8 0     1.4 0    25.8 0   828.0 0
 2019   2  1  2  7  4  7.067 162.80    -1.8 0    -1.7 0     0.4 0     0.0 0   179.1 0   262.44 0   262.14 0   225.0 0   260.70 0   260.67 0     0.0 0     0.2 0     0.0 0   -45.9 0   -45.9 0   -11.5 0    71.0 0     1.6 0    23.7 0   828.0 0
 2019   2  1  2  7  5  7.083 162.81    -1.8 0    -1.7 0     0.4 0     0.0 0   179.1 0   262.44 0   262.14 0   225.8 0   260.70 0   260.68 0     0.0 0     0.2 0     0.0 0   -46.7 0   -46.7 0   -11.5 0    71.1 0     1.9 0    18.4 0   828.0 0
 2019   2  1  2  7  6  7.100 162.81    -1.8 0    -1.7 0     0.4 0     0.0 0   179.0 0   262.44 0   262.14 0   226.8 0   260.71 0   260.71 0     0.0 0     0.2 0     0.0 0   -47.8 0   -47.8 0   -11.5 0    71.4 0     2.1 0    19.0 0   828.0 0
 2019   2  1  2  7  7  7.117 162.80    -1.8 0    -1.7 0     0.4 0     0.0 0   178.8 0   262.44 0   262.14 0   228.0 0   260.73 0   260.73 0     0.0 0     0.2 0     0.0 0   -49.1 0   -49.1 0   -11.5 0    72.3 0     2.2 0    19.7 0   828.0 0
 2019   2  1  2  7  8  7.133 162.80    -1.8 0    -1.7 0     0.4 0     0.0 0   178.8 0   262.44 0   262.14 0   228.5 0   260.74 0   260.76 0     0.0 0     0.2 0     0.0 0   -49.7 0   -49.7 0   -11.5 0    71.6 0     2.4 0    19.7 0   828.0 0
 2019   2  1  2  7  9  7.150 162.79    -1.8 0    -1.7 0     0.4 0     0.0 0   179.1 0   262.44 0   262.15 0   229.2 0   260.78 0   260.80 0     0.0 0     0.2 0     0.0 0   -50.1 0   -50.1 0   -11.5 0    71.7 0     2.3 0    17.6 0   828.0 0
 2019   2  1  2  7 10  7.167 162.78    -1.8 0    -1.7 0     0.4 0     0.0 0   179.2 0   262.44 0   262.18 0   229.4 0   260.80 0   260.81 0     0.0 0     0.2 0     0.0 0   -50.2 0   -50.2 0   -11.4 0    71.2 0     2.2 0    20.1 0   828.0 0
 2019   2  1  2  7 11  7.183 162.76    -1.8 0    -1.7 0     0.4 0     0.0 0   179.6 0   262.46 0   262.21 0   229.2 0   260.83 0   260.82 0     0.0 0     0.2 0     0.0 0   -49.5 0   -49.5 0   -11.3 0    72.3 0     2.1 0    30.1 0   828.1 0
 2019   2  1  2  7 12  7.200 162.75    -1.8 0    -1.4 0     0.4 0     0.0 0   179.5 0   262.48 0   262.24 0   228.6 0   260.85 0   260.84 0     0.0 0     0.2 0     0.0 0   -49.1 0   -49.1 0   -11.2 0    72.8 0     2.1 0    31.7 0   828.1 0
 2019   2  1  2  7 13  7.217 162.73    -1.8 0    -1.4 0     0.4 0     0.0 0   179.6 0   262.52 0   262.26 0   228.8 0   260.89 0   260.85 0     0.0 0     0.2 0     0.0 0   -49.1 0   -49.1 0   -11.1 0    73.2 0     2.1 0    31.3 0   828.1 0
 2019   2  1  2  7 14  7.233 162.71    -1.8 0    -1.0 0     0.4 0     0.0 0   179.5 0   262.53 0   262.26 0   228.6 0   260.90 0   260.89 0     0.0 0     0.2 0     0.0 0   -49.1 0   -49.1 0   -11.1 0    74.8 0     2.0 0    30.1 0   828.1 0
 2019   2  1  2  7 15  7.250 162.68    -1.8 0    -1.0 0     0.4 0     0.0 0   179.3 0   262.55 0   262.28 0   228.4 0   260.94 0   260.90 0     0.0 0     0.2 0     0.0 0   -49.1 0   -49.1 0   -11.2 0    74.6 0     2.0 0    27.7 0   828.1 0
 2019   2  1  2  7 16  7.267 162.66    -1.8 0    -1.0 0     0.4 0     0.0 0   179.5 0   262.57 0   262.29 0   228.0 0   260.95 0   260.92 0     0.0 0     0.2 0     0.0 0   -48.5 0   -48.5 0   -11.2 0    72.3 0     1.8 0    26.0 0   828.1 0
 2019   2  1  2  7 17  7.283 162.63    -1.6 0    -1.0 0     0.4 0     0.0 0   178.8 0   262.57 0   262.20 0   229.3 0   260.97 0   260.94 0     0.0 0     0.2 0     0.0 0   -50.5 0   -50.5 0   -11.3 0    71.1 0     1.7 0    18.3 0   828.1 0
 2019   2  1  2  7 18  7.300 162.60    -1.4 0    -1.0 0     0.4 0     0.0 0   179.0 0   262.55 0   262.16 0   229.3 0   260.99 0   260.95 0     0.0 0     0.2 0     0.0 0   -50.3 0   -50.3 0   -11.6 0    72.1 0     1.8 0     8.1 0   828.1 0
 2019   2  1  2  7 19  7.317 162.56    -1.4 0    -1.1 0     0.4 0     0.0 0   179.0 0   262.52 0   262.14 0   229.2 0   261.00 0   260.97 0     0.0 0     0.2 0     0.0 0   -50.2 0   -50.2 0   -11.7 0    74.1 0     1.9 0     1.2 0   828.1 0
 2019   2  1  2  7 20  7.333 162.53    -1.4 0    -1.0 0     0.4 0     0.0 0   178.9 0   262.48 0   262.11 0   229.4 0   261.02 0   260.97 0     0.0 0     0.2 0     0.0 0   -50.5 0   -50.5 0   -11.7 0    74.5 0     1.8 0     0.7 0   828.2 0
 2019   2  1  2  7 21  7.350 162.49    -1.4 0    -1.0 0     0.4 0     0.0 0   179.4 0   262.47 0   262.09 0   229.2 0   261.04 0   261.00 0     0.0 0     0.2 0     0.0 0   -49.7 0   -49.7 0   -11.8 0    75.8 0     1.7 0     5.8 0   828.2 0
 2019   2  1  2  7 22  7.367 162.45    -1.3 0    -1.0 0     0.4 0     0.0 0   178.8 0   262.43 0   262.05 0   228.7 0   261.06 0   261.00 0     0.0 0     0.2 0     0.0 0   -49.9 0   -49.9 0   -11.8 0    75.5 0     1.6 0     3.5 0   828.2 0
 2019   2  1  2  7 23  7.383 162.40    -0.9 0    -1.0 0     0.4 0     0.0 0   178.6 0   262.39 0   261.93 0   228.4 0   261.06 0   261.00 0     0.0 0     0.2 0     0.0 0   -49.7 0   -49.7 0   -12.0 0    76.3 0     1.6 0     2.1 0   828.2 0
 2019   2  1  2  7 24  7.400 162.36    -0.9 0    -0.8 0     0.4 0     0.0 0   178.2 0   262.33 0   261.85 0   228.2 0   261.06 0   261.00 0     0.0 0     0.2 0     0.0 0   -50.0 0   -50.0 0   -12.1 0    75.8 0     1.7 0   354.4 0   828.2 0
 2019   2  1  2  7 25  7.417 162.31    -0.9 0    -0.8 0     0.1 0     0.0 0   177.9 0   262.24 0   261.68 0   229.2 0   261.06 0   261.00 0     0.0 0     0.2 0     0.0 0   -51.4 0   -51.4 0   -12.4 0    76.3 0     2.1 0   345.8 0   828.2 0
 2019   2  1  2  7 26  7.433 162.26    -0.7 0    -1.0 0     0.3 0     0.0 0   178.2 0   262.14 0   261.60 0   230.2 0   261.06 0   261.02 0     0.0 0     0.2 0     0.0 0   -52.0 0   -52.0 0   -12.7 0    77.2 0     2.1 0   350.8 0   828.2 0
 2019   2  1  2  7 27  7.450 162.20    -0.8 0    -1.0 0     0.3 0     0.0 0   178.4 0   262.04 0   261.51 0   230.9 0   261.10 0   261.06 0     0.0 0     0.2 0     0.0 0   -52.4 0   -52.4 0   -12.8 0    76.3 0     2.0 0   350.6 0   828.2 0
 2019   2  1  2  7 28  7.467 162.15    -0.5 0    -1.0 0     0.2 0     0.0 0   178.5 0   261.94 0   261.43 0   231.7 0   261.12 0   261.10 0     0.0 0     0.2 0     0.0 0   -53.1 0   -53.1 0   -12.9 0    75.2 0     2.0 0   346.5 0   828.2 0
 2019   2  1  2  7 29  7.483 162.09    -0.5 0    -1.0 0     0.2 0     0.0 0   178.5 0   261.85 0   261.38 0   232.1 0   261.16 0   261.13 0     0.0 0     0.2 0     0.0 0   -53.6 0   -53.6 0   -13.0 0    74.7 0     2.2 0   342.6 0   828.2 0
 2019   2  1  2  7 30  7.500 162.03    -0.7 0    -1.0 0     0.2 0     0.0 0   179.1 0   261.77 0   261.43 0   232.3 0   261.21 0   261.18 0     0.0 0     0.2 0     0.0 0   -53.2 0   -53.2 0   -12.8 0    74.2 0     2.4 0   344.8 0   828.2 0
 2019   2  1  2  7 31  7.517 161.97    -0.8 0    -1.0 0     0.0 0     0.0 0   178.9 0   261.76 0   261.40 0   232.9 0   261.25 0   261.23 0     0.0 0     0.2 0     0.0 0   -54.1 0   -54.1 0   -12.6 0    73.8 0     2.7 0   342.2 0   828.2 0
 2019   2  1  2  7 32  7.533 161.90    -0.4 0    -1.0 0     0.0 0     0.0 0   178.4 0   261.71 0   261.23 0   233.6 0   261.30 0   261.28 0     0.0 0     0.2 0     0.0 0   -55.3 0   -55.3 0   -12.7 0    74.4 0     2.5 0   338.0 0   828.2 0
 2019   2  1  2  7 33  7.550 161.83     0.0 0    -1.0 0     0.0 0     0.0 0   178.4 0   261.63 0   261.12 0   233.6 0   261.33 0   261.32 0     0.0 0     0.2 0     0.0 0   -55.2 0   -55.2 0   -13.0 0    74.9 0     2.3 0   338.1 0   828.2 0
 2019   2  1  2  7 34  7.567 161.76    -0.3 0    -1.0 0     0.0 0     0.0 0   179.0 0   261.55 0   261.18 0   232.7 0   261.37 0   261.34 0     0.0 0     0.2 0     0.0 0   -53.7 0   -53.7 0   -12.9 0    74.9 0     2.2 0   339.7 0   828.3 0
 2019   2  1  2  7 35  7.583 161.69    -0.5 0    -0.9 0     0.0 0     0.0 0   179.1 0   261.52 0   261.24 0   231.8 0   261.39 0   261.37 0     0.0 0     0.2 0     0.0 0   -52.7 0   -52.7 0   -12.7 0    75.1 0     2.1 0   336.3 0   828.3 0
 2019   2  1  2  7 36  7.600 161.62    -0.9 0    -0.8 0     0.0 0     0.0 0   179.2 0   261.52 0   261.25 0   231.5 0   261.42 0   261.37 0     0.0 0     0.2 0     0.0 0   -52.3 0   -52.3 0   -12.5 0    75.3 0     1.9 0   340.5 0   828.3 0
 2019   2  1  2  7 37  7.617 161.54    -1.1 0    -0.7 0     0.0 0     0.0 0   179.4 0   261.54 0   261.36 0   231.0 0   261.44 0   261.38 0     0.0 0     0.2 0     0.0 0   -51.6 0   -51.6 0   -12.3 0    75.6 0     2.0 0   345.5 0   828.3 0
 2019   2  1  2  7 38  7.633 161.47    -1.4 0    -0.7 0     0.0 0     0.0 0   179.3 0   261.58 0   261.44 0   231.0 0   261.44 0   261.39 0     0.0 0     0.2 0     0.0 0   -51.7 0   -51.7 0   -12.0 0    76.0 0     2.2 0   339.8 0   828.3 0
 2019   2  1  2  7 39  7.650 161.39    -1.5 0    -0.8 0     0.0 0     0.0 0   179.3 0   261.65 0   261.53 0   230.9 0   261.44 0   261.42 0     0.0 0     0.2 0     0.0 0   -51.6 0   -51.6 0   -11.7 0    76.0 0     2.3 0   335.9 0   828.3 0
 2019   2  1  2  7 40  7.667 161.30    -1.8 0    -1.0 0     0.0 0     0.0 0   179.2 0   261.72 0   261.55 0   231.4 0   261.47 0   261.43 0     0.0 0     0.2 0     0.0 0   -52.2 0   -52.2 0   -11.6 0    75.8 0     2.4 0   336.2 0   828.4 0
 2019   2  1  2  7 41  7.683 161.22    -1.6 0    -1.0 0     0.0 0     0.0 0   179.0 0   261.77 0   261.52 0   231.6 0   261.48 0   261.44 0     0.0 0     0.2 0     0.0 0   -52.6 0   -52.6 0   -11.7 0    76.3 0     2.5 0   332.7 0   828.4 0
 2019   2  1  2  7 42  7.700 161.13    -1.4 0    -1.0 0     0.0 0     0.0 0   178.9 0   261.79 0   261.49 0   231.7 0   261.50 0   261.49 0     0.0 0     0.2 0     0.0 0   -52.8 0   -52.8 0   -12.0 0    78.5 0     2.8 0   326.7 0   828.4 0
 2019   2  1  2  7 43  7.717 161.05    -1.1 0    -1.0 0     0.0 0     0.0 0   177.9 0   261.79 0   261.30 0   232.5 0   261.53 0   261.54 0     0.0 0     0.2 0     0.0 0   -54.6 0   -54.6 0   -12.4 0    78.7 0     3.0 0   332.4 0   828.4 0
 2019   2  1  2  7 44  7.733 160.96    -0.6 0    -1.2 0     0.0 0     0.0 0   178.8 0   261.71 0   261.21 0   233.4 0   261.56 0   261.56 0     0.0 0     0.2 0     0.0 0   -54.6 0   -54.6 0   -13.1 0    77.8 0     3.0 0   340.2 0   828.4 0
 2019   2  1  2  7 45  7.750 160.86    -1.0 0    -1.7 0     0.0 0     0.0 0   179.9 0   261.66 0   261.42 0   234.2 0   261.62 0   261.62 0     0.0 0     0.2 0     0.0 0   -54.3 0   -54.3 0   -12.9 0    77.0 0     3.3 0   340.6 0   828.5 0
 2019   2  1  2  7 46  7.767 160.77    -1.1 0    -1.7 0     0.0 0     0.0 0   179.6 0   261.67 0   261.46 0   234.7 0   261.68 0   261.67 0     0.0 0     0.2 0     0.0 0   -55.1 0   -55.1 0   -12.6 0    74.1 0     3.4 0   342.2 0   828.5 0
 2019   2  1  2  7 47  7.783 160.68    -0.9 0    -1.7 0     0.0 0     0.0 0   179.2 0   261.70 0   261.39 0   235.3 0   261.74 0   261.73 0     0.0 0     0.2 0     0.0 0   -56.1 0   -56.1 0   -12.5 0    73.3 0     3.7 0   345.6 0   828.5 0
 2019   2  1  2  7 48  7.800 160.58    -0.9 0    -1.7 0     0.0 0     0.0 0   178.8 0   261.69 0   261.30 0   235.1 0   261.81 0   261.80 0     0.0 0     0.2 0     0.0 0   -56.3 0   -56.3 0   -12.8 0    72.2 0     3.8 0   344.1 0   828.5 0
 2019   2  1  2  7 49  7.817 160.48    -0.9 0    -1.7 0     0.0 0     0.0 0   179.1 0   261.65 0   261.23 0   236.1 0   261.87 0   261.86 0     0.0 0     0.2 0     0.0 0   -57.0 0   -57.0 0   -13.0 0    72.7 0     3.8 0   350.0 0   828.5 0
 2019   2  1  2  7 50  7.833 160.38    -0.9 0    -1.7 0     0.0 0     0.0 0   179.2 0   261.61 0   261.26 0   236.7 0   261.95 0   261.94 0     0.0 0     0.2 0     0.0 0   -57.4 0   -57.4 0   -12.8 0    71.7 0     3.9 0   348.0 0   828.6 0
 2019   2  1  2  7 51  7.850 160.28    -0.9 0    -1.2 0     0.0 0     0.0 0   178.9 0   261.58 0   261.21 0   237.1 0   262.01 0   261.98 0     0.0 0     0.2 0     0.0 0   -58.1 0   -58.1 0   -12.7 0    71.6 0     4.0 0   343.9 0   828.6 0
 2019   2  1  2  7 52  7.867 160.17    -0.9 0    -1.1 0     0.0 0     0.0 0   178.8 0   261.55 0   261.17 0   237.1 0   262.06 0   262.03 0     0.0 0     0.2 0     0.0 0   -58.3 0   -58.3 0   -12.9 0    72.3 0     4.1 0   342.7 0   828.6 0
 2019   2  1  2  7 53  7.883 160.07    -0.8 0    -1.0 0     0.0 0     0.0 0   178.3 0   261.50 0   261.02 0   236.9 0   262.09 0   262.05 0     0.0 0     0.2 0     0.0 0   -58.7 0   -58.7 0   -13.3 0    72.5 0     3.9 0   341.6 0   828.6 0
 2019   2  1  2  7 54  7.900 159.96    -0.5 0    -1.0 0     0.0 0     0.0 0   178.3 0   261.42 0   260.89 0   237.1 0   262.13 0   262.09 0     0.0 0     0.2 0     0.0 0   -58.7 0   -58.7 0   -13.6 0    74.2 0     3.6 0   343.9 0   828.6 0
 2019   2  1  2  7 55  7.917 159.85    -0.5 0    -1.1 0     0.0 0     0.0 0   178.4 0   261.33 0   260.84 0   237.1 0   262.16 0   262.13 0     0.0 0     0.2 0     0.0 0   -58.7 0   -58.7 0   -13.8 0    74.7 0     3.5 0   347.9 0   828.6 0
 2019   2  1  2  7 56  7.933 159.74    -0.5 0    -1.4 0     0.0 0     0.0 0   178.7 0   261.25 0   260.83 0   236.9 0   262.21 0   262.19 0     0.0 0     0.2 0     0.0 0   -58.2 0   -58.2 0   -13.8 0    73.7 0     3.3 0   352.3 0   828.6 0
 2019   2  1  2  7 57  7.950 159.63    -0.5 0    -1.2 0     0.0 0     0.0 0   178.5 0   261.19 0   260.78 0   236.1 0   262.26 0   262.22 0     0.0 0     0.2 0     0.0 0   -57.6 0   -57.6 0   -13.8 0    72.6 0     3.3 0   350.4 0   828.6 0
 2019   2  1  2  7 58  7.967 159.51    -0.5 0    -0.9 0     0.0 0     0.0 0   178.0 0   261.13 0   260.66 0   235.6 0   262.29 0   262.22 0     0.0 0     0.2 0     0.0 0   -57.6 0   -57.6 0   -13.9 0    72.1 0     3.6 0   347.0 0   828.6 0
 2019   2  1  2  7 59  7.983 159.40    -0.4 0    -0.5 0     0.0 0     0.0 0   177.9 0   261.05 0   260.55 0   235.7 0   262.31 0   262.23 0     0.0 0     0.2 0     0.0 0   -57.8 0   -57.8 0   -14.0 0    73.8 0     3.4 0   348.1 0   828.6 0
 2019   2  1  2  8  0  8.000 159.28    -0.4 0    -0.6 0     0.0 0     0.0 0   178.0 0   260.96 0   260.45 0   235.7 0   262.31 0   262.25 0     0.0 0     0.2 0     0.0 0   -57.7 0   -57.7 0   -14.0 0    74.5 0     3.3 0   346.0 0   828.6 0
 2019   2  1  2  8  1  8.017 159.16    -0.4 0    -1.0 0     0.0 0     0.0 0   178.1 0   260.87 0   260.36 0   236.2 0   262.32 0   262.28 0     0.0 0     0.2 0     0.0 0   -58.1 0   -58.1 0   -14.1 0    74.6 0     3.1 0   351.7 0   828.7 0
 2019   2  1  2  8  2  8.033 159.04    -0.5 0    -1.0 0     0.0 0     0.0 0   178.2 0   260.77 0   260.29 0   236.8 0   262.35 0   262.31 0     0.0 0     0.2 0     0.0 0   -58.5 0   -58.5 0   -14.1 0    73.4 0     3.2 0   353.7 0   828.7 0
 2019   2  1  2  8  3  8.050 158.92    -0.5 0    -1.0 0     0.0 0     0.0 0   178.1 0   260.69 0   260.27 0   236.8 0   262.37 0   262.33 0     0.0 0     0.2 0     0.0 0   -58.8 0   -58.8 0   -14.0 0    72.8 0     3.2 0   348.8 0   828.7 0
 2019   2  1  2  8  4  8.067 158.80    -0.5 0    -1.0 0     0.0 0     0.0 0   178.3 0   260.63 0   260.23 0   237.5 0   262.40 0   262.35 0     0.0 0     0.2 0     0.0 0   -59.2 0   -59.2 0   -13.9 0    73.8 0     2.9 0   356.2 0   828.6 0
 2019   2  1  2  8  5  8.083 158.67    -0.8 0    -1.0 0     0.0 0     0.0 0   178.4 0   260.58 0   260.26 0   237.6 0   262.42 0   262.38 0     0.0 0     0.2 0     0.0 0   -59.2 0   -59.2 0   -13.7 0    72.9 0     2.7 0   357.4 0   828.6 0
 2019   2  1  2  8  6  8.100 158.55    -0.9 0    -1.0 0     0.0 0     0.0 0   178.9 0   260.56 0   260.31 0   238.0 0   262.45 0   262.41 0     0.0 0     0.2 0     0.0 0   -59.1 0   -59.1 0   -13.5 0    72.0 0     2.6 0     3.2 0   828.6 0
 2019   2  1  2  8  7  8.117 158.42    -1.1 0    -1.0 0     0.0 0     0.0 0   179.0 0   260.57 0   260.36 0   237.8 0   262.47 0   262.43 0     0.0 0     0.2 0     0.0 0   -58.8 0   -58.8 0   -13.1 0    70.4 0     2.5 0   357.0 0   828.6 0
 2019   2  1  2  8  8  8.133 158.29    -1.4 0    -1.0 0     0.0 0     0.0 0   179.0 0   260.61 0   260.41 0   237.7 0   262.51 0   262.47 0     0.0 0     0.2 0     0.0 0   -58.6 0   -58.6 0   -12.9 0    70.7 0     2.4 0   355.9 0   828.6 0
 2019   2  1  2  8  9  8.150 158.16    -1.7 0    -1.0 0     0.0 0     0.0 0   179.3 0   260.65 0   260.48 0   237.4 0   262.53 0   262.49 0     0.0 0     0.2 0     0.0 0   -58.0 0   -58.0 0   -12.7 0    69.8 0     2.3 0   357.8 0   828.5 0
 2019   2  1  2  8 10  8.167 158.03    -1.8 0    -1.0 0     0.0 0     0.0 0   179.7 0   260.70 0   260.59 0   236.9 0   262.56 0   262.52 0     0.0 0     0.2 0     0.0 0   -57.1 0   -57.1 0   -12.5 0    69.4 0     2.1 0   359.6 0   828.5 0
 2019   2  1  2  8 11  8.183 157.90    -1.8 0    -1.0 0     0.0 0     0.0 0   179.7 0   260.77 0   260.68 0   236.4 0   262.58 0   262.52 0     0.0 0     0.2 0     0.0 0   -56.7 0   -56.7 0   -12.2 0    68.7 0     2.0 0     5.9 0   828.6 0
 2019   2  1  2  8 12  8.200 157.77    -1.8 0    -0.9 0     0.0 0     0.0 0   179.9 0   260.85 0   260.75 0   235.9 0   262.60 0   262.54 0     0.0 0     0.2 0     0.0 0   -56.0 0   -56.0 0   -12.0 0    68.2 0     1.7 0     0.1 0   828.6 0
 2019   2  1  2  8 13  8.217 157.63    -2.1 0    -0.7 0     0.0 0     0.0 0   180.1 0   260.93 0   260.84 0   235.1 0   262.63 0   262.57 0     0.0 0     0.2 0     0.0 0   -55.1 0   -55.1 0   -11.9 0    66.5 0     1.4 0     2.5 0   828.6 0
 2019   2  1  2  8 14  8.233 157.50    -2.3 0    -0.7 0     0.0 0     0.0 0   180.0 0   261.02 0   260.92 0   234.1 0   262.63 0   262.57 0     0.0 0     0.2 0     0.0 0   -54.1 0   -54.1 0   -11.9 0    65.2 0     1.2 0     1.9 0   828.6 0
 2019   2  1  2  8 15  8.250 157.36    -2.3 0    -0.5 0     0.1 0     0.0 0   179.8 0   261.10 0   260.95 0   233.7 0   262.63 0   262.58 0     0.0 0     0.2 0     0.0 0   -53.9 0   -53.9 0   -12.0 0    66.0 0     1.2 0   358.3 0   828.6 0
 2019   2  1  2  8 16  8.267 157.23    -2.3 0    -0.3 0     0.1 0     0.0 0   179.5 0   261.16 0   261.01 0   233.5 0   262.64 0   262.60 0     0.0 0     0.2 0     0.0 0   -54.0 0   -54.0 0   -12.1 0    66.9 0     1.2 0   349.1 0   828.7 0
 2019   2  1  2  8 17  8.283 157.09    -2.3 0    -0.4 0     0.2 0     0.0 0   179.7 0   261.22 0   261.08 0   233.8 0   262.65 0   262.61 0     0.0 0     0.2 0     0.0 0   -54.1 0   -54.1 0   -12.2 0    66.6 0     1.1 0   345.2 0   828.7 0
 2019   2  1  2  8 18  8.300 156.95    -2.3 0    -0.6 0     0.1 0     0.0 0   180.0 0   261.29 0   261.22 0   233.8 0   262.65 0   262.63 0     0.0 0     0.2 0     0.0 0   -53.8 0   -53.8 0   -12.2 0    66.6 0     1.1 0   336.5 0   828.7 0
 2019   2  1  2  8 19  8.317 156.81    -2.2 0    -0.7 0     0.0 0     0.0 0   179.9 0   261.39 0   261.34 0   234.3 0   262.65 0   262.59 0     0.0 0     0.2 0     0.0 0   -54.4 0   -54.4 0   -12.0 0    67.4 0     1.3 0   314.7 0   828.7 0
 2019   2  1  2  8 20  8.333 156.66    -1.7 0    -0.8 0     0.1 0     0.0 0   179.3 0   261.47 0   261.27 0   235.1 0   262.63 0   262.57 0     0.0 0     0.2 0     0.0 0   -55.8 0   -55.8 0   -12.3 0    68.3 0     1.4 0   297.4 0   828.7 0
 2019   2  1  2  8 21  8.350 156.52    -1.6 0    -1.0 0     0.4 0     0.0 0   180.1 0   261.52 0   261.43 0   235.4 0   262.63 0   262.57 0     0.0 0     0.2 0     0.0 0   -55.3 0   -55.3 0   -12.6 0    67.4 0     1.0 0   296.9 0   828.7 0
 2019   2  1  2  8 22  8.367 156.38    -1.5 0    -1.0 0     0.2 0     0.0 0   179.4 0   261.60 0   261.44 0   235.8 0   262.63 0   262.57 0     0.0 0     0.2 0     0.0 0   -56.4 0   -56.4 0   -12.4 0    67.3 0     1.4 0   285.2 0   828.7 0
 2019   2  1  2  8 23  8.383 156.23    -1.4 0    -1.0 0     0.4 0     0.0 0   180.0 0   261.65 0   261.52 0   236.1 0   262.63 0   262.58 0     0.0 0     0.2 0     0.0 0   -56.1 0   -56.1 0   -12.6 0    67.0 0     1.2 0   282.6 0   828.7 0
 2019   2  1  2  8 24  8.400 156.09    -1.4 0    -1.0 0     0.2 0     0.0 0   180.3 0   261.73 0   261.68 0   236.0 0   262.63 0   262.57 0     0.0 0     0.2 0     0.0 0   -55.7 0   -55.7 0   -12.3 0    66.3 0     1.0 0   278.7 0   828.7 0
 2019   2  1  2  8 25  8.417 155.94    -1.4 0    -1.0 0     0.0 0     0.0 0   180.3 0   261.83 0   261.81 0   235.7 0   262.63 0   262.57 0     0.0 0     0.2 0     0.0 0   -55.4 0   -55.4 0   -12.0 0    65.7 0     0.7 0   283.6 0   828.7 0
 2019   2  1  2  8 26  8.433 155.79    -1.4 0    -1.0 0     0.0 0     0.0 0   180.4 0   261.95 0   261.94 0   235.8 0   262.63 0   262.57 0     0.0 0     0.2 0     0.0 0   -55.5 0   -55.5 0   -11.7 0    65.4 0     0.7 0   281.9 0   828.7 0
 2019   2  1  2  8 27  8.450 155.64    -1.4 0    -1.0 0     0.0 0     0.0 0   180.4 0   262.07 0   262.07 0   236.1 0   262.63 0   262.57 0     0.0 0     0.2 0     0.0 0   -55.7 0   -55.7 0   -11.4 0    64.1 0     0.6 0   289.2 0   828.8 0
 2019   2  1  2  8 28  8.467 155.49    -1.8 0    -1.0 0     0.0 0     0.0 0   180.5 0   262.20 0   262.22 0   236.1 0   262.63 0   262.57 0     0.0 0     0.2 0     0.0 0   -55.6 0   -55.6 0   -11.1 0    63.6 0     0.7 0   294.0 0   828.8 0
 2019   2  1  2  8 29  8.483 155.34    -1.8 0    -1.2 0     0.0 0     0.0 0   180.5 0   262.35 0   262.35 0   236.3 0   262.63 0   262.57 0     0.0 0     0.2 0     0.0 0   -55.8 0   -55.8 0   -10.9 0    64.0 0     1.3 0   295.9 0   828.8 0
 2019   2  1  2  8 30  8.500 155.19    -1.8 0    -1.4 0     0.0 0     0.0 0   180.4 0   262.48 0   262.47 0   236.2 0   262.63 0   262.57 0     0.0 0     0.2 0     0.0 0   -55.8 0   -55.8 0   -10.8 0    63.8 0     1.2 0   299.4 0   828.8 0
 2019   2  1  2  8 31  8.517 155.04    -1.8 0    -1.4 0     0.0 0     0.0 0   180.4 0   262.61 0   262.59 0   235.9 0   262.63 0   262.57 0     0.0 0     0.2 0     0.0 0   -55.5 0   -55.5 0   -10.7 0    62.8 0     1.0 0   302.2 0   828.9 0
 2019   2  1  2  8 32  8.533 154.89    -1.8 0    -1.4 0     0.0 0     0.0 0   180.4 0   262.74 0   262.73 0   235.4 0   262.63 0   262.57 0     0.0 0     0.2 0     0.0 0   -55.0 0   -55.0 0   -10.5 0    62.8 0     1.1 0   300.7 0   828.9 0
 2019   2  1  2  8 33  8.550 154.73    -2.1 0    -1.4 0     0.0 0     0.0 0   180.3 0   262.87 0   262.84 0   234.7 0   262.63 0   262.60 0     0.0 0     0.2 0     0.0 0   -54.4 0   -54.4 0   -10.4 0    62.2 0     1.0 0   295.2 0   828.9 0
 2019   2  1  2  8 34  8.567 154.58    -1.9 0    -1.4 0     0.0 0     0.0 0   179.9 0   262.98 0   262.88 0   234.9 0   262.64 0   262.58 0     0.0 0     0.2 0     0.0 0   -54.9 0   -54.9 0   -10.4 0    62.2 0     0.9 0   297.2 0   828.9 0
 2019   2  1  2  8 35  8.583 154.42    -2.2 0    -1.4 0     0.0 0     0.0 0   180.0 0   263.08 0   262.96 0   234.7 0   262.65 0   262.58 0     0.0 0     0.2 0     0.0 0   -54.6 0   -54.6 0   -10.5 0    61.5 0     0.8 0   294.8 0   828.9 0
 2019   2  1  2  8 36  8.600 154.27    -2.3 0    -1.4 0     0.0 0     0.0 0   180.0 0   263.17 0   263.05 0   234.1 0   262.65 0   262.59 0     0.0 0     0.2 0     0.0 0   -54.1 0   -54.1 0   -10.4 0    62.4 0     1.0 0   291.2 0   828.9 0
 2019   2  1  2  8 37  8.617 154.11    -2.3 0    -1.4 0     0.0 0     0.0 0   180.1 0   263.25 0   263.13 0   233.6 0   262.65 0   262.58 0     0.0 0     0.2 0     0.0 0   -53.5 0   -53.5 0   -10.3 0    61.8 0     0.8 0   292.4 0   828.9 0
 2019   2  1  2  8 38  8.633 153.95    -2.7 0    -1.4 0     0.0 0     0.0 0   180.4 0   263.33 0   263.20 0   233.9 0   262.65 0   262.58 0     0.0 0     0.2 0     0.0 0   -53.5 0   -53.5 0   -10.2 0    61.2 0     0.6 0   274.7 0   828.9 0
 2019   2  1  2  8 39  8.650 153.80    -2.7 0    -1.4 0     0.0 0     0.0 0   180.5 0   263.41 0   263.28 0   234.1 0   262.65 0   262.62 0     0.0 0     0.2 0     0.0 0   -53.6 0   -53.6 0   -10.2 0    60.0 0     0.4 0   274.5 0   828.9 0
 2019   2  1  2  8 40  8.667 153.64    -2.7 0    -1.3 0     0.0 0     0.0 0   180.7 0   263.49 0   263.37 0   233.9 0   262.65 0   262.61 0     0.0 0     0.2 0     0.0 0   -53.2 0   -53.2 0   -10.1 0    59.4 0     0.1 0   280.2 0   828.9 0
 2019   2  1  2  8 41  8.683 153.48    -2.7 0    -1.1 0     0.0 0     0.0 0   180.8 0   263.57 0   263.44 0   233.2 0   262.65 0   262.60 0     0.0 0     0.2 0     0.0 0   -52.5 0   -52.5 0   -10.0 0    58.5 0 -9999.9 1 -9999.9 1   828.9 0
 2019   2  1  2  8 42  8.700 153.32    -2.7 0    -1.0 0     0.0 0     0.0 0   180.8 0   263.65 0   263.49 0   232.7 0   262.63 0   262.57 0     0.0 0     0.2 0     0.0 0   -51.9 0   -51.9 0   -10.0 0    57.8 0 -9999.9 1 -9999.9 1   828.9 0
 2019   2  1  2  8 43  8.717 153.16    -2.7 0    -1.0 0     0.0 0     0.0 0   180.9 0   263.72 0   263.56 0   233.0 0   262.63 0   262.57 0     0.0 0     0.2 0     0.0 0   -52.1 0   -52.1 0    -9.9 0    57.4 0 -9999.9 1 -9999.9 1   829.0 0
 2019   2  1  2  8 44  8.733 153.00    -2.7 0    -1.1 0     0.0 0     0.0 0   180.9 0   263.79 0   263.60 0   233.3 0   262.61 0   262.54 0     0.0 0     0.2 0     0.0 0   -52.5 0   -52.5 0    -9.8 0    57.4 0     0.1 0   255.9 0   829.0 0
 2019   2  1  2  8 45  8.750 152.83    -2.7 0    -1.4 0     0.0 0     0.0 0   180.8 0   263.85 0   263.66 0   233.6 0   262.59 0   262.52 0     0.0 0     0.2 0     0.0 0   -52.8 0   -52.8 0    -9.9 0    56.8 0     0.6 0   249.1 0   829.0 0
 2019   2  1  2  8 46  8.767 152.67    -2.7 0    -1.6 0     0.0 0     0.0 0   180.9 0   263.90 0   263.70 0   233.5 0   262.58 0   262.51 0     0.0 0     0.2 0     0.0 0   -52.6 0   -52.6 0    -9.9 0    56.1 0     1.0 0   247.4 0   829.0 0
 2019   2  1  2  8 47  8.783 152.51    -2.7 0    -1.7 0     0.0 0     0.0 0   181.0 0   263.95 0   263.76 0   233.2 0   262.57 0   262.49 0     0.0 0     0.2 0     0.0 0   -52.2 0   -52.2 0    -9.9 0    55.6 0     1.0 0   243.8 0   829.0 0
 2019   2  1  2  8 48  8.800 152.34    -2.7 0    -1.7 0     0.0 0     0.0 0   181.1 0   264.00 0   263.80 0   232.9 0   262.57 0   262.47 0     0.0 0     0.2 0     0.0 0   -51.8 0   -51.8 0    -9.9 0    55.6 0     1.0 0   242.4 0   829.0 0
 2019   2  1  2  8 49  8.817 152.18    -2.7 0    -1.7 0     0.0 0     0.0 0   181.2 0   264.06 0   263.88 0   232.3 0   262.55 0   262.47 0     0.0 0     0.2 0     0.0 0   -51.1 0   -51.1 0    -9.8 0    55.8 0     1.2 0   235.5 0   829.0 0
 2019   2  1  2  8 50  8.833 152.01    -2.7 0    -1.7 0     0.0 0     0.0 0   181.2 0   264.12 0   263.94 0   232.7 0   262.55 0   262.47 0     0.0 0     0.2 0     0.0 0   -51.5 0   -51.5 0    -9.7 0    55.5 0     1.3 0   234.3 0   829.0 0
 2019   2  1  2  8 51  8.850 151.85    -2.7 0    -1.7 0     0.0 0     0.0 0   181.1 0   264.18 0   264.00 0   233.2 0   262.55 0   262.47 0     0.0 0     0.2 0     0.0 0   -52.1 0   -52.1 0    -9.6 0    55.9 0     1.3 0   239.6 0   829.0 0
 2019   2  1  2  8 52  8.867 151.68    -2.7 0    -1.8 0     0.0 0     0.0 0   181.1 0   264.24 0   264.06 0   233.4 0   262.54 0   262.47 0     0.0 0     0.2 0     0.0 0   -52.3 0   -52.3 0    -9.6 0    55.4 0     1.4 0   242.6 0   829.0 0
 2019   2  1  2  8 53  8.883 151.51    -2.7 0    -2.1 0     0.0 0     0.0 0   181.2 0   264.30 0   264.10 0   233.7 0   262.55 0   262.47 0     0.0 0     0.2 0     0.0 0   -52.5 0   -52.5 0    -9.6 0    55.0 0     1.5 0   243.5 0   829.0 0
 2019   2  1  2  8 54  8.900 151.35    -2.7 0    -2.1 0     0.0 0     0.0 0   181.3 0   264.35 0   264.15 0   233.6 0   262.55 0   262.48 0     0.0 0     0.2 0     0.0 0   -52.3 0   -52.3 0    -9.6 0    55.2 0     1.4 0   244.2 0   829.0 0
 2019   2  1  2  8 55  8.917 151.18    -2.8 0    -2.1 0     0.0 0     0.0 0   181.4 0   264.40 0   264.22 0   233.4 0   262.57 0   262.49 0     0.0 0     0.2 0     0.0 0   -52.0 0   -52.0 0    -9.5 0    56.0 0     1.4 0   245.3 0   829.0 0
 2019   2  1  2  8 56  8.933 151.01    -2.9 0    -1.8 0     0.0 0     0.0 0   181.5 0   264.46 0   264.28 0   232.5 0   262.58 0   262.51 0     0.0 0     0.2 0     0.0 0   -50.9 0   -50.9 0    -9.5 0    54.9 0     1.2 0   241.3 0   829.0 0
 2019   2  1  2  8 57  8.950 150.84    -2.7 0    -1.8 0     0.0 0     0.0 0   181.7 0   264.52 0   264.33 0   232.2 0   262.60 0   262.53 0     0.0 0     0.2 0     0.0 0   -50.4 0   -50.4 0    -9.4 0    53.5 0     1.2 0   224.3 0   829.0 0
 2019   2  1  2  8 58  8.967 150.67    -2.8 0    -1.7 0     0.0 0     0.0 0   181.8 0   264.57 0   264.39 0   231.9 0   262.62 0   262.55 0     0.0 0     0.2 0     0.0 0   -50.1 0   -50.1 0    -9.2 0    54.2 0     1.1 0   229.7 0   829.0 0
 2019   2  1  2  8 59  8.983 150.50    -2.9 0    -1.7 0     0.0 0     0.0 0   181.8 0   264.64 0   264.46 0   231.4 0   262.63 0   262.55 0     0.0 0     0.2 0     0.0 0   -49.6 0   -49.6 0    -9.0 0    55.1 0     1.0 0   236.7 0   829.0 0
 2019   2  1  2  9  0  9.000 150.33    -2.7 0    -1.7 0     0.0 0     0.0 0   182.0 0   264.71 0   264.51 0   231.2 0   262.63 0   262.55 0     0.0 0     0.2 0     0.0 0   -49.2 0   -49.2 0    -8.9 0    55.5 0     1.1 0   234.7 0   829.0 0
 2019   2  1  2  9  1  9.017 150.16    -2.7 0    -1.7 0     0.0 0     0.0 0   182.1 0   264.77 0   264.57 0   231.0 0   262.63 0   262.58 0     0.0 0     0.2 0     0.0 0   -48.9 0   -48.9 0    -8.8 0    55.2 0     1.2 0   234.3 0   829.0 0
 2019   2  1  2  9  2  9.033 149.99    -2.7 0    -1.7 0     0.0 0     0.0 0   182.1 0   264.82 0   264.63 0   231.3 0   262.65 0   262.58 0     0.0 0     0.2 0     0.0 0   -49.2 0   -49.2 0    -8.7 0    55.6 0     1.2 0   229.5 0   829.0 0
 2019   2  1  2  9  3  9.050 149.82    -2.7 0    -1.7 0     0.0 0     0.0 0   182.0 0   264.89 0   264.68 0   231.3 0   262.66 0   262.59 0     0.0 0     0.2 0     0.0 0   -49.3 0   -49.3 0    -8.6 0    56.0 0     1.1 0   222.0 0   829.0 0
 2019   2  1  2  9  4  9.067 149.65    -2.7 0    -1.8 0     0.0 0     0.0 0   181.8 0   264.94 0   264.69 0   231.4 0   262.68 0   262.60 0     0.0 0     0.2 0     0.0 0   -49.6 0   -49.6 0    -8.6 0    55.9 0     1.4 0   219.5 0   829.1 0
 2019   2  1  2  9  5  9.083 149.47    -2.7 0    -2.1 0     0.0 0     0.0 0   181.3 0   264.97 0   264.68 0   231.2 0   262.69 0   262.64 0     0.0 0     0.2 0     0.0 0   -49.9 0   -49.9 0    -8.6 0    55.3 0     1.5 0   193.7 0   829.1 0
 2019   2  1  2  9  6  9.100 149.30    -2.7 0    -1.7 0     0.0 0     0.0 0   181.5 0   264.99 0   264.65 0   230.8 0   262.72 0   262.68 0     0.0 0     0.2 0     0.0 0   -49.3 0   -49.3 0    -8.7 0    54.8 0     1.2 0   190.5 0   829.1 0
 2019   2  1  2  9  7  9.117 149.13    -2.4 0    -1.7 0     0.0 0     0.0 0   181.3 0   264.98 0   264.63 0   230.3 0   262.73 0   262.67 0     0.0 0     0.2 0     0.0 0   -49.0 0   -49.0 0    -8.9 0    54.0 0     0.8 0   193.3 0   829.2 0
 2019   2  1  2  9  8  9.133 148.95    -2.3 0    -1.4 0     0.0 0     0.0 0   181.0 0   264.96 0   264.62 0   229.8 0   262.73 0   262.64 0     0.0 0     0.2 0     0.0 0   -48.8 0   -48.8 0    -8.9 0    54.4 0     0.7 0   208.0 0   829.2 0
 2019   2  1  2  9  9  9.150 148.78    -2.1 0    -1.4 0     0.0 0     0.0 0   181.1 0   264.95 0   264.59 0   229.3 0   262.71 0   262.62 0     0.0 0     0.2 0     0.0 0   -48.2 0   -48.2 0    -9.0 0    54.5 0     0.6 0   212.9 0   829.2 0
 2019   2  1  2  9 10  9.167 148.60    -1.8 0    -1.4 0     0.0 0     0.0 0   181.3 0   264.93 0   264.58 0   228.8 0   262.69 0   262.63 0     0.0 0     0.2 0     0.0 0   -47.5 0   -47.5 0    -9.0 0    53.1 0     0.6 0   205.2 0   829.2 0
 2019   2  1  2  9 11  9.183 148.43    -1.8 0    -1.7 0     0.0 0     0.0 0   181.6 0   264.92 0   264.58 0   228.5 0   262.68 0   262.63 0     0.0 0     0.2 0     0.0 0   -46.9 0   -46.9 0    -9.0 0    51.6 0     0.7 0   198.1 0   829.2 0
 2019   2  1  2  9 12  9.200 148.25    -1.8 0    -1.7 0     0.0 0     0.0 0   181.7 0   264.91 0   264.58 0   228.5 0   262.68 0   262.61 0     0.0 0     0.2 0     0.0 0   -46.9 0   -46.9 0    -9.0 0    52.4 0     0.6 0   199.3 0   829.2 0
 2019   2  1  2  9 13  9.217 148.08    -1.8 0    -1.7 0     0.0 0     0.0 0   181.6 0   264.90 0   264.58 0   228.6 0   262.66 0   262.57 0     0.0 0     0.2 0     0.0 0   -47.0 0   -47.0 0    -9.0 0    52.9 0     0.6 0   212.8 0   829.2 0
 2019   2  1  2  9 14  9.233 147.90    -1.8 0    -1.7 0     0.0 0     0.0 0   181.5 0   264.90 0   264.61 0   228.7 0   262.63 0   262.56 0     0.0 0     0.2 0     0.0 0   -47.1 0   -47.1 0    -9.0 0    53.6 0     0.7 0   204.5 0   829.2 0
 2019   2  1  2  9 15  9.250 147.72    -1.8 0    -1.8 0     0.0 0     0.0 0   181.8 0   264.92 0   264.60 0   228.9 0   262.63 0   262.58 0     0.0 0     0.2 0     0.0 0   -47.1 0   -47.1 0    -8.9 0    52.6 0     0.8 0   201.4 0   829.2 0
 2019   2  1  2  9 16  9.267 147.55    -1.8 0    -2.0 0     0.0 0     0.0 0   182.1 0   264.92 0   264.60 0   229.2 0   262.63 0   262.56 0     0.0 0     0.1 0     0.0 0   -47.1 0   -47.1 0    -8.9 0    52.0 0     0.9 0   203.2 0   829.1 0
 2019   2  1  2  9 17  9.283 147.37    -1.8 0    -2.1 0     0.0 0     0.0 0   182.1 0   264.92 0   264.59 0   229.9 0   262.63 0   262.54 0     0.0 0     0.2 0     0.0 0   -47.8 0   -47.8 0    -8.9 0    52.8 0     0.8 0   213.6 0   829.2 0
 2019   2  1  2  9 18  9.300 147.19    -1.8 0    -2.1 0     0.1 0     0.0 0   182.0 0   264.91 0   264.58 0   230.1 0   262.61 0   262.52 0     0.0 0     0.1 0     0.0 0   -48.1 0   -48.1 0    -8.9 0    52.8 0     0.8 0   223.7 0   829.2 0
 2019   2  1  2  9 19  9.317 147.01    -1.8 0    -2.3 0     0.1 0     0.0 0   182.4 0   264.90 0   264.60 0   230.0 0   262.60 0   262.52 0     0.0 0     0.1 0     0.0 0   -47.7 0   -47.7 0    -8.9 0    54.9 0     0.9 0   236.9 0   829.2 0
 2019   2  1  2  9 20  9.333 146.83    -1.5 0    -2.4 0     0.2 0     0.0 0   182.3 0   264.90 0   264.59 0   230.2 0   262.59 0   262.52 0     0.0 0     0.1 0     0.0 0   -48.0 0   -48.0 0    -8.9 0    55.4 0     0.9 0   229.5 0   829.2 0
 2019   2  1  2  9 21  9.350 146.66    -1.8 0    -2.2 0     0.3 0     0.0 0   182.4 0   264.91 0   264.59 0   230.5 0   262.58 0   262.52 0     0.0 0     0.2 0     0.0 0   -48.0 0   -48.0 0    -8.9 0    56.8 0     0.8 0   240.6 0   829.2 0
 2019   2  1  2  9 22  9.367 146.48    -1.8 0    -2.1 0     0.3 0     0.0 0   182.1 0   264.91 0   264.57 0   230.7 0   262.58 0   262.50 0     0.0 0     0.2 0     0.0 0   -48.5 0   -48.5 0    -8.9 0    58.8 0     0.7 0   248.9 0   829.2 0
 2019   2  1  2  9 23  9.383 146.30    -1.8 0    -2.0 0     0.4 0     0.0 0   182.3 0   264.89 0   264.57 0   230.7 0   262.57 0   262.49 0     0.0 0     0.2 0     0.0 0   -48.4 0   -48.4 0    -8.9 0    59.6 0     0.9 0   238.8 0   829.1 0
 2019   2  1  2  9 24  9.400 146.12    -1.8 0    -2.0 0     0.4 0     0.0 0   182.6 0   264.89 0   264.59 0   230.4 0   262.57 0   262.49 0     0.0 0     0.2 0     0.0 0   -47.8 0   -47.8 0    -8.9 0    60.3 0     1.0 0   233.0 0   829.1 0
 2019   2  1  2  9 25  9.417 145.94    -1.8 0    -2.1 0     0.4 0     0.0 0   182.7 0   264.89 0   264.63 0   230.5 0   262.57 0   262.49 0     0.0 0     0.2 0     0.0 0   -47.8 0   -47.8 0    -8.9 0    60.0 0     1.1 0   228.6 0   829.1 0
 2019   2  1  2  9 26  9.433 145.76    -1.8 0    -2.4 0     0.3 0     0.0 0   183.1 0   264.91 0   264.65 0   230.4 0   262.57 0   262.52 0     0.0 0     0.2 0     0.0 0   -47.3 0   -47.3 0    -8.8 0    60.2 0     1.3 0   227.9 0   829.1 0
 2019   2  1  2  9 27  9.450 145.58    -1.8 0    -2.4 0     0.2 0     0.0 0   183.2 0   264.94 0   264.68 0   230.7 0   262.58 0   262.52 0     0.0 0     0.2 0     0.0 0   -47.5 0   -47.5 0    -8.7 0    60.1 0     1.4 0   230.7 0   829.1 0
 2019   2  1  2  9 28  9.467 145.40    -1.8 0    -2.4 0     0.1 0     0.0 0   183.1 0   264.96 0   264.72 0   231.4 0   262.60 0   262.54 0     0.0 0     0.2 0     0.0 0   -48.3 0   -48.3 0    -8.7 0    59.2 0     1.7 0   230.7 0   829.1 0
 2019   2  1  2  9 29  9.483 145.22    -1.8 0    -2.4 0     0.0 0     0.0 0   183.5 0   264.99 0   264.76 0   232.3 0   262.62 0   262.57 0     0.0 0     0.2 0     0.0 0   -48.8 0   -48.8 0    -8.6 0    59.6 0     1.6 0   223.8 0   829.1 0
 2019   2  1  2  9 30  9.500 145.04    -1.8 0    -2.4 0     0.0 0     0.0 0   183.6 0   265.03 0   264.82 0   232.0 0   262.64 0   262.60 0     0.0 0     0.2 0     0.0 0   -48.4 0   -48.4 0    -8.6 0    60.2 0     1.5 0   219.3 0   829.1 0
 2019   2  1  2  9 31  9.517 144.85    -1.8 0    -2.4 0     0.0 0     0.0 0   183.4 0   265.07 0   264.84 0   231.5 0   262.67 0   262.63 0     0.0 0     0.2 0     0.0 0   -48.1 0   -48.1 0    -8.5 0    60.0 0     1.4 0   209.5 0   829.1 0
 2019   2  1  2  9 32  9.533 144.67    -2.0 0    -2.4 0     0.0 0     0.0 0   183.6 0   265.11 0   264.84 0   231.1 0   262.70 0   262.66 0     0.0 0     0.2 0     0.0 0   -47.4 0   -47.4 0    -8.5 0    61.0 0     1.2 0   207.4 0   829.1 0
 2019   2  1  2  9 33  9.550 144.49    -1.8 0    -2.4 0     0.0 0     0.0 0   183.3 0   265.14 0   264.85 0   230.6 0   262.73 0   262.71 0     0.0 0     0.2 0     0.0 0   -47.3 0   -47.3 0    -8.5 0    60.1 0     1.3 0   189.7 0   829.1 0
 2019   2  1  2  9 34  9.567 144.31    -1.8 0    -2.0 0     0.0 0     0.0 0   183.0 0   265.15 0   264.84 0   229.9 0   262.76 0   262.73 0     0.0 0     0.2 0     0.0 0   -46.8 0   -46.8 0    -8.6 0    58.1 0     1.3 0   180.1 0   829.1 0
 2019   2  1  2  9 35  9.583 144.13    -1.8 0    -1.7 0     0.0 0     0.0 0   182.6 0   265.15 0   264.82 0   229.7 0   262.78 0   262.71 0     0.0 0     0.2 0     0.0 0   -47.1 0   -47.1 0    -8.6 0    55.8 0     1.3 0   171.2 0   829.1 0
 2019   2  1  2  9 36  9.600 143.94    -1.8 0    -1.7 0     0.0 0     0.0 0   182.9 0   265.15 0   264.81 0   229.7 0   262.79 0   262.71 0     0.0 0     0.1 0     0.0 0   -46.8 0   -46.8 0    -8.7 0    56.9 0     1.2 0   173.1 0   829.1 0
 2019   2  1  2  9 37  9.617 143.76    -1.8 0    -1.7 0     0.1 0     0.0 0   182.9 0   265.13 0   264.80 0   229.6 0   262.79 0   262.72 0     0.0 0     0.2 0     0.0 0   -46.7 0   -46.7 0    -8.8 0    57.2 0     1.2 0   174.3 0   829.1 0
 2019   2  1  2  9 38  9.633 143.58    -1.8 0    -1.7 0     0.0 0     0.0 0   182.8 0   265.12 0   264.78 0   229.9 0   262.79 0   262.74 0     0.0 0     0.2 0     0.0 0   -47.1 0   -47.1 0    -8.8 0    58.8 0     1.4 0   180.1 0   829.1 0
 2019   2  1  2  9 39  9.650 143.39    -1.8 0    -1.8 0     0.0 0     0.0 0   182.8 0   265.10 0   264.75 0   230.2 0   262.81 0   262.77 0     0.0 0     0.2 0     0.0 0   -47.3 0   -47.3 0    -8.9 0    60.1 0     1.5 0   184.0 0   829.1 0
 2019   2  1  2  9 40  9.667 143.21    -1.8 0    -2.1 0     0.0 0     0.0 0   183.0 0   265.09 0   264.72 0   230.2 0   262.82 0   262.79 0     0.0 0     0.2 0     0.0 0   -47.3 0   -47.3 0    -8.9 0    60.3 0     1.6 0   186.3 0   829.1 0
 2019   2  1  2  9 41  9.683 143.03    -1.8 0    -2.1 0     0.0 0     0.0 0   182.9 0   265.06 0   264.73 0   230.3 0   262.84 0   262.81 0     0.0 0     0.2 0     0.0 0   -47.4 0   -47.4 0    -8.9 0    60.2 0     1.6 0   191.5 0   829.1 0
 2019   2  1  2  9 42  9.700 142.84    -1.8 0    -2.2 0     0.0 0     0.0 0   183.0 0   265.05 0   264.71 0   230.2 0   262.86 0   262.84 0     0.0 0     0.2 0     0.0 0   -47.2 0   -47.2 0    -8.9 0    59.5 0     1.7 0   189.3 0   829.1 0
 2019   2  1  2  9 43  9.717 142.66    -1.8 0    -2.2 0     0.0 0     0.0 0   183.3 0   265.04 0   264.70 0   230.4 0   262.89 0   262.86 0     0.0 0     0.2 0     0.0 0   -47.1 0   -47.1 0    -8.9 0    59.6 0     1.9 0   187.1 0   829.1 0
 2019   2  1  2  9 44  9.733 142.47    -1.8 0    -2.4 0     0.0 0     0.0 0   183.0 0   265.02 0   264.70 0   230.5 0   262.91 0   262.89 0     0.0 0     0.2 0     0.0 0   -47.5 0   -47.5 0    -8.9 0    59.9 0     2.0 0   195.2 0   829.1 0
 2019   2  1  2  9 45  9.750 142.29    -1.8 0    -2.3 0     0.0 0     0.0 0   183.0 0   265.02 0   264.68 0   231.3 0   262.95 0   262.89 0     0.0 0     0.2 0     0.0 0   -48.3 0   -48.3 0    -8.9 0    60.3 0     2.0 0   209.5 0   829.1 0
 2019   2  1  2  9 46  9.767 142.10    -1.8 0    -2.1 0     0.0 0     0.0 0   182.8 0   265.00 0   264.67 0   231.2 0   262.95 0   262.90 0     0.0 0     0.2 0     0.0 0   -48.5 0   -48.5 0    -9.0 0    61.7 0     1.8 0   211.5 0   829.2 0
 2019   2  1  2  9 47  9.783 141.92    -1.8 0    -1.9 0     0.0 0     0.0 0   182.9 0   264.99 0   264.67 0   230.8 0   262.97 0   262.89 0     0.0 0     0.2 0     0.0 0   -47.9 0   -47.9 0    -9.0 0    62.4 0     1.6 0   209.6 0   829.2 0
 2019   2  1  2  9 48  9.800 141.73    -1.8 0    -1.7 0     0.0 0     0.0 0   182.8 0   264.98 0   264.63 0   229.8 0   262.97 0   262.89 0     0.0 0     0.2 0     0.0 0   -47.0 0   -47.0 0    -9.0 0    63.7 0     1.4 0   208.2 0   829.2 0
 2019   2  1  2  9 49  9.817 141.55    -1.8 0    -1.7 0     0.0 0     0.0 0   182.5 0   264.96 0   264.62 0   229.2 0   262.97 0   262.89 0     0.0 0     0.2 0     0.0 0   -46.7 0   -46.7 0    -9.0 0    64.3 0     1.0 0   213.1 0   829.2 0
 2019   2  1  2  9 50  9.833 141.36    -1.8 0    -1.7 0     0.2 0     0.0 0   182.4 0   264.94 0   264.57 0   228.8 0   262.95 0   262.89 0     0.0 0     0.2 0     0.0 0   -46.4 0   -46.4 0    -9.0 0    64.4 0     1.1 0   198.1 0   829.2 0
 2019   2  1  2  9 51  9.850 141.18    -1.7 0    -1.7 0     0.4 0     0.0 0   182.7 0   264.92 0   264.59 0   228.5 0   262.95 0   262.89 0     0.0 0     0.2 0     0.0 0   -45.8 0   -45.8 0    -9.1 0    64.4 0     1.0 0   191.9 0   829.2 0
 2019   2  1  2  9 52  9.867 140.99    -1.8 0    -1.7 0     0.3 0     0.0 0   182.7 0   264.92 0   264.60 0   228.4 0   262.95 0   262.88 0     0.0 0     0.2 0     0.0 0   -45.7 0   -45.7 0    -9.0 0    64.6 0     0.9 0   187.8 0   829.2 0
 2019   2  1  2  9 53  9.883 140.81    -1.8 0    -1.7 0     0.2 0     0.0 0   182.7 0   264.91 0   264.58 0   228.6 0   262.94 0   262.85 0     0.0 0     0.2 0     0.0 0   -45.9 0   -45.9 0    -9.0 0    64.8 0     0.6 0   185.3 0   829.2 0
 2019   2  1  2  9 54  9.900 140.62    -1.8 0    -1.7 0     0.2 0     0.0 0   182.6 0   264.90 0   264.58 0   228.0 0   262.91 0   262.82 0     0.0 0     0.2 0     0.0 0   -45.4 0   -45.4 0    -9.0 0    64.0 0     0.8 0   142.5 0   829.2 0
 2019   2  1  2  9 55  9.917 140.43    -1.8 0    -1.8 0     0.2 0     0.0 0   182.1 0   264.89 0   264.58 0   227.6 0   262.89 0   262.80 0     0.0 0     0.2 0     0.0 0   -45.5 0   -45.5 0    -9.0 0    64.2 0     1.3 0   156.3 0   829.3 0
 2019   2  1  2  9 56  9.933 140.25    -1.8 0    -2.1 0     0.1 0     0.0 0   182.0 0   264.89 0   264.56 0   227.7 0   262.88 0   262.79 0     0.0 0     0.2 0     0.0 0   -45.8 0   -45.8 0    -9.0 0    64.6 0     1.2 0   164.2 0   829.3 0
 2019   2  1  2  9 57  9.950 140.06    -1.8 0    -2.1 0     0.1 0     0.0 0   181.8 0   264.89 0   264.54 0   227.9 0   262.87 0   262.79 0     0.0 0     0.2 0     0.0 0   -46.1 0   -46.1 0    -9.1 0    64.5 0     1.7 0   159.8 0   829.3 0
 2019   2  1  2  9 58  9.967 139.87    -1.8 0    -2.1 0     0.1 0     0.0 0   181.4 0   264.86 0   264.50 0   228.2 0   262.86 0   262.78 0     0.0 0     0.2 0     0.0 0   -46.8 0   -46.8 0    -9.1 0    65.1 0     1.5 0   159.8 0   829.3 0
 2019   2  1  2  9 59  9.983 139.69    -1.5 0    -1.9 0     0.0 0     0.0 0   181.2 0   264.84 0   264.45 0   228.4 0   262.84 0   262.76 0     0.0 0     0.2 0     0.0 0   -47.2 0   -47.2 0    -9.2 0    65.6 0     1.5 0   172.7 0   829.4 0
 2019   2  1  2 10  0 10.000 139.50    -1.4 0    -1.7 0     0.1 0     0.0 0   181.1 0   264.80 0   264.41 0   229.2 0   262.84 0   262.76 0     0.0 0     0.2 0     0.0 0   -48.1 0   -48.1 0    -9.3 0    66.3 0     1.4 0   183.1 0   829.3 0
 2019   2  1  2 10  1 10.017 139.31    -1.4 0    -1.7 0     0.2 0     0.0 0   181.2 0   264.76 0   264.36 0   229.6 0   262.83 0   262.76 0     0.0 0     0.2 0     0.0 0   -48.4 0   -48.4 0    -9.4 0    66.7 0     1.5 0   199.2 0   829.3 0
 2019   2  1  2 10  2 10.033 139.13    -1.4 0    -1.7 0     0.4 0     0.0 0   181.4 0   264.72 0   264.32 0   230.1 0   262.82 0   262.74 0     0.0 0     0.2 0     0.0 0   -48.7 0   -48.7 0    -9.5 0    66.8 0     1.6 0   208.2 0   829.3 0
 2019   2  1  2 10  3 10.050 138.94    -1.4 0    -1.7 0     0.4 0     0.0 0   181.6 0   264.68 0   264.30 0   230.9 0   262.82 0   262.74 0     0.0 0     0.2 0     0.0 0   -49.4 0   -49.4 0    -9.5 0    67.1 0     1.5 0   211.4 0   829.3 0
 2019   2  1  2 10  4 10.067 138.75    -1.4 0    -1.7 0     0.4 0     0.0 0   181.7 0   264.64 0   264.26 0   230.6 0   262.79 0   262.72 0     0.0 0     0.2 0     0.0 0   -48.8 0   -48.8 0    -9.6 0    67.2 0     1.5 0   215.0 0   829.2 0
 2019   2  1  2 10  5 10.083 138.56    -1.4 0    -1.7 0     0.4 0     0.0 0   181.9 0   264.60 0   264.22 0   230.6 0   262.79 0   262.70 0     0.0 0     0.2 0     0.0 0   -48.7 0   -48.7 0    -9.6 0    67.3 0     1.6 0   213.0 0   829.3 0
 2019   2  1  2 10  6 10.100 138.37    -1.4 0    -1.7 0     0.4 0     0.0 0   181.6 0   264.58 0   264.22 0   230.8 0   262.78 0   262.70 0     0.0 0     0.2 0     0.0 0   -49.2 0   -49.2 0    -9.6 0    67.0 0     1.8 0   210.6 0   829.3 0
 2019   2  1  2 10  7 10.117 138.19    -1.4 0    -1.7 0     0.4 0     0.0 0   181.2 0   264.55 0   264.15 0   231.4 0   262.77 0   262.69 0     0.0 0     0.2 0     0.0 0   -50.2 0   -50.2 0    -9.7 0    67.2 0     2.0 0   208.2 0   829.3 0
 2019   2  1  2 10  8 10.133 138.00    -1.4 0    -1.7 0     0.4 0     0.0 0   181.2 0   264.50 0   264.11 0   232.0 0   262.77 0   262.69 0     0.0 0     0.2 0     0.0 0   -50.8 0   -50.8 0    -9.8 0    67.7 0     1.9 0   209.3 0   829.3 0
 2019   2  1  2 10  9 10.150 137.81    -1.4 0    -1.7 0     0.3 0     0.0 0   181.6 0   264.46 0   264.08 0   232.4 0   262.75 0   262.69 0     0.0 0     0.2 0     0.0 0   -50.8 0   -50.8 0    -9.8 0    68.0 0     1.9 0   207.9 0   829.3 0
 2019   2  1  2 10 10 10.167 137.62    -1.4 0    -1.7 0     0.4 0     0.0 0   182.0 0   264.43 0   264.07 0   233.0 0   262.74 0   262.69 0     0.0 0     0.2 0     0.0 0   -51.0 0   -51.0 0    -9.8 0    68.0 0     1.9 0   212.0 0   829.3 0
 2019   2  1  2 10 11 10.183 137.43    -1.4 0    -1.7 0     0.2 0     0.0 0   181.8 0   264.40 0   264.04 0   235.1 0   262.74 0   262.69 0     0.0 0     0.2 0     0.0 0   -53.2 0   -53.2 0    -9.8 0    68.0 0     2.0 0   223.9 0   829.3 0
 2019   2  1  2 10 12 10.200 137.24    -1.4 0    -1.7 0     0.3 0     0.0 0   182.1 0   264.38 0   264.01 0   236.9 0   262.74 0   262.70 0     0.0 0     0.2 0     0.0 0   -54.8 0   -54.8 0    -9.8 0    68.0 0     2.3 0   230.1 0   829.3 0
 2019   2  1  2 10 13 10.217 137.06    -1.4 0    -1.7 0     0.4 0     0.0 0   182.4 0   264.34 0   263.98 0   237.5 0   262.76 0   262.72 0     0.0 0     0.2 0     0.0 0   -55.2 0   -55.2 0    -9.8 0    67.6 0     2.5 0   230.9 0   829.3 0
 2019   2  1  2 10 14 10.233 136.87    -0.9 0    -1.7 0     0.4 0     0.0 0   182.5 0   264.32 0   263.94 0   238.0 0   262.77 0   262.72 0     0.0 0     0.2 0     0.0 0   -55.5 0   -55.5 0    -9.8 0    67.2 0     2.4 0   231.5 0   829.3 0
 2019   2  1  2 10 15 10.250 136.68    -0.9 0    -1.7 0     0.4 0     0.0 0   182.2 0   264.28 0   263.88 0   239.1 0   262.79 0   262.74 0     0.0 0     0.2 0     0.0 0   -56.9 0   -56.9 0    -9.9 0    66.7 0     2.8 0   234.7 0   829.2 0
 2019   2  1  2 10 16 10.267 136.49    -0.9 0    -1.7 0     0.4 0     0.0 0   182.3 0   264.23 0   263.83 0   239.9 0   262.80 0   262.74 0     0.0 0     0.2 0     0.0 0   -57.6 0   -57.6 0   -10.0 0    66.7 0     2.8 0   237.2 0   829.3 0
 2019   2  1  2 10 17 10.283 136.30    -0.9 0    -1.7 0     0.4 0     0.0 0   182.5 0   264.18 0   263.78 0   240.6 0   262.82 0   262.77 0     0.0 0     0.2 0     0.0 0   -58.2 0   -58.2 0   -10.1 0    66.9 0     2.7 0   244.4 0   829.3 0
 2019   2  1  2 10 18 10.300 136.11    -0.9 0    -1.7 0     0.4 0     0.0 0   182.8 0   264.13 0   263.75 0   241.1 0   262.85 0   262.79 0     0.0 0     0.2 0     0.0 0   -58.4 0   -58.4 0   -10.1 0    66.3 0     2.7 0   249.8 0   829.2 0
 2019   2  1  2 10 19 10.317 135.92    -0.9 0    -1.8 0     0.4 0     0.0 0   183.2 0   264.09 0   263.73 0   240.7 0   262.87 0   262.83 0     0.0 0     0.2 0     0.0 0   -57.5 0   -57.5 0   -10.1 0    65.1 0     2.7 0   252.3 0   829.3 0
 2019   2  1  2 10 20 10.333 135.73    -0.9 0    -1.7 0     0.4 0     0.0 0   183.4 0   264.07 0   263.76 0   239.8 0   262.91 0   262.86 0     0.0 0     0.2 0     0.0 0   -56.4 0   -56.4 0   -10.1 0    64.3 0     2.6 0   252.8 0   829.3 0
 2019   2  1  2 10 21 10.350 135.54    -1.3 0    -1.7 0     0.4 0     0.0 0   183.3 0   264.07 0   263.80 0   239.2 0   262.95 0   262.91 0     0.0 0     0.2 0     0.0 0   -55.9 0   -55.9 0   -10.1 0    63.9 0     2.7 0   252.0 0   829.3 0
 2019   2  1  2 10 22 10.367 135.35    -1.3 0    -1.7 0     0.4 0     0.0 0   182.6 0   264.07 0   263.79 0   239.1 0   263.00 0   262.95 0     0.0 0     0.2 0     0.0 0   -56.5 0   -56.5 0   -10.1 0    63.7 0     2.6 0   254.2 0   829.3 0
 2019   2  1  2 10 23 10.383 135.16    -0.9 0    -1.7 0     0.4 0     0.0 0   182.7 0   264.07 0   263.75 0   239.0 0   263.03 0   262.98 0     0.0 0     0.2 0     0.0 0   -56.3 0   -56.3 0   -10.1 0    63.6 0     2.9 0   244.7 0   829.3 0
 2019   2  1  2 10 24 10.400 134.97    -0.9 0    -1.7 0     0.4 0     0.0 0   182.5 0   264.06 0   263.72 0   239.2 0   263.08 0   263.04 0     0.0 0     0.2 0     0.0 0   -56.8 0   -56.8 0   -10.1 0    62.9 0     3.1 0   240.4 0   829.3 0
 2019   2  1  2 10 25 10.417 134.78    -0.9 0    -1.7 0     0.4 0     0.0 0   182.2 0   264.03 0   263.68 0   239.9 0   263.13 0   263.08 0     0.0 0     0.2 0     0.0 0   -57.7 0   -57.7 0   -10.2 0    62.6 0     3.0 0   240.9 0   829.3 0
 2019   2  1  2 10 26 10.433 134.59    -0.9 0    -1.7 0     0.4 0     0.0 0   181.8 0   264.01 0   263.65 0   240.0 0   263.18 0   263.12 0     0.0 0     0.2 0     0.0 0   -58.3 0   -58.3 0   -10.2 0    62.7 0     3.0 0   240.4 0   829.3 0
 2019   2  1  2 10 27 10.450 134.40    -0.9 0    -1.7 0     0.4 0     0.0 0   181.4 0   263.97 0   263.59 0   239.6 0   263.21 0   263.16 0     0.0 0     0.2 0     0.0 0   -58.2 0   -58.2 0   -10.3 0    63.2 0     2.9 0   233.1 0   829.3 0
 2019   2  1  2 10 28 10.467 134.21    -0.9 0    -1.6 0     0.4 0     0.0 0   182.2 0   263.94 0   263.63 0   239.3 0   263.24 0   263.17 0     0.0 0     0.2 0     0.0 0   -57.2 0   -57.2 0   -10.3 0    63.9 0     2.9 0   230.1 0   829.3 0
 2019   2  1  2 10 29 10.483 134.02    -0.9 0    -1.1 0     0.4 0     0.0 0   182.5 0   263.94 0   263.70 0   240.0 0   263.25 0   263.18 0     0.0 0     0.2 0     0.0 0   -57.5 0   -57.5 0   -10.1 0    64.4 0     2.6 0   229.9 0   829.3 0
 2019   2  1  2 10 30 10.500 133.83    -0.9 0    -1.0 0     0.2 0     0.0 0   182.4 0   263.96 0   263.72 0   241.1 0   263.25 0   263.20 0     0.0 0     0.2 0     0.0 0   -58.7 0   -58.7 0    -9.9 0    63.0 0     2.5 0   227.9 0   829.3 0
 2019   2  1  2 10 31 10.517 133.64    -1.0 0    -1.1 0     0.0 0     0.0 0   182.2 0   263.98 0   263.68 0   241.1 0   263.25 0   263.20 0     0.0 0     0.2 0     0.0 0   -58.9 0   -58.9 0    -9.9 0    62.2 0     2.2 0   228.7 0   829.3 0
 2019   2  1  2 10 32 10.533 133.45    -1.4 0    -1.1 0     0.2 0     0.0 0   182.4 0   263.99 0   263.72 0   240.8 0   263.25 0   263.19 0     0.0 0     0.2 0     0.0 0   -58.4 0   -58.4 0    -9.8 0    62.0 0     2.1 0   230.6 0   829.3 0
 2019   2  1  2 10 33 10.550 133.26    -1.4 0    -1.3 0     0.1 0     0.0 0   182.7 0   264.00 0   263.75 0   240.3 0   263.25 0   263.18 0     0.0 0     0.2 0     0.0 0   -57.6 0   -57.6 0    -9.8 0    62.3 0     1.9 0   224.3 0   829.3 0
 2019   2  1  2 10 34 10.567 133.07    -1.4 0    -1.4 0     0.0 0     0.0 0   182.7 0   264.03 0   263.80 0   239.0 0   263.25 0   263.19 0     0.0 0     0.2 0     0.0 0   -56.3 0   -56.3 0    -9.7 0    61.7 0     1.7 0   215.4 0   829.3 0
 2019   2  1  2 10 35 10.583 132.88    -1.4 0    -1.4 0     0.0 0     0.0 0   182.7 0   264.07 0   263.84 0   237.7 0   263.24 0   263.18 0     0.0 0     0.2 0     0.0 0   -55.0 0   -55.0 0    -9.5 0    60.6 0     1.7 0   211.8 0   829.3 0
 2019   2  1  2 10 36 10.600 132.69    -1.8 0    -1.4 0     0.0 0     0.0 0   182.7 0   264.11 0   263.88 0   236.9 0   263.23 0   263.17 0     0.0 0     0.2 0     0.0 0   -54.2 0   -54.2 0    -9.5 0    60.7 0     1.8 0   220.3 0   829.3 0
 2019   2  1  2 10 37 10.617 132.50    -1.8 0    -1.7 0     0.0 0     0.0 0   182.6 0   264.14 0   263.90 0   236.6 0   263.23 0   263.17 0     0.0 0     0.2 0     0.0 0   -54.0 0   -54.0 0    -9.4 0    61.5 0     2.0 0   219.4 0   829.3 0
 2019   2  1  2 10 38 10.633 132.31    -1.8 0    -1.7 0     0.0 0     0.0 0   182.8 0   264.17 0   263.95 0   237.3 0   263.22 0   263.17 0     0.0 0     0.2 0     0.0 0   -54.5 0   -54.5 0    -9.4 0    61.3 0     2.1 0   220.4 0   829.3 0
 2019   2  1  2 10 39 10.650 132.12    -1.8 0    -1.7 0     0.0 0     0.0 0   182.8 0   264.21 0   264.00 0   237.9 0   263.22 0   263.17 0     0.0 0     0.1 0     0.0 0   -55.1 0   -55.1 0    -9.3 0    60.4 0     2.1 0   222.7 0   829.3 0
 2019   2  1  2 10 40 10.667 131.93    -1.8 0    -1.7 0     0.0 0     0.0 0   182.3 0   264.25 0   263.97 0   239.7 0   263.22 0   263.17 0     0.0 0     0.2 0     0.0 0   -57.3 0   -57.3 0    -9.3 0    60.9 0     2.0 0   223.7 0   829.3 0
 2019   2  1  2 10 41 10.683 131.74    -1.8 0    -1.7 0     0.1 0     0.0 0   182.9 0   264.28 0   264.00 0   239.9 0   263.23 0   263.18 0     0.0 0     0.2 0     0.0 0   -57.0 0   -57.0 0    -9.4 0    60.1 0     1.8 0   223.9 0   829.3 0
 2019   2  1  2 10 42 10.700 131.55    -1.8 0    -1.7 0     0.1 0     0.0 0   182.8 0   264.29 0   264.04 0   239.6 0   263.23 0   263.17 0     0.0 0     0.2 0     0.0 0   -56.8 0   -56.8 0    -9.4 0    59.7 0     1.8 0   230.3 0   829.2 0
 2019   2  1  2 10 43 10.717 131.36    -1.8 0    -1.7 0     0.1 0     0.0 0   182.6 0   264.32 0   264.07 0   239.3 0   263.24 0   263.17 0     0.0 0     0.2 0     0.0 0   -56.7 0   -56.7 0    -9.3 0    59.8 0     1.7 0   236.9 0   829.2 0
 2019   2  1  2 10 44 10.733 131.17    -1.6 0    -1.7 0     0.2 0     0.0 0   182.2 0   264.33 0   264.03 0   238.8 0   263.25 0   263.17 0     0.0 0     0.2 0     0.0 0   -56.6 0   -56.6 0    -9.4 0    59.7 0     1.6 0   235.7 0   829.2 0
 2019   2  1  2 10 45 10.750 130.98    -1.7 0    -1.7 0     0.4 0     0.0 0   182.1 0   264.33 0   264.06 0   238.3 0   263.25 0   263.17 0     0.0 0     0.2 0     0.0 0   -56.2 0   -56.2 0    -9.4 0    60.2 0     1.8 0   243.5 0   829.2 0
 2019   2  1  2 10 46 10.767 130.79    -1.4 0    -1.7 0     0.4 0     0.0 0   182.2 0   264.34 0   264.05 0   238.4 0   263.25 0   263.18 0     0.0 0     0.2 0     0.0 0   -56.2 0   -56.2 0    -9.6 0    60.1 0     1.9 0   249.9 0   829.2 0
 2019   2  1  2 10 47 10.783 130.60    -1.4 0    -1.7 0     0.4 0     0.0 0   182.1 0   264.33 0   263.99 0   238.8 0   263.26 0   263.20 0     0.0 0     0.2 0     0.0 0   -56.7 0   -56.7 0    -9.9 0    60.2 0     2.1 0   256.8 0   829.2 0
 2019   2  1  2 10 48 10.800 130.40    -1.4 0    -1.7 0     0.4 0     0.0 0   182.8 0   264.33 0   264.01 0   238.7 0   263.28 0   263.21 0     0.0 0     0.2 0     0.0 0   -55.9 0   -55.9 0   -10.0 0    60.8 0     2.1 0   254.3 0   829.2 0
 2019   2  1  2 10 49 10.817 130.21    -1.4 0    -1.7 0     0.4 0     0.0 0   182.6 0   264.32 0   263.99 0   238.8 0   263.28 0   263.22 0     0.0 0     0.2 0     0.0 0   -56.2 0   -56.2 0   -10.0 0    60.8 0     2.2 0   261.2 0   829.2 0
 2019   2  1  2 10 50 10.833 130.02    -1.4 0    -1.7 0     0.4 0     0.0 0   182.6 0   264.30 0   264.00 0   239.6 0   263.30 0   263.25 0     0.0 0     0.2 0     0.0 0   -57.0 0   -57.0 0   -10.0 0    61.2 0     2.1 0   260.2 0   829.2 0
 2019   2  1  2 10 51 10.850 129.83    -1.4 0    -1.7 0     0.2 0     0.0 0   183.0 0   264.30 0   264.02 0   239.6 0   263.32 0   263.27 0     0.0 0     0.2 0     0.0 0   -56.6 0   -56.6 0    -9.9 0    60.7 0     2.3 0   261.9 0   829.2 0
 2019   2  1  2 10 52 10.867 129.64    -1.3 0    -1.7 0     0.0 0     0.0 0   182.9 0   264.32 0   264.00 0   240.0 0   263.35 0   263.31 0     0.0 0     0.2 0     0.0 0   -57.1 0   -57.1 0    -9.9 0    61.3 0     2.6 0   258.3 0   829.2 0
 2019   2  1  2 10 53 10.883 129.45    -0.9 0    -1.7 0     0.1 0     0.0 0   183.0 0   264.30 0   263.96 0   240.1 0   263.38 0   263.34 0     0.0 0     0.2 0     0.0 0   -57.2 0   -57.2 0   -10.1 0    61.1 0     2.4 0   258.0 0   829.2 0
 2019   2  1  2 10 54 10.900 129.26    -1.2 0    -1.7 0     0.3 0     0.0 0   183.3 0   264.29 0   264.05 0   240.0 0   263.42 0   263.38 0     0.0 0     0.2 0     0.0 0   -56.7 0   -56.7 0   -10.0 0    61.4 0     2.6 0   257.3 0   829.2 0
 2019   2  1  2 10 55 10.917 129.07    -1.4 0    -2.0 0     0.0 0     0.0 0   183.5 0   264.32 0   264.10 0   240.6 0   263.47 0   263.44 0     0.0 0     0.2 0     0.0 0   -57.2 0   -57.2 0    -9.8 0    61.3 0     2.6 0   245.4 0   829.1 0
 2019   2  1  2 10 56 10.933 128.88    -1.4 0    -2.3 0     0.0 0     0.0 0   183.3 0   264.34 0   264.12 0   240.8 0   263.53 0   263.50 0     0.0 0     0.2 0     0.0 0   -57.5 0   -57.5 0    -9.8 0    59.7 0     2.5 0   247.4 0   829.1 0
 2019   2  1  2 10 57 10.950 128.69    -1.4 0    -2.2 0     0.0 0     0.0 0   183.3 0   264.38 0   264.16 0   240.9 0   263.59 0   263.56 0     0.0 0     0.2 0     0.0 0   -57.6 0   -57.6 0    -9.8 0    59.4 0     2.6 0   244.0 0   829.1 0
 2019   2  1  2 10 58 10.967 128.49    -1.2 0    -2.4 0     0.1 0     0.0 0   182.4 0   264.40 0   264.01 0   241.7 0   263.66 0   263.64 0     0.0 0     0.2 0     0.0 0   -59.3 0   -59.3 0    -9.9 0    58.9 0     2.8 0   245.7 0   829.1 0
 2019   2  1  2 10 59 10.983 128.30    -0.9 0    -2.2 0     0.6 0     0.0 0   182.4 0   264.34 0   263.87 0   242.4 0   263.73 0   263.70 0     0.0 0     0.2 0     0.0 0   -60.0 0   -60.0 0   -10.3 0    58.3 0     2.9 0   250.8 0   829.1 0
 2019   2  1  2 11  0 11.000 128.11    -1.1 0    -1.7 0     0.9 0     0.0 0   182.7 0   264.27 0   263.93 0   242.9 0   263.78 0   263.74 0     0.0 0     0.2 0     0.0 0   -60.3 0   -60.3 0   -10.4 0    57.1 0     3.1 0   263.2 0   829.1 0
 2019   2  1  2 11  1 11.017 127.92    -1.4 0    -1.7 0     0.5 0     0.0 0   182.4 0   264.25 0   263.94 0   243.2 0   263.83 0   263.80 0     0.0 0     0.2 0     0.0 0   -60.8 0   -60.8 0   -10.3 0    57.2 0     3.4 0   262.9 0   829.1 0
 2019   2  1  2 11  2 11.033 127.73    -1.4 0    -1.7 0     0.4 0     0.0 0   182.5 0   264.23 0   263.88 0   243.6 0   263.88 0   263.86 0     0.0 0     0.2 0     0.0 0   -61.1 0   -61.1 0   -10.4 0    57.9 0     3.4 0   260.3 0   829.0 0
 2019   2  1  2 11  3 11.050 127.54    -1.4 0    -2.0 0     0.4 0     0.0 0   182.7 0   264.21 0   263.88 0   243.4 0   263.95 0   263.94 0     0.0 0     0.2 0     0.0 0   -60.8 0   -60.8 0   -10.4 0    57.5 0     3.4 0   257.6 0   829.0 0
 2019   2  1  2 11  4 11.067 127.35    -1.4 0    -2.4 0     0.4 0     0.0 0   182.4 0   264.19 0   263.85 0   244.4 0   264.03 0   264.03 0     0.0 0     0.2 0     0.0 0   -62.0 0   -62.0 0   -10.4 0    56.3 0     3.6 0   258.2 0   829.0 0
 2019   2  1  2 11  5 11.083 127.16    -1.4 0    -2.4 0     0.4 0     0.0 0   182.6 0   264.17 0   263.81 0   245.0 0   264.11 0   264.10 0     0.0 0     0.2 0     0.0 0   -62.4 0   -62.4 0   -10.4 0    55.0 0     3.2 0   254.6 0   829.0 0
 2019   2  1  2 11  6 11.100 126.97    -1.6 0    -2.1 0     0.4 0     0.0 0   182.9 0   264.15 0   263.85 0   244.2 0   264.19 0   264.16 0     0.0 0     0.2 0     0.0 0   -61.3 0   -61.3 0   -10.4 0    55.2 0     3.0 0   251.0 0   829.0 0
 2019   2  1  2 11  7 11.117 126.77    -1.8 0    -1.9 0     0.3 0     0.0 0   183.1 0   264.16 0   263.97 0   243.3 0   264.26 0   264.22 0     0.0 0     0.2 0     0.0 0   -60.1 0   -60.1 0   -10.3 0    55.7 0     3.1 0   254.8 0   828.9 0
 2019   2  1  2 11  8 11.133 126.58    -1.8 0    -1.7 0     0.0 0     0.0 0   182.7 0   264.20 0   264.00 0   243.2 0   264.31 0   264.28 0     0.0 0     0.2 0     0.0 0   -60.4 0   -60.4 0   -10.1 0    57.0 0     3.6 0   266.7 0   828.9 0
 2019   2  1  2 11  9 11.150 126.39    -1.8 0    -1.7 0     0.0 0     0.0 0   182.3 0   264.23 0   263.95 0   241.9 0   264.37 0   264.33 0     0.0 0     0.2 0     0.0 0   -59.6 0   -59.6 0   -10.0 0    57.1 0     3.8 0   272.4 0   828.9 0
 2019   2  1  2 11 10 11.167 126.20    -1.8 0    -1.1 0     0.0 0     0.0 0   181.9 0   264.23 0   263.90 0   240.1 0   264.41 0   264.32 0     0.0 0     0.2 0     0.0 0   -58.2 0   -58.2 0   -10.0 0    58.7 0     4.0 0   275.9 0   828.9 0
 2019   2  1  2 11 11 11.183 126.01    -1.7 0    -0.8 0     0.4 0     0.0 0   181.8 0   264.22 0   263.77 0   240.6 0   264.41 0   264.35 0     0.0 0     0.2 0     0.0 0   -58.8 0   -58.8 0   -10.2 0    60.4 0     3.7 0   270.0 0   828.9 0
 2019   2  1  2 11 12 11.200 125.82    -1.4 0    -1.7 0     0.4 0     0.0 0   182.3 0   264.15 0   263.70 0   240.8 0   264.44 0   264.43 0     0.0 0     0.2 0     0.0 0   -58.5 0   -58.5 0   -10.5 0    56.2 0     3.4 0   267.5 0   828.8 0
 2019   2  1  2 11 13 11.217 125.63    -1.4 0    -2.2 0     0.4 0     0.0 0   182.7 0   264.08 0   263.63 0   241.2 0   264.51 0   264.51 0     0.0 0     0.2 0     0.0 0   -58.5 0   -58.5 0   -10.7 0    53.6 0     3.3 0   268.8 0   828.8 0
 2019   2  1  2 11 14 11.233 125.44    -1.3 0    -2.4 0     0.4 0     0.0 0   182.6 0   264.01 0   263.57 0   241.1 0   264.58 0   264.57 0     0.0 0     0.2 0     0.0 0   -58.4 0   -58.4 0   -10.8 0    52.5 0     3.8 0   267.2 0   828.8 0
 2019   2  1  2 11 15 11.250 125.25    -1.0 0    -2.7 0     0.4 0     0.0 0   182.5 0   263.94 0   263.47 0   243.2 0   264.66 0   264.69 0     0.0 0     0.2 0     0.0 0   -60.7 0   -60.7 0   -10.9 0    46.1 0     4.0 0   264.5 0   828.8 0
 2019   2  1  2 11 16 11.267 125.05    -0.9 0    -2.8 0     0.4 0     0.0 0   183.0 0   263.86 0   263.41 0   244.6 0   264.76 0   264.78 0     0.0 0     0.2 0     0.0 0   -61.6 0   -61.6 0   -11.0 0    45.1 0     3.8 0   262.6 0   828.8 0
 2019   2  1  2 11 17 11.283 124.86    -1.1 0    -2.8 0     0.4 0     0.0 0   182.7 0   263.79 0   263.39 0   244.5 0   264.86 0   264.88 0     0.0 0     0.2 0     0.0 0   -61.8 0   -61.8 0   -10.9 0    43.4 0     4.1 0   259.0 0   828.7 0
 2019   2  1  2 11 18 11.300 124.67    -0.9 0    -2.9 0     0.4 0     0.0 0   182.7 0   263.73 0   263.22 0   245.0 0   264.97 0   264.99 0     0.0 0     0.2 0     0.0 0   -62.3 0   -62.3 0   -11.1 0    42.5 0     4.2 0   258.1 0   828.7 0
 2019   2  1  2 11 19 11.317 124.48    -0.7 0    -2.8 0     0.5 0     0.0 0   183.0 0   263.63 0   263.14 0   244.4 0   265.08 0   265.09 0     0.0 0     0.2 0     0.0 0   -61.4 0   -61.4 0   -11.4 0    41.5 0     4.2 0   259.2 0   828.7 0
 2019   2  1  2 11 20 11.333 124.29    -0.6 0    -2.8 0     0.8 0     0.0 0   183.2 0   263.54 0   263.12 0   244.1 0   265.20 0   265.21 0     0.0 0     0.2 0     0.0 0   -60.9 0   -60.9 0   -11.5 0    41.7 0     4.3 0   258.6 0   828.7 0
 2019   2  1  2 11 21 11.350 124.10    -0.9 0    -2.5 0     0.6 0     0.0 0   183.5 0   263.49 0   263.15 0   244.8 0   265.30 0   265.31 0     0.0 0     0.2 0     0.0 0   -61.3 0   -61.3 0   -11.4 0    43.5 0     4.7 0   261.1 0   828.7 0
 2019   2  1  2 11 22 11.367 123.91    -0.9 0    -2.8 0     0.4 0     0.0 0   183.4 0   263.46 0   263.15 0   246.9 0   265.41 0   265.43 0     0.0 0     0.2 0     0.0 0   -63.6 0   -63.6 0   -11.1 0    40.8 0     4.9 0   261.4 0   828.7 0
 2019   2  1  2 11 23 11.383 123.72    -1.3 0    -2.9 0     0.4 0     0.0 0   183.7 0   263.44 0   263.18 0   247.4 0   265.52 0   265.54 0     0.0 0     0.2 0     0.0 0   -63.8 0   -63.8 0   -10.9 0    41.0 0     4.6 0   259.8 0   828.7 0
 2019   2  1  2 11 24 11.400 123.53    -1.5 0    -2.4 0     0.2 0     0.0 0   184.2 0   263.46 0   263.27 0   247.9 0   265.63 0   265.63 0     0.0 0     0.2 0     0.0 0   -63.7 0   -63.7 0   -10.6 0    41.9 0     4.7 0   258.6 0   828.7 0
 2019   2  1  2 11 25 11.417 123.34    -1.5 0    -2.4 0     0.0 0     0.0 0   183.9 0   263.50 0   263.28 0   247.7 0   265.71 0   265.70 0     0.0 0     0.2 0     0.0 0   -63.8 0   -63.8 0   -10.4 0    43.2 0     4.9 0   261.1 0   828.6 0
 2019   2  1  2 11 26 11.433 123.15    -1.4 0    -2.4 0     0.0 0     0.0 0   184.1 0   263.52 0   263.25 0   247.8 0   265.80 0   265.79 0     0.0 0     0.2 0     0.0 0   -63.7 0   -63.7 0   -10.5 0    40.7 0     5.0 0   260.5 0   828.6 0
 2019   2  1  2 11 27 11.450 122.95    -1.4 0    -2.7 0     0.1 0     0.0 0   184.4 0   263.54 0   263.23 0   248.2 0   265.89 0   265.91 0     0.0 0     0.2 0     0.0 0   -63.8 0   -63.8 0   -10.6 0    37.3 0     5.0 0   261.0 0   828.6 0
 2019   2  1  2 11 28 11.467 122.76    -1.4 0    -2.9 0     0.3 0     0.0 0   184.4 0   263.53 0   263.25 0   249.0 0   266.00 0   266.01 0     0.0 0     0.2 0     0.0 0   -64.6 0   -64.6 0   -10.7 0    36.3 0     5.1 0   258.3 0   828.6 0
 2019   2  1  2 11 29 11.483 122.57    -1.8 0    -3.1 0     0.2 0     0.0 0   184.9 0   263.55 0   263.39 0   250.4 0   266.11 0   266.12 0     0.0 0     0.2 0     0.0 0   -65.5 0   -65.5 0   -10.5 0    35.7 0     5.2 0   257.8 0   828.6 0
 2019   2  1  2 11 30 11.500 122.38    -2.0 0    -2.8 0     0.0 0     0.0 0   185.1 0   263.60 0   263.51 0   251.6 0   266.22 0   266.23 0     0.0 0     0.2 0     0.0 0   -66.5 0   -66.5 0   -10.1 0    36.0 0     5.3 0   259.9 0   828.6 0
 2019   2  1  2 11 31 11.517 122.19    -2.3 0    -2.6 0     0.0 0     0.0 0   185.2 0   263.70 0   263.65 0   252.8 0   266.32 0   266.33 0     0.0 0     0.2 0     0.0 0   -67.7 0   -67.7 0    -9.8 0    36.2 0     5.1 0   261.9 0   828.6 0
 2019   2  1  2 11 32 11.533 122.00    -2.6 0    -2.6 0    -0.1 0     0.0 0   185.2 0   263.80 0   263.76 0   253.6 0   266.42 0   266.44 0     0.0 0     0.2 0     0.0 0   -68.4 0   -68.4 0    -9.5 0    35.1 0     5.3 0   261.1 0   828.6 0
 2019   2  1  2 11 33 11.550 121.81    -2.7 0    -2.6 0    -0.3 0     0.0 0   185.4 0   263.92 0   263.91 0   254.2 0   266.53 0   266.54 0     0.0 0     0.2 0     0.0 0   -68.8 0   -68.8 0    -9.2 0    35.1 0     5.3 0   257.1 0   828.6 0
 2019   2  1  2 11 34 11.567 121.62    -2.7 0    -2.5 0    -0.4 0     0.0 0   185.4 0   264.06 0   264.05 0   254.6 0   266.63 0   266.63 0     0.0 0     0.2 0     0.0 0   -69.2 0   -69.2 0    -9.0 0    35.5 0     5.3 0   254.9 0   828.6 0
 2019   2  1  2 11 35 11.583 121.43    -2.9 0    -2.4 0    -0.4 0     0.0 0   185.2 0   264.19 0   264.19 0   254.6 0   266.72 0   266.71 0     0.0 0     0.2 0     0.0 0   -69.4 0   -69.4 0    -8.9 0    36.5 0     5.5 0   256.2 0   828.6 0
 2019   2  1  2 11 36 11.600 121.24    -3.2 0    -2.4 0    -0.4 0     0.0 0   184.8 0   264.33 0   264.28 0   254.3 0   266.81 0   266.79 0     0.0 0     0.2 0     0.0 0   -69.4 0   -69.4 0    -8.7 0    38.2 0     5.4 0   251.1 0   828.6 0
 2019   2  1  2 11 37 11.617 121.05    -3.2 0    -2.0 0    -0.1 0     0.0 0   184.5 0   264.45 0   264.34 0   254.5 0   266.88 0   266.85 0     0.0 0     0.2 0     0.0 0   -70.0 0   -70.0 0    -8.7 0    39.1 0     5.1 0   251.5 0   828.6 0
 2019   2  1  2 11 38 11.633 120.86    -2.9 0    -1.7 0     0.0 0     0.0 0   184.6 0   264.55 0   264.40 0   254.9 0   266.94 0   266.90 0     0.0 0     0.2 0     0.0 0   -70.3 0   -70.3 0    -8.7 0    38.7 0     4.9 0   250.1 0   828.6 0
 2019   2  1  2 11 39 11.650 120.67    -3.2 0    -1.9 0     0.0 0     0.0 0   184.8 0   264.63 0   264.53 0   255.4 0   266.99 0   266.96 0     0.0 0     0.2 0     0.0 0   -70.6 0   -70.6 0    -8.7 0    38.4 0     4.8 0   244.2 0   828.6 0
 2019   2  1  2 11 40 11.667 120.48    -3.2 0    -1.7 0     0.0 0     0.0 0   184.7 0   264.73 0   264.65 0   254.9 0   267.05 0   267.00 0     0.0 0     0.2 0     0.0 0   -70.2 0   -70.2 0    -8.6 0    38.4 0     4.7 0   244.9 0   828.6 0
 2019   2  1  2 11 41 11.683 120.29    -3.2 0    -1.7 0     0.0 0     0.0 0   184.6 0   264.84 0   264.72 0   254.6 0   267.10 0   267.04 0     0.0 0     0.2 0     0.0 0   -70.1 0   -70.1 0    -8.6 0    37.0 0     4.6 0   246.6 0   828.5 0
 2019   2  1  2 11 42 11.700 120.10    -3.2 0    -1.7 0     0.0 0     0.0 0   184.8 0   264.93 0   264.81 0   254.1 0   267.14 0   267.09 0     0.0 0     0.2 0     0.0 0   -69.4 0   -69.4 0    -8.5 0    36.8 0     4.5 0   245.3 0   828.5 0
 2019   2  1  2 11 43 11.717 119.91    -3.2 0    -1.7 0     0.0 0     0.0 0   184.8 0   265.02 0   264.91 0   254.5 0   267.18 0   267.11 0     0.0 0     0.2 0     0.0 0   -69.7 0   -69.7 0    -8.4 0    37.1 0     4.6 0   250.2 0   828.5 0
 2019   2  1  2 11 44 11.733 119.72    -3.2 0    -1.7 0     0.0 0     0.0 0   185.2 0   265.12 0   265.02 0   254.4 0   267.21 0   267.16 0     0.0 0     0.2 0     0.0 0   -69.2 0   -69.2 0    -8.4 0    36.2 0     4.6 0   259.1 0   828.5 0
 2019   2  1  2 11 45 11.750 119.53    -3.2 0    -1.7 0     0.0 0     0.0 0   185.0 0   265.21 0   265.05 0   254.5 0   267.24 0   267.19 0     0.0 0     0.2 0     0.0 0   -69.6 0   -69.6 0    -8.3 0    36.4 0     4.7 0   261.5 0   828.4 0
 2019   2  1  2 11 46 11.767 119.34    -3.0 0    -1.7 0     0.0 0     0.0 0   185.4 0   265.29 0   265.11 0   255.5 0   267.27 0   267.23 0     0.0 0     0.2 0     0.0 0   -70.2 0   -70.2 0    -8.3 0    34.5 0     4.4 0   262.4 0   828.4 0
 2019   2  1  2 11 47 11.783 119.15    -3.0 0    -1.7 0     0.0 0     0.0 0   185.4 0   265.35 0   265.16 0   255.8 0   267.31 0   267.28 0     0.0 0     0.2 0     0.0 0   -70.3 0   -70.3 0    -8.3 0    34.1 0     4.4 0   266.0 0   828.4 0
 2019   2  1  2 11 48 11.800 118.96    -2.7 0    -1.6 0     0.0 0     0.0 0   185.3 0   265.41 0   265.19 0   255.5 0   267.35 0   267.30 0     0.0 0     0.2 0     0.0 0   -70.1 0   -70.1 0    -8.3 0    34.8 0     4.3 0   264.7 0   828.4 0
 2019   2  1  2 11 49 11.817 118.77    -2.7 0    -1.4 0     0.0 0     0.0 0   185.1 0   265.46 0   265.25 0   254.7 0   267.38 0   267.32 0     0.0 0     0.2 0     0.0 0   -69.6 0   -69.6 0    -8.3 0    35.3 0     4.3 0   264.3 0   828.4 0
 2019   2  1  2 11 50 11.833 118.58    -2.7 0    -1.3 0     0.0 0     0.0 0   184.7 0   265.50 0   265.25 0   254.3 0   267.41 0   267.35 0     0.0 0     0.2 0     0.0 0   -69.5 0   -69.5 0    -8.3 0    35.2 0     4.2 0   261.2 0   828.4 0
 2019   2  1  2 11 51 11.850 118.39    -2.6 0    -1.4 0     0.0 0     0.0 0   185.1 0   265.53 0   265.29 0   253.5 0   267.43 0   267.38 0     0.0 0     0.2 0     0.0 0   -68.4 0   -68.4 0    -8.4 0    34.4 0     4.2 0   258.8 0   828.4 0
 2019   2  1  2 11 52 11.867 118.20    -2.3 0    -1.6 0     0.0 0     0.0 0   185.0 0   265.57 0   265.27 0   252.4 0   267.46 0   267.41 0     0.0 0     0.2 0     0.0 0   -67.5 0   -67.5 0    -8.4 0    33.8 0     4.2 0   258.6 0   828.4 0
 2019   2  1  2 11 53 11.883 118.01    -2.3 0    -1.4 0     0.0 0     0.0 0   185.0 0   265.57 0   265.27 0   252.0 0   267.49 0   267.43 0     0.0 0     0.2 0     0.0 0   -67.1 0   -67.1 0    -8.6 0    33.8 0     4.2 0   259.3 0   828.4 0
 2019   2  1  2 11 54 11.900 117.82    -2.3 0    -1.4 0     0.0 0     0.0 0   185.1 0   265.57 0   265.34 0   251.5 0   267.51 0   267.46 0     0.0 0     0.1 0     0.0 0   -66.4 0   -66.4 0    -8.5 0    34.5 0     4.4 0   259.5 0   828.4 0
 2019   2  1  2 11 55 11.917 117.63    -2.1 0    -1.1 0     0.0 0     0.0 0   184.9 0   265.60 0   265.34 0   251.5 0   267.53 0   267.46 0     0.0 0     0.1 0     0.0 0   -66.6 0   -66.6 0    -8.5 0    34.7 0     4.6 0   261.7 0   828.4 0
 2019   2  1  2 11 56 11.933 117.44    -1.8 0    -1.1 0     0.0 0     0.0 0   185.3 0   265.62 0   265.33 0   252.0 0   267.55 0   267.48 0     0.0 0     0.1 0     0.0 0   -66.7 0   -66.7 0    -8.6 0    34.8 0     4.2 0   265.0 0   828.4 0
 2019   2  1  2 11 57 11.950 117.25    -1.8 0    -1.1 0     0.0 0     0.0 0   185.7 0   265.63 0   265.44 0   251.6 0   267.56 0   267.50 0     0.0 0     0.1 0     0.0 0   -65.9 0   -65.9 0    -8.5 0    33.8 0     3.8 0   265.4 0   828.3 0
 2019   2  1  2 11 58 11.967 117.06    -1.8 0    -1.2 0     0.0 0     0.0 0   185.5 0   265.68 0   265.51 0   251.1 0   267.57 0   267.51 0     0.0 0     0.1 0     0.0 0   -65.6 0   -65.6 0    -8.3 0    33.8 0     3.9 0   267.9 0   828.3 0
 2019   2  1  2 11 59 11.983 116.87    -1.8 0    -1.4 0     0.0 0     0.0 0   185.2 0   265.73 0   265.45 0   251.1 0   267.59 0   267.53 0     0.0 0     0.1 0     0.0 0   -66.0 0   -66.0 0    -8.3 0    33.3 0     4.0 0   268.3 0   828.4 0
 2019   2  1  2 12  0 12.000 116.68    -1.8 0    -1.4 0     0.0 0     0.0 0   185.2 0   265.74 0   265.44 0   251.0 0   267.61 0   267.54 0     0.0 0     0.1 0     0.0 0   -65.8 0   -65.8 0    -8.5 0    33.3 0     3.7 0   266.0 0   828.4 0
 2019   2  1  2 12  1 12.017 116.49    -1.7 0    -1.4 0     0.0 0     0.0 0   185.1 0   265.75 0   265.46 0   250.0 0   267.61 0   267.56 0     0.0 0     0.1 0     0.0 0   -64.9 0   -64.9 0    -8.5 0    32.7 0     3.6 0   264.4 0   828.3 0
 2019   2  1  2 12  2 12.033 116.30    -1.4 0    -1.3 0     0.0 0     0.0 0   185.0 0   265.75 0   265.44 0   249.1 0   267.63 0   267.56 0     0.0 0     0.1 0     0.0 0   -64.1 0   -64.1 0    -8.7 0    32.9 0     3.4 0   264.2 0   828.3 0
 2019   2  1  2 12  3 12.050 116.12    -1.0 0    -1.0 0     0.0 0     0.0 0   183.8 0   265.73 0   265.24 0   248.3 0   267.63 0   267.54 0     0.0 0     0.1 0     0.0 0   -64.4 0   -64.4 0    -9.1 0    34.7 0     3.3 0   269.3 0   828.3 0
 2019   2  1  2 12  4 12.067 115.93    -0.6 0    -1.0 0     0.3 0     0.0 0   184.1 0   265.65 0   265.07 0   248.0 0   267.61 0   267.52 0     0.0 0     0.1 0     0.0 0   -63.9 0   -63.9 0    -9.8 0    34.5 0     3.2 0   271.8 0   828.3 0
 2019   2  1  2 12  5 12.083 115.74    -0.4 0    -1.0 0     0.4 0     0.0 0   184.0 0   265.52 0   264.87 0   248.2 0   267.61 0   267.51 0     0.0 0     0.2 0     0.0 0   -64.3 0   -64.3 0   -10.3 0    35.3 0     3.5 0   272.5 0   828.3 0
 2019   2  1  2 12  6 12.100 115.55     0.0 0    -1.0 0     0.4 0     0.0 0   184.1 0   265.38 0   264.76 0   248.2 0   267.58 0   267.51 0     0.0 0     0.1 0     0.0 0   -64.1 0   -64.1 0   -10.7 0    35.2 0     3.6 0   273.6 0   828.2 0
 2019   2  1  2 12  7 12.117 115.36     0.0 0    -1.0 0     0.4 0     0.0 0   184.1 0   265.23 0   264.59 0   248.7 0   267.57 0   267.48 0     0.0 0     0.2 0     0.0 0   -64.5 0   -64.5 0   -10.9 0    34.5 0     3.4 0   272.7 0   828.2 0
 2019   2  1  2 12  8 12.133 115.17     0.0 0    -1.0 0     0.4 0     0.0 0   184.6 0   265.08 0   264.59 0   248.4 0   267.56 0   267.47 0     0.0 0     0.1 0     0.0 0   -63.8 0   -63.8 0   -10.9 0    34.4 0     3.3 0   275.0 0   828.2 0
 2019   2  1  2 12  9 12.150 114.98     0.0 0    -1.0 0     0.4 0     0.0 0   183.9 0   264.98 0   264.38 0   248.3 0   267.54 0   267.44 0     0.0 0     0.1 0     0.0 0   -64.5 0   -64.5 0   -10.8 0    35.5 0     3.3 0   276.7 0   828.2 0
 2019   2  1  2 12 10 12.167 114.80     0.0 0    -0.9 0     0.4 0     0.0 0   183.3 0   264.84 0   264.15 0   248.0 0   267.51 0   267.41 0     0.0 0     0.1 0     0.0 0   -64.7 0   -64.7 0   -11.1 0    38.3 0     3.5 0   285.1 0   828.2 0
 2019   2  1  2 12 11 12.183 114.61     0.0 0    -1.0 0     0.4 0     0.0 0   183.9 0   264.67 0   263.99 0   248.4 0   267.48 0   267.39 0     0.0 0     0.1 0     0.0 0   -64.5 0   -64.5 0   -11.3 0    36.8 0     3.5 0   280.9 0   828.2 0
 2019   2  1  2 12 12 12.200 114.42     0.0 0    -1.0 0     0.4 0     0.0 0   184.1 0   264.50 0   263.91 0   248.4 0   267.46 0   267.38 0     0.0 0     0.2 0     0.0 0   -64.3 0   -64.3 0   -11.4 0    34.6 0     3.5 0   281.5 0   828.3 0
 2019   2  1  2 12 13 12.217 114.23     0.0 0    -1.0 0     0.4 0     0.0 0   184.2 0   264.36 0   263.78 0   249.3 0   267.46 0   267.37 0     0.0 0     0.1 0     0.0 0   -65.0 0   -65.0 0   -11.4 0    35.3 0     3.5 0   282.9 0   828.3 0
 2019   2  1  2 12 14 12.233 114.04     0.0 0    -1.1 0     0.4 0     0.0 0   184.2 0   264.23 0   263.66 0   249.6 0   267.43 0   267.36 0     0.0 0     0.2 0     0.0 0   -65.4 0   -65.4 0   -11.4 0    35.8 0     3.5 0   284.7 0   828.3 0
 2019   2  1  2 12 15 12.250 113.86    -0.1 0    -1.3 0     0.4 0     0.0 0   184.6 0   264.11 0   263.56 0   249.8 0   267.43 0   267.36 0     0.0 0     0.1 0     0.0 0   -65.3 0   -65.3 0   -11.3 0    35.3 0     3.5 0   279.5 0   828.2 0
 2019   2  1  2 12 16 12.267 113.67    -0.4 0    -1.4 0     0.4 0     0.0 0   184.9 0   264.00 0   263.54 0   249.4 0   267.41 0   267.36 0     0.0 0     0.2 0     0.0 0   -64.5 0   -64.5 0   -11.3 0    34.5 0     3.6 0   276.6 0   828.2 0
 2019   2  1  2 12 17 12.283 113.48    -0.5 0    -1.7 0     0.1 0     0.0 0   185.5 0   263.91 0   263.51 0   249.7 0   267.42 0   267.38 0     0.0 0     0.1 0     0.0 0   -64.2 0   -64.2 0   -11.1 0    32.5 0     3.8 0   270.1 0   828.1 0
 2019   2  1  2 12 18 12.300 113.29    -0.5 0    -1.7 0     0.0 0     0.0 0   185.9 0   263.87 0   263.54 0   249.3 0   267.45 0   267.41 0     0.0 0     0.2 0     0.0 0   -63.4 0   -63.4 0   -10.9 0    32.1 0     3.7 0   267.9 0   828.1 0
 2019   2  1  2 12 19 12.317 113.10    -0.6 0    -1.8 0     0.0 0     0.0 0   185.9 0   263.84 0   263.52 0   249.1 0   267.47 0   267.42 0     0.0 0     0.1 0     0.0 0   -63.2 0   -63.2 0   -10.7 0    31.7 0     3.9 0   267.9 0   828.1 0
 2019   2  1  2 12 20 12.333 112.92    -0.8 0    -1.7 0     0.0 0     0.0 0   186.1 0   263.82 0   263.56 0   249.5 0   267.50 0   267.45 0     0.0 0     0.1 0     0.0 0   -63.4 0   -63.4 0   -10.6 0    31.5 0     3.9 0   269.1 0   828.1 0
 2019   2  1  2 12 21 12.350 112.73    -0.9 0    -1.7 0     0.0 0     0.0 0   186.2 0   263.83 0   263.57 0   249.8 0   267.52 0   267.47 0     0.0 0     0.1 0     0.0 0   -63.6 0   -63.6 0   -10.4 0    31.8 0     3.7 0   272.3 0   828.1 0
 2019   2  1  2 12 22 12.367 112.54    -0.9 0    -1.7 0     0.0 0     0.0 0   186.4 0   263.84 0   263.57 0   249.9 0   267.54 0   267.49 0     0.0 0     0.2 0     0.0 0   -63.6 0   -63.6 0   -10.4 0    31.9 0     3.7 0   276.0 0   828.1 0
 2019   2  1  2 12 23 12.383 112.36    -1.2 0    -1.4 0     0.0 0     0.0 0   186.2 0   263.85 0   263.59 0   250.2 0   267.56 0   267.49 0     0.0 0     0.2 0     0.0 0   -64.0 0   -64.0 0   -10.3 0    33.7 0     4.1 0   281.8 0   828.1 0
 2019   2  1  2 12 24 12.400 112.17    -1.3 0    -1.3 0     0.0 0     0.0 0   186.2 0   263.86 0   263.54 0   250.9 0   267.56 0   267.50 0     0.0 0     0.2 0     0.0 0   -64.7 0   -64.7 0   -10.4 0    33.8 0     4.1 0   282.9 0   828.1 0
 2019   2  1  2 12 25 12.417 111.98    -1.4 0    -1.6 0     0.0 0     0.0 0   186.9 0   263.86 0   263.56 0   251.1 0   267.57 0   267.52 0     0.0 0     0.2 0     0.0 0   -64.2 0   -64.2 0   -10.4 0    32.3 0     4.1 0   282.4 0   828.1 0
 2019   2  1  2 12 26 12.433 111.79    -1.4 0    -1.7 0     0.0 0     0.0 0   186.5 0   263.86 0   263.59 0   251.7 0   267.60 0   267.55 0     0.0 0     0.2 0     0.0 0   -65.2 0   -65.2 0   -10.4 0    32.5 0     4.5 0   283.8 0   828.1 0
 2019   2  1  2 12 27 12.450 111.61    -1.4 0    -1.7 0     0.0 0     0.0 0   186.5 0   263.86 0   263.59 0   251.6 0   267.62 0   267.59 0     0.0 0     0.2 0     0.0 0   -65.1 0   -65.1 0   -10.4 0    31.4 0     4.1 0   282.2 0   828.1 0
 2019   2  1  2 12 28 12.467 111.42    -1.4 0    -1.7 0     0.0 0     0.0 0   186.5 0   263.87 0   263.59 0   252.1 0   267.65 0   267.62 0     0.0 0     0.2 0     0.0 0   -65.5 0   -65.5 0   -10.4 0    31.0 0     4.2 0   281.0 0   828.1 0
 2019   2  1  2 12 29 12.483 111.23    -1.4 0    -1.7 0     0.0 0     0.0 0   187.2 0   263.88 0   263.64 0   252.3 0   267.69 0   267.65 0     0.0 0     0.2 0     0.0 0   -65.1 0   -65.1 0   -10.3 0    31.1 0     4.5 0   280.4 0   828.1 0
 2019   2  1  2 12 30 12.500 111.05    -1.8 0    -1.7 0     0.0 0     0.0 0   186.8 0   263.91 0   263.70 0   252.2 0   267.72 0   267.67 0     0.0 0     0.2 0     0.0 0   -65.4 0   -65.4 0   -10.1 0    31.6 0     4.7 0   281.3 0   828.1 0
 2019   2  1  2 12 31 12.517 110.86    -1.8 0    -1.7 0     0.0 0     0.0 0   186.8 0   263.93 0   263.67 0   252.9 0   267.75 0   267.71 0     0.0 0     0.2 0     0.0 0   -66.1 0   -66.1 0   -10.2 0    31.5 0     4.7 0   282.4 0   828.1 0
 2019   2  1  2 12 32 12.533 110.68    -1.8 0    -1.7 0     0.0 0     0.0 0   186.9 0   263.96 0   263.67 0   253.1 0   267.77 0   267.73 0     0.0 0     0.2 0     0.0 0   -66.3 0   -66.3 0   -10.2 0    31.2 0     4.5 0   283.3 0   828.1 0
 2019   2  1  2 12 33 12.550 110.49    -1.8 0    -1.7 0     0.0 0     0.0 0   186.8 0   263.96 0   263.68 0   253.5 0   267.80 0   267.77 0     0.0 0     0.2 0     0.0 0   -66.7 0   -66.7 0   -10.2 0    30.8 0     4.6 0   282.8 0   828.1 0
 2019   2  1  2 12 34 12.567 110.30    -1.8 0    -1.7 0     0.0 0     0.0 0   186.5 0   263.96 0   263.69 0   254.1 0   267.84 0   267.80 0     0.0 0     0.2 0     0.0 0   -67.6 0   -67.6 0   -10.2 0    31.5 0     4.5 0   283.4 0   828.1 0
 2019   2  1  2 12 35 12.583 110.12    -1.8 0    -1.7 0     0.0 0     0.0 0   186.7 0   263.97 0   263.73 0   254.6 0   267.86 0   267.83 0     0.0 0     0.2 0     0.0 0   -67.9 0   -67.9 0   -10.1 0    31.2 0     4.5 0   283.5 0   828.1 0
 2019   2  1  2 12 36 12.600 109.93    -1.8 0    -1.7 0     0.0 0     0.0 0   186.5 0   264.00 0   263.75 0   254.4 0   267.90 0   267.84 0     0.0 0     0.2 0     0.0 0   -67.9 0   -67.9 0   -10.0 0    31.6 0     4.7 0   282.4 0   828.1 0
 2019   2  1  2 12 37 12.617 109.75    -1.9 0    -1.7 0     0.0 0     0.0 0   186.6 0   264.02 0   263.77 0   254.9 0   267.91 0   267.86 0     0.0 0     0.2 0     0.0 0   -68.3 0   -68.3 0   -10.0 0    31.9 0     4.5 0   285.9 0   828.1 0
 2019   2  1  2 12 38 12.633 109.56    -2.3 0    -1.5 0     0.0 0     0.0 0   186.3 0   264.04 0   263.80 0   254.9 0   267.91 0   267.86 0     0.0 0     0.2 0     0.0 0   -68.7 0   -68.7 0    -9.9 0    32.5 0     4.6 0   286.4 0   828.2 0
 2019   2  1  2 12 39 12.650 109.38    -2.3 0    -1.1 0     0.0 0     0.0 0   186.1 0   264.07 0   263.82 0   255.2 0   267.93 0   267.86 0     0.0 0     0.2 0     0.0 0   -69.1 0   -69.1 0    -9.9 0    33.8 0     4.9 0   288.5 0   828.2 0
 2019   2  1  2 12 40 12.667 109.19    -2.3 0    -1.0 0     0.0 0     0.0 0   185.9 0   264.09 0   263.85 0   255.7 0   267.92 0   267.86 0     0.0 0     0.2 0     0.0 0   -69.9 0   -69.9 0    -9.8 0    34.0 0     5.0 0   288.4 0   828.2 0
 2019   2  1  2 12 41 12.683 109.00    -2.3 0    -1.1 0     0.0 0     0.0 0   185.9 0   264.12 0   263.88 0   255.8 0   267.93 0   267.86 0     0.0 0     0.2 0     0.0 0   -69.9 0   -69.9 0    -9.7 0    34.1 0     5.0 0   288.1 0   828.2 0
 2019   2  1  2 12 42 12.700 108.82    -2.3 0    -1.0 0     0.0 0     0.0 0   185.7 0   264.15 0   263.90 0   255.8 0   267.91 0   267.85 0     0.0 0     0.2 0     0.0 0   -70.1 0   -70.1 0    -9.7 0    33.6 0     5.0 0   286.0 0   828.2 0
 2019   2  1  2 12 43 12.717 108.63    -2.3 0    -1.1 0     0.0 0     0.0 0   185.8 0   264.17 0   263.93 0   255.9 0   267.91 0   267.85 0     0.0 0     0.2 0     0.0 0   -70.1 0   -70.1 0    -9.7 0    34.1 0     5.2 0   288.4 0   828.2 0
 2019   2  1  2 12 44 12.733 108.45    -2.3 0    -1.0 0     0.0 0     0.0 0   185.9 0   264.20 0   263.96 0   256.6 0   267.91 0   267.86 0     0.0 0     0.2 0     0.0 0   -70.7 0   -70.7 0    -9.7 0    33.9 0     5.3 0   288.7 0   828.3 0
 2019   2  1  2 12 45 12.750 108.26    -2.3 0    -0.7 0     0.0 0     0.0 0   185.5 0   264.23 0   264.00 0   256.5 0   267.91 0   267.80 0     0.0 0     0.2 0     0.0 0   -71.0 0   -71.0 0    -9.6 0    36.8 0     5.7 0   289.2 0   828.3 0
 2019   2  1  2 12 46 12.767 108.08    -2.3 0     0.2 0     0.0 0     0.0 0   185.4 0   264.26 0   264.02 0   256.9 0   267.86 0   267.70 0     0.0 0     0.2 0     0.0 0   -71.5 0   -71.5 0    -9.6 0    40.0 0     5.9 0   289.0 0   828.3 0
 2019   2  1  2 12 47 12.783 107.90    -2.7 0     0.0 0     0.0 0     0.0 0   185.5 0   264.29 0   264.06 0   257.7 0   267.79 0   267.67 0     0.0 0     0.2 0     0.0 0   -72.2 0   -72.2 0    -9.5 0    39.2 0     5.8 0   287.2 0   828.3 0
 2019   2  1  2 12 48 12.800 107.71    -2.7 0     0.0 0     0.0 0     0.0 0   185.6 0   264.33 0   264.10 0   257.7 0   267.73 0   267.61 0     0.0 0     0.2 0     0.0 0   -72.1 0   -72.1 0    -9.4 0    38.9 0     5.5 0   285.2 0   828.3 0
 2019   2  1  2 12 49 12.817 107.53    -2.7 0    -0.9 0     0.0 0     0.0 0   186.0 0   264.36 0   264.14 0   257.7 0   267.70 0   267.63 0     0.0 0     0.2 0     0.0 0   -71.7 0   -71.7 0    -9.4 0    36.3 0     5.3 0   284.4 0   828.3 0
 2019   2  1  2 12 50 12.833 107.34    -2.7 0    -1.0 0     0.0 0     0.0 0   185.8 0   264.40 0   264.18 0   257.3 0   267.68 0   267.62 0     0.0 0     0.2 0     0.0 0   -71.5 0   -71.5 0    -9.4 0    36.9 0     5.5 0   283.3 0   828.3 0
 2019   2  1  2 12 51 12.850 107.16    -2.6 0    -1.0 0     0.0 0     0.0 0   186.0 0   264.44 0   264.22 0   257.6 0   267.68 0   267.63 0     0.0 0     0.2 0     0.0 0   -71.7 0   -71.7 0    -9.3 0    34.6 0     5.0 0   281.5 0   828.2 0
 2019   2  1  2 12 52 12.867 106.98    -2.7 0    -1.4 0     0.0 0     0.0 0   186.2 0   264.48 0   264.29 0   257.0 0   267.68 0   267.65 0     0.0 0     0.2 0     0.0 0   -70.8 0   -70.8 0    -9.2 0    34.0 0     4.7 0   281.1 0   828.2 0
 2019   2  1  2 12 53 12.883 106.79    -2.5 0    -1.2 0     0.0 0     0.0 0   185.6 0   264.53 0   264.30 0   256.7 0   267.71 0   267.64 0     0.0 0     0.2 0     0.0 0   -71.1 0   -71.1 0    -9.1 0    34.0 0     4.8 0   282.9 0   828.3 0
 2019   2  1  2 12 54 12.900 106.61    -2.3 0    -1.1 0     0.0 0     0.0 0   185.1 0   264.56 0   264.31 0   256.4 0   267.71 0   267.63 0     0.0 0     0.2 0     0.0 0   -71.3 0   -71.3 0    -9.2 0    36.0 0     5.2 0   286.2 0   828.3 0
 2019   2  1  2 12 55 12.917 106.42    -2.3 0    -0.4 0     0.0 0     0.0 0   185.0 0   264.59 0   264.29 0   256.2 0   267.68 0   267.57 0     0.0 0     0.2 0     0.0 0   -71.2 0   -71.2 0    -9.3 0    37.1 0     5.4 0   287.9 0   828.4 0
 2019   2  1  2 12 56 12.933 106.24    -2.3 0    -0.9 0     0.0 0     0.0 0   185.4 0   264.59 0   264.30 0   256.8 0   267.66 0   267.59 0     0.0 0     0.2 0     0.0 0   -71.5 0   -71.5 0    -9.4 0    34.6 0     5.2 0   287.5 0   828.4 0
 2019   2  1  2 12 57 12.950 106.06    -2.3 0    -0.8 0     0.0 0     0.0 0   185.1 0   264.59 0   264.31 0   256.3 0   267.64 0   267.54 0     0.0 0     0.2 0     0.0 0   -71.2 0   -71.2 0    -9.4 0    36.5 0     5.5 0   288.8 0   828.5 0
 2019   2  1  2 12 58 12.967 105.87    -2.3 0    -0.3 0     0.0 0     0.0 0   185.2 0   264.61 0   264.32 0   256.3 0   267.60 0   267.47 0     0.0 0     0.2 0     0.0 0   -71.2 0   -71.2 0    -9.4 0    40.5 0     6.1 0   291.3 0   828.5 0
 2019   2  1  2 12 59 12.983 105.69    -2.3 0    -0.1 0     0.0 0     0.0 0   185.3 0   264.63 0   264.35 0   257.5 0   267.54 0   267.43 0     0.0 0     0.2 0     0.0 0   -72.3 0   -72.3 0    -9.3 0    39.7 0     6.0 0   291.0 0   828.5 0
 2019   2  1  2 13  0 13.000 105.51    -2.3 0     0.0 0     0.0 0     0.0 0   185.0 0   264.65 0   264.36 0   257.1 0   267.49 0   267.35 0     0.0 0     0.2 0     0.0 0   -72.1 0   -72.1 0    -9.3 0    43.2 0     5.8 0   292.8 0   828.5 0
 2019   2  1  2 13  1 13.017 105.33    -2.3 0     0.9 0     0.0 0     0.0 0   184.4 0   264.65 0   264.34 0   256.5 0   267.40 0   267.22 0     0.0 0     0.2 0     0.0 0   -72.1 0   -72.1 0    -9.4 0    46.4 0     5.8 0   293.5 0   828.5 0
 2019   2  1  2 13  2 13.033 105.14    -2.2 0     0.6 0     0.0 0     0.0 0   184.4 0   264.64 0   264.32 0   256.7 0   267.31 0   267.16 0     0.0 0     0.2 0     0.0 0   -72.3 0   -72.3 0    -9.5 0    47.5 0     5.2 0   301.7 0   828.5 0
 2019   2  1  2 13  3 13.050 104.96    -2.3 0     1.0 0     0.0 0     0.0 0   184.1 0   264.64 0   264.34 0   255.3 0   267.21 0   267.03 0     0.0 0     0.2 0     0.0 0   -71.2 0   -71.2 0    -9.5 0    50.4 0     3.9 0   310.1 0   828.5 0
 2019   2  1  2 13  4 13.067 104.78    -2.3 0     1.0 0     0.0 0     0.0 0   183.7 0   264.64 0   264.35 0   254.0 0   267.08 0   266.90 0     0.0 0     0.2 0     0.0 0   -70.4 0   -70.4 0    -9.3 0    52.3 0     4.4 0   312.4 0   828.5 0
 2019   2  1  2 13  5 13.083 104.60    -2.0 0     0.5 0     0.0 0     0.0 0   183.2 0   264.65 0   264.27 0   253.1 0   266.97 0   266.83 0     0.0 0     0.2 0     0.0 0   -69.9 0   -69.9 0    -9.4 0    52.2 0     4.4 0   318.0 0   828.6 0
 2019   2  1  2 13  6 13.100 104.42    -1.8 0    -0.2 0     0.0 0     0.0 0   183.6 0   264.63 0   264.22 0   252.5 0   266.90 0   266.80 0     0.0 0     0.2 0     0.0 0   -68.9 0   -68.9 0    -9.6 0    55.5 0     3.7 0   330.4 0   828.6 0
 2019   2  1  2 13  7 13.117 104.23    -1.8 0    -0.3 0     0.0 0     0.0 0   183.9 0   264.59 0   264.25 0   251.3 0   266.83 0   266.73 0     0.0 0     0.2 0     0.0 0   -67.4 0   -67.4 0    -9.6 0    56.1 0     3.5 0   335.8 0   828.6 0
 2019   2  1  2 13  8 13.133 104.05    -1.8 0    -0.3 0     0.0 0     0.0 0   184.1 0   264.57 0   264.28 0   250.6 0   266.78 0   266.68 0     0.0 0     0.2 0     0.0 0   -66.5 0   -66.5 0    -9.4 0    55.3 0     3.4 0   331.7 0   828.6 0
 2019   2  1  2 13  9 13.150 103.87    -1.8 0    -0.6 0     0.0 0     0.0 0   184.2 0   264.58 0   264.30 0   251.0 0   266.73 0   266.66 0     0.0 0     0.2 0     0.0 0   -66.8 0   -66.8 0    -9.3 0    53.4 0     3.3 0   325.1 0   828.6 0
 2019   2  1  2 13 10 13.167 103.69    -1.8 0    -0.9 0     0.0 0     0.0 0   184.1 0   264.59 0   264.34 0   249.7 0   266.70 0   266.63 0     0.0 0     0.2 0     0.0 0   -65.6 0   -65.6 0    -9.1 0    52.2 0     3.1 0   330.1 0   828.6 0
 2019   2  1  2 13 11 13.183 103.51    -1.5 0    -0.6 0     0.0 0     0.0 0   182.7 0   264.59 0   264.19 0   248.6 0   266.67 0   266.57 0     0.0 0     0.2 0     0.0 0   -65.9 0   -65.9 0    -9.3 0    54.3 0     3.7 0   339.3 0   828.7 0
 2019   2  1  2 13 12 13.200 103.33    -1.4 0    -0.7 0     0.0 0     0.0 0   183.9 0   264.56 0   264.18 0   251.4 0   266.63 0   266.55 0     0.0 0     0.2 0     0.0 0   -67.5 0   -67.5 0    -9.6 0    53.8 0     3.8 0   349.6 0   828.7 0
 2019   2  1  2 13 13 13.217 103.15    -2.0 0    -0.8 0     0.0 0     0.0 0   185.2 0   264.56 0   264.50 0   252.7 0   266.61 0   266.54 0     0.0 0     0.2 0     0.0 0   -67.4 0   -67.4 0    -8.9 0    53.8 0     3.9 0   356.9 0   828.8 0
 2019   2  1  2 13 14 13.233 102.97    -2.3 0    -0.3 0     0.0 0     0.0 0   184.8 0   264.65 0   264.59 0   252.3 0   266.57 0   266.46 0     0.0 0     0.2 0     0.0 0   -67.5 0   -67.5 0    -8.2 0    54.5 0     4.2 0   345.8 0   828.8 0
 2019   2  1  2 13 15 13.250 102.79    -2.0 0    -0.3 0     0.0 0     0.0 0   184.4 0   264.74 0   264.51 0   253.2 0   266.53 0   266.44 0     0.0 0     0.2 0     0.0 0   -68.7 0   -68.7 0    -8.5 0    55.1 0     4.3 0   347.7 0   828.9 0
 2019   2  1  2 13 16 13.267 102.61    -1.9 0    -0.3 0     0.0 0     0.0 0   184.8 0   264.77 0   264.54 0   254.8 0   266.50 0   266.44 0     0.0 0     0.2 0     0.0 0   -70.0 0   -70.0 0    -8.8 0    54.1 0     4.2 0   339.9 0   829.0 0
 2019   2  1  2 13 17 13.283 102.43    -2.1 0    -0.6 0     0.0 0     0.0 0   184.8 0   264.81 0   264.59 0   256.9 0   266.50 0   266.45 0     0.0 0     0.2 0     0.0 0   -72.1 0   -72.1 0    -8.7 0    52.8 0     4.3 0   334.9 0   829.0 0
 2019   2  1  2 13 18 13.300 102.25    -2.1 0    -0.6 0     0.0 0     0.0 0   184.6 0   264.85 0   264.64 0   256.2 0   266.49 0   266.43 0     0.0 0     0.2 0     0.0 0   -71.6 0   -71.6 0    -8.7 0    53.3 0     4.0 0   332.3 0   829.1 0
 2019   2  1  2 13 19 13.317 102.07    -2.0 0    -0.7 0     0.0 0     0.0 0   184.9 0   264.89 0   264.66 0   254.8 0   266.48 0   266.43 0     0.0 0     0.2 0     0.0 0   -69.9 0   -69.9 0    -8.7 0    53.1 0     3.6 0   338.4 0   829.1 0
 2019   2  1  2 13 20 13.333 101.89    -1.8 0    -0.6 0     0.0 0     0.0 0   184.4 0   264.93 0   264.66 0   253.4 0   266.48 0   266.40 0     0.0 0     0.2 0     0.0 0   -69.0 0   -69.0 0    -8.8 0    53.0 0     3.1 0   344.4 0   829.1 0
 2019   2  1  2 13 21 13.350 101.71    -2.2 0    -0.4 0     0.0 0     0.0 0   185.1 0   264.97 0   264.86 0   251.4 0   266.46 0   266.40 0     0.0 0     0.2 0     0.0 0   -66.3 0   -66.3 0    -8.5 0    52.9 0     2.5 0   351.6 0   829.1 0
 2019   2  1  2 13 22 13.367 101.53    -2.3 0    -0.3 0     0.0 0     0.0 0   185.4 0   265.05 0   264.99 0   250.2 0   266.45 0   266.37 0     0.0 0     0.2 0     0.0 0   -64.8 0   -64.8 0    -8.0 0    52.2 0     1.9 0     1.3 0   829.0 0
 2019   2  1  2 13 23 13.383 101.35    -2.4 0    -0.3 0     0.0 0     0.0 0   185.5 0   265.15 0   265.11 0   247.5 0   266.42 0   266.34 0     0.0 0     0.2 0     0.0 0   -62.1 0   -62.1 0    -7.7 0    52.0 0     1.6 0    13.1 0   829.0 0
 2019   2  1  2 13 24 13.400 101.17    -2.7 0    -0.3 0     0.0 0     0.0 0   185.5 0   265.26 0   265.21 0   245.1 0   266.39 0   266.29 0     0.0 0     0.2 0     0.0 0   -59.5 0   -59.5 0    -7.5 0    52.0 0     1.4 0    34.3 0   828.9 0
 2019   2  1  2 13 25 13.417 100.99    -2.7 0    -0.3 0     0.0 0     0.0 0   185.5 0   265.38 0   265.28 0   243.7 0   266.35 0   266.25 0     0.0 0     0.2 0     0.0 0   -58.1 0   -58.1 0    -7.3 0    52.3 0     1.1 0    59.4 0   828.9 0
 2019   2  1  2 13 26 13.433 100.81    -2.6 0    -0.5 0     0.0 0     0.0 0   185.2 0   265.48 0   265.36 0   244.3 0   266.31 0   266.21 0     0.0 0     0.2 0     0.0 0   -59.1 0   -59.1 0    -7.3 0    51.2 0     1.6 0    88.5 0   828.9 0
 2019   2  1  2 13 27 13.450 100.63    -2.7 0    -1.0 0     0.2 0     0.0 0   185.5 0   265.57 0   265.46 0   243.0 0   266.27 0   266.19 0     0.0 0     0.2 0     0.0 0   -57.5 0   -57.5 0    -7.2 0    49.9 0     1.3 0   102.5 0   828.8 0
 2019   2  1  2 13 28 13.467 100.46    -2.7 0    -1.0 0     0.4 0     0.0 0   185.5 0   265.67 0   265.55 0   241.7 0   266.24 0   266.17 0     0.0 0     0.1 0     0.0 0   -56.3 0   -56.3 0    -7.2 0    49.0 0     1.0 0   114.2 0   828.8 0
 2019   2  1  2 13 29 13.483 100.28    -2.7 0    -1.0 0     0.4 0     0.0 0   185.8 0   265.77 0   265.65 0   241.1 0   266.21 0   266.13 0     0.0 0     0.1 0     0.0 0   -55.3 0   -55.3 0    -7.2 0    48.8 0     1.0 0    91.6 0   828.9 0
 2019   2  1  2 13 30 13.500 100.10    -3.1 0    -1.0 0     0.4 0     0.0 0   186.8 0   265.87 0   265.85 0   241.2 0   266.18 0   266.10 0     0.0 0     0.1 0     0.0 0   -54.4 0   -54.4 0    -7.0 0    48.6 0     0.7 0    79.5 0   828.9 0
 2019   2  1  2 13 31 13.517  99.92    -2.8 0    -1.2 0     0.0 0     0.0 0   185.1 0   265.99 0   265.75 0   241.1 0   266.14 0   266.07 0     0.0 0     0.1 0     0.0 0   -56.0 0   -56.0 0    -6.7 0    47.2 0     0.5 0    17.5 0   829.0 0
 2019   2  1  2 13 32 13.533  99.74    -2.7 0    -1.4 0     0.3 0     0.0 0   186.2 0   266.05 0   265.88 0   241.4 0   266.11 0   266.06 0     0.0 0     0.1 0     0.0 0   -55.2 0   -55.2 0    -6.9 0    46.3 0     0.8 0   318.7 0   829.1 0
 2019   2  1  2 13 33 13.550  99.57    -2.7 0    -1.3 0     0.4 0     0.0 0   185.2 0   266.10 0   265.83 0   241.3 0   266.09 0   266.03 0     0.0 0     0.1 0     0.0 0   -56.1 0   -56.1 0    -7.0 0    47.5 0     0.9 0   341.5 0   829.1 0
 2019   2  1  2 13 34 13.567  99.39    -2.3 0    -1.2 0     0.4 0     0.0 0   185.2 0   266.12 0   265.80 0   241.6 0   266.06 0   266.00 0     0.0 0     0.1 0     0.0 0   -56.4 0   -56.4 0    -7.4 0    47.0 0     0.7 0   326.8 0   829.1 0
 2019   2  1  2 13 35 13.583  99.21    -2.3 0    -1.4 0     0.4 0     0.0 0   185.2 0   266.13 0   265.85 0   241.1 0   266.04 0   265.97 0     0.0 0     0.1 0     0.0 0   -56.0 0   -56.0 0    -7.5 0    47.5 0     1.6 0   312.7 0   829.1 0
 2019   2  1  2 13 36 13.600  99.04    -2.5 0    -1.4 0     0.4 0     0.0 0   185.7 0   266.15 0   265.89 0   242.2 0   266.02 0   265.96 0     0.0 0     0.2 0     0.0 0   -56.5 0   -56.5 0    -7.5 0    47.6 0     2.0 0   304.1 0   829.1 0
 2019   2  1  2 13 37 13.617  98.86    -2.6 0    -1.4 0     0.4 0     0.0 0   185.2 0   266.17 0   265.84 0   242.4 0   266.00 0   265.95 0     0.0 0     0.2 0     0.0 0   -57.2 0   -57.2 0    -7.5 0    48.1 0     2.0 0   321.1 0   829.1 0
 2019   2  1  2 13 38 13.633  98.68    -2.0 0    -1.3 0     0.4 0     0.0 0   185.1 0   266.15 0   265.79 0   241.9 0   265.99 0   265.93 0     0.0 0     0.2 0     0.0 0   -56.8 0   -56.8 0    -7.8 0    48.6 0     2.2 0   322.6 0   829.1 0
 2019   2  1  2 13 39 13.650  98.51    -1.9 0    -1.1 0     0.3 0     0.0 0   184.6 0   266.13 0   265.70 0   244.4 0   265.97 0   265.89 0     0.0 0     0.2 0     0.0 0   -59.8 0   -59.8 0    -8.0 0    47.7 0     2.8 0   316.3 0   829.2 0
 2019   2  1  2 13 40 13.667  98.33    -1.8 0    -1.1 0     0.4 0     0.0 0   184.8 0   266.08 0   265.66 0   245.9 0   265.95 0   265.88 0     0.0 0     0.2 0     0.0 0   -61.1 0   -61.1 0    -8.3 0    48.6 0     3.0 0   316.3 0   829.2 0
 2019   2  1  2 13 41 13.683  98.15    -1.8 0    -0.9 0     0.3 0     0.0 0   184.4 0   266.03 0   265.61 0   246.2 0   265.92 0   265.82 0     0.0 0     0.2 0     0.0 0   -61.8 0   -61.8 0    -8.4 0    50.0 0     2.2 0   307.8 0   829.2 0
 2019   2  1  2 13 42 13.700  97.98    -1.5 0    -0.4 0     0.1 0     0.0 0   184.2 0   265.97 0   265.46 0   243.4 0   265.88 0   265.74 0     0.0 0     0.2 0     0.0 0   -59.2 0   -59.2 0    -8.6 0    51.2 0     2.8 0   297.0 0   829.2 0
 2019   2  1  2 13 43 13.717  97.80    -1.4 0    -0.3 0     0.1 0     0.0 0   184.1 0   265.88 0   265.34 0   242.2 0   265.81 0   265.66 0     0.0 0     0.2 0     0.0 0   -58.1 0   -58.1 0    -8.8 0    52.2 0     3.5 0   295.1 0   829.2 0
 2019   2  1  2 13 44 13.733  97.63    -1.1 0    -0.4 0     0.2 0     0.0 0   184.3 0   265.78 0   265.18 0   242.1 0   265.74 0   265.62 0     0.0 0     0.2 0     0.0 0   -57.8 0   -57.8 0    -9.1 0    51.9 0     4.0 0   292.5 0   829.2 0
 2019   2  1  2 13 45 13.750  97.45    -0.9 0    -0.9 0     0.4 0     0.0 0   184.6 0   265.65 0   265.07 0   241.4 0   265.69 0   265.58 0     0.0 0     0.2 0     0.0 0   -56.8 0   -56.8 0    -9.5 0    50.7 0     3.7 0   291.8 0   829.2 0
 2019   2  1  2 13 46 13.767  97.28    -0.9 0    -0.8 0     0.4 0     0.0 0   184.7 0   265.54 0   265.03 0   240.7 0   265.65 0   265.54 0     0.0 0     0.2 0     0.0 0   -56.0 0   -56.0 0    -9.6 0    50.7 0     3.8 0   288.1 0   829.2 0
 2019   2  1  2 13 47 13.783  97.10    -0.9 0    -1.0 0     0.4 0     0.0 0   184.7 0   265.45 0   264.98 0   239.8 0   265.60 0   265.50 0     0.0 0     0.2 0     0.0 0   -55.1 0   -55.1 0    -9.6 0    50.2 0     3.5 0   291.8 0   829.3 0
 2019   2  1  2 13 48 13.800  96.93    -0.9 0    -1.0 0     0.2 0     0.0 0   184.6 0   265.37 0   264.90 0   239.6 0   265.57 0   265.46 0     0.0 0     0.2 0     0.0 0   -55.0 0   -55.0 0    -9.6 0    50.7 0     3.9 0   300.0 0   829.2 0
 2019   2  1  2 13 49 13.817  96.76    -0.9 0    -1.4 0     0.0 0     0.0 0   184.9 0   265.30 0   264.84 0   241.9 0   265.53 0   265.46 0     0.0 0     0.2 0     0.0 0   -57.1 0   -57.1 0    -9.6 0    50.2 0     4.1 0   304.5 0   829.3 0
 2019   2  1  2 13 50 13.833  96.58    -0.9 0    -1.8 0     0.0 0     0.0 0   185.0 0   265.22 0   264.77 0   243.2 0   265.53 0   265.49 0     0.0 0     0.2 0     0.0 0   -58.1 0   -58.1 0    -9.6 0    50.2 0     4.0 0   308.7 0   829.3 0
 2019   2  1  2 13 51 13.850  96.41    -0.9 0    -1.9 0     0.0 0     0.0 0   184.9 0   265.16 0   264.73 0   243.5 0   265.55 0   265.50 0     0.0 0     0.2 0     0.0 0   -58.5 0   -58.5 0    -9.7 0    49.2 0     3.8 0   308.3 0   829.3 0
 2019   2  1  2 13 52 13.867  96.23    -0.9 0    -1.5 0     0.0 0     0.0 0   184.7 0   265.10 0   264.68 0   243.6 0   265.56 0   265.48 0     0.0 0     0.2 0     0.0 0   -58.9 0   -58.9 0    -9.6 0    49.1 0     3.8 0   309.8 0   829.3 0
 2019   2  1  2 13 53 13.883  96.06    -0.9 0    -1.1 0     0.0 0     0.0 0   184.5 0   265.04 0   264.56 0   245.1 0   265.54 0   265.44 0     0.0 0     0.2 0     0.0 0   -60.6 0   -60.6 0    -9.7 0    49.8 0     3.7 0   307.3 0   829.3 0
 2019   2  1  2 13 54 13.900  95.89    -0.9 0    -0.8 0     0.0 0     0.0 0   184.3 0   264.96 0   264.47 0   245.3 0   265.50 0   265.39 0     0.0 0     0.2 0     0.0 0   -61.0 0   -61.0 0    -9.8 0    51.3 0     3.7 0   308.8 0   829.3 0
 2019   2  1  2 13 55 13.917  95.71    -0.6 0    -0.3 0     0.0 0     0.0 0   184.0 0   264.87 0   264.34 0   245.4 0   265.45 0   265.32 0     0.0 0     0.2 0     0.0 0   -61.4 0   -61.4 0   -10.0 0    53.8 0     4.1 0   308.9 0   829.4 0
 2019   2  1  2 13 56 13.933  95.54    -0.5 0    -0.2 0     0.0 0     0.0 0   183.7 0   264.77 0   264.18 0   245.8 0   265.39 0   265.25 0     0.0 0     0.2 0     0.0 0   -62.1 0   -62.1 0   -10.3 0    56.4 0     4.2 0   309.7 0   829.4 0
 2019   2  1  2 13 57 13.950  95.37    -0.3 0    -0.2 0     0.0 0     0.0 0   183.8 0   264.65 0   264.03 0   246.0 0   265.32 0   265.20 0     0.0 0     0.2 0     0.0 0   -62.2 0   -62.2 0   -10.6 0    57.6 0     4.4 0   310.0 0   829.5 0
 2019   2  1  2 13 58 13.967  95.20    -0.1 0    -0.3 0     0.0 0     0.0 0   184.3 0   264.51 0   263.96 0   246.2 0   265.27 0   265.17 0     0.0 0     0.2 0     0.0 0   -61.8 0   -61.8 0   -10.7 0    57.2 0     4.0 0   312.3 0   829.5 0
 2019   2  1  2 13 59 13.983  95.03    -0.5 0    -0.5 0     0.0 0     0.0 0   184.8 0   264.42 0   264.00 0   246.1 0   265.22 0   265.13 0     0.0 0     0.2 0     0.0 0   -61.4 0   -61.4 0   -10.5 0    56.5 0     3.7 0   313.2 0   829.5 0
 2019   2  1  2 14  0 14.000  94.85    -0.5 0    -0.6 0     0.0 0     0.0 0   184.8 0   264.36 0   264.03 0   245.9 0   265.18 0   265.09 0     0.0 0     0.2 0     0.0 0   -61.1 0   -61.1 0   -10.2 0    56.1 0     3.7 0   312.0 0   829.5 0
 2019   2  1  2 14  1 14.017  94.68    -0.9 0    -0.8 0     0.0 0     0.1 0   185.0 0   264.34 0   264.03 0   244.9 0   265.14 0   265.07 0     0.0 0     0.2 0     0.1 0   -60.0 0   -59.8 0   -10.0 0    55.2 0     3.7 0   310.6 0   829.5 0
 2019   2  1  2 14  2 14.033  94.51    -0.9 0    -1.2 0     0.0 0     0.4 0   185.0 0   264.32 0   263.98 0   244.6 0   265.12 0   265.10 0     0.0 0     0.2 0     0.4 0   -59.7 0   -59.3 0    -9.9 0    52.9 0     3.7 0   317.4 0   829.5 0
 2019   2  1  2 14  3 14.050  94.34    -0.9 0    -1.7 0     0.0 0     0.4 0   185.1 0   264.30 0   263.95 0   244.9 0   265.15 0   265.14 0     0.0 0     0.2 0     0.4 0   -59.8 0   -59.4 0    -9.9 0    51.6 0     3.4 0   322.7 0   829.5 0
 2019   2  1  2 14  4 14.067  94.17    -0.7 0    -1.7 0     0.0 0     0.7 0   185.0 0   264.27 0   263.93 0   244.4 0   265.18 0   265.19 0     0.0 0     0.2 0     0.7 0   -59.4 0   -58.7 0    -9.9 0    50.8 0     3.6 0   319.7 0   829.5 0
 2019   2  1  2 14  5 14.083  94.00    -0.5 0    -1.7 0     0.0 0     0.7 0   184.9 0   264.25 0   263.92 0   243.7 0   265.23 0   265.24 0     0.0 0     0.2 0     0.7 0   -58.7 0   -58.0 0    -9.9 0    50.0 0     3.4 0   317.1 0   829.6 0
 2019   2  1  2 14  6 14.100  93.83    -0.4 0    -1.7 0     0.0 0     0.7 0   184.2 0   264.23 0   263.81 0   243.2 0   265.29 0   265.30 0     0.0 0     0.2 0     0.7 0   -59.0 0   -58.3 0   -10.0 0    50.2 0     3.3 0   318.3 0   829.6 0
 2019   2  1  2 14  7 14.117  93.66     0.0 0    -1.5 0     0.0 0     0.7 0   183.9 0   264.17 0   263.72 0   243.0 0   265.34 0   265.30 0     0.0 0     0.4 0     0.7 0   -59.0 0   -58.3 0   -10.3 0    48.3 0     2.8 0   331.2 0   829.6 0
 2019   2  1  2 14  8 14.133  93.49     0.0 0    -0.3 0     0.0 0     0.8 0   183.3 0   264.12 0   263.72 0   241.8 0   265.34 0   265.22 0     0.0 0     0.4 0     0.8 0   -58.5 0   -57.7 0   -10.4 0    51.1 0     2.8 0     1.5 0   829.6 0
 2019   2  1  2 14  9 14.150  93.32     0.0 0     0.0 0     0.0 0     1.1 0   184.1 0   264.08 0   263.84 0   240.9 0   265.30 0   265.19 0     0.0 0     0.5 0     1.1 0   -56.9 0   -55.7 0   -10.1 0    53.6 0     2.1 0    23.5 0   829.6 0
 2019   2  1  2 14 10 14.167  93.15    -0.1 0     0.2 0     0.0 0     1.5 0   184.7 0   264.11 0   263.93 0   241.2 0   265.27 0   265.18 0     0.0 0     0.6 0     1.3 0   -56.5 0   -55.2 0    -9.6 0    55.2 0     2.2 0    19.8 0   829.6 0
 2019   2  1  2 14 11 14.183  92.98 -9999.9 1    -0.1 0     0.2 0     1.5 0   185.0 0   264.16 0   264.00 0   240.9 0   265.24 0   265.18 0     0.0 0     0.6 0     1.5 0   -55.9 0   -54.4 0    -9.3 0    54.8 0     1.9 0    19.0 0   829.6 0
 2019   2  1  2 14 12 14.200  92.81 -9999.9 1     0.4 0     0.4 0     1.6 0   185.1 0   264.22 0   264.12 0   242.5 0   265.20 0   265.07 0     0.0 0     0.6 0     1.2 0   -57.4 0   -56.1 0    -9.0 0    53.0 0     1.5 0    11.5 0   829.6 0
 2019   2  1  2 14 13 14.217  92.64 -9999.9 1     0.3 0     0.2 0     1.9 0   183.6 0   264.29 0   264.02 0   245.9 0   265.16 0   265.07 0     0.0 0     0.8 0     1.5 0   -62.3 0   -60.8 0    -8.9 0    53.8 0     1.8 0    20.7 0   829.5 0
 2019   2  1  2 14 14 14.233  92.47 -9999.9 1     0.4 0     0.4 0     2.2 0   184.7 0   264.33 0   264.14 0   245.2 0   265.12 0   265.03 0     0.0 0     0.9 0     1.8 0   -60.5 0   -58.7 0    -9.1 0    53.8 0     1.9 0     8.9 0   829.5 0
 2019   2  1  2 14 15 14.250  92.30 -9999.9 1     0.8 0     0.4 0     2.2 0   184.1 0   264.36 0   264.13 0   243.5 0   265.08 0   264.98 0     0.0 0     0.9 0     1.5 0   -59.4 0   -58.0 0    -9.0 0    54.7 0     1.6 0     0.7 0   829.4 0
 2019   2  1  2 14 16 14.267  92.14 -9999.9 1     0.9 0     0.4 0     2.5 0   184.0 0   264.40 0   264.11 0   242.3 0   265.04 0   264.95 0     0.0 0     1.1 0     1.5 0   -58.3 0   -56.8 0    -9.2 0    54.3 0     1.8 0   353.6 0   829.4 0
 2019   2  1  2 14 17 14.283  91.97 -9999.9 1     1.0 0     0.4 0     2.9 0   183.6 0   264.40 0   264.04 0   244.0 0   264.99 0   264.89 0     0.0 0     1.3 0     1.8 0   -60.4 0   -58.6 0    -9.3 0    55.0 0     1.8 0   352.4 0   829.4 0
 2019   2  1  2 14 18 14.300  91.80 -9999.9 1     0.9 0     0.4 0     3.0 0   184.2 0   264.38 0   264.05 0   244.3 0   264.97 0   264.92 0     0.0 0     1.4 0     2.1 0   -60.2 0   -58.1 0    -9.5 0    53.6 0     2.0 0   347.9 0   829.4 0
 2019   2  1  2 14 19 14.317  91.63 -9999.9 1     1.2 0     0.5 0     3.3 0   184.1 0   264.38 0   264.13 0   244.4 0   264.95 0   264.88 0     0.0 0     1.6 0     2.2 0   -60.2 0   -58.1 0    -9.4 0    53.3 0     2.2 0   346.0 0   829.5 0
 2019   2  1  2 14 20 14.333  91.47 -9999.9 1     1.3 0     0.8 0     3.7 0   184.6 0   264.40 0   264.14 0   244.4 0   264.92 0   264.88 0     0.0 0     1.7 0     2.4 0   -59.8 0   -57.4 0    -9.4 0    52.5 0     2.2 0   338.7 0   829.5 0
 2019   2  1  2 14 21 14.350  91.30 -9999.9 1     1.6 0     0.9 0     4.0 0   184.2 0   264.43 0   264.21 0   243.9 0   264.92 0   264.90 0     0.0 0     2.0 0     2.4 0   -59.7 0   -57.2 0    -9.1 0    51.7 0     2.0 0   320.4 0   829.5 0
 2019   2  1  2 14 22 14.367  91.13 -9999.9 1     1.7 0     0.9 0     4.5 0   184.3 0   264.45 0   264.24 0   242.5 0   264.92 0   264.90 0     0.0 0     2.2 0     2.7 0   -58.2 0   -55.5 0    -9.2 0    51.1 0     1.7 0   320.6 0   829.6 0
 2019   2  1  2 14 23 14.383  90.97 -9999.9 1     2.2 0     4.8 0     5.1 0   184.2 0   264.49 0   264.30 0   242.1 0   264.92 0   264.89 0     0.0 0     2.5 0     2.9 0   -57.9 0   -55.0 0    -9.0 0    50.6 0     1.9 0   307.7 0   829.6 0
 2019   2  1  2 14 24 14.400  90.80 -9999.9 1     2.9 0    38.6 0     5.7 0   184.8 0   264.54 0   264.39 0   242.2 0   264.92 0   264.89 0     0.0 0     2.8 0     2.8 0   -57.4 0   -54.6 0    -8.9 0    50.5 0     2.1 0   314.2 0   829.6 0
 2019   2  1  2 14 25 14.417  89.91 -9999.9 1     4.2 0   101.4 0     6.0 0   184.5 0   264.61 0   264.49 0   242.9 0   264.92 0   264.90 0     0.3 0     2.9 0     2.0 0   -58.3 0   -56.3 0    -8.6 0    50.7 0     2.2 0   320.0 0   829.6 0
 2019   2  1  2 14 26 14.433  89.79 -9999.9 1     5.2 0   160.2 0     6.4 0   184.3 0   264.69 0   264.52 0   243.5 0   264.92 0   264.94 0     0.4 0     3.1 0     1.7 0   -59.2 0   -57.5 0    -8.5 0    50.5 0     2.3 0   317.8 0   829.6 0
 2019   2  1  2 14 27 14.450  89.67 -9999.9 1     6.0 0   201.8 0     7.0 0   184.2 0   264.76 0   264.53 0   244.5 0   264.92 0   264.97 0     0.4 0     3.4 0     2.2 0   -60.4 0   -58.2 0    -8.6 0    50.5 0     2.3 0   322.5 0   829.6 0
 2019   2  1  2 14 28 14.467  89.55 -9999.9 1     6.7 0   222.0 0     7.4 0   184.3 0   264.81 0   264.53 0   244.4 0   264.92 0   264.97 0     0.4 0     3.6 0     2.4 0   -60.2 0   -57.7 0    -8.8 0    50.7 0     2.4 0   329.5 0   829.6 0
 2019   2  1  2 14 29 14.483  89.42 -9999.9 1     7.4 0   229.1 0     7.8 0   184.5 0   264.85 0   264.58 0   244.0 0   264.92 0   264.98 0     0.4 0     3.9 0     2.7 0   -59.5 0   -56.7 0    -8.8 0    50.9 0     2.2 0   324.2 0   829.6 0
 2019   2  1  2 14 30 14.500  89.29 -9999.9 1     8.2 0   242.7 0     8.4 0   184.6 0   264.89 0   264.67 0   243.2 0   264.92 0   264.99 0     0.5 0     4.2 0     3.2 0   -58.7 0   -55.5 0    -8.7 0    50.8 0     1.9 0   320.5 0   829.6 0
 2019   2  1  2 14 31 14.517  89.15 -9999.9 1     9.3 0   271.2 0     8.8 0   184.8 0   264.96 0   264.67 0   243.2 0   264.92 0   265.01 0     0.5 0 -9999.9 1     3.5 0   -58.5 0   -54.9 0    -8.7 0    50.2 0     2.2 0   318.9 0   829.6 0
 2019   2  1  2 14 32 14.533  89.02 -9999.9 1    10.1 0   289.3 0     9.3 0   184.7 0   264.99 0   264.68 0   242.4 0   264.92 0   265.02 0     0.6 0 -9999.9 1     4.1 0   -57.7 0   -53.5 0    -8.7 0    49.6 0     2.3 0   308.6 0   829.6 0
 2019   2  1  2 14 33 14.550  88.88 -9999.9 1    10.9 0   303.3 0    10.0 0   185.1 0   265.03 0   264.74 0   242.1 0   264.92 0   265.02 0     0.6 0 -9999.9 1     4.9 0   -56.9 0   -52.0 0    -8.7 0    48.8 0     2.1 0   299.6 0   829.6 0
 2019   2  1  2 14 34 14.567  88.74 -9999.9 1    11.7 0   316.7 0    10.4 0   185.4 0   265.07 0   264.85 0   241.7 0   264.93 0   265.03 0     0.6 0 -9999.9 1     5.7 0   -56.4 0   -50.7 0    -8.6 0    47.0 0     2.3 0   286.1 0   829.6 0
 2019   2  1  2 14 35 14.583  88.60 -9999.9 1    12.2 0   329.6 0    10.9 0   185.5 0   265.15 0   264.95 0   241.3 0   264.95 0   265.08 0     0.7 0 -9999.9 1     6.8 0   -55.8 0   -49.0 0    -8.4 0    44.2 0     2.3 0   274.5 0   829.6 0
 2019   2  1  2 14 36 14.600  88.45 -9999.9 1    12.9 0   345.8 0    11.5 0   185.7 0   265.24 0   265.05 0   241.2 0   264.99 0   265.15 0     0.7 0 -9999.9 1     7.9 0   -55.6 0   -47.7 0    -8.2 0    41.8 0     2.3 0   262.8 0   829.7 0
 2019   2  1  2 14 37 14.617  88.31 -9999.9 1    13.9 0   360.1 0    12.0 0   185.8 0   265.33 0   265.16 0   241.8 0   265.04 0   265.20 0     0.8 0 -9999.9 1     8.8 0   -56.0 0   -47.2 0    -8.1 0    41.1 0     2.2 0   265.7 0   829.7 0
 2019   2  1  2 14 38 14.633  88.16 -9999.9 1    15.2 0   371.7 0    12.5 0   185.4 0   265.43 0   265.25 0   241.5 0   265.09 0   265.23 0     0.8 0 -9999.9 1     9.2 0   -56.2 0   -46.9 0    -8.0 0    41.4 0     2.0 0   265.6 0   829.8 0
 2019   2  1  2 14 39 14.650  88.02 -9999.9 1    16.6 0   385.1 0    13.0 0   185.3 0   265.52 0   265.32 0   241.0 0   265.12 0   265.26 0     0.8 0 -9999.9 1     9.7 0   -55.7 0   -46.0 0    -7.9 0    42.3 0     1.8 0   260.0 0   829.8 0
 2019   2  1  2 14 40 14.667  87.87 -9999.9 1    18.0 0   396.2 0    13.7 0   185.2 0   265.62 0   265.41 0   240.8 0   265.15 0   265.28 0     0.8 0 -9999.9 1    10.3 0   -55.5 0   -45.2 0    -7.8 0    43.1 0     1.8 0   261.5 0   829.8 0
 2019   2  1  2 14 41 14.683  87.72 -9999.9 1    19.4 0   410.9 0    14.2 0   184.9 0   265.70 0   265.44 0   240.7 0   265.16 0   265.29 0     0.9 0 -9999.9 1    11.1 0   -55.8 0   -44.7 0    -7.7 0    43.6 0     1.8 0   255.3 0   829.8 0
 2019   2  1  2 14 42 14.700  87.57 -9999.9 1    20.8 0   423.7 0    14.6 0   184.8 0   265.77 0   265.49 0   240.1 0   265.18 0   265.28 0     0.9 0 -9999.9 1    11.8 0   -55.4 0   -43.6 0    -7.5 0    44.2 0     1.4 0   252.6 0   829.8 0
 2019   2  1  2 14 43 14.717  87.42 -9999.9 1    22.0 0   432.5 0    15.2 0   184.8 0   265.83 0   265.56 0   240.3 0   265.18 0   265.30 0     1.0 0 -9999.9 1    12.6 0   -55.5 0   -42.9 0    -7.4 0    45.0 0     1.3 0   231.6 0   829.8 0
 2019   2  1  2 14 44 14.733  87.27 -9999.9 1    22.9 0   441.2 0    15.8 0   184.6 0   265.90 0   265.60 0   240.8 0   265.18 0   265.30 0     1.0 0 -9999.9 1    13.8 0   -56.2 0   -42.3 0    -7.2 0    45.0 0     1.2 0   245.1 0   829.8 0
 2019   2  1  2 14 45 14.750  87.12 -9999.9 1    24.1 0   448.6 0    16.2 0   184.1 0   265.95 0   265.53 0   241.1 0   265.18 0   265.31 0     1.1 0 -9999.9 1    14.6 0   -57.1 0   -42.5 0    -7.2 0    44.7 0     1.0 0   241.2 0   829.8 0
 2019   2  1  2 14 46 14.767  86.97 -9999.9 1    25.4 0   460.1 0    16.7 0   184.2 0   265.95 0   265.55 0   240.7 0   265.18 0   265.31 0     1.2 0 -9999.9 1    15.7 0   -56.5 0   -40.8 0    -7.4 0    44.8 0     1.0 0   237.0 0   829.8 0
 2019   2  1  2 14 47 14.783  86.82 -9999.9 1    26.6 0   468.4 0    17.3 0   184.5 0   265.97 0   265.61 0   240.2 0   265.18 0   265.32 0     1.2 0 -9999.9 1    16.7 0   -55.7 0   -38.9 0    -7.3 0    45.3 0     1.1 0   236.6 0   829.8 0
 2019   2  1  2 14 48 14.800  86.67 -9999.9 1    28.2 0   481.9 0    17.8 0   184.5 0   266.00 0   265.58 0   240.6 0   265.18 0   265.31 0     1.3 0 -9999.9 1    17.6 0   -56.1 0   -38.5 0    -7.3 0    46.1 0     1.1 0   261.4 0   829.8 0
 2019   2  1  2 14 49 14.817  86.52 -9999.9 1    29.6 0   493.1 0    18.3 0   184.4 0   266.00 0   265.53 0   242.3 0   265.18 0   265.31 0     1.3 0 -9999.9 1    18.6 0   -57.9 0   -39.2 0    -7.6 0    46.7 0     1.4 0   277.7 0   829.8 0
 2019   2  1  2 14 50 14.833  86.37 -9999.9 1    31.0 0   503.7 0    18.9 0   184.6 0   265.99 0   265.47 0   243.9 0   265.18 0   265.32 0     1.4 0 -9999.9 1    19.8 0   -59.3 0   -39.5 0    -7.9 0    47.1 0     1.4 0   281.7 0   829.8 0
 2019   2  1  2 14 51 14.850  86.22 -9999.9 1    32.3 0   514.1 0    19.4 0   184.5 0   265.95 0   265.47 0   244.5 0   265.19 0   265.33 0     1.5 0 -9999.9 1    21.0 0   -60.0 0   -39.0 0    -8.1 0    46.8 0     1.7 0   287.1 0   829.8 0
 2019   2  1  2 14 52 14.867  86.07 -9999.9 1    33.8 0   523.8 0    19.8 0   184.1 0   265.93 0   265.34 0   244.9 0   265.20 0   265.33 0     1.5 0 -9999.9 1    22.0 0   -60.8 0   -38.8 0    -8.3 0    46.5 0     1.9 0   298.2 0   829.8 0
 2019   2  1  2 14 53 14.883  85.91 -9999.9 1    35.6 0   536.3 0    20.4 0   184.0 0   265.86 0   265.19 0   245.5 0   265.20 0   265.31 0     1.6 0 -9999.9 1    22.9 0   -61.5 0   -38.6 0    -8.7 0    46.5 0     2.2 0   304.5 0   829.8 0
 2019   2  1  2 14 54 14.900  85.76 -9999.9 1    36.9 0   545.9 0    21.0 0   184.6 0   265.77 0   265.20 0   245.7 0   265.20 0   265.35 0     1.7 0 -9999.9 1    24.5 0   -61.1 0   -36.7 0    -8.9 0    47.2 0     2.5 0   300.0 0   829.8 0
 2019   2  1  2 14 55 14.917  85.61 -9999.9 1    38.0 0   554.2 0    21.3 0   184.9 0   265.72 0   265.20 0   245.9 0   265.23 0   265.38 0     1.7 0 -9999.9 1    25.7 0   -60.9 0   -35.3 0    -9.0 0    46.0 0     2.1 0   292.5 0   829.8 0
 2019   2  1  2 14 56 14.933  85.46 -9999.9 1    39.3 0   560.6 0    21.8 0   185.2 0   265.69 0   265.19 0   245.8 0   265.26 0   265.42 0     1.8 0 -9999.9 1    26.9 0   -60.6 0   -33.7 0    -9.0 0    44.4 0     2.0 0   289.8 0   829.9 0
 2019   2  1  2 14 57 14.950  85.31 -9999.9 1    40.7 0   568.3 0    22.4 0   184.9 0   265.65 0   265.18 0   245.6 0   265.30 0   265.46 0     1.9 0 -9999.9 1    28.2 0   -60.6 0   -32.4 0    -9.1 0    43.6 0     2.2 0   285.8 0   829.9 0
 2019   2  1  2 14 58 14.967  85.16    60.2 0    42.2 0   578.9 0    22.8 0   185.2 0   265.64 0   265.18 0   246.1 0   265.34 0   265.51 0     2.0 0 -9999.9 1    29.4 0   -60.9 0   -31.4 0    -9.1 0    42.6 0     2.2 0   279.1 0   829.9 0
 2019   2  1  2 14 59 14.983  85.01    62.8 0    43.6 0   586.2 0    23.3 0   186.0 0   265.63 0   265.34 0   247.0 0   265.40 0   265.57 0     2.0 0 -9999.9 1    30.8 0   -61.0 0   -30.2 0    -9.0 0    41.7 0     2.2 0   270.9 0   829.9 0
 2019   2  1  2 15  0 15.000  84.85    65.0 0    45.1 0   592.9 0    23.6 0   186.9 0   265.71 0   265.59 0   248.0 0   265.46 0   265.63 0     2.1 0 -9999.9 1    31.6 0   -61.2 0   -29.5 0    -8.4 0    40.8 0     1.9 0   269.4 0   829.9 0
 2019   2  1  2 15  1 15.017  84.70    66.9 0    46.8 0   600.5 0    24.1 0   187.2 0   265.86 0   265.82 0   248.1 0   265.53 0   265.69 0     2.2 0 -9999.9 1    32.7 0   -60.9 0   -28.2 0    -7.6 0    40.2 0     1.3 0   277.2 0   829.9 0
 2019   2  1  2 15  2 15.033  84.55    69.3 0    48.6 0   608.6 0    24.7 0   186.8 0   266.04 0   265.93 0   247.9 0   265.58 0   265.74 0     2.3 0 -9999.9 1    33.9 0   -61.1 0   -27.2 0    -7.0 0    39.8 0     1.2 0   290.9 0   830.0 0
 2019   2  1  2 15  3 15.050  84.40    71.9 0    50.3 0   616.0 0    25.2 0   186.3 0   266.19 0   265.95 0   247.8 0   265.63 0   265.78 0     2.4 0 -9999.9 1    35.0 0   -61.5 0   -26.5 0    -6.9 0    39.7 0     1.1 0   311.9 0   830.0 0
 2019   2  1  2 15  4 15.067  84.25    74.6 0    51.9 0   623.5 0    25.6 0   185.8 0   266.28 0   265.89 0   247.8 0   265.68 0   265.82 0     2.5 0 -9999.9 1    36.2 0   -62.0 0   -25.8 0    -7.1 0    40.4 0     1.4 0   319.0 0   830.1 0
 2019   2  1  2 15  5 15.083  84.10    77.0 0    53.5 0   629.4 0    26.2 0   185.4 0   266.31 0   265.87 0   248.4 0   265.72 0   265.85 0     2.5 0 -9999.9 1    37.4 0   -62.9 0   -25.5 0    -7.5 0    41.4 0     1.6 0   320.0 0   830.1 0
 2019   2  1  2 15  6 15.100  83.95    79.6 0    55.1 0   636.5 0    26.4 0   185.7 0   266.33 0   265.87 0   248.8 0   265.77 0   265.90 0     2.6 0 -9999.9 1    38.4 0   -63.1 0   -24.6 0    -7.7 0    42.7 0     2.1 0   320.3 0   830.1 0
 2019   2  1  2 15  7 15.117  83.80    82.0 0    56.7 0   642.7 0    27.0 0   185.6 0   266.34 0   265.83 0   249.7 0   265.80 0   265.92 0     2.7 0 -9999.9 1    39.7 0   -64.2 0   -24.5 0    -7.9 0    44.3 0     2.3 0   319.2 0   830.1 0
 2019   2  1  2 15  8 15.133  83.65    84.6 0    58.3 0   650.8 0    27.3 0   186.1 0   266.34 0   265.87 0   250.4 0   265.84 0   265.98 0     2.8 0 -9999.9 1    41.0 0   -64.3 0   -23.3 0    -8.1 0    44.3 0     2.3 0   312.2 0   830.1 0
 2019   2  1  2 15  9 15.150  83.50    87.1 0    59.9 0   657.3 0    27.7 0   186.1 0   266.34 0   265.89 0   251.1 0   265.88 0   266.01 0     2.9 0 -9999.9 1    42.3 0   -65.0 0   -22.8 0    -8.1 0    44.6 0     2.2 0   315.5 0   830.2 0
 2019   2  1  2 15 10 15.167  83.35    89.5 0    61.4 0   662.1 0    28.2 0   185.7 0   266.35 0   265.84 0   251.4 0   265.93 0   266.06 0     3.0 0 -9999.9 1    43.4 0   -65.7 0   -22.3 0    -8.1 0    44.7 0     1.9 0   326.0 0   830.2 0
 2019   2  1  2 15 11 15.183  83.20    92.5 0    63.4 0   669.4 0    28.5 0   184.8 0   266.32 0   265.65 0   251.6 0   265.96 0   266.06 0     3.1 0 -9999.9 1    44.3 0   -66.8 0   -22.4 0    -8.5 0    46.0 0     1.8 0   346.6 0   830.2 0
 2019   2  1  2 15 12 15.200  83.06    95.1 0    65.3 0   675.0 0    29.1 0   185.6 0   266.27 0   265.77 0   252.5 0   265.98 0   266.06 0     3.2 0 -9999.9 1    45.5 0   -66.9 0   -21.4 0    -8.7 0    47.7 0     2.1 0    17.4 0   830.3 0
 2019   2  1  2 15 13 15.217  82.91    97.1 0    66.8 0   680.2 0    29.3 0   186.1 0   266.27 0   265.90 0   252.7 0   266.00 0   266.10 0     3.3 0 -9999.9 1    46.5 0   -66.6 0   -20.1 0    -8.3 0    49.3 0     2.1 0    28.4 0   830.3 0
 2019   2  1  2 15 14 15.233  82.76    99.1 0    68.1 0   684.2 0    29.8 0   186.5 0   266.33 0   266.02 0   253.0 0   266.02 0   266.15 0     3.4 0 -9999.9 1    47.9 0   -66.5 0   -18.5 0    -7.8 0    47.8 0     1.9 0    35.5 0   830.3 0
 2019   2  1  2 15 15 15.250  82.61   101.3 0    69.5 0   689.6 0    30.0 0   186.6 0   266.40 0   266.12 0   254.0 0   266.06 0   266.20 0     3.5 0 -9999.9 1    49.1 0   -67.4 0   -18.3 0    -7.5 0    47.3 0     2.3 0    39.4 0   830.3 0
 2019   2  1  2 15 16 15.267  82.46   103.7 0    71.3 0   695.6 0    30.6 0   186.6 0   266.50 0   266.21 0   254.9 0   266.10 0   266.24 0     3.6 0 -9999.9 1    50.5 0   -68.3 0   -17.8 0    -7.2 0    47.2 0     2.2 0    37.7 0   830.3 0
 2019   2  1  2 15 17 15.283  82.32   106.3 0    73.1 0   701.9 0    30.8 0   186.8 0   266.59 0   266.28 0   255.3 0   266.14 0   266.28 0     3.7 0 -9999.9 1    51.6 0   -68.5 0   -16.9 0    -7.0 0    46.5 0     1.9 0    40.3 0   830.3 0
 2019   2  1  2 15 18 15.300  82.17   108.9 0    74.8 0   708.6 0    31.4 0   187.2 0   266.67 0   266.38 0   256.1 0   266.19 0   266.34 0     3.8 0 -9999.9 1    53.2 0   -68.9 0   -15.7 0    -6.9 0    44.7 0     2.1 0    53.0 0   830.3 0
 2019   2  1  2 15 19 15.317  82.02   111.1 0    76.4 0   713.4 0    31.5 0   187.4 0   266.77 0   266.52 0   256.4 0   266.24 0   266.39 0     3.9 0 -9999.9 1    54.1 0   -69.0 0   -14.9 0    -6.7 0    44.3 0     1.5 0    49.4 0   830.3 0
 2019   2  1  2 15 20 15.333  81.88   113.6 0    78.4 0   718.7 0    32.1 0   187.5 0   266.88 0   266.66 0   256.2 0   266.28 0   266.41 0     4.0 0 -9999.9 1    55.2 0   -68.7 0   -13.4 0    -6.4 0    46.7 0     0.4 0   350.3 0   830.2 0
 2019   2  1  2 15 21 15.350  81.73   116.2 0    80.1 0   723.5 0    32.3 0   187.3 0   267.01 0   266.75 0   257.5 0   266.32 0   266.45 0     4.2 0 -9999.9 1    56.2 0   -70.3 0   -14.0 0    -6.2 0    45.3 0     0.7 0     5.0 0   830.3 0
 2019   2  1  2 15 22 15.367  81.58   118.9 0    81.6 0   728.5 0    32.8 0   186.5 0   267.11 0   266.77 0   258.2 0   266.36 0   266.51 0     4.3 0 -9999.9 1    57.8 0   -71.7 0   -13.9 0    -6.0 0    43.0 0     0.8 0    30.8 0   830.3 0
 2019   2  1  2 15 23 15.383  81.44   121.6 0    83.1 0   733.3 0    33.0 0   186.8 0   267.19 0   266.86 0   258.2 0   266.40 0   266.57 0     4.4 0 -9999.9 1    59.1 0   -71.3 0   -12.2 0    -5.6 0    42.2 0     0.7 0    49.5 0   830.3 0
 2019   2  1  2 15 24 15.400  81.29   124.1 0    84.8 0   738.6 0    33.5 0   187.4 0   267.27 0   266.97 0   258.0 0   266.45 0   266.61 0     4.5 0 -9999.9 1    60.5 0   -70.6 0   -10.1 0    -5.2 0    44.6 0     0.0 0    50.0 0   830.3 0
 2019   2  1  2 15 25 15.417  81.15   126.6 0    86.5 0   743.7 0    33.7 0   187.5 0   267.37 0   267.11 0   258.2 0   266.49 0   266.64 0     4.6 0 -9999.9 1    61.6 0   -70.7 0    -9.1 0    -4.8 0    44.3 0 -9999.9 1 -9999.9 1   830.3 0
 2019   2  1  2 15 26 15.433  81.00   129.3 0    88.1 0   748.6 0    34.2 0   187.2 0   267.48 0   267.14 0   258.5 0   266.53 0   266.69 0     4.8 0 -9999.9 1    63.1 0   -71.3 0    -8.2 0    -4.6 0    43.3 0     0.2 0   357.3 0   830.3 0
 2019   2  1  2 15 27 15.450  80.86   132.1 0    89.7 0   753.2 0    34.4 0   187.0 0   267.57 0   267.21 0   258.8 0   266.58 0   266.74 0     4.9 0 -9999.9 1    64.3 0   -71.8 0    -7.5 0    -4.7 0    42.4 0     0.6 0    11.6 0   830.3 0
 2019   2  1  2 15 28 15.467  80.72   134.8 0    91.3 0   758.6 0    34.8 0   187.2 0   267.65 0   267.29 0   259.0 0   266.62 0   266.79 0     5.0 0 -9999.9 1    65.8 0   -71.8 0    -6.0 0    -4.7 0    42.2 0     0.9 0    30.0 0   830.3 0
 2019   2  1  2 15 29 15.483  80.57   137.1 0    92.9 0   761.2 0    35.1 0   187.3 0   267.72 0   267.38 0   259.4 0   266.67 0   266.85 0     5.1 0 -9999.9 1    67.0 0   -72.1 0    -5.2 0    -4.6 0    41.9 0     0.8 0    34.9 0   830.3 0
 2019   2  1  2 15 30 15.500  80.43   139.7 0    94.5 0   765.7 0    35.3 0   187.3 0   267.81 0   267.44 0   259.9 0   266.72 0   266.90 0     5.3 0 -9999.9 1    68.1 0   -72.7 0    -4.6 0    -4.5 0    42.5 0     1.0 0    41.0 0   830.3 0
 2019   2  1  2 15 31 15.517  80.29   142.2 0    96.2 0   769.3 0    35.8 0   187.4 0   267.89 0   267.52 0   260.4 0   266.78 0   266.96 0     5.4 0 -9999.9 1    69.4 0   -73.0 0    -3.6 0    -4.4 0    44.1 0     0.9 0    28.8 0   830.4 0
 2019   2  1  2 15 32 15.533  80.15   144.8 0    97.9 0   773.7 0    36.0 0   187.2 0   267.97 0   267.59 0   260.9 0   266.83 0   267.01 0     5.5 0 -9999.9 1    70.5 0   -73.7 0    -3.1 0    -4.5 0    44.1 0     1.2 0    36.4 0   830.4 0
 2019   2  1  2 15 33 15.550  80.00   147.4 0    99.6 0   777.2 0    36.4 0   187.3 0   268.04 0   267.64 0   262.0 0   266.88 0   267.07 0     5.6 0 -9999.9 1    71.8 0   -74.7 0    -2.9 0    -4.9 0    43.9 0     1.4 0    39.0 0   830.5 0
 2019   2  1  2 15 34 15.567  79.86   150.2 0   101.5 0   782.2 0    36.6 0   187.3 0   268.11 0   267.70 0   262.6 0   266.93 0   267.13 0     5.8 0 -9999.9 1    72.9 0   -75.3 0    -2.4 0    -5.1 0    44.5 0     1.3 0    33.4 0   830.5 0
 2019   2  1  2 15 35 15.583  79.72   152.8 0   103.2 0   786.0 0    37.0 0   187.5 0   268.17 0   267.76 0   263.1 0   266.99 0   267.18 0     5.9 0 -9999.9 1    74.1 0   -75.7 0    -1.6 0    -5.2 0    43.7 0     1.3 0    31.2 0   830.5 0
 2019   2  1  2 15 36 15.600  79.58   155.5 0   104.9 0   789.9 0    37.4 0   187.6 0   268.23 0   267.82 0   263.5 0   267.05 0   267.24 0     6.0 0 -9999.9 1    75.3 0   -75.9 0    -0.6 0    -5.2 0    44.3 0     1.4 0    34.2 0   830.5 0
 2019   2  1  2 15 37 15.617  79.44   158.1 0   106.6 0   793.4 0    37.5 0   187.8 0   268.30 0   267.89 0   264.1 0   267.10 0   267.30 0     6.2 0 -9999.9 1    76.2 0   -76.3 0     0.0 0    -5.2 0    42.8 0     1.6 0    36.2 0   830.5 0
 2019   2  1  2 15 38 15.633  79.30   160.8 0   108.3 0   797.1 0    38.0 0   187.8 0   268.36 0   267.95 0   264.8 0   267.15 0   267.36 0     6.3 0 -9999.9 1    77.7 0   -77.0 0     0.7 0    -5.3 0    42.3 0     1.6 0    33.7 0   830.5 0
 2019   2  1  2 15 39 15.650  79.16   163.5 0   110.1 0   801.0 0    38.1 0   187.7 0   268.42 0   268.00 0   265.3 0   267.21 0   267.42 0     6.5 0 -9999.9 1    78.7 0   -77.6 0     1.1 0    -5.3 0    42.5 0     1.6 0    20.7 0   830.6 0
 2019   2  1  2 15 40 15.667  79.02   166.3 0   111.9 0   804.8 0    38.5 0   187.6 0   268.48 0   268.03 0   265.9 0   267.27 0   267.46 0     6.6 0 -9999.9 1    79.9 0   -78.3 0     1.5 0    -5.4 0    43.5 0     1.7 0    19.1 0   830.6 0
 2019   2  1  2 15 41 15.683  78.88   169.0 0   113.8 0   808.3 0    38.8 0   187.5 0   268.53 0   268.07 0   266.5 0   267.32 0   267.52 0     6.8 0 -9999.9 1    81.0 0   -79.0 0     2.0 0    -5.5 0    42.9 0     1.6 0    19.6 0   830.6 0
 2019   2  1  2 15 42 15.700  78.74   171.9 0   115.5 0   812.4 0    38.9 0   187.5 0   268.57 0   268.10 0   266.6 0   267.38 0   267.58 0     6.9 0 -9999.9 1    82.1 0   -79.1 0     3.0 0    -5.5 0    45.6 0     1.2 0    10.6 0   830.6 0
 2019   2  1  2 15 43 15.717  78.61   174.7 0   117.3 0   815.6 0    39.4 0   187.6 0   268.61 0   268.13 0   267.0 0   267.43 0   267.63 0     7.1 0 -9999.9 1    83.3 0   -79.3 0     4.0 0    -5.5 0    47.4 0     1.3 0     5.2 0   830.6 0
 2019   2  1  2 15 44 15.733  78.47   177.6 0   118.9 0   819.9 0    39.6 0   187.8 0   268.65 0   268.15 0   267.5 0   267.48 0   267.69 0     7.2 0 -9999.9 1    84.6 0   -79.7 0     4.8 0    -5.5 0    44.7 0     1.6 0     4.0 0   830.6 0
 2019   2  1  2 15 45 15.750  78.33   180.2 0   120.5 0   822.1 0    39.9 0   187.8 0   268.67 0   268.19 0   268.1 0   267.53 0   267.74 0     7.4 0 -9999.9 1    85.7 0   -80.3 0     5.4 0    -5.5 0    46.1 0     1.6 0     8.1 0   830.6 0
 2019   2  1  2 15 46 15.767  78.19   182.9 0   122.2 0   825.0 0    40.3 0   187.7 0   268.70 0   268.22 0   268.6 0   267.58 0   267.79 0     7.6 0 -9999.9 1    86.9 0   -80.9 0     6.0 0    -5.5 0    43.3 0     1.7 0    11.5 0   830.6 0
 2019   2  1  2 15 47 15.783  78.06   185.6 0   123.8 0   828.5 0    40.3 0   187.8 0   268.73 0   268.23 0   268.8 0   267.63 0   267.85 0     7.7 0 -9999.9 1    87.9 0   -81.0 0     6.9 0    -5.5 0    45.4 0     1.4 0   352.1 0   830.6 0
 2019   2  1  2 15 48 15.800  77.92   188.5 0   125.5 0   832.3 0    40.8 0   187.9 0   268.76 0   268.27 0   269.2 0   267.68 0   267.90 0     7.9 0 -9999.9 1    89.4 0   -81.3 0     8.2 0    -5.5 0    46.9 0     1.2 0   343.7 0   830.6 0
 2019   2  1  2 15 49 15.817  77.79   191.4 0   127.1 0   835.9 0    41.1 0   188.0 0   268.79 0   268.30 0   269.4 0   267.73 0   267.95 0     8.0 0 -9999.9 1    90.8 0   -81.4 0     9.5 0    -5.4 0    46.2 0     1.2 0   351.2 0   830.6 0
 2019   2  1  2 15 50 15.833  77.65   194.3 0   128.8 0   839.7 0    41.1 0   188.3 0   268.82 0   268.33 0   269.6 0   267.77 0   268.00 0     8.2 0    79.6 0    92.0 0   -81.2 0    10.7 0    -5.4 0    44.4 0     1.3 0   351.5 0   830.5 0
 2019   2  1  2 15 51 15.850  77.52   197.1 0   130.3 0   843.3 0    41.5 0   188.4 0   268.84 0   268.37 0   270.1 0   267.83 0   268.05 0     8.4 0    80.7 0    93.4 0   -81.7 0    11.7 0    -5.3 0    44.2 0     1.3 0   344.7 0   830.5 0
 2019   2  1  2 15 52 15.867  77.38   199.6 0   132.1 0   845.8 0    41.8 0   188.4 0   268.88 0   268.42 0   270.5 0   267.88 0   268.11 0     8.5 0    81.8 0    94.5 0   -82.0 0    12.5 0    -5.2 0    44.7 0     1.2 0   337.8 0   830.5 0
 2019   2  1  2 15 53 15.883  77.25   202.3 0   133.5 0   848.6 0    41.9 0   188.6 0   268.92 0   268.45 0   270.7 0   267.93 0   268.17 0     8.7 0    82.8 0    95.7 0   -82.1 0    13.6 0    -5.1 0    46.0 0     1.0 0   340.6 0   830.5 0
 2019   2  1  2 15 54 15.900  77.11   204.9 0   135.0 0   851.1 0    42.2 0   188.6 0   268.95 0   268.49 0   270.9 0   267.99 0   268.23 0     8.9 0    83.9 0    96.9 0   -82.3 0    14.6 0    -5.0 0    45.8 0     0.9 0   340.0 0   830.5 0
 2019   2  1  2 15 55 15.917  76.98   207.7 0   136.7 0   854.5 0    42.5 0   188.7 0   269.00 0   268.55 0   271.3 0   268.05 0   268.30 0     9.0 0    85.1 0    98.4 0   -82.6 0    15.8 0    -4.8 0    44.8 0     0.8 0   326.6 0   830.5 0
 2019   2  1  2 15 56 15.933  76.85   210.2 0   138.2 0   856.8 0    42.5 0   188.7 0   269.04 0   268.62 0   271.5 0   268.11 0   268.36 0     9.2 0    86.1 0    99.3 0   -82.8 0    16.5 0    -4.6 0    46.8 0     0.5 0   325.9 0   830.4 0
 2019   2  1  2 15 57 15.950  76.72   212.8 0   139.7 0   859.6 0    42.9 0   188.7 0   269.10 0   268.66 0   271.5 0   268.17 0   268.43 0     9.4 0    87.2 0   100.7 0   -82.8 0    17.9 0    -4.4 0    43.9 0     0.3 0   322.4 0   830.4 0
 2019   2  1  2 15 58 15.967  76.58   215.2 0   141.0 0   861.6 0    43.2 0   188.7 0   269.15 0   268.72 0   271.7 0   268.24 0   268.53 0     9.6 0    88.3 0   102.1 0   -83.0 0    19.1 0    -4.1 0    42.0 0     0.0 0   334.3 0   830.4 0
 2019   2  1  2 15 59 15.983  76.45   217.9 0   142.5 0   864.8 0    43.3 0   188.9 0   269.20 0   268.77 0   271.6 0   268.32 0   268.60 0     9.8 0    89.4 0   103.3 0   -82.8 0    20.6 0    -3.8 0    39.7 0     0.0 0   349.1 0   830.4 0
 2019   2  1  2 16  0 16.000  76.32   220.6 0   144.2 0   868.0 0    43.6 0   189.0 0   269.25 0   268.84 0   271.8 0   268.39 0   268.68 0     9.9 0    90.6 0   104.7 0   -82.8 0    21.9 0    -3.3 0    41.0 0 -9999.9 1 -9999.9 1   830.4 0
 2019   2  1  2 16  1 16.017  76.19   223.2 0   145.9 0   870.8 0    43.9 0   189.4 0   269.31 0   268.92 0   272.5 0   268.47 0   268.77 0    10.1 0    91.7 0   105.9 0   -83.1 0    22.8 0    -3.0 0    39.6 0     0.2 0   303.6 0   830.4 0
 2019   2  1  2 16  2 16.033  76.06   225.8 0   147.4 0   873.6 0    44.0 0   189.2 0   269.38 0   268.98 0   273.0 0   268.55 0   268.85 0    10.3 0    92.8 0   107.0 0   -83.7 0    23.2 0    -2.7 0    38.1 0     0.1 0   226.1 0   830.3 0
 2019   2  1  2 16  3 16.050  75.93   228.3 0   149.0 0   875.5 0    44.3 0   189.4 0   269.44 0   269.06 0   273.3 0   268.63 0   268.95 0    10.5 0    93.8 0   108.1 0   -83.9 0    24.2 0    -2.4 0    35.0 0     0.7 0   213.4 0   830.3 0
 2019   2  1  2 16  4 16.067  75.80   230.5 0   150.6 0   877.2 0    44.5 0   189.5 0   269.52 0   269.18 0   273.7 0   268.72 0   269.03 0    10.7 0    94.8 0   109.0 0   -84.2 0    24.9 0    -2.0 0    36.7 0     1.1 0   213.6 0   830.3 0
 2019   2  1  2 16  5 16.083  75.68   232.9 0   152.5 0   879.9 0    44.8 0   189.7 0   269.62 0   269.24 0   275.0 0   268.81 0   269.12 0    10.9 0    95.9 0   110.0 0   -85.3 0    24.7 0    -2.3 0    39.0 0     1.4 0   209.6 0   830.3 0
 2019   2  1  2 16  6 16.100  75.55   235.4 0   154.3 0   881.9 0    45.0 0   189.9 0   269.71 0   269.36 0   275.7 0   268.90 0   269.21 0    11.1 0    97.0 0   110.7 0   -85.8 0    24.9 0    -2.7 0    40.6 0     1.2 0   210.6 0   830.3 0
 2019   2  1  2 16  7 16.117  75.42   237.8 0   156.1 0   883.8 0    45.2 0   189.4 0   269.81 0   269.42 0   276.0 0   268.98 0   269.29 0    11.2 0    98.1 0   111.6 0   -86.6 0    25.0 0    -2.9 0    38.8 0     1.1 0   213.7 0   830.3 0
 2019   2  1  2 16  8 16.133  75.29   240.6 0   157.8 0   885.8 0    45.5 0   189.3 0   269.88 0   269.39 0   276.4 0   269.07 0   269.36 0    11.4 0    99.2 0   112.6 0   -87.1 0    25.5 0    -3.4 0    42.7 0     1.4 0   193.2 0   830.3 0
 2019   2  1  2 16  9 16.150  75.17   243.2 0   159.6 0   888.8 0    45.7 0   189.5 0   269.93 0   269.47 0   276.7 0   269.14 0   269.45 0    11.6 0   100.3 0   113.7 0   -87.2 0    26.5 0    -3.7 0    43.4 0     1.4 0   194.6 0   830.3 0
 2019   2  1  2 16 10 16.167  75.04   245.7 0   161.2 0   890.6 0    45.9 0   189.5 0   269.98 0   269.53 0   277.0 0   269.22 0   269.52 0    11.8 0   101.3 0   114.6 0   -87.5 0    27.2 0    -3.7 0    46.1 0     1.3 0   180.2 0   830.3 0
 2019   2  1  2 16 11 16.183  74.92   248.5 0   162.8 0   892.6 0    46.2 0   189.5 0   270.03 0   269.61 0   277.2 0   269.30 0   269.60 0    12.0 0   102.4 0   115.7 0   -87.7 0    28.0 0    -3.7 0    46.0 0     1.5 0   177.6 0   830.3 0
 2019   2  1  2 16 12 16.200  74.79   251.1 0   164.4 0   895.1 0    46.2 0   189.3 0   270.09 0   269.60 0   277.6 0   269.37 0   269.68 0    12.2 0   103.5 0   116.7 0   -88.4 0    28.4 0    -3.7 0    44.6 0     1.4 0   177.4 0   830.3 0
 2019   2  1  2 16 13 16.217  74.67   253.9 0   166.0 0   897.6 0    46.6 0   189.5 0   270.13 0   269.62 0   278.0 0   269.44 0   269.76 0    12.4 0   104.6 0   117.9 0   -88.5 0    29.4 0    -4.0 0    45.1 0     1.5 0   176.8 0   830.3 0
 2019   2  1  2 16 14 16.233  74.54   256.2 0   167.5 0   898.2 0    46.9 0   189.5 0   270.16 0   269.66 0   278.2 0   269.51 0   269.82 0    12.6 0   105.5 0   118.8 0   -88.7 0    30.1 0    -4.2 0    46.2 0     1.5 0   176.5 0   830.3 0
 2019   2  1  2 16 15 16.250  74.42   259.1 0   169.3 0   901.9 0    47.0 0   189.5 0   270.19 0   269.70 0   278.6 0   269.58 0   269.88 0    12.8 0   106.7 0   120.0 0   -89.1 0    30.9 0    -4.2 0    45.6 0     1.8 0   176.7 0   830.3 0
 2019   2  1  2 16 16 16.267  74.29   261.9 0   170.9 0   904.7 0    47.2 0   189.6 0   270.23 0   269.74 0   279.1 0   269.65 0   269.97 0    13.0 0   107.8 0   121.2 0   -89.5 0    31.7 0    -4.2 0    44.5 0     1.9 0   176.2 0   830.3 0
 2019   2  1  2 16 17 16.283  74.17   264.2 0   172.2 0   905.4 0    47.3 0   189.6 0   270.27 0   269.79 0   279.7 0   269.71 0   270.01 0    13.2 0   108.8 0   122.1 0   -90.1 0    32.0 0    -4.2 0    46.1 0     2.0 0   180.9 0   830.3 0
 2019   2  1  2 16 18 16.300  74.05   266.8 0   173.9 0   907.6 0    47.6 0   189.5 0   270.32 0   269.82 0   280.1 0   269.78 0   270.09 0    13.5 0   109.8 0   123.1 0   -90.6 0    32.5 0    -4.2 0    42.5 0     2.0 0   182.7 0   830.3 0
 2019   2  1  2 16 19 16.317  73.93   269.5 0   175.5 0   909.6 0    47.7 0   189.5 0   270.35 0   269.84 0   280.7 0   269.84 0   270.16 0    13.7 0   110.9 0   124.1 0   -91.1 0    32.9 0    -4.3 0    46.2 0     2.1 0   185.6 0   830.3 0
 2019   2  1  2 16 20 16.333  73.81   271.8 0   177.0 0   910.6 0    48.0 0   189.8 0   270.39 0   269.90 0   281.4 0   269.91 0   270.22 0    13.9 0   111.8 0   124.9 0   -91.6 0    33.3 0    -4.3 0    49.0 0     1.7 0   189.3 0   830.3 0
 2019   2  1  2 16 21 16.350  73.69   274.5 0   178.4 0   912.9 0    48.1 0   189.6 0   270.44 0   269.93 0   281.4 0   269.98 0   270.29 0    14.1 0   112.9 0   126.0 0   -91.8 0    34.2 0    -4.3 0    45.0 0     1.8 0   178.9 0   830.3 0
 2019   2  1  2 16 22 16.367  73.57   277.3 0   180.1 0   915.0 0    48.4 0   189.8 0   270.47 0   269.95 0   281.6 0   270.05 0   270.36 0    14.3 0   114.0 0   127.2 0   -91.9 0    35.3 0    -4.3 0    44.1 0     1.9 0   181.6 0   830.4 0
 2019   2  1  2 16 23 16.383  73.45   279.6 0   181.4 0   916.3 0    48.4 0   189.7 0   270.50 0   269.97 0   281.8 0   270.12 0   270.45 0    14.5 0   115.0 0   128.1 0   -92.1 0    36.0 0    -4.3 0    43.6 0     1.8 0   172.0 0   830.4 0
 2019   2  1  2 16 24 16.400  73.33   282.1 0   183.0 0   917.6 0    48.6 0   189.8 0   270.53 0   270.00 0   281.7 0   270.19 0   270.51 0    14.8 0   116.0 0   128.8 0   -91.9 0    37.0 0    -4.3 0    41.8 0     1.9 0   174.5 0   830.5 0
 2019   2  1  2 16 25 16.417  73.21   284.6 0   184.4 0   919.4 0    48.8 0   189.8 0   270.57 0   270.03 0   281.8 0   270.25 0   270.57 0    15.0 0   117.0 0   130.0 0   -92.1 0    37.9 0    -4.2 0    40.8 0     1.5 0   168.5 0   830.5 0
 2019   2  1  2 16 26 16.433  73.09   287.1 0   185.6 0   921.0 0    48.9 0   189.9 0   270.59 0   270.07 0   281.7 0   270.31 0   270.65 0    15.2 0   118.0 0   131.2 0   -91.7 0    39.5 0    -4.1 0    39.9 0     1.4 0   167.0 0   830.5 0
 2019   2  1  2 16 27 16.450  72.98   289.5 0   187.0 0   922.2 0    49.2 0   189.8 0   270.63 0   270.09 0   281.7 0   270.37 0   270.72 0    15.4 0   119.0 0   132.2 0   -91.9 0    40.3 0    -4.0 0    41.0 0     1.3 0   154.4 0   830.6 0
 2019   2  1  2 16 28 16.467  72.86   292.0 0   188.4 0   923.8 0    49.2 0   189.9 0   270.65 0   270.11 0   281.7 0   270.44 0   270.78 0    15.6 0   120.0 0   133.1 0   -91.8 0    41.3 0    -3.9 0    42.6 0     1.5 0   145.8 0   830.6 0
 2019   2  1  2 16 29 16.483  72.74   294.6 0   190.1 0   926.3 0    49.6 0   189.9 0   270.68 0   270.14 0   282.1 0   270.50 0   270.83 0    15.9 0   121.1 0   134.3 0   -92.2 0    42.1 0    -3.9 0    42.9 0     1.6 0   151.2 0   830.6 0
 2019   2  1  2 16 30 16.500  72.63   297.2 0   191.6 0   928.0 0    49.7 0   189.9 0   270.70 0   270.16 0   282.3 0   270.55 0   270.88 0    16.1 0   122.1 0   135.1 0   -92.4 0    42.7 0    -4.0 0    45.7 0     1.9 0   165.0 0   830.6 0
 2019   2  1  2 16 31 16.517  72.51   299.6 0   193.0 0   929.3 0    49.9 0   189.8 0   270.73 0   270.21 0   282.6 0   270.60 0   270.92 0    16.3 0   123.0 0   136.2 0   -92.8 0    43.4 0    -4.0 0    45.4 0     1.8 0   169.8 0   830.5 0
 2019   2  1  2 16 32 16.533  72.40   302.1 0   194.5 0   931.1 0    50.0 0   189.6 0   270.75 0   270.19 0   282.9 0   270.64 0   270.94 0    16.5 0   124.0 0   137.0 0   -93.2 0    43.8 0    -4.1 0    45.8 0     1.9 0   177.1 0   830.5 0
 2019   2  1  2 16 33 16.550  72.28   304.9 0   196.1 0   934.0 0    50.3 0   190.0 0   270.78 0   270.17 0   283.0 0   270.68 0   271.00 0    16.8 0   125.1 0   138.4 0   -93.0 0    45.4 0    -4.2 0    44.2 0     1.8 0   177.4 0   830.5 0
 2019   2  1  2 16 34 16.567  72.17   307.2 0   197.3 0   934.8 0    50.3 0   190.1 0   270.78 0   270.23 0   283.1 0   270.73 0   271.07 0    17.0 0   126.1 0   139.3 0   -93.0 0    46.2 0    -4.2 0    44.3 0     1.6 0   175.7 0   830.5 0
 2019   2  1  2 16 35 16.583  72.06   309.5 0   198.5 0   935.9 0    50.3 0   190.1 0   270.80 0   270.25 0   283.2 0   270.77 0   271.12 0    17.2 0   127.0 0   140.2 0   -93.0 0    47.2 0    -4.1 0    44.2 0     1.4 0   178.3 0   830.5 0
 2019   2  1  2 16 36 16.600  71.94   312.2 0   199.9 0   938.4 0    50.7 0   190.1 0   270.82 0   270.24 0   283.4 0   270.83 0   271.17 0    17.4 0   128.0 0   141.6 0   -93.3 0    48.4 0    -4.0 0    45.7 0     1.1 0   177.4 0   830.5 0
 2019   2  1  2 16 37 16.617  71.83   314.4 0   200.9 0   939.6 0    50.7 0   190.2 0   270.83 0   270.30 0   283.7 0   270.89 0   271.24 0    17.7 0   129.0 0   142.8 0   -93.5 0    49.3 0    -3.7 0    42.4 0     1.2 0   172.6 0   830.5 0
 2019   2  1  2 16 38 16.633  71.72   316.7 0   202.2 0   940.8 0    51.0 0   190.2 0   270.85 0   270.31 0   283.9 0   270.95 0   271.31 0    17.9 0   129.9 0   143.9 0   -93.7 0    50.3 0    -3.6 0    40.6 0     1.3 0   173.1 0   830.5 0
 2019   2  1  2 16 39 16.650  71.61   319.3 0   203.7 0   943.6 0    51.0 0   190.2 0   270.88 0   270.36 0   284.1 0   271.01 0   271.38 0    18.1 0   131.0 0   145.0 0   -93.8 0    51.2 0    -3.6 0    40.5 0     1.5 0   175.5 0   830.5 0
 2019   2  1  2 16 40 16.667  71.50   321.6 0   205.1 0   944.6 0    51.2 0   190.2 0   270.91 0   270.36 0   284.3 0   271.07 0   271.43 0    18.4 0   131.9 0   145.9 0   -94.1 0    51.8 0    -3.6 0    43.7 0     1.6 0   179.3 0   830.4 0
 2019   2  1  2 16 41 16.683  71.39   323.8 0   206.4 0   946.0 0    51.4 0   190.2 0   270.93 0   270.43 0   284.6 0   271.12 0   271.46 0    18.6 0   132.9 0   146.8 0   -94.4 0    52.4 0    -3.7 0    43.7 0     1.7 0   179.7 0   830.4 0
 2019   2  1  2 16 42 16.700  71.28   326.2 0   207.9 0   947.4 0    51.5 0   190.1 0   270.97 0   270.45 0   285.0 0   271.17 0   271.50 0    18.8 0   133.8 0   147.6 0   -94.9 0    52.7 0    -3.7 0    43.2 0     1.9 0   185.3 0   830.4 0
 2019   2  1  2 16 43 16.717  71.17   328.5 0   209.3 0   948.6 0    51.8 0   190.2 0   271.01 0   270.49 0   285.6 0   271.21 0   271.52 0    19.1 0   134.7 0   148.5 0   -95.5 0    53.1 0    -3.8 0    46.5 0     1.8 0   190.7 0   830.4 0
 2019   2  1  2 16 44 16.733  71.07   331.1 0   210.7 0   950.6 0    51.8 0   190.2 0   271.03 0   270.53 0   286.0 0   271.26 0   271.58 0    19.3 0   135.7 0   149.5 0   -95.7 0    53.8 0    -3.8 0    45.3 0     1.9 0   204.9 0   830.4 0
 2019   2  1  2 16 45 16.750  70.96   333.3 0   212.2 0   951.5 0    52.1 0   190.2 0   271.06 0   270.58 0   286.0 0   271.30 0   271.62 0    19.5 0   136.6 0   150.3 0   -95.8 0    54.5 0    -3.7 0    42.9 0     1.9 0   220.7 0   830.4 0
 2019   2  1  2 16 46 16.767  70.85   335.8 0   213.7 0   953.1 0    52.2 0   190.1 0   271.09 0   270.61 0   286.3 0   271.33 0   271.67 0    19.7 0   137.6 0   151.1 0   -96.1 0    55.0 0    -3.5 0    42.1 0     1.9 0   229.6 0   830.4 0
 2019   2  1  2 16 47 16.783  70.75   338.0 0   215.2 0   954.1 0    52.5 0   190.4 0   271.12 0   270.65 0   286.3 0   271.37 0   271.73 0    20.0 0   138.5 0   151.9 0   -96.0 0    55.9 0    -3.2 0    41.7 0     1.9 0   233.2 0   830.4 0
 2019   2  1  2 16 48 16.800  70.64   340.0 0   216.2 0   954.9 0    52.5 0   190.0 0   271.14 0   270.66 0   286.5 0   271.41 0   271.77 0    20.2 0   139.4 0   152.8 0   -96.5 0    56.4 0    -2.9 0    42.7 0     1.7 0   229.0 0   830.4 0
 2019   2  1  2 16 49 16.817  70.54   342.3 0   217.6 0   956.0 0    52.6 0   190.4 0   271.17 0   270.72 0   286.8 0   271.45 0   271.80 0    20.4 0   140.3 0   153.6 0   -96.3 0    57.3 0    -2.6 0    44.3 0     1.8 0   230.0 0   830.4 0
 2019   2  1  2 16 50 16.833  70.43   344.8 0   218.7 0   958.1 0    52.9 0   190.3 0   271.21 0   270.76 0   286.9 0   271.48 0   271.84 0    20.7 0   141.3 0   155.1 0   -96.6 0    58.5 0    -2.3 0    43.6 0     1.6 0   227.7 0   830.4 0
 2019   2  1  2 16 51 16.850  70.33   347.0 0   220.0 0   959.2 0    53.1 0   190.2 0   271.25 0   270.76 0   287.0 0   271.53 0   271.88 0    20.9 0   142.1 0   156.0 0   -96.8 0    59.3 0    -2.2 0    44.6 0     1.8 0   222.8 0   830.4 0
 2019   2  1  2 16 52 16.867  70.23   349.5 0   221.3 0   961.2 0    53.2 0   190.2 0   271.27 0   270.78 0   287.2 0   271.56 0   271.91 0    21.1 0   143.1 0   157.2 0   -97.1 0    60.1 0    -2.4 0    45.2 0     1.5 0   221.3 0   830.4 0
 2019   2  1  2 16 53 16.883  70.12   351.7 0   222.4 0   962.9 0    53.2 0   190.2 0   271.29 0   270.80 0   287.4 0   271.60 0   271.95 0    21.4 0   144.0 0   158.3 0   -97.3 0    61.0 0    -2.5 0    42.8 0     1.6 0   213.4 0   830.4 0
 2019   2  1  2 16 54 16.900  70.02   353.6 0   223.2 0   963.0 0    53.2 0   190.4 0   271.32 0   270.85 0   287.6 0   271.64 0   271.99 0    21.6 0   144.8 0   159.1 0   -97.2 0    61.8 0    -2.6 0    44.0 0     1.6 0   205.9 0   830.4 0
 2019   2  1  2 16 55 16.917  69.92   356.0 0   224.4 0   965.0 0    53.4 0   190.5 0   271.35 0   270.86 0   287.9 0   271.68 0   272.05 0    21.8 0   145.8 0   160.3 0   -97.3 0    63.0 0    -2.7 0    43.0 0     1.5 0   209.3 0   830.4 0
 2019   2  1  2 16 56 16.933  69.82   358.0 0   225.2 0   965.5 0    53.6 0   191.0 0   271.38 0   270.93 0   288.1 0   271.73 0   272.10 0    22.1 0   146.7 0   161.5 0   -97.2 0    64.3 0    -2.6 0    41.9 0     1.7 0   199.7 0   830.4 0
 2019   2  1  2 16 57 16.950  69.72   359.4 0   226.1 0   965.4 0    53.6 0   190.3 0   271.44 0   270.94 0   288.2 0   271.77 0   272.16 0    22.3 0   147.4 0   162.1 0   -97.8 0    64.3 0    -2.6 0    41.8 0     1.3 0   204.6 0   830.4 0
 2019   2  1  2 16 58 16.967  69.62   362.0 0   227.3 0   967.6 0    53.7 0   190.6 0   271.48 0   270.95 0   288.6 0   271.82 0   272.21 0    22.6 0   148.4 0   163.4 0   -98.1 0    65.4 0    -3.0 0    45.3 0     1.5 0   201.2 0   830.4 0
 2019   2  1  2 16 59 16.983  69.52   364.2 0   228.7 0   969.3 0    53.8 0   190.6 0   271.52 0   271.06 0   288.8 0   271.87 0   272.25 0    22.8 0   149.3 0   164.3 0   -98.1 0    66.2 0    -3.0 0    40.1 0     1.7 0   189.4 0   830.4 0
 2019   2  1  2 17  0 17.000  69.42   366.3 0   229.6 0   970.2 0    54.0 0   190.3 0   271.58 0   271.07 0   288.6 0   271.93 0   272.31 0    23.1 0   150.1 0   165.3 0   -98.4 0    67.0 0    -2.9 0    39.7 0     1.6 0   177.9 0   830.4 0
 2019   2  1  2 17  1 17.017  69.33   368.5 0   230.6 0   971.1 0    54.0 0   190.1 0   271.62 0   271.03 0   288.7 0   271.98 0   272.37 0    23.3 0   150.9 0   166.2 0   -98.6 0    67.6 0    -3.1 0    40.6 0     1.7 0   169.2 0   830.3 0
 2019   2  1  2 17  2 17.033  69.23   370.7 0   232.0 0   973.0 0    54.1 0   189.9 0   271.64 0   271.04 0   289.0 0   272.03 0   272.40 0    23.6 0   151.8 0   167.2 0   -99.1 0    68.1 0    -3.3 0    46.0 0     1.7 0   176.0 0   830.3 0
 2019   2  1  2 17  3 17.050  69.13   372.9 0   233.2 0   973.9 0    54.4 0   190.1 0   271.66 0   271.05 0   289.3 0   272.07 0   272.42 0    23.8 0   152.6 0   168.1 0   -99.2 0    68.9 0    -3.4 0    44.9 0     1.8 0   169.8 0   830.3 0
 2019   2  1  2 17  4 17.067  69.04   374.6 0   234.3 0   974.1 0    54.4 0   190.0 0   271.67 0   271.05 0   289.3 0   272.10 0   272.46 0    24.0 0   153.3 0   168.6 0   -99.3 0    69.2 0    -3.6 0    42.0 0     1.7 0   167.2 0   830.3 0
 2019   2  1  2 17  5 17.083  68.94   376.9 0   235.4 0   976.1 0    54.4 0   190.3 0   271.67 0   271.09 0   288.9 0   272.13 0   272.50 0    24.3 0   154.3 0   169.6 0   -98.6 0    71.0 0    -3.6 0    43.8 0     1.8 0   181.6 0   830.3 0
 2019   2  1  2 17  6 17.100  68.85   379.0 0   236.6 0   977.0 0    54.7 0   190.2 0   271.69 0   271.15 0   289.5 0   272.17 0   272.53 0    24.5 0   155.0 0   170.7 0   -99.3 0    71.4 0    -3.5 0    45.5 0     1.7 0   186.5 0   830.3 0
 2019   2  1  2 17  7 17.117  68.76   380.9 0   237.6 0   977.8 0    54.7 0   190.2 0   271.72 0   271.14 0   289.7 0   272.21 0   272.55 0    24.8 0   155.9 0   171.5 0   -99.5 0    72.0 0    -3.5 0    43.5 0     2.1 0   188.3 0   830.3 0
 2019   2  1  2 17  8 17.133  68.66   383.0 0   238.8 0   979.1 0    55.1 0   190.2 0   271.72 0   271.14 0   289.6 0   272.23 0   272.59 0    25.0 0   156.6 0   172.5 0   -99.4 0    73.1 0    -3.6 0    39.9 0     1.8 0   188.7 0   830.3 0
 2019   2  1  2 17  9 17.150  68.57   384.9 0   239.8 0   979.8 0    55.1 0   190.1 0   271.72 0   271.15 0   290.0 0   272.27 0   272.63 0    25.3 0   157.5 0   173.3 0   -99.9 0    73.4 0    -3.5 0    39.4 0     1.7 0   185.1 0   830.3 0
 2019   2  1  2 17 10 17.167  68.48   386.5 0   240.7 0   980.1 0    55.1 0   190.2 0   271.72 0   271.18 0   290.0 0   272.30 0   272.67 0    25.5 0   158.2 0   173.9 0   -99.9 0    74.1 0    -3.5 0    42.5 0     1.7 0   177.0 0   830.3 0
 2019   2  1  2 17 11 17.183  68.39   388.8 0   241.8 0   982.0 0    55.1 0   189.8 0   271.74 0   271.18 0   290.3 0   272.34 0   272.70 0    25.7 0   159.0 0   175.0 0  -100.5 0    74.5 0    -3.4 0    43.3 0     1.8 0   178.4 0   830.3 0
 2019   2  1  2 17 12 17.200  68.30   390.5 0   242.6 0   982.2 0    55.1 0   190.0 0   271.77 0   271.21 0   290.4 0   272.38 0   272.75 0    26.0 0   159.8 0   175.7 0  -100.4 0    75.3 0    -3.4 0    45.7 0     1.6 0   170.1 0   830.3 0
 2019   2  1  2 17 13 17.217  68.21   392.5 0   243.4 0   983.2 0    55.3 0   189.7 0   271.80 0   271.19 0   290.8 0   272.42 0   272.76 0    26.2 0   160.5 0   176.8 0  -101.0 0    75.8 0    -3.3 0    45.7 0     1.5 0   166.6 0   830.2 0
 2019   2  1  2 17 14 17.233  68.12   394.5 0   244.5 0   984.0 0    55.5 0   189.7 0   271.82 0   271.18 0   290.9 0   272.46 0   272.79 0    26.5 0   161.3 0   177.7 0  -101.2 0    76.5 0    -3.4 0    41.8 0     1.7 0   189.0 0   830.2 0
 2019   2  1  2 17 15 17.250  68.03   396.4 0   245.5 0   985.0 0    55.5 0   189.3 0   271.82 0   271.20 0   291.1 0   272.50 0   272.86 0    26.7 0   162.1 0   178.4 0  -101.7 0    76.7 0    -3.5 0    43.2 0     1.9 0   181.6 0   830.2 0
 2019   2  1  2 17 16 17.267  67.94   398.2 0   246.7 0   985.6 0    55.8 0   189.3 0   271.83 0   271.19 0   290.9 0   272.53 0   272.86 0    26.9 0   162.8 0   179.2 0  -101.7 0    77.5 0    -3.7 0    42.5 0     2.1 0   182.1 0   830.2 0
 2019   2  1  2 17 17 17.283  67.86   400.2 0   247.6 0   987.1 0    55.8 0   189.4 0   271.83 0   271.23 0   290.5 0   272.55 0   272.91 0    27.2 0   163.6 0   180.2 0  -101.1 0    79.1 0    -3.7 0    41.9 0     1.6 0   177.4 0   830.3 0
 2019   2  1  2 17 18 17.300  67.77   402.1 0   248.7 0   988.1 0    55.8 0   189.3 0   271.85 0   271.22 0   290.6 0   272.59 0   272.95 0    27.4 0   164.4 0   180.9 0  -101.3 0    79.6 0    -3.7 0    44.5 0     1.9 0   180.0 0   830.3 0
 2019   2  1  2 17 19 17.317  67.69   404.0 0   249.7 0   988.8 0    55.9 0   189.4 0   271.85 0   271.19 0   290.7 0   272.62 0   272.96 0    27.7 0   165.2 0   181.6 0  -101.3 0    80.3 0    -3.8 0    47.5 0     1.5 0   181.1 0   830.3 0
 2019   2  1  2 17 20 17.333  67.60   405.8 0   250.5 0   989.4 0    56.2 0   189.1 0   271.83 0   271.19 0   290.9 0   272.65 0   273.02 0    27.9 0   165.9 0   182.7 0  -101.8 0    80.9 0    -3.8 0    44.9 0     1.6 0   184.0 0   830.3 0
 2019   2  1  2 17 21 17.350  67.52   407.5 0   251.2 0   989.8 0    56.2 0   189.4 0   271.82 0   271.25 0   290.9 0   272.69 0   273.07 0    28.1 0   166.5 0   183.5 0  -101.5 0    81.9 0    -3.7 0    47.7 0     1.7 0   186.3 0   830.3 0
 2019   2  1  2 17 22 17.367  67.43   409.2 0   252.1 0   990.8 0    56.2 0   189.4 0   271.83 0   271.25 0   291.2 0   272.72 0   273.09 0    28.4 0   167.3 0   184.3 0  -101.8 0    82.6 0    -3.5 0    47.1 0     1.5 0   182.1 0   830.3 0
 2019   2  1  2 17 23 17.383  67.35   410.9 0   253.1 0   991.5 0    56.2 0   189.5 0   271.84 0   271.27 0   291.2 0   272.75 0   273.10 0    28.6 0   168.0 0   185.0 0  -101.7 0    83.2 0    -3.3 0    48.3 0     1.6 0   175.8 0   830.3 0
 2019   2  1  2 17 24 17.400  67.27   412.9 0   254.0 0   992.7 0    56.4 0   189.1 0   271.85 0   271.22 0   291.4 0   272.78 0   273.14 0    28.9 0   168.7 0   186.0 0  -102.3 0    83.7 0    -3.4 0    45.2 0     1.7 0   179.6 0   830.3 0
 2019   2  1  2 17 25 17.417  67.19   414.7 0   254.9 0   993.6 0    56.6 0   189.0 0   271.84 0   271.16 0   291.1 0   272.80 0   273.15 0    29.1 0   169.4 0   186.9 0  -102.1 0    84.8 0    -3.6 0    46.7 0     1.9 0   182.5 0   830.3 0
 2019   2  1  2 17 26 17.433  67.11   416.5 0   255.9 0   994.7 0    56.7 0   189.2 0   271.82 0   271.18 0   291.4 0   272.82 0   273.16 0    29.3 0   170.2 0   187.8 0  -102.2 0    85.6 0    -3.8 0    49.8 0     1.7 0   189.1 0   830.3 0
 2019   2  1  2 17 27 17.450  67.03   418.4 0   256.8 0   995.5 0    56.9 0   189.5 0   271.81 0   271.21 0   291.6 0   272.84 0   273.19 0    29.5 0   170.9 0   188.7 0  -102.1 0    86.6 0    -3.7 0    49.1 0     1.9 0   188.6 0   830.3 0
 2019   2  1  2 17 28 17.467  66.95   420.1 0   257.8 0   996.0 0    56.9 0   189.0 0   271.80 0   271.23 0   291.6 0   272.85 0   273.23 0    29.8 0   171.6 0   189.1 0  -102.5 0    86.6 0    -3.5 0    48.3 0     1.9 0   195.3 0   830.3 0
 2019   2  1  2 17 29 17.483  66.87   421.7 0   258.6 0   996.9 0    56.9 0   189.3 0   271.80 0   271.19 0   291.8 0   272.87 0   273.25 0    30.0 0   172.2 0   190.0 0  -102.5 0    87.5 0    -3.6 0    50.5 0     1.7 0   188.6 0   830.3 0
 2019   2  1  2 17 30 17.500  66.79   423.5 0   259.3 0   998.0 0    56.9 0   189.5 0   271.80 0   271.23 0   292.0 0   272.90 0   273.27 0    30.2 0   172.9 0   190.9 0  -102.5 0    88.4 0    -3.5 0    51.7 0     1.7 0   182.2 0   830.3 0
 2019   2  1  2 17 31 17.517  66.71   425.0 0   260.0 0   998.3 0    57.0 0   189.8 0   271.81 0   271.28 0   292.3 0   272.92 0   273.29 0    30.4 0   173.5 0   191.6 0  -102.4 0    89.2 0    -3.2 0    50.7 0     1.8 0   187.0 0   830.3 0
 2019   2  1  2 17 32 17.533  66.64   426.6 0   260.8 0   998.9 0    57.0 0   189.2 0   271.83 0   271.24 0   292.5 0   272.95 0   273.33 0    30.6 0   174.1 0   192.3 0  -103.3 0    89.0 0    -3.1 0    49.9 0     1.7 0   182.0 0   830.2 0
 2019   2  1  2 17 33 17.550  66.56   428.4 0   261.6 0  1000.0 0    57.3 0   189.4 0   271.85 0   271.21 0   292.8 0   272.98 0   273.35 0    30.9 0   174.8 0   193.4 0  -103.4 0    90.0 0    -3.3 0    48.0 0     1.7 0   191.2 0   830.2 0
 2019   2  1  2 17 34 17.567  66.49   430.2 0   262.4 0  1000.9 0    57.3 0   189.3 0   271.85 0   271.21 0   292.5 0   273.01 0   273.38 0    31.1 0   175.5 0   194.2 0  -103.3 0    91.0 0    -3.5 0    48.9 0     1.8 0   182.4 0   830.2 0
 2019   2  1  2 17 35 17.583  66.41   431.7 0   263.0 0  1001.6 0    57.3 0   189.5 0   271.85 0   271.24 0   292.8 0   273.03 0   273.42 0    31.3 0   176.1 0   195.0 0  -103.3 0    91.8 0    -3.5 0    42.9 0     1.6 0   187.8 0   830.2 0
 2019   2  1  2 17 36 17.600  66.34   433.3 0   263.5 0  1002.0 0    57.3 0   189.8 0   271.86 0   271.25 0   297.3 0   273.30 0   273.50 0    31.5 0   176.7 0   195.9 0  -107.5 0    88.4 0    -3.3 0    44.3 0     1.2 0   190.7 0   830.2 0
 2019   2  1  2 17 37 17.617  66.27   434.6 0   264.2 0  1002.6 0    57.3 0   190.3 0   271.88 0   271.32 0   297.1 0   273.32 0   273.52 0    31.8 0   177.3 0   196.7 0  -106.9 0    89.8 0    -3.2 0    47.1 0     1.4 0   182.5 0   830.2 0
 2019   2  1  2 17 38 17.633  66.20   436.1 0   264.8 0  1003.1 0    57.5 0   190.0 0   271.90 0   271.34 0   293.4 0   273.16 0   273.55 0    32.0 0   177.9 0   197.7 0  -103.4 0    94.3 0    -3.0 0    40.3 0     1.4 0   182.4 0   830.2 0
 2019   2  1  2 17 39 17.650  66.12   437.6 0   265.4 0  1003.9 0    57.7 0   190.5 0   271.92 0   271.35 0   297.6 0   273.41 0   273.61 0    32.2 0   178.6 0   198.6 0  -107.2 0    91.5 0    -2.8 0    40.1 0     1.3 0   175.0 0   830.2 0
 2019   2  1  2 17 40 17.667  66.05   439.0 0   265.9 0  1004.3 0    57.7 0   190.7 0   271.94 0   271.40 0   298.2 0   273.49 0   273.69 0    32.4 0   179.1 0   199.4 0  -107.5 0    91.9 0    -2.6 0    38.0 0     1.3 0   186.3 0   830.2 0
 2019   2  1  2 17 41 17.683  65.98   440.4 0   266.5 0  1005.0 0    57.7 0   190.9 0   271.97 0   271.47 0   297.8 0   273.52 0   273.72 0    32.6 0   179.7 0   200.2 0  -106.9 0    93.3 0    -2.4 0    41.7 0     1.0 0   191.2 0   830.2 0
 2019   2  1  2 17 42 17.700  65.91   441.8 0   266.9 0  1005.5 0    57.7 0   191.3 0   272.01 0   271.51 0   298.9 0   273.62 0   273.82 0    32.8 0   180.2 0   201.1 0  -107.6 0    93.5 0    -2.3 0    37.8 0     1.0 0   189.0 0   830.2 0
 2019   2  1  2 17 43 17.717  65.85   443.4 0   267.8 0  1006.4 0    57.9 0   191.0 0   272.06 0   271.55 0   298.2 0   273.66 0   273.86 0    33.1 0   180.9 0   201.9 0  -107.2 0    94.7 0    -2.2 0    38.1 0     1.4 0   193.6 0   830.2 0
 2019   2  1  2 17 44 17.733  65.78   444.9 0   268.5 0  1006.9 0    58.0 0   191.0 0   272.09 0   271.53 0   298.5 0   273.71 0   273.91 0    33.3 0   181.5 0   202.6 0  -107.6 0    95.1 0    -2.3 0    40.5 0     1.2 0   187.3 0   830.2 0
 2019   2  1  2 17 45 17.750  65.71   446.4 0   269.4 0  1007.6 0    58.0 0   191.6 0   272.12 0   271.54 0   298.6 0   273.75 0   273.95 0    33.5 0   182.1 0   203.1 0  -106.9 0    96.2 0    -2.5 0    41.6 0     1.3 0   192.4 0   830.2 0
 2019   2  1  2 17 46 17.767  65.65   447.5 0   269.8 0  1008.0 0    58.0 0   191.8 0   272.16 0   271.63 0   299.2 0   273.82 0   274.02 0    33.7 0   182.6 0   203.9 0  -107.4 0    96.5 0    -2.5 0    42.5 0     1.0 0   190.8 0   830.2 0
 2019   2  1  2 17 47 17.783  65.58   448.9 0   270.2 0  1008.2 0    58.2 0   191.9 0   272.19 0   271.65 0   300.0 0   273.89 0   274.09 0    33.9 0   183.1 0   204.8 0  -108.1 0    96.7 0    -2.5 0    43.1 0     1.0 0   181.7 0   830.2 0
 2019   2  1  2 17 48 17.800  65.52   450.4 0   270.5 0  1008.5 0    58.4 0   192.4 0   272.24 0   271.76 0   300.4 0   273.97 0   274.17 0    34.1 0   183.7 0   205.8 0  -108.0 0    97.8 0    -2.4 0    42.6 0     0.6 0   193.0 0   830.2 0
 2019   2  1  2 17 49 17.817  65.45   451.6 0   270.4 0  1008.6 0    58.4 0   192.5 0   272.30 0   271.82 0   301.5 0   274.08 0   274.28 0    34.2 0   184.2 0   207.0 0  -109.0 0    98.0 0    -2.1 0    39.6 0     0.0 0   229.3 0   830.1 0
 2019   2  1  2 17 50 17.833  65.39   452.7 0   270.7 0  1009.3 0    58.4 0   192.7 0   272.35 0   271.80 0   300.5 0   274.13 0   274.33 0    34.5 0   184.7 0   208.0 0  -107.8 0   100.1 0    -2.0 0    39.6 0     0.7 0   136.6 0   830.1 0
 2019   2  1  2 17 51 17.850  65.33   453.9 0   271.5 0  1009.3 0    58.4 0   192.7 0   272.38 0   271.84 0   300.7 0   274.20 0   274.40 0    34.6 0   185.2 0   208.2 0  -108.0 0   100.2 0    -2.0 0    37.2 0     1.0 0   155.2 0   830.1 0
 2019   2  1  2 17 52 17.867  65.27   455.2 0   272.2 0  1009.8 0    58.4 0   192.7 0   272.42 0   271.91 0   301.1 0   274.28 0   274.48 0    34.8 0   185.8 0   208.7 0  -108.4 0   100.3 0    -2.0 0    36.2 0     1.1 0   143.8 0   830.1 0
 2019   2  1  2 17 53 17.883  65.21   456.7 0   272.9 0  1010.1 0    58.4 0   192.7 0   272.47 0   271.94 0   301.2 0   274.35 0   274.55 0    35.0 0   186.4 0   209.1 0  -108.5 0   100.7 0    -2.1 0    31.9 0     1.0 0   156.5 0   830.0 0
 2019   2  1  2 17 54 17.900  65.15   457.7 0   273.4 0  1009.4 0    58.4 0   192.7 0   272.53 0   271.99 0   300.7 0   274.38 0   274.58 0    35.1 0   186.9 0   209.3 0  -108.0 0   101.3 0    -2.2 0    35.9 0     1.2 0   156.1 0   830.0 0
 2019   2  1  2 17 55 17.917  65.09   458.7 0   274.1 0  1009.6 0    58.4 0   192.6 0   272.57 0   271.98 0   299.8 0   274.40 0   274.60 0    35.3 0   187.3 0   209.6 0  -107.3 0   102.3 0    -2.3 0    37.8 0     1.2 0   158.8 0   830.0 0
 2019   2  1  2 17 56 17.933  65.03   460.1 0   275.0 0  1011.4 0    58.4 0   192.9 0   272.61 0   272.02 0   295.7 0   274.23 0   274.59 0    35.5 0   187.9 0   210.4 0  -102.8 0   107.6 0    -2.4 0    39.1 0     1.5 0   163.6 0   830.0 0
 2019   2  1  2 17 57 17.950  64.97   461.4 0   275.5 0  1011.3 0    58.4 0   192.5 0   272.63 0   272.02 0   296.0 0   274.25 0   274.62 0    35.7 0   188.4 0   210.8 0  -103.5 0   107.3 0    -2.5 0    35.8 0     1.6 0   176.7 0   830.0 0
 2019   2  1  2 17 58 17.967  64.91   462.5 0   276.0 0  1011.5 0    58.7 0   192.9 0   272.66 0   272.08 0   295.8 0   274.28 0   274.65 0    35.8 0   188.9 0   211.6 0  -102.9 0   108.6 0    -2.5 0    41.1 0     1.3 0   167.5 0   830.0 0
 2019   2  1  2 17 59 17.983  64.86   463.6 0   276.4 0  1012.2 0    58.7 0   192.8 0   272.69 0   272.09 0   296.4 0   274.30 0   274.65 0    36.0 0   189.3 0   212.4 0  -103.6 0   108.8 0    -2.5 0    41.3 0     1.4 0   159.3 0   830.0 0
 2019   2  1  2 18  0 18.000  64.80   464.8 0   276.7 0  1012.7 0    58.8 0   192.7 0   272.71 0   272.12 0   296.4 0   274.32 0   274.70 0    36.2 0   189.8 0   213.2 0  -103.6 0   109.6 0    -2.6 0    37.5 0     1.6 0   161.4 0   830.0 0
 2019   2  1  2 18  1 18.017  64.75   465.5 0   277.2 0  1012.6 0    58.8 0   192.5 0   272.73 0   272.13 0   296.3 0   274.34 0   274.72 0    36.4 0   190.1 0   213.5 0  -103.8 0   109.7 0    -2.6 0    39.0 0     1.5 0   166.5 0   830.0 0
 2019   2  1  2 18  2 18.033  64.70   467.1 0   277.9 0  1013.5 0    58.8 0   192.8 0   272.75 0   272.16 0   296.5 0   274.36 0   274.75 0    36.6 0   190.7 0   214.1 0  -103.7 0   110.3 0    -2.6 0    35.0 0     1.5 0   152.5 0   830.0 0
 2019   2  1  2 18  3 18.050  64.64   468.2 0   278.2 0  1014.1 0    58.8 0   192.9 0   272.77 0   272.23 0   300.7 0   274.58 0   274.78 0    36.7 0   191.1 0   214.9 0  -107.7 0   107.2 0    -2.5 0    39.5 0     1.5 0   163.0 0   830.0 0
 2019   2  1  2 18  4 18.067  64.59   469.0 0   278.7 0  1014.4 0    58.8 0   193.4 0   272.82 0   272.38 0   296.9 0   274.41 0   274.78 0    36.9 0   191.5 0   215.3 0  -103.5 0   111.8 0    -2.3 0    42.0 0     1.9 0   175.1 0   830.0 0
 2019   2  1  2 18  5 18.083  64.54   470.2 0   279.3 0  1014.8 0    58.8 0   192.7 0   272.89 0   272.43 0   296.7 0   274.41 0   274.81 0    37.1 0   192.0 0   215.7 0  -103.9 0   111.8 0    -2.1 0    36.9 0     1.7 0   177.5 0   830.0 0
 2019   2  1  2 18  6 18.100  64.49   471.3 0   279.6 0  1015.1 0    58.9 0   192.5 0   272.96 0   272.39 0   300.7 0   274.64 0   274.84 0    37.2 0   192.4 0   216.6 0  -108.3 0   108.3 0    -2.2 0    40.3 0     1.6 0   190.9 0   830.0 0
 2019   2  1  2 18  7 18.117  64.44   472.5 0   279.8 0  1015.8 0    59.1 0   192.2 0   272.99 0   272.38 0   301.2 0   274.68 0   274.88 0    37.4 0   192.8 0   217.6 0  -109.0 0   108.6 0    -2.3 0    38.6 0     1.6 0   186.8 0   830.0 0
 2019   2  1  2 18  8 18.133  64.39   473.5 0   280.6 0  1016.4 0    59.1 0   192.0 0   273.01 0   272.37 0   296.7 0   274.47 0   274.87 0    37.6 0   193.2 0   217.8 0  -104.7 0   113.1 0    -2.5 0    41.4 0     1.9 0   177.5 0   829.9 0
 2019   2  1  2 18  9 18.150  64.34   474.6 0   281.0 0  1016.6 0    59.1 0   192.0 0   273.02 0   272.42 0   301.2 0   274.72 0   274.92 0    37.7 0   193.6 0   218.3 0  -109.2 0   109.1 0    -2.5 0    41.9 0     1.7 0   185.5 0   829.9 0
 2019   2  1  2 18 10 18.167  64.29   475.5 0   281.7 0  1016.7 0    59.1 0   192.3 0   273.05 0   272.46 0   296.8 0   274.51 0   274.90 0    37.8 0   193.9 0   218.4 0  -104.5 0   113.9 0    -2.5 0    36.4 0     2.0 0   177.3 0   829.9 0
 2019   2  1  2 18 11 18.183  64.25   476.5 0   282.1 0  1017.3 0    59.1 0   192.3 0   273.08 0   272.54 0   300.6 0   274.72 0   274.92 0    38.0 0   194.4 0   219.0 0  -108.3 0   110.8 0    -2.4 0    39.2 0     1.9 0   180.4 0   829.9 0
 2019   2  1  2 18 12 18.200  64.20   477.7 0   282.7 0  1018.0 0    59.1 0   192.1 0   273.12 0   272.56 0   296.5 0   274.51 0   274.91 0    38.1 0   194.8 0   219.4 0  -104.4 0   115.1 0    -2.3 0    38.7 0     1.9 0   174.0 0   829.9 0
 2019   2  1  2 18 13 18.217  64.16   478.9 0   283.2 0  1019.0 0    59.1 0   191.7 0   273.15 0   272.54 0   296.5 0   274.51 0   274.90 0    38.3 0   195.2 0   220.1 0  -104.8 0   115.4 0    -2.2 0    34.6 0     2.0 0   178.6 0   829.9 0
 2019   2  1  2 18 14 18.233  64.11   480.0 0   283.4 0  1019.5 0    59.1 0   191.5 0   273.15 0   272.47 0   297.0 0   274.53 0   274.90 0    38.4 0   195.5 0   220.9 0  -105.5 0   115.4 0    -2.4 0    41.2 0     2.0 0   177.6 0   829.9 0
 2019   2  1  2 18 15 18.250  64.07   480.8 0   283.8 0  1019.4 0    59.1 0   191.5 0   273.15 0   272.48 0   296.4 0   274.51 0   274.88 0    38.6 0   195.8 0   221.1 0  -104.9 0   116.2 0    -2.6 0    33.0 0     2.4 0   183.8 0   829.9 0
 2019   2  1  2 18 16 18.267  64.03   481.7 0   284.0 0  1019.9 0    59.1 0   191.8 0   273.15 0   272.50 0   296.5 0   274.51 0   274.89 0    38.7 0   196.2 0   221.7 0  -104.7 0   117.0 0    -2.7 0    35.0 0     2.3 0   182.7 0   829.9 0
 2019   2  1  2 18 17 18.283  63.99   482.6 0   284.6 0  1020.1 0    59.1 0   192.1 0   273.15 0   272.51 0   296.6 0   274.49 0   274.85 0    38.8 0   196.6 0   221.9 0  -104.5 0   117.4 0    -2.7 0    36.9 0     2.4 0   176.8 0   829.9 0
 2019   2  1  2 18 18 18.300  63.95   483.4 0   285.0 0  1020.3 0    59.2 0   192.2 0   273.15 0   272.55 0   296.7 0   274.48 0   274.87 0    39.0 0   196.9 0   222.4 0  -104.5 0   117.8 0    -2.6 0    37.3 0     2.3 0   176.6 0   829.9 0
 2019   2  1  2 18 19 18.317  63.91   484.4 0   285.3 0  1021.0 0    59.5 0   191.8 0   273.15 0   272.51 0   296.9 0   274.46 0   274.85 0    39.1 0   197.2 0   223.3 0  -105.1 0   118.2 0    -2.6 0    34.2 0     2.2 0   173.4 0   829.9 0
 2019   2  1  2 18 20 18.333  63.87   485.4 0   285.5 0  1021.5 0    59.7 0   191.7 0   273.13 0   272.48 0   297.1 0   274.46 0   274.86 0    39.2 0   197.5 0   224.2 0  -105.3 0   118.8 0    -2.6 0    37.8 0     1.9 0   176.8 0   829.9 0
 2019   2  1  2 18 21 18.350  63.83   486.3 0   285.7 0  1022.2 0    59.5 0   191.7 0   273.10 0   272.49 0   297.0 0   274.46 0   274.84 0    39.4 0   197.9 0   224.7 0  -105.3 0   119.3 0    -2.6 0    36.0 0     2.4 0   174.8 0   829.8 0
 2019   2  1  2 18 22 18.367  63.79   486.5 0   286.0 0  1021.1 0    59.5 0   191.9 0   273.10 0   272.49 0   297.4 0   274.45 0   274.82 0    39.4 0   198.1 0   224.5 0  -105.6 0   118.9 0    -2.6 0    37.8 0     2.6 0   170.9 0   829.8 0
 2019   2  1  2 18 23 18.383  63.76   487.4 0   286.5 0  1022.0 0    59.5 0   191.4 0   273.10 0   272.46 0   297.3 0   274.42 0   274.81 0    39.6 0   198.5 0   225.0 0  -105.9 0   119.1 0    -2.6 0    36.2 0     2.6 0   171.1 0   829.8 0
 2019   2  1  2 18 24 18.400  63.72   488.3 0   287.0 0  1022.5 0    59.5 0   191.9 0   273.10 0   272.47 0   297.2 0   274.41 0   274.77 0    39.7 0   198.8 0   225.3 0  -105.3 0   120.0 0    -2.6 0    37.5 0     2.6 0   166.4 0   829.7 0
 2019   2  1  2 18 25 18.417  63.68   489.1 0   287.2 0  1023.2 0    59.5 0   191.7 0   273.11 0   272.53 0   297.1 0   274.37 0   274.71 0    39.8 0   199.0 0   225.9 0  -105.4 0   120.5 0    -2.6 0    38.2 0     2.6 0   183.1 0   829.7 0
 2019   2  1  2 18 26 18.433  63.65   489.7 0   287.1 0  1023.0 0    59.5 0   191.8 0   273.14 0   272.55 0   297.3 0   274.35 0   274.70 0    39.9 0   199.4 0   226.4 0  -105.5 0   120.9 0    -2.5 0    39.1 0     2.4 0   178.0 0   829.7 0
 2019   2  1  2 18 27 18.450  63.62   490.1 0   287.1 0  1022.7 0    59.5 0   191.5 0   273.15 0   272.51 0   297.5 0   274.32 0   274.68 0    40.0 0   199.6 0   226.9 0  -106.0 0   120.9 0    -2.6 0    38.1 0     2.4 0   184.1 0   829.7 0
 2019   2  1  2 18 28 18.467  63.58   490.6 0   287.0 0  1022.6 0    59.8 0   191.9 0   273.16 0   272.56 0   298.1 0   274.32 0   274.71 0    40.1 0   199.9 0   227.7 0  -106.2 0   121.5 0    -2.6 0    40.7 0     2.3 0   184.1 0   829.7 0
 2019   2  1  2 18 29 18.483  63.55   491.1 0   286.9 0  1022.2 0    59.9 0   192.4 0   273.18 0   272.56 0   298.3 0   274.32 0   274.70 0    40.2 0   200.0 0   228.2 0  -105.9 0   122.3 0    -2.5 0    42.8 0     2.0 0   175.2 0   829.7 0
 2019   2  1  2 18 30 18.500  63.52   492.4 0   287.0 0  1023.8 0    59.6 0   192.0 0   273.18 0   272.56 0   298.4 0   274.32 0   274.70 0    40.3 0   200.4 0   229.1 0  -106.4 0   122.7 0    -2.4 0    41.7 0     2.2 0   179.7 0   829.7 0
 2019   2  1  2 18 31 18.517  63.49   492.7 0   287.0 0  1023.1 0    59.8 0   192.2 0   273.18 0   272.53 0   298.3 0   274.32 0   274.71 0    40.4 0   200.6 0   229.4 0  -106.2 0   123.2 0    -2.4 0    41.3 0     2.2 0   186.1 0   829.6 0
 2019   2  1  2 18 32 18.533  63.46   493.1 0   287.2 0  1023.5 0    59.8 0   192.4 0   273.19 0   272.63 0   302.8 0   274.53 0   274.73 0    40.5 0   200.9 0   229.9 0  -110.3 0   119.6 0    -2.4 0    43.5 0     2.4 0   180.7 0   829.6 0
 2019   2  1  2 18 33 18.550  63.43   493.9 0   287.5 0  1024.2 0    59.9 0   192.2 0   273.20 0   272.65 0   298.5 0   274.32 0   274.70 0    40.6 0   201.0 0   230.4 0  -106.3 0   124.1 0    -2.2 0    42.0 0     2.4 0   185.3 0   829.6 0
 2019   2  1  2 18 34 18.567  63.41   494.7 0   287.6 0  1024.8 0    59.6 0   192.0 0   273.23 0   272.66 0   299.0 0   274.32 0   274.71 0    40.7 0   201.3 0   230.7 0  -107.0 0   123.6 0    -1.9 0    43.1 0     2.1 0   183.6 0   829.6 0
 2019   2  1  2 18 35 18.583  63.38   495.3 0   287.7 0  1025.2 0    59.7 0   192.3 0   273.25 0   272.67 0   298.9 0   274.32 0   274.70 0    40.8 0   201.5 0   231.4 0  -106.6 0   124.8 0    -2.0 0    41.3 0     2.4 0   191.3 0   829.6 0
 2019   2  1  2 18 36 18.600  63.36   496.0 0   288.0 0  1025.8 0    59.9 0   191.7 0   273.26 0   272.67 0   298.6 0   274.32 0   274.68 0    40.8 0   201.7 0   231.9 0  -106.9 0   125.0 0    -2.1 0    40.2 0     2.2 0   185.8 0   829.6 0
 2019   2  1  2 18 37 18.617  63.33   496.5 0   287.6 0  1026.5 0    59.9 0   192.0 0   273.27 0   272.67 0   303.2 0   274.54 0   274.74 0    40.9 0   201.9 0   233.0 0  -111.2 0   121.8 0    -2.1 0    38.5 0     1.7 0   187.8 0   829.6 0
 2019   2  1  2 18 38 18.633  63.31   497.1 0   287.4 0  1026.4 0    59.8 0   192.0 0   273.27 0   272.63 0   303.6 0   274.55 0   274.75 0    41.0 0   202.1 0   233.5 0  -111.7 0   121.8 0    -2.1 0    43.5 0     1.6 0   216.3 0   829.5 0
 2019   2  1  2 18 39 18.650  63.28   497.4 0   287.2 0  1026.7 0    59.7 0   192.3 0   273.25 0   272.68 0   299.9 0   274.37 0   274.77 0    41.1 0   202.3 0   234.1 0  -107.7 0   126.4 0    -2.1 0    40.3 0     1.9 0   207.1 0   829.5 0
 2019   2  1  2 18 40 18.667  63.26   498.0 0   287.4 0  1027.4 0    59.8 0   192.5 0   273.28 0   272.74 0   299.7 0   274.39 0   274.77 0    41.2 0   202.5 0   234.7 0  -107.2 0   127.5 0    -2.0 0    40.1 0     2.0 0   187.1 0   829.4 0
 2019   2  1  2 18 41 18.683  63.24   498.1 0   287.3 0  1027.0 0    59.7 0   192.4 0   273.30 0   272.78 0   299.9 0   274.41 0   274.80 0    41.2 0   202.6 0   234.8 0  -107.5 0   127.3 0    -1.8 0    40.3 0     2.0 0   185.1 0   829.4 0
 2019   2  1  2 18 42 18.700  63.22   498.2 0   286.9 0  1026.3 0    59.9 0   192.6 0   273.34 0   272.79 0   304.1 0   274.63 0   274.83 0    41.3 0   202.7 0   235.4 0  -111.5 0   123.9 0    -1.5 0    39.5 0     2.0 0   210.1 0   829.4 0
 2019   2  1  2 18 43 18.717  63.20   498.5 0   286.9 0  1025.9 0    59.9 0   192.5 0   273.36 0   272.82 0   299.9 0   274.44 0   274.83 0    41.4 0   202.9 0   235.5 0  -107.3 0   128.1 0    -1.5 0    38.1 0     1.7 0   233.4 0   829.4 0
 2019   2  1  2 18 44 18.733  63.18   499.0 0   286.7 0  1026.2 0    59.9 0   192.6 0   273.39 0   272.81 0   304.3 0   274.67 0   274.87 0    41.4 0   203.1 0   236.2 0  -111.7 0   124.4 0    -1.6 0    39.1 0     1.7 0   228.0 0   829.4 0
 2019   2  1  2 18 45 18.750  63.16   499.2 0   286.5 0  1026.9 0    59.9 0   192.9 0   273.41 0   272.86 0   305.2 0   274.71 0   274.91 0    41.5 0   203.2 0   237.0 0  -112.3 0   124.7 0    -1.6 0    41.2 0     1.8 0   211.0 0   829.3 0
 2019   2  1  2 18 46 18.767  63.14   499.6 0   286.4 0  1027.1 0    59.7 0   192.6 0   273.44 0   272.88 0   305.4 0   274.73 0   274.93 0    41.5 0   203.3 0   237.3 0  -112.8 0   124.5 0    -1.7 0    43.6 0     1.6 0   210.0 0   829.3 0
 2019   2  1  2 18 47 18.783  63.13   500.0 0   286.2 0  1027.3 0    59.5 0   193.1 0   273.47 0   272.91 0   301.3 0   274.55 0   274.94 0    41.6 0   203.6 0   237.6 0  -108.2 0   129.4 0    -1.7 0    39.8 0     2.0 0   207.6 0   829.3 0
 2019   2  1  2 18 48 18.800  63.11   500.3 0   286.5 0  1027.6 0    59.5 0   193.2 0   273.50 0   273.04 0   305.1 0   274.77 0   274.97 0    41.6 0   203.7 0   237.6 0  -111.9 0   125.8 0    -1.4 0    39.1 0     2.1 0   218.4 0   829.3 0
 2019   2  1  2 18 49 18.817  63.10   500.7 0   286.7 0  1027.6 0    59.7 0   193.2 0   273.55 0   273.07 0   305.3 0   274.78 0   274.98 0    41.7 0   203.7 0   238.0 0  -112.1 0   125.9 0    -1.1 0    41.9 0     1.9 0   218.6 0   829.2 0
 2019   2  1  2 18 50 18.833  63.08   501.0 0   286.4 0  1028.0 0    59.5 0   193.3 0   273.59 0   273.10 0   301.6 0   274.59 0   274.94 0    41.7 0   203.8 0   238.4 0  -108.3 0   130.2 0    -1.0 0    43.5 0     1.9 0   221.3 0   829.2 0
 2019   2  1  2 18 51 18.850  63.07   501.2 0   286.0 0  1027.9 0    59.5 0   193.2 0   273.65 0   273.21 0   301.4 0   274.61 0   274.97 0    41.8 0   204.0 0   239.0 0  -108.2 0   130.8 0    -0.9 0    38.5 0     2.3 0   222.0 0   829.2 0
 2019   2  1  2 18 52 18.867  63.06   501.6 0   286.1 0  1027.9 0    59.7 0   192.8 0   273.70 0   273.21 0   301.2 0   274.61 0   274.99 0    41.8 0   204.1 0   239.3 0  -108.4 0   130.9 0    -0.6 0    38.7 0     2.2 0   228.8 0   829.2 0
 2019   2  1  2 18 53 18.883  63.05   501.7 0   286.2 0  1027.9 0    59.7 0   192.7 0   273.73 0   273.23 0   301.2 0   274.63 0   275.00 0    41.8 0   204.2 0   239.4 0  -108.5 0   130.9 0    -0.3 0    37.9 0     2.2 0   229.2 0   829.1 0
 2019   2  1  2 18 54 18.900  63.04   501.8 0   286.2 0  1028.4 0    59.9 0   192.5 0   273.74 0   273.21 0   305.5 0   274.85 0   275.05 0    41.9 0   204.3 0   240.0 0  -113.0 0   126.9 0    -0.2 0    36.3 0     2.2 0   237.0 0   829.1 0
 2019   2  1  2 18 55 18.917  63.03   501.8 0   286.0 0  1028.4 0    59.7 0   193.1 0   273.76 0   273.25 0   305.9 0   274.87 0   275.07 0    41.9 0   204.4 0   240.1 0  -112.9 0   127.3 0     0.0 0    38.5 0     2.4 0   233.8 0   829.1 0
 2019   2  1  2 18 56 18.933  63.02   501.9 0   286.0 0  1028.1 0    59.3 0   192.8 0   273.78 0   273.29 0   305.6 0   274.86 0   275.06 0    41.9 0   204.4 0   239.8 0  -112.9 0   126.9 0     0.2 0    39.5 0     2.1 0   228.4 0   829.0 0
 2019   2  1  2 18 57 18.950  63.01   502.2 0   285.3 0  1028.3 0    59.5 0   193.0 0   273.80 0   273.30 0   306.2 0   274.89 0   275.09 0    41.9 0   204.6 0   240.8 0  -113.2 0   127.6 0     0.3 0    39.8 0     2.3 0   230.5 0   829.0 0
 2019   2  1  2 18 58 18.967  63.00   502.6 0   285.6 0  1028.4 0    59.5 0   193.0 0   273.82 0   273.31 0   301.9 0   274.68 0   275.07 0    41.9 0   204.7 0   240.8 0  -108.9 0   131.8 0     0.2 0    41.2 0     2.5 0   230.9 0   828.9 0
 2019   2  1  2 18 59 18.983  63.00   502.7 0   285.3 0  1028.6 0    59.6 0   193.2 0   273.83 0   273.31 0   306.9 0   274.91 0   275.11 0    41.9 0   204.6 0   241.3 0  -113.7 0   127.7 0     0.2 0    42.3 0     2.3 0   234.1 0   828.9 0
 2019   2  1  2 19  0 19.000  62.99   502.6 0   284.9 0  1028.6 0    59.4 0   193.7 0   273.85 0   273.37 0   307.3 0   274.95 0   275.15 0    41.9 0   204.7 0   241.5 0  -113.7 0   127.9 0     0.1 0    40.7 0     2.3 0   237.1 0   828.9 0
 2019   2  1  2 19  1 19.017  62.99   502.6 0   284.4 0  1028.9 0    59.1 0   194.2 0   273.89 0   273.45 0   308.0 0   274.98 0   275.18 0    41.9 0   204.7 0   242.0 0  -113.8 0   128.2 0     0.4 0    41.4 0     2.1 0   244.3 0   828.9 0
 2019   2  1  2 19  2 19.033  62.99   502.6 0   283.8 0  1029.0 0    59.1 0   194.5 0   273.93 0   273.50 0   309.5 0   275.04 0   275.24 0    41.9 0   204.8 0   242.7 0  -115.1 0   127.6 0     0.6 0    41.0 0     1.9 0   241.9 0   828.9 0
 2019   2  1  2 19  3 19.050  62.98   502.9 0   283.3 0  1030.2 0    59.1 0   195.4 0   273.99 0   273.62 0   311.1 0   275.10 0   275.30 0    42.0 0   204.9 0   243.8 0  -115.7 0   128.0 0     0.8 0    41.7 0     1.9 0   243.7 0   828.8 0
 2019   2  1  2 19  4 19.067  62.98   502.7 0   282.4 0  1029.8 0    59.1 0   195.9 0   274.08 0   273.78 0   311.6 0   275.16 0   275.36 0    42.0 0   204.8 0   244.5 0  -115.7 0   128.8 0     1.2 0    35.0 0     1.9 0   236.7 0   828.9 0
 2019   2  1  2 19  5 19.083  62.98   501.9 0   281.7 0  1027.5 0    59.1 0   196.1 0   274.19 0   273.89 0   311.7 0   275.23 0   275.43 0    41.9 0   204.5 0   244.2 0  -115.6 0   128.6 0     1.3 0    32.8 0     2.0 0   218.1 0   828.9 0
 2019   2  1  2 19  6 19.100  62.98   501.7 0   281.2 0  1027.4 0    59.1 0   196.1 0   274.33 0   274.03 0   311.6 0   275.27 0   275.47 0    42.0 0   204.6 0   244.7 0  -115.5 0   129.2 0     1.1 0    36.2 0     2.2 0   194.2 0   828.9 0
 2019   2  1  2 19  7 19.117  62.98   502.3 0   281.3 0  1027.7 0    59.1 0   194.3 0   274.46 0   273.95 0   305.0 0   275.05 0   275.44 0    42.0 0   204.6 0   244.7 0  -110.7 0   134.0 0     0.5 0    41.6 0     3.3 0   172.0 0   828.9 0
 2019   2  1  2 19  8 19.133  62.98   502.2 0   281.6 0  1027.4 0    59.1 0   193.7 0   274.52 0   273.91 0   303.7 0   275.05 0   275.44 0    42.0 0   204.6 0   244.2 0  -110.0 0   134.2 0    -0.4 0    44.5 0     2.3 0   167.4 0   828.9 0
 2019   2  1  2 19  9 19.150  62.99   502.3 0   281.4 0  1027.0 0    59.1 0   193.6 0   274.56 0   273.90 0   303.6 0   275.05 0   275.43 0    41.9 0   204.5 0   244.2 0  -110.0 0   134.2 0    -0.9 0    46.2 0     2.4 0   171.5 0   828.8 0
 2019   2  1  2 19 10 19.167  62.99   502.5 0   280.9 0  1027.9 0    59.1 0   193.5 0   274.57 0   273.92 0   304.0 0   275.05 0   275.43 0    41.9 0   204.4 0   245.1 0  -110.4 0   134.7 0    -1.1 0    48.3 0     2.2 0   177.8 0   828.8 0
 2019   2  1  2 19 11 19.183  62.99   502.3 0   280.2 0  1027.5 0    59.1 0   194.0 0   274.59 0   273.97 0   303.8 0   275.05 0   275.45 0    41.8 0   204.4 0   245.5 0  -109.8 0   135.7 0    -1.1 0    47.2 0     2.1 0   179.3 0   828.8 0
 2019   2  1  2 19 12 19.200  63.00   502.5 0   279.6 0  1027.6 0    59.1 0   193.3 0   274.59 0   273.94 0   304.0 0   275.07 0   275.45 0    41.8 0   204.4 0   246.1 0  -110.7 0   135.4 0    -1.2 0    48.0 0     2.1 0   179.4 0   828.7 0
 2019   2  1  2 19 13 19.217  63.00   502.4 0   279.2 0  1027.7 0    59.1 0   193.8 0   274.58 0   273.90 0   304.1 0   275.08 0   275.47 0    41.8 0   204.3 0   246.4 0  -110.3 0   136.1 0    -1.2 0    46.1 0     2.1 0   184.0 0   828.7 0
 2019   2  1  2 19 14 19.233  63.01   502.0 0   278.2 0  1027.2 0    59.1 0   193.9 0   274.56 0   273.93 0   308.5 0   275.31 0   275.51 0    41.7 0   204.2 0   247.1 0  -114.5 0   132.6 0    -1.0 0    46.3 0     1.7 0   193.3 0   828.7 0
 2019   2  1  2 19 15 19.250  63.02   501.8 0   277.5 0  1026.9 0    59.1 0   194.6 0   274.55 0   274.00 0   309.2 0   275.36 0   275.56 0    41.7 0   204.0 0   247.6 0  -114.6 0   132.9 0    -0.8 0    46.6 0     1.4 0   177.0 0   828.7 0
 2019   2  1  2 19 16 19.267  63.03   501.8 0   276.7 0  1027.5 0    59.0 0   194.4 0   274.57 0   274.00 0   309.3 0   275.40 0   275.60 0    41.6 0   203.9 0   248.3 0  -114.9 0   133.4 0    -0.6 0    45.4 0     1.4 0   171.0 0   828.7 0
 2019   2  1  2 19 17 19.283  63.04   501.8 0   275.9 0  1027.5 0    59.1 0   194.6 0   274.59 0   274.06 0   309.5 0   275.44 0   275.64 0    41.6 0   203.8 0   249.0 0  -114.8 0   134.2 0    -0.5 0    45.9 0     1.7 0   162.8 0   828.7 0
 2019   2  1  2 19 18 19.300  63.05   501.8 0   275.5 0  1027.5 0    59.1 0   194.6 0   274.63 0   274.14 0   309.4 0   275.46 0   275.66 0    41.6 0   203.8 0   249.3 0  -114.8 0   134.5 0    -0.5 0    45.4 0     1.4 0   163.6 0   828.7 0
 2019   2  1  2 19 19 19.317  63.06   501.1 0   274.3 0  1026.5 0    59.0 0   194.5 0   274.68 0   274.16 0   309.8 0   275.52 0   275.72 0    41.5 0   203.6 0   249.8 0  -115.3 0   134.5 0    -0.5 0    44.7 0     1.3 0   145.3 0   828.7 0
 2019   2  1  2 19 20 19.333  63.07   501.1 0   274.0 0  1026.9 0    58.8 0   195.3 0   274.72 0   274.23 0   309.3 0   275.54 0   275.74 0    41.4 0   203.6 0   249.9 0  -114.0 0   135.9 0    -0.5 0    45.2 0     1.6 0   162.9 0   828.7 0
 2019   2  1  2 19 21 19.350  63.08   500.8 0   273.6 0  1027.4 0    58.8 0   195.0 0   274.78 0   274.36 0   309.5 0   275.58 0   275.78 0    41.4 0   203.5 0   250.3 0  -114.5 0   135.8 0    -0.4 0    42.2 0     1.4 0   164.3 0   828.6 0
 2019   2  1  2 19 22 19.367  63.10   500.6 0   272.7 0  1027.2 0    58.9 0   194.5 0   274.85 0   274.32 0   310.4 0   275.65 0   275.85 0    41.4 0   203.3 0   251.0 0  -115.9 0   135.2 0    -0.4 0    41.8 0     1.2 0   159.6 0   828.6 0
 2019   2  1  2 19 23 19.383  63.11   500.1 0   271.9 0  1026.5 0    58.7 0   195.3 0   274.89 0   274.41 0   310.1 0   275.69 0   275.89 0    41.3 0   203.2 0   251.0 0  -114.8 0   136.2 0    -0.4 0    41.7 0     1.3 0   148.0 0   828.6 0
 2019   2  1  2 19 24 19.400  63.13   499.8 0   271.1 0  1026.9 0    58.4 0   195.2 0   274.95 0   274.43 0   311.1 0   275.77 0   275.97 0    41.2 0   202.9 0   251.5 0  -115.8 0   135.7 0    -0.4 0    40.5 0     1.1 0   145.5 0   828.6 0
 2019   2  1  2 19 25 19.417  63.14   499.3 0   270.5 0  1026.8 0    58.4 0   195.1 0   275.00 0   274.48 0   311.3 0   275.84 0   276.04 0    41.2 0   202.7 0   251.7 0  -116.2 0   135.5 0    -0.3 0    41.0 0     1.1 0   162.4 0   828.6 0
 2019   2  1  2 19 26 19.433  63.16   499.2 0   269.9 0  1026.8 0    58.4 0   195.8 0   275.05 0   274.56 0   311.2 0   275.88 0   276.08 0    41.1 0   202.7 0   252.1 0  -115.3 0   136.7 0    -0.1 0    39.7 0     1.3 0   166.6 0   828.6 0
 2019   2  1  2 19 27 19.450  63.18   498.7 0   269.1 0  1026.7 0    58.4 0   195.6 0   275.11 0   274.66 0   311.8 0   275.97 0   276.17 0    41.1 0   202.6 0   252.5 0  -116.2 0   136.3 0     0.2 0    37.1 0     1.0 0   185.4 0   828.6 0
 2019   2  1  2 19 28 19.467  63.20   498.4 0   268.5 0  1026.8 0    58.4 0   195.7 0   275.17 0   274.66 0   312.3 0   276.05 0   276.25 0    41.0 0   202.4 0   252.9 0  -116.6 0   136.3 0     0.4 0    39.3 0     0.8 0   179.8 0   828.6 0
 2019   2  1  2 19 29 19.483  63.22   498.3 0   267.9 0  1027.5 0    58.4 0   196.0 0   275.23 0   274.78 0   311.7 0   276.09 0   276.29 0    41.0 0   202.2 0   253.5 0  -115.7 0   137.8 0     0.6 0    39.3 0     0.6 0   169.4 0   828.6 0
 2019   2  1  2 19 30 19.500  63.24   497.8 0   267.0 0  1027.0 0    58.4 0   196.1 0   275.30 0   274.85 0   311.8 0   276.16 0   276.36 0    40.9 0   202.0 0   253.8 0  -115.7 0   138.1 0     0.9 0    36.5 0     0.4 0   138.5 0   828.6 0
 2019   2  1  2 19 31 19.517  63.26   497.1 0   265.9 0  1026.4 0    58.4 0   195.9 0   275.37 0   274.89 0   312.5 0   276.26 0   276.46 0    40.8 0   201.7 0   254.3 0  -116.6 0   137.7 0     1.0 0    36.2 0     0.6 0   145.5 0   828.6 0
 2019   2  1  2 19 32 19.533  63.28   496.3 0   264.6 0  1025.3 0    58.4 0   196.1 0   275.43 0   274.99 0   312.6 0   276.34 0   276.54 0    40.7 0   201.5 0   254.8 0  -116.5 0   138.3 0     1.0 0    34.9 0     1.0 0   190.6 0   828.5 0
 2019   2  1  2 19 33 19.550  63.30   495.6 0   264.3 0  1025.2 0    58.4 0   196.2 0   275.50 0   275.05 0   312.6 0   276.41 0   276.61 0    40.6 0   201.3 0   254.7 0  -116.3 0   138.3 0     1.0 0    35.8 0     0.8 0   209.6 0   828.5 0
 2019   2  1  2 19 34 19.567  63.33   495.5 0   263.6 0  1025.8 0    58.4 0   196.0 0   275.56 0   275.04 0   312.5 0   276.49 0   276.69 0    40.5 0   201.0 0   255.2 0  -116.5 0   138.7 0     1.3 0    35.8 0     0.9 0   198.3 0   828.5 0
 2019   2  1  2 19 35 19.583  63.35   494.9 0   263.3 0  1025.4 0    58.4 0   196.6 0   275.60 0   275.13 0   312.5 0   276.56 0   276.76 0    40.5 0   200.7 0   255.0 0  -115.9 0   139.1 0     1.6 0    33.5 0     0.9 0   186.6 0   828.5 0
 2019   2  1  2 19 36 19.600  63.38   494.5 0   262.6 0  1025.4 0    58.0 0   196.8 0   275.67 0   275.31 0   312.3 0   276.62 0   276.82 0    40.4 0   200.5 0   254.9 0  -115.4 0   139.4 0     2.0 0    33.8 0     0.8 0   206.7 0   828.5 0
 2019   2  1  2 19 37 19.617  63.40   494.1 0   261.7 0  1025.4 0    58.0 0   196.7 0   275.77 0   275.39 0   312.6 0   276.71 0   276.91 0    40.3 0   200.3 0   255.4 0  -115.9 0   139.4 0     2.2 0    35.0 0     0.6 0   173.9 0   828.5 0
 2019   2  1  2 19 38 19.633  63.43   493.2 0   260.9 0  1024.2 0    58.2 0   196.6 0   275.85 0   275.38 0   312.6 0   276.77 0   276.97 0    40.2 0   199.9 0   255.4 0  -116.0 0   139.4 0     2.1 0    35.4 0     0.7 0   198.0 0   828.5 0
 2019   2  1  2 19 39 19.650  63.46   492.6 0   260.4 0  1023.8 0    58.3 0   196.3 0   275.91 0   275.34 0   308.2 0   276.63 0   277.00 0    40.1 0   199.7 0   255.4 0  -112.0 0   143.5 0     1.9 0    37.7 0     0.9 0   160.4 0   828.5 0
 2019   2  1  2 19 40 19.667  63.49   492.2 0   259.7 0  1023.6 0    57.9 0   196.6 0   275.94 0   275.43 0   308.2 0   276.68 0   277.07 0    39.9 0   199.5 0   255.1 0  -111.6 0   143.5 0     1.9 0    33.0 0     1.1 0   188.6 0   828.4 0
 2019   2  1  2 19 41 19.683  63.52   491.5 0   259.0 0  1022.7 0    58.0 0   196.5 0   275.99 0   275.45 0   308.4 0   276.74 0   277.12 0    39.8 0   199.2 0   255.1 0  -111.9 0   143.2 0     1.6 0    37.6 0     1.0 0   146.7 0   828.4 0
 2019   2  1  2 19 42 19.700  63.55   490.8 0   258.0 0  1022.4 0    57.7 0   196.5 0   276.03 0   275.51 0   312.6 0   277.00 0   277.20 0    39.7 0   198.9 0   255.1 0  -116.1 0   138.9 0     1.3 0    37.6 0     0.6 0   157.7 0   828.4 0
 2019   2  1  2 19 43 19.717  63.58   490.5 0   257.4 0  1023.1 0    57.6 0   196.3 0   276.07 0   275.52 0   308.6 0   276.85 0   277.20 0    39.6 0   198.7 0   255.4 0  -112.2 0   143.2 0     1.2 0    36.6 0     1.3 0   152.3 0   828.4 0
 2019   2  1  2 19 44 19.733  63.61   490.0 0   257.1 0  1022.5 0    57.7 0   196.1 0   276.10 0   275.48 0   308.4 0   276.90 0   277.27 0    39.4 0   198.3 0   255.0 0  -112.3 0   142.7 0     0.9 0    38.0 0     1.1 0   159.1 0   828.4 0
 2019   2  1  2 19 45 19.750  63.65   489.7 0   256.8 0  1022.8 0    57.7 0   196.4 0   276.11 0   275.51 0   308.4 0   276.93 0   277.27 0    39.3 0   198.2 0   254.9 0  -112.0 0   142.9 0     0.7 0    37.9 0     1.5 0   131.0 0   828.4 0
 2019   2  1  2 19 46 19.767  63.68   488.7 0   256.0 0  1021.7 0    57.8 0   196.3 0   276.13 0   275.50 0   307.9 0   276.96 0   277.30 0    39.2 0   197.9 0   254.8 0  -111.7 0   143.1 0     0.5 0    37.9 0     1.6 0   119.9 0   828.4 0
 2019   2  1  2 19 47 19.783  63.71   488.2 0   255.5 0  1021.2 0    58.0 0   196.1 0   276.12 0   275.41 0   307.9 0   276.97 0   277.28 0    39.0 0   197.7 0   254.7 0  -111.8 0   142.9 0     0.3 0    41.0 0     1.4 0   126.2 0   828.3 0
 2019   2  1  2 19 48 19.800  63.75   487.4 0   254.7 0  1020.5 0    57.6 0   196.2 0   276.09 0   275.43 0   308.1 0   276.97 0   277.28 0    38.9 0   197.4 0   254.3 0  -112.0 0   142.3 0     0.3 0    39.9 0     1.5 0   129.4 0   828.3 0
 2019   2  1  2 19 49 19.817  63.79   486.8 0   253.8 0  1020.5 0    57.6 0   195.9 0   276.08 0   275.44 0   308.0 0   276.98 0   277.31 0    38.7 0   197.0 0   254.6 0  -112.0 0   142.5 0     0.2 0    40.2 0     1.3 0   130.7 0   828.3 0
 2019   2  1  2 19 50 19.833  63.82   486.0 0   252.9 0  1020.7 0    57.6 0   196.4 0   276.08 0   275.44 0   308.2 0   277.00 0   277.31 0    38.6 0   196.7 0   255.0 0  -111.8 0   143.2 0     0.3 0    41.1 0     1.1 0   133.6 0   828.3 0
 2019   2  1  2 19 51 19.850  63.86   485.0 0   251.3 0  1020.1 0    57.6 0   197.0 0   276.08 0   275.53 0   308.4 0   277.01 0   277.34 0    38.5 0   196.4 0   255.6 0  -111.3 0   144.3 0     0.6 0    42.0 0     0.7 0   161.5 0   828.3 0
 2019   2  1  2 19 52 19.867  63.90   483.8 0   250.4 0  1018.8 0    57.5 0   196.8 0   276.10 0   275.50 0   308.6 0   277.04 0   277.37 0    38.4 0   195.9 0   255.4 0  -111.8 0   143.5 0     0.8 0    41.0 0     1.0 0   156.9 0   828.3 0
 2019   2  1  2 19 53 19.883  63.94   482.9 0   249.5 0  1018.0 0    57.2 0   197.0 0   276.11 0   275.53 0   308.8 0   277.06 0   277.38 0    38.2 0   195.6 0   254.9 0  -111.9 0   143.1 0     0.8 0    42.0 0     1.2 0   201.5 0   828.2 0
 2019   2  1  2 19 54 19.900  63.98   482.1 0   248.6 0  1017.8 0    56.9 0   197.7 0   276.13 0   275.61 0   309.2 0   277.08 0   277.42 0    38.1 0   195.2 0   254.8 0  -111.5 0   143.3 0     0.9 0    40.2 0     0.7 0   214.0 0   828.2 0
 2019   2  1  2 19 55 19.917  64.02   481.2 0   247.8 0  1018.1 0    56.9 0   197.4 0   276.17 0   275.68 0   309.1 0   277.11 0   277.45 0    38.0 0   194.8 0   255.0 0  -111.6 0   143.4 0     1.1 0    39.3 0     1.3 0   193.3 0   828.2 0
 2019   2  1  2 19 56 19.933  64.06   480.6 0   247.3 0  1018.0 0    56.9 0   197.4 0   276.21 0   275.66 0   309.1 0   277.14 0   277.47 0    37.9 0   194.6 0   254.8 0  -111.6 0   143.2 0     1.0 0    38.8 0     1.5 0   185.2 0   828.2 0
 2019   2  1  2 19 57 19.950  64.11   479.6 0   247.1 0  1017.1 0    56.9 0   196.9 0   276.23 0   275.65 0   308.8 0   277.16 0   277.47 0    37.7 0   194.1 0   253.9 0  -111.9 0   142.0 0     1.0 0    38.4 0     1.8 0   168.7 0   828.2 0
 2019   2  1  2 19 58 19.967  64.15   478.9 0   246.5 0  1016.8 0    56.9 0   196.9 0   276.25 0   275.65 0   308.9 0   277.16 0   277.43 0    37.6 0   193.7 0   253.7 0  -111.9 0   141.7 0     0.7 0    40.4 0     1.5 0   162.1 0   828.2 0
 2019   2  1  2 19 59 19.983  64.20   478.1 0   246.0 0  1016.7 0    56.9 0   196.8 0   276.27 0   275.64 0   308.8 0   277.14 0   277.42 0    37.4 0   193.3 0   253.4 0  -112.0 0   141.4 0     0.5 0    41.3 0     2.0 0   154.7 0   828.2 0
 2019   2  1  2 20  0 20.000  64.24   476.9 0   245.3 0  1015.5 0    56.9 0   197.0 0   276.27 0   275.66 0   308.8 0   277.14 0   277.39 0    37.2 0   192.8 0   252.9 0  -111.8 0   141.1 0     0.3 0    41.3 0     2.2 0   155.2 0   828.3 0
 2019   2  1  2 20  1 20.017  64.29   475.8 0   244.9 0  1014.7 0    56.9 0   197.0 0   276.28 0   275.67 0   308.9 0   277.11 0   277.34 0    37.0 0   192.5 0   252.3 0  -111.9 0   140.4 0     0.2 0    40.7 0     2.5 0   160.2 0   828.3 0
 2019   2  1  2 20  2 20.033  64.34   474.5 0   244.1 0  1013.7 0    56.9 0   197.6 0   276.29 0   275.71 0   308.7 0   277.07 0   277.33 0    36.9 0   192.1 0   251.8 0  -111.1 0   140.7 0     0.3 0    39.7 0     2.3 0   161.6 0   828.3 0
 2019   2  1  2 20  3 20.050  64.38   473.4 0   243.4 0  1013.1 0    56.9 0   197.5 0   276.31 0   275.77 0   308.7 0   277.04 0   277.31 0    36.7 0   191.6 0   251.5 0  -111.2 0   140.2 0     0.4 0    42.0 0     2.3 0   169.9 0   828.3 0
 2019   2  1  2 20  4 20.067  64.43   472.3 0   242.6 0  1012.3 0    56.9 0   196.8 0   276.34 0   275.74 0   308.6 0   277.01 0   277.26 0    36.6 0   191.2 0   251.2 0  -111.8 0   139.4 0     0.4 0    42.5 0     2.1 0   163.3 0   828.3 0
 2019   2  1  2 20  5 20.083  64.48   471.7 0   241.5 0  1012.1 0    56.9 0   196.7 0   276.35 0   275.68 0   308.8 0   276.99 0   277.27 0    36.4 0   190.8 0   251.4 0  -112.0 0   139.4 0     0.3 0    39.9 0     2.0 0   159.5 0   828.3 0
 2019   2  1  2 20  6 20.100  64.53   470.3 0   240.3 0  1010.7 0    56.9 0   196.7 0   276.33 0   275.66 0   309.0 0   276.97 0   277.26 0    36.2 0   190.3 0   251.2 0  -112.3 0   138.8 0     0.2 0    42.4 0     1.7 0   179.6 0   828.3 0
 2019   2  1  2 20  7 20.117  64.58   469.3 0   239.0 0  1010.2 0    56.7 0   196.7 0   276.32 0   275.63 0   309.4 0   276.97 0   277.27 0    36.0 0   189.9 0   251.2 0  -112.7 0   138.5 0     0.1 0    42.3 0     1.2 0   174.9 0   828.3 0
 2019   2  1  2 20  8 20.133  64.63   468.0 0   238.0 0  1009.2 0    56.5 0   197.4 0   276.30 0   275.65 0   309.0 0   276.97 0   277.27 0    35.9 0   189.4 0   250.9 0  -111.6 0   139.3 0     0.2 0    39.5 0     1.5 0   184.6 0   828.3 0
 2019   2  1  2 20  9 20.150  64.69   466.7 0   236.9 0  1008.6 0    56.2 0   197.4 0   276.30 0   275.72 0   308.8 0   276.97 0   277.28 0    35.7 0   188.9 0   250.5 0  -111.4 0   139.1 0     0.3 0    39.4 0     1.7 0   179.0 0   828.3 0
 2019   2  1  2 20 10 20.167  64.74   465.6 0   235.8 0  1008.2 0    56.1 0   196.8 0   276.30 0   275.68 0   309.0 0   276.99 0   277.31 0    35.5 0   188.5 0   250.5 0  -112.2 0   138.3 0     0.4 0    39.6 0     1.7 0   169.1 0   828.2 0
 2019   2  1  2 20 11 20.183  64.80   465.1 0   235.6 0  1008.8 0    56.1 0   196.9 0   276.30 0   275.64 0   308.8 0   276.99 0   277.28 0    35.4 0   188.0 0   250.2 0  -111.9 0   138.2 0     0.2 0    39.8 0     2.4 0   158.9 0   828.2 0
 2019   2  1  2 20 12 20.200  64.85   464.2 0   235.3 0  1009.0 0    56.1 0   197.2 0   276.30 0   275.70 0   308.6 0   276.96 0   277.24 0    35.2 0   187.6 0   249.7 0  -111.4 0   138.3 0     0.2 0    40.7 0     2.1 0   158.6 0   828.3 0
 2019   2  1  2 20 13 20.217  64.91   463.0 0   234.6 0  1008.4 0    56.1 0   197.2 0   276.30 0   275.68 0   309.1 0   276.94 0   277.22 0    35.0 0   187.1 0   249.2 0  -111.9 0   137.3 0     0.3 0    40.7 0     2.3 0   152.4 0   828.3 0
 2019   2  1  2 20 14 20.233  64.96   461.6 0   234.0 0  1007.4 0    56.1 0   197.2 0   276.30 0   275.72 0   309.0 0   276.91 0   277.19 0    34.8 0   186.6 0   248.5 0  -111.7 0   136.8 0     0.2 0    40.7 0     2.1 0   157.6 0   828.3 0
 2019   2  1  2 20 15 20.250  65.02   460.4 0   232.5 0  1006.4 0    56.1 0   197.2 0   276.30 0   275.70 0   309.4 0   276.90 0   277.19 0    34.6 0   186.1 0   248.7 0  -112.1 0   136.6 0     0.2 0    42.1 0     1.6 0   159.4 0   828.3 0
 2019   2  1  2 20 16 20.267  65.08   459.4 0   231.5 0  1006.5 0    56.1 0   197.7 0   276.31 0   275.72 0   309.4 0   276.90 0   277.17 0    34.4 0   185.6 0   248.8 0  -111.7 0   137.1 0     0.3 0    41.5 0     1.8 0   167.2 0   828.3 0
 2019   2  1  2 20 17 20.283  65.14   458.2 0   230.4 0  1006.4 0    56.0 0   197.5 0   276.32 0   275.73 0   309.7 0   276.90 0   277.16 0    34.3 0   185.1 0   248.8 0  -112.2 0   136.6 0     0.4 0    41.5 0     1.6 0   173.0 0   828.3 0
 2019   2  1  2 20 18 20.300  65.20   457.2 0   229.3 0  1005.8 0    55.5 0   197.3 0   276.32 0   275.70 0   310.0 0   276.90 0   277.16 0    34.1 0   184.6 0   248.2 0  -112.7 0   135.5 0     0.4 0    40.1 0     1.9 0   170.5 0   828.3 0
 2019   2  1  2 20 19 20.317  65.26   455.6 0   228.5 0  1004.9 0    55.4 0   197.6 0   276.33 0   275.75 0   309.5 0   276.90 0   277.19 0    33.9 0   184.0 0   247.5 0  -112.0 0   135.6 0     0.5 0    38.8 0     1.8 0   156.3 0   828.3 0
 2019   2  1  2 20 20 20.333  65.32   454.5 0   227.7 0  1005.1 0    55.4 0   197.8 0   276.35 0   275.75 0   309.4 0   276.89 0   277.14 0    33.7 0   183.5 0   247.4 0  -111.6 0   135.8 0     0.6 0    40.3 0     2.0 0   164.3 0   828.3 0
 2019   2  1  2 20 21 20.350  65.38   453.0 0   226.7 0  1003.7 0    55.4 0   197.9 0   276.36 0   275.80 0   309.7 0   276.88 0   277.17 0    33.5 0   182.9 0   246.9 0  -111.8 0   135.1 0     0.7 0    40.9 0     1.5 0   182.2 0   828.3 0
 2019   2  1  2 20 22 20.367  65.44   451.7 0   225.4 0  1003.6 0    55.4 0   198.2 0   276.37 0   275.81 0   310.2 0   276.89 0   277.19 0    33.3 0   182.4 0   247.1 0  -112.0 0   135.2 0     0.8 0    40.5 0     1.7 0   189.3 0   828.3 0
 2019   2  1  2 20 23 20.383  65.51   450.3 0   224.5 0  1003.7 0    55.4 0   198.6 0   276.41 0   275.87 0   310.0 0   276.90 0   277.19 0    33.2 0   181.9 0   247.0 0  -111.4 0   135.6 0     1.0 0    38.0 0     1.8 0   200.1 0   828.3 0
 2019   2  1  2 20 24 20.400  65.57   449.2 0   223.8 0  1003.1 0    55.4 0   198.0 0   276.42 0   275.84 0   309.7 0   276.90 0   277.21 0    33.0 0   181.3 0   246.5 0  -111.6 0   134.8 0     1.2 0    38.3 0     1.6 0   192.4 0   828.3 0
 2019   2  1  2 20 25 20.417  65.64   447.8 0   222.5 0  1003.2 0    55.4 0   198.6 0   276.44 0   275.88 0   310.0 0   276.93 0   277.26 0    32.8 0   180.7 0   246.7 0  -111.4 0   135.3 0     1.5 0    39.0 0     0.8 0   198.8 0   828.3 0
 2019   2  1  2 20 26 20.433  65.70   446.5 0   221.6 0  1002.0 0    55.1 0   198.5 0   276.45 0   275.90 0   309.9 0   276.95 0   277.26 0    32.7 0   180.1 0   245.8 0  -111.4 0   134.4 0     1.9 0    36.8 0     2.1 0   188.5 0   828.3 0
 2019   2  1  2 20 27 20.450  65.77   444.9 0   220.9 0  1000.9 0    55.1 0   198.9 0   276.47 0   275.93 0   310.0 0   276.95 0   277.25 0    32.4 0   179.4 0   245.0 0  -111.1 0   133.9 0     1.9 0    37.7 0     2.0 0   193.0 0   828.3 0
 2019   2  1  2 20 28 20.467  65.84   443.4 0   220.1 0  1000.8 0    54.9 0   199.1 0   276.52 0   276.06 0   310.0 0   276.96 0   277.25 0    32.2 0   178.9 0   244.5 0  -110.9 0   133.6 0     2.0 0    36.2 0     1.9 0   188.4 0   828.3 0
 2019   2  1  2 20 29 20.483  65.91   441.8 0   219.0 0   999.4 0    54.7 0   198.4 0   276.57 0   276.01 0   310.0 0   276.97 0   277.28 0    32.0 0   178.3 0   243.7 0  -111.6 0   132.1 0     1.9 0    36.0 0     1.9 0   186.9 0   828.3 0
 2019   2  1  2 20 30 20.500  65.97   440.5 0   218.1 0   999.2 0    54.7 0   198.8 0   276.61 0   276.05 0   310.3 0   276.99 0   277.27 0    31.8 0   177.8 0   243.4 0  -111.5 0   131.9 0     1.8 0    38.4 0     1.7 0   186.9 0   828.3 0
 2019   2  1  2 20 31 20.517  66.04   438.7 0   217.0 0   997.3 0    54.7 0   198.6 0   276.65 0   276.12 0   310.3 0   277.00 0   277.28 0    31.6 0   177.0 0   242.6 0  -111.7 0   130.9 0     1.8 0    37.0 0     2.0 0   175.9 0   828.3 0
 2019   2  1  2 20 32 20.533  66.11   437.5 0   216.3 0   997.1 0    54.7 0   198.5 0   276.69 0   276.14 0   310.1 0   277.00 0   277.26 0    31.4 0   176.5 0   242.1 0  -111.6 0   130.5 0     1.5 0    35.9 0     2.0 0   161.3 0   828.3 0
 2019   2  1  2 20 33 20.550  66.19   436.2 0   215.4 0   996.8 0    54.7 0   198.5 0   276.72 0   276.18 0   310.2 0   277.00 0   277.26 0    31.2 0   175.9 0   241.7 0  -111.7 0   130.0 0     1.4 0    37.9 0     2.0 0   185.6 0   828.3 0
 2019   2  1  2 20 34 20.567  66.26   434.7 0   214.6 0   996.0 0    54.7 0   198.7 0   276.75 0   276.19 0   309.8 0   277.00 0   277.24 0    30.9 0   175.2 0   241.1 0  -111.1 0   130.0 0     1.3 0    36.3 0     2.3 0   172.6 0   828.3 0
 2019   2  1  2 20 35 20.583  66.33   432.9 0   213.6 0   994.2 0    54.7 0   198.1 0   276.78 0   276.17 0   310.1 0   276.99 0   277.24 0    30.7 0   174.6 0   240.2 0  -112.1 0   128.1 0     1.1 0    37.4 0     1.9 0   165.2 0   828.3 0
 2019   2  1  2 20 36 20.600  66.40   431.4 0   212.4 0   993.1 0    54.7 0   198.4 0   276.80 0   276.14 0   310.0 0   276.98 0   277.24 0    30.5 0   174.0 0   239.8 0  -111.6 0   128.2 0     0.9 0    37.8 0     2.0 0   148.1 0   828.3 0
 2019   2  1  2 20 37 20.617  66.48   429.7 0   211.5 0   992.0 0    54.6 0   199.0 0   276.80 0   276.20 0   309.9 0   276.96 0   277.20 0    30.2 0   173.3 0   239.1 0  -110.9 0   128.2 0     0.8 0    37.2 0     2.1 0   139.3 0   828.3 0
 2019   2  1  2 20 38 20.633  66.55   428.2 0   210.4 0   990.9 0    54.0 0   198.6 0   276.80 0   276.21 0   310.0 0   276.95 0   277.21 0    30.0 0   172.6 0   237.9 0  -111.3 0   126.6 0     1.0 0    37.9 0     1.7 0   173.1 0   828.3 0
 2019   2  1  2 20 39 20.650  66.63   426.3 0   209.0 0   989.4 0    53.9 0   199.3 0   276.80 0   276.20 0   309.9 0   276.95 0   277.23 0    29.8 0   171.8 0   237.4 0  -110.6 0   126.8 0     1.1 0    37.6 0     1.7 0   182.5 0   828.3 0
 2019   2  1  2 20 40 20.667  66.70   424.5 0   207.8 0   988.3 0    54.2 0   198.9 0   276.80 0   276.18 0   310.0 0   276.95 0   277.25 0    29.6 0   171.2 0   237.3 0  -111.1 0   126.2 0     1.2 0    38.5 0     1.5 0   181.0 0   828.3 0
 2019   2  1  2 20 41 20.683  66.78   423.1 0   206.6 0   987.5 0    54.5 0   199.1 0   276.80 0   276.17 0   310.6 0   276.97 0   277.22 0    29.3 0   170.5 0   237.3 0  -111.5 0   125.7 0     1.0 0    38.8 0     1.3 0   136.1 0   828.3 0
 2019   2  1  2 20 42 20.700  66.86   421.4 0   205.5 0   986.5 0    53.9 0   198.8 0   276.80 0   276.16 0   310.2 0   276.97 0   277.21 0    29.1 0   169.9 0   236.2 0  -111.3 0   124.8 0     0.8 0    37.2 0     2.0 0   140.9 0   828.3 0
 2019   2  1  2 20 43 20.717  66.94   419.5 0   204.5 0   985.4 0    53.9 0   199.8 0   276.80 0   276.20 0   310.2 0   276.97 0   277.22 0    28.9 0   169.2 0   235.4 0  -110.5 0   125.0 0     0.8 0    37.5 0     1.8 0   143.0 0   828.3 0
 2019   2  1  2 20 44 20.733  67.02   417.4 0   203.3 0   983.8 0    53.9 0   200.1 0   276.80 0   276.27 0   310.2 0   276.97 0   277.23 0    28.6 0   168.4 0   234.8 0  -110.1 0   124.6 0     1.1 0    37.5 0     1.3 0   147.0 0   828.3 0
 2019   2  1  2 20 45 20.750  67.10   415.5 0   201.9 0   982.6 0    53.9 0   199.9 0   276.82 0   276.30 0   310.1 0   276.97 0   277.26 0    28.4 0   167.6 0   234.4 0  -110.2 0   124.2 0     1.3 0    38.0 0     1.2 0   201.4 0   828.3 0
 2019   2  1  2 20 46 20.767  67.18   413.5 0   200.8 0   981.4 0    53.8 0   200.0 0   276.85 0   276.31 0   310.3 0   276.99 0   277.29 0    28.2 0   166.9 0   233.8 0  -110.3 0   123.5 0     1.4 0    36.9 0     1.0 0   186.4 0   828.3 0
 2019   2  1  2 20 47 20.783  67.26   412.1 0   199.3 0   981.1 0    53.8 0   200.0 0   276.87 0   276.30 0   310.6 0   277.02 0   277.32 0    28.0 0   166.2 0   233.8 0  -110.6 0   123.2 0     1.4 0    37.0 0     0.6 0   161.0 0   828.3 0
 2019   2  1  2 20 48 20.800  67.34   410.8 0   198.3 0   980.7 0    53.9 0   200.0 0   276.89 0   276.29 0   310.6 0   277.05 0   277.32 0    27.8 0   165.6 0   233.4 0  -110.6 0   122.8 0     1.2 0    37.6 0     1.4 0   199.2 0   828.3 0
 2019   2  1  2 20 49 20.817  67.42   409.1 0   197.1 0   980.0 0    53.3 0   199.9 0   276.89 0   276.30 0   310.7 0   277.08 0   277.34 0    27.6 0   164.9 0   232.4 0  -110.8 0   121.6 0     1.2 0    35.0 0     1.0 0   207.7 0   828.3 0
 2019   2  1  2 20 50 20.833  67.51   407.0 0   195.8 0   978.6 0    53.2 0   200.1 0   276.91 0   276.31 0   310.7 0   277.10 0   277.37 0    27.3 0   164.1 0   231.8 0  -110.6 0   121.2 0     1.3 0    34.8 0     0.5 0   195.0 0   828.3 0
 2019   2  1  2 20 51 20.850  67.59   404.8 0   194.4 0   976.8 0    53.2 0   200.3 0   276.92 0   276.35 0   311.1 0   277.14 0   277.38 0    27.1 0   163.3 0   231.2 0  -110.8 0   120.3 0     1.3 0    35.8 0     1.5 0   157.1 0   828.3 0
 2019   2  1  2 20 52 20.867  67.67   403.1 0   193.5 0   976.1 0    53.2 0   200.6 0   276.94 0   276.35 0   311.0 0   277.17 0   277.43 0    26.9 0   162.6 0   230.5 0  -110.4 0   120.1 0     1.3 0    36.1 0     0.7 0   186.8 0   828.3 0
 2019   2  1  2 20 53 20.883  67.76   401.3 0   192.5 0   975.5 0    53.2 0   199.9 0   276.94 0   276.36 0   310.6 0   277.18 0   277.43 0    26.6 0   161.8 0   230.0 0  -110.7 0   119.3 0     1.3 0    33.9 0     1.7 0   173.9 0   828.3 0
 2019   2  1  2 20 54 20.900  67.85   399.8 0   191.8 0   974.7 0    53.2 0   200.0 0   276.96 0   276.36 0   310.5 0   277.19 0   277.43 0    26.4 0   161.1 0   229.0 0  -110.6 0   118.4 0     1.4 0    33.9 0     1.7 0   160.9 0   828.3 0
 2019   2  1  2 20 55 20.917  67.93   397.3 0   190.8 0   972.2 0    53.2 0   200.9 0   276.98 0   276.43 0   310.9 0   277.21 0   277.44 0    26.2 0   160.3 0   227.6 0  -109.9 0   117.7 0     1.4 0    35.7 0     1.2 0   182.5 0   828.3 0
 2019   2  1  2 20 56 20.933  68.02   395.2 0   189.6 0   970.6 0    52.6 0   200.7 0   277.00 0   276.45 0   310.7 0   277.22 0   277.46 0    25.9 0   159.4 0   226.3 0  -110.0 0   116.3 0     1.5 0    35.1 0     1.4 0   176.7 0   828.3 0
 2019   2  1  2 20 57 20.950  68.11   393.2 0   188.5 0   969.2 0    52.5 0   201.3 0   277.04 0   276.54 0   310.9 0   277.23 0   277.47 0    25.7 0   158.6 0   225.4 0  -109.6 0   115.8 0     1.7 0    35.0 0     1.5 0   183.2 0   828.3 0
 2019   2  1  2 20 58 20.967  68.20   391.5 0   187.5 0   968.5 0    52.5 0   201.0 0   277.08 0   276.57 0   310.7 0   277.25 0   277.49 0    25.5 0   157.9 0   224.7 0  -109.8 0   114.9 0     1.8 0    35.2 0     1.7 0   179.1 0   828.3 0
 2019   2  1  2 20 59 20.983  68.29   389.3 0   186.5 0   966.7 0    52.5 0   200.7 0   277.12 0   276.56 0   310.7 0   277.26 0   277.50 0    25.2 0   157.0 0   223.6 0  -109.9 0   113.7 0     1.7 0    35.0 0     1.5 0   180.2 0   828.3 0
 2019   2  1  2 21  0 21.000  68.38   387.3 0   185.6 0   965.1 0    52.5 0   200.7 0   277.15 0   276.57 0   310.5 0   277.27 0   277.51 0    25.0 0   156.2 0   222.5 0  -109.8 0   112.7 0     1.7 0    34.5 0     1.8 0   182.6 0   828.4 0
 2019   2  1  2 21  1 21.017  68.47   385.3 0   184.7 0   964.0 0    52.5 0   201.2 0   277.18 0   276.57 0   310.8 0   277.28 0   277.50 0    24.8 0   155.4 0   221.6 0  -109.6 0   112.0 0     1.7 0    35.1 0     1.8 0   169.9 0   828.4 0
 2019   2  1  2 21  2 21.033  68.56   383.7 0   183.8 0   963.3 0    52.5 0   201.1 0   277.19 0   276.60 0   311.0 0   277.27 0   277.49 0    24.5 0   154.6 0   220.9 0  -109.9 0   111.0 0     1.7 0    35.1 0     1.6 0   161.6 0   828.4 0
 2019   2  1  2 21  3 21.050  68.65   381.6 0   182.7 0   961.8 0    52.5 0   201.2 0   277.21 0   276.62 0   311.0 0   277.27 0   277.49 0    24.3 0   153.8 0   219.9 0  -109.9 0   110.1 0     1.6 0    34.8 0     1.7 0   165.0 0   828.4 0
 2019   2  1  2 21  4 21.067  68.74   379.2 0   181.4 0   959.8 0    52.4 0   201.4 0   277.23 0   276.64 0   311.0 0   277.27 0   277.48 0    24.0 0   153.0 0   219.0 0  -109.6 0   109.4 0     1.6 0    35.6 0     2.1 0   160.8 0   828.4 0
 2019   2  1  2 21  5 21.083  68.84   377.3 0   180.5 0   958.3 0    52.2 0   201.2 0   277.23 0   276.61 0   310.8 0   277.25 0   277.48 0    23.8 0   152.3 0   217.8 0  -109.5 0   108.2 0     1.4 0    34.8 0     1.9 0   171.0 0   828.4 0
 2019   2  1  2 21  6 21.100  68.93   375.2 0   179.4 0   956.7 0    52.0 0   202.0 0   277.24 0   276.67 0   310.9 0   277.25 0   277.48 0    23.5 0   151.3 0   216.5 0  -108.9 0   107.6 0     1.4 0    35.2 0     1.8 0   159.0 0   828.4 0
 2019   2  1  2 21  7 21.117  69.02   373.2 0   178.3 0   955.6 0    51.7 0   202.3 0   277.27 0   276.74 0   310.6 0   277.24 0   277.46 0    23.3 0   150.5 0   215.5 0  -108.3 0   107.2 0     1.6 0    34.9 0     2.1 0   161.3 0   828.4 0
 2019   2  1  2 21  8 21.133  69.12   371.1 0   177.5 0   954.3 0    51.7 0   202.1 0   277.29 0   276.72 0   310.3 0   277.23 0   277.42 0    23.1 0   149.7 0   214.3 0  -108.3 0   106.1 0     1.6 0    33.0 0     2.3 0   157.1 0   828.5 0
 2019   2  1  2 21  9 21.150  69.22   368.9 0   176.3 0   952.4 0    51.7 0   202.1 0   277.31 0   276.74 0   310.4 0   277.20 0   277.42 0    22.9 0   148.8 0   213.4 0  -108.3 0   105.0 0     1.6 0    34.1 0     1.8 0   147.8 0   828.5 0
 2019   2  1  2 21 10 21.167  69.31   366.8 0   174.8 0   951.5 0    51.7 0   201.9 0   277.32 0   276.66 0   310.5 0   277.20 0   277.43 0    22.6 0   148.0 0   213.0 0  -108.7 0   104.3 0     1.6 0    36.8 0     1.6 0   131.6 0   828.5 0
 2019   2  1  2 21 11 21.183  69.41   365.3 0   174.0 0   951.0 0    51.7 0   201.6 0   277.30 0   276.61 0   310.6 0   277.20 0   277.39 0    22.4 0   147.3 0   212.2 0  -108.9 0   103.3 0     1.4 0    37.2 0     2.0 0   138.8 0   828.5 0
 2019   2  1  2 21 12 21.200  69.51   363.3 0   173.1 0   950.4 0    51.6 0   201.6 0   277.28 0   276.61 0   310.6 0   277.18 0   277.36 0    22.1 0   146.6 0   211.2 0  -109.0 0   102.2 0     1.2 0    36.3 0     2.0 0   139.3 0   828.5 0
 2019   2  1  2 21 13 21.217  69.61   361.1 0   171.7 0   949.0 0    51.0 0   201.8 0   277.26 0   276.59 0   310.8 0   277.17 0   277.37 0    21.9 0   145.7 0   210.0 0  -109.0 0   101.1 0     1.3 0    36.0 0     1.9 0   124.9 0   828.5 0
 2019   2  1  2 21 14 21.233  69.71   359.3 0   170.6 0   948.5 0    51.0 0   201.6 0   277.23 0   276.53 0   310.7 0   277.15 0   277.32 0    21.7 0   145.0 0   209.3 0  -109.1 0   100.2 0     1.2 0    38.5 0     1.9 0   110.3 0   828.5 0
 2019   2  1  2 21 15 21.250  69.81   357.3 0   169.4 0   947.5 0    51.0 0   201.8 0   277.19 0   276.51 0   310.8 0   277.13 0   277.31 0    21.4 0   144.2 0   208.7 0  -109.0 0    99.7 0     1.2 0    37.5 0     1.8 0   122.9 0   828.5 0
 2019   2  1  2 21 16 21.267  69.91   354.8 0   168.1 0   944.6 0    51.0 0   201.8 0   277.15 0   276.44 0   310.5 0   277.12 0   277.29 0    21.2 0   143.2 0   207.4 0  -108.7 0    98.7 0     1.1 0    36.8 0     2.0 0   112.2 0   828.6 0
 2019   2  1  2 21 17 21.283  70.01   352.5 0   166.9 0   943.0 0    50.5 0   202.2 0   277.11 0   276.40 0   310.3 0   277.09 0   277.31 0    20.9 0   142.3 0   206.0 0  -108.1 0    97.9 0     1.1 0    35.9 0     1.6 0   107.9 0   828.6 0
 2019   2  1  2 21 18 21.300  70.11   350.0 0   165.4 0   941.5 0    50.3 0   202.5 0   277.07 0   276.40 0   310.4 0   277.08 0   277.31 0    20.7 0   141.3 0   205.2 0  -107.9 0    97.3 0     1.2 0    37.1 0     1.1 0    97.9 0   828.6 0
 2019   2  1  2 21 19 21.317  70.21   347.8 0   163.9 0   940.2 0    50.3 0   202.4 0   277.04 0   276.37 0   310.8 0   277.08 0   277.31 0    20.5 0   140.5 0   204.7 0  -108.4 0    96.2 0     1.3 0    37.2 0     1.0 0   102.8 0   828.6 0
 2019   2  1  2 21 20 21.333  70.31   345.8 0   162.6 0   939.1 0    50.3 0   202.2 0   277.02 0   276.35 0   310.4 0   277.08 0   277.30 0    20.3 0   139.7 0   204.0 0  -108.2 0    95.8 0     1.4 0    35.1 0     1.0 0    80.9 0   828.6 0
 2019   2  1  2 21 21 21.350  70.42   343.6 0   161.6 0   938.1 0    50.0 0   202.5 0   276.99 0   276.36 0   310.4 0   277.10 0   277.30 0    20.1 0   138.8 0   202.8 0  -107.9 0    94.9 0     1.4 0    33.9 0     1.1 0    99.8 0   828.6 0
 2019   2  1  2 21 22 21.367  70.52   341.1 0   160.1 0   936.2 0    49.5 0   202.7 0   276.97 0   276.32 0   310.3 0   277.10 0   277.33 0    19.8 0   137.9 0   201.6 0  -107.7 0    93.9 0     1.5 0    33.6 0     0.7 0   111.1 0   828.6 0
 2019   2  1  2 21 23 21.383  70.63   338.9 0   158.4 0   935.2 0    49.5 0   202.9 0   276.94 0   276.33 0   310.1 0   277.13 0   277.37 0    19.6 0   137.0 0   201.3 0  -107.2 0    94.1 0     1.6 0    33.1 0     0.2 0    84.1 0   828.6 0
 2019   2  1  2 21 24 21.400  70.73   336.5 0   157.1 0   933.8 0    49.5 0   202.8 0   276.93 0   276.36 0   310.2 0   277.16 0   277.37 0    19.4 0   136.0 0   200.6 0  -107.4 0    93.2 0     1.8 0    33.4 0     0.6 0    70.7 0   828.6 0
 2019   2  1  2 21 25 21.417  70.84   334.1 0   155.8 0   932.2 0    49.5 0   202.7 0   276.94 0   276.39 0   310.1 0   277.18 0   277.38 0    19.2 0   135.0 0   199.7 0  -107.4 0    92.2 0     1.8 0    32.8 0     0.9 0   118.7 0   828.6 0
 2019   2  1  2 21 26 21.433  70.94   331.7 0   154.8 0   930.3 0    49.5 0   203.1 0   276.96 0   276.41 0   310.3 0   277.19 0   277.39 0    19.0 0   134.1 0   198.4 0  -107.2 0    91.3 0     1.9 0    32.2 0     1.0 0   132.9 0   828.6 0
 2019   2  1  2 21 27 21.450  71.05   329.1 0   153.4 0   928.1 0    49.0 0   203.4 0   276.98 0   276.43 0   310.1 0   277.21 0   277.44 0    18.8 0   133.1 0   197.0 0  -106.7 0    90.3 0     2.1 0    32.0 0     0.4 0   138.6 0   828.7 0
 2019   2  1  2 21 28 21.467  71.16   326.7 0   151.8 0   926.7 0    48.8 0   203.2 0   276.99 0   276.41 0   309.7 0   277.24 0   277.49 0    18.6 0   132.1 0   196.2 0  -106.5 0    89.8 0     2.1 0    31.2 0     0.0 0   111.3 0   828.7 0
 2019   2  1  2 21 29 21.483  71.27   324.7 0   150.3 0   925.8 0    48.8 0   203.0 0   276.98 0   276.40 0   309.5 0   277.30 0   277.55 0    18.4 0   131.2 0   195.8 0  -106.5 0    89.3 0     2.0 0    30.4 0     0.1 0   308.4 0   828.7 0
 2019   2  1  2 21 30 21.500  71.38   322.2 0   149.1 0   924.6 0    48.8 0   203.2 0   276.98 0   276.39 0   309.6 0   277.34 0   277.57 0    18.2 0   130.3 0   195.0 0  -106.4 0    88.6 0     2.0 0    30.3 0     0.1 0   300.9 0   828.7 0
 2019   2  1  2 21 31 21.517  71.49   320.0 0   147.7 0   923.1 0    48.8 0   203.4 0   276.96 0   276.37 0   309.8 0   277.38 0   277.59 0    17.9 0   129.4 0   194.2 0  -106.4 0    87.8 0     2.1 0    30.0 0 -9999.9 1 -9999.9 1   828.7 0
 2019   2  1  2 21 32 21.533  71.59   317.5 0   146.4 0   920.9 0    48.6 0   203.8 0   276.94 0   276.36 0   309.5 0   277.42 0   277.60 0    17.7 0   128.4 0   192.9 0  -105.7 0    87.3 0     2.2 0    29.6 0     0.4 0    61.2 0   828.7 0
 2019   2  1  2 21 33 21.550  71.71   314.6 0   145.1 0   918.3 0    48.2 0   204.2 0   276.94 0   276.39 0   309.5 0   277.45 0   277.66 0    17.5 0   127.2 0   191.4 0  -105.3 0    86.0 0     2.3 0    29.2 0     0.6 0    35.8 0   828.7 0
 2019   2  1  2 21 34 21.567  71.82   312.2 0   144.0 0   916.9 0    48.0 0   204.2 0   276.94 0   276.43 0   309.7 0   277.47 0   277.68 0    17.3 0   126.4 0   190.2 0  -105.5 0    84.7 0     2.5 0    30.7 0     0.5 0    32.7 0   828.7 0
 2019   2  1  2 21 35 21.583  71.93   309.8 0   142.8 0   915.4 0    48.0 0   204.3 0   276.98 0   276.44 0   310.1 0   277.50 0   277.69 0    17.1 0   125.4 0   189.2 0  -105.8 0    83.4 0     2.6 0    31.4 0     0.5 0    10.8 0   828.7 0
 2019   2  1  2 21 36 21.600  72.04   307.2 0   141.8 0   913.1 0    48.0 0   204.4 0   277.00 0   276.48 0   309.8 0   277.52 0   277.68 0    16.9 0   124.4 0   187.7 0  -105.4 0    82.4 0     2.7 0    31.9 0     1.0 0     5.7 0   828.8 0
 2019   2  1  2 21 37 21.617  72.15   304.7 0   141.1 0   911.1 0    47.7 0   204.8 0   277.04 0   276.56 0   310.0 0   277.52 0   277.60 0    16.7 0   123.4 0   185.8 0  -105.3 0    80.5 0     2.9 0    35.9 0     1.5 0    24.1 0   828.7 0
 2019   2  1  2 21 38 21.633  72.27   302.3 0   140.3 0   909.0 0    47.6 0   204.4 0   277.07 0   276.52 0   310.5 0   277.50 0   277.56 0    16.5 0   122.4 0   184.2 0  -106.1 0    78.1 0     2.8 0    37.4 0     1.2 0    35.0 0   828.8 0
 2019   2  1  2 21 39 21.650  72.38   300.0 0   139.1 0   906.9 0    47.4 0   204.2 0   277.08 0   276.47 0   309.8 0   277.48 0   277.57 0    16.3 0   121.5 0   182.9 0  -105.6 0    77.3 0     2.3 0    38.1 0     1.9 0    50.6 0   828.8 0
 2019   2  1  2 21 40 21.667  72.50   297.3 0   138.1 0   904.6 0    47.3 0   204.3 0   277.07 0   276.44 0   309.7 0   277.45 0   277.55 0    16.0 0   120.5 0   181.3 0  -105.4 0    75.9 0     1.8 0    38.1 0     1.9 0    44.2 0   828.8 0
 2019   2  1  2 21 41 21.683  72.61   294.9 0   136.9 0   902.5 0    47.3 0   204.1 0   277.04 0   276.37 0   309.5 0   277.42 0   277.55 0    15.8 0   119.5 0   180.2 0  -105.4 0    74.8 0     1.5 0    38.4 0     1.6 0    43.7 0   828.8 0
 2019   2  1  2 21 42 21.700  72.73   292.4 0   135.7 0   900.6 0    47.3 0   204.4 0   276.99 0   276.33 0   309.5 0   277.38 0   277.51 0    15.6 0   118.5 0   179.0 0  -105.1 0    73.8 0     1.2 0    39.0 0     1.8 0    47.6 0   828.8 0
 2019   2  1  2 21 43 21.717  72.84   289.9 0   134.7 0   898.4 0    47.0 0   204.6 0   276.95 0   276.33 0   309.7 0   277.35 0   277.45 0    15.4 0   117.6 0   177.4 0  -105.2 0    72.2 0     1.2 0    38.6 0     1.9 0    47.2 0   828.8 0
 2019   2  1  2 21 44 21.733  72.96   287.7 0   133.7 0   897.3 0    46.7 0   204.8 0   276.92 0   276.30 0   309.6 0   277.31 0   277.44 0    15.2 0   116.8 0   175.9 0  -104.8 0    71.2 0     1.2 0    37.9 0     2.0 0    42.2 0   828.8 0
 2019   2  1  2 21 45 21.750  73.08   285.5 0   132.6 0   896.0 0    46.6 0   205.1 0   276.89 0   276.28 0   309.7 0   277.27 0   277.39 0    15.0 0   115.8 0   174.7 0  -104.6 0    70.1 0     1.1 0    37.9 0     1.8 0    54.5 0   828.8 0
 2019   2  1  2 21 46 21.767  73.19   282.8 0   131.4 0   893.7 0    46.6 0   205.2 0   276.87 0   276.26 0   309.5 0   277.23 0   277.37 0    14.8 0   114.8 0   173.6 0  -104.3 0    69.2 0     1.1 0    38.7 0     1.6 0    46.3 0   828.8 0
 2019   2  1  2 21 47 21.783  73.31   280.2 0   130.1 0   891.2 0    46.5 0   205.0 0   276.84 0   276.25 0   309.9 0   277.19 0   277.31 0    14.5 0   113.8 0   172.4 0  -104.8 0    67.5 0     1.2 0    39.9 0     1.7 0    38.1 0   828.8 0
 2019   2  1  2 21 48 21.800  73.43   277.7 0   128.9 0   889.0 0    46.1 0   205.2 0   276.82 0   276.22 0   309.7 0   277.16 0   277.27 0    14.3 0   112.7 0   170.7 0  -104.5 0    66.2 0     1.2 0    39.1 0     1.7 0    43.2 0   828.8 0
 2019   2  1  2 21 49 21.817  73.55   275.0 0   127.7 0   886.2 0    45.8 0   204.8 0   276.79 0   276.20 0   309.2 0   277.11 0   277.20 0    14.1 0   111.7 0   169.0 0  -104.4 0    64.6 0     1.2 0    40.5 0     2.0 0    38.9 0   828.8 0
 2019   2  1  2 21 50 21.833  73.67   272.3 0   126.7 0   883.5 0    45.8 0   204.7 0   276.78 0   276.16 0   309.0 0   277.07 0   277.13 0    13.9 0   110.5 0   167.5 0  -104.2 0    63.3 0     1.1 0    42.5 0     2.1 0    25.7 0   828.8 0
 2019   2  1  2 21 51 21.850  73.79   270.0 0   125.7 0   881.9 0    45.8 0   204.5 0   276.74 0   276.13 0   309.0 0   277.01 0   277.03 0    13.7 0   109.6 0   166.3 0  -104.5 0    61.8 0     1.0 0    43.0 0     1.9 0    34.4 0   828.8 0
 2019   2  1  2 21 52 21.867  73.91   267.5 0   124.4 0   879.8 0    45.3 0   204.5 0   276.71 0   276.10 0   308.8 0   276.96 0   276.99 0    13.5 0   108.6 0   164.7 0  -104.3 0    60.4 0     0.9 0    43.0 0     2.2 0    26.0 0   828.8 0
 2019   2  1  2 21 53 21.883  74.03   265.0 0   123.3 0   877.3 0    45.1 0   204.6 0   276.67 0   276.04 0   308.9 0   276.90 0   276.93 0    13.3 0   107.5 0   163.1 0  -104.3 0    58.8 0     0.9 0    43.0 0     2.0 0    23.0 0   828.8 0
 2019   2  1  2 21 54 21.900  74.15   262.4 0   122.1 0   875.3 0    45.1 0   204.7 0   276.63 0   276.00 0   308.4 0   276.84 0   276.86 0    13.1 0   106.5 0   161.9 0  -103.7 0    58.3 0     0.8 0    41.0 0     2.4 0    20.3 0   828.8 0
 2019   2  1  2 21 55 21.917  74.28   260.1 0   121.5 0   873.8 0    45.1 0   204.5 0   276.59 0   275.99 0   308.2 0   276.78 0   276.80 0    12.9 0   105.6 0   160.4 0  -103.7 0    56.7 0     0.8 0    41.8 0     2.5 0    13.4 0   828.8 0
 2019   2  1  2 21 56 21.933  74.40   257.5 0   120.4 0   870.8 0    44.6 0   204.3 0   276.55 0   275.95 0   307.9 0   276.71 0   276.74 0    12.7 0   104.5 0   158.3 0  -103.6 0    54.7 0     0.7 0    42.2 0     2.5 0    12.4 0   828.8 0
 2019   2  1  2 21 57 21.950  74.52   254.8 0   119.2 0   867.3 0    44.3 0   204.4 0   276.52 0   275.92 0   307.8 0   276.63 0   276.67 0    12.5 0   103.5 0   156.6 0  -103.4 0    53.2 0     0.7 0    42.6 0     2.4 0    18.5 0   828.8 0
 2019   2  1  2 21 58 21.967  74.65   252.3 0   117.8 0   864.7 0    44.3 0   204.1 0   276.48 0   275.86 0   308.0 0   276.56 0   276.58 0    12.3 0   102.4 0   155.4 0  -103.9 0    51.5 0     0.7 0    43.3 0     2.2 0     7.6 0   828.8 0
 2019   2  1  2 21 59 21.983  74.77   250.0 0   116.4 0   862.9 0    44.0 0   203.8 0   276.43 0   275.78 0   307.5 0   276.50 0   276.53 0    12.1 0   101.5 0   154.2 0  -103.7 0    50.5 0     0.7 0    41.1 0     2.3 0    13.5 0   828.8 0
 2019   2  1  2 22  0 22.000  74.90   247.8 0   115.2 0   861.4 0    43.8 0   204.1 0   276.38 0   275.75 0   307.5 0   276.43 0   276.46 0    11.9 0   100.5 0   153.1 0  -103.4 0    49.6 0     0.6 0    42.4 0     2.2 0    17.9 0   828.8 0
 2019   2  1  2 22  1 22.017  75.02   245.0 0   113.7 0   858.8 0    43.6 0   204.3 0   276.34 0   275.73 0   307.9 0   276.37 0   276.39 0    11.7 0    99.4 0   151.8 0  -103.6 0    48.2 0     0.6 0    43.6 0     2.1 0     3.6 0   828.8 0
 2019   2  1  2 22  2 22.033  75.15   242.3 0   112.5 0   855.7 0    43.5 0   204.2 0   276.30 0   275.71 0   307.1 0   276.31 0   276.36 0    11.6 0    98.4 0   150.3 0  -102.9 0    47.5 0     0.6 0    41.4 0     2.5 0     5.3 0   828.8 0
 2019   2  1  2 22  3 22.050  75.28   239.9 0   111.2 0   853.9 0    43.1 0   204.2 0   276.26 0   275.66 0   307.1 0   276.24 0   276.30 0    11.4 0    97.4 0   148.9 0  -102.9 0    46.1 0     0.6 0    42.5 0     2.1 0     1.5 0   828.8 0
 2019   2  1  2 22  4 22.067  75.40   237.6 0   109.9 0   852.2 0    42.9 0   204.1 0   276.22 0   275.62 0   306.9 0   276.18 0   276.23 0    11.2 0    96.4 0   147.8 0  -102.8 0    45.0 0     0.6 0    42.6 0     2.4 0   355.8 0   828.8 0
 2019   2  1  2 22  5 22.083  75.53   234.9 0   108.5 0   849.8 0    42.9 0   204.4 0   276.19 0   275.60 0   306.7 0   276.11 0   276.15 0    11.0 0    95.4 0   146.7 0  -102.3 0    44.4 0     0.7 0    42.1 0     2.2 0   355.2 0   828.8 0
 2019   2  1  2 22  6 22.100  75.66   232.2 0   107.0 0   846.8 0    42.5 0   204.4 0   276.16 0   275.58 0   306.5 0   276.05 0   276.12 0    10.9 0    94.2 0   145.3 0  -102.2 0    43.1 0     0.7 0    42.1 0     2.3 0   356.8 0   828.8 0
 2019   2  1  2 22  7 22.117  75.79   229.5 0   105.7 0   844.1 0    42.1 0   204.3 0   276.13 0   275.54 0   306.4 0   275.99 0   276.07 0    10.7 0    93.1 0   143.7 0  -102.1 0    41.7 0     0.7 0    42.2 0     2.4 0   347.4 0   828.8 0
 2019   2  1  2 22  8 22.133  75.91   226.8 0   104.3 0   840.8 0    42.1 0   204.7 0   276.09 0   275.53 0   306.1 0   275.93 0   276.03 0    10.5 0    92.0 0   142.4 0  -101.4 0    41.1 0     0.7 0    41.8 0     2.2 0   342.3 0   828.8 0
 2019   2  1  2 22  9 22.150  76.04   224.3 0   103.0 0   838.7 0    41.9 0   204.6 0   276.06 0   275.51 0   305.9 0   275.88 0   275.99 0    10.3 0    91.0 0   141.2 0  -101.3 0    39.9 0     0.7 0    41.3 0     1.9 0   346.2 0   828.7 0
 2019   2  1  2 22 10 22.167  76.17   221.8 0   101.6 0   836.6 0    41.4 0   204.8 0   276.04 0   275.50 0   305.8 0   275.83 0   275.93 0    10.2 0    89.9 0   139.8 0  -101.0 0    38.7 0     0.8 0    42.3 0     1.8 0   334.4 0   828.7 0
 2019   2  1  2 22 11 22.183  76.30   219.2 0   100.3 0   834.7 0    41.4 0   204.8 0   276.02 0   275.50 0   305.9 0   275.80 0   275.88 0    10.0 0    88.9 0   138.7 0  -101.1 0    37.6 0     0.8 0    42.0 0     1.7 0   324.8 0   828.7 0
 2019   2  1  2 22 12 22.200  76.43   217.0 0    99.2 0   833.9 0    41.3 0   205.0 0   276.01 0   275.52 0   305.8 0   275.77 0   275.86 0     9.8 0    88.0 0   137.7 0  -100.8 0    37.0 0     0.9 0    41.3 0     1.9 0   328.2 0   828.7 0
 2019   2  1  2 22 13 22.217  76.57   214.6 0    98.1 0   832.4 0    41.0 0   205.4 0   276.01 0   275.51 0   305.7 0   275.74 0   275.83 0     9.7 0    87.1 0   136.2 0  -100.3 0    36.0 0     1.0 0    41.8 0     1.8 0   329.6 0   828.7 0
 2019   2  1  2 22 14 22.233  76.70   211.8 0    97.0 0   829.1 0    40.6 0   205.5 0   276.01 0   275.53 0   305.8 0   275.72 0   275.79 0     9.5 0    86.0 0   134.5 0  -100.3 0    34.2 0     1.1 0    41.6 0     2.3 0   325.0 0   828.7 0
 2019   2  1  2 22 15 22.250  76.83   209.1 0    96.0 0   825.5 0    40.6 0   205.6 0   276.01 0   275.53 0   305.6 0   275.68 0   275.76 0     9.4 0    84.8 0   132.8 0  -100.0 0    32.8 0     1.2 0    40.9 0     2.4 0   324.1 0   828.7 0
 2019   2  1  2 22 16 22.267  76.96   206.6 0    94.9 0   823.5 0    40.3 0   205.5 0   276.02 0   275.55 0   305.4 0   275.65 0   275.72 0     9.2 0    83.9 0   131.1 0   -99.9 0    31.2 0     1.3 0    42.6 0     2.2 0   324.4 0   828.7 0
 2019   2  1  2 22 17 22.283  77.10   204.1 0    93.7 0   820.5 0    39.9 0   205.5 0   276.04 0   275.56 0   305.4 0   275.62 0   275.66 0     9.0 0    82.8 0   129.5 0   -99.9 0    29.6 0     1.3 0    42.7 0     2.3 0   332.1 0   828.7 0
 2019   2  1  2 22 18 22.300  77.23   201.6 0    92.6 0   817.5 0    39.9 0   205.2 0   276.04 0   275.54 0   305.1 0   275.58 0   275.63 0     8.9 0    81.7 0   128.0 0   -99.9 0    28.1 0     1.3 0    43.5 0     2.3 0   329.7 0   828.7 0
 2019   2  1  2 22 19 22.317  77.36   198.7 0    91.3 0   813.4 0    39.6 0   205.2 0   276.04 0   275.49 0   304.9 0   275.54 0   275.60 0     8.7 0    80.6 0   126.3 0   -99.7 0    26.6 0     1.1 0    42.9 0     2.1 0   331.8 0   828.7 0
 2019   2  1  2 22 20 22.333  77.50   195.6 0    89.7 0   807.7 0    39.3 0   205.2 0   276.01 0   275.47 0   304.9 0   275.50 0   275.55 0     8.5 0    79.3 0   124.4 0   -99.7 0    24.8 0     1.0 0    43.4 0     2.1 0   334.3 0   828.7 0
 2019   2  1  2 22 21 22.350  77.63   192.9 0    88.4 0   803.9 0    39.2 0   205.6 0   276.00 0   275.44 0   304.9 0   275.47 0   275.51 0     8.3 0    78.2 0   122.9 0   -99.2 0    23.7 0     0.9 0    44.2 0     1.7 0   336.2 0   828.7 0
 2019   2  1  2 22 22 22.367  77.77   190.5 0    87.0 0   801.4 0    39.1 0   205.8 0   275.98 0   275.44 0   304.5 0   275.44 0   275.51 0     8.2 0    77.2 0   121.8 0   -98.7 0    23.1 0     0.8 0    43.3 0     1.9 0   345.7 0   828.7 0
 2019   2  1  2 22 23 22.383  77.90   187.9 0    85.7 0   798.2 0    38.6 0   205.9 0   275.96 0   275.43 0   304.3 0   275.41 0   275.49 0     8.0 0    76.1 0   120.1 0   -98.5 0    21.7 0     0.8 0    42.8 0     1.9 0   343.4 0   828.7 0
 2019   2  1  2 22 24 22.400  78.04   185.1 0    84.3 0   793.9 0    38.4 0   205.9 0   275.94 0   275.43 0   304.0 0   275.38 0   275.48 0     7.9 0    75.0 0   118.7 0   -98.2 0    20.5 0     0.9 0    41.8 0     1.8 0   340.3 0   828.7 0
 2019   2  1  2 22 25 22.417  78.17   182.6 0    83.0 0   791.0 0    38.4 0   206.0 0   275.92 0   275.41 0   304.0 0   275.35 0   275.45 0     7.7 0    73.9 0   117.5 0   -98.0 0    19.5 0     0.9 0    42.5 0     1.8 0   342.2 0   828.7 0
 2019   2  1  2 22 26 22.433  78.31   179.8 0    81.6 0   786.9 0    37.9 0   206.3 0   275.90 0   275.41 0   303.7 0   275.33 0   275.43 0     7.6 0    72.8 0   115.7 0   -97.5 0    18.3 0     0.9 0    41.8 0     1.8 0   341.4 0   828.7 0
 2019   2  1  2 22 27 22.450  78.45   177.4 0    80.3 0   784.5 0    37.7 0   206.3 0   275.89 0   275.41 0   303.4 0   275.30 0   275.39 0     7.4 0    71.8 0   114.5 0   -97.2 0    17.3 0     1.0 0    42.3 0     1.8 0   334.0 0   828.7 0
 2019   2  1  2 22 28 22.467  78.59   174.5 0    78.9 0   779.2 0    37.5 0   206.5 0   275.89 0   275.41 0   303.3 0   275.29 0   275.36 0     7.3 0    70.6 0   112.9 0   -96.8 0    16.0 0     1.1 0    42.2 0     1.6 0   331.4 0   828.7 0
 2019   2  1  2 22 29 22.483  78.72   171.8 0    77.6 0   775.8 0    37.1 0   206.3 0   275.89 0   275.40 0   303.2 0   275.26 0   275.32 0     7.1 0    69.5 0   111.2 0   -96.8 0    14.3 0     1.1 0    44.0 0     1.6 0   330.8 0   828.7 0
 2019   2  1  2 22 30 22.500  78.86   169.5 0    76.4 0   773.2 0    37.0 0   206.1 0   275.87 0   275.38 0   303.0 0   275.24 0   275.29 0     7.0 0    68.6 0   109.9 0   -97.0 0    12.9 0     1.1 0    42.9 0     1.8 0   329.4 0   828.7 0
 2019   2  1  2 22 31 22.517  79.00   166.9 0    75.2 0   769.4 0    36.8 0   206.3 0   275.87 0   275.38 0   302.9 0   275.22 0   275.27 0     6.8 0    67.5 0   108.4 0   -96.6 0    11.8 0     1.1 0    43.8 0     1.7 0   326.4 0   828.7 0
 2019   2  1  2 22 32 22.533  79.14   164.4 0    74.0 0   766.2 0    36.3 0   206.4 0   275.85 0   275.36 0   302.7 0   275.20 0   275.24 0     6.7 0    66.4 0   106.7 0   -96.3 0    10.4 0     1.1 0    44.0 0     1.5 0   323.6 0   828.7 0
 2019   2  1  2 22 33 22.550  79.28   161.8 0    72.7 0   761.7 0    36.2 0   206.3 0   275.84 0   275.36 0   302.6 0   275.18 0   275.24 0     6.5 0    65.3 0   105.2 0   -96.2 0     8.9 0     1.1 0    43.1 0     1.3 0   319.8 0   828.7 0
 2019   2  1  2 22 34 22.567  79.42   159.3 0    71.4 0   758.7 0    35.7 0   206.5 0   275.83 0   275.34 0   302.2 0   275.17 0   275.24 0     6.4 0    64.3 0   103.7 0   -95.7 0     8.0 0     1.1 0    42.9 0     1.3 0   319.9 0   828.7 0
 2019   2  1  2 22 35 22.583  79.56   156.9 0    70.1 0   755.8 0    35.5 0   206.6 0   275.82 0   275.34 0   302.0 0   275.16 0   275.22 0     6.2 0    63.2 0   102.3 0   -95.3 0     7.0 0     1.1 0    43.6 0     1.3 0   327.9 0   828.7 0
 2019   2  1  2 22 36 22.600  79.70   154.3 0    68.9 0   752.3 0    35.4 0   206.9 0   275.82 0   275.34 0   301.6 0   275.14 0   275.20 0     6.1 0    62.2 0   101.0 0   -94.7 0     6.2 0     1.1 0    41.8 0     1.5 0   330.8 0   828.7 0
 2019   2  1  2 22 37 22.617  79.84   151.9 0    67.8 0   749.2 0    34.8 0   206.8 0   275.82 0   275.34 0   301.7 0   275.14 0   275.18 0     5.9 0    61.2 0    99.1 0   -94.9 0     4.2 0     1.2 0    42.0 0     1.8 0   330.3 0   828.6 0
 2019   2  1  2 22 38 22.633  79.98   149.4 0    66.8 0   745.4 0    34.7 0   206.7 0   275.81 0   275.34 0   301.5 0   275.11 0   275.16 0     5.8 0    60.2 0    97.6 0   -94.8 0     2.8 0     1.2 0    43.1 0     1.7 0   337.6 0   828.6 0
 2019   2  1  2 22 39 22.650  80.13   147.0 0    65.6 0   742.2 0    34.2 0   206.6 0   275.80 0   275.32 0   301.2 0   275.09 0   275.14 0     5.7 0    59.1 0    95.9 0   -94.6 0     1.2 0     1.2 0    43.9 0     1.6 0   333.7 0   828.6 0
 2019   2  1  2 22 40 22.667  80.27   144.6 0    64.4 0   738.9 0    34.0 0   206.9 0   275.79 0   275.30 0   300.9 0   275.07 0   275.13 0     5.5 0    58.1 0    94.5 0   -94.0 0     0.5 0     1.1 0    42.7 0     1.5 0   334.0 0   828.6 0
 2019   2  1  2 22 41 22.683  80.41   142.2 0    63.2 0   735.9 0    33.8 0   206.8 0   275.77 0   275.29 0   300.7 0   275.05 0   275.10 0     5.4 0    57.2 0    93.2 0   -93.9 0    -0.6 0     1.1 0    43.5 0     1.3 0   336.9 0   828.6 0
 2019   2  1  2 22 42 22.700  80.55   139.8 0    61.9 0   731.9 0    33.3 0   207.2 0   275.76 0   275.26 0   300.5 0   275.05 0   275.10 0     5.3 0    56.2 0    91.5 0   -93.4 0    -1.9 0     1.1 0    45.2 0     1.1 0   343.1 0   828.6 0
 2019   2  1  2 22 43 22.717  80.70   137.3 0    60.6 0   728.1 0    33.2 0   207.2 0   275.74 0   275.24 0   300.0 0   275.03 0   275.09 0     5.2 0    55.1 0    90.4 0   -92.8 0    -2.4 0     1.1 0    42.9 0     1.2 0   335.7 0   828.6 0
 2019   2  1  2 22 44 22.733  80.84   134.4 0    59.2 0   722.2 0    32.7 0   207.2 0   275.72 0   275.24 0   299.8 0   275.02 0   275.06 0     5.0 0    54.0 0    88.5 0   -92.5 0    -4.0 0     1.1 0    41.9 0     1.2 0   326.3 0   828.6 0
 2019   2  1  2 22 45 22.750  80.98   131.7 0    57.9 0   716.5 0    32.5 0   207.6 0   275.72 0   275.24 0   299.5 0   275.00 0   275.05 0     4.9 0    52.9 0    86.8 0   -91.8 0    -5.0 0     1.3 0    42.4 0     1.5 0   319.1 0   828.6 0
 2019   2  1  2 22 46 22.767  81.13   129.2 0    56.9 0   713.3 0    32.0 0   207.5 0   275.72 0   275.26 0   299.6 0   275.00 0   275.05 0     4.8 0    51.9 0    85.1 0   -92.1 0    -7.0 0     1.4 0    42.5 0     1.7 0   309.3 0   828.6 0
 2019   2  1  2 22 47 22.783  81.27   126.6 0    55.7 0   707.8 0    31.8 0   207.6 0   275.72 0   275.25 0   299.2 0   274.98 0   275.05 0     4.7 0    50.8 0    83.5 0   -91.6 0    -8.1 0     1.5 0    43.0 0     1.3 0   303.0 0   828.6 0
 2019   2  1  2 22 48 22.800  81.42   123.7 0    54.3 0   701.2 0    31.5 0   207.8 0   275.72 0   275.24 0   298.9 0   274.97 0   275.04 0     4.6 0    49.7 0    81.9 0   -91.1 0    -9.2 0     1.5 0    41.2 0     1.1 0   306.7 0   828.6 0
 2019   2  1  2 22 49 22.817  81.56   121.3 0    53.1 0   697.5 0    31.1 0   207.9 0   275.72 0   275.24 0   298.5 0   274.96 0   275.03 0     4.4 0    48.8 0    80.3 0   -90.6 0   -10.3 0     1.5 0    41.3 0     1.0 0   303.5 0   828.6 0
 2019   2  1  2 22 50 22.833  81.71   118.8 0    52.0 0   693.2 0    30.8 0   207.8 0   275.72 0   275.26 0   298.1 0   274.95 0   275.02 0     4.3 0    47.8 0    78.8 0   -90.3 0   -11.5 0     1.7 0    42.0 0     1.1 0   294.7 0   828.6 0
 2019   2  1  2 22 51 22.850  81.86   116.2 0    50.8 0   687.6 0    30.3 0   207.6 0   275.73 0   275.26 0   297.7 0   274.95 0   275.02 0     4.2 0    46.7 0    76.9 0   -90.2 0   -13.3 0     1.8 0    42.8 0     0.9 0   296.9 0   828.6 0
 2019   2  1  2 22 52 22.867  82.00   113.6 0    49.6 0   682.6 0    30.2 0   207.7 0   275.73 0   275.25 0   297.5 0   274.95 0   275.00 0     4.1 0    45.7 0    75.6 0   -89.9 0   -14.3 0     1.7 0    42.3 0     0.8 0   300.2 0   828.6 0
 2019   2  1  2 22 53 22.883  82.15   111.1 0    48.4 0   678.0 0    29.7 0   207.9 0   275.72 0   275.24 0   297.0 0   274.93 0   275.00 0     4.0 0    44.8 0    73.9 0   -89.2 0   -15.2 0     1.7 0    42.5 0     0.7 0   301.9 0   828.6 0
 2019   2  1  2 22 54 22.900  82.30   108.7 0    47.2 0   673.5 0    29.5 0   207.8 0   275.72 0   275.24 0   296.8 0   274.92 0   275.00 0     3.9 0    43.8 0    72.6 0   -89.0 0   -16.4 0     1.7 0    41.6 0     0.8 0   302.0 0   828.6 0
 2019   2  1  2 22 55 22.917  82.44   106.1 0    46.0 0   668.4 0    29.0 0   207.8 0   275.72 0   275.24 0   296.4 0   274.92 0   275.00 0     3.8 0    42.8 0    70.9 0   -88.7 0   -17.8 0     1.7 0    41.3 0     0.9 0   304.5 0   828.6 0
 2019   2  1  2 22 56 22.933  82.59   103.5 0    44.8 0   662.0 0    28.8 0   207.7 0   275.72 0   275.24 0   295.9 0   274.90 0   274.98 0     3.7 0    41.8 0    69.4 0   -88.2 0   -18.8 0     1.8 0    41.8 0     0.8 0   305.9 0   828.6 0
 2019   2  1  2 22 57 22.950  82.74   100.9 0    43.6 0   655.8 0    28.3 0   207.3 0   275.70 0   275.24 0   295.8 0   274.90 0   274.96 0     3.6 0    40.8 0    67.5 0   -88.5 0   -21.0 0     1.8 0    41.2 0     1.2 0   305.8 0   828.6 0
 2019   2  1  2 22 58 22.967  82.89    98.2 0    42.6 0   649.4 0    28.0 0   207.3 0   275.70 0   275.23 0   295.7 0   274.88 0   274.95 0     3.5 0    39.7 0    65.9 0   -88.4 0   -22.6 0     1.9 0    40.9 0     1.6 0   296.9 0   828.6 0
 2019   2  1  2 22 59 22.983  83.03    95.8 0    41.5 0   644.0 0    27.5 0   207.4 0   275.70 0   275.21 0   295.5 0   274.87 0   274.95 0     3.4 0    38.8 0    64.0 0   -88.1 0   -24.1 0     1.9 0    41.6 0     1.5 0   297.7 0   828.6 0
 2019   2  1  2 23  0 23.000  83.18    93.3 0    40.5 0   638.0 0    27.3 0   207.3 0   275.68 0   275.19 0   295.1 0   274.85 0   274.94 0     3.2 0    37.8 0    62.6 0   -87.7 0   -25.2 0     1.8 0    43.2 0     1.5 0   299.6 0   828.6 0
 2019   2  1  2 23  1 23.017  83.33    90.8 0    39.4 0   632.1 0    26.8 0   207.4 0   275.67 0   275.16 0   295.1 0   274.84 0   274.92 0     3.1 0    36.8 0    60.7 0   -87.7 0   -27.0 0     1.6 0    43.5 0     1.6 0   301.6 0   828.5 0
 2019   2  1  2 23  2 23.033  83.48    88.3 0    38.3 0   625.7 0    26.5 0   207.2 0   275.63 0   275.12 0   294.6 0   274.81 0   274.90 0     3.0 0    35.8 0    59.2 0   -87.4 0   -28.2 0     1.5 0    42.4 0     1.6 0   302.4 0   828.5 0
 2019   2  1  2 23  3 23.050  83.63    85.8 0    37.2 0   618.4 0    26.0 0   207.3 0   275.61 0   275.08 0   294.2 0   274.79 0   274.88 0     2.9 0    34.8 0    57.4 0   -86.9 0   -29.5 0     1.4 0    42.2 0     1.5 0   305.6 0   828.5 0
 2019   2  1  2 23  4 23.067  83.78    83.2 0    36.0 0   610.6 0    25.7 0   207.3 0   275.56 0   275.03 0   293.6 0   274.76 0   274.85 0     2.8 0    33.7 0    55.8 0   -86.3 0   -30.4 0     1.3 0    43.0 0     1.4 0   311.4 0   828.5 0
 2019   2  1  2 23  5 23.083  83.93    80.8 0    34.9 0   603.7 0    25.1 0   207.2 0   275.52 0   274.98 0   292.9 0   274.75 0   274.84 0     2.8 0    32.7 0    54.1 0   -85.6 0   -31.5 0     1.2 0    43.9 0     1.2 0   315.1 0   828.5 0
 2019   2  1  2 23  6 23.100  84.08    78.3 0    33.7 0   597.1 0    24.9 0   207.1 0   275.48 0   274.94 0   292.3 0   274.72 0   274.80 0     2.7 0    31.7 0    52.7 0   -85.2 0   -32.5 0     1.1 0    44.4 0     1.1 0   321.5 0   828.5 0
 2019   2  1  2 23  7 23.117  84.23    75.8 0    32.6 0   588.9 0    24.4 0   207.0 0   275.44 0   274.89 0   291.5 0   274.69 0   274.78 0     2.6 0    30.6 0    51.0 0   -84.5 0   -33.6 0     1.0 0    44.9 0     1.1 0   329.0 0   828.5 0
 2019   2  1  2 23  8 23.133  84.38    73.3 0    31.5 0   581.7 0    23.9 0   206.9 0   275.38 0   274.83 0   291.0 0   274.66 0   274.75 0     2.5 0    29.5 0    49.3 0   -84.1 0   -34.7 0     0.9 0    44.7 0     1.0 0   332.1 0   828.6 0
 2019   2  1  2 23  9 23.150  84.53    70.7 0    30.5 0   574.1 0    23.6 0   207.0 0   275.33 0   274.78 0   290.5 0   274.64 0   274.73 0     2.4 0    28.5 0    47.9 0   -83.5 0   -35.6 0     0.8 0    44.5 0     1.0 0   332.2 0   828.6 0
 2019   2  1  2 23 10 23.167  84.68    67.9 0    29.3 0   565.9 0    23.1 0   206.9 0   275.27 0   274.73 0   289.8 0   274.61 0   274.70 0     2.3 0    27.4 0    46.2 0   -83.0 0   -36.7 0     0.7 0    44.5 0     0.9 0   332.2 0   828.6 0
 2019   2  1  2 23 11 23.183  84.83    65.2 0    28.2 0   557.6 0    22.8 0   207.0 0   275.22 0   274.68 0   289.3 0   274.58 0   274.67 0     2.2 0    26.4 0    44.8 0   -82.4 0   -37.6 0     0.7 0    44.3 0     1.0 0   330.6 0   828.6 0
 2019   2  1  2 23 12 23.200  84.98    62.3 0    27.1 0   549.2 0    22.2 0   207.0 0   275.16 0   274.63 0   288.7 0   274.55 0   274.65 0     2.1 0    25.4 0    43.2 0   -81.7 0   -38.6 0     0.6 0    44.5 0     0.9 0   326.8 0   828.6 0
 2019   2  1  2 23 13 23.217  85.14    59.4 0    26.0 0   541.9 0    21.8 0   207.0 0   275.12 0   274.58 0   288.0 0   274.52 0   274.63 0     2.0 0 -9999.9 1    41.8 0   -81.0 0   -39.2 0     0.6 0    44.6 0     0.9 0   321.4 0   828.6 0
 2019   2  1  2 23 14 23.233  85.29    56.3 0    24.9 0   534.5 0    21.4 0   206.9 0   275.07 0   274.54 0   287.5 0   274.49 0   274.61 0     2.0 0 -9999.9 1    40.4 0   -80.6 0   -40.2 0     0.6 0    44.1 0     0.9 0   319.5 0   828.6 0
 2019   2  1  2 23 15 23.250  85.44    52.9 0    23.8 0   525.8 0    20.8 0   207.0 0   275.03 0   274.51 0   286.8 0   274.46 0   274.58 0     1.9 0 -9999.9 1    38.8 0   -79.8 0   -41.0 0     0.6 0    43.4 0     0.8 0   318.5 0   828.6 0
 2019   2  1  2 23 16 23.267  85.59    49.4 0    22.6 0   516.1 0    20.4 0   207.0 0   274.99 0   274.48 0   286.3 0   274.44 0   274.56 0     1.8 0 -9999.9 1    37.5 0   -79.2 0   -41.8 0     0.7 0    42.9 0     0.6 0   312.1 0   828.5 0
 2019   2  1  2 23 17 23.283  85.74    45.6 0    21.5 0   507.5 0    20.0 0   207.0 0   274.96 0   274.45 0   285.6 0   274.41 0   274.54 0     1.8 0 -9999.9 1    36.2 0   -78.6 0   -42.4 0     0.7 0    43.3 0     0.5 0   310.8 0   828.5 0
 2019   2  1  2 23 18 23.300  85.89    41.6 0    20.3 0   496.5 0    19.5 0   207.2 0   274.93 0   274.42 0   285.1 0   274.38 0   274.51 0     1.7 0 -9999.9 1    34.7 0   -77.8 0   -43.1 0     0.7 0    43.0 0     0.5 0   310.8 0   828.5 0
 2019   2  1  2 23 19 23.317  86.04    37.4 0    19.2 0   485.2 0    19.1 0   207.1 0   274.89 0   274.40 0   284.7 0   274.36 0   274.48 0     1.6 0 -9999.9 1    33.3 0   -77.5 0   -44.2 0     0.7 0    42.5 0     0.6 0   306.3 0   828.5 0
 2019   2  1  2 23 20 23.333  86.20    33.4 0    18.3 0   473.6 0    18.5 0   207.2 0   274.86 0   274.38 0   284.0 0   274.32 0   274.45 0     1.5 0 -9999.9 1    31.7 0   -76.8 0   -45.2 0     0.7 0    42.2 0     0.6 0   292.1 0   828.5 0
 2019   2  1  2 23 21 23.350  86.35    29.5 0    17.3 0   461.8 0    18.1 0   207.4 0   274.84 0   274.36 0   283.5 0   274.30 0   274.42 0     1.5 0 -9999.9 1    30.2 0   -76.1 0   -46.0 0     0.7 0    42.4 0     0.5 0   285.8 0   828.5 0
 2019   2  1  2 23 22 23.367  86.50    26.0 0    16.3 0   451.3 0    17.6 0   207.2 0   274.81 0   274.32 0   282.9 0   274.27 0   274.39 0     1.4 0 -9999.9 1    28.9 0   -75.7 0   -46.8 0     0.7 0    42.4 0     0.7 0   278.6 0   828.5 0
 2019   2  1  2 23 23 23.383  86.65    22.2 0    13.3 0   374.7 0    17.0 0   207.2 0   274.78 0   274.30 0   282.0 0   274.23 0   274.33 0     1.3 0    14.1 0    25.6 0   -74.8 0   -49.2 0     0.6 0    42.0 0     1.0 0   278.5 0   828.6 0
 2019   2  1  2 23 24 23.400  86.80    17.8 0     8.9 0   194.6 0    16.3 0   207.3 0   274.74 0   274.25 0   280.8 0   274.19 0   274.22 0     1.3 0    11.5 0    18.3 0   -73.5 0   -55.2 0     0.6 0    41.7 0     1.0 0   282.4 0   828.6 0
 2019   2  1  2 23 25 23.417  86.95    14.8 0     5.7 0    36.1 0    15.6 0   206.9 0   274.68 0   274.20 0   279.3 0   274.15 0   274.10 0     1.2 0     9.4 0    11.9 0   -72.4 0   -60.5 0     0.4 0    44.5 0     0.8 0   286.4 0   828.6 0
 2019   2  1  2 23 26 23.433  87.10    13.9 0     5.1 0     1.3 0    15.0 0   206.7 0   274.62 0   274.11 0   278.7 0   274.09 0   274.00 0     1.2 0     8.8 0     9.9 0   -72.0 0   -62.1 0     0.3 0    43.2 0     0.9 0   290.2 0   828.6 0
 2019   2  1  2 23 27 23.450  87.25    13.6 0     4.7 0     0.9 0    14.4 0   206.6 0   274.52 0   273.99 0   278.2 0   274.04 0   273.95 0     1.1 0     8.5 0     9.7 0   -71.6 0   -61.9 0     0.1 0    43.7 0     0.9 0   293.7 0   828.6 0
 2019   2  1  2 23 28 23.467  87.40    13.3 0     4.4 0     0.4 0    13.9 0   206.7 0   274.42 0   273.89 0   277.5 0   273.98 0   273.89 0     1.0 0     8.1 0     9.6 0   -70.8 0   -61.2 0    -0.1 0    44.2 0     1.0 0   299.5 0   828.6 0
 2019   2  1  2 23 29 23.483  87.55    12.7 0     4.2 0     0.4 0    13.3 0   206.8 0   274.31 0   273.82 0   277.2 0   273.93 0   273.83 0     1.0 0     7.8 0     9.1 0   -70.4 0   -61.3 0    -0.3 0    43.7 0     0.9 0   293.5 0   828.6 0
 2019   2  1  2 23 30 23.500  87.70    12.0 0     3.8 0     0.4 0    12.7 0   206.8 0   274.22 0   273.72 0   276.8 0   273.87 0   273.77 0     0.9 0     7.5 0     8.9 0   -70.1 0   -61.2 0    -0.4 0    44.6 0     1.4 0   304.0 0   828.6 0
 2019   2  1  2 23 31 23.517  87.85    11.8 0     3.8 0     0.4 0    12.2 0   206.2 0   274.12 0   273.61 0   277.0 0   273.82 0   273.70 0     0.9 0     7.2 0     8.4 0   -70.8 0   -62.4 0    -0.5 0    46.7 0     1.8 0   305.8 0   828.6 0
 2019   2  1  2 23 32 23.533  88.00    11.3 0     3.8 0     0.4 0    11.7 0   205.5 0   274.01 0   273.44 0   278.0 0   273.74 0   273.62 0     0.8 0     6.9 0     7.9 0   -72.5 0   -64.6 0    -0.8 0    48.7 0     2.0 0   307.8 0   828.6 0
 2019   2  1  2 23 33 23.550  88.14    10.9 0     3.8 0     0.4 0    11.1 0   204.9 0   273.87 0   273.21 0   278.5 0   273.67 0   273.55 0     0.8 0     6.5 0     7.3 0   -73.5 0   -66.2 0    -1.2 0    50.0 0     2.2 0   307.2 0   828.6 0
 2019   2  1  2 23 34 23.567  88.29    10.9 0     3.7 0     0.4 0    10.5 0   204.8 0   273.69 0   272.98 0   278.8 0   273.60 0   273.48 0     0.8 0     6.3 0     6.9 0   -73.9 0   -67.1 0    -1.8 0    49.8 0     2.1 0   304.4 0   828.6 0
 2019   2  1  2 23 35 23.583  88.43    10.9 0     3.4 0     0.4 0    10.1 0   204.7 0   273.49 0   272.75 0   278.6 0   273.53 0   273.43 0     0.7 0     5.9 0     6.7 0   -73.9 0   -67.2 0    -2.3 0    49.0 0     2.0 0   305.5 0   828.6 0
 2019   2  1  2 23 36 23.600  88.58    10.6 0     3.1 0     0.4 0     9.5 0   204.7 0   273.27 0   272.52 0   278.4 0   273.48 0   273.38 0     0.7 0     5.6 0     6.4 0   -73.7 0   -67.3 0    -2.7 0    48.1 0     1.9 0   304.9 0   828.6 0
 2019   2  1  2 23 37 23.617  88.72    10.0 0     2.8 0     0.4 0     9.0 0   204.7 0   273.05 0   272.28 0   278.3 0   273.42 0   273.32 0     0.7 0     5.3 0     6.2 0   -73.6 0   -67.4 0    -3.1 0    47.2 0     1.8 0   302.4 0   828.6 0
 2019   2  1  2 23 38 23.633  88.86    10.0 0     2.6 0     0.4 0     8.5 0   204.7 0   272.81 0   272.04 0   278.2 0   273.37 0   273.28 0     0.6 0     5.0 0     5.9 0   -73.6 0   -67.6 0    -3.5 0    46.9 0     1.9 0   300.5 0   828.6 0
 2019   2  1  2 23 39 23.650  89.00     9.6 0     2.4 0     0.3 0     8.1 0   204.4 0   272.57 0   271.78 0   278.1 0   273.33 0   273.23 0     0.6 0     4.7 0     5.7 0   -73.7 0   -68.1 0    -3.8 0    46.7 0     1.9 0   298.8 0   828.6 0
 2019   2  1  2 23 40 23.667  89.14     9.1 0     2.1 0     0.2 0     7.5 0   204.5 0   272.33 0   271.57 0   277.8 0   273.28 0   273.19 0     0.6 0     4.5 0     5.4 0   -73.3 0   -67.9 0    -4.1 0    46.4 0     1.9 0   299.5 0   828.7 0
 2019   2  1  2 23 41 23.683  89.27     8.9 0     1.9 0     0.0 0     7.1 0   204.3 0   272.09 0   271.32 0   277.8 0   273.24 0   273.15 0     0.5 0     4.2 0     5.2 0   -73.6 0   -68.4 0    -4.3 0    46.4 0     1.9 0   299.8 0   828.6 0
 2019   2  1  2 23 42 23.700  89.40     8.3 0     1.7 0     0.0 0     6.6 0   204.3 0   271.86 0   271.10 0   278.1 0   273.20 0   273.11 0     0.5 0     3.9 0     4.9 0   -73.8 0   -68.9 0    -4.6 0    46.9 0     2.0 0   298.0 0   828.7 0
 2019   2  1  2 23 43 23.717  89.53     8.0 0     1.7 0     0.0 0     6.1 0   204.2 0   271.63 0   270.89 0   278.5 0   273.17 0   273.08 0     0.4 0     3.6 0     4.4 0   -74.3 0   -69.9 0    -4.7 0    47.3 0     2.3 0   295.6 0   828.7 0
 2019   2  1  2 23 44 23.733  89.66     7.3 0     1.4 0     0.0 0     5.9 0   204.3 0   271.41 0   270.70 0   278.7 0   273.14 0   273.04 0     0.4 0     3.4 0     4.5 0   -74.4 0   -69.9 0    -4.8 0    47.2 0     2.5 0   292.5 0   828.6 0
 2019   2  1  2 23 45 23.750  89.78     7.2 0     1.4 0     0.0 0     5.7 0   204.6 0   271.21 0   270.56 0   278.9 0   273.10 0   273.01 0     0.4 0     3.1 0     4.3 0   -74.4 0   -70.1 0    -4.8 0    46.8 0     2.5 0   289.9 0   828.6 0
 2019   2  1  2 23 46 23.767  89.89     6.8 0     1.2 0     0.0 0     5.4 0   204.8 0   271.05 0   270.45 0   279.1 0   273.07 0   272.99 0     0.4 0     2.9 0     4.3 0   -74.3 0   -70.0 0    -4.7 0    46.5 0     2.8 0   288.0 0   828.6 0
 2019   2  1  2 23 47 23.783  90.78     6.1 0     1.0 0    -0.1 0     4.9 0   204.9 0   270.89 0   270.35 0   279.5 0   273.05 0   272.96 0     0.0 0     2.8 0     3.9 0   -74.6 0   -70.7 0    -4.6 0    46.1 0     2.8 0   287.5 0   828.6 0
 2019   2  1  2 23 48 23.800  90.94     5.8 0     0.9 0    -0.3 0     4.7 0   205.1 0   270.77 0   270.25 0   279.4 0   273.02 0   272.95 0     0.0 0     2.6 0     3.8 0   -74.3 0   -70.5 0    -4.5 0    45.7 0     2.8 0   289.4 0   828.7 0
 2019   2  1  2 23 49 23.817  91.11     5.0 0     0.7 0    -0.4 0     4.2 0   205.1 0   270.66 0   270.14 0   279.2 0   273.00 0   272.92 0     0.0 0     2.4 0     3.5 0   -74.1 0   -70.6 0    -4.5 0    45.5 0     2.7 0   292.5 0   828.7 0
 2019   2  1  2 23 50 23.833  91.28     4.8 0     0.7 0    -0.1 0     4.1 0   205.4 0   270.55 0   270.04 0   278.8 0   272.99 0   272.90 0     0.0 0     2.2 0     3.4 0   -73.4 0   -70.1 0    -4.5 0    45.6 0     2.8 0   295.4 0   828.7 0
 2019   2  1  2 23 51 23.850  91.44     4.1 0     0.4 0     0.0 0     3.5 0   205.3 0   270.45 0   269.94 0   278.9 0   272.96 0   272.88 0     0.0 0     2.0 0     3.2 0   -73.6 0   -70.4 0    -4.6 0    45.9 0     2.9 0   298.4 0   828.7 0
 2019   2  1  2 23 52 23.867  91.61     4.0 0     0.3 0     0.0 0     3.3 0   205.3 0   270.35 0   269.84 0   278.6 0   272.94 0   272.85 0     0.0 0     1.8 0     3.0 0   -73.4 0   -70.4 0    -4.7 0    46.3 0     3.2 0   300.6 0   828.7 0
 2019   2  1  2 23 53 23.883  91.78     3.4 0     0.3 0     0.1 0     3.1 0   205.2 0   270.24 0   269.73 0   277.9 0   272.91 0   272.82 0     0.0 0     1.6 0     2.7 0   -72.7 0   -70.0 0    -4.8 0    46.5 0     3.3 0   301.4 0   828.8 0
 2019   2  1  2 23 54 23.900  91.94     3.2 0     0.1 0     0.1 0     2.7 0   205.4 0   270.15 0   269.70 0   278.1 0   272.89 0   272.79 0     0.0 0     1.5 0     2.5 0   -72.7 0   -70.2 0    -4.8 0    46.6 0     3.2 0   301.1 0   828.8 0
 2019   2  1  2 23 55 23.917  92.11     2.5 0    -0.1 0     0.1 0     2.6 0   205.6 0   270.07 0   269.65 0   278.3 0   272.85 0   272.77 0     0.0 0     1.3 0     2.6 0   -72.6 0   -70.1 0    -4.7 0    46.3 0     3.0 0   301.1 0   828.8 0
 2019   2  1  2 23 56 23.933  92.28     2.3 0    -0.3 0     0.1 0     2.2 0   205.6 0   270.01 0   269.61 0   278.0 0   272.83 0   272.75 0     0.0 0     1.2 0     2.2 0   -72.4 0   -70.2 0    -4.7 0    46.2 0     2.9 0   298.8 0   828.8 0
 2019   2  1  2 23 57 23.950  92.45     2.0 0    -0.3 0     0.1 0     1.9 0   205.7 0   269.95 0   269.56 0   277.6 0   272.81 0   272.72 0     0.0 0     1.1 0     1.9 0   -71.9 0   -70.0 0    -4.7 0    46.6 0     2.9 0   297.4 0   828.8 0
 2019   2  1  2 23 58 23.967  92.62     1.5 0    -0.3 0     0.1 0     1.8 0   205.7 0   269.90 0   269.51 0   277.2 0   272.79 0   272.70 0     0.0 0     0.9 0     1.8 0   -71.4 0   -69.6 0    -4.7 0    46.8 0     2.9 0   295.5 0   828.8 0
 2019   2  1  2 23 59 23.983  92.79     1.4 0    -0.4 0     0.3 0     1.5 0   205.7 0   269.85 0   269.44 0   277.2 0   272.76 0   272.66 0     0.0 0     0.9 0     1.5 0   -71.5 0   -70.0 0    -4.9 0    47.3 0     3.0 0   294.2 0   828.8 0
