 Table Mountain
   40.125 -105.237 1689 m version 1
 2019  10  1 10  0  0  0.000  91.86     0.5 0    -0.3 0     0.4 0     1.1 0   278.1 0   276.95 0   276.63 0   316.1 0   277.33 0   277.27 0     0.0 0     0.6 0     1.1 0   -38.0 0   -36.9 0     2.4 0    36.3 0     3.4 0    10.6 0   833.3 0
 2019  10  1 10  0  1  0.017  92.03     0.5 0    -0.1 0     0.4 0     1.1 0   278.3 0   276.91 0   276.61 0   316.0 0   277.31 0   277.23 0     0.0 0     0.6 0     1.1 0   -37.7 0   -36.6 0     2.3 0    36.8 0     3.4 0    10.5 0   833.3 0
 2019  10  1 10  0  2  0.033  92.20     0.5 0     0.0 0     0.4 0     0.8 0   278.6 0   276.86 0   276.57 0   315.8 0   277.27 0   277.19 0     0.0 0     0.5 0     0.8 0   -37.3 0   -36.5 0     2.2 0    37.1 0     3.4 0    23.3 0   833.2 0
 2019  10  1 10  0  3  0.050  92.37     0.5 0     0.0 0     0.4 0     0.4 0   278.4 0   276.83 0   276.54 0   315.6 0   277.24 0   277.16 0     0.0 0     0.4 0     0.4 0   -37.2 0   -36.9 0     2.2 0    37.3 0     3.2 0    16.0 0   833.3 0
 2019  10  1 10  0  4  0.067  92.54     0.5 0     0.0 0     0.4 0     0.4 0   278.1 0   276.78 0   276.47 0   315.4 0   277.19 0   277.11 0     0.0 0     0.4 0     0.4 0   -37.3 0   -37.0 0     2.2 0    37.8 0     3.2 0     5.6 0   833.3 0
 2019  10  1 10  0  5  0.083  92.71     0.1 0     0.0 0     0.4 0     0.4 0   278.4 0   276.74 0   276.45 0   315.6 0   277.15 0   277.07 0     0.0 0     0.4 0     0.4 0   -37.2 0   -36.8 0     2.2 0    38.0 0     3.3 0     6.8 0   833.3 0
 2019  10  1 10  0  6  0.100  92.88    -0.3 0     0.0 0     0.4 0     0.4 0   278.0 0   276.71 0   276.42 0   315.5 0   277.11 0   277.03 0     0.0 0     0.4 0     0.4 0   -37.5 0   -37.1 0     2.1 0    38.2 0     3.5 0   357.3 0   833.4 0
 2019  10  1 10  0  7  0.117  93.05    -0.3 0     0.0 0     0.4 0     0.4 0   278.0 0   276.67 0   276.33 0   315.4 0   277.06 0   276.99 0     0.0 0     0.4 0     0.4 0   -37.4 0   -37.1 0     2.1 0    38.3 0     3.6 0     2.3 0   833.4 0
 2019  10  1 10  0  8  0.133  93.23    -0.4 0     0.0 0     0.4 0     0.4 0   278.4 0   276.62 0   276.32 0   315.4 0   277.02 0   276.95 0     0.0 0     0.4 0     0.4 0   -37.0 0   -36.6 0     2.0 0    38.0 0     3.4 0     7.7 0   833.3 0
 2019  10  1 10  0  9  0.150  93.40    -0.5 0    -0.2 0     0.4 0     0.4 0   278.5 0   276.58 0   276.31 0   315.1 0   276.98 0   276.92 0     0.0 0     0.4 0     0.4 0   -36.5 0   -36.1 0     2.0 0    37.7 0     3.6 0    13.9 0   833.2 0
 2019  10  1 10  0 10  0.167  93.57    -0.5 0    -0.3 0     0.4 0     0.4 0   278.6 0   276.55 0   276.28 0   315.0 0   276.95 0   276.89 0     0.0 0     0.3 0     0.4 0   -36.4 0   -36.1 0     2.0 0    37.3 0     3.6 0    18.6 0   833.2 0
 2019  10  1 10  0 11  0.183  93.74    -0.5 0    -0.3 0     0.4 0     0.4 0   278.8 0   276.52 0   276.26 0   314.8 0   276.92 0   276.87 0     0.0 0     0.2 0     0.4 0   -36.1 0   -35.7 0     2.0 0    36.9 0     3.1 0    10.6 0   833.3 0
 2019  10  1 10  0 12  0.200  93.91    -0.5 0    -0.3 0     0.4 0     0.4 0   278.1 0   276.50 0   276.21 0   314.5 0   276.90 0   276.84 0     0.0 0     0.2 0     0.4 0   -36.4 0   -36.1 0     2.1 0    37.1 0     3.4 0   357.5 0   833.3 0
 2019  10  1 10  0 13  0.217  94.09    -0.5 0    -0.3 0     0.4 0     0.4 0   278.0 0   276.46 0   276.14 0   314.7 0   276.87 0   276.81 0     0.0 0     0.2 0     0.4 0   -36.7 0   -36.4 0     1.9 0    37.0 0     3.5 0     4.0 0   833.3 0
 2019  10  1 10  0 14  0.233  94.26    -0.5 0    -0.3 0     0.4 0     0.4 0   278.6 0   276.41 0   276.15 0   314.5 0   276.84 0   276.79 0     0.0 0     0.2 0     0.4 0   -36.0 0   -35.6 0     1.9 0    37.0 0     3.0 0    16.3 0   833.2 0
 2019  10  1 10  0 15  0.250  94.43    -0.5 0    -0.3 0     0.4 0     0.4 0   278.7 0   276.40 0   276.17 0   314.0 0   276.82 0   276.76 0     0.0 0     0.2 0     0.4 0   -35.3 0   -34.9 0     2.0 0    37.2 0     2.6 0     7.8 0   833.2 0
 2019  10  1 10  0 16  0.267  94.60    -0.5 0    -0.4 0     0.4 0     0.4 0   278.3 0   276.39 0   276.16 0   313.9 0   276.80 0   276.74 0     0.0 0     0.2 0     0.4 0   -35.6 0   -35.2 0     2.1 0    37.1 0     2.9 0     0.7 0   833.3 0
 2019  10  1 10  0 17  0.283  94.78    -0.5 0    -0.6 0     0.4 0     0.4 0   278.1 0   276.37 0   276.12 0   314.0 0   276.78 0   276.73 0     0.0 0     0.2 0     0.4 0   -35.9 0   -35.5 0     2.2 0    36.9 0     2.4 0     7.0 0   833.3 0
 2019  10  1 10  0 18  0.300  94.95    -0.5 0    -0.7 0     0.4 0     0.4 0   278.4 0   276.35 0   276.18 0   313.1 0   276.76 0   276.71 0     0.0 0     0.2 0     0.4 0   -34.7 0   -34.3 0     2.2 0    36.5 0     2.1 0    17.5 0   833.2 0
 2019  10  1 10  0 19  0.317  95.12    -1.2 0    -0.7 0     0.4 0     0.4 0   278.4 0   276.37 0   276.21 0   312.8 0   276.74 0   276.69 0     0.0 0     0.2 0     0.4 0   -34.4 0   -34.0 0     2.4 0    36.3 0     2.4 0     8.7 0   833.2 0
 2019  10  1 10  0 20  0.333  95.30    -1.2 0    -0.7 0     0.4 0     0.4 0   278.1 0   276.39 0   276.19 0   313.6 0   276.72 0   276.67 0     0.0 0     0.2 0     0.4 0   -35.5 0   -35.1 0     2.4 0    36.2 0     2.6 0   358.3 0   833.3 0
 2019  10  1 10  0 21  0.350  95.47    -1.0 0    -0.7 0     0.4 0     0.4 0   278.2 0   276.40 0   276.20 0   313.5 0   276.71 0   276.66 0     0.0 0     0.2 0     0.4 0   -35.3 0   -34.9 0     2.3 0    36.1 0     2.3 0     3.3 0   833.2 0
 2019  10  1 10  0 22  0.367  95.64    -1.3 0    -0.7 0     0.4 0     0.4 0   278.1 0   276.40 0   276.24 0   313.1 0   276.69 0   276.64 0     0.0 0     0.2 0     0.4 0   -35.0 0   -34.6 0     2.4 0    36.0 0     2.6 0     5.9 0   833.2 0
 2019  10  1 10  0 23  0.383  95.82    -1.4 0    -0.7 0     0.4 0     0.4 0   277.8 0   276.42 0   276.20 0   313.3 0   276.68 0   276.63 0     0.0 0     0.2 0     0.4 0   -35.4 0   -35.1 0     2.4 0    36.2 0     2.4 0    10.2 0   833.2 0
 2019  10  1 10  0 24  0.400  95.99    -1.3 0    -0.7 0     0.4 0     0.2 0   277.4 0   276.40 0   276.13 0   313.5 0   276.66 0   276.61 0     0.0 0     0.2 0     0.2 0   -36.1 0   -35.8 0     2.3 0    36.2 0     1.9 0   346.0 0   833.2 0
 2019  10  1 10  0 25  0.417  96.17    -1.3 0    -0.7 0     0.4 0     0.2 0   277.6 0   276.39 0   276.12 0   313.3 0   276.64 0   276.60 0     0.0 0     0.2 0     0.0 0   -35.7 0   -35.7 0     2.2 0    36.7 0     2.2 0   351.8 0   833.2 0
 2019  10  1 10  0 26  0.433  96.34    -1.4 0    -0.6 0     0.4 0     0.2 0   277.2 0   276.37 0   276.13 0   313.0 0   276.63 0   276.58 0     0.0 0     0.2 0     0.0 0   -35.8 0   -35.8 0     2.2 0    36.8 0     2.4 0   358.2 0   833.2 0
 2019  10  1 10  0 27  0.450  96.52    -1.3 0    -0.6 0     0.4 0     0.2 0   277.2 0   276.35 0   276.14 0   312.6 0   276.61 0   276.56 0     0.0 0     0.2 0     0.0 0   -35.3 0   -35.3 0     2.2 0    36.8 0     2.0 0   359.9 0   833.2 0
 2019  10  1 10  0 28  0.467  96.69    -1.4 0    -0.6 0     0.4 0     0.1 0   277.1 0   276.35 0   276.15 0   312.4 0   276.60 0   276.55 0     0.0 0     0.2 0     0.0 0   -35.3 0   -35.3 0     2.2 0    36.7 0     1.8 0   350.2 0   833.2 0
 2019  10  1 10  0 29  0.483  96.87    -1.4 0    -0.7 0     0.4 0     0.1 0   277.1 0   276.35 0   276.14 0   312.4 0   276.59 0   276.54 0     0.0 0     0.2 0     0.0 0   -35.3 0   -35.3 0     2.3 0    36.4 0     1.3 0   356.8 0   833.2 0
 2019  10  1 10  0 30  0.500  97.05    -1.4 0    -0.7 0     0.4 0     0.4 0   277.6 0   276.36 0   276.22 0   311.5 0   276.57 0   276.52 0     0.0 0     0.2 0     0.0 0   -33.9 0   -33.9 0     2.4 0    36.1 0     1.4 0    15.4 0   833.2 0
 2019  10  1 10  0 31  0.517  97.22    -1.4 0    -0.7 0     0.4 0     0.4 0   277.8 0   276.39 0   276.29 0   311.0 0   276.55 0   276.52 0     0.0 0     0.2 0     0.0 0   -33.2 0   -33.2 0     2.6 0    35.8 0     1.8 0    22.0 0   833.2 0
 2019  10  1 10  0 32  0.533  97.40    -1.4 0    -0.7 0     0.4 0     0.4 0   277.9 0   276.43 0   276.34 0   310.8 0   276.54 0   276.49 0     0.0 0     0.2 0     0.0 0   -33.0 0   -33.0 0     2.8 0    35.6 0     1.3 0    26.7 0   833.1 0
 2019  10  1 10  0 33  0.550  97.57    -1.4 0    -0.7 0     0.4 0     0.4 0   276.9 0   276.48 0   276.33 0   311.2 0   276.52 0   276.47 0     0.0 0     0.2 0     0.0 0   -34.3 0   -34.3 0     2.9 0    35.6 0     1.5 0   340.7 0   833.3 0
 2019  10  1 10  0 34  0.567  97.75    -1.4 0    -0.7 0     0.4 0     0.2 0   276.6 0   276.51 0   276.27 0   312.7 0   276.52 0   276.47 0     0.0 0     0.2 0     0.0 0   -36.1 0   -36.1 0     2.7 0    35.7 0     1.6 0   342.5 0   833.3 0
 2019  10  1 10  0 35  0.583  97.93    -1.4 0    -0.7 0     0.4 0     0.3 0   277.8 0   276.51 0   276.33 0   312.0 0   276.50 0   276.45 0     0.0 0     0.2 0     0.0 0   -34.2 0   -34.2 0     2.6 0    35.6 0     1.6 0    20.8 0   833.2 0
 2019  10  1 10  0 36  0.600  98.10    -1.4 0    -0.7 0     0.4 0     0.4 0   277.8 0   276.53 0   276.40 0   310.8 0   276.49 0   276.44 0     0.0 0     0.2 0     0.0 0   -33.0 0   -33.0 0     2.7 0    35.5 0     1.4 0    12.7 0   833.2 0
 2019  10  1 10  0 37  0.617  98.28    -1.4 0    -0.7 0     0.4 0     0.3 0   277.4 0   276.56 0   276.43 0   310.4 0   276.47 0   276.42 0     0.0 0     0.2 0     0.0 0   -33.0 0   -33.0 0     2.8 0    35.6 0     1.3 0   348.6 0   833.2 0
 2019  10  1 10  0 38  0.633  98.46    -1.4 0    -0.7 0     0.4 0     0.3 0   277.6 0   276.59 0   276.40 0   310.9 0   276.45 0   276.40 0     0.0 0     0.2 0     0.0 0   -33.3 0   -33.3 0     2.9 0    35.6 0     0.8 0   330.9 0   833.2 0
 2019  10  1 10  0 39  0.650  98.64    -1.4 0    -0.7 0     0.4 0     0.3 0   277.9 0   276.60 0   276.42 0   310.9 0   276.43 0   276.38 0     0.0 0     0.2 0     0.0 0   -32.9 0   -32.9 0     2.8 0    35.5 0     0.6 0   336.6 0   833.2 0
 2019  10  1 10  0 40  0.667  98.81    -1.4 0    -0.7 0     0.4 0     0.2 0   278.6 0   276.61 0   276.44 0   310.2 0   276.41 0   276.36 0     0.0 0     0.2 0     0.0 0   -31.6 0   -31.6 0     2.8 0    35.2 0     0.1 0   348.8 0   833.1 0
 2019  10  1 10  0 41  0.683  98.99    -1.4 0    -0.7 0     0.4 0     0.1 0   278.6 0   276.63 0   276.45 0   309.9 0   276.40 0   276.34 0     0.0 0     0.2 0     0.0 0   -31.3 0   -31.3 0     2.8 0    35.2 0     0.6 0   345.4 0   833.2 0
 2019  10  1 10  0 42  0.700  99.17    -1.4 0    -0.7 0     0.4 0     0.0 0   278.2 0   276.64 0   276.43 0   309.9 0   276.37 0   276.32 0     0.0 0     0.2 0     0.0 0   -31.8 0   -31.8 0     2.8 0    35.5 0     0.9 0   338.6 0   833.2 0
 2019  10  1 10  0 43  0.717  99.35    -1.4 0    -0.7 0     0.4 0     0.0 0   278.6 0   276.64 0   276.44 0   310.1 0   276.35 0   276.30 0     0.0 0     0.2 0     0.0 0   -31.4 0   -31.4 0     2.7 0    35.2 0     0.0 0   338.2 0   833.2 0
 2019  10  1 10  0 44  0.733  99.53    -1.4 0    -0.9 0     0.4 0     0.1 0   278.9 0   276.64 0   276.49 0   310.3 0   276.34 0   276.28 0     0.0 0     0.2 0     0.0 0   -31.3 0   -31.3 0     2.7 0    35.3 0     0.0 0     0.0 0   833.2 0
 2019  10  1 10  0 45  0.750  99.71    -1.4 0    -1.0 0     0.4 0     0.1 0   278.8 0   276.67 0   276.53 0   310.2 0   276.31 0   276.26 0     0.0 0     0.2 0     0.0 0   -31.4 0   -31.4 0     2.8 0    35.3 0     0.2 0   276.8 0   833.2 0
 2019  10  1 10  0 46  0.767  99.88    -1.4 0    -1.0 0     0.4 0     0.1 0   278.9 0   276.70 0   276.56 0   310.8 0   276.30 0   276.26 0     0.0 0     0.2 0     0.0 0   -31.8 0   -31.8 0     2.8 0    35.5 0     0.8 0   199.0 0   833.2 0
 2019  10  1 10  0 47  0.783 100.06    -1.4 0    -1.0 0     0.4 0     0.3 0   279.7 0   276.73 0   276.60 0   310.3 0   276.28 0   276.24 0     0.0 0     0.2 0     0.0 0   -30.6 0   -30.6 0     2.9 0    35.5 0     0.9 0   140.5 0   833.1 0
 2019  10  1 10  0 48  0.800 100.24    -1.4 0    -1.0 0     0.4 0     0.3 0   280.1 0   276.76 0   276.63 0   310.1 0   276.26 0   276.22 0     0.0 0     0.2 0     0.0 0   -30.0 0   -30.0 0     2.9 0    35.4 0     0.7 0   142.3 0   833.1 0
 2019  10  1 10  0 49  0.817 100.42    -1.4 0    -1.0 0     0.4 0     0.4 0   279.7 0   276.80 0   276.68 0   310.4 0   276.26 0   276.21 0     0.0 0     0.2 0     0.0 0   -30.8 0   -30.8 0     3.0 0    35.4 0     1.1 0   207.5 0   833.1 0
 2019  10  1 10  0 50  0.833 100.60    -1.4 0    -1.0 0     0.4 0     0.3 0   279.2 0   276.84 0   276.69 0   310.7 0   276.25 0   276.21 0     0.0 0     0.2 0     0.0 0   -31.5 0   -31.5 0     3.1 0    35.4 0     0.9 0   230.5 0   833.1 0
 2019  10  1 10  0 51  0.850 100.78    -1.4 0    -1.0 0     0.4 0     0.3 0   280.1 0   276.87 0   276.70 0   310.2 0   276.23 0   276.20 0     0.0 0     0.2 0     0.0 0   -30.1 0   -30.1 0     3.1 0    35.4 0     0.3 0   189.1 0   833.1 0
 2019  10  1 10  0 52  0.867 100.96    -1.4 0    -1.0 0     0.4 0     0.3 0   279.6 0   276.89 0   276.74 0   311.0 0   276.22 0   276.18 0     0.0 0     0.2 0     0.0 0   -31.4 0   -31.4 0     3.1 0    35.4 0     1.5 0   197.9 0   833.1 0
 2019  10  1 10  0 53  0.883 101.14    -1.4 0    -1.1 0     0.4 0     0.3 0   279.7 0   276.92 0   276.76 0   312.2 0   276.21 0   276.18 0     0.0 0     0.2 0     0.0 0   -32.4 0   -32.4 0     3.1 0    35.2 0     1.9 0   201.6 0   833.1 0
 2019  10  1 10  0 54  0.900 101.32    -1.4 0    -1.1 0     0.4 0     0.2 0   280.3 0   276.93 0   276.76 0   313.2 0   276.21 0   276.18 0     0.0 0     0.2 0     0.0 0   -32.9 0   -32.9 0     3.1 0    35.2 0     2.0 0   163.3 0   833.0 0
 2019  10  1 10  0 55  0.917 101.50    -1.4 0    -1.1 0     0.4 0     0.1 0   279.9 0   276.96 0   276.79 0   313.4 0   276.21 0   276.18 0     0.0 0     0.2 0     0.0 0   -33.5 0   -33.5 0     3.1 0    35.3 0     2.0 0   187.9 0   833.0 0
 2019  10  1 10  0 56  0.933 101.68    -1.4 0    -1.0 0     0.4 0     0.0 0   278.7 0   276.96 0   276.74 0   313.6 0   276.21 0   276.17 0     0.0 0     0.2 0     0.0 0   -34.9 0   -34.9 0     3.0 0    35.9 0     1.9 0   228.1 0   833.1 0
 2019  10  1 10  0 57  0.950 101.86    -1.4 0    -0.8 0     0.4 0     0.0 0   279.2 0   276.95 0   276.68 0   313.1 0   276.21 0   276.16 0     0.0 0     0.2 0     0.0 0   -33.9 0   -33.9 0     3.0 0    36.4 0     1.9 0   203.2 0   833.0 0
 2019  10  1 10  0 58  0.967 102.04    -1.4 0    -0.7 0     0.4 0     0.0 0   279.7 0   276.93 0   276.69 0   312.2 0   276.21 0   276.15 0     0.0 0     0.2 0     0.0 0   -32.4 0   -32.4 0     2.9 0    36.9 0     1.7 0   217.2 0   832.9 0
 2019  10  1 10  0 59  0.983 102.22    -1.4 0    -0.7 0     0.4 0     0.0 0   278.9 0   276.90 0   276.61 0   312.9 0   276.19 0   276.14 0     0.0 0     0.2 0     0.0 0   -34.0 0   -34.0 0     2.8 0    37.0 0     2.4 0   223.7 0   833.0 0
 2019  10  1 10  1  0  1.000 102.41    -1.4 0    -1.0 0     0.4 0     0.0 0   279.9 0   276.87 0   276.60 0   313.7 0   276.18 0   276.16 0     0.0 0     0.2 0     0.0 0   -33.8 0   -33.8 0     2.8 0    36.5 0     2.5 0   203.6 0   832.9 0
 2019  10  1 10  1  1  1.017 102.59    -1.4 0    -1.0 0     0.4 0     0.0 0   280.2 0   276.84 0   276.62 0   314.3 0   276.20 0   276.16 0     0.0 0     0.2 0     0.0 0   -34.1 0   -34.1 0     2.7 0    36.1 0     2.3 0   197.8 0   832.9 0
 2019  10  1 10  1  2  1.033 102.77    -1.4 0    -1.0 0     0.4 0     0.0 0   279.9 0   276.84 0   276.63 0   314.6 0   276.21 0   276.16 0     0.0 0     0.2 0     0.0 0   -34.6 0   -34.6 0     2.7 0    36.0 0     2.0 0   224.6 0   832.9 0
 2019  10  1 10  1  3  1.050 102.95    -1.4 0    -1.0 0     0.4 0     0.0 0   278.7 0   276.82 0   276.56 0   314.4 0   276.21 0   276.16 0     0.0 0     0.2 0     0.0 0   -35.6 0   -35.6 0     2.8 0    36.3 0     2.5 0   221.6 0   833.0 0
 2019  10  1 10  1  4  1.067 103.13    -1.4 0    -1.0 0     0.4 0     0.0 0   279.7 0   276.79 0   276.56 0   314.3 0   276.21 0   276.17 0     0.0 0     0.2 0     0.0 0   -34.6 0   -34.6 0     2.7 0    36.1 0     2.3 0   196.2 0   832.9 0
 2019  10  1 10  1  5  1.083 103.31    -1.4 0    -1.0 0     0.4 0     0.0 0   280.6 0   276.79 0   276.59 0   314.8 0   276.21 0   276.20 0     0.0 0     0.2 0     0.0 0   -34.2 0   -34.2 0     2.8 0    35.8 0     2.5 0   179.0 0   832.8 0
 2019  10  1 10  1  6  1.100 103.49    -1.4 0    -1.0 0     0.4 0     0.0 0   280.1 0   276.79 0   276.61 0   315.7 0   276.23 0   276.21 0     0.0 0     0.2 0     0.0 0   -35.6 0   -35.6 0     2.8 0    36.0 0     2.8 0   191.6 0   832.9 0
 2019  10  1 10  1  7  1.117 103.68    -1.4 0    -1.0 0     0.4 0     0.1 0   279.2 0   276.79 0   276.62 0   316.2 0   276.25 0   276.21 0     0.0 0     0.2 0     0.0 0   -37.0 0   -37.0 0     2.9 0    36.2 0     3.3 0   202.7 0   832.9 0
 2019  10  1 10  1  8  1.133 103.86    -1.4 0    -1.0 0     0.4 0     0.0 0   279.6 0   276.81 0   276.60 0   316.7 0   276.26 0   276.23 0     0.0 0     0.2 0     0.0 0   -37.1 0   -37.1 0     2.8 0    36.2 0     3.7 0   194.5 0   832.9 0
 2019  10  1 10  1  9  1.150 104.04    -1.4 0    -1.0 0     0.4 0     0.0 0   279.8 0   276.81 0   276.63 0   317.5 0   276.27 0   276.27 0     0.0 0     0.2 0     0.0 0   -37.7 0   -37.7 0     2.9 0    36.0 0     3.7 0   181.9 0   832.8 0
 2019  10  1 10  1 10  1.167 104.22    -1.4 0    -1.0 0     0.4 0     0.0 0   278.4 0   276.82 0   276.63 0   317.3 0   276.30 0   276.28 0     0.0 0     0.2 0     0.0 0   -38.9 0   -38.9 0     2.9 0    36.3 0     3.8 0   215.8 0   832.9 0
 2019  10  1 10  1 11  1.183 104.41    -1.4 0    -0.9 0     0.4 0     0.0 0   278.6 0   276.84 0   276.61 0   316.8 0   276.30 0   276.28 0     0.0 0     0.2 0     0.0 0   -38.2 0   -38.2 0     2.9 0    36.6 0     3.5 0   206.6 0   832.9 0
 2019  10  1 10  1 12  1.200 104.59    -1.4 0    -1.0 0     0.4 0     0.0 0   279.3 0   276.84 0   276.66 0   317.7 0   276.32 0   276.30 0     0.0 0     0.2 0     0.0 0   -38.4 0   -38.4 0     2.9 0    36.3 0     3.2 0   193.4 0   832.8 0
 2019  10  1 10  1 13  1.217 104.77    -1.4 0    -1.0 0     0.4 0     0.0 0   279.1 0   276.85 0   276.70 0   318.3 0   276.34 0   276.32 0     0.0 0     0.2 0     0.0 0   -39.2 0   -39.2 0     3.0 0    36.3 0     3.3 0   199.9 0   832.7 0
 2019  10  1 10  1 14  1.233 104.96    -1.4 0    -0.8 0     0.4 0     0.1 0   278.4 0   276.88 0   276.72 0   318.6 0   276.35 0   276.33 0     0.0 0     0.2 0     0.0 0   -40.2 0   -40.2 0     3.1 0    36.5 0     4.0 0   202.5 0   832.8 0
 2019  10  1 10  1 15  1.250 105.14    -1.4 0    -1.0 0     0.4 0     0.1 0   278.2 0   276.90 0   276.72 0   319.7 0   276.37 0   276.35 0     0.0 0     0.2 0     0.0 0   -41.5 0   -41.5 0     3.0 0    36.4 0     4.9 0   201.8 0   832.7 0
 2019  10  1 10  1 16  1.267 105.32    -1.8 0    -1.0 0     0.4 0     0.1 0   279.2 0   276.92 0   276.74 0   320.1 0   276.40 0   276.39 0     0.0 0     0.2 0     0.0 0   -41.0 0   -41.0 0     3.0 0    36.4 0     4.2 0   191.9 0   832.7 0
 2019  10  1 10  1 17  1.283 105.51    -1.5 0    -0.7 0     0.4 0     0.0 0   278.0 0   276.93 0   276.74 0   319.2 0   276.40 0   276.38 0     0.0 0     0.2 0     0.0 0   -41.2 0   -41.2 0     3.0 0    36.9 0     4.2 0   217.1 0   832.7 0
 2019  10  1 10  1 18  1.300 105.69    -1.4 0    -0.7 0     0.4 0     0.1 0   276.7 0   276.94 0   276.74 0   319.2 0   276.42 0   276.40 0     0.0 0     0.2 0     0.0 0   -42.5 0   -42.5 0     3.0 0    37.0 0     4.2 0   218.5 0   832.8 0
 2019  10  1 10  1 19  1.317 105.87    -1.4 0    -0.7 0     0.4 0     0.1 0   277.5 0   276.96 0   276.78 0   319.9 0   276.43 0   276.41 0     0.0 0     0.2 0     0.0 0   -42.5 0   -42.5 0     3.0 0    36.9 0     4.4 0   208.9 0   832.7 0
 2019  10  1 10  1 20  1.333 106.06    -1.7 0    -0.7 0     0.4 0     0.1 0   277.3 0   276.98 0   276.79 0   320.2 0   276.45 0   276.43 0     0.0 0     0.2 0     0.0 0   -42.9 0   -42.9 0     3.1 0    36.7 0     4.0 0   216.1 0   832.7 0
 2019  10  1 10  1 21  1.350 106.24    -1.6 0    -0.9 0     0.4 0     0.1 0   277.2 0   276.99 0   276.84 0   320.2 0   276.46 0   276.46 0     0.0 0     0.2 0     0.0 0   -43.1 0   -43.1 0     3.1 0    36.5 0     3.9 0   211.4 0   832.7 0
 2019  10  1 10  1 22  1.367 106.43    -1.8 0    -0.9 0     0.4 0     0.1 0   277.3 0   277.03 0   276.86 0   320.5 0   276.49 0   276.47 0     0.0 0     0.2 0     0.0 0   -43.2 0   -43.2 0     3.2 0    36.6 0     3.9 0   214.7 0   832.7 0
 2019  10  1 10  1 23  1.383 106.61    -1.6 0    -0.9 0     0.4 0     0.1 0   277.2 0   277.05 0   276.88 0   320.7 0   276.50 0   276.48 0     0.0 0     0.2 0     0.0 0   -43.5 0   -43.5 0     3.2 0    36.8 0     4.3 0   211.0 0   832.6 0
 2019  10  1 10  1 24  1.400 106.80    -1.8 0    -1.0 0     0.4 0     0.1 0   277.2 0   277.07 0   276.90 0   320.7 0   276.52 0   276.52 0     0.0 0     0.2 0     0.0 0   -43.5 0   -43.5 0     3.2 0    36.9 0     3.8 0   215.6 0   832.6 0
 2019  10  1 10  1 25  1.417 106.98    -1.8 0    -0.8 0     0.3 0     0.1 0   277.2 0   277.09 0   276.91 0   320.6 0   276.53 0   276.52 0     0.0 0     0.2 0     0.0 0   -43.4 0   -43.4 0     3.2 0    37.0 0     3.7 0   213.6 0   832.6 0
 2019  10  1 10  1 26  1.433 107.17    -1.8 0    -0.9 0     0.4 0     0.2 0   276.7 0   277.12 0   276.95 0   320.9 0   276.55 0   276.55 0     0.0 0     0.2 0     0.0 0   -44.2 0   -44.2 0     3.3 0    37.2 0     4.3 0   219.4 0   832.7 0
 2019  10  1 10  1 27  1.450 107.35    -2.1 0    -1.0 0     0.3 0     0.1 0   277.4 0   277.14 0   277.00 0   321.1 0   276.56 0   276.56 0     0.0 0     0.2 0     0.0 0   -43.7 0   -43.7 0     3.3 0    37.0 0     4.9 0   216.7 0   832.6 0
 2019  10  1 10  1 28  1.467 107.54    -2.2 0    -1.2 0     0.1 0     0.2 0   277.6 0   277.17 0   277.01 0   321.6 0   276.59 0   276.59 0     0.0 0     0.2 0     0.0 0   -44.0 0   -44.0 0     3.4 0    36.5 0     4.2 0   213.2 0   832.6 0
 2019  10  1 10  1 29  1.483 107.72    -1.9 0    -1.0 0     0.2 0     0.2 0   277.2 0   277.20 0   277.03 0   321.0 0   276.62 0   276.60 0     0.0 0     0.2 0     0.0 0   -43.8 0   -43.8 0     3.4 0    36.7 0     3.4 0   209.5 0   832.5 0
 2019  10  1 10  1 30  1.500 107.91    -1.8 0    -0.7 0     0.3 0     0.1 0   276.4 0   277.22 0   277.03 0   319.8 0   276.64 0   276.60 0     0.0 0     0.2 0     0.0 0   -43.4 0   -43.4 0     3.4 0    37.2 0     2.6 0   220.0 0   832.6 0
 2019  10  1 10  1 31  1.517 108.09    -1.5 0    -0.7 0     0.4 0     0.1 0   276.4 0   277.24 0   277.06 0   320.1 0   276.65 0   276.62 0     0.0 0     0.2 0     0.0 0   -43.7 0   -43.7 0     3.4 0    37.3 0     3.5 0   224.8 0   832.6 0
 2019  10  1 10  1 32  1.533 108.28    -1.7 0    -0.9 0     0.4 0     0.1 0   277.4 0   277.26 0   277.08 0   320.9 0   276.66 0   276.65 0     0.0 0     0.2 0     0.0 0   -43.5 0   -43.5 0     3.4 0    37.0 0     3.7 0   218.9 0   832.6 0
 2019  10  1 10  1 33  1.550 108.46    -1.8 0    -1.0 0     0.3 0     0.1 0   277.9 0   277.27 0   277.11 0   321.5 0   276.68 0   276.69 0     0.0 0     0.2 0     0.0 0   -43.7 0   -43.7 0     3.4 0    36.6 0     3.8 0   218.1 0   832.6 0
 2019  10  1 10  1 34  1.567 108.65    -1.8 0    -1.0 0     0.2 0     0.1 0   277.4 0   277.30 0   277.15 0   321.8 0   276.70 0   276.69 0     0.0 0     0.2 0     0.0 0   -44.4 0   -44.4 0     3.5 0    36.7 0     4.8 0   229.7 0   832.6 0
 2019  10  1 10  1 35  1.583 108.83    -2.0 0    -1.0 0     0.0 0     0.0 0   277.8 0   277.33 0   277.17 0   321.4 0   276.72 0   276.71 0     0.0 0     0.2 0     0.0 0   -43.6 0   -43.6 0     3.6 0    36.8 0     4.9 0   221.6 0   832.6 0
 2019  10  1 10  1 36  1.600 109.02    -1.8 0    -1.0 0     0.0 0     0.0 0   277.7 0   277.36 0   277.16 0   321.2 0   276.75 0   276.74 0     0.0 0     0.2 0     0.0 0   -43.5 0   -43.5 0     3.5 0    36.7 0     4.7 0   219.1 0   832.6 0
 2019  10  1 10  1 37  1.617 109.21    -1.5 0    -1.0 0     0.1 0     0.0 0   277.2 0   277.37 0   277.18 0   321.6 0   276.77 0   276.76 0     0.0 0     0.2 0     0.0 0   -44.4 0   -44.4 0     3.4 0    36.9 0     4.3 0   216.2 0   832.6 0
 2019  10  1 10  1 38  1.633 109.39    -1.4 0    -1.0 0     0.1 0     0.0 0   278.3 0   277.37 0   277.16 0   321.7 0   276.79 0   276.77 0     0.0 0     0.2 0     0.0 0   -43.3 0   -43.3 0     3.4 0    37.2 0     3.2 0   204.5 0   832.5 0
 2019  10  1 10  1 39  1.650 109.58    -1.4 0    -0.7 0     0.1 0     0.0 0   278.4 0   277.37 0   277.18 0   320.7 0   276.79 0   276.77 0     0.0 0     0.2 0     0.0 0   -42.3 0   -42.3 0     3.4 0    37.3 0     2.7 0   207.1 0   832.5 0
 2019  10  1 10  1 40  1.667 109.76    -1.4 0    -0.7 0     0.0 0     0.0 0   278.3 0   277.37 0   277.18 0   320.0 0   276.79 0   276.77 0     0.0 0     0.2 0     0.0 0   -41.7 0   -41.7 0     3.4 0    37.4 0     2.4 0   203.8 0   832.5 0
 2019  10  1 10  1 41  1.683 109.95    -1.4 0    -0.7 0     0.1 0     0.0 0   276.7 0   277.37 0   277.18 0   318.8 0   276.79 0   276.76 0     0.0 0     0.2 0     0.0 0   -42.1 0   -42.1 0     3.4 0    37.6 0     2.3 0   217.3 0   832.5 0
 2019  10  1 10  1 42  1.700 110.14    -1.4 0    -0.7 0     0.1 0     0.0 0   277.2 0   277.38 0   277.17 0   318.4 0   276.79 0   276.76 0     0.0 0     0.2 0     0.0 0   -41.2 0   -41.2 0     3.3 0    37.8 0     2.0 0   196.7 0   832.5 0
 2019  10  1 10  1 43  1.717 110.32    -1.4 0    -0.7 0     0.1 0     0.0 0   277.1 0   277.38 0   277.17 0   319.4 0   276.79 0   276.76 0     0.0 0     0.2 0     0.0 0   -42.3 0   -42.3 0     3.3 0    37.9 0     2.6 0   190.4 0   832.5 0
 2019  10  1 10  1 44  1.733 110.51    -1.4 0    -0.7 0     0.1 0     0.0 0   277.7 0   277.37 0   277.16 0   319.6 0   276.79 0   276.76 0     0.0 0     0.2 0     0.0 0   -41.8 0   -41.8 0     3.3 0    38.0 0     3.0 0   170.0 0   832.4 0
 2019  10  1 10  1 45  1.750 110.70    -1.4 0    -0.7 0     0.0 0     0.0 0   277.1 0   277.37 0   277.18 0   319.2 0   276.79 0   276.76 0     0.0 0     0.2 0     0.0 0   -42.0 0   -42.0 0     3.4 0    38.1 0     2.7 0   175.3 0   832.5 0
 2019  10  1 10  1 46  1.767 110.89    -1.4 0    -0.7 0     0.0 0     0.0 0   276.3 0   277.38 0   277.18 0   319.0 0   276.79 0   276.77 0     0.0 0     0.2 0     0.0 0   -42.7 0   -42.7 0     3.3 0    38.2 0     2.8 0   187.9 0   832.5 0
 2019  10  1 10  1 47  1.783 111.07    -1.4 0    -0.6 0     0.0 0     0.0 0   277.1 0   277.37 0   277.16 0   319.0 0   276.79 0   276.74 0     0.0 0     0.2 0     0.0 0   -41.9 0   -41.9 0     3.3 0    38.5 0     2.6 0   196.7 0   832.5 0
 2019  10  1 10  1 48  1.800 111.26    -1.4 0    -0.7 0     0.1 0     0.0 0   277.9 0   277.37 0   277.15 0   319.7 0   276.79 0   276.74 0     0.0 0     0.2 0     0.0 0   -41.8 0   -41.8 0     3.3 0    38.5 0     3.0 0   184.0 0   832.4 0
 2019  10  1 10  1 49  1.817 111.45    -1.4 0    -0.6 0     0.2 0     0.0 0   278.3 0   277.37 0   277.15 0   319.2 0   276.78 0   276.74 0     0.0 0     0.2 0     0.0 0   -40.9 0   -40.9 0     3.3 0    38.5 0     3.2 0   192.5 0   832.4 0
 2019  10  1 10  1 50  1.833 111.63    -1.4 0    -0.7 0     0.1 0     0.0 0   279.2 0   277.37 0   277.15 0   319.3 0   276.76 0   276.74 0     0.0 0     0.2 0     0.0 0   -40.1 0   -40.1 0     3.3 0    38.1 0     3.6 0   187.2 0   832.3 0
 2019  10  1 10  1 51  1.850 111.82    -1.4 0    -0.7 0     0.1 0     0.0 0   278.4 0   277.37 0   277.15 0   319.7 0   276.77 0   276.74 0     0.0 0     0.2 0     0.0 0   -41.4 0   -41.4 0     3.3 0    37.9 0     4.2 0   194.3 0   832.3 0
 2019  10  1 10  1 52  1.867 112.01    -1.4 0    -0.7 0     0.1 0     0.0 0   278.5 0   277.37 0   277.15 0   319.9 0   276.78 0   276.74 0     0.0 0     0.2 0     0.0 0   -41.4 0   -41.4 0     3.3 0    37.8 0     3.9 0   193.8 0   832.3 0
 2019  10  1 10  1 53  1.883 112.20    -1.4 0    -0.7 0     0.1 0     0.0 0   277.9 0   277.37 0   277.11 0   319.7 0   276.77 0   276.74 0     0.0 0     0.2 0     0.0 0   -41.8 0   -41.8 0     3.2 0    37.8 0     4.1 0   202.5 0   832.4 0
 2019  10  1 10  1 54  1.900 112.39    -1.4 0    -0.7 0     0.3 0     0.0 0   278.8 0   277.34 0   277.09 0   320.4 0   276.79 0   276.74 0     0.0 0     0.2 0     0.0 0   -41.7 0   -41.7 0     3.1 0    37.6 0     3.5 0   205.9 0   832.3 0
 2019  10  1 10  1 55  1.917 112.57    -1.4 0    -0.7 0     0.3 0     0.0 0   278.1 0   277.32 0   277.08 0   320.5 0   276.79 0   276.74 0     0.0 0     0.2 0     0.0 0   -42.4 0   -42.4 0     3.1 0    37.4 0     4.1 0   205.7 0   832.4 0
 2019  10  1 10  1 56  1.933 112.76    -1.4 0    -0.7 0     0.2 0     0.0 0   279.0 0   277.32 0   277.09 0   321.1 0   276.79 0   276.76 0     0.0 0     0.2 0     0.0 0   -42.1 0   -42.1 0     3.1 0    37.5 0     3.9 0   200.0 0   832.3 0
 2019  10  1 10  1 57  1.950 112.95    -1.4 0    -0.8 0     0.1 0     0.0 0   279.0 0   277.32 0   277.10 0   321.4 0   276.79 0   276.78 0     0.0 0     0.2 0     0.0 0   -42.4 0   -42.4 0     3.2 0    37.1 0     4.1 0   196.6 0   832.3 0
 2019  10  1 10  1 58  1.967 113.14    -1.4 0    -0.8 0     0.0 0     0.0 0   279.0 0   277.32 0   277.10 0   321.0 0   276.81 0   276.79 0     0.0 0     0.2 0     0.0 0   -42.0 0   -42.0 0     3.2 0    37.2 0     3.1 0   192.4 0   832.2 0
 2019  10  1 10  1 59  1.983 113.33    -1.4 0    -0.7 0     0.1 0     0.0 0   279.2 0   277.32 0   277.11 0   320.9 0   276.81 0   276.79 0     0.0 0     0.2 0     0.0 0   -41.7 0   -41.7 0     3.3 0    37.3 0     3.3 0   192.1 0   832.2 0
 2019  10  1 10  2  0  2.000 113.51    -1.4 0    -0.7 0     0.1 0     0.0 0   278.7 0   277.32 0   277.12 0   321.3 0   276.82 0   276.81 0     0.0 0     0.2 0     0.0 0   -42.6 0   -42.6 0     3.3 0    37.3 0     4.1 0   183.0 0   832.2 0
 2019  10  1 10  2  1  2.017 113.70    -1.4 0    -0.7 0     0.1 0     0.0 0   278.0 0   277.32 0   277.12 0   321.1 0   276.84 0   276.82 0     0.0 0     0.2 0     0.0 0   -43.1 0   -43.1 0     3.3 0    37.5 0     4.0 0   180.8 0   832.2 0
 2019  10  1 10  2  2  2.033 113.89    -1.4 0    -0.7 0     0.0 0     0.0 0   278.2 0   277.32 0   277.13 0   321.0 0   276.84 0   276.81 0     0.0 0     0.2 0     0.0 0   -42.8 0   -42.8 0     3.3 0    37.9 0     3.7 0   173.5 0   832.2 0
 2019  10  1 10  2  3  2.050 114.08    -1.4 0    -0.7 0     0.0 0     0.0 0   277.3 0   277.32 0   277.12 0   320.8 0   276.84 0   276.79 0     0.0 0     0.2 0     0.0 0   -43.5 0   -43.5 0     3.3 0    38.2 0     3.7 0   183.0 0   832.2 0
 2019  10  1 10  2  4  2.067 114.27    -1.4 0    -0.4 0     0.3 0     0.0 0   276.6 0   277.32 0   277.10 0   320.0 0   276.83 0   276.79 0     0.0 0     0.2 0     0.0 0   -43.4 0   -43.4 0     3.3 0    38.5 0     3.0 0   186.3 0   832.3 0
 2019  10  1 10  2  5  2.083 114.46    -1.4 0    -0.3 0     0.3 0     0.0 0   276.9 0   277.32 0   277.10 0   319.0 0   276.81 0   276.78 0     0.0 0     0.2 0     0.0 0   -42.1 0   -42.1 0     3.2 0    38.6 0     2.4 0   181.6 0   832.3 0
 2019  10  1 10  2  6  2.100 114.64    -1.4 0    -0.3 0     0.4 0     0.0 0   277.1 0   277.32 0   277.10 0   318.3 0   276.81 0   276.76 0     0.0 0     0.2 0     0.0 0   -41.2 0   -41.2 0     3.2 0    38.7 0     2.0 0   146.3 0   832.2 0
 2019  10  1 10  2  7  2.117 114.83    -1.4 0    -0.3 0     0.3 0     0.0 0   276.6 0   277.32 0   277.09 0   317.0 0   276.80 0   276.73 0     0.0 0     0.2 0     0.0 0   -40.3 0   -40.3 0     3.2 0    39.0 0     2.0 0    93.4 0   832.2 0
 2019  10  1 10  2  8  2.133 115.02    -1.0 0     0.2 0     0.4 0     0.0 0   274.0 0   277.30 0   276.90 0   314.2 0   276.76 0   276.62 0     0.0 0     0.2 0     0.0 0   -40.2 0   -40.2 0     3.0 0    40.8 0     1.7 0    48.5 0   832.3 0
 2019  10  1 10  2  9  2.150 115.21    -0.5 0     0.2 0     0.4 0    -0.2 0   274.3 0   277.22 0   276.73 0   312.5 0   276.70 0   276.57 0     0.0 0     0.2 0     0.0 0   -38.3 0   -38.3 0     2.5 0    42.5 0     1.3 0    11.4 0   832.3 0
 2019  10  1 10  2 10  2.167 115.40    -0.5 0    -0.1 0     0.4 0    -0.4 0   275.3 0   277.12 0   276.62 0   311.9 0   276.64 0   276.55 0     0.0 0     0.2 0     0.0 0   -36.6 0   -36.6 0     2.2 0    43.2 0     0.5 0   324.7 0   832.3 0
 2019  10  1 10  2 11  2.183 115.59    -0.5 0    -0.6 0     0.4 0    -0.4 0   277.1 0   277.00 0   276.57 0   311.7 0   276.59 0   276.52 0     0.0 0     0.2 0     0.0 0   -34.5 0   -34.5 0     2.0 0    43.0 0     1.4 0   190.9 0   832.2 0
 2019  10  1 10  2 12  2.200 115.78    -0.5 0    -0.7 0     0.4 0    -0.2 0   278.7 0   276.91 0   276.62 0   312.5 0   276.56 0   276.50 0     0.0 0     0.2 0     0.0 0   -33.9 0   -33.9 0     2.0 0    42.1 0     2.3 0   187.3 0   832.1 0
 2019  10  1 10  2 13  2.217 115.97    -0.6 0    -1.0 0     0.4 0     0.0 0   278.4 0   276.87 0   276.64 0   314.9 0   276.53 0   276.49 0     0.0 0     0.2 0     0.0 0   -36.5 0   -36.5 0     2.4 0    41.0 0     2.6 0   188.8 0   832.2 0
 2019  10  1 10  2 14  2.233 116.16    -0.8 0    -0.9 0     0.4 0     0.0 0   277.3 0   276.85 0   276.59 0   315.3 0   276.52 0   276.46 0     0.0 0     0.2 0     0.0 0   -38.1 0   -38.1 0     2.5 0    40.7 0     2.1 0   173.4 0   832.2 0
 2019  10  1 10  2 15  2.250 116.35    -0.5 0    -0.7 0     0.4 0     0.0 0   276.6 0   276.82 0   276.48 0   314.5 0   276.49 0   276.41 0     0.0 0     0.2 0     0.0 0   -37.9 0   -37.9 0     2.4 0    41.2 0     1.9 0   128.6 0   832.2 0
 2019  10  1 10  2 16  2.267 116.54    -0.5 0    -0.5 0     0.4 0     0.0 0   276.2 0   276.77 0   276.41 0   313.3 0   276.45 0   276.37 0     0.0 0     0.2 0     0.0 0   -37.1 0   -37.1 0     2.2 0    42.0 0     1.7 0    88.2 0   832.2 0
 2019  10  1 10  2 17  2.283 116.73    -0.5 0    -0.2 0     0.4 0     0.0 0   274.8 0   276.70 0   276.28 0   312.5 0   276.40 0   276.30 0     0.0 0     0.2 0     0.0 0   -37.7 0   -37.7 0     1.9 0    42.8 0     3.0 0    53.9 0   832.2 0
 2019  10  1 10  2 18  2.300 116.92    -0.5 0     0.1 0     0.4 0    -0.1 0   275.0 0   276.62 0   276.14 0   312.3 0   276.34 0   276.23 0     0.0 0     0.2 0     0.0 0   -37.3 0   -37.3 0     1.5 0    44.1 0     3.6 0    60.4 0   832.2 0
 2019  10  1 10  2 19  2.317 117.10    -0.5 0     0.0 0     0.4 0    -0.4 0   276.1 0   276.52 0   276.06 0   312.8 0   276.27 0   276.18 0     0.0 0     0.2 0     0.0 0   -36.7 0   -36.7 0     1.2 0    44.4 0     3.6 0    83.5 0   832.1 0
 2019  10  1 10  2 20  2.333 117.29    -0.5 0     0.0 0     0.4 0    -0.4 0   276.9 0   276.43 0   276.01 0   313.0 0   276.21 0   276.12 0     0.0 0     0.2 0     0.0 0   -36.1 0   -36.1 0     1.2 0    44.4 0     3.6 0    96.7 0   832.1 0
 2019  10  1 10  2 21  2.350 117.48    -0.5 0     0.0 0     0.4 0    -0.3 0   277.2 0   276.35 0   275.97 0   313.0 0   276.15 0   276.07 0     0.0 0     0.2 0     0.0 0   -35.8 0   -35.8 0     1.3 0    44.5 0     2.9 0    81.4 0   832.2 0
 2019  10  1 10  2 22  2.367 117.67    -0.5 0     0.0 0     0.4 0    -0.1 0   276.0 0   276.29 0   275.92 0   311.9 0   276.10 0   275.99 0     0.0 0     0.2 0     0.0 0   -35.9 0   -35.9 0     1.3 0    44.8 0     2.3 0    36.7 0   832.3 0
 2019  10  1 10  2 23  2.383 117.86    -0.5 0     0.0 0     0.4 0     0.0 0   275.6 0   276.22 0   275.79 0   312.3 0   276.04 0   275.95 0     0.0 0     0.2 0     0.0 0   -36.6 0   -36.6 0     1.2 0    45.0 0     2.8 0    39.8 0   832.3 0
 2019  10  1 10  2 24  2.400 118.05    -0.5 0    -0.3 0     0.4 0     0.0 0   276.9 0   276.13 0   275.75 0   312.7 0   275.99 0   275.92 0     0.0 0     0.2 0     0.0 0   -35.9 0   -35.9 0     1.0 0    44.1 0     3.1 0    53.8 0   832.2 0
 2019  10  1 10  2 25  2.417 118.24    -0.5 0    -0.7 0     0.4 0     0.0 0   278.0 0   276.06 0   275.74 0   312.4 0   275.96 0   275.90 0     0.0 0     0.2 0     0.0 0   -34.4 0   -34.4 0     1.1 0    43.3 0     3.1 0    59.6 0   832.2 0
 2019  10  1 10  2 26  2.433 118.43    -0.5 0    -0.7 0     0.4 0     0.0 0   278.3 0   276.01 0   275.70 0   312.0 0   275.93 0   275.87 0     0.0 0     0.2 0     0.0 0   -33.7 0   -33.7 0     1.2 0    42.6 0     2.6 0    66.8 0   832.2 0
 2019  10  1 10  2 27  2.450 118.62    -0.5 0    -0.7 0     0.4 0     0.0 0   278.8 0   275.97 0   275.68 0   311.3 0   275.92 0   275.86 0     0.0 0     0.2 0     0.0 0   -32.5 0   -32.5 0     1.3 0    42.3 0     2.1 0    70.9 0   832.2 0
 2019  10  1 10  2 28  2.467 118.81    -0.5 0    -0.8 0     0.4 0     0.0 0   279.5 0   275.94 0   275.73 0   310.9 0   275.89 0   275.84 0     0.0 0     0.2 0     0.0 0   -31.4 0   -31.4 0     1.4 0    41.9 0     2.6 0    94.3 0   832.2 0
 2019  10  1 10  2 29  2.483 119.00    -0.5 0    -1.1 0     0.4 0     0.0 0   280.2 0   275.94 0   275.79 0   310.9 0   275.89 0   275.86 0     0.0 0     0.2 0     0.0 0   -30.7 0   -30.7 0     1.6 0    41.0 0     2.8 0   112.4 0   832.1 0
 2019  10  1 10  2 30  2.500 119.19    -0.8 0    -1.2 0     0.4 0     0.2 0   280.2 0   275.97 0   275.89 0   310.9 0   275.89 0   275.87 0     0.0 0     0.2 0     0.0 0   -30.8 0   -30.8 0     2.0 0    40.1 0     2.0 0   106.8 0   832.2 0
 2019  10  1 10  2 31  2.517 119.38    -1.3 0    -1.0 0     0.4 0     0.3 0   279.5 0   276.03 0   275.93 0   310.8 0   275.92 0   275.87 0     0.0 0     0.2 0     0.0 0   -31.3 0   -31.3 0     2.2 0    39.7 0     2.2 0    88.7 0   832.2 0
 2019  10  1 10  2 32  2.533 119.58    -1.3 0    -1.0 0     0.4 0     0.4 0   280.2 0   276.08 0   275.95 0   313.0 0   275.91 0   275.87 0     0.0 0     0.2 0     0.0 0   -32.8 0   -32.8 0     2.3 0    40.1 0     2.9 0    88.7 0   832.0 0
 2019  10  1 10  2 33  2.550 119.77    -1.4 0    -1.0 0     0.4 0     0.3 0   280.3 0   276.12 0   275.99 0   314.5 0   275.92 0   275.87 0     0.0 0     0.2 0     0.0 0   -34.2 0   -34.2 0     2.4 0    40.4 0     2.6 0    89.7 0   832.0 0
 2019  10  1 10  2 34  2.567 119.96    -1.4 0    -0.8 0     0.4 0     0.3 0   279.8 0   276.16 0   276.01 0   313.4 0   275.92 0   275.87 0     0.0 0     0.2 0     0.0 0   -33.6 0   -33.6 0     2.4 0    40.7 0     2.1 0    59.5 0   832.1 0
 2019  10  1 10  2 35  2.583 120.15    -1.4 0    -0.6 0     0.4 0     0.3 0   279.2 0   276.19 0   275.99 0   312.9 0   275.91 0   275.84 0     0.0 0     0.2 0     0.0 0   -33.6 0   -33.6 0     2.3 0    41.3 0     3.2 0    35.0 0   832.1 0
 2019  10  1 10  2 36  2.600 120.34    -0.7 0     0.5 0     0.4 0     0.0 0   276.5 0   276.19 0   275.79 0   311.6 0   275.87 0   275.71 0     0.0 0     0.2 0     0.0 0   -35.0 0   -35.0 0     1.8 0    43.9 0     4.4 0    12.5 0   832.1 0
 2019  10  1 10  2 37  2.617 120.53    -0.5 0     0.9 0     0.4 0     0.0 0   276.5 0   276.11 0   275.61 0   310.9 0   275.79 0   275.64 0     0.0 0     0.2 0     0.0 0   -34.4 0   -34.4 0     1.0 0    46.0 0     3.3 0    14.3 0   832.1 0
 2019  10  1 10  2 38  2.633 120.72    -0.5 0     1.0 0     0.4 0     0.0 0   276.1 0   275.99 0   275.47 0   310.0 0   275.71 0   275.54 0     0.0 0     0.2 0     0.0 0   -33.9 0   -33.9 0     0.5 0    47.3 0     3.1 0    13.4 0   832.2 0
 2019  10  1 10  2 39  2.650 120.91    -0.5 0     1.2 0     0.4 0    -0.3 0   274.9 0   275.86 0   275.34 0   309.4 0   275.61 0   275.43 0     0.0 0     0.2 0     0.0 0   -34.6 0   -34.6 0     0.2 0    48.5 0     3.9 0     6.5 0   832.2 0
 2019  10  1 10  2 40  2.667 121.10    -0.2 0     1.3 0     0.4 0    -0.3 0   274.7 0   275.72 0   275.19 0   309.2 0   275.50 0   275.33 0     0.0 0     0.2 0     0.0 0   -34.5 0   -34.5 0     0.0 0    49.5 0     3.5 0     5.6 0   832.2 0
 2019  10  1 10  2 41  2.683 121.29     0.4 0     0.8 0     0.4 0    -0.4 0   274.6 0   275.58 0   275.02 0   308.3 0   275.39 0   275.26 0     0.0 0     0.2 0     0.0 0   -33.7 0   -33.7 0    -0.2 0    49.8 0     2.5 0     6.4 0   832.3 0
 2019  10  1 10  2 42  2.700 121.48     0.5 0     0.4 0     0.4 0    -0.4 0   274.4 0   275.43 0   274.86 0   308.0 0   275.30 0   275.17 0     0.0 0     0.2 0     0.0 0   -33.6 0   -33.6 0    -0.3 0    50.0 0     3.2 0     9.5 0   832.2 0
 2019  10  1 10  2 43  2.717 121.67     0.5 0     0.5 0     0.4 0    -0.4 0   274.4 0   275.28 0   274.74 0   308.4 0   275.21 0   275.08 0     0.0 0     0.2 0     0.0 0   -34.0 0   -34.0 0    -0.5 0    50.0 0     4.2 0    10.6 0   832.2 0
 2019  10  1 10  2 44  2.733 121.86     0.5 0     0.4 0     0.4 0    -0.4 0   275.3 0   275.14 0   274.66 0   308.8 0   275.13 0   275.01 0     0.0 0     0.2 0     0.0 0   -33.5 0   -33.5 0    -0.6 0    49.4 0     4.1 0    11.8 0   832.1 0
 2019  10  1 10  2 45  2.750 122.05     0.5 0     0.5 0     0.4 0    -0.2 0   274.9 0   275.02 0   274.56 0   308.6 0   275.05 0   274.92 0     0.0 0     0.2 0     0.0 0   -33.7 0   -33.7 0    -0.5 0    49.4 0     3.8 0     2.1 0   832.1 0
 2019  10  1 10  2 46  2.767 122.24     0.5 0     0.5 0     0.4 0    -0.2 0   274.8 0   274.90 0   274.44 0   308.9 0   274.97 0   274.85 0     0.0 0     0.2 0     0.0 0   -34.1 0   -34.1 0    -0.6 0    49.2 0     4.6 0    10.2 0   832.0 0
 2019  10  1 10  2 47  2.783 122.43     0.5 0     0.3 0     0.4 0    -0.1 0   274.9 0   274.79 0   274.38 0   309.0 0   274.89 0   274.79 0     0.0 0     0.2 0     0.0 0   -34.1 0   -34.1 0    -0.5 0    48.5 0     4.7 0    11.3 0   832.1 0
 2019  10  1 10  2 48  2.800 122.63     0.5 0     0.3 0     0.4 0     0.0 0   273.8 0   274.69 0   274.27 0   308.5 0   274.83 0   274.72 0     0.0 0     0.2 0     0.0 0   -34.6 0   -34.6 0    -0.5 0    48.8 0     4.2 0   356.9 0   832.2 0
 2019  10  1 10  2 49  2.817 122.82     0.5 0     0.2 0     0.4 0     0.0 0   273.7 0   274.59 0   274.17 0   308.3 0   274.76 0   274.67 0     0.0 0     0.2 0     0.0 0   -34.6 0   -34.6 0    -0.5 0    48.7 0     3.4 0   358.2 0   832.2 0
 2019  10  1 10  2 50  2.833 123.01     0.2 0     0.0 0     0.4 0     0.0 0   274.2 0   274.50 0   274.14 0   308.2 0   274.70 0   274.63 0     0.0 0     0.2 0     0.0 0   -34.0 0   -34.0 0    -0.5 0    48.2 0     3.8 0     6.1 0   832.2 0
 2019  10  1 10  2 51  2.850 123.20     0.1 0     0.0 0     0.4 0     0.0 0   273.9 0   274.43 0   274.07 0   308.3 0   274.66 0   274.57 0     0.0 0     0.2 0     0.0 0   -34.5 0   -34.5 0    -0.5 0    48.4 0     4.6 0     6.1 0   832.2 0
 2019  10  1 10  2 52  2.867 123.39     0.0 0     0.0 0     0.4 0     0.0 0   273.7 0   274.36 0   274.00 0   308.7 0   274.61 0   274.53 0     0.0 0     0.2 0     0.0 0   -34.9 0   -34.9 0    -0.5 0    48.3 0     4.6 0     9.0 0   832.1 0
 2019  10  1 10  2 53  2.883 123.58    -0.2 0    -0.1 0     0.4 0     0.0 0   273.8 0   274.29 0   273.95 0   308.7 0   274.56 0   274.50 0     0.0 0     0.2 0     0.0 0   -34.9 0   -34.9 0    -0.5 0    48.0 0     3.2 0    12.4 0   832.2 0
 2019  10  1 10  2 54  2.900 123.77    -0.5 0    -0.3 0     0.4 0     0.0 0   274.3 0   274.23 0   273.93 0   307.9 0   274.53 0   274.48 0     0.0 0     0.2 0     0.0 0   -33.5 0   -33.5 0    -0.5 0    47.3 0     2.4 0    25.7 0   832.2 0
 2019  10  1 10  2 55  2.917 123.96    -0.5 0    -0.3 0     0.4 0     0.0 0   274.4 0   274.19 0   273.94 0   307.6 0   274.51 0   274.46 0     0.0 0     0.2 0     0.0 0   -33.2 0   -33.2 0    -0.3 0    47.0 0     3.4 0    25.1 0   832.2 0
 2019  10  1 10  2 56  2.933 124.15    -0.5 0    -0.2 0     0.4 0     0.0 0   273.6 0   274.17 0   273.91 0   307.9 0   274.48 0   274.42 0     0.0 0     0.2 0     0.0 0   -34.2 0   -34.2 0    -0.2 0    47.5 0     4.3 0    14.2 0   832.2 0
 2019  10  1 10  2 57  2.950 124.34    -0.5 0    -0.2 0     0.4 0     0.0 0   273.5 0   274.13 0   273.85 0   308.5 0   274.45 0   274.39 0     0.0 0     0.2 0     0.0 0   -35.0 0   -35.0 0    -0.4 0    47.4 0     4.3 0    18.2 0   832.2 0
 2019  10  1 10  2 58  2.967 124.54    -0.5 0    -0.5 0     0.4 0     0.1 0   274.5 0   274.10 0   273.85 0   308.6 0   274.43 0   274.39 0     0.0 0     0.2 0     0.0 0   -34.2 0   -34.2 0    -0.4 0    46.6 0     3.7 0    34.5 0   832.1 0
 2019  10  1 10  2 59  2.983 124.73    -0.5 0    -0.6 0     0.4 0     0.0 0   273.8 0   274.07 0   273.88 0   307.8 0   274.41 0   274.38 0     0.0 0     0.2 0     0.0 0   -34.0 0   -34.0 0    -0.2 0    46.4 0     3.1 0    27.8 0   832.2 0
 2019  10  1 10  3  0  3.000 124.92    -0.5 0    -0.3 0     0.4 0     0.0 0   272.3 0   274.07 0   273.81 0   307.5 0   274.41 0   274.35 0     0.0 0     0.2 0     0.0 0   -35.2 0   -35.2 0    -0.2 0    46.9 0     3.5 0     7.8 0   832.3 0
 2019  10  1 10  3  1  3.017 125.11    -0.5 0    -0.3 0     0.4 0     0.0 0   272.3 0   274.05 0   273.76 0   307.3 0   274.38 0   274.32 0     0.0 0     0.2 0     0.0 0   -35.0 0   -35.0 0    -0.3 0    47.5 0     3.5 0    13.8 0   832.3 0
 2019  10  1 10  3  2  3.033 125.30    -0.5 0     0.0 0     0.4 0     0.0 0   272.5 0   274.01 0   273.71 0   306.9 0   274.35 0   274.28 0     0.0 0     0.2 0     0.0 0   -34.4 0   -34.4 0    -0.5 0    48.0 0     3.5 0    25.4 0   832.2 0
 2019  10  1 10  3  3  3.050 125.49    -0.5 0     0.0 0     0.4 0     0.0 0   271.9 0   273.97 0   273.66 0   306.1 0   274.32 0   274.24 0     0.0 0     0.2 0     0.0 0   -34.2 0   -34.2 0    -0.6 0    48.7 0     3.1 0    18.3 0   832.2 0
 2019  10  1 10  3  4  3.067 125.68    -0.5 0     0.0 0     0.4 0     0.0 0   271.3 0   273.93 0   273.61 0   306.3 0   274.28 0   274.20 0     0.0 0     0.2 0     0.0 0   -35.0 0   -35.0 0    -0.7 0    49.4 0     3.8 0     7.2 0   832.3 0
 2019  10  1 10  3  5  3.083 125.87    -0.5 0     0.0 0     0.4 0     0.0 0   271.1 0   273.88 0   273.56 0   306.5 0   274.24 0   274.16 0     0.0 0     0.2 0     0.0 0   -35.4 0   -35.4 0    -0.8 0    49.7 0     4.3 0     3.9 0   832.3 0
 2019  10  1 10  3  6  3.100 126.06    -0.5 0     0.1 0     0.4 0     0.0 0   271.1 0   273.84 0   273.51 0   306.5 0   274.20 0   274.12 0     0.0 0     0.2 0     0.0 0   -35.4 0   -35.4 0    -0.9 0    50.2 0     4.3 0     4.3 0   832.3 0
 2019  10  1 10  3  7  3.117 126.25    -0.5 0     0.0 0     0.4 0     0.0 0   271.3 0   273.79 0   273.47 0   306.6 0   274.16 0   274.09 0     0.0 0     0.2 0     0.0 0   -35.3 0   -35.3 0    -1.0 0    49.9 0     3.8 0     9.7 0   832.3 0
 2019  10  1 10  3  8  3.133 126.45    -0.5 0    -0.3 0     0.4 0     0.0 0   271.0 0   273.74 0   273.42 0   306.1 0   274.12 0   274.07 0     0.0 0     0.2 0     0.0 0   -35.1 0   -35.1 0    -1.0 0    49.4 0     3.1 0    11.1 0   832.3 0
 2019  10  1 10  3  9  3.150 126.64    -0.5 0    -0.3 0     0.4 0     0.0 0   270.3 0   273.69 0   273.41 0   305.7 0   274.10 0   274.04 0     0.0 0     0.2 0     0.0 0   -35.5 0   -35.5 0    -0.9 0    49.5 0     3.3 0     4.4 0   832.3 0
 2019  10  1 10  3 10  3.167 126.83    -0.5 0    -0.1 0     0.4 0     0.0 0   269.9 0   273.67 0   273.39 0   305.6 0   274.07 0   274.00 0     0.0 0     0.2 0     0.0 0   -35.7 0   -35.7 0    -0.8 0    50.1 0     3.4 0     2.2 0   832.4 0
 2019  10  1 10  3 11  3.183 127.02    -0.5 0    -0.2 0     0.4 0     0.0 0   269.8 0   273.63 0   273.39 0   305.6 0   274.04 0   273.97 0     0.0 0     0.2 0     0.0 0   -35.8 0   -35.8 0    -0.8 0    50.1 0     3.0 0     2.8 0   832.4 0
 2019  10  1 10  3 12  3.200 127.21    -0.5 0    -0.3 0     0.4 0     0.0 0   270.1 0   273.62 0   273.39 0   305.3 0   274.01 0   273.96 0     0.0 0     0.2 0     0.0 0   -35.2 0   -35.2 0    -0.7 0    49.8 0     3.0 0     3.5 0   832.3 0
 2019  10  1 10  3 13  3.217 127.40    -0.5 0    -0.3 0     0.4 0     0.0 0   270.0 0   273.61 0   273.39 0   305.3 0   273.99 0   273.95 0     0.0 0     0.2 0     0.0 0   -35.2 0   -35.2 0    -0.7 0    49.3 0     3.0 0     2.7 0   832.3 0
 2019  10  1 10  3 14  3.233 127.59    -0.5 0    -0.4 0     0.4 0     0.0 0   270.1 0   273.60 0   273.36 0   304.9 0   273.97 0   273.93 0     0.0 0     0.2 0     0.0 0   -34.8 0   -34.8 0    -0.6 0    48.9 0     2.1 0     9.5 0   832.3 0
 2019  10  1 10  3 15  3.250 127.78    -0.5 0    -0.6 0     0.4 0     0.0 0   270.2 0   273.58 0   273.37 0   304.1 0   273.97 0   273.92 0     0.0 0     0.2 0     0.0 0   -33.9 0   -33.9 0    -0.6 0    48.7 0     1.7 0    17.3 0   832.3 0
 2019  10  1 10  3 16  3.267 127.97    -0.8 0    -0.7 0     0.4 0     0.0 0   270.2 0   273.59 0   273.41 0   304.1 0   273.95 0   273.90 0     0.0 0     0.2 0     0.0 0   -33.9 0   -33.9 0    -0.5 0    48.6 0     2.0 0   350.9 0   832.4 0
 2019  10  1 10  3 17  3.283 128.16    -0.9 0    -0.5 0     0.4 0     0.0 0   270.1 0   273.59 0   273.37 0   304.7 0   273.93 0   273.88 0     0.0 0     0.2 0     0.0 0   -34.6 0   -34.6 0    -0.5 0    48.8 0     2.6 0   343.6 0   832.4 0
 2019  10  1 10  3 18  3.300 128.36    -0.5 0    -0.4 0     0.4 0     0.0 0   270.7 0   273.58 0   273.35 0   304.7 0   273.92 0   273.87 0     0.0 0     0.2 0     0.0 0   -34.0 0   -34.0 0    -0.6 0    49.0 0     2.4 0     9.4 0   832.3 0
 2019  10  1 10  3 19  3.317 128.55    -0.8 0    -0.7 0     0.4 0     0.0 0   271.5 0   273.58 0   273.39 0   304.5 0   273.90 0   273.87 0     0.0 0     0.2 0     0.0 0   -33.1 0   -33.1 0    -0.6 0    48.5 0     2.8 0    18.6 0   832.3 0
 2019  10  1 10  3 20  3.333 128.74    -0.6 0    -0.7 0     0.4 0     0.0 0   271.0 0   273.58 0   273.40 0   304.4 0   273.90 0   273.87 0     0.0 0     0.2 0     0.0 0   -33.4 0   -33.4 0    -0.5 0    48.3 0     3.0 0     2.4 0   832.3 0
 2019  10  1 10  3 21  3.350 128.93    -0.5 0    -0.7 0     0.4 0     0.0 0   271.1 0   273.59 0   273.38 0   304.4 0   273.90 0   273.87 0     0.0 0     0.2 0     0.0 0   -33.2 0   -33.2 0    -0.5 0    48.2 0     2.3 0     9.4 0   832.4 0
 2019  10  1 10  3 22  3.367 129.12    -0.7 0    -0.7 0     0.4 0     0.1 0   272.0 0   273.61 0   273.47 0   303.7 0   273.90 0   273.86 0     0.0 0     0.2 0     0.0 0   -31.7 0   -31.7 0    -0.5 0    48.0 0     1.7 0    32.6 0   832.3 0
 2019  10  1 10  3 23  3.383 129.31    -1.3 0    -0.7 0     0.4 0     0.2 0   272.4 0   273.63 0   273.55 0   302.9 0   273.88 0   273.85 0     0.0 0     0.2 0     0.0 0   -30.6 0   -30.6 0    -0.3 0    47.7 0     1.8 0    39.9 0   832.3 0
 2019  10  1 10  3 24  3.400 129.50    -1.4 0    -0.7 0     0.4 0     0.2 0   272.0 0   273.68 0   273.56 0   302.9 0   273.88 0   273.85 0     0.0 0     0.2 0     0.0 0   -30.9 0   -30.9 0    -0.1 0    47.5 0     2.4 0    21.2 0   832.3 0
 2019  10  1 10  3 25  3.417 129.69    -1.4 0    -0.7 0     0.4 0     0.3 0   271.9 0   273.72 0   273.58 0   303.2 0   273.87 0   273.87 0     0.0 0     0.2 0     0.0 0   -31.4 0   -31.4 0    -0.1 0    47.5 0     2.5 0    14.2 0   832.4 0
 2019  10  1 10  3 26  3.433 129.88    -1.3 0    -0.7 0     0.4 0     0.1 0   271.3 0   273.75 0   273.57 0   303.6 0   273.88 0   273.86 0     0.0 0     0.2 0     0.0 0   -32.2 0   -32.2 0    -0.1 0    47.5 0     2.6 0   357.0 0   832.4 0
 2019  10  1 10  3 27  3.450 130.07    -0.9 0    -0.7 0     0.4 0     0.0 0   270.8 0   273.76 0   273.46 0   303.9 0   273.88 0   273.85 0     0.0 0     0.2 0     0.0 0   -33.2 0   -33.2 0    -0.3 0    47.7 0     2.5 0   349.9 0   832.4 0
 2019  10  1 10  3 28  3.467 130.26    -0.5 0    -0.7 0     0.4 0     0.0 0   270.9 0   273.73 0   273.43 0   303.9 0   273.88 0   273.85 0     0.0 0     0.2 0     0.0 0   -33.0 0   -33.0 0    -0.6 0    47.7 0     2.4 0     2.2 0   832.4 0
 2019  10  1 10  3 29  3.483 130.45    -0.7 0    -0.7 0     0.4 0     0.0 0   270.7 0   273.70 0   273.46 0   304.2 0   273.89 0   273.87 0     0.0 0     0.2 0     0.0 0   -33.4 0   -33.4 0    -0.6 0    47.5 0     2.4 0   354.5 0   832.4 0
 2019  10  1 10  3 30  3.500 130.64    -0.9 0    -0.7 0     0.4 0     0.0 0   270.1 0   273.68 0   273.42 0   304.3 0   273.90 0   273.87 0     0.0 0     0.2 0     0.0 0   -34.3 0   -34.3 0    -0.6 0    47.3 0     2.1 0   343.1 0   832.4 0
 2019  10  1 10  3 31  3.517 130.83    -0.9 0    -0.7 0     0.4 0     0.0 0   270.1 0   273.67 0   273.42 0   304.1 0   273.90 0   273.87 0     0.0 0     0.2 0     0.0 0   -34.0 0   -34.0 0    -0.6 0    47.1 0     1.4 0   345.4 0   832.4 0
 2019  10  1 10  3 32  3.533 131.02    -1.3 0    -0.7 0     0.4 0     0.0 0   270.4 0   273.66 0   273.52 0   303.2 0   273.90 0   273.87 0     0.0 0     0.2 0     0.0 0   -32.8 0   -32.8 0    -0.6 0    46.8 0     1.5 0    13.8 0   832.4 0
 2019  10  1 10  3 33  3.550 131.21    -1.4 0    -0.7 0     0.4 0     0.1 0   270.0 0   273.69 0   273.63 0   302.8 0   273.90 0   273.87 0     0.0 0     0.2 0     0.0 0   -32.8 0   -32.8 0    -0.2 0    46.6 0     2.0 0     3.8 0   832.5 0
 2019  10  1 10  3 34  3.567 131.41    -1.4 0    -0.7 0     0.4 0     0.2 0   269.2 0   273.75 0   273.66 0   303.6 0   273.90 0   273.87 0     0.0 0     0.2 0     0.0 0   -34.5 0   -34.5 0     0.1 0    46.5 0     2.5 0   356.2 0   832.5 0
 2019  10  1 10  3 35  3.583 131.60    -1.4 0    -0.7 0     0.4 0     0.3 0   268.9 0   273.80 0   273.66 0   304.1 0   273.92 0   273.89 0     0.0 0     0.2 0     0.0 0   -35.2 0   -35.2 0     0.2 0    46.5 0     2.5 0     4.2 0   832.5 0
 2019  10  1 10  3 36  3.600 131.79    -1.4 0    -0.7 0     0.4 0     0.3 0   268.8 0   273.84 0   273.72 0   303.4 0   273.92 0   273.91 0     0.0 0     0.2 0     0.0 0   -34.6 0   -34.6 0     0.2 0    46.4 0     2.4 0     9.3 0   832.4 0
 2019  10  1 10  3 37  3.617 131.98    -1.4 0    -0.7 0     0.4 0     0.3 0   268.3 0   273.88 0   273.74 0   303.2 0   273.93 0   273.92 0     0.0 0     0.2 0     0.0 0   -34.9 0   -34.9 0     0.2 0    46.4 0     2.6 0     2.3 0   832.5 0
 2019  10  1 10  3 38  3.633 132.17    -1.4 0    -0.7 0     0.4 0     0.2 0   268.3 0   273.91 0   273.75 0   303.4 0   273.94 0   273.92 0     0.0 0     0.2 0     0.0 0   -35.1 0   -35.1 0     0.1 0    46.4 0     2.3 0     4.5 0   832.4 0
 2019  10  1 10  3 39  3.650 132.36    -1.4 0    -0.7 0     0.4 0     0.1 0   268.5 0   273.93 0   273.79 0   303.0 0   273.95 0   273.92 0     0.0 0     0.2 0     0.0 0   -34.5 0   -34.5 0     0.1 0    46.2 0     2.1 0     5.8 0   832.4 0
 2019  10  1 10  3 40  3.667 132.55    -1.4 0    -0.7 0     0.4 0     0.0 0   268.3 0   273.97 0   273.76 0   303.3 0   273.95 0   273.92 0     0.0 0     0.2 0     0.0 0   -35.0 0   -35.0 0     0.1 0    45.9 0     2.1 0   344.6 0   832.4 0
 2019  10  1 10  3 41  3.683 132.74    -1.4 0    -0.7 0     0.4 0     0.0 0   268.2 0   273.97 0   273.71 0   304.3 0   273.97 0   273.94 0     0.0 0     0.2 0     0.0 0   -36.1 0   -36.1 0    -0.1 0    45.5 0     1.6 0   334.0 0   832.4 0
 2019  10  1 10  3 42  3.700 132.93    -1.4 0    -0.7 0     0.4 0     0.0 0   268.5 0   273.96 0   273.71 0   304.2 0   273.97 0   273.94 0     0.0 0     0.2 0     0.0 0   -35.6 0   -35.6 0    -0.2 0    45.2 0     0.9 0   342.0 0   832.4 0
 2019  10  1 10  3 43  3.717 133.12    -1.4 0    -0.6 0     0.4 0     0.0 0   268.3 0   273.94 0   273.74 0   303.1 0   273.97 0   273.94 0     0.0 0     0.2 0     0.0 0   -34.8 0   -34.8 0    -0.3 0    45.2 0     0.8 0     1.9 0   832.4 0
 2019  10  1 10  3 44  3.733 133.31    -1.4 0    -0.7 0     0.4 0     0.0 0   268.0 0   273.95 0   273.81 0   302.5 0   273.97 0   273.94 0     0.0 0     0.2 0     0.0 0   -34.4 0   -34.4 0    -0.2 0    45.0 0     1.3 0    16.6 0   832.4 0
 2019  10  1 10  3 45  3.750 133.49    -1.4 0    -0.7 0     0.4 0     0.0 0   267.4 0   273.98 0   273.88 0   302.2 0   273.97 0   273.94 0     0.0 0     0.2 0     0.0 0   -34.8 0   -34.8 0     0.1 0    45.1 0     2.0 0    10.6 0   832.4 0
 2019  10  1 10  3 46  3.767 133.68    -1.4 0    -0.7 0     0.4 0     0.1 0   266.3 0   274.03 0   273.92 0   302.4 0   273.97 0   273.96 0     0.0 0     0.2 0     0.0 0   -36.1 0   -36.1 0     0.3 0    45.2 0     2.3 0   356.8 0   832.5 0
 2019  10  1 10  3 47  3.783 133.87    -1.4 0    -0.7 0     0.4 0     0.0 0   265.4 0   274.06 0   273.83 0   303.1 0   273.98 0   273.97 0     0.0 0     0.2 0     0.0 0   -37.7 0   -37.7 0     0.2 0    45.2 0     2.3 0   339.1 0   832.5 0
 2019  10  1 10  3 48  3.800 134.06    -1.4 0    -0.7 0     0.4 0     0.0 0   265.4 0   274.06 0   273.74 0   303.5 0   273.99 0   273.98 0     0.0 0     0.2 0     0.0 0   -38.1 0   -38.1 0    -0.1 0    44.8 0     1.8 0   330.1 0   832.5 0
 2019  10  1 10  3 49  3.817 134.25    -1.3 0    -0.7 0     0.4 0     0.0 0   265.8 0   274.02 0   273.76 0   304.2 0   274.01 0   273.98 0     0.0 0     0.2 0     0.0 0   -38.3 0   -38.3 0    -0.4 0    43.3 0     1.4 0   313.3 0   832.5 0
 2019  10  1 10  3 50  3.833 134.44    -1.4 0    -0.7 0     0.4 0     0.0 0   266.0 0   274.01 0   273.77 0   304.4 0   274.02 0   273.99 0     0.0 0     0.2 0     0.0 0   -38.4 0   -38.4 0    -0.4 0    43.1 0     1.8 0   307.0 0   832.5 0
 2019  10  1 10  3 51  3.850 134.63    -1.3 0    -0.9 0     0.4 0     0.0 0   265.5 0   273.99 0   273.70 0   304.5 0   274.03 0   274.01 0     0.0 0     0.2 0     0.0 0   -38.9 0   -38.9 0    -0.5 0    43.6 0     2.2 0   318.9 0   832.4 0
 2019  10  1 10  3 52  3.867 134.82    -1.0 0    -1.0 0     0.4 0     0.0 0   265.3 0   273.96 0   273.63 0   304.5 0   274.04 0   274.02 0     0.0 0     0.2 0     0.0 0   -39.2 0   -39.2 0    -0.6 0    44.5 0     2.4 0   322.1 0   832.4 0
 2019  10  1 10  3 53  3.883 135.01    -1.2 0    -1.0 0     0.4 0     0.0 0   264.9 0   273.91 0   273.58 0   304.5 0   274.05 0   274.02 0     0.0 0     0.2 0     0.0 0   -39.6 0   -39.6 0    -0.7 0    44.7 0     2.2 0   320.3 0   832.4 0
 2019  10  1 10  3 54  3.900 135.20    -0.9 0    -1.0 0     0.4 0     0.0 0   264.4 0   273.86 0   273.53 0   304.2 0   274.07 0   274.04 0     0.0 0     0.2 0     0.0 0   -39.8 0   -39.8 0    -0.7 0    44.6 0     2.3 0   319.4 0   832.4 0
 2019  10  1 10  3 55  3.917 135.39    -0.9 0    -1.0 0     0.4 0     0.0 0   263.5 0   273.82 0   273.47 0   303.8 0   274.07 0   274.04 0     0.0 0     0.2 0     0.0 0   -40.3 0   -40.3 0    -0.8 0    45.0 0     3.0 0   315.0 0   832.4 0
 2019  10  1 10  3 56  3.933 135.57    -0.9 0    -1.0 0     0.4 0     0.0 0   263.0 0   273.76 0   273.40 0   303.5 0   274.07 0   274.05 0     0.0 0     0.2 0     0.0 0   -40.6 0   -40.6 0    -0.9 0    45.4 0     2.8 0   312.4 0   832.4 0
 2019  10  1 10  3 57  3.950 135.76    -0.9 0    -1.0 0     0.4 0     0.0 0   263.5 0   273.70 0   273.38 0   303.4 0   274.09 0   274.07 0     0.0 0     0.2 0     0.0 0   -39.9 0   -39.9 0    -1.0 0    45.1 0     2.0 0   315.6 0   832.4 0
 2019  10  1 10  3 58  3.967 135.95    -0.9 0    -1.0 0     0.4 0     0.0 0   263.8 0   273.65 0   273.35 0   302.7 0   274.09 0   274.07 0     0.0 0     0.2 0     0.0 0   -38.9 0   -38.9 0    -1.0 0    44.5 0     2.2 0   320.0 0   832.4 0
 2019  10  1 10  3 59  3.983 136.14    -0.6 0    -1.0 0     0.4 0     0.0 0   263.9 0   273.61 0   273.29 0   302.3 0   274.11 0   274.07 0     0.0 0     0.2 0     0.0 0   -38.4 0   -38.4 0    -1.0 0    44.9 0     2.4 0   316.3 0   832.4 0
 2019  10  1 10  4  0  4.000 136.33    -0.5 0    -1.0 0     0.4 0     0.0 0   264.5 0   273.57 0   273.29 0   302.5 0   274.12 0   274.07 0     0.0 0     0.2 0     0.0 0   -37.9 0   -37.9 0    -1.1 0    44.7 0     2.1 0   310.3 0   832.3 0
 2019  10  1 10  4  1  4.017 136.52    -0.8 0    -1.0 0     0.4 0     0.0 0   265.2 0   273.54 0   273.34 0   302.9 0   274.12 0   274.08 0     0.0 0     0.2 0     0.0 0   -37.7 0   -37.7 0    -1.0 0    43.0 0     1.5 0   309.1 0   832.3 0
 2019  10  1 10  4  2  4.033 136.70    -0.9 0    -1.0 0     0.4 0     0.0 0   265.1 0   273.53 0   273.40 0   302.6 0   274.12 0   274.09 0     0.0 0     0.2 0     0.0 0   -37.6 0   -37.6 0    -0.8 0    42.5 0     1.7 0   303.7 0   832.3 0
 2019  10  1 10  4  3  4.050 136.89    -0.9 0    -1.1 0     0.4 0     0.0 0   264.6 0   273.56 0   273.42 0   303.0 0   274.13 0   274.10 0     0.0 0     0.2 0     0.0 0   -38.4 0   -38.4 0    -0.7 0    42.2 0     2.1 0   287.4 0   832.4 0
 2019  10  1 10  4  4  4.067 137.08    -0.9 0    -1.1 0     0.4 0     0.0 0   263.5 0   273.58 0   273.40 0   303.3 0   274.14 0   274.12 0     0.0 0     0.2 0     0.0 0   -39.7 0   -39.7 0    -0.6 0    43.6 0     3.0 0   287.2 0   832.5 0
 2019  10  1 10  4  5  4.083 137.27    -0.9 0    -1.0 0     0.4 0     0.0 0   262.2 0   273.58 0   273.29 0   303.9 0   274.15 0   274.12 0     0.0 0     0.2 0     0.0 0   -41.7 0   -41.7 0    -0.7 0    45.1 0     3.8 0   297.1 0   832.5 0
 2019  10  1 10  4  6  4.100 137.45    -0.9 0    -1.0 0     0.4 0     0.0 0   262.2 0   273.55 0   273.24 0   304.1 0   274.16 0   274.13 0     0.0 0     0.2 0     0.0 0   -41.9 0   -41.9 0    -1.0 0    45.3 0     3.4 0   308.0 0   832.4 0
 2019  10  1 10  4  7  4.117 137.64    -0.9 0    -1.0 0     0.4 0     0.0 0   262.4 0   273.51 0   273.19 0   303.5 0   274.16 0   274.14 0     0.0 0     0.2 0     0.0 0   -41.1 0   -41.1 0    -1.1 0    45.2 0     2.7 0   309.3 0   832.3 0
 2019  10  1 10  4  8  4.133 137.83    -0.9 0    -1.0 0     0.4 0     0.0 0   262.8 0   273.46 0   273.16 0   303.1 0   274.16 0   274.14 0     0.0 0     0.2 0     0.0 0   -40.2 0   -40.2 0    -1.1 0    44.9 0     2.4 0   304.9 0   832.3 0
 2019  10  1 10  4  9  4.150 138.02    -0.9 0    -1.0 0     0.4 0     0.0 0   262.7 0   273.43 0   273.14 0   303.2 0   274.18 0   274.14 0     0.0 0     0.2 0     0.0 0   -40.5 0   -40.5 0    -1.1 0    44.7 0     2.6 0   302.6 0   832.3 0
 2019  10  1 10  4 10  4.167 138.20    -0.9 0    -1.0 0     0.4 0     0.0 0   263.1 0   273.39 0   273.12 0   303.1 0   274.19 0   274.14 0     0.0 0     0.2 0     0.0 0   -40.0 0   -40.0 0    -1.2 0    44.4 0     2.2 0   302.4 0   832.3 0
 2019  10  1 10  4 11  4.183 138.39    -0.9 0    -0.9 0     0.4 0     0.0 0   262.6 0   273.38 0   273.16 0   302.3 0   274.19 0   274.14 0     0.0 0     0.2 0     0.0 0   -39.6 0   -39.6 0    -1.1 0    45.5 0     2.8 0   277.3 0   832.3 0
 2019  10  1 10  4 12  4.200 138.58    -1.1 0    -0.9 0     0.4 0     0.0 0   262.9 0   273.36 0   273.19 0   303.3 0   274.19 0   274.14 0     0.0 0     0.2 0     0.0 0   -40.4 0   -40.4 0    -1.0 0    44.1 0     1.4 0   287.0 0   832.3 0
 2019  10  1 10  4 13  4.217 138.76    -1.4 0    -1.0 0     0.4 0     0.0 0   263.5 0   273.39 0   273.34 0   302.0 0   274.19 0   274.14 0     0.0 0     0.2 0     0.0 0   -38.5 0   -38.5 0    -0.7 0    43.3 0     0.3 0   315.7 0   832.3 0
 2019  10  1 10  4 14  4.233 138.95    -1.4 0    -1.0 0     0.4 0     0.0 0   262.7 0   273.45 0   273.39 0   301.0 0   274.19 0   274.14 0     0.0 0     0.2 0     0.0 0   -38.2 0   -38.2 0    -0.4 0    43.8 0     1.2 0   279.7 0   832.3 0
 2019  10  1 10  4 15  4.250 139.14    -1.4 0    -1.0 0     0.4 0     0.2 0   263.3 0   273.51 0   273.51 0   301.2 0   274.19 0   274.14 0     0.0 0     0.2 0     0.0 0   -37.9 0   -37.9 0    -0.2 0    42.7 0     0.3 0   238.0 0   832.3 0
 2019  10  1 10  4 16  4.267 139.32    -2.1 0    -1.0 0     0.4 0     0.4 0   263.4 0   273.62 0   273.71 0   301.4 0   274.19 0   274.16 0     0.0 0     0.2 0     0.0 0   -38.0 0   -38.0 0     0.2 0    42.4 0     0.4 0   189.6 0   832.3 0
 2019  10  1 10  4 17  4.283 139.51    -2.2 0    -1.0 0     0.4 0     0.4 0   262.1 0   273.75 0   273.76 0   302.4 0   274.19 0   274.16 0     0.0 0     0.2 0     0.0 0   -40.3 0   -40.3 0     0.5 0    42.3 0     0.4 0   226.9 0   832.3 0
 2019  10  1 10  4 18  4.300 139.69    -1.6 0    -1.0 0     0.4 0     0.4 0   261.3 0   273.85 0   273.74 0   302.5 0   274.19 0   274.16 0     0.0 0     0.2 0     0.0 0   -41.2 0   -41.2 0     0.5 0    42.2 0     0.1 0   351.2 0   832.3 0
 2019  10  1 10  4 19  4.317 139.88    -1.4 0    -0.7 0     0.4 0     0.2 0   260.7 0   273.90 0   273.74 0   302.0 0   274.19 0   274.16 0     0.0 0     0.2 0     0.0 0   -41.2 0   -41.2 0     0.4 0    42.3 0     0.0 0     0.0 0   832.3 0
 2019  10  1 10  4 20  4.333 140.07    -1.4 0    -0.7 0     0.4 0     0.0 0   260.4 0   273.93 0   273.73 0   300.5 0   274.17 0   274.14 0     0.0 0     0.2 0     0.0 0   -40.2 0   -40.2 0     0.2 0    42.5 0     0.5 0   323.4 0   832.3 0
 2019  10  1 10  4 21  4.350 140.25    -1.4 0    -0.7 0     0.4 0     0.0 0   259.9 0   273.96 0   273.77 0   299.7 0   274.16 0   274.14 0     0.0 0     0.2 0     0.0 0   -39.9 0   -39.9 0     0.1 0    42.6 0     0.8 0   324.4 0   832.4 0
 2019  10  1 10  4 22  4.367 140.44    -1.4 0    -0.7 0     0.4 0     0.0 0   258.9 0   273.97 0   273.85 0   299.3 0   274.16 0   274.13 0     0.0 0     0.2 0     0.0 0   -40.4 0   -40.4 0     0.1 0    42.6 0     0.7 0   320.3 0   832.4 0
 2019  10  1 10  4 23  4.383 140.62    -1.4 0    -0.7 0     0.4 0     0.1 0   257.9 0   274.02 0   273.91 0   298.8 0   274.16 0   274.12 0     0.0 0     0.2 0     0.0 0   -40.9 0   -40.9 0     0.2 0    42.8 0     1.0 0   315.6 0   832.5 0
 2019  10  1 10  4 24  4.400 140.80    -1.4 0    -0.7 0     0.4 0     0.0 0   256.7 0   274.06 0   273.80 0   298.0 0   274.15 0   274.12 0     0.0 0     0.2 0     0.0 0   -41.4 0   -41.4 0     0.2 0    43.2 0     0.8 0   339.1 0   832.5 0
 2019  10  1 10  4 25  4.417 140.99    -1.5 0    -0.7 0     0.4 0     0.0 0   257.5 0   274.07 0   273.90 0   297.8 0   274.14 0   274.10 0     0.0 0     0.2 0     0.0 0   -40.3 0   -40.3 0     0.1 0    43.0 0     0.1 0   340.4 0   832.5 0
 2019  10  1 10  4 26  4.433 141.17    -1.8 0    -0.7 0     0.4 0     0.0 0   257.4 0   274.10 0   274.00 0   298.1 0   274.14 0   274.09 0     0.0 0     0.2 0     0.0 0   -40.7 0   -40.7 0     0.2 0    42.8 0     1.1 0   127.5 0   832.4 0
 2019  10  1 10  4 27  4.450 141.36    -1.8 0    -0.8 0     0.4 0     0.2 0   257.5 0   274.16 0   274.08 0   298.1 0   274.12 0   274.08 0     0.0 0     0.2 0     0.0 0   -40.7 0   -40.7 0     0.4 0    42.9 0     0.2 0   107.0 0   832.4 0
 2019  10  1 10  4 28  4.467 141.54    -1.8 0    -0.7 0     0.4 0     0.0 0   257.0 0   274.23 0   274.11 0   298.1 0   274.12 0   274.07 0     0.0 0     0.2 0     0.0 0   -41.2 0   -41.2 0     0.6 0    43.3 0     0.3 0   343.7 0   832.4 0
 2019  10  1 10  4 29  4.483 141.72    -2.1 0    -0.7 0     0.4 0     0.2 0   256.8 0   274.28 0   274.17 0   297.9 0   274.09 0   274.04 0     0.0 0     0.2 0     0.0 0   -41.1 0   -41.1 0     0.6 0    43.2 0     0.1 0    33.2 0   832.3 0
 2019  10  1 10  4 30  4.500 141.91    -2.3 0    -0.7 0     0.4 0     0.1 0   256.7 0   274.34 0   274.22 0   297.2 0   274.07 0   274.03 0     0.0 0     0.2 0     0.0 0   -40.5 0   -40.5 0     0.7 0    43.5 0     0.3 0    18.8 0   832.3 0
 2019  10  1 10  4 31  4.517 142.09    -2.2 0    -0.7 0     0.4 0     0.0 0   255.9 0   274.40 0   274.26 0   297.2 0   274.06 0   274.02 0     0.0 0     0.2 0     0.0 0   -41.2 0   -41.2 0     0.7 0    44.0 0     0.5 0   352.7 0   832.3 0
 2019  10  1 10  4 32  4.533 142.27    -1.8 0    -0.7 0     0.4 0     0.0 0   255.6 0   274.44 0   274.27 0   297.1 0   274.04 0   273.99 0     0.0 0     0.2 0     0.0 0   -41.5 0   -41.5 0     0.7 0    44.2 0     0.3 0    10.9 0   832.4 0
 2019  10  1 10  4 33  4.550 142.46    -1.9 0    -0.7 0     0.4 0     0.0 0   255.5 0   274.48 0   274.36 0   296.7 0   274.02 0   273.97 0     0.0 0     0.2 0     0.0 0   -41.2 0   -41.2 0     0.8 0    44.1 0     1.4 0    71.2 0   832.4 0
 2019  10  1 10  4 34  4.567 142.64    -2.1 0    -0.9 0     0.4 0     0.0 0   254.7 0   274.54 0   274.38 0   296.2 0   274.00 0   273.95 0     0.0 0     0.2 0     0.0 0   -41.4 0   -41.4 0     0.9 0    44.2 0     1.6 0    50.7 0   832.5 0
 2019  10  1 10  4 35  4.583 142.82    -1.7 0    -1.0 0     0.4 0     0.0 0   254.8 0   274.57 0   274.32 0   296.1 0   273.98 0   273.92 0     0.0 0     0.2 0     0.0 0   -41.4 0   -41.4 0     0.7 0    44.3 0     1.6 0    45.5 0   832.4 0
 2019  10  1 10  4 36  4.600 143.00    -1.6 0    -1.0 0     0.4 0     0.0 0   255.5 0   274.59 0   274.37 0   296.4 0   273.97 0   273.92 0     0.0 0     0.2 0     0.0 0   -40.9 0   -40.9 0     0.6 0    44.2 0     1.3 0     9.9 0   832.4 0
 2019  10  1 10  4 37  4.617 143.19    -1.8 0    -1.0 0     0.4 0     0.0 0   255.5 0   274.60 0   274.37 0   296.6 0   273.97 0   273.92 0     0.0 0     0.2 0     0.0 0   -41.2 0   -41.2 0     0.6 0    44.2 0     1.1 0   333.9 0   832.4 0
 2019  10  1 10  4 38  4.633 143.37    -1.8 0    -1.0 0     0.4 0     0.0 0   255.8 0   274.60 0   274.36 0   297.3 0   273.96 0   273.92 0     0.0 0     0.2 0     0.0 0   -41.4 0   -41.4 0     0.5 0    44.0 0     1.2 0   316.4 0   832.4 0
 2019  10  1 10  4 39  4.650 143.55    -1.9 0    -1.0 0     0.4 0     0.0 0   256.9 0   274.60 0   274.36 0   297.6 0   273.95 0   273.91 0     0.0 0     0.2 0     0.0 0   -40.7 0   -40.7 0     0.5 0    43.9 0     1.0 0   323.7 0   832.4 0
 2019  10  1 10  4 40  4.667 143.73    -1.9 0    -1.0 0     0.4 0     0.0 0   257.3 0   274.60 0   274.38 0   297.5 0   273.95 0   273.90 0     0.0 0     0.2 0     0.0 0   -40.3 0   -40.3 0     0.5 0    43.8 0     0.6 0   323.1 0   832.3 0
 2019  10  1 10  4 41  4.683 143.91    -1.7 0    -1.0 0     0.4 0     0.0 0   257.4 0   274.60 0   274.39 0   297.0 0   273.93 0   273.90 0     0.0 0     0.2 0     0.0 0   -39.7 0   -39.7 0     0.5 0    43.4 0     1.0 0   350.6 0   832.3 0
 2019  10  1 10  4 42  4.700 144.09    -1.4 0    -1.0 0     0.4 0     0.0 0   256.8 0   274.60 0   274.36 0   297.5 0   273.92 0   273.90 0     0.0 0     0.2 0     0.0 0   -40.7 0   -40.7 0     0.6 0    43.5 0     1.8 0   344.9 0   832.4 0
 2019  10  1 10  4 43  4.717 144.27    -1.4 0    -0.8 0     0.4 0     0.0 0   256.5 0   274.59 0   274.19 0   298.4 0   273.92 0   273.90 0     0.0 0     0.2 0     0.0 0   -41.9 0   -41.9 0     0.3 0    43.9 0     1.9 0   329.8 0   832.5 0
 2019  10  1 10  4 44  4.733 144.45    -0.8 0    -0.7 0     0.4 0     0.0 0   256.8 0   274.51 0   274.02 0   298.7 0   273.92 0   273.88 0     0.0 0     0.2 0     0.0 0   -41.9 0   -41.9 0    -0.1 0    44.4 0     1.8 0   314.1 0   832.5 0
 2019  10  1 10  4 45  4.750 144.63    -0.5 0    -0.8 0     0.4 0     0.0 0   258.1 0   274.41 0   274.04 0   299.0 0   273.92 0   273.87 0     0.0 0     0.2 0     0.0 0   -40.9 0   -40.9 0    -0.5 0    44.7 0     1.7 0   299.2 0   832.5 0
 2019  10  1 10  4 46  4.767 144.81    -1.0 0    -1.0 0     0.4 0     0.0 0   259.6 0   274.36 0   274.12 0   298.6 0   273.92 0   273.87 0     0.0 0     0.2 0     0.0 0   -39.0 0   -39.0 0    -0.5 0    44.5 0     1.2 0   282.1 0   832.4 0
 2019  10  1 10  4 47  4.783 144.99    -1.4 0    -1.0 0     0.4 0     0.0 0   260.6 0   274.35 0   274.18 0   298.2 0   273.91 0   273.85 0     0.0 0     0.2 0     0.0 0   -37.6 0   -37.6 0    -0.3 0    44.8 0     0.8 0   282.3 0   832.3 0
 2019  10  1 10  4 48  4.800 145.17    -1.4 0    -1.0 0     0.4 0     0.0 0   261.0 0   274.36 0   274.23 0   298.0 0   273.90 0   273.85 0     0.0 0     0.2 0     0.0 0   -37.0 0   -37.0 0     0.0 0    44.2 0     0.9 0   301.4 0   832.3 0
 2019  10  1 10  4 49  4.817 145.35    -1.4 0    -1.0 0     0.4 0     0.0 0   261.3 0   274.40 0   274.29 0   299.0 0   273.90 0   273.85 0     0.0 0     0.2 0     0.0 0   -37.7 0   -37.7 0     0.3 0    44.4 0     1.7 0   301.4 0   832.4 0
 2019  10  1 10  4 50  4.833 145.53    -1.4 0    -1.0 0     0.4 0     0.0 0   261.4 0   274.44 0   274.28 0   299.7 0   273.90 0   273.85 0     0.0 0     0.2 0     0.0 0   -38.4 0   -38.4 0     0.5 0    44.2 0     1.8 0   296.6 0   832.4 0
 2019  10  1 10  4 51  4.850 145.70    -1.4 0    -1.0 0     0.4 0     0.0 0   261.3 0   274.46 0   274.27 0   299.7 0   273.90 0   273.86 0     0.0 0     0.2 0     0.0 0   -38.4 0   -38.4 0     0.4 0    44.4 0     1.8 0   292.9 0   832.4 0
 2019  10  1 10  4 52  4.867 145.88    -1.3 0    -1.1 0     0.4 0     0.0 0   260.8 0   274.47 0   274.23 0   299.8 0   273.90 0   273.86 0     0.0 0     0.2 0     0.0 0   -39.0 0   -39.0 0     0.2 0    44.5 0     2.1 0   295.7 0   832.4 0
 2019  10  1 10  4 53  4.883 146.06    -0.8 0    -1.0 0     0.4 0     0.0 0   260.4 0   274.45 0   274.10 0   300.7 0   273.90 0   273.85 0     0.0 0     0.2 0     0.0 0   -40.3 0   -40.3 0    -0.1 0    44.8 0     2.1 0   300.3 0   832.4 0
 2019  10  1 10  4 54  4.900 146.24    -0.6 0    -1.0 0     0.4 0     0.0 0   260.7 0   274.39 0   274.05 0   300.7 0   273.90 0   273.85 0     0.0 0     0.2 0     0.0 0   -40.0 0   -40.0 0    -0.4 0    44.5 0     1.8 0   298.6 0   832.4 0
 2019  10  1 10  4 55  4.917 146.41    -0.9 0    -1.0 0     0.4 0     0.0 0   261.0 0   274.34 0   274.09 0   300.8 0   273.90 0   273.85 0     0.0 0     0.2 0     0.0 0   -39.8 0   -39.8 0    -0.5 0    44.2 0     1.7 0   293.1 0   832.4 0
 2019  10  1 10  4 56  4.933 146.59    -1.1 0    -1.0 0     0.4 0     0.0 0   260.9 0   274.31 0   274.11 0   300.7 0   273.90 0   273.87 0     0.0 0     0.2 0     0.0 0   -39.7 0   -39.7 0    -0.3 0    43.7 0     1.3 0   282.8 0   832.4 0
 2019  10  1 10  4 57  4.950 146.76    -1.4 0    -1.0 0     0.4 0     0.0 0   260.9 0   274.31 0   274.15 0   300.2 0   273.89 0   273.87 0     0.0 0     0.2 0     0.0 0   -39.2 0   -39.2 0    -0.2 0    43.6 0     1.4 0   286.0 0   832.4 0
 2019  10  1 10  4 58  4.967 146.94    -1.4 0    -1.0 0     0.4 0     0.0 0   261.4 0   274.34 0   274.20 0   299.2 0   273.89 0   273.86 0     0.0 0     0.2 0     0.0 0   -37.8 0   -37.8 0     0.0 0    43.6 0     0.9 0   289.7 0   832.4 0
 2019  10  1 10  4 59  4.983 147.12    -1.4 0    -1.0 0     0.4 0     0.0 0   261.7 0   274.36 0   274.23 0   298.4 0   273.89 0   273.84 0     0.0 0     0.2 0     0.0 0   -36.8 0   -36.8 0     0.2 0    43.2 0     0.5 0   291.4 0   832.4 0
 2019  10  1 10  5  0  5.000 147.29    -1.4 0    -1.0 0     0.4 0     0.0 0   261.7 0   274.40 0   274.28 0   298.3 0   273.89 0   273.84 0     0.0 0     0.2 0     0.0 0   -36.6 0   -36.6 0     0.4 0    43.1 0     1.1 0   289.0 0   832.5 0
 2019  10  1 10  5  1  5.017 147.46    -1.5 0    -1.1 0     0.4 0     0.0 0   262.1 0   274.44 0   274.34 0   299.2 0   273.89 0   273.85 0     0.0 0     0.2 0     0.0 0   -37.1 0   -37.1 0     0.6 0    43.1 0     1.6 0   288.1 0   832.5 0
 2019  10  1 10  5  2  5.033 147.64    -1.5 0    -1.3 0     0.4 0     0.0 0   262.6 0   274.49 0   274.38 0   299.6 0   273.89 0   273.84 0     0.0 0     0.2 0     0.0 0   -37.0 0   -37.0 0     0.7 0    43.0 0     1.2 0   298.2 0   832.4 0
 2019  10  1 10  5  3  5.050 147.81    -1.4 0    -1.4 0     0.4 0     0.1 0   262.7 0   274.53 0   274.42 0   299.3 0   273.89 0   273.87 0     0.0 0     0.2 0     0.0 0   -36.5 0   -36.5 0     0.8 0    42.8 0     1.5 0   303.9 0   832.4 0
 2019  10  1 10  5  4  5.067 147.99    -1.8 0    -1.4 0     0.4 0     0.0 0   262.7 0   274.57 0   274.46 0   299.5 0   273.90 0   273.87 0     0.0 0     0.2 0     0.0 0   -36.9 0   -36.9 0     0.8 0    42.6 0     1.4 0   297.5 0   832.4 0
 2019  10  1 10  5  5  5.083 148.16    -1.8 0    -1.4 0     0.4 0     0.0 0   262.5 0   274.62 0   274.47 0   300.1 0   273.92 0   273.87 0     0.0 0     0.2 0     0.0 0   -37.6 0   -37.6 0     0.9 0    42.4 0     1.4 0   263.9 0   832.3 0
 2019  10  1 10  5  6  5.100 148.33    -1.6 0    -1.4 0     0.4 0     0.0 0   262.6 0   274.65 0   274.52 0   301.0 0   273.92 0   273.87 0     0.0 0     0.2 0     0.0 0   -38.3 0   -38.3 0     0.9 0    42.2 0     1.8 0   246.5 0   832.3 0
 2019  10  1 10  5  7  5.117 148.50    -1.7 0    -1.4 0     0.4 0     0.0 0   262.0 0   274.69 0   274.56 0   301.1 0   273.93 0   273.89 0     0.0 0     0.2 0     0.0 0   -39.1 0   -39.1 0     0.9 0    42.0 0     1.4 0   246.4 0   832.3 0
 2019  10  1 10  5  8  5.133 148.67    -1.5 0    -1.2 0     0.4 0     0.0 0   261.4 0   274.73 0   274.57 0   300.4 0   273.94 0   273.87 0     0.0 0     0.2 0     0.0 0   -39.0 0   -39.0 0     1.0 0    42.0 0     1.1 0   238.7 0   832.3 0
 2019  10  1 10  5  9  5.150 148.84    -1.7 0    -1.0 0     0.4 0     0.0 0   260.7 0   274.75 0   274.60 0   299.5 0   273.94 0   273.89 0     0.0 0     0.2 0     0.0 0   -38.8 0   -38.8 0     1.0 0    42.3 0     1.5 0   224.0 0   832.3 0
 2019  10  1 10  5 10  5.167 149.02    -1.7 0    -1.0 0     0.4 0     0.0 0   260.2 0   274.79 0   274.63 0   299.8 0   273.94 0   273.89 0     0.0 0     0.2 0     0.0 0   -39.6 0   -39.6 0     1.0 0    42.6 0     1.4 0   234.4 0   832.4 0
 2019  10  1 10  5 11  5.183 149.19    -1.5 0    -1.1 0     0.4 0     0.0 0   260.1 0   274.82 0   274.64 0   300.2 0   273.94 0   273.90 0     0.0 0     0.2 0     0.0 0   -40.1 0   -40.1 0     1.1 0    42.6 0     1.4 0   230.5 0   832.4 0
 2019  10  1 10  5 12  5.200 149.36    -1.4 0    -1.3 0     0.4 0     0.0 0   260.0 0   274.84 0   274.67 0   300.8 0   273.96 0   273.92 0     0.0 0     0.2 0     0.0 0   -40.7 0   -40.7 0     1.1 0    42.6 0     1.8 0   222.1 0   832.4 0
 2019  10  1 10  5 13  5.217 149.52    -1.4 0    -1.4 0     0.4 0     0.0 0   260.1 0   274.86 0   274.68 0   301.5 0   273.97 0   273.93 0     0.0 0     0.2 0     0.0 0   -41.4 0   -41.4 0     1.1 0    42.3 0     1.8 0   223.3 0   832.3 0
 2019  10  1 10  5 14  5.233 149.69    -1.4 0    -1.4 0     0.4 0     0.0 0   260.4 0   274.89 0   274.72 0   300.9 0   273.97 0   273.94 0     0.0 0     0.2 0     0.0 0   -40.5 0   -40.5 0     1.1 0    42.2 0     1.5 0   226.7 0   832.3 0
 2019  10  1 10  5 15  5.250 149.86    -1.4 0    -1.4 0     0.4 0     0.0 0   260.0 0   274.91 0   274.73 0   300.8 0   273.97 0   273.94 0     0.0 0     0.2 0     0.0 0   -40.8 0   -40.8 0     1.1 0    42.0 0     1.7 0   253.1 0   832.3 0
 2019  10  1 10  5 16  5.267 150.03    -1.4 0    -1.4 0     0.4 0     0.0 0   260.1 0   274.94 0   274.75 0   301.1 0   273.99 0   273.95 0     0.0 0     0.2 0     0.0 0   -41.0 0   -41.0 0     1.1 0    41.9 0     1.3 0   257.0 0   832.2 0
 2019  10  1 10  5 17  5.283 150.20    -1.4 0    -1.0 0     0.4 0     0.0 0   260.0 0   274.94 0   274.75 0   300.0 0   273.99 0   273.94 0     0.0 0     0.2 0     0.0 0   -40.0 0   -40.0 0     1.1 0    42.1 0     0.1 0   236.9 0   832.2 0
 2019  10  1 10  5 18  5.300 150.36    -1.4 0    -1.0 0     0.4 0     0.0 0   259.0 0   274.96 0   274.76 0   299.3 0   273.99 0   273.95 0     0.0 0     0.2 0     0.0 0   -40.3 0   -40.3 0     1.0 0    42.3 0     1.7 0   253.0 0   832.3 0
 2019  10  1 10  5 19  5.317 150.53    -1.4 0    -1.0 0     0.4 0     0.0 0   258.0 0   274.96 0   274.73 0   299.3 0   273.99 0   273.97 0     0.0 0     0.2 0     0.0 0   -41.4 0   -41.4 0     1.0 0    42.3 0     1.8 0   277.2 0   832.4 0
 2019  10  1 10  5 20  5.333 150.70    -1.4 0    -1.0 0     0.4 0     0.0 0   257.9 0   274.95 0   274.64 0   299.1 0   274.01 0   273.97 0     0.0 0     0.2 0     0.0 0   -41.1 0   -41.1 0     0.8 0    42.2 0     1.4 0   223.9 0   832.3 0
 2019  10  1 10  5 21  5.350 150.86    -1.4 0    -1.0 0     0.4 0     0.0 0   258.5 0   274.93 0   274.71 0   300.5 0   274.02 0   274.00 0     0.0 0     0.2 0     0.0 0   -42.0 0   -42.0 0     0.8 0    42.1 0     2.1 0   179.9 0   832.3 0
 2019  10  1 10  5 22  5.367 151.02    -1.4 0    -1.0 0     0.4 0     0.0 0   257.3 0   274.93 0   274.70 0   301.5 0   274.04 0   274.01 0     0.0 0     0.2 0     0.0 0   -44.2 0   -44.2 0     0.9 0    41.8 0     1.9 0   211.8 0   832.4 0
 2019  10  1 10  5 23  5.383 151.19    -1.4 0    -1.0 0     0.4 0     0.0 0   256.3 0   274.91 0   274.65 0   302.4 0   274.04 0   274.01 0     0.0 0     0.2 0     0.0 0   -46.1 0   -46.1 0     0.9 0    42.4 0     2.0 0   212.3 0   832.5 0
 2019  10  1 10  5 24  5.400 151.35    -1.4 0    -1.0 0     0.4 0     0.0 0   257.6 0   274.90 0   274.65 0   302.4 0   274.04 0   274.01 0     0.0 0     0.2 0     0.0 0   -44.7 0   -44.7 0     0.8 0    42.3 0     2.1 0   161.1 0   832.3 0
 2019  10  1 10  5 25  5.417 151.51    -1.4 0    -1.0 0     0.4 0     0.0 0   257.3 0   274.89 0   274.64 0   302.5 0   274.06 0   274.01 0     0.0 0     0.2 0     0.0 0   -45.2 0   -45.2 0     0.9 0    42.1 0     1.9 0   197.8 0   832.3 0
 2019  10  1 10  5 26  5.433 151.68    -1.4 0    -1.0 0     0.4 0     0.0 0   257.2 0   274.88 0   274.63 0   302.3 0   274.06 0   274.01 0     0.0 0     0.2 0     0.0 0   -45.2 0   -45.2 0     0.8 0    41.8 0     1.4 0   218.7 0   832.4 0
 2019  10  1 10  5 27  5.450 151.84    -1.4 0    -1.0 0     0.4 0     0.0 0   257.7 0   274.87 0   274.68 0   300.9 0   274.06 0   274.01 0     0.0 0     0.2 0     0.0 0   -43.2 0   -43.2 0     0.9 0    41.8 0     0.9 0   212.1 0   832.3 0
 2019  10  1 10  5 28  5.467 152.00    -1.5 0    -1.0 0     0.4 0     0.0 0   257.9 0   274.89 0   274.73 0   300.5 0   274.06 0   274.01 0     0.0 0     0.2 0     0.0 0   -42.6 0   -42.6 0     1.0 0    41.6 0     1.5 0   219.2 0   832.3 0
 2019  10  1 10  5 29  5.483 152.16    -1.6 0    -1.1 0     0.4 0     0.0 0   257.6 0   274.92 0   274.73 0   301.0 0   274.06 0   274.04 0     0.0 0     0.2 0     0.0 0   -43.4 0   -43.4 0     1.1 0    41.6 0     1.4 0   226.7 0   832.3 0
 2019  10  1 10  5 30  5.500 152.32    -1.5 0    -1.1 0     0.4 0     0.0 0   258.1 0   274.93 0   274.73 0   300.0 0   274.06 0   274.04 0     0.0 0     0.2 0     0.0 0   -41.9 0   -41.9 0     1.1 0    41.0 0     0.7 0   242.7 0   832.3 0
 2019  10  1 10  5 31  5.517 152.48    -1.5 0    -1.0 0     0.4 0     0.0 0   258.5 0   274.94 0   274.74 0   299.4 0   274.06 0   274.02 0     0.0 0     0.2 0     0.0 0   -40.9 0   -40.9 0     1.2 0    40.9 0     0.7 0   248.7 0   832.3 0
 2019  10  1 10  5 32  5.533 152.64    -1.4 0    -1.0 0     0.4 0     0.0 0   258.5 0   274.96 0   274.75 0   299.9 0   274.06 0   274.01 0     0.0 0     0.2 0     0.0 0   -41.3 0   -41.3 0     1.2 0    41.2 0     2.1 0   265.5 0   832.3 0
 2019  10  1 10  5 33  5.550 152.79    -1.4 0    -1.3 0     0.4 0     0.0 0   258.2 0   274.96 0   274.71 0   300.5 0   274.06 0   274.04 0     0.0 0     0.2 0     0.0 0   -42.4 0   -42.4 0     1.1 0    41.9 0     2.1 0   278.0 0   832.3 0
 2019  10  1 10  5 34  5.567 152.95    -1.4 0    -1.3 0     0.4 0     0.0 0   259.0 0   274.95 0   274.65 0   299.2 0   274.06 0   274.04 0     0.0 0     0.2 0     0.0 0   -40.3 0   -40.3 0     1.0 0    41.0 0     0.9 0   300.7 0   832.2 0
 2019  10  1 10  5 35  5.583 153.11    -1.4 0    -1.0 0     0.4 0     0.0 0   258.9 0   274.92 0   274.69 0   298.2 0   274.08 0   274.04 0     0.0 0     0.2 0     0.0 0   -39.3 0   -39.3 0     0.9 0    40.5 0     1.1 0   295.6 0   832.3 0
 2019  10  1 10  5 36  5.600 153.26    -1.2 0    -1.3 0     0.4 0     0.0 0   258.1 0   274.90 0   274.61 0   297.9 0   274.10 0   274.06 0     0.0 0     0.2 0     0.0 0   -39.8 0   -39.8 0     0.8 0    40.2 0     1.9 0   274.7 0   832.3 0
 2019  10  1 10  5 37  5.617 153.42    -0.9 0    -1.4 0     0.4 0     0.0 0   258.4 0   274.87 0   274.59 0   299.2 0   274.11 0   274.09 0     0.0 0     0.2 0     0.0 0   -40.8 0   -40.8 0     0.7 0    40.0 0     1.6 0   276.3 0   832.3 0
 2019  10  1 10  5 38  5.633 153.57    -1.1 0    -1.4 0     0.4 0     0.0 0   259.3 0   274.84 0   274.62 0   299.2 0   274.13 0   274.10 0     0.0 0     0.2 0     0.0 0   -39.9 0   -39.9 0     0.5 0    39.8 0     0.9 0   282.4 0   832.2 0
 2019  10  1 10  5 39  5.650 153.72    -1.4 0    -1.4 0     0.4 0     0.0 0   259.3 0   274.84 0   274.74 0   299.1 0   274.16 0   274.11 0     0.0 0     0.2 0     0.0 0   -39.8 0   -39.8 0     0.6 0    39.5 0     1.3 0   256.2 0   832.3 0
 2019  10  1 10  5 40  5.667 153.88    -1.4 0    -1.5 0     0.4 0     0.0 0   258.0 0   274.89 0   274.79 0   301.4 0   274.18 0   274.15 0     0.0 0     0.2 0     0.0 0   -43.4 0   -43.4 0     0.8 0    39.1 0     1.9 0   252.1 0   832.4 0
 2019  10  1 10  5 41  5.683 154.03    -1.4 0    -1.5 0     0.4 0     0.0 0   258.3 0   274.94 0   274.75 0   301.6 0   274.21 0   274.19 0     0.0 0     0.2 0     0.0 0   -43.3 0   -43.3 0     1.0 0    38.8 0     0.9 0   257.4 0   832.3 0
 2019  10  1 10  5 42  5.700 154.18    -1.4 0    -1.2 0     0.4 0     0.0 0   259.5 0   274.96 0   274.84 0   299.9 0   274.23 0   274.24 0     0.0 0     0.2 0     0.0 0   -40.4 0   -40.4 0     1.0 0    38.6 0     1.1 0   272.5 0   832.3 0
 2019  10  1 10  5 43  5.717 154.33    -1.4 0    -1.0 0     0.4 0     0.0 0   258.9 0   275.00 0   274.84 0   301.0 0   274.26 0   274.26 0     0.0 0     0.2 0     0.0 0   -42.1 0   -42.1 0     1.2 0    38.4 0     1.7 0   263.2 0   832.3 0
 2019  10  1 10  5 44  5.733 154.48    -1.4 0    -1.0 0     0.4 0     0.0 0   259.2 0   275.03 0   274.83 0   301.3 0   274.29 0   274.26 0     0.0 0     0.2 0     0.0 0   -42.1 0   -42.1 0     1.2 0    38.2 0     0.8 0   194.2 0   832.2 0
 2019  10  1 10  5 45  5.750 154.62    -1.4 0    -0.8 0     0.4 0     0.0 0   258.1 0   275.03 0   274.81 0   301.8 0   274.31 0   274.28 0     0.0 0     0.2 0     0.0 0   -43.8 0   -43.8 0     1.1 0    38.7 0     2.3 0   155.0 0   832.2 0
 2019  10  1 10  5 46  5.767 154.77    -1.4 0    -0.4 0     0.4 0     0.0 0   257.7 0   275.03 0   274.75 0   302.5 0   274.32 0   274.26 0     0.0 0     0.2 0     0.0 0   -44.8 0   -44.8 0     0.9 0    40.4 0     2.1 0   192.4 0   832.3 0
 2019  10  1 10  5 47  5.783 154.92    -1.4 0    -0.3 0     0.4 0     0.0 0   258.7 0   275.01 0   274.75 0   301.3 0   274.31 0   274.25 0     0.0 0     0.2 0     0.0 0   -42.6 0   -42.6 0     0.8 0    41.8 0     1.1 0   225.8 0   832.3 0
 2019  10  1 10  5 48  5.800 155.06    -1.4 0    -0.3 0     0.4 0     0.0 0   259.2 0   274.99 0   274.69 0   300.6 0   274.30 0   274.23 0     0.0 0     0.2 0     0.0 0   -41.4 0   -41.4 0     0.8 0    42.7 0     1.2 0   223.4 0   832.2 0
 2019  10  1 10  5 49  5.817 155.21    -1.4 0    -0.4 0     0.4 0     0.0 0   259.7 0   274.95 0   274.63 0   300.8 0   274.28 0   274.21 0     0.0 0     0.2 0     0.0 0   -41.1 0   -41.1 0     0.8 0    42.8 0     1.7 0   236.9 0   832.2 0
 2019  10  1 10  5 50  5.833 155.35    -1.4 0    -0.7 0     0.4 0     0.0 0   260.6 0   274.91 0   274.63 0   300.5 0   274.26 0   274.21 0     0.0 0     0.2 0     0.0 0   -40.0 0   -40.0 0     0.8 0    42.7 0     1.4 0   239.8 0   832.2 0
 2019  10  1 10  5 51  5.850 155.49    -1.4 0    -0.7 0     0.4 0     0.0 0   261.3 0   274.89 0   274.65 0   300.3 0   274.26 0   274.21 0     0.0 0     0.2 0     0.0 0   -39.0 0   -39.0 0     0.8 0    42.8 0     1.1 0   255.8 0   832.3 0
 2019  10  1 10  5 52  5.867 155.64    -1.4 0    -0.7 0     0.4 0     0.0 0   261.7 0   274.89 0   274.67 0   300.8 0   274.25 0   274.20 0     0.0 0     0.2 0     0.0 0   -39.1 0   -39.1 0     0.8 0    42.6 0     2.4 0   255.9 0   832.3 0
 2019  10  1 10  5 53  5.883 155.78    -1.4 0    -0.7 0     0.4 0     0.0 0   261.7 0   274.87 0   274.58 0   301.3 0   274.22 0   274.16 0     0.0 0     0.2 0     0.0 0   -39.6 0   -39.6 0     0.8 0    42.9 0     2.5 0   237.6 0   832.2 0
 2019  10  1 10  5 54  5.900 155.92    -1.3 0    -1.0 0     0.4 0     0.0 0   262.7 0   274.83 0   274.55 0   301.5 0   274.21 0   274.18 0     0.0 0     0.2 0     0.0 0   -38.7 0   -38.7 0     0.7 0    42.3 0     2.4 0   222.2 0   832.2 0
 2019  10  1 10  5 55  5.917 156.05    -1.4 0    -1.1 0     0.4 0     0.0 0   263.0 0   274.81 0   274.60 0   302.3 0   274.21 0   274.18 0     0.0 0     0.2 0     0.0 0   -39.4 0   -39.4 0     0.7 0    42.8 0     2.6 0   233.6 0   832.2 0
 2019  10  1 10  5 56  5.933 156.19    -1.4 0    -1.4 0     0.4 0     0.0 0   262.5 0   274.81 0   274.57 0   303.9 0   274.23 0   274.21 0     0.0 0     0.2 0     0.0 0   -41.4 0   -41.4 0     0.8 0    42.3 0     3.2 0   247.9 0   832.2 0
 2019  10  1 10  5 57  5.950 156.33    -1.4 0    -1.4 0     0.4 0     0.0 0   262.9 0   274.79 0   274.55 0   304.8 0   274.25 0   274.23 0     0.0 0     0.2 0     0.0 0   -41.9 0   -41.9 0     0.7 0    41.9 0     2.9 0   240.0 0   832.2 0
 2019  10  1 10  5 58  5.967 156.46    -1.4 0    -1.4 0     0.4 0     0.0 0   263.8 0   274.79 0   274.57 0   305.3 0   274.27 0   274.26 0     0.0 0     0.2 0     0.0 0   -41.5 0   -41.5 0     0.7 0    41.3 0     2.8 0   231.3 0   832.2 0
 2019  10  1 10  5 59  5.983 156.60    -1.4 0    -1.4 0     0.4 0     0.0 0   264.5 0   274.79 0   274.57 0   305.9 0   274.31 0   274.29 0     0.0 0     0.2 0     0.0 0   -41.4 0   -41.4 0     0.7 0    41.0 0     2.8 0   246.7 0   832.2 0
 2019  10  1 10  6  0  6.000 156.73    -1.4 0    -1.4 0     0.4 0     0.0 0   264.9 0   274.79 0   274.56 0   305.8 0   274.34 0   274.32 0     0.0 0     0.2 0     0.0 0   -41.0 0   -41.0 0     0.7 0    40.9 0     3.2 0   264.7 0   832.2 0
 2019  10  1 10  6  1  6.017 156.86    -1.4 0    -1.4 0     0.4 0     0.0 0   264.3 0   274.77 0   274.49 0   304.9 0   274.37 0   274.35 0     0.0 0     0.2 0     0.0 0   -40.6 0   -40.6 0     0.6 0    40.5 0     3.4 0   259.4 0   832.1 0
 2019  10  1 10  6  2  6.033 156.99    -1.2 0    -1.1 0     0.4 0     0.0 0   264.0 0   274.73 0   274.38 0   304.8 0   274.40 0   274.36 0     0.0 0     0.2 0     0.0 0   -40.8 0   -40.8 0     0.4 0    40.7 0     3.7 0   263.3 0   832.1 0
 2019  10  1 10  6  3  6.050 157.12    -0.9 0    -1.3 0     0.5 0     0.0 0   265.5 0   274.67 0   274.34 0   305.5 0   274.42 0   274.41 0     0.0 0     0.2 0     0.0 0   -40.0 0   -40.0 0     0.1 0    40.9 0     3.1 0   273.9 0   832.0 0
 2019  10  1 10  6  4  6.067 157.25    -0.9 0    -1.4 0     0.4 0     0.0 0   266.8 0   274.62 0   274.33 0   305.8 0   274.46 0   274.47 0     0.0 0     0.2 0     0.0 0   -39.0 0   -39.0 0     0.0 0    40.1 0     2.9 0   282.7 0   832.0 0
 2019  10  1 10  6  5  6.083 157.38    -0.9 0    -1.7 0     0.4 0     0.0 0   267.2 0   274.58 0   274.29 0   305.4 0   274.52 0   274.52 0     0.0 0     0.2 0     0.0 0   -38.2 0   -38.2 0     0.0 0    38.9 0     3.5 0   283.9 0   832.0 0
 2019  10  1 10  6  6  6.100 157.50    -0.6 0    -1.1 0     0.4 0     0.0 0   266.1 0   274.54 0   274.17 0   305.1 0   274.56 0   274.54 0     0.0 0     0.2 0     0.0 0   -39.0 0   -39.0 0    -0.3 0    39.7 0     4.4 0   281.1 0   832.0 0
 2019  10  1 10  6  7  6.117 157.63    -0.5 0    -1.3 0     0.4 0     0.0 0   267.0 0   274.47 0   274.12 0   306.2 0   274.60 0   274.60 0     0.0 0     0.2 0     0.0 0   -39.2 0   -39.2 0    -0.4 0    40.5 0     4.1 0   276.3 0   831.9 0
 2019  10  1 10  6  8  6.133 157.75    -0.8 0    -1.6 0     0.4 0     0.0 0   267.7 0   274.41 0   274.13 0   307.1 0   274.64 0   274.65 0     0.0 0     0.2 0     0.0 0   -39.3 0   -39.3 0    -0.4 0    40.0 0     3.9 0   266.7 0   831.9 0
 2019  10  1 10  6  9  6.150 157.87    -1.1 0    -1.7 0     0.4 0     0.0 0   267.9 0   274.38 0   274.18 0   307.0 0   274.70 0   274.71 0     0.0 0     0.2 0     0.0 0   -39.1 0   -39.1 0    -0.2 0    39.4 0     3.4 0   265.9 0   832.0 0
 2019  10  1 10  6 10  6.167 157.99    -1.3 0    -1.5 0     0.4 0     0.0 0   267.3 0   274.37 0   274.16 0   306.6 0   274.75 0   274.75 0     0.0 0     0.2 0     0.0 0   -39.3 0   -39.3 0     0.0 0    38.8 0     2.8 0   271.2 0   832.0 0
 2019  10  1 10  6 11  6.183 158.11    -1.0 0    -1.4 0     0.4 0     0.0 0   267.7 0   274.36 0   274.13 0   306.5 0   274.80 0   274.80 0     0.0 0     0.2 0     0.0 0   -38.9 0   -38.9 0     0.0 0    38.8 0     3.1 0   263.4 0   832.0 0
 2019  10  1 10  6 12  6.200 158.23    -1.4 0    -1.4 0     0.4 0     0.0 0   268.3 0   274.36 0   274.19 0   306.7 0   274.85 0   274.86 0     0.0 0     0.2 0     0.0 0   -38.5 0   -38.5 0     0.1 0    38.6 0     3.4 0   265.8 0   832.0 0
 2019  10  1 10  6 13  6.217 158.35    -1.4 0    -1.2 0     0.4 0     0.0 0   266.8 0   274.37 0   274.21 0   305.5 0   274.90 0   274.88 0     0.0 0     0.2 0     0.0 0   -38.7 0   -38.7 0     0.2 0    39.2 0     3.3 0   269.4 0   832.0 0
 2019  10  1 10  6 14  6.233 158.46    -1.4 0    -0.5 0     0.4 0     0.0 0   266.6 0   274.38 0   274.22 0   304.6 0   274.92 0   274.84 0     0.0 0     0.2 0     0.0 0   -38.0 0   -38.0 0     0.3 0    41.3 0     1.0 0   223.9 0   832.0 0
 2019  10  1 10  6 15  6.250 158.58    -1.4 0    -0.3 0     0.4 0     0.0 0   268.8 0   274.41 0   274.34 0   305.7 0   274.90 0   274.84 0     0.0 0     0.2 0     0.0 0   -36.9 0   -36.9 0     0.4 0    42.2 0     1.0 0   209.1 0   832.0 0
 2019  10  1 10  6 16  6.267 158.69    -1.4 0    -0.7 0     0.4 0     0.2 0   269.0 0   274.48 0   274.44 0   305.0 0   274.89 0   274.85 0     0.0 0     0.2 0     0.0 0   -36.0 0   -36.0 0     0.7 0    42.0 0     1.1 0   270.1 0   832.0 0
 2019  10  1 10  6 17  6.283 158.80    -1.4 0    -0.7 0     0.2 0     0.2 0   268.5 0   274.55 0   274.52 0   306.2 0   274.89 0   274.86 0     0.0 0     0.2 0     0.0 0   -37.6 0   -37.6 0     1.0 0    41.5 0     1.8 0   273.8 0   832.0 0
 2019  10  1 10  6 18  6.300 158.91    -1.4 0    -0.9 0     0.1 0     0.2 0   268.2 0   274.63 0   274.54 0   306.5 0   274.90 0   274.87 0     0.0 0     0.2 0     0.0 0   -38.4 0   -38.4 0     1.1 0    41.1 0     1.4 0   244.3 0   832.0 0
 2019  10  1 10  6 19  6.317 159.02    -1.6 0    -1.0 0     0.3 0     0.2 0   268.2 0   274.68 0   274.59 0   305.0 0   274.92 0   274.89 0     0.0 0     0.2 0     0.0 0   -36.8 0   -36.8 0     1.1 0    40.8 0     1.5 0   241.2 0   832.0 0
 2019  10  1 10  6 20  6.333 159.12    -1.8 0    -0.7 0     0.4 0     0.3 0   268.7 0   274.74 0   274.68 0   303.9 0   274.92 0   274.87 0     0.0 0     0.2 0     0.0 0   -35.2 0   -35.2 0     1.2 0    40.8 0     1.4 0   261.7 0   832.0 0
 2019  10  1 10  6 21  6.350 159.22    -1.8 0    -0.9 0     0.4 0     0.2 0   268.5 0   274.82 0   274.74 0   303.3 0   274.92 0   274.89 0     0.0 0     0.2 0     0.0 0   -34.8 0   -34.8 0     1.3 0    40.7 0     1.9 0   265.4 0   831.9 0
 2019  10  1 10  6 22  6.367 159.33    -1.7 0    -0.6 0     0.4 0     0.1 0   268.8 0   274.88 0   274.75 0   304.1 0   274.92 0   274.86 0     0.0 0     0.2 0     0.0 0   -35.4 0   -35.4 0     1.3 0    41.6 0     2.3 0   246.4 0   831.9 0
 2019  10  1 10  6 23  6.383 159.43    -1.4 0    -0.3 0     0.4 0     0.0 0   269.0 0   274.91 0   274.71 0   304.9 0   274.89 0   274.83 0     0.0 0     0.2 0     0.0 0   -35.9 0   -35.9 0     1.3 0    42.5 0     3.4 0   261.4 0   831.9 0
 2019  10  1 10  6 24  6.400 159.53    -1.4 0    -0.4 0     0.4 0     0.0 0   268.9 0   274.91 0   274.62 0   305.8 0   274.86 0   274.80 0     0.0 0     0.2 0     0.0 0   -36.9 0   -36.9 0     1.0 0    43.2 0     3.7 0   269.1 0   831.9 0
 2019  10  1 10  6 25  6.417 159.62    -1.4 0    -0.7 0     0.4 0     0.0 0   269.4 0   274.87 0   274.53 0   305.6 0   274.84 0   274.82 0     0.0 0     0.2 0     0.0 0   -36.2 0   -36.2 0     0.6 0    42.9 0     3.0 0   274.8 0   831.9 0
 2019  10  1 10  6 26  6.433 159.72    -1.4 0    -1.0 0     0.4 0     0.0 0   270.5 0   274.82 0   274.53 0   304.9 0   274.84 0   274.82 0     0.0 0     0.2 0     0.0 0   -34.4 0   -34.4 0     0.3 0    41.7 0     2.2 0   273.1 0   831.9 0
 2019  10  1 10  6 27  6.450 159.81    -1.4 0    -0.9 0     0.4 0     0.0 0   271.0 0   274.78 0   274.54 0   303.9 0   274.86 0   274.82 0     0.0 0     0.2 0     0.0 0   -32.9 0   -32.9 0     0.3 0    41.5 0     1.9 0   253.9 0   831.9 0
 2019  10  1 10  6 28  6.467 159.91    -1.4 0    -1.0 0     0.4 0     0.0 0   270.4 0   274.77 0   274.56 0   304.5 0   274.87 0   274.84 0     0.0 0     0.2 0     0.0 0   -34.1 0   -34.1 0     0.4 0    41.1 0     3.0 0   245.4 0   831.9 0
 2019  10  1 10  6 29  6.483 160.00    -1.4 0    -1.1 0     0.4 0     0.0 0   270.6 0   274.77 0   274.57 0   306.5 0   274.88 0   274.85 0     0.0 0     0.2 0     0.0 0   -35.9 0   -35.9 0     0.5 0    40.8 0     3.1 0   249.7 0   831.9 0
 2019  10  1 10  6 30  6.500 160.09    -1.4 0    -1.4 0     0.4 0     0.0 0   270.9 0   274.75 0   274.53 0   306.5 0   274.90 0   274.88 0     0.0 0     0.2 0     0.0 0   -35.6 0   -35.6 0     0.5 0    39.9 0     2.6 0   261.6 0   831.9 0
 2019  10  1 10  6 31  6.517 160.17    -1.4 0    -1.3 0     0.4 0     0.0 0   271.5 0   274.75 0   274.52 0   306.3 0   274.93 0   274.91 0     0.0 0     0.2 0     0.0 0   -34.9 0   -34.9 0     0.5 0    39.6 0     2.5 0   262.6 0   831.9 0
 2019  10  1 10  6 32  6.533 160.26    -1.4 0    -1.1 0     0.4 0     0.0 0   271.5 0   274.74 0   274.51 0   306.6 0   274.95 0   274.94 0     0.0 0     0.2 0     0.0 0   -35.1 0   -35.1 0     0.5 0    39.6 0     2.5 0   261.1 0   831.8 0
 2019  10  1 10  6 33  6.550 160.34    -1.2 0    -1.2 0     0.4 0     0.0 0   270.3 0   274.71 0   274.42 0   306.1 0   274.98 0   274.96 0     0.0 0     0.2 0     0.0 0   -35.8 0   -35.8 0     0.4 0    39.2 0     2.9 0   259.1 0   831.8 0
 2019  10  1 10  6 34  6.567 160.42    -0.9 0    -0.8 0     0.4 0     0.0 0   270.9 0   274.67 0   274.39 0   305.3 0   274.99 0   274.96 0     0.0 0     0.2 0     0.0 0   -34.4 0   -34.4 0     0.2 0    40.1 0     2.6 0   251.4 0   831.8 0
 2019  10  1 10  6 35  6.583 160.50    -0.9 0    -0.8 0     0.4 0     0.0 0   271.5 0   274.65 0   274.43 0   305.4 0   275.01 0   274.97 0     0.0 0     0.2 0     0.0 0   -33.9 0   -33.9 0     0.2 0    40.0 0     2.3 0   264.0 0   831.8 0
 2019  10  1 10  6 36  6.600 160.58    -1.2 0    -1.0 0     0.4 0     0.0 0   271.1 0   274.64 0   274.43 0   305.7 0   275.03 0   274.99 0     0.0 0     0.2 0     0.0 0   -34.6 0   -34.6 0     0.3 0    39.7 0     2.9 0   267.9 0   831.8 0
 2019  10  1 10  6 37  6.617 160.65    -0.9 0    -1.0 0     0.4 0     0.0 0   271.3 0   274.62 0   274.39 0   306.1 0   275.04 0   275.01 0     0.0 0     0.2 0     0.0 0   -34.8 0   -34.8 0     0.3 0    40.0 0     2.9 0   264.3 0   831.7 0
 2019  10  1 10  6 38  6.633 160.72    -1.2 0    -1.4 0     0.4 0     0.0 0   272.4 0   274.60 0   274.38 0   307.0 0   275.06 0   275.06 0     0.0 0     0.2 0     0.0 0   -34.6 0   -34.6 0     0.3 0    39.3 0     2.1 0   256.5 0   831.7 0
 2019  10  1 10  6 39  6.650 160.79    -1.0 0    -1.4 0     0.4 0     0.0 0   273.0 0   274.59 0   274.38 0   306.8 0   275.10 0   275.10 0     0.0 0     0.2 0     0.0 0   -33.8 0   -33.8 0     0.3 0    38.4 0     2.3 0   266.8 0   831.7 0
 2019  10  1 10  6 40  6.667 160.86    -0.9 0    -1.4 0     0.4 0     0.0 0   272.4 0   274.57 0   274.38 0   306.5 0   275.14 0   275.13 0     0.0 0     0.2 0     0.0 0   -34.2 0   -34.2 0     0.3 0    37.7 0     3.2 0   275.2 0   831.7 0
 2019  10  1 10  6 41  6.683 160.93    -1.0 0    -1.1 0     0.4 0     0.0 0   271.7 0   274.58 0   274.36 0   307.0 0   275.17 0   275.14 0     0.0 0     0.2 0     0.0 0   -35.2 0   -35.2 0     0.3 0    38.8 0     3.9 0   279.1 0   831.7 0
 2019  10  1 10  6 42  6.700 160.99    -1.2 0    -1.3 0     0.4 0     0.0 0   273.1 0   274.56 0   274.35 0   308.6 0   275.20 0   275.21 0     0.0 0     0.2 0     0.0 0   -35.5 0   -35.5 0     0.3 0    39.2 0     3.1 0   280.7 0   831.7 0
 2019  10  1 10  6 43  6.717 161.06    -1.4 0    -1.9 0     0.4 0     0.0 0   274.0 0   274.55 0   274.37 0   308.6 0   275.26 0   275.31 0     0.0 0     0.2 0     0.0 0   -34.6 0   -34.6 0     0.3 0    37.3 0     3.0 0   284.4 0   831.7 0
 2019  10  1 10  6 44  6.733 161.12    -1.4 0    -1.3 0     0.4 0     0.0 0   273.0 0   274.55 0   274.34 0   308.2 0   275.32 0   275.30 0     0.0 0     0.2 0     0.0 0   -35.2 0   -35.2 0     0.3 0    37.7 0     4.3 0   280.8 0   831.7 0
 2019  10  1 10  6 45  6.750 161.17    -1.4 0    -0.8 0     0.4 0     0.0 0   273.7 0   274.55 0   274.31 0   308.9 0   275.33 0   275.31 0     0.0 0     0.2 0     0.0 0   -35.2 0   -35.2 0     0.3 0    39.5 0     3.6 0   284.8 0   831.7 0
 2019  10  1 10  6 46  6.767 161.23    -1.4 0    -1.5 0     0.4 0     0.0 0   276.0 0   274.55 0   274.36 0   309.5 0   275.37 0   275.40 0     0.0 0     0.2 0     0.0 0   -33.6 0   -33.6 0     0.3 0    38.2 0     2.0 0   268.0 0   831.6 0
 2019  10  1 10  6 47  6.783 161.28    -1.4 0    -1.6 0     0.4 0     0.0 0   275.8 0   274.55 0   274.38 0   307.9 0   275.43 0   275.46 0     0.0 0     0.2 0     0.0 0   -32.2 0   -32.2 0     0.4 0    36.2 0     2.7 0   273.3 0   831.6 0
 2019  10  1 10  6 48  6.800 161.33    -1.4 0    -1.1 0     0.4 0     0.0 0   275.2 0   274.55 0   274.36 0   309.0 0   275.47 0   275.46 0     0.0 0     0.2 0     0.0 0   -33.8 0   -33.8 0     0.4 0    37.3 0     3.6 0   268.1 0   831.6 0
 2019  10  1 10  6 49  6.817 161.38    -1.4 0    -2.1 0     0.4 0     0.0 0   276.3 0   274.55 0   274.36 0   310.1 0   275.53 0   275.59 0     0.0 0     0.2 0     0.0 0   -33.8 0   -33.8 0     0.4 0    35.5 0     3.4 0   269.3 0   831.7 0
 2019  10  1 10  6 50  6.833 161.43    -1.4 0    -2.4 0     0.4 0     0.0 0   276.5 0   274.55 0   274.34 0   310.2 0   275.63 0   275.70 0     0.0 0     0.2 0     0.0 0   -33.7 0   -33.7 0     0.4 0    34.0 0     3.0 0   275.4 0   831.7 0
 2019  10  1 10  6 51  6.850 161.47    -1.4 0    -2.4 0     0.4 0     0.0 0   278.5 0   274.55 0   274.42 0   310.3 0   275.74 0   275.80 0     0.0 0     0.2 0     0.0 0   -31.8 0   -31.8 0     0.4 0    33.2 0     1.8 0   270.8 0   831.7 0
 2019  10  1 10  6 52  6.867 161.52    -1.4 0    -2.1 0     0.4 0     0.0 0   279.3 0   274.59 0   274.59 0   310.2 0   275.84 0   275.89 0     0.0 0     0.2 0     0.0 0   -30.8 0   -30.8 0     0.7 0    32.6 0     2.1 0   282.9 0   831.6 0
 2019  10  1 10  6 53  6.883 161.56    -1.4 0    -2.0 0     0.1 0     0.0 0   280.1 0   274.67 0   274.74 0   309.5 0   275.93 0   275.96 0     0.0 0     0.2 0     0.0 0   -29.4 0   -29.4 0     1.1 0    32.4 0     2.3 0   266.4 0   831.6 0
 2019  10  1 10  6 54  6.900 161.59    -1.4 0    -1.6 0     0.0 0     0.1 0   279.5 0   274.77 0   274.78 0   311.5 0   276.00 0   276.03 0     0.0 0     0.2 0     0.0 0   -31.9 0   -31.9 0     1.3 0    33.1 0     2.9 0   269.4 0   831.6 0
 2019  10  1 10  6 55  6.917 161.63    -2.1 0    -2.1 0    -0.2 0     0.4 0   281.7 0   274.87 0   275.04 0   312.5 0   276.09 0   276.16 0     0.0 0     0.2 0     0.0 0   -30.7 0   -30.7 0     1.6 0    32.5 0     1.8 0   272.7 0   831.6 0
 2019  10  1 10  6 56  6.933 161.66    -2.3 0    -1.8 0    -0.4 0     0.4 0   282.0 0   275.04 0   275.32 0   310.9 0   276.18 0   276.24 0     0.0 0     0.2 0     0.0 0   -28.9 0   -28.9 0     2.0 0    32.1 0     1.6 0   278.1 0   831.6 0
 2019  10  1 10  6 57  6.950 161.69    -2.2 0    -1.4 0    -0.4 0     0.4 0   279.0 0   275.22 0   275.25 0   311.1 0   276.25 0   276.27 0     0.0 0     0.2 0     0.0 0   -32.1 0   -32.1 0     2.3 0    32.5 0     1.7 0   274.4 0   831.7 0
 2019  10  1 10  6 58  6.967 161.72    -1.8 0    -1.3 0    -0.1 0     0.4 0   277.9 0   275.32 0   275.18 0   309.4 0   276.32 0   276.34 0     0.0 0     0.2 0     0.0 0   -31.6 0   -31.6 0     2.0 0    32.7 0     1.6 0   259.9 0   831.7 0
 2019  10  1 10  6 59  6.983 161.74    -1.8 0    -0.1 0     0.3 0     0.3 0   278.6 0   275.36 0   275.22 0   307.8 0   276.34 0   276.25 0     0.0 0     0.2 0     0.0 0   -29.1 0   -29.1 0     1.8 0    34.7 0     1.1 0   237.8 0   831.7 0
 2019  10  1 10  7  0  7.000 161.77    -1.8 0     0.3 0     0.4 0     0.1 0   279.3 0   275.39 0   275.30 0   309.3 0   276.32 0   276.23 0     0.0 0     0.2 0     0.0 0   -30.1 0   -30.1 0     1.8 0    37.3 0     0.7 0   265.4 0   831.6 0
 2019  10  1 10  7  1  7.017 161.79    -1.8 0    -0.1 0     0.4 0     0.2 0   279.5 0   275.46 0   275.42 0   310.2 0   276.30 0   276.25 0     0.0 0     0.2 0     0.0 0   -30.7 0   -30.7 0     1.9 0    38.2 0     0.1 0   271.2 0   831.6 0
 2019  10  1 10  7  2  7.033 161.80    -1.8 0    -0.3 0     0.4 0     0.0 0   278.7 0   275.52 0   275.38 0   309.6 0   276.30 0   276.24 0     0.0 0     0.2 0     0.0 0   -30.8 0   -30.8 0     2.0 0    38.7 0     0.7 0   283.8 0   831.6 0
 2019  10  1 10  7  3  7.050 161.82    -1.8 0    -0.5 0     0.4 0     0.0 0   279.6 0   275.56 0   275.42 0   310.2 0   276.28 0   276.22 0     0.0 0     0.2 0     0.0 0   -30.6 0   -30.6 0     1.9 0    39.2 0     1.1 0   274.3 0   831.6 0
 2019  10  1 10  7  4  7.067 161.83    -1.8 0    -0.5 0     0.4 0     0.0 0   279.6 0   275.60 0   275.50 0   309.2 0   276.26 0   276.19 0     0.0 0     0.2 0     0.0 0   -29.6 0   -29.6 0     1.9 0    40.2 0     0.8 0   275.6 0   831.6 0
 2019  10  1 10  7  5  7.083 161.84    -1.9 0    -0.3 0     0.4 0     0.0 0   279.4 0   275.64 0   275.55 0   308.5 0   276.23 0   276.13 0     0.0 0     0.2 0     0.0 0   -29.1 0   -29.1 0     1.9 0    41.7 0     1.2 0   273.6 0   831.6 0
 2019  10  1 10  7  6  7.100 161.85    -1.9 0    -0.3 0     0.4 0     0.0 0   279.2 0   275.70 0   275.55 0   308.2 0   276.19 0   276.08 0     0.0 0     0.2 0     0.0 0   -29.0 0   -29.0 0     1.9 0    43.0 0     1.8 0   266.1 0   831.6 0
 2019  10  1 10  7  7  7.117 161.86    -1.8 0    -0.3 0     0.4 0     0.0 0   280.5 0   275.72 0   275.60 0   308.3 0   276.14 0   276.05 0     0.0 0     0.2 0     0.0 0   -27.8 0   -27.8 0     1.9 0    43.5 0     1.6 0   249.2 0   831.6 0
 2019  10  1 10  7  8  7.133 161.86    -1.8 0    -0.9 0     0.4 0     0.0 0   280.4 0   275.76 0   275.68 0   309.6 0   276.10 0   276.05 0     0.0 0     0.2 0     0.0 0   -29.2 0   -29.2 0     2.0 0    42.2 0     2.0 0   247.4 0   831.6 0
 2019  10  1 10  7  9  7.150 161.86    -2.3 0    -1.4 0     0.4 0     0.0 0   279.6 0   275.81 0   275.75 0   308.8 0   276.10 0   276.07 0     0.0 0     0.2 0     0.0 0   -29.2 0   -29.2 0     2.1 0    39.7 0     1.3 0   211.0 0   831.6 0
 2019  10  1 10  7 10  7.167 161.86    -2.1 0    -1.1 0     0.4 0     0.0 0   277.7 0   275.87 0   275.70 0   307.5 0   276.10 0   276.03 0     0.0 0     0.2 0     0.0 0   -29.8 0   -29.8 0     2.2 0    39.5 0     1.6 0   168.0 0   831.6 0
 2019  10  1 10  7 11  7.183 161.85    -1.5 0    -0.6 0     0.4 0     0.0 0   277.4 0   275.88 0   275.61 0   307.9 0   276.06 0   275.96 0     0.0 0     0.2 0     0.0 0   -30.5 0   -30.5 0     1.8 0    41.2 0     1.6 0   159.2 0   831.6 0
 2019  10  1 10  7 12  7.200 161.85    -1.4 0    -0.6 0     0.4 0     0.0 0   279.3 0   275.85 0   275.62 0   308.0 0   276.01 0   275.94 0     0.0 0     0.2 0     0.0 0   -28.6 0   -28.6 0     1.6 0    42.3 0     0.8 0   192.4 0   831.6 0
 2019  10  1 10  7 13  7.217 161.84    -1.4 0    -0.7 0     0.4 0     0.0 0   280.0 0   275.84 0   275.62 0   307.1 0   275.98 0   275.91 0     0.0 0     0.2 0     0.0 0   -27.0 0   -27.0 0     1.6 0    41.7 0     0.3 0   270.7 0   831.6 0
 2019  10  1 10  7 14  7.233 161.83    -1.4 0    -1.0 0     0.4 0     0.0 0   280.4 0   275.83 0   275.61 0   307.6 0   275.95 0   275.90 0     0.0 0     0.2 0     0.0 0   -27.1 0   -27.1 0     1.6 0    41.8 0     0.9 0   350.9 0   831.6 0
 2019  10  1 10  7 15  7.250 161.81    -1.4 0    -1.4 0     0.4 0     0.0 0   281.6 0   275.81 0   275.57 0   308.6 0   275.93 0   275.92 0     0.0 0     0.2 0     0.0 0   -27.0 0   -27.0 0     1.5 0    40.7 0     1.8 0     5.3 0   831.5 0
 2019  10  1 10  7 16  7.267 161.79    -1.4 0    -1.7 0     0.4 0     0.0 0   283.1 0   275.81 0   275.68 0   308.6 0   275.95 0   275.96 0     0.0 0     0.2 0     0.0 0   -25.5 0   -25.5 0     1.6 0    38.9 0     2.1 0   358.4 0   831.5 0
 2019  10  1 10  7 17  7.283 161.78    -1.4 0    -1.9 0     0.4 0     0.0 0   282.7 0   275.84 0   275.78 0   309.0 0   275.97 0   276.02 0     0.0 0     0.2 0     0.0 0   -26.2 0   -26.2 0     1.9 0    37.5 0     2.4 0   344.7 0   831.5 0
 2019  10  1 10  7 18  7.300 161.75    -1.4 0    -1.4 0     0.4 0     0.0 0   280.5 0   275.86 0   275.60 0   309.1 0   276.01 0   276.03 0     0.0 0     0.2 0     0.0 0   -28.7 0   -28.7 0     1.9 0    37.3 0     2.6 0   320.5 0   831.5 0
 2019  10  1 10  7 19  7.317 161.73    -1.0 0    -1.2 0     0.4 0     0.0 0   280.1 0   275.84 0   275.47 0   309.0 0   276.04 0   276.04 0     0.0 0     0.2 0     0.0 0   -28.9 0   -28.9 0     1.6 0    37.4 0     2.3 0   321.2 0   831.5 0
 2019  10  1 10  7 20  7.333 161.70    -0.9 0    -1.0 0     0.4 0     0.0 0   280.3 0   275.77 0   275.43 0   308.4 0   276.06 0   276.03 0     0.0 0     0.2 0     0.0 0   -28.1 0   -28.1 0     1.3 0    37.8 0     2.2 0   310.3 0   831.4 0
 2019  10  1 10  7 21  7.350 161.67    -0.5 0    -1.0 0     0.4 0     0.0 0   280.7 0   275.71 0   275.41 0   309.0 0   276.08 0   276.05 0     0.0 0     0.2 0     0.0 0   -28.3 0   -28.3 0     1.0 0    37.7 0     2.2 0   306.0 0   831.4 0
 2019  10  1 10  7 22  7.367 161.64    -0.8 0    -1.1 0     0.4 0     0.0 0   281.0 0   275.67 0   275.52 0   309.7 0   276.10 0   276.08 0     0.0 0     0.2 0     0.0 0   -28.7 0   -28.7 0     1.0 0    37.4 0     2.2 0   309.6 0   831.4 0
 2019  10  1 10  7 23  7.383 161.61    -1.3 0    -1.5 0     0.4 0     0.0 0   282.0 0   275.68 0   275.64 0   310.0 0   276.12 0   276.15 0     0.0 0     0.2 0     0.0 0   -28.0 0   -28.0 0     1.4 0    36.1 0     2.0 0   328.9 0   831.4 0
 2019  10  1 10  7 24  7.400 161.57    -1.5 0    -1.7 0     0.4 0     0.0 0   282.6 0   275.74 0   275.76 0   309.6 0   276.17 0   276.22 0     0.0 0     0.2 0     0.0 0   -27.0 0   -27.0 0     1.8 0    34.6 0     1.7 0   343.0 0   831.4 0
 2019  10  1 10  7 25  7.417 161.53    -1.9 0    -1.7 0     0.4 0     0.3 0   282.5 0   275.83 0   275.92 0   309.1 0   276.23 0   276.26 0     0.0 0     0.2 0     0.0 0   -26.6 0   -26.6 0     2.3 0    33.7 0     1.8 0   343.6 0   831.4 0
 2019  10  1 10  7 26  7.433 161.49    -2.0 0    -1.4 0     0.4 0     0.1 0   279.4 0   275.93 0   275.90 0   310.8 0   276.29 0   276.31 0     0.0 0     0.2 0     0.0 0   -31.4 0   -31.4 0     2.6 0    35.1 0     3.6 0   274.2 0   831.4 0
 2019  10  1 10  7 27  7.450 161.45    -2.1 0    -1.7 0     0.4 0     0.3 0   280.5 0   276.01 0   276.01 0   314.7 0   276.35 0   276.39 0     0.0 0     0.2 0     0.0 0   -34.1 0   -34.1 0     2.6 0    34.2 0     2.9 0   289.1 0   831.4 0
 2019  10  1 10  7 28  7.467 161.40    -2.3 0    -1.9 0     0.3 0     0.3 0   280.8 0   276.10 0   276.17 0   314.6 0   276.42 0   276.47 0     0.0 0     0.2 0     0.0 0   -33.8 0   -33.8 0     2.8 0    33.4 0     2.5 0   295.5 0   831.4 0
 2019  10  1 10  7 29  7.483 161.36    -2.3 0    -1.9 0    -0.2 0     0.4 0   280.5 0   276.23 0   276.45 0   314.4 0   276.50 0   276.54 0     0.0 0     0.2 0     0.0 0   -33.9 0   -33.9 0     3.4 0    32.8 0     2.3 0   301.3 0   831.4 0
 2019  10  1 10  7 30  7.500 161.31    -2.3 0    -1.8 0    -0.4 0     0.4 0   278.8 0   276.40 0   276.52 0   314.2 0   276.58 0   276.61 0     0.0 0     0.2 0     0.0 0   -35.4 0   -35.4 0     3.7 0    32.9 0     2.6 0   288.1 0   831.4 0
 2019  10  1 10  7 31  7.517 161.26    -2.6 0    -1.7 0    -0.4 0     0.4 0   279.5 0   276.55 0   276.70 0   315.5 0   276.66 0   276.69 0     0.0 0     0.2 0     0.0 0   -36.1 0   -36.1 0     3.7 0    32.3 0     2.1 0   307.9 0   831.4 0
 2019  10  1 10  7 32  7.533 161.20    -3.2 0    -1.7 0    -0.3 0     0.4 0   278.5 0   276.71 0   276.86 0   314.5 0   276.73 0   276.80 0     0.0 0     0.2 0     0.0 0   -36.0 0   -36.0 0     4.0 0    31.9 0     2.4 0   330.1 0   831.4 0
 2019  10  1 10  7 33  7.550 161.14    -2.9 0    -2.2 0     0.0 0     0.4 0   278.0 0   276.85 0   276.84 0   315.2 0   276.83 0   276.91 0     0.0 0     0.2 0     0.0 0   -37.2 0   -37.2 0     4.0 0    31.2 0     2.3 0   342.8 0   831.4 0
 2019  10  1 10  7 34  7.567 161.08    -2.7 0    -2.8 0     0.0 0     0.4 0   278.6 0   276.95 0   276.99 0   315.6 0   276.96 0   277.07 0     0.0 0     0.2 0     0.0 0   -36.9 0   -36.9 0     3.9 0    29.9 0     2.1 0   348.8 0   831.4 0
 2019  10  1 10  7 35  7.583 161.02    -3.0 0    -2.5 0     0.3 0     0.4 0   278.7 0   277.06 0   277.16 0   313.9 0   277.11 0   277.19 0     0.0 0     0.2 0     0.0 0   -35.2 0   -35.2 0     4.1 0    28.7 0     1.8 0   344.8 0   831.4 0
 2019  10  1 10  7 36  7.600 160.96    -2.7 0    -1.7 0     0.4 0     0.4 0   277.3 0   277.18 0   277.13 0   314.8 0   277.24 0   277.30 0     0.0 0     0.2 0     0.0 0   -37.5 0   -37.5 0     4.1 0    28.2 0     1.6 0   330.8 0   831.4 0
 2019  10  1 10  7 37  7.617 160.89    -2.7 0    -1.1 0     0.4 0     0.4 0   277.4 0   277.27 0   277.29 0   314.9 0   277.34 0   277.39 0     0.0 0     0.2 0     0.0 0   -37.4 0   -37.4 0     4.0 0    28.5 0     2.0 0   301.6 0   831.4 0
 2019  10  1 10  7 38  7.633 160.83    -2.4 0    -0.7 0     0.0 0     0.2 0   275.4 0   277.36 0   277.27 0   315.0 0   277.42 0   277.45 0     0.0 0     0.2 0     0.0 0   -39.6 0   -39.6 0     3.9 0    29.8 0     2.8 0   298.5 0   831.4 0
 2019  10  1 10  7 39  7.650 160.76    -2.3 0    -1.0 0     0.2 0     0.1 0   275.5 0   277.41 0   277.28 0   314.9 0   277.49 0   277.51 0     0.0 0     0.2 0     0.0 0   -39.4 0   -39.4 0     3.7 0    30.5 0     2.6 0   303.6 0   831.4 0
 2019  10  1 10  7 40  7.667 160.69    -2.3 0    -1.2 0     0.2 0     0.0 0   275.2 0   277.45 0   277.30 0   314.8 0   277.57 0   277.59 0     0.0 0     0.2 0     0.0 0   -39.6 0   -39.6 0     3.5 0    30.4 0     2.3 0   312.0 0   831.3 0
 2019  10  1 10  7 41  7.683 160.61    -2.3 0    -1.4 0     0.4 0     0.0 0   275.0 0   277.48 0   277.25 0   314.4 0   277.64 0   277.67 0     0.0 0     0.2 0     0.0 0   -39.4 0   -39.4 0     3.4 0    29.9 0     1.9 0   320.9 0   831.3 0
 2019  10  1 10  7 42  7.700 160.54    -2.3 0    -1.7 0     0.4 0     0.0 0   274.8 0   277.48 0   277.30 0   314.2 0   277.72 0   277.76 0     0.0 0     0.2 0     0.0 0   -39.4 0   -39.4 0     3.2 0    29.4 0     1.8 0   322.5 0   831.3 0
 2019  10  1 10  7 43  7.717 160.46    -2.2 0    -2.0 0     0.4 0     0.0 0   273.4 0   277.49 0   277.29 0   313.4 0   277.80 0   277.85 0     0.0 0     0.2 0     0.0 0   -40.0 0   -40.0 0     3.2 0    28.9 0     2.1 0   326.4 0   831.3 0
 2019  10  1 10  7 44  7.733 160.38    -1.7 0    -1.9 0     0.4 0     0.0 0   272.4 0   277.48 0   277.21 0   312.5 0   277.88 0   277.92 0     0.0 0     0.2 0     0.0 0   -40.1 0   -40.1 0     3.1 0    29.0 0     2.5 0   316.6 0   831.3 0
 2019  10  1 10  7 45  7.750 160.30    -1.4 0    -1.9 0     0.4 0     0.0 0   272.5 0   277.46 0   277.20 0   313.1 0   277.95 0   277.98 0     0.0 0     0.2 0     0.0 0   -40.6 0   -40.6 0     2.9 0    29.1 0     2.2 0   318.4 0   831.3 0
 2019  10  1 10  7 46  7.767 160.21    -1.5 0    -2.1 0     0.4 0     0.0 0   273.0 0   277.46 0   277.31 0   313.0 0   278.03 0   278.08 0     0.0 0     0.2 0     0.0 0   -40.0 0   -40.0 0     2.9 0    28.8 0     1.8 0   326.8 0   831.3 0
 2019  10  1 10  7 47  7.783 160.13    -2.1 0    -1.9 0     0.1 0     0.0 0   273.0 0   277.48 0   277.46 0   312.3 0   278.10 0   278.13 0     0.0 0     0.2 0     0.0 0   -39.3 0   -39.3 0     3.3 0    28.4 0     1.5 0   318.4 0   831.3 0
 2019  10  1 10  7 48  7.800 160.04    -2.0 0    -1.8 0     0.0 0     0.0 0   271.7 0   277.55 0   277.46 0   311.6 0   278.16 0   278.18 0     0.0 0     0.2 0     0.0 0   -40.0 0   -40.0 0     3.6 0    28.3 0     2.0 0   309.5 0   831.3 0
 2019  10  1 10  7 49  7.817 159.95    -1.4 0    -1.7 0     0.1 0     0.0 0   270.9 0   277.58 0   277.33 0   311.4 0   278.22 0   278.22 0     0.0 0     0.2 0     0.0 0   -40.5 0   -40.5 0     3.4 0    28.7 0     2.3 0   298.1 0   831.3 0
 2019  10  1 10  7 50  7.833 159.86    -1.4 0    -1.7 0     0.4 0     0.0 0   270.0 0   277.55 0   277.18 0   311.1 0   278.27 0   278.27 0     0.0 0     0.2 0     0.0 0   -41.1 0   -41.1 0     3.3 0    29.1 0     2.4 0   292.1 0   831.3 0
 2019  10  1 10  7 51  7.850 159.77    -1.4 0    -2.0 0     0.4 0     0.0 0   271.4 0   277.48 0   277.12 0   310.5 0   278.32 0   278.33 0     0.0 0     0.2 0     0.0 0   -39.2 0   -39.2 0     3.1 0    28.9 0     1.8 0   289.2 0   831.3 0
 2019  10  1 10  7 52  7.867 159.67    -1.4 0    -2.0 0     0.4 0     0.0 0   272.5 0   277.42 0   277.21 0   309.3 0   278.38 0   278.39 0     0.0 0     0.2 0     0.0 0   -36.8 0   -36.8 0     3.0 0    28.5 0     1.6 0   290.0 0   831.3 0
 2019  10  1 10  7 53  7.883 159.57    -1.4 0    -1.8 0     0.1 0     0.0 0   272.1 0   277.42 0   277.28 0   308.6 0   278.43 0   278.43 0     0.0 0     0.2 0     0.0 0   -36.4 0   -36.4 0     3.2 0    28.3 0     1.5 0   303.3 0   831.3 0
 2019  10  1 10  7 54  7.900 159.48    -1.4 0    -1.8 0     0.0 0     0.0 0   272.0 0   277.44 0   277.26 0   309.4 0   278.48 0   278.48 0     0.0 0     0.2 0     0.0 0   -37.3 0   -37.3 0     3.3 0    28.0 0     1.6 0   318.9 0   831.3 0
 2019  10  1 10  7 55  7.917 159.38    -1.6 0    -2.1 0     0.0 0     0.0 0   272.7 0   277.46 0   277.33 0   310.5 0   278.54 0   278.57 0     0.0 0     0.2 0     0.0 0   -37.8 0   -37.8 0     3.3 0    27.9 0     1.9 0   332.9 0   831.3 0
 2019  10  1 10  7 56  7.933 159.27    -1.8 0    -2.1 0     0.0 0     0.0 0   272.7 0   277.49 0   277.39 0   311.0 0   278.60 0   278.65 0     0.0 0     0.2 0     0.0 0   -38.3 0   -38.3 0     3.5 0    27.6 0     1.9 0   342.9 0   831.3 0
 2019  10  1 10  7 57  7.950 159.17    -2.2 0    -2.1 0     0.0 0     0.3 0   273.3 0   277.54 0   277.59 0   311.2 0   278.68 0   278.73 0     0.0 0     0.2 0     0.0 0   -37.9 0   -37.9 0     3.9 0    27.4 0     1.7 0   342.5 0   831.3 0
 2019  10  1 10  7 58  7.967 159.07    -2.5 0    -1.8 0     0.0 0     0.4 0   273.8 0   277.66 0   277.86 0   311.3 0   278.75 0   278.79 0     0.0 0     0.2 0     0.0 0   -37.5 0   -37.5 0     4.5 0    27.2 0     1.5 0   333.4 0   831.3 0
 2019  10  1 10  7 59  7.983 158.96    -3.2 0    -1.6 0     0.0 0     0.4 0   274.0 0   277.83 0   278.13 0   311.8 0   278.82 0   278.84 0     0.0 0     0.2 0     0.0 0   -37.8 0   -37.8 0     5.2 0    27.1 0     1.4 0   321.5 0   831.3 0
 2019  10  1 10  8  0  8.000 158.85    -3.8 0    -1.4 0    -0.3 0     0.4 0   274.4 0   278.05 0   278.41 0   312.0 0   278.87 0   278.89 0     0.0 0     0.1 0     0.0 0   -37.6 0   -37.6 0     5.8 0    26.9 0     1.4 0   313.5 0   831.3 0
 2019  10  1 10  8  1  8.017 158.74    -4.1 0    -1.6 0    -0.4 0     0.4 0   274.2 0   278.30 0   278.64 0   312.9 0   278.93 0   278.93 0     0.0 0     0.1 0     0.0 0   -38.7 0   -38.7 0     6.4 0    26.7 0     1.7 0   301.3 0   831.3 0
 2019  10  1 10  8  2  8.033 158.63    -3.6 0    -1.8 0    -0.4 0     0.4 0   273.9 0   278.54 0   278.86 0   314.0 0   278.98 0   278.98 0     0.0 0     0.2 0     0.0 0   -40.1 0   -40.1 0     6.7 0    26.6 0     2.1 0   295.5 0   831.3 0
 2019  10  1 10  8  3  8.050 158.52    -3.2 0    -2.2 0    -0.4 0     0.4 0   273.8 0   278.77 0   279.03 0   314.9 0   279.04 0   279.05 0     0.0 0     0.2 0     0.0 0   -41.1 0   -41.1 0     6.7 0    26.5 0     2.4 0   301.2 0   831.3 0
 2019  10  1 10  8  4  8.067 158.40    -3.2 0    -2.7 0    -0.4 0     0.4 0   274.1 0   278.99 0   279.21 0   315.3 0   279.11 0   279.15 0     0.0 0     0.2 0     0.0 0   -41.2 0   -41.2 0     6.7 0    25.8 0     2.4 0   303.6 0   831.3 0
 2019  10  1 10  8  5  8.083 158.29    -3.0 0    -2.8 0    -0.4 0     0.4 0   274.0 0   279.18 0   279.28 0   315.8 0   279.20 0   279.25 0     0.0 0     0.1 0     0.0 0   -41.8 0   -41.8 0     6.3 0    25.4 0     2.5 0   302.9 0   831.3 0
 2019  10  1 10  8  6  8.100 158.17    -3.1 0    -3.0 0    -0.4 0     0.4 0   274.4 0   279.33 0   279.44 0   316.3 0   279.31 0   279.38 0     0.0 0     0.2 0     0.0 0   -42.0 0   -42.0 0     6.1 0    24.9 0     2.3 0   292.3 0   831.3 0
 2019  10  1 10  8  7  8.117 158.05    -3.1 0    -3.1 0    -0.4 0     0.4 0   274.7 0   279.47 0   279.55 0   316.7 0   279.42 0   279.48 0     0.0 0     0.1 0     0.0 0   -42.0 0   -42.0 0     6.2 0    24.4 0     2.2 0   297.5 0   831.3 0
 2019  10  1 10  8  8  8.133 157.93    -3.2 0    -2.8 0    -0.4 0     0.4 0   274.9 0   279.62 0   279.78 0   317.7 0   279.52 0   279.56 0     0.0 0     0.1 0     0.0 0   -42.8 0   -42.8 0     6.5 0    24.2 0     2.3 0   297.7 0   831.3 0
 2019  10  1 10  8  9  8.150 157.81    -3.1 0    -2.6 0    -0.5 0     0.3 0   273.8 0   279.78 0   279.81 0   316.8 0   279.62 0   279.65 0     0.0 0     0.2 0     0.0 0   -43.1 0   -43.1 0     6.7 0    24.1 0     1.9 0   297.9 0   831.3 0
 2019  10  1 10  8 10  8.167 157.69    -2.3 0    -2.3 0    -0.4 0     0.3 0   273.6 0   279.88 0   279.74 0   315.3 0   279.70 0   279.72 0     0.0 0     0.2 0     0.0 0   -41.7 0   -41.7 0     6.4 0    24.2 0     2.2 0   310.8 0   831.3 0
 2019  10  1 10  8 11  8.183 157.56    -2.5 0    -2.4 0    -0.4 0     0.4 0   274.1 0   279.94 0   279.90 0   315.4 0   279.79 0   279.83 0     0.0 0     0.2 0     0.0 0   -41.4 0   -41.4 0     6.2 0    24.3 0     2.4 0   320.7 0   831.3 0
 2019  10  1 10  8 12  8.200 157.44    -3.2 0    -2.4 0    -0.4 0     0.4 0   273.9 0   280.02 0   280.03 0   315.0 0   279.88 0   279.95 0     0.0 0     0.2 0     0.0 0   -41.1 0   -41.1 0     6.4 0    24.1 0     1.9 0   329.9 0   831.3 0
 2019  10  1 10  8 13  8.217 157.31    -3.2 0    -2.1 0    -0.4 0     0.4 0   273.8 0   280.12 0   280.10 0   314.1 0   279.97 0   280.01 0     0.0 0     0.1 0     0.0 0   -40.3 0   -40.3 0     6.5 0    24.1 0     1.4 0   335.4 0   831.3 0
 2019  10  1 10  8 14  8.233 157.18    -3.2 0    -2.0 0    -0.3 0     0.3 0   272.8 0   280.21 0   280.14 0   312.6 0   280.05 0   280.07 0     0.0 0     0.2 0     0.0 0   -39.9 0   -39.9 0     6.7 0    24.1 0     1.8 0   343.9 0   831.3 0
 2019  10  1 10  8 15  8.250 157.06    -3.2 0    -2.1 0     0.0 0     0.4 0   272.8 0   280.28 0   280.22 0   311.9 0   280.11 0   280.13 0     0.0 0     0.2 0     0.0 0   -39.1 0   -39.1 0     6.8 0    24.2 0     1.9 0   349.6 0   831.3 0
 2019  10  1 10  8 16  8.267 156.93    -2.8 0    -1.6 0     0.0 0     0.1 0   271.6 0   280.34 0   280.10 0   311.6 0   280.19 0   280.22 0     0.0 0     0.1 0     0.0 0   -40.0 0   -40.0 0     6.8 0    24.3 0     1.6 0   336.0 0   831.3 0
 2019  10  1 10  8 17  8.283 156.79    -2.4 0    -1.3 0     0.0 0     0.2 0   271.9 0   280.35 0   280.19 0   311.8 0   280.25 0   280.26 0     0.0 0     0.2 0     0.0 0   -39.9 0   -39.9 0     6.6 0    24.4 0     1.4 0   328.0 0   831.3 0
 2019  10  1 10  8 18  8.300 156.66    -2.3 0    -1.1 0    -0.1 0     0.1 0   271.8 0   280.39 0   280.31 0   312.5 0   280.29 0   280.27 0     0.0 0     0.1 0     0.0 0   -40.7 0   -40.7 0     6.6 0    24.6 0     1.4 0   321.1 0   831.3 0
 2019  10  1 10  8 19  8.317 156.53    -2.7 0    -1.2 0    -0.4 0     0.2 0   271.9 0   280.45 0   280.40 0   312.1 0   280.32 0   280.31 0     0.0 0     0.1 0     0.0 0   -40.2 0   -40.2 0     6.7 0    24.7 0     1.3 0   324.3 0   831.3 0
 2019  10  1 10  8 20  8.333 156.39    -3.2 0    -1.3 0    -0.4 0     0.3 0   272.2 0   280.53 0   280.53 0   312.0 0   280.35 0   280.31 0     0.0 0     0.1 0     0.0 0   -39.8 0   -39.8 0     6.9 0    24.8 0     0.9 0   314.7 0   831.3 0
 2019  10  1 10  8 21  8.350 156.26    -3.3 0    -1.2 0    -0.4 0     0.4 0   272.3 0   280.64 0   280.70 0   311.8 0   280.37 0   280.31 0     0.0 0     0.1 0     0.0 0   -39.5 0   -39.5 0     7.3 0    24.8 0     0.4 0   303.8 0   831.3 0
 2019  10  1 10  8 22  8.367 156.12    -3.7 0    -1.0 0     0.0 0     0.4 0   272.1 0   280.77 0   280.86 0   311.1 0   280.37 0   280.29 0     0.0 0     0.1 0     0.0 0   -39.0 0   -39.0 0     7.6 0    24.9 0     0.1 0   323.5 0   831.3 0
 2019  10  1 10  8 23  8.383 155.98    -4.1 0    -1.4 0     0.0 0     0.4 0   271.2 0   280.90 0   280.98 0   310.3 0   280.37 0   280.32 0     0.0 0     0.0 0     0.0 0   -39.1 0   -39.1 0     8.0 0    24.9 0     0.9 0   331.6 0   831.4 0
 2019  10  1 10  8 24  8.400 155.84    -3.8 0    -1.6 0     0.0 0     0.4 0   270.0 0   281.03 0   281.02 0   310.8 0   280.38 0   280.35 0     0.0 0     0.0 0     0.0 0   -40.8 0   -40.8 0     8.3 0    24.9 0     1.2 0   324.1 0   831.4 0
 2019  10  1 10  8 25  8.417 155.70    -3.7 0    -1.7 0     0.2 0     0.4 0   270.0 0   281.13 0   281.06 0   310.9 0   280.38 0   280.33 0     0.0 0     0.0 0     0.0 0   -40.9 0   -40.9 0     8.3 0    25.0 0     0.7 0   316.1 0   831.4 0
 2019  10  1 10  8 26  8.433 155.56    -4.0 0    -1.5 0     0.4 0     0.4 0   270.2 0   281.22 0   281.17 0   309.5 0   280.38 0   280.32 0     0.0 0     0.1 0     0.0 0   -39.3 0   -39.3 0     8.2 0    25.1 0     0.0 0   309.5 0   831.3 0
 2019  10  1 10  8 27  8.450 155.42    -3.9 0    -1.4 0     0.4 0     0.4 0   270.4 0   281.30 0   281.27 0   309.0 0   280.38 0   280.30 0     0.0 0     0.0 0     0.0 0   -38.6 0   -38.6 0     8.3 0    25.2 0     0.0 0     0.0 0   831.3 0
 2019  10  1 10  8 28  8.467 155.28    -3.3 0    -1.5 0     0.4 0     0.4 0   270.4 0   281.39 0   281.33 0   308.9 0   280.36 0   280.30 0     0.0 0     0.0 0     0.0 0   -38.5 0   -38.5 0     8.3 0    25.4 0     0.0 0     0.0 0   831.3 0
 2019  10  1 10  8 29  8.483 155.13    -3.2 0    -1.7 0     0.4 0     0.4 0   270.4 0   281.47 0   281.42 0   308.7 0   280.34 0   280.29 0     0.0 0     0.0 0     0.0 0   -38.3 0   -38.3 0     8.4 0    25.5 0     0.4 0   317.6 0   831.4 0
 2019  10  1 10  8 30  8.500 154.99    -3.3 0    -2.1 0     0.1 0     0.4 0   270.1 0   281.57 0   281.50 0   308.3 0   280.33 0   280.28 0     0.0 0     0.0 0     0.0 0   -38.2 0   -38.2 0     8.5 0    25.5 0     0.8 0   314.1 0   831.4 0
 2019  10  1 10  8 31  8.517 154.84    -3.2 0    -2.1 0     0.3 0     0.4 0   269.7 0   281.64 0   281.53 0   308.4 0   280.33 0   280.27 0     0.0 0     0.0 0     0.0 0   -38.6 0   -38.6 0     8.5 0    25.5 0     1.0 0   303.9 0   831.4 0
 2019  10  1 10  8 32  8.533 154.69    -3.2 0    -2.1 0     0.0 0     0.4 0   269.8 0   281.70 0   281.59 0   308.9 0   280.33 0   280.26 0     0.0 0     0.0 0     0.0 0   -39.1 0   -39.1 0     8.4 0    25.5 0     1.1 0   302.9 0   831.4 0
 2019  10  1 10  8 33  8.550 154.55    -3.3 0    -2.4 0     0.0 0     0.4 0   269.8 0   281.76 0   281.62 0   309.2 0   280.33 0   280.26 0     0.0 0     0.0 0     0.0 0   -39.4 0   -39.4 0     8.4 0    25.5 0     1.1 0   305.4 0   831.4 0
 2019  10  1 10  8 34  8.567 154.40    -3.2 0    -2.4 0     0.4 0     0.4 0   270.0 0   281.81 0   281.68 0   308.5 0   280.33 0   280.28 0     0.0 0     0.1 0     0.0 0   -38.4 0   -38.4 0     8.4 0    25.3 0     1.2 0   317.4 0   831.4 0
 2019  10  1 10  8 35  8.583 154.25    -3.2 0    -2.4 0     0.4 0     0.3 0   270.3 0   281.86 0   281.67 0   307.7 0   280.33 0   280.28 0     0.0 0     0.1 0     0.0 0   -37.4 0   -37.4 0     8.5 0    25.3 0     1.0 0   314.2 0   831.5 0
 2019  10  1 10  8 36  8.600 154.10    -3.2 0    -2.4 0     0.4 0     0.1 0   270.9 0   281.89 0   281.68 0   307.7 0   280.33 0   280.28 0     0.0 0     0.1 0     0.0 0   -36.8 0   -36.8 0     8.4 0    25.2 0     1.2 0   299.4 0   831.5 0
 2019  10  1 10  8 37  8.617 153.95    -3.2 0    -2.6 0     0.2 0     0.1 0   271.8 0   281.92 0   281.77 0   308.7 0   280.33 0   280.28 0     0.0 0     0.1 0     0.0 0   -36.9 0   -36.9 0     8.4 0    25.1 0     1.3 0   292.6 0   831.5 0
 2019  10  1 10  8 38  8.633 153.80    -3.1 0    -2.8 0    -0.2 0     0.0 0   271.4 0   281.95 0   281.71 0   309.2 0   280.34 0   280.31 0     0.0 0     0.1 0     0.0 0   -37.8 0   -37.8 0     8.4 0    24.8 0     1.3 0   280.1 0   831.5 0
 2019  10  1 10  8 39  8.650 153.64    -2.3 0    -2.5 0     0.0 0     0.0 0   272.4 0   281.95 0   281.68 0   308.8 0   280.36 0   280.34 0     0.0 0     0.2 0     0.0 0   -36.4 0   -36.4 0     8.1 0    25.1 0     1.5 0   250.9 0   831.5 0
 2019  10  1 10  8 40  8.667 153.49    -2.3 0    -2.2 0     0.0 0     0.0 0   273.2 0   281.95 0   281.68 0   312.7 0   280.38 0   280.34 0     0.0 0     0.1 0     0.0 0   -39.5 0   -39.5 0     8.0 0    25.5 0     1.6 0   258.5 0   831.5 0
 2019  10  1 10  8 41  8.683 153.33    -2.3 0    -2.5 0     0.0 0     0.0 0   273.8 0   281.93 0   281.66 0   315.3 0   280.39 0   280.36 0     0.0 0     0.1 0     0.0 0   -41.5 0   -41.5 0     7.9 0    25.0 0     1.8 0   259.5 0   831.5 0
 2019  10  1 10  8 42  8.700 153.18    -2.3 0    -2.8 0     0.0 0     0.0 0   274.7 0   281.91 0   281.67 0   315.0 0   280.43 0   280.40 0     0.0 0     0.1 0     0.0 0   -40.3 0   -40.3 0     7.8 0    24.5 0     1.7 0   257.3 0   831.5 0
 2019  10  1 10  8 43  8.717 153.02    -2.3 0    -2.7 0    -0.1 0     0.0 0   275.5 0   281.91 0   281.74 0   315.5 0   280.47 0   280.44 0     0.0 0     0.1 0     0.0 0   -40.0 0   -40.0 0     7.8 0    24.1 0     1.4 0   256.0 0   831.6 0
 2019  10  1 10  8 44  8.733 152.87    -2.3 0    -2.4 0    -0.4 0     0.0 0   276.2 0   281.93 0   281.71 0   315.7 0   280.51 0   280.49 0     0.0 0     0.1 0     0.0 0   -39.5 0   -39.5 0     7.7 0    23.9 0     1.1 0   260.1 0   831.6 0
 2019  10  1 10  8 45  8.750 152.71    -2.2 0    -2.2 0    -0.4 0     0.0 0   277.1 0   281.93 0   281.73 0   315.0 0   280.55 0   280.53 0     0.0 0     0.1 0     0.0 0   -37.8 0   -37.8 0     7.6 0    23.8 0     1.1 0   259.0 0   831.6 0
 2019  10  1 10  8 46  8.767 152.55    -1.5 0    -2.1 0    -0.2 0     0.0 0   277.5 0   281.94 0   281.68 0   314.2 0   280.60 0   280.57 0     0.0 0     0.1 0     0.0 0   -36.7 0   -36.7 0     7.5 0    23.6 0     1.3 0   254.3 0   831.6 0
 2019  10  1 10  8 47  8.783 152.39    -0.7 0    -2.1 0     0.1 0    -0.3 0   276.8 0   281.89 0   281.27 0   314.2 0   280.63 0   280.61 0     0.0 0     0.1 0     0.0 0   -37.4 0   -37.4 0     7.1 0    23.4 0     1.3 0   257.4 0   831.6 0
 2019  10  1 10  8 48  8.800 152.23    -0.5 0    -2.1 0     0.4 0    -0.4 0   277.7 0   281.72 0   281.03 0   313.0 0   280.67 0   280.70 0     0.0 0     0.2 0     0.0 0   -35.3 0   -35.3 0     6.3 0    23.3 0     1.5 0   260.8 0   831.6 0
 2019  10  1 10  8 49  8.817 152.07    -0.5 0    -1.8 0     0.4 0    -0.4 0   278.1 0   281.53 0   280.89 0   312.7 0   280.71 0   280.71 0     0.0 0     0.2 0     0.0 0   -34.5 0   -34.5 0     5.8 0    23.2 0     1.4 0   265.0 0   831.6 0
 2019  10  1 10  8 50  8.833 151.91    -0.2 0    -1.6 0     0.4 0    -0.4 0   278.5 0   281.35 0   280.70 0   312.1 0   280.74 0   280.73 0     0.0 0     0.2 0     0.0 0   -33.6 0   -33.6 0     5.5 0    23.4 0     1.5 0   277.8 0   831.6 0
 2019  10  1 10  8 51  8.850 151.75     0.0 0    -0.7 0     0.4 0    -0.4 0   279.1 0   281.17 0   280.60 0   311.5 0   280.77 0   280.65 0     0.0 0     0.2 0     0.0 0   -32.4 0   -32.4 0     5.3 0    25.5 0     2.0 0   298.3 0   831.6 0
 2019  10  1 10  8 52  8.867 151.59    -0.4 0    -0.5 0     0.4 0    -0.4 0   280.3 0   281.02 0   280.55 0   312.9 0   280.73 0   280.63 0     0.0 0     0.2 0     0.0 0   -32.5 0   -32.5 0     5.4 0    26.7 0     1.9 0   287.7 0   831.6 0
 2019  10  1 10  8 53  8.883 151.43    -0.5 0    -0.9 0     0.1 0    -0.3 0   281.0 0   280.91 0   280.58 0   312.9 0   280.70 0   280.62 0     0.0 0     0.2 0     0.0 0   -31.9 0   -31.9 0     5.7 0    27.1 0     1.5 0   289.9 0   831.6 0
 2019  10  1 10  8 54  8.900 151.27    -1.1 0    -0.7 0     0.0 0     0.0 0   281.9 0   280.86 0   280.62 0   312.2 0   280.68 0   280.59 0     0.0 0     0.2 0     0.0 0   -30.3 0   -30.3 0     6.1 0    27.8 0     1.5 0   304.8 0   831.6 0
 2019  10  1 10  8 55  8.917 151.10    -1.2 0    -0.7 0     0.0 0    -0.1 0   281.9 0   280.83 0   280.52 0   312.9 0   280.65 0   280.53 0     0.0 0     0.2 0     0.0 0   -31.1 0   -31.1 0     6.4 0    29.0 0     1.7 0   308.6 0   831.6 0
 2019  10  1 10  8 56  8.933 150.94    -0.6 0    -0.8 0     0.0 0     0.0 0   283.2 0   280.78 0   280.43 0   314.4 0   280.60 0   280.50 0     0.0 0     0.2 0     0.0 0   -31.2 0   -31.2 0     6.2 0    29.1 0     2.0 0   276.8 0   831.6 0
 2019  10  1 10  8 57  8.950 150.77    -0.9 0    -1.7 0     0.0 0     0.0 0   284.0 0   280.73 0   280.41 0   314.9 0   280.58 0   280.53 0     0.0 0     0.1 0     0.0 0   -31.0 0   -31.0 0     6.2 0    28.0 0     2.1 0   271.1 0   831.6 0
 2019  10  1 10  8 58  8.967 150.61    -0.5 0    -2.3 0     0.2 0     0.0 0   284.0 0   280.67 0   280.26 0   315.6 0   280.59 0   280.58 0     0.0 0     0.1 0     0.0 0   -31.7 0   -31.7 0     6.0 0    26.8 0     2.5 0   273.4 0   831.6 0
 2019  10  1 10  8 59  8.983 150.44    -0.5 0    -2.4 0     0.4 0    -0.3 0   284.0 0   280.57 0   280.07 0   316.3 0   280.62 0   280.62 0     0.0 0     0.2 0     0.0 0   -32.3 0   -32.3 0     5.5 0    26.2 0     2.6 0   275.1 0   831.6 0
 2019  10  1 10  9  0  9.000 150.27    -0.4 0    -2.4 0     0.4 0    -0.3 0   284.6 0   280.45 0   279.99 0   317.7 0   280.66 0   280.66 0     0.0 0     0.2 0     0.0 0   -33.2 0   -33.2 0     5.1 0    25.6 0     2.5 0   272.1 0   831.6 0
 2019  10  1 10  9  1  9.017 150.11    -0.5 0    -2.4 0     0.4 0    -0.3 0   285.2 0   280.34 0   279.95 0   319.1 0   280.71 0   280.71 0     0.0 0     0.2 0     0.0 0   -34.0 0   -34.0 0     5.0 0    25.2 0     2.9 0   271.3 0   831.6 0
 2019  10  1 10  9  2  9.033 149.94    -0.5 0    -2.4 0     0.4 0    -0.3 0   285.1 0   280.26 0   279.92 0   320.4 0   280.76 0   280.77 0     0.0 0     0.2 0     0.0 0   -35.3 0   -35.3 0     5.2 0    25.4 0     3.6 0   273.5 0   831.6 0
 2019  10  1 10  9  3  9.050 149.77    -0.5 0    -2.4 0     0.4 0    -0.2 0   285.7 0   280.20 0   279.91 0   321.9 0   280.82 0   280.83 0     0.0 0     0.2 0     0.0 0   -36.2 0   -36.2 0     5.3 0    25.0 0     3.2 0   275.5 0   831.6 0
 2019  10  1 10  9  4  9.067 149.60    -0.5 0    -2.2 0     0.4 0     0.0 0   285.9 0   280.16 0   279.94 0   322.0 0   280.88 0   280.89 0     0.0 0     0.2 0     0.0 0   -36.1 0   -36.1 0     5.6 0    24.5 0     2.8 0   279.5 0   831.6 0
 2019  10  1 10  9  5  9.083 149.43    -0.5 0    -2.1 0     0.0 0     0.0 0   286.3 0   280.14 0   279.98 0   322.4 0   280.94 0   280.95 0     0.0 0     0.1 0     0.0 0   -36.1 0   -36.1 0     5.8 0    24.6 0     2.7 0   281.8 0   831.6 0
 2019  10  1 10  9  6  9.100 149.26    -1.3 0    -2.0 0    -0.4 0     0.0 0   286.8 0   280.17 0   280.08 0   322.4 0   281.00 0   280.99 0     0.0 0     0.2 0     0.0 0   -35.6 0   -35.6 0     6.1 0    24.8 0     2.6 0   274.5 0   831.6 0
 2019  10  1 10  9  7  9.117 149.10    -1.4 0    -1.7 0    -0.4 0     0.0 0   286.7 0   280.20 0   280.04 0   322.7 0   281.05 0   281.02 0     0.0 0     0.2 0     0.0 0   -36.0 0   -36.0 0     6.3 0    24.9 0     1.9 0   253.4 0   831.6 0
 2019  10  1 10  9  8  9.133 148.92    -1.4 0    -1.7 0    -0.4 0     0.2 0   288.6 0   280.23 0   280.19 0   322.0 0   281.08 0   281.04 0     0.0 0     0.1 0     0.0 0   -33.4 0   -33.4 0     6.3 0    24.5 0     1.8 0   229.4 0   831.5 0
 2019  10  1 10  9  9  9.150 148.75    -1.4 0    -1.7 0    -0.4 0     0.4 0   289.6 0   280.32 0   280.45 0   321.3 0   281.11 0   281.09 0     0.0 0     0.0 0     0.0 0   -31.7 0   -31.7 0     6.7 0    24.1 0     1.9 0   223.3 0   831.5 0
 2019  10  1 10  9 10  9.167 148.58    -2.1 0    -1.8 0    -0.4 0     0.4 0   289.3 0   280.48 0   280.65 0   320.8 0   281.15 0   281.12 0     0.0 0     0.1 0     0.0 0   -31.5 0   -31.5 0     7.4 0    23.9 0     1.9 0   231.9 0   831.5 0
 2019  10  1 10  9 11  9.183 148.41    -2.3 0    -2.1 0    -0.4 0     0.4 0   288.8 0   280.65 0   280.78 0   321.2 0   281.18 0   281.15 0     0.0 0     0.1 0     0.0 0   -32.4 0   -32.4 0     7.8 0    23.8 0     2.1 0   247.9 0   831.5 0
 2019  10  1 10  9 12  9.200 148.24    -1.8 0    -1.8 0    -0.4 0     0.4 0   288.2 0   280.80 0   280.77 0   321.8 0   281.21 0   281.18 0     0.0 0     0.1 0     0.0 0   -33.6 0   -33.6 0     7.8 0    24.2 0     2.0 0   254.6 0   831.5 0
 2019  10  1 10  9 13  9.217 148.07    -1.4 0    -1.7 0    -0.4 0     0.4 0   287.9 0   280.88 0   280.73 0   322.0 0   281.24 0   281.21 0     0.0 0     0.1 0     0.0 0   -34.1 0   -34.1 0     7.3 0    24.6 0     2.1 0   256.5 0   831.5 0
 2019  10  1 10  9 14  9.233 147.89    -1.4 0    -1.7 0    -0.1 0     0.4 0   288.5 0   280.91 0   280.75 0   322.8 0   281.27 0   281.24 0     0.0 0     0.2 0     0.0 0   -34.3 0   -34.3 0     7.0 0    24.5 0     2.4 0   244.0 0   831.5 0
 2019  10  1 10  9 15  9.250 147.72    -1.6 0    -1.9 0    -0.2 0     0.3 0   289.1 0   280.94 0   280.88 0   322.2 0   281.30 0   281.27 0     0.0 0     0.1 0     0.0 0   -33.1 0   -33.1 0     7.0 0    24.3 0     2.1 0   229.5 0   831.4 0
 2019  10  1 10  9 16  9.267 147.54    -2.2 0    -2.1 0    -0.4 0     0.4 0   289.4 0   281.02 0   281.04 0   321.0 0   281.34 0   281.31 0     0.0 0     0.2 0     0.0 0   -31.7 0   -31.7 0     7.2 0    24.0 0     1.9 0   219.3 0   831.4 0
 2019  10  1 10  9 17  9.283 147.37    -2.3 0    -2.1 0    -0.4 0     0.4 0   289.1 0   281.12 0   281.16 0   320.1 0   281.37 0   281.33 0     0.0 0     0.1 0     0.0 0   -31.0 0   -31.0 0     7.5 0    23.8 0     1.8 0   210.5 0   831.4 0
 2019  10  1 10  9 18  9.300 147.20    -2.3 0    -2.1 0    -0.4 0     0.4 0   289.1 0   281.24 0   281.26 0   319.9 0   281.40 0   281.37 0     0.0 0     0.1 0     0.0 0   -30.8 0   -30.8 0     7.8 0    23.6 0     1.7 0   204.5 0   831.4 0
 2019  10  1 10  9 19  9.317 147.02    -2.3 0    -2.1 0    -0.4 0     0.4 0   289.2 0   281.35 0   281.36 0   319.9 0   281.43 0   281.40 0     0.0 0     0.1 0     0.0 0   -30.7 0   -30.7 0     8.0 0    23.5 0     1.6 0   198.0 0   831.4 0
 2019  10  1 10  9 20  9.333 146.85    -2.3 0    -2.1 0    -0.4 0     0.4 0   289.1 0   281.47 0   281.51 0   320.7 0   281.46 0   281.42 0     0.0 0     0.0 0     0.0 0   -31.6 0   -31.6 0     8.2 0    23.5 0     1.7 0   203.7 0   831.4 0
 2019  10  1 10  9 21  9.350 146.67    -2.3 0    -2.0 0    -0.4 0     0.4 0   288.6 0   281.60 0   281.61 0   321.0 0   281.47 0   281.44 0     0.0 0     0.1 0     0.0 0   -32.4 0   -32.4 0     8.5 0    23.7 0     1.5 0   210.2 0   831.4 0
 2019  10  1 10  9 22  9.367 146.49    -2.3 0    -1.9 0    -0.4 0     0.4 0   288.0 0   281.71 0   281.66 0   320.9 0   281.49 0   281.45 0     0.0 0     0.0 0     0.0 0   -32.9 0   -32.9 0     8.6 0    23.9 0     1.3 0   217.1 0   831.4 0
 2019  10  1 10  9 23  9.383 146.32    -2.3 0    -1.7 0    -0.4 0     0.4 0   287.3 0   281.79 0   281.67 0   321.4 0   281.49 0   281.46 0     0.0 0     0.1 0     0.0 0   -34.0 0   -34.0 0     8.6 0    24.1 0     1.5 0   249.6 0   831.4 0
 2019  10  1 10  9 24  9.400 146.14    -2.3 0    -1.7 0    -0.4 0     0.4 0   286.9 0   281.84 0   281.74 0   322.7 0   281.51 0   281.47 0     0.0 0     0.1 0     0.0 0   -35.8 0   -35.8 0     8.5 0    24.3 0     1.3 0   264.6 0   831.4 0
 2019  10  1 10  9 25  9.417 145.96    -2.3 0    -1.7 0    -0.4 0     0.3 0   286.3 0   281.90 0   281.82 0   321.9 0   281.51 0   281.47 0     0.0 0     0.1 0     0.0 0   -35.7 0   -35.7 0     8.5 0    24.3 0     0.8 0   294.7 0   831.4 0
 2019  10  1 10  9 26  9.433 145.79    -2.2 0    -0.6 0    -0.3 0     0.0 0   282.3 0   281.94 0   281.51 0   318.7 0   281.49 0   281.31 0     0.0 0     0.2 0     0.0 0   -36.4 0   -36.4 0     8.0 0    27.2 0     3.0 0   353.9 0   831.4 0
 2019  10  1 10  9 27  9.450 145.61    -1.4 0     0.2 0     0.0 0     0.0 0   282.6 0   281.86 0   281.35 0   321.4 0   281.40 0   281.25 0     0.0 0     0.2 0     0.0 0   -38.7 0   -38.7 0     7.1 0    28.6 0     3.0 0   353.3 0   831.4 0
 2019  10  1 10  9 28  9.467 145.43    -1.5 0    -0.6 0     0.3 0     0.0 0   282.8 0   281.76 0   281.39 0   322.5 0   281.34 0   281.27 0     0.0 0     0.2 0     0.0 0   -39.7 0   -39.7 0     6.7 0    28.5 0     1.7 0     0.4 0   831.4 0
 2019  10  1 10  9 29  9.483 145.25    -2.1 0    -1.2 0     0.0 0     0.0 0   282.7 0   281.70 0   281.42 0   322.3 0   281.31 0   281.27 0     0.0 0     0.2 0     0.0 0   -39.6 0   -39.6 0     7.0 0    27.9 0     1.5 0     7.7 0   831.4 0
 2019  10  1 10  9 30  9.500 145.07    -2.3 0    -1.2 0     0.0 0     0.0 0   282.2 0   281.68 0   281.45 0   321.1 0   281.28 0   281.23 0     0.0 0     0.1 0     0.0 0   -38.9 0   -38.9 0     7.3 0    28.1 0     2.0 0     5.2 0   831.4 0
 2019  10  1 10  9 31  9.517 144.89    -2.2 0    -1.3 0    -0.1 0     0.0 0   281.9 0   281.67 0   281.44 0   321.2 0   281.27 0   281.23 0     0.0 0     0.2 0     0.0 0   -39.3 0   -39.3 0     7.4 0    27.3 0     1.3 0     6.4 0   831.4 0
 2019  10  1 10  9 32  9.533 144.71    -2.3 0    -1.4 0    -0.2 0     0.1 0   281.9 0   281.66 0   281.51 0   319.8 0   281.25 0   281.22 0     0.0 0     0.1 0     0.0 0   -37.8 0   -37.8 0     7.7 0    26.5 0     1.1 0    22.0 0   831.4 0
 2019  10  1 10  9 33  9.550 144.53    -2.3 0    -1.4 0    -0.4 0     0.4 0   282.0 0   281.70 0   281.66 0   318.5 0   281.24 0   281.22 0     0.0 0     0.2 0     0.0 0   -36.5 0   -36.5 0     8.1 0    25.9 0     0.8 0    39.6 0   831.4 0
 2019  10  1 10  9 34  9.567 144.35    -2.5 0    -1.4 0    -0.4 0     0.4 0   281.3 0   281.77 0   281.77 0   317.1 0   281.24 0   281.22 0     0.0 0     0.1 0     0.0 0   -35.8 0   -35.8 0     8.4 0    25.4 0     0.1 0    19.1 0   831.3 0
 2019  10  1 10  9 35  9.583 144.17    -2.4 0    -1.4 0    -0.3 0     0.4 0   280.0 0   281.87 0   281.84 0   316.2 0   281.23 0   281.19 0     0.0 0     0.1 0     0.0 0   -36.2 0   -36.2 0     8.7 0    25.2 0     0.0 0     0.0 0   831.3 0
 2019  10  1 10  9 36  9.600 143.99    -1.9 0    -1.4 0    -0.1 0     0.4 0   278.1 0   281.94 0   281.71 0   316.0 0   281.22 0   281.17 0     0.0 0     0.1 0     0.0 0   -37.9 0   -37.9 0     8.6 0    25.2 0     0.1 0   228.6 0   831.3 0
 2019  10  1 10  9 37  9.617 143.81    -1.4 0    -1.4 0     0.0 0     0.1 0   276.9 0   281.95 0   281.65 0   315.6 0   281.21 0   281.15 0     0.0 0     0.2 0     0.0 0   -38.7 0   -38.7 0     8.0 0    25.3 0     0.6 0   238.8 0   831.3 0
 2019  10  1 10  9 38  9.633 143.63    -1.2 0    -1.4 0     0.0 0     0.0 0   275.6 0   281.91 0   281.53 0   315.0 0   281.18 0   281.11 0     0.0 0     0.2 0     0.0 0   -39.5 0   -39.5 0     7.5 0    25.7 0     0.6 0   250.2 0   831.3 0
 2019  10  1 10  9 39  9.650 143.45    -0.8 0    -1.4 0     0.0 0     0.0 0   275.1 0   281.85 0   281.50 0   315.0 0   281.15 0   281.11 0     0.0 0     0.2 0     0.0 0   -39.9 0   -39.9 0     7.1 0    25.5 0     0.5 0   229.3 0   831.2 0
 2019  10  1 10  9 40  9.667 143.27    -0.9 0    -1.4 0     0.0 0    -0.1 0   273.8 0   281.80 0   281.45 0   314.8 0   281.14 0   281.09 0     0.0 0     0.1 0     0.0 0   -41.0 0   -41.0 0     7.1 0    25.6 0     0.1 0   206.5 0   831.2 0
 2019  10  1 10  9 41  9.683 143.09    -0.5 0    -1.4 0     0.0 0    -0.3 0   272.7 0   281.74 0   281.26 0   314.7 0   281.12 0   281.06 0     0.0 0     0.2 0     0.0 0   -41.9 0   -41.9 0     6.8 0    25.6 0     0.2 0   313.2 0   831.2 0
 2019  10  1 10  9 42  9.700 142.91    -0.4 0    -1.4 0     0.0 0    -0.3 0   271.2 0   281.63 0   281.07 0   313.9 0   281.09 0   281.03 0     0.0 0     0.2 0     0.0 0   -42.6 0   -42.6 0     6.3 0    25.9 0     0.9 0   316.2 0   831.2 0
 2019  10  1 10  9 43  9.717 142.72    -0.4 0    -1.4 0     0.3 0    -0.4 0   270.9 0   281.49 0   280.94 0   313.7 0   281.07 0   281.02 0     0.0 0     0.2 0     0.0 0   -42.7 0   -42.7 0     5.8 0    26.2 0     0.9 0   333.2 0   831.2 0
 2019  10  1 10  9 44  9.733 142.54    -0.5 0    -1.4 0     0.2 0    -0.2 0   270.9 0   281.36 0   280.98 0   312.4 0   281.05 0   281.00 0     0.0 0     0.1 0     0.0 0   -41.5 0   -41.5 0     5.9 0    26.1 0     0.4 0   347.2 0   831.2 0
 2019  10  1 10  9 45  9.750 142.36    -1.3 0    -1.4 0     0.0 0    -0.1 0   269.6 0   281.30 0   280.99 0   311.1 0   281.02 0   280.97 0     0.0 0     0.1 0     0.0 0   -41.5 0   -41.5 0     6.4 0    26.2 0     1.0 0   336.3 0   831.2 0
 2019  10  1 10  9 46  9.767 142.18    -1.0 0    -1.4 0    -0.2 0    -0.2 0   268.4 0   281.25 0   280.84 0   311.0 0   281.02 0   280.96 0     0.0 0     0.1 0     0.0 0   -42.6 0   -42.6 0     6.6 0    26.3 0     1.5 0   342.5 0   831.2 0
 2019  10  1 10  9 47  9.783 141.99    -0.6 0    -1.6 0    -0.3 0     0.0 0   267.6 0   281.18 0   280.82 0   310.4 0   281.00 0   280.95 0     0.0 0     0.2 0     0.0 0   -42.8 0   -42.8 0     6.6 0    26.3 0     2.0 0     0.7 0   831.2 0
 2019  10  1 10  9 48  9.800 141.81    -0.5 0    -1.4 0    -0.4 0     0.0 0   266.5 0   281.11 0   280.78 0   309.9 0   280.97 0   280.93 0     0.0 0     0.0 0     0.0 0   -43.4 0   -43.4 0     6.6 0    26.4 0     2.5 0     2.1 0   831.2 0
 2019  10  1 10  9 49  9.817 141.62    -0.5 0    -1.3 0    -0.4 0     0.0 0   264.1 0   281.06 0   280.66 0   309.3 0   280.97 0   280.92 0     0.0 0     0.0 0     0.0 0   -45.2 0   -45.2 0     6.6 0    27.0 0     3.0 0     0.7 0   831.2 0
 2019  10  1 10  9 50  9.833 141.44    -0.5 0    -0.9 0    -0.3 0     0.0 0   264.2 0   280.99 0   280.57 0   310.2 0   280.96 0   280.89 0     0.0 0     0.1 0     0.0 0   -46.0 0   -46.0 0     6.3 0    27.4 0     3.1 0     4.6 0   831.2 0
 2019  10  1 10  9 51  9.850 141.26    -0.5 0    -1.3 0    -0.3 0     0.0 0   264.1 0   280.91 0   280.51 0   312.1 0   280.95 0   280.90 0     0.0 0     0.1 0     0.0 0   -47.9 0   -47.9 0     6.1 0    27.1 0     2.7 0     6.0 0   831.2 0
 2019  10  1 10  9 52  9.867 141.07    -0.9 0    -1.6 0    -0.4 0     0.1 0   264.7 0   280.86 0   280.60 0   311.7 0   280.95 0   280.94 0     0.0 0     0.1 0     0.0 0   -47.0 0   -47.0 0     6.4 0    26.3 0     2.6 0    12.1 0   831.1 0
 2019  10  1 10  9 53  9.883 140.89    -0.9 0    -2.1 0    -0.4 0     0.2 0   264.8 0   280.84 0   280.71 0   311.0 0   280.96 0   280.98 0     0.0 0     0.0 0     0.0 0   -46.2 0   -46.2 0     6.9 0    25.4 0     1.8 0    15.3 0   831.1 0
 2019  10  1 10  9 54  9.900 140.70    -0.5 0    -1.6 0    -0.4 0     0.0 0   262.3 0   280.84 0   280.38 0   311.2 0   280.97 0   280.95 0     0.0 0     0.1 0     0.0 0   -48.9 0   -48.9 0     6.8 0    25.7 0     1.6 0   335.4 0   831.1 0
 2019  10  1 10  9 55  9.917 140.52    -0.5 0    -1.1 0    -0.1 0     0.0 0   262.7 0   280.76 0   280.32 0   312.2 0   280.97 0   280.94 0     0.0 0     0.1 0     0.0 0   -49.4 0   -49.4 0     6.2 0    26.0 0     1.6 0   335.4 0   831.1 0
 2019  10  1 10  9 56  9.933 140.33    -0.5 0    -1.4 0    -0.1 0     0.0 0   263.3 0   280.68 0   280.31 0   311.8 0   280.97 0   280.96 0     0.0 0     0.0 0     0.0 0   -48.5 0   -48.5 0     5.9 0    25.6 0     0.8 0   340.4 0   831.0 0
 2019  10  1 10  9 57  9.950 140.15    -1.2 0    -1.4 0    -0.3 0     0.0 0   263.7 0   280.62 0   280.34 0   311.1 0   280.97 0   280.94 0     0.0 0     0.1 0     0.0 0   -47.3 0   -47.3 0     6.0 0    25.4 0     0.4 0   342.0 0   831.0 0
 2019  10  1 10  9 58  9.967 139.96    -1.4 0    -1.4 0    -0.4 0     0.1 0   264.5 0   280.61 0   280.46 0   310.2 0   280.97 0   280.94 0     0.0 0     0.1 0     0.0 0   -45.7 0   -45.7 0     6.3 0    25.0 0     0.4 0   333.0 0   831.0 0
 2019  10  1 10  9 59  9.983 139.78    -1.6 0    -1.4 0    -0.4 0     0.3 0   264.9 0   280.65 0   280.62 0   308.9 0   280.97 0   280.94 0     0.0 0     0.0 0     0.0 0   -43.9 0   -43.9 0     6.7 0    24.8 0     0.1 0   343.3 0   831.0 0
 2019  10  1 10 10  0 10.000 139.59    -2.3 0    -1.4 0    -0.4 0     0.4 0   264.4 0   280.73 0   280.64 0   309.0 0   280.97 0   280.92 0     0.0 0     0.1 0     0.0 0   -44.6 0   -44.6 0     7.1 0    24.6 0     0.0 0   348.8 0   831.0 0
 2019  10  1 10 10  1 10.017 139.41    -2.1 0    -1.4 0    -0.4 0     0.3 0   264.3 0   280.78 0   280.55 0   310.5 0   280.95 0   280.95 0     0.0 0     0.1 0     0.0 0   -46.2 0   -46.2 0     7.1 0    24.4 0     0.3 0   328.8 0   830.9 0
 2019  10  1 10 10  2 10.033 139.22    -1.4 0    -1.5 0    -0.4 0     0.3 0   264.5 0   280.78 0   280.55 0   313.2 0   280.95 0   280.93 0     0.0 0     0.1 0     0.0 0   -48.7 0   -48.7 0     6.9 0    24.2 0     1.0 0   311.0 0   830.9 0
 2019  10  1 10 10  3 10.050 139.03    -1.8 0    -2.0 0    -0.4 0     0.3 0   265.7 0   280.79 0   280.67 0   315.1 0   280.95 0   280.92 0     0.0 0     0.1 0     0.0 0   -49.4 0   -49.4 0     6.9 0    23.9 0     1.4 0   296.9 0   830.9 0
 2019  10  1 10 10  4 10.067 138.85    -2.3 0    -2.1 0    -0.4 0     0.4 0   266.7 0   280.86 0   280.90 0   315.3 0   280.97 0   280.94 0     0.0 0     0.1 0     0.0 0   -48.6 0   -48.6 0     7.3 0    23.4 0     1.5 0   291.9 0   830.9 0
 2019  10  1 10 10  5 10.083 138.66    -2.3 0    -2.4 0    -0.4 0     0.4 0   267.2 0   280.97 0   281.08 0   314.7 0   280.99 0   280.97 0     0.0 0     0.1 0     0.0 0   -47.6 0   -47.6 0     7.8 0    23.1 0     1.4 0   286.2 0   830.9 0
 2019  10  1 10 10  6 10.100 138.47    -1.8 0    -2.4 0    -0.4 0     0.3 0   265.9 0   281.12 0   281.07 0   314.8 0   281.03 0   281.01 0     0.0 0     0.0 0     0.0 0   -48.9 0   -48.9 0     8.0 0    23.5 0     3.1 0   285.0 0   830.9 0
 2019  10  1 10 10  7 10.117 138.29    -1.4 0    -2.6 0    -0.4 0     0.0 0   265.2 0   281.17 0   280.76 0   317.0 0   281.07 0   281.08 0     0.0 0     0.1 0     0.0 0   -51.7 0   -51.7 0     7.1 0    24.1 0     3.7 0   285.5 0   830.9 0
 2019  10  1 10 10  8 10.133 138.10    -1.4 0    -2.8 0    -0.2 0     0.0 0   266.3 0   281.11 0   280.73 0   317.6 0   281.12 0   281.13 0     0.0 0     0.1 0     0.0 0   -51.3 0   -51.3 0     6.3 0    24.0 0     3.1 0   286.5 0   830.9 0
 2019  10  1 10 10  9 10.150 137.91    -1.4 0    -2.7 0    -0.3 0     0.0 0   267.5 0   281.07 0   280.82 0   316.1 0   281.18 0   281.19 0     0.0 0     0.2 0     0.0 0   -48.6 0   -48.6 0     6.2 0    23.7 0     2.5 0   280.4 0   830.9 0
 2019  10  1 10 10 10 10.167 137.73    -1.4 0    -2.4 0    -0.4 0     0.0 0   267.8 0   281.05 0   280.78 0   313.4 0   281.23 0   281.22 0     0.0 0     0.1 0     0.0 0   -45.6 0   -45.6 0     6.4 0    23.3 0     1.9 0   260.8 0   830.9 0
 2019  10  1 10 10 11 10.183 137.54    -1.8 0    -2.1 0    -0.4 0     0.2 0   268.6 0   281.04 0   280.85 0   312.0 0   281.28 0   281.24 0     0.0 0     0.1 0     0.0 0   -43.4 0   -43.4 0     6.4 0    22.9 0     1.5 0   231.2 0   830.9 0
 2019  10  1 10 10 12 10.200 137.35    -2.3 0    -1.8 0    -0.4 0     0.4 0   268.2 0   281.07 0   281.00 0   313.8 0   281.31 0   281.27 0     0.0 0     0.1 0     0.0 0   -45.6 0   -45.6 0     6.8 0    23.3 0     1.4 0   149.6 0   830.9 0
 2019  10  1 10 10 13 10.217 137.16    -2.3 0    -1.4 0    -0.4 0     0.3 0   267.4 0   281.14 0   280.97 0   316.2 0   281.33 0   281.29 0     0.0 0     0.0 0     0.0 0   -48.8 0   -48.8 0     7.2 0    23.9 0     2.0 0   118.5 0   830.9 0
 2019  10  1 10 10 14 10.233 136.98    -2.3 0    -1.4 0    -0.4 0     0.3 0   268.7 0   281.17 0   280.97 0   316.3 0   281.34 0   281.29 0     0.0 0     0.1 0     0.0 0   -47.6 0   -47.6 0     7.3 0    24.6 0     2.2 0   121.9 0   830.9 0
 2019  10  1 10 10 15 10.250 136.79    -2.3 0    -1.4 0    -0.4 0     0.3 0   268.2 0   281.20 0   281.03 0   314.7 0   281.34 0   281.29 0     0.0 0     0.0 0     0.0 0   -46.6 0   -46.6 0     7.5 0    25.0 0     2.2 0   153.3 0   830.9 0
 2019  10  1 10 10 16 10.267 136.60    -2.3 0    -0.8 0    -0.3 0     0.0 0   266.1 0   281.22 0   280.91 0   315.2 0   281.34 0   281.23 0     0.0 0     0.1 0     0.0 0   -49.1 0   -49.1 0     7.4 0    26.3 0     2.1 0   184.6 0   830.9 0
 2019  10  1 10 10 17 10.283 136.41    -1.6 0    -0.7 0     0.0 0     0.0 0   266.7 0   281.19 0   280.79 0   313.2 0   281.30 0   281.19 0     0.0 0     0.1 0     0.0 0   -46.5 0   -46.5 0     7.0 0    27.2 0     1.6 0   165.9 0   830.9 0
 2019  10  1 10 10 18 10.300 136.22    -1.4 0    -0.7 0     0.1 0    -0.1 0   267.0 0   281.11 0   280.67 0   310.5 0   281.25 0   281.13 0     0.0 0     0.2 0     0.0 0   -43.5 0   -43.5 0     6.7 0    28.1 0     1.0 0   180.9 0   830.9 0
 2019  10  1 10 10 19 10.317 136.04    -1.4 0    -1.0 0     0.2 0    -0.2 0   266.5 0   281.02 0   280.55 0   310.4 0   281.20 0   281.08 0     0.0 0     0.2 0     0.0 0   -43.9 0   -43.9 0     6.5 0    28.6 0     0.7 0   257.4 0   830.9 0
 2019  10  1 10 10 20 10.333 135.85    -0.8 0    -0.3 0     0.4 0    -0.4 0   263.8 0   280.91 0   280.25 0   312.3 0   281.14 0   280.95 0     0.0 0     0.2 0     0.0 0   -48.4 0   -48.4 0     6.0 0    30.4 0     3.8 0   312.6 0   830.9 0
 2019  10  1 10 10 21 10.350 135.66    -0.8 0    -0.5 0     0.4 0    -0.2 0   265.2 0   280.74 0   280.17 0   316.9 0   281.05 0   280.91 0     0.0 0     0.2 0     0.0 0   -51.7 0   -51.7 0     5.4 0    30.8 0     3.5 0   320.6 0   830.9 0
 2019  10  1 10 10 22 10.367 135.47    -1.4 0    -1.1 0     0.2 0    -0.2 0   266.8 0   280.61 0   280.24 0   317.8 0   280.98 0   280.90 0     0.0 0     0.2 0     0.0 0   -51.0 0   -51.0 0     5.6 0    30.1 0     2.8 0   322.8 0   830.9 0
 2019  10  1 10 10 23 10.383 135.28    -2.3 0    -1.4 0    -0.1 0     0.0 0   267.7 0   280.57 0   280.45 0   315.5 0   280.93 0   280.87 0     0.0 0     0.1 0     0.0 0   -47.8 0   -47.8 0     6.4 0    29.4 0     1.8 0   325.9 0   830.9 0
 2019  10  1 10 10 24 10.400 135.09    -2.1 0    -1.7 0    -0.4 0     0.0 0   267.6 0   280.60 0   280.42 0   313.1 0   280.91 0   280.85 0     0.0 0     0.2 0     0.0 0   -45.5 0   -45.5 0     6.8 0    28.7 0     0.5 0   314.1 0   830.8 0
 2019  10  1 10 10 25 10.417 134.90    -2.3 0    -1.7 0    -0.4 0     0.2 0   268.1 0   280.62 0   280.50 0   311.6 0   280.88 0   280.82 0     0.0 0     0.1 0     0.0 0   -43.5 0   -43.5 0     6.9 0    28.2 0     1.0 0   253.3 0   830.8 0
 2019  10  1 10 10 26 10.433 134.71    -2.3 0    -1.7 0    -0.4 0     0.3 0   268.2 0   280.67 0   280.57 0   312.4 0   280.86 0   280.79 0     0.0 0     0.2 0     0.0 0   -44.3 0   -44.3 0     7.0 0    27.8 0     1.5 0   257.7 0   830.8 0
 2019  10  1 10 10 27 10.450 134.52    -2.2 0    -1.7 0    -0.4 0     0.3 0   268.5 0   280.72 0   280.56 0   312.4 0   280.84 0   280.78 0     0.0 0     0.2 0     0.0 0   -43.8 0   -43.8 0     7.0 0    27.3 0     1.5 0   267.8 0   830.8 0
 2019  10  1 10 10 28 10.467 134.34    -1.4 0    -1.9 0    -0.4 0     0.3 0   269.5 0   280.77 0   280.67 0   312.0 0   280.83 0   280.76 0     0.0 0     0.2 0     0.0 0   -42.6 0   -42.6 0     7.0 0    27.0 0     1.6 0   275.2 0   830.7 0
 2019  10  1 10 10 29 10.483 134.15    -1.0 0    -2.1 0    -0.4 0     0.2 0   270.1 0   280.83 0   280.71 0   311.6 0   280.83 0   280.76 0     0.0 0     0.1 0     0.0 0   -41.6 0   -41.6 0     7.0 0    26.5 0     1.7 0   289.8 0   830.7 0
 2019  10  1 10 10 30 10.500 133.96    -1.0 0    -2.1 0    -0.4 0     0.3 0   270.0 0   280.87 0   280.75 0   311.9 0   280.82 0   280.76 0     0.0 0     0.2 0     0.0 0   -41.9 0   -41.9 0     6.7 0    26.4 0     2.1 0   298.9 0   830.7 0
 2019  10  1 10 10 31 10.517 133.77    -1.4 0    -2.1 0    -0.4 0     0.3 0   269.7 0   280.92 0   280.82 0   311.6 0   280.82 0   280.75 0     0.0 0     0.1 0     0.0 0   -41.9 0   -41.9 0     6.9 0    26.5 0     2.0 0   302.0 0   830.7 0
 2019  10  1 10 10 32 10.533 133.58    -1.4 0    -1.8 0    -0.4 0     0.1 0   269.2 0   280.97 0   280.75 0   311.9 0   280.80 0   280.73 0     0.0 0     0.1 0     0.0 0   -42.6 0   -42.6 0     6.9 0    26.9 0     2.5 0   305.3 0   830.7 0
 2019  10  1 10 10 33 10.550 133.39    -1.3 0    -1.7 0    -0.4 0     0.0 0   268.3 0   280.97 0   280.55 0   312.2 0   280.80 0   280.73 0     0.0 0     0.1 0     0.0 0   -43.9 0   -43.9 0     6.6 0    27.5 0     3.5 0   310.3 0   830.8 0
 2019  10  1 10 10 34 10.567 133.20    -0.5 0    -1.6 0    -0.3 0    -0.2 0   267.7 0   280.88 0   280.26 0   313.1 0   280.78 0   280.71 0     0.0 0     0.2 0     0.0 0   -45.4 0   -45.4 0     5.9 0    28.0 0     3.9 0   311.0 0   830.9 0
 2019  10  1 10 10 35 10.583 133.01    -0.5 0    -1.7 0     0.0 0    -0.4 0   269.0 0   280.72 0   280.07 0   314.1 0   280.78 0   280.71 0     0.0 0     0.2 0     0.0 0   -45.1 0   -45.1 0     5.2 0    28.2 0     3.3 0   310.2 0   830.9 0
 2019  10  1 10 10 36 10.600 132.82    -0.5 0    -1.8 0     0.0 0    -0.4 0   270.4 0   280.56 0   279.95 0   314.1 0   280.76 0   280.71 0     0.0 0     0.2 0     0.0 0   -43.7 0   -43.7 0     4.9 0    27.8 0     3.7 0   303.1 0   830.9 0
 2019  10  1 10 10 37 10.617 132.63    -0.5 0    -2.2 0     0.0 0    -0.4 0   272.0 0   280.41 0   279.87 0   314.2 0   280.77 0   280.73 0     0.0 0     0.2 0     0.0 0   -42.2 0   -42.2 0     4.7 0    27.2 0     4.1 0   294.5 0   830.9 0
 2019  10  1 10 10 38 10.633 132.44    -0.6 0    -1.8 0    -0.2 0    -0.4 0   271.7 0   280.28 0   279.87 0   316.3 0   280.78 0   280.70 0     0.0 0     0.2 0     0.0 0   -44.6 0   -44.6 0     4.8 0    28.0 0     4.3 0   293.7 0   830.9 0
 2019  10  1 10 10 39 10.650 132.25    -0.7 0    -1.4 0    -0.4 0    -0.4 0   272.8 0   280.19 0   279.79 0   316.3 0   280.76 0   280.68 0     0.0 0     0.2 0     0.0 0   -43.6 0   -43.6 0     5.0 0    28.5 0     3.7 0   294.7 0   830.9 0
 2019  10  1 10 10 40 10.667 132.06    -0.8 0    -1.9 0    -0.4 0    -0.4 0   273.8 0   280.11 0   279.70 0   316.0 0   280.75 0   280.71 0     0.0 0     0.2 0     0.0 0   -42.3 0   -42.3 0     5.1 0    27.0 0     3.5 0   293.8 0   830.9 0
 2019  10  1 10 10 41 10.683 131.87    -0.5 0    -2.4 0    -0.4 0    -0.3 0   274.5 0   280.03 0   279.60 0   315.0 0   280.77 0   280.76 0     0.0 0     0.2 0     0.0 0   -40.5 0   -40.5 0     5.0 0    25.9 0     3.5 0   290.8 0   830.8 0
 2019  10  1 10 10 42 10.700 131.68    -0.5 0    -2.8 0    -0.4 0    -0.2 0   275.3 0   279.94 0   279.52 0   314.8 0   280.81 0   280.83 0     0.0 0     0.2 0     0.0 0   -39.5 0   -39.5 0     4.9 0    24.9 0     3.4 0   290.3 0   830.8 0
 2019  10  1 10 10 43 10.717 131.49    -0.5 0    -2.8 0    -0.4 0    -0.2 0   276.2 0   279.85 0   279.46 0   314.4 0   280.87 0   280.90 0     0.0 0     0.2 0     0.0 0   -38.2 0   -38.2 0     4.9 0    24.2 0     3.3 0   287.2 0   830.8 0
 2019  10  1 10 10 44 10.733 131.30    -0.5 0    -2.6 0    -0.4 0    -0.1 0   275.8 0   279.77 0   279.40 0   313.5 0   280.94 0   280.93 0     0.0 0     0.2 0     0.0 0   -37.7 0   -37.7 0     4.8 0    24.6 0     3.8 0   285.8 0   830.8 0
 2019  10  1 10 10 45 10.750 131.11    -0.5 0    -2.2 0    -0.4 0     0.0 0   275.8 0   279.70 0   279.35 0   315.0 0   280.98 0   280.95 0     0.0 0     0.2 0     0.0 0   -39.2 0   -39.2 0     4.8 0    25.4 0     3.8 0   284.1 0   830.8 0
 2019  10  1 10 10 46 10.767 130.92    -0.5 0    -1.6 0    -0.4 0     0.0 0   275.9 0   279.64 0   279.26 0   314.8 0   281.01 0   280.94 0     0.0 0     0.2 0     0.0 0   -38.9 0   -38.9 0     4.8 0    26.3 0     3.5 0   290.6 0   830.8 0
 2019  10  1 10 10 47 10.783 130.73    -0.5 0    -1.2 0    -0.4 0    -0.1 0   276.0 0   279.56 0   279.10 0   313.9 0   281.00 0   280.92 0     0.0 0     0.2 0     0.0 0   -37.8 0   -37.8 0     4.6 0    27.2 0     3.1 0   295.2 0   830.8 0
 2019  10  1 10 10 48 10.800 130.53    -0.5 0    -1.6 0    -0.2 0    -0.1 0   277.1 0   279.46 0   279.01 0   314.1 0   281.00 0   280.92 0     0.0 0     0.2 0     0.0 0   -37.0 0   -37.0 0     4.4 0    26.7 0     3.1 0   292.2 0   830.8 0
 2019  10  1 10 10 49 10.817 130.34    -0.5 0    -2.0 0    -0.1 0    -0.2 0   277.6 0   279.36 0   278.94 0   314.3 0   281.00 0   280.96 0     0.0 0     0.2 0     0.0 0   -36.6 0   -36.6 0     4.3 0    25.9 0     3.2 0   295.0 0   830.8 0
 2019  10  1 10 10 50 10.833 130.15    -0.5 0    -1.6 0    -0.1 0    -0.2 0   277.2 0   279.26 0   278.79 0   313.3 0   281.00 0   280.90 0     0.0 0     0.2 0     0.0 0   -36.1 0   -36.1 0     4.2 0    27.1 0     3.2 0   301.8 0   830.8 0
 2019  10  1 10 10 51 10.850 129.96    -0.5 0    -1.7 0     0.0 0    -0.1 0   279.4 0   279.16 0   278.75 0   317.2 0   280.98 0   280.95 0     0.0 0     0.2 0     0.0 0   -37.8 0   -37.8 0     4.0 0    26.1 0     3.1 0   297.3 0   830.7 0
 2019  10  1 10 10 52 10.867 129.77    -0.5 0    -2.4 0    -0.1 0     0.0 0   280.4 0   279.09 0   278.80 0   317.8 0   281.01 0   280.99 0     0.0 0     0.2 0     0.0 0   -37.4 0   -37.4 0     4.1 0    25.1 0     3.0 0   300.7 0   830.7 0
 2019  10  1 10 10 53 10.883 129.58    -1.3 0    -2.4 0    -0.3 0     0.0 0   281.3 0   279.05 0   278.95 0   318.0 0   281.04 0   281.03 0     0.0 0     0.2 0     0.0 0   -36.8 0   -36.8 0     4.5 0    24.8 0     3.3 0   297.5 0   830.7 0
 2019  10  1 10 10 54 10.900 129.39    -1.4 0    -2.7 0    -0.4 0     0.1 0   281.6 0   279.09 0   279.05 0   319.1 0   281.09 0   281.09 0     0.0 0     0.2 0     0.0 0   -37.5 0   -37.5 0     4.9 0    24.4 0     3.8 0   292.3 0   830.7 0
 2019  10  1 10 10 55 10.917 129.20    -1.7 0    -2.8 0    -0.4 0     0.4 0   282.4 0   279.16 0   279.21 0   321.7 0   281.14 0   281.16 0     0.0 0     0.2 0     0.0 0   -39.3 0   -39.3 0     5.5 0    24.3 0     4.1 0   291.9 0   830.7 0
 2019  10  1 10 10 56 10.933 129.01    -2.3 0    -2.7 0    -0.4 0     0.4 0   283.5 0   279.27 0   279.40 0   322.4 0   281.21 0   281.21 0     0.0 0     0.1 0     0.0 0   -38.9 0   -38.9 0     6.0 0    24.4 0     3.7 0   293.3 0   830.7 0
 2019  10  1 10 10 57 10.950 128.82    -2.3 0    -2.3 0    -0.4 0     0.4 0   284.3 0   279.42 0   279.61 0   322.1 0   281.26 0   281.24 0     0.0 0     0.1 0     0.0 0   -37.8 0   -37.8 0     6.6 0    24.6 0     3.2 0   295.7 0   830.7 0
 2019  10  1 10 10 58 10.967 128.63    -2.8 0    -2.0 0    -0.4 0     0.4 0   285.0 0   279.59 0   279.77 0   320.5 0   281.29 0   281.26 0     0.0 0     0.2 0     0.0 0   -35.5 0   -35.5 0     6.9 0    24.9 0     2.6 0   294.6 0   830.7 0
 2019  10  1 10 10 59 10.983 128.44    -3.2 0    -1.7 0    -0.4 0     0.4 0   285.8 0   279.76 0   279.90 0   318.8 0   281.32 0   281.27 0     0.0 0     0.2 0     0.0 0   -33.0 0   -33.0 0     7.1 0    25.0 0     2.4 0   287.8 0   830.6 0
 2019  10  1 10 11  0 11.000 128.25    -3.2 0    -1.6 0    -0.4 0     0.4 0   285.6 0   279.91 0   279.97 0   317.4 0   281.33 0   281.29 0     0.0 0     0.2 0     0.0 0   -31.9 0   -31.9 0     7.2 0    25.2 0     2.7 0   286.4 0   830.6 0
 2019  10  1 10 11  1 11.017 128.05    -2.5 0    -1.4 0    -0.4 0     0.4 0   285.4 0   280.03 0   279.98 0   317.7 0   281.34 0   281.29 0     0.0 0     0.2 0     0.0 0   -32.3 0   -32.3 0     6.9 0    25.6 0     3.0 0   282.6 0   830.6 0
 2019  10  1 10 11  2 11.033 127.86    -2.3 0    -1.4 0    -0.4 0     0.4 0   285.9 0   280.11 0   280.06 0   317.8 0   281.34 0   281.27 0     0.0 0     0.2 0     0.0 0   -31.8 0   -31.8 0     6.7 0    26.0 0     3.0 0   278.5 0   830.6 0
 2019  10  1 10 11  3 11.050 127.67    -2.3 0    -1.4 0    -0.4 0     0.4 0   286.8 0   280.18 0   280.08 0   319.0 0   281.34 0   281.28 0     0.0 0     0.2 0     0.0 0   -32.2 0   -32.2 0     6.4 0    25.8 0     2.6 0   270.1 0   830.6 0
 2019  10  1 10 11  4 11.067 127.48    -2.3 0    -2.0 0    -0.4 0     0.4 0   288.0 0   280.25 0   280.27 0   318.5 0   281.35 0   281.32 0     0.0 0     0.2 0     0.0 0   -30.5 0   -30.5 0     6.5 0    24.6 0     2.0 0   264.0 0   830.6 0
 2019  10  1 10 11  5 11.083 127.29    -2.3 0    -2.1 0    -0.4 0     0.4 0   289.0 0   280.35 0   280.44 0   317.5 0   281.37 0   281.32 0     0.0 0     0.2 0     0.0 0   -28.5 0   -28.5 0     6.8 0    24.1 0     1.6 0   264.4 0   830.6 0
 2019  10  1 10 11  6 11.100 127.10    -2.4 0    -2.1 0    -0.4 0     0.4 0   289.5 0   280.50 0   280.67 0   316.6 0   281.40 0   281.35 0     0.0 0     0.2 0     0.0 0   -27.1 0   -27.1 0     7.2 0    24.0 0     2.4 0   267.0 0   830.6 0
 2019  10  1 10 11  7 11.117 126.91    -2.9 0    -2.1 0    -0.4 0     0.4 0   289.4 0   280.67 0   280.76 0   316.6 0   281.41 0   281.37 0     0.0 0     0.2 0     0.0 0   -27.2 0   -27.2 0     7.4 0    24.0 0     2.6 0   270.4 0   830.6 0
 2019  10  1 10 11  8 11.133 126.72    -2.3 0    -2.1 0    -0.4 0     0.4 0   289.9 0   280.79 0   280.77 0   316.9 0   281.43 0   281.41 0     0.0 0     0.2 0     0.0 0   -26.9 0   -26.9 0     7.5 0    23.9 0     2.7 0   267.5 0   830.6 0
 2019  10  1 10 11  9 11.150 126.53    -2.3 0    -1.9 0    -0.4 0     0.4 0   290.2 0   280.88 0   280.78 0   316.3 0   281.46 0   281.41 0     0.0 0     0.2 0     0.0 0   -26.1 0   -26.1 0     7.4 0    24.0 0     2.2 0   279.8 0   830.6 0
 2019  10  1 10 11 10 11.167 126.33    -2.3 0    -1.6 0    -0.4 0     0.2 0   289.3 0   280.92 0   280.65 0   315.9 0   281.46 0   281.39 0     0.0 0     0.2 0     0.0 0   -26.6 0   -26.6 0     7.1 0    24.6 0     2.1 0   311.0 0   830.6 0
 2019  10  1 10 11 11 11.183 126.14    -1.4 0    -0.4 0    -0.1 0     0.1 0   287.8 0   280.89 0   280.45 0   318.2 0   281.45 0   281.29 0     0.0 0     0.2 0     0.0 0   -30.5 0   -30.5 0     6.3 0    27.2 0     3.5 0     4.8 0   830.6 0
 2019  10  1 10 11 12 11.200 125.95    -1.4 0     0.5 0     0.4 0     0.0 0   288.1 0   280.80 0   280.31 0   319.2 0   281.38 0   281.20 0     0.0 0     0.2 0     0.0 0   -31.1 0   -31.1 0     5.6 0    29.5 0     3.9 0   354.2 0   830.6 0
 2019  10  1 10 11 13 11.217 125.76    -1.4 0    -0.1 0     0.4 0     0.0 0   289.7 0   280.70 0   280.27 0   320.3 0   281.29 0   281.19 0     0.0 0     0.2 0     0.0 0   -30.6 0   -30.6 0     5.4 0    29.4 0     3.2 0   343.1 0   830.6 0
 2019  10  1 10 11 14 11.233 125.57    -1.6 0    -0.7 0     0.4 0     0.0 0   291.9 0   280.63 0   280.46 0   320.8 0   281.25 0   281.18 0     0.0 0     0.2 0     0.0 0   -28.9 0   -28.9 0     5.9 0    28.7 0     3.0 0   332.5 0   830.6 0
 2019  10  1 10 11 15 11.250 125.38    -1.6 0    -0.7 0     0.3 0     0.0 0   290.4 0   280.62 0   280.31 0   320.8 0   281.21 0   281.11 0     0.0 0     0.2 0     0.0 0   -30.4 0   -30.4 0     6.4 0    29.2 0     3.5 0   333.1 0   830.6 0
 2019  10  1 10 11 16 11.267 125.19    -1.4 0    -0.6 0     0.4 0     0.0 0   290.6 0   280.57 0   280.15 0   321.7 0   281.17 0   281.06 0     0.0 0     0.2 0     0.0 0   -31.1 0   -31.1 0     6.0 0    29.5 0     3.6 0   327.0 0   830.6 0
 2019  10  1 10 11 17 11.283 125.00    -1.4 0    -0.7 0     0.4 0    -0.1 0   291.6 0   280.48 0   280.03 0   322.3 0   281.11 0   281.02 0     0.0 0     0.2 0     0.0 0   -30.8 0   -30.8 0     5.6 0    29.5 0     2.9 0   319.6 0   830.6 0
 2019  10  1 10 11 18 11.300 124.80    -1.4 0    -0.9 0     0.4 0    -0.1 0   292.1 0   280.39 0   280.03 0   322.7 0   281.07 0   281.00 0     0.0 0     0.2 0     0.0 0   -30.5 0   -30.5 0     5.4 0    28.8 0     2.5 0   303.9 0   830.6 0
 2019  10  1 10 11 19 11.317 124.61    -1.4 0    -1.7 0     0.4 0    -0.2 0   292.9 0   280.32 0   280.00 0   323.0 0   281.05 0   281.02 0     0.0 0     0.2 0     0.0 0   -30.1 0   -30.1 0     5.5 0    27.2 0     3.0 0   289.6 0   830.5 0
 2019  10  1 10 11 20 11.333 124.42    -1.4 0    -2.1 0     0.4 0     0.0 0   294.4 0   280.27 0   280.06 0   322.7 0   281.07 0   281.05 0     0.0 0     0.2 0     0.0 0   -28.3 0   -28.3 0     5.6 0    26.3 0     2.6 0   286.7 0   830.5 0
 2019  10  1 10 11 21 11.350 124.23    -1.4 0    -2.1 0     0.0 0     0.0 0   294.4 0   280.27 0   280.09 0   321.9 0   281.08 0   281.07 0     0.0 0     0.2 0     0.0 0   -27.5 0   -27.5 0     5.8 0    25.7 0     3.1 0   282.2 0   830.5 0
 2019  10  1 10 11 22 11.367 124.04    -1.4 0    -2.1 0     0.1 0     0.0 0   294.3 0   280.26 0   279.99 0   321.6 0   281.12 0   281.09 0     0.0 0     0.2 0     0.0 0   -27.3 0   -27.3 0     5.8 0    25.5 0     3.1 0   284.7 0   830.6 0
 2019  10  1 10 11 23 11.383 123.85    -1.4 0    -1.9 0     0.3 0     0.0 0   293.8 0   280.22 0   279.87 0   320.7 0   281.12 0   281.08 0     0.0 0     0.2 0     0.0 0   -26.9 0   -26.9 0     5.6 0    25.8 0     3.0 0   296.2 0   830.6 0
 2019  10  1 10 11 24 11.400 123.66    -0.7 0    -1.1 0     0.4 0    -0.3 0   293.0 0   280.15 0   279.69 0   321.0 0   281.12 0   281.04 0     0.0 0     0.2 0     0.0 0   -28.0 0   -28.0 0     5.3 0    27.4 0     3.3 0   315.3 0   830.6 0
 2019  10  1 10 11 25 11.417 123.47    -0.5 0    -1.0 0     0.4 0    -0.3 0   293.0 0   280.05 0   279.62 0   322.2 0   281.10 0   281.02 0     0.0 0     0.2 0     0.0 0   -29.3 0   -29.3 0     5.0 0    28.0 0     3.5 0   315.5 0   830.6 0
 2019  10  1 10 11 26 11.433 123.28    -0.6 0    -1.1 0     0.4 0    -0.3 0   292.9 0   279.96 0   279.59 0   322.9 0   281.08 0   281.02 0     0.0 0     0.2 0     0.0 0   -30.1 0   -30.1 0     4.9 0    27.9 0     3.6 0   312.6 0   830.6 0
 2019  10  1 10 11 27 11.450 123.09    -1.2 0    -1.4 0     0.4 0    -0.3 0   292.1 0   279.88 0   279.53 0   323.5 0   281.07 0   281.02 0     0.0 0     0.2 0     0.0 0   -31.4 0   -31.4 0     5.0 0    27.7 0     3.7 0   310.1 0   830.6 0
 2019  10  1 10 11 28 11.467 122.89    -0.7 0    -1.3 0     0.4 0    -0.2 0   290.2 0   279.81 0   279.45 0   322.1 0   281.07 0   281.00 0     0.0 0     0.2 0     0.0 0   -31.8 0   -31.8 0     4.9 0    28.1 0     3.3 0   318.5 0   830.6 0
 2019  10  1 10 11 29 11.483 122.70    -0.7 0    -0.4 0     0.4 0     0.0 0   290.0 0   279.74 0   279.38 0   319.9 0   281.03 0   280.85 0     0.0 0     0.2 0     0.0 0   -29.9 0   -29.9 0     4.9 0    30.9 0     1.5 0     4.6 0   830.6 0
 2019  10  1 10 11 30 11.500 122.51    -1.1 0     0.0 0     0.4 0     0.0 0   292.0 0   279.67 0   279.37 0   320.0 0   280.95 0   280.78 0     0.0 0     0.2 0     0.0 0   -28.0 0   -28.0 0     4.9 0    32.1 0     2.7 0   323.9 0   830.6 0
 2019  10  1 10 11 31 11.517 122.32    -1.4 0    -0.6 0     0.4 0     0.0 0   293.5 0   279.64 0   279.43 0   320.6 0   280.88 0   280.76 0     0.0 0     0.2 0     0.0 0   -27.2 0   -27.2 0     5.2 0    30.8 0     3.1 0   313.2 0   830.6 0
 2019  10  1 10 11 32 11.533 122.13    -1.4 0    -1.5 0     0.4 0     0.0 0   293.8 0   279.63 0   279.46 0   320.7 0   280.83 0   280.78 0     0.0 0     0.2 0     0.0 0   -26.9 0   -26.9 0     5.4 0    28.9 0     2.9 0   300.4 0   830.5 0
 2019  10  1 10 11 33 11.550 121.94    -1.4 0    -2.0 0     0.4 0     0.0 0   294.0 0   279.64 0   279.51 0   320.5 0   280.83 0   280.77 0     0.0 0     0.2 0     0.0 0   -26.5 0   -26.5 0     5.6 0    28.1 0     2.6 0   293.2 0   830.5 0
 2019  10  1 10 11 34 11.567 121.75    -1.4 0    -1.8 0     0.1 0     0.0 0   294.0 0   279.66 0   279.52 0   320.3 0   280.81 0   280.75 0     0.0 0     0.2 0     0.0 0   -26.3 0   -26.3 0     5.7 0    28.2 0     2.4 0   293.6 0   830.5 0
 2019  10  1 10 11 35 11.583 121.56    -1.4 0    -1.9 0     0.0 0     0.2 0   294.5 0   279.69 0   279.60 0   321.0 0   280.80 0   280.76 0     0.0 0     0.2 0     0.0 0   -26.5 0   -26.5 0     5.8 0    27.3 0     2.5 0   293.1 0   830.5 0
 2019  10  1 10 11 36 11.600 121.37    -1.4 0    -2.1 0    -0.1 0     0.3 0   294.5 0   279.74 0   279.68 0   322.2 0   280.81 0   280.79 0     0.0 0     0.2 0     0.0 0   -27.7 0   -27.7 0     6.0 0    26.4 0     2.5 0   290.8 0   830.4 0
 2019  10  1 10 11 37 11.617 121.18    -1.4 0    -2.4 0     0.0 0     0.4 0   294.2 0   279.79 0   279.70 0   321.9 0   280.83 0   280.82 0     0.0 0     0.2 0     0.0 0   -27.7 0   -27.7 0     6.1 0    25.6 0     2.4 0   295.0 0   830.4 0
 2019  10  1 10 11 38 11.633 120.98    -1.4 0    -2.4 0     0.0 0     0.4 0   293.7 0   279.83 0   279.70 0   321.3 0   280.86 0   280.84 0     0.0 0     0.2 0     0.0 0   -27.6 0   -27.6 0     6.1 0    25.2 0     2.4 0   298.3 0   830.5 0
 2019  10  1 10 11 39 11.650 120.79    -1.4 0    -2.1 0     0.1 0     0.3 0   292.9 0   279.85 0   279.68 0   320.2 0   280.89 0   280.86 0     0.0 0     0.2 0     0.0 0   -27.3 0   -27.3 0     6.0 0    25.3 0     2.5 0   301.2 0   830.5 0
 2019  10  1 10 11 40 11.667 120.60    -1.4 0    -1.8 0     0.3 0     0.2 0   292.4 0   279.87 0   279.66 0   321.0 0   280.90 0   280.86 0     0.0 0     0.2 0     0.0 0   -28.5 0   -28.5 0     5.9 0    25.7 0     2.8 0   300.7 0   830.5 0
 2019  10  1 10 11 41 11.683 120.41    -1.4 0    -2.0 0     0.4 0     0.0 0   291.5 0   279.86 0   279.61 0   321.1 0   280.92 0   280.89 0     0.0 0     0.2 0     0.0 0   -29.6 0   -29.6 0     5.7 0    25.6 0     3.3 0   296.9 0   830.5 0
 2019  10  1 10 11 42 11.700 120.22    -1.4 0    -2.1 0     0.4 0     0.0 0   291.0 0   279.84 0   279.56 0   321.4 0   280.95 0   280.93 0     0.0 0     0.2 0     0.0 0   -30.4 0   -30.4 0     5.5 0    25.4 0     3.4 0   295.1 0   830.5 0
 2019  10  1 10 11 43 11.717 120.03    -1.4 0    -2.1 0     0.4 0     0.0 0   290.5 0   279.81 0   279.52 0   322.4 0   280.98 0   280.97 0     0.0 0     0.2 0     0.0 0   -31.9 0   -31.9 0     5.4 0    25.2 0     3.0 0   292.0 0   830.5 0
 2019  10  1 10 11 44 11.733 119.84    -1.4 0    -2.4 0     0.4 0     0.0 0   290.6 0   279.78 0   279.49 0   322.8 0   281.03 0   281.03 0     0.0 0     0.2 0     0.0 0   -32.2 0   -32.2 0     5.3 0    24.7 0     2.7 0   291.8 0   830.5 0
 2019  10  1 10 11 45 11.750 119.65    -1.4 0    -2.3 0     0.4 0     0.0 0   290.4 0   279.75 0   279.54 0   322.2 0   281.07 0   281.08 0     0.0 0     0.2 0     0.0 0   -31.8 0   -31.8 0     5.3 0    24.4 0     2.5 0   293.0 0   830.5 0
 2019  10  1 10 11 46 11.767 119.46    -1.2 0    -1.6 0     0.4 0     0.0 0   286.8 0   279.73 0   279.36 0   319.0 0   281.12 0   281.03 0     0.0 0     0.2 0     0.0 0   -32.2 0   -32.2 0     5.2 0    26.2 0     2.1 0   333.7 0   830.5 0
 2019  10  1 10 11 47 11.783 119.27    -0.7 0    -0.1 0     0.4 0     0.0 0   288.5 0   279.66 0   279.34 0   318.5 0   281.08 0   280.89 0     0.0 0     0.2 0     0.0 0   -30.0 0   -30.0 0     5.0 0    29.2 0     1.6 0   340.9 0   830.5 0
 2019  10  1 10 11 48 11.800 119.08    -1.4 0    -0.6 0     0.1 0     0.0 0   288.6 0   279.64 0   279.59 0   322.1 0   281.02 0   280.91 0     0.0 0     0.2 0     0.0 0   -33.5 0   -33.5 0     5.4 0    28.9 0     3.1 0   295.5 0   830.5 0
 2019  10  1 10 11 49 11.817 118.89    -1.9 0    -1.2 0    -0.3 0     0.1 0   288.4 0   279.70 0   279.63 0   324.8 0   280.99 0   280.92 0     0.0 0     0.2 0     0.0 0   -36.4 0   -36.4 0     5.9 0    28.4 0     3.9 0   289.2 0   830.5 0
 2019  10  1 10 11 50 11.833 118.70    -2.3 0    -1.0 0    -0.4 0     0.3 0   287.7 0   279.76 0   279.73 0   322.9 0   280.97 0   280.89 0     0.0 0     0.2 0     0.0 0   -35.2 0   -35.2 0     6.3 0    29.2 0     3.7 0   284.7 0   830.5 0
 2019  10  1 10 11 51 11.850 118.51    -2.2 0    -0.8 0    -0.4 0     0.3 0   286.3 0   279.83 0   279.72 0   322.2 0   280.95 0   280.87 0     0.0 0     0.2 0     0.0 0   -35.9 0   -35.9 0     6.4 0    29.0 0     4.3 0   278.2 0   830.5 0
 2019  10  1 10 11 52 11.867 118.32    -1.6 0    -1.9 0    -0.4 0     0.4 0   286.2 0   279.88 0   279.74 0   324.2 0   280.95 0   280.95 0     0.0 0     0.2 0     0.0 0   -38.1 0   -38.1 0     6.2 0    26.8 0     5.1 0   275.2 0   830.5 0
 2019  10  1 10 11 53 11.883 118.13    -2.2 0    -2.8 0    -0.4 0     0.4 0   285.4 0   279.91 0   279.83 0   325.9 0   280.99 0   281.03 0     0.0 0     0.2 0     0.0 0   -40.5 0   -40.5 0     6.3 0    25.4 0     5.0 0   274.8 0   830.5 0
 2019  10  1 10 11 54 11.900 117.94    -2.3 0    -2.7 0    -0.4 0     0.4 0   284.0 0   279.97 0   279.90 0   326.0 0   281.07 0   281.09 0     0.0 0     0.2 0     0.0 0   -42.0 0   -42.0 0     6.5 0    25.0 0     5.0 0   278.5 0   830.5 0
 2019  10  1 10 11 55 11.917 117.75    -2.3 0    -2.1 0    -0.4 0     0.3 0   282.4 0   280.03 0   279.93 0   325.6 0   281.13 0   281.12 0     0.0 0     0.2 0     0.0 0   -43.2 0   -43.2 0     6.5 0    25.6 0     5.1 0   278.9 0   830.5 0
 2019  10  1 10 11 56 11.933 117.56    -2.3 0    -1.7 0    -0.4 0     0.3 0   281.1 0   280.08 0   279.95 0   325.2 0   281.17 0   281.14 0     0.0 0     0.2 0     0.0 0   -44.1 0   -44.1 0     6.5 0    26.0 0     4.9 0   277.3 0   830.5 0
 2019  10  1 10 11 57 11.950 117.37    -2.3 0    -1.8 0    -0.4 0     0.2 0   279.8 0   280.13 0   279.95 0   325.4 0   281.20 0   281.19 0     0.0 0     0.2 0     0.0 0   -45.6 0   -45.6 0     6.4 0    25.7 0     4.4 0   271.0 0   830.5 0
 2019  10  1 10 11 58 11.967 117.18    -2.3 0    -2.0 0    -0.4 0     0.2 0   279.1 0   280.15 0   280.00 0   324.7 0   281.24 0   281.23 0     0.0 0     0.2 0     0.0 0   -45.5 0   -45.5 0     6.4 0    25.1 0     3.9 0   269.4 0   830.5 0
 2019  10  1 10 11 59 11.983 116.99    -2.3 0    -2.1 0    -0.4 0     0.0 0   277.5 0   280.19 0   280.01 0   324.0 0   281.29 0   281.29 0     0.0 0     0.2 0     0.0 0   -46.5 0   -46.5 0     6.4 0    24.6 0     3.6 0   265.7 0   830.5 0
 2019  10  1 10 12  0 12.000 116.80    -2.2 0    -2.0 0    -0.4 0     0.1 0   276.5 0   280.21 0   280.04 0   322.9 0   281.34 0   281.32 0     0.0 0     0.2 0     0.0 0   -46.4 0   -46.4 0     6.4 0    24.5 0     3.4 0   263.3 0   830.5 0
 2019  10  1 10 12  1 12.017 116.61    -2.1 0    -1.7 0    -0.4 0     0.1 0   274.8 0   280.24 0   280.04 0   321.8 0   281.39 0   281.37 0     0.0 0     0.2 0     0.0 0   -47.0 0   -47.0 0     6.3 0    24.4 0     3.1 0   259.9 0   830.5 0
 2019  10  1 10 12  2 12.033 116.42    -1.5 0    -2.0 0    -0.4 0     0.0 0   272.9 0   280.24 0   279.99 0   320.4 0   281.43 0   281.42 0     0.0 0     0.2 0     0.0 0   -47.5 0   -47.5 0     6.3 0    24.1 0     2.5 0   257.9 0   830.5 0
 2019  10  1 10 12  3 12.050 116.23    -2.2 0    -0.9 0    -0.4 0     0.4 0   274.0 0   280.26 0   280.26 0   319.2 0   281.46 0   281.36 0     0.0 0     0.1 0     0.0 0   -45.2 0   -45.2 0     6.4 0    25.8 0     1.4 0   220.5 0   830.5 0
 2019  10  1 10 12  4 12.067 116.04    -2.3 0    -0.7 0    -0.4 0     0.4 0   272.8 0   280.36 0   280.39 0   321.4 0   281.43 0   281.37 0     0.0 0     0.1 0     0.0 0   -48.6 0   -48.6 0     6.8 0    26.0 0     2.2 0   248.4 0   830.5 0
 2019  10  1 10 12  5 12.083 115.85    -2.3 0    -1.2 0    -0.4 0     0.4 0   272.1 0   280.47 0   280.44 0   323.3 0   281.44 0   281.41 0     0.0 0     0.2 0     0.0 0   -51.2 0   -51.2 0     7.1 0    25.6 0     2.3 0   260.0 0   830.5 0
 2019  10  1 10 12  6 12.100 115.66    -2.3 0    -1.4 0    -0.4 0     0.4 0   270.7 0   280.57 0   280.52 0   324.6 0   281.45 0   281.43 0     0.0 0     0.1 0     0.0 0   -53.9 0   -53.9 0     7.1 0    25.1 0     2.6 0   261.5 0   830.5 0
 2019  10  1 10 12  7 12.117 115.47    -2.3 0    -1.5 0    -0.4 0     0.4 0   269.7 0   280.66 0   280.58 0   323.4 0   281.46 0   281.44 0     0.0 0     0.2 0     0.0 0   -53.7 0   -53.7 0     7.2 0    24.9 0     2.3 0   267.0 0   830.5 0
 2019  10  1 10 12  8 12.133 115.28    -2.3 0    -1.4 0    -0.4 0     0.4 0   268.4 0   280.73 0   280.57 0   322.2 0   281.48 0   281.44 0     0.0 0     0.2 0     0.0 0   -53.8 0   -53.8 0     7.3 0    24.9 0     2.5 0   262.4 0   830.6 0
 2019  10  1 10 12  9 12.150 115.09    -2.3 0    -1.4 0    -0.4 0     0.4 0   267.9 0   280.77 0   280.59 0   320.0 0   281.49 0   281.44 0     0.0 0     0.1 0     0.0 0   -52.1 0   -52.1 0     7.2 0    24.5 0     2.0 0   246.1 0   830.6 0
 2019  10  1 10 12 10 12.167 114.90    -2.3 0    -1.3 0    -0.4 0     0.4 0   267.1 0   280.81 0   280.64 0   318.1 0   281.51 0   281.44 0     0.0 0     0.2 0     0.0 0   -51.0 0   -51.0 0     7.2 0    24.7 0     1.9 0   201.8 0   830.6 0
 2019  10  1 10 12 11 12.183 114.72    -2.3 0    -0.8 0    -0.4 0     0.2 0   265.9 0   280.85 0   280.65 0   317.2 0   281.50 0   281.40 0     0.0 0     0.2 0     0.0 0   -51.2 0   -51.2 0     7.2 0    25.8 0     2.0 0   185.9 0   830.6 0
 2019  10  1 10 12 12 12.200 114.53    -2.3 0    -0.8 0    -0.4 0     0.3 0   265.9 0   280.88 0   280.70 0   315.9 0   281.46 0   281.38 0     0.0 0     0.1 0     0.0 0   -50.1 0   -50.1 0     7.2 0    26.4 0     1.8 0   186.6 0   830.6 0
 2019  10  1 10 12 13 12.217 114.34    -2.3 0    -1.1 0    -0.4 0     0.3 0   265.7 0   280.92 0   280.77 0   314.6 0   281.44 0   281.36 0     0.0 0     0.1 0     0.0 0   -49.0 0   -49.0 0     7.3 0    26.5 0     1.6 0   203.7 0   830.5 0
 2019  10  1 10 12 14 12.233 114.15    -2.3 0    -1.3 0    -0.4 0     0.3 0   264.9 0   280.97 0   280.80 0   314.7 0   281.42 0   281.36 0     0.0 0     0.1 0     0.0 0   -49.9 0   -49.9 0     7.5 0    26.1 0     2.0 0   225.0 0   830.5 0
 2019  10  1 10 12 15 12.250 113.96    -2.3 0    -1.4 0    -0.4 0     0.4 0   264.3 0   281.01 0   280.89 0   317.7 0   281.41 0   281.36 0     0.0 0     0.1 0     0.0 0   -53.4 0   -53.4 0     7.5 0    25.9 0     1.4 0   232.5 0   830.5 0
 2019  10  1 10 12 16 12.267 113.77    -2.3 0    -1.4 0    -0.4 0     0.4 0   262.1 0   281.08 0   280.93 0   314.7 0   281.39 0   281.34 0     0.0 0     0.1 0     0.0 0   -52.6 0   -52.6 0     7.7 0    26.0 0     1.2 0   193.1 0   830.5 0
 2019  10  1 10 12 17 12.283 113.58    -2.3 0    -1.2 0    -0.4 0     0.3 0   260.5 0   281.12 0   280.88 0   311.7 0   281.37 0   281.29 0     0.0 0     0.0 0     0.0 0   -51.2 0   -51.2 0     7.6 0    26.4 0     1.3 0   133.2 0   830.5 0
 2019  10  1 10 12 18 12.300 113.39    -2.3 0    -0.9 0    -0.4 0     0.1 0   259.7 0   281.12 0   280.83 0   309.8 0   281.33 0   281.22 0     0.0 0     0.0 0     0.0 0   -50.1 0   -50.1 0     7.5 0    27.1 0     1.4 0    78.4 0   830.5 0
 2019  10  1 10 12 19 12.317 113.21    -2.3 0    -0.8 0    -0.3 0     0.1 0   259.7 0   281.12 0   280.80 0   309.1 0   281.28 0   281.17 0     0.0 0     0.1 0     0.0 0   -49.4 0   -49.4 0     7.3 0    27.5 0     0.8 0    52.9 0   830.5 0
 2019  10  1 10 12 20 12.333 113.02    -2.3 0    -1.0 0    -0.2 0     0.1 0   258.9 0   281.09 0   280.77 0   308.4 0   281.22 0   281.11 0     0.0 0     0.0 0     0.0 0   -49.5 0   -49.5 0     7.1 0    28.0 0     1.4 0    46.1 0   830.5 0
 2019  10  1 10 12 21 12.350 112.83    -2.3 0    -1.2 0    -0.1 0     0.1 0   258.6 0   281.07 0   280.75 0   308.1 0   281.17 0   281.06 0     0.0 0     0.0 0     0.0 0   -49.5 0   -49.5 0     7.0 0    28.2 0     1.5 0    47.5 0   830.5 0
 2019  10  1 10 12 22 12.367 112.64    -1.9 0    -1.4 0    -0.2 0     0.1 0   258.0 0   281.04 0   280.70 0   307.4 0   281.12 0   281.01 0     0.0 0     0.1 0     0.0 0   -49.4 0   -49.4 0     6.9 0    28.4 0     1.4 0    35.2 0   830.5 0
 2019  10  1 10 12 23 12.383 112.45    -1.7 0    -1.4 0    -0.1 0     0.0 0   257.5 0   281.01 0   280.67 0   306.4 0   281.06 0   280.96 0     0.0 0     0.1 0     0.0 0   -48.8 0   -48.8 0     6.9 0    28.5 0     1.1 0    11.9 0   830.5 0
 2019  10  1 10 12 24 12.400 112.26    -1.4 0    -1.5 0    -0.2 0     0.0 0   256.9 0   280.97 0   280.63 0   305.5 0   281.01 0   280.91 0     0.0 0     0.1 0     0.0 0   -48.6 0   -48.6 0     6.9 0    28.5 0     0.9 0   334.2 0   830.5 0
 2019  10  1 10 12 25 12.417 112.08    -1.4 0    -1.7 0    -0.2 0    -0.1 0   256.2 0   280.93 0   280.54 0   305.9 0   280.96 0   280.87 0     0.0 0     0.1 0     0.0 0   -49.7 0   -49.7 0     6.8 0    28.5 0     1.5 0   317.9 0   830.5 0
 2019  10  1 10 12 26 12.433 111.89    -1.4 0    -1.7 0    -0.3 0    -0.4 0   255.0 0   280.87 0   280.37 0   308.0 0   280.91 0   280.82 0     0.0 0     0.0 0     0.0 0   -53.0 0   -53.0 0     6.5 0    28.4 0     2.2 0   316.5 0   830.5 0
 2019  10  1 10 12 27 12.450 111.70    -1.4 0    -2.0 0    -0.1 0    -0.2 0   256.0 0   280.77 0   280.30 0   307.7 0   280.87 0   280.78 0     0.0 0     0.1 0     0.0 0   -51.7 0   -51.7 0     6.1 0    28.0 0     1.6 0   303.5 0   830.5 0
 2019  10  1 10 12 28 12.467 111.51    -1.4 0    -2.1 0    -0.3 0     0.0 0   256.6 0   280.69 0   280.38 0   306.1 0   280.83 0   280.74 0     0.0 0     0.1 0     0.0 0   -49.6 0   -49.6 0     6.2 0    27.7 0     1.4 0   294.5 0   830.5 0
 2019  10  1 10 12 29 12.483 111.33    -1.6 0    -2.1 0    -0.4 0     0.0 0   256.1 0   280.66 0   280.38 0   305.0 0   280.79 0   280.70 0     0.0 0     0.1 0     0.0 0   -48.9 0   -48.9 0     6.3 0    27.5 0     1.4 0   301.7 0   830.5 0
 2019  10  1 10 12 30 12.500 111.14    -1.4 0    -2.1 0    -0.4 0    -0.1 0   254.9 0   280.63 0   280.25 0   304.3 0   280.75 0   280.66 0     0.0 0     0.1 0     0.0 0   -49.3 0   -49.3 0     6.3 0    27.4 0     1.4 0   305.5 0   830.5 0
 2019  10  1 10 12 31 12.517 110.95    -1.4 0    -2.1 0    -0.4 0     0.0 0   254.3 0   280.58 0   280.19 0   303.9 0   280.72 0   280.62 0     0.0 0     0.2 0     0.0 0   -49.6 0   -49.6 0     6.1 0    27.6 0     1.9 0   309.6 0   830.5 0
 2019  10  1 10 12 32 12.533 110.76    -1.0 0    -1.8 0    -0.4 0    -0.3 0   253.1 0   280.51 0   280.01 0   304.9 0   280.67 0   280.57 0     0.0 0     0.2 0     0.0 0   -51.8 0   -51.8 0     5.9 0    27.9 0     2.3 0   305.4 0   830.5 0
 2019  10  1 10 12 33 12.550 110.58    -0.5 0    -2.1 0    -0.4 0    -0.4 0   253.3 0   280.40 0   279.87 0   305.7 0   280.62 0   280.53 0     0.0 0     0.1 0     0.0 0   -52.3 0   -52.3 0     5.5 0    27.9 0     2.1 0   293.1 0   830.5 0
 2019  10  1 10 12 34 12.567 110.39    -0.5 0    -2.1 0    -0.1 0    -0.4 0   253.9 0   280.28 0   279.81 0   306.7 0   280.59 0   280.50 0     0.0 0     0.1 0     0.0 0   -52.8 0   -52.8 0     5.1 0    27.7 0     2.2 0   290.4 0   830.5 0
 2019  10  1 10 12 35 12.583 110.20    -0.5 0    -2.1 0    -0.4 0    -0.4 0   253.3 0   280.18 0   279.72 0   307.4 0   280.56 0   280.48 0     0.0 0     0.2 0     0.0 0   -54.1 0   -54.1 0     4.9 0    27.6 0     2.8 0   290.0 0   830.5 0
 2019  10  1 10 12 36 12.600 110.02     0.1 0    -1.9 0    -0.1 0    -0.4 0   252.3 0   280.08 0   279.50 0   308.0 0   280.53 0   280.43 0     0.0 0     0.2 0     0.0 0   -55.7 0   -55.7 0     4.6 0    28.1 0     3.1 0   298.8 0   830.5 0
 2019  10  1 10 12 37 12.617 109.83     0.5 0    -1.8 0     0.2 0    -0.4 0   252.1 0   279.93 0   279.31 0   309.8 0   280.50 0   280.41 0     0.0 0     0.2 0     0.0 0   -57.7 0   -57.7 0     4.2 0    28.3 0     3.9 0   304.3 0   830.5 0
 2019  10  1 10 12 38 12.633 109.64     0.4 0    -2.1 0     0.4 0    -0.4 0   251.7 0   279.76 0   279.19 0   311.3 0   280.47 0   280.41 0     0.0 0     0.2 0     0.0 0   -59.6 0   -59.6 0     4.0 0    28.2 0     4.5 0   301.9 0   830.5 0
 2019  10  1 10 12 39 12.650 109.46     0.0 0    -2.1 0     0.3 0    -0.4 0   251.5 0   279.62 0   279.07 0   312.9 0   280.46 0   280.41 0     0.0 0     0.2 0     0.0 0   -61.5 0   -61.5 0     4.0 0    27.7 0     4.4 0   298.3 0   830.5 0
 2019  10  1 10 12 40 12.667 109.27    -0.4 0    -2.2 0     0.3 0    -0.4 0   251.8 0   279.49 0   279.00 0   313.6 0   280.47 0   280.43 0     0.0 0     0.2 0     0.0 0   -61.8 0   -61.8 0     4.0 0    27.3 0     3.8 0   298.3 0   830.5 0
 2019  10  1 10 12 41 12.683 109.08    -0.5 0    -2.1 0    -0.3 0    -0.4 0   251.7 0   279.39 0   278.94 0   313.5 0   280.48 0   280.44 0     0.0 0     0.1 0     0.0 0   -61.8 0   -61.8 0     4.2 0    26.9 0     3.4 0   296.9 0   830.4 0
 2019  10  1 10 12 42 12.700 108.90    -0.5 0    -2.1 0    -0.4 0    -0.4 0   251.5 0   279.29 0   278.86 0   312.5 0   280.49 0   280.46 0     0.0 0     0.2 0     0.0 0   -61.0 0   -61.0 0     4.2 0    26.7 0     3.5 0   296.8 0   830.4 0
 2019  10  1 10 12 43 12.717 108.71    -0.5 0    -2.4 0    -0.4 0    -0.4 0   251.7 0   279.21 0   278.80 0   312.2 0   280.52 0   280.48 0     0.0 0     0.2 0     0.0 0   -60.5 0   -60.5 0     4.2 0    26.4 0     3.2 0   296.9 0   830.4 0
 2019  10  1 10 12 44 12.733 108.53    -0.5 0    -2.2 0    -0.4 0    -0.2 0   252.1 0   279.14 0   278.82 0   311.4 0   280.54 0   280.50 0     0.0 0     0.2 0     0.0 0   -59.3 0   -59.3 0     4.3 0    26.1 0     2.9 0   296.5 0   830.4 0
 2019  10  1 10 12 45 12.750 108.34    -0.5 0    -2.1 0    -0.4 0    -0.1 0   251.4 0   279.10 0   278.79 0   310.4 0   280.57 0   280.52 0     0.0 0     0.2 0     0.0 0   -59.0 0   -59.0 0     4.5 0    25.8 0     2.6 0   293.3 0   830.4 0
 2019  10  1 10 12 46 12.767 108.15    -0.5 0    -2.1 0    -0.4 0     0.0 0   250.4 0   279.06 0   278.71 0   309.6 0   280.59 0   280.54 0     0.0 0     0.2 0     0.0 0   -59.1 0   -59.1 0     4.5 0    25.8 0     2.6 0   283.0 0   830.4 0
 2019  10  1 10 12 47 12.783 107.97    -0.5 0    -2.0 0    -0.4 0     0.0 0   250.5 0   279.01 0   278.70 0   309.2 0   280.60 0   280.55 0     0.0 0     0.2 0     0.0 0   -58.6 0   -58.6 0     4.4 0    25.8 0     2.6 0   279.3 0   830.4 0
 2019  10  1 10 12 48 12.800 107.78    -0.5 0    -1.7 0    -0.4 0     0.0 0   249.3 0   278.97 0   278.64 0   309.0 0   280.61 0   280.56 0     0.0 0     0.2 0     0.0 0   -59.6 0   -59.6 0     4.4 0    26.1 0     2.7 0   280.9 0   830.4 0
 2019  10  1 10 12 49 12.817 107.60    -0.5 0    -1.7 0    -0.4 0    -0.2 0   247.5 0   278.92 0   278.47 0   307.4 0   280.61 0   280.56 0     0.0 0     0.2 0     0.0 0   -59.9 0   -59.9 0     4.3 0    26.1 0     2.0 0   271.4 0   830.4 0
 2019  10  1 10 12 50 12.833 107.41    -0.5 0    -1.5 0    -0.4 0    -0.1 0   243.8 0   278.83 0   278.34 0   304.3 0   280.62 0   280.52 0     0.0 0     0.2 0     0.0 0   -60.6 0   -60.6 0     4.1 0    26.4 0     1.2 0   275.9 0   830.4 0
 2019  10  1 10 12 51 12.850 107.23    -0.5 0     0.2 0    -0.3 0    -0.3 0   243.5 0   278.73 0   278.22 0   305.2 0   280.56 0   280.34 0     0.0 0     0.2 0     0.0 0   -61.7 0   -61.7 0     3.9 0    29.3 0     2.8 0    89.9 0   830.5 0
 2019  10  1 10 12 52 12.867 107.04    -0.5 0     0.4 0    -0.3 0     0.0 0   244.9 0   278.64 0   278.21 0   306.0 0   280.45 0   280.26 0     0.0 0     0.2 0     0.0 0   -61.1 0   -61.1 0     3.8 0    31.3 0     1.5 0    68.8 0   830.5 0
 2019  10  1 10 12 53 12.883 106.86    -0.6 0    -0.5 0    -0.4 0     0.0 0   246.6 0   278.57 0   278.23 0   304.7 0   280.35 0   280.22 0     0.0 0     0.2 0     0.0 0   -58.2 0   -58.2 0     3.9 0    31.5 0     0.6 0   333.5 0   830.4 0
 2019  10  1 10 12 54 12.900 106.67    -1.4 0    -1.3 0    -0.4 0     0.3 0   247.3 0   278.53 0   278.35 0   303.7 0   280.28 0   280.18 0     0.0 0     0.2 0     0.0 0   -56.4 0   -56.4 0     4.2 0    31.0 0     0.9 0   331.2 0   830.4 0
 2019  10  1 10 12 55 12.917 106.49    -1.4 0    -1.5 0    -0.4 0     0.4 0   247.2 0   278.57 0   278.41 0   302.5 0   280.23 0   280.14 0     0.0 0     0.1 0     0.0 0   -55.3 0   -55.3 0     4.6 0    30.6 0     1.0 0   345.9 0   830.5 0
 2019  10  1 10 12 56 12.933 106.30    -1.4 0    -1.3 0    -0.4 0     0.4 0   245.2 0   278.60 0   278.35 0   300.9 0   280.17 0   280.03 0     0.0 0     0.1 0     0.0 0   -55.7 0   -55.7 0     4.8 0    31.1 0     1.8 0   352.2 0   830.5 0
 2019  10  1 10 12 57 12.950 106.12    -1.4 0    -0.9 0    -0.4 0     0.4 0   245.2 0   278.60 0   278.27 0   300.9 0   280.09 0   279.94 0     0.0 0     0.1 0     0.0 0   -55.7 0   -55.7 0     4.7 0    31.7 0     1.8 0   330.4 0   830.5 0
 2019  10  1 10 12 58 12.967 105.93    -1.4 0    -1.4 0    -0.4 0     0.1 0   246.9 0   278.57 0   278.21 0   301.6 0   280.01 0   279.90 0     0.0 0     0.2 0     0.0 0   -54.6 0   -54.6 0     4.5 0    31.4 0     1.2 0   301.3 0   830.5 0
 2019  10  1 10 12 59 12.983 105.75    -1.4 0    -1.5 0    -0.4 0     0.1 0   247.2 0   278.54 0   278.33 0   302.9 0   279.95 0   279.84 0     0.0 0     0.2 0     0.0 0   -55.8 0   -55.8 0     4.6 0    31.0 0     1.7 0   278.1 0   830.5 0
 2019  10  1 10 13  0 13.000 105.57    -1.4 0    -1.7 0    -0.4 0     0.0 0   247.4 0   278.57 0   278.40 0   304.7 0   279.89 0   279.79 0     0.0 0     0.2 0     0.0 0   -57.3 0   -57.3 0     4.7 0    30.7 0     2.2 0   275.1 0   830.5 0
 2019  10  1 10 13  1 13.017 105.38    -1.4 0    -1.8 0    -0.4 0     0.1 0   248.4 0   278.60 0   278.44 0   305.8 0   279.85 0   279.76 0     0.0 0     0.2 0     0.0 0   -57.3 0   -57.3 0     4.8 0    30.3 0     1.7 0   266.7 0   830.4 0
 2019  10  1 10 13  2 13.033 105.20    -1.4 0    -2.1 0    -0.4 0     0.3 0   250.0 0   278.65 0   278.56 0   305.1 0   279.81 0   279.73 0     0.0 0     0.2 0     0.0 0   -55.1 0   -55.1 0     4.9 0    29.6 0     1.7 0   255.4 0   830.4 0
 2019  10  1 10 13  3 13.050 105.02    -2.2 0    -2.2 0    -0.4 0     0.4 0   250.5 0   278.73 0   278.71 0   304.1 0   279.79 0   279.71 0     0.0 0     0.1 0     0.0 0   -53.6 0   -53.6 0     5.2 0    28.8 0     1.9 0   252.1 0   830.4 0
 2019  10  1 10 13  4 13.067 104.83    -2.3 0    -2.4 0    -0.4 0     0.4 0   249.8 0   278.83 0   278.81 0   303.8 0   279.78 0   279.70 0     0.0 0     0.1 0     0.0 0   -54.0 0   -54.0 0     5.3 0    28.1 0     2.2 0   243.0 0   830.4 0
 2019  10  1 10 13  5 13.083 104.65    -2.3 0    -2.1 0    -0.4 0     0.4 0   249.2 0   278.94 0   278.93 0   303.9 0   279.77 0   279.69 0     0.0 0     0.1 0     0.0 0   -54.7 0   -54.7 0     5.6 0    28.1 0     2.2 0   240.3 0   830.4 0
 2019  10  1 10 13  6 13.100 104.47    -2.3 0    -2.1 0    -0.4 0     0.4 0   248.9 0   279.06 0   279.04 0   302.7 0   279.75 0   279.68 0     0.0 0     0.1 0     0.0 0   -53.8 0   -53.8 0     5.9 0    28.3 0     2.5 0   239.9 0   830.4 0
 2019  10  1 10 13  7 13.117 104.28    -2.3 0    -2.1 0    -0.4 0     0.4 0   248.5 0   279.19 0   279.15 0   302.0 0   279.75 0   279.67 0     0.0 0     0.1 0     0.0 0   -53.5 0   -53.5 0     6.1 0    28.3 0     2.0 0   228.3 0   830.5 0
 2019  10  1 10 13  8 13.133 104.10    -2.3 0    -1.8 0    -0.4 0     0.4 0   246.0 0   279.29 0   279.17 0   300.5 0   279.74 0   279.65 0     0.0 0     0.1 0     0.0 0   -54.5 0   -54.5 0     6.2 0    28.3 0     1.2 0   214.4 0   830.5 0
 2019  10  1 10 13  9 13.150 103.92    -2.1 0    -1.4 0    -0.3 0     0.2 0   243.7 0   279.36 0   278.96 0   299.7 0   279.71 0   279.59 0     0.0 0     0.1 0     0.0 0   -56.0 0   -56.0 0     5.9 0    29.0 0     1.8 0   128.6 0   830.5 0
 2019  10  1 10 13 10 13.167 103.73    -1.4 0    -0.7 0     0.1 0     0.0 0   244.4 0   279.33 0   278.90 0   301.8 0   279.64 0   279.48 0     0.0 0     0.2 0     0.0 0   -57.4 0   -57.4 0     5.2 0    31.0 0     1.7 0   103.1 0   830.5 0
 2019  10  1 10 13 11 13.183 103.55    -1.4 0    -0.7 0     0.2 0     0.0 0   245.1 0   279.28 0   278.86 0   301.9 0   279.56 0   279.42 0     0.0 0     0.2 0     0.0 0   -56.8 0   -56.8 0     4.9 0    32.2 0     1.5 0   115.5 0   830.5 0
 2019  10  1 10 13 12 13.200 103.37    -1.4 0    -0.7 0     0.2 0     0.0 0   245.5 0   279.23 0   278.79 0   299.8 0   279.49 0   279.34 0     0.0 0     0.2 0     0.0 0   -54.3 0   -54.3 0     4.7 0    32.7 0     1.6 0   128.0 0   830.5 0
 2019  10  1 10 13 13 13.217 103.19    -1.4 0    -1.0 0     0.0 0     0.0 0   245.4 0   279.17 0   278.72 0   300.8 0   279.41 0   279.26 0     0.0 0     0.2 0     0.0 0   -55.4 0   -55.4 0     4.6 0    33.2 0     1.2 0   142.6 0   830.5 0
 2019  10  1 10 13 14 13.233 103.00    -1.4 0    -1.0 0     0.2 0     0.0 0   245.1 0   279.10 0   278.67 0   301.0 0   279.33 0   279.19 0     0.0 0     0.2 0     0.0 0   -55.9 0   -55.9 0     4.5 0    33.8 0     1.8 0   132.0 0   830.5 0
 2019  10  1 10 13 15 13.250 102.82    -1.4 0    -1.0 0     0.0 0     0.0 0   244.7 0   279.04 0   278.65 0   299.6 0   279.25 0   279.11 0     0.0 0     0.2 0     0.0 0   -55.0 0   -55.0 0     4.5 0    35.0 0     1.6 0   154.8 0   830.5 0
 2019  10  1 10 13 16 13.267 102.64    -1.4 0    -1.2 0     0.0 0     0.0 0   244.0 0   278.99 0   278.60 0   299.1 0   279.18 0   279.04 0     0.0 0     0.2 0     0.0 0   -55.1 0   -55.1 0     4.5 0    35.5 0     1.6 0   175.4 0   830.5 0
 2019  10  1 10 13 17 13.283 102.46    -1.4 0    -1.4 0     0.0 0     0.0 0   244.0 0   278.93 0   278.55 0   298.2 0   279.10 0   278.97 0     0.0 0     0.2 0     0.0 0   -54.2 0   -54.2 0     4.5 0    35.6 0     1.4 0   183.6 0   830.5 0
 2019  10  1 10 13 18 13.300 102.28    -1.4 0    -1.5 0     0.1 0     0.0 0   244.1 0   278.88 0   278.50 0   297.6 0   279.02 0   278.90 0     0.0 0     0.2 0     0.0 0   -53.5 0   -53.5 0     4.5 0    35.6 0     1.2 0   194.4 0   830.5 0
 2019  10  1 10 13 19 13.317 102.10    -1.4 0    -1.9 0     0.2 0     0.0 0   244.3 0   278.83 0   278.45 0   297.1 0   278.95 0   278.85 0     0.0 0     0.2 0     0.0 0   -52.8 0   -52.8 0     4.5 0    35.3 0     1.0 0   193.3 0   830.5 0
 2019  10  1 10 13 20 13.333 101.92    -1.4 0    -2.1 0     0.4 0     0.0 0   244.7 0   278.78 0   278.44 0   296.7 0   278.89 0   278.79 0     0.0 0     0.2 0     0.0 0   -52.0 0   -52.0 0     4.5 0    34.8 0     0.9 0   194.8 0   830.5 0
 2019  10  1 10 13 21 13.350 101.73    -1.4 0    -2.3 0     0.2 0     0.0 0   244.9 0   278.74 0   278.44 0   296.6 0   278.84 0   278.74 0     0.0 0     0.2 0     0.0 0   -51.8 0   -51.8 0     4.5 0    34.1 0     1.1 0   196.8 0   830.5 0
 2019  10  1 10 13 22 13.367 101.55    -1.4 0    -2.4 0     0.1 0     0.0 0   245.0 0   278.73 0   278.46 0   297.0 0   278.80 0   278.70 0     0.0 0     0.2 0     0.0 0   -52.0 0   -52.0 0     4.6 0    33.5 0     1.1 0   210.9 0   830.5 0
 2019  10  1 10 13 23 13.383 101.37    -1.4 0    -2.7 0     0.0 0     0.0 0   245.5 0   278.73 0   278.45 0   298.4 0   278.74 0   278.64 0     0.0 0     0.2 0     0.0 0   -52.9 0   -52.9 0     4.6 0    32.9 0     0.8 0   218.9 0   830.5 0
 2019  10  1 10 13 24 13.400 101.19    -0.7 0    -2.8 0     0.0 0     0.0 0   245.7 0   278.73 0   278.45 0   298.9 0   278.70 0   278.62 0     0.0 0     0.2 0     0.0 0   -53.1 0   -53.1 0     4.6 0    32.4 0     0.5 0   220.5 0   830.5 0
 2019  10  1 10 13 25 13.417 101.01    -0.5 0    -2.8 0     0.1 0     0.0 0   245.9 0   278.71 0   278.46 0   297.8 0   278.67 0   278.58 0     0.0 0     0.2 0     0.0 0   -51.9 0   -51.9 0     4.4 0    32.0 0     0.6 0   191.8 0   830.5 0
 2019  10  1 10 13 26 13.433 100.83    -1.1 0    -2.8 0     0.3 0     0.3 0   246.9 0   278.73 0   278.61 0   296.4 0   278.63 0   278.54 0     0.0 0     0.2 0     0.0 0   -49.5 0   -49.5 0     4.6 0    31.7 0     1.0 0   162.8 0   830.5 0
 2019  10  1 10 13 27 13.450 100.65    -1.2 0    -2.8 0     0.2 0     0.2 0   247.0 0   278.80 0   278.69 0   296.9 0   278.59 0   278.51 0     0.0 0     0.2 0     0.0 0   -49.9 0   -49.9 0     5.0 0    31.3 0     1.1 0   177.7 0   830.5 0
 2019  10  1 10 13 28 13.467 100.47    -0.9 0    -2.8 0     0.2 0     0.3 0   246.4 0   278.88 0   278.76 0   298.4 0   278.57 0   278.50 0     0.0 0     0.2 0     0.0 0   -52.1 0   -52.1 0     5.3 0    31.0 0     1.2 0   211.5 0   830.5 0
 2019  10  1 10 13 29 13.483 100.29    -0.5 0    -2.8 0     0.3 0     0.0 0   244.7 0   278.91 0   278.49 0   300.2 0   278.54 0   278.46 0     0.0 0     0.2 0     0.0 0   -55.5 0   -55.5 0     5.1 0    30.7 0     1.5 0   234.6 0   830.6 0
 2019  10  1 10 13 30 13.500 100.11    -0.5 0    -2.8 0     0.4 0     0.0 0   245.2 0   278.86 0   278.58 0   299.8 0   278.52 0   278.44 0     0.0 0     0.2 0     0.0 0   -54.7 0   -54.7 0     4.7 0    30.6 0     1.3 0   223.4 0   830.6 0
 2019  10  1 10 13 31 13.517  99.93    -1.0 0    -2.8 0     0.4 0     0.0 0   245.5 0   278.87 0   278.71 0   298.5 0   278.50 0   278.43 0     0.0 0     0.2 0     0.0 0   -53.0 0   -53.0 0     4.9 0    30.6 0     1.5 0   190.5 0   830.6 0
 2019  10  1 10 13 32 13.533  99.76    -1.4 0    -2.8 0     0.4 0     0.0 0   245.6 0   278.91 0   278.78 0   297.2 0   278.49 0   278.44 0     0.0 0     0.2 0     0.0 0   -51.6 0   -51.6 0     5.2 0    30.5 0     1.7 0   169.8 0   830.6 0
 2019  10  1 10 13 33 13.550  99.58    -1.9 0    -2.6 0     0.4 0     0.3 0   245.2 0   278.98 0   278.82 0   296.6 0   278.49 0   278.42 0     0.0 0     0.2 0     0.0 0   -51.4 0   -51.4 0     5.5 0    30.5 0     1.8 0   169.3 0   830.6 0
 2019  10  1 10 13 34 13.567  99.40    -2.1 0    -2.3 0     0.1 0     0.2 0   244.3 0   279.03 0   278.78 0   296.9 0   278.48 0   278.41 0     0.0 0     0.2 0     0.0 0   -52.6 0   -52.6 0     5.6 0    30.9 0     1.8 0   179.8 0   830.6 0
 2019  10  1 10 13 35 13.583  99.22    -1.7 0    -2.0 0     0.3 0     0.1 0   244.2 0   279.04 0   278.72 0   297.9 0   278.45 0   278.36 0     0.0 0     0.2 0     0.0 0   -53.7 0   -53.7 0     5.4 0    31.9 0     1.3 0   185.2 0   830.6 0
 2019  10  1 10 13 36 13.600  99.04    -1.9 0    -1.7 0     0.4 0     0.1 0   244.2 0   279.02 0   278.73 0   296.7 0   278.42 0   278.33 0     0.0 0     0.2 0     0.0 0   -52.5 0   -52.5 0     5.3 0    32.5 0     0.9 0   176.7 0   830.6 0
 2019  10  1 10 13 37 13.617  98.86    -1.9 0    -1.7 0     0.4 0     0.0 0   243.7 0   279.02 0   278.64 0   296.1 0   278.38 0   278.28 0     0.0 0     0.2 0     0.0 0   -52.5 0   -52.5 0     5.2 0    32.7 0     0.2 0   182.9 0   830.6 0
 2019  10  1 10 13 38 13.633  98.68    -0.6 0    -1.4 0     0.4 0    -0.3 0   242.3 0   278.94 0   278.28 0   296.6 0   278.33 0   278.22 0     0.0 0     0.2 0     0.0 0   -54.3 0   -54.3 0     4.5 0    33.2 0     0.7 0   322.0 0   830.7 0
 2019  10  1 10 13 39 13.650  98.51    -0.5 0    -1.6 0     0.4 0    -0.4 0   242.6 0   278.78 0   278.08 0   297.1 0   278.28 0   278.18 0     0.0 0     0.2 0     0.0 0   -54.6 0   -54.6 0     3.7 0    33.8 0     0.6 0   324.6 0   830.7 0
 2019  10  1 10 13 40 13.667  98.33    -0.8 0    -1.8 0     0.4 0    -0.2 0   243.6 0   278.62 0   278.11 0   296.3 0   278.23 0   278.14 0     0.0 0     0.2 0     0.0 0   -52.7 0   -52.7 0     3.3 0    34.0 0     0.0 0     0.0 0   830.7 0
 2019  10  1 10 13 41 13.683  98.15    -1.4 0    -2.1 0     0.4 0     0.0 0   244.1 0   278.52 0   278.16 0   295.3 0   278.19 0   278.09 0     0.0 0     0.2 0     0.0 0   -51.2 0   -51.2 0     3.5 0    33.8 0     0.2 0   170.6 0   830.7 0
 2019  10  1 10 13 42 13.700  97.97    -1.4 0    -2.1 0     0.3 0     0.0 0   244.0 0   278.49 0   278.21 0   294.8 0   278.15 0   278.06 0     0.0 0     0.2 0     0.0 0   -50.7 0   -50.7 0     3.7 0    33.5 0     1.0 0   153.6 0   830.7 0
 2019  10  1 10 13 43 13.717  97.80    -1.4 0    -2.3 0     0.1 0     0.0 0   243.6 0   278.49 0   278.22 0   294.2 0   278.11 0   278.03 0     0.0 0     0.2 0     0.0 0   -50.6 0   -50.6 0     3.9 0    33.3 0     1.0 0   165.5 0   830.7 0
 2019  10  1 10 13 44 13.733  97.62    -1.4 0    -2.1 0     0.0 0     0.0 0   242.4 0   278.48 0   278.15 0   293.7 0   278.08 0   277.98 0     0.0 0     0.2 0     0.0 0   -51.3 0   -51.3 0     4.2 0    33.5 0     1.2 0   152.1 0   830.7 0
 2019  10  1 10 13 45 13.750  97.44    -1.4 0    -2.0 0     0.0 0     0.0 0   241.4 0   278.45 0   278.08 0   292.7 0   278.03 0   277.92 0     0.0 0     0.2 0     0.0 0   -51.4 0   -51.4 0     4.2 0    34.0 0     0.8 0   110.3 0   830.7 0
 2019  10  1 10 13 46 13.767  97.27    -0.9 0    -1.5 0     0.0 0    -0.1 0   238.1 0   278.40 0   277.82 0   292.9 0   277.98 0   277.82 0     0.0 0     0.2 0     0.0 0   -54.8 0   -54.8 0     3.8 0    34.6 0     2.6 0    48.0 0   830.8 0
 2019  10  1 10 13 47 13.783  97.09    -0.5 0    -1.0 0     0.4 0     0.0 0   238.9 0   278.26 0   277.63 0   296.6 0   277.89 0   277.74 0     0.0 0     0.2 0     0.0 0   -57.7 0   -57.7 0     3.0 0    36.9 0     2.6 0    20.4 0   830.7 0
 2019  10  1 10 13 48 13.800  96.92    -0.5 0    -1.3 0     0.4 0    -0.2 0   238.8 0   278.09 0   277.34 0   296.6 0   277.82 0   277.73 0     0.0 0     0.2 0     0.0 0   -57.8 0   -57.8 0     2.4 0    37.1 0     1.5 0    18.3 0   830.7 0
 2019  10  1 10 13 49 13.817  96.74    -0.5 0    -1.3 0     0.4 0    -0.1 0   240.6 0   277.91 0   277.33 0   294.1 0   277.76 0   277.65 0     0.0 0     0.2 0     0.0 0   -53.5 0   -53.5 0     2.2 0    37.7 0     1.3 0    34.3 0   830.7 0
 2019  10  1 10 13 50 13.833  96.56    -0.5 0    -1.4 0     0.3 0    -0.3 0   240.1 0   277.77 0   277.23 0   294.0 0   277.70 0   277.60 0     0.0 0     0.2 0     0.0 0   -53.9 0   -53.9 0     2.3 0    37.7 0     0.8 0   330.5 0   830.7 0
 2019  10  1 10 13 51 13.850  96.39    -0.1 0    -1.4 0     0.1 0    -0.4 0   239.5 0   277.63 0   276.93 0   294.4 0   277.65 0   277.56 0     0.0 0     0.2 0     0.0 0   -54.9 0   -54.9 0     2.1 0    37.6 0     1.0 0   338.0 0   830.7 0
 2019  10  1 10 13 52 13.867  96.21    -0.4 0    -1.4 0     0.1 0    -0.2 0   240.6 0   277.46 0   276.94 0   293.2 0   277.60 0   277.51 0     0.0 0     0.2 0     0.0 0   -52.7 0   -52.7 0     2.0 0    37.4 0     1.5 0     9.6 0   830.7 0
 2019  10  1 10 13 53 13.883  96.04    -0.5 0    -1.4 0     0.0 0     0.0 0   240.3 0   277.34 0   276.86 0   292.5 0   277.54 0   277.45 0     0.0 0     0.2 0     0.0 0   -52.2 0   -52.2 0     2.2 0    37.4 0     2.0 0    17.8 0   830.7 0
 2019  10  1 10 13 54 13.900  95.86    -0.5 0    -1.4 0     0.0 0     0.0 0   241.0 0   277.24 0   276.80 0   293.1 0   277.49 0   277.41 0     0.0 0     0.2 0     0.0 0   -52.2 0   -52.2 0     2.3 0    37.1 0     2.2 0    23.5 0   830.6 0
 2019  10  1 10 13 55 13.917  95.69    -0.5 0    -1.4 0     0.1 0     0.0 0   241.0 0   277.16 0   276.79 0   292.9 0   277.45 0   277.37 0     0.0 0     0.2 0     0.0 0   -51.9 0   -51.9 0     2.5 0    36.8 0     2.0 0    26.8 0   830.6 0
 2019  10  1 10 13 56 13.933  95.51    -0.5 0    -1.4 0     0.1 0     0.0 0   241.7 0   277.11 0   276.80 0   292.6 0   277.41 0   277.32 0     0.0 0     0.2 0     0.0 0   -50.9 0   -50.9 0     2.7 0    36.7 0     1.4 0    13.8 0   830.6 0
 2019  10  1 10 13 57 13.950  95.34    -0.5 0    -1.4 0     0.0 0     0.0 0   240.4 0   277.06 0   276.54 0   294.0 0   277.37 0   277.30 0     0.0 0     0.2 0     0.0 0   -53.6 0   -53.6 0     2.7 0    36.4 0     1.3 0   334.4 0   830.6 0
 2019  10  1 10 13 58 13.967  95.16     0.0 0    -1.4 0     0.2 0     0.0 0   239.5 0   276.95 0   276.35 0   295.0 0   277.33 0   277.27 0     0.0 0     0.2 0     0.0 0   -55.5 0   -55.5 0     2.2 0    36.4 0     1.4 0   324.6 0   830.7 0
 2019  10  1 10 13 59 13.983  94.99     0.5 0    -1.4 0     0.4 0     0.0 0   238.9 0   276.80 0   276.17 0   294.8 0   277.31 0   277.23 0     0.0 0     0.2 0     0.0 0   -55.9 0   -55.9 0     1.6 0    36.4 0     1.6 0   342.8 0   830.7 0
 2019  10  1 10 14  0 14.000  94.82     0.4 0    -1.6 0     0.4 0     0.1 0   239.9 0   276.65 0   276.25 0   293.9 0   277.27 0   277.21 0     0.0 0     0.2 0     0.1 0   -54.0 0   -53.9 0     1.4 0    36.1 0     1.9 0    12.3 0   830.7 0
 2019  10  1 10 14  1 14.017  94.64    -0.4 0    -1.7 0     0.0 0     0.3 0   240.6 0   276.60 0   276.43 0   293.3 0   277.25 0   277.20 0     0.0 0     0.2 0     0.3 0   -52.6 0   -52.3 0     2.1 0    35.7 0     2.1 0    25.8 0   830.7 0
 2019  10  1 10 14  2 14.033  94.47    -1.1 0    -1.7 0     0.0 0     0.4 0   241.6 0   276.62 0   276.57 0   293.3 0   277.23 0   277.18 0     0.0 0     0.2 0     0.4 0   -51.7 0   -51.3 0     2.9 0    34.8 0     1.8 0    32.5 0   830.7 0
 2019  10  1 10 14  3 14.050  94.30    -1.4 0    -1.7 0     0.0 0     0.4 0   242.1 0   276.71 0   276.75 0   293.1 0   277.22 0   277.18 0     0.0 0     0.2 0     0.4 0   -51.0 0   -50.6 0     3.6 0    33.6 0     1.6 0    34.3 0   830.7 0
 2019  10  1 10 14  4 14.067  94.12    -1.6 0    -1.7 0     0.0 0     0.4 0   241.9 0   276.83 0   276.86 0   293.0 0   277.22 0   277.18 0     0.0 0     0.2 0     0.4 0   -51.1 0   -50.7 0     4.2 0    33.0 0     1.4 0    37.0 0   830.6 0
 2019  10  1 10 14  5 14.083  93.95    -1.4 0    -1.7 0     0.0 0     0.4 0   241.4 0   276.94 0   276.95 0   293.8 0   277.22 0   277.19 0     0.0 0     0.3 0     0.4 0   -52.3 0   -51.9 0     4.4 0    32.8 0     1.1 0    18.1 0   830.6 0
 2019  10  1 10 14  6 14.100  93.78    -1.4 0    -1.6 0     0.0 0     0.7 0   239.8 0   277.05 0   276.88 0   293.5 0   277.22 0   277.20 0     0.0 0     0.4 0     0.7 0   -53.7 0   -53.1 0     4.4 0    32.9 0     1.6 0   349.3 0   830.7 0
 2019  10  1 10 14  7 14.117  93.61    -0.6 0    -1.0 0     0.2 0     0.4 0   237.9 0   277.06 0   276.56 0   295.3 0   277.22 0   277.15 0     0.0 0     0.4 0     0.4 0   -57.4 0   -57.0 0     3.6 0    34.2 0     2.5 0   316.1 0   830.7 0
 2019  10  1 10 14  8 14.133  93.44     0.4 0    -0.7 0     0.4 0     0.6 0   237.1 0   276.95 0   276.20 0   296.1 0   277.19 0   277.13 0     0.0 0     0.4 0     0.6 0   -59.0 0   -58.4 0     2.1 0    35.8 0     2.7 0   324.6 0   830.7 0
 2019  10  1 10 14  9 14.150  93.26     0.5 0    -0.8 0     0.4 0     1.0 0   237.8 0   276.76 0   276.05 0   295.8 0   277.18 0   277.12 0     0.0 0     0.5 0     1.0 0   -58.0 0   -57.1 0     1.1 0    36.4 0     2.8 0   343.1 0   830.7 0
 2019  10  1 10 14 10 14.167  93.09     1.2 0    -0.8 0     0.4 0     1.1 0   238.6 0   276.58 0   276.07 0   295.6 0   277.16 0   277.08 0     0.0 0     0.6 0     1.1 0   -57.1 0   -56.0 0     1.0 0    36.9 0     2.6 0   350.8 0   830.7 0
 2019  10  1 10 14 11 14.183  92.92     0.8 0    -0.7 0     0.4 0     1.4 0   239.2 0   276.48 0   276.15 0   295.4 0   277.15 0   277.08 0     0.0 0     0.7 0     1.4 0   -56.2 0   -54.8 0     1.6 0    37.3 0     2.3 0     1.2 0   830.7 0
 2019  10  1 10 14 12 14.200  92.75     0.9 0    -0.7 0     0.2 0     1.8 0   239.4 0   276.44 0   276.21 0   294.3 0   277.13 0   277.08 0     0.0 0     0.7 0     1.8 0   -54.8 0   -53.0 0     2.2 0    37.4 0     2.1 0     1.3 0   830.7 0
 2019  10  1 10 14 13 14.217  92.58     0.5 0    -0.7 0     0.0 0     2.1 0   239.5 0   276.45 0   276.33 0   293.5 0   277.13 0   277.06 0     0.0 0     0.9 0     2.1 0   -54.0 0   -51.9 0     2.8 0    37.3 0     1.9 0     5.1 0   830.7 0
 2019  10  1 10 14 14 14.233  92.41     0.6 0    -0.3 0     0.3 0     2.6 0   239.5 0   276.50 0   276.38 0   292.8 0   277.10 0   277.03 0     0.0 0     1.0 0     2.6 0   -53.3 0   -50.7 0     3.1 0    37.2 0     1.8 0     6.1 0   830.7 0
 2019  10  1 10 14 15 14.250  92.24     1.3 0    -0.3 0     0.4 0     3.0 0   239.2 0   276.54 0   276.36 0   293.2 0   277.08 0   277.01 0     0.0 0     1.1 0     3.0 0   -54.0 0   -51.0 0     3.3 0    37.3 0     1.7 0   348.8 0   830.7 0
 2019  10  1 10 14 16 14.267  92.07     1.4 0    -0.3 0     0.4 0     3.3 0   239.2 0   276.57 0   276.30 0   295.1 0   277.06 0   277.00 0     0.0 0     1.3 0     3.3 0   -55.9 0   -52.5 0     3.0 0    37.4 0     1.9 0   330.5 0   830.8 0
 2019  10  1 10 14 17 14.283  91.90     1.9 0    -0.3 0     0.4 0     3.5 0   238.9 0   276.56 0   276.19 0   296.5 0   277.04 0   276.98 0     0.0 0     1.5 0     3.5 0   -57.6 0   -54.1 0     2.7 0    37.4 0     2.2 0   326.6 0   830.8 0
 2019  10  1 10 14 18 14.300  91.73     2.5 0    -0.3 0     1.1 0     4.1 0   238.9 0   276.51 0   276.10 0   297.5 0   277.03 0   276.98 0     0.0 0     1.7 0     4.1 0   -58.6 0   -54.5 0     2.2 0    37.4 0     2.6 0   332.9 0   830.8 0
 2019  10  1 10 14 19 14.317  91.56     2.8 0    -0.3 0     1.3 0     4.3 0   239.8 0   276.45 0   276.20 0   298.2 0   277.03 0   276.98 0     0.0 0     1.9 0     4.3 0   -58.4 0   -54.1 0     2.2 0    37.8 0     2.6 0   343.1 0   830.7 0
 2019  10  1 10 14 20 14.333  91.39     2.3 0    -0.5 0     2.1 0     4.4 0   240.1 0   276.46 0   276.35 0   298.2 0   277.03 0   276.98 0     0.0 0     2.0 0     4.4 0   -58.1 0   -53.7 0     2.6 0    38.0 0     2.6 0   355.6 0   830.7 0
 2019  10  1 10 14 21 14.350  91.22     2.3 0    -0.4 0     3.6 0     4.7 0   240.5 0   276.53 0   276.47 0   297.9 0   277.03 0   276.98 0     0.0 0     2.2 0     4.7 0   -57.3 0   -52.7 0     3.2 0    37.7 0     2.5 0   349.0 0   830.7 0
 2019  10  1 10 14 22 14.367  91.05     2.7 0     0.0 0    13.8 0     4.8 0   239.9 0   276.59 0   276.43 0   298.2 0   277.03 0   276.98 0     0.0 0     2.4 0     4.8 0   -58.3 0   -53.5 0     3.3 0    38.0 0     2.5 0   342.7 0   830.7 0
 2019  10  1 10 14 23 14.383  90.89     3.2 0     0.3 0    30.0 0     5.4 0   240.0 0   276.63 0   276.46 0   298.4 0   277.03 0   276.98 0     0.0 0     2.6 0     5.0 0   -58.4 0   -53.4 0     2.9 0    38.0 0     2.4 0   345.9 0   830.7 0
 2019  10  1 10 14 24 14.400  89.97     3.2 0     0.7 0    43.2 0     5.7 0   240.5 0   276.67 0   276.57 0   297.6 0   277.03 0   277.00 0     0.3 0     2.8 0     5.1 0   -57.1 0   -52.0 0     2.9 0    37.4 0     2.1 0   347.5 0   830.7 0
 2019  10  1 10 14 25 14.417  89.85     3.8 0     0.8 0    51.1 0     5.9 0   240.4 0   276.74 0   276.65 0   296.9 0   277.03 0   277.01 0     0.4 0     2.9 0     5.2 0   -56.4 0   -51.2 0     3.2 0    37.1 0     2.1 0   347.4 0   830.7 0
 2019  10  1 10 14 26 14.433  89.73     4.2 0     1.1 0    59.3 0     6.5 0   239.9 0   276.81 0   276.67 0   297.3 0   277.03 0   277.03 0     0.4 0     3.1 0     5.7 0   -57.4 0   -51.7 0     3.4 0    37.0 0     2.5 0   347.8 0   830.7 0
 2019  10  1 10 14 27 14.450  89.61     4.9 0     1.6 0    93.6 0     7.2 0   240.2 0   276.87 0   276.73 0   299.0 0   277.05 0   277.06 0     0.4 0     3.5 0     6.2 0   -58.8 0   -52.6 0     3.5 0    36.6 0     2.7 0   347.0 0   830.7 0
 2019  10  1 10 14 28 14.467  89.48     5.5 0     2.7 0   159.8 0     8.0 0   240.8 0   276.94 0   276.81 0   300.0 0   277.07 0   277.10 0     0.5 0     3.8 0     6.7 0   -59.2 0   -52.5 0     3.6 0    36.3 0     2.6 0   340.9 0   830.7 0
 2019  10  1 10 14 29 14.483  89.34     6.6 0     3.8 0   215.5 0     8.6 0   240.8 0   277.01 0   276.83 0   300.5 0   277.09 0   277.15 0     0.5 0     4.1 0     7.3 0   -59.7 0   -52.5 0     3.6 0    36.3 0     2.5 0   327.6 0   830.7 0
 2019  10  1 10 14 30 14.500  89.21     7.3 0     4.4 0   240.5 0     9.1 0   241.1 0   277.06 0   276.82 0   301.0 0   277.11 0   277.18 0     0.5 0 -9999.9 1     8.1 0   -59.8 0   -51.8 0     3.5 0    36.0 0     2.3 0   318.3 0   830.7 0
 2019  10  1 10 14 31 14.517  89.07     7.8 0     4.9 0   267.4 0     9.7 0   241.6 0   277.10 0   276.89 0   301.5 0   277.13 0   277.22 0     0.6 0 -9999.9 1     9.2 0   -59.9 0   -50.7 0     3.3 0    35.1 0     2.2 0   307.4 0   830.7 0
 2019  10  1 10 14 32 14.533  88.93     8.2 0     5.1 0   282.3 0    10.4 0   241.7 0   277.15 0   276.99 0   302.2 0   277.16 0   277.26 0     0.6 0 -9999.9 1    10.6 0   -60.5 0   -50.0 0     3.4 0    34.0 0     2.1 0   297.4 0   830.7 0
 2019  10  1 10 14 33 14.550  88.79     8.4 0     5.2 0   290.2 0    11.1 0   242.2 0   277.23 0   277.15 0   302.0 0   277.18 0   277.29 0     0.7 0 -9999.9 1    12.0 0   -59.8 0   -47.8 0     3.6 0    33.3 0     1.7 0   293.7 0   830.7 0
 2019  10  1 10 14 34 14.567  88.65     9.1 0     5.4 0   297.9 0    11.9 0   242.5 0   277.35 0   277.32 0   300.9 0   277.21 0   277.31 0     0.7 0 -9999.9 1    13.5 0   -58.4 0   -44.9 0     4.0 0    33.0 0     1.3 0   298.8 0   830.7 0
 2019  10  1 10 14 35 14.583  88.50     9.3 0     6.0 0   310.8 0    12.7 0   242.5 0   277.48 0   277.45 0   300.0 0   277.23 0   277.33 0     0.7 0 -9999.9 1    14.8 0   -57.5 0   -42.7 0     4.3 0    32.6 0     1.0 0   299.9 0   830.7 0
 2019  10  1 10 14 36 14.600  88.36    10.0 0     6.7 0   327.5 0    13.4 0   242.8 0   277.63 0   277.63 0   299.8 0   277.26 0   277.35 0     0.8 0 -9999.9 1    16.1 0   -56.9 0   -40.8 0     4.6 0    32.3 0     0.7 0   300.8 0   830.7 0
 2019  10  1 10 14 37 14.617  88.21    10.0 0     7.0 0   326.6 0    14.0 0   242.9 0   277.79 0   277.78 0   299.8 0   277.27 0   277.36 0     0.9 0 -9999.9 1    17.3 0   -56.9 0   -39.6 0     5.0 0    32.0 0     0.5 0   323.4 0   830.7 0
 2019  10  1 10 14 38 14.633  88.06    10.0 0     5.9 0   263.1 0    14.5 0   242.9 0   277.94 0   277.90 0   299.5 0   277.27 0   277.37 0     0.8 0 -9999.9 1    17.5 0   -56.5 0   -39.0 0     5.2 0    31.8 0     0.6 0   339.9 0   830.7 0
 2019  10  1 10 14 39 14.650  87.91    10.3 0     4.3 0   154.2 0    14.8 0   242.4 0   278.07 0   277.89 0   300.4 0   277.29 0   277.34 0     0.9 0     7.6 0    16.2 0   -57.9 0   -41.8 0     5.2 0    31.6 0     0.8 0   338.0 0   830.7 0
 2019  10  1 10 14 40 14.667  87.76    11.5 0     3.8 0   127.3 0    15.5 0   241.7 0   278.13 0   277.79 0   300.5 0   277.29 0   277.35 0     0.9 0     7.9 0    16.6 0   -58.8 0   -42.2 0     4.9 0    31.6 0     1.1 0   334.0 0   830.7 0
 2019  10  1 10 14 41 14.683  87.61    13.3 0     4.1 0   129.3 0    16.2 0   241.5 0   278.11 0   277.58 0   300.8 0   277.32 0   277.36 0     1.0 0     8.4 0    17.5 0   -59.3 0   -41.7 0     4.1 0    31.7 0     1.5 0   325.1 0   830.7 0
 2019  10  1 10 14 42 14.700  87.46    14.8 0     4.4 0   137.8 0    17.0 0   241.3 0   278.02 0   277.50 0   302.0 0   277.33 0   277.37 0     1.0 0     8.9 0    18.8 0   -60.8 0   -42.0 0     3.3 0    32.1 0     2.1 0   309.5 0   830.8 0
 2019  10  1 10 14 43 14.717  87.31    15.8 0     4.5 0   138.3 0    17.7 0   241.0 0   277.93 0   277.44 0   304.2 0   277.36 0   277.39 0     1.1 0     9.4 0    19.6 0   -63.2 0   -43.6 0     2.8 0    32.8 0     3.1 0   303.0 0   830.8 0
 2019  10  1 10 14 44 14.733  87.16    16.8 0     4.7 0   138.9 0    18.5 0   241.1 0   277.84 0   277.35 0   305.9 0   277.38 0   277.43 0     1.2 0     9.9 0    20.6 0   -64.7 0   -44.1 0     2.5 0    33.0 0     3.2 0   305.2 0   830.8 0
 2019  10  1 10 14 45 14.750  87.00    17.8 0     5.2 0   158.5 0    19.2 0   242.1 0   277.76 0   277.37 0   306.5 0   277.42 0   277.47 0     1.2 0    10.6 0    22.3 0   -64.4 0   -42.1 0     2.6 0    32.6 0     2.7 0   305.0 0   830.7 0
 2019  10  1 10 14 46 14.767  86.85    18.3 0     5.2 0   153.1 0    20.0 0   242.9 0   277.73 0   277.48 0   305.9 0   277.46 0   277.51 0     1.3 0    11.0 0    23.2 0   -62.9 0   -39.8 0     2.9 0    32.5 0     1.9 0   303.7 0   830.7 0
 2019  10  1 10 14 47 14.783  86.70    20.0 0     6.2 0   174.7 0    20.8 0   243.4 0   277.74 0   277.54 0   305.0 0   277.49 0   277.53 0     1.4 0    11.8 0    24.7 0   -61.7 0   -37.0 0     3.3 0    32.1 0     1.6 0   307.7 0   830.7 0
 2019  10  1 10 14 48 14.800  86.54    22.2 0     7.6 0   214.6 0    21.6 0   242.6 0   277.77 0   277.58 0   304.7 0   277.52 0   277.56 0     1.4 0    12.8 0    26.9 0   -62.1 0   -35.1 0     3.6 0    32.3 0     1.9 0   305.9 0   830.7 0
 2019  10  1 10 14 49 14.817  86.39    24.7 0     8.3 0   219.5 0    22.4 0   242.1 0   277.80 0   277.51 0   305.1 0   277.53 0   277.56 0     1.5 0    13.4 0    28.0 0   -63.0 0   -35.0 0     3.6 0    32.9 0     1.7 0   299.7 0   830.7 0
 2019  10  1 10 14 50 14.833  86.23    26.7 0     8.4 0   214.9 0    23.1 0   242.0 0   277.82 0   277.55 0   305.2 0   277.55 0   277.58 0     1.6 0    13.9 0    28.8 0   -63.2 0   -34.4 0     3.5 0    33.3 0     1.7 0   299.3 0   830.7 0
 2019  10  1 10 14 51 14.850  86.08    28.0 0     8.1 0   196.0 0    23.7 0   241.6 0   277.82 0   277.50 0   305.4 0   277.56 0   277.58 0     1.7 0    14.1 0    29.0 0   -63.9 0   -34.9 0     3.4 0    33.7 0     2.2 0   314.5 0   830.8 0
 2019  10  1 10 14 52 14.867  85.93    29.1 0     7.7 0   173.4 0    24.4 0   241.2 0   277.80 0   277.37 0   305.9 0   277.56 0   277.60 0     1.7 0    14.2 0    29.0 0   -64.8 0   -35.8 0     3.2 0    34.1 0     2.8 0   324.8 0   830.8 0
 2019  10  1 10 14 53 14.883  85.77    30.4 0     7.7 0   165.7 0    25.0 0   241.2 0   277.74 0   277.29 0   306.8 0   277.57 0   277.61 0     1.8 0    14.6 0    29.5 0   -65.6 0   -36.1 0     3.0 0    34.2 0     2.7 0   324.1 0   830.8 0
 2019  10  1 10 14 54 14.900  85.62    33.2 0     8.2 0   186.0 0    25.6 0   241.5 0   277.67 0   277.20 0   307.5 0   277.59 0   277.65 0     1.9 0    15.5 0    31.6 0   -66.0 0   -34.5 0     2.8 0    33.8 0     2.5 0   322.6 0   830.8 0
 2019  10  1 10 14 55 14.917  85.46    35.1 0     8.6 0   193.4 0    26.1 0   241.4 0   277.59 0   277.13 0   307.8 0   277.63 0   277.70 0     2.0 0    16.2 0    32.8 0   -66.4 0   -33.6 0     2.7 0    33.2 0     2.7 0   323.4 0   830.8 0
 2019  10  1 10 14 56 14.933  85.31    37.3 0     9.1 0   202.0 0    26.8 0   241.0 0   277.51 0   277.02 0   307.8 0   277.67 0   277.74 0     2.0 0    16.9 0    34.1 0   -66.8 0   -32.7 0     2.5 0    33.0 0     3.0 0   328.5 0   830.8 0
 2019  10  1 10 14 57 14.950  85.16    38.7 0     9.3 0   197.2 0    27.6 0   241.2 0   277.42 0   276.88 0   308.0 0   277.71 0   277.78 0     2.1 0    17.4 0    34.9 0   -66.8 0   -31.9 0     2.3 0    32.9 0     2.8 0   326.5 0   830.8 0
 2019  10  1 10 14 58 14.967  85.00    39.9 0     9.4 0   191.3 0    28.4 0   241.7 0   277.31 0   276.83 0   308.7 0   277.75 0   277.80 0     2.2 0    17.9 0    35.7 0   -67.0 0   -31.3 0     2.1 0    32.8 0     2.5 0   320.8 0   830.8 0
 2019  10  1 10 14 59 14.983  84.85    41.7 0     9.9 0   196.5 0    29.5 0   242.2 0   277.24 0   276.87 0   309.2 0   277.79 0   277.85 0     2.3 0    18.6 0    37.2 0   -67.0 0   -29.8 0     2.2 0    32.5 0     2.2 0   325.8 0   830.8 0
 2019  10  1 10 15  0 15.000  84.69    42.7 0    10.1 0   187.1 0    30.7 0   241.5 0   277.19 0   276.78 0   308.8 0   277.82 0   277.87 0     2.4 0    18.9 0    37.9 0   -67.3 0   -29.4 0     2.3 0    32.4 0     2.3 0   333.5 0   830.9 0
 2019  10  1 10 15  1 15.017  84.54    44.5 0    10.6 0   180.9 0    32.3 0   240.9 0   277.13 0   276.65 0   308.2 0   277.85 0   277.87 0     2.5 0    19.7 0    38.9 0   -67.3 0   -28.4 0     2.2 0    32.7 0     2.7 0   340.8 0   830.9 0
 2019  10  1 10 15  2 15.033  84.39    47.0 0    11.3 0   180.7 0    34.1 0   241.4 0   277.04 0   276.58 0   308.2 0   277.85 0   277.85 0     2.6 0    20.8 0    40.4 0   -66.8 0   -26.3 0     2.0 0    33.5 0     2.7 0   336.8 0   830.9 0
 2019  10  1 10 15  3 15.050  84.23    49.6 0    11.9 0   182.6 0    36.1 0   241.9 0   276.96 0   276.56 0   308.6 0   277.85 0   277.86 0     2.7 0    22.0 0    42.6 0   -66.8 0   -24.2 0     2.0 0    33.9 0     2.8 0   333.9 0   830.9 0
 2019  10  1 10 15  4 15.067  84.08    51.2 0    11.9 0   174.1 0    38.2 0   242.9 0   276.91 0   276.61 0   309.5 0   277.86 0   277.88 0     2.8 0    22.8 0    44.3 0   -66.6 0   -22.3 0     2.1 0    33.9 0     2.5 0   336.9 0   830.9 0
 2019  10  1 10 15  5 15.083  83.93    52.8 0    11.9 0   164.5 0    40.5 0   244.0 0   276.90 0   276.68 0   310.3 0   277.88 0   277.91 0     2.9 0    23.6 0    46.0 0   -66.3 0   -20.3 0     2.4 0    33.5 0     1.8 0   339.0 0   830.9 0
 2019  10  1 10 15  6 15.100  83.78    56.3 0    12.9 0   175.0 0    42.7 0   244.2 0   276.92 0   276.74 0   310.7 0   277.91 0   277.94 0     3.0 0    25.0 0    48.8 0   -66.5 0   -17.7 0     2.7 0    33.0 0     1.7 0   338.7 0   830.9 0
 2019  10  1 10 15  7 15.117  83.62    61.9 0    14.5 0   208.3 0    44.8 0   244.4 0   276.95 0   276.78 0   311.7 0   277.94 0   277.99 0     3.1 0    27.2 0    53.4 0   -67.3 0   -13.9 0     3.0 0    32.5 0     1.6 0   334.9 0   830.9 0
 2019  10  1 10 15  8 15.133  83.47    64.7 0    15.3 0   216.3 0    46.5 0   244.6 0   276.99 0   276.81 0   312.7 0   277.97 0   278.02 0     3.2 0    28.3 0    55.7 0   -68.1 0   -12.4 0     3.1 0    32.0 0     1.5 0   328.2 0   830.9 0
 2019  10  1 10 15  9 15.150  83.32    65.7 0    15.5 0   208.6 0    47.9 0   245.2 0   277.03 0   276.92 0   313.7 0   278.00 0   278.05 0     3.3 0    28.7 0    56.7 0   -68.5 0   -11.8 0     3.2 0    31.6 0     1.4 0   316.0 0   831.0 0
 2019  10  1 10 15 10 15.167  83.17    65.6 0    15.3 0   194.7 0    49.2 0   245.4 0   277.11 0   277.03 0   314.4 0   278.04 0   278.08 0     3.4 0    28.9 0    57.0 0   -69.0 0   -11.9 0     3.4 0    31.3 0     1.4 0   304.4 0   831.0 0
 2019  10  1 10 15 11 15.183  83.02    65.0 0    14.7 0   173.8 0    50.5 0   245.9 0   277.19 0   277.09 0   315.2 0   278.07 0   278.10 0     3.5 0    28.8 0    57.0 0   -69.4 0   -12.4 0     3.5 0    31.0 0     1.5 0   294.9 0   831.0 0
 2019  10  1 10 15 12 15.200  82.86    64.2 0    14.1 0   148.0 0    52.2 0   246.9 0   277.26 0   277.24 0   315.5 0   278.10 0   278.14 0     3.7 0    28.5 0    56.5 0   -68.6 0   -12.1 0     3.6 0    30.8 0     1.3 0   295.3 0   831.0 0
 2019  10  1 10 15 13 15.217  82.71    65.3 0    14.2 0   137.3 0    54.3 0   247.7 0   277.37 0   277.47 0   315.6 0   278.14 0   278.16 0     3.8 0    29.1 0    57.5 0   -68.0 0   -10.4 0     3.9 0    30.5 0     0.6 0   300.2 0   831.0 0
 2019  10  1 10 15 14 15.233  82.56    67.6 0    14.7 0   136.6 0    56.6 0   248.2 0   277.53 0   277.68 0   315.4 0   278.17 0   278.20 0     3.9 0    30.1 0    59.6 0   -67.2 0    -7.6 0     4.4 0    30.3 0     1.0 0   332.6 0   831.0 0
 2019  10  1 10 15 15 15.250  82.41    70.4 0    15.3 0   139.6 0    59.0 0   247.9 0   277.70 0   277.83 0   315.5 0   278.20 0   278.24 0     4.0 0    31.2 0    62.2 0   -67.6 0    -5.4 0     4.8 0    30.2 0     2.2 0     7.3 0   831.1 0
 2019  10  1 10 15 16 15.267  82.26    72.1 0    15.4 0   134.6 0    61.1 0   248.0 0   277.86 0   277.95 0   315.7 0   278.24 0   278.31 0     4.2 0    32.0 0    63.9 0   -67.8 0    -3.9 0     5.1 0    30.7 0     2.7 0    18.8 0   831.1 0
 2019  10  1 10 15 17 15.283  82.11    72.3 0    15.2 0   117.1 0    63.1 0   247.5 0   277.99 0   277.96 0   315.8 0   278.28 0   278.33 0     4.3 0    32.0 0    64.0 0   -68.4 0    -4.4 0     5.0 0    31.4 0     2.9 0    18.4 0   831.1 0
 2019  10  1 10 15 18 15.300  81.96    72.7 0    15.3 0   104.3 0    65.0 0   248.9 0   278.10 0   278.11 0   316.6 0   278.31 0   278.36 0     4.4 0    32.2 0    64.3 0   -67.7 0    -3.4 0     4.9 0    31.9 0     2.3 0     9.8 0   831.1 0
 2019  10  1 10 15 19 15.317  81.81    72.7 0    15.0 0    90.4 0    66.6 0   248.6 0   278.21 0   278.18 0   317.2 0   278.35 0   278.41 0     4.5 0    32.3 0    64.5 0   -68.7 0    -4.2 0     5.1 0    31.7 0     2.0 0     5.3 0   831.1 0
 2019  10  1 10 15 20 15.333  81.66    73.0 0    15.1 0    77.1 0    68.3 0   248.6 0   278.30 0   278.24 0   317.1 0   278.38 0   278.42 0     4.6 0    32.4 0    64.4 0   -68.4 0    -4.1 0     5.0 0    32.1 0     1.9 0    15.5 0   831.2 0
 2019  10  1 10 15 21 15.350  81.51    74.3 0    15.5 0    74.0 0    69.7 0   248.4 0   278.38 0   278.31 0   317.0 0   278.41 0   278.43 0     4.8 0    32.9 0    65.1 0   -68.6 0    -3.5 0     5.0 0    32.3 0     2.0 0     9.2 0   831.2 0
 2019  10  1 10 15 22 15.367  81.37    76.3 0    16.0 0    77.4 0    71.0 0   248.5 0   278.45 0   278.33 0   317.7 0   278.43 0   278.43 0     4.9 0    33.7 0    66.6 0   -69.1 0    -2.5 0     4.9 0    32.8 0     2.1 0    21.4 0   831.3 0
 2019  10  1 10 15 23 15.383  81.22    77.8 0    16.3 0    78.0 0    72.2 0   248.8 0   278.50 0   278.34 0   318.1 0   278.43 0   278.43 0     5.0 0    34.3 0    67.7 0   -69.3 0    -1.5 0     4.8 0    33.0 0     2.2 0    28.2 0   831.3 0
 2019  10  1 10 15 24 15.400  81.07    76.7 0    15.8 0    61.1 0    73.4 0   249.4 0   278.53 0   278.37 0   318.0 0   278.43 0   278.45 0     5.1 0    33.9 0    67.0 0   -68.6 0    -1.6 0     4.7 0    33.1 0     2.1 0    31.1 0   831.3 0
 2019  10  1 10 15 25 15.417  80.92    76.4 0    15.4 0    46.2 0    74.5 0   249.8 0   278.56 0   278.44 0   319.1 0   278.45 0   278.45 0     5.3 0    33.7 0    66.4 0   -69.3 0    -3.0 0     4.7 0    33.1 0     1.9 0    25.0 0   831.3 0
 2019  10  1 10 15 26 15.433  80.78    77.0 0    15.4 0    42.1 0    75.6 0   250.2 0   278.61 0   278.50 0   319.6 0   278.45 0   278.47 0     5.4 0    34.0 0    67.0 0   -69.4 0    -2.4 0     4.8 0    33.0 0     1.7 0    21.8 0   831.4 0
 2019  10  1 10 15 27 15.450  80.63    76.7 0    15.2 0    33.9 0    76.6 0   250.6 0   278.66 0   278.53 0   320.0 0   278.46 0   278.48 0     5.5 0    33.9 0    67.0 0   -69.4 0    -2.4 0     4.9 0    32.9 0     1.7 0    14.8 0   831.4 0
 2019  10  1 10 15 28 15.467  80.48    76.5 0    14.9 0    27.1 0    77.4 0   251.1 0   278.70 0   278.56 0   320.3 0   278.48 0   278.49 0     5.6 0    33.9 0    66.9 0   -69.3 0    -2.3 0     4.9 0    32.8 0     1.6 0     6.6 0   831.4 0
 2019  10  1 10 15 29 15.483  80.34    81.7 0    16.3 0    56.1 0    78.1 0   251.6 0   278.73 0   278.63 0   320.7 0   278.49 0   278.52 0     5.7 0    36.3 0    71.2 0   -69.1 0     2.2 0     4.9 0    32.5 0     1.5 0   355.0 0   831.4 0
 2019  10  1 10 15 30 15.500  80.19    84.7 0    16.9 0    68.7 0    78.8 0   251.7 0   278.78 0   278.65 0   321.8 0   278.52 0   278.55 0     5.9 0    37.4 0    73.6 0   -70.1 0     3.4 0     5.0 0    32.0 0     1.7 0   347.0 0   831.4 0
 2019  10  1 10 15 31 15.517  80.05    83.3 0    16.7 0    51.7 0    79.8 0   251.4 0   278.82 0   278.65 0   322.0 0   278.54 0   278.57 0     6.0 0    36.7 0    72.0 0   -70.6 0     1.5 0     4.9 0    31.9 0     1.7 0   344.6 0   831.4 0
 2019  10  1 10 15 32 15.533  79.90    85.0 0    17.1 0    52.2 0    81.1 0   251.4 0   278.82 0   278.57 0   322.1 0   278.57 0   278.59 0     6.1 0    37.4 0    73.2 0   -70.7 0     2.5 0     4.7 0    31.9 0     1.7 0   347.0 0   831.4 0
 2019  10  1 10 15 33 15.550  79.76    85.7 0    17.1 0    47.1 0    82.4 0   251.7 0   278.81 0   278.54 0   322.4 0   278.59 0   278.62 0     6.3 0    37.6 0    73.6 0   -70.7 0     2.9 0     4.5 0    31.9 0     1.8 0   344.6 0   831.4 0
 2019  10  1 10 15 34 15.567  79.61    87.5 0    17.6 0    50.6 0    83.6 0   252.1 0   278.78 0   278.53 0   323.1 0   278.62 0   278.64 0     6.4 0    38.4 0    75.1 0   -71.0 0     4.0 0     4.3 0    31.7 0     1.6 0   340.1 0   831.5 0
 2019  10  1 10 15 35 15.583  79.47    88.8 0    17.8 0    50.2 0    84.9 0   252.5 0   278.76 0   278.55 0   323.4 0   278.64 0   278.68 0     6.6 0    39.0 0    76.2 0   -70.9 0     5.3 0     4.3 0    31.1 0     1.5 0   337.7 0   831.5 0
 2019  10  1 10 15 36 15.600  79.32    89.5 0    17.7 0    43.4 0    86.5 0   252.7 0   278.75 0   278.56 0   323.6 0   278.68 0   278.71 0     6.8 0    39.3 0    76.9 0   -70.9 0     6.0 0     4.4 0    31.1 0     1.5 0   337.6 0   831.5 0
 2019  10  1 10 15 37 15.617  79.18    90.5 0    17.9 0    38.0 0    88.4 0   251.7 0   278.75 0   278.52 0   323.5 0   278.71 0   278.73 0     6.9 0    39.9 0    77.7 0   -71.8 0     5.9 0     4.4 0    31.4 0     2.1 0   343.4 0   831.6 0
 2019  10  1 10 15 38 15.633  79.04    92.7 0    18.5 0    38.0 0    90.4 0   251.8 0   278.73 0   278.48 0   323.6 0   278.73 0   278.73 0     7.1 0    40.8 0    79.1 0   -71.8 0     7.3 0     4.2 0    32.1 0     2.4 0   346.5 0   831.6 0
 2019  10  1 10 15 39 15.650  78.89    95.0 0    18.8 0    37.1 0    92.6 0   252.9 0   278.71 0   278.48 0   324.4 0   278.73 0   278.75 0     7.3 0    41.7 0    81.0 0   -71.5 0     9.5 0     4.1 0    32.5 0     2.2 0     8.2 0   831.6 0
 2019  10  1 10 15 40 15.667  78.75    97.9 0    19.2 0    37.6 0    95.1 0   253.6 0   278.68 0   278.53 0   325.3 0   278.75 0   278.80 0     7.5 0    42.8 0    83.2 0   -71.7 0    11.5 0     4.2 0    32.2 0     2.0 0   358.3 0   831.6 0
 2019  10  1 10 15 41 15.683  78.61   100.6 0    19.7 0    39.2 0    97.4 0   254.1 0   278.69 0   278.57 0   325.7 0   278.79 0   278.84 0     7.7 0    44.0 0    85.5 0   -71.5 0    14.0 0     4.3 0    31.7 0     2.2 0     1.5 0   831.6 0
 2019  10  1 10 15 42 15.700  78.47   102.4 0    20.0 0    35.1 0    99.9 0   255.0 0   278.72 0   278.62 0   326.4 0   278.82 0   278.86 0     7.9 0    44.8 0    86.9 0   -71.3 0    15.5 0     4.5 0    31.8 0     2.2 0    10.5 0   831.6 0
 2019  10  1 10 15 43 15.717  78.33   104.7 0    20.6 0    32.2 0   102.5 0   255.3 0   278.75 0   278.67 0   327.0 0   278.85 0   278.89 0     8.1 0    45.7 0    88.5 0   -71.6 0    16.8 0     4.7 0    31.8 0     2.3 0   354.1 0   831.6 0
 2019  10  1 10 15 44 15.733  78.19   108.7 0    21.6 0    37.9 0   105.5 0   255.5 0   278.78 0   278.65 0   327.2 0   278.88 0   278.92 0     8.3 0    47.4 0    91.7 0   -71.7 0    19.9 0     4.7 0    32.0 0     3.1 0   360.0 0   831.6 0
 2019  10  1 10 15 45 15.750  78.05   113.1 0    22.9 0    45.1 0   108.5 0   255.9 0   278.80 0   278.65 0   327.8 0   278.90 0   278.91 0     8.5 0    49.3 0    94.9 0   -71.9 0    23.0 0     4.6 0    32.6 0     3.3 0   348.6 0   831.7 0
 2019  10  1 10 15 46 15.767  77.91   117.1 0    23.8 0    51.1 0   111.5 0   257.2 0   278.81 0   278.66 0   328.7 0   278.90 0   278.92 0     8.7 0    51.2 0    98.4 0   -71.5 0    26.9 0     4.5 0    33.0 0     3.3 0   344.2 0   831.7 0
 2019  10  1 10 15 47 15.783  77.77   121.5 0    24.4 0    58.8 0   114.5 0   258.7 0   278.82 0   278.68 0   330.1 0   278.92 0   278.95 0     9.0 0    53.1 0   102.5 0   -71.4 0    31.1 0     4.4 0    33.1 0     3.0 0   348.6 0   831.6 0
 2019  10  1 10 15 48 15.800  77.63   125.1 0    24.9 0    60.8 0   117.6 0   259.7 0   278.83 0   278.72 0   330.9 0   278.93 0   278.98 0     9.2 0    54.5 0   105.7 0   -71.2 0    34.5 0     4.5 0    32.8 0     3.0 0   346.1 0   831.7 0
 2019  10  1 10 15 49 15.817  77.49   122.5 0    24.2 0    34.3 0   120.4 0   260.5 0   278.86 0   278.76 0   331.4 0   278.96 0   279.01 0     9.4 0    53.4 0   103.7 0   -70.9 0    32.8 0     4.6 0    32.6 0     3.0 0   342.0 0   831.7 0
 2019  10  1 10 15 50 15.833  77.35   125.7 0    24.7 0    36.7 0   122.9 0   261.0 0   278.88 0   278.78 0   332.1 0   278.99 0   279.03 0     9.6 0    54.8 0   106.2 0   -71.1 0    35.1 0     4.6 0    32.5 0     3.1 0   340.3 0   831.7 0
 2019  10  1 10 15 51 15.850  77.21   128.1 0    25.2 0    39.5 0   124.8 0   261.5 0   278.91 0   278.83 0   332.9 0   279.02 0   279.07 0     9.7 0    55.9 0   108.3 0   -71.4 0    36.9 0     4.6 0    32.5 0     3.1 0   338.7 0   831.7 0
 2019  10  1 10 15 52 15.867  77.08   126.0 0    24.6 0    22.6 0   126.2 0   261.8 0   278.94 0   278.88 0   333.5 0   279.05 0   279.11 0     9.9 0    55.0 0   106.6 0   -71.7 0    34.9 0     4.7 0    32.4 0     3.1 0   339.8 0   831.7 0
 2019  10  1 10 15 53 15.883  76.94   128.6 0    25.3 0    28.2 0   127.5 0   262.0 0   278.97 0   278.94 0   334.0 0   279.08 0   279.13 0    10.1 0    56.2 0   108.6 0   -72.1 0    36.5 0     4.9 0    32.3 0     3.1 0   338.2 0   831.8 0
 2019  10  1 10 15 54 15.900  76.80   129.1 0    25.5 0    25.9 0   128.3 0   261.8 0   279.02 0   278.99 0   334.2 0   279.11 0   279.14 0    10.2 0    56.3 0   108.8 0   -72.4 0    36.4 0     5.0 0    33.1 0     3.0 0   334.6 0   831.8 0
 2019  10  1 10 15 55 15.917  76.67   129.4 0    25.5 0    23.7 0   129.3 0   262.0 0   279.07 0   279.03 0   334.8 0   279.12 0   279.17 0    10.4 0    56.4 0   109.3 0   -72.8 0    36.4 0     5.0 0    32.7 0     3.0 0   344.9 0   831.8 0
 2019  10  1 10 15 56 15.933  76.53   130.6 0    25.5 0    25.2 0   130.3 0   262.5 0   279.11 0   279.09 0   335.7 0   279.16 0   279.23 0    10.5 0    57.0 0   110.7 0   -73.2 0    37.5 0     5.1 0    32.0 0     3.2 0   354.2 0   831.8 0
 2019  10  1 10 15 57 15.950  76.40   132.9 0    25.8 0    30.6 0   131.3 0   263.1 0   279.16 0   279.16 0   336.3 0   279.21 0   279.29 0    10.7 0    58.0 0   112.7 0   -73.2 0    39.5 0     5.2 0    31.4 0     3.2 0     0.3 0   831.8 0
 2019  10  1 10 15 58 15.967  76.26   133.1 0    25.9 0    23.1 0   133.1 0   263.2 0   279.22 0   279.23 0   336.7 0   279.26 0   279.35 0    10.9 0    58.0 0   112.8 0   -73.5 0    39.3 0     5.3 0    31.1 0     3.3 0     1.2 0   831.9 0
 2019  10  1 10 15 59 15.983  76.13   136.2 0    26.6 0    23.5 0   135.9 0   263.7 0   279.29 0   279.30 0   337.2 0   279.32 0   279.41 0    11.1 0    59.2 0   114.8 0   -73.5 0    41.3 0     5.4 0    30.8 0     3.4 0     1.9 0   831.9 0
 2019  10  1 10 16  0 16.000  75.99   142.9 0    28.3 0    40.2 0   138.6 0   264.2 0   279.35 0   279.38 0   338.0 0   279.38 0   279.46 0    11.3 0    62.1 0   120.1 0   -73.9 0    46.2 0     5.5 0    30.8 0     3.6 0   352.4 0   831.9 0
 2019  10  1 10 16  1 16.017  75.86   149.0 0    30.0 0    52.5 0   141.7 0   264.4 0   279.43 0   279.46 0   338.5 0   279.43 0   279.50 0    11.5 0    64.6 0   124.5 0   -74.1 0    50.3 0     5.6 0    31.8 0     3.7 0   347.3 0   831.9 0
 2019  10  1 10 16  2 16.033  75.73   157.8 0    32.8 0    75.8 0   144.8 0   264.8 0   279.50 0   279.54 0   339.6 0   279.46 0   279.51 0    11.8 0    68.3 0   130.7 0   -74.8 0    55.9 0     5.7 0    33.6 0     3.7 0   345.7 0   831.9 0
 2019  10  1 10 16  3 16.050  75.60   171.5 0    36.3 0   121.2 0   147.6 0   265.6 0   279.59 0   279.65 0   341.5 0   279.49 0   279.55 0    12.1 0    74.3 0   141.5 0   -75.9 0    65.7 0     5.8 0    33.7 0     3.7 0   348.0 0   831.9 0
 2019  10  1 10 16  4 16.067  75.46   196.2 0    42.6 0   215.8 0   150.2 0   266.1 0   279.68 0   279.76 0   343.8 0   279.52 0   279.61 0    12.5 0    84.5 0   161.9 0   -77.7 0    84.1 0     5.9 0    33.7 0     3.7 0   347.9 0   831.9 0
 2019  10  1 10 16  5 16.083  75.33   212.8 0    46.8 0   277.4 0   152.1 0   266.5 0   279.79 0   279.90 0   346.5 0   279.55 0   279.66 0    12.8 0    91.2 0   175.5 0   -80.0 0    95.5 0     6.2 0    33.7 0     3.2 0   349.4 0   831.9 0
 2019  10  1 10 16  6 16.100  75.20   216.7 0    47.7 0   286.8 0   153.2 0   266.5 0   279.92 0   280.05 0   348.4 0   279.60 0   279.73 0    13.1 0    93.0 0   178.8 0   -81.9 0    96.9 0     6.4 0    32.8 0     3.1 0   352.6 0   831.9 0
 2019  10  1 10 16  7 16.117  75.07   216.2 0    47.2 0   285.1 0   153.4 0   266.3 0   280.07 0   280.20 0   349.5 0   279.65 0   279.80 0    13.3 0    93.1 0   179.6 0   -83.2 0    96.4 0     6.6 0    33.0 0     2.9 0     0.1 0   831.9 0
 2019  10  1 10 16  8 16.133  74.94   213.3 0    45.9 0   274.7 0   153.0 0   265.9 0   280.21 0   280.32 0   350.2 0   279.71 0   279.85 0    13.5 0    91.9 0   178.4 0   -84.3 0    94.1 0     6.7 0    33.3 0     2.5 0     1.0 0   831.9 0
 2019  10  1 10 16  9 16.150  74.81   214.0 0    45.8 0   279.6 0   152.3 0   265.7 0   280.35 0   280.46 0   351.1 0   279.77 0   279.92 0    13.7 0    92.2 0   179.7 0   -85.4 0    94.3 0     6.9 0    33.6 0     2.5 0     0.0 0   831.8 0
 2019  10  1 10 16 10 16.167  74.68   203.6 0    42.8 0   239.0 0   151.5 0   265.2 0   280.49 0   280.60 0   351.0 0   279.84 0   279.98 0    13.9 0    88.0 0   171.9 0   -85.8 0    86.1 0     7.0 0    32.3 0     2.7 0     3.9 0   831.8 0
 2019  10  1 10 16 11 16.183  74.55   186.7 0    38.4 0   172.5 0   150.7 0   264.7 0   280.63 0   280.73 0   350.1 0   279.90 0   280.04 0    13.9 0    81.0 0   158.3 0   -85.4 0    72.9 0     7.1 0    33.2 0     2.5 0     0.5 0   831.8 0
 2019  10  1 10 16 12 16.200  74.42   171.3 0    34.7 0   114.0 0   149.8 0   264.4 0   280.76 0   280.84 0   348.7 0   279.97 0   280.09 0    14.0 0    74.8 0   145.6 0   -84.3 0    61.3 0     7.2 0    32.0 0     3.1 0     4.6 0   831.8 0
 2019  10  1 10 16 13 16.217  74.30   165.8 0    33.2 0    95.3 0   149.0 0   264.1 0   280.87 0   280.94 0   347.9 0   280.03 0   280.14 0    14.0 0    72.4 0   141.6 0   -83.8 0    57.8 0     7.2 0    31.7 0     3.0 0     2.7 0   831.8 0
 2019  10  1 10 16 14 16.233  74.17   157.1 0    31.1 0    61.6 0   148.4 0   263.6 0   280.98 0   281.04 0   347.2 0   280.09 0   280.20 0    14.1 0    68.7 0   134.1 0   -83.6 0    50.5 0     7.3 0    31.9 0     2.9 0     5.2 0   831.8 0
 2019  10  1 10 16 15 16.250  74.04   150.3 0    29.8 0    35.0 0   147.9 0   263.4 0   281.08 0   281.11 0   346.3 0   280.15 0   280.25 0    14.2 0    65.9 0   127.7 0   -82.9 0    44.8 0     7.3 0    31.8 0     2.9 0     2.4 0   831.8 0
 2019  10  1 10 16 16 16.267  73.92   149.6 0    29.7 0    32.5 0   147.6 0   263.1 0   281.17 0   281.18 0   346.1 0   280.20 0   280.29 0    14.3 0    65.5 0   126.9 0   -83.0 0    43.9 0     7.3 0    32.0 0     2.7 0     5.8 0   831.9 0
 2019  10  1 10 16 17 16.283  73.79   146.8 0    29.1 0    23.2 0   147.0 0   262.8 0   281.24 0   281.23 0   345.3 0   280.24 0   280.32 0    14.4 0    64.0 0   124.4 0   -82.5 0    41.8 0     7.3 0    30.5 0     3.2 0     7.3 0   831.9 0
 2019  10  1 10 16 18 16.300  73.67   147.4 0    29.6 0    27.1 0   146.4 0   262.4 0   281.30 0   281.28 0   345.3 0   280.28 0   280.35 0    14.5 0    64.4 0   124.5 0   -82.9 0    41.6 0     7.3 0    31.5 0     2.7 0    10.1 0   831.9 0
 2019  10  1 10 16 19 16.317  73.54   147.5 0    29.3 0    25.6 0   146.6 0   262.3 0   281.36 0   281.32 0   345.3 0   280.31 0   280.39 0    14.7 0    64.3 0   124.6 0   -83.0 0    41.6 0     7.3 0    31.9 0     2.7 0     8.1 0   831.9 0
 2019  10  1 10 16 20 16.333  73.42   147.2 0    29.3 0    20.0 0   147.7 0   262.3 0   281.41 0   281.36 0   345.1 0   280.35 0   280.41 0    14.8 0    64.2 0   124.0 0   -82.7 0    41.3 0     7.3 0    31.6 0     2.6 0    11.6 0   831.9 0
 2019  10  1 10 16 21 16.350  73.29   151.2 0    30.3 0    27.4 0   149.2 0   262.4 0   281.46 0   281.40 0   345.1 0   280.38 0   280.44 0    15.1 0    65.7 0   126.8 0   -82.7 0    44.1 0     7.3 0    31.1 0     2.6 0    10.1 0   831.9 0
 2019  10  1 10 16 22 16.367  73.17   155.5 0    31.4 0    35.8 0   151.2 0   262.6 0   281.50 0   281.41 0   345.6 0   280.41 0   280.46 0    15.3 0    67.4 0   130.1 0   -82.9 0    47.2 0     7.2 0    30.8 0     2.6 0    12.4 0   831.9 0
 2019  10  1 10 16 23 16.383  73.05   159.8 0    32.1 0    44.7 0   153.0 0   262.6 0   281.52 0   281.43 0   346.1 0   280.42 0   280.48 0    15.5 0    69.1 0   133.9 0   -83.5 0    50.4 0     7.2 0    31.9 0     2.1 0    12.7 0   832.0 0
 2019  10  1 10 16 24 16.400  72.93   167.6 0    34.2 0    66.2 0   154.6 0   262.7 0   281.55 0   281.46 0   346.5 0   280.44 0   280.51 0    15.8 0    72.4 0   139.8 0   -83.8 0    55.9 0     7.2 0    31.4 0     2.3 0    15.1 0   832.0 0
 2019  10  1 10 16 25 16.417  72.80   180.4 0    37.2 0   104.7 0   156.1 0   262.3 0   281.58 0   281.50 0   348.0 0   280.47 0   280.54 0    16.2 0    77.9 0   149.8 0   -85.7 0    64.2 0     7.2 0    31.0 0     2.4 0    19.5 0   832.0 0
 2019  10  1 10 16 26 16.433  72.68   207.7 0    43.8 0   196.4 0   157.7 0   262.1 0   281.62 0   281.53 0   349.7 0   280.49 0   280.58 0    16.6 0    89.4 0   172.3 0   -87.6 0    84.7 0     7.2 0    30.7 0     2.9 0    26.0 0   832.0 0
 2019  10  1 10 16 27 16.450  72.56   221.0 0    46.8 0   238.2 0   159.0 0   261.6 0   281.66 0   281.57 0   351.5 0   280.52 0   280.62 0    17.0 0    94.2 0   183.6 0   -89.8 0    93.7 0     7.3 0    30.4 0     3.0 0    25.8 0   832.0 0
 2019  10  1 10 16 28 16.467  72.44   241.6 0    51.5 0   305.6 0   160.1 0   261.4 0   281.70 0   281.60 0   353.5 0   280.56 0   280.67 0    17.5 0   102.6 0   200.8 0   -92.2 0   108.6 0     7.2 0    30.7 0     3.1 0    26.5 0   832.0 0
 2019  10  1 10 16 29 16.483  72.32   243.6 0    51.9 0   308.1 0   161.2 0   261.3 0   281.76 0   281.67 0   354.2 0   280.59 0   280.71 0    17.8 0   103.6 0   202.9 0   -92.9 0   110.0 0     7.3 0    30.4 0     3.2 0    26.2 0   832.0 0
 2019  10  1 10 16 30 16.500  72.20   255.3 0    54.8 0   341.2 0   162.7 0   261.2 0   281.81 0   281.72 0   355.3 0   280.63 0   280.76 0    18.3 0   108.5 0   212.2 0   -94.2 0   118.1 0     7.3 0    30.5 0     3.4 0    26.8 0   832.0 0
 2019  10  1 10 16 31 16.517  72.08   274.1 0    59.1 0   396.7 0   164.8 0   261.4 0   281.88 0   281.79 0   356.7 0   280.68 0   280.81 0    18.9 0   116.0 0   227.8 0   -95.3 0   132.5 0     7.3 0    29.8 0     3.6 0    28.7 0   831.9 0
 2019  10  1 10 16 32 16.533  71.97   270.2 0    57.6 0   374.7 0   167.0 0   261.4 0   281.94 0   281.86 0   358.1 0   280.72 0   280.87 0    19.4 0   114.5 0   225.4 0   -96.8 0   128.6 0     7.4 0    30.0 0     3.5 0    30.8 0   831.9 0
 2019  10  1 10 16 33 16.550  71.85   277.6 0    59.2 0   390.4 0   169.0 0   261.3 0   282.01 0   281.92 0   358.8 0   280.78 0   280.93 0    19.9 0   117.6 0   231.4 0   -97.5 0   134.0 0     7.4 0    30.1 0     3.7 0    27.5 0   832.0 0
 2019  10  1 10 16 34 16.567  71.73   294.4 0    63.1 0   439.9 0   170.6 0   261.4 0   282.08 0   282.01 0   360.1 0   280.83 0   280.98 0    20.5 0   124.6 0   245.5 0   -98.8 0   146.7 0     7.5 0    30.3 0     4.0 0    24.3 0   832.0 0
 2019  10  1 10 16 35 16.583  71.62   311.2 0    66.9 0   490.9 0   171.5 0   261.6 0   282.16 0   282.12 0   361.6 0   280.88 0   281.05 0    21.1 0   131.1 0   259.4 0  -100.0 0   159.4 0     7.7 0    30.2 0     4.2 0    19.6 0   832.0 0
 2019  10  1 10 16 36 16.600  71.50   311.8 0    66.7 0   489.9 0   171.5 0   261.3 0   282.26 0   282.22 0   363.6 0   280.95 0   281.12 0    21.5 0   131.4 0   260.2 0  -102.3 0   157.9 0     7.8 0    30.6 0     3.6 0    10.2 0   832.0 0
 2019  10  1 10 16 37 16.617  71.39   311.6 0    66.9 0   487.9 0   171.4 0   261.3 0   282.36 0   282.31 0   364.1 0   281.01 0   281.19 0    21.9 0   132.2 0   260.2 0  -102.8 0   157.4 0     7.9 0    30.4 0     3.5 0     9.9 0   832.0 0
 2019  10  1 10 16 38 16.633  71.27   346.4 0    75.4 0   602.7 0   170.5 0   260.6 0   282.46 0   282.41 0   365.2 0   281.07 0   281.23 0    22.6 0   145.3 0   288.6 0  -104.6 0   184.1 0     8.1 0    29.9 0     4.3 0    10.5 0   832.0 0
 2019  10  1 10 16 39 16.650  71.16   350.9 0    76.5 0   619.7 0   169.0 0   260.0 0   282.56 0   282.48 0   366.3 0   281.13 0   281.29 0    23.0 0   147.2 0   292.7 0  -106.3 0   186.3 0     8.1 0    30.1 0     4.4 0    16.5 0   832.0 0
 2019  10  1 10 16 40 16.667  71.04   353.4 0    77.1 0   632.1 0   166.9 0   259.8 0   282.66 0   282.57 0   367.6 0   281.18 0   281.35 0    23.4 0   148.4 0   295.1 0  -107.8 0   187.4 0     8.1 0    30.6 0     3.8 0     6.7 0   832.0 0
 2019  10  1 10 16 41 16.683  70.93   362.8 0    79.0 0   665.0 0   164.8 0   259.3 0   282.76 0   282.66 0   370.1 0   281.24 0   281.43 0    23.7 0   151.9 0   303.0 0  -110.8 0   192.2 0     8.1 0    30.4 0     3.5 0     9.5 0   832.0 0
 2019  10  1 10 16 42 16.700  70.82   354.7 0    77.0 0   641.7 0   162.6 0   259.0 0   282.86 0   282.75 0   369.5 0   281.30 0   281.49 0    23.9 0   148.7 0   296.4 0  -110.5 0   186.0 0     8.2 0    29.0 0     3.9 0    20.2 0   832.0 0
 2019  10  1 10 16 43 16.717  70.71   352.9 0    76.7 0   637.1 0   160.9 0   259.1 0   282.96 0   282.86 0   369.6 0   281.36 0   281.55 0    24.1 0   148.4 0   294.7 0  -110.5 0   184.2 0     8.4 0    28.7 0     4.0 0    17.9 0   832.0 0
 2019  10  1 10 16 44 16.733  70.59   351.5 0    76.1 0   631.4 0   159.4 0   258.8 0   283.07 0   283.00 0   370.3 0   281.43 0   281.62 0    24.2 0   147.5 0   293.2 0  -111.5 0   181.7 0     8.6 0    28.7 0     4.0 0    22.3 0   832.0 0
 2019  10  1 10 16 45 16.750  70.48   341.7 0    73.4 0   600.2 0   158.4 0   258.9 0   283.18 0   283.14 0   370.7 0   281.49 0   281.68 0    24.3 0   144.2 0   285.5 0  -111.8 0   173.8 0     8.8 0    28.9 0     3.8 0    21.2 0   831.9 0
 2019  10  1 10 16 46 16.767  70.37   326.5 0    69.7 0   550.1 0   157.6 0   258.6 0   283.30 0   283.23 0   370.5 0   281.57 0   281.76 0    24.4 0   138.1 0   272.7 0  -112.0 0   160.7 0     9.0 0    28.9 0     3.6 0    23.5 0   831.9 0
 2019  10  1 10 16 47 16.783  70.26   328.1 0    69.8 0   551.0 0   157.6 0   257.9 0   283.41 0   283.30 0   370.9 0   281.64 0   281.84 0    24.6 0   138.7 0   273.8 0  -113.0 0   160.8 0     9.0 0    28.2 0     3.8 0    13.4 0   831.9 0
 2019  10  1 10 16 48 16.800  70.16   311.0 0    65.4 0   493.2 0   158.1 0   258.2 0   283.50 0   283.36 0   369.1 0   281.71 0   281.88 0    24.6 0   132.2 0   260.1 0  -110.9 0   149.2 0     8.8 0    27.5 0     4.5 0    19.4 0   831.9 0
 2019  10  1 10 16 49 16.817  70.05   307.2 0    65.0 0   473.6 0   159.4 0   258.3 0   283.57 0   283.43 0   368.2 0   281.77 0   281.93 0    24.8 0   131.2 0   256.0 0  -110.0 0   146.0 0     8.8 0    27.7 0     3.9 0    12.2 0   831.9 0
 2019  10  1 10 16 50 16.833  69.94   323.2 0    68.2 0   510.7 0   161.5 0   258.4 0   283.65 0   283.53 0   370.9 0   281.83 0   282.02 0    25.2 0   136.5 0   268.5 0  -112.4 0   156.1 0     8.9 0    27.7 0     3.6 0    12.6 0   831.9 0
 2019  10  1 10 16 51 16.850  69.83   306.8 0    64.5 0   451.6 0   163.8 0   258.1 0   283.72 0   283.55 0   370.1 0   281.90 0   282.08 0    25.3 0   130.9 0   255.0 0  -111.9 0   143.0 0     8.9 0    28.2 0     3.7 0    20.6 0   831.9 0
 2019  10  1 10 16 52 16.867  69.73   317.2 0    66.8 0   473.5 0   165.9 0   258.5 0   283.78 0   283.61 0   369.6 0   281.97 0   282.13 0    25.6 0   134.4 0   263.2 0  -111.1 0   152.2 0     8.9 0    27.5 0     4.1 0    25.4 0   831.9 0
 2019  10  1 10 16 53 16.883  69.62   321.6 0    67.7 0   480.7 0   167.2 0   258.2 0   283.84 0   283.70 0   371.4 0   282.02 0   282.20 0    25.7 0   136.2 0   266.9 0  -113.2 0   153.6 0     9.0 0    28.4 0     3.5 0    26.7 0   831.9 0
 2019  10  1 10 16 54 16.900  69.52   327.3 0    69.0 0   491.8 0   168.2 0   258.0 0   283.90 0   283.73 0   372.4 0   282.08 0   282.27 0    25.9 0   138.6 0   271.3 0  -114.4 0   156.8 0     9.1 0    28.5 0     3.3 0    11.7 0   831.9 0
 2019  10  1 10 16 55 16.917  69.41   334.1 0    70.0 0   507.6 0   168.4 0   257.8 0   283.96 0   283.80 0   373.9 0   282.15 0   282.34 0    26.0 0   140.7 0   276.9 0  -116.1 0   160.7 0     9.1 0    28.3 0     3.1 0    14.5 0   831.9 0
 2019  10  1 10 16 56 16.933  69.31   306.3 0    64.0 0   424.5 0   167.8 0   257.7 0   284.01 0   283.83 0   370.9 0   282.22 0   282.37 0    25.8 0   130.3 0   253.7 0  -113.1 0   140.6 0     9.1 0    27.4 0     4.1 0    22.5 0   831.9 0
 2019  10  1 10 16 57 16.950  69.20   327.4 0    69.3 0   483.5 0   167.7 0   257.2 0   284.06 0   283.88 0   370.9 0   282.27 0   282.41 0    26.2 0   138.8 0   270.1 0  -113.7 0   156.5 0     9.1 0    27.6 0     3.8 0    22.3 0   831.9 0
 2019  10  1 10 16 58 16.967  69.10   333.9 0    70.2 0   502.4 0   167.2 0   257.1 0   284.11 0   283.93 0   373.2 0   282.32 0   282.48 0    26.5 0   141.0 0   276.2 0  -116.1 0   160.1 0     9.1 0    28.2 0     3.6 0    12.1 0   831.9 0
 2019  10  1 10 16 59 16.983  69.00   356.0 0    75.7 0   564.4 0   167.7 0   257.2 0   284.16 0   284.00 0   373.7 0   282.37 0   282.53 0    27.0 0   149.9 0   294.3 0  -116.6 0   177.8 0     9.2 0    27.9 0     3.6 0     2.6 0   831.9 0
 2019  10  1 10 17  0 17.000  68.90   342.3 0    72.0 0   520.6 0   167.8 0   256.7 0   284.22 0   284.04 0   374.4 0   282.42 0   282.58 0    27.0 0   143.8 0   283.2 0  -117.7 0   165.5 0     9.3 0    28.1 0     3.3 0    11.3 0   831.9 0
 2019  10  1 10 17  1 17.017  68.80   340.7 0    71.9 0   511.7 0   168.3 0   256.8 0   284.27 0   284.09 0   375.0 0   282.47 0   282.64 0    27.1 0   143.6 0   281.4 0  -118.2 0   163.2 0     9.3 0    27.9 0     3.0 0     7.9 0   831.9 0
 2019  10  1 10 17  2 17.033  68.70   329.7 0    69.2 0   476.9 0   167.9 0   256.2 0   284.31 0   284.07 0   373.8 0   282.52 0   282.66 0    27.2 0   138.8 0   272.0 0  -117.7 0   154.4 0     9.2 0    27.9 0     3.1 0    17.6 0   831.9 0
 2019  10  1 10 17  3 17.050  68.60   329.3 0    69.2 0   474.3 0   167.7 0   256.7 0   284.34 0   284.14 0   373.1 0   282.56 0   282.70 0    27.4 0   138.8 0   271.6 0  -116.3 0   155.3 0     9.2 0    28.0 0     3.5 0    25.3 0   831.9 0
 2019  10  1 10 17  4 17.067  68.50   332.9 0    70.0 0   483.0 0   167.4 0   255.6 0   284.38 0   284.16 0   374.6 0   282.60 0   282.74 0    27.6 0   140.3 0   274.5 0  -119.0 0   155.4 0     9.3 0    28.5 0     2.7 0    21.8 0   831.9 0
 2019  10  1 10 17  5 17.083  68.40   317.2 0    65.7 0   438.7 0   166.4 0   255.4 0   284.40 0   284.15 0   374.5 0   282.64 0   282.79 0    27.5 0   133.9 0   262.2 0  -119.1 0   143.1 0     9.1 0    28.6 0     2.5 0    28.9 0   831.9 0
 2019  10  1 10 17  6 17.100  68.30   318.5 0    66.4 0   442.4 0   165.5 0   255.0 0   284.44 0   284.17 0   374.1 0   282.69 0   282.82 0    27.7 0   135.0 0   262.7 0  -119.1 0   143.7 0     9.1 0    28.4 0     2.3 0    22.0 0   831.9 0
 2019  10  1 10 17  7 17.117  68.20   329.6 0    68.9 0   471.2 0   165.5 0   255.1 0   284.44 0   284.12 0   373.6 0   282.73 0   282.85 0    28.0 0   139.1 0   271.5 0  -118.5 0   153.0 0     9.0 0    28.3 0     2.8 0    32.9 0   831.9 0
 2019  10  1 10 17  8 17.133  68.11   312.4 0    65.1 0   419.4 0   165.5 0   254.7 0   284.43 0   284.12 0   372.7 0   282.76 0   282.86 0    27.7 0   131.8 0   256.8 0  -118.0 0   138.8 0     8.9 0    29.0 0     2.8 0    20.9 0   831.9 0
 2019  10  1 10 17  9 17.150  68.01   259.9 0    53.2 0   271.4 0   165.7 0   254.6 0   284.42 0   284.08 0   369.9 0   282.78 0   282.84 0    26.6 0   111.0 0   214.1 0  -115.3 0    98.8 0     8.9 0    29.6 0     2.1 0    25.5 0   831.9 0
 2019  10  1 10 17 10 17.167  67.92   267.6 0    54.7 0   286.5 0   166.8 0   254.8 0   284.39 0   284.04 0   368.6 0   282.78 0   282.86 0    26.7 0   114.3 0   219.9 0  -113.8 0   106.0 0     8.8 0    29.5 0     2.8 0    23.5 0   831.9 0
 2019  10  1 10 17 11 17.183  67.82   260.1 0    53.1 0   260.2 0   168.0 0   254.8 0   284.34 0   284.00 0   366.8 0   282.78 0   282.84 0    26.6 0   110.9 0   213.2 0  -112.0 0   101.2 0     8.8 0    29.8 0     3.1 0    26.8 0   832.0 0
 2019  10  1 10 17 12 17.200  67.73   247.3 0    50.2 0   222.8 0   169.0 0   255.1 0   284.30 0   283.99 0   365.8 0   282.78 0   282.83 0    26.3 0   105.4 0   203.2 0  -110.7 0    92.5 0     8.8 0    30.1 0     3.3 0    27.7 0   832.0 0
 2019  10  1 10 17 13 17.217  67.64   236.9 0    47.9 0   191.6 0   169.8 0   255.2 0   284.26 0   283.98 0   364.2 0   282.78 0   282.81 0    26.1 0   101.2 0   194.8 0  -109.1 0    85.8 0     8.8 0    29.5 0     3.1 0    33.6 0   832.0 0
 2019  10  1 10 17 14 17.233  67.54   236.0 0    47.7 0   185.0 0   170.7 0   255.7 0   284.24 0   283.94 0   363.7 0   282.77 0   282.81 0    26.2 0   100.8 0   193.7 0  -108.0 0    85.7 0     8.8 0    29.9 0     2.8 0    28.3 0   832.0 0
 2019  10  1 10 17 15 17.250  67.45   234.7 0    47.1 0   176.1 0   172.3 0   256.0 0   284.20 0   283.92 0   364.3 0   282.76 0   282.81 0    26.4 0   100.4 0   192.8 0  -108.3 0    84.5 0     8.8 0    30.3 0     2.8 0    29.1 0   832.0 0
 2019  10  1 10 17 16 17.267  67.36   254.7 0    51.2 0   221.1 0   175.3 0   256.3 0   284.17 0   283.93 0   365.9 0   282.76 0   282.82 0    27.2 0   108.6 0   209.2 0  -109.6 0    99.6 0     8.8 0    30.2 0     2.7 0    43.4 0   832.0 0
 2019  10  1 10 17 17 17.283  67.27   270.4 0    54.6 0   253.0 0   178.5 0   257.2 0   284.15 0   283.91 0   366.7 0   282.76 0   282.84 0    28.0 0   115.4 0   221.6 0  -109.6 0   112.1 0     8.9 0    29.7 0     2.8 0    43.7 0   832.0 0
 2019  10  1 10 17 18 17.300  67.18   279.8 0    56.5 0   268.6 0   181.6 0   258.1 0   284.15 0   283.95 0   367.4 0   282.76 0   282.86 0    28.7 0   118.9 0   229.2 0  -109.3 0   119.9 0     9.0 0    29.5 0     2.9 0    40.8 0   832.0 0
 2019  10  1 10 17 19 17.317  67.09   273.2 0    54.6 0   245.1 0   183.9 0   258.5 0   284.15 0   284.01 0   369.2 0   282.77 0   282.87 0    29.0 0   116.2 0   224.7 0  -110.8 0   113.9 0     9.2 0    30.0 0     2.2 0    40.0 0   832.0 0
 2019  10  1 10 17 20 17.333  67.00   280.1 0    55.9 0   257.6 0   186.2 0   258.7 0   284.17 0   283.98 0   369.4 0   282.79 0   282.89 0    29.5 0   119.6 0   231.0 0  -110.7 0   120.3 0     9.2 0    29.4 0     2.4 0    54.2 0   832.0 0
 2019  10  1 10 17 21 17.350  66.91   290.6 0    57.8 0   277.5 0   188.8 0   259.2 0   284.18 0   283.99 0   370.3 0   282.81 0   282.92 0    30.1 0   123.5 0   239.8 0  -111.1 0   128.7 0     9.1 0    29.5 0     2.6 0    57.2 0   832.0 0
 2019  10  1 10 17 22 17.367  66.83   287.3 0    57.7 0   262.7 0   190.8 0   260.1 0   284.20 0   284.03 0   370.2 0   282.83 0   282.93 0    30.4 0   122.4 0   236.4 0  -110.1 0   126.3 0     9.1 0    29.4 0     2.6 0    55.7 0   832.0 0
 2019  10  1 10 17 23 17.383  66.74   315.1 0    63.7 0   331.3 0   192.2 0   259.8 0   284.20 0   284.07 0   372.8 0   282.85 0   282.97 0    31.4 0   134.0 0   259.4 0  -113.0 0   146.4 0     9.3 0    29.8 0     2.3 0    52.5 0   832.0 0
 2019  10  1 10 17 24 17.400  66.66   349.1 0    70.8 0   416.9 0   193.3 0   259.9 0   284.24 0   284.10 0   375.5 0   282.87 0   283.03 0    32.6 0   147.7 0   287.8 0  -115.5 0   172.3 0     9.4 0    29.1 0     2.4 0    61.0 0   832.0 0
 2019  10  1 10 17 25 17.417  66.57   360.7 0    73.5 0   446.3 0   193.6 0   260.6 0   284.28 0   284.16 0   376.8 0   282.91 0   283.06 0    33.4 0   152.7 0   297.6 0  -116.2 0   181.4 0     9.5 0    29.0 0     2.6 0    34.4 0   832.0 0
 2019  10  1 10 17 26 17.433  66.49   379.4 0    77.5 0   495.6 0   192.8 0   260.4 0   284.34 0   284.26 0   379.7 0   282.94 0   283.11 0    34.2 0   160.1 0   313.0 0  -119.3 0   193.8 0     9.7 0    29.4 0     2.5 0    43.5 0   831.9 0
 2019  10  1 10 17 27 17.450  66.40   384.7 0    78.6 0   512.1 0   191.4 0   260.1 0   284.40 0   284.28 0   380.9 0   282.98 0   283.16 0    34.7 0   162.6 0   317.8 0  -120.8 0   197.0 0     9.7 0    29.0 0     2.8 0    48.4 0   831.9 0
 2019  10  1 10 17 28 17.467  66.32   393.5 0    80.5 0   539.3 0   189.5 0   259.7 0   284.47 0   284.34 0   380.8 0   283.02 0   283.21 0    35.3 0   166.1 0   325.6 0  -121.1 0   204.5 0     9.7 0    28.8 0     2.7 0    59.5 0   831.9 0
 2019  10  1 10 17 29 17.483  66.24   400.0 0    82.0 0   560.5 0   187.5 0   259.5 0   284.53 0   284.38 0   382.4 0   283.06 0   283.25 0    35.7 0   168.7 0   331.4 0  -122.9 0   208.4 0     9.6 0    29.0 0     3.2 0    49.3 0   831.9 0
 2019  10  1 10 17 30 17.500  66.16   401.7 0    82.4 0   567.7 0   185.5 0   259.6 0   284.59 0   284.41 0   382.8 0   283.10 0   283.28 0    36.0 0   169.5 0   332.6 0  -123.2 0   209.3 0     9.6 0    28.9 0     2.9 0    49.8 0   831.9 0
 2019  10  1 10 17 31 17.517  66.08   397.6 0    81.3 0   559.2 0   183.8 0   258.3 0   284.65 0   284.45 0   384.0 0   283.15 0   283.33 0    36.1 0   168.0 0   329.3 0  -125.8 0   203.6 0     9.6 0    29.9 0     2.1 0    51.1 0   831.9 0
 2019  10  1 10 17 32 17.533  66.00   401.9 0    81.9 0   570.4 0   182.8 0   258.5 0   284.69 0   284.46 0   385.5 0   283.19 0   283.39 0    36.5 0   169.6 0   332.9 0  -126.9 0   205.9 0     9.5 0    31.9 0     2.0 0   114.7 0   831.9 0
 2019  10  1 10 17 33 17.550  65.92   394.7 0    80.5 0   553.6 0   181.7 0   258.7 0   284.73 0   284.51 0   384.3 0   283.23 0   283.41 0    36.6 0   166.9 0   327.1 0  -125.7 0   201.4 0     9.4 0    31.8 0     2.1 0   110.8 0   831.9 0
 2019  10  1 10 17 34 17.567  65.84   415.1 0    84.9 0   605.1 0   181.6 0   258.6 0   284.77 0   284.53 0   385.3 0   283.27 0   283.45 0    37.4 0   175.0 0   344.4 0  -126.7 0   217.7 0     9.4 0    31.8 0     2.3 0    97.8 0   831.9 0
 2019  10  1 10 17 35 17.583  65.76   426.4 0    87.2 0   632.2 0   181.0 0   259.1 0   284.81 0   284.57 0   386.3 0   283.32 0   283.51 0    38.0 0   179.5 0   353.4 0  -127.2 0   226.2 0     9.4 0    31.1 0     2.2 0    98.0 0   831.9 0
 2019  10  1 10 17 36 17.600  65.68   438.5 0    89.9 0   661.0 0   181.0 0   259.0 0   284.85 0   284.66 0   388.6 0   283.37 0   283.58 0    38.6 0   184.0 0   363.3 0  -129.6 0   233.7 0     9.5 0    31.6 0     1.9 0   102.6 0   831.9 0
 2019  10  1 10 17 37 17.617  65.61   426.4 0    87.3 0   627.7 0   181.0 0   258.6 0   284.92 0   284.73 0   387.9 0   283.42 0   283.60 0    38.5 0   179.6 0   352.9 0  -129.3 0   223.6 0     9.6 0    30.4 0     2.4 0   115.6 0   831.9 0
 2019  10  1 10 17 38 17.633  65.53   425.0 0    87.3 0   622.2 0   181.0 0   258.2 0   284.97 0   284.71 0   387.0 0   283.45 0   283.64 0    38.7 0   179.2 0   351.4 0  -128.9 0   222.5 0     9.6 0    30.4 0     2.9 0   106.6 0   831.9 0
 2019  10  1 10 17 39 17.650  65.46   431.4 0    88.6 0   636.7 0   180.9 0   259.2 0   285.00 0   284.75 0   386.1 0   283.47 0   283.65 0    39.0 0   181.4 0   356.8 0  -127.0 0   229.8 0     9.5 0    31.2 0     3.0 0   103.5 0   831.9 0
 2019  10  1 10 17 40 17.667  65.38   416.7 0    85.5 0   599.0 0   180.2 0   259.1 0   285.04 0   284.87 0   387.3 0   283.50 0   283.69 0    38.9 0   176.1 0   344.3 0  -128.1 0   216.1 0     9.6 0    32.5 0     2.3 0   109.3 0   831.8 0
 2019  10  1 10 17 41 17.683  65.31   438.4 0    90.0 0   650.9 0   180.7 0   258.9 0   285.10 0   284.88 0   388.5 0   283.53 0   283.71 0    39.7 0   184.7 0   362.6 0  -129.6 0   233.0 0     9.7 0    32.5 0     2.3 0   123.8 0   831.8 0
 2019  10  1 10 17 42 17.700  65.24   444.9 0    91.1 0   662.7 0   181.8 0   258.7 0   285.15 0   284.89 0   390.9 0   283.57 0   283.76 0    40.2 0   187.1 0   368.3 0  -132.2 0   236.1 0     9.7 0    32.8 0     2.1 0   113.6 0   831.8 0
 2019  10  1 10 17 43 17.717  65.16   447.1 0    91.3 0   660.6 0   183.7 0   258.7 0   285.19 0   284.91 0   391.0 0   283.61 0   283.79 0    40.5 0   187.8 0   369.9 0  -132.2 0   237.7 0     9.5 0    32.6 0     2.4 0   109.2 0   831.8 0
 2019  10  1 10 17 44 17.733  65.09   431.1 0    87.7 0   613.3 0   185.8 0   259.3 0   285.21 0   284.94 0   389.5 0   283.64 0   283.80 0    40.2 0   181.2 0   356.4 0  -130.2 0   226.1 0     9.4 0    33.0 0     2.6 0   111.1 0   831.8 0
 2019  10  1 10 17 45 17.750  65.02   417.5 0    85.1 0   572.2 0   188.3 0   258.9 0   285.24 0   284.93 0   387.4 0   283.66 0   283.82 0    40.0 0   176.3 0   344.7 0  -128.5 0   216.2 0     9.4 0    32.8 0     2.4 0   105.7 0   831.8 0
 2019  10  1 10 17 46 17.767  64.95   432.4 0    88.2 0   599.6 0   191.4 0   259.8 0   285.25 0   284.93 0   388.3 0   283.68 0   283.84 0    40.5 0   181.9 0   357.0 0  -128.5 0   228.4 0     9.3 0    33.0 0     2.4 0   102.1 0   831.8 0
 2019  10  1 10 17 47 17.783  64.88   433.3 0    88.3 0   593.7 0   194.2 0   260.6 0   285.25 0   284.99 0   389.5 0   283.70 0   283.86 0    40.7 0   182.4 0   358.0 0  -128.9 0   229.1 0     9.4 0    32.8 0     1.9 0    90.1 0   831.8 0
 2019  10  1 10 17 48 17.800  64.82   424.6 0    86.2 0   562.7 0   196.8 0   259.9 0   285.26 0   285.03 0   388.6 0   283.71 0   283.87 0    40.5 0   178.7 0   350.0 0  -128.7 0   221.3 0     9.5 0    32.2 0     1.3 0    82.5 0   831.8 0
 2019  10  1 10 17 49 17.817  64.75   422.0 0    85.1 0   548.1 0   199.5 0   260.5 0   285.27 0   285.03 0   390.0 0   283.74 0   283.90 0    40.6 0   177.9 0   348.2 0  -129.5 0   218.7 0     9.6 0    32.3 0     0.9 0   122.3 0   831.7 0
 2019  10  1 10 17 50 17.833  64.68   422.0 0    84.8 0   540.5 0   201.9 0   260.6 0   285.29 0   285.04 0   390.1 0   283.78 0   283.95 0    40.8 0   177.8 0   348.2 0  -129.5 0   218.7 0     9.7 0    31.5 0     1.0 0   140.1 0   831.7 0
 2019  10  1 10 17 51 17.850  64.62   417.0 0    83.9 0   521.3 0   204.2 0   261.0 0   285.30 0   285.02 0   389.4 0   283.82 0   283.98 0    40.9 0   176.0 0   343.8 0  -128.4 0   215.4 0     9.6 0    31.5 0     1.5 0   147.5 0   831.7 0
 2019  10  1 10 17 52 17.867  64.55   418.8 0    84.0 0   518.2 0   206.9 0   261.0 0   285.29 0   285.02 0   389.2 0   283.85 0   284.02 0    41.1 0   176.8 0   345.5 0  -128.3 0   217.3 0     9.7 0    32.0 0     1.0 0   128.7 0   831.7 0
 2019  10  1 10 17 53 17.883  64.49   423.2 0    84.8 0   520.5 0   209.6 0   261.3 0   285.27 0   284.97 0   389.3 0   283.88 0   284.04 0    41.3 0   178.1 0   349.0 0  -127.9 0   221.0 0     9.6 0    32.0 0     1.8 0   104.1 0   831.7 0
 2019  10  1 10 17 54 17.900  64.42   409.1 0    81.9 0   477.9 0   212.0 0   261.9 0   285.26 0   285.00 0   389.3 0   283.91 0   284.05 0    40.9 0   172.2 0   336.5 0  -127.4 0   209.1 0     9.6 0    31.7 0     1.9 0   105.7 0   831.7 0
 2019  10  1 10 17 55 17.917  64.36   391.2 0    78.2 0   430.5 0   213.5 0   262.2 0   285.26 0   285.01 0   387.5 0   283.93 0   284.05 0    40.4 0   166.0 0   321.6 0  -125.3 0   196.3 0     9.6 0    31.6 0     2.0 0    71.8 0   831.7 0
 2019  10  1 10 17 56 17.933  64.30   410.2 0    82.3 0   473.7 0   214.1 0   261.6 0   285.25 0   284.98 0   389.3 0   283.93 0   284.03 0    40.9 0   172.9 0   337.2 0  -127.7 0   209.5 0     9.5 0    32.2 0     1.4 0    66.8 0   831.6 0
 2019  10  1 10 17 57 17.950  64.24   408.5 0    81.9 0   471.9 0   213.5 0   261.3 0   285.24 0   285.00 0   389.6 0   283.95 0   284.08 0    41.0 0   172.3 0   336.7 0  -128.2 0   208.5 0     9.5 0    33.0 0     1.4 0    95.2 0   831.6 0
 2019  10  1 10 17 58 17.967  64.18   413.2 0    82.5 0   483.6 0   212.8 0   261.4 0   285.24 0   284.94 0   391.1 0   283.98 0   284.12 0    41.3 0   174.1 0   341.0 0  -129.7 0   211.3 0     9.4 0    31.8 0     1.2 0    40.3 0   831.6 0
 2019  10  1 10 17 59 17.983  64.12   414.2 0    82.3 0   485.0 0   212.2 0   261.8 0   285.21 0   284.93 0   391.7 0   284.01 0   284.16 0    41.5 0   174.5 0   341.6 0  -129.9 0   211.7 0     9.3 0    31.9 0     0.8 0    72.3 0   831.6 0
 2019  10  1 10 18  0 18.000  64.06   409.3 0    81.2 0   471.5 0   212.5 0   262.2 0   285.21 0   285.00 0   389.5 0   284.05 0   284.20 0    41.5 0   172.8 0   337.5 0  -127.2 0   210.3 0     9.4 0    31.3 0     0.9 0   102.2 0   831.6 0
 2019  10  1 10 18  1 18.017  64.00   415.5 0    82.5 0   482.9 0   213.8 0   261.9 0   285.22 0   284.99 0   390.7 0   284.10 0   284.23 0    41.8 0   175.0 0   343.0 0  -128.9 0   214.1 0     9.6 0    31.4 0     1.7 0   107.0 0   831.6 0
 2019  10  1 10 18  2 18.033  63.94   415.0 0    82.4 0   477.9 0   215.0 0   261.4 0   285.22 0   284.98 0   389.4 0   284.11 0   284.24 0    42.0 0   174.9 0   342.5 0  -128.0 0   214.5 0     9.5 0    31.5 0     2.0 0   106.0 0   831.6 0
 2019  10  1 10 18  3 18.050  63.89   428.4 0    85.5 0   505.1 0   216.4 0   261.9 0   285.22 0   284.99 0   390.2 0   284.13 0   284.25 0    42.7 0   180.7 0   353.2 0  -128.3 0   224.8 0     9.5 0    31.9 0     1.7 0   100.5 0   831.6 0
 2019  10  1 10 18  4 18.067  63.83   433.2 0    86.1 0   510.0 0   218.4 0   262.3 0   285.22 0   285.00 0   392.9 0   284.14 0   284.28 0    43.1 0   182.1 0   357.2 0  -130.6 0   226.6 0     9.5 0    32.2 0     0.6 0    81.8 0   831.6 0
 2019  10  1 10 18  5 18.083  63.78   414.9 0    82.4 0   461.5 0   219.8 0   262.3 0   285.22 0   284.96 0   392.8 0   284.17 0   284.30 0    42.8 0   175.4 0   341.3 0  -130.5 0   210.8 0     9.4 0    32.0 0     1.0 0    91.7 0   831.5 0
 2019  10  1 10 18  6 18.100  63.72   419.6 0    83.3 0   468.6 0   220.8 0   262.3 0   285.22 0   284.95 0   391.2 0   284.20 0   284.34 0    43.0 0   177.1 0   344.9 0  -128.9 0   215.9 0     9.4 0    30.8 0     1.1 0    87.3 0   831.5 0
 2019  10  1 10 18  7 18.117  63.67   417.6 0    82.7 0   461.6 0   221.0 0   262.9 0   285.21 0   284.98 0   390.5 0   284.24 0   284.39 0    43.0 0   176.0 0   343.1 0  -127.6 0   215.5 0     9.6 0    30.5 0     0.8 0    60.2 0   831.5 0
 2019  10  1 10 18  8 18.133  63.62   423.4 0    84.0 0   473.7 0   221.6 0   263.5 0   285.20 0   285.08 0   391.4 0   284.27 0   284.43 0    43.4 0   178.8 0   348.1 0  -128.0 0   220.1 0     9.9 0    30.4 0     0.4 0   331.5 0   831.5 0
 2019  10  1 10 18  9 18.150  63.56   443.3 0    87.9 0   519.8 0   222.2 0   263.0 0   285.23 0   285.12 0   394.4 0   284.31 0   284.48 0    44.2 0   186.4 0   365.7 0  -131.4 0   234.3 0    10.3 0    30.2 0     0.3 0   324.7 0   831.5 0
 2019  10  1 10 18 10 18.167  63.51   437.6 0    86.5 0   505.9 0   222.3 0   262.7 0   285.28 0   285.09 0   395.1 0   284.36 0   284.51 0    44.3 0   184.3 0   361.4 0  -132.4 0   229.1 0    10.4 0    29.7 0     0.4 0   305.8 0   831.5 0
 2019  10  1 10 18 11 18.183  63.46   434.3 0    85.7 0   496.9 0   222.3 0   263.6 0   285.31 0   285.15 0   395.8 0   284.40 0   284.54 0    44.4 0   183.0 0   358.5 0  -132.3 0   226.3 0    10.3 0    29.7 0     0.1 0   306.4 0   831.4 0
 2019  10  1 10 18 12 18.200  63.41   431.0 0    84.9 0   487.2 0   222.3 0   263.6 0   285.34 0   285.21 0   395.0 0   284.44 0   284.62 0    44.4 0   181.8 0   355.5 0  -131.4 0   224.1 0    10.3 0    29.8 0     0.5 0    70.3 0   831.4 0
 2019  10  1 10 18 13 18.217  63.37   434.0 0    85.4 0   491.5 0   223.2 0   263.4 0   285.38 0   285.21 0   395.1 0   284.50 0   284.67 0    44.6 0   182.9 0   358.1 0  -131.7 0   226.5 0    10.3 0    29.2 0     0.8 0    61.4 0   831.4 0
 2019  10  1 10 18 14 18.233  63.32   421.3 0    83.1 0   459.6 0   223.8 0   263.0 0   285.41 0   285.24 0   393.0 0   284.54 0   284.69 0    44.2 0   177.8 0   347.1 0  -130.0 0   217.1 0    10.1 0    29.6 0     1.8 0   104.9 0   831.4 0
 2019  10  1 10 18 15 18.250  63.27   394.0 0    77.7 0   396.8 0   223.6 0   263.1 0   285.44 0   285.23 0   391.1 0   284.57 0   284.67 0    43.2 0   166.5 0   324.3 0  -128.0 0   196.2 0     9.9 0    30.0 0     2.3 0   103.2 0   831.4 0
 2019  10  1 10 18 16 18.267  63.23   417.1 0    83.1 0   449.7 0   223.4 0   263.5 0   285.45 0   285.24 0   391.8 0   284.57 0   284.69 0    44.1 0   176.7 0   342.9 0  -128.3 0   214.6 0     9.8 0    30.9 0     1.9 0    92.7 0   831.3 0
 2019  10  1 10 18 17 18.283  63.18   443.6 0    88.4 0   509.5 0   223.4 0   263.8 0   285.45 0   285.27 0   395.1 0   284.59 0   284.73 0    45.2 0   186.9 0   364.9 0  -131.3 0   233.6 0     9.7 0    31.1 0     2.1 0    84.2 0   831.3 0
 2019  10  1 10 18 18 18.300  63.14   453.4 0    90.3 0   533.9 0   222.8 0   264.3 0   285.48 0   285.37 0   396.3 0   284.61 0   284.77 0    45.8 0   191.0 0   373.7 0  -132.0 0   241.7 0     9.9 0    30.2 0     2.2 0    62.0 0   831.3 0
 2019  10  1 10 18 19 18.317  63.09   459.9 0    92.0 0   550.3 0   222.2 0   263.5 0   285.53 0   285.34 0   396.2 0   284.63 0   284.79 0    46.4 0   193.9 0   379.1 0  -132.7 0   246.4 0    10.0 0    29.8 0     2.1 0    48.8 0   831.3 0
 2019  10  1 10 18 20 18.333  63.05   465.1 0    92.9 0   563.2 0   221.1 0   263.5 0   285.57 0   285.37 0   397.9 0   284.65 0   284.79 0    46.8 0   195.6 0   383.4 0  -134.4 0   249.0 0     9.9 0    29.9 0     1.9 0    36.0 0   831.2 0
 2019  10  1 10 18 21 18.350  63.01   460.5 0    91.7 0   554.6 0   219.9 0   263.4 0   285.60 0   285.40 0   397.8 0   284.67 0   284.84 0    46.8 0   194.0 0   379.9 0  -134.4 0   245.5 0    10.0 0    30.1 0     0.8 0   357.5 0   831.2 0
 2019  10  1 10 18 22 18.367  62.97   440.4 0    87.0 0   511.8 0   218.6 0   263.4 0   285.63 0   285.47 0   397.3 0   284.70 0   284.88 0    46.2 0   185.8 0   364.2 0  -133.9 0   230.3 0    10.1 0    30.1 0     0.4 0   318.2 0   831.2 0
 2019  10  1 10 18 23 18.383  62.93   431.7 0    85.1 0   493.9 0   217.2 0   263.1 0   285.66 0   285.47 0   396.6 0   284.73 0   284.90 0    45.9 0   182.5 0   356.9 0  -133.5 0   223.4 0    10.2 0    29.8 0     0.8 0    47.9 0   831.2 0
 2019  10  1 10 18 24 18.400  62.89   432.3 0    85.2 0   497.3 0   216.0 0   262.1 0   285.68 0   285.45 0   396.4 0   284.77 0   284.88 0    45.9 0   182.5 0   357.5 0  -134.3 0   223.2 0    10.1 0    29.0 0     1.9 0    22.7 0   831.2 0
 2019  10  1 10 18 25 18.417  62.85   435.5 0    86.3 0   505.8 0   214.9 0   262.6 0   285.69 0   285.48 0   395.5 0   284.80 0   284.91 0    46.1 0   183.9 0   359.5 0  -132.9 0   226.6 0    10.1 0    28.8 0     1.3 0     3.6 0   831.2 0
 2019  10  1 10 18 26 18.433  62.81   439.0 0    86.8 0   513.5 0   214.1 0   262.1 0   285.71 0   285.50 0   396.5 0   284.81 0   284.95 0    46.2 0   185.3 0   361.9 0  -134.4 0   227.5 0    10.2 0    29.1 0     0.7 0     7.8 0   831.1 0
 2019  10  1 10 18 27 18.450  62.78   451.3 0    89.0 0   540.4 0   214.7 0   262.6 0   285.73 0   285.51 0   399.0 0   284.84 0   284.99 0    46.6 0   190.3 0   373.0 0  -136.3 0   236.6 0    10.1 0    29.6 0     0.7 0    31.8 0   831.1 0
 2019  10  1 10 18 28 18.467  62.74   452.7 0    89.2 0   542.3 0   214.9 0   263.2 0   285.75 0   285.63 0   399.5 0   284.88 0   285.05 0    46.7 0   190.6 0   374.0 0  -136.3 0   237.7 0    10.3 0    29.1 0     1.0 0    37.0 0   831.1 0
 2019  10  1 10 18 29 18.483  62.70   456.5 0    89.9 0   548.5 0   215.4 0   263.6 0   285.81 0   285.68 0   399.1 0   284.93 0   285.11 0    46.9 0   192.2 0   377.0 0  -135.6 0   241.5 0    10.5 0    28.4 0     0.6 0    44.8 0   831.1 0
 2019  10  1 10 18 30 18.500  62.67   457.3 0    90.2 0   546.4 0   216.8 0   263.2 0   285.86 0   285.73 0   400.1 0   284.97 0   285.13 0    47.1 0   192.5 0   377.4 0  -136.9 0   240.5 0    10.6 0    27.5 0     1.0 0    60.0 0   831.1 0
 2019  10  1 10 18 31 18.517  62.64   449.0 0    88.5 0   522.2 0   218.5 0   263.4 0   285.92 0   285.82 0   401.2 0   285.01 0   285.18 0    46.8 0   188.8 0   370.0 0  -137.8 0   232.2 0    10.8 0    27.2 0     1.6 0    37.7 0   831.0 0
 2019  10  1 10 18 32 18.533  62.60   429.0 0    84.5 0   472.6 0   220.0 0   262.8 0   285.98 0   285.81 0   397.9 0   285.04 0   285.18 0    46.2 0   181.1 0   353.0 0  -135.1 0   217.9 0    10.8 0    28.0 0     1.8 0    70.8 0   831.0 0
 2019  10  1 10 18 33 18.550  62.57   444.5 0    88.0 0   504.9 0   221.2 0   263.0 0   286.01 0   285.79 0   398.9 0   285.07 0   285.21 0    46.8 0   187.5 0   365.8 0  -136.0 0   229.8 0    10.6 0    27.9 0     2.0 0    44.1 0   831.0 0
 2019  10  1 10 18 34 18.567  62.54   453.8 0    89.8 0   522.5 0   222.3 0   263.7 0   286.04 0   285.79 0   401.1 0   285.09 0   285.22 0    47.4 0   191.0 0   373.5 0  -137.4 0   236.1 0    10.4 0    27.6 0     1.4 0    26.5 0   831.0 0
 2019  10  1 10 18 35 18.583  62.51   450.3 0    88.9 0   510.4 0   224.0 0   264.2 0   286.04 0   285.77 0   401.3 0   285.12 0   285.24 0    47.5 0   189.8 0   370.7 0  -137.1 0   233.6 0    10.4 0    27.3 0     1.6 0     6.6 0   831.0 0
 2019  10  1 10 18 36 18.600  62.48   463.9 0    91.6 0   536.5 0   225.8 0   264.4 0   286.04 0   285.81 0   402.6 0   285.16 0   285.30 0    48.2 0   195.3 0   382.1 0  -138.2 0   243.9 0    10.4 0    26.7 0     0.6 0    16.6 0   831.0 0
 2019  10  1 10 18 37 18.617  62.45   464.6 0    91.5 0   537.6 0   225.8 0   264.6 0   286.04 0   285.85 0   401.9 0   285.21 0   285.38 0    48.4 0   195.3 0   382.9 0  -137.3 0   245.6 0    10.5 0    26.1 0     1.2 0    54.3 0   830.9 0
 2019  10  1 10 18 38 18.633  62.43   448.5 0    88.3 0   504.1 0   224.4 0   264.1 0   286.05 0   285.87 0   400.4 0   285.24 0   285.40 0    47.9 0   189.0 0   369.4 0  -136.3 0   233.1 0    10.6 0    26.4 0     1.2 0    56.0 0   830.9 0
 2019  10  1 10 18 39 18.650  62.40   444.0 0    87.3 0   498.9 0   222.1 0   264.1 0   286.08 0   285.95 0   400.6 0   285.28 0   285.45 0    47.7 0   187.1 0   366.0 0  -136.5 0   229.5 0    10.7 0    26.7 0     0.8 0    52.2 0   830.9 0
 2019  10  1 10 18 40 18.667  62.37   440.3 0    86.3 0   497.0 0   219.3 0   264.0 0   286.12 0   285.96 0   400.4 0   285.31 0   285.47 0    47.6 0   185.6 0   363.4 0  -136.4 0   227.0 0    10.9 0    26.5 0     0.3 0    51.2 0   830.8 0
 2019  10  1 10 18 41 18.683  62.35   415.8 0    81.4 0   448.7 0   216.2 0   263.0 0   286.15 0   285.94 0   399.2 0   285.35 0   285.52 0    46.7 0   175.7 0   343.0 0  -136.2 0   206.8 0    10.9 0    26.1 0     0.1 0    26.5 0   830.8 0
 2019  10  1 10 18 42 18.700  62.33   450.3 0    88.7 0   529.7 0   213.6 0   263.5 0   286.17 0   285.99 0   401.6 0   285.39 0   285.55 0    47.9 0   189.9 0   370.9 0  -138.1 0   232.8 0    10.9 0    26.5 0     1.2 0    21.1 0   830.8 0
 2019  10  1 10 18 43 18.717  62.30   449.3 0    88.2 0   531.8 0   211.5 0   262.9 0   286.20 0   286.02 0   401.0 0   285.43 0   285.55 0    47.8 0   188.7 0   370.5 0  -138.1 0   232.4 0    10.9 0    26.1 0     1.9 0    16.7 0   830.8 0
 2019  10  1 10 18 44 18.733  62.28   411.9 0    81.3 0   450.0 0   210.0 0   262.2 0   286.21 0   285.97 0   399.2 0   285.46 0   285.56 0    46.5 0   174.6 0   338.1 0  -137.0 0   201.1 0    10.7 0    26.7 0     0.9 0    13.5 0   830.7 0
 2019  10  1 10 18 45 18.750  62.26   438.6 0    86.5 0   511.6 0   209.1 0   262.8 0   286.21 0   285.97 0   399.8 0   285.48 0   285.59 0    47.3 0   185.1 0   360.8 0  -137.0 0   223.7 0    10.6 0    27.0 0     1.1 0    15.9 0   830.7 0
 2019  10  1 10 18 46 18.767  62.24   448.7 0    88.6 0   536.2 0   208.0 0   262.9 0   286.22 0   286.00 0   400.4 0   285.50 0   285.63 0    47.8 0   189.3 0   369.1 0  -137.5 0   231.6 0    10.7 0    26.7 0     1.0 0   358.6 0   830.7 0
 2019  10  1 10 18 47 18.783  62.22   470.3 0    93.0 0   589.2 0   206.3 0   263.2 0   286.22 0   286.09 0   402.3 0   285.52 0   285.67 0    48.8 0   197.8 0   387.9 0  -139.1 0   248.8 0    10.9 0    26.8 0     1.6 0    25.1 0   830.7 0
 2019  10  1 10 18 48 18.800  62.20   488.5 0    96.7 0   635.0 0   204.3 0   262.9 0   286.25 0   286.07 0   405.2 0   285.55 0   285.68 0    49.8 0   205.1 0   403.8 0  -142.2 0   261.5 0    11.0 0    26.7 0     2.5 0    16.2 0   830.6 0
 2019  10  1 10 18 49 18.817  62.18   482.7 0    95.8 0   627.0 0   202.0 0   262.7 0   286.29 0   286.10 0   405.8 0   285.57 0   285.70 0    49.8 0   202.4 0   398.8 0  -143.1 0   255.7 0    10.9 0    26.8 0     2.8 0     6.9 0   830.6 0
 2019  10  1 10 18 50 18.833  62.16   463.7 0    92.3 0   587.6 0   200.1 0   262.3 0   286.33 0   286.12 0   403.6 0   285.58 0   285.67 0    49.1 0   194.9 0   382.2 0  -141.3 0   240.9 0    10.8 0    26.6 0     2.7 0    10.2 0   830.6 0
 2019  10  1 10 18 51 18.850  62.15   452.9 0    90.2 0   566.4 0   199.0 0   262.3 0   286.35 0   286.13 0   402.3 0   285.58 0   285.70 0    48.6 0   191.0 0   373.4 0  -140.0 0   233.4 0    10.8 0    26.6 0     2.1 0   357.3 0   830.5 0
 2019  10  1 10 18 52 18.867  62.13   452.9 0    89.6 0   568.9 0   197.3 0   262.3 0   286.36 0   286.12 0   403.1 0   285.58 0   285.72 0    48.4 0   190.5 0   373.5 0  -140.8 0   232.7 0    10.8 0    26.5 0     2.2 0   357.6 0   830.5 0
 2019  10  1 10 18 53 18.883  62.12   445.2 0    88.5 0   555.0 0   195.9 0   262.3 0   286.36 0   286.16 0   400.2 0   285.58 0   285.67 0    48.0 0   187.3 0   367.0 0  -137.9 0   229.1 0    10.9 0    26.7 0     2.9 0    11.2 0   830.5 0
 2019  10  1 10 18 54 18.900  62.10   454.0 0    90.9 0   575.1 0   195.1 0   261.8 0   286.37 0   286.16 0   401.8 0   285.57 0   285.68 0    48.3 0   191.2 0   373.3 0  -140.0 0   233.3 0    11.0 0    26.9 0     1.9 0     3.3 0   830.5 0
 2019  10  1 10 18 55 18.917  62.09   465.8 0    92.9 0   601.4 0   194.9 0   262.2 0   286.38 0   286.13 0   403.8 0   285.57 0   285.71 0    48.6 0   195.5 0   383.5 0  -141.5 0   242.0 0    11.0 0    26.9 0     1.9 0   359.1 0   830.5 0
 2019  10  1 10 18 56 18.933  62.08   462.1 0    91.8 0   590.1 0   195.6 0   262.6 0   286.39 0   286.18 0   404.3 0   285.58 0   285.73 0    48.6 0   194.4 0   380.2 0  -141.7 0   238.4 0    11.1 0    26.9 0     2.4 0     5.1 0   830.4 0
 2019  10  1 10 18 57 18.950  62.07   467.8 0    93.0 0   598.5 0   197.9 0   262.7 0   286.40 0   286.19 0   403.5 0   285.58 0   285.71 0    49.0 0   196.5 0   385.3 0  -140.8 0   244.4 0    11.1 0    26.4 0     2.7 0     7.2 0   830.4 0
 2019  10  1 10 18 58 18.967  62.06   451.7 0    89.5 0   556.9 0   200.5 0   263.1 0   286.42 0   286.21 0   403.5 0   285.58 0   285.72 0    48.4 0   190.0 0   371.9 0  -140.4 0   231.5 0    11.1 0    26.7 0     2.0 0    14.8 0   830.4 0
 2019  10  1 10 18 59 18.983  62.05   420.3 0    82.6 0   480.5 0   203.0 0   264.2 0   286.44 0   286.24 0   401.6 0   285.58 0   285.72 0    47.2 0   177.2 0   345.7 0  -137.4 0   208.3 0    11.1 0    26.2 0     2.2 0   358.9 0   830.3 0
 2019  10  1 10 19  0 19.000  62.04   415.6 0    82.2 0   463.5 0   205.8 0   264.0 0   286.44 0   286.24 0   400.5 0   285.58 0   285.71 0    47.0 0   176.1 0   340.9 0  -136.5 0   204.4 0    11.1 0    26.2 0     2.0 0    12.5 0   830.3 0
 2019  10  1 10 19  1 19.017  62.03   434.0 0    85.6 0   497.5 0   208.5 0   264.8 0   286.45 0   286.26 0   401.7 0   285.60 0   285.72 0    47.7 0   182.9 0   356.2 0  -136.9 0   219.3 0    11.0 0    26.0 0     2.5 0    16.6 0   830.3 0
 2019  10  1 10 19  2 19.033  62.03   415.4 0    81.1 0   450.1 0   210.9 0   265.1 0   286.47 0   286.31 0   401.6 0   285.61 0   285.73 0    47.1 0   175.2 0   340.9 0  -136.5 0   204.4 0    11.0 0    25.7 0     2.7 0    10.0 0   830.3 0
 2019  10  1 10 19  3 19.050  62.02   385.4 0    75.7 0   378.1 0   213.6 0   265.5 0   286.49 0   286.29 0   397.6 0   285.61 0   285.69 0    45.8 0   163.7 0   315.3 0  -132.0 0   183.2 0    11.0 0    25.4 0     2.9 0    10.8 0   830.2 0
 2019  10  1 10 19  4 19.067  62.02   384.7 0    75.5 0   371.1 0   216.7 0   266.1 0   286.49 0   286.30 0   397.6 0   285.61 0   285.68 0    45.5 0   162.9 0   315.3 0  -131.5 0   183.8 0    10.9 0    25.7 0     2.9 0     4.8 0   830.2 0
 2019  10  1 10 19  5 19.083  62.01   385.8 0    76.2 0   366.7 0   219.6 0   266.0 0   286.49 0   286.30 0   396.8 0   285.59 0   285.68 0    45.3 0   163.5 0   315.5 0  -130.8 0   184.7 0    11.0 0    25.8 0     2.9 0     6.7 0   830.2 0
 2019  10  1 10 19  6 19.100  62.01   377.7 0    74.2 0   341.2 0   223.0 0   266.5 0   286.48 0   286.31 0   397.2 0   285.59 0   285.68 0    44.7 0   159.6 0   309.0 0  -130.7 0   178.3 0    11.0 0    26.0 0     2.4 0   356.0 0   830.2 0
 2019  10  1 10 19  7 19.117  62.01   371.8 0    73.4 0   320.4 0   226.6 0   267.9 0   286.48 0   286.37 0   395.3 0   285.58 0   285.67 0    44.3 0   157.9 0   303.7 0  -127.4 0   176.3 0    11.1 0    25.4 0     2.9 0   348.7 0   830.2 0
 2019  10  1 10 19  8 19.133  62.01   383.5 0    75.0 0   334.1 0   231.5 0   268.3 0   286.49 0   286.35 0   396.2 0   285.56 0   285.68 0    44.5 0   162.1 0   313.3 0  -127.9 0   185.4 0    11.2 0    25.7 0     2.3 0    12.4 0   830.1 0
 2019  10  1 10 19  9 19.150  62.01   355.5 0    69.1 0   261.7 0   236.5 0   268.5 0   286.50 0   286.37 0   395.2 0   285.55 0   285.67 0    43.3 0   150.6 0   290.2 0  -126.7 0   163.5 0    11.2 0    25.8 0     2.5 0    15.5 0   830.1 0
 2019  10  1 10 19 10 19.167  62.01   346.6 0    67.8 0   231.0 0   241.6 0   269.2 0   286.50 0   286.35 0   392.7 0   285.55 0   285.63 0    42.9 0   147.1 0   282.2 0  -123.5 0   158.7 0    11.1 0    25.8 0     3.5 0     6.5 0   830.1 0
 2019  10  1 10 19 11 19.183  62.01   366.5 0    72.1 0   265.2 0   246.2 0   270.2 0   286.50 0   286.37 0   393.2 0   285.53 0   285.60 0    43.6 0   155.6 0   298.6 0  -122.9 0   175.7 0    11.1 0    25.9 0     2.9 0     7.0 0   830.0 0
 2019  10  1 10 19 12 19.200  62.01   383.2 0    75.1 0   293.9 0   250.0 0   270.9 0   286.50 0   286.37 0   395.1 0   285.51 0   285.60 0    44.2 0   162.0 0   312.9 0  -124.2 0   188.7 0    11.1 0    26.1 0     2.4 0    11.9 0   830.0 0
 2019  10  1 10 19 13 19.217  62.01   327.6 0    63.6 0   168.5 0   251.9 0   270.9 0   286.49 0   286.35 0   393.3 0   285.50 0   285.58 0    42.0 0   139.1 0   267.3 0  -122.3 0   145.0 0    11.1 0    26.4 0     2.6 0    38.4 0   830.0 0
 2019  10  1 10 19 14 19.233  62.02   346.0 0    67.3 0   202.8 0   254.3 0   271.6 0   286.46 0   286.31 0   394.4 0   285.50 0   285.60 0    42.6 0   147.0 0   282.1 0  -122.8 0   159.3 0    11.0 0    26.4 0     1.9 0    40.3 0   830.0 0
 2019  10  1 10 19 15 19.250  62.02   355.4 0    69.2 0   218.4 0   256.8 0   272.2 0   286.45 0   286.39 0   394.3 0   285.50 0   285.60 0    42.9 0   150.9 0   290.1 0  -122.1 0   168.0 0    11.1 0    25.9 0     2.8 0    30.7 0   830.0 0
 2019  10  1 10 19 16 19.267  62.03   368.1 0    71.9 0   241.1 0   259.4 0   272.4 0   286.47 0   286.38 0   395.4 0   285.51 0   285.61 0    43.5 0   156.1 0   300.6 0  -123.1 0   177.5 0    11.1 0    25.7 0     2.5 0    19.2 0   830.0 0
 2019  10  1 10 19 17 19.283  62.03   335.5 0    64.0 0   167.8 0   261.1 0   273.5 0   286.47 0   286.37 0   394.4 0   285.53 0   285.61 0    42.3 0   142.3 0   275.8 0  -121.0 0   154.9 0    11.1 0    25.8 0     2.5 0    22.5 0   830.0 0
 2019  10  1 10 19 18 19.300  62.04   333.5 0    64.0 0   163.0 0   262.2 0   273.3 0   286.47 0   286.39 0   391.3 0   285.53 0   285.58 0    42.1 0   142.6 0   274.6 0  -118.0 0   156.5 0    11.1 0    25.5 0     3.2 0    28.6 0   830.0 0
 2019  10  1 10 19 19 19.317  62.05   325.4 0    62.6 0   139.5 0   263.9 0   273.6 0   286.46 0   286.34 0   391.4 0   285.51 0   285.58 0    41.6 0   138.3 0   266.7 0  -117.9 0   148.9 0    11.0 0    25.9 0     2.5 0    36.6 0   830.0 0
 2019  10  1 10 19 20 19.333  62.06   354.0 0    68.7 0   195.8 0   266.3 0   274.4 0   286.44 0   286.37 0   392.1 0   285.50 0   285.58 0    42.7 0   150.6 0   289.3 0  -117.7 0   171.7 0    10.9 0    25.6 0     3.2 0    26.8 0   830.0 0
 2019  10  1 10 19 21 19.350  62.07   359.7 0    70.0 0   202.7 0   269.0 0   274.6 0   286.44 0   286.38 0   392.9 0   285.50 0   285.56 0    43.0 0   152.7 0   293.9 0  -118.3 0   175.6 0    11.0 0    25.5 0     2.9 0     8.6 0   830.0 0
 2019  10  1 10 19 22 19.367  62.08   356.7 0    69.7 0   193.0 0   270.5 0   275.0 0   286.44 0   286.38 0   394.5 0   285.49 0   285.56 0    42.9 0   151.6 0   291.2 0  -119.5 0   171.8 0    11.0 0    25.7 0     2.4 0    15.3 0   830.0 0
 2019  10  1 10 19 23 19.383  62.09   346.8 0    67.2 0   169.5 0   271.6 0   275.0 0   286.44 0   286.37 0   393.8 0   285.48 0   285.57 0    42.4 0   147.0 0   283.8 0  -118.8 0   165.0 0    11.1 0    25.6 0     2.0 0    31.0 0   830.0 0
 2019  10  1 10 19 24 19.400  62.10   354.1 0    68.4 0   186.0 0   272.0 0   275.1 0   286.43 0   286.32 0   394.8 0   285.48 0   285.60 0    42.6 0   150.3 0   290.6 0  -119.7 0   170.9 0    11.0 0    25.6 0     1.5 0    44.0 0   830.0 0
 2019  10  1 10 19 25 19.417  62.12   332.9 0    64.6 0   140.3 0   271.5 0   275.5 0   286.41 0   286.31 0   394.4 0   285.50 0   285.61 0    41.7 0   141.4 0   272.6 0  -118.9 0   153.6 0    11.0 0    25.7 0     1.3 0    51.7 0   830.0 0
 2019  10  1 10 19 26 19.433  62.13   339.4 0    65.2 0   156.7 0   270.8 0   275.4 0   286.39 0   286.31 0   394.9 0   285.52 0   285.63 0    41.7 0   144.3 0   278.8 0  -119.5 0   159.3 0    11.1 0    25.5 0     1.9 0    43.4 0   829.9 0
 2019  10  1 10 19 27 19.450  62.15   342.3 0    66.1 0   164.6 0   270.2 0   275.5 0   286.39 0   286.33 0   393.3 0   285.53 0   285.63 0    41.7 0   145.5 0   281.0 0  -117.9 0   163.1 0    11.1 0    24.7 0     2.2 0    13.4 0   829.9 0
 2019  10  1 10 19 28 19.467  62.16   330.7 0    63.5 0   140.4 0   269.7 0   275.6 0   286.39 0   286.36 0   393.2 0   285.53 0   285.63 0    41.1 0   139.9 0   271.8 0  -117.6 0   154.2 0    11.2 0    25.1 0     1.8 0    12.1 0   829.9 0
 2019  10  1 10 19 29 19.483  62.18   314.5 0    60.9 0   108.4 0   268.4 0   275.8 0   286.39 0   286.36 0   392.4 0   285.55 0   285.63 0    40.4 0   134.4 0   258.0 0  -116.6 0   141.5 0    11.2 0    25.2 0     2.0 0    26.2 0   829.9 0
 2019  10  1 10 19 30 19.500  62.20   340.4 0    66.4 0   163.6 0   268.6 0   275.5 0   286.39 0   286.35 0   392.5 0   285.55 0   285.64 0    41.1 0   145.1 0   278.5 0  -117.0 0   161.6 0    11.2 0    25.2 0     2.3 0    31.0 0   829.9 0
 2019  10  1 10 19 31 19.517  62.21   361.8 0    70.6 0   208.4 0   269.6 0   275.7 0   286.40 0   286.35 0   393.8 0   285.56 0   285.66 0    41.9 0   153.7 0   296.2 0  -118.1 0   178.1 0    11.2 0    25.2 0     2.2 0    10.0 0   829.9 0
 2019  10  1 10 19 32 19.533  62.23   371.7 0    72.3 0   227.3 0   270.9 0   276.5 0   286.41 0   286.44 0   396.0 0   285.56 0   285.68 0    42.4 0   157.9 0   304.5 0  -119.5 0   185.0 0    11.4 0    25.7 0     1.7 0   357.2 0   829.8 0
 2019  10  1 10 19 33 19.550  62.25   385.0 0    74.9 0   251.8 0   273.3 0   276.8 0   286.45 0   286.48 0   398.2 0   285.58 0   285.73 0    43.0 0   163.5 0   315.6 0  -121.5 0   194.1 0    11.5 0    25.5 0     2.0 0    41.7 0   829.8 0
 2019  10  1 10 19 34 19.567  62.28   395.7 0    77.1 0   268.3 0   276.1 0   276.5 0   286.50 0   286.56 0   398.9 0   285.61 0   285.76 0    43.6 0   167.8 0   323.8 0  -122.4 0   201.4 0    11.7 0    25.1 0     1.3 0    32.4 0   829.8 0
 2019  10  1 10 19 35 19.583  62.30   402.1 0    77.8 0   276.2 0   278.9 0   275.9 0   286.56 0   286.51 0   400.5 0   285.64 0   285.80 0    44.0 0   170.6 0   329.6 0  -124.6 0   205.0 0    11.7 0    25.5 0     0.7 0    54.3 0   829.8 0
 2019  10  1 10 19 36 19.600  62.32   389.2 0    75.3 0   242.5 0   281.2 0   276.8 0   286.59 0   286.60 0   400.2 0   285.68 0   285.84 0    43.7 0   165.5 0   318.5 0  -123.3 0   195.2 0    11.6 0    25.5 0     1.5 0    76.2 0   829.8 0
 2019  10  1 10 19 37 19.617  62.34   391.4 0    75.7 0   243.4 0   283.3 0   277.4 0   286.64 0   286.68 0   402.3 0   285.72 0   285.87 0    43.9 0   166.1 0   320.6 0  -124.9 0   195.7 0    11.7 0    25.6 0     1.1 0    92.9 0   829.7 0
 2019  10  1 10 19 38 19.633  62.37   370.3 0    71.8 0   195.7 0   283.8 0   277.3 0   286.69 0   286.67 0   400.4 0   285.75 0   285.90 0    43.2 0   157.9 0   302.7 0  -123.1 0   179.7 0    11.7 0    25.2 0     2.3 0    72.3 0   829.7 0
 2019  10  1 10 19 39 19.650  62.39   369.4 0    71.5 0   193.5 0   284.1 0   277.5 0   286.72 0   286.70 0   399.6 0   285.79 0   285.92 0    43.2 0   157.3 0   302.3 0  -122.2 0   180.1 0    11.6 0    24.9 0     2.2 0    63.0 0   829.7 0
 2019  10  1 10 19 40 19.667  62.42   393.7 0    76.6 0   247.6 0   284.3 0   278.0 0   286.76 0   286.77 0   399.1 0   285.82 0   285.95 0    44.0 0   167.5 0   322.4 0  -121.2 0   201.2 0    11.6 0    24.6 0     2.1 0    55.9 0   829.6 0
 2019  10  1 10 19 41 19.683  62.45   407.7 0    80.0 0   277.8 0   284.9 0   277.6 0   286.80 0   286.74 0   400.6 0   285.84 0   285.98 0    44.6 0   172.6 0   333.4 0  -123.0 0   210.4 0    11.7 0    24.8 0     2.3 0    35.5 0   829.6 0
 2019  10  1 10 19 42 19.700  62.48   401.5 0    78.4 0   264.8 0   285.0 0   277.6 0   286.80 0   286.76 0   401.5 0   285.87 0   286.01 0    44.5 0   169.9 0   328.9 0  -123.9 0   205.0 0    11.6 0    25.0 0     2.4 0    37.4 0   829.6 0
 2019  10  1 10 19 43 19.717  62.51   398.2 0    78.0 0   258.1 0   285.3 0   277.9 0   286.83 0   286.78 0   401.7 0   285.89 0   286.02 0    44.5 0   168.8 0   326.5 0  -123.8 0   202.7 0    11.5 0    25.4 0     1.8 0    22.1 0   829.6 0
 2019  10  1 10 19 44 19.733  62.54   405.1 0    79.3 0   271.5 0   285.8 0   278.3 0   286.83 0   286.75 0   403.4 0   285.92 0   286.03 0    44.8 0   171.8 0   331.7 0  -125.1 0   206.6 0    11.5 0    25.5 0     2.4 0     4.1 0   829.5 0
 2019  10  1 10 19 45 19.750  62.57   415.4 0    81.6 0   291.2 0   287.0 0   278.6 0   286.83 0   286.73 0   403.1 0   285.94 0   286.06 0    45.4 0   176.2 0   339.6 0  -124.4 0   215.2 0    11.4 0    24.9 0     1.5 0   357.1 0   829.5 0
 2019  10  1 10 19 46 19.767  62.60   451.3 0    89.0 0   370.7 0   287.9 0   278.7 0   286.83 0   286.78 0   407.0 0   285.96 0   286.13 0    47.0 0   190.7 0   369.5 0  -128.3 0   241.2 0    11.4 0    25.3 0     1.0 0    27.5 0   829.5 0
 2019  10  1 10 19 47 19.783  62.63   447.5 0    87.8 0   362.5 0   287.9 0   278.6 0   286.84 0   286.81 0   407.9 0   286.00 0   286.19 0    47.1 0   188.9 0   366.8 0  -129.4 0   237.4 0    11.5 0    25.3 0     1.4 0    64.7 0   829.5 0
 2019  10  1 10 19 48 19.800  62.66   431.8 0    84.4 0   328.7 0   287.2 0   278.8 0   286.87 0   286.83 0   406.9 0   286.05 0   286.24 0    46.6 0   182.8 0   353.8 0  -128.1 0   225.6 0    11.6 0    24.9 0     1.2 0    58.5 0   829.5 0
 2019  10  1 10 19 49 19.817  62.70   419.5 0    82.0 0   303.8 0   285.7 0   278.8 0   286.90 0   286.87 0   407.1 0   286.10 0   286.27 0    46.0 0   177.9 0   343.0 0  -128.4 0   214.7 0    11.6 0    24.9 0     2.0 0    52.4 0   829.5 0
 2019  10  1 10 19 50 19.833  62.73   406.4 0    79.4 0   280.5 0   283.5 0   278.7 0   286.93 0   286.89 0   404.3 0   286.13 0   286.27 0    45.3 0   172.4 0   332.6 0  -125.7 0   207.0 0    11.7 0    24.8 0     2.7 0    28.0 0   829.5 0
 2019  10  1 10 19 51 19.850  62.77   424.5 0    83.4 0   327.9 0   281.5 0   278.3 0   286.97 0   286.93 0   404.6 0   286.16 0   286.28 0    45.8 0   179.6 0   348.1 0  -126.3 0   221.7 0    11.6 0    25.4 0     2.3 0    39.6 0   829.5 0
 2019  10  1 10 19 52 19.867  62.80   428.5 0    84.3 0   345.2 0   278.7 0   277.9 0   286.98 0   286.91 0   407.1 0   286.19 0   286.31 0    45.9 0   180.9 0   352.2 0  -129.3 0   222.9 0    11.6 0    25.2 0     2.0 0    22.0 0   829.5 0
 2019  10  1 10 19 53 19.883  62.84   406.4 0    79.5 0   303.9 0   274.9 0   277.9 0   286.99 0   286.97 0   405.1 0   286.21 0   286.35 0    44.9 0   171.9 0   334.1 0  -127.2 0   206.9 0    11.7 0    24.8 0     0.7 0   341.1 0   829.5 0
 2019  10  1 10 19 54 19.900  62.88   395.3 0    77.2 0   287.3 0   271.0 0   278.7 0   287.02 0   287.03 0   405.3 0   286.25 0   286.40 0    44.2 0   167.6 0   324.8 0  -126.6 0   198.3 0    11.9 0    25.0 0     0.9 0     0.0 0   829.5 0
 2019  10  1 10 19 55 19.917  62.92   383.8 0    74.4 0   269.4 0   267.6 0   277.9 0   287.07 0   287.10 0   404.4 0   286.29 0   286.44 0    43.4 0   162.9 0   315.8 0  -126.5 0   189.3 0    12.1 0    24.9 0     1.9 0    54.9 0   829.4 0
 2019  10  1 10 19 56 19.933  62.96   381.1 0    74.5 0   267.8 0   265.4 0   277.3 0   287.12 0   287.12 0   401.8 0   286.33 0   286.45 0    42.9 0   161.9 0   312.7 0  -124.6 0   188.1 0    12.2 0    24.4 0     2.2 0    38.7 0   829.4 0
 2019  10  1 10 19 57 19.950  63.00   381.4 0    75.0 0   272.4 0   264.0 0   277.7 0   287.16 0   287.13 0   403.2 0   286.34 0   286.45 0    42.7 0   162.0 0   312.7 0  -125.4 0   187.3 0    12.2 0    25.4 0     1.9 0    20.5 0   829.4 0
 2019  10  1 10 19 58 19.967  63.04   376.1 0    73.7 0   262.5 0   263.1 0   276.8 0   287.20 0   287.16 0   400.7 0   286.37 0   286.46 0    42.4 0   159.9 0   308.4 0  -123.9 0   184.5 0    12.1 0    25.3 0     3.2 0    43.3 0   829.4 0
 2019  10  1 10 19 59 19.983  63.08   380.4 0    75.1 0   273.2 0   262.9 0   276.5 0   287.23 0   287.14 0   398.7 0   286.37 0   286.46 0    42.2 0   161.8 0   311.5 0  -122.2 0   189.2 0    12.0 0    25.4 0     2.6 0    46.6 0   829.4 0
 2019  10  1 10 20  0 20.000  63.13   403.5 0    79.8 0   325.2 0   263.2 0   276.8 0   287.24 0   287.14 0   401.6 0   286.37 0   286.47 0    42.7 0   170.7 0   330.4 0  -124.9 0   205.6 0    11.8 0    25.8 0     2.4 0    31.1 0   829.5 0
 2019  10  1 10 20  1 20.017  63.17   406.1 0    80.6 0   331.4 0   263.3 0   276.7 0   287.24 0   287.18 0   402.7 0   286.37 0   286.48 0    42.7 0   171.4 0   332.3 0  -126.0 0   206.3 0    11.8 0    25.9 0     1.4 0    32.8 0   829.4 0
 2019  10  1 10 20  2 20.033  63.22   417.2 0    82.0 0   355.6 0   263.7 0   277.7 0   287.25 0   287.26 0   405.1 0   286.38 0   286.54 0    43.0 0   175.5 0   341.9 0  -127.4 0   214.5 0    12.0 0    25.9 0     0.9 0    28.7 0   829.4 0
 2019  10  1 10 20  3 20.050  63.26   398.6 0    78.1 0   311.5 0   264.6 0   277.2 0   287.30 0   287.24 0   404.6 0   286.41 0   286.54 0    42.4 0   168.8 0   326.6 0  -127.5 0   199.2 0    12.2 0    26.1 0     2.3 0    47.7 0   829.4 0
 2019  10  1 10 20  4 20.067  63.31   398.4 0    78.3 0   306.8 0   266.3 0   277.6 0   287.33 0   287.28 0   401.2 0   286.43 0   286.55 0    42.3 0   168.2 0   325.8 0  -123.6 0   202.2 0    12.1 0    25.8 0     3.2 0    53.6 0   829.4 0
 2019  10  1 10 20  5 20.083  63.36   411.1 0    81.4 0   332.9 0   267.7 0   277.7 0   287.36 0   287.30 0   402.5 0   286.44 0   286.56 0    42.6 0   173.7 0   335.5 0  -124.7 0   210.8 0    12.1 0    26.0 0     1.8 0    51.6 0   829.3 0
 2019  10  1 10 20  6 20.100  63.40   407.7 0    80.1 0   325.6 0   267.6 0   278.0 0   287.39 0   287.34 0   404.7 0   286.45 0   286.59 0    42.4 0   172.3 0   333.3 0  -126.7 0   206.7 0    12.2 0    26.4 0     1.7 0    40.9 0   829.3 0
 2019  10  1 10 20  7 20.117  63.45   390.8 0    76.9 0   288.7 0   266.6 0   276.8 0   287.42 0   287.34 0   402.6 0   286.47 0   286.56 0    41.6 0   165.1 0   318.7 0  -125.8 0   193.0 0    12.1 0    25.8 0     3.3 0    25.7 0   829.3 0
 2019  10  1 10 20  8 20.133  63.50   375.6 0    74.4 0   259.0 0   264.6 0   276.3 0   287.42 0   287.32 0   399.6 0   286.45 0   286.52 0    40.7 0   159.3 0   305.7 0  -123.3 0   182.4 0    11.8 0    25.7 0     3.3 0    23.4 0   829.3 0
 2019  10  1 10 20  9 20.150  63.55   380.2 0    76.0 0   275.9 0   262.2 0   275.9 0   287.42 0   287.29 0   400.1 0   286.44 0   286.50 0    40.4 0   161.4 0   309.1 0  -124.2 0   184.9 0    11.6 0    25.9 0     2.4 0    14.3 0   829.3 0
 2019  10  1 10 20 10 20.167  63.61   381.1 0    75.6 0   284.4 0   259.8 0   276.0 0   287.42 0   287.26 0   401.2 0   286.42 0   286.52 0    40.2 0   161.2 0   310.6 0  -125.2 0   185.4 0    11.6 0    25.8 0     1.6 0     8.8 0   829.3 0
 2019  10  1 10 20 11 20.183  63.66   379.1 0    74.5 0   285.5 0   257.3 0   276.1 0   287.39 0   287.25 0   401.4 0   286.43 0   286.55 0    39.8 0   160.6 0   309.5 0  -125.3 0   184.2 0    11.7 0    25.8 0     1.6 0    23.4 0   829.3 0
 2019  10  1 10 20 12 20.200  63.71   377.7 0    74.6 0   286.2 0   255.8 0   275.3 0   287.37 0   287.24 0   400.3 0   286.44 0   286.50 0    39.6 0   159.6 0   307.9 0  -125.0 0   182.9 0    11.7 0    25.8 0     2.5 0    13.4 0   829.3 0
 2019  10  1 10 20 13 20.217  63.76   378.2 0    74.6 0   292.4 0   254.4 0   275.6 0   287.36 0   287.17 0   401.3 0   286.44 0   286.53 0    39.5 0   159.9 0   309.1 0  -125.7 0   183.4 0    11.7 0    26.0 0     1.8 0    30.0 0   829.3 0
 2019  10  1 10 20 14 20.233  63.82   374.3 0    73.5 0   286.8 0   253.0 0   275.6 0   287.33 0   287.16 0   400.9 0   286.44 0   286.53 0    39.3 0   158.2 0   306.1 0  -125.3 0   180.8 0    11.7 0    26.2 0     2.2 0    50.0 0   829.3 0
 2019  10  1 10 20 15 20.250  63.87   371.0 0    73.3 0   281.3 0   252.0 0   275.6 0   287.32 0   287.13 0   399.3 0   286.44 0   286.53 0    39.1 0   157.0 0   302.6 0  -123.7 0   178.9 0    11.6 0    26.0 0     2.9 0    51.7 0   829.3 0
 2019  10  1 10 20 16 20.267  63.93   364.2 0    72.3 0   266.7 0   251.4 0   275.6 0   287.30 0   287.17 0   398.3 0   286.44 0   286.53 0    38.8 0   153.9 0   296.3 0  -122.7 0   173.6 0    11.7 0    26.0 0     3.4 0    56.4 0   829.3 0
 2019  10  1 10 20 17 20.283  63.99   368.1 0    72.8 0   279.5 0   250.7 0   275.0 0   287.29 0   287.11 0   396.2 0   286.42 0   286.50 0    38.8 0   156.3 0   300.4 0  -121.2 0   179.3 0    11.6 0    26.0 0     3.0 0    55.6 0   829.3 0
 2019  10  1 10 20 18 20.300  64.05   378.2 0    74.9 0   304.6 0   250.2 0   275.7 0   287.27 0   287.13 0   398.0 0   286.39 0   286.50 0    39.1 0   160.2 0   308.6 0  -122.3 0   186.3 0    11.5 0    26.2 0     2.4 0    61.4 0   829.3 0
 2019  10  1 10 20 19 20.317  64.10   389.8 0    77.5 0   334.2 0   249.6 0   275.9 0   287.26 0   287.15 0   398.8 0   286.37 0   286.49 0    39.4 0   164.8 0   318.0 0  -122.9 0   195.1 0    11.7 0    26.4 0     2.6 0    41.2 0   829.3 0
 2019  10  1 10 20 20 20.333  64.16   404.8 0    80.7 0   370.7 0   249.3 0   275.6 0   287.27 0   287.16 0   401.2 0   286.37 0   286.49 0    39.9 0   170.7 0   330.1 0  -125.6 0   204.5 0    11.8 0    26.5 0     2.8 0    35.5 0   829.3 0
 2019  10  1 10 20 21 20.350  64.22   405.2 0    81.0 0   374.7 0   248.3 0   275.0 0   287.29 0   287.16 0   399.8 0   286.37 0   286.47 0    39.8 0   170.7 0   330.2 0  -124.8 0   205.4 0    11.7 0    26.1 0     3.5 0    47.4 0   829.3 0
 2019  10  1 10 20 22 20.367  64.29   402.5 0    80.7 0   372.9 0   247.4 0   274.7 0   287.28 0   287.11 0   400.1 0   286.36 0   286.46 0    39.6 0   169.7 0   328.5 0  -125.3 0   203.2 0    11.5 0    26.5 0     2.8 0    48.3 0   829.3 0
 2019  10  1 10 20 23 20.383  64.35   404.3 0    80.8 0   380.3 0   246.6 0   275.9 0   287.26 0   287.14 0   401.2 0   286.34 0   286.47 0    39.4 0   170.4 0   330.4 0  -125.3 0   205.1 0    11.5 0    26.5 0     2.8 0    45.4 0   829.3 0
 2019  10  1 10 20 24 20.400  64.41   403.3 0    80.7 0   380.1 0   245.8 0   275.1 0   287.27 0   287.16 0   400.4 0   286.34 0   286.44 0    39.2 0   169.8 0   329.2 0  -125.2 0   204.0 0    11.6 0    26.1 0     2.7 0    31.8 0   829.3 0
 2019  10  1 10 20 25 20.417  64.47   386.7 0    77.0 0   343.8 0   244.9 0   275.0 0   287.26 0   287.09 0   401.4 0   286.34 0   286.44 0    38.5 0   163.3 0   316.0 0  -126.5 0   189.6 0    11.6 0    26.3 0     1.8 0    12.4 0   829.3 0
 2019  10  1 10 20 26 20.433  64.54   386.0 0    76.7 0   344.4 0   244.1 0   275.6 0   287.25 0   287.07 0   401.2 0   286.32 0   286.44 0    38.2 0   162.9 0   315.5 0  -125.6 0   189.9 0    11.6 0    26.4 0     1.6 0    27.2 0   829.3 0
 2019  10  1 10 20 27 20.450  64.60   388.6 0    77.1 0   352.3 0   243.6 0   275.9 0   287.23 0   287.07 0   401.2 0   286.34 0   286.43 0    38.1 0   163.9 0   317.7 0  -125.3 0   192.4 0    11.6 0    26.3 0     2.9 0    38.6 0   829.3 0
 2019  10  1 10 20 28 20.467  64.67   392.0 0    78.0 0   361.9 0   243.6 0   275.8 0   287.21 0   287.07 0   399.2 0   286.32 0   286.40 0    38.1 0   165.1 0   320.5 0  -123.5 0   197.0 0    11.6 0    26.3 0     2.2 0    24.4 0   829.3 0
 2019  10  1 10 20 29 20.483  64.73   386.7 0    76.8 0   349.9 0   243.6 0   275.6 0   287.21 0   287.01 0   400.2 0   286.32 0   286.42 0    37.8 0   162.8 0   316.1 0  -124.6 0   191.5 0    11.4 0    26.6 0     3.0 0    47.5 0   829.3 0
 2019  10  1 10 20 30 20.500  64.80   375.5 0    74.7 0   324.1 0   243.6 0   275.6 0   287.18 0   286.99 0   398.0 0   286.30 0   286.40 0    37.3 0   158.4 0   306.9 0  -122.4 0   184.5 0    11.3 0    26.6 0     3.0 0    51.4 0   829.3 0
 2019  10  1 10 20 31 20.517  64.87   362.4 0    71.6 0   294.4 0   243.5 0   275.9 0   287.15 0   286.96 0   398.0 0   286.29 0   286.38 0    36.6 0   152.8 0   296.9 0  -122.1 0   174.9 0    11.2 0    26.8 0     2.3 0    32.3 0   829.3 0
 2019  10  1 10 20 32 20.533  64.94   349.6 0    68.9 0   264.7 0   242.7 0   276.3 0   287.11 0   286.92 0   398.1 0   286.27 0   286.37 0    35.9 0   147.7 0   285.9 0  -121.8 0   164.2 0    11.3 0    26.9 0     1.7 0    38.8 0   829.3 0
 2019  10  1 10 20 33 20.550  65.01   335.5 0    65.6 0   231.1 0   242.2 0   276.4 0   287.07 0   286.88 0   396.4 0   286.27 0   286.35 0    35.2 0   142.0 0   274.2 0  -120.0 0   154.3 0    11.3 0    26.9 0     2.3 0    60.5 0   829.3 0
 2019  10  1 10 20 34 20.567  65.08   331.3 0    65.2 0   220.7 0   242.2 0   276.7 0   287.03 0   286.84 0   395.0 0   286.25 0   286.34 0    34.8 0   140.4 0   270.0 0  -118.3 0   151.7 0    11.2 0    26.6 0     2.3 0    68.9 0   829.3 0
 2019  10  1 10 20 35 20.583  65.15   327.0 0    64.0 0   210.8 0   242.2 0   277.5 0   287.00 0   286.83 0   394.3 0   286.24 0   286.31 0    34.4 0   138.5 0   266.8 0  -116.8 0   150.0 0    11.3 0    26.7 0     3.3 0    51.6 0   829.3 0
 2019  10  1 10 20 36 20.600  65.22   314.4 0    61.6 0   180.4 0   242.2 0   278.0 0   286.98 0   286.85 0   393.8 0   286.23 0   286.26 0    33.8 0   133.4 0   256.2 0  -115.8 0   140.4 0    11.4 0    26.5 0     2.4 0    42.1 0   829.3 0
 2019  10  1 10 20 37 20.617  65.29   311.1 0    60.5 0   172.6 0   242.3 0   277.7 0   286.96 0   286.82 0   393.8 0   286.21 0   286.29 0    33.3 0   132.3 0   254.0 0  -116.1 0   137.9 0    11.5 0    26.2 0     1.6 0    63.5 0   829.3 0
 2019  10  1 10 20 38 20.633  65.37   309.8 0    59.8 0   168.9 0   242.8 0   277.7 0   286.93 0   286.73 0   392.7 0   286.19 0   286.28 0    33.0 0   132.0 0   253.4 0  -115.0 0   138.4 0    11.4 0    26.4 0     2.4 0    73.2 0   829.4 0
 2019  10  1 10 20 39 20.650  65.44   285.8 0    55.6 0   110.6 0   242.3 0   278.5 0   286.90 0   286.73 0   389.6 0   286.18 0   286.25 0    32.0 0   121.8 0   232.7 0  -111.2 0   121.5 0    11.3 0    26.4 0     2.9 0    71.2 0   829.4 0
 2019  10  1 10 20 40 20.667  65.52   283.6 0    54.3 0   108.1 0   241.7 0   278.7 0   286.86 0   286.69 0   389.0 0   286.15 0   286.21 0    31.7 0   121.1 0   232.1 0  -110.3 0   121.9 0    11.3 0    26.5 0     2.1 0    56.1 0   829.4 0
 2019  10  1 10 20 41 20.683  65.59   250.2 0    47.6 0    29.6 0   240.8 0   278.7 0   286.83 0   286.61 0   387.0 0   286.13 0   286.17 0    30.5 0   107.1 0   205.4 0  -108.3 0    97.1 0    11.2 0    26.4 0     2.3 0    84.6 0   829.4 0
 2019  10  1 10 20 42 20.700  65.67   244.9 0    46.9 0    15.5 0   240.8 0   279.8 0   286.77 0   286.55 0   385.4 0   286.09 0   286.13 0    30.2 0   104.9 0   200.3 0  -105.6 0    94.6 0    11.1 0    26.6 0     2.1 0    88.6 0   829.4 0
 2019  10  1 10 20 43 20.717  65.74   244.8 0    46.5 0    13.5 0   241.6 0   280.0 0   286.71 0   286.53 0   386.1 0   286.05 0   286.10 0    30.0 0   104.7 0   200.7 0  -106.2 0    94.6 0    11.1 0    26.9 0     1.6 0    63.5 0   829.4 0
 2019  10  1 10 20 44 20.733  65.82   244.4 0    46.3 0    11.0 0   242.4 0   280.2 0   286.65 0   286.44 0   385.7 0   286.04 0   286.06 0    29.8 0   104.5 0   200.6 0  -105.6 0    95.1 0    11.1 0    26.6 0     1.7 0    72.3 0   829.4 0
 2019  10  1 10 20 45 20.750  65.90   242.8 0    45.7 0     6.6 0   242.9 0   280.5 0   286.58 0   286.37 0   385.0 0   286.01 0   286.04 0    29.6 0   103.9 0   199.8 0  -104.4 0    95.4 0    10.9 0    26.8 0     2.1 0    78.3 0   829.4 0
 2019  10  1 10 20 46 20.767  65.98   241.6 0    45.6 0     5.1 0   242.4 0   281.3 0   286.52 0   286.33 0   384.0 0   285.99 0   286.02 0    29.4 0   103.3 0   198.8 0  -102.8 0    96.1 0    10.9 0    26.5 0     1.6 0    90.7 0   829.4 0
 2019  10  1 10 20 47 20.783  66.06   240.1 0    45.0 0     2.7 0   242.1 0   281.8 0   286.45 0   286.29 0   384.5 0   285.96 0   286.00 0    29.2 0   102.7 0   198.2 0  -102.8 0    95.4 0    10.9 0    26.8 0     1.9 0    71.5 0   829.4 0
 2019  10  1 10 20 48 20.800  66.14   239.5 0    45.0 0     2.2 0   241.8 0   282.6 0   286.40 0   286.31 0   385.4 0   285.94 0   285.97 0    28.9 0   102.6 0   197.7 0  -102.8 0    94.9 0    11.0 0    27.1 0     0.9 0    63.7 0   829.4 0
 2019  10  1 10 20 49 20.817  66.22   240.3 0    45.0 0     3.6 0   241.9 0   282.4 0   286.38 0   286.29 0   384.9 0   285.93 0   285.96 0    28.8 0   102.9 0   198.3 0  -102.6 0    95.7 0    11.1 0    26.5 0     2.4 0    56.5 0   829.4 0
 2019  10  1 10 20 50 20.833  66.30   241.0 0    45.6 0     3.4 0   242.8 0   282.2 0   286.35 0   286.23 0   383.7 0   285.90 0   285.94 0    28.6 0   103.2 0   198.5 0  -101.5 0    97.0 0    11.1 0    26.4 0     2.0 0    51.4 0   829.5 0
 2019  10  1 10 20 51 20.850  66.39   242.3 0    45.7 0     4.2 0   243.8 0   282.7 0   286.31 0   286.20 0   384.5 0   285.88 0   285.94 0    28.6 0   103.8 0   199.8 0  -101.8 0    98.0 0    11.0 0    26.9 0     1.8 0    80.3 0   829.5 0
 2019  10  1 10 20 52 20.867  66.47   257.0 0    49.2 0    38.5 0   244.5 0   283.0 0   286.28 0   286.20 0   385.3 0   285.87 0   285.92 0    28.9 0   110.9 0   210.7 0  -102.4 0   108.3 0    11.1 0    26.7 0     2.2 0    73.5 0   829.5 0
 2019  10  1 10 20 53 20.883  66.55   281.3 0    54.2 0    95.1 0   245.3 0   282.6 0   286.25 0   286.17 0   387.7 0   285.84 0   285.89 0    29.5 0   121.1 0   228.8 0  -105.1 0   123.7 0    11.2 0    26.7 0     1.7 0    61.0 0   829.5 0
 2019  10  1 10 20 54 20.900  66.64   262.2 0    49.6 0    47.7 0   245.3 0   283.4 0   286.24 0   286.17 0   387.3 0   285.83 0   285.88 0    28.9 0   112.5 0   214.6 0  -103.9 0   110.7 0    11.2 0    26.7 0     2.3 0    69.1 0   829.5 0
 2019  10  1 10 20 55 20.917  66.72   260.4 0    49.8 0    44.8 0   245.2 0   283.4 0   286.24 0   286.19 0   387.3 0   285.82 0   285.86 0    28.7 0   112.3 0   213.1 0  -103.8 0   109.3 0    11.3 0    26.7 0     1.7 0    45.5 0   829.5 0
 2019  10  1 10 20 56 20.933  66.81   268.9 0    50.5 0    67.1 0   245.8 0   283.6 0   286.24 0   286.16 0   387.4 0   285.81 0   285.88 0    28.8 0   115.7 0   221.7 0  -103.8 0   117.9 0    11.2 0    26.4 0     1.9 0    69.3 0   829.5 0
 2019  10  1 10 20 57 20.950  66.90   256.0 0    48.7 0    33.7 0   245.9 0   283.2 0   286.22 0   286.14 0   386.3 0   285.81 0   285.86 0    28.3 0   110.1 0   210.4 0  -103.1 0   107.3 0    11.2 0    26.3 0     2.0 0   103.3 0   829.5 0
 2019  10  1 10 20 58 20.967  66.98   256.2 0    49.7 0    33.1 0   246.4 0   284.1 0   286.22 0   286.14 0   385.6 0   285.79 0   285.85 0    28.2 0   109.9 0   209.6 0  -101.6 0   108.1 0    11.1 0    26.4 0     2.6 0    96.5 0   829.5 0
 2019  10  1 10 20 59 20.983  67.07   276.2 0    54.8 0    82.2 0   247.1 0   283.9 0   286.21 0   286.14 0   387.1 0   285.78 0   285.83 0    28.6 0   118.5 0   224.3 0  -103.2 0   121.1 0    11.2 0    26.9 0     2.6 0    98.3 0   829.5 0
 2019  10  1 10 21  0 21.000  67.16   288.7 0    57.6 0   114.2 0   247.4 0   283.8 0   286.19 0   286.13 0   388.3 0   285.77 0   285.83 0    28.8 0   123.5 0   234.1 0  -104.5 0   129.6 0    11.1 0    26.4 0     2.2 0    88.6 0   829.5 0
 2019  10  1 10 21  1 21.017  67.25   298.6 0    57.8 0   143.4 0   247.1 0   284.3 0   286.19 0   286.13 0   390.0 0   285.76 0   285.84 0    28.8 0   127.3 0   244.7 0  -105.7 0   139.0 0    11.1 0    26.2 0     2.1 0    92.6 0   829.5 0
 2019  10  1 10 21  2 21.033  67.34   295.9 0    57.4 0   139.4 0   246.1 0   284.3 0   286.19 0   286.14 0   390.1 0   285.76 0   285.84 0    28.6 0   126.1 0   242.4 0  -105.8 0   136.6 0    11.1 0    26.4 0     1.6 0    67.0 0   829.5 0
 2019  10  1 10 21  3 21.050  67.43   292.4 0    56.3 0   134.2 0   245.0 0   284.4 0   286.20 0   286.13 0   389.5 0   285.76 0   285.84 0    28.2 0   124.6 0   240.2 0  -105.1 0   135.1 0    11.1 0    26.3 0     2.4 0    70.5 0   829.5 0
 2019  10  1 10 21  4 21.067  67.52   290.7 0    56.2 0   135.1 0   243.4 0   284.9 0   286.21 0   286.15 0   388.9 0   285.76 0   285.83 0    27.9 0   124.0 0   238.9 0  -104.0 0   134.8 0    11.1 0    26.4 0     2.3 0    68.9 0   829.5 0
 2019  10  1 10 21  5 21.083  67.62   288.3 0    55.6 0   134.8 0   241.5 0   285.1 0   286.22 0   286.16 0   388.8 0   285.74 0   285.82 0    27.6 0   123.1 0   237.2 0  -103.7 0   133.5 0    11.1 0    26.5 0     1.9 0    68.6 0   829.5 0
 2019  10  1 10 21  6 21.100  67.71   278.8 0    53.8 0   114.4 0   239.6 0   284.8 0   286.22 0   286.13 0   388.6 0   285.74 0   285.82 0    27.1 0   119.0 0   229.1 0  -103.8 0   125.4 0    11.1 0    26.4 0     1.8 0    77.8 0   829.5 0
 2019  10  1 10 21  7 21.117  67.80   275.1 0    52.7 0   109.9 0   237.8 0   285.2 0   286.21 0   286.14 0   388.2 0   285.73 0   285.82 0    26.7 0   117.7 0   226.6 0  -103.0 0   123.5 0    11.1 0    26.4 0     2.0 0    94.7 0   829.6 0
 2019  10  1 10 21  8 21.133  67.90   259.6 0    48.9 0    72.5 0   236.5 0   285.3 0   286.19 0   286.11 0   387.5 0   285.73 0   285.81 0    26.1 0   111.0 0   214.9 0  -102.3 0   112.6 0    11.2 0    26.5 0     1.6 0    88.8 0   829.6 0
 2019  10  1 10 21  9 21.150  67.99   234.6 0    44.2 0     8.4 0   235.6 0   285.4 0   286.19 0   286.12 0   386.1 0   285.72 0   285.77 0    25.4 0   100.8 0   194.5 0  -100.7 0    93.9 0    11.2 0    26.8 0     1.3 0    73.9 0   829.5 0
 2019  10  1 10 21 10 21.167  68.09   230.8 0    43.6 0     4.0 0   233.9 0   285.7 0   286.19 0   286.10 0   384.6 0   285.71 0   285.75 0    25.0 0    99.3 0   191.8 0   -98.9 0    92.9 0    11.2 0    26.6 0     2.4 0   103.8 0   829.6 0
 2019  10  1 10 21 11 21.183  68.18   227.6 0    42.9 0     3.8 0   231.5 0   285.7 0   286.17 0   286.06 0   383.4 0   285.70 0   285.73 0    24.7 0    98.0 0   189.9 0   -97.7 0    92.2 0    11.1 0    26.6 0     2.0 0   118.2 0   829.6 0
 2019  10  1 10 21 12 21.200  68.28   224.4 0    42.2 0     3.3 0   228.5 0   286.0 0   286.14 0   286.05 0   383.0 0   285.68 0   285.71 0    24.4 0    96.7 0   187.5 0   -96.9 0    90.6 0    11.0 0    26.6 0     1.9 0   122.4 0   829.5 0
 2019  10  1 10 21 13 21.217  68.38   223.4 0    42.1 0     7.9 0   225.6 0   286.9 0   286.14 0   286.07 0   382.6 0   285.66 0   285.70 0    24.1 0    96.5 0   186.5 0   -95.7 0    90.8 0    11.0 0    26.9 0     1.8 0   108.4 0   829.6 0
 2019  10  1 10 21 14 21.233  68.48   221.0 0    41.4 0     5.7 0   223.7 0   287.2 0   286.14 0   286.09 0   383.6 0   285.66 0   285.70 0    23.8 0    95.4 0   184.4 0   -96.4 0    87.9 0    11.2 0    27.2 0     1.6 0   102.8 0   829.5 0
 2019  10  1 10 21 15 21.250  68.58   219.8 0    41.3 0     4.5 0   222.7 0   286.8 0   286.14 0   286.05 0   382.6 0   285.64 0   285.68 0    23.5 0    94.8 0   183.0 0   -95.8 0    87.2 0    11.2 0    27.3 0     1.9 0    97.1 0   829.5 0
 2019  10  1 10 21 16 21.267  68.67   219.1 0    41.0 0     5.0 0   221.8 0   286.7 0   286.12 0   286.01 0   382.5 0   285.63 0   285.68 0    23.3 0    94.5 0   182.7 0   -95.8 0    86.9 0    11.1 0    27.1 0     1.5 0   113.4 0   829.5 0
 2019  10  1 10 21 17 21.283  68.77   216.8 0    40.7 0     1.7 0   220.8 0   287.1 0   286.09 0   286.01 0   382.3 0   285.63 0   285.66 0    23.0 0    93.4 0   180.7 0   -95.2 0    85.5 0    11.1 0    26.7 0     1.3 0    86.4 0   829.5 0
 2019  10  1 10 21 18 21.300  68.88   214.7 0    40.1 0     1.3 0   219.1 0   287.7 0   286.09 0   286.04 0   381.9 0   285.62 0   285.66 0    22.8 0    92.7 0   179.4 0   -94.2 0    85.2 0    11.1 0    26.3 0     1.4 0    42.6 0   829.5 0
 2019  10  1 10 21 19 21.317  68.98   213.6 0    40.1 0     1.4 0   217.7 0   287.8 0   286.09 0   286.01 0   381.9 0   285.61 0   285.66 0    22.5 0    92.1 0   178.1 0   -94.1 0    84.0 0    11.2 0    26.4 0     1.0 0    20.1 0   829.5 0
 2019  10  1 10 21 20 21.333  69.08   213.5 0    40.1 0     2.5 0   217.1 0   287.5 0   286.06 0   286.01 0   382.3 0   285.61 0   285.66 0    22.4 0    92.2 0   177.9 0   -94.8 0    83.0 0    11.2 0    26.5 0     0.8 0    18.8 0   829.5 0
 2019  10  1 10 21 21 21.350  69.18   214.9 0    40.1 0     5.8 0   217.4 0   287.4 0   286.06 0   285.99 0   382.7 0   285.62 0   285.65 0    22.2 0    92.8 0   179.4 0   -95.3 0    84.1 0    11.2 0    26.9 0     1.7 0    45.5 0   829.5 0
 2019  10  1 10 21 22 21.367  69.29   214.3 0    40.1 0     3.1 0   217.8 0   287.3 0   286.05 0   285.98 0   381.9 0   285.62 0   285.65 0    22.1 0    92.5 0   178.8 0   -94.6 0    84.2 0    11.2 0    26.5 0     1.1 0    35.7 0   829.6 0
 2019  10  1 10 21 23 21.383  69.39   214.4 0    40.2 0     3.8 0   217.5 0   287.4 0   286.03 0   285.94 0   381.9 0   285.61 0   285.63 0    21.9 0    92.6 0   178.6 0   -94.5 0    84.1 0    11.2 0    26.7 0     1.9 0    41.2 0   829.6 0
 2019  10  1 10 21 24 21.400  69.49   222.0 0    42.6 0    26.4 0   217.1 0   287.7 0   286.01 0   285.94 0   382.2 0   285.60 0   285.63 0    21.9 0    96.0 0   183.7 0   -94.4 0    89.3 0    11.2 0    27.0 0     2.1 0    58.9 0   829.5 0
 2019  10  1 10 21 25 21.417  69.60   230.2 0    44.5 0    50.3 0   217.1 0   287.3 0   285.99 0   285.94 0   382.2 0   285.58 0   285.63 0    21.9 0    99.3 0   190.1 0   -94.9 0    95.1 0    11.2 0    26.7 0     1.9 0    53.7 0   829.6 0
 2019  10  1 10 21 26 21.433  69.70   266.2 0    52.3 0   153.6 0   217.7 0   287.4 0   285.99 0   285.95 0   385.0 0   285.58 0   285.64 0    22.4 0   114.0 0   218.6 0   -97.6 0   121.1 0    11.2 0    26.6 0     1.9 0    60.7 0   829.6 0
 2019  10  1 10 21 27 21.450  69.81   268.1 0    52.4 0   157.7 0   218.5 0   287.4 0   286.00 0   285.94 0   385.9 0   285.58 0   285.66 0    22.3 0   114.1 0   220.4 0   -98.5 0   121.9 0    11.2 0    26.5 0     1.9 0    62.4 0   829.5 0
 2019  10  1 10 21 28 21.467  69.92   264.0 0    51.6 0   147.0 0   218.2 0   287.2 0   286.01 0   285.93 0   386.3 0   285.58 0   285.66 0    22.1 0   112.7 0   217.1 0   -99.1 0   118.0 0    11.1 0    26.6 0     1.8 0    52.9 0   829.5 0
 2019  10  1 10 21 29 21.483  70.03   254.3 0    50.2 0   121.6 0   216.9 0   287.4 0   286.01 0   285.94 0   386.1 0   285.58 0   285.66 0    21.8 0   109.0 0   208.3 0   -98.8 0   109.5 0    11.1 0    26.7 0     1.4 0    45.1 0   829.5 0
 2019  10  1 10 21 30 21.500  70.13   265.8 0    52.5 0   159.0 0   216.2 0   287.1 0   286.01 0   285.98 0   387.0 0   285.58 0   285.67 0    21.7 0   113.2 0   217.7 0   -99.9 0   117.8 0    11.2 0    26.8 0     1.3 0    63.1 0   829.5 0
 2019  10  1 10 21 31 21.517  70.24   268.3 0    53.2 0   168.5 0   215.7 0   286.9 0   286.04 0   285.96 0   388.0 0   285.59 0   285.68 0    21.5 0   114.0 0   219.5 0  -101.1 0   118.4 0    11.3 0    26.8 0     1.0 0    37.8 0   829.5 0
 2019  10  1 10 21 32 21.533  70.35   266.6 0    52.8 0   168.8 0   214.6 0   286.9 0   286.04 0   286.01 0   388.2 0   285.61 0   285.69 0    21.3 0   113.2 0   218.6 0  -101.3 0   117.3 0    11.3 0    26.4 0     1.1 0    82.9 0   829.5 0
 2019  10  1 10 21 33 21.550  70.46   257.1 0    50.8 0   148.0 0   212.4 0   286.8 0   286.08 0   286.02 0   387.4 0   285.62 0   285.72 0    20.9 0   109.3 0   211.1 0  -100.6 0   110.5 0    11.4 0    26.3 0     0.9 0    91.9 0   829.5 0
 2019  10  1 10 21 34 21.567  70.57   245.3 0    48.2 0   119.9 0   209.7 0   287.4 0   286.10 0   286.07 0   386.6 0   285.63 0   285.73 0    20.5 0   104.4 0   201.3 0   -99.2 0   102.1 0    11.4 0    26.1 0     1.0 0   103.8 0   829.5 0
 2019  10  1 10 21 35 21.583  70.68   250.0 0    49.6 0   141.4 0   207.6 0   287.0 0   286.13 0   286.11 0   386.6 0   285.66 0   285.73 0    20.3 0   106.3 0   204.7 0   -99.6 0   105.2 0    11.5 0    26.1 0     2.0 0    58.8 0   829.5 0
 2019  10  1 10 21 36 21.600  70.79   255.8 0    50.9 0   164.7 0   206.5 0   287.1 0   286.17 0   286.09 0   385.7 0   285.68 0   285.76 0    20.2 0   108.6 0   209.7 0   -98.6 0   111.1 0    11.4 0    25.9 0     1.9 0    58.4 0   829.5 0
 2019  10  1 10 21 37 21.617  70.91   246.5 0    49.1 0   141.1 0   205.0 0   287.1 0   286.18 0   286.09 0   385.4 0   285.68 0   285.77 0    19.9 0   104.5 0   202.0 0   -98.3 0   103.8 0    11.3 0    26.0 0     1.6 0    66.2 0   829.5 0
 2019  10  1 10 21 38 21.633  71.02   236.1 0    46.9 0   115.9 0   202.9 0   287.6 0   286.19 0   286.14 0   384.5 0   285.68 0   285.75 0    19.5 0   100.3 0   193.7 0   -96.9 0    96.8 0    11.4 0    26.1 0     2.1 0    37.5 0   829.5 0
 2019  10  1 10 21 39 21.650  71.13   230.2 0    45.7 0   104.0 0   201.0 0   287.2 0   286.20 0   286.14 0   383.5 0   285.68 0   285.73 0    19.2 0    98.0 0   189.0 0   -96.3 0    92.7 0    11.4 0    26.2 0     1.8 0    27.7 0   829.5 0
 2019  10  1 10 21 40 21.667  71.25   226.0 0    44.6 0    96.2 0   199.5 0   286.7 0   286.21 0   286.13 0   383.1 0   285.68 0   285.72 0    19.0 0    96.1 0   185.9 0   -96.4 0    89.4 0    11.4 0    26.3 0     2.0 0    15.6 0   829.5 0
 2019  10  1 10 21 41 21.683  71.36   226.7 0    45.0 0   102.5 0   198.7 0   287.0 0   286.21 0   286.09 0   382.5 0   285.68 0   285.69 0    18.8 0    96.4 0   186.4 0   -95.4 0    90.9 0    11.2 0    25.8 0     2.7 0    18.7 0   829.5 0
 2019  10  1 10 21 42 21.700  71.48   228.5 0    45.4 0   110.4 0   198.1 0   287.0 0   286.21 0   286.12 0   381.9 0   285.66 0   285.68 0    18.6 0    96.9 0   187.7 0   -94.9 0    92.8 0    11.2 0    25.9 0     2.4 0    25.1 0   829.5 0
 2019  10  1 10 21 43 21.717  71.59   221.4 0    43.7 0    89.8 0   197.3 0   286.6 0   286.19 0   286.09 0   381.2 0   285.64 0   285.67 0    18.4 0    94.0 0   182.0 0   -94.6 0    87.4 0    11.1 0    26.1 0     2.7 0    30.5 0   829.5 0
 2019  10  1 10 21 44 21.733  71.71   217.5 0    42.8 0    79.3 0   196.7 0   286.8 0   286.19 0   286.07 0   380.7 0   285.63 0   285.65 0    18.2 0    92.5 0   178.8 0   -93.9 0    84.9 0    11.1 0    26.3 0     2.3 0    28.3 0   829.5 0
 2019  10  1 10 21 45 21.750  71.82   213.5 0    41.7 0    71.3 0   195.4 0   287.2 0   286.17 0   286.06 0   381.0 0   285.61 0   285.64 0    18.0 0    90.9 0   175.9 0   -93.8 0    82.2 0    11.1 0    26.5 0     2.1 0    28.2 0   829.5 0
 2019  10  1 10 21 46 21.767  71.94   209.0 0    40.5 0    64.1 0   193.0 0   287.1 0   286.15 0   286.05 0   380.8 0   285.61 0   285.63 0    17.7 0    89.0 0   172.3 0   -93.7 0    78.7 0    11.1 0    26.5 0     2.3 0    33.0 0   829.5 0
 2019  10  1 10 21 47 21.783  72.06   203.8 0    39.5 0    55.6 0   190.3 0   287.0 0   286.14 0   286.02 0   379.9 0   285.58 0   285.61 0    17.4 0    86.9 0   167.9 0   -92.9 0    75.1 0    11.1 0    26.2 0     2.1 0    29.8 0   829.5 0
 2019  10  1 10 21 48 21.800  72.18   198.1 0    38.2 0    44.9 0   187.8 0   286.8 0   286.11 0   286.01 0   379.9 0   285.58 0   285.59 0    17.1 0    84.4 0   163.3 0   -93.1 0    70.2 0    11.1 0    26.4 0     1.7 0    23.8 0   829.5 0
 2019  10  1 10 21 49 21.817  72.30   190.9 0    36.7 0    30.4 0   185.1 0   286.5 0   286.09 0   285.98 0   378.5 0   285.56 0   285.57 0    16.8 0    81.3 0   157.6 0   -92.0 0    65.6 0    11.1 0    26.5 0     2.5 0    21.5 0   829.5 0
 2019  10  1 10 21 50 21.833  72.42   186.3 0    35.9 0    25.3 0   182.1 0   285.9 0   286.08 0   285.96 0   377.7 0   285.54 0   285.53 0    16.4 0    79.4 0   153.8 0   -91.8 0    62.1 0    11.1 0    26.5 0     2.2 0    16.8 0   829.5 0
 2019  10  1 10 21 51 21.850  72.54   183.8 0    35.3 0    27.4 0   178.8 0   285.6 0   286.05 0   285.93 0   377.4 0   285.53 0   285.53 0    16.1 0    78.3 0   151.7 0   -91.8 0    59.9 0    11.1 0    26.5 0     2.2 0    21.3 0   829.5 0
 2019  10  1 10 21 52 21.867  72.66   182.5 0    35.0 0    33.8 0   175.6 0   285.7 0   286.03 0   285.89 0   377.2 0   285.50 0   285.51 0    15.8 0    77.6 0   150.7 0   -91.5 0    59.2 0    11.0 0    26.9 0     1.7 0     8.9 0   829.5 0
 2019  10  1 10 21 53 21.883  72.78   178.0 0    34.4 0    30.0 0   172.5 0   285.4 0   285.99 0   285.87 0   377.0 0   285.48 0   285.48 0    15.5 0    75.8 0   147.0 0   -91.6 0    55.5 0    11.1 0    27.1 0     2.4 0    32.1 0   829.5 0
 2019  10  1 10 21 54 21.900  72.90   177.2 0    34.4 0    38.3 0   169.4 0   284.5 0   285.97 0   285.85 0   375.7 0   285.46 0   285.48 0    15.3 0    75.5 0   146.3 0   -91.2 0    55.1 0    11.1 0    26.7 0     2.2 0    41.3 0   829.5 0
 2019  10  1 10 21 55 21.917  73.02   175.2 0    33.8 0    43.0 0   166.4 0   283.4 0   285.95 0   285.79 0   375.0 0   285.44 0   285.46 0    15.1 0    74.7 0   145.1 0   -91.6 0    53.6 0    11.0 0    26.7 0     1.7 0    37.6 0   829.5 0
 2019  10  1 10 21 56 21.933  73.14   171.4 0    33.0 0    40.4 0   163.3 0   282.6 0   285.92 0   285.76 0   374.8 0   285.43 0   285.45 0    14.8 0    73.2 0   142.0 0   -92.2 0    49.8 0    11.0 0    26.8 0     1.2 0    35.5 0   829.5 0
 2019  10  1 10 21 57 21.950  73.27   169.5 0    32.4 0    43.4 0   160.8 0   282.1 0   285.89 0   285.74 0   374.4 0   285.42 0   285.43 0    14.6 0    72.4 0   140.9 0   -92.3 0    48.5 0    11.0 0    26.7 0     1.9 0    31.3 0   829.5 0
 2019  10  1 10 21 58 21.967  73.39   167.9 0    32.4 0    45.6 0   158.8 0   281.6 0   285.87 0   285.71 0   373.5 0   285.40 0   285.41 0    14.3 0    71.8 0   139.3 0   -91.8 0    47.5 0    11.0 0    26.6 0     2.2 0    25.2 0   829.5 0
 2019  10  1 10 21 59 21.983  73.52   164.8 0    31.7 0    40.7 0   157.0 0   281.3 0   285.84 0   285.68 0   373.3 0   285.38 0   285.38 0    14.1 0    70.5 0   136.9 0   -91.9 0    44.9 0    10.9 0    26.6 0     2.2 0    41.1 0   829.5 0
 2019  10  1 10 22  0 22.000  73.64   163.3 0    31.5 0    41.9 0   155.3 0   281.0 0   285.82 0   285.67 0   372.6 0   285.36 0   285.36 0    13.9 0    70.0 0   135.6 0   -91.6 0    44.0 0    10.9 0    26.5 0     2.7 0    37.5 0   829.5 0
 2019  10  1 10 22  1 22.017  73.76   159.3 0    30.5 0    33.5 0   153.4 0   280.8 0   285.80 0   285.65 0   372.1 0   285.33 0   285.33 0    13.7 0    68.1 0   132.3 0   -91.3 0    41.0 0    10.9 0    26.4 0     2.4 0    42.8 0   829.5 0
 2019  10  1 10 22  2 22.033  73.89   156.8 0    30.1 0    33.8 0   151.2 0   280.6 0   285.77 0   285.61 0   371.5 0   285.31 0   285.31 0    13.5 0    67.2 0   130.4 0   -91.0 0    39.5 0    10.9 0    26.2 0     2.8 0    46.1 0   829.5 0
 2019  10  1 10 22  3 22.050  74.02   153.5 0    29.4 0    31.9 0   148.5 0   280.4 0   285.75 0   285.59 0   371.0 0   285.28 0   285.28 0    13.3 0    65.8 0   127.8 0   -90.6 0    37.2 0    10.9 0    26.1 0     2.6 0    43.3 0   829.5 0
 2019  10  1 10 22  4 22.067  74.14   149.5 0    28.8 0    30.2 0   145.2 0   280.3 0   285.73 0   285.56 0   370.3 0   285.25 0   285.24 0    13.0 0    64.3 0   124.6 0   -90.0 0    34.6 0    10.9 0    26.0 0     3.0 0    42.4 0   829.4 0
 2019  10  1 10 22  5 22.083  74.27   147.1 0    28.2 0    34.7 0   141.6 0   279.9 0   285.70 0   285.52 0   369.6 0   285.22 0   285.22 0    12.7 0    63.3 0   122.8 0   -89.7 0    33.1 0    10.8 0    26.0 0     2.9 0    41.0 0   829.4 0
 2019  10  1 10 22  6 22.100  74.40   142.2 0    27.2 0    28.8 0   138.3 0   280.0 0   285.68 0   285.49 0   369.1 0   285.20 0   285.18 0    12.5 0    61.2 0   118.8 0   -89.1 0    29.6 0    10.8 0    26.1 0     2.9 0    34.6 0   829.4 0
 2019  10  1 10 22  7 22.117  74.53   138.0 0    26.5 0    23.8 0   135.3 0   279.6 0   285.65 0   285.46 0   368.4 0   285.17 0   285.15 0    12.2 0    59.4 0   115.2 0   -88.8 0    26.3 0    10.8 0    26.4 0     2.6 0    24.8 0   829.4 0
 2019  10  1 10 22  8 22.133  74.65   134.2 0    25.7 0    19.2 0   132.5 0   279.3 0   285.61 0   285.44 0   367.7 0   285.13 0   285.11 0    11.9 0    57.8 0   111.9 0   -88.4 0    23.5 0    10.8 0    26.1 0     3.0 0    25.9 0   829.4 0
 2019  10  1 10 22  9 22.150  74.78   131.0 0    25.1 0    15.6 0   130.2 0   279.3 0   285.59 0   285.40 0   367.1 0   285.09 0   285.07 0    11.7 0    56.4 0   109.2 0   -87.8 0    21.4 0    10.8 0    26.1 0     2.8 0    17.6 0   829.4 0
 2019  10  1 10 22 10 22.167  74.91   128.8 0    24.8 0    13.7 0   128.4 0   279.2 0   285.55 0   285.38 0   366.7 0   285.06 0   285.03 0    11.4 0    55.5 0   107.2 0   -87.5 0    19.7 0    10.8 0    26.2 0     2.6 0    14.6 0   829.4 0
 2019  10  1 10 22 11 22.183  75.04   127.5 0    24.3 0    11.5 0   127.4 0   279.5 0   285.52 0   285.34 0   366.3 0   285.03 0   285.00 0    11.2 0    54.9 0   106.1 0   -86.9 0    19.2 0    10.8 0    26.3 0     2.7 0    12.8 0   829.4 0
 2019  10  1 10 22 12 22.200  75.17   126.5 0    24.1 0     9.3 0   127.0 0   279.8 0   285.49 0   285.31 0   365.9 0   284.99 0   284.97 0    11.0 0    54.4 0   105.3 0   -86.1 0    19.2 0    10.8 0    26.3 0     2.7 0     9.7 0   829.4 0
 2019  10  1 10 22 13 22.217  75.31   126.2 0    24.1 0     7.6 0   127.0 0   280.1 0   285.47 0   285.28 0   365.9 0   284.96 0   284.94 0    10.9 0    54.4 0   104.9 0   -85.8 0    19.0 0    10.7 0    26.3 0     2.9 0    20.0 0   829.4 0
 2019  10  1 10 22 14 22.233  75.44   126.2 0    24.1 0     6.8 0   127.0 0   280.4 0   285.44 0   285.27 0   365.7 0   284.93 0   284.91 0    10.8 0    54.1 0   104.6 0   -85.3 0    19.3 0    10.7 0    26.2 0     3.0 0    21.0 0   829.4 0
 2019  10  1 10 22 15 22.250  75.57   125.8 0    24.0 0     6.4 0   127.0 0   281.2 0   285.41 0   285.25 0   365.6 0   284.90 0   284.88 0    10.7 0    54.0 0   104.6 0   -84.4 0    20.2 0    10.7 0    25.7 0     3.3 0    23.9 0   829.4 0
 2019  10  1 10 22 16 22.267  75.70   125.3 0    23.6 0     5.8 0   127.0 0   281.8 0   285.40 0   285.23 0   365.5 0   284.87 0   284.87 0    10.6 0    53.9 0   104.8 0   -83.7 0    21.2 0    10.7 0    25.7 0     2.9 0    29.7 0   829.4 0
 2019  10  1 10 22 17 22.283  75.83   124.7 0    23.4 0     4.7 0   126.5 0   282.4 0   285.37 0   285.21 0   365.4 0   284.84 0   284.83 0    10.4 0    53.6 0   104.3 0   -83.0 0    21.3 0    10.7 0    25.7 0     2.9 0    28.2 0   829.4 0
 2019  10  1 10 22 18 22.300  75.97   123.5 0    23.2 0     3.2 0   125.7 0   282.5 0   285.34 0   285.20 0   365.3 0   284.82 0   284.81 0    10.3 0    53.0 0   103.2 0   -82.8 0    20.5 0    10.7 0    25.5 0     2.9 0    26.4 0   829.4 0
 2019  10  1 10 22 19 22.317  76.10   122.1 0    22.7 0     2.1 0   124.5 0   282.8 0   285.33 0   285.17 0   365.2 0   284.80 0   284.79 0    10.1 0    52.4 0   102.3 0   -82.4 0    19.9 0    10.7 0    25.6 0     2.6 0    20.0 0   829.4 0
 2019  10  1 10 22 20 22.333  76.23   120.1 0    22.5 0     1.4 0   122.7 0   282.9 0   285.30 0   285.15 0   365.0 0   284.77 0   284.77 0     9.9 0    51.6 0   100.6 0   -82.1 0    18.5 0    10.7 0    25.7 0     2.7 0    20.5 0   829.4 0
 2019  10  1 10 22 21 22.350  76.37   117.9 0    22.0 0     1.0 0   120.6 0   283.1 0   285.28 0   285.12 0   364.6 0   284.75 0   284.75 0     9.8 0    50.7 0    98.9 0   -81.5 0    17.4 0    10.7 0    25.9 0     2.6 0    17.4 0   829.4 0
 2019  10  1 10 22 22 22.367  76.50   115.3 0    21.4 0     0.4 0   118.1 0   283.6 0   285.27 0   285.11 0   364.6 0   284.74 0   284.72 0     9.5 0    49.6 0    96.8 0   -81.0 0    15.8 0    10.7 0    26.2 0     2.1 0    16.1 0   829.4 0
 2019  10  1 10 22 23 22.383  76.64   112.4 0    20.8 0     0.4 0   115.3 0   283.6 0   285.23 0   285.07 0   364.1 0   284.71 0   284.69 0     9.3 0    48.4 0    94.6 0   -80.5 0    14.0 0    10.7 0    26.4 0     1.9 0    20.8 0   829.4 0
 2019  10  1 10 22 24 22.400  76.78   109.5 0    20.2 0     0.4 0   112.3 0   284.0 0   285.21 0   285.05 0   363.7 0   284.69 0   284.67 0     9.1 0    47.1 0    92.2 0   -79.7 0    12.5 0    10.7 0    26.2 0     2.0 0    19.0 0   829.4 0
 2019  10  1 10 22 25 22.417  76.91   106.3 0    19.6 0     0.4 0   109.2 0   284.4 0   285.19 0   285.03 0   363.3 0   284.67 0   284.66 0     8.9 0    45.9 0    89.7 0   -78.8 0    10.9 0    10.7 0    26.4 0     2.0 0    14.1 0   829.4 0
 2019  10  1 10 22 26 22.433  77.05   103.1 0    19.1 0     0.4 0   106.0 0   284.8 0   285.17 0   285.00 0   362.8 0   284.65 0   284.63 0     8.6 0    44.5 0    87.0 0   -78.0 0     9.0 0    10.6 0    26.0 0     2.6 0    21.5 0   829.4 0
 2019  10  1 10 22 27 22.450  77.19   100.0 0    18.5 0     0.4 0   102.8 0   285.3 0   285.14 0   284.97 0   362.1 0   284.62 0   284.61 0     8.4 0    43.2 0    84.4 0   -76.8 0     7.6 0    10.6 0    26.0 0     2.7 0    25.8 0   829.4 0
 2019  10  1 10 22 28 22.467  77.32    97.0 0    17.9 0     0.4 0    99.9 0   286.2 0   285.12 0   284.93 0   361.8 0   284.60 0   284.58 0     8.1 0    42.0 0    82.1 0   -75.6 0     6.5 0    10.5 0    26.1 0     2.5 0    24.0 0   829.4 0
 2019  10  1 10 22 29 22.483  77.46    94.2 0    17.4 0     0.4 0    97.0 0   287.1 0   285.09 0   284.89 0   361.3 0   284.57 0   284.54 0     7.9 0    40.8 0    79.7 0   -74.2 0     5.5 0    10.5 0    26.5 0     2.4 0    24.3 0   829.4 0
 2019  10  1 10 22 30 22.500  77.60    91.3 0    16.9 0     0.4 0    94.1 0   288.0 0   285.06 0   284.86 0   360.8 0   284.54 0   284.51 0     7.6 0    39.6 0    77.3 0   -72.8 0     4.5 0    10.4 0    26.9 0     2.3 0    16.4 0   829.4 0
 2019  10  1 10 22 31 22.517  77.74    88.4 0    16.3 0     0.4 0    91.1 0   289.1 0   285.03 0   284.82 0   360.4 0   284.52 0   284.47 0     7.4 0    38.3 0    74.8 0   -71.3 0     3.5 0    10.4 0    26.7 0     2.9 0    18.4 0   829.4 0
 2019  10  1 10 22 32 22.533  77.88    85.4 0    15.8 0     0.4 0    88.0 0   290.0 0   284.99 0   284.78 0   360.2 0   284.48 0   284.44 0     7.1 0    37.0 0    72.4 0   -70.2 0     2.2 0    10.3 0    26.4 0     3.2 0    21.8 0   829.4 0
 2019  10  1 10 22 33 22.550  78.02    82.3 0    15.2 0     0.4 0    84.9 0   291.1 0   284.96 0   284.74 0   359.7 0   284.45 0   284.41 0     6.9 0    35.8 0    69.8 0   -68.7 0     1.2 0    10.3 0    26.6 0     3.0 0    21.9 0   829.4 0
 2019  10  1 10 22 34 22.567  78.16    79.2 0    14.6 0     0.4 0    81.7 0   291.5 0   284.91 0   284.70 0   359.3 0   284.41 0   284.37 0     6.7 0    34.4 0    67.2 0   -67.7 0    -0.5 0    10.3 0    26.6 0     3.1 0    21.1 0   829.4 0
 2019  10  1 10 22 35 22.583  78.30    75.9 0    14.0 0     0.4 0    78.5 0   292.4 0   284.88 0   284.65 0   358.8 0   284.38 0   284.33 0     6.4 0    33.1 0    64.5 0   -66.4 0    -1.9 0    10.2 0    26.9 0     3.1 0    19.7 0   829.4 0
 2019  10  1 10 22 36 22.600  78.44    72.8 0    13.5 0     0.4 0    75.3 0   293.5 0   284.84 0   284.61 0   358.4 0   284.35 0   284.30 0     6.2 0    31.8 0    61.9 0   -64.9 0    -3.0 0    10.2 0    26.8 0     3.0 0    19.1 0   829.4 0
 2019  10  1 10 22 37 22.617  78.58    70.1 0    12.9 0     0.4 0    72.5 0   294.9 0   284.80 0   284.57 0   358.0 0   284.31 0   284.26 0     5.9 0    30.6 0    59.7 0   -63.1 0    -3.4 0    10.1 0    26.7 0     2.9 0    21.5 0   829.4 0
 2019  10  1 10 22 38 22.633  78.72    68.0 0    12.3 0     0.4 0    70.2 0   296.3 0   284.75 0   284.52 0   357.7 0   284.27 0   284.23 0     5.7 0    29.7 0    58.0 0   -61.4 0    -3.4 0    10.1 0    26.5 0     3.0 0    23.5 0   829.4 0
 2019  10  1 10 22 39 22.650  78.86    66.3 0    12.1 0     0.4 0    68.5 0   298.0 0   284.71 0   284.48 0   357.4 0   284.24 0   284.20 0     5.5 0    29.0 0    56.4 0   -59.4 0    -3.0 0    10.1 0    26.5 0     2.7 0    22.8 0   829.4 0
 2019  10  1 10 22 40 22.667  79.01    65.2 0    11.7 0     0.4 0    67.3 0   299.2 0   284.67 0   284.46 0   357.2 0   284.21 0   284.17 0     5.3 0    28.5 0    55.7 0   -58.0 0    -2.4 0    10.0 0    26.4 0     2.7 0    20.7 0   829.4 0
 2019  10  1 10 22 41 22.683  79.15    64.3 0    11.5 0     0.3 0    66.2 0   300.0 0   284.63 0   284.41 0   356.9 0   284.18 0   284.14 0     5.2 0    28.1 0    54.8 0   -56.9 0    -2.1 0    10.0 0    26.5 0     2.7 0    18.8 0   829.4 0
 2019  10  1 10 22 42 22.700  79.29    63.3 0    11.5 0     0.3 0    65.3 0   300.5 0   284.59 0   284.37 0   356.7 0   284.15 0   284.10 0     5.0 0    27.6 0    53.8 0   -56.2 0    -2.4 0    10.0 0    26.6 0     2.7 0    15.9 0   829.4 0
 2019  10  1 10 22 43 22.717  79.44    62.2 0    11.3 0     0.4 0    64.1 0   301.0 0   284.55 0   284.33 0   356.4 0   284.12 0   284.07 0     4.9 0    27.1 0    52.9 0   -55.4 0    -2.5 0     9.9 0    26.7 0     2.8 0    16.0 0   829.4 0
 2019  10  1 10 22 44 22.733  79.58    60.9 0    10.9 0     0.4 0    62.7 0   301.2 0   284.51 0   284.29 0   355.9 0   284.08 0   284.04 0     4.7 0    26.5 0    51.9 0   -54.8 0    -2.9 0     9.9 0    26.9 0     2.6 0    14.5 0   829.4 0
 2019  10  1 10 22 45 22.750  79.72    59.3 0    10.8 0     0.2 0    61.1 0   301.6 0   284.47 0   284.24 0   355.7 0   284.06 0   284.01 0     4.6 0    25.9 0    50.4 0   -54.1 0    -3.7 0     9.9 0    26.9 0     2.6 0    14.6 0   829.4 0
 2019  10  1 10 22 46 22.767  79.87    57.6 0    10.2 0     0.1 0    59.4 0   302.1 0   284.43 0   284.20 0   355.4 0   284.03 0   283.99 0     4.4 0    25.1 0    49.2 0   -53.3 0    -4.1 0     9.8 0    26.7 0     2.7 0    14.8 0   829.4 0
 2019  10  1 10 22 47 22.783  80.01    56.0 0    10.1 0     0.2 0    57.7 0   302.8 0   284.38 0   284.16 0   355.1 0   284.00 0   283.96 0     4.3 0    24.4 0    47.7 0   -52.3 0    -4.6 0     9.8 0    26.6 0     2.5 0    16.6 0   829.4 0
 2019  10  1 10 22 48 22.800  80.16    54.7 0     9.6 0     0.2 0    56.3 0   303.5 0   284.34 0   284.12 0   354.8 0   283.97 0   283.93 0     4.1 0    23.9 0    46.7 0   -51.3 0    -4.5 0     9.7 0    26.6 0     2.5 0    20.2 0   829.4 0
 2019  10  1 10 22 49 22.817  80.31    53.4 0     9.4 0     0.3 0    55.0 0   304.3 0   284.30 0   284.07 0   354.5 0   283.94 0   283.91 0     4.0 0    23.3 0    45.7 0   -50.3 0    -4.6 0     9.7 0    26.4 0     2.7 0    25.2 0   829.4 0
 2019  10  1 10 22 50 22.833  80.45    52.2 0     9.2 0     0.4 0    53.8 0   304.9 0   284.26 0   284.04 0   354.4 0   283.91 0   283.88 0     3.9 0    22.8 0    44.7 0   -49.5 0    -4.8 0     9.7 0    26.4 0     2.7 0    25.8 0   829.4 0
 2019  10  1 10 22 51 22.850  80.60    51.0 0     8.8 0     0.4 0    52.6 0   305.5 0   284.22 0   284.01 0   354.1 0   283.89 0   283.86 0     3.7 0    22.3 0    43.9 0   -48.6 0    -4.7 0     9.6 0    26.3 0     2.8 0    24.6 0   829.4 0
 2019  10  1 10 22 52 22.867  80.74    49.6 0     8.7 0     0.4 0    51.2 0   306.1 0   284.19 0   283.97 0   354.0 0   283.87 0   283.84 0     3.6 0    21.7 0    42.6 0   -47.9 0    -5.3 0     9.6 0    26.4 0     2.9 0    21.4 0   829.4 0
 2019  10  1 10 22 53 22.883  80.89    48.3 0     8.6 0     0.4 0    49.8 0   306.6 0   284.15 0   283.92 0   353.8 0   283.84 0   283.80 0     3.5 0    21.1 0    41.3 0   -47.2 0    -5.8 0     9.6 0    26.5 0     3.0 0    17.9 0   829.4 0
 2019  10  1 10 22 54 22.900  81.04    46.9 0     8.1 0     0.4 0    48.4 0   306.9 0   284.10 0   283.88 0   353.6 0   283.81 0   283.78 0     3.4 0    20.5 0    40.4 0   -46.7 0    -6.3 0     9.5 0    26.3 0     3.1 0    13.7 0   829.4 0
 2019  10  1 10 22 55 22.917  81.19    45.7 0     8.0 0     0.4 0    47.1 0   307.2 0   284.07 0   283.83 0   353.3 0   283.79 0   283.76 0     3.3 0    19.9 0    39.1 0   -46.1 0    -7.0 0     9.5 0    26.3 0     3.2 0    12.2 0   829.4 0
 2019  10  1 10 22 56 22.933  81.33    44.4 0     7.7 0     0.4 0    45.8 0   307.1 0   284.03 0   283.78 0   353.2 0   283.76 0   283.74 0     3.2 0    19.4 0    38.2 0   -46.2 0    -7.9 0     9.4 0    25.9 0     3.6 0    13.1 0   829.4 0
 2019  10  1 10 22 57 22.950  81.48    43.3 0     7.3 0     0.7 0    44.6 0   307.0 0   283.99 0   283.75 0   353.1 0   283.75 0   283.72 0     3.1 0    18.9 0    37.4 0   -46.2 0    -8.8 0     9.4 0    25.9 0     3.5 0    14.2 0   829.4 0
 2019  10  1 10 22 58 22.967  81.63    42.2 0     7.3 0     1.2 0    43.4 0   306.6 0   283.95 0   283.71 0   352.7 0   283.73 0   283.71 0     3.1 0    18.5 0    36.3 0   -46.1 0    -9.8 0     9.3 0    25.8 0     3.3 0    14.3 0   829.4 0
 2019  10  1 10 22 59 22.983  81.78    41.1 0     7.1 0     1.3 0    42.4 0   306.0 0   283.91 0   283.68 0   352.2 0   283.71 0   283.69 0     3.0 0    18.0 0    35.4 0   -46.2 0   -10.7 0     9.3 0    25.9 0     3.2 0    14.6 0   829.3 0
 2019  10  1 10 23  0 23.000  81.93    40.3 0     6.8 0     1.3 0    41.5 0   305.1 0   283.87 0   283.65 0   351.8 0   283.70 0   283.67 0     2.9 0    17.6 0    34.9 0   -46.7 0   -11.8 0     9.3 0    25.8 0     3.2 0    14.8 0   829.3 0
 2019  10  1 10 23  1 23.017  82.08    39.4 0     6.6 0     1.6 0    40.5 0   304.8 0   283.85 0   283.62 0   351.3 0   283.68 0   283.66 0     2.8 0    17.2 0    34.1 0   -46.5 0   -12.4 0     9.3 0    25.6 0     3.2 0    14.1 0   829.3 0
 2019  10  1 10 23  2 23.033  82.23    38.6 0     6.6 0     2.1 0    39.7 0   304.5 0   283.81 0   283.57 0   350.9 0   283.66 0   283.64 0     2.8 0    16.9 0    33.3 0   -46.4 0   -13.1 0     9.3 0    25.4 0     3.1 0    15.9 0   829.3 0
 2019  10  1 10 23  3 23.050  82.38    38.1 0     6.5 0     2.5 0    39.0 0   304.5 0   283.77 0   283.54 0   350.8 0   283.66 0   283.63 0     2.7 0    16.6 0    32.8 0   -46.3 0   -13.4 0     9.2 0    25.3 0     3.1 0    19.6 0   829.3 0
 2019  10  1 10 23  4 23.067  82.53    37.3 0     6.3 0     3.9 0    38.4 0   304.5 0   283.74 0   283.50 0   350.4 0   283.64 0   283.61 0     2.6 0    16.4 0    32.6 0   -45.9 0   -13.3 0     9.2 0    25.2 0     3.2 0    20.3 0   829.3 0
 2019  10  1 10 23  5 23.083  82.68    37.2 0     6.3 0     4.2 0    38.1 0   304.2 0   283.70 0   283.47 0   350.1 0   283.63 0   283.61 0     2.5 0    16.3 0    32.3 0   -45.8 0   -13.5 0     9.2 0    25.2 0     3.3 0    20.1 0   829.3 0
 2019  10  1 10 23  6 23.100  82.83    36.6 0     6.0 0     2.8 0    37.7 0   304.0 0   283.67 0   283.42 0   349.8 0   283.61 0   283.59 0     2.4 0    16.0 0    32.0 0   -45.8 0   -13.8 0     9.1 0    25.3 0     3.3 0    17.7 0   829.3 0
 2019  10  1 10 23  7 23.117  82.98    36.3 0     5.9 0     2.8 0    37.1 0   303.8 0   283.63 0   283.38 0   349.7 0   283.61 0   283.58 0     2.4 0    15.8 0    31.5 0   -46.0 0   -14.5 0     9.1 0    25.3 0     3.4 0    19.9 0   829.3 0
 2019  10  1 10 23  8 23.133  83.14    35.8 0     5.9 0     3.0 0    36.7 0   303.9 0   283.59 0   283.34 0   349.4 0   283.58 0   283.56 0     2.3 0    15.5 0    31.1 0   -45.5 0   -14.4 0     9.0 0    25.5 0     3.4 0    21.0 0   829.3 0
 2019  10  1 10 23  9 23.150  83.29    35.3 0     5.9 0     3.0 0    36.1 0   304.1 0   283.55 0   283.31 0   349.3 0   283.58 0   283.56 0     2.2 0    15.3 0    30.6 0   -45.2 0   -14.7 0     9.0 0    25.3 0     3.3 0    19.3 0   829.3 0
 2019  10  1 10 23 10 23.167  83.44    34.5 0     5.9 0     3.0 0    35.4 0   304.3 0   283.51 0   283.30 0   349.0 0   283.56 0   283.54 0     2.1 0    15.0 0    29.9 0   -44.7 0   -14.8 0     9.0 0    25.4 0     3.3 0    15.9 0   829.3 0
 2019  10  1 10 23 11 23.183  83.59    33.6 0     5.6 0     2.9 0    34.6 0   304.4 0   283.48 0   283.27 0   348.7 0   283.56 0   283.53 0     2.1 0    14.6 0    29.4 0   -44.3 0   -14.9 0     9.0 0    25.3 0     3.1 0    12.9 0   829.3 0
 2019  10  1 10 23 12 23.200  83.74    32.7 0     5.2 0     2.5 0    33.7 0   304.4 0   283.46 0   283.24 0   348.3 0   283.54 0   283.51 0     2.0 0    14.3 0    28.8 0   -43.9 0   -15.1 0     9.0 0    25.4 0     3.0 0    13.6 0   829.3 0
 2019  10  1 10 23 13 23.217  83.90    31.7 0     5.2 0     2.1 0    32.8 0   304.5 0   283.43 0   283.21 0   347.8 0   283.53 0   283.51 0     1.9 0    13.8 0    27.8 0   -43.2 0   -15.5 0     9.0 0    25.4 0     3.0 0    14.6 0   829.3 0
 2019  10  1 10 23 14 23.233  84.05    30.5 0     5.2 0     1.7 0    31.5 0   304.6 0   283.41 0   283.18 0   347.3 0   283.51 0   283.48 0     1.8 0    13.3 0    26.4 0   -42.7 0   -16.3 0     9.0 0    25.5 0     3.0 0    14.4 0   829.3 0
 2019  10  1 10 23 15 23.250  84.20    29.0 0     4.9 0     1.3 0    30.1 0   304.5 0   283.37 0   283.16 0   347.3 0   283.51 0   283.47 0     1.8 0    12.7 0    25.3 0   -42.7 0   -17.4 0     8.9 0    25.6 0     3.0 0    14.4 0   829.3 0
 2019  10  1 10 23 16 23.267  84.36    27.6 0     4.9 0     1.3 0    28.7 0   304.7 0   283.36 0   283.14 0   346.5 0   283.49 0   283.46 0     1.7 0    12.1 0    24.0 0   -41.9 0   -17.9 0     8.9 0    25.6 0     3.0 0    14.5 0   829.3 0
 2019  10  1 10 23 17 23.283  84.51    26.5 0     4.5 0     0.8 0    27.5 0   304.5 0   283.33 0   283.11 0   346.1 0   283.47 0   283.44 0     1.6 0    11.6 0    23.1 0   -41.6 0   -18.5 0     8.9 0    25.6 0     3.0 0    15.1 0   829.3 0
 2019  10  1 10 23 18 23.300  84.66    25.5 0     4.2 0     0.4 0    26.5 0   304.2 0   283.31 0   283.08 0   345.5 0   283.46 0   283.42 0     1.6 0    11.2 0    22.4 0   -41.3 0   -18.9 0     8.9 0    25.6 0     3.0 0    15.4 0   829.3 0
 2019  10  1 10 23 19 23.317  84.82    24.7 0     4.2 0     0.4 0    25.8 0   303.7 0   283.27 0   283.03 0   345.0 0   283.44 0   283.41 0     1.5 0    10.8 0    21.7 0   -41.3 0   -19.6 0     8.8 0    25.7 0     3.1 0    16.9 0   829.3 0
 2019  10  1 10 23 20 23.333  84.97    24.5 0     4.2 0     0.4 0    25.2 0   303.4 0   283.24 0   282.99 0   344.8 0   283.42 0   283.38 0     1.5 0    10.6 0    21.0 0   -41.3 0   -20.3 0     8.7 0    25.9 0     3.0 0    16.7 0   829.3 0
 2019  10  1 10 23 21 23.350  85.12    23.9 0     4.2 0     0.4 0    25.1 0   303.6 0   283.21 0   282.98 0   344.7 0   283.41 0   283.36 0     1.4 0    10.4 0    20.9 0   -41.1 0   -20.1 0     8.7 0    26.0 0     2.8 0    14.8 0   829.3 0
 2019  10  1 10 23 22 23.367  85.28    23.6 0     4.2 0     0.4 0    24.6 0   303.5 0   283.19 0   283.01 0   344.4 0   283.39 0   283.35 0     1.4 0    10.3 0    20.4 0   -41.0 0   -20.5 0     8.8 0    26.0 0     2.7 0     9.9 0   829.3 0
 2019  10  1 10 23 23 23.383  85.43    23.2 0     3.9 0     0.2 0    24.2 0   303.1 0   283.17 0   282.99 0   343.6 0   283.36 0   283.33 0     1.3 0    10.0 0    20.4 0   -40.5 0   -20.1 0     8.9 0    25.9 0     2.5 0     5.5 0   829.3 0
 2019  10  1 10 23 24 23.400  85.59    22.3 0     3.6 0     0.0 0    23.4 0   303.0 0   283.16 0   282.96 0   343.3 0   283.35 0   283.31 0     1.2 0     9.7 0    19.8 0   -40.3 0   -20.5 0     8.9 0    26.0 0     2.5 0     3.7 0   829.3 0
 2019  10  1 10 23 25 23.417  85.74    21.4 0     3.5 0     0.0 0    22.3 0   302.6 0   283.15 0   282.90 0   342.9 0   283.33 0   283.28 0     1.2 0     9.2 0    18.8 0   -40.3 0   -21.5 0     8.8 0    26.2 0     2.5 0     4.7 0   829.3 0
 2019  10  1 10 23 26 23.433  85.89    20.3 0     3.4 0     0.1 0    21.0 0   302.3 0   283.10 0   282.85 0   342.6 0   283.31 0   283.26 0     1.1 0     8.7 0    17.6 0   -40.3 0   -22.7 0     8.6 0    26.3 0     2.6 0     7.4 0   829.3 0
 2019  10  1 10 23 27 23.450  86.05    18.9 0     3.0 0     0.0 0    19.8 0   302.3 0   283.06 0   282.80 0   342.0 0   283.28 0   283.24 0     1.1 0     8.2 0    16.8 0   -39.7 0   -22.9 0     8.5 0    26.3 0     2.7 0    12.2 0   829.2 0
 2019  10  1 10 23 28 23.467  86.20    17.8 0     2.8 0     0.0 0    18.7 0   302.7 0   283.02 0   282.79 0   341.7 0   283.26 0   283.21 0     1.0 0     7.8 0    15.9 0   -39.0 0   -23.1 0     8.5 0    26.3 0     2.7 0    17.8 0   829.2 0
 2019  10  1 10 23 29 23.483  86.36    16.8 0     2.7 0     0.0 0    17.7 0   302.9 0   282.99 0   282.78 0   341.2 0   283.24 0   283.19 0     1.0 0     7.4 0    15.0 0   -38.3 0   -23.3 0     8.6 0    26.3 0     2.6 0    17.6 0   829.2 0
 2019  10  1 10 23 30 23.500  86.51    15.8 0     2.4 0     0.0 0    16.8 0   303.1 0   282.97 0   282.77 0   340.7 0   283.21 0   283.17 0     0.9 0     7.0 0    14.4 0   -37.7 0   -23.3 0     8.6 0    26.3 0     2.6 0    19.2 0   829.2 0
 2019  10  1 10 23 31 23.517  86.66    15.0 0     2.1 0     0.0 0    16.0 0   303.2 0   282.96 0   282.76 0   340.6 0   283.20 0   283.16 0     0.9 0     6.7 0    13.9 0   -37.4 0   -23.5 0     8.7 0    26.4 0     2.7 0    21.6 0   829.2 0
 2019  10  1 10 23 32 23.533  86.82    14.2 0     2.1 0     0.0 0    15.2 0   303.3 0   282.94 0   282.73 0   340.3 0   283.17 0   283.12 0     0.9 0     6.3 0    13.1 0   -37.0 0   -23.9 0     8.6 0    26.5 0     2.7 0    23.0 0   829.2 0
 2019  10  1 10 23 33 23.550  86.97    13.4 0     2.1 0     0.0 0    14.4 0   303.4 0   282.93 0   282.71 0   340.1 0   283.15 0   283.10 0     0.8 0     6.0 0    12.3 0   -36.7 0   -24.4 0     8.6 0    26.6 0     2.9 0    23.5 0   829.2 0
 2019  10  1 10 23 34 23.567  87.12    12.5 0     2.0 0     0.0 0    13.6 0   303.4 0   282.91 0   282.71 0   340.1 0   283.12 0   283.07 0     0.8 0     5.7 0    11.6 0   -36.7 0   -25.1 0     8.6 0    26.6 0     3.0 0    24.8 0   829.2 0
 2019  10  1 10 23 35 23.583  87.28    11.8 0     1.7 0     0.0 0    12.9 0   303.7 0   282.91 0   282.71 0   340.2 0   283.10 0   283.05 0     0.8 0     5.4 0    11.2 0   -36.6 0   -25.3 0     8.7 0    26.5 0     3.0 0    23.8 0   829.3 0
 2019  10  1 10 23 36 23.600  87.43    10.9 0     1.4 0     0.0 0    12.2 0   304.1 0   282.91 0   282.71 0   340.2 0   283.08 0   283.04 0     0.8 0     5.1 0    10.8 0   -36.1 0   -25.3 0     8.7 0    26.5 0     2.9 0    19.1 0   829.3 0
 2019  10  1 10 23 37 23.617  87.58    10.2 0     1.4 0     0.0 0    11.4 0   304.3 0   282.90 0   282.71 0   340.2 0   283.06 0   283.02 0     0.7 0     4.8 0    10.0 0   -35.9 0   -25.8 0     8.7 0    26.5 0     2.7 0    13.6 0   829.3 0
 2019  10  1 10 23 38 23.633  87.73     9.3 0     1.3 0     0.0 0    10.6 0   304.4 0   282.89 0   282.72 0   339.9 0   283.04 0   282.99 0     0.7 0     4.5 0     9.3 0   -35.5 0   -26.2 0     8.8 0    26.5 0     2.6 0     8.8 0   829.3 0
 2019  10  1 10 23 39 23.650  87.88     8.5 0     1.0 0     0.0 0     9.8 0   304.7 0   282.90 0   282.74 0   339.3 0   283.01 0   282.97 0     0.6 0     4.2 0     8.8 0   -34.6 0   -25.8 0     8.9 0    26.4 0     2.5 0     6.1 0   829.3 0
 2019  10  1 10 23 40 23.667  88.03     7.7 0     0.7 0     0.0 0     9.0 0   304.8 0   282.91 0   282.76 0   338.9 0   283.00 0   282.96 0     0.6 0     3.9 0     8.3 0   -34.1 0   -25.8 0     8.9 0    26.2 0     2.4 0     7.4 0   829.3 0
 2019  10  1 10 23 41 23.683  88.18     7.2 0     0.7 0     0.0 0     8.3 0   304.8 0   282.91 0   282.76 0   338.6 0   282.98 0   282.94 0     0.6 0     3.6 0     7.6 0   -33.7 0   -26.1 0     9.0 0    26.1 0     2.3 0     7.5 0   829.3 0
 2019  10  1 10 23 42 23.700  88.33     6.8 0     0.7 0     0.0 0     7.7 0   305.3 0   282.94 0   282.77 0   338.0 0   282.96 0   282.92 0     0.5 0     3.3 0     7.0 0   -32.7 0   -25.7 0     9.0 0    26.1 0     2.1 0     4.8 0   829.3 0
 2019  10  1 10 23 43 23.717  88.47     6.3 0     0.7 0     0.0 0     7.3 0   305.1 0   282.94 0   282.79 0   337.4 0   282.95 0   282.91 0     0.5 0     3.2 0     6.6 0   -32.4 0   -25.8 0     9.0 0    26.1 0     2.1 0     6.1 0   829.3 0
 2019  10  1 10 23 44 23.733  88.62     5.9 0     0.4 0     0.0 0     6.6 0   305.2 0   282.96 0   282.79 0   336.8 0   282.93 0   282.88 0     0.5 0     2.9 0     6.3 0   -31.6 0   -25.3 0     9.0 0    26.2 0     2.1 0     7.1 0   829.3 0
 2019  10  1 10 23 45 23.750  88.76     5.1 0     0.3 0     0.0 0     6.1 0   304.8 0   282.96 0   282.79 0   336.6 0   282.91 0   282.86 0     0.4 0     2.8 0     5.7 0   -31.8 0   -26.1 0     9.0 0    26.3 0     2.1 0     8.2 0   829.3 0
 2019  10  1 10 23 46 23.767  88.90     4.8 0     0.1 0     0.0 0     5.8 0   304.6 0   282.96 0   282.78 0   336.4 0   282.90 0   282.86 0     0.4 0     2.7 0     5.7 0   -31.8 0   -26.1 0     9.0 0    26.3 0     2.3 0    10.9 0   829.3 0
 2019  10  1 10 23 47 23.783  89.04     4.1 0     0.0 0     0.0 0     5.5 0   304.7 0   282.96 0   282.76 0   336.1 0   282.87 0   282.82 0     0.4 0     2.6 0     5.5 0   -31.5 0   -25.9 0     8.9 0    26.3 0     2.4 0    13.0 0   829.3 0
 2019  10  1 10 23 48 23.800  89.18     3.6 0     0.0 0     0.0 0     4.9 0   304.5 0   282.96 0   282.76 0   336.1 0   282.86 0   282.81 0     0.4 0     2.3 0     4.9 0   -31.5 0   -26.6 0     8.9 0    26.4 0     2.6 0    14.7 0   829.3 0
 2019  10  1 10 23 49 23.817  89.32     3.2 0     0.0 0     0.0 0     4.4 0   304.3 0   282.96 0   282.75 0   336.0 0   282.83 0   282.79 0     0.4 0     2.2 0     4.4 0   -31.6 0   -27.2 0     8.9 0    26.4 0     2.7 0    16.4 0   829.3 0
 2019  10  1 10 23 50 23.833  89.45     2.6 0    -0.2 0     0.0 0     4.0 0   304.4 0   282.96 0   282.73 0   336.2 0   282.81 0   282.77 0     0.3 0     1.9 0     4.0 0   -31.8 0   -27.8 0     8.8 0    26.4 0     2.8 0    15.3 0   829.2 0
 2019  10  1 10 23 51 23.850  89.58     2.3 0    -0.3 0     0.0 0     3.4 0   304.3 0   282.94 0   282.71 0   336.2 0   282.80 0   282.76 0     0.3 0     1.8 0     3.4 0   -31.9 0   -28.6 0     8.7 0    26.4 0     2.9 0    14.4 0   829.2 0
 2019  10  1 10 23 52 23.867  89.70     1.6 0    -0.5 0     0.0 0     2.9 0   304.7 0   282.93 0   282.71 0   336.2 0   282.78 0   282.74 0     0.3 0     1.6 0     2.9 0   -31.5 0   -28.6 0     8.7 0    26.4 0     2.9 0    14.1 0   829.2 0
 2019  10  1 10 23 53 23.883  89.83     1.4 0    -0.7 0     0.0 0     2.6 0   305.0 0   282.91 0   282.70 0   336.1 0   282.76 0   282.71 0     0.3 0     1.5 0     2.6 0   -31.1 0   -28.5 0     8.7 0    26.3 0     2.9 0    12.9 0   829.2 0
 2019  10  1 10 23 54 23.900  89.94     1.3 0    -0.7 0     0.0 0     2.3 0   305.7 0   282.90 0   282.69 0   336.1 0   282.74 0   282.71 0     0.2 0     1.4 0     2.3 0   -30.4 0   -28.1 0     8.7 0    26.3 0     2.9 0     7.8 0   829.2 0
 2019  10  1 10 23 55 23.917  90.85     0.9 0    -0.7 0     0.0 0     1.9 0   306.0 0   282.89 0   282.66 0   336.2 0   282.74 0   282.69 0     0.0 0     1.2 0     1.9 0   -30.2 0   -28.3 0     8.7 0    26.4 0     2.8 0     6.5 0   829.2 0
 2019  10  1 10 23 56 23.933  91.02     0.5 0    -0.7 0    -0.1 0     1.8 0   306.4 0   282.88 0   282.66 0   336.1 0   282.71 0   282.66 0     0.0 0     1.1 0     1.8 0   -29.7 0   -27.9 0     8.6 0    26.6 0     2.7 0     3.6 0   829.3 0
 2019  10  1 10 23 57 23.950  91.19     0.5 0    -0.6 0    -0.1 0     1.8 0   306.6 0   282.86 0   282.58 0   336.4 0   282.70 0   282.65 0     0.0 0     1.1 0     1.8 0   -29.8 0   -28.0 0     8.5 0    26.7 0     2.8 0     0.3 0   829.3 0
 2019  10  1 10 23 58 23.967  91.36     0.5 0    -0.7 0     0.0 0     1.6 0   307.3 0   282.82 0   282.51 0   336.7 0   282.68 0   282.63 0     0.0 0     0.9 0     1.6 0   -29.4 0   -27.8 0     8.3 0    26.7 0     2.9 0     5.8 0   829.3 0
 2019  10  1 10 23 59 23.983  91.52     0.5 0    -0.7 0     0.0 0     1.2 0   307.8 0   282.77 0   282.45 0   336.8 0   282.66 0   282.61 0     0.0 0     0.8 0     1.2 0   -29.0 0   -27.8 0     8.2 0    26.8 0     2.8 0     2.8 0   829.3 0
