 Goodwin Creek
   34.25  -89.87   98 m version 1
 2019  16  1 16  0  0  0.000  99.79    -1.2 0    -0.7 0     0.0 0    -0.8 0   255.9 0   277.67 0   277.37 0   315.0 0   277.57 0   277.51 0     0.0 0     0.0 0     0.0 0   -59.0 0   -59.0 0     4.3 0    75.8 0     1.0 0   256.6 0  1015.1 0
 2019  16  1 16  0  1  0.017  99.99    -1.2 0    -0.8 0     0.0 0    -0.8 0   256.3 0   277.64 0   277.34 0   314.8 0   277.54 0   277.49 0     0.0 0     0.0 0     0.0 0   -58.5 0   -58.5 0     4.4 0    75.8 0     0.9 0   257.6 0  1015.1 0
 2019  16  1 16  0  2  0.033 100.18    -1.2 0    -0.8 0     0.0 0    -0.8 0   256.6 0   277.61 0   277.33 0   314.7 0   277.52 0   277.47 0     0.0 0     0.0 0     0.0 0   -58.2 0   -58.2 0     4.4 0    75.7 0     0.8 0   259.9 0  1015.1 0
 2019  16  1 16  0  3  0.050 100.38    -1.2 0    -0.8 0     0.0 0    -0.8 0   256.7 0   277.58 0   277.30 0   314.6 0   277.49 0   277.43 0     0.0 0     0.0 0     0.0 0   -57.9 0   -57.9 0     4.4 0    75.8 0     0.9 0   254.2 0  1015.1 0
 2019  16  1 16  0  4  0.067 100.58    -1.2 0    -0.7 0     0.0 0    -0.8 0   256.8 0   277.56 0   277.27 0   314.4 0   277.46 0   277.41 0     0.0 0     0.0 0     0.0 0   -57.6 0   -57.6 0     4.3 0    76.0 0     0.6 0   259.7 0  1015.1 0
 2019  16  1 16  0  5  0.083 100.77    -1.2 0    -0.8 0     0.0 0    -0.8 0   256.8 0   277.53 0   277.23 0   314.6 0   277.43 0   277.38 0     0.0 0     0.0 0     0.0 0   -57.7 0   -57.7 0     4.3 0    76.3 0     0.9 0   250.1 0  1015.1 0
 2019  16  1 16  0  6  0.100 100.97    -1.3 0    -0.8 0     0.0 0    -0.7 0   257.3 0   277.50 0   277.23 0   314.6 0   277.41 0   277.36 0     0.0 0     0.0 0     0.0 0   -57.3 0   -57.3 0     4.3 0    76.3 0     0.8 0   255.2 0  1015.1 0
 2019  16  1 16  0  7  0.117 101.16    -1.3 0    -0.7 0     0.0 0    -0.7 0   256.9 0   277.48 0   277.21 0   314.6 0   277.38 0   277.33 0     0.0 0     0.0 0     0.0 0   -57.7 0   -57.7 0     4.2 0    76.6 0     0.7 0   257.5 0  1015.1 0
 2019  16  1 16  0  8  0.133 101.36    -1.2 0    -0.7 0     0.0 0    -0.8 0   256.8 0   277.46 0   277.17 0   314.5 0   277.35 0   277.30 0     0.0 0     0.0 0     0.0 0   -57.7 0   -57.7 0     4.2 0    76.6 0     0.7 0   257.8 0  1015.1 0
 2019  16  1 16  0  9  0.150 101.56    -1.2 0    -0.7 0     0.0 0    -0.8 0   256.7 0   277.42 0   277.11 0   314.4 0   277.32 0   277.27 0     0.0 0     0.0 0     0.0 0   -57.7 0   -57.7 0     4.2 0    76.6 0     0.9 0   255.9 0  1015.0 0
 2019  16  1 16  0 10  0.167 101.75    -1.2 0    -0.8 0     0.0 0    -0.9 0   256.7 0   277.39 0   277.08 0   314.6 0   277.29 0   277.25 0     0.0 0     0.0 0     0.0 0   -57.9 0   -57.9 0     4.2 0    76.6 0     0.8 0   247.9 0  1015.0 0
 2019  16  1 16  0 11  0.183 101.95    -1.2 0    -0.7 0     0.0 0    -0.8 0   256.8 0   277.35 0   277.06 0   314.6 0   277.27 0   277.22 0     0.0 0     0.0 0     0.0 0   -57.8 0   -57.8 0     4.2 0    76.7 0     0.8 0   251.1 0  1015.0 0
 2019  16  1 16  0 12  0.200 102.15    -1.2 0    -0.6 0     0.0 0    -0.8 0   256.6 0   277.32 0   277.04 0   314.4 0   277.24 0   277.19 0     0.0 0     0.0 0     0.0 0   -57.8 0   -57.8 0     4.2 0    76.6 0     0.7 0   250.0 0  1015.0 0
 2019  16  1 16  0 13  0.217 102.35    -1.2 0    -0.5 0     0.0 0    -0.8 0   256.4 0   277.29 0   277.00 0   314.1 0   277.22 0   277.17 0     0.0 0     0.0 0     0.0 0   -57.8 0   -57.8 0     4.2 0    76.7 0     0.7 0   256.5 0  1015.0 0
 2019  16  1 16  0 14  0.233 102.54    -1.3 0    -0.5 0     0.0 0    -0.8 0   256.3 0   277.26 0   276.99 0   314.0 0   277.19 0   277.14 0     0.0 0     0.0 0     0.0 0   -57.7 0   -57.7 0     4.2 0    76.7 0     0.9 0   245.3 0  1015.0 0
 2019  16  1 16  0 15  0.250 102.74    -1.5 0    -0.4 0     0.0 0    -0.8 0   255.9 0   277.23 0   276.96 0   313.8 0   277.17 0   277.12 0     0.0 0     0.0 0     0.0 0   -57.8 0   -57.8 0     4.2 0    76.8 0     0.8 0   257.9 0  1015.0 0
 2019  16  1 16  0 16  0.267 102.94    -1.4 0    -0.4 0     0.0 0    -0.8 0   255.7 0   277.21 0   276.93 0   313.5 0   277.14 0   277.08 0     0.0 0     0.0 0     0.0 0   -57.8 0   -57.8 0     4.1 0    77.0 0     0.6 0   251.1 0  1015.0 0
 2019  16  1 16  0 17  0.283 103.14    -1.2 0    -0.4 0     0.0 0    -0.8 0   255.7 0   277.18 0   276.91 0   313.5 0   277.11 0   277.05 0     0.0 0     0.0 0     0.0 0   -57.8 0   -57.8 0     4.1 0    77.3 0     0.6 0   247.9 0  1015.0 0
 2019  16  1 16  0 18  0.300 103.33    -1.2 0    -0.6 0     0.0 0    -0.8 0   255.3 0   277.16 0   276.88 0   313.3 0   277.08 0   277.03 0     0.0 0     0.0 0     0.0 0   -58.0 0   -58.0 0     4.1 0    77.5 0     0.5 0   245.0 0  1015.0 0
 2019  16  1 16  0 19  0.317 103.53    -1.2 0    -0.8 0     0.0 0    -0.8 0   255.0 0   277.13 0   276.83 0   313.2 0   277.05 0   277.00 0     0.0 0     0.0 0     0.0 0   -58.3 0   -58.3 0     4.0 0    77.6 0     0.5 0   236.5 0  1014.9 0
 2019  16  1 16  0 20  0.333 103.73    -1.2 0    -0.8 0     0.0 0    -0.8 0   254.8 0   277.09 0   276.79 0   312.9 0   277.02 0   276.97 0     0.0 0     0.0 0     0.0 0   -58.1 0   -58.1 0     4.0 0    77.6 0     0.2 0   235.7 0  1014.9 0
 2019  16  1 16  0 21  0.350 103.93    -1.2 0    -0.8 0     0.0 0    -0.8 0   254.5 0   277.06 0   276.74 0   312.8 0   276.99 0   276.94 0     0.0 0     0.0 0     0.0 0   -58.3 0   -58.3 0     4.0 0    77.8 0     0.2 0   228.7 0  1014.9 0
 2019  16  1 16  0 22  0.367 104.13    -1.2 0    -0.8 0     0.0 0    -1.1 0   254.1 0   277.02 0   276.67 0   312.6 0   276.97 0   276.92 0     0.0 0     0.0 0     0.0 0   -58.6 0   -58.6 0     4.0 0    78.0 0     0.0 0     0.0 0  1014.9 0
 2019  16  1 16  0 23  0.383 104.33    -1.2 0    -0.8 0     0.0 0    -1.1 0   253.8 0   276.97 0   276.62 0   312.5 0   276.94 0   276.89 0     0.0 0     0.0 0     0.0 0   -58.7 0   -58.7 0     3.9 0    78.1 0     0.0 0     0.0 0  1014.9 0
 2019  16  1 16  0 24  0.400 104.52    -1.2 0    -0.8 0     0.0 0    -1.1 0   253.6 0   276.92 0   276.57 0   312.6 0   276.90 0   276.85 0     0.0 0     0.0 0     0.0 0   -59.0 0   -59.0 0     3.8 0    78.4 0     0.0 0   190.5 0  1014.8 0
 2019  16  1 16  0 25  0.417 104.72    -1.2 0    -0.8 0     0.0 0    -1.1 0   253.3 0   276.86 0   276.51 0   312.7 0   276.87 0   276.82 0     0.0 0     0.0 0     0.0 0   -59.4 0   -59.4 0     3.8 0    78.7 0     0.1 0   151.3 0  1014.8 0
 2019  16  1 16  0 26  0.433 104.92    -1.2 0    -0.8 0     0.0 0    -1.1 0   253.2 0   276.81 0   276.46 0   313.0 0   276.84 0   276.79 0     0.0 0     0.0 0     0.0 0   -59.9 0   -59.9 0     3.7 0    78.9 0     0.2 0   164.2 0  1014.8 0
 2019  16  1 16  0 27  0.450 105.12    -1.2 0    -0.8 0     0.0 0    -1.1 0   253.0 0   276.76 0   276.42 0   313.4 0   276.80 0   276.75 0     0.0 0     0.0 0     0.0 0   -60.4 0   -60.4 0     3.7 0    79.1 0     0.4 0   153.9 0  1014.7 0
 2019  16  1 16  0 28  0.467 105.32    -1.2 0    -0.8 0     0.0 0    -1.1 0   252.8 0   276.71 0   276.37 0   313.5 0   276.77 0   276.73 0     0.0 0     0.0 0     0.0 0   -60.7 0   -60.7 0     3.7 0    79.0 0     0.5 0   171.5 0  1014.7 0
 2019  16  1 16  0 29  0.483 105.52    -1.2 0    -0.8 0     0.0 0    -1.1 0   252.9 0   276.66 0   276.34 0   313.5 0   276.74 0   276.69 0     0.0 0     0.0 0     0.0 0   -60.6 0   -60.6 0     3.7 0    78.8 0     0.5 0   163.7 0  1014.7 0
 2019  16  1 16  0 30  0.500 105.72    -1.2 0    -0.5 0     0.0 0    -0.8 0   253.2 0   276.62 0   276.34 0   313.5 0   276.71 0   276.66 0     0.0 0     0.0 0     0.0 0   -60.3 0   -60.3 0     3.7 0    78.7 0     0.6 0   158.2 0  1014.7 0
 2019  16  1 16  0 31  0.517 105.92    -1.5 0    -0.4 0     0.0 0    -0.7 0   253.5 0   276.59 0   276.37 0   313.6 0   276.68 0   276.63 0     0.0 0     0.0 0     0.0 0   -60.0 0   -60.0 0     3.7 0    78.8 0     0.5 0   157.2 0  1014.7 0
 2019  16  1 16  0 32  0.533 106.12    -1.6 0    -0.4 0     0.0 0    -0.4 0   253.6 0   276.59 0   276.37 0   313.2 0   276.65 0   276.60 0     0.0 0     0.0 0     0.0 0   -59.6 0   -59.6 0     3.7 0    78.8 0     0.4 0   163.8 0  1014.7 0
 2019  16  1 16  0 33  0.550 106.32    -1.6 0    -0.4 0     0.0 0    -0.4 0   253.5 0   276.59 0   276.36 0   313.0 0   276.62 0   276.58 0     0.0 0     0.0 0     0.0 0   -59.4 0   -59.4 0     3.7 0    78.6 0     0.3 0   150.9 0  1014.7 0
 2019  16  1 16  0 34  0.567 106.52    -1.6 0    -0.4 0     0.0 0    -0.4 0   253.3 0   276.58 0   276.33 0   312.8 0   276.59 0   276.55 0     0.0 0     0.0 0     0.0 0   -59.4 0   -59.4 0     3.7 0    78.5 0     0.4 0   155.7 0  1014.7 0
 2019  16  1 16  0 35  0.583 106.72    -1.6 0    -0.4 0     0.0 0    -0.6 0   252.9 0   276.56 0   276.28 0   312.7 0   276.56 0   276.52 0     0.0 0     0.0 0     0.0 0   -59.7 0   -59.7 0     3.7 0    78.6 0     0.5 0   162.6 0  1014.7 0
 2019  16  1 16  0 36  0.600 106.92    -1.2 0    -0.4 0     0.0 0    -0.8 0   252.5 0   276.53 0   276.19 0   312.6 0   276.54 0   276.49 0     0.0 0     0.0 0     0.0 0   -60.1 0   -60.1 0     3.6 0    78.8 0     0.6 0   161.4 0  1014.7 0
 2019  16  1 16  0 37  0.617 107.12    -1.2 0    -0.4 0     0.0 0    -1.1 0   252.6 0   276.48 0   276.15 0   312.3 0   276.50 0   276.46 0     0.0 0     0.0 0     0.0 0   -59.6 0   -59.6 0     3.6 0    79.2 0     0.6 0   158.2 0  1014.7 0
 2019  16  1 16  0 38  0.633 107.32    -1.2 0    -0.4 0     0.0 0    -1.1 0   253.0 0   276.44 0   276.11 0   312.4 0   276.48 0   276.44 0     0.0 0     0.0 0     0.0 0   -59.4 0   -59.4 0     3.5 0    79.6 0     0.7 0   167.6 0  1014.7 0
 2019  16  1 16  0 39  0.650 107.52    -1.2 0    -0.4 0     0.0 0    -1.1 0   253.2 0   276.40 0   276.08 0   312.7 0   276.46 0   276.41 0     0.0 0     0.0 0     0.0 0   -59.5 0   -59.5 0     3.5 0    79.8 0     0.6 0   169.4 0  1014.8 0
 2019  16  1 16  0 40  0.667 107.72    -1.2 0    -0.4 0     0.0 0    -1.0 0   253.5 0   276.36 0   276.06 0   312.6 0   276.43 0   276.39 0     0.0 0     0.0 0     0.0 0   -59.2 0   -59.2 0     3.5 0    79.9 0     0.7 0   171.6 0  1014.8 0
 2019  16  1 16  0 41  0.683 107.92    -1.2 0    -0.4 0     0.0 0    -0.9 0   253.8 0   276.33 0   276.03 0   312.7 0   276.40 0   276.36 0     0.0 0     0.0 0     0.0 0   -58.9 0   -58.9 0     3.5 0    79.9 0     0.6 0   175.7 0  1014.7 0
 2019  16  1 16  0 42  0.700 108.12    -1.2 0    -0.4 0     0.0 0    -0.8 0   254.3 0   276.30 0   276.01 0   312.7 0   276.38 0   276.34 0     0.0 0     0.0 0     0.0 0   -58.5 0   -58.5 0     3.5 0    79.9 0     0.6 0   179.5 0  1014.7 0
 2019  16  1 16  0 43  0.717 108.32    -1.2 0    -0.4 0     0.0 0    -0.8 0   254.5 0   276.26 0   275.98 0   312.7 0   276.35 0   276.31 0     0.0 0     0.0 0     0.0 0   -58.1 0   -58.1 0     3.5 0    79.9 0     0.6 0   182.8 0  1014.6 0
 2019  16  1 16  0 44  0.733 108.52    -1.2 0    -0.4 0     0.0 0    -0.8 0   255.2 0   276.24 0   275.95 0   312.4 0   276.33 0   276.30 0     0.0 0     0.0 0     0.0 0   -57.2 0   -57.2 0     3.5 0    79.9 0     0.6 0   199.6 0  1014.6 0
 2019  16  1 16  0 45  0.750 108.72    -1.2 0    -0.4 0     0.0 0    -0.8 0   256.3 0   276.21 0   275.95 0   312.6 0   276.31 0   276.27 0     0.0 0     0.0 0     0.0 0   -56.3 0   -56.3 0     3.5 0    79.9 0     0.8 0   217.0 0  1014.7 0
 2019  16  1 16  0 46  0.767 108.93    -1.2 0    -0.4 0     0.0 0    -0.7 0   257.5 0   276.20 0   275.97 0   312.5 0   276.29 0   276.25 0     0.0 0     0.0 0     0.0 0   -55.0 0   -55.0 0     3.5 0    79.7 0     0.8 0   222.8 0  1014.7 0
 2019  16  1 16  0 47  0.783 109.13    -1.3 0    -0.4 0     0.0 0    -0.6 0   258.2 0   276.18 0   275.96 0   312.4 0   276.27 0   276.23 0     0.0 0     0.0 0     0.0 0   -54.2 0   -54.2 0     3.5 0    79.6 0     0.8 0   222.9 0  1014.7 0
 2019  16  1 16  0 48  0.800 109.33    -1.4 0    -0.4 0     0.0 0    -0.6 0   259.2 0   276.18 0   275.94 0   312.5 0   276.25 0   276.22 0     0.0 0     0.0 0     0.0 0   -53.3 0   -53.3 0     3.5 0    79.8 0     0.9 0   221.8 0  1014.7 0
 2019  16  1 16  0 49  0.817 109.53    -1.4 0    -0.4 0     0.0 0    -0.6 0   259.6 0   276.17 0   275.94 0   312.3 0   276.23 0   276.20 0     0.0 0     0.0 0     0.0 0   -52.7 0   -52.7 0     3.5 0    79.6 0     0.6 0   228.4 0  1014.8 0
 2019  16  1 16  0 50  0.833 109.73    -1.2 0    -0.4 0     0.0 0    -0.8 0   259.4 0   276.15 0   275.90 0   312.6 0   276.21 0   276.17 0     0.0 0     0.0 0     0.0 0   -53.2 0   -53.2 0     3.4 0    79.8 0     0.5 0   233.3 0  1014.8 0
 2019  16  1 16  0 51  0.850 109.93    -1.2 0    -0.4 0     0.0 0    -0.8 0   259.8 0   276.15 0   275.89 0   312.7 0   276.19 0   276.15 0     0.0 0     0.0 0     0.0 0   -53.0 0   -53.0 0     3.4 0    80.0 0     0.4 0   236.6 0  1014.8 0
 2019  16  1 16  0 52  0.867 110.13    -1.2 0    -0.4 0     0.4 0    -0.8 0   259.5 0   276.13 0   275.89 0   312.7 0   276.17 0   276.13 0     0.0 0     0.0 0     0.0 0   -53.2 0   -53.2 0     3.4 0    80.2 0     0.6 0   224.3 0  1014.8 0
 2019  16  1 16  0 53  0.883 110.34    -1.2 0    -0.4 0     0.3 0    -0.8 0   259.4 0   276.12 0   275.87 0   312.7 0   276.15 0   276.11 0     0.0 0     0.0 0     0.0 0   -53.3 0   -53.3 0     3.4 0    80.3 0     0.6 0   231.6 0  1014.8 0
 2019  16  1 16  0 54  0.900 110.54    -1.2 0    -0.4 0     0.0 0    -0.8 0   259.0 0   276.10 0   275.85 0   312.4 0   276.13 0   276.09 0     0.0 0     0.0 0     0.0 0   -53.4 0   -53.4 0     3.4 0    80.3 0     0.4 0   225.6 0  1014.8 0
 2019  16  1 16  0 55  0.917 110.74    -1.2 0    -0.4 0     0.0 0    -0.8 0   258.9 0   276.09 0   275.82 0   312.1 0   276.10 0   276.06 0     0.0 0     0.0 0     0.0 0   -53.2 0   -53.2 0     3.3 0    80.3 0     0.4 0   227.8 0  1014.8 0
 2019  16  1 16  0 56  0.933 110.94    -1.2 0    -0.4 0     0.0 0    -0.7 0   258.8 0   276.06 0   275.81 0   312.0 0   276.08 0   276.03 0     0.0 0     0.0 0     0.0 0   -53.1 0   -53.1 0     3.3 0    80.6 0     0.3 0   228.4 0  1014.8 0
 2019  16  1 16  0 57  0.950 111.14    -1.2 0    -0.7 0     0.3 0    -0.7 0   258.8 0   276.05 0   275.79 0   312.0 0   276.05 0   276.02 0     0.0 0     0.0 0     0.0 0   -53.3 0   -53.3 0     3.2 0    81.1 0     0.5 0   231.1 0  1014.8 0
 2019  16  1 16  0 58  0.967 111.35    -1.2 0    -0.8 0     0.0 0    -0.7 0   258.4 0   276.02 0   275.76 0   312.1 0   276.04 0   276.00 0     0.0 0     0.0 0     0.0 0   -53.6 0   -53.6 0     3.2 0    81.2 0     0.3 0   214.9 0  1014.8 0
 2019  16  1 16  0 59  0.983 111.55    -1.2 0    -0.8 0     0.0 0    -0.7 0   258.1 0   276.00 0   275.74 0   311.9 0   276.01 0   275.97 0     0.0 0     0.0 0     0.0 0   -53.7 0   -53.7 0     3.2 0    81.1 0     0.3 0   205.8 0  1014.8 0
 2019  16  1 16  1  0  1.000 111.75    -1.3 0    -0.8 0     0.0 0    -0.6 0   257.7 0   275.98 0   275.72 0   311.9 0   275.99 0   275.94 0     0.0 0     0.0 0     0.0 0   -54.2 0   -54.2 0     3.2 0    81.1 0     0.3 0   192.9 0  1014.9 0
 2019  16  1 16  1  1  1.017 111.95    -1.5 0    -0.8 0     0.0 0    -0.5 0   257.1 0   275.96 0   275.71 0   311.9 0   275.96 0   275.91 0     0.0 0     0.0 0     0.0 0   -54.8 0   -54.8 0     3.1 0    81.3 0     0.3 0   187.1 0  1014.8 0
 2019  16  1 16  1  2  1.033 112.16    -1.6 0    -0.7 0     0.0 0    -0.5 0   256.5 0   275.95 0   275.69 0   312.0 0   275.93 0   275.90 0     0.0 0     0.0 0     0.0 0   -55.5 0   -55.5 0     3.1 0    81.5 0     0.4 0   174.0 0  1014.7 0
 2019  16  1 16  1  3  1.050 112.36    -1.6 0    -0.4 0     0.0 0    -0.7 0   255.8 0   275.92 0   275.66 0   311.8 0   275.91 0   275.86 0     0.0 0     0.0 0     0.0 0   -56.0 0   -56.0 0     3.1 0    81.6 0     0.3 0   161.6 0  1014.7 0
 2019  16  1 16  1  4  1.067 112.56    -1.6 0    -0.4 0     0.0 0    -0.6 0   255.4 0   275.90 0   275.66 0   311.5 0   275.88 0   275.83 0     0.0 0     0.0 0     0.0 0   -56.1 0   -56.1 0     3.0 0    81.9 0     0.4 0   160.8 0  1014.7 0
 2019  16  1 16  1  5  1.083 112.77    -1.6 0    -0.4 0     0.0 0    -0.7 0   255.0 0   275.89 0   275.63 0   311.4 0   275.85 0   275.81 0     0.0 0     0.0 0     0.0 0   -56.4 0   -56.4 0     3.0 0    82.4 0     0.5 0   166.9 0  1014.8 0
 2019  16  1 16  1  6  1.100 112.97    -1.6 0    -0.4 0     0.0 0    -0.7 0   254.7 0   275.87 0   275.61 0   310.9 0   275.83 0   275.78 0     0.0 0     0.0 0     0.0 0   -56.2 0   -56.2 0     3.0 0    82.7 0     0.4 0   163.3 0  1014.8 0
 2019  16  1 16  1  7  1.117 113.17    -1.6 0    -0.4 0     0.0 0    -0.8 0   254.3 0   275.85 0   275.61 0   310.3 0   275.80 0   275.75 0     0.0 0     0.0 0     0.0 0   -56.1 0   -56.1 0     3.0 0    82.7 0     0.3 0   159.8 0  1014.9 0
 2019  16  1 16  1  8  1.133 113.37    -1.5 0    -0.4 0     0.0 0    -0.8 0   254.2 0   275.83 0   275.59 0   310.2 0   275.77 0   275.72 0     0.0 0     0.0 0     0.0 0   -56.0 0   -56.0 0     2.9 0    82.9 0     0.2 0   157.6 0  1014.9 0
 2019  16  1 16  1  9  1.150 113.58    -1.3 0    -0.4 0     0.0 0    -0.8 0   254.3 0   275.83 0   275.56 0   310.2 0   275.74 0   275.70 0     0.0 0     0.0 0     0.0 0   -55.8 0   -55.8 0     2.9 0    83.0 0     0.2 0   156.2 0  1014.9 0
 2019  16  1 16  1 10  1.167 113.78    -1.2 0    -0.4 0     0.0 0    -0.8 0   254.5 0   275.80 0   275.53 0   310.3 0   275.71 0   275.67 0     0.0 0     0.0 0     0.0 0   -55.8 0   -55.8 0     2.9 0    83.2 0     0.2 0   156.2 0  1014.9 0
 2019  16  1 16  1 11  1.183 113.98    -1.2 0    -0.4 0     0.0 0    -0.8 0   254.7 0   275.79 0   275.51 0   310.4 0   275.69 0   275.64 0     0.0 0     0.0 0     0.0 0   -55.6 0   -55.6 0     2.9 0    83.2 0     0.3 0   156.2 0  1014.9 0
 2019  16  1 16  1 12  1.200 114.19    -1.2 0    -0.4 0     0.0 0    -0.8 0   254.9 0   275.76 0   275.49 0   310.2 0   275.66 0   275.61 0     0.0 0     0.0 0     0.0 0   -55.3 0   -55.3 0     2.9 0    83.3 0     0.3 0   156.2 0  1014.9 0
 2019  16  1 16  1 13  1.217 114.39    -1.2 0    -0.4 0     0.0 0    -0.8 0   255.0 0   275.74 0   275.46 0   310.0 0   275.63 0   275.58 0     0.0 0     0.0 0     0.0 0   -55.0 0   -55.0 0     2.8 0    83.3 0     0.4 0   156.3 0  1014.9 0
 2019  16  1 16  1 14  1.233 114.60    -1.2 0    -0.4 0     0.0 0    -0.8 0   254.9 0   275.71 0   275.46 0   309.9 0   275.60 0   275.55 0     0.0 0     0.0 0     0.0 0   -55.0 0   -55.0 0     2.8 0    83.6 0     0.4 0   162.1 0  1014.9 0
 2019  16  1 16  1 15  1.250 114.80    -1.2 0    -0.4 0     0.0 0    -0.8 0   255.3 0   275.70 0   275.44 0   310.0 0   275.57 0   275.53 0     0.0 0     0.0 0     0.0 0   -54.8 0   -54.8 0     2.7 0    83.8 0     0.3 0   162.0 0  1014.8 0
 2019  16  1 16  1 16  1.267 115.00    -1.2 0    -0.4 0     0.0 0    -0.8 0   255.1 0   275.68 0   275.42 0   310.2 0   275.55 0   275.50 0     0.0 0     0.0 0     0.0 0   -55.0 0   -55.0 0     2.7 0    84.0 0     0.3 0   159.6 0  1014.8 0
 2019  16  1 16  1 17  1.283 115.21    -1.2 0    -0.4 0     0.0 0    -0.8 0   255.3 0   275.66 0   275.40 0   310.0 0   275.52 0   275.47 0     0.0 0     0.0 0     0.0 0   -54.7 0   -54.7 0     2.7 0    84.0 0     0.4 0   153.2 0  1014.8 0
 2019  16  1 16  1 18  1.300 115.41    -1.2 0    -0.4 0     0.0 0    -0.8 0   255.7 0   275.64 0   275.37 0   310.1 0   275.50 0   275.45 0     0.0 0     0.0 0     0.0 0   -54.4 0   -54.4 0     2.7 0    84.1 0     0.5 0   153.2 0  1014.8 0
 2019  16  1 16  1 19  1.317 115.61    -1.2 0    -0.4 0     0.0 0    -0.8 0   255.9 0   275.62 0   275.35 0   310.3 0   275.47 0   275.42 0     0.0 0     0.0 0     0.0 0   -54.3 0   -54.3 0     2.7 0    84.2 0     0.5 0   150.2 0  1014.8 0
 2019  16  1 16  1 20  1.333 115.82    -1.2 0    -0.4 0     0.0 0    -0.8 0   256.4 0   275.59 0   275.31 0   310.4 0   275.45 0   275.40 0     0.0 0     0.0 0     0.0 0   -54.0 0   -54.0 0     2.7 0    84.4 0     0.5 0   147.1 0  1014.8 0
 2019  16  1 16  1 21  1.350 116.02    -1.2 0    -0.4 0     0.0 0    -0.8 0   256.5 0   275.56 0   275.30 0   310.5 0   275.42 0   275.38 0     0.0 0     0.0 0     0.0 0   -54.0 0   -54.0 0     2.7 0    84.4 0     0.5 0   139.7 0  1014.8 0
 2019  16  1 16  1 22  1.367 116.23    -1.2 0    -0.4 0     0.0 0    -0.8 0   256.6 0   275.54 0   275.29 0   310.5 0   275.40 0   275.36 0     0.0 0     0.0 0     0.0 0   -53.8 0   -53.8 0     2.7 0    84.5 0     0.5 0   131.9 0  1014.8 0
 2019  16  1 16  1 23  1.383 116.43    -1.2 0    -0.4 0     0.0 0    -0.8 0   256.6 0   275.52 0   275.26 0   310.3 0   275.37 0   275.32 0     0.0 0     0.0 0     0.0 0   -53.7 0   -53.7 0     2.6 0    84.3 0     0.5 0   113.3 0  1014.8 0
 2019  16  1 16  1 24  1.400 116.64    -1.2 0    -0.4 0     0.0 0    -0.8 0   256.8 0   275.50 0   275.22 0   310.3 0   275.35 0   275.30 0     0.0 0     0.0 0     0.0 0   -53.5 0   -53.5 0     2.5 0    84.2 0     0.6 0    98.5 0  1014.8 0
 2019  16  1 16  1 25  1.417 116.84    -1.2 0    -0.4 0     0.0 0    -0.8 0   256.8 0   275.47 0   275.20 0   310.5 0   275.31 0   275.26 0     0.0 0     0.0 0     0.0 0   -53.7 0   -53.7 0     2.4 0    84.7 0     0.7 0    88.9 0  1014.8 0
 2019  16  1 16  1 26  1.433 117.04    -1.2 0    -0.5 0     0.0 0    -1.0 0   257.1 0   275.45 0   275.16 0   310.9 0   275.28 0   275.23 0     0.0 0     0.0 0     0.0 0   -53.8 0   -53.8 0     2.3 0    85.3 0     0.6 0    90.1 0  1014.7 0
 2019  16  1 16  1 27  1.450 117.25    -1.2 0    -0.6 0     0.0 0    -1.1 0   257.4 0   275.42 0   275.13 0   310.9 0   275.25 0   275.21 0     0.0 0     0.0 0     0.0 0   -53.5 0   -53.5 0     2.2 0    85.8 0     0.7 0    93.4 0  1014.7 0
 2019  16  1 16  1 28  1.467 117.45    -1.2 0    -0.8 0     0.0 0    -1.1 0   257.6 0   275.40 0   275.12 0   311.0 0   275.23 0   275.18 0     0.0 0     0.0 0     0.0 0   -53.4 0   -53.4 0     2.3 0    86.2 0     0.6 0    94.7 0  1014.7 0
 2019  16  1 16  1 29  1.483 117.66    -1.2 0    -0.7 0     0.0 0    -0.9 0   257.5 0   275.37 0   275.10 0   310.8 0   275.21 0   275.16 0     0.0 0     0.0 0     0.0 0   -53.3 0   -53.3 0     2.3 0    86.2 0     0.7 0    93.3 0  1014.7 0
 2019  16  1 16  1 30  1.500 117.86    -1.2 0    -0.6 0     0.0 0    -0.8 0   257.6 0   275.35 0   275.07 0   310.8 0   275.18 0   275.14 0     0.0 0     0.0 0     0.0 0   -53.2 0   -53.2 0     2.3 0    86.3 0     0.7 0    93.7 0  1014.6 0
 2019  16  1 16  1 31  1.517 118.07    -1.2 0    -0.6 0     0.0 0    -0.8 0   257.6 0   275.32 0   275.06 0   310.6 0   275.16 0   275.11 0     0.0 0     0.0 0     0.0 0   -53.1 0   -53.1 0     2.3 0    86.3 0     0.7 0    94.9 0  1014.6 0
 2019  16  1 16  1 32  1.533 118.27    -1.2 0    -0.4 0     0.0 0    -0.8 0   257.6 0   275.31 0   275.04 0   310.3 0   275.13 0   275.08 0     0.0 0     0.0 0     0.0 0   -52.7 0   -52.7 0     2.3 0    85.8 0     0.8 0    90.6 0  1014.6 0
 2019  16  1 16  1 33  1.550 118.48    -1.2 0    -0.4 0     0.0 0    -0.8 0   257.4 0   275.29 0   275.03 0   310.2 0   275.11 0   275.06 0     0.0 0     0.0 0     0.0 0   -52.7 0   -52.7 0     2.2 0    85.7 0     0.7 0    89.5 0  1014.6 0
 2019  16  1 16  1 34  1.567 118.68    -1.2 0    -0.4 0     0.0 0    -0.8 0   257.5 0   275.27 0   275.01 0   310.1 0   275.08 0   275.03 0     0.0 0     0.0 0     0.0 0   -52.6 0   -52.6 0     2.2 0    86.0 0     0.7 0    88.8 0  1014.6 0
 2019  16  1 16  1 35  1.583 118.89    -1.2 0    -0.4 0     0.0 0    -0.8 0   258.0 0   275.26 0   274.99 0   310.1 0   275.05 0   275.01 0     0.0 0     0.0 0     0.0 0   -52.1 0   -52.1 0     2.2 0    86.3 0     0.6 0    92.0 0  1014.6 0
 2019  16  1 16  1 36  1.600 119.09    -1.2 0    -0.4 0     0.0 0    -0.8 0   258.4 0   275.24 0   274.99 0   310.0 0   275.03 0   274.98 0     0.0 0     0.0 0     0.0 0   -51.6 0   -51.6 0     2.2 0    86.2 0     0.6 0    88.3 0  1014.6 0
 2019  16  1 16  1 37  1.617 119.30    -1.2 0    -0.4 0     0.0 0    -0.8 0   258.7 0   275.22 0   274.96 0   309.9 0   275.01 0   274.95 0     0.0 0     0.0 0     0.0 0   -51.2 0   -51.2 0     2.1 0    86.3 0     0.5 0    88.1 0  1014.6 0
 2019  16  1 16  1 38  1.633 119.50    -1.2 0    -0.4 0     0.0 0    -0.8 0   259.2 0   275.20 0   274.93 0   309.7 0   274.97 0   274.92 0     0.0 0     0.0 0     0.0 0   -50.6 0   -50.6 0     2.0 0    86.5 0     0.4 0    88.0 0  1014.6 0
 2019  16  1 16  1 39  1.650 119.71    -1.2 0    -0.6 0     0.0 0    -0.8 0   259.3 0   275.18 0   274.91 0   309.7 0   274.95 0   274.90 0     0.0 0     0.0 0     0.0 0   -50.4 0   -50.4 0     2.0 0    86.4 0     0.4 0    88.1 0  1014.6 0
 2019  16  1 16  1 40  1.667 119.91    -1.2 0    -0.8 0     0.0 0    -0.8 0   259.4 0   275.16 0   274.90 0   310.0 0   274.92 0   274.88 0     0.0 0     0.0 0     0.0 0   -50.6 0   -50.6 0     1.9 0    87.0 0     0.3 0   104.1 0  1014.6 0
 2019  16  1 16  1 41  1.683 120.12    -1.2 0    -0.8 0     0.0 0    -0.7 0   259.2 0   275.13 0   274.88 0   309.7 0   274.90 0   274.85 0     0.0 0     0.0 0     0.0 0   -50.5 0   -50.5 0     1.9 0    87.2 0     0.3 0   101.5 0  1014.6 0
 2019  16  1 16  1 42  1.700 120.32    -1.2 0    -0.8 0     0.0 0    -0.7 0   259.0 0   275.11 0   274.86 0   309.5 0   274.87 0   274.82 0     0.0 0     0.0 0     0.0 0   -50.5 0   -50.5 0     1.9 0    87.0 0     0.0 0     0.0 0  1014.6 0
 2019  16  1 16  1 43  1.717 120.53    -1.2 0    -0.8 0     0.3 0    -0.7 0   258.9 0   275.09 0   274.84 0   309.5 0   274.84 0   274.80 0     0.0 0     0.0 0     0.0 0   -50.6 0   -50.6 0     1.8 0    87.2 0     0.4 0   101.2 0  1014.6 0
 2019  16  1 16  1 44  1.733 120.74    -1.2 0    -0.8 0     0.4 0    -0.7 0   259.0 0   275.07 0   274.82 0   309.5 0   274.82 0   274.77 0     0.0 0     0.0 0     0.0 0   -50.5 0   -50.5 0     1.7 0    87.6 0     0.6 0   101.2 0  1014.6 0
 2019  16  1 16  1 45  1.750 120.94    -1.2 0    -0.8 0     0.1 0    -0.7 0   258.9 0   275.06 0   274.83 0   309.5 0   274.79 0   274.74 0     0.0 0     0.0 0     0.0 0   -50.7 0   -50.7 0     1.7 0    87.9 0     0.7 0   101.2 0  1014.6 0
 2019  16  1 16  1 46  1.767 121.15    -1.2 0    -0.8 0     0.0 0    -0.7 0   258.9 0   275.04 0   274.80 0   309.6 0   274.76 0   274.71 0     0.0 0     0.0 0     0.0 0   -50.8 0   -50.8 0     1.7 0    88.1 0     0.7 0   101.2 0  1014.6 0
 2019  16  1 16  1 47  1.783 121.35    -1.2 0    -0.8 0     0.0 0    -0.7 0   259.1 0   275.03 0   274.78 0   309.7 0   274.73 0   274.68 0     0.0 0     0.0 0     0.0 0   -50.6 0   -50.6 0     1.6 0    88.3 0     0.7 0   101.3 0  1014.6 0
 2019  16  1 16  1 48  1.800 121.56    -1.2 0    -0.8 0     0.0 0    -0.7 0   259.3 0   275.02 0   274.78 0   309.6 0   274.70 0   274.66 0     0.0 0     0.0 0     0.0 0   -50.4 0   -50.4 0     1.6 0    88.6 0     0.7 0   101.8 0  1014.5 0
 2019  16  1 16  1 49  1.817 121.76    -1.3 0    -0.8 0     0.0 0    -0.6 0   259.4 0   275.00 0   274.75 0   309.7 0   274.68 0   274.63 0     0.0 0     0.0 0     0.0 0   -50.3 0   -50.3 0     1.6 0    88.9 0     0.7 0   104.9 0  1014.5 0
 2019  16  1 16  1 50  1.833 121.97    -1.2 0    -0.8 0     0.0 0    -0.6 0   259.4 0   274.98 0   274.73 0   309.6 0   274.65 0   274.61 0     0.0 0     0.0 0     0.0 0   -50.2 0   -50.2 0     1.6 0    89.1 0     0.7 0   104.9 0  1014.5 0
 2019  16  1 16  1 51  1.850 122.17    -1.2 0    -0.8 0     0.0 0    -0.7 0   259.2 0   274.96 0   274.70 0   309.8 0   274.63 0   274.59 0     0.0 0     0.0 0     0.0 0   -50.6 0   -50.6 0     1.6 0    89.4 0     0.7 0   103.9 0  1014.5 0
 2019  16  1 16  1 52  1.867 122.38    -1.2 0    -0.7 0     0.0 0    -0.8 0   258.9 0   274.93 0   274.67 0   309.7 0   274.61 0   274.56 0     0.0 0     0.0 0     0.0 0   -50.7 0   -50.7 0     1.6 0    89.4 0     0.6 0   103.0 0  1014.5 0
 2019  16  1 16  1 53  1.883 122.59    -1.2 0    -0.5 0     0.0 0    -0.8 0   258.8 0   274.91 0   274.65 0   309.6 0   274.58 0   274.54 0     0.0 0     0.0 0     0.0 0   -50.8 0   -50.8 0     1.5 0    89.4 0     0.6 0   103.0 0  1014.6 0
 2019  16  1 16  1 54  1.900 122.79    -1.2 0    -0.4 0     0.0 0    -0.7 0   258.9 0   274.89 0   274.63 0   309.4 0   274.56 0   274.52 0     0.0 0     0.0 0     0.0 0   -50.5 0   -50.5 0     1.5 0    89.5 0     0.6 0   103.0 0  1014.6 0
 2019  16  1 16  1 55  1.917 123.00    -1.2 0    -0.4 0     0.0 0    -0.7 0   259.0 0   274.87 0   274.63 0   309.2 0   274.53 0   274.49 0     0.0 0     0.0 0     0.0 0   -50.2 0   -50.2 0     1.5 0    89.5 0     0.6 0   103.0 0  1014.6 0
 2019  16  1 16  1 56  1.933 123.20    -1.2 0    -0.4 0     0.0 0    -0.6 0   259.5 0   274.85 0   274.61 0   309.2 0   274.52 0   274.47 0     0.0 0     0.0 0     0.0 0   -49.7 0   -49.7 0     1.5 0    89.5 0     0.5 0   103.1 0  1014.6 0
 2019  16  1 16  1 57  1.950 123.41    -1.2 0    -0.5 0     0.0 0    -0.5 0   260.0 0   274.83 0   274.60 0   309.2 0   274.49 0   274.45 0     0.0 0     0.0 0     0.0 0   -49.2 0   -49.2 0     1.5 0    89.5 0     0.4 0   103.1 0  1014.7 0
 2019  16  1 16  1 58  1.967 123.62    -1.2 0    -0.5 0     0.0 0    -0.5 0   260.7 0   274.82 0   274.60 0   309.2 0   274.47 0   274.43 0     0.0 0     0.0 0     0.0 0   -48.5 0   -48.5 0     1.5 0    89.6 0     0.4 0   103.1 0  1014.7 0
 2019  16  1 16  1 59  1.983 123.82    -1.2 0    -0.5 0     0.0 0    -0.5 0   261.3 0   274.82 0   274.60 0   309.2 0   274.45 0   274.41 0     0.0 0     0.0 0     0.0 0   -47.9 0   -47.9 0     1.4 0    89.5 0     0.4 0   103.1 0  1014.7 0
 2019  16  1 16  2  0  2.000 124.03    -1.2 0    -0.5 0     0.0 0    -0.7 0   261.8 0   274.82 0   274.58 0   309.3 0   274.43 0   274.38 0     0.0 0     0.0 0     0.0 0   -47.6 0   -47.6 0     1.4 0    89.5 0     0.4 0   102.8 0  1014.6 0
 2019  16  1 16  2  1  2.017 124.23    -1.2 0    -0.4 0     0.0 0    -0.7 0   261.9 0   274.80 0   274.56 0   309.3 0   274.40 0   274.36 0     0.0 0     0.0 0     0.0 0   -47.4 0   -47.4 0     1.4 0    89.5 0     0.4 0    94.6 0  1014.6 0
 2019  16  1 16  2  2  2.033 124.44    -1.2 0    -0.4 0     0.2 0    -0.8 0   262.0 0   274.78 0   274.54 0   309.3 0   274.38 0   274.33 0     0.0 0     0.0 0     0.0 0   -47.3 0   -47.3 0     1.3 0    89.5 0     0.4 0    91.3 0  1014.6 0
 2019  16  1 16  2  3  2.050 124.65    -1.2 0    -0.4 0     0.8 0    -0.7 0   262.2 0   274.77 0   274.53 0   309.4 0   274.35 0   274.31 0     0.0 0     0.0 0     0.0 0   -47.2 0   -47.2 0     1.3 0    89.4 0     0.5 0    90.4 0  1014.6 0
 2019  16  1 16  2  4  2.067 124.85    -1.2 0    -0.5 0     0.8 0    -0.7 0   262.1 0   274.75 0   274.53 0   309.5 0   274.33 0   274.28 0     0.0 0     0.0 0     0.0 0   -47.4 0   -47.4 0     1.2 0    89.5 0     0.5 0    90.4 0  1014.6 0
 2019  16  1 16  2  5  2.083 125.06    -1.2 0    -0.6 0     0.8 0    -0.7 0   262.2 0   274.75 0   274.52 0   309.4 0   274.30 0   274.26 0     0.0 0     0.0 0     0.0 0   -47.2 0   -47.2 0     1.2 0    89.6 0     0.5 0    90.5 0  1014.6 0
 2019  16  1 16  2  6  2.100 125.27    -1.2 0    -0.7 0     0.8 0    -0.6 0   262.0 0   274.73 0   274.50 0   309.5 0   274.28 0   274.24 0     0.0 0     0.0 0     0.0 0   -47.5 0   -47.5 0     1.1 0    89.7 0     0.5 0    90.6 0  1014.6 0
 2019  16  1 16  2  7  2.117 125.47    -1.2 0    -0.7 0     0.8 0    -0.5 0   261.8 0   274.72 0   274.50 0   309.5 0   274.25 0   274.21 0     0.0 0     0.0 0     0.0 0   -47.7 0   -47.7 0     1.1 0    89.9 0     0.5 0    90.9 0  1014.6 0
 2019  16  1 16  2  8  2.133 125.68    -1.2 0    -0.8 0     0.8 0    -0.4 0   261.9 0   274.72 0   274.50 0   309.5 0   274.23 0   274.19 0     0.0 0     0.0 0     0.0 0   -47.6 0   -47.6 0     1.0 0    90.1 0     0.6 0    95.3 0  1014.6 0
 2019  16  1 16  2  9  2.150 125.88    -1.2 0    -0.7 0     0.8 0    -0.4 0   261.8 0   274.72 0   274.53 0   309.4 0   274.20 0   274.16 0     0.0 0     0.0 0     0.0 0   -47.5 0   -47.5 0     1.0 0    90.4 0     0.6 0    96.1 0  1014.5 0
 2019  16  1 16  2 10  2.167 126.09    -1.2 0    -0.5 0     0.8 0    -0.4 0   261.8 0   274.72 0   274.53 0   309.5 0   274.18 0   274.14 0     0.0 0     0.0 0     0.0 0   -47.7 0   -47.7 0     1.0 0    90.6 0     0.7 0    95.9 0  1014.5 0
 2019  16  1 16  2 11  2.183 126.30    -1.2 0    -0.4 0     0.8 0    -0.4 0   261.7 0   274.72 0   274.53 0   309.5 0   274.15 0   274.12 0     0.0 0     0.0 0     0.0 0   -47.7 0   -47.7 0     1.0 0    90.7 0     0.7 0    95.5 0  1014.5 0
 2019  16  1 16  2 12  2.200 126.50    -1.2 0    -0.4 0     0.8 0    -0.4 0   261.7 0   274.73 0   274.53 0   309.6 0   274.14 0   274.09 0     0.0 0     0.0 0     0.0 0   -47.8 0   -47.8 0     1.0 0    90.8 0     0.7 0    94.1 0  1014.6 0
 2019  16  1 16  2 13  2.217 126.71    -1.2 0    -0.4 0     0.8 0    -0.4 0   262.0 0   274.74 0   274.52 0   309.5 0   274.11 0   274.07 0     0.0 0     0.0 0     0.0 0   -47.4 0   -47.4 0     1.0 0    90.9 0     0.6 0    93.7 0  1014.6 0
 2019  16  1 16  2 14  2.233 126.92    -1.2 0    -0.4 0     0.8 0    -0.4 0   262.2 0   274.74 0   274.52 0   309.5 0   274.09 0   274.05 0     0.0 0     0.0 0     0.0 0   -47.2 0   -47.2 0     1.0 0    91.1 0     0.6 0    93.8 0  1014.6 0
 2019  16  1 16  2 15  2.250 127.12    -1.2 0    -0.4 0     0.8 0    -0.4 0   262.5 0   274.74 0   274.52 0   309.5 0   274.07 0   274.04 0     0.0 0     0.0 0     0.0 0   -47.0 0   -47.0 0     1.0 0    91.3 0     0.6 0    94.1 0  1014.6 0
 2019  16  1 16  2 16  2.267 127.33    -1.2 0    -0.4 0     0.8 0    -0.4 0   262.8 0   274.74 0   274.51 0   309.5 0   274.06 0   274.02 0     0.0 0     0.0 0     0.0 0   -46.8 0   -46.8 0     1.0 0    91.4 0     0.6 0    97.2 0  1014.6 0
 2019  16  1 16  2 17  2.283 127.54    -1.3 0    -0.4 0     0.7 0    -0.4 0   262.9 0   274.72 0   274.49 0   309.4 0   274.04 0   274.00 0     0.0 0     0.0 0     0.0 0   -46.5 0   -46.5 0     1.0 0    91.5 0     0.6 0    99.6 0  1014.5 0
 2019  16  1 16  2 18  2.300 127.74    -1.2 0    -0.4 0     0.5 0    -0.4 0   263.3 0   274.71 0   274.47 0   309.5 0   274.03 0   273.99 0     0.0 0     0.0 0     0.0 0   -46.2 0   -46.2 0     1.1 0    91.4 0     0.6 0    99.4 0  1014.5 0
 2019  16  1 16  2 19  2.317 127.95    -1.3 0    -0.4 0     0.7 0    -0.4 0   263.4 0   274.69 0   274.47 0   309.5 0   274.01 0   273.97 0     0.0 0     0.0 0     0.0 0   -46.1 0   -46.1 0     1.0 0    91.3 0     0.6 0    96.8 0  1014.5 0
 2019  16  1 16  2 20  2.333 128.16    -1.2 0    -0.4 0     0.5 0    -0.4 0   263.4 0   274.68 0   274.45 0   309.5 0   273.99 0   273.95 0     0.0 0     0.0 0     0.0 0   -46.1 0   -46.1 0     1.0 0    91.2 0     0.6 0    91.3 0  1014.5 0
 2019  16  1 16  2 21  2.350 128.36    -1.2 0    -0.4 0     0.3 0    -0.5 0   263.4 0   274.67 0   274.45 0   309.5 0   273.97 0   273.94 0     0.0 0     0.0 0     0.0 0   -46.1 0   -46.1 0     1.0 0    91.2 0     0.6 0    89.8 0  1014.5 0
 2019  16  1 16  2 22  2.367 128.57    -1.2 0    -0.4 0     0.5 0    -0.6 0   263.9 0   274.67 0   274.45 0   309.5 0   273.95 0   273.91 0     0.0 0     0.0 0     0.0 0   -45.6 0   -45.6 0     0.9 0    91.2 0     0.7 0    89.8 0  1014.5 0
 2019  16  1 16  2 23  2.383 128.78    -1.2 0    -0.4 0     0.6 0    -0.6 0   264.4 0   274.66 0   274.42 0   309.7 0   273.94 0   273.89 0     0.0 0     0.0 0     0.0 0   -45.3 0   -45.3 0     0.9 0    91.2 0     0.6 0    89.9 0  1014.5 0
 2019  16  1 16  2 24  2.400 128.98    -1.2 0    -0.4 0     0.8 0    -0.7 0   264.7 0   274.64 0   274.40 0   309.6 0   273.91 0   273.88 0     0.0 0     0.0 0     0.0 0   -44.9 0   -44.9 0     0.9 0    91.3 0     0.6 0    90.0 0  1014.5 0
 2019  16  1 16  2 25  2.417 129.19    -1.2 0    -0.4 0     0.8 0    -0.5 0   265.1 0   274.62 0   274.39 0   309.6 0   273.89 0   273.86 0     0.0 0     0.0 0     0.0 0   -44.5 0   -44.5 0     0.9 0    91.4 0     0.6 0    90.2 0  1014.5 0
 2019  16  1 16  2 26  2.433 129.39    -1.2 0    -0.4 0     0.8 0    -0.4 0   265.3 0   274.61 0   274.37 0   309.8 0   273.88 0   273.84 0     0.0 0     0.0 0     0.0 0   -44.5 0   -44.5 0     0.9 0    91.4 0     0.6 0    92.2 0  1014.5 0
 2019  16  1 16  2 27  2.450 129.60    -1.2 0    -0.4 0     0.8 0    -0.4 0   265.2 0   274.58 0   274.34 0   309.7 0   273.86 0   273.83 0     0.0 0     0.0 0     0.0 0   -44.5 0   -44.5 0     0.9 0    91.4 0     0.6 0    95.9 0  1014.5 0
 2019  16  1 16  2 28  2.467 129.81    -1.2 0    -0.4 0     0.8 0    -0.4 0   265.2 0   274.56 0   274.33 0   309.7 0   273.85 0   273.81 0     0.0 0     0.0 0     0.0 0   -44.5 0   -44.5 0     0.9 0    91.4 0     0.6 0    96.0 0  1014.5 0
 2019  16  1 16  2 29  2.483 130.01    -1.2 0    -0.4 0     0.8 0    -0.4 0   265.0 0   274.54 0   274.33 0   309.9 0   273.83 0   273.79 0     0.0 0     0.0 0     0.0 0   -44.8 0   -44.8 0     0.8 0    91.4 0     0.6 0    96.0 0  1014.6 0
 2019  16  1 16  2 30  2.500 130.22    -1.2 0    -0.4 0     0.8 0    -0.4 0   264.9 0   274.53 0   274.32 0   309.7 0   273.81 0   273.78 0     0.0 0     0.0 0     0.0 0   -44.8 0   -44.8 0     0.8 0    91.5 0     0.6 0    96.0 0  1014.6 0
 2019  16  1 16  2 31  2.517 130.43    -1.2 0    -0.4 0     0.8 0    -0.4 0   264.8 0   274.52 0   274.31 0   309.6 0   273.79 0   273.76 0     0.0 0     0.0 0     0.0 0   -44.8 0   -44.8 0     0.8 0    91.6 0     0.5 0    95.9 0  1014.6 0
 2019  16  1 16  2 32  2.533 130.63    -1.2 0    -0.4 0     0.8 0    -0.4 0   264.9 0   274.52 0   274.30 0   309.9 0   273.78 0   273.74 0     0.0 0     0.0 0     0.0 0   -45.0 0   -45.0 0     0.8 0    91.6 0     0.5 0    95.9 0  1014.6 0
 2019  16  1 16  2 33  2.550 130.84    -1.2 0    -0.4 0     0.8 0    -0.4 0   264.9 0   274.50 0   274.28 0   309.7 0   273.77 0   273.74 0     0.0 0     0.0 0     0.0 0   -44.8 0   -44.8 0     0.8 0    91.7 0     0.4 0    96.0 0  1014.6 0
 2019  16  1 16  2 34  2.567 131.05    -1.3 0    -0.4 0     0.8 0    -0.4 0   265.0 0   274.49 0   274.28 0   309.8 0   273.74 0   273.72 0     0.0 0     0.0 0     0.0 0   -44.8 0   -44.8 0     0.8 0    91.9 0     0.3 0   102.4 0  1014.6 0
 2019  16  1 16  2 35  2.583 131.25    -1.3 0    -0.4 0     0.8 0    -0.4 0   265.1 0   274.47 0   274.28 0   310.0 0   273.74 0   273.71 0     0.0 0     0.0 0     0.0 0   -44.8 0   -44.8 0     0.9 0    92.0 0     0.4 0   108.9 0  1014.6 0
 2019  16  1 16  2 36  2.600 131.46    -1.5 0    -0.4 0     0.8 0    -0.4 0   265.5 0   274.47 0   274.28 0   310.0 0   273.72 0   273.69 0     0.0 0     0.0 0     0.0 0   -44.5 0   -44.5 0     0.9 0    92.0 0     0.4 0   113.0 0  1014.6 0
 2019  16  1 16  2 37  2.617 131.67    -1.6 0    -0.4 0     0.8 0    -0.4 0   265.6 0   274.47 0   274.28 0   310.0 0   273.72 0   273.69 0     0.0 0     0.0 0     0.0 0   -44.3 0   -44.3 0     0.9 0    92.0 0     0.4 0   113.8 0  1014.6 0
 2019  16  1 16  2 38  2.633 131.87    -1.6 0    -0.4 0     0.8 0    -0.4 0   265.6 0   274.47 0   274.29 0   309.8 0   273.70 0   273.67 0     0.0 0     0.0 0     0.0 0   -44.1 0   -44.1 0     0.8 0    92.0 0     0.3 0   110.8 0  1014.6 0
 2019  16  1 16  2 39  2.650 132.08    -1.6 0    -0.4 0     0.8 0    -0.4 0   265.5 0   274.48 0   274.30 0   309.8 0   273.69 0   273.65 0     0.0 0     0.0 0     0.0 0   -44.3 0   -44.3 0     0.8 0    91.9 0     0.4 0    98.8 0  1014.6 0
 2019  16  1 16  2 40  2.667 132.29    -1.6 0    -0.4 0     0.8 0    -0.4 0   265.7 0   274.50 0   274.29 0   309.7 0   273.67 0   273.64 0     0.0 0     0.0 0     0.0 0   -44.1 0   -44.1 0     0.8 0    91.8 0     0.4 0    89.8 0  1014.6 0
 2019  16  1 16  2 41  2.683 132.49    -1.4 0    -0.4 0     0.8 0    -0.4 0   265.5 0   274.49 0   274.27 0   309.7 0   273.65 0   273.62 0     0.0 0     0.0 0     0.0 0   -44.1 0   -44.1 0     0.8 0    91.8 0     0.4 0    89.8 0  1014.6 0
 2019  16  1 16  2 42  2.700 132.70    -1.2 0    -0.4 0     0.8 0    -0.4 0   265.4 0   274.47 0   274.26 0   310.0 0   273.64 0   273.60 0     0.0 0     0.0 0     0.0 0   -44.6 0   -44.6 0     0.7 0    91.8 0     0.4 0    90.0 0  1014.6 0
 2019  16  1 16  2 43  2.717 132.90    -1.2 0    -0.4 0     0.8 0    -0.4 0   265.5 0   274.47 0   274.25 0   309.8 0   273.62 0   273.59 0     0.0 0     0.0 0     0.0 0   -44.3 0   -44.3 0     0.7 0    92.0 0     0.4 0    90.3 0  1014.6 0
 2019  16  1 16  2 44  2.733 133.11    -1.2 0    -0.4 0     0.8 0    -0.4 0   265.4 0   274.46 0   274.25 0   309.9 0   273.61 0   273.58 0     0.0 0     0.0 0     0.0 0   -44.6 0   -44.6 0     0.7 0    92.2 0     0.4 0    93.9 0  1014.6 0
 2019  16  1 16  2 45  2.750 133.32    -1.2 0    -0.4 0     0.8 0    -0.4 0   265.3 0   274.45 0   274.25 0   310.0 0   273.60 0   273.57 0     0.0 0     0.0 0     0.0 0   -44.7 0   -44.7 0     0.7 0    92.3 0     0.5 0    94.0 0  1014.6 0
 2019  16  1 16  2 46  2.767 133.52    -1.2 0    -0.4 0     0.8 0    -0.4 0   265.1 0   274.45 0   274.25 0   310.1 0   273.59 0   273.55 0     0.0 0     0.0 0     0.0 0   -45.0 0   -45.0 0     0.7 0    92.3 0     0.5 0    93.9 0  1014.6 0
 2019  16  1 16  2 47  2.783 133.73    -1.2 0    -0.4 0     0.8 0    -0.4 0   264.7 0   274.45 0   274.24 0   309.9 0   273.57 0   273.55 0     0.0 0     0.0 0     0.0 0   -45.1 0   -45.1 0     0.7 0    92.2 0     0.5 0    93.4 0  1014.7 0
 2019  16  1 16  2 48  2.800 133.94    -1.2 0    -0.4 0     0.8 0    -0.4 0   264.4 0   274.45 0   274.23 0   309.7 0   273.56 0   273.53 0     0.0 0     0.0 0     0.0 0   -45.3 0   -45.3 0     0.7 0    92.3 0     0.4 0    93.3 0  1014.7 0
 2019  16  1 16  2 49  2.817 134.14    -1.2 0    -0.4 0     0.8 0    -0.5 0   264.2 0   274.44 0   274.21 0   309.6 0   273.55 0   273.51 0     0.0 0     0.0 0     0.0 0   -45.4 0   -45.4 0     0.7 0    92.3 0     0.4 0    91.0 0  1014.7 0
 2019  16  1 16  2 50  2.833 134.35    -1.2 0    -0.4 0     0.8 0    -0.4 0   264.2 0   274.42 0   274.20 0   309.6 0   273.54 0   273.50 0     0.0 0     0.0 0     0.0 0   -45.4 0   -45.4 0     0.7 0    92.3 0     0.3 0    87.9 0  1014.7 0
 2019  16  1 16  2 51  2.850 134.56    -1.2 0    -0.4 0     0.8 0    -0.4 0   264.3 0   274.42 0   274.19 0   309.5 0   273.52 0   273.49 0     0.0 0     0.0 0     0.0 0   -45.2 0   -45.2 0     0.7 0    92.3 0     0.2 0    88.0 0  1014.7 0
 2019  16  1 16  2 52  2.867 134.76    -1.2 0    -0.4 0     0.8 0    -0.4 0   264.5 0   274.41 0   274.18 0   309.5 0   273.50 0   273.47 0     0.0 0     0.0 0     0.0 0   -45.0 0   -45.0 0     0.7 0    92.2 0     0.1 0    88.1 0  1014.7 0
 2019  16  1 16  2 53  2.883 134.97    -1.2 0    -0.4 0     0.8 0    -0.4 0   264.6 0   274.39 0   274.18 0   309.7 0   273.49 0   273.47 0     0.0 0     0.0 0     0.0 0   -45.1 0   -45.1 0     0.7 0    92.3 0     0.0 0     0.0 0  1014.8 0
 2019  16  1 16  2 54  2.900 135.17    -1.2 0    -0.4 0     0.8 0    -0.4 0   264.5 0   274.39 0   274.18 0   309.6 0   273.47 0   273.45 0     0.0 0     0.0 0     0.0 0   -45.1 0   -45.1 0     0.7 0    92.4 0     0.0 0     0.0 0  1014.8 0
 2019  16  1 16  2 55  2.917 135.38    -1.4 0    -0.4 0     0.8 0    -0.4 0   264.2 0   274.37 0   274.17 0   309.5 0   273.47 0   273.44 0     0.0 0     0.0 0     0.0 0   -45.3 0   -45.3 0     0.7 0    92.4 0     0.0 0     0.0 0  1014.8 0
 2019  16  1 16  2 56  2.933 135.58    -1.4 0    -0.4 0     0.8 0    -0.4 0   264.1 0   274.37 0   274.15 0   309.4 0   273.45 0   273.42 0     0.0 0     0.0 0     0.0 0   -45.3 0   -45.3 0     0.8 0    92.4 0     0.0 0     0.0 0  1014.8 0
 2019  16  1 16  2 57  2.950 135.79    -1.3 0    -0.4 0     0.8 0    -0.4 0   263.6 0   274.35 0   274.15 0   309.8 0   273.45 0   273.40 0     0.0 0     0.0 0     0.0 0   -46.2 0   -46.2 0     0.8 0    92.5 0     0.0 0     0.0 0  1014.8 0
 2019  16  1 16  2 58  2.967 136.00    -1.4 0    -0.4 0     0.8 0    -0.4 0   263.2 0   274.34 0   274.15 0   309.6 0   273.42 0   273.40 0     0.0 0     0.0 0     0.0 0   -46.4 0   -46.4 0     0.8 0    92.5 0     0.0 0     0.0 0  1014.7 0
 2019  16  1 16  2 59  2.983 136.20    -1.3 0    -0.4 0     0.8 0    -0.4 0   262.8 0   274.34 0   274.13 0   309.4 0   273.41 0   273.39 0     0.0 0     0.0 0     0.0 0   -46.6 0   -46.6 0     0.8 0    92.3 0     0.0 0     0.0 0  1014.7 0
 2019  16  1 16  3  0  3.000 136.41    -1.2 0    -0.4 0     0.8 0    -0.4 0   262.4 0   274.34 0   274.11 0   309.4 0   273.40 0   273.38 0     0.0 0     0.0 0     0.0 0   -47.0 0   -47.0 0     0.7 0    92.3 0     0.0 0     0.0 0  1014.7 0
 2019  16  1 16  3  1  3.017 136.61    -1.2 0    -0.4 0     0.8 0    -0.5 0   261.9 0   274.32 0   274.10 0   309.5 0   273.40 0   273.36 0     0.0 0     0.0 0     0.0 0   -47.6 0   -47.6 0     0.7 0    92.4 0     0.0 0     0.0 0  1014.8 0
 2019  16  1 16  3  2  3.033 136.82    -1.2 0    -0.4 0     0.8 0    -0.5 0   261.7 0   274.32 0   274.09 0   309.1 0   273.37 0   273.35 0     0.0 0     0.0 0     0.0 0   -47.3 0   -47.3 0     0.7 0    92.4 0     0.0 0     0.0 0  1014.8 0
 2019  16  1 16  3  3  3.050 137.03    -1.2 0    -0.4 0     0.8 0    -0.5 0   261.3 0   274.31 0   274.08 0   308.7 0   273.36 0   273.34 0     0.0 0     0.0 0     0.0 0   -47.4 0   -47.4 0     0.7 0    92.5 0     0.0 0    90.7 0  1014.8 0
 2019  16  1 16  3  4  3.067 137.23    -1.2 0    -0.4 0     0.7 0    -0.5 0   260.6 0   274.30 0   274.08 0   308.6 0   273.35 0   273.32 0     0.0 0     0.0 0     0.0 0   -48.0 0   -48.0 0     0.7 0    92.4 0     0.4 0    90.7 0  1014.8 0
 2019  16  1 16  3  5  3.083 137.44    -1.2 0    -0.4 0     0.4 0    -0.4 0   260.1 0   274.30 0   274.08 0   308.5 0   273.35 0   273.32 0     0.0 0     0.0 0     0.0 0   -48.5 0   -48.5 0     0.7 0    92.4 0     0.5 0    90.8 0  1014.8 0
 2019  16  1 16  3  6  3.100 137.64    -1.2 0    -0.4 0     0.2 0    -0.4 0   259.5 0   274.29 0   274.06 0   308.1 0   273.32 0   273.30 0     0.0 0     0.0 0     0.0 0   -48.6 0   -48.6 0     0.7 0    92.4 0     0.3 0    90.1 0  1014.9 0
 2019  16  1 16  3  7  3.117 137.85    -1.2 0    -0.4 0     0.0 0    -0.4 0   258.7 0   274.28 0   274.04 0   308.1 0   273.32 0   273.28 0     0.0 0     0.0 0     0.0 0   -49.4 0   -49.4 0     0.7 0    92.4 0     0.2 0    89.7 0  1014.9 0
 2019  16  1 16  3  8  3.133 138.05    -1.2 0    -0.4 0     0.1 0    -0.4 0   258.0 0   274.26 0   274.02 0   307.8 0   273.30 0   273.27 0     0.0 0     0.0 0     0.0 0   -49.8 0   -49.8 0     0.7 0    92.3 0     0.1 0    89.6 0  1014.9 0
 2019  16  1 16  3  9  3.150 138.26    -1.2 0    -0.4 0     0.4 0    -0.5 0   257.4 0   274.25 0   274.00 0   307.7 0   273.28 0   273.25 0     0.0 0     0.0 0     0.0 0   -50.3 0   -50.3 0     0.6 0    92.3 0     0.3 0    88.0 0  1014.9 0
 2019  16  1 16  3 10  3.167 138.46    -1.2 0    -0.4 0     0.8 0    -0.4 0   256.6 0   274.22 0   273.98 0   307.5 0   273.27 0   273.24 0     0.0 0     0.0 0     0.0 0   -50.9 0   -50.9 0     0.6 0    92.3 0     0.4 0    88.0 0  1014.9 0
 2019  16  1 16  3 11  3.183 138.67    -1.2 0    -0.4 0     0.8 0    -0.4 0   255.9 0   274.21 0   273.98 0   307.2 0   273.25 0   273.22 0     0.0 0     0.0 0     0.0 0   -51.2 0   -51.2 0     0.5 0    92.3 0     0.4 0    88.1 0  1014.9 0
 2019  16  1 16  3 12  3.200 138.87    -1.2 0    -0.4 0     0.8 0    -0.4 0   255.2 0   274.20 0   273.96 0   307.1 0   273.24 0   273.20 0     0.0 0     0.0 0     0.0 0   -51.9 0   -51.9 0     0.5 0    92.4 0     0.4 0    88.1 0  1014.9 0
 2019  16  1 16  3 13  3.217 139.08    -1.2 0    -0.4 0     0.8 0    -0.5 0   254.5 0   274.18 0   273.93 0   306.7 0   273.23 0   273.19 0     0.0 0     0.0 0     0.0 0   -52.3 0   -52.3 0     0.5 0    92.5 0     0.3 0    88.2 0  1014.9 0
 2019  16  1 16  3 14  3.233 139.28    -1.2 0    -0.4 0     0.6 0    -0.4 0   254.1 0   274.17 0   273.91 0   306.5 0   273.21 0   273.18 0     0.0 0     0.0 0     0.0 0   -52.4 0   -52.4 0     0.5 0    92.6 0     0.4 0    88.3 0  1014.9 0
 2019  16  1 16  3 15  3.250 139.49    -1.3 0    -0.4 0     0.8 0    -0.4 0   253.7 0   274.14 0   273.89 0   306.6 0   273.20 0   273.16 0     0.0 0     0.0 0     0.0 0   -52.9 0   -52.9 0     0.5 0    92.8 0     0.3 0    88.3 0  1014.9 0
 2019  16  1 16  3 16  3.267 139.69    -1.3 0    -0.4 0     0.8 0    -0.4 0   253.3 0   274.13 0   273.88 0   306.3 0   273.18 0   273.15 0     0.0 0     0.0 0     0.0 0   -52.9 0   -52.9 0     0.5 0    92.8 0     0.4 0    88.3 0  1014.9 0
 2019  16  1 16  3 17  3.283 139.90    -1.3 0    -0.4 0     0.8 0    -0.4 0   252.9 0   274.10 0   273.86 0   306.3 0   273.17 0   273.13 0     0.0 0     0.0 0     0.0 0   -53.4 0   -53.4 0     0.5 0    92.9 0     0.3 0    88.3 0  1014.9 0
 2019  16  1 16  3 18  3.300 140.10    -1.2 0    -0.4 0     0.8 0    -0.5 0   252.5 0   274.09 0   273.84 0   306.0 0   273.15 0   273.13 0     0.0 0     0.0 0     0.0 0   -53.5 0   -53.5 0     0.5 0    93.0 0     0.3 0    88.4 0  1014.9 0
 2019  16  1 16  3 19  3.317 140.31    -1.3 0    -0.4 0     0.8 0    -0.6 0   252.3 0   274.08 0   273.83 0   306.1 0   273.15 0   273.10 0     0.0 0     0.0 0     0.0 0   -53.9 0   -53.9 0     0.5 0    93.1 0     0.4 0    91.6 0  1014.9 0
 2019  16  1 16  3 20  3.333 140.51    -1.4 0    -0.4 0     0.8 0    -0.4 0   252.2 0   274.06 0   273.83 0   305.8 0   273.13 0   273.10 0     0.0 0     0.0 0     0.0 0   -53.6 0   -53.6 0     0.5 0    93.1 0     0.4 0    94.0 0  1014.9 0
 2019  16  1 16  3 21  3.350 140.72    -1.5 0    -0.4 0     0.8 0    -0.4 0   252.2 0   274.05 0   273.83 0   305.8 0   273.12 0   273.09 0     0.0 0     0.0 0     0.0 0   -53.6 0   -53.6 0     0.5 0    93.2 0     0.5 0    95.1 0  1014.9 0
 2019  16  1 16  3 22  3.367 140.92    -1.5 0    -0.4 0     0.8 0    -0.5 0   252.4 0   274.05 0   273.83 0   305.6 0   273.10 0   273.08 0     0.0 0     0.0 0     0.0 0   -53.3 0   -53.3 0     0.5 0    93.2 0     0.4 0    99.8 0  1014.9 0
 2019  16  1 16  3 23  3.383 141.12    -1.5 0    -0.4 0     0.7 0    -0.5 0   252.6 0   274.05 0   273.83 0   305.7 0   273.10 0   273.06 0     0.0 0     0.0 0     0.0 0   -53.1 0   -53.1 0     0.5 0    93.2 0     0.4 0    99.8 0  1014.9 0
 2019  16  1 16  3 24  3.400 141.33    -1.5 0    -0.4 0     0.6 0    -0.5 0   252.9 0   274.05 0   273.81 0   305.5 0   273.08 0   273.05 0     0.0 0     0.0 0     0.0 0   -52.6 0   -52.6 0     0.4 0    93.2 0     0.4 0    99.8 0  1014.9 0
 2019  16  1 16  3 25  3.417 141.53    -1.5 0    -0.4 0     0.8 0    -0.4 0   252.8 0   274.03 0   273.81 0   305.4 0   273.06 0   273.03 0     0.0 0     0.0 0     0.0 0   -52.6 0   -52.6 0     0.4 0    93.1 0     0.4 0    99.8 0  1014.9 0
 2019  16  1 16  3 26  3.433 141.74    -1.5 0    -0.4 0     0.8 0    -0.4 0   252.8 0   274.03 0   273.81 0   305.6 0   273.05 0   273.01 0     0.0 0     0.0 0     0.0 0   -52.8 0   -52.8 0     0.4 0    93.1 0     0.5 0    99.8 0  1014.9 0
 2019  16  1 16  3 27  3.450 141.94    -1.6 0    -0.4 0     0.6 0    -0.5 0   252.7 0   274.03 0   273.78 0   305.4 0   273.03 0   273.01 0     0.0 0     0.0 0     0.0 0   -52.7 0   -52.7 0     0.3 0    93.2 0     0.5 0   102.6 0  1014.9 0
 2019  16  1 16  3 28  3.467 142.14    -1.6 0    -0.4 0     0.3 0    -0.4 0   252.4 0   274.01 0   273.75 0   305.4 0   273.02 0   272.99 0     0.0 0     0.0 0     0.0 0   -53.0 0   -53.0 0     0.3 0    93.2 0     0.5 0   105.4 0  1014.9 0
 2019  16  1 16  3 29  3.483 142.35    -1.6 0    -0.4 0     0.3 0    -0.4 0   251.9 0   273.99 0   273.73 0   305.3 0   273.01 0   272.98 0     0.0 0     0.0 0     0.0 0   -53.4 0   -53.4 0     0.3 0    93.2 0     0.5 0   105.6 0  1014.8 0
 2019  16  1 16  3 30  3.500 142.55    -1.6 0    -0.4 0     0.2 0    -0.4 0   251.6 0   273.97 0   273.70 0   305.3 0   273.00 0   272.96 0     0.0 0     0.0 0     0.0 0   -53.7 0   -53.7 0     0.3 0    93.3 0     0.5 0   105.7 0  1014.8 0
 2019  16  1 16  3 31  3.517 142.75    -1.6 0    -0.4 0     0.1 0    -0.4 0   251.1 0   273.94 0   273.67 0   305.0 0   272.98 0   272.95 0     0.0 0     0.0 0     0.0 0   -53.9 0   -53.9 0     0.2 0    93.4 0     0.6 0   108.6 0  1014.8 0
 2019  16  1 16  3 32  3.533 142.96    -1.6 0    -0.4 0     0.2 0    -0.4 0   250.8 0   273.92 0   273.65 0   305.0 0   272.96 0   272.93 0     0.0 0     0.0 0     0.0 0   -54.2 0   -54.2 0     0.2 0    93.5 0     0.5 0   109.5 0  1014.8 0
 2019  16  1 16  3 33  3.550 143.16    -1.6 0    -0.4 0     0.1 0    -0.4 0   250.4 0   273.89 0   273.63 0   305.1 0   272.96 0   272.93 0     0.0 0     0.0 0     0.0 0   -54.7 0   -54.7 0     0.2 0    93.7 0     0.5 0   109.6 0  1014.8 0
 2019  16  1 16  3 34  3.567 143.36    -1.6 0    -0.4 0     0.1 0    -0.4 0   250.0 0   273.87 0   273.61 0   304.8 0   272.94 0   272.91 0     0.0 0     0.0 0     0.0 0   -54.7 0   -54.7 0     0.2 0    93.8 0     0.5 0   109.6 0  1014.8 0
 2019  16  1 16  3 35  3.583 143.57    -1.6 0    -0.4 0     0.1 0    -0.4 0   249.7 0   273.85 0   273.59 0   304.7 0   272.92 0   272.89 0     0.0 0     0.0 0     0.0 0   -55.0 0   -55.0 0     0.2 0    93.8 0     0.5 0   110.0 0  1014.8 0
 2019  16  1 16  3 36  3.600 143.77    -1.6 0    -0.4 0     0.1 0    -0.4 0   249.4 0   273.83 0   273.58 0   304.4 0   272.91 0   272.88 0     0.0 0     0.0 0     0.0 0   -55.1 0   -55.1 0     0.2 0    93.9 0     0.5 0   110.9 0  1014.8 0
 2019  16  1 16  3 37  3.617 143.97    -1.6 0    -0.4 0     0.2 0    -0.4 0   249.1 0   273.81 0   273.57 0   304.4 0   272.90 0   272.86 0     0.0 0     0.0 0     0.0 0   -55.3 0   -55.3 0     0.2 0    93.9 0     0.4 0   110.9 0  1014.8 0
 2019  16  1 16  3 38  3.633 144.17    -1.6 0    -0.4 0     0.5 0    -0.4 0   249.0 0   273.79 0   273.55 0   304.2 0   272.88 0   272.85 0     0.0 0     0.0 0     0.0 0   -55.2 0   -55.2 0     0.2 0    93.9 0     0.3 0   110.8 0  1014.8 0
 2019  16  1 16  3 39  3.650 144.37    -1.6 0    -0.4 0     0.7 0    -0.4 0   249.0 0   273.78 0   273.56 0   304.0 0   272.86 0   272.83 0     0.0 0     0.0 0     0.0 0   -54.9 0   -54.9 0     0.2 0    93.9 0     0.2 0   110.7 0  1014.8 0
 2019  16  1 16  3 40  3.667 144.58    -1.6 0    -0.4 0     0.7 0    -0.6 0   249.0 0   273.79 0   273.57 0   304.2 0   272.86 0   272.81 0     0.0 0     0.0 0     0.0 0   -55.2 0   -55.2 0     0.2 0    93.9 0     0.1 0   110.7 0  1014.8 0
 2019  16  1 16  3 41  3.683 144.78    -1.6 0    -0.4 0     0.5 0    -0.7 0   249.0 0   273.78 0   273.57 0   304.1 0   272.84 0   272.81 0     0.0 0     0.0 0     0.0 0   -55.0 0   -55.0 0     0.2 0    94.0 0     0.2 0   110.6 0  1014.8 0
 2019  16  1 16  3 42  3.700 144.98    -1.6 0    -0.4 0     0.7 0    -0.8 0   249.3 0   273.78 0   273.57 0   304.0 0   272.82 0   272.79 0     0.0 0     0.0 0     0.0 0   -54.7 0   -54.7 0     0.2 0    94.0 0     0.2 0   110.6 0  1014.8 0
 2019  16  1 16  3 43  3.717 145.18    -1.5 0    -0.4 0     0.8 0    -0.8 0   249.7 0   273.79 0   273.57 0   304.2 0   272.81 0   272.77 0     0.0 0     0.0 0     0.0 0   -54.5 0   -54.5 0     0.2 0    94.0 0     0.3 0   110.6 0  1014.8 0
 2019  16  1 16  3 44  3.733 145.38    -1.4 0    -0.4 0     0.8 0    -0.8 0   250.1 0   273.79 0   273.57 0   303.9 0   272.79 0   272.76 0     0.0 0     0.0 0     0.0 0   -53.8 0   -53.8 0     0.2 0    94.0 0     0.3 0   110.6 0  1014.8 0
 2019  16  1 16  3 45  3.750 145.58    -1.2 0    -0.4 0     0.8 0    -0.8 0   250.4 0   273.79 0   273.55 0   304.0 0   272.77 0   272.74 0     0.0 0     0.0 0     0.0 0   -53.6 0   -53.6 0     0.1 0    94.0 0     0.3 0   108.4 0  1014.8 0
 2019  16  1 16  3 46  3.767 145.79    -1.2 0    -0.4 0     0.8 0    -0.8 0   250.7 0   273.79 0   273.54 0   304.1 0   272.76 0   272.72 0     0.0 0     0.0 0     0.0 0   -53.4 0   -53.4 0     0.1 0    94.0 0     0.4 0   101.7 0  1014.8 0
 2019  16  1 16  3 47  3.783 145.99    -1.2 0    -0.4 0     0.8 0    -0.8 0   251.1 0   273.78 0   273.52 0   304.1 0   272.75 0   272.71 0     0.0 0     0.0 0     0.0 0   -53.0 0   -53.0 0     0.1 0    94.0 0     0.5 0    97.2 0  1014.9 0
 2019  16  1 16  3 48  3.800 146.19    -1.2 0    -0.4 0     0.8 0    -0.8 0   251.1 0   273.76 0   273.50 0   304.3 0   272.73 0   272.69 0     0.0 0     0.0 0     0.0 0   -53.1 0   -53.1 0     0.1 0    94.1 0     0.5 0    90.8 0  1014.9 0
 2019  16  1 16  3 49  3.817 146.39    -1.2 0    -0.4 0     0.8 0    -0.8 0   251.1 0   273.75 0   273.49 0   304.2 0   272.71 0   272.68 0     0.0 0     0.0 0     0.0 0   -53.1 0   -53.1 0     0.0 0    94.1 0     0.6 0    89.7 0  1014.9 0
 2019  16  1 16  3 50  3.833 146.59    -1.2 0    -0.4 0     0.8 0    -0.8 0   251.2 0   273.74 0   273.47 0   304.3 0   272.70 0   272.66 0     0.0 0     0.0 0     0.0 0   -53.2 0   -53.2 0     0.0 0    94.2 0     0.6 0    83.4 0  1014.9 0
 2019  16  1 16  3 51  3.850 146.79    -1.2 0    -0.4 0     0.8 0    -0.8 0   250.9 0   273.72 0   273.46 0   304.3 0   272.69 0   272.66 0     0.0 0     0.0 0     0.0 0   -53.4 0   -53.4 0     0.0 0    94.3 0     0.6 0    80.3 0  1014.9 0
 2019  16  1 16  3 52  3.867 146.99    -1.2 0    -0.4 0     0.8 0    -0.8 0   250.6 0   273.71 0   273.44 0   304.3 0   272.67 0   272.64 0     0.0 0     0.0 0     0.0 0   -53.6 0   -53.6 0     0.0 0    94.3 0     0.5 0    76.4 0  1014.9 0
 2019  16  1 16  3 53  3.883 147.19    -1.2 0    -0.4 0     0.8 0    -0.8 0   250.3 0   273.69 0   273.42 0   304.4 0   272.66 0   272.62 0     0.0 0     0.0 0     0.0 0   -54.1 0   -54.1 0     0.0 0    94.5 0     0.4 0    70.4 0  1014.9 0
 2019  16  1 16  3 54  3.900 147.39    -1.2 0    -0.4 0     0.8 0    -0.8 0   250.0 0   273.67 0   273.40 0   304.2 0   272.65 0   272.62 0     0.0 0     0.0 0     0.0 0   -54.2 0   -54.2 0     0.0 0    94.6 0     0.1 0    70.3 0  1014.9 0
 2019  16  1 16  3 55  3.917 147.59    -1.2 0    -0.4 0     0.8 0    -0.8 0   249.4 0   273.65 0   273.39 0   303.8 0   272.63 0   272.61 0     0.0 0     0.0 0     0.0 0   -54.4 0   -54.4 0     0.0 0    94.5 0     0.0 0     0.0 0  1014.9 0
 2019  16  1 16  3 56  3.933 147.79    -1.2 0    -0.4 0     0.8 0    -0.8 0   249.1 0   273.63 0   273.36 0   303.6 0   272.62 0   272.59 0     0.0 0     0.0 0     0.0 0   -54.5 0   -54.5 0     0.0 0    94.6 0     0.0 0     0.0 0  1015.0 0
 2019  16  1 16  3 57  3.950 147.99    -1.2 0    -0.4 0     0.8 0    -0.8 0   248.7 0   273.60 0   273.34 0   303.7 0   272.61 0   272.57 0     0.0 0     0.0 0     0.0 0   -55.0 0   -55.0 0     0.0 0    94.6 0     0.0 0     0.0 0  1015.0 0
 2019  16  1 16  3 58  3.967 148.18    -1.2 0    -0.4 0     0.8 0    -0.8 0   248.4 0   273.58 0   273.32 0   303.4 0   272.59 0   272.57 0     0.0 0     0.0 0     0.0 0   -55.1 0   -55.1 0    -0.1 0    94.6 0     0.4 0    54.5 0  1015.0 0
 2019  16  1 16  3 59  3.983 148.38    -1.2 0    -0.4 0     0.8 0    -0.8 0   247.9 0   273.56 0   273.29 0   303.3 0   272.58 0   272.55 0     0.0 0     0.0 0     0.0 0   -55.4 0   -55.4 0    -0.1 0    94.5 0     0.5 0    53.1 0  1015.0 0
 2019  16  1 16  4  0  4.000 148.58    -1.2 0    -0.4 0     0.8 0    -0.7 0   247.7 0   273.54 0   273.28 0   303.1 0   272.57 0   272.54 0     0.0 0     0.0 0     0.0 0   -55.4 0   -55.4 0    -0.1 0    94.6 0     0.5 0    51.6 0  1015.0 0
 2019  16  1 16  4  1  4.017 148.78    -1.2 0    -0.4 0     0.8 0    -0.7 0   247.2 0   273.52 0   273.26 0   303.0 0   272.56 0   272.52 0     0.0 0     0.0 0     0.0 0   -55.8 0   -55.8 0    -0.2 0    94.6 0     0.5 0    51.5 0  1015.0 0
 2019  16  1 16  4  2  4.033 148.98    -1.2 0    -0.4 0     0.8 0    -0.8 0   246.8 0   273.50 0   273.23 0   302.9 0   272.54 0   272.51 0     0.0 0     0.0 0     0.0 0   -56.1 0   -56.1 0    -0.2 0    94.7 0     0.5 0    51.7 0  1015.1 0
 2019  16  1 16  4  3  4.050 149.17    -1.2 0    -0.4 0     0.8 0    -0.8 0   246.8 0   273.48 0   273.20 0   302.8 0   272.53 0   272.49 0     0.0 0     0.0 0     0.0 0   -56.0 0   -56.0 0    -0.2 0    94.8 0     0.5 0    51.8 0  1015.1 0
 2019  16  1 16  4  4  4.067 149.37    -1.2 0    -0.4 0     0.8 0    -0.8 0   246.7 0   273.45 0   273.18 0   302.8 0   272.52 0   272.48 0     0.0 0     0.0 0     0.0 0   -56.1 0   -56.1 0    -0.3 0    94.9 0     0.6 0    52.2 0  1015.1 0
 2019  16  1 16  4  5  4.083 149.57    -1.2 0    -0.4 0     0.8 0    -0.7 0   246.7 0   273.44 0   273.18 0   302.6 0   272.50 0   272.47 0     0.0 0     0.0 0     0.0 0   -55.9 0   -55.9 0    -0.3 0    94.9 0     0.5 0    60.1 0  1015.0 0
 2019  16  1 16  4  6  4.100 149.76    -1.2 0    -0.4 0     0.8 0    -0.7 0   246.5 0   273.42 0   273.17 0   302.6 0   272.48 0   272.44 0     0.0 0     0.0 0     0.0 0   -56.1 0   -56.1 0    -0.3 0    95.0 0     0.5 0    70.4 0  1015.0 0
 2019  16  1 16  4  7  4.117 149.96    -1.2 0    -0.4 0     0.8 0    -0.7 0   246.3 0   273.41 0   273.15 0   302.5 0   272.47 0   272.43 0     0.0 0     0.0 0     0.0 0   -56.2 0   -56.2 0    -0.3 0    94.9 0     0.4 0    77.6 0  1015.0 0
 2019  16  1 16  4  8  4.133 150.16    -1.3 0    -0.4 0     0.8 0    -0.7 0   246.0 0   273.40 0   273.14 0   302.4 0   272.46 0   272.42 0     0.0 0     0.0 0     0.0 0   -56.4 0   -56.4 0    -0.3 0    94.9 0     0.5 0    77.6 0  1015.0 0
 2019  16  1 16  4  9  4.150 150.35    -1.4 0    -0.4 0     0.7 0    -0.7 0   245.9 0   273.38 0   273.12 0   302.5 0   272.44 0   272.40 0     0.0 0     0.0 0     0.0 0   -56.6 0   -56.6 0    -0.4 0    95.0 0     0.5 0    77.6 0  1015.1 0
 2019  16  1 16  4 10  4.167 150.55    -1.5 0    -0.4 0     0.2 0    -0.5 0   245.6 0   273.36 0   273.10 0   302.3 0   272.42 0   272.38 0     0.0 0     0.0 0     0.0 0   -56.7 0   -56.7 0    -0.4 0    95.0 0     0.5 0    77.6 0  1015.1 0
 2019  16  1 16  4 11  4.183 150.74    -1.5 0    -0.4 0     0.1 0    -0.5 0   245.4 0   273.35 0   273.09 0   302.0 0   272.41 0   272.37 0     0.0 0     0.0 0     0.0 0   -56.6 0   -56.6 0    -0.4 0    95.0 0     0.5 0    78.4 0  1015.1 0
 2019  16  1 16  4 12  4.200 150.94    -1.6 0    -0.4 0     0.0 0    -0.4 0   245.3 0   273.33 0   273.08 0   301.9 0   272.39 0   272.35 0     0.0 0     0.0 0     0.0 0   -56.6 0   -56.6 0    -0.5 0    95.1 0     0.5 0    81.4 0  1015.2 0
 2019  16  1 16  4 13  4.217 151.13    -1.6 0    -0.4 0     0.0 0    -0.4 0   245.1 0   273.32 0   273.08 0   301.7 0   272.37 0   272.33 0     0.0 0     0.0 0     0.0 0   -56.7 0   -56.7 0    -0.5 0    95.2 0     0.5 0    81.5 0  1015.2 0
 2019  16  1 16  4 14  4.233 151.33    -1.6 0    -0.4 0     0.0 0    -0.4 0   244.9 0   273.32 0   273.07 0   301.7 0   272.36 0   272.32 0     0.0 0     0.0 0     0.0 0   -56.8 0   -56.8 0    -0.5 0    95.3 0     0.4 0    81.5 0  1015.2 0
 2019  16  1 16  4 15  4.250 151.52    -1.6 0    -0.4 0     0.0 0    -0.4 0   244.6 0   273.30 0   273.04 0   301.7 0   272.34 0   272.30 0     0.0 0     0.0 0     0.0 0   -57.0 0   -57.0 0    -0.5 0    95.3 0     0.2 0    81.5 0  1015.2 0
 2019  16  1 16  4 16  4.267 151.71    -1.5 0    -0.4 0     0.0 0    -0.6 0   244.6 0   273.28 0   273.01 0   301.5 0   272.32 0   272.29 0     0.0 0     0.0 0     0.0 0   -56.8 0   -56.8 0    -0.5 0    95.3 0     0.0 0    81.5 0  1015.3 0
 2019  16  1 16  4 17  4.283 151.91    -1.3 0    -0.4 0     0.0 0    -0.7 0   244.5 0   273.26 0   273.00 0   301.4 0   272.30 0   272.27 0     0.0 0     0.0 0     0.0 0   -56.9 0   -56.9 0    -0.5 0    95.3 0     0.0 0     0.0 0  1015.3 0
 2019  16  1 16  4 18  4.300 152.10    -1.2 0    -0.4 0     0.0 0    -0.8 0   244.5 0   273.24 0   272.97 0   301.3 0   272.29 0   272.25 0     0.0 0     0.0 0     0.0 0   -56.8 0   -56.8 0    -0.5 0    95.4 0     0.0 0     0.0 0  1015.3 0
 2019  16  1 16  4 19  4.317 152.29    -1.4 0    -0.4 0     0.0 0    -0.7 0   244.6 0   273.22 0   272.96 0   301.4 0   272.27 0   272.23 0     0.0 0     0.0 0     0.0 0   -56.8 0   -56.8 0    -0.5 0    95.4 0     0.0 0     0.0 0  1015.3 0
 2019  16  1 16  4 20  4.333 152.49    -1.6 0    -0.4 0     0.0 0    -0.6 0   244.5 0   273.20 0   272.94 0   301.2 0   272.25 0   272.22 0     0.0 0     0.0 0     0.0 0   -56.7 0   -56.7 0    -0.5 0    95.4 0     0.0 0     0.0 0  1015.3 0
 2019  16  1 16  4 21  4.350 152.68    -1.6 0    -0.4 0     0.0 0    -0.5 0   244.5 0   273.18 0   272.92 0   301.0 0   272.23 0   272.19 0     0.0 0     0.0 0     0.0 0   -56.5 0   -56.5 0    -0.5 0    95.4 0     0.0 0     0.0 0  1015.3 0
 2019  16  1 16  4 22  4.367 152.87    -1.6 0    -0.4 0     0.0 0    -0.6 0   244.4 0   273.16 0   272.90 0   301.1 0   272.21 0   272.18 0     0.0 0     0.0 0     0.0 0   -56.7 0   -56.7 0    -0.5 0    95.4 0     0.0 0     0.0 0  1015.3 0
 2019  16  1 16  4 23  4.383 153.06    -1.6 0    -0.4 0     0.0 0    -0.5 0   244.4 0   273.14 0   272.87 0   301.0 0   272.19 0   272.17 0     0.0 0     0.0 0     0.0 0   -56.7 0   -56.7 0    -0.5 0    95.4 0     0.0 0     0.0 0  1015.3 0
 2019  16  1 16  4 24  4.400 153.25    -1.6 0    -0.4 0     0.0 0    -0.4 0   244.3 0   273.12 0   272.86 0   301.1 0   272.17 0   272.15 0     0.0 0     0.0 0     0.0 0   -56.8 0   -56.8 0    -0.6 0    95.5 0     0.0 0     0.0 0  1015.3 0
 2019  16  1 16  4 25  4.417 153.44    -1.6 0    -0.4 0     0.0 0    -0.4 0   244.2 0   273.10 0   272.86 0   301.0 0   272.15 0   272.12 0     0.0 0     0.0 0     0.0 0   -56.8 0   -56.8 0    -0.5 0    95.5 0     0.0 0     0.0 0  1015.3 0
 2019  16  1 16  4 26  4.433 153.63    -1.6 0    -0.4 0     0.2 0    -0.4 0   244.1 0   273.09 0   272.86 0   301.0 0   272.13 0   272.10 0     0.0 0     0.0 0     0.0 0   -56.9 0   -56.9 0    -0.5 0    95.5 0     0.0 0     0.0 0  1015.3 0
 2019  16  1 16  4 27  4.450 153.82    -1.6 0    -0.4 0     0.0 0    -0.4 0   244.2 0   273.08 0   272.83 0   301.0 0   272.12 0   272.09 0     0.0 0     0.0 0     0.0 0   -56.8 0   -56.8 0    -0.5 0    95.5 0     0.0 0     0.0 0  1015.3 0
 2019  16  1 16  4 28  4.467 154.01    -1.6 0    -0.4 0     0.0 0    -0.4 0   244.1 0   273.06 0   272.82 0   300.8 0   272.10 0   272.07 0     0.0 0     0.0 0     0.0 0   -56.7 0   -56.7 0    -0.5 0    95.6 0     0.0 0     0.0 0  1015.3 0
 2019  16  1 16  4 29  4.483 154.20    -1.6 0    -0.4 0     0.0 0    -0.4 0   244.1 0   273.05 0   272.81 0   300.8 0   272.08 0   272.05 0     0.0 0     0.0 0     0.0 0   -56.7 0   -56.7 0    -0.6 0    95.5 0     0.0 0     0.0 0  1015.4 0
 2019  16  1 16  4 30  4.500 154.38    -1.6 0    -0.4 0     0.2 0    -0.4 0   244.0 0   273.04 0   272.80 0   301.0 0   272.06 0   272.02 0     0.0 0     0.0 0     0.0 0   -56.9 0   -56.9 0    -0.6 0    95.6 0     0.0 0     0.0 0  1015.4 0
 2019  16  1 16  4 31  4.517 154.57    -1.6 0    -0.4 0     0.4 0    -0.4 0   244.1 0   273.02 0   272.78 0   300.8 0   272.05 0   272.02 0     0.0 0     0.0 0     0.0 0   -56.7 0   -56.7 0    -0.6 0    95.7 0     0.0 0     0.0 0  1015.4 0
 2019  16  1 16  4 32  4.533 154.76    -1.9 0    -0.4 0     0.5 0    -0.4 0   243.8 0   273.00 0   272.78 0   300.7 0   272.02 0   272.00 0     0.0 0     0.0 0     0.0 0   -56.9 0   -56.9 0    -0.6 0    95.7 0     0.0 0     0.0 0  1015.4 0
 2019  16  1 16  4 33  4.550 154.94    -1.9 0    -0.4 0     0.7 0    -0.4 0   244.1 0   273.00 0   272.77 0   300.8 0   272.01 0   271.98 0     0.0 0     0.0 0     0.0 0   -56.7 0   -56.7 0    -0.6 0    95.7 0     0.0 0     0.0 0  1015.4 0
 2019  16  1 16  4 34  4.567 155.13    -1.9 0    -0.4 0     0.8 0    -0.4 0   244.3 0   272.99 0   272.76 0   300.7 0   271.99 0   271.96 0     0.0 0     0.0 0     0.0 0   -56.4 0   -56.4 0    -0.6 0    95.7 0     0.0 0     0.0 0  1015.4 0
 2019  16  1 16  4 35  4.583 155.32    -2.0 0    -0.4 0     0.8 0    -0.4 0   244.1 0   272.98 0   272.75 0   300.7 0   271.97 0   271.94 0     0.0 0     0.0 0     0.0 0   -56.6 0   -56.6 0    -0.6 0    95.7 0     0.0 0     0.0 0  1015.4 0
 2019  16  1 16  4 36  4.600 155.50    -2.0 0    -0.4 0     0.8 0    -0.4 0   244.2 0   272.97 0   272.75 0   300.7 0   271.96 0   271.92 0     0.0 0     0.0 0     0.0 0   -56.5 0   -56.5 0    -0.6 0    95.7 0     0.0 0     0.0 0  1015.4 0
 2019  16  1 16  4 37  4.617 155.68    -2.0 0    -0.4 0     0.8 0    -0.4 0   244.3 0   272.97 0   272.75 0   300.6 0   271.94 0   271.90 0     0.0 0     0.0 0     0.0 0   -56.4 0   -56.4 0    -0.6 0    95.7 0     0.0 0     0.0 0  1015.4 0
 2019  16  1 16  4 38  4.633 155.87    -2.0 0    -0.2 0     0.8 0    -0.4 0   244.3 0   272.97 0   272.75 0   300.5 0   271.92 0   271.90 0     0.0 0     0.0 0     0.0 0   -56.2 0   -56.2 0    -0.6 0    95.7 0     0.0 0     0.0 0  1015.5 0
 2019  16  1 16  4 39  4.650 156.05    -2.0 0    -0.1 0     0.8 0    -0.4 0   244.3 0   272.97 0   272.75 0   300.5 0   271.90 0   271.87 0     0.0 0     0.0 0     0.0 0   -56.2 0   -56.2 0    -0.6 0    95.7 0     0.0 0     0.0 0  1015.5 0
 2019  16  1 16  4 40  4.667 156.23    -1.7 0     0.0 0     0.8 0    -0.4 0   244.3 0   272.97 0   272.76 0   300.4 0   271.89 0   271.86 0     0.0 0     0.0 0     0.0 0   -56.1 0   -56.1 0    -0.6 0    95.6 0     0.0 0     0.0 0  1015.5 0
 2019  16  1 16  4 41  4.683 156.42    -1.6 0     0.0 0     0.8 0    -0.4 0   244.0 0   272.97 0   272.75 0   300.5 0   271.87 0   271.84 0     0.0 0     0.0 0     0.0 0   -56.5 0   -56.5 0    -0.7 0    95.6 0     0.0 0     0.0 0  1015.5 0
 2019  16  1 16  4 42  4.700 156.60    -1.6 0     0.0 0     0.8 0    -0.4 0   243.9 0   272.97 0   272.74 0   300.4 0   271.85 0   271.82 0     0.0 0     0.0 0     0.0 0   -56.4 0   -56.4 0    -0.7 0    95.6 0     0.0 0     0.0 0  1015.5 0
 2019  16  1 16  4 43  4.717 156.78    -1.6 0    -0.1 0     0.8 0    -0.5 0   243.7 0   272.96 0   272.70 0   300.4 0   271.82 0   271.80 0     0.0 0     0.0 0     0.0 0   -56.7 0   -56.7 0    -0.7 0    95.7 0     0.3 0   139.6 0  1015.5 0
 2019  16  1 16  4 44  4.733 156.96    -1.6 0    -0.4 0     0.8 0    -0.7 0   243.8 0   272.95 0   272.68 0   300.6 0   271.82 0   271.78 0     0.0 0     0.0 0     0.0 0   -56.8 0   -56.8 0    -0.7 0    95.8 0     0.4 0   139.6 0  1015.4 0
 2019  16  1 16  4 45  4.750 157.14    -1.6 0    -0.4 0     0.8 0    -0.8 0   243.5 0   272.92 0   272.67 0   300.6 0   271.80 0   271.78 0     0.0 0     0.0 0     0.0 0   -57.1 0   -57.1 0    -0.7 0    95.9 0     0.5 0   139.6 0  1015.4 0
 2019  16  1 16  4 46  4.767 157.32    -1.6 0    -0.4 0     0.7 0    -0.8 0   243.3 0   272.91 0   272.65 0   300.5 0   271.79 0   271.78 0     0.0 0     0.0 0     0.0 0   -57.2 0   -57.2 0    -0.7 0    96.0 0     0.6 0   139.5 0  1015.4 0
 2019  16  1 16  4 47  4.783 157.49    -1.5 0    -0.4 0     0.6 0    -0.8 0   243.3 0   272.90 0   272.62 0   300.4 0   271.78 0   271.76 0     0.0 0     0.0 0     0.0 0   -57.1 0   -57.1 0    -0.7 0    96.0 0     0.5 0   134.6 0  1015.4 0
 2019  16  1 16  4 48  4.800 157.67    -1.2 0    -0.4 0     0.4 0    -0.8 0   243.1 0   272.87 0   272.61 0   300.4 0   271.77 0   271.75 0     0.0 0     0.0 0     0.0 0   -57.2 0   -57.2 0    -0.7 0    96.0 0     0.5 0   124.1 0  1015.3 0
 2019  16  1 16  4 49  4.817 157.85    -1.3 0    -0.4 0     0.4 0    -0.8 0   243.1 0   272.85 0   272.58 0   300.5 0   271.77 0   271.73 0     0.0 0     0.0 0     0.0 0   -57.3 0   -57.3 0    -0.7 0    96.0 0     0.4 0   115.8 0  1015.3 0
 2019  16  1 16  4 50  4.833 158.02    -1.2 0    -0.4 0     0.4 0    -0.8 0   243.2 0   272.83 0   272.56 0   300.1 0   271.75 0   271.72 0     0.0 0     0.0 0     0.0 0   -56.9 0   -56.9 0    -0.7 0    96.1 0     0.5 0   121.2 0  1015.3 0
 2019  16  1 16  4 51  4.850 158.20    -1.2 0    -0.4 0     0.4 0    -0.8 0   243.2 0   272.81 0   272.53 0   300.1 0   271.74 0   271.70 0     0.0 0     0.0 0     0.0 0   -56.9 0   -56.9 0    -0.7 0    96.2 0     0.5 0   130.0 0  1015.3 0
 2019  16  1 16  4 52  4.867 158.37    -1.3 0    -0.4 0     0.3 0    -0.8 0   243.2 0   272.79 0   272.53 0   300.1 0   271.73 0   271.70 0     0.0 0     0.0 0     0.0 0   -56.9 0   -56.9 0    -0.7 0    96.2 0     0.4 0   133.8 0  1015.3 0
 2019  16  1 16  4 53  4.883 158.54    -1.5 0    -0.4 0     0.3 0    -0.8 0   243.2 0   272.77 0   272.51 0   300.3 0   271.73 0   271.69 0     0.0 0     0.0 0     0.0 0   -57.1 0   -57.1 0    -0.8 0    96.2 0     0.4 0   131.0 0  1015.3 0
 2019  16  1 16  4 54  4.900 158.72    -1.5 0    -0.4 0     0.4 0    -0.8 0   243.2 0   272.75 0   272.49 0   300.3 0   271.71 0   271.68 0     0.0 0     0.0 0     0.0 0   -57.1 0   -57.1 0    -0.8 0    96.2 0     0.4 0   120.4 0  1015.3 0
 2019  16  1 16  4 55  4.917 158.89    -1.3 0    -0.4 0     0.4 0    -0.8 0   242.9 0   272.73 0   272.47 0   300.2 0   271.70 0   271.67 0     0.0 0     0.0 0     0.0 0   -57.3 0   -57.3 0    -0.8 0    96.2 0     0.5 0   109.5 0  1015.3 0
 2019  16  1 16  4 56  4.933 159.06    -1.2 0    -0.4 0     0.4 0    -0.8 0   242.6 0   272.71 0   272.46 0   300.2 0   271.69 0   271.65 0     0.0 0     0.0 0     0.0 0   -57.6 0   -57.6 0    -0.9 0    96.2 0     0.5 0   102.7 0  1015.3 0
 2019  16  1 16  4 57  4.950 159.23    -1.2 0    -0.4 0     0.6 0    -0.8 0   242.7 0   272.70 0   272.46 0   299.8 0   271.68 0   271.65 0     0.0 0     0.0 0     0.0 0   -57.1 0   -57.1 0    -0.9 0    96.2 0     0.4 0   100.3 0  1015.3 0
 2019  16  1 16  4 58  4.967 159.40    -1.2 0    -0.4 0     0.4 0    -0.8 0   242.9 0   272.70 0   272.46 0   299.9 0   271.68 0   271.63 0     0.0 0     0.0 0     0.0 0   -57.0 0   -57.0 0    -0.9 0    96.2 0     0.3 0   100.2 0  1015.3 0
 2019  16  1 16  4 59  4.983 159.57    -1.2 0    -0.3 0     0.4 0    -0.8 0   243.0 0   272.70 0   272.47 0   299.5 0   271.65 0   271.63 0     0.0 0     0.0 0     0.0 0   -56.5 0   -56.5 0    -1.0 0    96.4 0     0.2 0   100.2 0  1015.3 0
 2019  16  1 16  5  0  5.000 159.73    -1.2 0    -0.3 0     0.4 0    -0.8 0   242.9 0   272.70 0   272.46 0   299.6 0   271.65 0   271.63 0     0.0 0     0.0 0     0.0 0   -56.7 0   -56.7 0    -0.9 0    96.4 0     0.1 0   100.3 0  1015.3 0
 2019  16  1 16  5  1  5.017 159.90    -1.2 0    -0.4 0     0.8 0    -0.8 0   242.7 0   272.68 0   272.45 0   299.6 0   271.63 0   271.61 0     0.0 0     0.0 0     0.0 0   -56.9 0   -56.9 0    -0.9 0    96.5 0     0.0 0     0.0 0  1015.3 0
 2019  16  1 16  5  2  5.033 160.06    -1.2 0    -0.4 0     0.8 0    -0.8 0   242.9 0   272.68 0   272.43 0   299.8 0   271.63 0   271.59 0     0.0 0     0.0 0     0.0 0   -56.9 0   -56.9 0    -0.9 0    96.5 0     0.0 0     0.0 0  1015.3 0
 2019  16  1 16  5  3  5.050 160.23    -1.2 0    -0.4 0     0.8 0    -0.8 0   243.0 0   272.68 0   272.45 0   299.6 0   271.61 0   271.58 0     0.0 0     0.0 0     0.0 0   -56.6 0   -56.6 0    -0.9 0    96.4 0     0.0 0     0.0 0  1015.3 0
 2019  16  1 16  5  4  5.067 160.39    -1.3 0    -0.2 0     0.8 0    -0.8 0   242.8 0   272.68 0   272.46 0   299.6 0   271.59 0   271.56 0     0.0 0     0.0 0     0.0 0   -56.7 0   -56.7 0    -0.9 0    96.4 0     0.0 0     0.0 0  1015.3 0
 2019  16  1 16  5  5  5.083 160.55    -1.2 0    -0.3 0     0.8 0    -0.8 0   242.7 0   272.68 0   272.46 0   299.5 0   271.58 0   271.55 0     0.0 0     0.0 0     0.0 0   -56.8 0   -56.8 0    -0.9 0    96.5 0     0.0 0     0.0 0  1015.3 0
 2019  16  1 16  5  6  5.100 160.71    -1.2 0    -0.2 0     0.8 0    -0.8 0   242.6 0   272.68 0   272.46 0   299.8 0   271.57 0   271.53 0     0.0 0     0.0 0     0.0 0   -57.1 0   -57.1 0    -0.9 0    96.4 0     0.0 0     0.0 0  1015.3 0
 2019  16  1 16  5  7  5.117 160.87    -1.4 0    -0.2 0     0.8 0    -0.8 0   242.7 0   272.69 0   272.46 0   299.4 0   271.55 0   271.53 0     0.0 0     0.0 0     0.0 0   -56.6 0   -56.6 0    -0.9 0    96.4 0     0.0 0     0.0 0  1015.3 0
 2019  16  1 16  5  8  5.133 161.03    -1.2 0    -0.1 0     0.8 0    -0.8 0   242.8 0   272.70 0   272.46 0   299.4 0   271.55 0   271.51 0     0.0 0     0.0 0     0.0 0   -56.7 0   -56.7 0    -0.9 0    96.4 0     0.2 0   100.2 0  1015.3 0
 2019  16  1 16  5  9  5.150 161.18    -1.2 0     0.0 0     0.8 0    -0.8 0   242.8 0   272.70 0   272.46 0   299.2 0   271.53 0   271.50 0     0.0 0     0.0 0     0.0 0   -56.5 0   -56.5 0    -0.9 0    96.4 0     0.3 0   100.1 0  1015.3 0
 2019  16  1 16  5 10  5.167 161.34    -1.5 0     0.0 0     0.5 0    -0.7 0   242.8 0   272.70 0   272.46 0   299.4 0   271.53 0   271.49 0     0.0 0     0.0 0     0.0 0   -56.6 0   -56.6 0    -0.9 0    96.5 0     0.3 0   100.1 0  1015.3 0
 2019  16  1 16  5 11  5.183 161.49    -1.6 0     0.0 0     0.4 0    -0.7 0   242.7 0   272.69 0   272.46 0   299.2 0   271.51 0   271.48 0     0.0 0     0.0 0     0.0 0   -56.4 0   -56.4 0    -0.9 0    96.5 0     0.2 0   100.1 0  1015.3 0
 2019  16  1 16  5 12  5.200 161.65    -1.6 0     0.0 0     0.1 0    -0.6 0   242.6 0   272.69 0   272.46 0   299.2 0   271.50 0   271.47 0     0.0 0     0.0 0     0.0 0   -56.7 0   -56.7 0    -0.9 0    96.5 0     0.2 0    99.6 0  1015.3 0
 2019  16  1 16  5 13  5.217 161.80    -1.6 0     0.0 0     0.0 0    -0.6 0   242.4 0   272.69 0   272.46 0   299.1 0   271.49 0   271.45 0     0.0 0     0.0 0     0.0 0   -56.6 0   -56.6 0    -0.9 0    96.4 0     0.1 0    97.4 0  1015.3 0
 2019  16  1 16  5 14  5.233 161.95    -1.6 0     0.0 0     0.0 0    -0.6 0   242.3 0   272.68 0   272.45 0   299.1 0   271.48 0   271.44 0     0.0 0     0.0 0     0.0 0   -56.9 0   -56.9 0    -0.9 0    96.4 0     0.0 0    97.2 0  1015.3 0
 2019  16  1 16  5 15  5.250 162.10    -1.6 0    -0.1 0     0.0 0    -0.7 0   242.3 0   272.68 0   272.43 0   299.1 0   271.47 0   271.43 0     0.0 0     0.0 0     0.0 0   -56.8 0   -56.8 0    -0.9 0    96.5 0     0.0 0     0.0 0  1015.3 0
 2019  16  1 16  5 16  5.267 162.24    -1.5 0    -0.4 0     0.0 0    -0.7 0   242.4 0   272.68 0   272.42 0   298.9 0   271.45 0   271.42 0     0.0 0     0.0 0     0.0 0   -56.5 0   -56.5 0    -0.9 0    96.5 0     0.0 0     0.0 0  1015.3 0
 2019  16  1 16  5 17  5.283 162.39    -1.2 0    -0.4 0     0.2 0    -0.8 0   242.2 0   272.66 0   272.40 0   298.8 0   271.44 0   271.40 0     0.0 0     0.0 0     0.0 0   -56.6 0   -56.6 0    -0.9 0    96.5 0     0.0 0     0.0 0  1015.3 0
 2019  16  1 16  5 18  5.300 162.53    -1.2 0    -0.4 0     0.3 0    -0.8 0   242.3 0   272.65 0   272.37 0   298.8 0   271.43 0   271.39 0     0.0 0     0.0 0     0.0 0   -56.6 0   -56.6 0    -0.9 0    96.5 0     0.0 0     0.0 0  1015.3 0
 2019  16  1 16  5 19  5.317 162.68    -1.2 0    -0.3 0     0.6 0    -0.8 0   242.1 0   272.62 0   272.34 0   298.9 0   271.42 0   271.38 0     0.0 0     0.0 0     0.0 0   -56.8 0   -56.8 0    -0.9 0    96.6 0     0.0 0     0.0 0  1015.3 0
 2019  16  1 16  5 20  5.333 162.82    -1.2 0    -0.4 0     0.8 0    -0.7 0   242.2 0   272.60 0   272.31 0   298.9 0   271.40 0   271.38 0     0.0 0     0.0 0     0.0 0   -56.6 0   -56.6 0    -0.9 0    96.6 0     0.0 0     0.0 0  1015.3 0
 2019  16  1 16  5 21  5.350 162.96    -1.2 0    -0.4 0     0.8 0    -0.8 0   242.2 0   272.57 0   272.30 0   298.9 0   271.40 0   271.38 0     0.0 0     0.0 0     0.0 0   -56.7 0   -56.7 0    -0.9 0    96.5 0     0.0 0     0.0 0  1015.4 0
 2019  16  1 16  5 22  5.367 163.09    -1.2 0    -0.4 0     0.8 0    -0.8 0   242.2 0   272.55 0   272.28 0   298.8 0   271.40 0   271.38 0     0.0 0     0.0 0     0.0 0   -56.6 0   -56.6 0    -0.9 0    96.5 0     0.0 0     0.0 0  1015.4 0
 2019  16  1 16  5 23  5.383 163.23    -1.2 0    -0.4 0     0.8 0    -0.7 0   242.3 0   272.53 0   272.27 0   298.6 0   271.40 0   271.38 0     0.0 0     0.0 0     0.0 0   -56.4 0   -56.4 0    -1.0 0    96.5 0     0.0 0     0.0 0  1015.4 0
 2019  16  1 16  5 24  5.400 163.36    -1.2 0    -0.4 0     0.8 0    -0.8 0   242.1 0   272.51 0   272.26 0   298.6 0   271.38 0   271.35 0     0.0 0     0.0 0     0.0 0   -56.5 0   -56.5 0    -1.0 0    96.4 0     0.0 0     0.0 0  1015.4 0
 2019  16  1 16  5 25  5.417 163.49    -1.3 0    -0.4 0     0.8 0    -0.7 0   242.1 0   272.50 0   272.24 0   298.6 0   271.38 0   271.35 0     0.0 0     0.0 0     0.0 0   -56.5 0   -56.5 0    -1.0 0    96.4 0     0.0 0     0.0 0  1015.4 0
 2019  16  1 16  5 26  5.433 163.62    -1.6 0    -0.4 0     0.8 0    -0.6 0   242.0 0   272.47 0   272.20 0   298.9 0   271.38 0   271.34 0     0.0 0     0.0 0     0.0 0   -56.9 0   -56.9 0    -1.0 0    96.5 0     0.0 0     0.0 0  1015.4 0
 2019  16  1 16  5 27  5.450 163.75    -1.6 0    -0.4 0     0.8 0    -0.4 0   242.1 0   272.45 0   272.18 0   298.6 0   271.35 0   271.33 0     0.0 0     0.0 0     0.0 0   -56.5 0   -56.5 0    -1.1 0    96.5 0     0.0 0     0.0 0  1015.4 0
 2019  16  1 16  5 28  5.467 163.88    -1.6 0    -0.4 0     0.8 0    -0.4 0   242.1 0   272.42 0   272.16 0   298.8 0   271.35 0   271.31 0     0.0 0     0.0 0     0.0 0   -56.7 0   -56.7 0    -1.1 0    96.5 0     0.2 0   193.3 0  1015.5 0
 2019  16  1 16  5 29  5.483 164.00    -1.6 0    -0.3 0     0.8 0    -0.4 0   242.1 0   272.40 0   272.15 0   298.8 0   271.33 0   271.30 0     0.0 0     0.0 0     0.0 0   -56.6 0   -56.6 0    -1.1 0    96.5 0     0.5 0   198.3 0  1015.5 0
 2019  16  1 16  5 30  5.500 164.12    -1.6 0    -0.1 0     0.8 0    -0.4 0   242.1 0   272.38 0   272.13 0   298.8 0   271.33 0   271.30 0     0.0 0     0.0 0     0.0 0   -56.7 0   -56.7 0    -1.1 0    96.6 0     0.5 0   207.0 0  1015.5 0
 2019  16  1 16  5 31  5.517 164.24    -1.6 0    -0.1 0     0.8 0    -0.4 0   242.1 0   272.36 0   272.11 0   298.9 0   271.32 0   271.28 0     0.0 0     0.0 0     0.0 0   -56.8 0   -56.8 0    -1.1 0    96.6 0     0.4 0   213.2 0  1015.5 0
 2019  16  1 16  5 32  5.533 164.36    -1.7 0    -0.4 0     0.8 0    -0.4 0   242.1 0   272.34 0   272.10 0   298.5 0   271.30 0   271.28 0     0.0 0     0.0 0     0.0 0   -56.4 0   -56.4 0    -1.1 0    96.5 0     0.3 0   213.8 0  1015.5 0
 2019  16  1 16  5 33  5.550 164.48    -1.8 0    -0.4 0     0.8 0    -0.4 0   242.1 0   272.33 0   272.09 0   298.6 0   271.30 0   271.27 0     0.0 0     0.0 0     0.0 0   -56.5 0   -56.5 0    -1.2 0    96.5 0     0.3 0   213.9 0  1015.5 0
 2019  16  1 16  5 34  5.567 164.59    -1.8 0    -0.3 0     0.8 0    -0.4 0   241.9 0   272.31 0   272.07 0   298.4 0   271.28 0   271.25 0     0.0 0     0.0 0     0.0 0   -56.5 0   -56.5 0    -1.2 0    96.6 0     0.2 0   213.9 0  1015.5 0
 2019  16  1 16  5 35  5.583 164.70    -1.9 0    -0.4 0     0.8 0    -0.4 0   242.1 0   272.30 0   272.06 0   298.6 0   271.28 0   271.23 0     0.0 0     0.0 0     0.0 0   -56.5 0   -56.5 0    -1.2 0    96.5 0     0.0 0   213.9 0  1015.5 0
 2019  16  1 16  5 36  5.600 164.81    -1.9 0    -0.4 0     0.8 0    -0.4 0   241.9 0   272.28 0   272.05 0   298.5 0   271.26 0   271.23 0     0.0 0     0.0 0     0.0 0   -56.6 0   -56.6 0    -1.2 0    96.6 0     0.0 0     0.0 0  1015.6 0
 2019  16  1 16  5 37  5.617 164.92    -1.8 0    -0.3 0     0.8 0    -0.4 0   241.8 0   272.26 0   272.03 0   298.4 0   271.25 0   271.22 0     0.0 0     0.0 0     0.0 0   -56.6 0   -56.6 0    -1.3 0    96.6 0     0.0 0     0.0 0  1015.6 0
 2019  16  1 16  5 38  5.633 165.02    -1.6 0    -0.2 0     0.8 0    -0.4 0   241.9 0   272.26 0   272.01 0   298.4 0   271.24 0   271.22 0     0.0 0     0.0 0     0.0 0   -56.5 0   -56.5 0    -1.3 0    96.7 0     0.0 0     0.0 0  1015.6 0
 2019  16  1 16  5 39  5.650 165.12    -1.6 0     0.0 0     0.8 0    -0.4 0   241.8 0   272.23 0   272.01 0   298.1 0   271.23 0   271.22 0     0.0 0     0.0 0     0.0 0   -56.3 0   -56.3 0    -1.3 0    96.6 0     0.0 0     0.0 0  1015.6 0
 2019  16  1 16  5 40  5.667 165.22    -1.6 0     0.0 0     0.8 0    -0.4 0   241.8 0   272.23 0   272.01 0   298.1 0   271.22 0   271.20 0     0.0 0     0.0 0     0.0 0   -56.2 0   -56.2 0    -1.3 0    96.6 0     0.0 0     0.0 0  1015.6 0
 2019  16  1 16  5 41  5.683 165.32    -1.6 0     0.0 0     0.8 0    -0.4 0   241.8 0   272.23 0   272.01 0   297.9 0   271.20 0   271.18 0     0.0 0     0.0 0     0.0 0   -56.1 0   -56.1 0    -1.3 0    96.6 0     0.0 0     0.0 0  1015.6 0
 2019  16  1 16  5 42  5.700 165.41    -1.6 0     0.0 0     0.8 0    -0.4 0   241.7 0   272.23 0   272.01 0   297.9 0   271.19 0   271.16 0     0.0 0     0.0 0     0.0 0   -56.2 0   -56.2 0    -1.4 0    96.6 0     0.0 0     0.0 0  1015.6 0
 2019  16  1 16  5 43  5.717 165.50    -1.5 0    -0.1 0     0.8 0    -0.5 0   241.7 0   272.21 0   272.00 0   298.2 0   271.18 0   271.14 0     0.0 0     0.0 0     0.0 0   -56.5 0   -56.5 0    -1.4 0    96.5 0     0.0 0     0.0 0  1015.5 0
 2019  16  1 16  5 44  5.733 165.59    -1.5 0    -0.4 0     0.8 0    -0.7 0   241.8 0   272.21 0   271.99 0   298.0 0   271.15 0   271.13 0     0.0 0     0.0 0     0.0 0   -56.2 0   -56.2 0    -1.4 0    96.6 0     0.0 0     0.0 0  1015.6 0
 2019  16  1 16  5 45  5.750 165.67    -1.5 0    -0.4 0     0.8 0    -0.6 0   241.9 0   272.21 0   271.99 0   298.0 0   271.13 0   271.11 0     0.0 0     0.0 0     0.0 0   -56.1 0   -56.1 0    -1.4 0    96.7 0     0.0 0     0.0 0  1015.6 0
 2019  16  1 16  5 46  5.767 165.75    -1.6 0    -0.3 0     0.8 0    -0.6 0   242.1 0   272.21 0   271.97 0   298.0 0   271.12 0   271.10 0     0.0 0     0.0 0     0.0 0   -55.8 0   -55.8 0    -1.4 0    96.8 0     0.0 0     0.0 0  1015.6 0
 2019  16  1 16  5 47  5.783 165.83    -1.6 0     0.0 0     0.8 0    -0.5 0   241.9 0   272.19 0   271.97 0   297.9 0   271.10 0   271.08 0     0.0 0     0.0 0     0.0 0   -56.0 0   -56.0 0    -1.4 0    96.8 0     0.0 0     0.0 0  1015.6 0
 2019  16  1 16  5 48  5.800 165.91    -1.6 0     0.0 0     0.8 0    -0.4 0   241.8 0   272.19 0   271.97 0   297.9 0   271.08 0   271.06 0     0.0 0     0.0 0     0.0 0   -56.1 0   -56.1 0    -1.4 0    96.8 0     0.0 0     0.0 0  1015.6 0
 2019  16  1 16  5 49  5.817 165.98    -1.6 0     0.0 0     0.8 0    -0.4 0   241.8 0   272.17 0   271.96 0   298.0 0   271.07 0   271.04 0     0.0 0     0.0 0     0.0 0   -56.1 0   -56.1 0    -1.4 0    96.7 0     0.0 0     0.0 0  1015.6 0
 2019  16  1 16  5 50  5.833 166.05    -1.6 0     0.0 0     0.8 0    -0.4 0   241.8 0   272.16 0   271.96 0   297.8 0   271.05 0   271.03 0     0.0 0     0.0 0     0.0 0   -56.0 0   -56.0 0    -1.4 0    96.8 0     0.0 0     0.0 0  1015.6 0
 2019  16  1 16  5 51  5.850 166.12    -1.6 0     0.0 0     0.8 0    -0.4 0   241.8 0   272.16 0   271.97 0   297.9 0   271.03 0   271.00 0     0.0 0     0.0 0     0.0 0   -56.1 0   -56.1 0    -1.4 0    96.8 0     0.0 0     0.0 0  1015.6 0
 2019  16  1 16  5 52  5.867 166.18    -1.6 0     0.0 0     0.8 0    -0.4 0   241.8 0   272.16 0   271.97 0   297.8 0   271.01 0   270.98 0     0.0 0     0.0 0     0.0 0   -56.0 0   -56.0 0    -1.4 0    96.7 0     0.0 0     0.0 0  1015.6 0
 2019  16  1 16  5 53  5.883 166.24    -1.6 0     0.0 0     0.8 0    -0.4 0   241.8 0   272.16 0   271.97 0   297.7 0   270.99 0   270.97 0     0.0 0     0.0 0     0.0 0   -55.9 0   -55.9 0    -1.4 0    96.7 0     0.0 0     0.0 0  1015.6 0
 2019  16  1 16  5 54  5.900 166.30    -1.6 0     0.0 0     0.9 0    -0.4 0   241.8 0   272.16 0   271.97 0   297.8 0   270.98 0   270.95 0     0.0 0     0.0 0     0.0 0   -56.0 0   -56.0 0    -1.4 0    96.7 0     0.0 0     0.0 0  1015.6 0
 2019  16  1 16  5 55  5.917 166.35    -1.6 0     0.0 0     0.8 0    -0.4 0   241.9 0   272.18 0   271.99 0   297.6 0   270.95 0   270.93 0     0.0 0     0.0 0     0.0 0   -55.7 0   -55.7 0    -1.5 0    96.7 0     0.0 0     0.0 0  1015.6 0
 2019  16  1 16  5 56  5.933 166.40    -1.6 0     0.0 0     0.8 0    -0.4 0   241.9 0   272.19 0   271.99 0   297.6 0   270.93 0   270.91 0     0.0 0     0.0 0     0.0 0   -55.7 0   -55.7 0    -1.5 0    96.7 0     0.0 0     0.0 0  1015.6 0
 2019  16  1 16  5 57  5.950 166.45    -1.6 0    -0.1 0     0.8 0    -0.4 0   241.7 0   272.19 0   271.99 0   297.6 0   270.91 0   270.88 0     0.0 0     0.0 0     0.0 0   -55.9 0   -55.9 0    -1.5 0    96.6 0     0.0 0     0.0 0  1015.6 0
 2019  16  1 16  5 58  5.967 166.49    -1.6 0    -0.3 0     0.9 0    -0.4 0   241.7 0   272.20 0   271.99 0   297.5 0   270.89 0   270.87 0     0.0 0     0.0 0     0.0 0   -55.7 0   -55.7 0    -1.5 0    96.6 0     0.0 0     0.0 0  1015.6 0
 2019  16  1 16  5 59  5.983 166.53    -1.6 0    -0.4 0     0.8 0    -0.4 0   241.8 0   272.21 0   271.97 0   297.4 0   270.87 0   270.84 0     0.0 0     0.0 0     0.0 0   -55.6 0   -55.6 0    -1.6 0    96.6 0     0.0 0     0.0 0  1015.6 0
 2019  16  1 16  6  0  6.000 166.57    -1.6 0    -0.4 0     0.8 0    -0.7 0   241.8 0   272.21 0   271.97 0   297.4 0   270.84 0   270.82 0     0.0 0     0.0 0     0.0 0   -55.6 0   -55.6 0    -1.6 0    96.6 0     0.0 0     0.0 0  1015.6 0
 2019  16  1 16  6  1  6.017 166.60    -1.4 0    -0.4 0     0.9 0    -0.7 0   241.6 0   272.20 0   271.96 0   297.5 0   270.83 0   270.79 0     0.0 0     0.0 0     0.0 0   -55.9 0   -55.9 0    -1.6 0    96.7 0     0.0 0     0.0 0  1015.6 0
 2019  16  1 16  6  2  6.033 166.63    -1.2 0    -0.4 0     0.9 0    -0.8 0   241.5 0   272.19 0   271.96 0   297.4 0   270.80 0   270.78 0     0.0 0     0.0 0     0.0 0   -55.9 0   -55.9 0    -1.6 0    96.7 0     0.0 0     0.0 0  1015.6 0
 2019  16  1 16  6  3  6.050 166.65    -1.2 0    -0.4 0     1.1 0    -0.8 0   241.4 0   272.18 0   271.95 0   297.5 0   270.78 0   270.75 0     0.0 0     0.0 0     0.0 0   -56.1 0   -56.1 0    -1.7 0    96.7 0     0.0 0     0.0 0  1015.6 0
 2019  16  1 16  6  4  6.067 166.67    -1.2 0    -0.4 0     1.3 0    -0.7 0   241.5 0   272.18 0   271.93 0   297.3 0   270.76 0   270.74 0     0.0 0     0.0 0     0.0 0   -55.9 0   -55.9 0    -1.7 0    96.7 0     0.0 0     0.0 0  1015.6 0
 2019  16  1 16  6  5  6.083 166.69    -1.2 0    -0.4 0     1.6 0    -0.7 0   241.3 0   272.16 0   271.92 0   297.3 0   270.74 0   270.72 0     0.0 0     0.0 0     0.0 0   -56.0 0   -56.0 0    -1.7 0    96.8 0     0.0 0     0.0 0  1015.6 0
 2019  16  1 16  6  6  6.100 166.71    -1.2 0    -0.4 0     1.6 0    -0.8 0   241.4 0   272.16 0   271.91 0   297.4 0   270.73 0   270.71 0     0.0 0     0.0 0     0.0 0   -56.0 0   -56.0 0    -1.7 0    96.9 0     0.0 0     0.0 0  1015.6 0
 2019  16  1 16  6  7  6.117 166.72    -1.2 0    -0.4 0     1.4 0    -0.7 0   241.4 0   272.16 0   271.91 0   297.3 0   270.71 0   270.69 0     0.0 0     0.0 0     0.0 0   -55.9 0   -55.9 0    -1.7 0    96.9 0     0.0 0     0.0 0  1015.6 0
 2019  16  1 16  6  8  6.133 166.73    -1.2 0    -0.4 0     1.3 0    -0.7 0   241.4 0   272.14 0   271.89 0   297.3 0   270.71 0   270.68 0     0.0 0     0.0 0     0.0 0   -55.9 0   -55.9 0    -1.6 0    96.9 0     0.0 0     0.0 0  1015.6 0
 2019  16  1 16  6  9  6.150 166.73    -1.2 0    -0.4 0     1.4 0    -0.7 0   241.4 0   272.13 0   271.88 0   297.2 0   270.68 0   270.66 0     0.0 0     0.0 0     0.0 0   -55.8 0   -55.8 0    -1.6 0    96.9 0     0.0 0     0.0 0  1015.6 0
 2019  16  1 16  6 10  6.167 166.73    -1.2 0    -0.4 0     1.4 0    -0.5 0   241.4 0   272.11 0   271.86 0   297.4 0   270.68 0   270.65 0     0.0 0     0.0 0     0.0 0   -56.0 0   -56.0 0    -1.6 0    96.9 0     0.0 0     0.0 0  1015.5 0
 2019  16  1 16  6 11  6.183 166.73    -1.3 0    -0.4 0     1.7 0    -0.4 0   241.3 0   272.10 0   271.86 0   297.2 0   270.66 0   270.64 0     0.0 0     0.0 0     0.0 0   -55.9 0   -55.9 0    -1.6 0    96.9 0     0.0 0     0.0 0  1015.5 0
 2019  16  1 16  6 12  6.200 166.72    -1.5 0    -0.4 0     1.7 0    -0.4 0   241.4 0   272.08 0   271.86 0   297.1 0   270.65 0   270.63 0     0.0 0     0.0 0     0.0 0   -55.7 0   -55.7 0    -1.6 0    97.0 0     0.0 0     0.0 0  1015.5 0
 2019  16  1 16  6 13  6.217 166.71    -1.6 0    -0.4 0     1.7 0    -0.4 0   241.7 0   272.08 0   271.86 0   297.2 0   270.64 0   270.62 0     0.0 0     0.0 0     0.0 0   -55.6 0   -55.6 0    -1.6 0    97.0 0     0.0 0     0.0 0  1015.5 0
 2019  16  1 16  6 14  6.233 166.69    -1.6 0    -0.4 0     1.1 0    -0.4 0   241.8 0   272.08 0   271.86 0   297.4 0   270.63 0   270.61 0     0.0 0     0.0 0     0.0 0   -55.6 0   -55.6 0    -1.6 0    97.0 0     0.0 0     0.0 0  1015.5 0
 2019  16  1 16  6 15  6.250 166.68    -1.6 0    -0.4 0     0.8 0    -0.4 0   241.8 0   272.08 0   271.85 0   297.4 0   270.62 0   270.59 0     0.0 0     0.0 0     0.0 0   -55.7 0   -55.7 0    -1.6 0    97.0 0     0.0 0     0.0 0  1015.5 0
 2019  16  1 16  6 16  6.267 166.65    -1.7 0    -0.4 0     0.8 0    -0.4 0   241.5 0   272.06 0   271.84 0   297.6 0   270.61 0   270.59 0     0.0 0     0.0 0     0.0 0   -56.1 0   -56.1 0    -1.5 0    97.0 0     0.0 0     0.0 0  1015.5 0
 2019  16  1 16  6 17  6.283 166.63    -1.9 0    -0.4 0     0.8 0    -0.4 0   241.7 0   272.06 0   271.83 0   297.6 0   270.61 0   270.59 0     0.0 0     0.0 0     0.0 0   -55.9 0   -55.9 0    -1.5 0    97.1 0     0.0 0     0.0 0  1015.5 0
 2019  16  1 16  6 18  6.300 166.60    -2.0 0    -0.3 0     0.8 0    -0.4 0   241.8 0   272.06 0   271.82 0   297.3 0   270.59 0   270.59 0     0.0 0     0.0 0     0.0 0   -55.5 0   -55.5 0    -1.5 0    97.1 0     0.0 0     0.0 0  1015.5 0
 2019  16  1 16  6 19  6.317 166.57    -2.0 0     0.0 0     0.8 0    -0.4 0   241.5 0   272.04 0   271.81 0   297.4 0   270.59 0   270.58 0     0.0 0     0.0 0     0.0 0   -55.9 0   -55.9 0    -1.5 0    97.1 0     0.3 0   191.2 0  1015.5 0
 2019  16  1 16  6 20  6.333 166.53    -2.0 0     0.0 0     0.8 0    -0.4 0   241.8 0   272.03 0   271.79 0   297.6 0   270.59 0   270.57 0     0.0 0     0.0 0     0.0 0   -55.8 0   -55.8 0    -1.5 0    97.1 0     0.3 0   196.0 0  1015.5 0
 2019  16  1 16  6 21  6.350 166.49    -2.0 0     0.0 0     0.8 0    -0.4 0   241.6 0   272.01 0   271.79 0   297.5 0   270.59 0   270.58 0     0.0 0     0.0 0     0.0 0   -55.9 0   -55.9 0    -1.5 0    97.1 0     0.3 0   192.1 0  1015.5 0
 2019  16  1 16  6 22  6.367 166.45    -2.0 0     0.0 0     0.8 0    -0.4 0   241.8 0   272.01 0   271.79 0   297.5 0   270.59 0   270.59 0     0.0 0     0.0 0     0.0 0   -55.7 0   -55.7 0    -1.5 0    97.2 0     0.4 0   198.0 0  1015.5 0
 2019  16  1 16  6 23  6.383 166.40    -2.0 0     0.0 0     0.8 0    -0.4 0   241.9 0   272.01 0   271.79 0   297.6 0   270.59 0   270.59 0     0.0 0     0.0 0     0.0 0   -55.7 0   -55.7 0    -1.4 0    97.2 0     0.4 0   197.8 0  1015.5 0
 2019  16  1 16  6 24  6.400 166.35    -2.0 0     0.0 0     0.8 0    -0.4 0   241.9 0   272.01 0   271.80 0   298.0 0   270.61 0   270.59 0     0.0 0     0.0 0     0.0 0   -56.1 0   -56.1 0    -1.4 0    97.1 0     0.5 0   192.3 0  1015.5 0
 2019  16  1 16  6 25  6.417 166.30    -2.0 0     0.0 0     0.8 0    -0.4 0   241.9 0   272.01 0   271.81 0   298.1 0   270.61 0   270.59 0     0.0 0     0.0 0     0.0 0   -56.2 0   -56.2 0    -1.4 0    97.1 0     0.6 0   186.5 0  1015.4 0
 2019  16  1 16  6 26  6.433 166.24    -2.0 0     0.0 0     0.8 0    -0.4 0   241.6 0   272.01 0   271.81 0   298.0 0   270.61 0   270.60 0     0.0 0     0.0 0     0.0 0   -56.4 0   -56.4 0    -1.4 0    97.1 0     0.6 0   183.0 0  1015.4 0
 2019  16  1 16  6 27  6.450 166.18    -2.0 0     0.0 0     0.8 0    -0.4 0   241.6 0   272.01 0   271.81 0   298.3 0   270.63 0   270.61 0     0.0 0     0.0 0     0.0 0   -56.7 0   -56.7 0    -1.5 0    97.1 0     0.5 0   176.8 0  1015.4 0
 2019  16  1 16  6 28  6.467 166.12    -2.0 0     0.0 0     0.8 0    -0.4 0   241.4 0   272.01 0   271.81 0   298.3 0   270.63 0   270.62 0     0.0 0     0.0 0     0.0 0   -56.8 0   -56.8 0    -1.5 0    97.2 0     0.5 0   171.3 0  1015.4 0
 2019  16  1 16  6 29  6.483 166.05    -2.0 0     0.0 0     0.8 0    -0.4 0   241.4 0   272.01 0   271.81 0   298.1 0   270.63 0   270.62 0     0.0 0     0.0 0     0.0 0   -56.6 0   -56.6 0    -1.5 0    97.2 0     0.3 0   151.4 0  1015.4 0
 2019  16  1 16  6 30  6.500 165.98    -2.0 0     0.0 0     0.8 0    -0.4 0   241.4 0   272.01 0   271.79 0   297.8 0   270.63 0   270.61 0     0.0 0     0.0 0     0.0 0   -56.4 0   -56.4 0    -1.5 0    97.2 0     0.0 0     0.0 0  1015.4 0
 2019  16  1 16  6 31  6.517 165.91    -2.0 0     0.1 0     0.7 0    -0.4 0   241.6 0   272.01 0   271.79 0   297.7 0   270.63 0   270.61 0     0.0 0     0.0 0     0.0 0   -56.1 0   -56.1 0    -1.5 0    97.2 0     0.3 0   143.7 0  1015.4 0
 2019  16  1 16  6 32  6.533 165.84    -2.0 0     0.0 0     0.8 0    -0.4 0   241.6 0   272.01 0   271.79 0   297.5 0   270.63 0   270.61 0     0.0 0     0.0 0     0.0 0   -55.9 0   -55.9 0    -1.5 0    97.1 0     0.3 0   139.7 0  1015.3 0
 2019  16  1 16  6 33  6.550 165.76    -2.0 0     0.0 0     0.8 0    -0.4 0   241.6 0   272.01 0   271.81 0   297.5 0   270.63 0   270.61 0     0.0 0     0.0 0     0.0 0   -55.8 0   -55.8 0    -1.5 0    97.1 0     0.4 0   140.6 0  1015.3 0
 2019  16  1 16  6 34  6.567 165.68    -2.0 0     0.0 0     0.7 0    -0.4 0   241.5 0   272.01 0   271.81 0   297.4 0   270.63 0   270.61 0     0.0 0     0.0 0     0.0 0   -55.9 0   -55.9 0    -1.5 0    97.3 0     0.5 0   141.2 0  1015.4 0
 2019  16  1 16  6 35  6.583 165.59    -2.0 0     0.0 0     0.7 0    -0.4 0   241.4 0   272.01 0   271.81 0   297.4 0   270.63 0   270.61 0     0.0 0     0.0 0     0.0 0   -56.0 0   -56.0 0    -1.5 0    97.3 0     0.5 0   144.3 0  1015.4 0
 2019  16  1 16  6 36  6.600 165.50    -1.8 0     0.0 0     0.7 0    -0.4 0   241.2 0   272.01 0   271.81 0   297.2 0   270.63 0   270.62 0     0.0 0     0.0 0     0.0 0   -56.0 0   -56.0 0    -1.5 0    97.2 0     0.5 0   151.5 0  1015.4 0
 2019  16  1 16  6 37  6.617 165.41    -1.6 0     0.0 0     0.8 0    -0.6 0   241.3 0   272.01 0   271.81 0   297.4 0   270.64 0   270.63 0     0.0 0     0.0 0     0.0 0   -56.1 0   -56.1 0    -1.5 0    97.3 0     0.7 0   153.8 0  1015.3 0
 2019  16  1 16  6 38  6.633 165.32    -1.6 0     0.0 0     0.7 0    -0.7 0   241.3 0   272.01 0   271.79 0   297.5 0   270.66 0   270.64 0     0.0 0     0.0 0     0.0 0   -56.2 0   -56.2 0    -1.5 0    97.3 0     0.7 0   153.0 0  1015.3 0
 2019  16  1 16  6 39  6.650 165.22    -1.6 0     0.0 0     0.7 0    -0.6 0   241.3 0   272.01 0   271.80 0   297.5 0   270.67 0   270.66 0     0.0 0     0.0 0     0.0 0   -56.1 0   -56.1 0    -1.5 0    97.3 0     0.7 0   152.8 0  1015.3 0
 2019  16  1 16  6 40  6.667 165.13    -1.6 0     0.0 0     0.5 0    -0.7 0   241.3 0   272.01 0   271.79 0   297.5 0   270.68 0   270.66 0     0.0 0     0.0 0     0.0 0   -56.2 0   -56.2 0    -1.5 0    97.3 0     0.6 0   144.0 0  1015.3 0
 2019  16  1 16  6 41  6.683 165.03    -1.6 0     0.0 0     0.6 0    -0.7 0   241.2 0   272.01 0   271.81 0   297.3 0   270.68 0   270.67 0     0.0 0     0.0 0     0.0 0   -56.1 0   -56.1 0    -1.6 0    97.4 0     0.6 0   134.8 0  1015.3 0
 2019  16  1 16  6 42  6.700 164.92    -1.6 0     0.0 0     0.3 0    -0.8 0   241.1 0   272.01 0   271.81 0   297.2 0   270.69 0   270.68 0     0.0 0     0.0 0     0.0 0   -56.0 0   -56.0 0    -1.5 0    97.4 0     0.5 0   130.9 0  1015.3 0
 2019  16  1 16  6 43  6.717 164.82    -1.6 0     0.0 0     0.1 0    -0.8 0   241.4 0   272.03 0   271.82 0   297.4 0   270.71 0   270.68 0     0.0 0     0.0 0     0.0 0   -56.0 0   -56.0 0    -1.5 0    97.4 0     0.4 0   124.5 0  1015.3 0
 2019  16  1 16  6 44  6.733 164.71    -1.4 0     0.0 0     0.0 0    -0.8 0   241.0 0   272.03 0   271.81 0   297.3 0   270.71 0   270.68 0     0.0 0     0.0 0     0.0 0   -56.3 0   -56.3 0    -1.5 0    97.5 0     0.2 0   124.8 0  1015.3 0
 2019  16  1 16  6 45  6.750 164.60    -1.2 0     0.0 0     0.0 0    -0.8 0   241.1 0   272.03 0   271.81 0   297.2 0   270.71 0   270.68 0     0.0 0     0.0 0     0.0 0   -56.1 0   -56.1 0    -1.5 0    97.5 0     0.0 0     0.0 0  1015.4 0
 2019  16  1 16  6 46  6.767 164.48    -1.4 0     0.0 0     0.4 0    -0.8 0   241.1 0   272.03 0   271.81 0   297.3 0   270.71 0   270.68 0     0.0 0     0.0 0     0.0 0   -56.1 0   -56.1 0    -1.5 0    97.4 0     0.0 0     0.0 0  1015.4 0
 2019  16  1 16  6 47  6.783 164.37    -1.3 0     0.0 0     0.7 0    -0.8 0   240.9 0   272.01 0   271.79 0   297.1 0   270.70 0   270.68 0     0.0 0     0.0 0     0.0 0   -56.2 0   -56.2 0    -1.5 0    97.4 0     0.0 0     0.0 0  1015.4 0
 2019  16  1 16  6 48  6.800 164.25    -1.2 0     0.0 0     0.8 0    -0.8 0   240.9 0   272.01 0   271.77 0   296.9 0   270.68 0   270.67 0     0.0 0     0.0 0     0.0 0   -56.0 0   -56.0 0    -1.5 0    97.4 0     0.0 0     0.0 0  1015.4 0
 2019  16  1 16  6 49  6.817 164.13    -1.2 0     0.0 0     0.8 0    -0.8 0   240.9 0   272.01 0   271.77 0   297.0 0   270.68 0   270.66 0     0.0 0     0.0 0     0.0 0   -56.1 0   -56.1 0    -1.5 0    97.4 0     0.0 0     0.0 0  1015.4 0
 2019  16  1 16  6 50  6.833 164.01    -1.2 0     0.0 0     0.8 0    -0.8 0   240.9 0   271.99 0   271.77 0   297.1 0   270.68 0   270.64 0     0.0 0     0.0 0     0.0 0   -56.3 0   -56.3 0    -1.6 0    97.4 0     0.0 0     0.0 0  1015.4 0
 2019  16  1 16  6 51  6.850 163.88    -1.2 0     0.0 0     0.8 0    -0.8 0   240.7 0   271.99 0   271.77 0   297.3 0   270.67 0   270.63 0     0.0 0     0.0 0     0.0 0   -56.5 0   -56.5 0    -1.6 0    97.3 0     0.0 0     0.0 0  1015.3 0
 2019  16  1 16  6 52  6.867 163.76    -1.2 0     0.0 0     0.8 0    -0.8 0   240.7 0   271.99 0   271.76 0   297.1 0   270.66 0   270.63 0     0.0 0     0.0 0     0.0 0   -56.4 0   -56.4 0    -1.6 0    97.3 0     0.2 0   100.4 0  1015.3 0
 2019  16  1 16  6 53  6.883 163.63    -1.2 0     0.0 0     0.8 0    -0.8 0   240.8 0   271.99 0   271.76 0   297.0 0   270.66 0   270.63 0     0.0 0     0.0 0     0.0 0   -56.2 0   -56.2 0    -1.6 0    97.3 0     0.3 0    99.7 0  1015.3 0
 2019  16  1 16  6 54  6.900 163.50    -1.2 0     0.0 0     0.8 0    -0.8 0   240.8 0   271.99 0   271.76 0   297.2 0   270.66 0   270.62 0     0.0 0     0.0 0     0.0 0   -56.4 0   -56.4 0    -1.7 0    97.3 0     0.4 0    97.1 0  1015.3 0
 2019  16  1 16  6 55  6.917 163.37    -1.2 0    -0.2 0     0.8 0    -0.8 0   240.9 0   271.99 0   271.77 0   296.9 0   270.64 0   270.61 0     0.0 0     0.0 0     0.0 0   -56.0 0   -56.0 0    -1.7 0    97.3 0     0.3 0    97.0 0  1015.3 0
 2019  16  1 16  6 56  6.933 163.23    -1.5 0    -0.4 0     0.8 0    -0.7 0   240.8 0   271.99 0   271.76 0   296.8 0   270.64 0   270.61 0     0.0 0     0.0 0     0.0 0   -56.0 0   -56.0 0    -1.7 0    97.3 0     0.4 0    96.9 0  1015.3 0
 2019  16  1 16  6 57  6.950 163.10    -1.6 0    -0.4 0     0.8 0    -0.6 0   241.0 0   271.99 0   271.75 0   296.8 0   270.63 0   270.61 0     0.0 0     0.0 0     0.0 0   -55.8 0   -55.8 0    -1.8 0    97.3 0     0.3 0    96.7 0  1015.3 0
 2019  16  1 16  6 58  6.967 162.96    -1.6 0    -0.3 0     0.8 0    -0.4 0   241.0 0   271.98 0   271.74 0   297.0 0   270.63 0   270.59 0     0.0 0     0.0 0     0.0 0   -55.9 0   -55.9 0    -1.8 0    97.3 0     0.4 0    96.7 0  1015.3 0
 2019  16  1 16  6 59  6.983 162.82    -1.6 0    -0.3 0     0.8 0    -0.4 0   241.0 0   271.96 0   271.72 0   297.0 0   270.63 0   270.59 0     0.0 0     0.0 0     0.0 0   -56.0 0   -56.0 0    -1.8 0    97.4 0     0.3 0    96.7 0  1015.3 0
 2019  16  1 16  7  0  7.000 162.68    -1.6 0    -0.1 0     0.8 0    -0.4 0   241.1 0   271.96 0   271.72 0   296.7 0   270.62 0   270.59 0     0.0 0     0.0 0     0.0 0   -55.6 0   -55.6 0    -1.8 0    97.5 0     0.3 0    96.8 0  1015.4 0
 2019  16  1 16  7  1  7.017 162.54    -1.6 0     0.0 0     0.8 0    -0.4 0   241.3 0   271.96 0   271.73 0   296.5 0   270.61 0   270.59 0     0.0 0     0.0 0     0.0 0   -55.1 0   -55.1 0    -1.8 0    97.5 0     0.3 0    96.8 0  1015.3 0
 2019  16  1 16  7  2  7.033 162.40    -1.6 0     0.0 0     0.8 0    -0.4 0   241.3 0   271.96 0   271.75 0   296.5 0   270.61 0   270.59 0     0.0 0     0.0 0     0.0 0   -55.1 0   -55.1 0    -1.7 0    97.5 0     0.3 0    96.8 0  1015.3 0
 2019  16  1 16  7  3  7.050 162.25    -1.6 0    -0.1 0     0.6 0    -0.4 0   241.1 0   271.96 0   271.76 0   296.5 0   270.61 0   270.58 0     0.0 0     0.0 0     0.0 0   -55.4 0   -55.4 0    -1.8 0    97.4 0     0.3 0    96.4 0  1015.3 0
 2019  16  1 16  7  4  7.067 162.10    -1.6 0    -0.1 0     0.3 0    -0.4 0   241.2 0   271.96 0   271.74 0   296.6 0   270.60 0   270.56 0     0.0 0     0.0 0     0.0 0   -55.4 0   -55.4 0    -1.8 0    97.4 0     0.3 0    96.5 0  1015.3 0
 2019  16  1 16  7  5  7.083 161.95    -1.6 0     0.0 0     0.1 0    -0.4 0   241.2 0   271.96 0   271.73 0   296.6 0   270.59 0   270.56 0     0.0 0     0.0 0     0.0 0   -55.4 0   -55.4 0    -1.7 0    97.5 0     0.4 0    99.2 0  1015.2 0
 2019  16  1 16  7  6  7.100 161.80    -1.6 0     0.0 0     0.2 0    -0.4 0   241.3 0   271.96 0   271.71 0   296.7 0   270.59 0   270.56 0     0.0 0     0.0 0     0.0 0   -55.4 0   -55.4 0    -1.8 0    97.4 0     0.5 0   104.4 0  1015.2 0
 2019  16  1 16  7  7  7.117 161.65    -1.6 0     0.0 0     0.3 0    -0.4 0   241.4 0   271.94 0   271.70 0   297.0 0   270.59 0   270.56 0     0.0 0     0.0 0     0.0 0   -55.6 0   -55.6 0    -1.8 0    97.5 0     0.6 0   106.4 0  1015.2 0
 2019  16  1 16  7  8  7.133 161.50    -1.6 0     0.0 0     0.7 0    -0.4 0   241.4 0   271.93 0   271.69 0   297.2 0   270.59 0   270.56 0     0.0 0     0.0 0     0.0 0   -55.8 0   -55.8 0    -1.8 0    97.5 0     0.6 0   106.8 0  1015.2 0
 2019  16  1 16  7  9  7.150 161.35    -1.6 0     0.0 0     0.8 0    -0.4 0   241.2 0   271.92 0   271.68 0   297.2 0   270.59 0   270.56 0     0.0 0     0.0 0     0.0 0   -55.9 0   -55.9 0    -1.8 0    97.5 0     0.5 0   106.6 0  1015.3 0
 2019  16  1 16  7 10  7.167 161.19    -1.6 0     0.0 0     0.7 0    -0.4 0   241.3 0   271.91 0   271.67 0   296.9 0   270.59 0   270.56 0     0.0 0     0.0 0     0.0 0   -55.6 0   -55.6 0    -1.8 0    97.4 0     0.4 0   104.6 0  1015.3 0
 2019  16  1 16  7 11  7.183 161.03    -1.6 0     0.0 0     0.6 0    -0.4 0   241.3 0   271.91 0   271.67 0   296.8 0   270.59 0   270.56 0     0.0 0     0.0 0     0.0 0   -55.5 0   -55.5 0    -1.8 0    97.4 0     0.5 0    97.7 0  1015.3 0
 2019  16  1 16  7 12  7.200 160.88    -1.6 0     0.0 0     0.5 0    -0.5 0   241.1 0   271.89 0   271.66 0   296.9 0   270.59 0   270.56 0     0.0 0     0.0 0     0.0 0   -55.8 0   -55.8 0    -1.8 0    97.4 0     0.5 0    95.9 0  1015.3 0
 2019  16  1 16  7 13  7.217 160.72    -1.6 0     0.0 0     0.4 0    -0.7 0   241.2 0   271.89 0   271.63 0   297.0 0   270.59 0   270.56 0     0.0 0     0.0 0     0.0 0   -55.8 0   -55.8 0    -1.9 0    97.4 0     0.6 0    95.9 0  1015.3 0
 2019  16  1 16  7 14  7.233 160.56    -1.6 0     0.0 0     0.2 0    -0.8 0   241.1 0   271.86 0   271.62 0   297.2 0   270.59 0   270.56 0     0.0 0     0.0 0     0.0 0   -56.1 0   -56.1 0    -1.9 0    97.5 0     0.7 0    95.1 0  1015.3 0
 2019  16  1 16  7 15  7.250 160.40    -1.6 0     0.0 0     0.2 0    -0.8 0   241.3 0   271.86 0   271.61 0   297.1 0   270.59 0   270.56 0     0.0 0     0.0 0     0.0 0   -55.8 0   -55.8 0    -1.9 0    97.5 0     0.7 0    90.8 0  1015.3 0
 2019  16  1 16  7 16  7.267 160.23    -1.6 0     0.0 0     0.4 0    -0.8 0   241.3 0   271.84 0   271.60 0   297.0 0   270.59 0   270.56 0     0.0 0     0.0 0     0.0 0   -55.7 0   -55.7 0    -1.9 0    97.5 0     0.7 0    88.4 0  1015.4 0
 2019  16  1 16  7 17  7.283 160.07    -1.6 0     0.0 0     0.5 0    -0.8 0   241.4 0   271.84 0   271.61 0   296.8 0   270.59 0   270.56 0     0.0 0     0.0 0     0.0 0   -55.4 0   -55.4 0    -1.9 0    97.5 0     0.6 0    81.6 0  1015.4 0
 2019  16  1 16  7 18  7.300 159.90    -1.6 0     0.0 0     0.4 0    -0.8 0   241.5 0   271.84 0   271.62 0   296.8 0   270.59 0   270.56 0     0.0 0     0.0 0     0.0 0   -55.3 0   -55.3 0    -1.9 0    97.5 0     0.5 0    78.7 0  1015.4 0
 2019  16  1 16  7 19  7.317 159.74    -1.6 0     0.0 0     0.6 0    -0.7 0   241.6 0   271.84 0   271.64 0   296.7 0   270.59 0   270.56 0     0.0 0     0.0 0     0.0 0   -55.1 0   -55.1 0    -1.9 0    97.5 0     0.4 0    78.5 0  1015.4 0
 2019  16  1 16  7 20  7.333 159.57    -1.6 0     0.0 0     0.7 0    -0.5 0   241.7 0   271.86 0   271.67 0   296.6 0   270.59 0   270.56 0     0.0 0     0.0 0     0.0 0   -54.9 0   -54.9 0    -1.9 0    97.5 0     0.4 0    78.5 0  1015.3 0
 2019  16  1 16  7 21  7.350 159.40    -1.6 0    -0.3 0     0.8 0    -0.5 0   241.7 0   271.87 0   271.68 0   296.6 0   270.59 0   270.56 0     0.0 0     0.0 0     0.0 0   -55.0 0   -55.0 0    -1.9 0    97.6 0     0.4 0    78.6 0  1015.3 0
 2019  16  1 16  7 22  7.367 159.24    -1.6 0    -0.4 0     0.8 0    -0.5 0   241.7 0   271.89 0   271.69 0   296.8 0   270.59 0   270.54 0     0.0 0     0.0 0     0.0 0   -55.1 0   -55.1 0    -1.9 0    97.5 0     0.4 0    78.5 0  1015.3 0
 2019  16  1 16  7 23  7.383 159.07    -1.6 0    -0.4 0     0.5 0    -0.4 0   241.7 0   271.91 0   271.70 0   296.8 0   270.59 0   270.54 0     0.0 0     0.0 0     0.0 0   -55.2 0   -55.2 0    -1.9 0    97.5 0     0.4 0    78.5 0  1015.3 0
 2019  16  1 16  7 24  7.400 158.90    -1.6 0    -0.4 0     0.4 0    -0.4 0   241.5 0   271.91 0   271.72 0   296.6 0   270.57 0   270.54 0     0.0 0     0.0 0     0.0 0   -55.1 0   -55.1 0    -1.9 0    97.5 0     0.3 0    78.5 0  1015.4 0
 2019  16  1 16  7 25  7.417 158.72    -1.6 0    -0.4 0     0.4 0    -0.4 0   241.7 0   271.93 0   271.72 0   296.3 0   270.56 0   270.54 0     0.0 0     0.0 0     0.0 0   -54.7 0   -54.7 0    -2.0 0    97.5 0     0.3 0    78.5 0  1015.4 0
 2019  16  1 16  7 26  7.433 158.55    -1.6 0    -0.4 0     0.2 0    -0.4 0   241.6 0   271.94 0   271.74 0   296.4 0   270.56 0   270.53 0     0.0 0     0.0 0     0.0 0   -54.8 0   -54.8 0    -2.0 0    97.5 0     0.3 0    78.5 0  1015.4 0
 2019  16  1 16  7 27  7.450 158.38    -1.6 0    -0.4 0     0.0 0    -0.4 0   241.7 0   271.96 0   271.72 0   296.6 0   270.56 0   270.52 0     0.0 0     0.0 0     0.0 0   -54.9 0   -54.9 0    -2.0 0    97.5 0     0.4 0    78.6 0  1015.4 0
 2019  16  1 16  7 28  7.467 158.20    -1.6 0    -0.4 0     0.0 0    -0.4 0   241.4 0   271.94 0   271.70 0   296.3 0   270.54 0   270.51 0     0.0 0     0.0 0     0.0 0   -54.9 0   -54.9 0    -2.0 0    97.4 0     0.4 0    78.8 0  1015.4 0
 2019  16  1 16  7 29  7.483 158.03    -1.6 0    -0.4 0     0.0 0    -0.4 0   241.5 0   271.93 0   271.68 0   296.4 0   270.54 0   270.50 0     0.0 0     0.0 0     0.0 0   -54.9 0   -54.9 0    -2.0 0    97.4 0     0.4 0    78.8 0  1015.3 0
 2019  16  1 16  7 30  7.500 157.85    -1.6 0    -0.4 0     0.0 0    -0.4 0   241.6 0   271.91 0   271.67 0   296.9 0   270.54 0   270.49 0     0.0 0     0.0 0     0.0 0   -55.4 0   -55.4 0    -2.0 0    97.5 0     0.6 0    85.7 0  1015.3 0
 2019  16  1 16  7 31  7.517 157.68    -1.6 0    -0.4 0     0.0 0    -0.4 0   241.5 0   271.90 0   271.65 0   297.0 0   270.52 0   270.49 0     0.0 0     0.0 0     0.0 0   -55.5 0   -55.5 0    -2.0 0    97.6 0     0.7 0    93.9 0  1015.3 0
 2019  16  1 16  7 32  7.533 157.50    -1.6 0    -0.4 0     0.0 0    -0.4 0   241.4 0   271.88 0   271.62 0   297.0 0   270.52 0   270.50 0     0.0 0     0.0 0     0.0 0   -55.6 0   -55.6 0    -2.0 0    97.6 0     0.7 0   100.6 0  1015.3 0
 2019  16  1 16  7 33  7.550 157.32    -1.6 0    -0.3 0     0.0 0    -0.4 0   241.8 0   271.86 0   271.61 0   297.1 0   270.52 0   270.50 0     0.0 0     0.0 0     0.0 0   -55.3 0   -55.3 0    -2.0 0    97.6 0     0.7 0   112.3 0  1015.3 0
 2019  16  1 16  7 34  7.567 157.14    -1.7 0    -0.3 0     0.0 0    -0.4 0   241.7 0   271.84 0   271.60 0   297.3 0   270.53 0   270.51 0     0.0 0     0.0 0     0.0 0   -55.6 0   -55.6 0    -1.9 0    97.7 0     0.8 0   123.7 0  1015.3 0
 2019  16  1 16  7 35  7.583 156.96    -1.8 0    -0.4 0     0.0 0    -0.4 0   241.7 0   271.82 0   271.59 0   297.6 0   270.54 0   270.51 0     0.0 0     0.0 0     0.0 0   -55.9 0   -55.9 0    -1.9 0    97.8 0     0.9 0   128.6 0  1015.3 0
 2019  16  1 16  7 36  7.600 156.78    -2.0 0    -0.4 0     0.0 0    -0.4 0   241.9 0   271.81 0   271.58 0   297.4 0   270.54 0   270.53 0     0.0 0     0.0 0     0.0 0   -55.5 0   -55.5 0    -1.8 0    97.9 0     0.9 0   132.1 0  1015.3 0
 2019  16  1 16  7 37  7.617 156.60    -1.9 0    -0.4 0     0.0 0    -0.4 0   241.9 0   271.80 0   271.57 0   297.5 0   270.56 0   270.54 0     0.0 0     0.0 0     0.0 0   -55.6 0   -55.6 0    -1.7 0    97.7 0     0.9 0   131.0 0  1015.3 0
 2019  16  1 16  7 38  7.633 156.42    -1.9 0    -0.4 0     0.0 0    -0.4 0   241.8 0   271.79 0   271.56 0   297.4 0   270.57 0   270.56 0     0.0 0     0.0 0     0.0 0   -55.6 0   -55.6 0    -1.7 0    97.7 0     0.9 0   128.1 0  1015.2 0
 2019  16  1 16  7 39  7.650 156.24    -1.8 0    -0.4 0     0.0 0    -0.4 0   241.7 0   271.77 0   271.54 0   297.6 0   270.59 0   270.58 0     0.0 0     0.0 0     0.0 0   -55.9 0   -55.9 0    -1.7 0    97.7 0     1.0 0   126.3 0  1015.2 0
 2019  16  1 16  7 40  7.667 156.06    -1.6 0    -0.4 0     0.0 0    -0.4 0   241.8 0   271.77 0   271.52 0   297.8 0   270.61 0   270.59 0     0.0 0     0.0 0     0.0 0   -56.0 0   -56.0 0    -1.6 0    97.7 0     0.9 0   123.4 0  1015.2 0
 2019  16  1 16  7 41  7.683 155.88    -1.6 0    -0.4 0     0.0 0    -0.4 0   241.6 0   271.75 0   271.51 0   297.6 0   270.62 0   270.60 0     0.0 0     0.0 0     0.0 0   -56.0 0   -56.0 0    -1.6 0    97.7 0     0.7 0   121.3 0  1015.2 0
 2019  16  1 16  7 42  7.700 155.69    -1.6 0    -0.4 0     0.0 0    -0.5 0   241.8 0   271.74 0   271.50 0   297.4 0   270.63 0   270.61 0     0.0 0     0.0 0     0.0 0   -55.6 0   -55.6 0    -1.6 0    97.7 0     0.6 0   110.4 0  1015.2 0
 2019  16  1 16  7 43  7.717 155.51    -1.6 0    -0.4 0     0.0 0    -0.4 0   241.8 0   271.72 0   271.50 0   297.4 0   270.63 0   270.61 0     0.0 0     0.0 0     0.0 0   -55.5 0   -55.5 0    -1.6 0    97.6 0     0.7 0   108.0 0  1015.2 0
 2019  16  1 16  7 44  7.733 155.32    -1.6 0     0.0 0     0.0 0    -0.4 0   242.0 0   271.72 0   271.50 0   297.4 0   270.64 0   270.62 0     0.0 0     0.0 0     0.0 0   -55.3 0   -55.3 0    -1.6 0    97.8 0     0.7 0   111.3 0  1015.2 0
 2019  16  1 16  7 45  7.750 155.14    -1.6 0     0.0 0     0.0 0    -0.5 0   242.0 0   271.72 0   271.50 0   297.3 0   270.66 0   270.63 0     0.0 0     0.0 0     0.0 0   -55.3 0   -55.3 0    -1.5 0    97.7 0     0.5 0   103.0 0  1015.2 0
 2019  16  1 16  7 46  7.767 154.95    -1.6 0     0.0 0     0.0 0    -0.7 0   241.9 0   271.72 0   271.50 0   296.9 0   270.66 0   270.63 0     0.0 0     0.0 0     0.0 0   -55.0 0   -55.0 0    -1.5 0    97.4 0     0.5 0   100.4 0  1015.2 0
 2019  16  1 16  7 47  7.783 154.76    -1.6 0     0.0 0     0.0 0    -0.8 0   241.8 0   271.72 0   271.48 0   296.8 0   270.66 0   270.63 0     0.0 0     0.0 0     0.0 0   -55.0 0   -55.0 0    -1.6 0    97.3 0     0.6 0    98.7 0  1015.2 0
 2019  16  1 16  7 48  7.800 154.58    -1.6 0     0.0 0     0.0 0    -0.8 0   241.8 0   271.72 0   271.50 0   296.6 0   270.66 0   270.63 0     0.0 0     0.0 0     0.0 0   -54.8 0   -54.8 0    -1.7 0    97.2 0     0.5 0    91.3 0  1015.2 0
 2019  16  1 16  7 49  7.817 154.39    -1.6 0     0.0 0     0.0 0    -0.7 0   241.8 0   271.72 0   271.50 0   296.5 0   270.66 0   270.63 0     0.0 0     0.0 0     0.0 0   -54.7 0   -54.7 0    -1.8 0    97.3 0     0.3 0    77.1 0  1015.2 0
 2019  16  1 16  7 50  7.833 154.20    -1.6 0     0.0 0     0.0 0    -0.7 0   241.9 0   271.71 0   271.51 0   296.7 0   270.66 0   270.61 0     0.0 0     0.0 0     0.0 0   -54.8 0   -54.8 0    -1.8 0    97.4 0     0.4 0    75.3 0  1015.1 0
 2019  16  1 16  7 51  7.850 154.01    -1.6 0     0.0 0     0.0 0    -0.6 0   241.9 0   271.71 0   271.52 0   296.7 0   270.64 0   270.61 0     0.0 0     0.0 0     0.0 0   -54.8 0   -54.8 0    -1.9 0    97.4 0     0.3 0    72.8 0  1015.1 0
 2019  16  1 16  7 52  7.867 153.83    -1.6 0     0.0 0     0.4 0    -0.4 0   241.9 0   271.73 0   271.54 0   296.5 0   270.64 0   270.61 0     0.0 0     0.0 0     0.0 0   -54.6 0   -54.6 0    -1.9 0    97.5 0     0.4 0    64.6 0  1015.1 0
 2019  16  1 16  7 53  7.883 153.64    -1.6 0     0.0 0     0.5 0    -0.4 0   241.8 0   271.74 0   271.54 0   296.5 0   270.63 0   270.59 0     0.0 0     0.0 0     0.0 0   -54.7 0   -54.7 0    -1.9 0    97.5 0     0.3 0    64.7 0  1015.1 0
 2019  16  1 16  7 54  7.900 153.45    -1.6 0    -0.3 0     0.6 0    -0.4 0   242.1 0   271.76 0   271.54 0   296.7 0   270.63 0   270.58 0     0.0 0     0.0 0     0.0 0   -54.6 0   -54.6 0    -1.9 0    97.4 0     0.3 0    74.7 0  1015.1 0
 2019  16  1 16  7 55  7.917 153.26    -1.6 0    -0.4 0     0.4 0    -0.4 0   242.1 0   271.76 0   271.52 0   296.4 0   270.62 0   270.58 0     0.0 0     0.0 0     0.0 0   -54.3 0   -54.3 0    -2.0 0    97.4 0     0.3 0    77.3 0  1015.1 0
 2019  16  1 16  7 56  7.933 153.07    -1.6 0    -0.4 0     0.2 0    -0.4 0   241.9 0   271.74 0   271.52 0   296.3 0   270.61 0   270.57 0     0.0 0     0.0 0     0.0 0   -54.4 0   -54.4 0    -2.0 0    97.4 0     0.3 0    77.2 0  1015.1 0
 2019  16  1 16  7 57  7.950 152.87    -1.6 0    -0.3 0     0.3 0    -0.4 0   241.8 0   271.74 0   271.52 0   296.0 0   270.59 0   270.56 0     0.0 0     0.0 0     0.0 0   -54.2 0   -54.2 0    -2.0 0    97.4 0     0.2 0    77.2 0  1015.1 0
 2019  16  1 16  7 58  7.967 152.68    -1.6 0    -0.3 0     0.5 0    -0.4 0   242.0 0   271.74 0   271.52 0   296.2 0   270.58 0   270.55 0     0.0 0     0.0 0     0.0 0   -54.1 0   -54.1 0    -2.0 0    97.3 0     0.4 0    77.2 0  1015.2 0
 2019  16  1 16  7 59  7.983 152.49    -1.6 0    -0.2 0     0.5 0    -0.4 0   241.8 0   271.74 0   271.54 0   296.3 0   270.57 0   270.53 0     0.0 0     0.0 0     0.0 0   -54.4 0   -54.4 0    -2.0 0    97.4 0     0.3 0    73.5 0  1015.2 0
 2019  16  1 16  8  0  8.000 152.30    -1.6 0    -0.2 0     0.6 0    -0.4 0   242.0 0   271.76 0   271.54 0   296.1 0   270.56 0   270.53 0     0.0 0     0.0 0     0.0 0   -54.1 0   -54.1 0    -2.0 0    97.4 0     0.3 0    61.2 0  1015.2 0
 2019  16  1 16  8  1  8.017 152.11    -1.6 0    -0.4 0     0.8 0    -0.4 0   242.2 0   271.76 0   271.54 0   296.5 0   270.55 0   270.52 0     0.0 0     0.0 0     0.0 0   -54.3 0   -54.3 0    -2.0 0    97.5 0     0.5 0    89.4 0  1015.1 0
 2019  16  1 16  8  2  8.033 151.91    -1.6 0    -0.4 0     0.8 0    -0.4 0   242.3 0   271.76 0   271.54 0   296.9 0   270.53 0   270.52 0     0.0 0     0.0 0     0.0 0   -54.5 0   -54.5 0    -2.0 0    97.6 0     0.6 0    94.6 0  1015.1 0
 2019  16  1 16  8  3  8.050 151.72    -1.6 0    -0.4 0     0.6 0    -0.4 0   242.2 0   271.76 0   271.54 0   296.6 0   270.53 0   270.52 0     0.0 0     0.0 0     0.0 0   -54.4 0   -54.4 0    -1.9 0    97.6 0     0.4 0    94.5 0  1015.1 0
 2019  16  1 16  8  4  8.067 151.53    -1.6 0    -0.4 0     0.6 0    -0.4 0   242.1 0   271.76 0   271.54 0   296.3 0   270.53 0   270.51 0     0.0 0     0.0 0     0.0 0   -54.2 0   -54.2 0    -1.9 0    97.5 0     0.4 0    94.3 0  1015.1 0
 2019  16  1 16  8  5  8.083 151.33    -1.6 0    -0.2 0     0.5 0    -0.4 0   242.2 0   271.76 0   271.53 0   296.3 0   270.53 0   270.51 0     0.0 0     0.0 0     0.0 0   -54.0 0   -54.0 0    -1.9 0    97.5 0     0.4 0    94.2 0  1015.1 0
 2019  16  1 16  8  6  8.100 151.14    -1.6 0    -0.1 0     0.6 0    -0.4 0   242.4 0   271.76 0   271.53 0   296.4 0   270.53 0   270.51 0     0.0 0     0.0 0     0.0 0   -54.0 0   -54.0 0    -1.9 0    97.5 0     0.5 0    94.1 0  1015.1 0
 2019  16  1 16  8  7  8.117 150.94    -1.6 0     0.0 0     0.6 0    -0.4 0   242.3 0   271.76 0   271.56 0   296.6 0   270.53 0   270.51 0     0.0 0     0.0 0     0.0 0   -54.3 0   -54.3 0    -1.9 0    97.4 0     0.5 0    93.1 0  1015.1 0
 2019  16  1 16  8  8  8.133 150.75    -1.6 0     0.0 0     0.5 0    -0.4 0   242.0 0   271.76 0   271.58 0   296.6 0   270.53 0   270.50 0     0.0 0     0.0 0     0.0 0   -54.6 0   -54.6 0    -1.9 0    97.2 0     0.5 0    77.1 0  1015.1 0
 2019  16  1 16  8  9  8.150 150.55    -1.6 0     0.0 0     0.7 0    -0.4 0   242.0 0   271.79 0   271.59 0   296.6 0   270.53 0   270.48 0     0.0 0     0.0 0     0.0 0   -54.6 0   -54.6 0    -2.0 0    97.2 0     0.4 0    72.8 0  1015.0 0
 2019  16  1 16  8 10  8.167 150.36    -1.6 0     0.0 0     0.8 0    -0.4 0   242.2 0   271.81 0   271.60 0   296.5 0   270.52 0   270.48 0     0.0 0     0.0 0     0.0 0   -54.3 0   -54.3 0    -2.0 0    97.3 0     0.6 0    87.2 0  1015.0 0
 2019  16  1 16  8 11  8.183 150.16    -1.6 0     0.0 0     0.5 0    -0.4 0   242.1 0   271.81 0   271.59 0   296.6 0   270.51 0   270.48 0     0.0 0     0.0 0     0.0 0   -54.6 0   -54.6 0    -2.0 0    97.5 0     0.6 0    96.7 0  1015.0 0
 2019  16  1 16  8 12  8.200 149.97    -1.6 0     0.0 0     0.4 0    -0.4 0   242.0 0   271.81 0   271.56 0   296.3 0   270.51 0   270.48 0     0.0 0     0.0 0     0.0 0   -54.3 0   -54.3 0    -2.0 0    97.5 0     0.4 0   102.2 0  1015.0 0
 2019  16  1 16  8 13  8.217 149.77    -1.6 0     0.0 0     0.6 0    -0.4 0   242.1 0   271.79 0   271.55 0   296.2 0   270.51 0   270.48 0     0.0 0     0.0 0     0.0 0   -54.2 0   -54.2 0    -2.0 0    97.5 0     0.4 0   105.8 0  1015.0 0
 2019  16  1 16  8 14  8.233 149.57    -1.6 0     0.0 0     0.8 0    -0.4 0   242.2 0   271.78 0   271.55 0   296.2 0   270.50 0   270.47 0     0.0 0     0.0 0     0.0 0   -54.0 0   -54.0 0    -2.0 0    97.5 0     0.3 0   106.2 0  1015.0 0
 2019  16  1 16  8 15  8.250 149.38    -1.6 0     0.0 0     0.8 0    -0.4 0   242.2 0   271.79 0   271.57 0   296.0 0   270.48 0   270.46 0     0.0 0     0.0 0     0.0 0   -53.7 0   -53.7 0    -1.9 0    97.5 0     0.3 0   101.7 0  1015.0 0
 2019  16  1 16  8 16  8.267 149.18    -1.6 0     0.0 0     0.8 0    -0.4 0   242.1 0   271.79 0   271.56 0   296.0 0   270.48 0   270.45 0     0.0 0     0.0 0     0.0 0   -53.9 0   -53.9 0    -1.9 0    97.4 0     0.2 0    95.6 0  1015.0 0
 2019  16  1 16  8 17  8.283 148.98    -1.6 0     0.0 0     0.8 0    -0.4 0   241.9 0   271.79 0   271.57 0   296.1 0   270.48 0   270.43 0     0.0 0     0.0 0     0.0 0   -54.2 0   -54.2 0    -1.9 0    97.3 0     0.2 0    88.4 0  1015.0 0
 2019  16  1 16  8 18  8.300 148.78    -1.6 0     0.0 0     0.8 0    -0.4 0   241.9 0   271.79 0   271.57 0   295.8 0   270.46 0   270.43 0     0.0 0     0.0 0     0.0 0   -53.9 0   -53.9 0    -2.0 0    97.3 0     0.3 0    83.4 0  1015.0 0
 2019  16  1 16  8 19  8.317 148.59    -1.6 0    -0.1 0     0.8 0    -0.4 0   242.1 0   271.80 0   271.60 0   295.9 0   270.46 0   270.43 0     0.0 0     0.0 0     0.0 0   -53.8 0   -53.8 0    -2.0 0    97.3 0     0.2 0    68.3 0  1015.0 0
 2019  16  1 16  8 20  8.333 148.39    -1.6 0    -0.2 0     0.8 0    -0.4 0   242.0 0   271.81 0   271.61 0   295.8 0   270.44 0   270.41 0     0.0 0     0.0 0     0.0 0   -53.8 0   -53.8 0    -2.0 0    97.3 0     0.1 0    67.6 0  1015.0 0
 2019  16  1 16  8 21  8.350 148.19    -1.6 0    -0.4 0     0.8 0    -0.4 0   242.0 0   271.82 0   271.62 0   295.9 0   270.43 0   270.41 0     0.0 0     0.0 0     0.0 0   -53.9 0   -53.9 0    -2.0 0    97.3 0     0.2 0    68.3 0  1015.0 0
 2019  16  1 16  8 22  8.367 147.99    -1.6 0    -0.4 0     0.8 0    -0.4 0   242.3 0   271.84 0   271.64 0   296.0 0   270.43 0   270.41 0     0.0 0     0.0 0     0.0 0   -53.8 0   -53.8 0    -2.0 0    97.3 0     0.3 0    79.3 0  1015.0 0
 2019  16  1 16  8 23  8.383 147.79    -1.6 0    -0.4 0     0.8 0    -0.4 0   242.3 0   271.86 0   271.65 0   296.2 0   270.43 0   270.40 0     0.0 0     0.0 0     0.0 0   -53.9 0   -53.9 0    -2.0 0    97.4 0     0.3 0    83.3 0  1015.0 0
 2019  16  1 16  8 24  8.400 147.59    -1.6 0    -0.4 0     0.8 0    -0.4 0   242.0 0   271.86 0   271.66 0   295.9 0   270.42 0   270.38 0     0.0 0     0.0 0     0.0 0   -53.9 0   -53.9 0    -2.0 0    97.3 0     0.2 0    83.2 0  1015.0 0
 2019  16  1 16  8 25  8.417 147.39    -1.6 0    -0.4 0     0.8 0    -0.4 0   242.2 0   271.88 0   271.67 0   295.7 0   270.41 0   270.38 0     0.0 0     0.0 0     0.0 0   -53.5 0   -53.5 0    -2.0 0    97.2 0     0.2 0    81.9 0  1015.0 0
 2019  16  1 16  8 26  8.433 147.19    -1.6 0    -0.4 0     0.8 0    -0.4 0   242.1 0   271.89 0   271.69 0   295.9 0   270.40 0   270.36 0     0.0 0     0.0 0     0.0 0   -53.8 0   -53.8 0    -2.1 0    97.2 0     0.3 0    81.8 0  1015.0 0
 2019  16  1 16  8 27  8.450 146.99    -1.6 0    -0.4 0     0.7 0    -0.4 0   242.3 0   271.91 0   271.66 0   296.0 0   270.38 0   270.36 0     0.0 0     0.0 0     0.0 0   -53.7 0   -53.7 0    -2.1 0    97.2 0     0.5 0    95.9 0  1014.9 0
 2019  16  1 16  8 28  8.467 146.79    -1.6 0    -0.4 0     0.5 0    -0.4 0   242.1 0   271.88 0   271.62 0   296.3 0   270.38 0   270.36 0     0.0 0     0.0 0     0.0 0   -54.2 0   -54.2 0    -2.1 0    97.4 0     0.6 0   111.7 0  1014.9 0
 2019  16  1 16  8 29  8.483 146.59    -1.6 0    -0.4 0     0.2 0    -0.4 0   242.0 0   271.87 0   271.59 0   296.3 0   270.38 0   270.36 0     0.0 0     0.0 0     0.0 0   -54.3 0   -54.3 0    -2.1 0    97.4 0     0.6 0   125.3 0  1014.9 0
 2019  16  1 16  8 30  8.500 146.39    -1.6 0    -0.4 0     0.2 0    -0.4 0   242.1 0   271.84 0   271.56 0   296.4 0   270.38 0   270.36 0     0.0 0     0.0 0     0.0 0   -54.2 0   -54.2 0    -2.0 0    97.5 0     0.7 0   133.6 0  1014.9 0
 2019  16  1 16  8 31  8.517 146.19    -1.6 0    -0.4 0     0.3 0    -0.4 0   242.4 0   271.81 0   271.55 0   296.6 0   270.38 0   270.36 0     0.0 0     0.0 0     0.0 0   -54.2 0   -54.2 0    -2.0 0    97.5 0     0.8 0   133.7 0  1014.9 0
 2019  16  1 16  8 32  8.533 145.99    -1.6 0    -0.4 0     0.4 0    -0.4 0   242.5 0   271.79 0   271.54 0   296.8 0   270.38 0   270.36 0     0.0 0     0.0 0     0.0 0   -54.3 0   -54.3 0    -1.9 0    97.5 0     0.8 0   133.7 0  1014.9 0
 2019  16  1 16  8 33  8.550 145.79    -2.0 0    -0.4 0     0.5 0    -0.4 0   242.5 0   271.77 0   271.54 0   296.7 0   270.38 0   270.36 0     0.0 0     0.0 0     0.0 0   -54.3 0   -54.3 0    -1.9 0    97.4 0     0.6 0   133.6 0  1014.9 0
 2019  16  1 16  8 34  8.567 145.59    -2.0 0    -0.4 0     0.5 0    -0.4 0   242.5 0   271.76 0   271.53 0   296.4 0   270.38 0   270.36 0     0.0 0     0.0 0     0.0 0   -53.9 0   -53.9 0    -1.9 0    97.5 0     0.6 0   133.4 0  1014.9 0
 2019  16  1 16  8 35  8.583 145.39    -2.0 0    -0.4 0     0.4 0    -0.4 0   242.6 0   271.75 0   271.51 0   296.1 0   270.39 0   270.38 0     0.0 0     0.0 0     0.0 0   -53.5 0   -53.5 0    -1.8 0    97.5 0     0.6 0   132.6 0  1014.9 0
 2019  16  1 16  8 36  8.600 145.19    -1.9 0    -0.4 0     0.4 0    -0.4 0   242.4 0   271.73 0   271.51 0   296.3 0   270.40 0   270.38 0     0.0 0     0.0 0     0.0 0   -53.8 0   -53.8 0    -1.8 0    97.5 0     0.4 0   130.6 0  1014.9 0
 2019  16  1 16  8 37  8.617 144.98    -1.6 0    -0.4 0     0.5 0    -0.4 0   242.5 0   271.73 0   271.51 0   296.2 0   270.40 0   270.38 0     0.0 0     0.0 0     0.0 0   -53.7 0   -53.7 0    -1.8 0    97.5 0     0.3 0   123.4 0  1014.9 0
 2019  16  1 16  8 38  8.633 144.78    -1.6 0    -0.4 0     0.4 0    -0.4 0   242.1 0   271.71 0   271.50 0   296.1 0   270.40 0   270.38 0     0.0 0     0.0 0     0.0 0   -54.1 0   -54.1 0    -1.8 0    97.4 0     0.0 0   121.6 0  1014.9 0
 2019  16  1 16  8 39  8.650 144.58    -1.6 0    -0.1 0     0.5 0    -0.4 0   242.1 0   271.71 0   271.49 0   296.0 0   270.40 0   270.36 0     0.0 0     0.0 0     0.0 0   -53.9 0   -53.9 0    -1.8 0    97.4 0     0.0 0     0.0 0  1014.9 0
 2019  16  1 16  8 40  8.667 144.38    -1.6 0     0.0 0     0.8 0    -0.4 0   242.1 0   271.71 0   271.51 0   295.9 0   270.38 0   270.35 0     0.0 0     0.0 0     0.0 0   -53.8 0   -53.8 0    -1.8 0    97.3 0     0.0 0    96.9 0  1014.9 0
 2019  16  1 16  8 41  8.683 144.18    -1.6 0     0.0 0     0.8 0    -0.7 0   241.7 0   271.71 0   271.49 0   296.0 0   270.38 0   270.35 0     0.0 0     0.0 0     0.0 0   -54.3 0   -54.3 0    -1.8 0    97.2 0     0.1 0    96.9 0  1014.9 0
 2019  16  1 16  8 42  8.700 143.97    -1.6 0     0.0 0     0.8 0    -0.8 0   241.9 0   271.71 0   271.49 0   296.1 0   270.38 0   270.35 0     0.0 0     0.0 0     0.0 0   -54.3 0   -54.3 0    -1.9 0    97.0 0     0.1 0    44.6 0  1014.9 0
 2019  16  1 16  8 43  8.717 143.77    -1.6 0    -0.1 0     0.8 0    -0.8 0   242.1 0   271.71 0   271.48 0   296.0 0   270.35 0   270.33 0     0.0 0     0.0 0     0.0 0   -53.9 0   -53.9 0    -2.0 0    97.3 0     0.4 0    51.9 0  1014.9 0
 2019  16  1 16  8 44  8.733 143.57    -1.5 0    -0.1 0     0.8 0    -0.8 0   241.7 0   271.70 0   271.46 0   296.0 0   270.35 0   270.33 0     0.0 0     0.0 0     0.0 0   -54.3 0   -54.3 0    -2.0 0    97.1 0     0.4 0    27.0 0  1014.9 0
 2019  16  1 16  8 45  8.750 143.37    -1.3 0    -0.2 0     0.8 0    -0.8 0   241.9 0   271.68 0   271.45 0   296.2 0   270.35 0   270.33 0     0.0 0     0.0 0     0.0 0   -54.3 0   -54.3 0    -2.1 0    97.1 0     0.5 0    32.2 0  1014.9 0
 2019  16  1 16  8 46  8.767 143.16    -1.3 0    -0.3 0     0.8 0    -0.8 0   241.9 0   271.67 0   271.43 0   296.3 0   270.35 0   270.33 0     0.0 0     0.0 0     0.0 0   -54.4 0   -54.4 0    -2.1 0    97.2 0     0.4 0    32.5 0  1014.9 0
 2019  16  1 16  8 47  8.783 142.96    -1.3 0    -0.2 0     0.8 0    -0.8 0   242.0 0   271.66 0   271.41 0   296.2 0   270.35 0   270.33 0     0.0 0     0.0 0     0.0 0   -54.2 0   -54.2 0    -2.2 0    97.2 0     0.5 0    30.4 0  1014.8 0
 2019  16  1 16  8 48  8.800 142.76    -1.3 0    -0.1 0     0.8 0    -0.8 0   241.9 0   271.65 0   271.41 0   296.3 0   270.35 0   270.33 0     0.0 0     0.0 0     0.0 0   -54.4 0   -54.4 0    -2.2 0    97.2 0     0.6 0    34.9 0  1014.8 0
 2019  16  1 16  8 49  8.817 142.55    -1.4 0    -0.1 0     0.8 0    -0.8 0   241.7 0   271.63 0   271.41 0   296.2 0   270.34 0   270.32 0     0.0 0     0.0 0     0.0 0   -54.5 0   -54.5 0    -2.2 0    97.2 0     0.6 0    47.9 0  1014.8 0
 2019  16  1 16  8 50  8.833 142.35    -1.4 0     0.0 0     0.8 0    -0.8 0   241.8 0   271.63 0   271.40 0   296.1 0   270.33 0   270.31 0     0.0 0     0.0 0     0.0 0   -54.3 0   -54.3 0    -2.3 0    97.3 0     0.6 0    53.0 0  1014.8 0
 2019  16  1 16  8 51  8.850 142.15    -1.4 0    -0.3 0     0.8 0    -0.8 0   242.0 0   271.63 0   271.38 0   296.1 0   270.33 0   270.30 0     0.0 0     0.0 0     0.0 0   -54.1 0   -54.1 0    -2.3 0    97.4 0     0.4 0    64.5 0  1014.8 0
 2019  16  1 16  8 52  8.867 141.94    -1.6 0    -0.4 0     0.8 0    -0.7 0   241.8 0   271.61 0   271.36 0   296.0 0   270.33 0   270.30 0     0.0 0     0.0 0     0.0 0   -54.2 0   -54.2 0    -2.2 0    97.5 0     0.3 0    70.2 0  1014.8 0
 2019  16  1 16  8 53  8.883 141.74    -1.6 0    -0.4 0     0.8 0    -0.4 0   242.3 0   271.61 0   271.36 0   296.0 0   270.33 0   270.28 0     0.0 0     0.0 0     0.0 0   -53.6 0   -53.6 0    -2.2 0    97.4 0     0.4 0    70.2 0  1014.8 0
 2019  16  1 16  8 54  8.900 141.54    -1.6 0    -0.4 0     0.4 0    -0.4 0   242.1 0   271.60 0   271.37 0   295.8 0   270.32 0   270.28 0     0.0 0     0.0 0     0.0 0   -53.7 0   -53.7 0    -2.2 0    97.3 0     0.4 0    64.2 0  1014.8 0
 2019  16  1 16  8 55  8.917 141.33    -1.6 0    -0.4 0     0.3 0    -0.4 0   241.8 0   271.59 0   271.36 0   295.7 0   270.31 0   270.28 0     0.0 0     0.0 0     0.0 0   -54.0 0   -54.0 0    -2.3 0    97.3 0     0.0 0    51.4 0  1014.9 0
 2019  16  1 16  8 56  8.933 141.13    -1.6 0    -0.3 0     0.4 0    -0.4 0   241.9 0   271.59 0   271.37 0   295.5 0   270.30 0   270.28 0     0.0 0     0.0 0     0.0 0   -53.6 0   -53.6 0    -2.3 0    97.2 0     0.0 0    51.3 0  1014.9 0
 2019  16  1 16  8 57  8.950 140.92    -1.6 0    -0.2 0     0.8 0    -0.4 0   241.9 0   271.58 0   271.36 0   295.4 0   270.29 0   270.26 0     0.0 0     0.0 0     0.0 0   -53.6 0   -53.6 0    -2.3 0    97.3 0     0.1 0    51.3 0  1014.9 0
 2019  16  1 16  8 58  8.967 140.72    -1.6 0    -0.2 0     0.8 0    -0.4 0   242.0 0   271.58 0   271.34 0   295.3 0   270.28 0   270.25 0     0.0 0     0.0 0     0.0 0   -53.3 0   -53.3 0    -2.3 0    97.3 0     0.0 0     0.0 0  1014.9 0
 2019  16  1 16  8 59  8.983 140.51    -1.6 0    -0.3 0     0.8 0    -0.4 0   242.0 0   271.56 0   271.33 0   295.6 0   270.28 0   270.23 0     0.0 0     0.0 0     0.0 0   -53.6 0   -53.6 0    -2.3 0    97.3 0     0.0 0     0.0 0  1014.9 0
 2019  16  1 16  9  0  9.000 140.31    -1.6 0    -0.3 0     0.8 0    -0.4 0   242.2 0   271.56 0   271.31 0   295.3 0   270.26 0   270.23 0     0.0 0     0.0 0     0.0 0   -53.1 0   -53.1 0    -2.3 0    97.3 0     0.0 0     0.0 0  1014.9 0
 2019  16  1 16  9  1  9.017 140.10    -1.6 0    -0.4 0     0.8 0    -0.4 0   242.2 0   271.54 0   271.31 0   295.2 0   270.24 0   270.22 0     0.0 0     0.0 0     0.0 0   -53.0 0   -53.0 0    -2.3 0    97.3 0     0.0 0     0.0 0  1014.9 0
 2019  16  1 16  9  2  9.033 139.90    -1.6 0    -0.4 0     0.8 0    -0.4 0   242.3 0   271.53 0   271.31 0   295.4 0   270.23 0   270.20 0     0.0 0     0.0 0     0.0 0   -53.1 0   -53.1 0    -2.3 0    97.3 0     0.0 0     0.0 0  1014.9 0
 2019  16  1 16  9  3  9.050 139.70    -1.6 0    -0.4 0     0.8 0    -0.4 0   242.2 0   271.51 0   271.29 0   295.4 0   270.21 0   270.18 0     0.0 0     0.0 0     0.0 0   -53.2 0   -53.2 0    -2.3 0    97.3 0     0.0 0     0.0 0  1014.9 0
 2019  16  1 16  9  4  9.067 139.49    -1.6 0    -0.4 0     0.8 0    -0.4 0   242.3 0   271.51 0   271.29 0   295.2 0   270.19 0   270.17 0     0.0 0     0.0 0     0.0 0   -52.9 0   -52.9 0    -2.3 0    97.3 0     0.0 0     0.0 0  1014.9 0
 2019  16  1 16  9  5  9.083 139.29    -1.6 0    -0.4 0     0.8 0    -0.4 0   242.5 0   271.51 0   271.29 0   295.4 0   270.18 0   270.16 0     0.0 0     0.0 0     0.0 0   -52.9 0   -52.9 0    -2.3 0    97.4 0     0.0 0     0.0 0  1014.9 0
 2019  16  1 16  9  6  9.100 139.08    -1.6 0    -0.4 0     0.8 0    -0.4 0   242.4 0   271.49 0   271.28 0   295.5 0   270.18 0   270.16 0     0.0 0     0.0 0     0.0 0   -53.1 0   -53.1 0    -2.2 0    97.4 0     0.4 0   128.9 0  1014.9 0
 2019  16  1 16  9  7  9.117 138.88    -1.6 0    -0.4 0     0.8 0    -0.4 0   242.4 0   271.49 0   271.27 0   295.5 0   270.16 0   270.15 0     0.0 0     0.0 0     0.0 0   -53.1 0   -53.1 0    -2.2 0    97.4 0     0.5 0   128.4 0  1014.9 0
 2019  16  1 16  9  8  9.133 138.67    -1.6 0    -0.4 0     0.8 0    -0.4 0   242.4 0   271.49 0   271.27 0   295.7 0   270.16 0   270.13 0     0.0 0     0.0 0     0.0 0   -53.3 0   -53.3 0    -2.2 0    97.3 0     0.4 0   120.5 0  1014.9 0
 2019  16  1 16  9  9  9.150 138.47    -1.6 0    -0.4 0     0.8 0    -0.4 0   242.3 0   271.46 0   271.25 0   295.7 0   270.16 0   270.13 0     0.0 0     0.0 0     0.0 0   -53.4 0   -53.4 0    -2.2 0    97.4 0     0.4 0   118.7 0  1014.9 0
 2019  16  1 16  9 10  9.167 138.26    -1.6 0    -0.4 0     0.8 0    -0.4 0   242.3 0   271.46 0   271.25 0   295.7 0   270.16 0   270.13 0     0.0 0     0.0 0     0.0 0   -53.4 0   -53.4 0    -2.1 0    97.4 0     0.4 0   115.8 0  1014.9 0
 2019  16  1 16  9 11  9.183 138.05    -1.6 0    -0.4 0     0.8 0    -0.4 0   242.4 0   271.46 0   271.27 0   295.6 0   270.15 0   270.12 0     0.0 0     0.0 0     0.0 0   -53.2 0   -53.2 0    -2.1 0    97.3 0     0.3 0    90.5 0  1014.9 0
 2019  16  1 16  9 12  9.200 137.85    -1.6 0    -0.3 0     0.8 0    -0.4 0   242.4 0   271.48 0   271.30 0   295.3 0   270.13 0   270.11 0     0.0 0     0.0 0     0.0 0   -52.9 0   -52.9 0    -2.1 0    97.2 0     0.4 0    82.4 0  1014.9 0
 2019  16  1 16  9 13  9.217 137.64    -1.6 0     0.0 0     0.8 0    -0.4 0   242.4 0   271.50 0   271.31 0   295.3 0   270.13 0   270.11 0     0.0 0     0.0 0     0.0 0   -52.9 0   -52.9 0    -2.2 0    97.0 0     0.5 0    72.2 0  1014.9 0
 2019  16  1 16  9 14  9.233 137.44    -1.6 0    -0.1 0     0.8 0    -0.5 0   242.5 0   271.51 0   271.31 0   295.5 0   270.13 0   270.11 0     0.0 0     0.0 0     0.0 0   -53.0 0   -53.0 0    -2.3 0    97.1 0     0.4 0    72.6 0  1014.9 0
 2019  16  1 16  9 15  9.250 137.23    -1.6 0    -0.4 0     0.8 0    -0.6 0   242.6 0   271.52 0   271.33 0   295.7 0   270.13 0   270.11 0     0.0 0     0.0 0     0.0 0   -53.0 0   -53.0 0    -2.3 0    97.4 0     0.5 0    84.2 0  1014.9 0
 2019  16  1 16  9 16  9.267 137.03    -1.6 0    -0.4 0     0.8 0    -0.5 0   242.7 0   271.54 0   271.35 0   295.6 0   270.13 0   270.11 0     0.0 0     0.0 0     0.0 0   -52.9 0   -52.9 0    -2.2 0    97.6 0     0.4 0    86.3 0  1014.8 0
 2019  16  1 16  9 17  9.283 136.82    -1.6 0    -0.4 0     0.8 0    -0.6 0   242.7 0   271.56 0   271.36 0   295.5 0   270.13 0   270.12 0     0.0 0     0.0 0     0.0 0   -52.9 0   -52.9 0    -2.1 0    97.5 0     0.4 0    83.3 0  1014.8 0
 2019  16  1 16  9 18  9.300 136.62    -1.4 0    -0.4 0     0.8 0    -0.7 0   242.5 0   271.56 0   271.35 0   295.5 0   270.13 0   270.12 0     0.0 0     0.0 0     0.0 0   -53.1 0   -53.1 0    -2.1 0    97.3 0     0.5 0    79.7 0  1014.8 0
 2019  16  1 16  9 19  9.317 136.41    -1.3 0    -0.2 0     0.8 0    -0.7 0   242.2 0   271.56 0   271.34 0   295.9 0   270.15 0   270.11 0     0.0 0     0.0 0     0.0 0   -53.7 0   -53.7 0    -2.1 0    97.1 0     0.5 0    63.5 0  1014.8 0
 2019  16  1 16  9 20  9.333 136.20    -1.2 0     0.0 0     0.8 0    -0.8 0   242.1 0   271.56 0   271.33 0   295.8 0   270.15 0   270.12 0     0.0 0     0.0 0     0.0 0   -53.6 0   -53.6 0    -2.2 0    97.1 0     0.5 0    50.5 0  1014.7 0
 2019  16  1 16  9 21  9.350 136.00    -1.2 0    -0.2 0     0.8 0    -0.8 0   242.3 0   271.56 0   271.31 0   295.8 0   270.15 0   270.12 0     0.0 0     0.0 0     0.0 0   -53.5 0   -53.5 0    -2.2 0    97.2 0     0.6 0    49.7 0  1014.7 0
 2019  16  1 16  9 22  9.367 135.79    -1.2 0    -0.4 0     0.8 0    -0.8 0   242.5 0   271.56 0   271.31 0   295.8 0   270.16 0   270.13 0     0.0 0     0.0 0     0.0 0   -53.3 0   -53.3 0    -2.3 0    97.3 0     0.5 0    49.6 0  1014.7 0
 2019  16  1 16  9 23  9.383 135.59    -1.2 0    -0.4 0     0.8 0    -0.6 0   242.6 0   271.55 0   271.31 0   295.7 0   270.16 0   270.13 0     0.0 0     0.0 0     0.0 0   -53.1 0   -53.1 0    -2.3 0    97.3 0     0.5 0    52.5 0  1014.7 0
 2019  16  1 16  9 24  9.400 135.38    -1.4 0    -0.4 0     0.8 0    -0.4 0   242.7 0   271.55 0   271.34 0   295.6 0   270.16 0   270.13 0     0.0 0     0.0 0     0.0 0   -52.9 0   -52.9 0    -2.3 0    97.2 0     0.6 0    58.4 0  1014.7 0
 2019  16  1 16  9 25  9.417 135.17    -1.5 0    -0.4 0     0.8 0    -0.4 0   242.5 0   271.56 0   271.36 0   295.5 0   270.16 0   270.12 0     0.0 0     0.0 0     0.0 0   -53.0 0   -53.0 0    -2.4 0    97.2 0     0.4 0    61.0 0  1014.7 0
 2019  16  1 16  9 26  9.433 134.97    -1.6 0    -0.4 0     0.8 0    -0.4 0   242.3 0   271.56 0   271.36 0   295.5 0   270.16 0   270.11 0     0.0 0     0.0 0     0.0 0   -53.1 0   -53.1 0    -2.4 0    97.3 0     0.2 0    61.1 0  1014.7 0
 2019  16  1 16  9 27  9.450 134.76    -1.6 0    -0.4 0     0.8 0    -0.4 0   242.3 0   271.56 0   271.36 0   295.4 0   270.15 0   270.11 0     0.0 0     0.0 0     0.0 0   -53.1 0   -53.1 0    -2.4 0    97.3 0     0.3 0    71.0 0  1014.7 0
 2019  16  1 16  9 28  9.467 134.55    -1.6 0    -0.4 0     0.8 0    -0.4 0   242.5 0   271.56 0   271.35 0   295.1 0   270.13 0   270.11 0     0.0 0     0.0 0     0.0 0   -52.6 0   -52.6 0    -2.4 0    97.3 0     0.2 0    72.9 0  1014.7 0
 2019  16  1 16  9 29  9.483 134.35    -1.6 0    -0.4 0     0.8 0    -0.4 0   242.4 0   271.56 0   271.36 0   295.1 0   270.13 0   270.11 0     0.0 0     0.0 0     0.0 0   -52.7 0   -52.7 0    -2.3 0    97.3 0     0.2 0    73.1 0  1014.7 0
 2019  16  1 16  9 30  9.500 134.14    -1.6 0    -0.1 0     0.8 0    -0.4 0   242.4 0   271.56 0   271.33 0   295.3 0   270.13 0   270.09 0     0.0 0     0.0 0     0.0 0   -52.9 0   -52.9 0    -2.3 0    97.3 0     0.0 0     0.0 0  1014.7 0
 2019  16  1 16  9 31  9.517 133.94    -1.6 0     0.0 0     0.8 0    -0.4 0   242.3 0   271.56 0   271.30 0   295.2 0   270.12 0   270.08 0     0.0 0     0.0 0     0.0 0   -52.8 0   -52.8 0    -2.3 0    97.2 0     0.0 0     0.0 0  1014.7 0
 2019  16  1 16  9 32  9.533 133.73    -1.6 0     0.0 0     0.8 0    -0.4 0   242.6 0   271.54 0   271.31 0   295.1 0   270.11 0   270.08 0     0.0 0     0.0 0     0.0 0   -52.5 0   -52.5 0    -2.3 0    97.2 0     0.0 0     0.0 0  1014.7 0
 2019  16  1 16  9 33  9.550 133.52    -1.6 0     0.0 0     0.8 0    -0.4 0   242.6 0   271.54 0   271.31 0   295.3 0   270.11 0   270.08 0     0.0 0     0.0 0     0.0 0   -52.8 0   -52.8 0    -2.3 0    97.5 0     0.4 0    89.4 0  1014.7 0
 2019  16  1 16  9 34  9.567 133.32    -1.6 0    -0.2 0     0.8 0    -0.4 0   242.5 0   271.52 0   271.30 0   295.0 0   270.09 0   270.08 0     0.0 0     0.0 0     0.0 0   -52.5 0   -52.5 0    -2.2 0    97.5 0     0.4 0    96.0 0  1014.7 0
 2019  16  1 16  9 35  9.583 133.11    -1.7 0    -0.3 0     0.8 0    -0.4 0   242.7 0   271.51 0   271.29 0   295.0 0   270.08 0   270.08 0     0.0 0     0.0 0     0.0 0   -52.3 0   -52.3 0    -2.2 0    97.5 0     0.6 0   105.7 0  1014.7 0
 2019  16  1 16  9 36  9.600 132.90    -1.7 0    -0.4 0     0.8 0    -0.4 0   242.8 0   271.51 0   271.29 0   295.2 0   270.08 0   270.08 0     0.0 0     0.0 0     0.0 0   -52.3 0   -52.3 0    -2.1 0    97.5 0     0.6 0   100.3 0  1014.7 0
 2019  16  1 16  9 37  9.617 132.70    -1.6 0    -0.2 0     0.8 0    -0.4 0   242.5 0   271.51 0   271.31 0   295.1 0   270.08 0   270.07 0     0.0 0     0.0 0     0.0 0   -52.7 0   -52.7 0    -2.1 0    97.3 0     0.4 0    88.5 0  1014.7 0
 2019  16  1 16  9 38  9.633 132.49    -1.6 0     0.0 0     0.8 0    -0.4 0   242.4 0   271.51 0   271.30 0   295.1 0   270.08 0   270.06 0     0.0 0     0.0 0     0.0 0   -52.8 0   -52.8 0    -2.1 0    97.0 0     0.4 0    70.2 0  1014.7 0
 2019  16  1 16  9 39  9.650 132.28    -1.6 0     0.0 0     0.8 0    -0.4 0   242.3 0   271.51 0   271.30 0   295.1 0   270.08 0   270.06 0     0.0 0     0.0 0     0.0 0   -52.8 0   -52.8 0    -2.2 0    97.1 0     0.3 0    68.8 0  1014.7 0
 2019  16  1 16  9 40  9.667 132.08    -1.6 0     0.0 0     0.8 0    -0.4 0   242.6 0   271.51 0   271.29 0   295.3 0   270.08 0   270.06 0     0.0 0     0.0 0     0.0 0   -52.7 0   -52.7 0    -2.2 0    97.4 0     0.0 0     0.0 0  1014.7 0
 2019  16  1 16  9 41  9.683 131.87    -1.6 0     0.0 0     0.8 0    -0.4 0   242.8 0   271.51 0   271.29 0   295.4 0   270.08 0   270.06 0     0.0 0     0.0 0     0.0 0   -52.6 0   -52.6 0    -2.1 0    97.6 0     0.0 0     0.0 0  1014.7 0
 2019  16  1 16  9 42  9.700 131.66    -1.6 0     0.0 0     0.8 0    -0.4 0   242.7 0   271.51 0   271.29 0   295.2 0   270.08 0   270.06 0     0.0 0     0.0 0     0.0 0   -52.5 0   -52.5 0    -2.0 0    97.6 0     0.0 0     0.0 0  1014.7 0
 2019  16  1 16  9 43  9.717 131.46    -1.5 0     0.0 0     0.8 0    -0.4 0   242.5 0   271.50 0   271.29 0   295.1 0   270.08 0   270.04 0     0.0 0     0.0 0     0.0 0   -52.7 0   -52.7 0    -2.0 0    97.3 0     0.0 0     0.0 0  1014.7 0
 2019  16  1 16  9 44  9.733 131.25    -1.3 0     0.0 0     0.8 0    -0.4 0   242.5 0   271.50 0   271.28 0   294.9 0   270.06 0   270.03 0     0.0 0     0.0 0     0.0 0   -52.3 0   -52.3 0    -2.0 0    97.2 0     0.0 0     0.0 0  1014.7 0
 2019  16  1 16  9 45  9.750 131.04    -1.5 0     0.0 0     0.8 0    -0.4 0   242.4 0   271.49 0   271.28 0   294.9 0   270.06 0   270.03 0     0.0 0     0.0 0     0.0 0   -52.4 0   -52.4 0    -2.1 0    97.2 0     0.0 0     0.0 0  1014.7 0
 2019  16  1 16  9 46  9.767 130.84    -1.5 0     0.0 0     0.8 0    -0.4 0   242.4 0   271.49 0   271.27 0   295.1 0   270.06 0   270.03 0     0.0 0     0.0 0     0.0 0   -52.7 0   -52.7 0    -2.1 0    97.1 0     0.4 0    73.9 0  1014.6 0
 2019  16  1 16  9 47  9.783 130.63    -1.5 0    -0.3 0     0.8 0    -0.4 0   242.4 0   271.49 0   271.29 0   295.2 0   270.06 0   270.03 0     0.0 0     0.0 0     0.0 0   -52.8 0   -52.8 0    -2.2 0    97.1 0     0.5 0    84.7 0  1014.6 0
 2019  16  1 16  9 48  9.800 130.43    -1.5 0    -0.3 0     0.8 0    -0.6 0   242.5 0   271.50 0   271.26 0   295.4 0   270.06 0   270.03 0     0.0 0     0.0 0     0.0 0   -52.8 0   -52.8 0    -2.2 0    97.2 0     0.7 0    95.5 0  1014.5 0
 2019  16  1 16  9 49  9.817 130.22    -1.5 0    -0.1 0     0.8 0    -0.6 0   242.5 0   271.49 0   271.23 0   295.6 0   270.06 0   270.03 0     0.0 0     0.0 0     0.0 0   -53.1 0   -53.1 0    -2.2 0    97.4 0     0.6 0   104.0 0  1014.5 0
 2019  16  1 16  9 50  9.833 130.01    -1.6 0     0.0 0     0.8 0    -0.4 0   242.6 0   271.47 0   271.21 0   295.4 0   270.06 0   270.03 0     0.0 0     0.0 0     0.0 0   -52.8 0   -52.8 0    -2.2 0    97.3 0     0.5 0   115.0 0  1014.5 0
 2019  16  1 16  9 51  9.850 129.80    -1.6 0     0.0 0     0.7 0    -0.4 0   242.8 0   271.45 0   271.19 0   295.3 0   270.06 0   270.05 0     0.0 0     0.0 0     0.0 0   -52.5 0   -52.5 0    -2.1 0    97.6 0     0.5 0   130.1 0  1014.5 0
 2019  16  1 16  9 52  9.867 129.60    -1.6 0    -0.4 0     0.7 0    -0.4 0   242.8 0   271.42 0   271.17 0   295.6 0   270.08 0   270.03 0     0.0 0     0.0 0     0.0 0   -52.8 0   -52.8 0    -2.0 0    97.6 0     0.4 0   140.1 0  1014.6 0
 2019  16  1 16  9 53  9.883 129.39    -1.6 0    -0.4 0     0.8 0    -0.4 0   242.9 0   271.41 0   271.17 0   295.4 0   270.08 0   270.06 0     0.0 0     0.0 0     0.0 0   -52.5 0   -52.5 0    -2.0 0    97.6 0     0.4 0   142.2 0  1014.5 0
 2019  16  1 16  9 54  9.900 129.19    -1.6 0    -0.4 0     0.7 0    -0.4 0   242.7 0   271.39 0   271.16 0   295.2 0   270.08 0   270.06 0     0.0 0     0.0 0     0.0 0   -52.5 0   -52.5 0    -1.9 0    97.5 0     0.4 0   142.2 0  1014.5 0
 2019  16  1 16  9 55  9.917 128.98    -1.6 0    -0.1 0     0.6 0    -0.4 0   242.8 0   271.37 0   271.14 0   295.2 0   270.08 0   270.06 0     0.0 0     0.0 0     0.0 0   -52.5 0   -52.5 0    -1.9 0    97.3 0     0.4 0   142.3 0  1014.5 0
 2019  16  1 16  9 56  9.933 128.77    -1.6 0     0.0 0     0.8 0    -0.4 0   242.8 0   271.36 0   271.15 0   295.2 0   270.08 0   270.06 0     0.0 0     0.0 0     0.0 0   -52.4 0   -52.4 0    -1.9 0    97.3 0     0.5 0   139.8 0  1014.5 0
 2019  16  1 16  9 57  9.950 128.56    -1.6 0     0.0 0     0.7 0    -0.4 0   242.7 0   271.36 0   271.16 0   295.0 0   270.08 0   270.06 0     0.0 0     0.0 0     0.0 0   -52.4 0   -52.4 0    -1.9 0    97.3 0     0.4 0   139.2 0  1014.5 0
 2019  16  1 16  9 58  9.967 128.36    -1.6 0     0.0 0     0.8 0    -0.4 0   242.9 0   271.36 0   271.17 0   295.1 0   270.08 0   270.07 0     0.0 0     0.0 0     0.0 0   -52.2 0   -52.2 0    -1.9 0    97.3 0     0.4 0   142.4 0  1014.5 0
 2019  16  1 16  9 59  9.983 128.15    -1.6 0     0.0 0     0.7 0    -0.4 0   242.9 0   271.36 0   271.17 0   295.1 0   270.08 0   270.08 0     0.0 0     0.0 0     0.0 0   -52.2 0   -52.2 0    -2.0 0    97.3 0     0.5 0   131.5 0  1014.4 0
 2019  16  1 16 10  0 10.000 127.95    -1.8 0     0.0 0     0.3 0    -0.4 0   242.8 0   271.36 0   271.16 0   295.2 0   270.09 0   270.08 0     0.0 0     0.0 0     0.0 0   -52.5 0   -52.5 0    -2.0 0    97.3 0     0.4 0   119.4 0  1014.4 0
 2019  16  1 16 10  1 10.017 127.74    -2.0 0     0.0 0     0.1 0    -0.4 0   242.8 0   271.36 0   271.16 0   295.4 0   270.11 0   270.07 0     0.0 0     0.0 0     0.0 0   -52.5 0   -52.5 0    -2.0 0    97.4 0     0.2 0   105.0 0  1014.4 0
 2019  16  1 16 10  2 10.033 127.53    -1.9 0     0.0 0     0.0 0    -0.4 0   243.0 0   271.36 0   271.17 0   295.5 0   270.11 0   270.06 0     0.0 0     0.0 0     0.0 0   -52.5 0   -52.5 0    -2.0 0    97.4 0     0.4 0    97.5 0  1014.4 0
 2019  16  1 16 10  3 10.050 127.33    -1.8 0     0.0 0     0.1 0    -0.4 0   242.9 0   271.36 0   271.17 0   295.4 0   270.11 0   270.07 0     0.0 0     0.0 0     0.0 0   -52.5 0   -52.5 0    -2.0 0    97.3 0     0.5 0    90.8 0  1014.4 0
 2019  16  1 16 10  4 10.067 127.12    -1.6 0     0.0 0     0.2 0    -0.4 0   242.7 0   271.36 0   271.17 0   295.2 0   270.11 0   270.08 0     0.0 0     0.0 0     0.0 0   -52.5 0   -52.5 0    -2.0 0    97.4 0     0.2 0    90.3 0  1014.4 0
 2019  16  1 16 10  5 10.083 126.91    -1.6 0     0.0 0     0.1 0    -0.4 0   242.7 0   271.37 0   271.17 0   295.1 0   270.11 0   270.08 0     0.0 0     0.0 0     0.0 0   -52.4 0   -52.4 0    -2.0 0    97.3 0     0.3 0    90.5 0  1014.4 0
 2019  16  1 16 10  6 10.100 126.71    -1.6 0     0.0 0     0.0 0    -0.6 0   242.9 0   271.38 0   271.17 0   295.1 0   270.11 0   270.08 0     0.0 0     0.0 0     0.0 0   -52.2 0   -52.2 0    -2.0 0    97.3 0     0.3 0    91.2 0  1014.4 0
 2019  16  1 16 10  7 10.117 126.50    -1.6 0     0.0 0     0.0 0    -0.7 0   242.8 0   271.39 0   271.17 0   295.2 0   270.11 0   270.08 0     0.0 0     0.0 0     0.0 0   -52.3 0   -52.3 0    -2.0 0    97.3 0     0.3 0    91.0 0  1014.4 0
 2019  16  1 16 10  8 10.133 126.29    -1.5 0     0.0 0     0.4 0    -0.7 0   242.7 0   271.39 0   271.17 0   295.1 0   270.11 0   270.08 0     0.0 0     0.0 0     0.0 0   -52.4 0   -52.4 0    -2.0 0    97.2 0     0.0 0    90.7 0  1014.5 0
 2019  16  1 16 10  9 10.150 126.09    -1.4 0     0.0 0     0.6 0    -0.8 0   242.6 0   271.37 0   271.15 0   295.3 0   270.11 0   270.08 0     0.0 0     0.0 0     0.0 0   -52.7 0   -52.7 0    -2.1 0    97.2 0     0.2 0    55.5 0  1014.4 0
 2019  16  1 16 10 10 10.167 125.88    -1.3 0     0.0 0     0.8 0    -0.8 0   242.6 0   271.36 0   271.13 0   295.5 0   270.11 0   270.08 0     0.0 0     0.0 0     0.0 0   -52.9 0   -52.9 0    -2.1 0    97.4 0     0.3 0    52.8 0  1014.4 0
 2019  16  1 16 10 11 10.183 125.67    -1.3 0    -0.3 0     0.8 0    -0.8 0   242.8 0   271.36 0   271.14 0   295.4 0   270.11 0   270.08 0     0.0 0     0.0 0     0.0 0   -52.6 0   -52.6 0    -2.1 0    97.4 0     0.3 0    41.8 0  1014.4 0
 2019  16  1 16 10 12 10.200 125.47    -1.5 0    -0.4 0     0.8 0    -0.7 0   243.1 0   271.36 0   271.14 0   295.8 0   270.11 0   270.08 0     0.0 0     0.0 0     0.0 0   -52.6 0   -52.6 0    -2.0 0    97.4 0     0.6 0    47.5 0  1014.4 0
 2019  16  1 16 10 13 10.217 125.26    -1.5 0    -0.4 0     0.8 0    -0.7 0   243.1 0   271.36 0   271.14 0   296.0 0   270.12 0   270.08 0     0.0 0     0.0 0     0.0 0   -52.9 0   -52.9 0    -2.0 0    97.3 0     0.5 0    49.9 0  1014.4 0
 2019  16  1 16 10 14 10.233 125.05    -1.5 0    -0.4 0     0.8 0    -0.5 0   242.9 0   271.36 0   271.14 0   295.6 0   270.13 0   270.08 0     0.0 0     0.0 0     0.0 0   -52.7 0   -52.7 0    -2.1 0    97.1 0     0.2 0    54.7 0  1014.4 0
 2019  16  1 16 10 15 10.250 124.85    -1.5 0    -0.4 0     0.8 0    -0.4 0   243.1 0   271.36 0   271.14 0   295.3 0   270.12 0   270.08 0     0.0 0     0.0 0     0.0 0   -52.2 0   -52.2 0    -2.2 0    97.2 0     0.1 0    93.9 0  1014.4 0
 2019  16  1 16 10 16 10.267 124.64    -1.6 0    -0.4 0     0.8 0    -0.4 0   243.2 0   271.36 0   271.15 0   295.3 0   270.12 0   270.08 0     0.0 0     0.0 0     0.0 0   -52.2 0   -52.2 0    -2.2 0    97.2 0     0.6 0    93.8 0  1014.4 0
 2019  16  1 16 10 17 10.283 124.43    -1.6 0    -0.3 0     0.8 0    -0.4 0   243.0 0   271.36 0   271.14 0   295.2 0   270.12 0   270.08 0     0.0 0     0.0 0     0.0 0   -52.3 0   -52.3 0    -2.2 0    97.2 0     0.5 0    93.8 0  1014.3 0
 2019  16  1 16 10 18 10.300 124.23    -1.6 0     0.0 0     0.8 0    -0.4 0   243.2 0   271.36 0   271.12 0   295.0 0   270.11 0   270.08 0     0.0 0     0.0 0     0.0 0   -51.9 0   -51.9 0    -2.3 0    97.2 0     0.4 0    93.7 0  1014.3 0
 2019  16  1 16 10 19 10.317 124.02    -1.6 0     0.0 0     0.8 0    -0.4 0   242.9 0   271.34 0   271.12 0   294.9 0   270.11 0   270.08 0     0.0 0     0.0 0     0.0 0   -52.0 0   -52.0 0    -2.3 0    97.1 0     0.5 0    93.4 0  1014.3 0
 2019  16  1 16 10 20 10.333 123.82    -1.6 0     0.0 0     0.7 0    -0.4 0   242.8 0   271.34 0   271.11 0   295.0 0   270.11 0   270.08 0     0.0 0     0.0 0     0.0 0   -52.2 0   -52.2 0    -2.4 0    97.1 0     0.6 0    93.4 0  1014.3 0
 2019  16  1 16 10 21 10.350 123.61    -1.6 0     0.0 0     0.4 0    -0.4 0   242.8 0   271.33 0   271.10 0   294.9 0   270.11 0   270.08 0     0.0 0     0.0 0     0.0 0   -52.1 0   -52.1 0    -2.4 0    97.3 0     0.7 0    95.4 0  1014.3 0
 2019  16  1 16 10 22 10.367 123.40    -1.6 0     0.0 0     0.4 0    -0.4 0   242.7 0   271.32 0   271.09 0   295.0 0   270.11 0   270.08 0     0.0 0     0.0 0     0.0 0   -52.4 0   -52.4 0    -2.4 0    97.3 0     0.5 0   104.3 0  1014.4 0
 2019  16  1 16 10 23 10.383 123.20    -1.6 0     0.0 0     0.5 0    -0.4 0   243.0 0   271.31 0   271.09 0   295.3 0   270.11 0   270.08 0     0.0 0     0.0 0     0.0 0   -52.2 0   -52.2 0    -2.4 0    97.4 0     0.5 0   124.0 0  1014.4 0
 2019  16  1 16 10 24 10.400 122.99    -1.9 0    -0.2 0     0.6 0    -0.4 0   243.3 0   271.30 0   271.09 0   295.4 0   270.11 0   270.08 0     0.0 0     0.0 0     0.0 0   -52.1 0   -52.1 0    -2.3 0    97.6 0     0.7 0   129.2 0  1014.4 0
 2019  16  1 16 10 25 10.417 122.79    -2.0 0    -0.4 0     0.8 0    -0.4 0   242.8 0   271.29 0   271.09 0   295.4 0   270.11 0   270.08 0     0.0 0     0.0 0     0.0 0   -52.5 0   -52.5 0    -2.3 0    97.5 0     0.4 0   140.4 0  1014.4 0
 2019  16  1 16 10 26 10.433 122.58    -1.7 0    -0.4 0     0.8 0    -0.4 0   243.0 0   271.29 0   271.06 0   295.3 0   270.11 0   270.08 0     0.0 0     0.0 0     0.0 0   -52.3 0   -52.3 0    -2.2 0    97.6 0     0.4 0   134.5 0  1014.4 0
 2019  16  1 16 10 27 10.450 122.37    -1.6 0    -0.3 0     0.8 0    -0.4 0   243.3 0   271.29 0   271.08 0   295.3 0   270.11 0   270.08 0     0.0 0     0.0 0     0.0 0   -52.0 0   -52.0 0    -2.1 0    97.7 0     0.5 0   116.2 0  1014.4 0
 2019  16  1 16 10 28 10.467 122.17    -1.8 0     0.0 0     0.8 0    -0.4 0   243.1 0   271.29 0   271.12 0   295.1 0   270.11 0   270.08 0     0.0 0     0.0 0     0.0 0   -52.0 0   -52.0 0    -2.1 0    97.4 0     0.2 0   101.7 0  1014.4 0
 2019  16  1 16 10 29 10.483 121.96    -1.6 0     0.0 0     0.8 0    -0.4 0   242.9 0   271.31 0   271.15 0   295.1 0   270.11 0   270.06 0     0.0 0     0.0 0     0.0 0   -52.2 0   -52.2 0    -2.1 0    97.1 0     0.3 0    83.7 0  1014.4 0
 2019  16  1 16 10 30 10.500 121.76    -1.6 0     0.0 0     0.8 0    -0.4 0   242.8 0   271.33 0   271.17 0   295.1 0   270.09 0   270.06 0     0.0 0     0.0 0     0.0 0   -52.3 0   -52.3 0    -2.2 0    97.2 0     0.5 0    80.6 0  1014.4 0
 2019  16  1 16 10 31 10.517 121.55    -1.6 0     0.0 0     0.8 0    -0.4 0   243.0 0   271.36 0   271.17 0   295.2 0   270.10 0   270.08 0     0.0 0     0.0 0     0.0 0   -52.2 0   -52.2 0    -2.2 0    97.5 0     0.4 0    89.3 0  1014.4 0
 2019  16  1 16 10 32 10.533 121.34    -1.6 0     0.0 0     0.8 0    -0.6 0   242.9 0   271.38 0   271.19 0   295.2 0   270.11 0   270.07 0     0.0 0     0.0 0     0.0 0   -52.2 0   -52.2 0    -2.1 0    97.4 0     0.3 0    90.5 0  1014.4 0
 2019  16  1 16 10 33 10.550 121.14    -1.6 0     0.0 0     0.8 0    -0.6 0   242.8 0   271.39 0   271.19 0   295.1 0   270.11 0   270.07 0     0.0 0     0.0 0     0.0 0   -52.4 0   -52.4 0    -2.2 0    97.3 0     0.4 0    97.4 0  1014.4 0
 2019  16  1 16 10 34 10.567 120.93    -1.6 0     0.0 0     0.8 0    -0.6 0   242.9 0   271.41 0   271.17 0   294.9 0   270.09 0   270.06 0     0.0 0     0.0 0     0.0 0   -52.0 0   -52.0 0    -2.2 0    97.2 0     0.4 0    99.8 0  1014.4 0
 2019  16  1 16 10 35 10.583 120.73    -1.6 0     0.0 0     0.8 0    -0.7 0   242.7 0   271.41 0   271.19 0   294.8 0   270.08 0   270.06 0     0.0 0     0.0 0     0.0 0   -52.1 0   -52.1 0    -2.3 0    97.2 0     0.5 0    99.8 0  1014.4 0
 2019  16  1 16 10 36 10.600 120.52    -1.4 0     0.0 0     0.8 0    -0.8 0   242.7 0   271.41 0   271.19 0   294.9 0   270.08 0   270.06 0     0.0 0     0.0 0     0.0 0   -52.2 0   -52.2 0    -2.3 0    97.3 0     0.6 0    99.3 0  1014.4 0
 2019  16  1 16 10 37 10.617 120.32    -1.2 0     0.0 0     0.8 0    -0.7 0   242.6 0   271.41 0   271.19 0   294.8 0   270.08 0   270.06 0     0.0 0     0.0 0     0.0 0   -52.2 0   -52.2 0    -2.3 0    97.3 0     0.4 0    99.4 0  1014.4 0
 2019  16  1 16 10 38 10.633 120.11    -1.5 0     0.0 0     0.8 0    -0.4 0   242.8 0   271.41 0   271.18 0   294.9 0   270.08 0   270.06 0     0.0 0     0.0 0     0.0 0   -52.2 0   -52.2 0    -2.3 0    97.4 0     0.4 0   117.9 0  1014.4 0
 2019  16  1 16 10 39 10.650 119.90    -1.6 0    -0.2 0     0.8 0    -0.4 0   242.7 0   271.40 0   271.17 0   295.1 0   270.08 0   270.06 0     0.0 0     0.0 0     0.0 0   -52.4 0   -52.4 0    -2.3 0    97.6 0     0.6 0   139.2 0  1014.4 0
 2019  16  1 16 10 40 10.667 119.70    -1.6 0    -0.4 0     0.8 0    -0.4 0   242.6 0   271.39 0   271.14 0   295.3 0   270.08 0   270.08 0     0.0 0     0.0 0     0.0 0   -52.7 0   -52.7 0    -2.2 0    97.7 0     0.6 0   157.8 0  1014.4 0
 2019  16  1 16 10 41 10.683 119.49    -1.6 0    -0.4 0     0.8 0    -0.4 0   242.5 0   271.37 0   271.11 0   295.6 0   270.11 0   270.09 0     0.0 0     0.0 0     0.0 0   -53.1 0   -53.1 0    -2.1 0    97.5 0     0.7 0   163.7 0  1014.4 0
 2019  16  1 16 10 42 10.700 119.29    -1.6 0    -0.4 0     0.8 0    -0.4 0   242.8 0   271.34 0   271.08 0   295.6 0   270.11 0   270.10 0     0.0 0     0.0 0     0.0 0   -52.7 0   -52.7 0    -2.1 0    97.5 0     0.7 0   168.6 0  1014.4 0
 2019  16  1 16 10 43 10.717 119.08    -1.6 0    -0.4 0     0.8 0    -0.4 0   243.0 0   271.32 0   271.09 0   295.8 0   270.12 0   270.11 0     0.0 0     0.0 0     0.0 0   -52.9 0   -52.9 0    -2.1 0    97.7 0     0.8 0   172.9 0  1014.4 0
 2019  16  1 16 10 44 10.733 118.88    -1.9 0    -0.4 0     0.8 0    -0.4 0   243.2 0   271.31 0   271.09 0   295.8 0   270.14 0   270.15 0     0.0 0     0.0 0     0.0 0   -52.6 0   -52.6 0    -2.0 0    97.6 0     0.8 0   164.9 0  1014.3 0
 2019  16  1 16 10 45 10.750 118.67    -2.0 0    -0.2 0     0.8 0    -0.4 0   243.1 0   271.30 0   271.11 0   295.7 0   270.15 0   270.15 0     0.0 0     0.0 0     0.0 0   -52.6 0   -52.6 0    -2.0 0    97.5 0     0.6 0   161.6 0  1014.3 0
 2019  16  1 16 10 46 10.767 118.47    -2.0 0     0.0 0     0.8 0    -0.4 0   243.3 0   271.31 0   271.12 0   295.6 0   270.17 0   270.16 0     0.0 0     0.0 0     0.0 0   -52.3 0   -52.3 0    -2.0 0    97.5 0     0.5 0   150.8 0  1014.3 0
 2019  16  1 16 10 47 10.783 118.26    -2.0 0     0.1 0     0.8 0    -0.4 0   243.1 0   271.31 0   271.14 0   295.5 0   270.18 0   270.16 0     0.0 0     0.0 0     0.0 0   -52.4 0   -52.4 0    -2.0 0    97.4 0     0.2 0   140.2 0  1014.3 0
 2019  16  1 16 10 48 10.800 118.06    -2.0 0     0.4 0     0.8 0    -0.4 0   243.1 0   271.32 0   271.18 0   295.3 0   270.18 0   270.16 0     0.0 0     0.0 0     0.0 0   -52.2 0   -52.2 0    -2.0 0    97.4 0     0.3 0   135.3 0  1014.4 0
 2019  16  1 16 10 49 10.817 117.85    -2.0 0     0.4 0     0.8 0    -0.4 0   243.1 0   271.35 0   271.20 0   295.3 0   270.18 0   270.16 0     0.0 0     0.0 0     0.0 0   -52.1 0   -52.1 0    -2.0 0    97.5 0     0.3 0   106.2 0  1014.4 0
 2019  16  1 16 10 50 10.833 117.65    -1.9 0     0.4 0     0.8 0    -0.4 0   242.6 0   271.36 0   271.19 0   295.2 0   270.18 0   270.17 0     0.0 0     0.0 0     0.0 0   -52.6 0   -52.6 0    -2.0 0    97.5 0     0.0 0   100.0 0  1014.4 0
 2019  16  1 16 10 51 10.850 117.44    -1.6 0     0.4 0     0.8 0    -0.4 0   242.3 0   271.36 0   271.17 0   295.2 0   270.18 0   270.15 0     0.0 0     0.0 0     0.0 0   -52.9 0   -52.9 0    -2.0 0    97.4 0     0.0 0   100.4 0  1014.4 0
 2019  16  1 16 10 52 10.867 117.24    -1.6 0     0.4 0     0.8 0    -0.8 0   242.2 0   271.36 0   271.14 0   295.4 0   270.18 0   270.15 0     0.0 0     0.0 0     0.0 0   -53.2 0   -53.2 0    -2.0 0    97.4 0     0.3 0   100.3 0  1014.4 0
 2019  16  1 16 10 53 10.883 117.03    -1.5 0     0.2 0     0.8 0    -0.8 0   242.3 0   271.36 0   271.12 0   295.4 0   270.18 0   270.14 0     0.0 0     0.0 0     0.0 0   -53.2 0   -53.2 0    -2.0 0    97.4 0     0.0 0   100.3 0  1014.5 0
 2019  16  1 16 10 54 10.900 116.83    -1.5 0     0.0 0     0.8 0    -0.8 0   242.2 0   271.35 0   271.11 0   295.9 0   270.18 0   270.13 0     0.0 0     0.0 0     0.0 0   -53.6 0   -53.6 0    -2.1 0    97.0 0     0.3 0    54.0 0  1014.5 0
 2019  16  1 16 10 55 10.917 116.62    -1.3 0     0.0 0     0.8 0    -0.8 0   242.2 0   271.34 0   271.07 0   296.4 0   270.17 0   270.14 0     0.0 0     0.0 0     0.0 0   -54.2 0   -54.2 0    -2.2 0    97.2 0     0.7 0    51.0 0  1014.5 0
 2019  16  1 16 10 56 10.933 116.42    -1.2 0     0.0 0     0.8 0    -0.8 0   241.9 0   271.31 0   271.06 0   295.8 0   270.17 0   270.15 0     0.0 0     0.0 0     0.0 0   -53.9 0   -53.9 0    -2.2 0    97.5 0     0.6 0    41.7 0  1014.5 0
 2019  16  1 16 10 57 10.950 116.21    -1.2 0    -0.1 0     0.8 0    -0.8 0   242.3 0   271.30 0   271.04 0   295.6 0   270.18 0   270.15 0     0.0 0     0.0 0     0.0 0   -53.3 0   -53.3 0    -2.2 0    97.6 0     0.6 0    41.1 0  1014.5 0
 2019  16  1 16 10 58 10.967 116.01    -1.2 0    -0.4 0     0.8 0    -0.8 0   242.6 0   271.29 0   271.05 0   295.5 0   270.18 0   270.16 0     0.0 0     0.0 0     0.0 0   -52.9 0   -52.9 0    -2.2 0    97.8 0     0.6 0    51.0 0  1014.5 0
 2019  16  1 16 10 59 10.983 115.81    -1.2 0    -0.4 0     0.8 0    -0.8 0   242.4 0   271.29 0   271.07 0   295.0 0   270.18 0   270.16 0     0.0 0     0.0 0     0.0 0   -52.6 0   -52.6 0    -2.1 0    97.3 0     0.6 0    57.1 0  1014.6 0
 2019  16  1 16 11  0 11.000 115.60    -1.2 0    -0.3 0     0.8 0    -0.8 0   242.1 0   271.28 0   271.06 0   294.7 0   270.18 0   270.15 0     0.0 0     0.0 0     0.0 0   -52.6 0   -52.6 0    -2.2 0    97.1 0     0.6 0    54.0 0  1014.6 0
 2019  16  1 16 11  1 11.017 115.40    -1.2 0    -0.2 0     0.8 0    -0.7 0   242.3 0   271.28 0   271.07 0   294.9 0   270.18 0   270.13 0     0.0 0     0.0 0     0.0 0   -52.5 0   -52.5 0    -2.3 0    97.1 0     0.6 0    53.2 0  1014.5 0
 2019  16  1 16 11  2 11.033 115.19    -1.2 0    -0.2 0     0.8 0    -0.6 0   242.4 0   271.29 0   271.07 0   294.8 0   270.18 0   270.13 0     0.0 0     0.0 0     0.0 0   -52.5 0   -52.5 0    -2.4 0    97.2 0     0.5 0    53.3 0  1014.6 0
 2019  16  1 16 11  3 11.050 114.99    -1.3 0    -0.2 0     0.8 0    -0.4 0   242.3 0   271.29 0   271.08 0   294.4 0   270.16 0   270.13 0     0.0 0     0.0 0     0.0 0   -52.1 0   -52.1 0    -2.5 0    97.2 0     0.4 0    53.2 0  1014.6 0
 2019  16  1 16 11  4 11.067 114.79    -1.5 0    -0.3 0     0.8 0    -0.4 0   242.3 0   271.29 0   271.09 0   294.4 0   270.15 0   270.12 0     0.0 0     0.0 0     0.0 0   -52.1 0   -52.1 0    -2.5 0    97.4 0     0.1 0    67.8 0  1014.7 0
 2019  16  1 16 11  5 11.083 114.58    -1.5 0    -0.4 0     0.7 0    -0.4 0   242.2 0   271.29 0   271.08 0   294.6 0   270.15 0   270.10 0     0.0 0     0.0 0     0.0 0   -52.3 0   -52.3 0    -2.5 0    97.4 0     0.1 0    92.2 0  1014.7 0
 2019  16  1 16 11  6 11.100 114.38    -1.6 0    -0.4 0     0.4 0    -0.4 0   242.1 0   271.29 0   271.05 0   294.4 0   270.13 0   270.10 0     0.0 0     0.0 0     0.0 0   -52.3 0   -52.3 0    -2.5 0    97.3 0     0.1 0    98.9 0  1014.7 0
 2019  16  1 16 11  7 11.117 114.17    -1.6 0    -0.4 0     0.3 0    -0.4 0   242.3 0   271.27 0   271.02 0   294.6 0   270.12 0   270.10 0     0.0 0     0.0 0     0.0 0   -52.3 0   -52.3 0    -2.6 0    97.4 0     0.2 0   113.2 0  1014.7 0
 2019  16  1 16 11  8 11.133 113.97    -1.6 0    -0.4 0     0.4 0    -0.4 0   242.4 0   271.26 0   271.01 0   294.6 0   270.11 0   270.08 0     0.0 0     0.0 0     0.0 0   -52.2 0   -52.2 0    -2.5 0    97.5 0     0.5 0   114.3 0  1014.6 0
 2019  16  1 16 11  9 11.150 113.77    -1.6 0    -0.4 0     0.4 0    -0.4 0   242.5 0   271.24 0   271.01 0   294.7 0   270.10 0   270.08 0     0.0 0     0.0 0     0.0 0   -52.2 0   -52.2 0    -2.5 0    97.8 0     0.5 0   133.8 0  1014.6 0
 2019  16  1 16 11 10 11.167 113.56    -1.8 0    -0.4 0     0.5 0    -0.4 0   242.3 0   271.22 0   271.01 0   294.6 0   270.10 0   270.07 0     0.0 0     0.0 0     0.0 0   -52.3 0   -52.3 0    -2.4 0    97.7 0     0.4 0   123.7 0  1014.6 0
 2019  16  1 16 11 11 11.183 113.36    -2.0 0    -0.4 0     0.4 0    -0.4 0   242.3 0   271.21 0   271.01 0   294.3 0   270.08 0   270.07 0     0.0 0     0.0 0     0.0 0   -52.0 0   -52.0 0    -2.3 0    97.5 0     0.4 0   126.0 0  1014.6 0
 2019  16  1 16 11 12 11.200 113.16    -2.0 0    -0.4 0     0.5 0    -0.4 0   242.4 0   271.21 0   271.01 0   294.4 0   270.08 0   270.06 0     0.0 0     0.0 0     0.0 0   -52.0 0   -52.0 0    -2.3 0    97.5 0     0.3 0   120.9 0  1014.7 0
 2019  16  1 16 11 13 11.217 112.95    -2.0 0    -0.4 0     0.8 0    -0.4 0   242.5 0   271.21 0   271.02 0   294.5 0   270.08 0   270.06 0     0.0 0     0.0 0     0.0 0   -52.0 0   -52.0 0    -2.3 0    97.5 0     0.4 0   111.8 0  1014.7 0
 2019  16  1 16 11 14 11.233 112.75    -1.8 0    -0.4 0     0.7 0    -0.4 0   242.4 0   271.21 0   271.04 0   294.4 0   270.08 0   270.06 0     0.0 0     0.0 0     0.0 0   -52.0 0   -52.0 0    -2.2 0    97.5 0     0.3 0   102.8 0  1014.6 0
 2019  16  1 16 11 15 11.250 112.55    -1.7 0    -0.2 0     0.4 0    -0.4 0   242.6 0   271.24 0   271.07 0   294.5 0   270.08 0   270.06 0     0.0 0     0.0 0     0.0 0   -51.9 0   -51.9 0    -2.2 0    97.5 0     0.2 0   102.7 0  1014.6 0
 2019  16  1 16 11 16 11.267 112.34    -1.7 0     0.0 0     0.2 0    -0.4 0   242.9 0   271.26 0   271.07 0   294.7 0   270.08 0   270.06 0     0.0 0     0.0 0     0.0 0   -51.8 0   -51.8 0    -2.2 0    97.7 0     0.0 0     0.0 0  1014.6 0
 2019  16  1 16 11 17 11.283 112.14    -1.8 0    -0.3 0     0.0 0    -0.4 0   242.9 0   271.26 0   271.07 0   295.1 0   270.08 0   270.06 0     0.0 0     0.0 0     0.0 0   -52.2 0   -52.2 0    -2.1 0    97.9 0     0.2 0   122.0 0  1014.6 0
 2019  16  1 16 11 18 11.300 111.94    -1.9 0    -0.4 0     0.0 0    -0.4 0   242.9 0   271.26 0   271.07 0   295.6 0   270.08 0   270.08 0     0.0 0     0.0 0     0.0 0   -52.6 0   -52.6 0    -1.9 0    98.0 0     0.5 0   123.6 0  1014.5 0
 2019  16  1 16 11 19 11.317 111.74    -1.9 0    -0.4 0     0.0 0    -0.4 0   242.9 0   271.26 0   271.07 0   296.0 0   270.10 0   270.08 0     0.0 0     0.0 0     0.0 0   -53.1 0   -53.1 0    -1.8 0    97.8 0     0.5 0   129.7 0  1014.5 0
 2019  16  1 16 11 20 11.333 111.53    -2.0 0    -0.4 0     0.0 0    -0.4 0   242.7 0   271.26 0   271.07 0   296.0 0   270.11 0   270.08 0     0.0 0     0.0 0     0.0 0   -53.2 0   -53.2 0    -1.7 0    97.4 0     0.6 0   128.3 0  1014.6 0
 2019  16  1 16 11 21 11.350 111.33    -1.9 0    -0.4 0     0.0 0    -0.4 0   242.6 0   271.26 0   271.06 0   295.6 0   270.13 0   270.10 0     0.0 0     0.0 0     0.0 0   -53.1 0   -53.1 0    -1.8 0    97.2 0     0.6 0   130.4 0  1014.6 0
 2019  16  1 16 11 22 11.367 111.13    -1.6 0    -0.2 0     0.2 0    -0.4 0   242.6 0   271.26 0   271.04 0   295.4 0   270.13 0   270.10 0     0.0 0     0.0 0     0.0 0   -52.8 0   -52.8 0    -1.9 0    97.1 0     0.4 0   126.8 0  1014.7 0
 2019  16  1 16 11 23 11.383 110.92    -1.6 0     0.0 0     0.5 0    -0.4 0   242.6 0   271.26 0   271.04 0   295.3 0   270.13 0   270.10 0     0.0 0     0.0 0     0.0 0   -52.7 0   -52.7 0    -2.0 0    97.3 0     0.4 0   128.2 0  1014.7 0
 2019  16  1 16 11 24 11.400 110.72    -1.6 0     0.0 0     0.4 0    -0.4 0   242.7 0   271.26 0   271.03 0   295.2 0   270.13 0   270.10 0     0.0 0     0.0 0     0.0 0   -52.5 0   -52.5 0    -2.0 0    97.3 0     0.4 0   118.2 0  1014.7 0
 2019  16  1 16 11 25 11.417 110.52    -1.6 0     0.0 0     0.4 0    -0.4 0   242.7 0   271.25 0   271.04 0   295.0 0   270.13 0   270.10 0     0.0 0     0.0 0     0.0 0   -52.3 0   -52.3 0    -2.1 0    97.3 0     0.4 0   132.0 0  1014.6 0
 2019  16  1 16 11 26 11.433 110.32    -1.6 0     0.0 0     0.2 0    -0.4 0   242.4 0   271.24 0   271.03 0   294.9 0   270.13 0   270.10 0     0.0 0     0.0 0     0.0 0   -52.5 0   -52.5 0    -2.1 0    97.3 0     0.5 0   134.4 0  1014.6 0
 2019  16  1 16 11 27 11.450 110.12    -1.6 0     0.0 0     0.4 0    -0.4 0   242.3 0   271.24 0   271.02 0   295.0 0   270.13 0   270.10 0     0.0 0     0.0 0     0.0 0   -52.7 0   -52.7 0    -2.1 0    97.3 0     0.5 0   133.3 0  1014.6 0
 2019  16  1 16 11 28 11.467 109.91    -1.6 0     0.0 0     0.3 0    -0.4 0   242.0 0   271.24 0   271.00 0   294.8 0   270.13 0   270.10 0     0.0 0     0.0 0     0.0 0   -52.8 0   -52.8 0    -2.2 0    97.2 0     0.4 0   113.9 0  1014.7 0
 2019  16  1 16 11 29 11.483 109.71    -1.6 0     0.0 0     0.5 0    -0.4 0   242.1 0   271.21 0   271.01 0   294.8 0   270.13 0   270.10 0     0.0 0     0.0 0     0.0 0   -52.7 0   -52.7 0    -2.3 0    97.2 0     0.2 0   132.5 0  1014.7 0
 2019  16  1 16 11 30 11.500 109.51    -1.6 0    -0.2 0     0.8 0    -0.4 0   242.4 0   271.21 0   271.02 0   294.9 0   270.13 0   270.11 0     0.0 0     0.0 0     0.0 0   -52.5 0   -52.5 0    -2.3 0    97.5 0     0.4 0   156.0 0  1014.7 0
 2019  16  1 16 11 31 11.517 109.31    -1.6 0    -0.4 0     0.8 0    -0.4 0   242.4 0   271.22 0   271.04 0   294.8 0   270.12 0   270.10 0     0.0 0     0.0 0     0.0 0   -52.4 0   -52.4 0    -2.3 0    97.5 0     0.3 0   153.3 0  1014.7 0
 2019  16  1 16 11 32 11.533 109.11    -1.6 0    -0.4 0     0.8 0    -0.4 0   242.7 0   271.24 0   271.08 0   295.1 0   270.11 0   270.11 0     0.0 0     0.0 0     0.0 0   -52.5 0   -52.5 0    -2.2 0    97.8 0     0.4 0   155.7 0  1014.7 0
 2019  16  1 16 11 33 11.550 108.91    -1.6 0    -0.4 0     0.8 0    -0.4 0   242.6 0   271.27 0   271.11 0   295.1 0   270.12 0   270.10 0     0.0 0     0.0 0     0.0 0   -52.5 0   -52.5 0    -2.2 0    97.7 0     0.2 0   131.6 0  1014.7 0
 2019  16  1 16 11 34 11.567 108.70    -1.6 0    -0.2 0     0.8 0    -0.5 0   242.6 0   271.30 0   271.13 0   295.2 0   270.12 0   270.10 0     0.0 0     0.0 0     0.0 0   -52.6 0   -52.6 0    -2.1 0    97.6 0     0.1 0   123.5 0  1014.7 0
 2019  16  1 16 11 35 11.583 108.50    -1.6 0    -0.1 0     0.8 0    -0.5 0   242.5 0   271.32 0   271.16 0   295.3 0   270.11 0   270.11 0     0.0 0     0.0 0     0.0 0   -52.8 0   -52.8 0    -2.1 0    97.7 0     0.1 0   118.7 0  1014.7 0
 2019  16  1 16 11 36 11.600 108.30    -1.6 0     0.0 0     0.8 0    -0.7 0   242.6 0   271.35 0   271.17 0   295.3 0   270.12 0   270.11 0     0.0 0     0.0 0     0.0 0   -52.7 0   -52.7 0    -2.0 0    97.7 0     0.1 0   147.0 0  1014.7 0
 2019  16  1 16 11 37 11.617 108.10    -1.6 0    -0.1 0     0.8 0    -0.5 0   242.7 0   271.36 0   271.19 0   295.4 0   270.13 0   270.13 0     0.0 0     0.0 0     0.0 0   -52.7 0   -52.7 0    -2.0 0    97.8 0     0.2 0   138.6 0  1014.7 0
 2019  16  1 16 11 38 11.633 107.90    -1.6 0    -0.3 0     0.8 0    -0.4 0   242.8 0   271.38 0   271.20 0   295.2 0   270.13 0   270.13 0     0.0 0     0.0 0     0.0 0   -52.4 0   -52.4 0    -1.9 0    97.9 0     0.3 0   141.2 0  1014.7 0
 2019  16  1 16 11 39 11.650 107.70    -1.6 0    -0.3 0     0.8 0    -0.4 0   242.8 0   271.39 0   271.21 0   295.3 0   270.14 0   270.13 0     0.0 0     0.0 0     0.0 0   -52.5 0   -52.5 0    -1.8 0    97.8 0     0.2 0   134.0 0  1014.7 0
 2019  16  1 16 11 40 11.667 107.50    -1.6 0    -0.2 0     0.8 0    -0.4 0   242.8 0   271.41 0   271.21 0   295.3 0   270.15 0   270.14 0     0.0 0     0.0 0     0.0 0   -52.5 0   -52.5 0    -1.8 0    97.7 0     0.1 0   131.3 0  1014.7 0
 2019  16  1 16 11 41 11.683 107.30    -1.6 0    -0.2 0     0.8 0    -0.5 0   242.7 0   271.41 0   271.19 0   295.1 0   270.15 0   270.15 0     0.0 0     0.0 0     0.0 0   -52.4 0   -52.4 0    -1.7 0    97.6 0     0.2 0   123.9 0  1014.7 0
 2019  16  1 16 11 42 11.700 107.10    -1.5 0     0.0 0     0.8 0    -0.8 0   242.6 0   271.41 0   271.18 0   295.2 0   270.17 0   270.16 0     0.0 0     0.0 0     0.0 0   -52.6 0   -52.6 0    -1.7 0    97.6 0     0.3 0   131.9 0  1014.8 0
 2019  16  1 16 11 43 11.717 106.90    -1.2 0     0.0 0     0.9 0    -0.8 0   242.3 0   271.40 0   271.16 0   295.3 0   270.18 0   270.15 0     0.0 0     0.0 0     0.0 0   -53.0 0   -53.0 0    -1.7 0    97.6 0     0.1 0   132.4 0  1014.8 0
 2019  16  1 16 11 44 11.733 106.70    -1.2 0     0.0 0     1.1 0    -0.8 0   242.2 0   271.38 0   271.14 0   295.1 0   270.18 0   270.15 0     0.0 0     0.0 0     0.0 0   -52.8 0   -52.8 0    -1.7 0    97.5 0     0.0 0     0.0 0  1014.8 0
 2019  16  1 16 11 45 11.750 106.50    -1.2 0     0.0 0     1.3 0    -0.8 0   242.1 0   271.37 0   271.13 0   295.0 0   270.18 0   270.17 0     0.0 0     0.0 0     0.0 0   -52.9 0   -52.9 0    -1.6 0    97.5 0     0.0 0   131.5 0  1014.8 0
 2019  16  1 16 11 46 11.767 106.30    -1.2 0     0.0 0     1.3 0    -0.8 0   242.3 0   271.36 0   271.11 0   295.0 0   270.18 0   270.16 0     0.0 0     0.0 0     0.0 0   -52.7 0   -52.7 0    -1.7 0    97.4 0     0.0 0     0.0 0  1014.8 0
 2019  16  1 16 11 47 11.783 106.10    -1.2 0     0.0 0     1.3 0    -0.8 0   242.1 0   271.34 0   271.11 0   295.1 0   270.18 0   270.15 0     0.0 0     0.0 0     0.0 0   -53.0 0   -53.0 0    -1.7 0    97.3 0     0.2 0    81.7 0  1014.8 0
 2019  16  1 16 11 48 11.800 105.90    -1.2 0     0.0 0     1.4 0    -0.8 0   242.1 0   271.33 0   271.09 0   295.1 0   270.18 0   270.15 0     0.0 0     0.0 0     0.0 0   -52.9 0   -52.9 0    -1.8 0    97.3 0     0.4 0    72.5 0  1014.7 0
 2019  16  1 16 11 49 11.817 105.70    -1.2 0     0.0 0     1.4 0    -0.8 0   242.1 0   271.31 0   271.07 0   295.2 0   270.18 0   270.14 0     0.0 0     0.0 0     0.0 0   -53.1 0   -53.1 0    -1.8 0    97.3 0     0.5 0    76.6 0  1014.7 0
 2019  16  1 16 11 50 11.833 105.50    -1.2 0    -0.1 0     1.3 0    -0.7 0   242.2 0   271.31 0   271.06 0   295.2 0   270.18 0   270.15 0     0.0 0     0.0 0     0.0 0   -53.0 0   -53.0 0    -1.9 0    97.5 0     0.6 0    77.1 0  1014.7 0
 2019  16  1 16 11 51 11.850 105.30    -1.2 0    -0.4 0     1.2 0    -0.7 0   242.2 0   271.30 0   271.06 0   294.9 0   270.18 0   270.15 0     0.0 0     0.0 0     0.0 0   -52.7 0   -52.7 0    -1.9 0    97.6 0     0.5 0    71.6 0  1014.7 0
 2019  16  1 16 11 52 11.867 105.10    -1.2 0    -0.4 0     1.1 0    -0.7 0   242.1 0   271.29 0   271.04 0   294.9 0   270.18 0   270.16 0     0.0 0     0.0 0     0.0 0   -52.7 0   -52.7 0    -1.9 0    97.6 0     0.6 0    76.5 0  1014.7 0
 2019  16  1 16 11 53 11.883 104.90    -1.2 0    -0.4 0     0.9 0    -0.6 0   242.2 0   271.28 0   271.04 0   294.9 0   270.20 0   270.16 0     0.0 0     0.0 0     0.0 0   -52.7 0   -52.7 0    -1.9 0    97.3 0     0.6 0    72.9 0  1014.7 0
 2019  16  1 16 11 54 11.900 104.70    -1.2 0    -0.4 0     0.9 0    -0.5 0   242.1 0   271.27 0   271.04 0   294.7 0   270.20 0   270.15 0     0.0 0     0.0 0     0.0 0   -52.6 0   -52.6 0    -2.0 0    97.1 0     0.5 0    71.3 0  1014.7 0
 2019  16  1 16 11 55 11.917 104.50    -1.2 0    -0.3 0     0.8 0    -0.4 0   242.1 0   271.26 0   271.02 0   294.4 0   270.20 0   270.15 0     0.0 0     0.0 0     0.0 0   -52.3 0   -52.3 0    -2.1 0    97.2 0     0.4 0    79.1 0  1014.8 0
 2019  16  1 16 11 56 11.933 104.30    -1.2 0    -0.2 0     0.8 0    -0.4 0   242.2 0   271.26 0   271.01 0   294.0 0   270.18 0   270.15 0     0.0 0     0.0 0     0.0 0   -51.8 0   -51.8 0    -2.2 0    97.2 0     0.3 0    80.5 0  1014.8 0
 2019  16  1 16 11 57 11.950 104.10    -1.2 0    -0.4 0     0.8 0    -0.4 0   242.2 0   271.25 0   271.01 0   293.9 0   270.18 0   270.15 0     0.0 0     0.0 0     0.0 0   -51.8 0   -51.8 0    -2.3 0    97.6 0     0.4 0    97.2 0  1014.8 0
 2019  16  1 16 11 58 11.967 103.90    -1.4 0    -0.4 0     0.8 0    -0.4 0   242.4 0   271.23 0   270.99 0   294.1 0   270.18 0   270.13 0     0.0 0     0.0 0     0.0 0   -51.7 0   -51.7 0    -2.2 0    97.6 0     0.3 0    94.6 0  1014.9 0
 2019  16  1 16 11 59 11.983 103.71    -1.6 0    -0.4 0     0.8 0    -0.4 0   242.4 0   271.21 0   270.97 0   294.2 0   270.17 0   270.13 0     0.0 0     0.0 0     0.0 0   -51.9 0   -51.9 0    -2.2 0    97.6 0     0.4 0   100.9 0  1014.9 0
 2019  16  1 16 12  0 12.000 103.51    -1.6 0    -0.4 0     0.9 0    -0.4 0   242.7 0   271.20 0   270.97 0   294.4 0   270.16 0   270.15 0     0.0 0     0.0 0     0.0 0   -51.6 0   -51.6 0    -2.1 0    98.1 0     0.6 0   119.3 0  1014.9 0
 2019  16  1 16 12  1 12.017 103.31    -1.6 0    -0.4 0     1.0 0    -0.4 0   242.7 0   271.19 0   270.99 0   294.7 0   270.18 0   270.15 0     0.0 0     0.0 0     0.0 0   -52.0 0   -52.0 0    -2.0 0    98.0 0     0.6 0    97.2 0  1014.9 0
 2019  16  1 16 12  2 12.033 103.11    -1.6 0    -0.4 0     0.8 0    -0.4 0   242.8 0   271.20 0   271.00 0   294.7 0   270.18 0   270.16 0     0.0 0     0.0 0     0.0 0   -52.0 0   -52.0 0    -1.9 0    98.0 0     0.5 0   108.7 0  1014.9 0
 2019  16  1 16 12  3 12.050 102.91    -1.6 0    -0.4 0     0.8 0    -0.4 0   242.9 0   271.21 0   271.01 0   294.7 0   270.19 0   270.18 0     0.0 0     0.0 0     0.0 0   -51.8 0   -51.8 0    -1.8 0    97.9 0     0.4 0   110.2 0  1014.9 0
 2019  16  1 16 12  4 12.067 102.71    -1.6 0     0.0 0     0.8 0    -0.4 0   242.8 0   271.21 0   271.01 0   294.8 0   270.20 0   270.18 0     0.0 0     0.0 0     0.0 0   -52.0 0   -52.0 0    -1.7 0    97.6 0     0.5 0   106.0 0  1014.9 0
 2019  16  1 16 12  5 12.083 102.52    -1.6 0     0.0 0     0.8 0    -0.4 0   242.9 0   271.22 0   271.01 0   294.9 0   270.22 0   270.18 0     0.0 0     0.0 0     0.0 0   -52.0 0   -52.0 0    -1.8 0    97.5 0     0.5 0   111.3 0  1014.9 0
 2019  16  1 16 12  6 12.100 102.32    -1.6 0     0.0 0     0.8 0    -0.4 0   243.3 0   271.23 0   271.02 0   295.0 0   270.22 0   270.21 0     0.0 0     0.0 0     0.0 0   -51.7 0   -51.7 0    -1.7 0    97.9 0     0.6 0   125.7 0  1014.9 0
 2019  16  1 16 12  7 12.117 102.12    -1.6 0     0.0 0     0.8 0    -0.4 0   243.3 0   271.23 0   271.04 0   295.1 0   270.24 0   270.23 0     0.0 0     0.0 0     0.0 0   -51.8 0   -51.8 0    -1.6 0    97.9 0     0.6 0   127.4 0  1014.9 0
 2019  16  1 16 12  8 12.133 101.92    -1.6 0    -0.4 0     0.8 0    -0.4 0   243.5 0   271.25 0   271.04 0   295.4 0   270.27 0   270.27 0     0.0 0     0.0 0     0.0 0   -51.9 0   -51.9 0    -1.6 0    97.9 0     0.8 0   126.3 0  1014.9 0
 2019  16  1 16 12  9 12.150 101.73    -1.6 0    -0.4 0     0.8 0    -0.4 0   243.4 0   271.26 0   271.06 0   295.5 0   270.30 0   270.29 0     0.0 0     0.0 0     0.0 0   -52.1 0   -52.1 0    -1.5 0    97.8 0     0.8 0   128.5 0  1014.9 0
 2019  16  1 16 12 10 12.167 101.53    -1.6 0    -0.4 0     0.5 0    -0.4 0   243.4 0   271.26 0   271.04 0   295.5 0   270.33 0   270.32 0     0.0 0     0.0 0     0.0 0   -52.1 0   -52.1 0    -1.5 0    97.5 0     0.6 0   119.5 0  1014.9 0
 2019  16  1 16 12 11 12.183 101.33    -1.6 0    -0.4 0     0.1 0    -0.4 0   243.5 0   271.26 0   271.04 0   295.4 0   270.35 0   270.32 0     0.0 0     0.0 0     0.0 0   -51.9 0   -51.9 0    -1.6 0    97.4 0     0.5 0   122.9 0  1014.9 0
 2019  16  1 16 12 12 12.200 101.14    -1.6 0    -0.3 0     0.0 0    -0.4 0   243.6 0   271.26 0   271.04 0   295.4 0   270.37 0   270.34 0     0.0 0     0.0 0     0.0 0   -51.8 0   -51.8 0    -1.6 0    97.5 0     0.6 0   131.2 0  1014.9 0
 2019  16  1 16 12 13 12.217 100.94    -1.6 0    -0.2 0     0.0 0    -0.4 0   243.6 0   271.26 0   271.04 0   295.2 0   270.37 0   270.36 0     0.0 0     0.0 0     0.0 0   -51.6 0   -51.6 0    -1.7 0    97.6 0     0.5 0   132.0 0  1015.0 0
 2019  16  1 16 12 14 12.233 100.74    -1.6 0    -0.2 0     0.0 0    -0.4 0   243.7 0   271.26 0   271.04 0   295.5 0   270.39 0   270.37 0     0.0 0     0.0 0     0.0 0   -51.9 0   -51.9 0    -1.6 0    97.6 0     0.5 0   125.0 0  1015.0 0
 2019  16  1 16 12 15 12.250 100.55    -1.6 0    -0.4 0     0.0 0    -0.4 0   243.8 0   271.26 0   271.05 0   295.5 0   270.41 0   270.39 0     0.0 0     0.0 0     0.0 0   -51.7 0   -51.7 0    -1.6 0    97.7 0     0.6 0   132.7 0  1015.0 0
 2019  16  1 16 12 16 12.267 100.35    -1.6 0    -0.4 0     0.0 0    -0.4 0   243.9 0   271.26 0   271.06 0   295.6 0   270.42 0   270.41 0     0.0 0     0.0 0     0.0 0   -51.7 0   -51.7 0    -1.6 0    97.7 0     0.6 0   131.9 0  1015.0 0
 2019  16  1 16 12 17 12.283 100.15    -1.6 0    -0.4 0     0.0 0    -0.4 0   244.2 0   271.26 0   271.06 0   295.9 0   270.44 0   270.43 0     0.0 0     0.0 0     0.0 0   -51.7 0   -51.7 0    -1.6 0    98.0 0     0.7 0   134.3 0  1015.0 0
 2019  16  1 16 12 18 12.300  99.96    -1.6 0    -0.4 0     0.1 0    -0.4 0   244.2 0   271.27 0   271.08 0   295.9 0   270.46 0   270.45 0     0.0 0     0.0 0     0.0 0   -51.7 0   -51.7 0    -1.5 0    97.9 0     0.6 0   134.4 0  1015.0 0
 2019  16  1 16 12 19 12.317  99.76    -1.6 0    -0.4 0     0.0 0    -0.4 0   244.3 0   271.29 0   271.08 0   296.0 0   270.48 0   270.48 0     0.0 0     0.0 0     0.0 0   -51.6 0   -51.6 0    -1.5 0    97.7 0     0.8 0   137.8 0  1015.0 0
 2019  16  1 16 12 20 12.333  99.57    -1.6 0    -0.4 0     0.4 0    -0.4 0   244.4 0   271.28 0   271.08 0   295.8 0   270.51 0   270.50 0     0.0 0     0.0 0     0.0 0   -51.4 0   -51.4 0    -1.5 0    97.5 0     0.6 0   135.1 0  1015.0 0
 2019  16  1 16 12 21 12.350  99.37    -1.6 0    -0.4 0     0.7 0    -0.4 0   244.7 0   271.28 0   271.10 0   296.0 0   270.52 0   270.51 0     0.0 0     0.0 0     0.0 0   -51.3 0   -51.3 0    -1.5 0    97.7 0     0.7 0   128.0 0  1015.0 0
 2019  16  1 16 12 22 12.367  99.18    -1.6 0    -0.4 0     0.5 0    -0.4 0   244.6 0   271.30 0   271.11 0   296.2 0   270.54 0   270.53 0     0.0 0     0.0 0     0.0 0   -51.7 0   -51.7 0    -1.5 0    97.8 0     0.7 0   112.4 0  1015.0 0
 2019  16  1 16 12 23 12.383  98.98    -1.6 0    -0.4 0     0.4 0    -0.4 0   244.6 0   271.31 0   271.11 0   296.2 0   270.57 0   270.55 0     0.0 0     0.0 0     0.0 0   -51.6 0   -51.6 0    -1.5 0    97.7 0     0.6 0   108.2 0  1015.0 0
 2019  16  1 16 12 24 12.400  98.79    -1.6 0    -0.4 0     0.4 0    -0.4 0   244.5 0   271.31 0   271.10 0   295.9 0   270.58 0   270.57 0     0.0 0     0.0 0     0.0 0   -51.4 0   -51.4 0    -1.5 0    97.7 0     0.6 0   103.6 0  1015.0 0
 2019  16  1 16 12 25 12.417  98.59    -1.6 0    -0.1 0     0.8 0    -0.4 0   244.6 0   271.31 0   271.10 0   296.1 0   270.60 0   270.57 0     0.0 0     0.0 0     0.0 0   -51.5 0   -51.5 0    -1.5 0    97.6 0     0.6 0   104.0 0  1015.0 0
 2019  16  1 16 12 26 12.433  98.40    -1.6 0     0.0 0     0.8 0    -0.4 0   244.7 0   271.31 0   271.09 0   296.2 0   270.61 0   270.59 0     0.0 0     0.0 0     0.0 0   -51.5 0   -51.5 0    -1.5 0    97.8 0     0.7 0   110.3 0  1015.0 0
 2019  16  1 16 12 27 12.450  98.20    -1.6 0    -0.1 0     0.8 0    -0.4 0   244.7 0   271.31 0   271.09 0   296.3 0   270.62 0   270.61 0     0.0 0     0.0 0     0.0 0   -51.6 0   -51.6 0    -1.5 0    98.0 0     0.8 0   121.3 0  1015.0 0
 2019  16  1 16 12 28 12.467  98.01    -1.6 0    -0.2 0     0.8 0    -0.4 0   244.8 0   271.31 0   271.09 0   296.1 0   270.64 0   270.62 0     0.0 0     0.0 0     0.0 0   -51.3 0   -51.3 0    -1.5 0    97.9 0     0.6 0   125.3 0  1015.0 0
 2019  16  1 16 12 29 12.483  97.81    -1.6 0     0.0 0     0.8 0    -0.4 0   244.9 0   271.30 0   271.09 0   296.4 0   270.66 0   270.63 0     0.0 0     0.0 0     0.0 0   -51.4 0   -51.4 0    -1.5 0    97.8 0     0.5 0   132.9 0  1015.1 0
 2019  16  1 16 12 30 12.500  97.62    -1.6 0    -0.3 0     0.8 0    -0.4 0   245.1 0   271.29 0   271.11 0   296.5 0   270.67 0   270.65 0     0.0 0     0.0 0     0.0 0   -51.3 0   -51.3 0    -1.4 0    98.0 0     0.6 0   140.6 0  1015.1 0
 2019  16  1 16 12 31 12.517  97.43    -1.6 0    -0.4 0     0.8 0    -0.4 0   245.5 0   271.31 0   271.13 0   296.4 0   270.68 0   270.67 0     0.0 0     0.0 0     0.0 0   -51.0 0   -51.0 0    -1.4 0    97.9 0     0.2 0   138.4 0  1015.1 0
 2019  16  1 16 12 32 12.533  97.23    -1.6 0    -0.4 0     0.8 0    -0.4 0   245.6 0   271.32 0   271.17 0   296.9 0   270.69 0   270.67 0     0.0 0     0.0 0     0.0 0   -51.2 0   -51.2 0    -1.4 0    98.0 0     0.5 0   159.5 0  1015.2 0
 2019  16  1 16 12 33 12.550  97.04    -1.6 0    -0.4 0     0.8 0    -0.4 0   245.2 0   271.34 0   271.17 0   296.8 0   270.70 0   270.70 0     0.0 0     0.0 0     0.0 0   -51.6 0   -51.6 0    -1.3 0    97.8 0     0.6 0   146.2 0  1015.2 0
 2019  16  1 16 12 34 12.567  96.85    -1.6 0    -0.3 0     0.8 0    -0.4 0   244.9 0   271.35 0   271.12 0   296.4 0   270.72 0   270.69 0     0.0 0     0.0 0     0.0 0   -51.4 0   -51.4 0    -1.3 0    97.7 0     0.3 0   141.6 0  1015.2 0
 2019  16  1 16 12 35 12.583  96.65    -1.6 0     0.0 0     0.8 0    -0.4 0   244.7 0   271.33 0   271.10 0   296.3 0   270.72 0   270.67 0     0.0 0     0.0 0     0.0 0   -51.6 0   -51.6 0    -1.4 0    97.6 0     0.0 0     0.0 0  1015.2 0
 2019  16  1 16 12 36 12.600  96.46    -1.6 0     0.0 0     0.8 0    -0.4 0   244.9 0   271.32 0   271.08 0   296.4 0   270.72 0   270.68 0     0.0 0     0.0 0     0.0 0   -51.5 0   -51.5 0    -1.4 0    97.6 0     0.3 0   147.1 0  1015.2 0
 2019  16  1 16 12 37 12.617  96.27    -1.6 0     0.0 0     0.8 0    -0.4 0   245.1 0   271.31 0   271.06 0   296.5 0   270.72 0   270.71 0     0.0 0     0.0 0     0.0 0   -51.4 0   -51.4 0    -1.4 0    97.7 0     0.6 0   167.9 0  1015.2 0
 2019  16  1 16 12 38 12.633  96.07    -1.6 0    -0.1 0     0.8 0    -0.4 0   245.0 0   271.29 0   271.05 0   296.3 0   270.72 0   270.71 0     0.0 0     0.0 0     0.0 0   -51.4 0   -51.4 0    -1.5 0    97.6 0     0.5 0   163.8 0  1015.3 0
 2019  16  1 16 12 39 12.650  95.88    -1.6 0     0.0 0     0.8 0    -0.4 0   245.0 0   271.26 0   271.04 0   296.3 0   270.72 0   270.69 0     0.0 0     0.0 0     0.0 0   -51.3 0   -51.3 0    -1.5 0    97.5 0     0.2 0   172.5 0  1015.3 0
 2019  16  1 16 12 40 12.667  95.69    -1.6 0     0.0 0     0.8 0    -0.4 0   245.3 0   271.26 0   271.04 0   296.4 0   270.72 0   270.69 0     0.0 0     0.0 0     0.0 0   -51.1 0   -51.1 0    -1.6 0    97.7 0     0.4 0   184.5 0  1015.3 0
 2019  16  1 16 12 41 12.683  95.50    -1.9 0     0.0 0     0.8 0    -0.4 0   245.3 0   271.24 0   271.03 0   296.5 0   270.72 0   270.67 0     0.0 0     0.0 0     0.0 0   -51.2 0   -51.2 0    -1.6 0    97.7 0     0.2 0   194.1 0  1015.3 0
 2019  16  1 16 12 42 12.700  95.30    -1.8 0     0.0 0     0.8 0    -0.4 0   245.5 0   271.23 0   271.05 0   296.4 0   270.71 0   270.67 0     0.0 0     0.0 0     0.0 0   -50.9 0   -50.9 0    -1.6 0    97.7 0     0.0 0   194.1 0  1015.3 0
 2019  16  1 16 12 43 12.717  95.11    -1.9 0     0.0 0     0.8 0    -0.4 0   245.6 0   271.24 0   271.09 0   296.3 0   270.69 0   270.67 0     0.0 0     0.0 0     0.0 0   -50.7 0   -50.7 0    -1.6 0    97.7 0     0.0 0     0.0 0  1015.2 0
 2019  16  1 16 12 44 12.733  94.92    -2.0 0     0.0 0     0.9 0    -0.2 0   245.7 0   271.26 0   271.13 0   296.2 0   270.69 0   270.67 0     0.0 0     0.0 0     0.0 0   -50.5 0   -50.5 0    -1.6 0    97.6 0     0.0 0     0.0 0  1015.2 0
 2019  16  1 16 12 45 12.750  94.73    -1.8 0     0.0 0     0.8 0    -0.3 0   245.5 0   271.29 0   271.16 0   296.0 0   270.67 0   270.63 0     0.0 0     0.0 0     0.0 0   -50.5 0   -50.5 0    -1.6 0    97.5 0     0.0 0     0.0 0  1015.2 0
 2019  16  1 16 12 46 12.767  94.54    -1.6 0     0.0 0     0.8 0    -0.4 0   245.2 0   271.32 0   271.16 0   296.4 0   270.66 0   270.62 0     0.0 0     0.1 0     0.0 0   -51.2 0   -51.2 0    -1.7 0    97.5 0     0.0 0     0.0 0  1015.3 0
 2019  16  1 16 12 47 12.783  94.35    -1.4 0     0.0 0     0.8 0    -0.4 0   245.2 0   271.33 0   271.14 0   296.1 0   270.64 0   270.60 0     0.0 0     0.2 0     0.0 0   -50.8 0   -50.8 0    -1.7 0    97.6 0     0.0 0     0.0 0  1015.3 0
 2019  16  1 16 12 48 12.800  94.16    -1.2 0     0.0 0     0.8 0    -0.4 0   245.5 0   271.33 0   271.16 0   296.2 0   270.62 0   270.60 0     0.0 0     0.2 0     0.0 0   -50.7 0   -50.7 0    -1.7 0    97.6 0     0.0 0     0.0 0  1015.3 0
 2019  16  1 16 12 49 12.817  93.96    -1.2 0     0.0 0     0.9 0    -0.2 0   245.9 0   271.36 0   271.18 0   296.4 0   270.62 0   270.60 0     0.0 0     0.2 0     0.0 0   -50.6 0   -50.6 0    -1.7 0    97.7 0     0.0 0     0.0 0  1015.3 0
 2019  16  1 16 12 50 12.833  93.77    -1.2 0     0.0 0     0.8 0     0.0 0   245.6 0   271.36 0   271.16 0   296.5 0   270.61 0   270.59 0     0.0 0     0.2 0     0.0 0   -50.8 0   -50.8 0    -1.7 0    97.7 0     0.0 0     0.0 0  1015.4 0
 2019  16  1 16 12 51 12.850  93.58    -0.9 0     0.0 0     0.8 0     0.2 0   245.8 0   271.36 0   271.16 0   296.6 0   270.60 0   270.58 0     0.0 0     0.2 0     0.2 0   -50.8 0   -50.6 0    -1.6 0    97.7 0     0.0 0     0.0 0  1015.4 0
 2019  16  1 16 12 52 12.867  93.39    -0.8 0     0.0 0     0.8 0     0.4 0   246.0 0   271.36 0   271.16 0   296.8 0   270.59 0   270.57 0     0.0 0     0.2 0     0.4 0   -50.8 0   -50.4 0    -1.6 0    97.7 0     0.4 0   188.4 0  1015.4 0
 2019  16  1 16 12 53 12.883  93.20    -0.8 0     0.0 0     0.8 0     0.4 0   245.9 0   271.36 0   271.16 0   296.8 0   270.59 0   270.58 0     0.0 0     0.4 0     0.4 0   -50.9 0   -50.5 0    -1.6 0    97.8 0     0.4 0   186.5 0  1015.4 0
 2019  16  1 16 12 54 12.900  93.01    -0.8 0     0.1 0     0.8 0     0.8 0   245.9 0   271.36 0   271.16 0   296.8 0   270.59 0   270.57 0     0.0 0     0.5 0     0.6 0   -50.9 0   -50.3 0    -1.5 0    97.7 0     0.2 0   189.9 0  1015.4 0
 2019  16  1 16 12 55 12.917  92.82    -0.4 0     0.4 0     0.8 0     1.1 0   245.7 0   271.36 0   271.16 0   296.5 0   270.58 0   270.57 0     0.0 0     0.7 0     0.7 0   -50.8 0   -50.1 0    -1.5 0    97.7 0     0.2 0   166.0 0  1015.3 0
 2019  16  1 16 12 56 12.933  92.63    -0.2 0     0.4 0     0.8 0     1.1 0   245.9 0   271.36 0   271.16 0   296.3 0   270.57 0   270.57 0     0.0 0     0.7 0     0.7 0   -50.4 0   -49.7 0    -1.5 0    97.6 0     0.0 0     0.0 0  1015.3 0
 2019  16  1 16 12 57 12.950  92.45     0.2 0     0.5 0     0.8 0     1.5 0   245.8 0   271.36 0   271.18 0   296.4 0   270.57 0   270.56 0     0.0 0     0.8 0     1.0 0   -50.5 0   -49.5 0    -1.5 0    97.5 0     0.0 0     0.0 0  1015.3 0
 2019  16  1 16 12 58 12.967  92.26     0.6 0     0.8 0     0.8 0     1.9 0   245.5 0   271.36 0   271.19 0   296.6 0   270.57 0   270.55 0     0.0 0     1.1 0     1.0 0   -51.1 0   -50.0 0    -1.5 0    97.5 0     0.0 0     0.0 0  1015.3 0
 2019  16  1 16 12 59 12.983  92.07     1.0 0     0.8 0     0.9 0     1.9 0   245.4 0   271.36 0   271.18 0   296.5 0   270.55 0   270.53 0     0.0 0     1.2 0     1.1 0   -51.1 0   -50.0 0    -1.6 0    97.4 0     0.0 0     0.0 0  1015.3 0
 2019  16  1 16 13  0 13.000  91.88     1.3 0     0.8 0     1.0 0     2.2 0   245.5 0   271.36 0   271.16 0   296.7 0   270.54 0   270.52 0     0.0 0     1.3 0     1.4 0   -51.2 0   -49.8 0    -1.6 0    97.4 0     0.0 0     0.0 0  1015.4 0
 2019  16  1 16 13  1 13.017  91.69     1.7 0     0.8 0     1.2 0     2.6 0   245.6 0   271.36 0   271.16 0   296.6 0   270.52 0   270.50 0     0.0 0     1.6 0     1.8 0   -51.0 0   -49.2 0    -1.6 0    97.3 0     0.0 0     0.0 0  1015.3 0
 2019  16  1 16 13  2 13.033  91.50     2.1 0     0.8 0     0.9 0     3.0 0   245.8 0   271.36 0   271.16 0   296.7 0   270.52 0   270.50 0     0.0 0     1.7 0     2.2 0   -50.9 0   -48.7 0    -1.7 0    97.4 0     0.0 0     0.0 0  1015.3 0
 2019  16  1 16 13  3 13.050  91.31     2.6 0     1.0 0     0.9 0     3.5 0   245.8 0   271.36 0   271.16 0   296.6 0   270.50 0   270.50 0     0.0 0     2.0 0     2.4 0   -50.8 0   -48.4 0    -1.7 0    97.5 0     0.0 0     0.0 0  1015.4 0
 2019  16  1 16 13  4 13.067  91.13     3.0 0     1.2 0     0.9 0     4.0 0   245.8 0   271.36 0   271.15 0   296.7 0   270.50 0   270.47 0     0.0 0     2.2 0     2.8 0   -51.0 0   -48.2 0    -1.7 0    97.5 0     0.0 0     0.0 0  1015.4 0
 2019  16  1 16 13  5 13.083  90.94     3.5 0     1.2 0     0.8 0     4.5 0   246.1 0   271.36 0   271.14 0   296.6 0   270.47 0   270.45 0     0.0 0     2.5 0     3.2 0   -50.6 0   -47.3 0    -1.7 0    97.5 0     0.0 0     0.0 0  1015.4 0
 2019  16  1 16 13  6 13.100  89.99     3.9 0     1.2 0     0.8 0     5.0 0   245.9 0   271.34 0   271.13 0   296.7 0   270.47 0   270.44 0     0.3 0     2.7 0     3.8 0   -50.8 0   -47.0 0    -1.7 0    97.5 0     0.1 0   187.8 0  1015.4 0
 2019  16  1 16 13  7 13.117  89.86     4.4 0     1.6 0     0.8 0     5.7 0   245.9 0   271.33 0   271.15 0   296.8 0   270.46 0   270.43 0     0.4 0     3.1 0     4.1 0   -50.9 0   -46.8 0    -1.7 0    97.4 0     0.2 0   203.8 0  1015.4 0
 2019  16  1 16 13  8 13.133  89.73     4.9 0     1.6 0     0.8 0     6.0 0   246.0 0   271.34 0   271.18 0   296.8 0   270.45 0   270.43 0     0.4 0     3.3 0     4.4 0   -50.8 0   -46.4 0    -1.7 0    97.5 0     0.3 0   184.7 0  1015.4 0
 2019  16  1 16 13  9 13.150  89.59     5.5 0     1.7 0     0.8 0     6.6 0   246.0 0   271.36 0   271.19 0   296.8 0   270.45 0   270.42 0     0.4 0     3.6 0     4.9 0   -50.8 0   -45.9 0    -1.7 0    97.5 0     0.2 0   180.9 0  1015.3 0
 2019  16  1 16 13 10 13.167  89.44     6.1 0     2.0 0     0.8 0     7.1 0   245.8 0   271.36 0   271.19 0   296.8 0   270.44 0   270.42 0     0.4 0     4.0 0     5.1 0   -51.0 0   -45.9 0    -1.7 0    97.5 0     0.0 0   173.2 0  1015.3 0
 2019  16  1 16 13 11 13.183  89.29     6.7 0     2.0 0     0.8 0     7.7 0   245.7 0   271.37 0   271.21 0   296.7 0   270.42 0   270.41 0     0.5 0     4.3 0     5.7 0   -51.0 0   -45.2 0    -1.7 0    97.5 0     0.0 0     0.0 0  1015.4 0
 2019  16  1 16 13 12 13.200  89.14     7.1 0     2.4 0     0.8 0     8.4 0   245.7 0   271.38 0   271.21 0   297.0 0   270.42 0   270.41 0     0.5 0     4.6 0     6.0 0   -51.3 0   -45.3 0    -1.7 0    97.5 0     0.0 0     0.0 0  1015.4 0
 2019  16  1 16 13 13 13.217  88.99     7.8 0     2.4 0     0.8 0     9.1 0   245.5 0   271.38 0   271.20 0   297.1 0   270.41 0   270.40 0     0.5 0     4.8 0     6.7 0   -51.6 0   -44.9 0    -1.7 0    97.3 0     0.0 0     0.0 0  1015.4 0
 2019  16  1 16 13 14 13.233  88.83     8.5 0     2.8 0     0.8 0     9.8 0   245.5 0   271.39 0   271.20 0   297.4 0   270.40 0   270.38 0     0.6 0     5.2 0     7.0 0   -51.8 0   -44.8 0    -1.7 0    97.3 0     0.0 0     0.0 0  1015.4 0
 2019  16  1 16 13 15 13.250  88.67     9.2 0     2.8 0     0.8 0    10.6 0   245.9 0   271.40 0   271.21 0   297.5 0   270.38 0   270.38 0     0.7 0     5.6 0     7.8 0   -51.5 0   -43.8 0    -1.7 0    97.3 0     0.0 0     0.0 0  1015.4 0
 2019  16  1 16 13 16 13.267  88.51     9.9 0     2.8 0     0.9 0    11.4 0   245.8 0   271.41 0   271.24 0   297.6 0   270.38 0   270.38 0     0.7 0     6.0 0     8.6 0   -51.8 0   -43.2 0    -1.7 0    97.2 0     0.0 0     0.0 0  1015.4 0
 2019  16  1 16 13 17 13.283  88.34    10.7 0     3.1 0     1.0 0    12.2 0   245.9 0   271.41 0   271.24 0   297.9 0   270.37 0   270.37 0     0.7 0     6.4 0     9.1 0   -52.0 0   -43.0 0    -1.8 0    97.2 0     0.0 0     0.0 0  1015.4 0
 2019  16  1 16 13 18 13.300  88.18    11.4 0     3.8 0     1.0 0    13.0 0   245.7 0   271.41 0   271.24 0   298.1 0   270.36 0   270.37 0     0.8 0     6.9 0     9.2 0   -52.4 0   -43.2 0    -1.8 0    97.3 0     0.0 0     0.0 0  1015.4 0
 2019  16  1 16 13 19 13.317  88.01    12.2 0     5.3 0     1.1 0    13.7 0   245.6 0   271.41 0   271.24 0   298.2 0   270.35 0   270.37 0     0.8 0     7.3 0     8.4 0   -52.6 0   -44.2 0    -1.7 0    97.4 0     0.0 0     0.0 0  1015.4 0
 2019  16  1 16 13 20 13.333  87.84    13.0 0     6.6 0     1.5 0    14.5 0   245.7 0   271.41 0   271.22 0   298.6 0   270.35 0   270.38 0     0.8 0     7.7 0     8.0 0   -52.9 0   -44.9 0    -1.7 0    97.5 0     0.0 0     0.0 0  1015.4 0
 2019  16  1 16 13 21 13.350  87.67    13.9 0     6.9 0     6.7 0    15.3 0   245.7 0   271.41 0   271.21 0   298.6 0   270.35 0   270.40 0     0.9 0     8.2 0     8.7 0   -52.9 0   -44.2 0    -1.7 0    97.5 0     0.0 0     0.0 0  1015.4 0
 2019  16  1 16 13 22 13.367  87.50    15.2 0     7.5 0    20.7 0    16.2 0   245.8 0   271.41 0   271.21 0   298.9 0   270.36 0   270.42 0     0.9 0     8.8 0     9.6 0   -53.2 0   -43.6 0    -1.6 0    97.6 0     0.0 0     0.0 0  1015.5 0
 2019  16  1 16 13 23 13.383  87.33    16.5 0     8.0 0    33.4 0    17.0 0   245.9 0   271.41 0   271.21 0   299.3 0   270.38 0   270.44 0     1.0 0     9.3 0    10.6 0   -53.4 0   -42.8 0    -1.5 0    97.6 0     0.0 0     0.0 0  1015.5 0
 2019  16  1 16 13 24 13.400  87.16    18.1 0     8.8 0    70.3 0    17.9 0   246.0 0   271.41 0   271.21 0   299.6 0   270.38 0   270.47 0     1.0 0    10.0 0    12.6 0   -53.6 0   -41.1 0    -1.4 0    97.7 0     0.1 0   123.1 0  1015.5 0
 2019  16  1 16 13 25 13.417  86.99    20.9 0    10.0 0   144.9 0    18.9 0   246.0 0   271.41 0   271.23 0   300.0 0   270.40 0   270.50 0     1.1 0    10.7 0    16.5 0   -53.9 0   -37.4 0    -1.3 0    97.6 0     0.1 0   123.4 0  1015.5 0
 2019  16  1 16 13 26 13.433  86.81    24.0 0    11.2 0   190.3 0    19.9 0   245.9 0   271.42 0   271.26 0   300.3 0   270.42 0   270.52 0     1.1 0    11.4 0    19.2 0   -54.4 0   -35.2 0    -1.3 0    97.4 0     0.4 0   122.9 0  1015.5 0
 2019  16  1 16 13 27 13.450  86.64    26.2 0    12.2 0   202.1 0    20.7 0   246.1 0   271.45 0   271.29 0   300.7 0   270.44 0   270.54 0     1.2 0    12.1 0    20.4 0   -54.7 0   -34.2 0    -1.3 0    97.3 0     0.4 0   120.3 0  1015.5 0
 2019  16  1 16 13 28 13.467  86.47    28.5 0    13.0 0   212.7 0    21.6 0   246.2 0   271.48 0   271.33 0   301.2 0   270.47 0   270.56 0     1.3 0    12.7 0    21.7 0   -54.9 0   -33.2 0    -1.3 0    97.3 0     0.4 0   119.4 0  1015.5 0
 2019  16  1 16 13 29 13.483  86.29    31.1 0    13.8 0   224.6 0    22.5 0   246.3 0   271.52 0   271.37 0   301.5 0   270.50 0   270.59 0     1.4 0    13.5 0    23.2 0   -55.3 0   -32.0 0    -1.3 0    97.3 0     0.4 0   112.9 0  1015.5 0
 2019  16  1 16 13 30 13.500  86.12    33.6 0    14.5 0   235.2 0    23.3 0   246.4 0   271.56 0   271.41 0   302.0 0   270.53 0   270.63 0     1.4 0    14.2 0    24.7 0   -55.6 0   -30.9 0    -1.2 0    97.3 0     0.4 0   119.2 0  1015.5 0
 2019  16  1 16 13 31 13.517  85.94    36.1 0    15.2 0   245.7 0    24.1 0   246.3 0   271.60 0   271.45 0   302.4 0   270.56 0   270.67 0     1.5 0    15.0 0    26.3 0   -56.1 0   -29.8 0    -1.2 0    97.2 0     0.5 0   107.5 0  1015.5 0
 2019  16  1 16 13 32 13.533  85.77    38.4 0    15.9 0   255.0 0    25.0 0   246.4 0   271.64 0   271.49 0   302.6 0   270.59 0   270.69 0     1.6 0 -9999.9 1    27.9 0   -56.2 0   -28.4 0    -1.2 0    97.1 0     0.4 0   101.3 0  1015.5 0
 2019  16  1 16 13 33 13.550  85.59    40.9 0    16.7 0   267.9 0    25.8 0   246.5 0   271.69 0   271.53 0   303.2 0   270.63 0   270.75 0     1.7 0 -9999.9 1    29.7 0   -56.7 0   -27.0 0    -1.2 0    97.2 0     0.6 0   120.6 0  1015.4 0
 2019  16  1 16 13 34 13.567  85.42    42.9 0    17.3 0   276.1 0    26.6 0   246.6 0   271.73 0   271.58 0   303.5 0   270.67 0   270.79 0     1.8 0 -9999.9 1    31.3 0   -56.9 0   -25.5 0    -1.2 0    97.2 0     0.6 0   132.4 0  1015.5 0
 2019  16  1 16 13 35 13.583  85.24    45.2 0    18.0 0   287.8 0    27.4 0   246.8 0   271.78 0   271.64 0   304.0 0   270.71 0   270.83 0     1.9 0 -9999.9 1    33.3 0   -57.1 0   -23.9 0    -1.2 0    97.1 0     0.5 0   128.0 0  1015.5 0
 2019  16  1 16 13 36 13.600  85.07    47.5 0    18.7 0   297.6 0    28.3 0   246.9 0   271.84 0   271.71 0   304.4 0   270.75 0   270.87 0     2.0 0 -9999.9 1    35.1 0   -57.5 0   -22.4 0    -1.1 0    97.1 0     0.6 0   139.6 0  1015.5 0
 2019  16  1 16 13 37 13.617  84.89    49.8 0    19.4 0   307.2 0    29.1 0   246.9 0   271.89 0   271.75 0   304.8 0   270.79 0   270.91 0     2.1 0 -9999.9 1    37.0 0   -57.9 0   -20.8 0    -1.1 0    96.9 0     0.7 0   136.6 0  1015.6 0
 2019  16  1 16 13 38 13.633  84.72    52.2 0    20.1 0   318.2 0    29.9 0   247.2 0   271.94 0   271.79 0   305.2 0   270.84 0   270.95 0     2.2 0 -9999.9 1    39.1 0   -58.0 0   -18.9 0    -1.1 0    97.0 0     0.6 0   152.3 0  1015.6 0
 2019  16  1 16 13 39 13.650  84.54    54.6 0    20.8 0   329.0 0    30.7 0   247.2 0   271.99 0   271.86 0   305.6 0   270.88 0   271.00 0     2.3 0 -9999.9 1    41.2 0   -58.4 0   -17.2 0    -1.1 0    97.0 0     0.6 0   143.3 0  1015.6 0
 2019  16  1 16 13 40 13.667  84.37    56.9 0    21.6 0   336.9 0    31.4 0   247.1 0   272.05 0   271.92 0   305.9 0   270.93 0   271.03 0     2.4 0 -9999.9 1    42.9 0   -58.8 0   -15.8 0    -1.0 0    96.8 0     0.5 0   133.0 0  1015.6 0
 2019  16  1 16 13 41 13.683  84.19    59.1 0    22.2 0   344.7 0    32.2 0   247.2 0   272.12 0   271.97 0   306.4 0   270.97 0   271.09 0     2.5 0 -9999.9 1    44.8 0   -59.2 0   -14.4 0    -1.0 0    97.0 0     0.7 0   131.4 0  1015.6 0
 2019  16  1 16 13 42 13.700  84.02    61.6 0    23.0 0   354.7 0    32.9 0   247.3 0   272.18 0   272.03 0   306.7 0   271.02 0   271.13 0     2.6 0 -9999.9 1    46.8 0   -59.4 0   -12.6 0    -1.0 0    96.8 0     0.6 0   115.8 0  1015.6 0
 2019  16  1 16 13 43 13.717  83.84    63.8 0    23.6 0   362.3 0    33.6 0   247.3 0   272.24 0   272.09 0   307.0 0   271.06 0   271.17 0     2.7 0 -9999.9 1    48.8 0   -59.7 0   -10.9 0    -0.9 0    96.8 0     0.6 0    96.7 0  1015.6 0
 2019  16  1 16 13 44 13.733  83.67    66.1 0    24.2 0   369.3 0    34.3 0   247.3 0   272.29 0   272.12 0   307.5 0   271.11 0   271.23 0     2.8 0    27.1 0    50.8 0   -60.3 0    -9.4 0    -0.9 0    96.8 0     0.6 0    97.3 0  1015.6 0
 2019  16  1 16 13 45 13.750  83.49    68.6 0    24.9 0   379.0 0    35.0 0   247.5 0   272.34 0   272.16 0   308.0 0   271.16 0   271.29 0     2.9 0    28.3 0    53.0 0   -60.6 0    -7.5 0    -0.8 0    96.8 0     0.6 0   114.0 0  1015.5 0
 2019  16  1 16 13 46 13.767  83.32    70.9 0    25.6 0   386.1 0    35.8 0   247.6 0   272.39 0   272.21 0   308.3 0   271.22 0   271.34 0     3.1 0    29.3 0    55.0 0   -60.6 0    -5.6 0    -0.7 0    96.6 0     0.6 0   110.7 0  1015.5 0
 2019  16  1 16 13 47 13.783  83.15    73.0 0    26.3 0   391.2 0    36.4 0   247.7 0   272.44 0   272.27 0   308.5 0   271.27 0   271.39 0     3.2 0    30.4 0    56.8 0   -60.8 0    -4.0 0    -0.7 0    96.5 0     0.7 0   105.5 0  1015.5 0
 2019  16  1 16 13 48 13.800  82.97    75.8 0    27.1 0   403.1 0    37.1 0   247.8 0   272.48 0   272.31 0   309.1 0   271.32 0   271.46 0     3.3 0    31.8 0    59.3 0   -61.3 0    -2.0 0    -0.6 0    96.4 0     0.9 0   108.1 0  1015.5 0
 2019  16  1 16 13 49 13.817  82.80    78.0 0    27.7 0   408.9 0    37.8 0   247.9 0   272.53 0   272.37 0   309.3 0   271.39 0   271.51 0     3.4 0    32.9 0    61.4 0   -61.4 0     0.0 0    -0.6 0    96.3 0     0.7 0   112.8 0  1015.6 0
 2019  16  1 16 13 50 13.833  82.62    80.6 0    28.5 0   418.4 0    38.5 0   248.1 0   272.59 0   272.43 0   309.5 0   271.44 0   271.55 0     3.6 0    34.2 0    63.7 0   -61.4 0     2.3 0    -0.6 0    96.2 0     0.7 0   106.0 0  1015.6 0
 2019  16  1 16 13 51 13.850  82.45    82.8 0    29.2 0   424.2 0    39.1 0   248.1 0   272.65 0   272.48 0   310.1 0   271.49 0   271.62 0     3.7 0    35.3 0    65.7 0   -62.0 0     3.7 0    -0.5 0    96.4 0     0.7 0   120.3 0  1015.6 0
 2019  16  1 16 13 52 13.867  82.28    85.1 0    29.8 0   431.2 0    39.8 0   248.2 0   272.71 0   272.55 0   310.3 0   271.55 0   271.67 0     3.9 0    36.5 0    67.9 0   -62.1 0     5.8 0    -0.4 0    96.2 0     0.7 0   113.5 0  1015.6 0
 2019  16  1 16 13 53 13.883  82.10    87.4 0    30.4 0   437.6 0    40.4 0   248.2 0   272.76 0   272.60 0   310.7 0   271.61 0   271.73 0     4.0 0    37.7 0    70.1 0   -62.4 0     7.7 0    -0.4 0    96.1 0     0.8 0   122.0 0  1015.6 0
 2019  16  1 16 13 54 13.900  81.93    90.1 0    31.1 0   446.1 0    41.1 0   248.4 0   272.83 0   272.69 0   310.9 0   271.66 0   271.79 0     4.1 0    39.2 0    72.6 0   -62.6 0    10.0 0    -0.4 0    95.7 0     1.0 0   123.2 0  1015.6 0
 2019  16  1 16 13 55 13.917  81.76    92.7 0    31.8 0   454.9 0    41.8 0   248.7 0   272.90 0   272.76 0   311.3 0   271.72 0   271.86 0     4.3 0    40.6 0    75.2 0   -62.6 0    12.6 0    -0.4 0    95.8 0     1.1 0   133.7 0  1015.6 0
 2019  16  1 16 13 56 13.933  81.59    94.8 0    32.4 0   460.2 0    42.3 0   248.9 0   272.97 0   272.85 0   311.5 0   271.78 0   271.91 0     4.4 0    41.8 0    77.2 0   -62.7 0    14.6 0    -0.4 0    95.5 0     0.9 0   136.0 0  1015.6 0
 2019  16  1 16 13 57 13.950  81.41    97.1 0    33.0 0   466.8 0    42.9 0   249.0 0   273.05 0   272.93 0   312.0 0   271.83 0   271.96 0     4.6 0    43.2 0    79.6 0   -63.0 0    16.7 0    -0.3 0    95.7 0     1.1 0   138.8 0  1015.6 0
 2019  16  1 16 13 58 13.967  81.24    99.6 0    33.4 0   472.8 0    43.6 0   249.3 0   273.13 0   273.02 0   312.7 0   271.88 0   272.04 0     4.7 0    44.6 0    82.1 0   -63.4 0    18.7 0    -0.3 0    96.1 0     1.1 0   135.4 0  1015.6 0
 2019  16  1 16 13 59 13.983  81.07   101.8 0    34.1 0   478.5 0    44.2 0   249.1 0   273.22 0   273.10 0   312.9 0   271.95 0   272.09 0     4.9 0    45.9 0    84.5 0   -63.8 0    20.7 0    -0.2 0    95.6 0     0.9 0   138.5 0  1015.6 0
 2019  16  1 16 14  0 14.000  80.90   104.1 0    34.6 0   483.1 0    44.9 0   249.2 0   273.30 0   273.18 0   313.3 0   272.01 0   272.15 0     5.0 0    47.3 0    86.7 0   -64.1 0    22.6 0    -0.1 0    95.6 0     0.9 0   149.0 0  1015.6 0
 2019  16  1 16 14  1 14.017  80.73   106.4 0    35.1 0   488.5 0    45.7 0   249.4 0   273.38 0   273.26 0   313.7 0   272.06 0   272.22 0     5.2 0    48.9 0    89.3 0   -64.3 0    25.0 0    -0.1 0    95.5 0     0.9 0   155.4 0  1015.7 0
 2019  16  1 16 14  2 14.033  80.55   108.6 0    35.7 0   492.5 0    46.4 0   249.4 0   273.46 0   273.32 0   314.1 0   272.12 0   272.26 0     5.4 0    50.7 0    91.5 0   -64.7 0    26.9 0     0.0 0    95.6 0     0.3 0   149.4 0  1015.7 0
 2019  16  1 16 14  3 14.050  80.38   110.9 0    36.5 0   497.4 0    47.1 0   249.2 0   273.53 0   273.37 0   314.4 0   272.16 0   272.29 0     5.5 0    53.1 0    93.7 0   -65.1 0    28.6 0     0.1 0    95.6 0     0.2 0   173.1 0  1015.7 0
 2019  16  1 16 14  4 14.067  80.21   113.0 0    36.9 0   501.6 0    47.6 0   249.5 0   273.59 0   273.42 0   314.8 0   272.21 0   272.34 0     5.7 0    54.5 0    95.9 0   -65.3 0    30.6 0     0.2 0    95.5 0     0.3 0   171.2 0  1015.7 0
 2019  16  1 16 14  5 14.083  80.04   115.3 0    37.4 0   506.6 0    48.2 0   249.8 0   273.65 0   273.49 0   315.5 0   272.26 0   272.41 0     5.9 0    55.7 0    98.3 0   -65.6 0    32.7 0     0.3 0    95.1 0     0.9 0   178.9 0  1015.7 0
 2019  16  1 16 14  6 14.100  79.87   117.6 0    37.8 0   513.0 0    48.7 0   250.2 0   273.71 0   273.58 0   315.8 0   272.32 0   272.47 0     6.1 0    56.8 0   101.2 0   -65.6 0    35.6 0     0.3 0    94.9 0     0.4 0   152.4 0  1015.7 0
 2019  16  1 16 14  7 14.117  79.70   119.9 0    38.3 0   518.0 0    49.4 0   250.7 0   273.79 0   273.71 0   316.3 0   272.37 0   272.53 0     6.2 0    58.0 0   103.7 0   -65.6 0    38.2 0     0.4 0    94.8 0     1.0 0   161.5 0  1015.7 0
 2019  16  1 16 14  8 14.133  79.53   122.2 0    38.4 0   523.0 0    50.0 0   251.1 0   273.89 0   273.84 0   316.9 0   272.43 0   272.62 0     6.4 0    59.1 0   106.7 0   -65.7 0    40.9 0     0.4 0    94.9 0     1.4 0   159.2 0  1015.7 0
 2019  16  1 16 14  9 14.150  79.36   124.6 0    38.7 0   528.8 0    50.6 0   251.4 0   274.00 0   273.97 0   317.4 0   272.52 0   272.72 0     6.6 0    60.5 0   109.5 0   -66.0 0    43.5 0     0.5 0    94.9 0     1.4 0   160.3 0  1015.7 0
 2019  16  1 16 14 10 14.167  79.20   126.9 0    39.1 0   533.3 0    51.1 0   251.3 0   274.12 0   274.09 0   317.6 0   272.59 0   272.80 0     6.8 0    61.7 0   112.0 0   -66.3 0    45.7 0     0.6 0    94.7 0     1.6 0   153.2 0  1015.7 0
 2019  16  1 16 14 11 14.183  79.03   129.2 0    39.7 0   537.0 0    51.6 0   251.4 0   274.24 0   274.19 0   317.9 0   272.67 0   272.86 0     7.0 0    62.8 0   114.1 0   -66.5 0    47.6 0     0.6 0    94.8 0     1.0 0   151.1 0  1015.7 0
 2019  16  1 16 14 12 14.200  78.86   131.9 0    40.4 0   543.4 0    51.9 0   251.2 0   274.35 0   274.27 0   318.1 0   272.74 0   272.92 0     7.2 0    64.2 0   116.5 0   -66.9 0    49.6 0     0.7 0    94.8 0     1.2 0   143.2 0  1015.7 0
 2019  16  1 16 14 13 14.217  78.69   134.3 0    41.0 0   547.6 0    52.1 0   251.0 0   274.45 0   274.35 0   318.3 0   272.80 0   272.97 0     7.4 0    65.8 0   118.5 0   -67.3 0    51.2 0     0.7 0    94.6 0     0.8 0   129.4 0  1015.7 0
 2019  16  1 16 14 14 14.233  78.52   136.9 0    41.6 0   552.3 0    52.5 0   251.0 0   274.55 0   274.47 0   318.8 0   272.85 0   273.03 0     7.6 0    67.6 0   120.8 0   -67.8 0    53.0 0     0.7 0    94.6 0     1.0 0   135.6 0  1015.8 0
 2019  16  1 16 14 15 14.250  78.35   139.3 0    42.2 0   557.0 0    53.1 0   251.1 0   274.65 0   274.56 0   319.1 0   272.91 0   273.09 0     7.8 0    70.0 0   123.3 0   -68.0 0    55.3 0     0.8 0    94.3 0     0.8 0   139.5 0  1015.8 0
 2019  16  1 16 14 16 14.267  78.19   141.5 0    42.7 0   561.0 0    53.4 0   251.3 0   274.75 0   274.66 0   319.6 0   272.97 0   273.15 0     8.1 0    73.4 0   125.5 0   -68.3 0    57.2 0     0.8 0    94.3 0     1.0 0   161.9 0  1015.8 0
 2019  16  1 16 14 17 14.283  78.02   144.1 0    43.2 0   566.2 0    54.0 0   251.6 0   274.86 0   274.77 0   320.1 0   273.02 0   273.22 0     8.3 0    76.6 0   128.3 0   -68.5 0    59.8 0     0.9 0    94.1 0     1.1 0   147.8 0  1015.8 0
 2019  16  1 16 14 18 14.300  77.85   146.8 0    43.8 0   572.6 0    54.5 0   251.5 0   274.96 0   274.86 0   320.7 0   273.09 0   273.30 0     8.5 0    78.2 0   131.2 0   -69.1 0    62.0 0     0.9 0    94.1 0     1.5 0   154.2 0  1015.8 0
 2019  16  1 16 14 19 14.317  77.69   149.2 0    44.3 0   577.0 0    55.0 0   251.7 0   275.06 0   274.95 0   320.8 0   273.15 0   273.38 0     8.7 0    76.2 0   133.7 0   -69.1 0    64.6 0     1.0 0    93.9 0     1.6 0   136.7 0  1015.8 0
 2019  16  1 16 14 20 14.333  77.52   151.9 0    44.8 0   581.8 0    55.4 0   251.7 0   275.16 0   275.04 0   321.5 0   273.21 0   273.43 0     8.9 0    76.9 0   136.4 0   -69.8 0    66.5 0     1.0 0    94.0 0     1.5 0   141.7 0  1015.8 0
 2019  16  1 16 14 21 14.350  77.36   154.6 0    45.3 0   587.2 0    55.8 0   251.8 0   275.25 0   275.13 0   321.8 0   273.27 0   273.50 0     9.1 0    78.1 0   139.0 0   -70.1 0    68.9 0     1.0 0    93.8 0     1.8 0   144.1 0  1015.8 0
 2019  16  1 16 14 22 14.367  77.19   157.5 0    45.7 0   592.5 0    56.2 0   251.8 0   275.34 0   275.21 0   322.5 0   273.33 0   273.56 0     9.4 0    79.5 0   141.9 0   -70.7 0    71.2 0     1.1 0    93.9 0     1.5 0   137.9 0  1015.8 0
 2019  16  1 16 14 23 14.383  77.03   160.0 0    46.3 0   596.2 0    56.7 0   251.7 0   275.43 0   275.29 0   323.0 0   273.39 0   273.62 0     9.6 0    80.7 0   144.2 0   -71.4 0    72.9 0     1.1 0    93.9 0     1.6 0   151.2 0  1015.9 0
 2019  16  1 16 14 24 14.400  76.86   162.8 0    46.9 0   600.9 0    57.3 0   251.7 0   275.51 0   275.36 0   323.4 0   273.47 0   273.69 0     9.8 0    82.1 0   147.0 0   -71.8 0    75.2 0     1.2 0    93.8 0     1.5 0   150.0 0  1015.9 0
 2019  16  1 16 14 25 14.417  76.70   165.4 0    47.5 0   603.7 0    57.8 0   251.7 0   275.60 0   275.43 0   323.7 0   273.54 0   273.76 0    10.0 0    83.3 0   149.2 0   -72.0 0    77.2 0     1.2 0    93.4 0     2.0 0   155.9 0  1016.0 0
 2019  16  1 16 14 26 14.433  76.53   168.0 0    48.2 0   607.0 0    58.4 0   251.8 0   275.68 0   275.51 0   324.3 0   273.62 0   273.83 0    10.3 0    84.5 0   151.6 0   -72.5 0    79.1 0     1.2 0    93.3 0     1.7 0   150.4 0  1016.0 0
 2019  16  1 16 14 27 14.450  76.37   170.4 0    48.8 0   609.3 0    58.8 0   251.7 0   275.75 0   275.59 0   325.1 0   273.70 0   273.91 0    10.5 0    85.6 0   153.7 0   -73.4 0    80.3 0     1.3 0    93.4 0     1.4 0   162.6 0  1016.0 0
 2019  16  1 16 14 28 14.467  76.21   173.0 0    49.4 0   612.0 0    59.5 0   251.8 0   275.83 0   275.66 0   325.5 0   273.77 0   273.98 0    10.7 0    86.7 0   156.1 0   -73.7 0    82.4 0     1.3 0    93.1 0     1.7 0   152.9 0  1016.0 0
 2019  16  1 16 14 29 14.483  76.05   175.3 0    49.9 0   613.9 0    59.9 0   252.1 0   275.91 0   275.76 0   326.1 0   273.85 0   274.06 0    11.0 0    87.7 0   158.1 0   -74.0 0    84.0 0     1.4 0    93.1 0     1.4 0   164.7 0  1016.0 0
 2019  16  1 16 14 30 14.500  75.88   178.2 0    50.7 0   617.7 0    60.4 0   251.9 0   275.99 0   275.82 0   326.8 0   273.92 0   274.14 0    11.2 0    89.0 0   160.4 0   -74.9 0    85.4 0     1.4 0    93.0 0     1.5 0   161.2 0  1016.0 0
 2019  16  1 16 14 31 14.517  75.72   180.8 0    51.4 0   621.7 0    60.6 0   252.1 0   276.06 0   275.89 0   327.6 0   274.00 0   274.21 0    11.5 0    90.2 0   162.6 0   -75.5 0    87.1 0     1.5 0    92.9 0     1.4 0   169.3 0  1016.0 0
 2019  16  1 16 14 32 14.533  75.56   183.7 0    52.1 0   625.8 0    61.1 0   252.1 0   276.14 0   275.96 0   328.2 0   274.07 0   274.29 0    11.7 0    91.5 0   165.1 0   -76.0 0    89.0 0     1.5 0    92.9 0     1.1 0   168.3 0  1016.1 0
 2019  16  1 16 14 33 14.550  75.40   186.6 0    52.9 0   629.4 0    61.7 0   252.1 0   276.21 0   276.04 0   328.7 0   274.15 0   274.37 0    12.0 0    92.8 0   167.6 0   -76.6 0    90.9 0     1.6 0    92.9 0     1.1 0   167.3 0  1016.1 0
 2019  16  1 16 14 34 14.567  75.24   189.2 0    53.5 0   632.7 0    62.1 0   252.1 0   276.29 0   276.12 0   329.1 0   274.23 0   274.44 0    12.2 0    94.0 0   169.8 0   -76.9 0    92.9 0     1.7 0    92.4 0     1.2 0   168.1 0  1016.1 0
 2019  16  1 16 14 35 14.583  75.08   192.2 0    54.2 0   635.2 0    62.6 0   252.2 0   276.36 0   276.18 0   329.8 0   274.30 0   274.52 0    12.5 0    95.2 0   172.0 0   -77.6 0    94.4 0     1.8 0    92.5 0     0.9 0   161.4 0  1016.1 0
 2019  16  1 16 14 36 14.600  74.92   194.9 0    54.9 0   639.0 0    63.2 0   252.3 0   276.44 0   276.26 0   330.4 0   274.38 0   274.59 0    12.7 0    96.5 0   174.6 0   -78.1 0    96.5 0     1.8 0    92.1 0     1.3 0   164.1 0  1016.1 0
 2019  16  1 16 14 37 14.617  74.76   197.2 0    55.5 0   638.7 0    63.8 0   252.4 0   276.51 0   276.34 0   330.9 0   274.46 0   274.68 0    13.0 0    97.4 0   176.3 0   -78.5 0    97.8 0     1.9 0    92.1 0     0.8 0   168.4 0  1016.1 0
 2019  16  1 16 14 38 14.633  74.60   200.2 0    56.1 0   643.8 0    64.3 0   252.9 0   276.59 0   276.45 0   331.9 0   274.54 0   274.76 0    13.3 0    98.8 0   179.2 0   -79.0 0   100.1 0     2.0 0    92.3 0     0.9 0   171.5 0  1016.1 0
 2019  16  1 16 14 39 14.650  74.44   203.1 0    56.9 0   647.5 0    64.5 0   252.4 0   276.68 0   276.50 0   331.7 0   274.62 0   274.84 0    13.6 0   100.1 0   181.3 0   -79.3 0   102.0 0     2.1 0    91.2 0     1.6 0   153.7 0  1016.1 0
 2019  16  1 16 14 40 14.667  74.28   206.1 0    57.7 0   650.2 0    65.1 0   252.7 0   276.75 0   276.58 0   332.0 0   274.69 0   274.91 0    13.9 0   101.4 0   183.5 0   -79.3 0   104.3 0     2.0 0    90.9 0     1.5 0   157.1 0  1016.1 0
 2019  16  1 16 14 41 14.683  74.12   208.6 0    58.3 0   652.0 0    65.7 0   252.7 0   276.83 0   276.66 0   332.9 0   274.76 0   274.98 0    14.1 0   102.5 0   185.8 0   -80.2 0   105.5 0     2.1 0    91.6 0     0.8 0   162.9 0  1016.1 0
 2019  16  1 16 14 42 14.700  73.96   212.1 0    59.0 0   657.7 0    66.1 0   252.7 0   276.91 0   276.73 0   334.0 0   274.84 0   275.06 0    14.4 0   104.1 0   188.8 0   -81.4 0   107.4 0     2.3 0    91.9 0     0.7 0   166.8 0  1016.1 0
 2019  16  1 16 14 43 14.717  73.81   214.6 0    59.7 0   658.0 0    66.4 0   252.7 0   276.98 0   276.78 0   334.6 0   274.91 0   275.13 0    14.7 0   105.0 0   190.2 0   -82.0 0   108.2 0     2.4 0    91.1 0     0.8 0   193.7 0  1016.1 0
 2019  16  1 16 14 44 14.733  73.65   217.6 0    60.4 0   661.5 0    66.9 0   252.8 0   277.05 0   276.85 0   335.3 0   274.99 0   275.20 0    15.0 0   106.3 0   192.8 0   -82.4 0   110.4 0     2.5 0    90.9 0     1.2 0   147.4 0  1016.1 0
 2019  16  1 16 14 45 14.750  73.49   220.2 0    60.9 0   662.9 0    67.4 0   253.3 0   277.12 0   276.94 0   335.6 0   275.06 0   275.28 0    15.3 0   107.3 0   194.8 0   -82.4 0   112.4 0     2.5 0    90.4 0     1.1 0   143.8 0  1016.1 0
 2019  16  1 16 14 46 14.767  73.34   222.7 0    61.4 0   666.0 0    67.6 0   253.5 0   277.21 0   277.05 0   336.7 0   275.14 0   275.38 0    15.6 0   108.4 0   197.2 0   -83.3 0   113.9 0     2.7 0    91.3 0     0.8 0   162.7 0  1016.1 0
 2019  16  1 16 14 47 14.783  73.18   225.7 0    62.1 0   669.5 0    67.9 0   253.6 0   277.29 0   277.13 0   337.2 0   275.23 0   275.46 0    15.9 0   109.7 0   199.5 0   -83.6 0   115.9 0     2.8 0    90.7 0     1.0 0   155.1 0  1016.1 0
 2019  16  1 16 14 48 14.800  73.03   228.7 0    62.8 0   673.0 0    68.0 0   253.7 0   277.38 0   277.22 0   337.6 0   275.32 0   275.54 0    16.2 0   110.9 0   201.7 0   -83.9 0   117.8 0     2.9 0    90.3 0     1.0 0   166.3 0  1016.2 0
 2019  16  1 16 14 49 14.817  72.87   231.8 0    63.6 0   676.1 0    68.3 0   253.4 0   277.46 0   277.25 0   337.5 0   275.39 0   275.60 0    16.5 0   112.2 0   203.8 0   -84.1 0   119.8 0     2.8 0    89.1 0     1.9 0   172.3 0  1016.2 0
 2019  16  1 16 14 50 14.833  72.72   234.8 0    64.6 0   679.4 0    68.4 0   253.4 0   277.53 0   277.27 0   336.6 0   275.46 0   275.66 0    16.8 0   113.4 0   205.6 0   -83.2 0   122.4 0     2.7 0    89.0 0     2.7 0   174.2 0  1016.2 0
 2019  16  1 16 14 51 14.850  72.56   237.7 0    65.5 0   682.2 0    68.4 0   253.4 0   277.59 0   277.33 0   336.9 0   275.52 0   275.72 0    17.1 0   114.5 0   207.3 0   -83.5 0   123.8 0     2.6 0    89.5 0     1.7 0   175.3 0  1016.2 0
 2019  16  1 16 14 52 14.867  72.41   240.8 0    66.3 0   686.8 0    68.5 0   253.6 0   277.65 0   277.41 0   337.9 0   275.58 0   275.78 0    17.4 0   115.9 0   209.8 0   -84.3 0   125.5 0     2.6 0    89.7 0     2.1 0   177.8 0  1016.2 0
 2019  16  1 16 14 53 14.883  72.26   243.7 0    66.9 0   689.2 0    68.9 0   253.9 0   277.71 0   277.47 0   338.7 0   275.63 0   275.84 0    17.8 0   117.1 0   212.1 0   -84.8 0   127.2 0     2.7 0    90.2 0     1.4 0   181.0 0  1016.2 0
 2019  16  1 16 14 54 14.900  72.10   246.5 0    67.3 0   692.1 0    69.3 0   254.2 0   277.78 0   277.57 0   340.3 0   275.70 0   275.92 0    18.1 0   118.3 0   214.7 0   -86.1 0   128.6 0     2.8 0    90.5 0     1.6 0   180.3 0  1016.2 0
 2019  16  1 16 14 55 14.917  71.95   249.8 0    68.4 0   695.1 0    69.5 0   253.6 0   277.84 0   277.58 0   339.4 0   275.76 0   275.97 0    18.4 0   119.5 0   216.5 0   -85.7 0   130.8 0     2.8 0    89.5 0     2.7 0   176.9 0  1016.2 0
 2019  16  1 16 14 56 14.933  71.80   252.7 0    69.2 0   698.5 0    69.5 0   254.0 0   277.90 0   277.63 0   339.2 0   275.81 0   276.00 0    18.7 0   120.7 0   218.5 0   -85.2 0   133.3 0     2.7 0    89.5 0     2.2 0   173.7 0  1016.2 0
 2019  16  1 16 14 57 14.950  71.65   256.0 0    69.9 0   702.9 0    70.0 0   254.1 0   277.96 0   277.72 0   340.8 0   275.86 0   276.06 0    19.0 0   122.2 0   221.5 0   -86.7 0   134.8 0     2.8 0    90.2 0     2.0 0   182.3 0  1016.2 0
 2019  16  1 16 14 58 14.967  71.50   258.5 0    70.6 0   703.6 0    70.3 0   253.9 0   278.02 0   277.73 0   340.6 0   275.91 0   276.12 0    19.4 0   123.0 0   223.0 0   -86.7 0   136.2 0     2.8 0    89.7 0     2.2 0   176.8 0  1016.2 0
 2019  16  1 16 14 59 14.983  71.35   261.6 0    71.4 0   707.8 0    70.3 0   254.3 0   278.07 0   277.79 0   341.5 0   275.96 0   276.18 0    19.7 0   124.3 0   225.3 0   -87.2 0   138.0 0     2.9 0    89.9 0     1.5 0   166.8 0  1016.2 0
 2019  16  1 16 15  0 15.000  71.20   265.0 0    72.1 0   713.4 0    70.3 0   254.7 0   278.12 0   277.88 0   343.0 0   276.02 0   276.25 0    20.0 0   125.9 0   228.2 0   -88.3 0   139.9 0     3.0 0    90.0 0     1.6 0   164.3 0  1016.2 0
 2019  16  1 16 15  1 15.017  71.05   267.7 0    72.7 0   715.0 0    70.5 0   254.7 0   278.19 0   277.97 0   343.1 0   276.08 0   276.32 0    20.4 0   126.9 0   230.1 0   -88.4 0   141.7 0     3.1 0    89.3 0     1.9 0   175.3 0  1016.2 0
 2019  16  1 16 15  2 15.033  70.90   271.2 0    73.6 0   718.4 0    71.0 0   254.8 0   278.26 0   278.02 0   344.1 0   276.14 0   276.37 0    20.7 0   128.3 0   232.5 0   -89.3 0   143.3 0     3.2 0    89.0 0     1.1 0   164.5 0  1016.2 0
 2019  16  1 16 15  3 15.050  70.75   274.3 0    74.2 0   721.6 0    71.2 0   255.0 0   278.32 0   278.10 0   345.2 0   276.20 0   276.44 0    21.0 0   129.5 0   234.8 0   -90.2 0   144.6 0     3.3 0    88.7 0     1.8 0   171.5 0  1016.2 0
 2019  16  1 16 15  4 15.067  70.60   277.4 0    75.0 0   724.2 0    71.7 0   255.0 0   278.40 0   278.18 0   345.4 0   276.27 0   276.51 0    21.4 0   130.8 0   237.2 0   -90.4 0   146.9 0     3.4 0    88.2 0     1.6 0   172.9 0  1016.3 0
 2019  16  1 16 15  5 15.083  70.45   280.0 0    75.4 0   724.0 0    72.0 0   254.8 0   278.46 0   278.21 0   345.5 0   276.33 0   276.58 0    21.7 0   131.6 0   238.9 0   -90.7 0   148.1 0     3.5 0    88.5 0     1.5 0   164.5 0  1016.3 0
 2019  16  1 16 15  6 15.100  70.31   283.5 0    76.5 0   726.8 0    72.3 0   254.7 0   278.52 0   278.23 0   345.1 0   276.39 0   276.64 0    22.0 0   133.0 0   240.7 0   -90.4 0   150.3 0     3.5 0    87.1 0     1.7 0   177.4 0  1016.4 0
 2019  16  1 16 15  7 15.117  70.16   286.1 0    77.1 0   727.6 0    72.8 0   254.9 0   278.57 0   278.30 0   346.0 0   276.45 0   276.69 0    22.4 0   133.9 0   242.7 0   -91.0 0   151.6 0     3.5 0    87.5 0     1.9 0   177.2 0  1016.4 0
 2019  16  1 16 15  8 15.133  70.01   289.2 0    77.9 0   729.6 0    73.2 0   254.9 0   278.63 0   278.34 0   346.2 0   276.50 0   276.75 0    22.7 0   135.2 0   244.7 0   -91.3 0   153.4 0     3.5 0    87.6 0     2.0 0   194.4 0  1016.4 0
 2019  16  1 16 15  9 15.150  69.87   292.0 0    78.7 0   730.7 0    73.4 0   255.0 0   278.68 0   278.38 0   345.6 0   276.55 0   276.79 0    23.0 0   136.1 0   246.3 0   -90.6 0   155.7 0     3.5 0    86.7 0     2.3 0   183.3 0  1016.4 0
 2019  16  1 16 15 10 15.167  69.72   294.8 0    79.3 0   732.9 0    73.8 0   255.2 0   278.73 0   278.45 0   346.0 0   276.60 0   276.83 0    23.4 0   137.2 0   248.5 0   -90.8 0   157.7 0     3.5 0    87.0 0     2.4 0   187.7 0  1016.5 0
 2019  16  1 16 15 11 15.183  69.58   297.5 0    79.9 0   733.8 0    74.1 0   255.5 0   278.79 0   278.51 0   346.3 0   276.64 0   276.89 0    23.8 0   138.1 0   250.2 0   -90.8 0   159.3 0     3.5 0    87.5 0     2.1 0   177.7 0  1016.5 0
 2019  16  1 16 15 12 15.200  69.43   300.8 0    80.7 0   736.8 0    74.5 0   255.2 0   278.84 0   278.54 0   346.0 0   276.69 0   276.94 0    24.1 0   139.4 0   252.6 0   -90.8 0   161.9 0     3.5 0    86.8 0     2.6 0   176.8 0  1016.5 0
 2019  16  1 16 15 13 15.217  69.29   303.9 0    81.5 0   739.3 0    74.8 0   255.6 0   278.89 0   278.59 0   346.3 0   276.73 0   276.99 0    24.5 0   140.7 0   254.7 0   -90.8 0   164.0 0     3.5 0    87.2 0     2.2 0   180.6 0  1016.5 0
 2019  16  1 16 15 14 15.233  69.15   306.4 0    81.9 0   740.9 0    74.9 0   256.1 0   278.95 0   278.69 0   347.8 0   276.78 0   277.05 0    24.9 0   141.6 0   256.8 0   -91.8 0   165.0 0     3.6 0    87.8 0     2.0 0   179.2 0  1016.5 0
 2019  16  1 16 15 15 15.250  69.00   309.1 0    82.3 0   742.1 0    75.4 0   256.6 0   279.01 0   278.78 0   349.6 0   276.83 0   277.11 0    25.2 0   142.7 0   259.0 0   -93.0 0   166.0 0     3.8 0    88.3 0     1.5 0   178.6 0  1016.5 0
 2019  16  1 16 15 16 15.267  68.86   312.1 0    82.8 0   745.1 0    75.7 0   256.9 0   279.09 0   278.89 0   351.3 0   276.90 0   277.18 0    25.6 0   144.0 0   261.6 0   -94.4 0   167.1 0     4.0 0    88.4 0     0.9 0   197.5 0  1016.5 0
 2019  16  1 16 15 17 15.283  68.72   315.1 0    83.4 0   747.4 0    75.9 0   256.9 0   279.16 0   278.97 0   351.3 0   276.97 0   277.26 0    26.0 0   145.1 0   263.7 0   -94.3 0   169.4 0     4.1 0    87.3 0     1.5 0   199.9 0  1016.5 0
 2019  16  1 16 15 18 15.300  68.58   317.5 0    84.0 0   749.0 0    75.9 0   257.4 0   279.25 0   279.06 0   351.5 0   277.04 0   277.32 0    26.4 0   146.0 0   265.4 0   -94.1 0   171.3 0     4.2 0    86.4 0     1.4 0   194.1 0  1016.5 0
 2019  16  1 16 15 19 15.317  68.44   320.6 0    84.8 0   751.9 0    75.7 0   256.8 0   279.33 0   279.12 0   351.6 0   277.11 0   277.40 0    26.8 0   147.2 0   267.3 0   -94.7 0   172.5 0     4.3 0    86.4 0     1.6 0   172.8 0  1016.5 0
 2019  16  1 16 15 20 15.333  68.30   323.8 0    85.5 0   755.9 0    75.5 0   257.5 0   279.40 0   279.19 0   352.5 0   277.19 0   277.48 0    27.2 0   148.5 0   269.5 0   -94.9 0   174.6 0     4.4 0    86.2 0     1.0 0   179.9 0  1016.5 0
 2019  16  1 16 15 21 15.350  68.16   327.1 0    86.2 0   760.2 0    75.9 0   257.9 0   279.49 0   279.32 0   353.6 0   277.26 0   277.55 0    27.6 0   150.0 0   272.5 0   -95.8 0   176.8 0     4.6 0    86.6 0     0.9 0   164.1 0  1016.5 0
 2019  16  1 16 15 22 15.367  68.02   330.4 0    87.0 0   762.1 0    76.1 0   257.1 0   279.57 0   279.34 0   352.8 0   277.34 0   277.63 0    28.0 0   151.2 0   274.3 0   -95.7 0   178.6 0     4.6 0    84.2 0     2.0 0   185.7 0  1016.5 0
 2019  16  1 16 15 23 15.383  67.88   333.1 0    87.8 0   763.7 0    75.9 0   257.3 0   279.64 0   279.40 0   352.6 0   277.40 0   277.69 0    28.4 0   152.1 0   275.7 0   -95.2 0   180.5 0     4.5 0    84.0 0     2.1 0   178.6 0  1016.5 0
 2019  16  1 16 15 24 15.400  67.74   335.8 0    88.4 0   764.6 0    76.1 0   257.3 0   279.71 0   279.44 0   352.4 0   277.47 0   277.76 0    28.7 0   153.0 0   277.3 0   -95.1 0   182.3 0     4.5 0    84.5 0     2.1 0   192.9 0  1016.5 0
 2019  16  1 16 15 25 15.417  67.60   339.2 0    89.1 0   767.7 0    76.3 0   257.1 0   279.78 0   279.49 0   352.3 0   277.53 0   277.82 0    29.1 0   154.4 0   279.7 0   -95.3 0   184.4 0     4.5 0    84.5 0     2.5 0   182.0 0  1016.5 0
 2019  16  1 16 15 26 15.433  67.47   342.3 0    89.9 0   769.9 0    76.6 0   257.3 0   279.83 0   279.53 0   352.3 0   277.58 0   277.86 0    29.5 0   155.5 0   281.7 0   -95.0 0   186.7 0     4.4 0    84.0 0     2.1 0   188.2 0  1016.5 0
 2019  16  1 16 15 27 15.450  67.33   344.8 0    90.3 0   771.2 0    76.9 0   258.2 0   279.89 0   279.66 0   354.4 0   277.62 0   277.93 0    29.9 0   156.4 0   283.8 0   -96.2 0   187.6 0     4.5 0    85.6 0     1.4 0   194.6 0  1016.5 0
 2019  16  1 16 15 28 15.467  67.19   347.7 0    90.7 0   773.2 0    77.0 0   258.1 0   279.96 0   279.73 0   355.4 0   277.69 0   277.99 0    30.3 0   157.5 0   286.0 0   -97.3 0   188.7 0     4.7 0    85.5 0     1.5 0   189.3 0  1016.5 0
 2019  16  1 16 15 29 15.483  67.06   351.2 0    91.5 0   776.4 0    77.0 0   257.7 0   280.03 0   279.74 0   354.8 0   277.76 0   278.06 0    30.7 0   158.8 0   288.1 0   -97.1 0   191.0 0     4.8 0    83.5 0     1.8 0   175.8 0  1016.5 0
 2019  16  1 16 15 30 15.500  66.92   353.9 0    92.2 0   778.3 0    77.2 0   258.1 0   280.09 0   279.82 0   355.6 0   277.82 0   278.13 0    31.1 0   159.8 0   290.0 0   -97.5 0   192.6 0     4.8 0    83.1 0     2.1 0   179.1 0  1016.5 0
 2019  16  1 16 15 31 15.517  66.79   357.2 0    92.9 0   781.0 0    77.0 0   257.9 0   280.15 0   279.85 0   354.5 0   277.88 0   278.17 0    31.5 0   161.0 0   291.9 0   -96.7 0   195.2 0     4.8 0    82.9 0     2.0 0   197.6 0  1016.5 0
 2019  16  1 16 15 32 15.533  66.66   359.5 0    93.5 0   781.8 0    77.0 0   258.3 0   280.20 0   279.90 0   356.0 0   277.94 0   278.23 0    31.9 0   161.9 0   293.3 0   -97.7 0   195.6 0     4.7 0    82.9 0     1.5 0   219.3 0  1016.4 0
 2019  16  1 16 15 33 15.550  66.52   362.2 0    94.0 0   783.8 0    77.6 0   259.1 0   280.25 0   280.02 0   357.5 0   278.00 0   278.30 0    32.3 0   162.9 0   295.8 0   -98.4 0   197.4 0     4.8 0    84.2 0     1.0 0   186.8 0  1016.4 0
 2019  16  1 16 15 34 15.567  66.39   364.9 0    94.5 0   785.5 0    77.8 0   259.3 0   280.32 0   280.09 0   358.8 0   278.07 0   278.38 0    32.7 0   163.9 0   297.8 0   -99.5 0   198.3 0     5.0 0    83.9 0     1.1 0   194.3 0  1016.4 0
 2019  16  1 16 15 35 15.583  66.26   367.8 0    95.0 0   788.2 0    78.1 0   259.5 0   280.40 0   280.20 0   360.1 0   278.15 0   278.46 0    33.1 0   165.1 0   300.4 0  -100.5 0   199.8 0     5.2 0    83.8 0     1.0 0   194.7 0  1016.4 0
 2019  16  1 16 15 36 15.600  66.13   370.3 0    95.7 0   789.0 0    77.9 0   259.4 0   280.48 0   280.27 0   358.9 0   278.23 0   278.54 0    33.5 0   165.8 0   301.5 0   -99.6 0   202.0 0     5.4 0    81.9 0     1.9 0   184.4 0  1016.4 0
 2019  16  1 16 15 37 15.617  66.00   373.4 0    96.6 0   791.0 0    77.8 0   258.8 0   280.56 0   280.27 0   356.9 0   278.30 0   278.60 0    33.9 0   166.9 0   303.0 0   -98.1 0   204.9 0     5.2 0    80.2 0     2.2 0   192.6 0  1016.4 0
 2019  16  1 16 15 38 15.633  65.87   377.0 0    97.3 0   795.1 0    77.9 0   259.0 0   280.62 0   280.32 0   357.7 0   278.37 0   278.67 0    34.4 0   168.4 0   305.7 0   -98.7 0   206.9 0     5.1 0    81.3 0     2.3 0   176.4 0  1016.4 0
 2019  16  1 16 15 39 15.650  65.74   379.3 0    98.1 0   796.2 0    77.9 0   259.1 0   280.67 0   280.34 0   357.5 0   278.43 0   278.73 0    34.8 0   169.2 0   307.0 0   -98.4 0   208.6 0     5.1 0    81.2 0     1.9 0   178.3 0  1016.4 0
 2019  16  1 16 15 40 15.667  65.61   381.9 0    98.2 0   798.0 0    77.8 0   259.8 0   280.72 0   280.46 0   360.3 0   278.49 0   278.81 0    35.2 0   170.1 0   309.1 0  -100.5 0   208.6 0     5.1 0    82.1 0     1.2 0   191.2 0  1016.4 0
 2019  16  1 16 15 41 15.683  65.48   384.6 0    98.7 0   799.9 0    78.1 0   260.5 0   280.79 0   280.61 0   361.3 0   278.57 0   278.88 0    35.6 0   171.3 0   311.4 0  -100.8 0   210.6 0     5.3 0    81.9 0     1.7 0   193.0 0  1016.4 0
 2019  16  1 16 15 42 15.700  65.35   387.3 0    99.3 0   800.5 0    78.5 0   260.0 0   280.88 0   280.66 0   360.5 0   278.65 0   278.96 0    36.0 0   172.2 0   313.0 0  -100.5 0   212.6 0     5.4 0    80.7 0     2.0 0   164.0 0  1016.4 0
 2019  16  1 16 15 43 15.717  65.23   390.2 0    99.9 0   801.7 0    78.5 0   259.6 0   280.95 0   280.65 0   360.3 0   278.72 0   279.03 0    36.4 0   173.0 0   314.5 0  -100.7 0   213.8 0     5.5 0    80.3 0     1.9 0   186.1 0  1016.4 0
 2019  16  1 16 15 44 15.733  65.10   393.3 0   100.5 0   804.2 0    78.5 0   260.1 0   281.01 0   280.72 0   362.0 0   278.79 0   279.09 0    36.8 0   174.2 0   316.6 0  -101.9 0   214.7 0     5.5 0    80.8 0     1.2 0   168.1 0  1016.4 0
 2019  16  1 16 15 45 15.750  64.97   395.5 0   101.0 0   804.6 0    78.7 0   260.5 0   281.07 0   280.81 0   363.1 0   278.87 0   279.18 0    37.2 0   175.0 0   318.1 0  -102.5 0   215.5 0     5.7 0    80.1 0     1.3 0   200.6 0  1016.5 0
 2019  16  1 16 15 46 15.767  64.85   398.6 0   101.6 0   806.6 0    79.1 0   260.8 0   281.13 0   280.87 0   362.1 0   278.95 0   279.25 0    37.6 0   176.1 0   320.3 0  -101.3 0   218.9 0     5.7 0    79.0 0     1.8 0   197.7 0  1016.5 0
 2019  16  1 16 15 47 15.783  64.72   401.3 0   102.3 0   807.7 0    79.2 0   260.0 0   281.20 0   280.92 0   361.6 0   279.03 0   279.34 0    38.1 0   177.1 0   321.8 0  -101.6 0   220.2 0     5.7 0    78.4 0     2.6 0   174.7 0  1016.5 0
 2019  16  1 16 15 48 15.800  64.60   403.9 0   103.1 0   808.9 0    79.2 0   260.1 0   281.26 0   280.94 0   360.8 0   279.09 0   279.39 0    38.5 0   177.7 0   323.1 0  -100.7 0   222.4 0     5.5 0    78.6 0     2.4 0   176.5 0  1016.5 0
 2019  16  1 16 15 49 15.817  64.48   406.5 0   103.6 0   811.0 0    79.2 0   260.1 0   281.31 0   280.98 0   362.1 0   279.15 0   279.46 0    38.9 0   178.6 0   325.1 0  -102.0 0   223.1 0     5.5 0    79.7 0     2.0 0   164.9 0  1016.4 0
 2019  16  1 16 15 50 15.833  64.35   409.4 0   104.3 0   813.4 0    79.2 0   260.3 0   281.36 0   281.03 0   362.7 0   279.22 0   279.53 0    39.3 0   179.4 0   327.0 0  -102.4 0   224.6 0     5.6 0    79.4 0     2.2 0   176.2 0  1016.4 0
 2019  16  1 16 15 51 15.850  64.23   412.0 0   104.7 0   814.5 0    79.2 0   260.3 0   281.40 0   281.06 0   362.3 0   279.29 0   279.58 0    39.7 0   180.1 0   328.6 0  -102.1 0   226.6 0     5.6 0    79.1 0     2.3 0   187.8 0  1016.4 0
 2019  16  1 16 15 52 15.867  64.11   414.8 0   105.3 0   816.8 0    79.1 0   260.4 0   281.44 0   281.10 0   363.2 0   279.35 0   279.64 0    40.2 0   181.0 0   330.6 0  -102.8 0   227.7 0     5.7 0    79.3 0     1.7 0   193.3 0  1016.4 0
 2019  16  1 16 15 53 15.883  63.99   417.5 0   105.8 0   818.7 0    78.9 0   260.7 0   281.48 0   281.14 0   365.2 0   279.42 0   279.72 0    40.6 0   182.0 0   332.2 0  -104.4 0   227.7 0     5.8 0    79.3 0     1.3 0   192.4 0  1016.4 0
 2019  16  1 16 15 54 15.900  63.87   420.5 0   106.5 0   821.4 0    79.0 0   260.9 0   281.51 0   281.21 0   365.1 0   279.49 0   279.79 0    41.1 0   183.2 0   334.3 0  -104.2 0   230.1 0     5.9 0    77.8 0     2.5 0   183.3 0  1016.4 0
 2019  16  1 16 15 55 15.917  63.75   423.3 0   107.3 0   822.5 0    79.2 0   260.6 0   281.56 0   281.20 0   362.6 0   279.55 0   279.84 0    41.5 0   184.1 0   335.7 0  -102.0 0   233.7 0     5.8 0    78.1 0     2.7 0   184.8 0  1016.4 0
 2019  16  1 16 15 56 15.933  63.63   426.1 0   107.8 0   825.4 0    79.2 0   261.5 0   281.60 0   281.30 0   365.2 0   279.60 0   279.91 0    42.0 0   185.3 0   338.1 0  -103.7 0   234.3 0     5.8 0    78.7 0     1.3 0   197.9 0  1016.4 0
 2019  16  1 16 15 57 15.950  63.51   428.3 0   108.0 0   826.3 0    79.2 0   261.5 0   281.66 0   281.37 0   367.8 0   279.67 0   280.00 0    42.4 0   186.0 0   339.8 0  -106.3 0   233.5 0     6.0 0    78.7 0     1.0 0   168.1 0  1016.4 0
 2019  16  1 16 15 58 15.967  63.39   430.5 0   108.5 0   826.9 0    79.3 0   261.9 0   281.71 0   281.43 0   368.7 0   279.75 0   280.07 0    42.8 0   186.8 0   341.1 0  -106.8 0   234.3 0     6.2 0    77.5 0     0.8 0   163.1 0  1016.4 0
 2019  16  1 16 15 59 15.983  63.28   433.0 0   108.9 0   828.3 0    79.8 0   262.5 0   281.77 0   281.55 0   370.0 0   279.83 0   280.15 0    43.3 0   187.8 0   343.5 0  -107.5 0   236.0 0     6.4 0    77.1 0     1.0 0   178.4 0  1016.4 0
 2019  16  1 16 16  0 16.000  63.16   435.7 0   109.4 0   829.0 0    80.0 0   262.1 0   281.84 0   281.55 0   369.0 0   279.91 0   280.24 0    43.7 0   188.8 0   344.8 0  -106.9 0   238.0 0     6.5 0    75.8 0     1.7 0   200.6 0  1016.4 0
 2019  16  1 16 16  1 16.017  63.05   437.6 0   110.0 0   829.4 0    80.3 0   262.5 0   281.91 0   281.67 0   368.9 0   280.00 0   280.30 0    44.1 0   189.4 0   346.3 0  -106.4 0   239.9 0     6.5 0    75.3 0     2.1 0   220.9 0  1016.5 0
 2019  16  1 16 16  2 16.033  62.93   439.5 0   110.4 0   829.2 0    80.4 0   262.3 0   281.98 0   281.70 0   368.6 0   280.07 0   280.37 0    44.5 0   190.0 0   347.3 0  -106.3 0   241.0 0     6.4 0    76.5 0     2.0 0   203.6 0  1016.5 0
 2019  16  1 16 16  3 16.050  62.82   442.5 0   111.2 0   831.4 0    80.4 0   262.1 0   282.03 0   281.73 0   367.9 0   280.14 0   280.44 0    44.9 0   191.2 0   349.0 0  -105.8 0   243.2 0     6.4 0    75.4 0     2.3 0   219.0 0  1016.4 0
 2019  16  1 16 16  4 16.067  62.70   445.1 0   111.8 0   833.8 0    80.2 0   262.6 0   282.09 0   281.80 0   368.2 0   280.20 0   280.51 0    45.3 0   192.2 0   350.8 0  -105.6 0   245.3 0     6.3 0    76.6 0     2.1 0   213.1 0  1016.4 0
 2019  16  1 16 16  5 16.083  62.59   447.1 0   112.2 0   834.7 0    80.4 0   263.2 0   282.15 0   281.90 0   370.3 0   280.27 0   280.59 0    45.7 0   192.9 0   352.4 0  -107.1 0   245.3 0     6.3 0    76.9 0     1.4 0   193.6 0  1016.4 0
 2019  16  1 16 16  6 16.100  62.48   449.3 0   112.6 0   835.4 0    80.4 0   262.7 0   282.22 0   281.96 0   369.5 0   280.34 0   280.65 0    46.2 0   193.7 0   353.8 0  -106.8 0   247.0 0     6.4 0    75.8 0     2.2 0   224.9 0  1016.4 0
 2019  16  1 16 16  7 16.117  62.37   451.6 0   113.1 0   836.3 0    80.4 0   263.0 0   282.29 0   282.00 0   370.8 0   280.41 0   280.70 0    46.6 0   194.5 0   355.2 0  -107.8 0   247.4 0     6.4 0    76.2 0     1.6 0   221.6 0  1016.4 0
 2019  16  1 16 16  8 16.133  62.26   453.8 0   113.6 0   837.8 0    80.4 0   263.7 0   282.35 0   282.10 0   372.7 0   280.48 0   280.79 0    47.0 0   195.3 0   356.8 0  -109.1 0   247.8 0     6.6 0    75.9 0     1.2 0   179.1 0  1016.4 0
 2019  16  1 16 16  9 16.150  62.15   456.3 0   114.0 0   839.6 0    80.5 0   263.9 0   282.42 0   282.21 0   373.3 0   280.56 0   280.87 0    47.4 0   196.3 0   358.8 0  -109.4 0   249.4 0     6.8 0    75.6 0     1.3 0   175.9 0  1016.3 0
 2019  16  1 16 16 10 16.167  62.04   459.0 0   114.5 0   841.7 0    80.2 0   262.9 0   282.50 0   282.23 0   372.8 0   280.64 0   280.94 0    47.9 0   197.4 0   360.4 0  -109.9 0   250.5 0     6.9 0    72.3 0     1.5 0   221.6 0  1016.3 0
 2019  16  1 16 16 11 16.183  61.93   461.4 0   115.1 0   843.7 0    79.7 0   263.4 0   282.56 0   282.28 0   372.6 0   280.71 0   281.01 0    48.3 0   198.3 0   361.7 0  -109.1 0   252.6 0     6.8 0    72.1 0     2.5 0   218.5 0  1016.3 0
 2019  16  1 16 16 12 16.200  61.82   463.9 0   115.7 0   845.5 0    79.6 0   263.6 0   282.62 0   282.30 0   371.2 0   280.77 0   281.07 0    48.7 0   199.3 0   363.2 0  -107.6 0   255.6 0     6.7 0    72.8 0     2.5 0   225.4 0  1016.3 0
 2019  16  1 16 16 13 16.217  61.71   466.4 0   116.2 0   847.4 0    79.6 0   264.1 0   282.67 0   282.35 0   371.5 0   280.83 0   281.12 0    49.1 0   200.3 0   365.0 0  -107.5 0   257.6 0     6.7 0    73.8 0     2.4 0   211.4 0  1016.3 0
 2019  16  1 16 16 14 16.233  61.61   468.4 0   116.6 0   848.1 0    80.0 0   263.8 0   282.72 0   282.42 0   372.4 0   280.90 0   281.21 0    49.5 0   201.0 0   366.6 0  -108.6 0   258.0 0     6.8 0    73.1 0     2.5 0   222.1 0  1016.3 0
 2019  16  1 16 16 15 16.250  61.50   470.7 0   117.0 0   849.0 0    80.1 0   263.4 0   282.78 0   282.45 0   372.1 0   280.96 0   281.27 0    50.0 0   201.9 0   368.1 0  -108.7 0   259.4 0     6.8 0    71.7 0     2.2 0   247.3 0  1016.2 0
 2019  16  1 16 16 16 16.267  61.40   473.0 0   117.4 0   849.6 0    80.4 0   263.2 0   282.82 0   282.45 0   373.2 0   281.02 0   281.32 0    50.4 0   202.8 0   369.7 0  -109.9 0   259.8 0     6.7 0    72.3 0     2.7 0   262.1 0  1016.2 0
 2019  16  1 16 16 17 16.283  61.29   474.6 0   117.9 0   848.9 0    80.6 0   263.4 0   282.85 0   282.48 0   372.7 0   281.08 0   281.36 0    50.7 0   203.3 0   370.5 0  -109.3 0   261.2 0     6.7 0    72.6 0     2.4 0   257.9 0  1016.2 0
 2019  16  1 16 16 18 16.300  61.19   477.0 0   118.4 0   851.3 0    80.4 0   264.2 0   282.89 0   282.58 0   372.9 0   281.12 0   281.41 0    51.1 0   204.1 0   372.4 0  -108.7 0   263.7 0     6.7 0    72.9 0     2.3 0   223.4 0  1016.1 0
 2019  16  1 16 16 19 16.317  61.08   479.0 0   118.8 0   853.0 0    80.2 0   263.9 0   282.95 0   282.65 0   375.3 0   281.17 0   281.47 0    51.6 0   204.9 0   373.9 0  -111.4 0   262.5 0     6.9 0    73.0 0     1.3 0   187.1 0  1016.1 0
 2019  16  1 16 16 20 16.333  60.98   481.7 0   119.1 0   855.1 0    79.8 0   263.8 0   283.00 0   282.68 0   376.8 0   281.23 0   281.53 0    52.0 0   206.0 0   375.5 0  -112.9 0   262.5 0     7.0 0    72.2 0     1.8 0   246.7 0  1016.2 0
 2019  16  1 16 16 21 16.350  60.88   484.4 0   119.5 0   856.9 0    79.8 0   264.0 0   283.04 0   282.69 0   376.5 0   281.29 0   281.59 0    52.5 0   207.1 0   377.3 0  -112.5 0   264.8 0     7.0 0    71.3 0     1.8 0   273.1 0  1016.2 0
 2019  16  1 16 16 22 16.367  60.78   486.7 0   119.9 0   858.1 0    80.2 0   264.5 0   283.07 0   282.75 0   377.7 0   281.35 0   281.66 0    52.9 0   208.1 0   379.2 0  -113.3 0   265.9 0     7.0 0    71.8 0     1.5 0   261.6 0  1016.2 0
 2019  16  1 16 16 23 16.383  60.68   488.7 0   120.3 0   858.5 0    80.6 0   264.6 0   283.12 0   282.82 0   378.5 0   281.41 0   281.72 0    53.3 0   208.9 0   380.7 0  -114.0 0   266.8 0     7.1 0    71.9 0     1.7 0   242.5 0  1016.2 0
 2019  16  1 16 16 24 16.400  60.58   490.3 0   120.6 0   858.1 0    80.7 0   264.5 0   283.17 0   282.85 0   377.5 0   281.48 0   281.78 0    53.7 0   209.4 0   381.6 0  -113.0 0   268.6 0     7.2 0    71.3 0     2.2 0   230.6 0  1016.2 0
 2019  16  1 16 16 25 16.417  60.48   492.3 0   121.1 0   859.0 0    80.7 0   264.4 0   283.22 0   282.91 0   377.6 0   281.54 0   281.84 0    54.1 0   210.1 0   382.8 0  -113.2 0   269.6 0     7.3 0    70.8 0     1.6 0   228.2 0  1016.2 0
 2019  16  1 16 16 26 16.433  60.39   495.0 0   121.7 0   861.6 0    80.6 0   264.8 0   283.27 0   282.98 0   378.0 0   281.60 0   281.90 0    54.6 0   211.3 0   384.7 0  -113.2 0   271.5 0     7.3 0    70.0 0     1.9 0   220.9 0  1016.1 0
 2019  16  1 16 16 27 16.450  60.29   496.6 0   121.9 0   861.4 0    80.7 0   264.6 0   283.33 0   283.02 0   378.1 0   281.65 0   281.95 0    54.9 0   211.8 0   385.7 0  -113.5 0   272.2 0     7.2 0    70.0 0     1.4 0   230.7 0  1016.1 0
 2019  16  1 16 16 28 16.467  60.19   498.1 0   122.3 0   861.1 0    81.0 0   265.6 0   283.38 0   283.09 0   379.9 0   281.71 0   282.02 0    55.3 0   212.3 0   386.8 0  -114.3 0   272.5 0     7.3 0    70.9 0     2.0 0   241.5 0  1016.1 0
 2019  16  1 16 16 29 16.483  60.10   500.0 0   122.7 0   861.2 0    81.2 0   264.4 0   283.44 0   283.10 0   377.8 0   281.78 0   282.06 0    55.7 0   212.8 0   387.8 0  -113.4 0   274.4 0     7.4 0    70.2 0     2.8 0   200.3 0  1016.1 0
 2019  16  1 16 16 30 16.500  60.00   502.7 0   123.4 0   863.7 0    80.7 0   264.7 0   283.48 0   283.12 0   377.5 0   281.82 0   282.10 0    56.1 0   214.0 0   389.2 0  -112.8 0   276.4 0     7.3 0    70.3 0     2.3 0   207.4 0  1016.1 0
 2019  16  1 16 16 31 16.517  59.91   505.2 0   123.9 0   866.2 0    80.8 0   264.9 0   283.52 0   283.19 0   379.5 0   281.87 0   282.17 0    56.5 0   215.0 0   391.2 0  -114.6 0   276.6 0     7.4 0    69.9 0     1.3 0   199.7 0  1016.2 0
 2019  16  1 16 16 32 16.533  59.82   507.3 0   123.9 0   866.4 0    81.1 0   264.8 0   283.55 0   283.21 0   381.2 0   281.93 0   282.23 0    57.0 0   215.8 0   392.8 0  -116.4 0   276.4 0     7.4 0    69.5 0     1.3 0   207.4 0  1016.1 0
 2019  16  1 16 16 33 16.550  59.73   508.5 0   124.0 0   865.6 0    81.4 0   265.7 0   283.59 0   283.30 0   382.5 0   281.99 0   282.31 0    57.4 0   216.3 0   393.8 0  -116.8 0   277.0 0     7.6 0    69.4 0     1.0 0   201.7 0  1016.1 0
 2019  16  1 16 16 34 16.567  59.64   510.5 0   124.3 0   866.4 0    81.6 0   265.8 0   283.64 0   283.34 0   383.2 0   282.06 0   282.38 0    57.8 0   217.1 0   395.2 0  -117.3 0   277.9 0     7.8 0    68.0 0     1.1 0   200.8 0  1016.1 0
 2019  16  1 16 16 35 16.583  59.54   511.9 0   124.8 0   865.3 0    82.0 0   265.5 0   283.69 0   283.33 0   382.1 0   282.14 0   282.45 0    58.2 0   217.5 0   395.8 0  -116.5 0   279.3 0     7.9 0    67.1 0     1.6 0   179.1 0  1016.1 0
 2019  16  1 16 16 36 16.600  59.46   513.9 0   125.2 0   866.7 0    82.1 0   266.4 0   283.74 0   283.44 0   382.2 0   282.20 0   282.49 0    58.6 0   218.3 0   397.4 0  -115.8 0   281.5 0     7.9 0    67.3 0     1.4 0   217.9 0  1016.1 0
 2019  16  1 16 16 37 16.617  59.37   515.4 0   125.5 0   866.2 0    82.6 0   266.4 0   283.80 0   283.53 0   382.7 0   282.26 0   282.55 0    59.0 0   219.0 0   398.4 0  -116.3 0   282.1 0     7.9 0    67.2 0     2.3 0   209.8 0  1016.2 0
 2019  16  1 16 16 38 16.633  59.28   517.2 0   125.9 0   866.1 0    82.9 0   266.4 0   283.86 0   283.56 0   381.7 0   282.32 0   282.60 0    59.4 0   219.7 0   399.5 0  -115.3 0   284.1 0     7.8 0    67.4 0     2.2 0   207.3 0  1016.2 0
 2019  16  1 16 16 39 16.650  59.19   518.5 0   126.2 0   864.8 0    83.5 0   266.5 0   283.92 0   283.62 0   382.5 0   282.37 0   282.65 0    59.8 0   220.2 0   400.2 0  -116.0 0   284.2 0     7.8 0    67.5 0     1.7 0   181.0 0  1016.2 0
 2019  16  1 16 16 40 16.667  59.11   519.9 0   126.7 0   864.7 0    84.0 0   266.8 0   283.98 0   283.67 0   384.3 0   282.43 0   282.71 0    60.2 0   220.7 0   401.3 0  -117.5 0   283.8 0     7.9 0    67.7 0     1.7 0   202.2 0  1016.2 0
 2019  16  1 16 16 41 16.683  59.02   521.5 0   126.7 0   864.7 0    84.4 0   266.5 0   284.03 0   283.72 0   383.9 0   282.49 0   282.79 0    60.6 0   221.3 0   402.8 0  -117.5 0   285.3 0     7.9 0    67.4 0     2.1 0   274.2 0  1016.2 0
 2019  16  1 16 16 42 16.700  58.94   522.5 0   127.0 0   863.4 0    84.5 0   266.1 0   284.08 0   283.69 0   384.1 0   282.54 0   282.83 0    60.9 0   221.6 0   403.0 0  -118.0 0   285.0 0     7.7 0    68.6 0     2.0 0   271.8 0  1016.2 0
 2019  16  1 16 16 43 16.717  58.85   525.1 0   127.4 0   866.2 0    84.5 0   266.7 0   284.10 0   283.73 0   384.8 0   282.59 0   282.88 0    61.3 0   222.8 0   405.1 0  -118.1 0   287.0 0     7.7 0    68.6 0     1.8 0   268.8 0  1016.2 0
 2019  16  1 16 16 44 16.733  58.77   527.0 0   127.7 0   867.1 0    85.0 0   267.3 0   284.14 0   283.85 0   386.7 0   282.64 0   282.93 0    61.7 0   223.7 0   406.9 0  -119.4 0   287.5 0     7.9 0    68.8 0     1.9 0   232.3 0  1016.2 0
 2019  16  1 16 16 45 16.750  58.69   528.4 0   128.1 0   865.9 0    85.3 0   266.2 0   284.18 0   283.83 0   383.6 0   282.69 0   282.96 0    62.1 0   224.1 0   407.2 0  -117.4 0   289.8 0     8.0 0    67.3 0     2.8 0   209.7 0  1016.2 0
 2019  16  1 16 16 46 16.767  58.61   529.8 0   128.7 0   866.3 0    85.3 0   266.9 0   284.22 0   283.89 0   384.1 0   282.72 0   282.98 0    62.5 0   224.7 0   407.9 0  -117.2 0   290.7 0     7.9 0    67.5 0     2.0 0   191.0 0  1016.2 0
 2019  16  1 16 16 47 16.783  58.53   531.6 0   129.1 0   866.8 0    85.3 0   266.3 0   284.26 0   283.87 0   383.9 0   282.75 0   283.04 0    62.8 0   225.4 0   408.7 0  -117.6 0   291.1 0     7.9 0    67.4 0     2.5 0   178.2 0  1016.2 0
 2019  16  1 16 16 48 16.800  58.45   531.9 0   129.4 0   864.8 0    85.4 0   266.3 0   284.29 0   283.80 0   382.7 0   282.79 0   283.08 0    63.1 0   225.2 0   408.5 0  -116.4 0   292.2 0     7.8 0    67.8 0     2.5 0   169.9 0  1016.2 0
 2019  16  1 16 16 49 16.817  58.37   534.2 0   129.7 0   867.5 0    85.7 0   267.1 0   284.30 0   283.90 0   385.1 0   282.83 0   283.11 0    63.5 0   226.4 0   411.0 0  -118.0 0   293.0 0     7.9 0    68.8 0     2.3 0   184.3 0  1016.2 0
 2019  16  1 16 16 50 16.833  58.29   535.8 0   129.9 0   868.0 0    85.8 0   266.5 0   284.33 0   283.93 0   384.5 0   282.87 0   283.17 0    63.9 0   227.0 0   412.2 0  -118.0 0   294.2 0     8.0 0    67.1 0     2.2 0   181.5 0  1016.1 0
 2019  16  1 16 16 51 16.850  58.21   537.2 0   130.0 0   868.6 0    85.6 0   267.0 0   284.35 0   283.94 0   385.0 0   282.91 0   283.22 0    64.2 0   227.5 0   413.2 0  -117.9 0   295.2 0     8.1 0    67.2 0     2.2 0   171.4 0  1016.1 0
 2019  16  1 16 16 52 16.867  58.14   539.4 0   130.3 0   871.0 0    85.9 0   267.5 0   284.38 0   284.01 0   386.7 0   282.95 0   283.25 0    64.7 0   228.6 0   415.4 0  -119.2 0   296.2 0     8.1 0    66.9 0     2.2 0   194.1 0  1016.1 0
 2019  16  1 16 16 53 16.883  58.06   541.3 0   130.7 0   871.1 0    86.4 0   267.6 0   284.42 0   284.06 0   387.2 0   283.00 0   283.29 0    65.0 0   229.3 0   416.5 0  -119.5 0   296.9 0     8.1 0    66.9 0     2.4 0   198.7 0  1016.2 0
 2019  16  1 16 16 54 16.900  57.99   541.5 0   130.7 0   869.1 0    86.7 0   267.5 0   284.45 0   284.09 0   386.8 0   283.04 0   283.35 0    65.3 0   229.1 0   416.7 0  -119.3 0   297.4 0     8.1 0    66.5 0     2.4 0   227.5 0  1016.2 0
 2019  16  1 16 16 55 16.917  57.91   543.1 0   131.0 0   869.8 0    86.7 0   267.9 0   284.49 0   284.16 0   385.8 0   283.08 0   283.35 0    65.6 0   229.7 0   417.8 0  -118.0 0   299.8 0     8.1 0    67.0 0     2.8 0   256.4 0  1016.2 0
 2019  16  1 16 16 56 16.933  57.84   544.7 0   131.3 0   870.3 0    87.1 0   268.2 0   284.52 0   284.16 0   386.1 0   283.10 0   283.38 0    65.9 0   230.4 0   419.0 0  -117.9 0   301.1 0     8.0 0    67.5 0     2.5 0   243.0 0  1016.2 0
 2019  16  1 16 16 57 16.950  57.77   546.0 0   131.5 0   871.4 0    87.1 0   267.9 0   284.56 0   284.23 0   388.8 0   283.13 0   283.42 0    66.3 0   231.1 0   420.3 0  -120.9 0   299.5 0     8.2 0    67.3 0     1.7 0   221.8 0  1016.2 0
 2019  16  1 16 16 58 16.967  57.70   547.7 0   131.5 0   872.3 0    87.1 0   268.2 0   284.60 0   284.29 0   389.9 0   283.18 0   283.48 0    66.7 0   231.8 0   421.7 0  -121.7 0   300.0 0     8.4 0    66.1 0     1.5 0   199.9 0  1016.2 0
 2019  16  1 16 16 59 16.983  57.63   548.7 0   131.7 0   872.4 0    87.0 0   268.5 0   284.65 0   284.31 0   390.6 0   283.23 0   283.53 0    67.0 0   232.3 0   422.3 0  -122.2 0   300.2 0     8.6 0    66.3 0     2.2 0   228.9 0  1016.1 0
 2019  16  1 16 17  0 17.000  57.56   550.1 0   132.1 0   873.4 0    86.7 0   267.6 0   284.68 0   284.31 0   389.6 0   283.28 0   283.52 0    67.3 0   232.8 0   423.1 0  -122.0 0   301.1 0     8.6 0    65.2 0     2.0 0   232.3 0  1016.1 0
 2019  16  1 16 17  1 17.017  57.49   552.1 0   132.3 0   875.2 0    86.5 0   267.9 0   284.71 0   284.30 0   390.4 0   283.32 0   283.61 0    67.7 0   233.7 0   424.5 0  -122.5 0   302.0 0     8.5 0    66.0 0     1.3 0   247.7 0  1016.1 0
 2019  16  1 16 17  2 17.033  57.42   553.4 0   132.4 0   876.1 0    86.4 0   268.7 0   284.72 0   284.34 0   390.8 0   283.38 0   283.65 0    68.1 0   234.3 0   425.8 0  -122.1 0   303.6 0     8.6 0    66.1 0     1.8 0   307.4 0  1016.1 0
 2019  16  1 16 17  3 17.050  57.36   554.5 0   133.0 0   877.3 0    86.8 0   270.2 0   284.76 0   284.52 0   389.4 0   283.43 0   283.66 0    68.4 0   234.9 0   427.0 0  -119.2 0   307.8 0     8.5 0    65.5 0     2.4 0   298.7 0  1016.0 0
 2019  16  1 16 17  4 17.067  57.29   555.1 0   133.1 0   875.9 0    87.1 0   270.0 0   284.83 0   284.62 0   390.4 0   283.46 0   283.74 0    68.7 0   234.9 0   427.3 0  -120.4 0   306.9 0     8.6 0    66.5 0     2.4 0   260.4 0  1016.1 0
 2019  16  1 16 17  5 17.083  57.23   556.8 0   133.1 0   877.0 0    87.1 0   269.6 0   284.91 0   284.64 0   393.1 0   283.51 0   283.80 0    69.1 0   235.6 0   428.7 0  -123.6 0   305.1 0     8.8 0    66.6 0     1.1 0   246.5 0  1016.1 0
 2019  16  1 16 17  6 17.100  57.17   558.3 0   133.1 0   878.1 0    87.2 0   269.7 0   284.97 0   284.70 0   393.8 0   283.56 0   283.85 0    69.4 0   236.4 0   430.2 0  -124.1 0   306.1 0     9.0 0    64.8 0     1.3 0   285.1 0  1016.0 0
 2019  16  1 16 17  7 17.117  57.10   558.7 0   133.4 0   876.3 0    87.4 0   268.3 0   285.03 0   284.66 0   391.3 0   283.62 0   283.89 0    69.7 0   236.5 0   429.9 0  -123.0 0   306.9 0     8.9 0    63.7 0     2.3 0   260.3 0  1016.1 0
 2019  16  1 16 17  8 17.133  57.04   560.5 0   133.8 0   877.3 0    87.1 0   268.5 0   285.04 0   284.63 0   391.8 0   283.65 0   283.92 0    70.0 0   237.3 0   430.5 0  -123.2 0   307.3 0     8.6 0    65.2 0     2.2 0   254.3 0  1016.0 0
 2019  16  1 16 17  9 17.150  56.98   562.1 0   134.2 0   878.5 0    87.3 0   268.7 0   285.06 0   284.64 0   390.0 0   283.69 0   283.94 0    70.4 0   238.0 0   431.8 0  -121.2 0   310.6 0     8.5 0    64.5 0     2.8 0   286.1 0  1016.0 0
 2019  16  1 16 17 10 17.167  56.92   562.6 0   134.3 0   877.7 0    87.5 0   268.5 0   285.07 0   284.62 0   390.8 0   283.70 0   283.98 0    70.6 0   238.1 0   432.3 0  -122.3 0   310.0 0     8.4 0    65.6 0     1.9 0   271.5 0  1016.0 0
 2019  16  1 16 17 11 17.183  56.86   563.5 0   134.5 0   878.3 0    87.2 0   269.0 0   285.09 0   284.65 0   392.2 0   283.72 0   283.98 0    70.9 0   238.4 0   432.8 0  -123.2 0   309.6 0     8.4 0    65.6 0     2.4 0   267.9 0  1016.0 0
 2019  16  1 16 17 12 17.200  56.80   565.0 0   134.7 0   878.8 0    87.5 0   268.9 0   285.09 0   284.64 0   392.7 0   283.74 0   283.98 0    71.2 0   239.3 0   433.9 0  -123.8 0   310.1 0     8.5 0    66.3 0     1.9 0   269.1 0  1016.0 0
 2019  16  1 16 17 13 17.217  56.75   565.6 0   134.7 0   877.9 0    87.5 0   268.9 0   285.09 0   284.62 0   393.7 0   283.77 0   284.02 0    71.4 0   239.4 0   434.2 0  -124.7 0   309.4 0     8.6 0    65.0 0     1.9 0   275.2 0  1016.0 0
 2019  16  1 16 17 14 17.233  56.69   566.3 0   134.7 0   877.3 0    88.1 0   269.3 0   285.09 0   284.65 0   393.4 0   283.79 0   284.06 0    71.7 0   239.7 0   435.2 0  -124.1 0   311.1 0     8.6 0    65.2 0     1.8 0   265.7 0  1016.0 0
 2019  16  1 16 17 15 17.250  56.63   567.4 0   134.8 0   877.6 0    88.4 0   269.8 0   285.09 0   284.71 0   395.3 0   283.83 0   284.11 0    72.0 0   240.3 0   436.3 0  -125.5 0   310.8 0     8.8 0    64.5 0     1.6 0   231.1 0  1016.0 0
 2019  16  1 16 17 16 17.267  56.58   569.3 0   135.0 0   878.7 0    89.0 0   269.8 0   285.11 0   284.73 0   396.7 0   283.87 0   284.16 0    72.4 0   241.1 0   437.9 0  -126.9 0   311.0 0     8.9 0    64.6 0     2.0 0   262.7 0  1016.0 0
 2019  16  1 16 17 17 17.283  56.53   570.4 0   135.2 0   878.9 0    89.2 0   269.7 0   285.12 0   284.70 0   394.8 0   283.91 0   284.18 0    72.7 0   241.6 0   438.7 0  -125.2 0   313.5 0     9.0 0    63.5 0     2.3 0   295.3 0  1016.0 0
 2019  16  1 16 17 18 17.300  56.47   571.6 0   135.7 0   879.9 0    89.3 0   270.4 0   285.14 0   284.68 0   393.8 0   283.94 0   284.20 0    73.0 0   242.0 0   439.6 0  -123.4 0   316.1 0     8.9 0    63.9 0     2.6 0   303.2 0  1015.9 0
 2019  16  1 16 17 19 17.317  56.42   572.0 0   136.1 0   881.0 0    89.3 0   271.8 0   285.16 0   284.88 0   394.5 0   283.96 0   284.20 0    73.2 0   242.4 0   440.5 0  -122.8 0   317.7 0     8.9 0    63.8 0     2.4 0   301.4 0  1015.9 0
 2019  16  1 16 17 20 17.333  56.37   573.4 0   136.3 0   882.1 0    89.7 0   271.1 0   285.22 0   285.01 0   395.8 0   283.99 0   284.23 0    73.6 0   243.3 0   441.9 0  -124.7 0   317.2 0     9.0 0    64.3 0     2.5 0   267.3 0  1015.9 0
 2019  16  1 16 17 21 17.350  56.32   574.2 0   136.3 0   880.5 0    89.9 0   269.8 0   285.28 0   284.90 0   394.0 0   284.01 0   284.28 0    73.9 0   243.4 0   441.8 0  -124.2 0   317.7 0     8.9 0    63.7 0     2.1 0   260.8 0  1015.9 0
 2019  16  1 16 17 22 17.367  56.27   574.4 0   135.9 0   879.7 0    89.7 0   270.3 0   285.31 0   284.92 0   395.6 0   284.04 0   284.35 0    74.1 0   243.4 0   442.2 0  -125.3 0   316.8 0     9.0 0    63.5 0     1.4 0   261.0 0  1015.9 0
 2019  16  1 16 17 23 17.383  56.23   575.5 0   135.9 0   880.0 0    89.6 0   270.1 0   285.32 0   284.94 0   398.0 0   284.09 0   284.38 0    74.3 0   243.8 0   442.8 0  -127.9 0   314.9 0     9.1 0    64.1 0     0.6 0   258.5 0  1015.9 0
 2019  16  1 16 17 24 17.400  56.18   576.1 0   135.9 0   880.6 0    89.5 0   271.2 0   285.34 0   285.02 0   397.7 0   284.14 0   284.45 0    74.6 0   244.1 0   443.7 0  -126.5 0   317.2 0     9.3 0    62.6 0     0.5 0   270.3 0  1015.9 0
 2019  16  1 16 17 25 17.417  56.13   577.0 0   136.1 0   881.4 0    90.2 0   272.7 0   285.40 0   285.20 0   398.3 0   284.19 0   284.49 0    74.9 0   244.7 0   445.3 0  -125.6 0   319.7 0     9.4 0    62.8 0     1.6 0   281.3 0  1015.9 0
 2019  16  1 16 17 26 17.433  56.09   578.1 0   136.5 0   881.6 0    90.6 0   272.5 0   285.47 0   285.26 0   399.7 0   284.24 0   284.51 0    75.3 0   245.3 0   445.9 0  -127.3 0   318.7 0     9.5 0    62.6 0     2.0 0   289.4 0  1015.8 0
 2019  16  1 16 17 27 17.450  56.05   579.4 0   136.8 0   882.4 0    90.6 0   272.1 0   285.55 0   285.33 0   397.7 0   284.29 0   284.57 0    75.6 0   245.9 0   446.7 0  -125.6 0   321.1 0     9.6 0    62.2 0     2.0 0   264.9 0  1015.8 0
 2019  16  1 16 17 28 17.467  56.00   580.2 0   137.1 0   882.2 0    90.8 0   272.4 0   285.62 0   285.38 0   398.7 0   284.32 0   284.61 0    75.8 0   246.1 0   447.0 0  -126.3 0   320.7 0     9.4 0    63.0 0     2.0 0   249.9 0  1015.8 0
 2019  16  1 16 17 29 17.483  55.96   580.1 0   137.2 0   880.2 0    90.9 0   271.3 0   285.69 0   285.36 0   397.3 0   284.35 0   284.63 0    75.9 0   245.9 0   446.4 0  -126.1 0   320.4 0     9.4 0    63.3 0     2.5 0   236.3 0  1015.8 0
 2019  16  1 16 17 30 17.500  55.92   580.9 0   137.5 0   880.4 0    90.8 0   270.8 0   285.73 0   285.32 0   396.4 0   284.38 0   284.62 0    76.1 0   246.1 0   446.6 0  -125.6 0   321.0 0     9.4 0    62.3 0     2.4 0   228.1 0  1015.7 0
 2019  16  1 16 17 31 17.517  55.88   581.6 0   137.4 0   881.0 0    90.4 0   270.8 0   285.75 0   285.33 0   397.0 0   284.39 0   284.69 0    76.3 0   246.5 0   447.1 0  -126.2 0   320.9 0     9.2 0    62.8 0     1.3 0   246.6 0  1015.7 0
 2019  16  1 16 17 32 17.533  55.84   582.2 0   137.1 0   881.7 0    90.2 0   271.6 0   285.76 0   285.41 0   400.7 0   284.44 0   284.77 0    76.5 0   246.8 0   448.1 0  -129.1 0   319.0 0     9.3 0    62.9 0     0.4 0   241.0 0  1015.7 0
 2019  16  1 16 17 33 17.550  55.81   582.8 0   136.9 0   881.9 0    90.6 0   271.7 0   285.79 0   285.48 0   401.1 0   284.50 0   284.80 0    76.8 0   247.0 0   449.4 0  -129.5 0   319.9 0     9.6 0    62.3 0     0.8 0   291.2 0  1015.7 0
 2019  16  1 16 17 34 17.567  55.77   583.7 0   137.2 0   882.1 0    90.9 0   271.7 0   285.83 0   285.49 0   400.8 0   284.55 0   284.83 0    77.1 0   247.5 0   449.8 0  -129.1 0   320.7 0     9.6 0    61.6 0     0.9 0   274.0 0  1015.6 0
 2019  16  1 16 17 35 17.583  55.73   585.7 0   137.5 0   884.5 0    90.6 0   272.0 0   285.86 0   285.51 0   402.2 0   284.59 0   284.89 0    77.4 0   248.3 0   451.1 0  -130.2 0   320.9 0     9.6 0    62.0 0     1.3 0   281.4 0  1015.6 0
 2019  16  1 16 17 36 17.600  55.70   587.1 0   138.1 0   885.5 0    90.4 0   271.5 0   285.89 0   285.51 0   399.8 0   284.63 0   284.90 0    77.6 0   248.8 0   451.3 0  -128.3 0   323.0 0     9.6 0    61.7 0     1.5 0   264.8 0  1015.6 0
 2019  16  1 16 17 37 17.617  55.66   587.6 0   138.0 0   885.8 0    90.7 0   272.0 0   285.91 0   285.57 0   401.0 0   284.66 0   284.94 0    77.8 0   249.0 0   452.4 0  -129.1 0   323.3 0     9.6 0    61.9 0     1.1 0   271.7 0  1015.5 0
 2019  16  1 16 17 38 17.633  55.63   588.3 0   138.1 0   886.2 0    90.9 0   272.0 0   285.94 0   285.60 0   401.8 0   284.70 0   284.99 0    78.0 0   249.3 0   453.0 0  -129.8 0   323.2 0     9.6 0    61.6 0     1.3 0   252.5 0  1015.5 0
 2019  16  1 16 17 39 17.650  55.60   589.4 0   138.3 0   887.2 0    90.7 0   272.1 0   285.97 0   285.60 0   402.3 0   284.74 0   285.07 0    78.2 0   249.9 0   453.7 0  -130.2 0   323.5 0     9.6 0    61.7 0     0.8 0   269.1 0  1015.5 0
 2019  16  1 16 17 40 17.667  55.57   590.1 0   138.2 0   886.9 0    91.1 0   272.5 0   285.99 0   285.66 0   402.9 0   284.79 0   285.11 0    78.4 0   250.2 0   454.4 0  -130.4 0   324.0 0     9.7 0    61.5 0     1.2 0   234.6 0  1015.5 0
 2019  16  1 16 17 41 17.683  55.54   589.8 0   138.3 0   884.5 0    91.8 0   272.7 0   286.02 0   285.70 0   402.2 0   284.83 0   285.14 0    78.5 0   249.8 0   454.0 0  -129.4 0   324.6 0     9.7 0    61.0 0     1.4 0   226.0 0  1015.4 0
 2019  16  1 16 17 42 17.700  55.51   590.1 0   138.3 0   883.2 0    92.3 0   272.4 0   286.06 0   285.70 0   402.7 0   284.88 0   285.16 0    78.7 0   249.9 0   454.1 0  -130.2 0   323.9 0     9.8 0    61.2 0     1.5 0   239.5 0  1015.4 0
 2019  16  1 16 17 43 17.717  55.48   591.1 0   138.4 0   884.1 0    92.5 0   273.2 0   286.08 0   285.75 0   403.5 0   284.91 0   285.20 0    78.9 0   250.4 0   455.1 0  -130.4 0   324.8 0     9.8 0    61.0 0     1.6 0   233.2 0  1015.4 0
 2019  16  1 16 17 44 17.733  55.45   592.3 0   139.0 0   884.6 0    93.1 0   272.7 0   286.11 0   285.74 0   398.7 0   284.94 0   285.20 0    79.1 0   250.9 0   455.7 0  -126.0 0   329.7 0     9.8 0    61.1 0     3.1 0   229.9 0  1015.3 0
 2019  16  1 16 17 45 17.750  55.43   589.8 0   138.4 0   879.1 0    92.7 0   272.8 0   286.14 0   285.74 0   400.1 0   284.95 0   285.23 0    79.0 0   249.5 0   453.1 0  -127.3 0   325.8 0     9.7 0    61.4 0     2.1 0   246.0 0  1015.3 0
 2019  16  1 16 17 46 17.767  55.40   584.4 0   136.9 0   870.8 0    92.5 0   273.5 0   286.16 0   285.85 0   401.5 0   284.98 0   285.26 0    78.9 0   247.9 0   450.1 0  -128.0 0   322.1 0     9.7 0    61.4 0     2.0 0   216.1 0  1015.3 0
 2019  16  1 16 17 47 17.783  55.38   591.6 0   138.6 0   882.9 0    92.9 0   273.1 0   286.20 0   285.89 0   403.4 0   285.00 0   285.30 0    79.4 0   250.8 0   455.9 0  -130.3 0   325.7 0     9.8 0    61.6 0     1.7 0   222.1 0  1015.2 0
 2019  16  1 16 17 48 17.800  55.36   593.2 0   139.1 0   884.9 0    92.2 0   272.6 0   286.23 0   285.82 0   400.2 0   285.02 0   285.29 0    79.5 0   251.2 0   456.1 0  -127.6 0   328.5 0     9.8 0    61.0 0     1.7 0   225.1 0  1015.2 0
 2019  16  1 16 17 49 17.817  55.34   592.8 0   138.8 0   885.4 0    91.6 0   273.1 0   286.24 0   285.89 0   403.4 0   285.05 0   285.36 0    79.6 0   251.2 0   456.4 0  -130.3 0   326.0 0     9.8 0    61.4 0     1.3 0   269.6 0  1015.2 0
 2019  16  1 16 17 50 17.833  55.31   591.6 0   138.6 0   883.8 0    91.4 0   273.6 0   286.27 0   285.94 0   404.4 0   285.09 0   285.40 0    79.6 0   250.5 0   455.8 0  -130.8 0   325.0 0     9.8 0    61.5 0     0.9 0   268.8 0  1015.1 0
 2019  16  1 16 17 51 17.850  55.30   591.7 0   138.3 0   883.8 0    91.6 0   274.0 0   286.31 0   286.02 0   406.1 0   285.14 0   285.47 0    79.8 0   250.6 0   456.4 0  -132.1 0   324.3 0    10.0 0    61.4 0     0.3 0   204.8 0  1015.1 0
 2019  16  1 16 17 52 17.867  55.28   593.2 0   138.8 0   885.3 0    91.3 0   273.6 0   286.36 0   286.03 0   406.0 0   285.20 0   285.51 0    80.0 0   251.3 0   456.7 0  -132.3 0   324.4 0    10.2 0    60.0 0     1.2 0   144.9 0  1015.1 0
 2019  16  1 16 17 53 17.883  55.26   594.2 0   138.9 0   886.1 0    91.4 0   274.5 0   286.41 0   286.12 0   407.4 0   285.25 0   285.58 0    80.2 0   251.7 0   457.5 0  -132.9 0   324.6 0    10.4 0    60.0 0     0.6 0   138.5 0  1015.1 0
 2019  16  1 16 17 54 17.900  55.24   594.7 0   138.8 0   885.3 0    92.5 0   274.4 0   286.47 0   286.21 0   408.4 0   285.31 0   285.65 0    80.5 0   252.1 0   458.4 0  -134.0 0   324.4 0    10.6 0    59.2 0     0.7 0   184.1 0  1015.1 0
 2019  16  1 16 17 55 17.917  55.23   595.5 0   139.1 0   884.3 0    93.6 0   274.4 0   286.53 0   286.23 0   408.2 0   285.37 0   285.70 0    80.6 0   252.4 0   458.8 0  -133.8 0   325.0 0    10.7 0    58.2 0     1.0 0   196.8 0  1015.0 0
 2019  16  1 16 17 56 17.933  55.21   595.5 0   139.2 0   882.5 0    94.4 0   275.4 0   286.59 0   286.30 0   409.3 0   285.44 0   285.77 0    80.7 0   252.3 0   458.8 0  -133.9 0   324.9 0    10.8 0    58.4 0     1.2 0   226.3 0  1015.0 0
 2019  16  1 16 17 57 17.950  55.20   592.3 0   138.9 0   875.2 0    95.5 0   275.2 0   286.65 0   286.43 0   408.0 0   285.50 0   285.81 0    80.5 0   250.5 0   456.1 0  -132.8 0   323.3 0    10.6 0    58.5 0     1.9 0   228.1 0  1015.0 0
 2019  16  1 16 17 58 17.967  55.18   590.2 0   138.4 0   870.0 0    96.0 0   274.6 0   286.71 0   286.38 0   407.4 0   285.55 0   285.85 0    80.3 0   249.4 0   454.3 0  -132.8 0   321.5 0    10.6 0    58.9 0     1.7 0   211.0 0  1015.0 0
 2019  16  1 16 17 59 17.983  55.17   593.4 0   139.3 0   874.5 0    96.5 0   274.8 0   286.75 0   286.39 0   405.4 0   285.59 0   285.88 0    80.5 0   250.8 0   456.6 0  -130.6 0   326.1 0    10.5 0    58.6 0     2.0 0   213.9 0  1014.9 0
 2019  16  1 16 18  0 18.000  55.16   596.6 0   140.0 0   880.7 0    96.8 0   275.6 0   286.79 0   286.51 0   406.4 0   285.62 0   285.93 0    80.9 0   252.9 0   459.8 0  -130.8 0   329.1 0    10.5 0    59.4 0     2.4 0   201.1 0  1014.8 0
 2019  16  1 16 18  1 18.017  55.15   600.8 0   141.6 0   885.5 0    97.2 0   274.5 0   286.85 0   286.44 0   402.9 0   285.65 0   285.91 0    81.3 0   255.1 0   461.6 0  -128.4 0   333.2 0    10.4 0    59.1 0     3.0 0   184.8 0  1014.8 0
 2019  16  1 16 18  2 18.033  55.14   601.6 0   141.9 0   885.7 0    97.7 0   275.2 0   286.88 0   286.49 0   403.9 0   285.65 0   285.94 0    81.4 0   255.2 0   462.0 0  -128.7 0   333.2 0    10.2 0    59.9 0     1.7 0   193.4 0  1014.8 0
 2019  16  1 16 18  3 18.050  55.14   601.3 0   141.6 0   883.1 0    99.2 0   275.2 0   286.92 0   286.58 0   404.7 0   285.68 0   285.95 0    81.4 0   255.2 0   462.4 0  -129.5 0   332.9 0    10.2 0    59.7 0     2.0 0   189.2 0  1014.8 0
 2019  16  1 16 18  4 18.067  55.13   602.2 0   141.6 0   881.5 0   100.3 0   275.4 0   286.96 0   286.55 0   406.2 0   285.71 0   286.01 0    81.5 0   255.4 0   462.6 0  -130.8 0   331.9 0    10.3 0    59.8 0     1.6 0   195.5 0  1014.8 0
 2019  16  1 16 18  5 18.083  55.12   600.2 0   141.4 0   876.7 0   101.1 0   275.8 0   286.98 0   286.57 0   404.6 0   285.74 0   286.06 0    81.4 0   254.3 0   461.0 0  -128.8 0   332.1 0    10.3 0    59.8 0     1.7 0   175.6 0  1014.8 0
 2019  16  1 16 18  6 18.100  55.12   601.7 0   141.1 0   879.4 0   101.4 0   276.5 0   287.02 0   286.71 0   407.7 0   285.79 0   286.14 0    81.6 0   255.0 0   463.1 0  -131.2 0   331.9 0    10.4 0    59.7 0     0.3 0   152.5 0  1014.8 0
 2019  16  1 16 18  7 18.117  55.12   604.0 0   141.6 0   881.3 0   102.4 0   276.5 0   287.06 0   286.71 0   408.8 0   285.85 0   286.17 0    81.8 0   256.2 0   464.8 0  -132.3 0   332.5 0    10.7 0    58.5 0     1.9 0   186.1 0  1014.8 0
 2019  16  1 16 18  8 18.133  55.11   607.3 0   142.8 0   883.4 0   104.5 0   276.9 0   287.11 0   286.76 0   408.2 0   285.90 0   286.20 0    82.0 0   257.8 0   467.0 0  -131.3 0   335.8 0    10.7 0    58.5 0     2.5 0   190.1 0  1014.8 0
 2019  16  1 16 18  9 18.150  55.11   608.3 0   143.3 0   879.4 0   107.4 0   276.5 0   287.15 0   286.77 0   407.8 0   285.94 0   286.22 0    81.9 0   257.7 0   467.1 0  -131.3 0   335.8 0    10.6 0    58.0 0     1.7 0   222.3 0  1014.8 0
 2019  16  1 16 18 10 18.167  55.11   612.8 0   144.3 0   877.4 0   112.4 0   277.4 0   287.17 0   286.80 0   409.8 0   285.98 0   286.29 0    82.0 0   259.5 0   470.0 0  -132.4 0   337.6 0    10.6 0    58.6 0     1.0 0   206.8 0  1014.7 0
 2019  16  1 16 18 11 18.183  55.11   569.9 0   135.4 0   789.4 0   117.0 0   278.6 0   287.19 0   286.87 0   410.2 0   286.04 0   286.38 0    80.6 0   244.1 0   433.1 0  -131.6 0   301.5 0    10.8 0    57.9 0     0.9 0   200.7 0  1014.7 0
 2019  16  1 16 18 12 18.200  55.12   616.1 0   145.9 0   867.1 0   122.1 0   279.5 0   287.22 0   286.94 0   410.7 0   286.11 0   286.42 0    82.1 0   261.0 0   472.1 0  -131.2 0   340.9 0    10.9 0    57.6 0     2.4 0   249.5 0  1014.7 0
 2019  16  1 16 18 13 18.217  55.12   608.0 0   143.8 0   838.4 0   129.4 0   280.3 0   287.27 0   287.02 0   411.0 0   286.16 0   286.45 0    81.8 0   258.1 0   465.1 0  -130.7 0   334.5 0    10.8 0    58.1 0     1.2 0   240.9 0  1014.7 0
 2019  16  1 16 18 14 18.233  55.12   483.4 0   117.6 0   568.8 0   145.0 0   281.9 0   287.33 0   287.13 0   409.7 0   286.21 0   286.50 0    76.7 0   208.8 0   352.7 0  -127.8 0   224.9 0    10.9 0    57.7 0     1.3 0   157.6 0  1014.6 0
 2019  16  1 16 18 15 18.250  55.13   350.7 0    79.8 0   300.1 0   171.0 0   283.1 0   287.38 0   287.11 0   397.2 0   286.24 0   286.40 0    69.9 0   157.5 0   262.8 0  -114.0 0   148.8 0    10.9 0    57.3 0     2.1 0   157.7 0  1014.6 0
 2019  16  1 16 18 16 18.267  55.13   340.4 0    75.9 0   230.1 0   197.8 0   285.8 0   287.39 0   287.11 0   393.3 0   286.24 0   286.36 0    68.4 0   155.2 0   253.5 0  -107.4 0   146.1 0    10.7 0    58.4 0     1.6 0   161.4 0  1014.6 0
 2019  16  1 16 18 17 18.283  55.14   381.8 0    88.7 0   273.4 0   215.6 0   288.7 0   287.38 0   287.09 0   392.9 0   286.22 0   286.33 0    69.4 0   170.8 0   283.3 0  -104.2 0   179.0 0    10.7 0    58.6 0     2.0 0   179.5 0  1014.6 0
 2019  16  1 16 18 18 18.300  55.15   487.2 0   112.3 0   457.8 0   224.8 0   290.3 0   287.37 0   287.11 0   395.8 0   286.21 0   286.35 0    73.5 0   212.5 0   374.2 0  -105.5 0   268.7 0    10.7 0    58.6 0     2.8 0   207.6 0  1014.6 0
 2019  16  1 16 18 19 18.317  55.16   668.3 0   163.9 0   743.2 0   239.8 0   292.8 0   287.37 0   287.17 0   408.6 0   286.21 0   286.48 0    81.7 0   283.8 0   500.5 0  -115.8 0   384.7 0    10.7 0    58.6 0     2.1 0   215.4 0  1014.5 0
 2019  16  1 16 18 20 18.333  55.17   688.3 0   163.4 0   734.8 0   260.9 0   296.2 0   287.39 0   287.34 0   413.3 0   286.25 0   286.57 0    83.1 0   290.5 0   517.2 0  -117.0 0   400.2 0    10.8 0    58.3 0     2.8 0   210.9 0  1014.5 0
 2019  16  1 16 18 21 18.350  55.18   535.0 0   136.7 0   419.2 0   279.2 0   299.1 0   287.46 0   287.43 0   412.1 0   286.28 0   286.58 0    76.7 0   226.9 0   381.8 0  -112.9 0   268.9 0    10.8 0    58.2 0     2.0 0   198.4 0  1014.5 0
 2019  16  1 16 18 22 18.367  55.19   352.5 0    80.7 0    69.5 0   302.9 0   302.4 0   287.50 0   287.37 0   399.5 0   286.29 0   286.48 0    67.5 0   156.2 0   261.9 0   -97.2 0   164.7 0    10.8 0    58.0 0     1.6 0   170.3 0  1014.5 0
 2019  16  1 16 18 23 18.383  55.20   378.7 0    88.7 0    78.5 0   323.1 0   305.4 0   287.48 0   287.38 0   398.7 0   286.31 0   286.47 0    67.6 0   165.9 0   279.2 0   -93.4 0   185.8 0    10.8 0    58.4 0     1.5 0   175.8 0  1014.4 0
 2019  16  1 16 18 24 18.400  55.22   395.7 0    90.1 0    88.8 0   333.8 0   306.0 0   287.47 0   287.44 0   397.0 0   286.31 0   286.41 0    68.0 0   171.8 0   294.4 0   -91.0 0   203.4 0    10.7 0    58.9 0     3.2 0   223.8 0  1014.4 0
 2019  16  1 16 18 25 18.417  55.23   399.1 0    90.4 0    88.9 0   338.8 0   305.3 0   287.45 0   287.44 0   395.7 0   286.28 0   286.37 0    68.1 0   173.0 0   299.0 0   -90.4 0   208.6 0    10.7 0    59.7 0     2.9 0   241.3 0  1014.4 0
 2019  16  1 16 18 26 18.433  55.25   428.0 0    98.9 0   143.5 0   335.9 0   302.4 0   287.45 0   287.39 0   394.8 0   286.25 0   286.35 0    70.0 0   186.2 0   318.8 0   -92.4 0   226.4 0    10.6 0    59.4 0     3.0 0   223.0 0  1014.3 0
 2019  16  1 16 18 27 18.450  55.26   403.6 0    93.1 0   116.6 0   326.9 0   300.2 0   287.41 0   287.31 0   394.9 0   286.22 0   286.33 0    69.2 0   175.0 0   300.2 0   -94.6 0   205.6 0    10.5 0    59.4 0     2.4 0   231.0 0  1014.3 0
 2019  16  1 16 18 28 18.467  55.28   372.0 0    84.3 0    68.8 0   322.8 0   301.4 0   287.38 0   287.31 0   395.1 0   286.19 0   286.33 0    67.3 0   161.0 0   277.7 0   -93.7 0   184.0 0    10.5 0    59.8 0     2.0 0   232.6 0  1014.2 0
 2019  16  1 16 18 29 18.483  55.30   454.4 0   101.6 0   191.9 0   335.1 0   302.7 0   287.34 0   287.31 0   396.6 0   286.18 0   286.34 0    71.3 0   198.4 0   342.7 0   -93.9 0   248.9 0    10.5 0    59.5 0     2.3 0   234.1 0  1014.2 0
 2019  16  1 16 18 30 18.500  55.32   570.3 0   131.2 0   353.8 0   353.5 0   307.0 0   287.33 0   287.33 0   405.5 0   286.18 0   286.41 0    76.2 0   244.9 0   423.6 0   -98.5 0   325.1 0    10.6 0    60.0 0     2.0 0   259.9 0  1014.2 0
 2019  16  1 16 18 31 18.517  55.34   418.2 0    98.1 0    81.9 0   359.2 0   311.5 0   287.34 0   287.46 0   402.4 0   286.19 0   286.40 0    68.3 0   179.8 0   307.7 0   -90.9 0   216.8 0    10.6 0    60.0 0     1.7 0   250.3 0  1014.2 0
 2019  16  1 16 18 32 18.533  55.36   455.2 0   102.4 0   156.7 0   357.5 0   313.8 0   287.35 0   287.39 0   401.1 0   286.19 0   286.37 0    69.1 0   195.9 0   344.2 0   -87.3 0   256.8 0    10.8 0    60.0 0     2.1 0   218.5 0  1014.2 0
 2019  16  1 16 18 33 18.550  55.39   358.8 0    81.0 0    13.2 0   349.0 0   316.4 0   287.35 0   287.40 0   395.8 0   286.19 0   286.30 0    63.3 0   153.7 0   275.5 0   -79.4 0   196.1 0    10.8 0    60.5 0     1.6 0   226.6 0  1014.2 0
 2019  16  1 16 18 34 18.567  55.41   364.7 0    82.1 0    30.6 0   343.5 0   317.6 0   287.33 0   287.39 0   397.2 0   286.17 0   286.29 0    63.3 0   157.8 0   278.7 0   -79.6 0   199.2 0    10.8 0    60.8 0     1.7 0   252.8 0  1014.2 0
 2019  16  1 16 18 35 18.583  55.44   365.7 0    82.9 0    28.5 0   345.1 0   318.3 0   287.31 0   287.32 0   394.9 0   286.17 0   286.24 0    62.8 0   156.8 0   278.4 0   -76.6 0   201.7 0    10.8 0    60.5 0     3.2 0   258.4 0  1014.2 0
 2019  16  1 16 18 36 18.600  55.46   349.4 0    79.8 0     7.9 0   342.6 0   319.4 0   287.28 0   287.35 0   392.4 0   286.13 0   286.19 0    61.5 0   149.4 0   267.2 0   -72.9 0   194.3 0    10.6 0    60.3 0     3.0 0   251.1 0  1014.2 0
 2019  16  1 16 18 37 18.617  55.49   354.3 0    80.4 0    22.0 0   338.8 0   321.0 0   287.27 0   287.34 0   392.2 0   286.08 0   286.15 0    61.7 0   152.4 0   270.8 0   -71.2 0   199.6 0    10.5 0    61.2 0     2.9 0   259.4 0  1014.2 0
 2019  16  1 16 18 38 18.633  55.52   343.2 0    78.2 0     9.1 0   335.9 0   322.5 0   287.24 0   287.31 0   391.6 0   286.03 0   286.09 0    60.4 0   147.1 0   262.9 0   -69.1 0   193.8 0    10.5 0    61.2 0     3.4 0   268.4 0  1014.1 0
 2019  16  1 16 18 39 18.650  55.55   339.7 0    77.4 0     5.1 0   334.7 0   323.0 0   287.22 0   287.10 0   389.6 0   285.98 0   286.03 0    59.6 0   145.4 0   260.2 0   -66.7 0   193.5 0    10.4 0    61.6 0     3.8 0   264.4 0  1014.1 0
 2019  16  1 16 18 40 18.667  55.58   349.7 0    79.4 0    18.4 0   335.4 0   325.0 0   287.14 0   287.04 0   389.8 0   285.91 0   285.98 0    59.8 0   150.4 0   266.4 0   -64.8 0   201.6 0    10.4 0    61.5 0     3.3 0   266.7 0  1014.1 0
 2019  16  1 16 18 41 18.683  55.61   340.2 0    77.4 0    11.6 0   331.0 0   325.9 0   287.07 0   287.02 0   390.4 0   285.85 0   285.92 0    58.9 0   145.8 0   260.1 0   -64.5 0   195.6 0    10.3 0    61.8 0     2.9 0   261.9 0  1014.0 0
 2019  16  1 16 18 42 18.700  55.64   324.8 0    73.6 0     2.6 0   322.3 0   327.8 0   287.01 0   286.99 0   390.9 0   285.80 0   285.88 0    57.4 0   138.4 0   250.2 0   -63.1 0   187.1 0    10.2 0    62.1 0     2.6 0   263.6 0  1014.0 0
 2019  16  1 16 18 43 18.717  55.67   314.2 0    70.8 0     2.8 0   311.7 0   329.3 0   286.96 0   286.94 0   390.8 0   285.75 0   285.82 0    56.1 0   133.9 0   242.6 0   -61.5 0   181.1 0    10.3 0    62.3 0     1.9 0   249.3 0  1014.0 0
 2019  16  1 16 18 44 18.733  55.71   305.3 0    68.4 0     0.9 0   303.5 0   331.6 0   286.90 0   286.84 0   391.9 0   285.72 0   285.81 0    54.5 0   129.9 0   235.5 0   -60.3 0   175.2 0    10.3 0    61.8 0     1.0 0   268.4 0  1014.0 0
 2019  16  1 16 18 45 18.750  55.74   303.9 0    67.6 0     2.2 0   300.8 0   335.0 0   286.83 0   286.81 0   394.1 0   285.71 0   285.84 0    53.4 0   129.5 0   234.5 0   -59.2 0   175.3 0    10.4 0    61.9 0     0.5 0   296.8 0  1014.0 0
 2019  16  1 16 18 46 18.767  55.78   304.2 0    67.6 0     1.9 0   301.9 0   337.8 0   286.78 0   286.84 0   394.3 0   285.71 0   285.84 0    52.5 0   129.8 0   235.3 0   -56.5 0   178.8 0    10.5 0    61.3 0     1.5 0   241.9 0  1014.0 0
 2019  16  1 16 18 47 18.783  55.82   304.0 0    68.0 0     0.9 0   302.4 0   339.1 0   286.75 0   286.81 0   392.7 0   285.71 0   285.80 0    51.6 0   129.7 0   234.9 0   -53.6 0   181.2 0    10.6 0    61.4 0     2.1 0   247.8 0  1014.0 0
 2019  16  1 16 18 48 18.800  55.85   306.7 0    69.0 0     2.5 0   304.2 0   341.4 0   286.73 0   286.86 0   393.2 0   285.70 0   285.77 0    51.2 0   131.3 0   236.7 0   -51.7 0   184.9 0    10.6 0    61.7 0     1.7 0   254.3 0  1014.0 0
 2019  16  1 16 18 49 18.817  55.89   314.3 0    70.6 0     2.0 0   311.4 0   341.0 0   286.72 0   286.80 0   394.4 0   285.69 0   285.78 0    51.4 0   134.7 0   241.9 0   -53.4 0   188.5 0    10.6 0    61.1 0     1.8 0   246.1 0  1014.0 0
 2019  16  1 16 18 50 18.833  55.93   322.9 0    72.7 0     1.3 0   320.2 0   341.1 0   286.69 0   286.74 0   393.7 0   285.68 0   285.76 0    52.1 0   138.1 0   248.2 0   -52.5 0   195.7 0    10.5 0    60.9 0     1.7 0   237.3 0  1013.9 0
 2019  16  1 16 18 51 18.850  55.97   328.4 0    73.9 0     2.0 0   326.1 0   341.5 0   286.66 0   286.79 0   395.8 0   285.67 0   285.79 0    52.9 0   140.5 0   253.3 0   -54.3 0   199.0 0    10.6 0    61.2 0     1.1 0   230.7 0  1013.9 0
 2019  16  1 16 18 52 18.867  56.02   340.0 0    76.6 0     5.7 0   335.0 0   340.6 0   286.65 0   286.86 0   398.1 0   285.69 0   285.82 0    54.2 0   146.0 0   261.6 0   -57.5 0   204.1 0    10.7 0    60.8 0     1.6 0   224.3 0  1013.9 0
 2019  16  1 16 18 53 18.883  56.06   356.6 0    80.7 0     8.8 0   349.1 0   338.8 0   286.66 0   286.82 0   396.9 0   285.70 0   285.84 0    55.7 0   153.0 0   273.4 0   -58.1 0   215.3 0    10.7 0    60.0 0     1.4 0   208.4 0  1013.8 0
 2019  16  1 16 18 54 18.900  56.10   365.3 0    82.9 0     6.2 0   360.0 0   338.5 0   286.68 0   286.86 0   398.4 0   285.71 0   285.88 0    56.6 0   156.4 0   280.5 0   -59.8 0   220.6 0    10.7 0    59.9 0     1.4 0   209.9 0  1013.7 0
 2019  16  1 16 18 55 18.917  56.15   365.4 0    82.9 0     7.4 0   360.0 0   337.7 0   286.68 0   286.91 0   399.3 0   285.73 0   285.91 0    56.7 0   156.6 0   281.2 0   -61.6 0   219.6 0    10.7 0    60.2 0     1.6 0   241.2 0  1013.7 0
 2019  16  1 16 18 56 18.933  56.19   362.0 0    82.0 0    10.0 0   355.8 0   337.8 0   286.70 0   286.91 0   399.9 0   285.76 0   285.93 0    56.3 0   155.1 0   279.4 0   -62.1 0   217.2 0    10.7 0    60.0 0     1.4 0   242.2 0  1013.6 0
 2019  16  1 16 18 57 18.950  56.24   351.4 0    79.7 0     4.7 0   349.3 0   338.0 0   286.70 0   286.90 0   398.3 0   285.79 0   285.92 0    55.3 0   150.4 0   272.2 0   -60.3 0   211.9 0    10.7 0    60.0 0     1.8 0   246.2 0  1013.6 0
 2019  16  1 16 18 58 18.967  56.29   349.7 0    79.4 0     4.2 0   346.7 0   338.3 0   286.73 0   286.90 0   397.3 0   285.80 0   285.94 0    55.0 0   150.0 0   269.6 0   -59.1 0   210.6 0    10.7 0    59.8 0     1.4 0   242.8 0  1013.6 0
 2019  16  1 16 18 59 18.983  56.34   350.8 0    79.5 0     4.7 0   347.5 0   338.2 0   286.73 0   286.88 0   398.3 0   285.81 0   285.96 0    55.1 0   150.3 0   270.6 0   -60.2 0   210.4 0    10.7 0    60.0 0     0.9 0   226.5 0  1013.6 0
 2019  16  1 16 19  0 19.000  56.39   347.1 0    78.7 0     4.0 0   345.1 0   337.8 0   286.73 0   286.92 0   398.2 0   285.83 0   285.96 0    54.9 0   148.8 0   268.6 0   -60.4 0   208.2 0    10.7 0    59.4 0     1.3 0   228.4 0  1013.6 0
 2019  16  1 16 19  1 19.017  56.44   344.6 0    77.9 0     3.7 0   342.7 0   338.2 0   286.73 0   286.90 0   399.5 0   285.85 0   286.01 0    54.6 0   147.7 0   266.9 0   -61.3 0   205.6 0    10.8 0    59.8 0     0.6 0   227.4 0  1013.6 0
 2019  16  1 16 19  2 19.033  56.49   342.5 0    77.4 0     5.8 0   339.8 0   338.3 0   286.73 0   286.92 0   399.4 0   285.88 0   286.03 0    54.2 0   146.9 0   265.6 0   -61.1 0   204.5 0    10.9 0    58.9 0     1.5 0   216.5 0  1013.5 0
 2019  16  1 16 19  3 19.050  56.54   336.3 0    76.3 0     4.4 0   334.6 0   339.1 0   286.74 0   286.93 0   398.8 0   285.90 0   286.04 0    53.3 0   144.4 0   260.7 0   -59.6 0   201.1 0    10.9 0    59.2 0     1.4 0   224.1 0  1013.5 0
 2019  16  1 16 19  4 19.067  56.60   334.0 0    75.9 0     3.9 0   332.3 0   339.5 0   286.76 0   286.91 0   397.5 0   285.92 0   286.05 0    52.7 0   143.5 0   258.6 0   -58.0 0   200.5 0    10.9 0    59.0 0     1.8 0   198.8 0  1013.5 0
 2019  16  1 16 19  5 19.083  56.65   338.9 0    77.1 0     5.4 0   335.7 0   340.6 0   286.76 0   286.93 0   398.3 0   285.94 0   286.09 0    52.6 0   145.9 0   261.6 0   -57.6 0   204.0 0    10.9 0    58.8 0     0.7 0   178.4 0  1013.5 0
 2019  16  1 16 19  6 19.100  56.70   346.6 0    78.8 0     6.8 0   342.7 0   340.7 0   286.77 0   286.98 0   400.1 0   285.96 0   286.12 0    53.0 0   149.4 0   267.6 0   -59.5 0   208.1 0    10.9 0    58.8 0     1.3 0   209.9 0  1013.5 0
 2019  16  1 16 19  7 19.117  56.76   350.4 0    79.9 0     4.2 0   348.2 0   340.4 0   286.79 0   287.01 0   399.7 0   285.99 0   286.14 0    53.3 0   150.6 0   270.7 0   -59.3 0   211.3 0    10.9 0    58.5 0     1.2 0   220.4 0  1013.5 0
 2019  16  1 16 19  8 19.133  56.82   351.6 0    80.0 0     4.5 0   349.7 0   339.6 0   286.81 0   287.04 0   400.7 0   286.01 0   286.15 0    53.7 0   150.9 0   272.2 0   -61.1 0   211.1 0    10.9 0    58.7 0     0.9 0   205.0 0  1013.5 0
 2019  16  1 16 19  9 19.150  56.88   349.1 0    79.4 0     4.8 0   347.0 0   338.4 0   286.84 0   287.05 0   400.2 0   286.04 0   286.18 0    53.8 0   149.7 0   270.3 0   -61.9 0   208.4 0    11.0 0    59.0 0     1.1 0   182.3 0  1013.4 0
 2019  16  1 16 19 10 19.167  56.94   348.9 0    79.4 0     6.2 0   345.0 0   337.4 0   286.86 0   287.08 0   399.9 0   286.07 0   286.23 0    54.0 0   149.7 0   269.0 0   -62.5 0   206.6 0    11.1 0    58.1 0     0.5 0   165.6 0  1013.4 0
 2019  16  1 16 19 11 19.183  57.00   350.3 0    79.6 0     4.6 0   347.7 0   336.7 0   286.89 0   287.13 0   400.3 0   286.11 0   286.29 0    54.3 0   150.3 0   270.5 0   -63.6 0   206.9 0    11.2 0    57.8 0     0.3 0   106.4 0  1013.4 0
 2019  16  1 16 19 12 19.200  57.06   364.4 0    82.8 0    17.4 0   353.0 0   336.1 0   286.93 0   287.17 0   402.2 0   286.15 0   286.31 0    55.4 0   157.1 0   279.6 0   -66.1 0   213.5 0    11.3 0    58.0 0     0.8 0   101.0 0  1013.3 0
 2019  16  1 16 19 13 19.217  57.12   366.1 0    83.2 0    16.3 0   355.2 0   335.3 0   286.97 0   287.17 0   402.4 0   286.20 0   286.37 0    55.4 0   157.3 0   280.9 0   -67.1 0   213.8 0    11.4 0    57.2 0     0.9 0    73.2 0  1013.3 0
 2019  16  1 16 19 14 19.233  57.18   351.7 0    79.7 0     8.6 0   347.7 0   335.6 0   286.99 0   287.21 0   402.0 0   286.24 0   286.43 0    54.4 0   150.8 0   272.6 0   -66.4 0   206.2 0    11.4 0    57.0 0     0.7 0    55.3 0  1013.3 0
 2019  16  1 16 19 15 19.250  57.25   340.1 0    77.1 0     4.8 0   338.8 0   336.0 0   287.02 0   287.20 0   401.1 0   286.28 0   286.46 0    53.4 0   145.9 0   264.2 0   -65.1 0   199.1 0    11.4 0    57.3 0     0.9 0    53.0 0  1013.3 0
 2019  16  1 16 19 16 19.267  57.31   333.6 0    75.7 0     5.0 0   332.1 0   337.0 0   287.04 0   287.20 0   400.4 0   286.32 0   286.51 0    52.4 0   143.3 0   259.1 0   -63.4 0   195.7 0    11.3 0    57.0 0     0.7 0    55.1 0  1013.2 0
 2019  16  1 16 19 17 19.283  57.38   330.9 0    75.1 0     6.8 0   328.0 0   338.3 0   287.06 0   287.22 0   400.6 0   286.36 0   286.53 0    51.7 0   142.4 0   256.6 0   -62.3 0   194.3 0    11.3 0    57.0 0     0.4 0    85.4 0  1013.2 0
 2019  16  1 16 19 18 19.300  57.44   326.8 0    74.3 0     4.6 0   325.7 0   338.8 0   287.08 0   287.28 0   401.1 0   286.39 0   286.56 0    50.9 0   140.4 0   253.9 0   -62.3 0   191.6 0    11.5 0    56.9 0     0.3 0   117.5 0  1013.2 0
 2019  16  1 16 19 19 19.317  57.51   325.8 0    74.3 0     2.9 0   325.5 0   339.3 0   287.11 0   287.32 0   401.9 0   286.43 0   286.56 0    50.5 0   140.0 0   252.8 0   -62.6 0   190.2 0    11.6 0    56.3 0     0.2 0    71.6 0  1013.2 0
 2019  16  1 16 19 20 19.333  57.58   330.2 0    75.4 0     2.7 0   329.6 0   339.5 0   287.14 0   287.30 0   402.1 0   286.47 0   286.60 0    50.6 0   142.1 0   255.7 0   -62.6 0   193.1 0    11.8 0    55.5 0     0.0 0     0.0 0  1013.1 0
 2019  16  1 16 19 21 19.350  57.65   337.5 0    77.1 0     3.7 0   336.3 0   339.4 0   287.14 0   287.33 0   402.8 0   286.51 0   286.63 0    51.0 0   145.6 0   261.1 0   -63.4 0   197.7 0    11.9 0    55.2 0     0.3 0    14.4 0  1013.1 0
 2019  16  1 16 19 22 19.367  57.72   344.8 0    78.9 0     5.0 0   343.1 0   339.0 0   287.16 0   287.37 0   402.5 0   286.55 0   286.68 0    51.7 0   148.9 0   266.9 0   -63.5 0   203.4 0    11.8 0    54.7 0     0.9 0    20.5 0  1013.1 0
 2019  16  1 16 19 23 19.383  57.79   351.9 0    80.3 0    10.7 0   347.4 0   337.8 0   287.18 0   287.37 0   402.7 0   286.59 0   286.72 0    52.5 0   152.1 0   272.7 0   -64.9 0   207.8 0    11.7 0    55.5 0     0.8 0    23.6 0  1013.1 0
 2019  16  1 16 19 24 19.400  57.86   346.5 0    79.0 0     7.9 0   344.4 0   337.1 0   287.20 0   287.40 0   402.6 0   286.63 0   286.78 0    52.2 0   149.2 0   269.6 0   -65.4 0   204.1 0    11.6 0    56.0 0     0.6 0    31.7 0  1013.1 0
 2019  16  1 16 19 25 19.417  57.93   333.9 0    75.8 0     5.5 0   333.9 0   338.3 0   287.23 0   287.47 0   402.8 0   286.66 0   286.81 0    51.0 0   143.6 0   261.1 0   -64.6 0   196.5 0    11.6 0    56.3 0     0.2 0    47.5 0  1013.1 0
 2019  16  1 16 19 26 19.433  58.01   319.4 0    72.1 0     3.7 0   320.6 0   339.7 0   287.26 0   287.50 0   402.0 0   286.69 0   286.83 0    49.5 0   137.2 0   250.4 0   -62.3 0   188.1 0    11.7 0    56.0 0     0.4 0   280.9 0  1013.1 0
 2019  16  1 16 19 27 19.450  58.08   306.5 0    68.9 0     2.2 0   307.8 0   340.9 0   287.29 0   287.46 0   400.6 0   286.73 0   286.88 0    47.8 0   131.4 0   240.1 0   -59.6 0   180.5 0    11.8 0    55.5 0     0.3 0   261.5 0  1013.1 0
 2019  16  1 16 19 28 19.467  58.16   295.8 0    66.3 0     2.2 0   296.5 0   342.9 0   287.30 0   287.44 0   400.5 0   286.76 0   286.83 0    46.3 0   126.9 0   231.4 0   -57.6 0   173.7 0    11.8 0    55.4 0     1.1 0   295.2 0  1013.2 0
 2019  16  1 16 19 29 19.483  58.23   288.1 0    64.6 0     1.7 0   288.7 0   344.4 0   287.31 0   287.46 0   399.0 0   286.78 0   286.84 0    45.0 0   123.6 0   225.0 0   -54.6 0   170.4 0    11.8 0    55.3 0     1.1 0   316.5 0  1013.2 0
 2019  16  1 16 19 30 19.500  58.31   282.7 0    63.4 0     1.5 0   283.2 0   345.5 0   287.32 0   287.47 0   398.4 0   286.78 0   286.83 0    44.0 0   121.5 0   220.7 0   -52.9 0   167.8 0    11.6 0    55.8 0     1.3 0   315.4 0  1013.2 0
 2019  16  1 16 19 31 19.517  58.39   276.8 0    62.0 0     1.1 0   277.5 0   345.6 0   287.33 0   287.47 0   397.5 0   286.79 0   286.83 0    43.1 0   119.0 0   216.1 0   -51.9 0   164.2 0    11.5 0    56.3 0     1.5 0   309.2 0  1013.2 0
 2019  16  1 16 19 32 19.533  58.47   270.3 0    60.4 0     1.3 0   270.6 0   345.9 0   287.33 0   287.41 0   395.9 0   286.78 0   286.83 0    42.3 0   116.2 0   210.9 0   -50.0 0   160.9 0    11.4 0    56.5 0     1.3 0   322.0 0  1013.2 0
 2019  16  1 16 19 33 19.550  58.55   263.9 0    59.0 0     0.9 0   264.8 0   346.0 0   287.32 0   287.38 0   396.0 0   286.78 0   286.86 0    41.5 0   113.5 0   206.3 0   -50.0 0   156.3 0    11.4 0    56.5 0     0.8 0     4.7 0  1013.2 0
 2019  16  1 16 19 34 19.567  58.63   259.9 0    57.8 0     1.6 0   260.1 0   346.2 0   287.31 0   287.36 0   396.8 0   286.78 0   286.87 0    41.0 0   111.8 0   203.2 0   -50.6 0   152.6 0    11.4 0    57.0 0     0.5 0    56.3 0  1013.2 0
 2019  16  1 16 19 35 19.583  58.71   258.4 0    57.2 0     1.7 0   258.0 0   346.3 0   287.30 0   287.37 0   397.4 0   286.78 0   286.86 0    40.7 0   111.1 0   201.6 0   -51.1 0   150.5 0    11.5 0    56.8 0     0.7 0    44.5 0  1013.2 0
 2019  16  1 16 19 36 19.600  58.79   258.8 0    57.4 0     1.5 0   258.0 0   346.8 0   287.30 0   287.39 0   397.0 0   286.78 0   286.84 0    40.5 0   111.3 0   201.4 0   -50.2 0   151.2 0    11.5 0    56.6 0     0.8 0    29.1 0  1013.1 0
 2019  16  1 16 19 37 19.617  58.88   260.7 0    57.9 0     0.9 0   259.7 0   346.6 0   287.30 0   287.36 0   397.3 0   286.81 0   286.88 0    40.4 0   112.2 0   202.3 0   -50.7 0   151.6 0    11.5 0    56.5 0     0.7 0    38.4 0  1013.1 0
 2019  16  1 16 19 38 19.633  58.96   263.8 0    58.5 0     1.7 0   262.8 0   346.8 0   287.30 0   287.37 0   397.7 0   286.82 0   286.93 0    40.5 0   113.6 0   205.1 0   -50.9 0   154.2 0    11.6 0    56.2 0     0.1 0    45.0 0  1013.1 0
 2019  16  1 16 19 39 19.650  59.04   265.8 0    58.7 0     1.7 0   265.2 0   346.8 0   287.27 0   287.38 0   398.2 0   286.84 0   286.95 0    40.6 0   114.5 0   207.4 0   -51.4 0   155.9 0    11.7 0    56.3 0     0.1 0   322.2 0  1013.1 0
 2019  16  1 16 19 40 19.667  59.13   264.8 0    58.7 0     1.2 0   264.9 0   346.9 0   287.28 0   287.44 0   398.2 0   286.86 0   286.94 0    40.5 0   114.0 0   206.8 0   -51.3 0   155.5 0    11.9 0    56.3 0     0.7 0   246.7 0  1013.1 0
 2019  16  1 16 19 41 19.683  59.22   262.0 0    58.5 0     0.9 0   262.0 0   346.1 0   287.30 0   287.39 0   397.1 0   286.88 0   286.94 0    40.2 0   112.7 0   204.0 0   -51.0 0   153.0 0    11.9 0    55.1 0     1.2 0   234.6 0  1013.1 0
 2019  16  1 16 19 42 19.700  59.30   259.9 0    57.9 0     0.8 0   259.7 0   346.5 0   287.30 0   287.37 0   396.7 0   286.88 0   286.94 0    39.9 0   111.8 0   202.3 0   -50.3 0   152.0 0    11.8 0    55.3 0     1.0 0   226.2 0  1013.1 0
 2019  16  1 16 19 43 19.717  59.39   260.1 0    57.9 0     1.2 0   259.7 0   346.7 0   287.28 0   287.38 0   397.4 0   286.88 0   286.96 0    39.6 0   112.0 0   202.5 0   -50.7 0   151.8 0    11.8 0    55.9 0     0.8 0   239.5 0  1013.1 0
 2019  16  1 16 19 44 19.733  59.48   263.3 0    58.6 0     0.9 0   262.7 0   346.8 0   287.29 0   287.40 0   397.3 0   286.89 0   286.98 0    39.7 0   113.4 0   204.6 0   -50.5 0   154.1 0    11.8 0    55.7 0     0.7 0   234.1 0  1013.0 0
 2019  16  1 16 19 45 19.750  59.57   268.8 0    59.7 0     1.3 0   268.1 0   347.0 0   287.30 0   287.44 0   398.4 0   286.91 0   287.00 0    40.2 0   115.9 0   209.0 0   -51.4 0   157.6 0    11.8 0    56.0 0     0.7 0   244.8 0  1013.0 0
 2019  16  1 16 19 46 19.767  59.66   272.5 0    60.6 0     1.6 0   271.5 0   345.2 0   287.30 0   287.42 0   398.4 0   286.93 0   287.01 0    40.7 0   117.2 0   211.8 0   -53.1 0   158.7 0    11.9 0    55.7 0     0.9 0   213.6 0  1013.0 0
 2019  16  1 16 19 47 19.783  59.75   267.6 0    59.4 0     1.0 0   267.5 0   344.7 0   287.30 0   287.40 0   397.3 0   286.94 0   287.03 0    40.6 0   114.7 0   208.6 0   -52.6 0   156.0 0    11.9 0    55.3 0     0.6 0   235.3 0  1013.0 0
 2019  16  1 16 19 48 19.800  59.84   256.9 0    56.9 0     0.8 0   257.8 0   345.5 0   287.30 0   287.42 0   397.5 0   286.96 0   287.05 0    39.7 0   110.0 0   201.2 0   -52.1 0   149.2 0    11.9 0    55.5 0     0.8 0   226.6 0  1013.0 0
 2019  16  1 16 19 49 19.817  59.94   247.1 0    54.8 0     0.8 0   248.2 0   346.3 0   287.31 0   287.44 0   397.3 0   286.97 0   287.05 0    38.4 0   105.9 0   193.8 0   -51.0 0   142.9 0    11.9 0    56.2 0     1.2 0   220.2 0  1013.0 0
 2019  16  1 16 19 50 19.833  60.03   242.4 0    53.9 0     0.7 0   243.1 0   347.6 0   287.32 0   287.47 0   396.6 0   286.99 0   287.04 0    37.4 0   104.1 0   189.5 0   -49.0 0   140.5 0    11.9 0    56.2 0     1.1 0   246.0 0  1013.0 0
 2019  16  1 16 19 51 19.850  60.13   243.0 0    54.2 0     0.8 0   243.0 0   347.3 0   287.35 0   287.47 0   396.4 0   286.99 0   287.04 0    36.9 0   104.6 0   189.3 0   -49.0 0   140.2 0    11.9 0    56.1 0     1.2 0   194.3 0  1013.0 0
 2019  16  1 16 19 52 19.867  60.22   247.0 0    55.3 0     0.8 0   246.3 0   347.2 0   287.37 0   287.43 0   395.6 0   286.99 0   287.05 0    36.8 0   106.4 0   191.5 0   -48.4 0   143.0 0    11.8 0    55.7 0     1.4 0   178.3 0  1013.0 0
 2019  16  1 16 19 53 19.883  60.32   252.4 0    56.6 0     0.8 0   251.4 0   347.2 0   287.37 0   287.46 0   395.4 0   286.97 0   287.05 0    37.1 0   108.9 0   195.2 0   -48.1 0   147.1 0    11.7 0    56.2 0     1.4 0   185.2 0  1013.0 0
 2019  16  1 16 19 54 19.900  60.41   259.8 0    58.4 0     1.6 0   258.2 0   346.4 0   287.40 0   287.43 0   395.0 0   286.96 0   287.05 0    37.6 0   112.1 0   200.6 0   -48.6 0   152.0 0    11.6 0    55.8 0     1.5 0   174.9 0  1012.9 0
 2019  16  1 16 19 55 19.917  60.51   266.6 0    59.8 0     1.7 0   265.1 0   345.9 0   287.40 0   287.47 0   395.8 0   286.96 0   287.06 0    38.3 0   114.9 0   206.1 0   -49.8 0   156.3 0    11.6 0    56.1 0     1.1 0   156.0 0  1012.9 0
 2019  16  1 16 19 56 19.933  60.61   268.0 0    59.9 0     1.1 0   267.2 0   345.8 0   287.40 0   287.52 0   397.1 0   286.96 0   287.08 0    38.5 0   115.2 0   207.8 0   -51.3 0   156.4 0    11.6 0    56.7 0     0.8 0   155.4 0  1012.9 0
 2019  16  1 16 19 57 19.950  60.71   263.6 0    58.9 0     0.8 0   263.2 0   345.6 0   287.42 0   287.48 0   396.4 0   286.99 0   287.07 0    38.1 0   113.2 0   204.7 0   -50.8 0   153.9 0    11.7 0    56.1 0     1.0 0   182.9 0  1012.9 0
 2019  16  1 16 19 58 19.967  60.81   258.8 0    57.6 0     0.8 0   258.3 0   346.3 0   287.42 0   287.51 0   396.6 0   286.99 0   287.09 0    37.4 0   111.1 0   201.2 0   -50.3 0   150.9 0    11.7 0    56.0 0     0.8 0   187.5 0  1012.9 0
 2019  16  1 16 19 59 19.983  60.91   255.0 0    56.7 0     0.8 0   254.8 0   346.9 0   287.43 0   287.58 0   396.7 0   286.99 0   287.07 0    36.9 0   109.5 0   198.5 0   -49.8 0   148.8 0    11.8 0    56.3 0     0.9 0   153.2 0  1012.9 0
 2019  16  1 16 20  0 20.000  61.01   250.7 0    55.9 0     0.8 0   250.3 0   346.6 0   287.45 0   287.57 0   396.1 0   286.99 0   287.05 0    36.4 0   107.6 0   194.9 0   -49.5 0   145.4 0    11.7 0    55.9 0     1.3 0   135.4 0  1012.9 0
 2019  16  1 16 20  1 20.017  61.11   247.4 0    55.0 0     0.8 0   246.8 0   346.8 0   287.47 0   287.57 0   396.3 0   286.99 0   287.06 0    36.1 0   106.2 0   192.2 0   -49.5 0   142.7 0    11.7 0    57.0 0     0.8 0   142.1 0  1012.9 0
 2019  16  1 16 20  2 20.033  61.22   243.7 0    54.0 0     0.8 0   243.2 0   347.0 0   287.49 0   287.59 0   396.4 0   286.99 0   287.08 0    35.8 0   104.6 0   189.6 0   -49.4 0   140.3 0    11.8 0    56.2 0     0.1 0   143.1 0  1012.9 0
 2019  16  1 16 20  3 20.050  61.32   237.1 0    52.4 0     0.7 0   236.9 0   346.9 0   287.50 0   287.58 0   397.1 0   287.01 0   287.08 0    35.2 0   101.6 0   184.8 0   -50.2 0   134.7 0    12.0 0    56.2 0     0.7 0   124.6 0  1012.9 0
 2019  16  1 16 20  4 20.067  61.42   228.7 0    50.6 0     0.7 0   228.6 0   347.1 0   287.50 0   287.56 0   395.4 0   287.01 0   287.07 0    34.2 0    98.1 0   178.4 0   -48.3 0   130.1 0    12.0 0    55.1 0     0.8 0   136.5 0  1012.9 0
 2019  16  1 16 20  5 20.083  61.53   223.2 0    49.2 0     0.7 0   222.9 0   348.3 0   287.51 0   287.58 0   395.0 0   287.01 0   287.09 0    33.2 0    95.9 0   174.0 0   -46.7 0   127.3 0    11.9 0    55.6 0     0.9 0   122.8 0  1012.9 0
 2019  16  1 16 20  6 20.100  61.64   223.0 0    49.2 0     0.8 0   222.2 0   348.6 0   287.53 0   287.57 0   394.1 0   287.03 0   287.09 0    32.9 0    96.0 0   173.4 0   -45.5 0   127.8 0    11.9 0    54.9 0     0.9 0   118.8 0  1012.8 0
 2019  16  1 16 20  7 20.117  61.74   229.1 0    50.7 0     0.8 0   227.4 0   348.2 0   287.53 0   287.56 0   394.4 0   287.04 0   287.09 0    33.3 0    98.7 0   177.1 0   -46.2 0   130.9 0    11.9 0    55.2 0     0.9 0   122.2 0  1012.8 0
 2019  16  1 16 20  8 20.133  61.85   240.9 0    53.5 0     0.9 0   238.7 0   347.3 0   287.53 0   287.56 0   394.8 0   287.04 0   287.10 0    34.4 0   103.8 0   185.6 0   -47.5 0   138.1 0    11.8 0    55.6 0     0.8 0   111.7 0  1012.8 0
 2019  16  1 16 20  9 20.150  61.96   252.0 0    56.2 0     2.2 0   249.4 0   345.8 0   287.53 0   287.56 0   395.1 0   287.04 0   287.12 0    35.5 0   108.5 0   194.3 0   -49.3 0   145.0 0    11.8 0    55.6 0     1.0 0   147.5 0  1012.7 0
 2019  16  1 16 20 10 20.167  62.07   253.1 0    56.6 0     1.7 0   251.9 0   345.8 0   287.53 0   287.60 0   395.4 0   287.05 0   287.16 0    35.6 0   108.8 0   196.0 0   -49.6 0   146.4 0    11.8 0    55.8 0     0.6 0   165.6 0  1012.7 0
 2019  16  1 16 20 11 20.183  62.18   247.8 0    55.2 0     1.4 0   247.6 0   346.2 0   287.53 0   287.63 0   396.0 0   287.07 0   287.17 0    35.0 0   106.5 0   193.1 0   -49.8 0   143.3 0    11.8 0    55.7 0     0.4 0   175.3 0  1012.7 0
 2019  16  1 16 20 12 20.200  62.29   242.0 0    53.8 0     0.8 0   242.0 0   346.3 0   287.53 0   287.58 0   395.0 0   287.09 0   287.18 0    34.3 0   104.1 0   188.5 0   -48.7 0   139.8 0    11.9 0    55.6 0     0.2 0   230.7 0  1012.7 0
 2019  16  1 16 20 13 20.217  62.40   238.0 0    52.9 0     1.1 0   238.3 0   346.9 0   287.53 0   287.59 0   395.4 0   287.10 0   287.20 0    33.8 0   102.4 0   185.8 0   -48.5 0   137.4 0    12.1 0    55.4 0     0.3 0   223.5 0  1012.7 0
 2019  16  1 16 20 14 20.233  62.51   236.3 0    52.7 0     1.2 0   236.6 0   346.7 0   287.53 0   287.64 0   396.0 0   287.12 0   287.20 0    33.6 0   101.8 0   184.4 0   -49.3 0   135.1 0    12.2 0    55.1 0     1.0 0   228.3 0  1012.7 0
 2019  16  1 16 20 15 20.250  62.62   239.8 0    53.7 0     1.1 0   239.3 0   345.9 0   287.55 0   287.60 0   396.0 0   287.13 0   287.16 0    33.7 0   103.4 0   186.1 0   -50.1 0   136.0 0    12.1 0    55.1 0     0.7 0   241.0 0  1012.7 0
 2019  16  1 16 20 16 20.267  62.73   246.5 0    55.4 0     2.1 0   245.5 0   345.5 0   287.55 0   287.62 0   396.2 0   287.12 0   287.18 0    34.0 0   106.3 0   191.0 0   -50.6 0   140.4 0    12.1 0    55.1 0     0.8 0   184.3 0  1012.6 0
 2019  16  1 16 20 17 20.283  62.85   252.7 0    56.7 0     2.6 0   251.7 0   344.4 0   287.55 0   287.66 0   397.0 0   287.13 0   287.22 0    34.5 0   109.0 0   196.1 0   -52.5 0   143.6 0    12.1 0    55.2 0     1.0 0   193.3 0  1012.6 0
 2019  16  1 16 20 18 20.300  62.96   257.2 0    58.0 0     2.5 0   256.4 0   343.7 0   287.57 0   287.72 0   396.6 0   287.14 0   287.24 0    34.8 0   110.8 0   199.6 0   -52.8 0   146.7 0    12.1 0    55.2 0     1.2 0   150.4 0  1012.6 0
 2019  16  1 16 20 19 20.317  63.08   260.7 0    59.0 0     2.0 0   260.4 0   342.3 0   287.61 0   287.77 0   397.7 0   287.15 0   287.26 0    35.2 0   112.4 0   202.3 0   -55.4 0   146.9 0    12.1 0    55.6 0     0.6 0   132.4 0  1012.6 0
 2019  16  1 16 20 20 20.333  63.19   265.3 0    60.0 0     2.6 0   264.8 0   340.5 0   287.65 0   287.83 0   398.1 0   287.17 0   287.29 0    35.6 0   114.4 0   205.9 0   -57.6 0   148.4 0    12.1 0    55.5 0     1.0 0   140.1 0  1012.5 0
 2019  16  1 16 20 21 20.350  63.31   270.0 0    61.5 0     5.5 0   268.3 0   338.6 0   287.69 0   287.83 0   396.3 0   287.18 0   287.27 0    35.9 0   116.7 0   209.3 0   -57.6 0   151.7 0    12.1 0    55.1 0     1.7 0   120.8 0  1012.5 0
 2019  16  1 16 20 22 20.367  63.43   267.2 0    61.0 0     3.1 0   267.6 0   338.7 0   287.72 0   287.88 0   397.2 0   287.18 0   287.27 0    35.5 0   115.4 0   208.0 0   -58.5 0   149.5 0    12.0 0    55.9 0     1.6 0   113.4 0  1012.5 0
 2019  16  1 16 20 23 20.383  63.54   267.3 0    61.2 0     3.8 0   267.3 0   339.7 0   287.76 0   287.94 0   397.0 0   287.18 0   287.28 0    35.1 0   115.7 0   207.8 0   -57.2 0   150.6 0    12.1 0    55.4 0     1.4 0   114.4 0  1012.5 0
 2019  16  1 16 20 24 20.400  63.66   272.7 0    62.6 0     5.2 0   271.6 0   338.9 0   287.81 0   287.95 0   397.7 0   287.19 0   287.29 0    35.2 0   118.2 0   211.4 0   -58.8 0   152.6 0    12.0 0    55.1 0     1.8 0   125.3 0  1012.5 0
 2019  16  1 16 20 25 20.417  63.78   280.3 0    64.9 0    10.9 0   276.1 0   335.7 0   287.84 0   287.92 0   396.1 0   287.17 0   287.25 0    35.7 0   121.7 0   216.0 0   -60.4 0   155.6 0    12.0 0    54.9 0     2.0 0   131.2 0  1012.5 0
 2019  16  1 16 20 26 20.433  63.90   292.1 0    68.6 0    29.7 0   279.1 0   331.8 0   287.87 0   288.01 0   397.9 0   287.17 0   287.29 0    36.4 0   127.6 0   223.5 0   -66.1 0   157.4 0    12.0 0    55.4 0     1.0 0   123.1 0  1012.4 0
 2019  16  1 16 20 27 20.450  64.02   288.2 0    67.6 0    19.1 0   280.6 0   327.5 0   287.90 0   288.02 0   398.6 0   287.19 0   287.30 0    36.6 0   125.9 0   221.4 0   -71.1 0   150.3 0    12.1 0    55.5 0     1.4 0   142.7 0  1012.3 0
 2019  16  1 16 20 28 20.467  64.14   287.6 0    67.6 0    19.2 0   280.1 0   325.4 0   287.93 0   288.03 0   397.0 0   287.19 0   287.28 0    36.6 0   125.6 0   220.8 0   -71.6 0   149.2 0    12.1 0    54.5 0     1.9 0   149.0 0  1012.4 0
 2019  16  1 16 20 29 20.483  64.27   283.3 0    66.6 0    21.7 0   276.4 0   324.8 0   287.97 0   288.09 0   396.9 0   287.19 0   287.29 0    36.3 0   123.9 0   219.3 0   -72.0 0   147.3 0    12.1 0    54.8 0     1.6 0   143.5 0  1012.4 0
 2019  16  1 16 20 30 20.500  64.39   277.7 0    65.2 0    20.3 0   272.2 0   325.2 0   288.01 0   288.12 0   397.9 0   287.19 0   287.31 0    35.8 0   121.7 0   215.8 0   -72.7 0   143.1 0    12.3 0    55.2 0     1.2 0   106.0 0  1012.4 0
 2019  16  1 16 20 31 20.517  64.51   278.1 0    65.3 0    13.9 0   274.0 0   325.8 0   288.05 0   288.16 0   397.6 0   287.20 0   287.31 0    35.4 0   121.9 0   214.7 0   -71.8 0   143.0 0    12.4 0    53.4 0     1.3 0    65.3 0  1012.4 0
 2019  16  1 16 20 32 20.533  64.63   280.8 0    65.9 0    15.1 0   276.9 0   326.1 0   288.08 0   288.18 0   398.3 0   287.22 0   287.37 0    35.2 0   122.9 0   217.4 0   -72.2 0   145.2 0    12.4 0    53.5 0     1.2 0    83.1 0  1012.4 0
 2019  16  1 16 20 33 20.550  64.76   279.9 0    65.7 0    21.2 0   274.3 0   325.3 0   288.11 0   288.17 0   397.4 0   287.24 0   287.35 0    34.9 0   122.5 0   217.7 0   -72.2 0   145.5 0    12.4 0    53.4 0     1.9 0    90.2 0  1012.3 0
 2019  16  1 16 20 34 20.567  64.88   278.9 0    65.8 0    24.5 0   271.0 0   324.9 0   288.12 0   288.17 0   396.2 0   287.23 0   287.32 0    34.4 0   122.0 0   215.6 0   -71.3 0   144.3 0    12.3 0    53.5 0     1.8 0   113.8 0  1012.3 0
 2019  16  1 16 20 35 20.583  65.01   281.1 0    66.2 0    31.8 0   269.2 0   325.1 0   288.15 0   288.18 0   396.2 0   287.22 0   287.33 0    34.0 0   123.2 0   216.4 0   -71.1 0   145.4 0    12.3 0    53.5 0     1.4 0   132.1 0  1012.3 0
 2019  16  1 16 20 36 20.600  65.13   275.1 0    64.4 0    25.3 0   266.8 0   326.3 0   288.16 0   288.23 0   396.8 0   287.23 0   287.35 0    33.5 0   120.6 0   213.0 0   -70.5 0   142.5 0    12.3 0    53.8 0     1.2 0   130.5 0  1012.3 0
 2019  16  1 16 20 37 20.617  65.26   269.8 0    63.0 0    16.5 0   265.6 0   327.9 0   288.18 0   288.25 0   398.0 0   287.24 0   287.35 0    32.9 0   118.0 0   209.5 0   -70.1 0   139.4 0    12.3 0    54.2 0     0.9 0   119.0 0  1012.3 0
 2019  16  1 16 20 38 20.633  65.39   265.7 0    61.9 0    12.9 0   263.0 0   329.9 0   288.20 0   288.28 0   396.9 0   287.25 0   287.36 0    32.3 0   115.9 0   206.4 0   -67.1 0   139.3 0    12.4 0    53.3 0     1.7 0   115.1 0  1012.3 0
 2019  16  1 16 20 39 20.650  65.52   264.2 0    61.2 0    15.8 0   260.1 0   332.3 0   288.22 0   288.32 0   396.6 0   287.26 0   287.36 0    31.7 0   115.4 0   205.5 0   -64.3 0   141.2 0    12.3 0    53.8 0     1.3 0   123.5 0  1012.3 0
 2019  16  1 16 20 40 20.667  65.65   257.9 0    59.7 0     8.6 0   256.5 0   334.5 0   288.25 0   288.30 0   397.2 0   287.27 0   287.37 0    31.0 0   112.3 0   200.4 0   -62.7 0   137.7 0    12.4 0    54.0 0     1.0 0   104.3 0  1012.3 0
 2019  16  1 16 20 41 20.683  65.77   256.4 0    59.2 0    13.9 0   252.4 0   336.7 0   288.25 0   288.32 0   397.0 0   287.27 0   287.38 0    30.4 0   111.9 0   198.9 0   -60.3 0   138.6 0    12.4 0    53.7 0     1.2 0   110.1 0  1012.3 0
 2019  16  1 16 20 42 20.700  65.90   250.2 0    57.3 0     5.8 0   249.8 0   337.6 0   288.27 0   288.33 0   398.3 0   287.29 0   287.40 0    29.7 0   108.7 0   194.9 0   -60.7 0   134.2 0    12.5 0    54.5 0     0.9 0   142.2 0  1012.3 0
 2019  16  1 16 20 43 20.717  66.03   254.1 0    58.3 0    21.8 0   247.4 0   337.8 0   288.28 0   288.31 0   397.5 0   287.30 0   287.39 0    29.4 0   110.8 0   198.0 0   -59.7 0   138.2 0    12.6 0    53.5 0     2.1 0   149.7 0  1012.3 0
 2019  16  1 16 20 44 20.733  66.16   244.7 0    56.5 0     7.1 0   243.6 0   337.7 0   288.29 0   288.28 0   395.2 0   287.30 0   287.38 0    28.9 0   106.3 0   189.9 0   -57.5 0   132.4 0    12.5 0    53.6 0     1.9 0   151.9 0  1012.3 0
 2019  16  1 16 20 45 20.750  66.30   236.5 0    54.3 0     4.9 0   236.2 0   338.3 0   288.28 0   288.28 0   395.2 0   287.30 0   287.38 0    28.2 0   102.4 0   183.8 0   -56.9 0   126.9 0    12.4 0    53.7 0     1.0 0   160.9 0  1012.3 0
 2019  16  1 16 20 46 20.767  66.43   225.4 0    51.3 0     1.9 0   226.5 0   340.1 0   288.28 0   288.28 0   395.3 0   287.31 0   287.39 0    27.3 0    97.3 0   176.0 0   -55.3 0   120.7 0    12.5 0    53.3 0     1.0 0   158.7 0  1012.4 0
 2019  16  1 16 20 47 20.783  66.56   216.0 0    48.7 0     1.4 0   216.9 0   342.3 0   288.28 0   288.27 0   395.6 0   287.32 0   287.41 0    26.2 0    93.0 0   168.8 0   -53.3 0   115.5 0    12.5 0    53.1 0     0.4 0   151.1 0  1012.5 0
 2019  16  1 16 20 48 20.800  66.69   206.1 0    46.1 0     0.8 0   207.1 0   344.8 0   288.26 0   288.27 0   395.5 0   287.34 0   287.42 0    25.2 0    88.7 0   161.3 0   -50.7 0   110.7 0    12.6 0    53.1 0     0.5 0   137.1 0  1012.5 0
 2019  16  1 16 20 49 20.817  66.83   197.0 0    43.9 0     0.8 0   197.8 0   346.7 0   288.25 0   288.28 0   394.7 0   287.35 0   287.40 0    24.2 0    84.9 0   154.2 0   -47.9 0   106.3 0    12.6 0    53.0 0     0.8 0   119.6 0  1012.5 0
 2019  16  1 16 20 50 20.833  66.96   192.2 0    43.1 0     0.8 0   192.4 0   347.3 0   288.25 0   288.24 0   394.0 0   287.35 0   287.39 0    23.5 0    83.0 0   149.7 0   -46.7 0   103.0 0    12.6 0    53.2 0     1.3 0   171.9 0  1012.5 0
 2019  16  1 16 20 51 20.850  67.10   192.7 0    43.2 0     0.8 0   192.3 0   347.7 0   288.25 0   288.19 0   393.4 0   287.35 0   287.41 0    23.3 0    83.2 0   149.5 0   -45.7 0   103.7 0    12.6 0    53.0 0     1.0 0   175.4 0  1012.5 0
 2019  16  1 16 20 52 20.867  67.23   194.4 0    43.4 0     0.8 0   194.2 0   347.4 0   288.23 0   288.23 0   394.1 0   287.35 0   287.42 0    23.4 0    83.8 0   151.1 0   -46.8 0   104.3 0    12.6 0    53.9 0     1.1 0   206.0 0  1012.5 0
 2019  16  1 16 20 53 20.883  67.37   192.7 0    43.0 0     0.8 0   192.8 0   345.9 0   288.23 0   288.24 0   394.4 0   287.35 0   287.41 0    23.5 0    83.1 0   150.0 0   -48.5 0   101.5 0    12.7 0    53.7 0     0.7 0   165.1 0  1012.5 0
 2019  16  1 16 20 54 20.900  67.50   191.4 0    42.6 0     0.8 0   191.4 0   345.3 0   288.23 0   288.26 0   394.6 0   287.37 0   287.44 0    23.4 0    82.5 0   149.1 0   -49.3 0    99.7 0    12.7 0    53.5 0     0.3 0   187.7 0  1012.5 0
 2019  16  1 16 20 55 20.917  67.64   191.9 0    42.9 0     0.1 0   192.0 0   343.9 0   288.23 0   288.15 0   392.3 0   287.37 0   287.43 0    23.3 0    82.7 0   149.2 0   -48.4 0   100.8 0    12.7 0    52.5 0     1.8 0   170.7 0  1012.5 0
 2019  16  1 16 20 56 20.933  67.78   191.2 0    43.0 0     0.8 0   191.2 0   343.9 0   288.22 0   288.12 0   391.4 0   287.37 0   287.41 0    23.1 0    82.3 0   148.5 0   -47.5 0   101.0 0    12.6 0    53.0 0     1.9 0   182.0 0  1012.5 0
 2019  16  1 16 20 57 20.950  67.92   187.4 0    42.2 0     0.7 0   187.6 0   344.4 0   288.20 0   288.13 0   391.5 0   287.35 0   287.40 0    22.7 0    80.7 0   145.7 0   -47.1 0    98.6 0    12.5 0    53.8 0     1.7 0   185.4 0  1012.5 0
 2019  16  1 16 20 58 20.967  68.06   182.5 0    41.0 0     0.0 0   182.8 0   345.0 0   288.18 0   288.06 0   390.2 0   287.34 0   287.37 0    21.9 0    78.6 0   141.8 0   -45.1 0    96.7 0    12.5 0    53.0 0     2.3 0   176.4 0  1012.5 0
 2019  16  1 16 20 59 20.983  68.20   176.8 0    39.8 0     0.4 0   177.0 0   347.2 0   288.16 0   288.04 0   389.8 0   287.31 0   287.35 0    21.0 0    76.1 0   137.4 0   -42.5 0    94.9 0    12.4 0    53.4 0     2.0 0   197.1 0  1012.5 0
 2019  16  1 16 21  0 21.000  68.34   169.7 0    38.1 0     0.0 0   170.2 0   348.6 0   288.13 0   288.03 0   389.0 0   287.28 0   287.30 0    20.1 0    73.1 0   132.0 0   -40.4 0    91.7 0    12.3 0    53.5 0     2.6 0   212.8 0  1012.6 0
 2019  16  1 16 21  1 21.017  68.48   164.4 0    36.9 0     0.2 0   164.6 0   349.5 0   288.10 0   287.98 0   388.9 0   287.25 0   287.28 0    19.4 0    71.0 0   127.8 0   -39.4 0    88.3 0    12.3 0    53.7 0     1.7 0   218.8 0  1012.6 0
 2019  16  1 16 21  2 21.033  68.62   164.0 0    36.7 0     0.6 0   163.9 0   349.8 0   288.07 0   288.01 0   389.2 0   287.23 0   287.26 0    19.1 0    70.9 0   127.4 0   -39.3 0    88.0 0    12.3 0    53.6 0     1.8 0   224.4 0  1012.6 0
 2019  16  1 16 21  3 21.050  68.76   166.4 0    37.2 0     0.4 0   166.1 0   349.5 0   288.05 0   287.97 0   388.6 0   287.20 0   287.23 0    19.1 0    71.9 0   129.0 0   -39.1 0    89.9 0    12.3 0    53.7 0     2.1 0   208.3 0  1012.6 0
 2019  16  1 16 21  4 21.067  68.90   169.1 0    38.0 0     0.8 0   168.8 0   348.5 0   288.03 0   287.94 0   388.8 0   287.17 0   287.19 0    19.2 0    73.1 0   131.1 0   -40.3 0    90.8 0    12.3 0    53.9 0     2.3 0   190.0 0  1012.6 0
 2019  16  1 16 21  5 21.083  69.04   169.5 0    38.1 0     0.7 0   169.3 0   348.0 0   288.01 0   287.91 0   388.4 0   287.14 0   287.16 0    19.2 0    73.1 0   131.4 0   -40.4 0    91.1 0    12.3 0    53.6 0     2.1 0   189.0 0  1012.6 0
 2019  16  1 16 21  6 21.100  69.19   166.4 0    37.4 0     0.3 0   166.3 0   347.9 0   287.99 0   287.87 0   388.6 0   287.12 0   287.15 0    18.9 0    71.7 0   129.0 0   -40.7 0    88.3 0    12.3 0    53.7 0     1.7 0   185.8 0  1012.6 0
 2019  16  1 16 21  7 21.117  69.33   162.0 0    36.3 0     0.6 0   162.0 0   348.6 0   287.97 0   287.88 0   389.2 0   287.09 0   287.14 0    18.4 0    69.9 0   125.9 0   -40.6 0    85.2 0    12.3 0    54.2 0     1.1 0   189.6 0  1012.6 0
 2019  16  1 16 21  8 21.133  69.47   158.4 0    35.3 0     0.6 0   158.2 0   349.0 0   287.95 0   287.87 0   390.0 0   287.09 0   287.14 0    18.0 0    68.4 0   123.1 0   -41.0 0    82.0 0    12.4 0    53.5 0     0.9 0   189.7 0  1012.5 0
 2019  16  1 16 21  9 21.150  69.62   157.3 0    35.0 0     0.1 0   156.9 0   349.0 0   287.93 0   287.85 0   389.8 0   287.09 0   287.14 0    17.8 0    67.9 0   121.9 0   -40.8 0    81.1 0    12.4 0    53.2 0     1.5 0   189.5 0  1012.5 0
 2019  16  1 16 21 10 21.167  69.76   156.8 0    35.1 0     0.0 0   156.7 0   349.1 0   287.92 0   287.85 0   389.1 0   287.07 0   287.11 0    17.6 0    67.7 0   121.6 0   -40.0 0    81.7 0    12.4 0    53.4 0     1.4 0   210.2 0  1012.5 0
 2019  16  1 16 21 11 21.183  69.91   155.2 0    34.7 0     0.0 0   155.3 0   348.5 0   287.89 0   287.78 0   387.9 0   287.05 0   287.08 0    17.4 0    67.0 0   120.6 0   -39.4 0    81.2 0    12.3 0    52.8 0     2.0 0   237.9 0  1012.5 0
 2019  16  1 16 21 12 21.200  70.05   152.1 0    33.8 0     0.5 0   152.4 0   349.0 0   287.86 0   287.79 0   387.9 0   287.04 0   287.07 0    17.0 0    65.7 0   118.8 0   -38.9 0    79.9 0    12.3 0    53.0 0     1.8 0   242.2 0  1012.5 0
 2019  16  1 16 21 13 21.217  70.20   146.5 0    32.5 0     0.0 0   147.2 0   349.6 0   287.85 0   287.78 0   387.4 0   287.02 0   287.04 0    16.4 0    63.2 0   114.7 0   -37.8 0    76.9 0    12.3 0    53.2 0     1.9 0   261.4 0  1012.5 0
 2019  16  1 16 21 14 21.233  70.35   139.1 0    30.8 0     0.0 0   139.8 0   350.4 0   287.82 0   287.73 0   386.9 0   287.00 0   287.04 0    15.6 0    60.0 0   109.0 0   -36.6 0    72.4 0    12.2 0    53.2 0     1.5 0   258.9 0  1012.6 0
 2019  16  1 16 21 15 21.250  70.49   132.4 0    29.2 0     0.0 0   132.9 0   351.2 0   287.80 0   287.68 0   387.2 0   286.98 0   287.02 0    14.9 0    57.3 0   103.7 0   -36.0 0    67.7 0    12.3 0    53.8 0     1.0 0   254.8 0  1012.6 0
 2019  16  1 16 21 16 21.267  70.64   127.9 0    28.0 0     0.0 0   128.2 0   351.8 0   287.76 0   287.65 0   387.0 0   286.96 0   287.01 0    14.3 0    55.4 0   100.1 0   -35.2 0    64.9 0    12.3 0    53.2 0     0.8 0   255.2 0  1012.7 0
 2019  16  1 16 21 17 21.283  70.79   126.0 0    27.3 0     0.6 0   126.1 0   352.0 0   287.73 0   287.63 0   387.6 0   286.96 0   286.99 0    14.1 0    54.7 0    98.9 0   -35.6 0    63.3 0    12.4 0    53.2 0     0.3 0   268.6 0  1012.7 0
 2019  16  1 16 21 18 21.300  70.94   127.9 0    27.9 0     0.0 0   127.5 0   351.6 0   287.70 0   287.61 0   387.8 0   286.96 0   287.00 0    14.2 0    55.5 0    99.6 0   -36.2 0    63.4 0    12.5 0    53.2 0     0.1 0   233.3 0  1012.7 0
 2019  16  1 16 21 19 21.317  71.09   131.3 0    28.8 0     0.0 0   130.8 0   350.9 0   287.67 0   287.58 0   387.8 0   286.96 0   286.99 0    14.4 0    56.8 0   102.1 0   -36.9 0    65.1 0    12.6 0    53.0 0     0.8 0   227.0 0  1012.6 0
 2019  16  1 16 21 20 21.333  71.24   131.8 0    28.9 0     0.0 0   131.5 0   350.6 0   287.65 0   287.58 0   388.0 0   286.96 0   286.98 0    14.5 0    56.9 0   102.6 0   -37.3 0    65.2 0    12.6 0    53.8 0     0.9 0   253.7 0  1012.6 0
 2019  16  1 16 21 21 21.350  71.39   129.4 0    28.3 0     0.0 0   129.5 0   350.5 0   287.63 0   287.57 0   387.8 0   286.94 0   286.96 0    14.3 0    55.9 0   101.1 0   -37.3 0    63.8 0    12.6 0    53.7 0     0.5 0   249.9 0  1012.6 0
 2019  16  1 16 21 22 21.367  71.54   125.9 0    27.5 0     0.0 0   126.2 0   351.1 0   287.63 0   287.58 0   387.5 0   286.94 0   286.97 0    13.9 0    54.4 0    98.7 0   -36.4 0    62.3 0    12.6 0    53.9 0     0.5 0   263.5 0  1012.6 0
 2019  16  1 16 21 23 21.383  71.69   122.2 0    26.7 0     0.0 0   122.4 0   351.3 0   287.61 0   287.56 0   387.1 0   286.94 0   286.98 0    13.5 0    52.8 0    95.8 0   -35.8 0    59.9 0    12.6 0    53.3 0     0.8 0   232.4 0  1012.7 0
 2019  16  1 16 21 24 21.400  71.84   118.9 0    25.9 0     0.0 0   119.2 0   351.7 0   287.60 0   287.55 0   386.6 0   286.94 0   286.97 0    13.1 0    51.4 0    93.3 0   -34.9 0    58.4 0    12.6 0    53.1 0     1.6 0   247.4 0  1012.7 0
 2019  16  1 16 21 25 21.417  71.99   116.3 0    25.6 0     0.0 0   116.6 0   351.7 0   287.60 0   287.52 0   385.1 0   286.93 0   286.93 0    12.8 0    50.4 0    90.9 0   -33.4 0    57.5 0    12.5 0    53.6 0     2.2 0   248.2 0  1012.7 0
 2019  16  1 16 21 26 21.433  72.15   113.7 0    25.0 0     0.0 0   114.0 0   351.8 0   287.58 0   287.50 0   384.4 0   286.90 0   286.89 0    12.5 0    49.3 0    88.9 0   -32.6 0    56.3 0    12.4 0    53.9 0     2.2 0   254.2 0  1012.7 0
 2019  16  1 16 21 27 21.450  72.30   109.0 0    24.0 0     0.0 0   109.4 0   351.8 0   287.56 0   287.46 0   383.5 0   286.87 0   286.87 0    12.1 0    47.4 0    85.5 0   -31.7 0    53.7 0    12.3 0    53.9 0     2.0 0   254.8 0  1012.7 0
 2019  16  1 16 21 28 21.467  72.45   106.8 0    23.3 0     0.0 0   106.9 0   352.2 0   287.55 0   287.44 0   383.5 0   286.84 0   286.84 0    11.7 0    46.5 0    83.6 0   -31.4 0    52.2 0    12.3 0    54.2 0     2.0 0   249.9 0  1012.7 0
 2019  16  1 16 21 29 21.483  72.61   105.1 0    23.0 0     0.0 0   105.3 0   352.2 0   287.52 0   287.42 0   383.1 0   286.82 0   286.82 0    11.4 0    45.8 0    82.3 0   -30.9 0    51.4 0    12.3 0    53.8 0     2.2 0   239.0 0  1012.7 0
 2019  16  1 16 21 30 21.500  72.76   105.6 0    23.1 0     0.0 0   105.2 0   352.0 0   287.50 0   287.36 0   382.7 0   286.79 0   286.79 0    11.3 0    45.9 0    82.1 0   -30.7 0    51.5 0    12.3 0    53.8 0     2.2 0   233.0 0  1012.7 0
 2019  16  1 16 21 31 21.517  72.91   107.6 0    23.7 0     0.0 0   107.4 0   351.9 0   287.47 0   287.34 0   382.7 0   286.76 0   286.77 0    11.1 0    46.7 0    83.7 0   -30.8 0    52.9 0    12.2 0    53.8 0     1.8 0   237.6 0  1012.7 0
 2019  16  1 16 21 32 21.533  73.07   108.5 0    23.8 0     0.0 0   108.3 0   351.9 0   287.45 0   287.33 0   382.9 0   286.74 0   286.76 0    11.0 0    47.1 0    84.5 0   -31.0 0    53.5 0    12.2 0    54.1 0     1.8 0   241.5 0  1012.7 0
 2019  16  1 16 21 33 21.550  73.22   109.5 0    24.1 0     0.0 0   109.4 0   351.8 0   287.42 0   287.32 0   383.2 0   286.72 0   286.73 0    11.0 0    47.4 0    85.3 0   -31.5 0    53.8 0    12.2 0    54.3 0     1.9 0   235.9 0  1012.7 0
 2019  16  1 16 21 34 21.567  73.38   109.6 0    24.3 0     0.0 0   109.6 0   350.5 0   287.40 0   287.24 0   381.0 0   286.69 0   286.66 0    10.9 0    47.4 0    85.3 0   -30.5 0    54.8 0    12.2 0    56.8 0     4.0 0   214.9 0  1012.6 0
 2019  16  1 16 21 35 21.583  73.54   109.6 0    24.9 0     0.0 0   109.2 0   350.0 0   287.37 0   287.14 0   379.6 0   286.63 0   286.58 0    10.7 0    47.3 0    84.3 0   -29.6 0    54.7 0    11.9 0    58.6 0     3.6 0   220.0 0  1012.6 0
 2019  16  1 16 21 36 21.600  73.69   108.8 0    24.9 0     0.0 0   108.3 0   350.1 0   287.32 0   287.10 0   379.5 0   286.56 0   286.52 0    10.5 0    46.9 0    83.5 0   -29.4 0    54.0 0    11.8 0    59.6 0     2.7 0   233.0 0  1012.7 0
 2019  16  1 16 21 37 21.617  73.85   108.0 0    24.5 0     0.0 0   107.5 0   349.9 0   287.28 0   287.09 0   379.0 0   286.50 0   286.46 0    10.2 0    46.5 0    82.9 0   -29.0 0    53.9 0    11.7 0    59.9 0     3.4 0   240.6 0  1012.7 0
 2019  16  1 16 21 38 21.633  74.01   108.3 0    24.5 0     0.0 0   107.7 0   349.7 0   287.23 0   287.02 0   379.0 0   286.44 0   286.39 0    10.0 0    46.6 0    83.1 0   -29.3 0    53.9 0    11.6 0    60.5 0     3.3 0   230.1 0  1012.7 0
 2019  16  1 16 21 39 21.650  74.17   107.5 0    24.4 0     0.0 0   106.7 0   349.2 0   287.18 0   286.93 0   378.0 0   286.37 0   286.32 0     9.8 0    46.1 0    82.3 0   -28.7 0    53.6 0    11.5 0    60.9 0     3.6 0   227.0 0  1012.7 0
 2019  16  1 16 21 40 21.667  74.32   104.2 0    23.7 0     0.0 0   103.5 0   349.3 0   287.11 0   286.84 0   377.2 0   286.30 0   286.24 0     9.5 0    44.6 0    79.8 0   -27.9 0    51.9 0    11.4 0    61.1 0     4.1 0   225.7 0  1012.7 0
 2019  16  1 16 21 41 21.683  74.48    99.0 0    22.6 0     0.0 0    98.4 0   349.8 0   287.04 0   286.73 0   376.7 0   286.22 0   286.16 0     9.0 0    42.5 0    75.8 0   -26.9 0    48.9 0    11.3 0    61.6 0     3.7 0   227.6 0  1012.7 0
 2019  16  1 16 21 42 21.700  74.64    92.5 0    20.9 0     0.0 0    92.1 0   350.3 0   286.97 0   286.70 0   376.9 0   286.14 0   286.09 0     8.5 0    39.9 0    71.2 0   -26.6 0    44.6 0    11.3 0    61.8 0     3.5 0   242.5 0  1012.8 0
 2019  16  1 16 21 43 21.717  74.80    84.3 0    18.9 0     0.0 0    84.0 0   350.2 0   286.90 0   286.65 0   376.0 0   286.08 0   286.00 0     8.1 0    36.8 0    65.1 0   -25.8 0    39.3 0    11.3 0    61.9 0     3.3 0   248.6 0  1012.8 0
 2019  16  1 16 21 44 21.733  74.96    84.2 0    18.9 0     0.0 0    83.1 0   349.9 0   286.83 0   286.53 0   375.6 0   286.00 0   285.93 0     7.8 0    36.6 0    64.2 0   -25.7 0    38.6 0    11.2 0    62.1 0     3.5 0   230.0 0  1012.8 0
 2019  16  1 16 21 45 21.750  75.12    83.0 0    18.6 0     0.0 0    82.0 0   349.9 0   286.76 0   286.47 0   374.9 0   285.93 0   285.87 0     7.7 0    36.1 0    63.4 0   -25.0 0    38.4 0    11.1 0    62.5 0     3.5 0   227.7 0  1012.8 0
 2019  16  1 16 21 46 21.767  75.28    80.3 0    18.0 0     0.0 0    79.5 0   349.5 0   286.69 0   286.38 0   374.3 0   285.86 0   285.79 0     7.5 0    35.0 0    61.4 0   -24.8 0    36.7 0    11.0 0    62.8 0     3.9 0   218.5 0  1012.8 0
 2019  16  1 16 21 47 21.783  75.44    79.3 0    17.7 0     0.0 0    78.2 0   349.5 0   286.61 0   286.30 0   374.1 0   285.78 0   285.73 0     7.4 0    34.6 0    60.5 0   -24.6 0    35.9 0    10.9 0    63.4 0     3.1 0   223.5 0  1012.7 0
 2019  16  1 16 21 48 21.800  75.60    79.8 0    17.8 0     0.0 0    78.7 0   349.4 0   286.54 0   286.22 0   373.9 0   285.71 0   285.66 0     7.3 0    34.7 0    60.9 0   -24.6 0    36.3 0    10.9 0    63.5 0     3.3 0   218.3 0  1012.7 0
 2019  16  1 16 21 49 21.817  75.77    83.6 0    19.0 0     0.0 0    82.0 0   349.2 0   286.47 0   286.18 0   373.9 0   285.65 0   285.60 0     7.3 0    36.4 0    63.0 0   -24.7 0    38.3 0    10.9 0    63.8 0     3.2 0   220.6 0  1012.6 0
 2019  16  1 16 21 50 21.833  75.93    94.8 0    21.8 0     0.0 0    92.7 0   349.1 0   286.40 0   286.13 0   374.2 0   285.58 0   285.53 0     7.3 0    40.8 0    70.9 0   -25.0 0    45.9 0    10.8 0    63.9 0     3.2 0   216.1 0  1012.6 0
 2019  16  1 16 21 51 21.850  76.09   101.6 0    23.5 0     0.0 0   100.1 0   349.0 0   286.34 0   286.07 0   374.5 0   285.52 0   285.48 0     7.3 0    43.3 0    76.6 0   -25.5 0    51.2 0    10.7 0    64.1 0     3.4 0   221.9 0  1012.5 0
 2019  16  1 16 21 52 21.867  76.25   100.1 0    23.2 0     0.0 0    99.4 0   348.7 0   286.28 0   286.01 0   374.1 0   285.45 0   285.41 0     7.3 0    42.8 0    76.2 0   -25.4 0    50.8 0    10.6 0    64.2 0     3.8 0   214.9 0  1012.5 0
 2019  16  1 16 21 53 21.883  76.42    99.2 0    23.1 0     0.0 0    98.3 0   348.4 0   286.22 0   285.94 0   373.7 0   285.38 0   285.34 0     7.2 0    42.4 0    75.2 0   -25.3 0    49.9 0    10.6 0    64.5 0     4.0 0   219.6 0  1012.5 0
 2019  16  1 16 21 54 21.900  76.58    97.1 0    22.6 0     0.0 0    96.5 0   348.2 0   286.15 0   285.89 0   373.5 0   285.31 0   285.27 0     7.0 0    41.6 0    73.9 0   -25.3 0    48.6 0    10.5 0    64.8 0     3.7 0   217.3 0  1012.5 0
 2019  16  1 16 21 55 21.917  76.74    95.6 0    22.2 0     0.0 0    94.7 0   348.2 0   286.09 0   285.84 0   373.2 0   285.25 0   285.21 0     6.9 0    41.0 0    72.5 0   -25.0 0    47.5 0    10.5 0    65.2 0     3.6 0   214.1 0  1012.5 0
 2019  16  1 16 21 56 21.933  76.91    96.9 0    22.5 0     0.0 0    95.9 0   348.0 0   286.03 0   285.80 0   373.5 0   285.19 0   285.16 0     6.8 0    41.2 0    73.4 0   -25.5 0    47.9 0    10.4 0    65.4 0     3.2 0   225.4 0  1012.5 0
 2019  16  1 16 21 57 21.950  77.07    96.2 0    22.3 0     0.0 0    95.5 0   348.5 0   285.98 0   285.80 0   373.8 0   285.13 0   285.11 0     6.6 0    40.8 0    73.2 0   -25.4 0    47.8 0    10.5 0    65.6 0     2.8 0   231.4 0  1012.5 0
 2019  16  1 16 21 58 21.967  77.24    90.3 0    20.8 0     0.0 0    90.3 0   347.9 0   285.94 0   285.75 0   372.6 0   285.08 0   285.04 0     6.4 0    38.2 0    69.5 0   -24.7 0    44.8 0    10.4 0    65.0 0     3.9 0   229.4 0  1012.4 0
 2019  16  1 16 21 59 21.983  77.40    81.2 0    18.7 0     0.0 0    81.1 0   347.7 0   285.89 0   285.64 0   371.3 0   285.02 0   284.95 0     6.1 0    34.7 0    62.4 0   -23.6 0    38.8 0    10.3 0    65.3 0     3.9 0   243.3 0  1012.4 0
 2019  16  1 16 22  0 22.000  77.57    77.1 0    17.7 0     0.0 0    76.4 0   347.5 0   285.83 0   285.56 0   371.0 0   284.95 0   284.88 0     5.9 0    33.1 0    58.7 0   -23.5 0    35.2 0    10.3 0    65.4 0     3.8 0   232.6 0  1012.4 0
 2019  16  1 16 22  1 22.017  77.73    83.1 0    19.3 0     0.0 0    81.3 0   347.3 0   285.76 0   285.47 0   370.2 0   284.88 0   284.81 0     5.8 0    35.3 0    62.0 0   -22.9 0    39.1 0    10.1 0    65.1 0     4.2 0   235.8 0  1012.4 0
 2019  16  1 16 22  2 22.033  77.90    87.7 0    20.5 0     0.0 0    86.4 0   347.4 0   285.70 0   285.42 0   370.5 0   284.81 0   284.75 0     5.7 0    37.0 0    65.9 0   -23.2 0    42.8 0    10.1 0    65.7 0     3.6 0   232.3 0  1012.4 0
 2019  16  1 16 22  3 22.050  78.07    85.7 0    19.8 0     0.0 0    85.0 0   347.4 0   285.63 0   285.39 0   370.7 0   284.74 0   284.70 0     5.6 0    36.1 0    65.2 0   -23.3 0    41.9 0    10.1 0    65.4 0     3.1 0   227.4 0  1012.4 0
 2019  16  1 16 22  4 22.067  78.23    79.7 0    18.2 0     0.0 0    79.5 0   347.4 0   285.58 0   285.32 0   371.0 0   284.69 0   284.65 0     5.5 0    33.7 0    61.3 0   -23.7 0    37.6 0    10.1 0    65.8 0     2.9 0   225.9 0  1012.4 0
 2019  16  1 16 22  5 22.083  78.40    69.1 0    15.4 0     0.0 0    69.3 0   347.3 0   285.52 0   285.28 0   371.2 0   284.64 0   284.61 0     5.3 0    29.5 0    54.0 0   -23.9 0    30.1 0    10.1 0    66.0 0     2.3 0   233.8 0  1012.4 0
 2019  16  1 16 22  6 22.100  78.57    56.9 0    12.2 0     0.0 0    57.2 0   347.3 0   285.47 0   285.22 0   370.6 0   284.60 0   284.56 0     5.1 0    24.9 0    45.0 0   -23.2 0    21.8 0    10.2 0    65.6 0     1.7 0   251.1 0  1012.4 0
 2019  16  1 16 22  7 22.117  78.74    51.6 0    10.9 0     0.0 0    51.3 0   347.1 0   285.41 0   285.18 0   369.5 0   284.56 0   284.52 0     4.9 0    22.9 0    40.4 0   -22.4 0    17.9 0    10.1 0    65.4 0     2.9 0   236.7 0  1012.4 0
 2019  16  1 16 22  8 22.133  78.91    50.7 0    10.9 0     0.0 0    50.0 0   346.6 0   285.36 0   285.08 0   368.3 0   284.51 0   284.45 0     4.8 0    22.4 0    39.1 0   -21.6 0    17.5 0    10.1 0    65.5 0     3.4 0   236.2 0  1012.4 0
 2019  16  1 16 22  9 22.150  79.07    52.4 0    11.4 0     0.0 0    51.3 0   346.5 0   285.30 0   285.02 0   367.9 0   284.46 0   284.41 0     4.7 0    23.1 0    39.9 0   -21.3 0    18.6 0    10.0 0    65.8 0     3.0 0   234.1 0  1012.3 0
 2019  16  1 16 22 10 22.167  79.24    56.7 0    12.4 0     0.0 0    55.6 0   346.7 0   285.24 0   284.98 0   368.2 0   284.41 0   284.37 0     4.5 0    24.6 0    43.2 0   -21.5 0    21.7 0    10.0 0    66.1 0     2.8 0   221.0 0  1012.3 0
 2019  16  1 16 22 11 22.183  79.41    56.6 0    12.4 0     0.0 0    55.9 0   346.7 0   285.18 0   284.94 0   368.4 0   284.37 0   284.32 0     4.4 0    24.4 0    43.5 0   -21.7 0    21.9 0    10.0 0    66.1 0     3.7 0   221.9 0  1012.3 0
 2019  16  1 16 22 12 22.200  79.58    49.7 0    10.9 0     0.0 0    49.9 0   346.8 0   285.14 0   284.89 0   367.6 0   284.32 0   284.27 0     4.2 0    21.7 0    39.0 0   -20.8 0    18.2 0     9.9 0    65.8 0     3.6 0   223.3 0  1012.3 0
 2019  16  1 16 22 13 22.217  79.75    41.4 0     8.9 0     0.0 0    41.5 0   346.8 0   285.09 0   284.83 0   366.8 0   284.27 0   284.22 0     4.0 0    18.7 0    32.7 0   -20.0 0    12.7 0     9.9 0    65.9 0     4.1 0   216.7 0  1012.3 0
 2019  16  1 16 22 14 22.233  79.92    39.2 0     8.2 0     0.0 0    38.8 0   346.8 0   285.04 0   284.78 0   366.5 0   284.22 0   284.18 0     3.9 0    17.9 0    30.6 0   -19.6 0    10.9 0     9.9 0    66.2 0     3.3 0   219.5 0  1012.3 0
 2019  16  1 16 22 15 22.250  80.09    41.9 0     8.9 0     0.0 0    41.3 0   347.0 0   285.00 0   284.76 0   366.9 0   284.18 0   284.14 0     3.8 0    18.9 0    32.4 0   -19.9 0    12.5 0     9.9 0    66.6 0     2.7 0   227.0 0  1012.3 0
 2019  16  1 16 22 16 22.267  80.26    41.1 0     8.8 0     0.0 0    40.8 0   346.8 0   284.96 0   284.76 0   367.0 0   284.14 0   284.12 0     3.8 0    18.5 0    32.0 0   -20.2 0    11.8 0     9.9 0    66.7 0     2.0 0   247.7 0  1012.3 0
 2019  16  1 16 22 17 22.283  80.43    44.4 0     9.6 0     0.0 0    43.7 0   346.5 0   284.93 0   284.74 0   367.2 0   284.11 0   284.08 0     3.7 0    19.7 0    34.1 0   -20.7 0    13.4 0     9.9 0    66.7 0     2.3 0   247.9 0  1012.3 0
 2019  16  1 16 22 18 22.300  80.60    53.2 0    12.0 0     0.0 0    52.1 0   346.3 0   284.90 0   284.72 0   367.3 0   284.08 0   284.05 0     3.7 0    22.9 0    40.1 0   -20.9 0    19.2 0     9.9 0    66.9 0     2.3 0   250.7 0  1012.3 0
 2019  16  1 16 22 19 22.317  80.77    56.9 0    13.0 0     0.0 0    56.5 0   346.3 0   284.87 0   284.71 0   367.4 0   284.05 0   284.01 0     3.6 0    24.1 0    43.5 0   -21.1 0    22.3 0     9.9 0    67.0 0     2.6 0   242.7 0  1012.4 0
 2019  16  1 16 22 20 22.333  80.95    55.5 0    12.7 0     0.0 0    55.5 0   345.5 0   284.85 0   284.66 0   367.2 0   284.02 0   283.98 0     3.5 0    23.6 0    42.8 0   -21.7 0    21.1 0     9.9 0    67.0 0     3.4 0   235.7 0  1012.4 0
 2019  16  1 16 22 21 22.350  81.12    52.9 0    12.2 0     0.0 0    53.0 0   345.1 0   284.82 0   284.62 0   366.5 0   283.98 0   283.94 0     3.4 0    22.6 0    40.9 0   -21.3 0    19.5 0     9.8 0    67.0 0     3.1 0   235.5 0  1012.4 0
 2019  16  1 16 22 22 22.367  81.29    50.3 0    11.5 0     0.0 0    50.4 0   344.8 0   284.78 0   284.57 0   366.3 0   283.94 0   283.89 0     3.3 0    21.7 0    38.9 0   -21.5 0    17.5 0     9.7 0    67.5 0     2.9 0   233.6 0  1012.4 0
 2019  16  1 16 22 23 22.383  81.46    48.1 0    11.0 0     0.0 0    48.2 0   344.7 0   284.74 0   284.50 0   365.5 0   283.90 0   283.85 0     3.2 0    20.9 0    37.1 0   -20.9 0    16.3 0     9.7 0    67.6 0     4.0 0   234.4 0  1012.3 0
 2019  16  1 16 22 24 22.400  81.63    45.9 0    10.5 0     0.0 0    45.9 0   344.4 0   284.70 0   284.48 0   365.4 0   283.86 0   283.81 0     3.1 0    20.0 0    35.5 0   -21.0 0    14.5 0     9.6 0    68.1 0     3.7 0   236.9 0  1012.3 0
 2019  16  1 16 22 25 22.417  81.81    44.2 0    10.1 0     0.0 0    44.1 0   344.0 0   284.67 0   284.42 0   365.0 0   283.81 0   283.76 0     3.0 0    19.3 0    34.0 0   -21.0 0    13.1 0     9.6 0    68.3 0     3.8 0   235.5 0  1012.3 0
 2019  16  1 16 22 26 22.433  81.98    43.3 0     9.7 0     0.0 0    43.1 0   343.7 0   284.62 0   284.38 0   364.7 0   283.77 0   283.72 0     3.0 0    19.0 0    33.4 0   -21.1 0    12.4 0     9.5 0    68.6 0     3.8 0   238.9 0  1012.3 0
 2019  16  1 16 22 27 22.450  82.15    42.6 0     9.6 0     0.0 0    42.5 0   343.0 0   284.58 0   284.34 0   364.8 0   283.73 0   283.69 0     2.9 0    18.7 0    32.9 0   -21.7 0    11.2 0     9.5 0    68.8 0     3.0 0   234.2 0  1012.3 0
 2019  16  1 16 22 28 22.467  82.33    41.3 0     9.1 0     0.0 0    41.3 0   342.0 0   284.54 0   284.31 0   364.7 0   283.69 0   283.66 0     2.9 0    18.2 0    32.2 0   -22.6 0     9.6 0     9.5 0    68.8 0     3.3 0   230.5 0  1012.3 0
 2019  16  1 16 22 29 22.483  82.50    39.4 0     8.7 0     0.0 0    39.5 0   341.2 0   284.50 0   284.26 0   364.3 0   283.65 0   283.62 0     2.8 0    17.4 0    30.8 0   -23.1 0     7.7 0     9.5 0    68.7 0     3.0 0   221.8 0  1012.3 0
 2019  16  1 16 22 30 22.500  82.67    36.9 0     8.1 0     0.0 0    37.1 0   341.4 0   284.46 0   284.22 0   364.2 0   283.63 0   283.59 0     2.7 0    16.4 0    29.0 0   -22.9 0     6.1 0     9.5 0    69.1 0     2.4 0   239.2 0  1012.2 0
 2019  16  1 16 22 31 22.517  82.85    34.9 0     7.9 0     0.0 0    35.1 0   342.2 0   284.43 0   284.21 0   364.2 0   283.59 0   283.57 0     2.6 0    15.6 0    27.2 0   -22.0 0     5.3 0     9.5 0    69.3 0     2.6 0   250.5 0  1012.3 0
 2019  16  1 16 22 32 22.533  83.02    33.7 0     7.6 0     0.0 0    33.8 0   342.9 0   284.40 0   284.20 0   364.1 0   283.57 0   283.53 0     2.4 0    15.1 0    26.2 0   -21.2 0     5.0 0     9.5 0    69.4 0     2.7 0   249.7 0  1012.3 0
 2019  16  1 16 22 33 22.550  83.20    32.5 0     7.5 0     0.0 0    32.6 0   343.4 0   284.37 0   284.16 0   363.8 0   283.54 0   283.50 0     2.3 0    14.5 0    25.1 0   -20.5 0     4.6 0     9.5 0    69.5 0     3.1 0   229.4 0  1012.3 0
 2019  16  1 16 22 34 22.567  83.37    31.1 0     7.1 0     0.0 0    31.2 0   343.6 0   284.33 0   284.12 0   363.7 0   283.51 0   283.49 0     2.2 0    13.9 0    24.1 0   -20.1 0     4.1 0     9.5 0    69.6 0     2.2 0   252.1 0  1012.3 0
 2019  16  1 16 22 35 22.583  83.54    30.1 0     6.8 0     0.0 0    30.1 0   343.8 0   284.30 0   284.09 0   363.5 0   283.48 0   283.45 0     2.1 0    13.5 0    23.3 0   -19.8 0     3.5 0     9.5 0    69.7 0     3.4 0   240.6 0  1012.3 0
 2019  16  1 16 22 36 22.600  83.72    28.8 0     6.8 0     0.0 0    29.0 0   343.9 0   284.27 0   284.05 0   363.2 0   283.45 0   283.41 0     2.0 0    12.9 0    22.2 0   -19.3 0     2.9 0     9.4 0    70.0 0     2.5 0   236.1 0  1012.3 0
 2019  16  1 16 22 37 22.617  83.89    27.4 0     6.3 0     0.0 0    27.6 0   344.3 0   284.24 0   284.02 0   363.4 0   283.42 0   283.39 0     1.9 0    12.3 0    21.3 0   -19.1 0     2.2 0     9.4 0    70.3 0     2.0 0   250.5 0  1012.3 0
 2019  16  1 16 22 38 22.633  84.07    26.4 0     6.0 0     0.0 0    26.6 0   344.6 0   284.20 0   284.01 0   363.2 0   283.40 0   283.37 0     1.8 0    11.9 0    20.6 0   -18.6 0     1.9 0     9.4 0    70.4 0     2.2 0   225.8 0  1012.3 0
 2019  16  1 16 22 39 22.650  84.24    25.8 0     6.0 0     0.0 0    26.0 0   344.4 0   284.18 0   283.97 0   362.9 0   283.38 0   283.33 0     1.7 0    11.6 0    20.0 0   -18.5 0     1.4 0     9.4 0    70.6 0     3.9 0   252.9 0  1012.4 0
 2019  16  1 16 22 40 22.667  84.42    25.7 0     6.0 0     0.0 0    25.7 0   344.1 0   284.15 0   283.94 0   362.7 0   283.34 0   283.30 0     1.6 0    11.5 0    19.7 0   -18.6 0     1.1 0     9.3 0    71.0 0     3.0 0   252.9 0  1012.3 0
 2019  16  1 16 22 41 22.683  84.59    25.0 0     5.9 0     0.0 0    25.1 0   343.8 0   284.12 0   283.91 0   362.5 0   283.31 0   283.27 0     1.6 0    11.2 0    19.2 0   -18.6 0     0.6 0     9.3 0    71.2 0     3.0 0   244.5 0  1012.3 0
 2019  16  1 16 22 42 22.700  84.77    24.1 0     5.6 0     0.0 0    24.3 0   343.8 0   284.09 0   283.88 0   362.4 0   283.28 0   283.24 0     1.5 0    10.9 0    18.7 0   -18.6 0     0.1 0     9.3 0    71.3 0     2.7 0   245.4 0  1012.3 0
 2019  16  1 16 22 43 22.717  84.94    23.2 0     5.3 0     0.0 0    23.5 0   343.9 0   284.06 0   283.86 0   362.2 0   283.25 0   283.22 0     1.5 0    10.5 0    18.3 0   -18.3 0     0.0 0     9.3 0    71.4 0     2.5 0   241.2 0  1012.2 0
 2019  16  1 16 22 44 22.733  85.12    22.3 0     5.2 0     0.0 0    22.5 0   343.7 0   284.03 0   283.83 0   362.1 0   283.23 0   283.19 0     1.4 0    10.1 0    17.3 0   -18.5 0    -1.2 0     9.3 0    71.6 0     2.8 0   248.2 0  1012.2 0
 2019  16  1 16 22 45 22.750  85.29    21.2 0     4.9 0     0.0 0    21.4 0   343.1 0   284.00 0   283.80 0   361.9 0   283.20 0   283.16 0     1.3 0     9.7 0    16.5 0   -18.8 0    -2.3 0     9.2 0    71.7 0     3.3 0   244.7 0  1012.2 0
 2019  16  1 16 22 46 22.767  85.47    20.0 0     4.5 0     0.0 0    20.3 0   342.6 0   283.98 0   283.77 0   361.7 0   283.17 0   283.13 0     1.3 0     9.2 0    15.7 0   -19.1 0    -3.4 0     9.2 0    71.7 0     3.5 0   239.7 0  1012.2 0
 2019  16  1 16 22 47 22.783  85.64    19.0 0     4.4 0     0.0 0    19.2 0   342.7 0   283.95 0   283.73 0   361.5 0   283.14 0   283.11 0     1.2 0     8.8 0    14.8 0   -18.8 0    -4.0 0     9.2 0    71.9 0     3.1 0   248.1 0  1012.2 0
 2019  16  1 16 22 48 22.800  85.82    17.6 0     4.1 0     0.0 0    17.9 0   343.2 0   283.92 0   283.71 0   361.3 0   283.11 0   283.08 0     1.1 0     8.2 0    13.8 0   -18.1 0    -4.2 0     9.2 0    71.9 0     2.7 0   250.1 0  1012.2 0
 2019  16  1 16 22 49 22.817  85.99    16.0 0     3.7 0     0.0 0    16.4 0   343.8 0   283.89 0   283.69 0   361.3 0   283.09 0   283.06 0     1.1 0     7.6 0    12.8 0   -17.5 0    -4.7 0     9.2 0    72.1 0     2.8 0   252.8 0  1012.2 0
 2019  16  1 16 22 50 22.833  86.17    14.6 0     3.4 0     0.0 0    14.9 0   344.6 0   283.87 0   283.68 0   361.2 0   283.06 0   283.03 0     1.0 0     6.9 0    11.5 0   -16.6 0    -5.1 0     9.2 0    72.0 0     2.6 0   249.6 0  1012.2 0
 2019  16  1 16 22 51 22.850  86.34    13.2 0     3.0 0     0.0 0    13.6 0   345.6 0   283.84 0   283.67 0   361.1 0   283.04 0   283.01 0     0.9 0     6.3 0    10.6 0   -15.5 0    -4.9 0     9.2 0    72.2 0     1.9 0   248.8 0  1012.2 0
 2019  16  1 16 22 52 22.867  86.52    11.8 0     2.6 0     0.0 0    12.2 0   346.5 0   283.82 0   283.64 0   361.2 0   283.02 0   283.00 0     0.8 0     5.7 0     9.6 0   -14.7 0    -5.1 0     9.2 0    72.2 0     2.1 0   247.5 0  1012.2 0
 2019  16  1 16 22 53 22.883  86.69    10.6 0     2.4 0     0.0 0    11.0 0   346.8 0   283.80 0   283.63 0   361.1 0   283.00 0   282.98 0     0.8 0     5.2 0     8.6 0   -14.3 0    -5.6 0     9.2 0    72.3 0     1.8 0   242.5 0  1012.2 0
 2019  16  1 16 22 54 22.900  86.86     9.6 0     2.0 0     0.0 0    10.0 0   347.0 0   283.78 0   283.60 0   361.0 0   282.98 0   282.96 0     0.7 0     4.8 0     8.0 0   -14.0 0    -6.0 0     9.2 0    72.4 0     1.7 0   256.8 0  1012.2 0
 2019  16  1 16 22 55 22.917  87.04     8.8 0     2.0 0     0.0 0     9.2 0   347.1 0   283.76 0   283.58 0   360.9 0   282.97 0   282.94 0     0.6 0     4.7 0     7.2 0   -13.7 0    -6.6 0     9.2 0    72.4 0     2.1 0   245.5 0  1012.2 0
 2019  16  1 16 22 56 22.933  87.21     8.1 0     2.0 0     0.0 0     8.5 0   347.1 0   283.74 0   283.57 0   360.8 0   282.95 0   282.92 0     0.6 0     4.4 0     6.5 0   -13.7 0    -7.2 0     9.2 0    72.3 0     2.4 0   249.1 0  1012.3 0
 2019  16  1 16 22 57 22.950  87.38     7.6 0     1.8 0     0.0 0     8.0 0   347.1 0   283.72 0   283.55 0   360.7 0   282.93 0   282.90 0     0.6 0     4.1 0     6.2 0   -13.5 0    -7.3 0     9.2 0    72.5 0     1.7 0   247.5 0  1012.3 0
 2019  16  1 16 22 58 22.967  87.55     6.9 0     1.6 0     0.0 0     7.4 0   347.1 0   283.70 0   283.53 0   360.5 0   282.91 0   282.89 0     0.5 0     3.9 0     5.8 0   -13.4 0    -7.6 0     9.2 0    72.6 0     1.6 0   249.9 0  1012.3 0
 2019  16  1 16 22 59 22.983  87.72     6.7 0     1.6 0     0.0 0     6.8 0   347.0 0   283.69 0   283.51 0   360.3 0   282.90 0   282.88 0     0.5 0     3.6 0     5.2 0   -13.4 0    -8.2 0     9.2 0    72.6 0     1.7 0   237.3 0  1012.3 0
 2019  16  1 16 23  0 23.000  87.89     6.3 0     1.2 0     0.0 0     6.3 0   347.0 0   283.67 0   283.50 0   360.3 0   282.88 0   282.86 0     0.5 0     3.5 0     5.1 0   -13.3 0    -8.2 0     9.2 0    72.4 0     2.0 0   240.1 0  1012.4 0
 2019  16  1 16 23  1 23.017  88.06     5.9 0     1.2 0     0.0 0     6.0 0   347.0 0   283.66 0   283.48 0   360.4 0   282.87 0   282.84 0     0.5 0     3.3 0     4.8 0   -13.4 0    -8.6 0     9.2 0    72.5 0     2.5 0   246.2 0  1012.3 0
 2019  16  1 16 23  2 23.033  88.22     5.4 0     1.2 0     0.0 0     5.8 0   347.0 0   283.65 0   283.47 0   360.2 0   282.85 0   282.83 0     0.4 0     3.1 0     4.6 0   -13.3 0    -8.6 0     9.2 0    72.5 0     2.2 0   242.0 0  1012.3 0
 2019  16  1 16 23  3 23.050  88.39     5.0 0     1.2 0     0.0 0     5.5 0   346.7 0   283.63 0   283.47 0   360.0 0   282.83 0   282.81 0     0.4 0     2.9 0     4.3 0   -13.2 0    -8.9 0     9.2 0    72.7 0     1.8 0   226.8 0  1012.3 0
 2019  16  1 16 23  4 23.067  88.55     4.5 0     1.0 0     0.0 0     5.0 0   346.7 0   283.62 0   283.47 0   360.0 0   282.83 0   282.80 0     0.4 0     2.7 0     3.9 0   -13.3 0    -9.4 0     9.1 0    72.7 0     1.8 0   234.7 0  1012.3 0
 2019  16  1 16 23  5 23.083  88.71     4.1 0     0.8 0     0.0 0     4.7 0   346.8 0   283.62 0   283.45 0   359.9 0   282.81 0   282.78 0     0.4 0     2.6 0     3.9 0   -13.1 0    -9.2 0     9.1 0    72.6 0     1.9 0   218.7 0  1012.3 0
 2019  16  1 16 23  6 23.100  88.87     3.7 0     0.8 0     0.0 0     4.2 0   346.5 0   283.60 0   283.45 0   359.8 0   282.80 0   282.78 0     0.4 0     2.4 0     3.4 0   -13.3 0   -10.0 0     9.2 0    72.6 0     1.7 0   236.4 0  1012.4 0
 2019  16  1 16 23  7 23.117  89.03     3.3 0     0.8 0     0.0 0     3.8 0   346.7 0   283.60 0   283.43 0   359.5 0   282.78 0   282.77 0     0.3 0     2.2 0     3.0 0   -12.7 0    -9.7 0     9.2 0    72.5 0     1.6 0   236.1 0  1012.3 0
 2019  16  1 16 23  8 23.133  89.19     2.9 0     0.7 0     0.0 0     3.4 0   346.7 0   283.58 0   283.42 0   359.7 0   282.78 0   282.75 0     0.3 0     2.0 0     2.7 0   -13.0 0   -10.3 0     9.2 0    72.4 0     2.1 0   234.1 0  1012.4 0
 2019  16  1 16 23  9 23.150  89.34     2.5 0     0.4 0     0.0 0     3.2 0   346.9 0   283.57 0   283.40 0   359.8 0   282.77 0   282.74 0     0.2 0     1.9 0     2.8 0   -12.9 0   -10.1 0     9.2 0    72.3 0     2.2 0   229.3 0  1012.3 0
 2019  16  1 16 23 10 23.167  89.48     2.0 0     0.4 0     0.0 0     2.7 0   347.0 0   283.57 0   283.41 0   359.6 0   282.75 0   282.73 0     0.2 0     1.7 0     2.3 0   -12.6 0   -10.3 0     9.2 0    72.3 0     2.2 0   242.8 0  1012.3 0
 2019  16  1 16 23 11 23.183  89.63     1.8 0     0.4 0     0.0 0     2.5 0   347.1 0   283.56 0   283.40 0   359.4 0   282.74 0   282.73 0     0.2 0     1.6 0     2.1 0   -12.4 0   -10.3 0     9.2 0    72.4 0     2.2 0   239.6 0  1012.3 0
 2019  16  1 16 23 12 23.200  89.76     1.5 0     0.4 0     0.0 0     2.0 0   347.0 0   283.55 0   283.39 0   359.3 0   282.73 0   282.71 0     0.2 0     1.4 0     1.6 0   -12.3 0   -10.7 0     9.1 0    72.5 0     1.7 0   233.3 0  1012.3 0
 2019  16  1 16 23 13 23.217  89.90     1.2 0     0.4 0     0.0 0     1.9 0   347.1 0   283.55 0   283.37 0   359.5 0   282.73 0   282.70 0     0.2 0     1.2 0     1.5 0   -12.4 0   -10.9 0     9.1 0    72.3 0     2.7 0   229.9 0  1012.3 0
 2019  16  1 16 23 14 23.233  90.80     0.9 0     0.4 0     0.0 0     1.7 0   347.0 0   283.53 0   283.37 0   359.3 0   282.71 0   282.70 0     0.0 0     1.2 0     1.3 0   -12.3 0   -11.0 0     9.1 0    72.1 0     2.6 0   233.7 0  1012.3 0
 2019  16  1 16 23 15 23.250  90.99     0.7 0     0.4 0     0.0 0     1.4 0   347.2 0   283.52 0   283.36 0   359.5 0   282.70 0   282.68 0     0.0 0     1.0 0     1.0 0   -12.3 0   -11.3 0     9.1 0    72.2 0     2.5 0   230.5 0  1012.3 0
 2019  16  1 16 23 16 23.267  91.18     0.4 0     0.4 0     0.0 0     1.1 0   347.3 0   283.52 0   283.37 0   359.3 0   282.70 0   282.68 0     0.0 0     0.9 0     0.7 0   -12.0 0   -11.3 0     9.1 0    72.3 0     2.3 0   223.9 0  1012.3 0
 2019  16  1 16 23 17 23.283  91.37     0.4 0     0.4 0     0.0 0     1.1 0   347.5 0   283.52 0   283.36 0   358.9 0   282.68 0   282.67 0     0.0 0     0.7 0     0.7 0   -11.4 0   -10.7 0     9.1 0    72.4 0     2.0 0   238.3 0  1012.4 0
 2019  16  1 16 23 18 23.300  91.56     0.2 0     0.3 0     0.0 0     1.0 0   347.3 0   283.50 0   283.35 0   359.2 0   282.68 0   282.65 0     0.0 0     0.7 0     0.7 0   -11.9 0   -11.3 0     9.1 0    72.3 0     1.9 0   230.2 0  1012.4 0
 2019  16  1 16 23 19 23.317  91.74     0.0 0     0.2 0     0.0 0     0.8 0   347.4 0   283.50 0   283.35 0   359.1 0   282.67 0   282.65 0     0.0 0     0.7 0     0.5 0   -11.7 0   -11.2 0     9.1 0    72.3 0     1.8 0   234.8 0  1012.4 0
 2019  16  1 16 23 20 23.333  91.93     0.0 0     0.0 0     0.0 0     0.5 0   347.4 0   283.49 0   283.32 0   358.8 0   282.65 0   282.64 0     0.0 0     0.5 0     0.5 0   -11.4 0   -10.8 0     9.1 0    72.7 0     1.2 0   250.5 0  1012.4 0
 2019  16  1 16 23 21 23.350  92.12    -0.4 0     0.0 0     0.0 0     0.4 0   347.2 0   283.47 0   283.32 0   358.9 0   282.65 0   282.63 0     0.0 0     0.5 0     0.4 0   -11.7 0   -11.3 0     9.1 0    72.7 0     1.2 0   247.7 0  1012.5 0
 2019  16  1 16 23 22 23.367  92.31    -0.4 0     0.0 0     0.0 0     0.4 0   347.3 0   283.47 0   283.32 0   358.7 0   282.64 0   282.63 0     0.0 0     0.5 0     0.4 0   -11.4 0   -11.0 0     9.1 0    72.5 0     1.6 0   241.7 0  1012.5 0
 2019  16  1 16 23 23 23.383  92.50    -0.4 0     0.0 0     0.0 0     0.4 0   347.4 0   283.47 0   283.30 0   358.6 0   282.63 0   282.62 0     0.0 0     0.4 0     0.4 0   -11.2 0   -10.9 0     9.1 0    72.4 0     2.0 0   238.3 0  1012.5 0
 2019  16  1 16 23 24 23.400  92.69    -0.4 0     0.0 0     0.0 0     0.4 0   347.2 0   283.45 0   283.30 0   358.7 0   282.63 0   282.60 0     0.0 0     0.2 0     0.4 0   -11.5 0   -11.1 0     9.1 0    72.6 0     1.4 0   245.8 0  1012.5 0
 2019  16  1 16 23 25 23.417  92.88    -0.6 0     0.0 0     0.0 0     0.3 0   347.4 0   283.45 0   283.27 0   358.7 0   282.62 0   282.60 0     0.0 0     0.2 0     0.3 0   -11.3 0   -11.0 0     9.1 0    72.1 0     2.9 0   241.8 0  1012.5 0
 2019  16  1 16 23 26 23.433  93.07    -0.8 0     0.0 0     0.0 0     0.0 0   347.2 0   283.43 0   283.27 0   358.7 0   282.60 0   282.59 0     0.0 0     0.2 0     0.0 0   -11.5 0   -11.5 0     9.1 0    72.2 0     2.4 0   257.5 0  1012.5 0
 2019  16  1 16 23 27 23.450  93.26    -0.8 0     0.0 0     0.0 0     0.0 0   347.3 0   283.42 0   283.27 0   358.8 0   282.60 0   282.58 0     0.0 0     0.2 0     0.0 0   -11.5 0   -11.5 0     9.1 0    72.3 0     1.9 0   252.0 0  1012.5 0
 2019  16  1 16 23 28 23.467  93.45    -0.8 0     0.0 0     0.0 0     0.0 0   347.4 0   283.42 0   283.27 0   358.4 0   282.59 0   282.58 0     0.0 0     0.2 0     0.0 0   -11.0 0   -11.0 0     9.1 0    72.6 0     1.5 0   237.4 0  1012.5 0
 2019  16  1 16 23 29 23.483  93.64    -0.8 0     0.0 0     0.0 0    -0.3 0   347.2 0   283.40 0   283.26 0   358.2 0   282.58 0   282.58 0     0.0 0     0.2 0     0.0 0   -11.0 0   -11.0 0     9.1 0    72.4 0     1.9 0   226.7 0  1012.5 0
 2019  16  1 16 23 30 23.500  93.83    -0.8 0     0.0 0     0.0 0    -0.4 0   347.2 0   283.40 0   283.25 0   358.5 0   282.58 0   282.55 0     0.0 0     0.2 0     0.0 0   -11.3 0   -11.3 0     9.1 0    72.3 0     2.1 0   226.4 0  1012.5 0
 2019  16  1 16 23 31 23.517  94.02    -0.9 0     0.0 0     0.0 0    -0.4 0   347.2 0   283.39 0   283.23 0   358.4 0   282.58 0   282.55 0     0.0 0     0.1 0     0.0 0   -11.2 0   -11.2 0     9.1 0    72.6 0     1.7 0   237.1 0  1012.5 0
 2019  16  1 16 23 32 23.533  94.21    -1.2 0     0.0 0     0.0 0    -0.4 0   347.0 0   283.37 0   283.23 0   358.0 0   282.55 0   282.54 0     0.0 0     0.0 0     0.0 0   -11.0 0   -11.0 0     9.0 0    72.8 0     1.2 0   230.7 0  1012.5 0
 2019  16  1 16 23 33 23.550  94.40    -1.2 0     0.0 0     0.0 0    -0.4 0   347.0 0   283.37 0   283.23 0   358.1 0   282.55 0   282.53 0     0.0 0     0.0 0     0.0 0   -11.1 0   -11.1 0     9.0 0    72.8 0     1.3 0   231.9 0  1012.5 0
 2019  16  1 16 23 34 23.567  94.59    -1.1 0     0.0 0     0.0 0    -0.4 0   347.0 0   283.37 0   283.22 0   357.8 0   282.54 0   282.53 0     0.0 0     0.0 0     0.0 0   -10.8 0   -10.8 0     9.0 0    72.7 0     1.5 0   225.9 0  1012.5 0
 2019  16  1 16 23 35 23.583  94.78    -1.2 0     0.0 0     0.0 0    -0.4 0   346.7 0   283.36 0   283.22 0   357.8 0   282.53 0   282.52 0     0.0 0     0.0 0     0.0 0   -11.1 0   -11.1 0     9.0 0    72.5 0     1.7 0   227.3 0  1012.5 0
 2019  16  1 16 23 36 23.600  94.97    -1.2 0     0.0 0     0.0 0    -0.4 0   346.7 0   283.35 0   283.20 0   358.0 0   282.53 0   282.51 0     0.0 0     0.0 0     0.0 0   -11.3 0   -11.3 0     9.0 0    72.6 0     1.3 0   229.5 0  1012.5 0
 2019  16  1 16 23 37 23.617  95.17    -1.2 0     0.0 0     0.0 0    -0.4 0   346.9 0   283.35 0   283.20 0   357.8 0   282.52 0   282.50 0     0.0 0     0.0 0     0.0 0   -10.9 0   -10.9 0     9.0 0    72.9 0     1.0 0   243.8 0  1012.5 0
 2019  16  1 16 23 38 23.633  95.36    -1.2 0     0.0 0     0.0 0    -0.4 0   346.7 0   283.33 0   283.18 0   357.4 0   282.51 0   282.50 0     0.0 0     0.0 0     0.0 0   -10.7 0   -10.7 0     9.0 0    73.4 0     0.9 0   247.5 0  1012.5 0
 2019  16  1 16 23 39 23.650  95.55    -1.2 0     0.0 0     0.0 0    -0.4 0   346.7 0   283.32 0   283.17 0   357.5 0   282.50 0   282.48 0     0.0 0     0.0 0     0.0 0   -10.8 0   -10.8 0     9.0 0    73.2 0     0.8 0   243.7 0  1012.5 0
 2019  16  1 16 23 40 23.667  95.74    -1.2 0     0.0 0     0.0 0    -0.4 0   346.9 0   283.32 0   283.17 0   357.5 0   282.50 0   282.48 0     0.0 0     0.0 0     0.0 0   -10.6 0   -10.6 0     9.0 0    73.0 0     0.9 0   243.2 0  1012.5 0
 2019  16  1 16 23 41 23.683  95.93    -1.2 0     0.0 0     0.0 0    -0.4 0   346.8 0   283.30 0   283.17 0   357.0 0   282.48 0   282.48 0     0.0 0     0.0 0     0.0 0   -10.2 0   -10.2 0     9.0 0    73.1 0     0.6 0   241.5 0  1012.5 0
 2019  16  1 16 23 42 23.700  96.13    -1.2 0     0.0 0     0.0 0    -0.4 0   346.8 0   283.30 0   283.17 0   357.1 0   282.48 0   282.46 0     0.0 0     0.0 0     0.0 0   -10.3 0   -10.3 0     9.0 0    73.5 0     0.5 0   274.9 0  1012.5 0
 2019  16  1 16 23 43 23.717  96.32    -1.2 0     0.0 0     0.0 0    -0.4 0   346.9 0   283.30 0   283.15 0   357.1 0   282.48 0   282.45 0     0.0 0     0.0 0     0.0 0   -10.2 0   -10.2 0     9.0 0    73.5 0     0.6 0   277.4 0  1012.5 0
 2019  16  1 16 23 44 23.733  96.51    -1.2 0     0.0 0     0.0 0    -0.4 0   346.8 0   283.28 0   283.13 0   357.0 0   282.46 0   282.44 0     0.0 0     0.0 0     0.0 0   -10.2 0   -10.2 0     9.0 0    73.6 0     0.7 0   268.4 0  1012.5 0
 2019  16  1 16 23 45 23.750  96.71    -1.2 0     0.0 0     0.0 0    -0.4 0   347.1 0   283.27 0   283.12 0   357.2 0   282.45 0   282.43 0     0.0 0     0.0 0     0.0 0   -10.1 0   -10.1 0     9.0 0    73.6 0     0.9 0   257.0 0  1012.5 0
 2019  16  1 16 23 46 23.767  96.90    -1.2 0     0.0 0     0.0 0    -0.4 0   347.1 0   283.27 0   283.12 0   357.0 0   282.45 0   282.43 0     0.0 0     0.0 0     0.0 0    -9.9 0    -9.9 0     9.0 0    73.6 0     0.7 0   263.5 0  1012.6 0
 2019  16  1 16 23 47 23.783  97.09    -1.2 0    -0.2 0     0.0 0    -0.4 0   347.2 0   283.25 0   283.10 0   356.9 0   282.43 0   282.42 0     0.0 0     0.0 0     0.0 0    -9.7 0    -9.7 0     9.0 0    73.8 0     0.7 0   269.9 0  1012.6 0
 2019  16  1 16 23 48 23.800  97.29    -1.2 0    -0.1 0     0.0 0    -0.4 0   347.2 0   283.23 0   283.09 0   357.1 0   282.43 0   282.41 0     0.0 0     0.0 0     0.0 0   -10.0 0   -10.0 0     9.0 0    73.6 0     1.0 0   262.1 0  1012.6 0
 2019  16  1 16 23 49 23.817  97.48    -1.2 0    -0.2 0     0.0 0    -0.4 0   347.4 0   283.22 0   283.08 0   357.0 0   282.42 0   282.40 0     0.0 0     0.0 0     0.0 0    -9.7 0    -9.7 0     8.9 0    73.7 0     0.8 0   266.3 0  1012.6 0
 2019  16  1 16 23 50 23.833  97.67    -1.2 0     0.0 0     0.0 0    -0.4 0   347.5 0   283.22 0   283.07 0   357.1 0   282.41 0   282.38 0     0.0 0     0.0 0     0.0 0    -9.6 0    -9.6 0     8.9 0    73.8 0     0.9 0   275.4 0  1012.6 0
 2019  16  1 16 23 51 23.850  97.87    -1.2 0     0.0 0     0.0 0    -0.4 0   347.3 0   283.20 0   283.06 0   357.0 0   282.40 0   282.38 0     0.0 0     0.0 0     0.0 0    -9.7 0    -9.7 0     8.9 0    74.0 0     0.9 0   274.6 0  1012.6 0
 2019  16  1 16 23 52 23.867  98.06    -1.2 0     0.0 0     0.0 0    -0.4 0   347.5 0   283.19 0   283.04 0   356.8 0   282.39 0   282.38 0     0.0 0     0.0 0     0.0 0    -9.3 0    -9.3 0     8.9 0    74.1 0     0.8 0   252.8 0  1012.7 0
 2019  16  1 16 23 53 23.883  98.26    -1.2 0     0.0 0     0.0 0    -0.4 0   347.7 0   283.17 0   283.02 0   357.1 0   282.38 0   282.36 0     0.0 0     0.0 0     0.0 0    -9.4 0    -9.4 0     8.9 0    74.2 0     1.2 0   244.1 0  1012.7 0
 2019  16  1 16 23 54 23.900  98.45    -1.2 0     0.0 0     0.0 0    -0.4 0   347.8 0   283.17 0   283.02 0   357.4 0   282.38 0   282.36 0     0.0 0     0.0 0     0.0 0    -9.6 0    -9.6 0     8.9 0    73.8 0     1.6 0   246.2 0  1012.7 0
 2019  16  1 16 23 55 23.917  98.65    -1.2 0     0.0 0     0.0 0    -0.4 0   347.8 0   283.16 0   283.02 0   357.2 0   282.36 0   282.36 0     0.0 0     0.0 0     0.0 0    -9.4 0    -9.4 0     8.9 0    73.6 0     1.6 0   240.9 0  1012.7 0
 2019  16  1 16 23 56 23.933  98.84    -1.2 0     0.0 0     0.0 0    -0.4 0   347.6 0   283.15 0   283.02 0   357.3 0   282.36 0   282.33 0     0.0 0     0.0 0     0.0 0    -9.8 0    -9.8 0     8.9 0    73.8 0     1.3 0   247.4 0  1012.7 0
 2019  16  1 16 23 57 23.950  99.04    -1.2 0     0.0 0     0.0 0    -0.4 0   347.8 0   283.15 0   283.01 0   357.3 0   282.35 0   282.33 0     0.0 0     0.0 0     0.0 0    -9.6 0    -9.6 0     8.9 0    74.1 0     1.1 0   239.8 0  1012.7 0
 2019  16  1 16 23 58 23.967  99.23    -1.2 0     0.0 0     0.0 0    -0.4 0   348.0 0   283.15 0   283.00 0   357.0 0   282.34 0   282.33 0     0.0 0     0.0 0     0.0 0    -9.0 0    -9.0 0     8.9 0    73.7 0     1.7 0   227.6 0  1012.7 0
 2019  16  1 16 23 59 23.983  99.43    -1.2 0     0.0 0     0.0 0    -0.4 0   347.9 0   283.13 0   283.00 0   357.2 0   282.33 0   282.32 0     0.0 0     0.0 0     0.0 0    -9.3 0    -9.3 0     8.9 0    73.6 0     1.3 0   224.4 0  1012.7 0
