 Goodwin Creek
   34.25  -89.87   98 m version 1
 2019  11  1 11  0  0  0.000 100.62    -1.2 0    -0.4 0     0.0 0    -1.0 0   249.8 0   278.04 0   277.71 0   312.8 0   277.78 0   277.73 0     0.0 0     0.0 0     0.0 0   -63.1 0   -63.1 0     4.6 0    47.5 0     1.2 0    23.4 0  1015.3 0
 2019  11  1 11  0  1  0.017 100.82    -1.2 0    -0.4 0     0.0 0    -1.1 0   249.6 0   278.00 0   277.66 0   312.1 0   277.75 0   277.69 0     0.0 0     0.0 0     0.0 0   -62.5 0   -62.5 0     4.6 0    47.9 0     1.2 0     4.6 0  1015.3 0
 2019  11  1 11  0  2  0.033 101.01    -1.2 0    -0.4 0     0.0 0    -1.1 0   249.7 0   277.95 0   277.62 0   312.0 0   277.72 0   277.68 0     0.0 0     0.0 0     0.0 0   -62.2 0   -62.2 0     4.6 0    47.5 0     1.3 0     2.1 0  1015.4 0
 2019  11  1 11  0  3  0.050 101.21    -1.2 0    -0.4 0     0.0 0    -1.1 0   249.7 0   277.91 0   277.55 0   312.0 0   277.68 0   277.64 0     0.0 0     0.0 0     0.0 0   -62.3 0   -62.3 0     4.5 0    48.0 0     1.4 0     1.1 0  1015.4 0
 2019  11  1 11  0  4  0.067 101.40    -1.2 0    -0.4 0     0.0 0    -0.9 0   250.5 0   277.86 0   277.57 0   314.3 0   277.66 0   277.63 0     0.0 0     0.0 0     0.0 0   -63.8 0   -63.8 0     4.5 0    47.6 0     1.7 0     1.4 0  1015.4 0
 2019  11  1 11  0  5  0.083 101.60    -1.3 0    -0.4 0     0.0 0    -0.8 0   250.4 0   277.84 0   277.56 0   315.4 0   277.64 0   277.59 0     0.0 0     0.0 0     0.0 0   -65.1 0   -65.1 0     4.5 0    48.2 0     1.5 0   355.9 0  1015.4 0
 2019  11  1 11  0  6  0.100 101.79    -1.4 0    -0.4 0     0.0 0    -0.8 0   250.4 0   277.81 0   277.53 0   315.2 0   277.61 0   277.57 0     0.0 0     0.0 0     0.0 0   -64.7 0   -64.7 0     4.4 0    48.4 0     1.6 0   355.4 0  1015.5 0
 2019  11  1 11  0  7  0.117 101.99    -1.5 0    -0.4 0     0.0 0    -0.8 0   250.5 0   277.79 0   277.51 0   314.4 0   277.58 0   277.53 0     0.0 0     0.0 0     0.0 0   -63.9 0   -63.9 0     4.4 0    48.6 0     1.4 0   348.7 0  1015.5 0
 2019  11  1 11  0  8  0.133 102.19    -1.4 0    -0.4 0     0.0 0    -0.8 0   250.4 0   277.77 0   277.46 0   313.6 0   277.56 0   277.51 0     0.0 0     0.0 0     0.0 0   -63.2 0   -63.2 0     4.4 0    48.5 0     1.1 0   348.9 0  1015.5 0
 2019  11  1 11  0  9  0.150 102.38    -1.2 0    -0.4 0     0.0 0    -0.9 0   250.7 0   277.73 0   277.42 0   313.7 0   277.53 0   277.48 0     0.0 0     0.0 0     0.0 0   -63.0 0   -63.0 0     4.3 0    48.6 0     1.4 0   359.5 0  1015.4 0
 2019  11  1 11  0 10  0.167 102.58    -1.4 0    -0.4 0     0.0 0    -0.7 0   251.1 0   277.71 0   277.44 0   314.7 0   277.50 0   277.46 0     0.0 0     0.0 0     0.0 0   -63.6 0   -63.6 0     4.3 0    48.7 0     1.3 0    15.7 0  1015.4 0
 2019  11  1 11  0 11  0.183 102.77    -1.6 0    -0.4 0     0.0 0    -0.5 0   251.2 0   277.69 0   277.43 0   315.2 0   277.47 0   277.43 0     0.0 0     0.0 0     0.0 0   -64.0 0   -64.0 0     4.3 0    49.1 0     1.3 0    19.2 0  1015.4 0
 2019  11  1 11  0 12  0.200 102.97    -1.7 0    -0.4 0     0.0 0    -0.4 0   251.6 0   277.69 0   277.45 0   316.6 0   277.45 0   277.41 0     0.0 0     0.0 0     0.0 0   -65.0 0   -65.0 0     4.3 0    49.1 0     1.5 0    24.9 0  1015.4 0
 2019  11  1 11  0 13  0.217 103.17    -1.7 0    -0.4 0     0.0 0    -0.4 0   251.3 0   277.68 0   277.42 0   316.0 0   277.42 0   277.38 0     0.0 0     0.0 0     0.0 0   -64.7 0   -64.7 0     4.2 0    49.1 0     1.8 0    21.6 0  1015.4 0
 2019  11  1 11  0 14  0.233 103.36    -1.6 0    -0.4 0     0.0 0    -0.7 0   251.2 0   277.66 0   277.39 0   316.9 0   277.40 0   277.37 0     0.0 0     0.0 0     0.0 0   -65.7 0   -65.7 0     4.3 0    48.7 0     1.6 0    12.8 0  1015.4 0
 2019  11  1 11  0 15  0.250 103.56    -1.6 0    -0.4 0     0.0 0    -0.7 0   251.4 0   277.66 0   277.38 0   315.5 0   277.38 0   277.34 0     0.0 0     0.0 0     0.0 0   -64.1 0   -64.1 0     4.2 0    49.1 0     1.4 0    33.5 0  1015.4 0
 2019  11  1 11  0 16  0.267 103.76    -1.6 0    -0.4 0     0.0 0    -0.8 0   251.1 0   277.63 0   277.33 0   315.2 0   277.36 0   277.32 0     0.0 0     0.0 0     0.0 0   -64.1 0   -64.1 0     4.2 0    49.0 0     1.6 0    17.3 0  1015.4 0
 2019  11  1 11  0 17  0.283 103.96    -1.6 0    -0.4 0     0.0 0    -0.7 0   251.5 0   277.61 0   277.35 0   316.3 0   277.34 0   277.31 0     0.0 0     0.0 0     0.0 0   -64.8 0   -64.8 0     4.2 0    49.1 0     1.3 0    16.0 0  1015.4 0
 2019  11  1 11  0 18  0.300 104.15    -2.0 0    -0.4 0     0.0 0    -0.5 0   251.4 0   277.61 0   277.35 0   315.7 0   277.32 0   277.28 0     0.0 0     0.0 0     0.0 0   -64.2 0   -64.2 0     4.2 0    49.3 0     1.5 0    25.7 0  1015.3 0
 2019  11  1 11  0 19  0.317 104.35    -1.7 0    -0.4 0     0.0 0    -0.8 0   251.1 0   277.59 0   277.31 0   315.5 0   277.30 0   277.27 0     0.0 0     0.0 0     0.0 0   -64.4 0   -64.4 0     4.2 0    49.2 0     1.6 0    25.3 0  1015.3 0
 2019  11  1 11  0 20  0.333 104.55    -1.7 0    -0.4 0     0.0 0    -0.8 0   251.2 0   277.57 0   277.30 0   315.5 0   277.28 0   277.24 0     0.0 0     0.0 0     0.0 0   -64.3 0   -64.3 0     4.2 0    49.5 0     1.6 0    23.8 0  1015.2 0
 2019  11  1 11  0 21  0.350 104.75    -1.7 0    -0.4 0     0.0 0    -0.7 0   251.0 0   277.56 0   277.28 0   315.9 0   277.27 0   277.23 0     0.0 0     0.0 0     0.0 0   -65.0 0   -65.0 0     4.1 0    49.2 0     1.6 0    25.4 0  1015.2 0
 2019  11  1 11  0 22  0.367 104.94    -1.9 0    -0.4 0     0.0 0    -0.5 0   251.0 0   277.56 0   277.30 0   314.8 0   277.24 0   277.22 0     0.0 0     0.0 0     0.0 0   -63.8 0   -63.8 0     4.2 0    49.0 0     1.6 0    19.2 0  1015.2 0
 2019  11  1 11  0 23  0.383 105.14    -2.0 0    -0.4 0     0.0 0    -0.4 0   250.4 0   277.54 0   277.30 0   315.0 0   277.23 0   277.20 0     0.0 0     0.0 0     0.0 0   -64.6 0   -64.6 0     4.2 0    49.2 0     1.5 0    17.2 0  1015.2 0
 2019  11  1 11  0 24  0.400 105.34    -1.9 0    -0.4 0     0.0 0    -0.4 0   250.0 0   277.54 0   277.28 0   315.0 0   277.22 0   277.18 0     0.0 0     0.0 0     0.0 0   -65.0 0   -65.0 0     4.1 0    49.1 0     1.6 0    10.7 0  1015.2 0
 2019  11  1 11  0 25  0.417 105.54    -1.6 0    -0.4 0     0.0 0    -0.8 0   249.8 0   277.53 0   277.26 0   313.7 0   277.20 0   277.17 0     0.0 0     0.0 0     0.0 0   -63.9 0   -63.9 0     4.1 0    49.2 0     1.3 0    10.0 0  1015.2 0
 2019  11  1 11  0 26  0.433 105.74    -1.6 0    -0.4 0     0.1 0    -0.8 0   249.7 0   277.51 0   277.24 0   313.6 0   277.18 0   277.15 0     0.0 0     0.0 0     0.0 0   -63.9 0   -63.9 0     4.1 0    49.3 0     1.6 0    18.0 0  1015.2 0
 2019  11  1 11  0 27  0.450 105.93    -1.6 0    -0.4 0     0.2 0    -0.8 0   249.8 0   277.50 0   277.21 0   313.3 0   277.16 0   277.12 0     0.0 0     0.0 0     0.0 0   -63.5 0   -63.5 0     4.1 0    49.8 0     1.2 0    18.9 0  1015.2 0
 2019  11  1 11  0 28  0.467 106.13    -1.6 0    -0.4 0     0.3 0    -0.8 0   249.7 0   277.47 0   277.20 0   313.3 0   277.14 0   277.10 0     0.0 0     0.0 0     0.0 0   -63.6 0   -63.6 0     4.0 0    49.9 0     1.3 0    18.7 0  1015.2 0
 2019  11  1 11  0 29  0.483 106.33    -1.6 0    -0.4 0     0.7 0    -0.7 0   249.7 0   277.46 0   277.20 0   313.7 0   277.12 0   277.07 0     0.0 0     0.0 0     0.0 0   -64.0 0   -64.0 0     4.0 0    50.2 0     1.2 0    16.4 0  1015.2 0
 2019  11  1 11  0 30  0.500 106.53    -1.6 0    -0.4 0     0.5 0    -0.8 0   249.7 0   277.45 0   277.16 0   312.7 0   277.09 0   277.06 0     0.0 0     0.0 0     0.0 0   -63.0 0   -63.0 0     4.0 0    50.0 0     1.1 0     7.0 0  1015.2 0
 2019  11  1 11  0 31  0.517 106.73    -1.6 0    -0.4 0     0.8 0    -0.8 0   249.7 0   277.43 0   277.15 0   312.1 0   277.07 0   277.03 0     0.0 0     0.0 0     0.0 0   -62.4 0   -62.4 0     3.9 0    50.4 0     1.2 0     8.6 0  1015.3 0
 2019  11  1 11  0 32  0.533 106.93    -1.6 0    -0.4 0     0.8 0    -0.8 0   249.8 0   277.41 0   277.12 0   312.3 0   277.05 0   277.01 0     0.0 0     0.0 0     0.0 0   -62.5 0   -62.5 0     3.9 0    50.5 0     1.4 0     3.2 0  1015.3 0
 2019  11  1 11  0 33  0.550 107.13    -1.6 0    -0.4 0     0.8 0    -0.8 0   249.9 0   277.39 0   277.10 0   313.3 0   277.03 0   276.98 0     0.0 0     0.0 0     0.0 0   -63.3 0   -63.3 0     3.9 0    50.3 0     1.6 0     0.8 0  1015.3 0
 2019  11  1 11  0 34  0.567 107.33    -1.6 0    -0.4 0     0.8 0    -0.6 0   250.0 0   277.36 0   277.12 0   314.2 0   277.00 0   276.98 0     0.0 0     0.0 0     0.0 0   -64.2 0   -64.2 0     3.9 0    50.2 0     1.9 0     0.8 0  1015.3 0
 2019  11  1 11  0 35  0.583 107.53    -1.6 0    -0.4 0     0.8 0    -0.4 0   250.5 0   277.36 0   277.12 0   315.4 0   276.99 0   276.96 0     0.0 0     0.0 0     0.0 0   -65.0 0   -65.0 0     3.9 0    50.3 0     1.8 0     7.8 0  1015.3 0
 2019  11  1 11  0 36  0.600 107.73    -1.6 0    -0.4 0     0.3 0    -0.5 0   250.2 0   277.36 0   277.09 0   314.9 0   276.98 0   276.93 0     0.0 0     0.0 0     0.0 0   -64.7 0   -64.7 0     3.9 0    50.5 0     1.4 0     7.9 0  1015.3 0
 2019  11  1 11  0 37  0.617 107.93    -1.6 0    -0.4 0     0.3 0    -0.5 0   250.3 0   277.34 0   277.08 0   315.1 0   276.96 0   276.93 0     0.0 0     0.0 0     0.0 0   -64.8 0   -64.8 0     3.9 0    50.4 0     1.6 0    12.3 0  1015.3 0
 2019  11  1 11  0 38  0.633 108.13    -1.6 0    -0.4 0     0.4 0    -0.4 0   250.5 0   277.33 0   277.08 0   314.8 0   276.94 0   276.91 0     0.0 0     0.0 0     0.0 0   -64.2 0   -64.2 0     3.8 0    50.5 0     1.7 0    15.2 0  1015.3 0
 2019  11  1 11  0 39  0.650 108.33    -1.8 0    -0.4 0     0.5 0    -0.5 0   250.3 0   277.32 0   277.07 0   314.7 0   276.93 0   276.88 0     0.0 0     0.0 0     0.0 0   -64.4 0   -64.4 0     3.8 0    50.7 0     1.2 0    17.5 0  1015.2 0
 2019  11  1 11  0 40  0.667 108.53    -1.7 0    -0.4 0     0.5 0    -0.5 0   250.6 0   277.32 0   277.07 0   313.5 0   276.90 0   276.87 0     0.0 0     0.0 0     0.0 0   -62.9 0   -62.9 0     3.8 0    50.6 0     1.3 0    17.7 0  1015.2 0
 2019  11  1 11  0 41  0.683 108.73    -2.0 0    -0.4 0     0.8 0    -0.4 0   250.7 0   277.32 0   277.07 0   314.2 0   276.88 0   276.84 0     0.0 0     0.0 0     0.0 0   -63.5 0   -63.5 0     3.8 0    51.1 0     1.0 0    16.2 0  1015.2 0
 2019  11  1 11  0 42  0.700 108.93    -1.7 0    -0.4 0     0.6 0    -0.6 0   250.7 0   277.31 0   277.04 0   313.9 0   276.86 0   276.82 0     0.0 0     0.0 0     0.0 0   -63.2 0   -63.2 0     3.7 0    51.1 0     1.1 0    13.0 0  1015.2 0
 2019  11  1 11  0 43  0.717 109.13    -1.8 0    -0.4 0     0.7 0    -0.4 0   250.7 0   277.29 0   277.06 0   313.7 0   276.84 0   276.80 0     0.0 0     0.0 0     0.0 0   -63.0 0   -63.0 0     3.7 0    51.3 0     1.1 0    13.6 0  1015.2 0
 2019  11  1 11  0 44  0.733 109.33    -1.7 0    -0.4 0     0.6 0    -0.5 0   251.0 0   277.29 0   277.03 0   314.2 0   276.82 0   276.78 0     0.0 0     0.0 0     0.0 0   -63.3 0   -63.3 0     3.7 0    51.0 0     1.3 0    21.1 0  1015.2 0
 2019  11  1 11  0 45  0.750 109.53    -1.7 0    -0.4 0     0.2 0    -0.6 0   250.8 0   277.27 0   277.02 0   313.1 0   276.80 0   276.76 0     0.0 0     0.0 0     0.0 0   -62.3 0   -62.3 0     3.7 0    51.2 0     1.1 0     9.1 0  1015.2 0
 2019  11  1 11  0 46  0.767 109.73    -1.6 0    -0.4 0     0.5 0    -0.7 0   251.1 0   277.27 0   277.00 0   312.5 0   276.78 0   276.74 0     0.0 0     0.0 0     0.0 0   -61.4 0   -61.4 0     3.7 0    51.3 0     0.6 0    19.1 0  1015.1 0
 2019  11  1 11  0 47  0.783 109.93    -1.6 0    -0.4 0     0.5 0    -0.7 0   251.4 0   277.26 0   277.00 0   311.9 0   276.76 0   276.72 0     0.0 0     0.0 0     0.0 0   -60.5 0   -60.5 0     3.7 0    51.1 0     0.9 0    16.7 0  1015.1 0
 2019  11  1 11  0 48  0.800 110.13    -1.9 0    -0.4 0     0.8 0    -0.4 0   251.5 0   277.24 0   277.01 0   311.9 0   276.73 0   276.69 0     0.0 0     0.0 0     0.0 0   -60.3 0   -60.3 0     3.6 0    51.3 0     0.7 0    29.7 0  1015.1 0
 2019  11  1 11  0 49  0.817 110.33    -1.9 0    -0.4 0     0.5 0    -0.4 0   251.6 0   277.24 0   277.01 0   311.2 0   276.71 0   276.67 0     0.0 0     0.0 0     0.0 0   -59.5 0   -59.5 0     3.6 0    51.3 0     0.8 0    33.9 0  1015.1 0
 2019  11  1 11  0 50  0.833 110.53    -2.0 0    -0.4 0     0.4 0    -0.4 0   251.8 0   277.24 0   277.00 0   311.0 0   276.69 0   276.64 0     0.0 0     0.0 0     0.0 0   -59.2 0   -59.2 0     3.6 0    51.2 0     0.6 0    32.1 0  1015.1 0
 2019  11  1 11  0 51  0.850 110.73    -2.0 0    -0.4 0     0.1 0    -0.4 0   252.0 0   277.24 0   277.00 0   310.9 0   276.66 0   276.62 0     0.0 0     0.0 0     0.0 0   -58.9 0   -58.9 0     3.6 0    51.3 0     0.7 0    40.2 0  1015.0 0
 2019  11  1 11  0 52  0.867 110.94    -2.0 0    -0.4 0     0.0 0    -0.5 0   251.9 0   277.23 0   276.97 0   310.6 0   276.64 0   276.59 0     0.0 0     0.0 0     0.0 0   -58.8 0   -58.8 0     3.6 0    51.3 0     0.9 0    55.9 0  1015.0 0
 2019  11  1 11  0 53  0.883 111.14    -2.0 0    -0.4 0     0.0 0    -0.5 0   252.1 0   277.22 0   276.97 0   311.9 0   276.61 0   276.56 0     0.0 0     0.0 0     0.0 0   -59.8 0   -59.8 0     3.6 0    51.3 0     1.1 0    48.2 0  1014.9 0
 2019  11  1 11  0 54  0.900 111.34    -2.0 0    -0.4 0     0.0 0    -0.5 0   252.2 0   277.22 0   276.94 0   312.0 0   276.59 0   276.54 0     0.0 0     0.0 0     0.0 0   -59.9 0   -59.9 0     3.6 0    51.5 0     1.0 0    61.0 0  1014.9 0
 2019  11  1 11  0 55  0.917 111.54    -1.9 0    -0.4 0     0.0 0    -0.7 0   252.1 0   277.20 0   276.92 0   311.8 0   276.57 0   276.52 0     0.0 0     0.0 0     0.0 0   -59.7 0   -59.7 0     3.5 0    51.4 0     1.5 0    49.9 0  1014.9 0
 2019  11  1 11  0 56  0.933 111.74    -1.6 0    -0.4 0     0.0 0    -0.8 0   252.2 0   277.18 0   276.91 0   311.8 0   276.54 0   276.50 0     0.0 0     0.0 0     0.0 0   -59.6 0   -59.6 0     3.6 0    51.5 0     1.6 0    40.7 0  1014.9 0
 2019  11  1 11  0 57  0.950 111.94    -1.8 0    -0.4 0     0.0 0    -0.8 0   252.5 0   277.17 0   276.89 0   312.0 0   276.53 0   276.49 0     0.0 0     0.0 0     0.0 0   -59.5 0   -59.5 0     3.5 0    51.7 0     1.2 0    37.7 0  1014.9 0
 2019  11  1 11  0 58  0.967 112.15    -1.6 0    -0.4 0     0.0 0    -0.8 0   252.0 0   277.14 0   276.83 0   311.1 0   276.51 0   276.47 0     0.0 0     0.0 0     0.0 0   -59.1 0   -59.1 0     3.5 0    52.0 0     1.1 0    28.1 0  1014.9 0
 2019  11  1 11  0 59  0.983 112.35    -1.6 0    -0.4 0     0.0 0    -0.8 0   252.1 0   277.11 0   276.82 0   310.5 0   276.49 0   276.45 0     0.0 0     0.0 0     0.0 0   -58.4 0   -58.4 0     3.5 0    52.2 0     1.0 0    24.5 0  1014.9 0
 2019  11  1 11  1  0  1.000 112.55    -1.6 0    -0.4 0     0.0 0    -0.8 0   252.1 0   277.08 0   276.79 0   310.0 0   276.47 0   276.43 0     0.0 0     0.0 0     0.0 0   -57.9 0   -57.9 0     3.4 0    52.2 0     0.6 0    18.4 0  1015.0 0
 2019  11  1 11  1  1  1.017 112.75    -1.6 0    -0.4 0     0.0 0    -0.9 0   252.1 0   277.06 0   276.74 0   309.8 0   276.45 0   276.41 0     0.0 0     0.0 0     0.0 0   -57.7 0   -57.7 0     3.4 0    52.1 0     0.8 0    23.1 0  1014.9 0
 2019  11  1 11  1  2  1.033 112.95    -1.6 0    -0.4 0     0.0 0    -0.8 0   252.0 0   277.01 0   276.70 0   309.6 0   276.42 0   276.39 0     0.0 0     0.0 0     0.0 0   -57.6 0   -57.6 0     3.4 0    52.1 0     0.7 0    24.2 0  1014.8 0
 2019  11  1 11  1  3  1.050 113.16    -1.6 0    -0.4 0     0.0 0    -0.8 0   252.2 0   276.98 0   276.69 0   309.4 0   276.40 0   276.36 0     0.0 0     0.0 0     0.0 0   -57.3 0   -57.3 0     3.4 0    52.0 0     0.6 0    21.0 0  1014.8 0
 2019  11  1 11  1  4  1.067 113.36    -1.6 0    -0.4 0     0.0 0    -0.7 0   252.3 0   276.96 0   276.70 0   309.6 0   276.38 0   276.34 0     0.0 0     0.0 0     0.0 0   -57.3 0   -57.3 0     3.4 0    51.8 0     0.7 0    30.7 0  1014.8 0
 2019  11  1 11  1  5  1.083 113.56    -1.6 0    -0.4 0     0.0 0    -0.6 0   252.4 0   276.94 0   276.69 0   309.3 0   276.36 0   276.33 0     0.0 0     0.0 0     0.0 0   -57.0 0   -57.0 0     3.4 0    51.8 0     0.7 0    24.8 0  1014.8 0
 2019  11  1 11  1  6  1.100 113.76    -1.6 0    -0.4 0     0.0 0    -0.4 0   252.3 0   276.92 0   276.70 0   309.4 0   276.34 0   276.31 0     0.0 0     0.0 0     0.0 0   -57.0 0   -57.0 0     3.4 0    51.7 0     0.9 0    22.0 0  1014.8 0
 2019  11  1 11  1  7  1.117 113.97    -1.6 0    -0.4 0     0.0 0    -0.4 0   252.4 0   276.92 0   276.69 0   309.6 0   276.32 0   276.29 0     0.0 0     0.0 0     0.0 0   -57.2 0   -57.2 0     3.4 0    51.8 0     0.9 0    17.9 0  1014.8 0
 2019  11  1 11  1  8  1.133 114.17    -1.6 0    -0.4 0     0.0 0    -0.4 0   252.5 0   276.92 0   276.68 0   310.0 0   276.30 0   276.28 0     0.0 0     0.0 0     0.0 0   -57.4 0   -57.4 0     3.4 0    51.5 0     1.3 0    17.8 0  1014.8 0
 2019  11  1 11  1  9  1.150 114.37    -1.6 0    -0.4 0     0.0 0    -0.4 0   252.2 0   276.92 0   276.67 0   309.9 0   276.29 0   276.26 0     0.0 0     0.0 0     0.0 0   -57.7 0   -57.7 0     3.4 0    51.6 0     1.1 0     6.3 0  1014.9 0
 2019  11  1 11  1 10  1.167 114.58    -1.6 0    -0.4 0     0.0 0    -0.5 0   252.1 0   276.90 0   276.64 0   310.5 0   276.27 0   276.25 0     0.0 0     0.0 0     0.0 0   -58.4 0   -58.4 0     3.4 0    51.5 0     1.0 0     8.7 0  1014.9 0
 2019  11  1 11  1 11  1.183 114.78    -1.6 0    -0.4 0     0.0 0    -0.4 0   251.9 0   276.88 0   276.63 0   310.8 0   276.26 0   276.24 0     0.0 0     0.0 0     0.0 0   -58.8 0   -58.8 0     3.4 0    51.6 0     1.0 0     7.8 0  1014.9 0
 2019  11  1 11  1 12  1.200 114.98    -1.6 0    -0.4 0     0.0 0    -0.4 0   251.9 0   276.87 0   276.63 0   310.3 0   276.24 0   276.22 0     0.0 0     0.0 0     0.0 0   -58.4 0   -58.4 0     3.4 0    51.5 0     1.1 0    23.0 0  1014.9 0
 2019  11  1 11  1 13  1.217 115.19    -1.6 0    -0.4 0     0.0 0    -0.4 0   251.8 0   276.87 0   276.63 0   311.0 0   276.24 0   276.21 0     0.0 0     0.0 0     0.0 0   -59.2 0   -59.2 0     3.4 0    51.7 0     0.9 0     6.5 0  1014.9 0
 2019  11  1 11  1 14  1.233 115.39    -1.6 0    -0.4 0     0.0 0    -0.4 0   251.4 0   276.85 0   276.61 0   310.5 0   276.22 0   276.19 0     0.0 0     0.0 0     0.0 0   -59.1 0   -59.1 0     3.3 0    51.8 0     0.7 0    17.5 0  1014.9 0
 2019  11  1 11  1 15  1.250 115.59    -1.6 0    -0.4 0     0.0 0    -0.4 0   251.5 0   276.85 0   276.60 0   310.4 0   276.20 0   276.18 0     0.0 0     0.0 0     0.0 0   -58.9 0   -58.9 0     3.3 0    51.8 0     1.0 0    10.8 0  1014.9 0
 2019  11  1 11  1 16  1.267 115.80    -1.6 0    -0.4 0     0.0 0    -0.4 0   251.6 0   276.84 0   276.61 0   310.8 0   276.19 0   276.17 0     0.0 0     0.0 0     0.0 0   -59.2 0   -59.2 0     3.3 0    51.6 0     1.2 0     9.8 0  1014.9 0
 2019  11  1 11  1 17  1.283 116.00    -1.6 0    -0.4 0     0.0 0    -0.4 0   251.3 0   276.82 0   276.60 0   310.0 0   276.18 0   276.15 0     0.0 0     0.0 0     0.0 0   -58.7 0   -58.7 0     3.4 0    51.6 0     0.8 0    19.0 0  1014.9 0
 2019  11  1 11  1 18  1.300 116.20    -1.6 0    -0.4 0     0.0 0    -0.4 0   251.4 0   276.82 0   276.59 0   309.5 0   276.16 0   276.14 0     0.0 0     0.0 0     0.0 0   -58.1 0   -58.1 0     3.4 0    51.7 0     1.0 0    13.1 0  1014.9 0
 2019  11  1 11  1 19  1.317 116.41    -1.6 0    -0.4 0     0.0 0    -0.4 0   251.4 0   276.82 0   276.58 0   309.1 0   276.14 0   276.12 0     0.0 0     0.0 0     0.0 0   -57.7 0   -57.7 0     3.3 0    51.8 0     0.8 0    25.2 0  1014.8 0
 2019  11  1 11  1 20  1.333 116.61    -1.6 0    -0.4 0     0.0 0    -0.5 0   251.4 0   276.81 0   276.54 0   309.0 0   276.13 0   276.09 0     0.0 0     0.0 0     0.0 0   -57.6 0   -57.6 0     3.3 0    51.9 0     1.1 0    34.7 0  1014.8 0
 2019  11  1 11  1 21  1.350 116.81    -1.6 0    -0.4 0     0.0 0    -0.5 0   251.7 0   276.79 0   276.54 0   309.1 0   276.11 0   276.09 0     0.0 0     0.0 0     0.0 0   -57.5 0   -57.5 0     3.3 0    51.9 0     0.8 0    21.0 0  1014.8 0
 2019  11  1 11  1 22  1.367 117.02    -1.6 0    -0.4 0     0.0 0    -0.4 0   251.6 0   276.78 0   276.53 0   309.3 0   276.09 0   276.07 0     0.0 0     0.0 0     0.0 0   -57.7 0   -57.7 0     3.3 0    51.9 0     1.1 0    18.8 0  1014.8 0
 2019  11  1 11  1 23  1.383 117.22    -1.6 0    -0.4 0     0.0 0    -0.6 0   251.5 0   276.77 0   276.51 0   310.9 0   276.09 0   276.07 0     0.0 0     0.0 0     0.0 0   -59.4 0   -59.4 0     3.3 0    51.8 0     1.2 0    28.8 0  1014.8 0
 2019  11  1 11  1 24  1.400 117.43    -1.6 0    -0.4 0     0.0 0    -0.4 0   251.9 0   276.76 0   276.52 0   310.5 0   276.07 0   276.06 0     0.0 0     0.0 0     0.0 0   -58.6 0   -58.6 0     3.3 0    51.9 0     1.0 0    22.2 0  1014.8 0
 2019  11  1 11  1 25  1.417 117.63    -1.6 0    -0.4 0     0.0 0    -0.4 0   251.9 0   276.74 0   276.51 0   311.1 0   276.06 0   276.06 0     0.0 0     0.0 0     0.0 0   -59.2 0   -59.2 0     3.3 0    52.0 0     1.4 0    23.1 0  1014.7 0
 2019  11  1 11  1 26  1.433 117.83    -1.7 0    -0.4 0     0.0 0    -0.4 0   252.1 0   276.74 0   276.50 0   311.7 0   276.06 0   276.06 0     0.0 0     0.0 0     0.0 0   -59.7 0   -59.7 0     3.3 0    52.1 0     0.9 0    17.9 0  1014.7 0
 2019  11  1 11  1 27  1.450 118.04    -1.6 0    -0.4 0     0.0 0    -0.4 0   251.9 0   276.73 0   276.48 0   311.3 0   276.05 0   276.03 0     0.0 0     0.0 0     0.0 0   -59.3 0   -59.3 0     3.2 0    52.6 0     0.8 0    24.8 0  1014.8 0
 2019  11  1 11  1 28  1.467 118.24    -1.6 0    -0.4 0     0.0 0    -0.7 0   251.8 0   276.72 0   276.45 0   310.7 0   276.03 0   276.00 0     0.0 0     0.0 0     0.0 0   -58.9 0   -58.9 0     3.1 0    52.8 0     1.1 0    15.7 0  1014.8 0
 2019  11  1 11  1 29  1.483 118.45    -1.6 0    -0.4 0     0.0 0    -0.7 0   252.0 0   276.70 0   276.45 0   311.1 0   276.02 0   276.00 0     0.0 0     0.0 0     0.0 0   -59.1 0   -59.1 0     3.1 0    52.8 0     1.4 0    20.4 0  1014.8 0
 2019  11  1 11  1 30  1.500 118.65    -1.6 0    -0.4 0     0.1 0    -0.7 0   252.0 0   276.68 0   276.44 0   311.9 0   276.01 0   275.99 0     0.0 0     0.0 0     0.0 0   -59.9 0   -59.9 0     3.1 0    52.8 0     1.4 0    10.2 0  1014.8 0
 2019  11  1 11  1 31  1.517 118.86    -1.7 0    -0.4 0     0.1 0    -0.4 0   251.8 0   276.67 0   276.45 0   313.2 0   275.99 0   275.99 0     0.0 0     0.0 0     0.0 0   -61.4 0   -61.4 0     3.1 0    52.7 0     1.7 0    19.4 0  1014.8 0
 2019  11  1 11  1 32  1.533 119.06    -1.8 0    -0.4 0     0.1 0    -0.4 0   251.6 0   276.67 0   276.45 0   312.9 0   275.99 0   275.98 0     0.0 0     0.0 0     0.0 0   -61.3 0   -61.3 0     3.1 0    52.7 0     1.3 0    14.4 0  1014.8 0
 2019  11  1 11  1 33  1.550 119.27    -1.6 0    -0.4 0     0.0 0    -0.5 0   251.6 0   276.67 0   276.41 0   312.1 0   275.99 0   275.98 0     0.0 0     0.0 0     0.0 0   -60.5 0   -60.5 0     3.1 0    52.6 0     1.6 0    10.0 0  1014.8 0
 2019  11  1 11  1 34  1.567 119.47    -1.6 0    -0.4 0     0.0 0    -0.7 0   251.1 0   276.65 0   276.38 0   312.0 0   275.99 0   275.97 0     0.0 0     0.0 0     0.0 0   -60.9 0   -60.9 0     3.1 0    52.9 0     1.4 0    35.7 0  1014.8 0
 2019  11  1 11  1 35  1.583 119.67    -1.6 0    -0.4 0     0.0 0    -0.8 0   250.9 0   276.63 0   276.37 0   311.1 0   275.98 0   275.95 0     0.0 0     0.0 0     0.0 0   -60.2 0   -60.2 0     3.1 0    53.2 0     1.0 0    25.3 0  1014.8 0
 2019  11  1 11  1 36  1.600 119.88    -1.6 0    -0.4 0     0.1 0    -0.8 0   250.8 0   276.62 0   276.34 0   310.7 0   275.97 0   275.94 0     0.0 0     0.0 0     0.0 0   -60.0 0   -60.0 0     3.0 0    53.3 0     1.5 0    19.0 0  1014.8 0
 2019  11  1 11  1 37  1.617 120.08    -1.6 0    -0.4 0     0.3 0    -0.8 0   250.5 0   276.60 0   276.33 0   311.5 0   275.95 0   275.94 0     0.0 0     0.0 0     0.0 0   -61.0 0   -61.0 0     3.0 0    53.6 0     1.9 0    20.3 0  1014.8 0
 2019  11  1 11  1 38  1.633 120.29    -1.6 0    -0.4 0     0.1 0    -0.8 0   250.2 0   276.57 0   276.29 0   312.0 0   275.94 0   275.91 0     0.0 0     0.0 0     0.0 0   -61.8 0   -61.8 0     2.9 0    54.2 0     1.2 0    21.7 0  1014.7 0
 2019  11  1 11  1 39  1.650 120.49    -1.6 0    -0.4 0     0.6 0    -0.8 0   250.5 0   276.56 0   276.29 0   311.7 0   275.93 0   275.89 0     0.0 0     0.0 0     0.0 0   -61.2 0   -61.2 0     2.9 0    54.2 0     1.2 0    27.6 0  1014.7 0
 2019  11  1 11  1 40  1.667 120.70    -1.6 0    -0.4 0     0.7 0    -0.8 0   250.2 0   276.54 0   276.28 0   311.8 0   275.92 0   275.89 0     0.0 0     0.0 0     0.0 0   -61.6 0   -61.6 0     2.9 0    54.1 0     1.3 0    30.5 0  1014.6 0
 2019  11  1 11  1 41  1.683 120.90    -1.6 0    -0.4 0     0.8 0    -0.5 0   250.4 0   276.52 0   276.29 0   311.8 0   275.90 0   275.87 0     0.0 0     0.0 0     0.0 0   -61.4 0   -61.4 0     2.9 0    54.6 0     1.1 0    32.3 0  1014.6 0
 2019  11  1 11  1 42  1.700 121.11    -1.8 0    -0.4 0     0.8 0    -0.5 0   249.9 0   276.52 0   276.28 0   312.4 0   275.89 0   275.85 0     0.0 0     0.0 0     0.0 0   -62.5 0   -62.5 0     2.8 0    55.2 0     1.5 0    42.4 0  1014.6 0
 2019  11  1 11  1 43  1.717 121.31    -1.6 0    -0.4 0     0.8 0    -0.7 0   250.1 0   276.52 0   276.26 0   312.9 0   275.87 0   275.85 0     0.0 0     0.0 0     0.0 0   -62.7 0   -62.7 0     2.8 0    54.7 0     2.0 0    33.0 0  1014.6 0
 2019  11  1 11  1 44  1.733 121.52    -1.9 0    -0.4 0     0.8 0    -0.4 0   250.4 0   276.51 0   276.29 0   314.4 0   275.87 0   275.86 0     0.0 0     0.0 0     0.0 0   -64.0 0   -64.0 0     2.9 0    54.1 0     2.0 0    35.5 0  1014.6 0
 2019  11  1 11  1 45  1.750 121.72    -2.0 0    -0.4 0     0.6 0    -0.4 0   250.2 0   276.52 0   276.28 0   314.2 0   275.87 0   275.84 0     0.0 0     0.0 0     0.0 0   -64.0 0   -64.0 0     2.9 0    54.7 0     1.7 0    38.2 0  1014.6 0
 2019  11  1 11  1 46  1.767 121.93    -2.0 0    -0.4 0     0.6 0    -0.4 0   250.3 0   276.51 0   276.27 0   314.8 0   275.86 0   275.84 0     0.0 0     0.0 0     0.0 0   -64.5 0   -64.5 0     2.9 0    54.4 0     2.2 0    29.1 0  1014.6 0
 2019  11  1 11  1 47  1.783 122.14    -2.0 0    -0.4 0     0.8 0    -0.4 0   250.5 0   276.51 0   276.29 0   315.0 0   275.86 0   275.84 0     0.0 0     0.0 0     0.0 0   -64.5 0   -64.5 0     2.9 0    54.1 0     2.0 0    36.7 0  1014.6 0
 2019  11  1 11  1 48  1.800 122.34    -2.0 0    -0.4 0     0.6 0    -0.4 0   250.6 0   276.52 0   276.29 0   314.1 0   275.85 0   275.84 0     0.0 0     0.0 0     0.0 0   -63.4 0   -63.4 0     2.9 0    54.0 0     1.8 0    37.3 0  1014.6 0
 2019  11  1 11  1 49  1.817 122.55    -2.0 0    -0.4 0     0.4 0    -0.4 0   250.9 0   276.52 0   276.29 0   315.3 0   275.85 0   275.85 0     0.0 0     0.0 0     0.0 0   -64.4 0   -64.4 0     3.0 0    53.5 0     2.1 0    35.5 0  1014.5 0
 2019  11  1 11  1 50  1.833 122.75    -2.0 0    -0.4 0     0.7 0    -0.4 0   250.9 0   276.52 0   276.30 0   314.5 0   275.86 0   275.84 0     0.0 0     0.0 0     0.0 0   -63.6 0   -63.6 0     3.0 0    53.3 0     1.6 0    36.1 0  1014.5 0
 2019  11  1 11  1 51  1.850 122.96    -2.0 0    -0.4 0     0.8 0    -0.4 0   251.0 0   276.52 0   276.31 0   313.7 0   275.86 0   275.85 0     0.0 0     0.0 0     0.0 0   -62.7 0   -62.7 0     3.0 0    53.7 0     1.6 0    29.4 0  1014.5 0
 2019  11  1 11  1 52  1.867 123.16    -2.0 0    -0.4 0     0.6 0    -0.4 0   251.0 0   276.53 0   276.32 0   314.0 0   275.85 0   275.84 0     0.0 0     0.0 0     0.0 0   -62.9 0   -62.9 0     3.0 0    54.0 0     1.5 0    24.4 0  1014.5 0
 2019  11  1 11  1 53  1.883 123.37    -2.0 0    -0.4 0     0.4 0    -0.4 0   251.1 0   276.53 0   276.30 0   314.1 0   275.85 0   275.84 0     0.0 0     0.0 0     0.0 0   -63.0 0   -63.0 0     3.0 0    53.8 0     1.8 0    28.7 0  1014.5 0
 2019  11  1 11  1 54  1.900 123.57    -2.0 0    -0.4 0     0.1 0    -0.7 0   251.2 0   276.52 0   276.26 0   313.8 0   275.84 0   275.84 0     0.0 0     0.0 0     0.0 0   -62.6 0   -62.6 0     2.9 0    53.6 0     1.8 0    36.1 0  1014.5 0
 2019  11  1 11  1 55  1.917 123.78    -2.0 0    -0.4 0     0.6 0    -0.7 0   251.7 0   276.52 0   276.25 0   313.8 0   275.84 0   275.83 0     0.0 0     0.0 0     0.0 0   -62.1 0   -62.1 0     2.9 0    54.0 0     1.3 0    37.3 0  1014.5 0
 2019  11  1 11  1 56  1.933 123.99    -2.0 0    -0.4 0     0.4 0    -0.7 0   251.7 0   276.50 0   276.22 0   312.9 0   275.84 0   275.81 0     0.0 0     0.0 0     0.0 0   -61.2 0   -61.2 0     2.9 0    54.7 0     1.5 0    38.2 0  1014.5 0
 2019  11  1 11  1 57  1.950 124.19    -1.8 0    -0.4 0     0.3 0    -0.8 0   251.8 0   276.48 0   276.19 0   312.9 0   275.83 0   275.81 0     0.0 0     0.0 0     0.0 0   -61.1 0   -61.1 0     2.9 0    53.8 0     2.0 0    36.9 0  1014.5 0
 2019  11  1 11  1 58  1.967 124.40    -1.6 0    -0.4 0     0.5 0    -0.7 0   252.5 0   276.46 0   276.18 0   313.5 0   275.82 0   275.82 0     0.0 0     0.0 0     0.0 0   -61.0 0   -61.0 0     2.9 0    53.5 0     1.9 0    43.9 0  1014.5 0
 2019  11  1 11  1 59  1.983 124.60    -1.7 0    -0.4 0     0.5 0    -0.7 0   252.7 0   276.45 0   276.17 0   312.9 0   275.82 0   275.80 0     0.0 0     0.0 0     0.0 0   -60.2 0   -60.2 0     2.9 0    54.0 0     1.3 0    38.5 0  1014.5 0
 2019  11  1 11  2  0  2.000 124.81    -1.7 0    -0.4 0     0.4 0    -0.6 0   253.1 0   276.43 0   276.18 0   312.0 0   275.82 0   275.79 0     0.0 0     0.0 0     0.0 0   -59.0 0   -59.0 0     2.9 0    53.8 0     1.6 0    32.2 0  1014.5 0
 2019  11  1 11  2  1  2.017 125.02    -1.6 0    -0.4 0     0.0 0    -0.6 0   253.3 0   276.42 0   276.16 0   311.8 0   275.82 0   275.79 0     0.0 0     0.0 0     0.0 0   -58.6 0   -58.6 0     2.9 0    53.8 0     1.4 0    18.6 0  1014.5 0
 2019  11  1 11  2  2  2.033 125.22    -1.6 0    -0.4 0     0.0 0    -0.8 0   253.4 0   276.40 0   276.13 0   311.1 0   275.81 0   275.78 0     0.0 0     0.0 0     0.0 0   -57.7 0   -57.7 0     2.9 0    54.1 0     1.3 0    13.2 0  1014.6 0
 2019  11  1 11  2  3  2.050 125.43    -1.6 0    -0.4 0     0.0 0    -0.8 0   253.9 0   276.37 0   276.09 0   311.4 0   275.79 0   275.77 0     0.0 0     0.0 0     0.0 0   -57.5 0   -57.5 0     2.8 0    54.1 0     1.5 0    11.6 0  1014.6 0
 2019  11  1 11  2  4  2.067 125.63    -1.6 0    -0.4 0     0.1 0    -0.7 0   254.7 0   276.35 0   276.08 0   312.8 0   275.79 0   275.77 0     0.0 0     0.0 0     0.0 0   -58.0 0   -58.0 0     2.8 0    54.1 0     1.4 0     9.5 0  1014.6 0
 2019  11  1 11  2  5  2.083 125.84    -1.6 0    -0.4 0     0.0 0    -0.7 0   255.3 0   276.33 0   276.06 0   312.5 0   275.79 0   275.75 0     0.0 0     0.0 0     0.0 0   -57.2 0   -57.2 0     2.8 0    54.3 0     1.1 0    10.8 0  1014.6 0
 2019  11  1 11  2  6  2.100 126.05    -1.6 0    -0.4 0     0.0 0    -0.7 0   256.4 0   276.30 0   276.03 0   311.6 0   275.77 0   275.74 0     0.0 0     0.0 0     0.0 0   -55.3 0   -55.3 0     2.8 0    54.3 0     1.3 0     9.4 0  1014.6 0
 2019  11  1 11  2  7  2.117 126.25    -1.6 0    -0.4 0     0.0 0    -0.7 0   257.3 0   276.28 0   276.03 0   311.1 0   275.76 0   275.74 0     0.0 0     0.0 0     0.0 0   -53.8 0   -53.8 0     2.8 0    54.4 0     1.3 0    19.0 0  1014.6 0
 2019  11  1 11  2  8  2.133 126.46    -1.6 0    -0.4 0     0.0 0    -0.6 0   258.0 0   276.26 0   276.02 0   311.5 0   275.74 0   275.71 0     0.0 0     0.0 0     0.0 0   -53.5 0   -53.5 0     2.8 0    54.7 0     1.4 0    32.7 0  1014.6 0
 2019  11  1 11  2  9  2.150 126.66    -1.6 0    -0.4 0     0.0 0    -0.5 0   257.9 0   276.25 0   275.99 0   311.8 0   275.73 0   275.69 0     0.0 0     0.0 0     0.0 0   -53.8 0   -53.8 0     2.7 0    55.6 0     1.5 0    38.3 0  1014.6 0
 2019  11  1 11  2 10  2.167 126.87    -1.3 0    -0.4 0     0.0 0    -0.8 0   257.5 0   276.23 0   275.92 0   312.4 0   275.72 0   275.67 0     0.0 0     0.0 0     0.0 0   -54.9 0   -54.9 0     2.6 0    55.2 0     2.0 0    47.7 0  1014.5 0
 2019  11  1 11  2 11  2.183 127.08    -1.3 0    -0.4 0     0.0 0    -1.0 0   256.7 0   276.20 0   275.87 0   313.3 0   275.70 0   275.67 0     0.0 0     0.0 0     0.0 0   -56.6 0   -56.6 0     2.6 0    55.0 0     2.0 0    48.0 0  1014.5 0
 2019  11  1 11  2 12  2.200 127.28    -1.4 0    -0.4 0     0.1 0    -0.9 0   256.0 0   276.17 0   275.85 0   314.1 0   275.70 0   275.67 0     0.0 0     0.0 0     0.0 0   -58.1 0   -58.1 0     2.6 0    55.3 0     1.9 0    44.1 0  1014.5 0
 2019  11  1 11  2 13  2.217 127.49    -1.3 0    -0.4 0     0.0 0    -0.8 0   254.9 0   276.13 0   275.83 0   313.7 0   275.68 0   275.65 0     0.0 0     0.0 0     0.0 0   -58.8 0   -58.8 0     2.6 0    54.7 0     2.1 0    39.2 0  1014.5 0
 2019  11  1 11  2 14  2.233 127.70    -1.4 0    -0.4 0     0.0 0    -0.8 0   254.2 0   276.10 0   275.81 0   314.4 0   275.67 0   275.65 0     0.0 0     0.0 0     0.0 0   -60.2 0   -60.2 0     2.6 0    54.8 0     2.0 0    36.9 0  1014.5 0
 2019  11  1 11  2 15  2.250 127.90    -1.6 0    -0.4 0     0.2 0    -0.4 0   254.2 0   276.08 0   275.87 0   314.0 0   275.67 0   275.65 0     0.0 0     0.0 0     0.0 0   -59.8 0   -59.8 0     2.7 0    54.9 0     1.7 0    41.5 0  1014.6 0
 2019  11  1 11  2 16  2.267 128.11    -1.6 0    -0.4 0     0.0 0    -0.4 0   253.8 0   276.08 0   275.83 0   313.2 0   275.67 0   275.65 0     0.0 0     0.0 0     0.0 0   -59.4 0   -59.4 0     2.7 0    55.1 0     1.5 0    38.5 0  1014.6 0
 2019  11  1 11  2 17  2.283 128.32    -1.6 0    -0.4 0     0.0 0    -0.4 0   254.4 0   276.08 0   275.84 0   313.5 0   275.67 0   275.65 0     0.0 0     0.0 0     0.0 0   -59.1 0   -59.1 0     2.7 0    54.7 0     1.8 0    38.4 0  1014.6 0
 2019  11  1 11  2 18  2.300 128.52    -1.7 0    -0.4 0     0.0 0    -0.4 0   254.9 0   276.08 0   275.86 0   313.4 0   275.67 0   275.65 0     0.0 0     0.0 0     0.0 0   -58.5 0   -58.5 0     2.7 0    54.3 0     1.8 0    47.2 0  1014.7 0
 2019  11  1 11  2 19  2.317 128.73    -2.0 0    -0.4 0     0.1 0    -0.4 0   255.2 0   276.08 0   275.90 0   314.5 0   275.67 0   275.65 0     0.0 0     0.0 0     0.0 0   -59.3 0   -59.3 0     2.8 0    54.0 0     1.9 0    42.0 0  1014.6 0
 2019  11  1 11  2 20  2.333 128.93    -2.0 0    -0.4 0     0.0 0    -0.4 0   255.1 0   276.09 0   275.89 0   314.6 0   275.67 0   275.65 0     0.0 0     0.0 0     0.0 0   -59.5 0   -59.5 0     2.8 0    53.9 0     1.9 0    39.5 0  1014.7 0
 2019  11  1 11  2 21  2.350 129.14    -2.0 0    -0.4 0     0.0 0    -0.4 0   255.3 0   276.10 0   275.88 0   314.3 0   275.67 0   275.65 0     0.0 0     0.0 0     0.0 0   -59.0 0   -59.0 0     2.8 0    53.9 0     1.7 0    43.1 0  1014.7 0
 2019  11  1 11  2 22  2.367 129.35    -2.0 0    -0.4 0     0.0 0    -0.4 0   255.6 0   276.09 0   275.86 0   313.4 0   275.67 0   275.65 0     0.0 0     0.0 0     0.0 0   -57.8 0   -57.8 0     2.8 0    53.6 0     2.1 0    39.4 0  1014.7 0
 2019  11  1 11  2 23  2.383 129.55    -1.9 0    -0.4 0     0.0 0    -0.4 0   256.0 0   276.08 0   275.85 0   313.1 0   275.67 0   275.64 0     0.0 0     0.0 0     0.0 0   -57.1 0   -57.1 0     2.8 0    54.2 0     1.9 0    34.1 0  1014.7 0
 2019  11  1 11  2 24  2.400 129.76    -1.6 0    -0.4 0     0.0 0    -0.6 0   256.9 0   276.08 0   275.83 0   313.3 0   275.67 0   275.67 0     0.0 0     0.0 0     0.0 0   -56.4 0   -56.4 0     2.8 0    53.8 0     1.9 0    26.0 0  1014.7 0
 2019  11  1 11  2 25  2.417 129.97    -1.7 0    -0.4 0     0.0 0    -0.5 0   257.8 0   276.07 0   275.83 0   312.9 0   275.67 0   275.64 0     0.0 0     0.0 0     0.0 0   -55.2 0   -55.2 0     2.8 0    55.0 0     1.0 0    37.3 0  1014.8 0
 2019  11  1 11  2 26  2.433 130.17    -1.8 0    -0.4 0     0.0 0    -0.4 0   258.8 0   276.06 0   275.84 0   312.2 0   275.66 0   275.62 0     0.0 0     0.0 0     0.0 0   -53.4 0   -53.4 0     2.7 0    55.3 0     1.2 0    35.4 0  1014.8 0
 2019  11  1 11  2 27  2.450 130.38    -1.6 0    -0.4 0     0.0 0    -0.5 0   260.0 0   276.05 0   275.81 0   312.5 0   275.65 0   275.62 0     0.0 0     0.0 0     0.0 0   -52.5 0   -52.5 0     2.7 0    54.7 0     1.4 0    44.4 0  1014.8 0
 2019  11  1 11  2 28  2.467 130.59    -1.6 0    -0.4 0     0.0 0    -0.5 0   261.7 0   276.04 0   275.81 0   312.3 0   275.65 0   275.61 0     0.0 0     0.0 0     0.0 0   -50.6 0   -50.6 0     2.7 0    54.8 0     0.9 0    39.1 0  1014.8 0
 2019  11  1 11  2 29  2.483 130.79    -1.6 0    -0.4 0     0.0 0    -0.4 0   263.8 0   276.04 0   275.82 0   311.7 0   275.63 0   275.60 0     0.0 0     0.0 0     0.0 0   -47.9 0   -47.9 0     2.7 0    54.8 0     0.9 0    43.9 0  1014.8 0
 2019  11  1 11  2 30  2.500 131.00    -1.6 0    -0.4 0     0.0 0    -0.4 0   266.3 0   276.03 0   275.84 0   311.8 0   275.62 0   275.59 0     0.0 0     0.0 0     0.0 0   -45.5 0   -45.5 0     2.6 0    54.7 0     1.1 0    39.6 0  1014.8 0
 2019  11  1 11  2 31  2.517 131.21    -1.6 0    -0.4 0     0.0 0    -0.4 0   269.0 0   276.03 0   275.84 0   311.9 0   275.60 0   275.57 0     0.0 0     0.0 0     0.0 0   -43.0 0   -43.0 0     2.6 0    55.0 0     1.0 0    43.5 0  1014.8 0
 2019  11  1 11  2 32  2.533 131.41    -1.6 0    -0.4 0     0.0 0    -0.4 0   271.6 0   276.03 0   275.82 0   312.6 0   275.60 0   275.55 0     0.0 0     0.0 0     0.0 0   -41.0 0   -41.0 0     2.6 0    55.5 0     0.9 0    44.3 0  1014.8 0
 2019  11  1 11  2 33  2.550 131.62    -1.5 0    -0.4 0     0.0 0    -0.6 0   274.2 0   276.02 0   275.78 0   313.2 0   275.57 0   275.55 0     0.0 0     0.0 0     0.0 0   -39.0 0   -39.0 0     2.5 0    56.1 0     1.2 0    42.7 0  1014.8 0
 2019  11  1 11  2 34  2.567 131.83    -1.4 0    -0.4 0     0.0 0    -0.6 0   276.9 0   276.00 0   275.77 0   314.1 0   275.57 0   275.54 0     0.0 0     0.0 0     0.0 0   -37.3 0   -37.3 0     2.5 0    55.7 0     1.3 0    43.5 0  1014.8 0
 2019  11  1 11  2 35  2.583 132.03    -1.2 0    -0.4 0     0.0 0    -0.6 0   279.3 0   275.98 0   275.75 0   314.6 0   275.55 0   275.54 0     0.0 0     0.0 0     0.0 0   -35.2 0   -35.2 0     2.6 0    55.5 0     1.4 0    38.8 0  1014.8 0
 2019  11  1 11  2 36  2.600 132.24    -1.2 0    -0.4 0     0.3 0    -0.4 0   281.3 0   275.96 0   275.78 0   315.2 0   275.55 0   275.53 0     0.0 0     0.0 0     0.0 0   -33.9 0   -33.9 0     2.6 0    55.5 0     1.4 0    33.6 0  1014.8 0
 2019  11  1 11  2 37  2.617 132.45    -1.2 0    -0.4 0     0.0 0    -0.4 0   282.7 0   275.96 0   275.75 0   315.7 0   275.55 0   275.54 0     0.0 0     0.0 0     0.0 0   -33.0 0   -33.0 0     2.6 0    55.2 0     1.6 0    28.4 0  1014.8 0
 2019  11  1 11  2 38  2.633 132.65    -1.2 0    -0.4 0     0.4 0    -0.7 0   283.1 0   275.93 0   275.72 0   316.1 0   275.55 0   275.52 0     0.0 0     0.0 0     0.0 0   -33.0 0   -33.0 0     2.6 0    55.8 0     1.3 0    24.7 0  1014.8 0
 2019  11  1 11  2 39  2.650 132.86    -1.2 0    -0.4 0     0.7 0    -0.8 0   283.4 0   275.92 0   275.68 0   316.7 0   275.55 0   275.53 0     0.0 0     0.0 0     0.0 0   -33.3 0   -33.3 0     2.6 0    56.0 0     1.6 0    16.1 0  1014.8 0
 2019  11  1 11  2 40  2.667 133.06    -1.2 0    -0.4 0     0.8 0    -0.6 0   283.7 0   275.89 0   275.70 0   317.1 0   275.55 0   275.53 0     0.0 0     0.0 0     0.0 0   -33.4 0   -33.4 0     2.6 0    56.0 0     1.2 0    16.5 0  1014.8 0
 2019  11  1 11  2 41  2.683 133.27    -1.2 0    -0.4 0     0.8 0    -0.4 0   283.8 0   275.88 0   275.71 0   317.3 0   275.55 0   275.52 0     0.0 0     0.0 0     0.0 0   -33.5 0   -33.5 0     2.6 0    55.9 0     1.1 0    18.4 0  1014.8 0
 2019  11  1 11  2 42  2.700 133.48    -1.2 0    -0.4 0     0.8 0    -0.4 0   283.6 0   275.88 0   275.71 0   317.4 0   275.54 0   275.52 0     0.0 0     0.0 0     0.0 0   -33.8 0   -33.8 0     2.6 0    55.9 0     1.4 0    12.5 0  1014.8 0
 2019  11  1 11  2 43  2.717 133.68    -1.2 0    -0.4 0     0.8 0    -0.4 0   282.8 0   275.88 0   275.70 0   317.2 0   275.53 0   275.52 0     0.0 0     0.0 0     0.0 0   -34.4 0   -34.4 0     2.5 0    56.1 0     1.5 0    14.3 0  1014.8 0
 2019  11  1 11  2 44  2.733 133.89    -1.2 0    -0.4 0     0.8 0    -0.4 0   282.1 0   275.87 0   275.69 0   317.0 0   275.53 0   275.52 0     0.0 0     0.0 0     0.0 0   -34.9 0   -34.9 0     2.5 0    56.0 0     1.3 0    21.3 0  1014.8 0
 2019  11  1 11  2 45  2.750 134.10    -1.2 0    -0.4 0     0.8 0    -0.4 0   281.1 0   275.86 0   275.69 0   316.7 0   275.52 0   275.50 0     0.0 0     0.0 0     0.0 0   -35.6 0   -35.6 0     2.5 0    56.3 0     1.3 0    25.0 0  1014.9 0
 2019  11  1 11  2 46  2.767 134.30    -1.2 0    -0.1 0     0.8 0    -0.4 0   279.7 0   275.86 0   275.69 0   316.5 0   275.52 0   275.49 0     0.0 0     0.0 0     0.0 0   -36.8 0   -36.8 0     2.5 0    57.0 0     1.2 0    31.7 0  1014.9 0
 2019  11  1 11  2 47  2.783 134.51    -1.2 0     0.0 0     0.8 0    -0.6 0   278.0 0   275.86 0   275.65 0   316.5 0   275.51 0   275.48 0     0.0 0     0.0 0     0.0 0   -38.4 0   -38.4 0     2.4 0    57.4 0     1.4 0    34.5 0  1014.9 0
 2019  11  1 11  2 48  2.800 134.72    -1.2 0    -0.3 0     0.8 0    -0.8 0   276.5 0   275.85 0   275.62 0   316.4 0   275.49 0   275.47 0     0.0 0     0.0 0     0.0 0   -39.9 0   -39.9 0     2.4 0    57.1 0     1.7 0    31.0 0  1014.8 0
 2019  11  1 11  2 49  2.817 134.92    -1.2 0    -0.4 0     0.8 0    -0.8 0   274.9 0   275.83 0   275.57 0   316.0 0   275.50 0   275.47 0     0.0 0     0.0 0     0.0 0   -41.1 0   -41.1 0     2.4 0    57.6 0     1.7 0    35.7 0  1014.8 0
 2019  11  1 11  2 50  2.833 135.13    -1.1 0    -0.3 0     0.8 0    -1.0 0   273.6 0   275.80 0   275.50 0   315.9 0   275.50 0   275.45 0     0.0 0     0.0 0     0.0 0   -42.4 0   -42.4 0     2.3 0    58.6 0     1.7 0    36.6 0  1014.8 0
 2019  11  1 11  2 51  2.850 135.34    -1.2 0    -0.4 0     0.8 0    -0.8 0   273.3 0   275.77 0   275.50 0   315.4 0   275.47 0   275.45 0     0.0 0     0.0 0     0.0 0   -42.0 0   -42.0 0     2.3 0    58.5 0     1.4 0    37.8 0  1014.8 0
 2019  11  1 11  2 52  2.867 135.54    -1.2 0    -0.4 0     0.8 0    -0.8 0   272.5 0   275.74 0   275.50 0   315.2 0   275.47 0   275.45 0     0.0 0     0.0 0     0.0 0   -42.7 0   -42.7 0     2.3 0    58.3 0     1.8 0    37.7 0  1014.8 0
 2019  11  1 11  2 53  2.883 135.75    -1.2 0    -0.4 0     0.8 0    -0.6 0   272.4 0   275.73 0   275.51 0   315.1 0   275.46 0   275.44 0     0.0 0     0.0 0     0.0 0   -42.6 0   -42.6 0     2.3 0    58.5 0     1.5 0    30.5 0  1014.8 0
 2019  11  1 11  2 54  2.900 135.95    -1.2 0    -0.4 0     0.8 0    -0.4 0   271.8 0   275.72 0   275.52 0   314.9 0   275.45 0   275.42 0     0.0 0     0.0 0     0.0 0   -43.1 0   -43.1 0     2.3 0    58.1 0     1.5 0    31.7 0  1014.8 0
 2019  11  1 11  2 55  2.917 136.16    -1.2 0    -0.4 0     0.8 0    -0.4 0   271.5 0   275.71 0   275.54 0   315.5 0   275.45 0   275.42 0     0.0 0     0.0 0     0.0 0   -44.0 0   -44.0 0     2.3 0    57.9 0     1.7 0    31.4 0  1014.8 0
 2019  11  1 11  2 56  2.933 136.37    -1.5 0    -0.4 0     0.8 0    -0.4 0   270.5 0   275.72 0   275.57 0   315.6 0   275.45 0   275.42 0     0.0 0     0.0 0     0.0 0   -45.1 0   -45.1 0     2.3 0    58.4 0     1.3 0    30.3 0  1014.8 0
 2019  11  1 11  2 57  2.950 136.57    -1.5 0    -0.4 0     0.8 0    -0.4 0   269.2 0   275.74 0   275.59 0   315.5 0   275.43 0   275.41 0     0.0 0     0.0 0     0.0 0   -46.3 0   -46.3 0     2.3 0    58.9 0     1.2 0    22.1 0  1014.8 0
 2019  11  1 11  2 58  2.967 136.78    -1.6 0    -0.4 0     0.8 0    -0.4 0   267.6 0   275.75 0   275.60 0   314.8 0   275.42 0   275.40 0     0.0 0     0.0 0     0.0 0   -47.2 0   -47.2 0     2.3 0    59.3 0     1.2 0    36.6 0  1014.8 0
 2019  11  1 11  2 59  2.983 136.98    -1.6 0    -0.4 0     0.8 0    -0.4 0   265.9 0   275.77 0   275.62 0   314.4 0   275.42 0   275.39 0     0.0 0     0.0 0     0.0 0   -48.5 0   -48.5 0     2.3 0    59.1 0     1.1 0    45.9 0  1014.8 0
 2019  11  1 11  3  0  3.000 137.19    -1.6 0    -0.4 0     0.8 0    -0.4 0   263.8 0   275.78 0   275.61 0   314.0 0   275.40 0   275.37 0     0.0 0     0.0 0     0.0 0   -50.1 0   -50.1 0     2.3 0    58.7 0     1.5 0    51.2 0  1014.8 0
 2019  11  1 11  3  1  3.017 137.40    -1.6 0    -0.4 0     0.8 0    -0.4 0   262.5 0   275.80 0   275.62 0   314.3 0   275.39 0   275.36 0     0.0 0     0.0 0     0.0 0   -51.8 0   -51.8 0     2.3 0    58.4 0     1.4 0    46.1 0  1014.8 0
 2019  11  1 11  3  2  3.033 137.60    -1.7 0    -0.4 0     0.3 0    -0.4 0   261.0 0   275.81 0   275.57 0   314.3 0   275.39 0   275.35 0     0.0 0     0.0 0     0.0 0   -53.3 0   -53.3 0     2.3 0    58.5 0     1.6 0    53.0 0  1014.8 0
 2019  11  1 11  3  3  3.050 137.81    -1.6 0    -0.4 0     0.3 0    -0.4 0   260.4 0   275.80 0   275.55 0   313.7 0   275.37 0   275.35 0     0.0 0     0.0 0     0.0 0   -53.3 0   -53.3 0     2.3 0    58.4 0     1.8 0    49.4 0  1014.8 0
 2019  11  1 11  3  4  3.067 138.01    -1.6 0    -0.4 0     0.1 0    -0.5 0   259.5 0   275.78 0   275.52 0   313.7 0   275.37 0   275.34 0     0.0 0     0.0 0     0.0 0   -54.1 0   -54.1 0     2.3 0    58.4 0     1.8 0    52.2 0  1014.8 0
 2019  11  1 11  3  5  3.083 138.22    -1.6 0    -0.4 0     0.0 0    -0.6 0   259.4 0   275.78 0   275.51 0   313.3 0   275.36 0   275.34 0     0.0 0     0.0 0     0.0 0   -53.9 0   -53.9 0     2.3 0    58.3 0     2.0 0    44.6 0  1014.8 0
 2019  11  1 11  3  6  3.100 138.43    -1.6 0    -0.4 0     0.0 0    -0.4 0   258.9 0   275.76 0   275.52 0   312.9 0   275.35 0   275.32 0     0.0 0     0.0 0     0.0 0   -54.0 0   -54.0 0     2.3 0    58.4 0     1.8 0    45.9 0  1014.8 0
 2019  11  1 11  3  7  3.117 138.63    -1.6 0    -0.4 0     0.0 0    -0.4 0   258.7 0   275.75 0   275.50 0   312.9 0   275.35 0   275.32 0     0.0 0     0.0 0     0.0 0   -54.1 0   -54.1 0     2.3 0    58.3 0     1.9 0    43.7 0  1014.8 0
 2019  11  1 11  3  8  3.133 138.84    -1.6 0    -0.4 0     0.0 0    -0.4 0   258.3 0   275.74 0   275.50 0   313.6 0   275.35 0   275.32 0     0.0 0     0.0 0     0.0 0   -55.3 0   -55.3 0     2.3 0    59.0 0     2.0 0    45.5 0  1014.7 0
 2019  11  1 11  3  9  3.150 139.04    -1.6 0    -0.4 0     0.0 0    -0.4 0   258.2 0   275.73 0   275.50 0   314.2 0   275.35 0   275.31 0     0.0 0     0.0 0     0.0 0   -56.0 0   -56.0 0     2.3 0    59.2 0     2.2 0    49.0 0  1014.7 0
 2019  11  1 11  3 10  3.167 139.25    -1.9 0    -0.4 0     0.3 0    -0.4 0   257.8 0   275.73 0   275.52 0   314.4 0   275.34 0   275.31 0     0.0 0     0.0 0     0.0 0   -56.6 0   -56.6 0     2.3 0    59.2 0     1.8 0    54.7 0  1014.7 0
 2019  11  1 11  3 11  3.183 139.45    -1.6 0    -0.4 0     0.0 0    -0.6 0   256.8 0   275.73 0   275.48 0   313.5 0   275.33 0   275.30 0     0.0 0     0.0 0     0.0 0   -56.7 0   -56.7 0     2.3 0    59.2 0     1.9 0    48.5 0  1014.7 0
 2019  11  1 11  3 12  3.200 139.66    -1.6 0    -0.4 0     0.0 0    -0.8 0   256.2 0   275.72 0   275.42 0   313.8 0   275.32 0   275.30 0     0.0 0     0.0 0     0.0 0   -57.5 0   -57.5 0     2.3 0    59.2 0     2.0 0    47.7 0  1014.7 0
 2019  11  1 11  3 13  3.217 139.87    -1.6 0    -0.4 0     0.0 0    -0.8 0   255.9 0   275.69 0   275.41 0   313.7 0   275.32 0   275.30 0     0.0 0     0.0 0     0.0 0   -57.7 0   -57.7 0     2.3 0    59.3 0     2.0 0    45.0 0  1014.7 0
 2019  11  1 11  3 14  3.233 140.07    -1.6 0    -0.4 0     0.0 0    -0.6 0   255.7 0   275.67 0   275.42 0   313.6 0   275.32 0   275.29 0     0.0 0     0.0 0     0.0 0   -57.9 0   -57.9 0     2.3 0    59.0 0     1.5 0    46.2 0  1014.7 0
 2019  11  1 11  3 15  3.250 140.28    -1.6 0    -0.4 0     0.0 0    -0.4 0   255.5 0   275.66 0   275.44 0   312.7 0   275.30 0   275.29 0     0.0 0     0.0 0     0.0 0   -57.2 0   -57.2 0     2.3 0    59.1 0     1.6 0    40.9 0  1014.7 0
 2019  11  1 11  3 16  3.267 140.48    -2.0 0    -0.4 0     0.0 0    -0.4 0   255.2 0   275.66 0   275.46 0   312.5 0   275.30 0   275.29 0     0.0 0     0.0 0     0.0 0   -57.4 0   -57.4 0     2.3 0    59.1 0     1.8 0    39.5 0  1014.7 0
 2019  11  1 11  3 17  3.283 140.69    -2.0 0    -0.4 0     0.0 0    -0.4 0   254.6 0   275.66 0   275.47 0   313.0 0   275.30 0   275.27 0     0.0 0     0.0 0     0.0 0   -58.4 0   -58.4 0     2.3 0    59.1 0     1.7 0    33.5 0  1014.7 0
 2019  11  1 11  3 18  3.300 140.89    -2.0 0    -0.4 0     0.0 0    -0.4 0   254.6 0   275.68 0   275.48 0   312.9 0   275.30 0   275.27 0     0.0 0     0.0 0     0.0 0   -58.3 0   -58.3 0     2.3 0    59.5 0     1.7 0    38.2 0  1014.7 0
 2019  11  1 11  3 19  3.317 141.10    -1.9 0    -0.4 0     0.0 0    -0.4 0   254.4 0   275.69 0   275.49 0   312.9 0   275.29 0   275.26 0     0.0 0     0.0 0     0.0 0   -58.5 0   -58.5 0     2.2 0    59.5 0     1.7 0    41.9 0  1014.7 0
 2019  11  1 11  3 20  3.333 141.30    -2.0 0    -0.4 0     0.0 0    -0.4 0   253.9 0   275.69 0   275.50 0   312.3 0   275.27 0   275.25 0     0.0 0     0.0 0     0.0 0   -58.4 0   -58.4 0     2.2 0    59.6 0     1.6 0    44.1 0  1014.7 0
 2019  11  1 11  3 21  3.350 141.50    -2.0 0    -0.4 0     0.0 0    -0.4 0   254.1 0   275.71 0   275.49 0   311.9 0   275.27 0   275.24 0     0.0 0     0.0 0     0.0 0   -57.7 0   -57.7 0     2.2 0    59.8 0     1.5 0    49.1 0  1014.7 0
 2019  11  1 11  3 22  3.367 141.71    -2.0 0    -0.4 0     0.0 0    -0.4 0   253.7 0   275.71 0   275.47 0   311.5 0   275.26 0   275.22 0     0.0 0     0.0 0     0.0 0   -57.8 0   -57.8 0     2.2 0    59.9 0     1.6 0    50.3 0  1014.7 0
 2019  11  1 11  3 23  3.383 141.91    -2.0 0    -0.4 0     0.0 0    -0.4 0   253.8 0   275.70 0   275.45 0   311.2 0   275.25 0   275.21 0     0.0 0     0.0 0     0.0 0   -57.4 0   -57.4 0     2.2 0    59.8 0     1.7 0    48.0 0  1014.7 0
 2019  11  1 11  3 24  3.400 142.12    -1.7 0    -0.4 0     0.0 0    -0.7 0   253.4 0   275.69 0   275.41 0   311.2 0   275.24 0   275.20 0     0.0 0     0.0 0     0.0 0   -57.8 0   -57.8 0     2.1 0    59.8 0     1.7 0    44.9 0  1014.7 0
 2019  11  1 11  3 25  3.417 142.32    -1.6 0    -0.4 0     0.0 0    -0.8 0   253.3 0   275.68 0   275.37 0   310.7 0   275.22 0   275.19 0     0.0 0     0.0 0     0.0 0   -57.5 0   -57.5 0     2.1 0    60.1 0     1.9 0    44.5 0  1014.7 0
 2019  11  1 11  3 26  3.433 142.53    -1.6 0    -0.4 0     0.0 0    -0.8 0   252.9 0   275.65 0   275.35 0   310.6 0   275.21 0   275.18 0     0.0 0     0.0 0     0.0 0   -57.7 0   -57.7 0     2.1 0    60.1 0     2.0 0    50.2 0  1014.7 0
 2019  11  1 11  3 27  3.450 142.73    -1.6 0    -0.4 0     0.0 0    -0.8 0   252.6 0   275.62 0   275.33 0   310.7 0   275.20 0   275.16 0     0.0 0     0.0 0     0.0 0   -58.1 0   -58.1 0     2.1 0    60.4 0     1.8 0    50.0 0  1014.7 0
 2019  11  1 11  3 28  3.467 142.94    -1.6 0    -0.4 0     0.0 0    -0.8 0   251.9 0   275.60 0   275.29 0   310.3 0   275.19 0   275.15 0     0.0 0     0.0 0     0.0 0   -58.4 0   -58.4 0     2.0 0    60.5 0     2.0 0    52.7 0  1014.7 0
 2019  11  1 11  3 29  3.483 143.14    -1.6 0    -0.4 0     0.0 0    -0.8 0   251.7 0   275.58 0   275.29 0   310.3 0   275.18 0   275.14 0     0.0 0     0.0 0     0.0 0   -58.6 0   -58.6 0     2.0 0    60.7 0     1.7 0    46.7 0  1014.7 0
 2019  11  1 11  3 30  3.500 143.34    -1.6 0    -0.4 0     0.0 0    -0.8 0   251.0 0   275.55 0   275.28 0   310.9 0   275.16 0   275.13 0     0.0 0     0.0 0     0.0 0   -59.9 0   -59.9 0     2.0 0    60.7 0     1.8 0    46.0 0  1014.7 0
 2019  11  1 11  3 31  3.517 143.55    -1.6 0    -0.4 0     0.0 0    -0.7 0   250.8 0   275.53 0   275.26 0   311.0 0   275.15 0   275.11 0     0.0 0     0.0 0     0.0 0   -60.2 0   -60.2 0     2.0 0    61.0 0     1.6 0    54.4 0  1014.7 0
 2019  11  1 11  3 32  3.533 143.75    -1.6 0    -0.4 0     0.0 0    -0.5 0   250.5 0   275.52 0   275.27 0   311.2 0   275.14 0   275.10 0     0.0 0     0.0 0     0.0 0   -60.6 0   -60.6 0     2.0 0    60.8 0     1.7 0    48.0 0  1014.7 0
 2019  11  1 11  3 33  3.550 143.95    -1.6 0    -0.4 0     0.0 0    -0.4 0   250.4 0   275.51 0   275.27 0   311.2 0   275.13 0   275.10 0     0.0 0     0.0 0     0.0 0   -60.7 0   -60.7 0     2.0 0    60.6 0     1.6 0    58.4 0  1014.7 0
 2019  11  1 11  3 34  3.567 144.16    -1.7 0    -0.4 0     0.0 0    -0.4 0   250.1 0   275.50 0   275.27 0   311.0 0   275.12 0   275.08 0     0.0 0     0.0 0     0.0 0   -60.9 0   -60.9 0     2.0 0    60.7 0     1.3 0    53.3 0  1014.7 0
 2019  11  1 11  3 35  3.583 144.36    -1.6 0    -0.4 0     0.0 0    -0.4 0   250.2 0   275.49 0   275.25 0   311.2 0   275.10 0   275.08 0     0.0 0     0.0 0     0.0 0   -61.1 0   -61.1 0     2.0 0    60.6 0     1.8 0    50.9 0  1014.7 0
 2019  11  1 11  3 36  3.600 144.56    -1.6 0    -0.4 0     0.0 0    -0.4 0   250.1 0   275.49 0   275.27 0   311.0 0   275.10 0   275.06 0     0.0 0     0.0 0     0.0 0   -60.9 0   -60.9 0     2.0 0    60.8 0     1.4 0    50.3 0  1014.7 0
 2019  11  1 11  3 37  3.617 144.77    -1.7 0    -0.4 0     0.0 0    -0.4 0   250.1 0   275.49 0   275.26 0   311.5 0   275.08 0   275.05 0     0.0 0     0.0 0     0.0 0   -61.4 0   -61.4 0     2.0 0    60.9 0     2.3 0    49.8 0  1014.7 0
 2019  11  1 11  3 38  3.633 144.97    -2.0 0    -0.4 0     0.0 0    -0.4 0   250.1 0   275.49 0   275.27 0   312.7 0   275.08 0   275.04 0     0.0 0     0.0 0     0.0 0   -62.6 0   -62.6 0     2.0 0    60.9 0     1.7 0    49.9 0  1014.7 0
 2019  11  1 11  3 39  3.650 145.17    -1.9 0    -0.4 0     0.0 0    -0.4 0   249.7 0   275.49 0   275.25 0   311.4 0   275.06 0   275.03 0     0.0 0     0.0 0     0.0 0   -61.7 0   -61.7 0     2.0 0    61.2 0     1.9 0    51.8 0  1014.7 0
 2019  11  1 11  3 40  3.667 145.38    -1.9 0    -0.4 0     0.0 0    -0.4 0   249.7 0   275.49 0   275.24 0   311.8 0   275.05 0   275.03 0     0.0 0     0.0 0     0.0 0   -62.1 0   -62.1 0     2.0 0    61.0 0     1.9 0    52.9 0  1014.7 0
 2019  11  1 11  3 41  3.683 145.58    -1.9 0    -0.4 0     0.0 0    -0.4 0   249.7 0   275.49 0   275.25 0   311.2 0   275.05 0   275.01 0     0.0 0     0.0 0     0.0 0   -61.5 0   -61.5 0     2.0 0    61.4 0     1.2 0    52.5 0  1014.7 0
 2019  11  1 11  3 42  3.700 145.78    -2.0 0    -0.4 0     0.0 0    -0.4 0   249.8 0   275.49 0   275.24 0   310.6 0   275.03 0   275.00 0     0.0 0     0.0 0     0.0 0   -60.8 0   -60.8 0     2.0 0    61.4 0     1.7 0    48.3 0  1014.7 0
 2019  11  1 11  3 43  3.717 145.98    -1.9 0    -0.4 0     0.0 0    -0.4 0   249.6 0   275.49 0   275.23 0   311.4 0   275.03 0   275.00 0     0.0 0     0.0 0     0.0 0   -61.8 0   -61.8 0     2.0 0    61.3 0     1.8 0    42.2 0  1014.8 0
 2019  11  1 11  3 44  3.733 146.19    -1.8 0    -0.4 0     0.1 0    -0.4 0   249.7 0   275.49 0   275.24 0   311.3 0   275.02 0   274.99 0     0.0 0     0.0 0     0.0 0   -61.6 0   -61.6 0     2.0 0    61.3 0     2.0 0    41.3 0  1014.8 0
 2019  11  1 11  3 45  3.750 146.39    -1.9 0    -0.4 0     0.1 0    -0.4 0   249.7 0   275.49 0   275.24 0   310.6 0   275.00 0   274.98 0     0.0 0     0.0 0     0.0 0   -61.0 0   -61.0 0     1.9 0    61.3 0     1.8 0    40.3 0  1014.7 0
 2019  11  1 11  3 46  3.767 146.59    -1.8 0    -0.4 0     0.0 0    -0.4 0   249.3 0   275.47 0   275.22 0   311.2 0   275.00 0   274.96 0     0.0 0     0.0 0     0.0 0   -61.8 0   -61.8 0     1.9 0    61.5 0     1.6 0    48.2 0  1014.8 0
 2019  11  1 11  3 47  3.783 146.79    -1.6 0    -0.4 0     0.5 0    -0.4 0   249.3 0   275.46 0   275.22 0   310.3 0   275.00 0   274.95 0     0.0 0     0.0 0     0.0 0   -61.0 0   -61.0 0     1.9 0    61.5 0     1.6 0    43.1 0  1014.8 0
 2019  11  1 11  3 48  3.800 146.99    -1.7 0    -0.4 0     0.7 0    -0.4 0   249.3 0   275.46 0   275.24 0   309.2 0   274.98 0   274.95 0     0.0 0     0.0 0     0.0 0   -59.8 0   -59.8 0     1.9 0    61.6 0     1.4 0    50.4 0  1014.8 0
 2019  11  1 11  3 49  3.817 147.19    -1.6 0    -0.4 0     0.5 0    -0.4 0   249.2 0   275.46 0   275.22 0   309.0 0   274.97 0   274.93 0     0.0 0     0.0 0     0.0 0   -59.8 0   -59.8 0     1.9 0    61.8 0     1.5 0    41.8 0  1014.8 0
 2019  11  1 11  3 50  3.833 147.39    -1.6 0    -0.4 0     0.5 0    -0.6 0   249.2 0   275.46 0   275.20 0   308.5 0   274.95 0   274.92 0     0.0 0     0.0 0     0.0 0   -59.3 0   -59.3 0     1.9 0    61.8 0     1.1 0    41.0 0  1014.9 0
 2019  11  1 11  3 51  3.850 147.60    -1.6 0    -0.4 0     0.8 0    -0.4 0   249.1 0   275.44 0   275.22 0   308.1 0   274.95 0   274.90 0     0.0 0     0.0 0     0.0 0   -59.0 0   -59.0 0     1.9 0    62.0 0     1.1 0    46.3 0  1014.9 0
 2019  11  1 11  3 52  3.867 147.80    -1.6 0    -0.4 0     0.8 0    -0.4 0   249.2 0   275.44 0   275.23 0   307.6 0   274.93 0   274.89 0     0.0 0     0.0 0     0.0 0   -58.3 0   -58.3 0     1.9 0    61.9 0     1.2 0    48.8 0  1014.9 0
 2019  11  1 11  3 53  3.883 148.00    -1.9 0    -0.4 0     0.8 0    -0.4 0   249.3 0   275.46 0   275.25 0   307.1 0   274.91 0   274.88 0     0.0 0     0.0 0     0.0 0   -57.8 0   -57.8 0     1.9 0    62.0 0     1.3 0    52.0 0  1014.9 0
 2019  11  1 11  3 54  3.900 148.20    -1.9 0    -0.4 0     0.8 0    -0.4 0   249.2 0   275.46 0   275.24 0   307.1 0   274.90 0   274.85 0     0.0 0     0.0 0     0.0 0   -57.9 0   -57.9 0     1.9 0    61.9 0     1.2 0    58.8 0  1014.9 0
 2019  11  1 11  3 55  3.917 148.40    -1.8 0    -0.4 0     0.8 0    -0.4 0   249.2 0   275.46 0   275.25 0   306.8 0   274.88 0   274.85 0     0.0 0     0.0 0     0.0 0   -57.7 0   -57.7 0     1.9 0    61.8 0     1.1 0    54.7 0  1014.9 0
 2019  11  1 11  3 56  3.933 148.60    -2.0 0    -0.4 0     0.8 0    -0.4 0   249.2 0   275.48 0   275.26 0   307.6 0   274.88 0   274.83 0     0.0 0     0.0 0     0.0 0   -58.4 0   -58.4 0     1.9 0    61.9 0     1.0 0    57.5 0  1015.0 0
 2019  11  1 11  3 57  3.950 148.80    -2.0 0    -0.4 0     0.7 0    -0.4 0   249.2 0   275.48 0   275.25 0   306.9 0   274.85 0   274.82 0     0.0 0     0.0 0     0.0 0   -57.7 0   -57.7 0     1.9 0    61.8 0     1.2 0    50.3 0  1015.0 0
 2019  11  1 11  3 58  3.967 149.00    -1.9 0    -0.4 0     0.8 0    -0.4 0   249.1 0   275.48 0   275.24 0   306.0 0   274.84 0   274.80 0     0.0 0     0.0 0     0.0 0   -56.9 0   -56.9 0     1.9 0    62.0 0     0.9 0    46.5 0  1015.0 0
 2019  11  1 11  3 59  3.983 149.20    -1.6 0    -0.4 0     0.8 0    -0.4 0   249.0 0   275.48 0   275.22 0   305.7 0   274.83 0   274.78 0     0.0 0     0.0 0     0.0 0   -56.6 0   -56.6 0     1.8 0    62.1 0     0.9 0    48.3 0  1015.0 0
 2019  11  1 11  4  0  4.000 149.40    -1.7 0    -0.4 0     0.8 0    -0.4 0   248.8 0   275.46 0   275.24 0   305.3 0   274.81 0   274.76 0     0.0 0     0.0 0     0.0 0   -56.5 0   -56.5 0     1.8 0    62.2 0     1.0 0    46.6 0  1015.0 0
 2019  11  1 11  4  1  4.017 149.60    -1.6 0    -0.4 0     0.8 0    -0.5 0   248.7 0   275.46 0   275.21 0   305.4 0   274.79 0   274.74 0     0.0 0     0.0 0     0.0 0   -56.7 0   -56.7 0     1.8 0    62.4 0     1.2 0    50.8 0  1015.0 0
 2019  11  1 11  4  2  4.033 149.79    -1.6 0    -0.4 0     0.8 0    -0.7 0   248.6 0   275.46 0   275.18 0   305.4 0   274.77 0   274.72 0     0.0 0     0.0 0     0.0 0   -56.8 0   -56.8 0     1.8 0    62.3 0     1.3 0    55.4 0  1015.0 0
 2019  11  1 11  4  3  4.050 149.99    -1.6 0    -0.4 0     0.8 0    -0.8 0   248.6 0   275.44 0   275.17 0   305.4 0   274.75 0   274.71 0     0.0 0     0.0 0     0.0 0   -56.8 0   -56.8 0     1.8 0    62.5 0     1.3 0    61.7 0  1015.0 0
 2019  11  1 11  4  4  4.067 150.19    -1.6 0    -0.4 0     0.8 0    -0.7 0   248.5 0   275.43 0   275.15 0   305.4 0   274.73 0   274.69 0     0.0 0     0.0 0     0.0 0   -56.9 0   -56.9 0     1.7 0    62.4 0     1.1 0    60.7 0  1015.0 0
 2019  11  1 11  4  5  4.083 150.39    -1.5 0    -0.4 0     0.8 0    -0.8 0   248.2 0   275.40 0   275.10 0   305.3 0   274.72 0   274.68 0     0.0 0     0.0 0     0.0 0   -57.1 0   -57.1 0     1.7 0    62.4 0     0.9 0    54.6 0  1015.1 0
 2019  11  1 11  4  6  4.100 150.59    -1.3 0    -0.4 0     0.8 0    -0.8 0   248.2 0   275.38 0   275.09 0   305.0 0   274.71 0   274.66 0     0.0 0     0.0 0     0.0 0   -56.7 0   -56.7 0     1.7 0    62.6 0     1.0 0    57.0 0  1015.1 0
 2019  11  1 11  4  7  4.117 150.78    -1.3 0    -0.4 0     0.8 0    -0.8 0   248.3 0   275.35 0   275.07 0   304.7 0   274.69 0   274.65 0     0.0 0     0.0 0     0.0 0   -56.4 0   -56.4 0     1.7 0    62.5 0     1.0 0    49.3 0  1015.1 0
 2019  11  1 11  4  8  4.133 150.98    -1.6 0    -0.4 0     0.8 0    -0.8 0   248.3 0   275.33 0   275.07 0   304.6 0   274.67 0   274.62 0     0.0 0     0.0 0     0.0 0   -56.3 0   -56.3 0     1.7 0    62.5 0     1.1 0    59.0 0  1015.1 0
 2019  11  1 11  4  9  4.150 151.18    -1.5 0    -0.4 0     0.8 0    -0.8 0   248.2 0   275.31 0   275.05 0   304.3 0   274.65 0   274.61 0     0.0 0     0.0 0     0.0 0   -56.1 0   -56.1 0     1.7 0    62.5 0     1.0 0    54.8 0  1015.1 0
 2019  11  1 11  4 10  4.167 151.37    -1.5 0    -0.4 0     0.8 0    -0.8 0   248.1 0   275.29 0   275.01 0   304.5 0   274.63 0   274.59 0     0.0 0     0.0 0     0.0 0   -56.4 0   -56.4 0     1.7 0    62.4 0     1.2 0    56.9 0  1015.1 0
 2019  11  1 11  4 11  4.183 151.57    -1.6 0    -0.4 0     0.8 0    -0.7 0   248.1 0   275.27 0   275.00 0   304.7 0   274.62 0   274.58 0     0.0 0     0.0 0     0.0 0   -56.5 0   -56.5 0     1.7 0    62.4 0     1.0 0    46.7 0  1015.1 0
 2019  11  1 11  4 12  4.200 151.77    -1.6 0    -0.4 0     0.8 0    -0.7 0   247.9 0   275.25 0   274.98 0   304.9 0   274.61 0   274.56 0     0.0 0     0.0 0     0.0 0   -57.0 0   -57.0 0     1.7 0    62.7 0     1.1 0    42.9 0  1015.1 0
 2019  11  1 11  4 13  4.217 151.96    -1.6 0    -0.4 0     0.8 0    -0.8 0   247.9 0   275.23 0   274.95 0   304.8 0   274.59 0   274.55 0     0.0 0     0.0 0     0.0 0   -56.9 0   -56.9 0     1.6 0    62.7 0     1.2 0    44.8 0  1015.1 0
 2019  11  1 11  4 14  4.233 152.16    -1.5 0    -0.4 0     0.8 0    -0.7 0   247.9 0   275.20 0   274.94 0   305.3 0   274.57 0   274.54 0     0.0 0     0.0 0     0.0 0   -57.3 0   -57.3 0     1.6 0    62.6 0     1.3 0    37.3 0  1015.1 0
 2019  11  1 11  4 15  4.250 152.35    -1.4 0    -0.4 0     0.8 0    -0.7 0   247.7 0   275.19 0   274.90 0   305.1 0   274.56 0   274.52 0     0.0 0     0.0 0     0.0 0   -57.4 0   -57.4 0     1.6 0    63.2 0     1.0 0    42.1 0  1015.1 0
 2019  11  1 11  4 16  4.267 152.55    -1.3 0    -0.4 0     0.8 0    -0.8 0   247.6 0   275.16 0   274.88 0   305.8 0   274.55 0   274.51 0     0.0 0     0.0 0     0.0 0   -58.2 0   -58.2 0     1.6 0    63.3 0     1.2 0    48.5 0  1015.1 0
 2019  11  1 11  4 17  4.283 152.74    -1.2 0    -0.4 0     0.8 0    -0.8 0   247.5 0   275.13 0   274.83 0   307.3 0   274.54 0   274.51 0     0.0 0     0.0 0     0.0 0   -59.9 0   -59.9 0     1.5 0    63.2 0     1.7 0    34.3 0  1015.1 0
 2019  11  1 11  4 18  4.300 152.94    -1.3 0    -0.4 0     0.8 0    -0.8 0   247.6 0   275.10 0   274.81 0   308.2 0   274.53 0   274.51 0     0.0 0     0.0 0     0.0 0   -60.6 0   -60.6 0     1.5 0    63.0 0     1.8 0    55.5 0  1015.1 0
 2019  11  1 11  4 19  4.317 153.13    -1.4 0    -0.4 0     0.8 0    -0.8 0   247.6 0   275.07 0   274.77 0   308.4 0   274.51 0   274.49 0     0.0 0     0.0 0     0.0 0   -60.9 0   -60.9 0     1.5 0    63.1 0     2.0 0    44.1 0  1015.1 0
 2019  11  1 11  4 20  4.333 153.32    -1.6 0    -0.4 0     0.8 0    -0.6 0   247.9 0   275.05 0   274.78 0   308.9 0   274.51 0   274.49 0     0.0 0     0.0 0     0.0 0   -61.0 0   -61.0 0     1.5 0    62.8 0     1.8 0    45.5 0  1015.1 0
 2019  11  1 11  4 21  4.350 153.52    -1.6 0    -0.4 0     0.8 0    -0.4 0   247.8 0   275.04 0   274.79 0   309.9 0   274.51 0   274.49 0     0.0 0     0.0 0     0.0 0   -62.1 0   -62.1 0     1.5 0    62.8 0     1.9 0    39.9 0  1015.1 0
 2019  11  1 11  4 22  4.367 153.71    -1.6 0    -0.4 0     0.3 0    -0.5 0   247.4 0   275.02 0   274.75 0   309.2 0   274.50 0   274.46 0     0.0 0     0.0 0     0.0 0   -61.8 0   -61.8 0     1.5 0    63.0 0     2.0 0    43.7 0  1015.1 0
 2019  11  1 11  4 23  4.383 153.90    -1.6 0    -0.4 0     0.4 0    -0.6 0   247.7 0   275.01 0   274.73 0   309.0 0   274.49 0   274.47 0     0.0 0     0.0 0     0.0 0   -61.3 0   -61.3 0     1.5 0    62.2 0     2.2 0    44.5 0  1015.1 0
 2019  11  1 11  4 24  4.400 154.09    -1.6 0    -0.4 0     0.5 0    -0.4 0   247.8 0   275.00 0   274.76 0   309.7 0   274.49 0   274.48 0     0.0 0     0.0 0     0.0 0   -61.9 0   -61.9 0     1.6 0    61.8 0     1.6 0    36.5 0  1015.1 0
 2019  11  1 11  4 25  4.417 154.29    -1.8 0    -0.4 0     0.6 0    -0.4 0   247.9 0   275.00 0   274.77 0   309.4 0   274.49 0   274.47 0     0.0 0     0.0 0     0.0 0   -61.5 0   -61.5 0     1.5 0    62.2 0     1.6 0    51.1 0  1015.1 0
 2019  11  1 11  4 26  4.433 154.48    -2.0 0    -0.4 0     0.0 0    -0.4 0   247.8 0   275.00 0   274.76 0   309.7 0   274.49 0   274.48 0     0.0 0     0.0 0     0.0 0   -61.9 0   -61.9 0     1.6 0    61.6 0     2.7 0    35.6 0  1015.1 0
 2019  11  1 11  4 27  4.450 154.67    -2.0 0    -0.4 0     0.6 0    -0.4 0   247.9 0   275.00 0   274.80 0   311.1 0   274.49 0   274.49 0     0.0 0     0.0 0     0.0 0   -63.2 0   -63.2 0     1.6 0    61.8 0     1.9 0    37.4 0  1015.2 0
 2019  11  1 11  4 28  4.467 154.86    -2.0 0    -0.4 0     0.0 0    -0.4 0   247.6 0   275.00 0   274.81 0   310.4 0   274.49 0   274.48 0     0.0 0     0.0 0     0.0 0   -62.8 0   -62.8 0     1.5 0    62.3 0     1.6 0    39.1 0  1015.2 0
 2019  11  1 11  4 29  4.483 155.05    -2.0 0    -0.4 0     0.0 0    -0.4 0   247.5 0   275.01 0   274.81 0   310.2 0   274.49 0   274.47 0     0.0 0     0.0 0     0.0 0   -62.7 0   -62.7 0     1.5 0    62.3 0     1.8 0    41.4 0  1015.2 0
 2019  11  1 11  4 30  4.500 155.24    -2.0 0    -0.4 0     0.0 0    -0.4 0   247.6 0   275.02 0   274.81 0   310.9 0   274.49 0   274.48 0     0.0 0     0.0 0     0.0 0   -63.3 0   -63.3 0     1.5 0    61.9 0     2.6 0    36.3 0  1015.2 0
 2019  11  1 11  4 31  4.517 155.43    -2.0 0    -0.4 0     0.0 0    -0.4 0   247.3 0   275.02 0   274.81 0   311.3 0   274.49 0   274.49 0     0.0 0     0.0 0     0.0 0   -64.0 0   -64.0 0     1.5 0    62.2 0     2.2 0    40.0 0  1015.2 0
 2019  11  1 11  4 32  4.533 155.61    -2.0 0    -0.4 0     0.0 0    -0.4 0   247.2 0   275.03 0   274.81 0   310.9 0   274.49 0   274.48 0     0.0 0     0.0 0     0.0 0   -63.7 0   -63.7 0     1.5 0    62.5 0     1.8 0    31.3 0  1015.2 0
 2019  11  1 11  4 33  4.550 155.80    -2.0 0    -0.2 0     0.0 0    -0.4 0   247.3 0   275.03 0   274.81 0   310.4 0   274.49 0   274.47 0     0.0 0     0.0 0     0.0 0   -63.1 0   -63.1 0     1.4 0    63.0 0     1.5 0    44.6 0  1015.2 0
 2019  11  1 11  4 34  4.567 155.99    -2.0 0    -0.1 0     0.0 0    -0.4 0   247.0 0   275.04 0   274.79 0   309.6 0   274.49 0   274.46 0     0.0 0     0.0 0     0.0 0   -62.6 0   -62.6 0     1.4 0    63.1 0     2.1 0    42.1 0  1015.2 0
 2019  11  1 11  4 35  4.583 156.18    -2.0 0    -0.2 0     0.0 0    -0.4 0   246.9 0   275.03 0   274.77 0   310.7 0   274.47 0   274.46 0     0.0 0     0.0 0     0.0 0   -63.8 0   -63.8 0     1.4 0    62.8 0     2.2 0    37.9 0  1015.3 0
 2019  11  1 11  4 36  4.600 156.36    -2.0 0    -0.4 0     0.5 0    -0.4 0   247.4 0   275.02 0   274.80 0   310.9 0   274.47 0   274.46 0     0.0 0     0.0 0     0.0 0   -63.5 0   -63.5 0     1.4 0    62.9 0     2.1 0    41.2 0  1015.3 0
 2019  11  1 11  4 37  4.617 156.55    -2.0 0    -0.3 0     0.1 0    -0.4 0   247.3 0   275.03 0   274.82 0   311.1 0   274.47 0   274.44 0     0.0 0     0.0 0     0.0 0   -63.8 0   -63.8 0     1.4 0    63.3 0     1.6 0    39.9 0  1015.3 0
 2019  11  1 11  4 38  4.633 156.74    -2.0 0    -0.2 0     0.0 0    -0.4 0   247.2 0   275.04 0   274.82 0   310.8 0   274.47 0   274.44 0     0.0 0     0.0 0     0.0 0   -63.6 0   -63.6 0     1.4 0    63.1 0     2.3 0    38.5 0  1015.3 0
 2019  11  1 11  4 39  4.650 156.92    -2.0 0    -0.2 0     0.0 0    -0.4 0   247.2 0   275.05 0   274.82 0   311.6 0   274.46 0   274.44 0     0.0 0     0.0 0     0.0 0   -64.4 0   -64.4 0     1.3 0    63.5 0     1.9 0    34.6 0  1015.3 0
 2019  11  1 11  4 40  4.667 157.10    -2.0 0    -0.2 0     0.0 0    -0.4 0   247.2 0   275.05 0   274.80 0   311.5 0   274.45 0   274.43 0     0.0 0     0.0 0     0.0 0   -64.3 0   -64.3 0     1.3 0    62.9 0     2.0 0    47.5 0  1015.3 0
 2019  11  1 11  4 41  4.683 157.29    -2.0 0    -0.2 0     0.0 0    -0.4 0   247.2 0   275.05 0   274.82 0   310.8 0   274.44 0   274.42 0     0.0 0     0.0 0     0.0 0   -63.6 0   -63.6 0     1.3 0    63.4 0     1.6 0    42.2 0  1015.3 0
 2019  11  1 11  4 42  4.700 157.47    -2.0 0    -0.1 0     0.0 0    -0.4 0   247.2 0   275.05 0   274.82 0   310.6 0   274.44 0   274.41 0     0.0 0     0.0 0     0.0 0   -63.4 0   -63.4 0     1.3 0    63.1 0     1.6 0    48.9 0  1015.3 0
 2019  11  1 11  4 43  4.717 157.65    -2.0 0    -0.3 0     0.0 0    -0.4 0   247.3 0   275.05 0   274.82 0   310.9 0   274.43 0   274.40 0     0.0 0     0.0 0     0.0 0   -63.6 0   -63.6 0     1.3 0    63.1 0     1.8 0    37.7 0  1015.3 0
 2019  11  1 11  4 44  4.733 157.83    -2.0 0    -0.2 0     0.0 0    -0.4 0   246.9 0   275.05 0   274.81 0   310.8 0   274.42 0   274.40 0     0.0 0     0.0 0     0.0 0   -63.9 0   -63.9 0     1.3 0    63.2 0     2.0 0    42.0 0  1015.3 0
 2019  11  1 11  4 45  4.750 158.02    -2.0 0    -0.4 0     0.1 0    -0.4 0   247.2 0   275.05 0   274.83 0   310.6 0   274.42 0   274.40 0     0.0 0     0.0 0     0.0 0   -63.4 0   -63.4 0     1.3 0    63.1 0     1.5 0    37.8 0  1015.3 0
 2019  11  1 11  4 46  4.767 158.20    -2.0 0    -0.4 0     0.0 0    -0.4 0   247.0 0   275.06 0   274.82 0   310.9 0   274.42 0   274.39 0     0.0 0     0.0 0     0.0 0   -63.9 0   -63.9 0     1.3 0    62.7 0     2.0 0    46.8 0  1015.3 0
 2019  11  1 11  4 47  4.783 158.38    -2.0 0    -0.4 0     0.0 0    -0.4 0   247.4 0   275.06 0   274.84 0   311.1 0   274.41 0   274.39 0     0.0 0     0.0 0     0.0 0   -63.7 0   -63.7 0     1.3 0    62.4 0     1.8 0    41.3 0  1015.3 0
 2019  11  1 11  4 48  4.800 158.55    -2.0 0    -0.4 0     0.0 0    -0.4 0   247.3 0   275.07 0   274.83 0   310.0 0   274.39 0   274.37 0     0.0 0     0.0 0     0.0 0   -62.7 0   -62.7 0     1.3 0    62.8 0     1.5 0    36.5 0  1015.3 0
 2019  11  1 11  4 49  4.817 158.73    -2.0 0    -0.2 0     0.0 0    -0.4 0   247.3 0   275.07 0   274.82 0   310.2 0   274.39 0   274.37 0     0.0 0     0.0 0     0.0 0   -62.8 0   -62.8 0     1.3 0    62.8 0     1.7 0    44.7 0  1015.3 0
 2019  11  1 11  4 50  4.833 158.91    -2.0 0    -0.3 0     0.1 0    -0.4 0   247.4 0   275.06 0   274.81 0   309.2 0   274.39 0   274.36 0     0.0 0     0.0 0     0.0 0   -61.8 0   -61.8 0     1.3 0    62.8 0     1.5 0    43.1 0  1015.3 0
 2019  11  1 11  4 51  4.850 159.09    -2.0 0    -0.3 0     0.0 0    -0.6 0   247.3 0   275.05 0   274.80 0   309.0 0   274.37 0   274.35 0     0.0 0     0.0 0     0.0 0   -61.8 0   -61.8 0     1.3 0    62.7 0     1.6 0    44.5 0  1015.3 0
 2019  11  1 11  4 52  4.867 159.26    -2.0 0    -0.4 0     0.2 0    -0.5 0   247.5 0   275.05 0   274.79 0   309.9 0   274.37 0   274.34 0     0.0 0     0.0 0     0.0 0   -62.3 0   -62.3 0     1.3 0    62.9 0     1.9 0    44.2 0  1015.3 0
 2019  11  1 11  4 53  4.883 159.44    -1.9 0    -0.4 0     0.5 0    -0.5 0   247.7 0   275.04 0   274.78 0   310.1 0   274.36 0   274.32 0     0.0 0     0.0 0     0.0 0   -62.3 0   -62.3 0     1.3 0    62.8 0     2.0 0    45.5 0  1015.3 0
 2019  11  1 11  4 54  4.900 159.61    -2.0 0    -0.4 0     0.6 0    -0.4 0   247.9 0   275.03 0   274.78 0   309.7 0   274.34 0   274.32 0     0.0 0     0.0 0     0.0 0   -61.7 0   -61.7 0     1.2 0    62.9 0     1.9 0    42.7 0  1015.3 0
 2019  11  1 11  4 55  4.917 159.79    -1.9 0    -0.4 0     0.6 0    -0.5 0   248.0 0   275.02 0   274.77 0   310.5 0   274.34 0   274.32 0     0.0 0     0.0 0     0.0 0   -62.4 0   -62.4 0     1.2 0    62.7 0     2.0 0    39.8 0  1015.3 0
 2019  11  1 11  4 56  4.933 159.96    -1.9 0    -0.4 0     0.7 0    -0.5 0   248.3 0   275.02 0   274.77 0   310.8 0   274.34 0   274.32 0     0.0 0     0.0 0     0.0 0   -62.5 0   -62.5 0     1.2 0    62.7 0     2.1 0    35.6 0  1015.3 0
 2019  11  1 11  4 57  4.950 160.13    -2.0 0    -0.4 0     0.7 0    -0.4 0   248.7 0   275.02 0   274.76 0   310.6 0   274.33 0   274.32 0     0.0 0     0.0 0     0.0 0   -61.9 0   -61.9 0     1.2 0    62.6 0     2.4 0    33.9 0  1015.3 0
 2019  11  1 11  4 58  4.967 160.30    -2.0 0    -0.4 0     0.8 0    -0.4 0   249.1 0   275.01 0   274.78 0   311.7 0   274.32 0   274.32 0     0.0 0     0.0 0     0.0 0   -62.7 0   -62.7 0     1.3 0    62.2 0     2.3 0    42.8 0  1015.3 0
 2019  11  1 11  4 59  4.983 160.47    -2.0 0    -0.4 0     0.7 0    -0.4 0   249.9 0   275.02 0   274.80 0   312.3 0   274.32 0   274.32 0     0.0 0     0.0 0     0.0 0   -62.5 0   -62.5 0     1.3 0    62.0 0     2.7 0    37.8 0  1015.4 0
 2019  11  1 11  5  0  5.000 160.64    -2.0 0    -0.4 0     0.8 0    -0.4 0   250.6 0   275.02 0   274.80 0   312.4 0   274.34 0   274.32 0     0.0 0     0.0 0     0.0 0   -61.8 0   -61.8 0     1.3 0    62.4 0     2.2 0    39.9 0  1015.4 0
 2019  11  1 11  5  1  5.017 160.81    -2.0 0    -0.4 0     0.8 0    -0.4 0   251.5 0   275.02 0   274.80 0   312.6 0   274.34 0   274.32 0     0.0 0     0.0 0     0.0 0   -61.1 0   -61.1 0     1.3 0    62.3 0     1.9 0    33.6 0  1015.4 0
 2019  11  1 11  5  2  5.033 160.97    -2.0 0    -0.3 0     0.8 0    -0.4 0   252.6 0   275.02 0   274.80 0   311.5 0   274.33 0   274.31 0     0.0 0     0.0 0     0.0 0   -58.9 0   -58.9 0     1.3 0    62.8 0     1.6 0    48.7 0  1015.4 0
 2019  11  1 11  5  3  5.050 161.14    -2.0 0     0.0 0     0.8 0    -0.4 0   253.9 0   275.02 0   274.80 0   311.0 0   274.32 0   274.29 0     0.0 0     0.0 0     0.0 0   -57.1 0   -57.1 0     1.2 0    63.3 0     1.8 0    45.2 0  1015.4 0
 2019  11  1 11  5  4  5.067 161.30    -2.0 0    -0.1 0     0.7 0    -0.4 0   255.3 0   275.03 0   274.80 0   311.5 0   274.32 0   274.30 0     0.0 0     0.0 0     0.0 0   -56.2 0   -56.2 0     1.2 0    63.0 0     1.7 0    30.2 0  1015.4 0
 2019  11  1 11  5  5  5.083 161.47    -1.7 0    -0.1 0     0.6 0    -0.4 0   256.9 0   275.02 0   274.77 0   312.2 0   274.32 0   274.30 0     0.0 0     0.0 0     0.0 0   -55.3 0   -55.3 0     1.2 0    62.7 0     2.4 0    33.9 0  1015.3 0
 2019  11  1 11  5  6  5.100 161.63    -1.9 0    -0.4 0     0.8 0    -0.4 0   259.2 0   275.02 0   274.81 0   313.2 0   274.32 0   274.31 0     0.0 0     0.0 0     0.0 0   -53.9 0   -53.9 0     1.2 0    62.5 0     2.1 0    37.8 0  1015.3 0
 2019  11  1 11  5  7  5.117 161.79    -1.9 0    -0.4 0     0.8 0    -0.4 0   261.2 0   275.02 0   274.79 0   313.3 0   274.32 0   274.30 0     0.0 0     0.0 0     0.0 0   -52.1 0   -52.1 0     1.2 0    62.6 0     2.2 0    40.8 0  1015.3 0
 2019  11  1 11  5  8  5.133 161.95    -1.6 0    -0.4 0     0.8 0    -0.4 0   263.6 0   275.01 0   274.78 0   313.8 0   274.32 0   274.30 0     0.0 0     0.0 0     0.0 0   -50.2 0   -50.2 0     1.2 0    62.7 0     2.2 0    36.1 0  1015.3 0
 2019  11  1 11  5  9  5.150 162.11    -1.6 0    -0.4 0     0.8 0    -0.4 0   266.7 0   275.00 0   274.80 0   314.2 0   274.32 0   274.31 0     0.0 0     0.0 0     0.0 0   -47.5 0   -47.5 0     1.2 0    62.4 0     2.5 0    39.7 0  1015.3 0
 2019  11  1 11  5 10  5.167 162.27    -1.9 0    -0.4 0     0.8 0    -0.4 0   269.9 0   275.00 0   274.83 0   314.2 0   274.32 0   274.30 0     0.0 0     0.0 0     0.0 0   -44.4 0   -44.4 0     1.2 0    62.8 0     2.0 0    38.2 0  1015.3 0
 2019  11  1 11  5 11  5.183 162.42    -1.7 0    -0.2 0     0.8 0    -0.4 0   273.2 0   275.02 0   274.82 0   314.7 0   274.32 0   274.30 0     0.0 0     0.0 0     0.0 0   -41.5 0   -41.5 0     1.2 0    62.7 0     2.4 0    42.8 0  1015.3 0
 2019  11  1 11  5 12  5.200 162.58    -1.8 0    -0.3 0     0.8 0    -0.4 0   275.9 0   275.02 0   274.83 0   315.2 0   274.32 0   274.30 0     0.0 0     0.0 0     0.0 0   -39.2 0   -39.2 0     1.2 0    63.2 0     1.9 0    35.2 0  1015.2 0
 2019  11  1 11  5 13  5.217 162.73    -1.6 0    -0.3 0     0.8 0    -0.4 0   278.2 0   275.02 0   274.82 0   315.7 0   274.32 0   274.30 0     0.0 0     0.0 0     0.0 0   -37.5 0   -37.5 0     1.1 0    63.4 0     2.2 0    44.0 0  1015.2 0
 2019  11  1 11  5 14  5.233 162.88    -1.6 0    -0.3 0     0.8 0    -0.4 0   280.1 0   275.02 0   274.85 0   316.2 0   274.32 0   274.31 0     0.0 0     0.0 0     0.0 0   -36.0 0   -36.0 0     1.1 0    63.1 0     2.5 0    40.8 0  1015.2 0
 2019  11  1 11  5 15  5.250 163.03    -1.6 0    -0.4 0     0.8 0    -0.4 0   281.7 0   275.02 0   274.85 0   316.4 0   274.32 0   274.31 0     0.0 0     0.0 0     0.0 0   -34.7 0   -34.7 0     1.1 0    63.1 0     2.2 0    44.3 0  1015.1 0
 2019  11  1 11  5 16  5.267 163.18    -1.6 0    -0.4 0     0.8 0    -0.4 0   283.1 0   275.03 0   274.87 0   316.4 0   274.32 0   274.32 0     0.0 0     0.0 0     0.0 0   -33.3 0   -33.3 0     1.1 0    62.8 0     1.9 0    44.6 0  1015.1 0
 2019  11  1 11  5 17  5.283 163.33    -1.6 0    -0.4 0     0.8 0    -0.4 0   284.2 0   275.04 0   274.88 0   316.8 0   274.32 0   274.32 0     0.0 0     0.0 0     0.0 0   -32.6 0   -32.6 0     1.1 0    62.6 0     2.6 0    37.9 0  1015.0 0
 2019  11  1 11  5 18  5.300 163.48    -1.6 0    -0.4 0     0.8 0    -0.4 0   284.7 0   275.05 0   274.90 0   317.0 0   274.32 0   274.32 0     0.0 0     0.0 0     0.0 0   -32.3 0   -32.3 0     1.2 0    62.6 0     2.1 0    51.2 0  1015.0 0
 2019  11  1 11  5 19  5.317 163.62    -1.6 0    -0.2 0     0.5 0    -0.4 0   285.1 0   275.06 0   274.90 0   317.1 0   274.32 0   274.32 0     0.0 0     0.0 0     0.0 0   -31.9 0   -31.9 0     1.2 0    62.9 0     2.4 0    41.6 0  1015.0 0
 2019  11  1 11  5 20  5.333 163.76    -1.6 0    -0.3 0     0.7 0    -0.4 0   285.8 0   275.07 0   274.90 0   317.3 0   274.34 0   274.32 0     0.0 0     0.0 0     0.0 0   -31.4 0   -31.4 0     1.1 0    63.2 0     1.8 0    50.2 0  1015.0 0
 2019  11  1 11  5 21  5.350 163.90    -1.6 0    -0.1 0     0.8 0    -0.4 0   286.1 0   275.07 0   274.91 0   317.4 0   274.34 0   274.32 0     0.0 0     0.0 0     0.0 0   -31.2 0   -31.2 0     1.1 0    63.4 0     2.2 0    41.9 0  1014.9 0
 2019  11  1 11  5 22  5.367 164.04    -1.6 0    -0.3 0     0.6 0    -0.4 0   286.1 0   275.09 0   274.94 0   318.0 0   274.34 0   274.33 0     0.0 0     0.0 0     0.0 0   -31.8 0   -31.8 0     1.1 0    62.7 0     3.1 0    49.9 0  1014.9 0
 2019  11  1 11  5 23  5.383 164.18    -1.6 0    -0.4 0     0.3 0    -0.4 0   285.2 0   275.10 0   274.95 0   317.8 0   274.34 0   274.33 0     0.0 0     0.0 0     0.0 0   -32.5 0   -32.5 0     1.1 0    63.0 0     2.6 0    48.9 0  1014.9 0
 2019  11  1 11  5 24  5.400 164.31    -1.6 0    -0.4 0     0.1 0    -0.4 0   283.7 0   275.12 0   274.95 0   317.8 0   274.34 0   274.34 0     0.0 0     0.0 0     0.0 0   -34.0 0   -34.0 0     1.1 0    62.5 0     3.2 0    47.6 0  1014.9 0
 2019  11  1 11  5 25  5.417 164.45    -1.6 0    -0.4 0     0.0 0    -0.4 0   281.4 0   275.13 0   274.97 0   317.8 0   274.36 0   274.35 0     0.0 0     0.0 0     0.0 0   -36.3 0   -36.3 0     1.2 0    62.7 0     2.9 0    42.4 0  1014.9 0
 2019  11  1 11  5 26  5.433 164.58    -1.7 0    -0.4 0     0.0 0    -0.4 0   278.7 0   275.14 0   274.97 0   317.5 0   274.37 0   274.37 0     0.0 0     0.0 0     0.0 0   -38.8 0   -38.8 0     1.2 0    62.4 0     2.8 0    45.3 0  1014.9 0
 2019  11  1 11  5 27  5.450 164.71    -1.9 0    -0.4 0     0.0 0    -0.4 0   275.2 0   275.15 0   274.97 0   316.7 0   274.37 0   274.37 0     0.0 0     0.0 0     0.0 0   -41.6 0   -41.6 0     1.2 0    62.9 0     2.2 0    36.4 0  1014.9 0
 2019  11  1 11  5 28  5.467 164.84    -1.9 0    -0.2 0     0.0 0    -0.4 0   271.6 0   275.17 0   274.98 0   316.2 0   274.37 0   274.37 0     0.0 0     0.0 0     0.0 0   -44.5 0   -44.5 0     1.2 0    63.0 0     2.2 0    39.8 0  1014.9 0
 2019  11  1 11  5 29  5.483 164.96    -2.0 0     0.0 0     0.0 0    -0.4 0   267.6 0   275.17 0   275.00 0   315.7 0   274.37 0   274.37 0     0.0 0     0.0 0     0.0 0   -48.1 0   -48.1 0     1.2 0    62.9 0     2.2 0    47.1 0  1014.9 0
 2019  11  1 11  5 30  5.500 165.08    -2.0 0    -0.1 0     0.0 0    -0.4 0   264.0 0   275.19 0   274.99 0   315.4 0   274.37 0   274.37 0     0.0 0     0.0 0     0.0 0   -51.4 0   -51.4 0     1.2 0    62.5 0     1.9 0    58.2 0  1014.9 0
 2019  11  1 11  5 31  5.517 165.20    -2.0 0    -0.1 0     0.0 0    -0.4 0   260.5 0   275.19 0   274.98 0   314.7 0   274.37 0   274.37 0     0.0 0     0.0 0     0.0 0   -54.1 0   -54.1 0     1.2 0    62.8 0     1.7 0    49.4 0  1014.9 0
 2019  11  1 11  5 32  5.533 165.32    -2.0 0     0.0 0     0.0 0    -0.4 0   257.7 0   275.19 0   274.98 0   314.1 0   274.37 0   274.37 0     0.0 0     0.0 0     0.0 0   -56.3 0   -56.3 0     1.2 0    62.5 0     1.8 0    52.6 0  1014.8 0
 2019  11  1 11  5 33  5.550 165.44    -2.0 0    -0.1 0     0.0 0    -0.4 0   255.3 0   275.19 0   274.97 0   314.0 0   274.37 0   274.37 0     0.0 0     0.0 0     0.0 0   -58.7 0   -58.7 0     1.2 0    62.1 0     2.5 0    51.8 0  1014.8 0
 2019  11  1 11  5 34  5.567 165.55    -1.7 0    -0.1 0     0.0 0    -0.4 0   253.5 0   275.19 0   274.95 0   313.0 0   274.37 0   274.35 0     0.0 0     0.0 0     0.0 0   -59.4 0   -59.4 0     1.2 0    62.5 0     1.4 0    53.2 0  1014.8 0
 2019  11  1 11  5 35  5.583 165.66    -1.6 0     0.0 0     0.0 0    -0.5 0   252.2 0   275.19 0   274.93 0   312.4 0   274.37 0   274.34 0     0.0 0     0.0 0     0.0 0   -60.2 0   -60.2 0     1.2 0    62.4 0     1.6 0    51.5 0  1014.8 0
 2019  11  1 11  5 36  5.600 165.77    -1.6 0    -0.1 0     0.0 0    -0.4 0   251.3 0   275.18 0   274.91 0   313.4 0   274.37 0   274.34 0     0.0 0     0.0 0     0.0 0   -62.2 0   -62.2 0     1.2 0    62.0 0     2.5 0    41.6 0  1014.8 0
 2019  11  1 11  5 37  5.617 165.88    -1.9 0    -0.3 0     0.0 0    -0.4 0   250.5 0   275.17 0   274.91 0   313.5 0   274.37 0   274.34 0     0.0 0     0.0 0     0.0 0   -62.9 0   -62.9 0     1.2 0    61.9 0     2.7 0    53.6 0  1014.8 0
 2019  11  1 11  5 38  5.633 165.98    -2.0 0    -0.4 0     0.0 0    -0.4 0   249.9 0   275.17 0   274.90 0   312.6 0   274.36 0   274.34 0     0.0 0     0.0 0     0.0 0   -62.6 0   -62.6 0     1.2 0    62.0 0     1.9 0    53.6 0  1014.8 0
 2019  11  1 11  5 39  5.650 166.08    -2.0 0    -0.4 0     0.0 0    -0.4 0   249.4 0   275.14 0   274.90 0   312.7 0   274.35 0   274.32 0     0.0 0     0.0 0     0.0 0   -63.4 0   -63.4 0     1.2 0    61.9 0     2.2 0    43.2 0  1014.8 0
 2019  11  1 11  5 40  5.667 166.18    -1.9 0    -0.1 0     0.0 0    -0.4 0   249.0 0   275.14 0   274.88 0   311.8 0   274.34 0   274.32 0     0.0 0     0.0 0     0.0 0   -62.9 0   -62.9 0     1.1 0    62.5 0     2.2 0    57.0 0  1014.8 0
 2019  11  1 11  5 41  5.683 166.28    -2.0 0    -0.3 0     0.0 0    -0.4 0   248.9 0   275.14 0   274.87 0   312.1 0   274.34 0   274.32 0     0.0 0     0.0 0     0.0 0   -63.2 0   -63.2 0     1.1 0    62.2 0     2.2 0    54.0 0  1014.8 0
 2019  11  1 11  5 42  5.700 166.37    -1.8 0    -0.2 0     0.0 0    -0.7 0   248.5 0   275.13 0   274.85 0   311.6 0   274.32 0   274.30 0     0.0 0     0.0 0     0.0 0   -63.1 0   -63.1 0     1.1 0    62.2 0     2.1 0    41.0 0  1014.8 0
 2019  11  1 11  5 43  5.717 166.46    -1.7 0    -0.3 0     0.0 0    -0.5 0   248.3 0   275.11 0   274.85 0   310.8 0   274.32 0   274.30 0     0.0 0     0.0 0     0.0 0   -62.5 0   -62.5 0     1.1 0    62.2 0     1.7 0    47.0 0  1014.8 0
 2019  11  1 11  5 44  5.733 166.54    -1.7 0    -0.2 0     0.0 0    -0.6 0   247.7 0   275.10 0   274.82 0   310.9 0   274.32 0   274.29 0     0.0 0     0.0 0     0.0 0   -63.1 0   -63.1 0     1.1 0    62.2 0     2.3 0    44.3 0  1014.8 0
 2019  11  1 11  5 45  5.750 166.63    -1.6 0    -0.3 0     0.0 0    -0.8 0   247.6 0   275.09 0   274.80 0   311.0 0   274.31 0   274.27 0     0.0 0     0.0 0     0.0 0   -63.3 0   -63.3 0     1.1 0    62.3 0     1.4 0    49.1 0  1014.9 0
 2019  11  1 11  5 46  5.767 166.71    -1.6 0    -0.1 0     0.0 0    -0.8 0   247.3 0   275.07 0   274.78 0   310.8 0   274.29 0   274.27 0     0.0 0     0.0 0     0.0 0   -63.6 0   -63.6 0     1.1 0    62.4 0     1.7 0    47.6 0  1014.9 0
 2019  11  1 11  5 47  5.783 166.78    -1.6 0    -0.2 0     0.0 0    -0.8 0   246.9 0   275.05 0   274.75 0   309.8 0   274.28 0   274.26 0     0.0 0     0.0 0     0.0 0   -62.9 0   -62.9 0     1.1 0    62.3 0     1.6 0    31.2 0  1014.9 0
 2019  11  1 11  5 48  5.800 166.86    -1.6 0    -0.1 0     0.0 0    -0.8 0   246.9 0   275.03 0   274.72 0   309.3 0   274.27 0   274.25 0     0.0 0     0.0 0     0.0 0   -62.4 0   -62.4 0     1.1 0    62.5 0     1.5 0    49.0 0  1014.9 0
 2019  11  1 11  5 49  5.817 166.93    -1.6 0    -0.1 0     0.0 0    -0.8 0   246.7 0   275.00 0   274.71 0   309.9 0   274.26 0   274.22 0     0.0 0     0.0 0     0.0 0   -63.1 0   -63.1 0     1.0 0    62.7 0     1.5 0    39.1 0  1014.9 0
 2019  11  1 11  5 50  5.833 167.00    -1.6 0     0.0 0     0.0 0    -0.8 0   246.6 0   274.98 0   274.71 0   310.1 0   274.25 0   274.22 0     0.0 0     0.0 0     0.0 0   -63.4 0   -63.4 0     1.0 0    62.6 0     1.7 0    45.2 0  1014.9 0
 2019  11  1 11  5 51  5.850 167.06    -1.6 0    -0.2 0     0.0 0    -0.8 0   246.5 0   274.96 0   274.67 0   310.8 0   274.23 0   274.22 0     0.0 0     0.0 0     0.0 0   -64.3 0   -64.3 0     1.0 0    62.3 0     2.1 0    48.8 0  1014.9 0
 2019  11  1 11  5 52  5.867 167.12    -1.6 0    -0.2 0     0.0 0    -0.8 0   246.4 0   274.95 0   274.65 0   310.6 0   274.22 0   274.19 0     0.0 0     0.0 0     0.0 0   -64.2 0   -64.2 0     1.0 0    62.5 0     1.6 0    57.1 0  1014.9 0
 2019  11  1 11  5 53  5.883 167.18    -1.6 0     0.0 0     0.0 0    -0.6 0   246.5 0   274.93 0   274.65 0   310.3 0   274.22 0   274.17 0     0.0 0     0.0 0     0.0 0   -63.7 0   -63.7 0     1.0 0    62.5 0     2.0 0    40.1 0  1014.9 0
 2019  11  1 11  5 54  5.900 167.23    -1.6 0     0.0 0     0.0 0    -0.5 0   246.2 0   274.90 0   274.64 0   310.2 0   274.20 0   274.17 0     0.0 0     0.0 0     0.0 0   -64.0 0   -64.0 0     0.9 0    62.9 0     2.0 0    41.9 0  1014.9 0
 2019  11  1 11  5 55  5.917 167.28    -1.6 0    -0.1 0     0.0 0    -0.7 0   246.5 0   274.90 0   274.62 0   310.7 0   274.18 0   274.16 0     0.0 0     0.0 0     0.0 0   -64.2 0   -64.2 0     0.9 0    62.5 0     2.2 0    46.3 0  1014.9 0
 2019  11  1 11  5 56  5.933 167.33    -1.6 0    -0.2 0     0.1 0    -0.7 0   246.3 0   274.88 0   274.61 0   310.3 0   274.17 0   274.15 0     0.0 0     0.0 0     0.0 0   -64.0 0   -64.0 0     1.0 0    62.5 0     1.7 0    48.1 0  1014.8 0
 2019  11  1 11  5 57  5.950 167.37    -1.6 0     0.0 0     0.4 0    -0.4 0   246.6 0   274.88 0   274.61 0   309.6 0   274.17 0   274.13 0     0.0 0     0.0 0     0.0 0   -63.0 0   -63.0 0     0.9 0    62.9 0     1.2 0    46.4 0  1014.8 0
 2019  11  1 11  5 58  5.967 167.41    -1.6 0     0.0 0     0.1 0    -0.5 0   246.5 0   274.88 0   274.61 0   308.5 0   274.15 0   274.12 0     0.0 0     0.0 0     0.0 0   -62.0 0   -62.0 0     0.9 0    63.2 0     1.4 0    37.1 0  1014.8 0
 2019  11  1 11  5 59  5.983 167.44    -1.6 0    -0.1 0     0.1 0    -0.6 0   246.3 0   274.85 0   274.59 0   309.1 0   274.13 0   274.11 0     0.0 0     0.0 0     0.0 0   -62.9 0   -62.9 0     0.9 0    62.8 0     1.7 0    37.3 0  1014.8 0
 2019  11  1 11  6  0  6.000 167.48    -1.6 0    -0.2 0     0.1 0    -0.6 0   246.2 0   274.85 0   274.56 0   309.3 0   274.12 0   274.10 0     0.0 0     0.0 0     0.0 0   -63.1 0   -63.1 0     0.9 0    62.6 0     1.7 0    45.3 0  1014.8 0
 2019  11  1 11  6  1  6.017 167.50    -1.6 0    -0.3 0     0.6 0    -0.7 0   246.3 0   274.83 0   274.57 0   308.8 0   274.12 0   274.08 0     0.0 0     0.0 0     0.0 0   -62.5 0   -62.5 0     0.9 0    62.6 0     1.2 0    31.8 0  1014.8 0
 2019  11  1 11  6  2  6.033 167.53    -1.6 0    -0.3 0     0.6 0    -0.7 0   246.3 0   274.82 0   274.56 0   308.1 0   274.10 0   274.07 0     0.0 0     0.0 0     0.0 0   -61.8 0   -61.8 0     0.9 0    63.0 0     1.2 0    35.3 0  1014.8 0
 2019  11  1 11  6  3  6.050 167.55    -1.6 0    -0.3 0     0.6 0    -0.8 0   246.1 0   274.80 0   274.53 0   308.0 0   274.08 0   274.05 0     0.0 0     0.0 0     0.0 0   -61.9 0   -61.9 0     0.9 0    62.8 0     1.2 0    55.2 0  1014.8 0
 2019  11  1 11  6  4  6.067 167.56    -1.6 0    -0.3 0     0.8 0    -0.5 0   246.5 0   274.80 0   274.54 0   308.3 0   274.07 0   274.03 0     0.0 0     0.0 0     0.0 0   -61.8 0   -61.8 0     0.9 0    62.6 0     1.4 0    40.5 0  1014.8 0
 2019  11  1 11  6  5  6.083 167.58    -1.6 0    -0.4 0     0.8 0    -0.4 0   246.2 0   274.79 0   274.52 0   308.5 0   274.05 0   274.03 0     0.0 0     0.0 0     0.0 0   -62.3 0   -62.3 0     0.9 0    62.7 0     1.5 0    57.4 0  1014.8 0
 2019  11  1 11  6  6  6.100 167.58    -1.6 0    -0.2 0     0.8 0    -0.4 0   246.4 0   274.78 0   274.52 0   308.5 0   274.04 0   274.01 0     0.0 0     0.0 0     0.0 0   -62.1 0   -62.1 0     0.9 0    62.9 0     1.4 0    51.0 0  1014.7 0
 2019  11  1 11  6  7  6.117 167.59    -1.6 0    -0.1 0     0.8 0    -0.4 0   246.4 0   274.78 0   274.51 0   308.5 0   274.03 0   273.99 0     0.0 0     0.0 0     0.0 0   -62.2 0   -62.2 0     0.8 0    62.8 0     1.6 0    56.7 0  1014.7 0
 2019  11  1 11  6  8  6.133 167.59    -1.6 0    -0.3 0     0.8 0    -0.7 0   246.3 0   274.76 0   274.50 0   309.2 0   274.02 0   273.98 0     0.0 0     0.0 0     0.0 0   -63.0 0   -63.0 0     0.8 0    62.9 0     1.4 0    56.1 0  1014.7 0
 2019  11  1 11  6  9  6.150 167.59    -1.6 0    -0.3 0     0.8 0    -0.6 0   246.4 0   274.76 0   274.50 0   308.2 0   274.00 0   273.96 0     0.0 0     0.0 0     0.0 0   -61.8 0   -61.8 0     0.8 0    63.1 0     1.1 0    55.6 0  1014.7 0
 2019  11  1 11  6 10  6.167 167.58    -1.6 0    -0.4 0     0.1 0    -0.7 0   246.4 0   274.75 0   274.47 0   307.5 0   273.98 0   273.95 0     0.0 0     0.0 0     0.0 0   -61.1 0   -61.1 0     0.8 0    63.0 0     1.5 0    57.9 0  1014.7 0
 2019  11  1 11  6 11  6.183 167.57    -1.6 0    -0.4 0     0.5 0    -0.8 0   246.4 0   274.73 0   274.46 0   307.0 0   273.97 0   273.93 0     0.0 0     0.0 0     0.0 0   -60.6 0   -60.6 0     0.8 0    63.1 0     1.3 0    54.8 0  1014.7 0
 2019  11  1 11  6 12  6.200 167.55    -1.6 0    -0.3 0     0.8 0    -0.6 0   246.5 0   274.72 0   274.46 0   306.9 0   273.96 0   273.93 0     0.0 0     0.0 0     0.0 0   -60.4 0   -60.4 0     0.7 0    63.3 0     1.3 0    52.6 0  1014.7 0
 2019  11  1 11  6 13  6.217 167.54    -1.6 0    -0.4 0     0.8 0    -0.4 0   246.6 0   274.71 0   274.46 0   307.1 0   273.93 0   273.91 0     0.0 0     0.0 0     0.0 0   -60.5 0   -60.5 0     0.7 0    63.2 0     1.4 0    54.9 0  1014.7 0
 2019  11  1 11  6 14  6.233 167.51    -1.6 0    -0.4 0     0.8 0    -0.4 0   246.8 0   274.71 0   274.47 0   308.1 0   273.93 0   273.90 0     0.0 0     0.0 0     0.0 0   -61.3 0   -61.3 0     0.7 0    63.1 0     1.0 0    53.7 0  1014.7 0
 2019  11  1 11  6 15  6.250 167.49    -1.7 0    -0.4 0     0.8 0    -0.4 0   246.9 0   274.71 0   274.47 0   306.9 0   273.91 0   273.88 0     0.0 0     0.0 0     0.0 0   -60.0 0   -60.0 0     0.8 0    63.1 0     1.3 0    53.0 0  1014.7 0
 2019  11  1 11  6 16  6.267 167.46    -1.6 0    -0.4 0     0.7 0    -0.4 0   246.8 0   274.71 0   274.46 0   307.7 0   273.90 0   273.87 0     0.0 0     0.0 0     0.0 0   -61.0 0   -61.0 0     0.8 0    63.0 0     1.5 0    50.9 0  1014.6 0
 2019  11  1 11  6 17  6.283 167.42    -1.6 0    -0.4 0     0.7 0    -0.4 0   246.8 0   274.71 0   274.45 0   307.2 0   273.88 0   273.86 0     0.0 0     0.0 0     0.0 0   -60.4 0   -60.4 0     0.8 0    63.0 0     1.2 0    47.2 0  1014.6 0
 2019  11  1 11  6 18  6.300 167.38    -1.6 0    -0.4 0     0.8 0    -0.4 0   246.7 0   274.69 0   274.44 0   306.5 0   273.88 0   273.83 0     0.0 0     0.0 0     0.0 0   -59.9 0   -59.9 0     0.7 0    63.3 0     1.3 0    51.4 0  1014.6 0
 2019  11  1 11  6 19  6.317 167.34    -1.6 0    -0.4 0     0.8 0    -0.5 0   246.5 0   274.68 0   274.43 0   306.0 0   273.86 0   273.82 0     0.0 0     0.0 0     0.0 0   -59.4 0   -59.4 0     0.7 0    63.4 0     1.5 0    52.2 0  1014.6 0
 2019  11  1 11  6 20  6.333 167.30    -1.6 0    -0.4 0     0.8 0    -0.7 0   246.4 0   274.67 0   274.40 0   305.7 0   273.84 0   273.81 0     0.0 0     0.0 0     0.0 0   -59.3 0   -59.3 0     0.7 0    63.6 0     1.1 0    40.8 0  1014.6 0
 2019  11  1 11  6 21  6.350 167.25    -1.6 0    -0.4 0     0.8 0    -0.8 0   246.4 0   274.66 0   274.38 0   306.3 0   273.83 0   273.79 0     0.0 0     0.0 0     0.0 0   -59.9 0   -59.9 0     0.6 0    63.8 0     1.3 0    41.3 0  1014.6 0
 2019  11  1 11  6 22  6.367 167.20    -1.6 0    -0.4 0     0.8 0    -0.8 0   246.6 0   274.64 0   274.35 0   306.9 0   273.81 0   273.78 0     0.0 0     0.0 0     0.0 0   -60.4 0   -60.4 0     0.6 0    63.5 0     1.6 0    34.3 0  1014.6 0
 2019  11  1 11  6 23  6.383 167.14    -1.6 0    -0.4 0     0.8 0    -0.8 0   246.5 0   274.61 0   274.35 0   306.9 0   273.80 0   273.78 0     0.0 0     0.0 0     0.0 0   -60.3 0   -60.3 0     0.7 0    63.5 0     1.4 0    33.5 0  1014.7 0
 2019  11  1 11  6 24  6.400 167.08    -1.6 0    -0.4 0     0.8 0    -0.7 0   246.3 0   274.60 0   274.31 0   306.8 0   273.78 0   273.76 0     0.0 0     0.0 0     0.0 0   -60.5 0   -60.5 0     0.7 0    63.6 0     1.4 0    18.3 0  1014.7 0
 2019  11  1 11  6 25  6.417 167.02    -1.4 0    -0.4 0     0.7 0    -0.8 0   246.3 0   274.57 0   274.26 0   307.1 0   273.78 0   273.76 0     0.0 0     0.0 0     0.0 0   -60.8 0   -60.8 0     0.6 0    63.5 0     1.2 0    26.7 0  1014.7 0
 2019  11  1 11  6 26  6.433 166.95    -1.5 0    -0.4 0     0.8 0    -0.8 0   246.3 0   274.54 0   274.27 0   306.5 0   273.76 0   273.74 0     0.0 0     0.0 0     0.0 0   -60.2 0   -60.2 0     0.6 0    63.8 0     1.3 0    36.0 0  1014.7 0
 2019  11  1 11  6 27  6.450 166.88    -1.5 0    -0.3 0     0.8 0    -0.8 0   246.5 0   274.51 0   274.25 0   305.9 0   273.75 0   273.72 0     0.0 0     0.0 0     0.0 0   -59.4 0   -59.4 0     0.6 0    64.1 0     0.8 0    20.0 0  1014.7 0
 2019  11  1 11  6 28  6.467 166.81    -1.6 0    -0.3 0     0.8 0    -0.7 0   246.7 0   274.50 0   274.24 0   305.3 0   273.74 0   273.71 0     0.0 0     0.0 0     0.0 0   -58.6 0   -58.6 0     0.6 0    64.1 0     1.2 0    39.3 0  1014.7 0
 2019  11  1 11  6 29  6.483 166.73    -1.6 0    -0.4 0     0.8 0    -0.6 0   247.0 0   274.49 0   274.23 0   305.5 0   273.72 0   273.69 0     0.0 0     0.0 0     0.0 0   -58.4 0   -58.4 0     0.6 0    64.1 0     1.0 0    39.1 0  1014.7 0
 2019  11  1 11  6 30  6.500 166.66    -1.6 0    -0.2 0     0.8 0    -0.7 0   247.1 0   274.47 0   274.20 0   305.8 0   273.71 0   273.67 0     0.0 0     0.0 0     0.0 0   -58.8 0   -58.8 0     0.5 0    64.6 0     1.4 0    38.1 0  1014.7 0
 2019  11  1 11  6 31  6.517 166.57    -1.3 0    -0.3 0     0.6 0    -0.8 0   247.8 0   274.45 0   274.15 0   305.6 0   273.69 0   273.65 0     0.0 0     0.0 0     0.0 0   -57.9 0   -57.9 0     0.5 0    64.5 0     1.8 0    35.4 0  1014.7 0
 2019  11  1 11  6 32  6.533 166.49    -1.4 0    -0.4 0     0.8 0    -0.8 0   248.9 0   274.42 0   274.13 0   305.4 0   273.67 0   273.63 0     0.0 0     0.0 0     0.0 0   -56.5 0   -56.5 0     0.5 0    65.1 0     1.2 0    42.3 0  1014.7 0
 2019  11  1 11  6 33  6.550 166.40    -1.5 0    -0.4 0     0.8 0    -0.8 0   250.4 0   274.40 0   274.12 0   305.6 0   273.65 0   273.61 0     0.0 0     0.0 0     0.0 0   -55.1 0   -55.1 0     0.4 0    65.3 0     1.3 0    41.8 0  1014.6 0
 2019  11  1 11  6 34  6.567 166.31    -1.2 0    -0.4 0     0.8 0    -0.8 0   252.3 0   274.37 0   274.08 0   306.0 0   273.64 0   273.59 0     0.0 0     0.0 0     0.0 0   -53.7 0   -53.7 0     0.4 0    65.7 0     1.5 0    41.0 0  1014.6 0
 2019  11  1 11  6 35  6.583 166.21    -1.2 0    -0.4 0     0.8 0    -0.8 0   254.7 0   274.34 0   274.06 0   306.8 0   273.62 0   273.58 0     0.0 0     0.0 0     0.0 0   -52.1 0   -52.1 0     0.4 0    65.8 0     1.4 0    46.8 0  1014.6 0
 2019  11  1 11  6 36  6.600 166.12    -1.5 0    -0.4 0     0.8 0    -0.5 0   256.8 0   274.32 0   274.07 0   307.8 0   273.60 0   273.56 0     0.0 0     0.0 0     0.0 0   -51.0 0   -51.0 0     0.3 0    65.6 0     1.7 0    42.8 0  1014.6 0
 2019  11  1 11  6 37  6.617 166.02    -1.6 0    -0.4 0     0.7 0    -0.4 0   258.2 0   274.31 0   274.05 0   308.2 0   273.59 0   273.55 0     0.0 0     0.0 0     0.0 0   -49.9 0   -49.9 0     0.3 0    65.5 0     1.6 0    42.0 0  1014.6 0
 2019  11  1 11  6 38  6.633 165.91    -1.4 0    -0.4 0     0.3 0    -0.4 0   258.7 0   274.29 0   274.02 0   308.5 0   273.57 0   273.54 0     0.0 0     0.0 0     0.0 0   -49.8 0   -49.8 0     0.3 0    65.4 0     1.9 0    37.6 0  1014.6 0
 2019  11  1 11  6 39  6.650 165.81    -1.2 0    -0.4 0     0.3 0    -0.5 0   258.2 0   274.27 0   274.00 0   308.2 0   273.56 0   273.54 0     0.0 0     0.0 0     0.0 0   -50.0 0   -50.0 0     0.3 0    65.4 0     1.3 0    46.0 0  1014.6 0
 2019  11  1 11  6 40  6.667 165.70    -1.2 0    -0.4 0     0.2 0    -0.5 0   256.9 0   274.25 0   274.00 0   307.4 0   273.54 0   273.51 0     0.0 0     0.0 0     0.0 0   -50.5 0   -50.5 0     0.3 0    65.7 0     1.2 0    43.7 0  1014.6 0
 2019  11  1 11  6 41  6.683 165.59    -1.2 0    -0.3 0     0.0 0    -0.5 0   255.2 0   274.23 0   273.98 0   307.0 0   273.54 0   273.49 0     0.0 0     0.0 0     0.0 0   -51.8 0   -51.8 0     0.3 0    65.7 0     1.5 0    43.6 0  1014.5 0
 2019  11  1 11  6 42  6.700 165.48    -1.2 0    -0.3 0     0.0 0    -0.7 0   253.4 0   274.22 0   273.95 0   306.7 0   273.52 0   273.49 0     0.0 0     0.0 0     0.0 0   -53.3 0   -53.3 0     0.3 0    65.7 0     1.3 0    50.3 0  1014.5 0
 2019  11  1 11  6 43  6.717 165.36    -1.2 0    -0.2 0     0.0 0    -0.7 0   251.8 0   274.19 0   273.92 0   306.5 0   273.51 0   273.47 0     0.0 0     0.0 0     0.0 0   -54.7 0   -54.7 0     0.3 0    65.9 0     1.4 0    51.2 0  1014.5 0
 2019  11  1 11  6 44  6.733 165.24    -1.2 0    -0.2 0     0.0 0    -0.7 0   250.9 0   274.17 0   273.89 0   306.9 0   273.49 0   273.46 0     0.0 0     0.0 0     0.0 0   -56.0 0   -56.0 0     0.2 0    65.8 0     1.5 0    46.5 0  1014.5 0
 2019  11  1 11  6 45  6.750 165.12    -1.6 0    -0.3 0     0.0 0    -0.4 0   250.3 0   274.15 0   273.89 0   307.3 0   273.48 0   273.44 0     0.0 0     0.0 0     0.0 0   -57.0 0   -57.0 0     0.2 0    65.7 0     1.8 0    46.4 0  1014.5 0
 2019  11  1 11  6 46  6.767 165.00    -1.5 0    -0.4 0     0.0 0    -0.6 0   249.7 0   274.14 0   273.88 0   306.8 0   273.46 0   273.44 0     0.0 0     0.0 0     0.0 0   -57.2 0   -57.2 0     0.3 0    65.7 0     1.9 0    48.4 0  1014.5 0
 2019  11  1 11  6 47  6.783 164.88    -1.5 0    -0.4 0     0.0 0    -0.7 0   249.5 0   274.12 0   273.86 0   306.8 0   273.46 0   273.42 0     0.0 0     0.0 0     0.0 0   -57.3 0   -57.3 0     0.2 0    65.8 0     1.4 0    44.7 0  1014.5 0
 2019  11  1 11  6 48  6.800 164.75    -1.5 0    -0.4 0     0.0 0    -0.8 0   249.6 0   274.11 0   273.84 0   306.4 0   273.44 0   273.41 0     0.0 0     0.0 0     0.0 0   -56.7 0   -56.7 0     0.2 0    65.9 0     1.8 0    47.1 0  1014.5 0
 2019  11  1 11  6 49  6.817 164.62    -1.3 0    -0.4 0     0.0 0    -0.7 0   250.2 0   274.09 0   273.83 0   306.4 0   273.44 0   273.40 0     0.0 0     0.0 0     0.0 0   -56.2 0   -56.2 0     0.2 0    65.6 0     1.5 0    47.2 0  1014.5 0
 2019  11  1 11  6 50  6.833 164.49    -1.5 0    -0.4 0     0.0 0    -0.4 0   250.5 0   274.07 0   273.85 0   306.0 0   273.42 0   273.39 0     0.0 0     0.0 0     0.0 0   -55.5 0   -55.5 0     0.3 0    65.8 0     1.4 0    47.3 0  1014.5 0
 2019  11  1 11  6 51  6.850 164.36    -1.6 0    -0.4 0     0.0 0    -0.4 0   251.1 0   274.07 0   273.84 0   305.7 0   273.41 0   273.38 0     0.0 0     0.0 0     0.0 0   -54.6 0   -54.6 0     0.2 0    66.2 0     1.1 0    40.8 0  1014.5 0
 2019  11  1 11  6 52  6.867 164.22    -1.6 0    -0.4 0     0.0 0    -0.4 0   251.5 0   274.07 0   273.83 0   305.4 0   273.39 0   273.36 0     0.0 0     0.0 0     0.0 0   -53.9 0   -53.9 0     0.2 0    66.4 0     1.2 0    57.3 0  1014.5 0
 2019  11  1 11  6 53  6.883 164.09    -1.6 0    -0.4 0     0.0 0    -0.4 0   251.7 0   274.05 0   273.83 0   306.4 0   273.39 0   273.35 0     0.0 0     0.0 0     0.0 0   -54.8 0   -54.8 0     0.2 0    66.0 0     1.7 0    43.4 0  1014.5 0
 2019  11  1 11  6 54  6.900 163.95    -1.6 0    -0.4 0     0.0 0    -0.4 0   251.7 0   274.05 0   273.82 0   307.3 0   273.37 0   273.34 0     0.0 0     0.0 0     0.0 0   -55.6 0   -55.6 0     0.2 0    65.7 0     1.8 0    50.3 0  1014.5 0
 2019  11  1 11  6 55  6.917 163.81    -1.6 0    -0.4 0     0.0 0    -0.4 0   252.0 0   274.05 0   273.82 0   307.1 0   273.36 0   273.34 0     0.0 0     0.0 0     0.0 0   -55.1 0   -55.1 0     0.2 0    66.0 0     1.0 0    40.9 0  1014.5 0
 2019  11  1 11  6 56  6.933 163.67    -1.6 0    -0.4 0     0.0 0    -0.4 0   252.4 0   274.05 0   273.83 0   306.8 0   273.36 0   273.33 0     0.0 0     0.0 0     0.0 0   -54.4 0   -54.4 0     0.2 0    66.1 0     1.4 0    39.7 0  1014.5 0
 2019  11  1 11  6 57  6.950 163.52    -1.6 0    -0.4 0     0.1 0    -0.4 0   252.6 0   274.04 0   273.83 0   307.3 0   273.34 0   273.32 0     0.0 0     0.0 0     0.0 0   -54.8 0   -54.8 0     0.2 0    66.1 0     1.4 0    37.6 0  1014.5 0
 2019  11  1 11  6 58  6.967 163.38    -1.6 0    -0.4 0     0.2 0    -0.4 0   252.5 0   274.04 0   273.82 0   307.1 0   273.34 0   273.31 0     0.0 0     0.0 0     0.0 0   -54.6 0   -54.6 0     0.2 0    66.1 0     1.5 0    35.4 0  1014.6 0
 2019  11  1 11  6 59  6.983 163.23    -1.6 0    -0.4 0     0.5 0    -0.4 0   252.1 0   274.02 0   273.82 0   306.7 0   273.33 0   273.31 0     0.0 0     0.0 0     0.0 0   -54.6 0   -54.6 0     0.2 0    66.2 0     1.0 0    37.1 0  1014.6 0
 2019  11  1 11  7  0  7.000 163.08    -1.6 0    -0.3 0     0.8 0    -0.4 0   251.6 0   274.04 0   273.83 0   306.6 0   273.31 0   273.29 0     0.0 0     0.0 0     0.0 0   -55.0 0   -55.0 0     0.2 0    66.3 0     1.6 0    37.7 0  1014.7 0
 2019  11  1 11  7  1  7.017 162.93    -1.6 0    -0.4 0     0.6 0    -0.4 0   250.6 0   274.04 0   273.80 0   307.1 0   273.31 0   273.29 0     0.0 0     0.0 0     0.0 0   -56.4 0   -56.4 0     0.2 0    66.2 0     1.1 0    37.4 0  1014.7 0
 2019  11  1 11  7  2  7.033 162.78    -1.6 0    -0.3 0     0.8 0    -0.4 0   249.5 0   274.02 0   273.80 0   305.9 0   273.30 0   273.27 0     0.0 0     0.0 0     0.0 0   -56.4 0   -56.4 0     0.2 0    66.8 0     0.9 0    38.5 0  1014.7 0
 2019  11  1 11  7  3  7.050 162.63    -1.6 0    -0.2 0     0.8 0    -0.4 0   248.8 0   274.02 0   273.79 0   305.0 0   273.29 0   273.25 0     0.0 0     0.0 0     0.0 0   -56.2 0   -56.2 0     0.1 0    66.9 0     0.9 0    40.7 0  1014.7 0
 2019  11  1 11  7  4  7.067 162.48    -1.6 0    -0.2 0     0.8 0    -0.4 0   248.6 0   274.02 0   273.80 0   306.3 0   273.27 0   273.25 0     0.0 0     0.0 0     0.0 0   -57.7 0   -57.7 0     0.1 0    66.5 0     1.4 0    45.3 0  1014.7 0
 2019  11  1 11  7  5  7.083 162.32    -1.6 0    -0.4 0     0.8 0    -0.4 0   247.9 0   274.02 0   273.81 0   305.8 0   273.27 0   273.25 0     0.0 0     0.0 0     0.0 0   -57.8 0   -57.8 0     0.2 0    66.4 0     1.2 0    28.4 0  1014.7 0
 2019  11  1 11  7  6  7.100 162.16    -1.6 0    -0.4 0     0.8 0    -0.4 0   247.3 0   274.02 0   273.80 0   305.1 0   273.26 0   273.24 0     0.0 0     0.0 0     0.0 0   -57.7 0   -57.7 0     0.1 0    66.5 0     1.4 0    29.4 0  1014.7 0
 2019  11  1 11  7  7  7.117 162.00    -1.6 0    -0.4 0     0.8 0    -0.6 0   246.9 0   274.02 0   273.77 0   305.0 0   273.24 0   273.22 0     0.0 0     0.0 0     0.0 0   -58.1 0   -58.1 0     0.1 0    66.5 0     1.3 0    25.4 0  1014.6 0
 2019  11  1 11  7  8  7.133 161.85    -1.6 0    -0.4 0     0.8 0    -0.4 0   246.8 0   274.02 0   273.77 0   304.6 0   273.24 0   273.21 0     0.0 0     0.0 0     0.0 0   -57.8 0   -57.8 0     0.1 0    66.7 0     1.0 0    38.9 0  1014.7 0
 2019  11  1 11  7  9  7.150 161.68    -1.6 0    -0.4 0     0.8 0    -0.4 0   246.2 0   274.00 0   273.77 0   305.1 0   273.22 0   273.19 0     0.0 0     0.0 0     0.0 0   -58.9 0   -58.9 0     0.1 0    66.6 0     1.3 0    41.1 0  1014.7 0
 2019  11  1 11  7 10  7.167 161.52    -1.6 0    -0.4 0     0.8 0    -0.4 0   246.2 0   273.99 0   273.76 0   305.0 0   273.22 0   273.19 0     0.0 0     0.0 0     0.0 0   -58.8 0   -58.8 0     0.1 0    66.7 0     1.5 0    44.3 0  1014.7 0
 2019  11  1 11  7 11  7.183 161.36    -1.6 0    -0.4 0     0.8 0    -0.5 0   246.1 0   273.99 0   273.75 0   305.0 0   273.20 0   273.17 0     0.0 0     0.0 0     0.0 0   -58.9 0   -58.9 0     0.1 0    66.7 0     1.4 0    50.4 0  1014.7 0
 2019  11  1 11  7 12  7.200 161.20    -1.6 0    -0.4 0     0.8 0    -0.5 0   246.0 0   273.99 0   273.74 0   305.1 0   273.19 0   273.17 0     0.0 0     0.0 0     0.0 0   -59.0 0   -59.0 0     0.1 0    66.7 0     1.0 0    61.1 0  1014.7 0
 2019  11  1 11  7 13  7.217 161.03    -1.6 0    -0.4 0     0.8 0    -0.4 0   245.6 0   273.97 0   273.75 0   304.8 0   273.19 0   273.14 0     0.0 0     0.0 0     0.0 0   -59.2 0   -59.2 0     0.1 0    66.8 0     1.0 0    64.3 0  1014.7 0
 2019  11  1 11  7 14  7.233 160.86    -1.6 0    -0.4 0     0.8 0    -0.4 0   245.5 0   273.97 0   273.73 0   303.9 0   273.17 0   273.14 0     0.0 0     0.0 0     0.0 0   -58.4 0   -58.4 0     0.1 0    66.4 0     0.9 0    74.3 0  1014.8 0
 2019  11  1 11  7 15  7.250 160.70    -1.6 0    -0.4 0     0.8 0    -0.4 0   245.4 0   273.97 0   273.71 0   303.9 0   273.16 0   273.13 0     0.0 0     0.0 0     0.0 0   -58.5 0   -58.5 0     0.1 0    66.4 0     0.9 0    67.8 0  1014.8 0
 2019  11  1 11  7 16  7.267 160.53    -1.6 0    -0.4 0     0.8 0    -0.4 0   245.4 0   273.95 0   273.69 0   303.9 0   273.14 0   273.12 0     0.0 0     0.0 0     0.0 0   -58.5 0   -58.5 0     0.1 0    66.4 0     1.2 0    66.0 0  1014.8 0
 2019  11  1 11  7 17  7.283 160.36    -1.6 0    -0.4 0     0.6 0    -0.5 0   245.0 0   273.93 0   273.66 0   305.3 0   273.14 0   273.10 0     0.0 0     0.0 0     0.0 0   -60.2 0   -60.2 0     0.1 0    66.6 0     1.3 0    70.0 0  1014.7 0
 2019  11  1 11  7 18  7.300 160.19    -1.6 0    -0.4 0     0.4 0    -0.7 0   245.3 0   273.92 0   273.64 0   304.1 0   273.12 0   273.09 0     0.0 0     0.0 0     0.0 0   -58.9 0   -58.9 0     0.0 0    66.8 0     1.3 0    65.9 0  1014.7 0
 2019  11  1 11  7 19  7.317 160.02    -1.6 0    -0.4 0     0.2 0    -0.7 0   245.1 0   273.89 0   273.61 0   304.1 0   273.12 0   273.08 0     0.0 0     0.0 0     0.0 0   -59.0 0   -59.0 0     0.0 0    66.8 0     1.5 0    67.8 0  1014.7 0
 2019  11  1 11  7 20  7.333 159.84    -1.6 0    -0.4 0     0.4 0    -0.7 0   245.1 0   273.87 0   273.61 0   303.7 0   273.09 0   273.07 0     0.0 0     0.0 0     0.0 0   -58.6 0   -58.6 0     0.0 0    66.7 0     1.3 0    65.6 0  1014.6 0
 2019  11  1 11  7 21  7.350 159.67    -1.6 0    -0.4 0     0.1 0    -0.7 0   244.9 0   273.85 0   273.57 0   302.9 0   273.09 0   273.05 0     0.0 0     0.0 0     0.0 0   -58.0 0   -58.0 0     0.0 0    67.1 0     1.1 0    68.3 0  1014.6 0
 2019  11  1 11  7 22  7.367 159.50    -1.6 0    -0.4 0     0.1 0    -0.7 0   244.9 0   273.83 0   273.57 0   302.9 0   273.07 0   273.04 0     0.0 0     0.0 0     0.0 0   -58.0 0   -58.0 0     0.0 0    67.5 0     1.0 0    63.5 0  1014.5 0
 2019  11  1 11  7 23  7.383 159.32    -1.6 0    -0.4 0     0.0 0    -0.7 0   245.0 0   273.82 0   273.54 0   303.6 0   273.06 0   273.02 0     0.0 0     0.0 0     0.0 0   -58.7 0   -58.7 0    -0.1 0    67.8 0     1.1 0    68.7 0  1014.5 0
 2019  11  1 11  7 24  7.400 159.15    -1.6 0    -0.4 0     0.0 0    -0.8 0   244.8 0   273.79 0   273.51 0   303.6 0   273.05 0   273.00 0     0.0 0     0.0 0     0.0 0   -58.8 0   -58.8 0    -0.1 0    68.0 0     1.1 0    65.8 0  1014.5 0
 2019  11  1 11  7 25  7.417 158.97    -1.6 0    -0.4 0     0.0 0    -0.8 0   244.8 0   273.77 0   273.49 0   303.5 0   273.03 0   273.00 0     0.0 0     0.0 0     0.0 0   -58.7 0   -58.7 0    -0.1 0    68.1 0     1.1 0    63.1 0  1014.5 0
 2019  11  1 11  7 26  7.433 158.79    -1.4 0    -0.4 0     0.0 0    -0.8 0   244.8 0   273.75 0   273.46 0   303.6 0   273.01 0   272.98 0     0.0 0     0.0 0     0.0 0   -58.8 0   -58.8 0    -0.2 0    68.4 0     0.9 0    75.6 0  1014.5 0
 2019  11  1 11  7 27  7.450 158.61    -1.3 0    -0.4 0     0.0 0    -0.8 0   244.9 0   273.73 0   273.44 0   302.8 0   273.00 0   272.97 0     0.0 0     0.0 0     0.0 0   -57.9 0   -57.9 0    -0.2 0    68.3 0     1.2 0    63.6 0  1014.5 0
 2019  11  1 11  7 28  7.467 158.44    -1.5 0    -0.4 0     0.0 0    -0.7 0   245.0 0   273.70 0   273.45 0   303.1 0   272.99 0   272.95 0     0.0 0     0.0 0     0.0 0   -58.1 0   -58.1 0    -0.2 0    68.5 0     1.2 0    47.7 0  1014.5 0
 2019  11  1 11  7 29  7.483 158.26    -1.5 0    -0.4 0     0.0 0    -0.7 0   245.0 0   273.69 0   273.43 0   302.8 0   272.97 0   272.94 0     0.0 0     0.0 0     0.0 0   -57.8 0   -57.8 0    -0.2 0    68.5 0     1.2 0    44.8 0  1014.5 0
 2019  11  1 11  7 30  7.500 158.08    -1.5 0    -0.4 0     0.0 0    -0.6 0   244.9 0   273.68 0   273.42 0   303.3 0   272.95 0   272.92 0     0.0 0     0.0 0     0.0 0   -58.4 0   -58.4 0    -0.2 0    68.4 0     1.6 0    56.9 0  1014.5 0
 2019  11  1 11  7 31  7.517 157.90    -1.6 0    -0.4 0     0.1 0    -0.4 0   245.1 0   273.67 0   273.41 0   303.6 0   272.95 0   272.91 0     0.0 0     0.0 0     0.0 0   -58.5 0   -58.5 0    -0.2 0    68.5 0     1.4 0    58.5 0  1014.5 0
 2019  11  1 11  7 32  7.533 157.71    -1.6 0    -0.4 0     0.0 0    -0.5 0   245.1 0   273.65 0   273.40 0   302.7 0   272.93 0   272.90 0     0.0 0     0.0 0     0.0 0   -57.6 0   -57.6 0    -0.2 0    68.4 0     1.5 0    71.2 0  1014.5 0
 2019  11  1 11  7 33  7.550 157.53    -1.6 0    -0.4 0     0.0 0    -0.4 0   245.3 0   273.64 0   273.39 0   302.7 0   272.92 0   272.89 0     0.0 0     0.0 0     0.0 0   -57.5 0   -57.5 0    -0.2 0    68.4 0     1.6 0    62.3 0  1014.5 0
 2019  11  1 11  7 34  7.567 157.35    -1.6 0    -0.4 0     0.0 0    -0.4 0   245.3 0   273.63 0   273.40 0   303.0 0   272.91 0   272.88 0     0.0 0     0.0 0     0.0 0   -57.7 0   -57.7 0    -0.2 0    68.5 0     1.5 0    54.9 0  1014.5 0
 2019  11  1 11  7 35  7.583 157.17    -1.6 0    -0.4 0     0.0 0    -0.4 0   245.6 0   273.63 0   273.40 0   303.7 0   272.90 0   272.87 0     0.0 0     0.0 0     0.0 0   -58.1 0   -58.1 0    -0.2 0    68.4 0     1.1 0    51.8 0  1014.6 0
 2019  11  1 11  7 36  7.600 156.98    -1.6 0    -0.4 0     0.0 0    -0.4 0   245.6 0   273.63 0   273.39 0   303.0 0   272.89 0   272.85 0     0.0 0     0.0 0     0.0 0   -57.4 0   -57.4 0    -0.2 0    68.5 0     1.2 0    47.3 0  1014.6 0
 2019  11  1 11  7 37  7.617 156.80    -1.6 0    -0.4 0     0.0 0    -0.4 0   246.0 0   273.63 0   273.38 0   302.9 0   272.87 0   272.85 0     0.0 0     0.0 0     0.0 0   -56.9 0   -56.9 0    -0.2 0    68.4 0     1.3 0    30.7 0  1014.7 0
 2019  11  1 11  7 38  7.633 156.61    -1.6 0    -0.4 0     0.0 0    -0.5 0   246.3 0   273.61 0   273.36 0   303.7 0   272.87 0   272.84 0     0.0 0     0.0 0     0.0 0   -57.4 0   -57.4 0    -0.2 0    68.4 0     0.9 0    35.0 0  1014.7 0
 2019  11  1 11  7 39  7.650 156.43    -1.6 0    -0.4 0     0.0 0    -0.4 0   247.3 0   273.60 0   273.38 0   303.2 0   272.85 0   272.83 0     0.0 0     0.0 0     0.0 0   -55.9 0   -55.9 0    -0.2 0    68.5 0     0.8 0    40.4 0  1014.8 0
 2019  11  1 11  7 40  7.667 156.24    -1.6 0    -0.4 0     0.1 0    -0.4 0   248.1 0   273.58 0   273.37 0   303.3 0   272.85 0   272.83 0     0.0 0     0.0 0     0.0 0   -55.2 0   -55.2 0    -0.2 0    68.3 0     0.9 0    42.7 0  1014.8 0
 2019  11  1 11  7 41  7.683 156.05    -1.6 0    -0.4 0     0.2 0    -0.4 0   250.1 0   273.58 0   273.36 0   303.4 0   272.83 0   272.80 0     0.0 0     0.0 0     0.0 0   -53.3 0   -53.3 0    -0.2 0    68.3 0     1.3 0    49.9 0  1014.8 0
 2019  11  1 11  7 42  7.700 155.87    -1.6 0    -0.4 0     0.4 0    -0.4 0   253.3 0   273.58 0   273.37 0   304.3 0   272.83 0   272.80 0     0.0 0     0.0 0     0.0 0   -51.0 0   -51.0 0    -0.2 0    68.0 0     1.4 0    55.3 0  1014.8 0
 2019  11  1 11  7 43  7.717 155.68    -1.6 0    -0.4 0     0.4 0    -0.4 0   257.7 0   273.58 0   273.39 0   305.0 0   272.83 0   272.81 0     0.0 0     0.0 0     0.0 0   -47.3 0   -47.3 0    -0.2 0    67.6 0     1.4 0    42.7 0  1014.9 0
 2019  11  1 11  7 44  7.733 155.49    -1.6 0    -0.4 0     0.6 0    -0.4 0   263.1 0   273.58 0   273.41 0   306.4 0   272.83 0   272.80 0     0.0 0     0.0 0     0.0 0   -43.3 0   -43.3 0    -0.2 0    67.7 0     1.3 0    43.9 0  1014.9 0
 2019  11  1 11  7 45  7.750 155.30    -1.6 0    -0.4 0     0.5 0    -0.4 0   269.1 0   273.58 0   273.42 0   306.5 0   272.81 0   272.80 0     0.0 0     0.0 0     0.0 0   -37.3 0   -37.3 0    -0.2 0    67.9 0     0.7 0    38.6 0  1014.9 0
 2019  11  1 11  7 46  7.767 155.11    -1.6 0    -0.4 0     0.7 0    -0.4 0   275.6 0   273.58 0   273.43 0   307.4 0   272.80 0   272.80 0     0.0 0     0.0 0     0.0 0   -31.9 0   -31.9 0    -0.2 0    67.9 0     1.1 0    39.8 0  1014.8 0
 2019  11  1 11  7 47  7.783 154.92    -1.6 0    -0.4 0     0.8 0    -0.4 0   282.0 0   273.58 0   273.44 0   308.6 0   272.80 0   272.79 0     0.0 0     0.0 0     0.0 0   -26.6 0   -26.6 0    -0.2 0    68.2 0     1.1 0    49.1 0  1014.8 0
 2019  11  1 11  7 48  7.800 154.73    -1.6 0    -0.3 0     0.8 0    -0.4 0   288.8 0   273.60 0   273.46 0   310.1 0   272.80 0   272.78 0     0.0 0     0.0 0     0.0 0   -21.3 0   -21.3 0    -0.2 0    68.5 0     1.0 0    59.5 0  1014.8 0
 2019  11  1 11  7 49  7.817 154.54    -1.6 0    -0.3 0     0.8 0    -0.4 0   294.3 0   273.61 0   273.49 0   311.2 0   272.80 0   272.79 0     0.0 0     0.0 0     0.0 0   -16.9 0   -16.9 0    -0.2 0    68.3 0     1.4 0    54.3 0  1014.8 0
 2019  11  1 11  7 50  7.833 154.35    -1.6 0    -0.4 0     0.7 0    -0.4 0   298.3 0   273.62 0   273.50 0   312.3 0   272.80 0   272.80 0     0.0 0     0.0 0     0.0 0   -13.9 0   -13.9 0    -0.3 0    68.1 0     1.5 0    69.3 0  1014.8 0
 2019  11  1 11  7 51  7.850 154.16    -1.2 0    -0.4 0     0.4 0    -0.4 0   301.3 0   273.63 0   273.49 0   313.0 0   272.80 0   272.80 0     0.0 0     0.0 0     0.0 0   -11.6 0   -11.6 0    -0.3 0    68.0 0     1.3 0    69.2 0  1014.7 0
 2019  11  1 11  7 52  7.867 153.97    -1.2 0    -0.4 0     0.4 0    -0.4 0   303.1 0   273.63 0   273.51 0   313.7 0   272.80 0   272.80 0     0.0 0     0.0 0     0.0 0   -10.5 0   -10.5 0    -0.2 0    68.0 0     1.2 0    68.0 0  1014.7 0
 2019  11  1 11  7 53  7.883 153.77    -1.2 0    -0.3 0     0.4 0    -0.4 0   304.8 0   273.63 0   273.51 0   314.4 0   272.82 0   272.81 0     0.0 0     0.0 0     0.0 0    -9.6 0    -9.6 0    -0.2 0    68.2 0     1.2 0    65.2 0  1014.7 0
 2019  11  1 11  7 54  7.900 153.58    -1.2 0     0.0 0     0.0 0    -0.4 0   305.6 0   273.63 0   273.52 0   314.7 0   272.82 0   272.82 0     0.0 0     0.0 0     0.0 0    -9.1 0    -9.1 0    -0.2 0    68.6 0     1.2 0    75.7 0  1014.6 0
 2019  11  1 11  7 55  7.917 153.39    -1.2 0     0.0 0     0.0 0    -0.4 0   306.3 0   273.63 0   273.51 0   314.9 0   272.82 0   272.82 0     0.0 0     0.0 0     0.0 0    -8.6 0    -8.6 0    -0.2 0    68.8 0     1.0 0    73.9 0  1014.6 0
 2019  11  1 11  7 56  7.933 153.20    -1.2 0     0.0 0     0.2 0    -0.4 0   306.8 0   273.63 0   273.53 0   315.5 0   272.84 0   272.83 0     0.0 0     0.0 0     0.0 0    -8.6 0    -8.6 0    -0.2 0    69.0 0     1.6 0    74.3 0  1014.6 0
 2019  11  1 11  7 57  7.950 153.00    -1.2 0     0.0 0     0.6 0    -0.4 0   307.2 0   273.64 0   273.58 0   315.7 0   272.85 0   272.85 0     0.0 0     0.0 0     0.0 0    -8.5 0    -8.5 0    -0.2 0    69.1 0     1.0 0    62.1 0  1014.7 0
 2019  11  1 11  7 58  7.967 152.81    -1.2 0     0.0 0     0.5 0    -0.4 0   307.8 0   273.66 0   273.60 0   316.0 0   272.85 0   272.85 0     0.0 0     0.0 0     0.0 0    -8.2 0    -8.2 0    -0.2 0    69.2 0     0.8 0    49.7 0  1014.7 0
 2019  11  1 11  7 59  7.983 152.61    -1.2 0     0.0 0     0.5 0    -0.4 0   308.3 0   273.68 0   273.64 0   316.2 0   272.85 0   272.85 0     0.0 0     0.0 0     0.0 0    -7.9 0    -7.9 0    -0.2 0    69.5 0     0.8 0    63.8 0  1014.6 0
 2019  11  1 11  8  0  8.000 152.42    -1.2 0     0.0 0     0.5 0    -0.3 0   308.6 0   273.72 0   273.67 0   316.5 0   272.86 0   272.86 0     0.0 0     0.0 0     0.0 0    -8.0 0    -8.0 0    -0.2 0    69.2 0     1.2 0    62.6 0  1014.6 0
 2019  11  1 11  8  1  8.017 152.22    -1.2 0     0.0 0     0.5 0    -0.3 0   308.7 0   273.75 0   273.71 0   316.7 0   272.87 0   272.87 0     0.0 0     0.0 0     0.0 0    -8.0 0    -8.0 0    -0.2 0    68.9 0     1.4 0    57.1 0  1014.6 0
 2019  11  1 11  8  2  8.033 152.03    -1.2 0     0.0 0     0.8 0    -0.3 0   308.7 0   273.78 0   273.74 0   316.7 0   272.88 0   272.89 0     0.0 0     0.0 0     0.0 0    -8.1 0    -8.1 0    -0.2 0    68.8 0     1.5 0    53.5 0  1014.6 0
 2019  11  1 11  8  3  8.050 151.83    -1.2 0     0.0 0     0.8 0    -0.2 0   308.2 0   273.82 0   273.78 0   316.9 0   272.90 0   272.90 0     0.0 0     0.0 0     0.0 0    -8.7 0    -8.7 0    -0.2 0    69.1 0     0.8 0    51.8 0  1014.6 0
 2019  11  1 11  8  4  8.067 151.64    -1.3 0     0.0 0     0.8 0    -0.3 0   307.8 0   273.85 0   273.82 0   317.0 0   272.90 0   272.90 0     0.0 0     0.0 0     0.0 0    -9.3 0    -9.3 0    -0.2 0    69.1 0     1.2 0    47.3 0  1014.6 0
 2019  11  1 11  8  5  8.083 151.44    -1.4 0     0.0 0     0.8 0    -0.1 0   307.4 0   273.89 0   273.85 0   317.1 0   272.92 0   272.92 0     0.0 0     0.0 0     0.0 0    -9.7 0    -9.7 0    -0.2 0    69.2 0     1.3 0    44.9 0  1014.6 0
 2019  11  1 11  8  6  8.100 151.24    -1.5 0     0.0 0     0.8 0    -0.2 0   307.3 0   273.92 0   273.88 0   317.2 0   272.92 0   272.93 0     0.0 0     0.0 0     0.0 0    -9.9 0    -9.9 0    -0.2 0    69.0 0     1.0 0    60.4 0  1014.6 0
 2019  11  1 11  8  7  8.117 151.05    -1.5 0     0.0 0     0.8 0    -0.3 0   307.1 0   273.96 0   273.90 0   317.5 0   272.94 0   272.94 0     0.0 0     0.0 0     0.0 0   -10.3 0   -10.3 0    -0.1 0    68.3 0     1.4 0    58.4 0  1014.5 0
 2019  11  1 11  8  8  8.133 150.85    -1.6 0     0.0 0     0.8 0    -0.2 0   306.9 0   273.98 0   273.92 0   317.3 0   272.94 0   272.95 0     0.0 0     0.0 0     0.0 0   -10.4 0   -10.4 0    -0.1 0    68.3 0     1.4 0    77.9 0  1014.5 0
 2019  11  1 11  8  9  8.150 150.65    -1.6 0     0.0 0     0.8 0    -0.3 0   306.5 0   274.01 0   273.94 0   317.5 0   272.97 0   272.97 0     0.0 0     0.0 0     0.0 0   -10.9 0   -10.9 0    -0.1 0    68.3 0     1.7 0    73.0 0  1014.4 0
 2019  11  1 11  8 10  8.167 150.45    -1.6 0     0.0 0     0.8 0    -0.4 0   306.1 0   274.04 0   273.97 0   317.4 0   272.98 0   272.98 0     0.0 0     0.0 0     0.0 0   -11.2 0   -11.2 0    -0.1 0    69.1 0     1.5 0    80.2 0  1014.4 0
 2019  11  1 11  8 11  8.183 150.26    -1.6 0     0.0 0     0.8 0    -0.4 0   305.8 0   274.06 0   273.98 0   317.5 0   272.99 0   272.99 0     0.0 0     0.0 0     0.0 0   -11.7 0   -11.7 0    -0.1 0    69.4 0     1.6 0    76.7 0  1014.4 0
 2019  11  1 11  8 12  8.200 150.06    -1.5 0     0.0 0     0.8 0    -0.4 0   305.3 0   274.08 0   274.00 0   317.4 0   273.00 0   273.00 0     0.0 0     0.0 0     0.0 0   -12.0 0   -12.0 0    -0.1 0    69.2 0     1.6 0    73.9 0  1014.4 0
 2019  11  1 11  8 13  8.217 149.86    -1.4 0     0.0 0     0.8 0    -0.4 0   304.7 0   274.10 0   274.02 0   317.5 0   273.02 0   273.03 0     0.0 0     0.0 0     0.0 0   -12.8 0   -12.8 0    -0.1 0    68.7 0     1.1 0    65.1 0  1014.4 0
 2019  11  1 11  8 14  8.233 149.66    -1.6 0     0.0 0     0.8 0    -0.4 0   303.6 0   274.12 0   274.05 0   317.5 0   273.03 0   273.04 0     0.0 0     0.0 0     0.0 0   -13.9 0   -13.9 0     0.0 0    69.4 0     0.7 0    61.2 0  1014.5 0
 2019  11  1 11  8 15  8.250 149.46    -1.6 0     0.0 0     0.8 0    -0.4 0   302.4 0   274.15 0   274.09 0   317.6 0   273.04 0   273.04 0     0.0 0     0.0 0     0.0 0   -15.2 0   -15.2 0     0.0 0    68.5 0     1.1 0    69.9 0  1014.5 0
 2019  11  1 11  8 16  8.267 149.26    -1.6 0     0.0 0     0.8 0    -0.4 0   300.5 0   274.17 0   274.11 0   317.2 0   273.05 0   273.06 0     0.0 0     0.0 0     0.0 0   -16.8 0   -16.8 0     0.0 0    68.0 0     1.4 0    64.4 0  1014.5 0
 2019  11  1 11  8 17  8.283 149.06    -1.6 0     0.0 0     0.8 0    -0.4 0   298.0 0   274.21 0   274.12 0   317.1 0   273.07 0   273.07 0     0.0 0     0.0 0     0.0 0   -19.2 0   -19.2 0     0.0 0    68.0 0     0.9 0    48.3 0  1014.5 0
 2019  11  1 11  8 18  8.300 148.86    -1.6 0     0.0 0     0.8 0    -0.4 0   294.6 0   274.23 0   274.14 0   316.8 0   273.08 0   273.09 0     0.0 0     0.0 0     0.0 0   -22.2 0   -22.2 0     0.1 0    67.9 0     1.0 0    54.2 0  1014.5 0
 2019  11  1 11  8 19  8.317 148.66    -1.5 0     0.0 0     0.8 0    -0.4 0   291.1 0   274.25 0   274.17 0   316.4 0   273.09 0   273.10 0     0.0 0     0.0 0     0.0 0   -25.3 0   -25.3 0     0.1 0    67.5 0     0.9 0    28.1 0  1014.5 0
 2019  11  1 11  8 20  8.333 148.46    -1.6 0     0.0 0     0.8 0    -0.4 0   287.6 0   274.27 0   274.18 0   315.8 0   273.10 0   273.12 0     0.0 0     0.0 0     0.0 0   -28.2 0   -28.2 0     0.1 0    67.4 0     1.0 0    38.5 0  1014.6 0
 2019  11  1 11  8 21  8.350 148.26    -1.6 0     0.0 0     0.8 0    -0.4 0   284.8 0   274.30 0   274.20 0   315.4 0   273.12 0   273.12 0     0.0 0     0.0 0     0.0 0   -30.7 0   -30.7 0     0.2 0    66.7 0     0.7 0    41.1 0  1014.6 0
 2019  11  1 11  8 22  8.367 148.06    -1.6 0     0.0 0     0.8 0    -0.4 0   282.3 0   274.32 0   274.21 0   315.1 0   273.13 0   273.14 0     0.0 0     0.0 0     0.0 0   -32.7 0   -32.7 0     0.2 0    66.1 0     1.0 0    32.6 0  1014.7 0
 2019  11  1 11  8 23  8.383 147.86    -1.6 0     0.0 0     0.8 0    -0.4 0   280.5 0   274.34 0   274.22 0   314.8 0   273.14 0   273.14 0     0.0 0     0.0 0     0.0 0   -34.3 0   -34.3 0     0.2 0    66.1 0     0.8 0    53.2 0  1014.7 0
 2019  11  1 11  8 24  8.400 147.66    -1.6 0     0.1 0     0.8 0    -0.4 0   279.2 0   274.36 0   274.24 0   314.1 0   273.14 0   273.14 0     0.0 0     0.0 0     0.0 0   -35.0 0   -35.0 0     0.3 0    66.0 0     0.5 0    64.4 0  1014.7 0
 2019  11  1 11  8 25  8.417 147.46    -1.6 0     0.1 0     0.8 0    -0.4 0   277.8 0   274.38 0   274.24 0   314.1 0   273.16 0   273.15 0     0.0 0     0.0 0     0.0 0   -36.3 0   -36.3 0     0.3 0    65.6 0     1.1 0    76.0 0  1014.7 0
 2019  11  1 11  8 26  8.433 147.26    -1.6 0     0.0 0     0.8 0    -0.4 0   276.2 0   274.38 0   274.24 0   313.5 0   273.17 0   273.17 0     0.0 0     0.0 0     0.0 0   -37.3 0   -37.3 0     0.3 0    65.3 0     0.7 0    87.6 0  1014.6 0
 2019  11  1 11  8 27  8.450 147.06    -1.6 0     0.3 0     0.8 0    -0.4 0   274.5 0   274.41 0   274.24 0   313.1 0   273.17 0   273.17 0     0.0 0     0.0 0     0.0 0   -38.6 0   -38.6 0     0.3 0    65.4 0     0.6 0    97.6 0  1014.6 0
 2019  11  1 11  8 28  8.467 146.86    -1.6 0     0.3 0     0.7 0    -0.4 0   272.4 0   274.41 0   274.24 0   312.5 0   273.18 0   273.17 0     0.0 0     0.0 0     0.0 0   -40.1 0   -40.1 0     0.3 0    65.7 0     0.5 0   120.5 0  1014.6 0
 2019  11  1 11  8 29  8.483 146.65    -1.6 0     0.1 0     0.2 0    -0.4 0   270.2 0   274.41 0   274.22 0   312.4 0   273.19 0   273.19 0     0.0 0     0.0 0     0.0 0   -42.2 0   -42.2 0     0.4 0    64.1 0     1.0 0   103.3 0  1014.5 0
 2019  11  1 11  8 30  8.500 146.45    -1.6 0     0.0 0     0.0 0    -0.4 0   267.6 0   274.40 0   274.21 0   311.6 0   273.19 0   273.19 0     0.0 0     0.0 0     0.0 0   -44.0 0   -44.0 0     0.4 0    64.7 0     0.5 0   128.1 0  1014.5 0
 2019  11  1 11  8 31  8.517 146.25    -1.6 0     0.0 0     0.0 0    -0.4 0   264.8 0   274.38 0   274.19 0   311.0 0   273.19 0   273.19 0     0.0 0     0.0 0     0.0 0   -46.2 0   -46.2 0     0.4 0    64.6 0     0.8 0   102.3 0  1014.6 0
 2019  11  1 11  8 32  8.533 146.05    -1.6 0     0.0 0     0.2 0    -0.4 0   263.1 0   274.38 0   274.18 0   310.6 0   273.20 0   273.22 0     0.0 0     0.0 0     0.0 0   -47.6 0   -47.6 0     0.4 0    63.6 0     1.1 0   106.3 0  1014.6 0
 2019  11  1 11  8 33  8.550 145.85    -1.6 0     0.0 0     0.1 0    -0.4 0   261.2 0   274.37 0   274.18 0   311.0 0   273.22 0   273.22 0     0.0 0     0.0 0     0.0 0   -49.7 0   -49.7 0     0.5 0    63.4 0     1.2 0    91.2 0  1014.7 0
 2019  11  1 11  8 34  8.567 145.64    -1.6 0     0.0 0     0.1 0    -0.4 0   259.9 0   274.36 0   274.17 0   310.8 0   273.22 0   273.22 0     0.0 0     0.0 0     0.0 0   -50.9 0   -50.9 0     0.5 0    63.3 0     1.1 0    82.9 0  1014.7 0
 2019  11  1 11  8 35  8.583 145.44    -1.6 0     0.0 0     0.0 0    -0.4 0   258.9 0   274.36 0   274.17 0   310.1 0   273.24 0   273.23 0     0.0 0     0.0 0     0.0 0   -51.2 0   -51.2 0     0.5 0    63.5 0     1.3 0    87.4 0  1014.6 0
 2019  11  1 11  8 36  8.600 145.24    -1.6 0     0.0 0     0.0 0    -0.4 0   258.0 0   274.36 0   274.13 0   310.1 0   273.24 0   273.24 0     0.0 0     0.0 0     0.0 0   -52.1 0   -52.1 0     0.5 0    62.7 0     1.8 0    79.9 0  1014.5 0
 2019  11  1 11  8 37  8.617 145.04    -1.6 0     0.0 0     0.0 0    -0.4 0   257.4 0   274.35 0   274.10 0   310.4 0   273.25 0   273.25 0     0.0 0     0.0 0     0.0 0   -53.0 0   -53.0 0     0.5 0    63.1 0     2.0 0    87.9 0  1014.4 0
 2019  11  1 11  8 38  8.633 144.83    -1.6 0     0.0 0     0.0 0    -0.4 0   256.9 0   274.34 0   274.07 0   310.9 0   273.26 0   273.26 0     0.0 0     0.0 0     0.0 0   -54.0 0   -54.0 0     0.5 0    63.0 0     2.8 0    88.2 0  1014.3 0
 2019  11  1 11  8 39  8.650 144.63    -1.5 0     0.0 0     0.0 0    -0.7 0   256.3 0   274.31 0   274.01 0   310.6 0   273.28 0   273.27 0     0.0 0     0.0 0     0.0 0   -54.3 0   -54.3 0     0.4 0    63.8 0     2.8 0    85.4 0  1014.2 0
 2019  11  1 11  8 40  8.667 144.43    -1.6 0    -0.2 0     0.0 0    -0.5 0   256.4 0   274.29 0   274.03 0   311.3 0   273.29 0   273.31 0     0.0 0     0.0 0     0.0 0   -54.9 0   -54.9 0     0.4 0    62.3 0     3.6 0    87.1 0  1014.2 0
 2019  11  1 11  8 41  8.683 144.22    -1.7 0    -0.4 0     0.0 0    -0.4 0   256.6 0   274.28 0   274.05 0   311.8 0   273.31 0   273.32 0     0.0 0     0.0 0     0.0 0   -55.2 0   -55.2 0     0.4 0    62.2 0     3.2 0    91.3 0  1014.2 0
 2019  11  1 11  8 42  8.700 144.02    -2.0 0    -0.4 0     0.0 0    -0.4 0   256.9 0   274.28 0   274.09 0   312.1 0   273.34 0   273.36 0     0.0 0     0.0 0     0.0 0   -55.3 0   -55.3 0     0.5 0    61.6 0     3.5 0    80.8 0  1014.2 0
 2019  11  1 11  8 43  8.717 143.82    -2.0 0    -0.4 0     0.0 0    -0.4 0   257.3 0   274.29 0   274.11 0   311.4 0   273.36 0   273.38 0     0.0 0     0.0 0     0.0 0   -54.1 0   -54.1 0     0.5 0    62.0 0     2.0 0    59.1 0  1014.3 0
 2019  11  1 11  8 44  8.733 143.61    -2.0 0    -0.1 0     0.0 0    -0.4 0   258.0 0   274.31 0   274.11 0   311.3 0   273.39 0   273.39 0     0.0 0     0.0 0     0.0 0   -53.3 0   -53.3 0     0.5 0    61.7 0     1.9 0    81.4 0  1014.4 0
 2019  11  1 11  8 45  8.750 143.41    -2.0 0    -0.1 0     0.0 0    -0.4 0   258.1 0   274.31 0   274.13 0   311.6 0   273.39 0   273.41 0     0.0 0     0.0 0     0.0 0   -53.5 0   -53.5 0     0.5 0    61.7 0     2.2 0    84.0 0  1014.4 0
 2019  11  1 11  8 46  8.767 143.20    -2.0 0    -0.2 0     0.0 0    -0.4 0   257.4 0   274.33 0   274.14 0   311.7 0   273.41 0   273.43 0     0.0 0     0.0 0     0.0 0   -54.3 0   -54.3 0     0.5 0    61.2 0     2.8 0    87.4 0  1014.4 0
 2019  11  1 11  8 47  8.783 143.00    -2.0 0    -0.3 0     0.0 0    -0.4 0   255.7 0   274.34 0   274.16 0   311.7 0   273.43 0   273.44 0     0.0 0     0.0 0     0.0 0   -56.0 0   -56.0 0     0.5 0    61.3 0     2.0 0    72.7 0  1014.4 0
 2019  11  1 11  8 48  8.800 142.80    -2.0 0    -0.3 0     0.0 0    -0.4 0   254.2 0   274.36 0   274.16 0   311.1 0   273.44 0   273.46 0     0.0 0     0.0 0     0.0 0   -56.9 0   -56.9 0     0.6 0    60.7 0     2.3 0    74.7 0  1014.5 0
 2019  11  1 11  8 49  8.817 142.59    -2.0 0    -0.3 0     0.0 0    -0.4 0   252.8 0   274.36 0   274.17 0   311.2 0   273.46 0   273.47 0     0.0 0     0.0 0     0.0 0   -58.4 0   -58.4 0     0.6 0    60.7 0     2.7 0    85.6 0  1014.5 0
 2019  11  1 11  8 50  8.833 142.39    -2.0 0    -0.4 0     0.0 0    -0.4 0   252.2 0   274.38 0   274.18 0   311.2 0   273.48 0   273.48 0     0.0 0     0.0 0     0.0 0   -59.1 0   -59.1 0     0.6 0    60.5 0     2.8 0    82.1 0  1014.5 0
 2019  11  1 11  8 51  8.850 142.18    -2.0 0    -0.4 0     0.0 0    -0.4 0   251.9 0   274.39 0   274.20 0   310.8 0   273.49 0   273.50 0     0.0 0     0.0 0     0.0 0   -58.8 0   -58.8 0     0.6 0    60.5 0     1.7 0    61.3 0  1014.5 0
 2019  11  1 11  8 52  8.867 141.98    -2.0 0     0.0 0     0.0 0    -0.4 0   251.8 0   274.41 0   274.22 0   310.0 0   273.51 0   273.51 0     0.0 0     0.0 0     0.0 0   -58.2 0   -58.2 0     0.6 0    60.4 0     1.7 0    78.9 0  1014.5 0
 2019  11  1 11  8 53  8.883 141.77    -2.0 0     0.0 0     0.0 0    -0.4 0   251.8 0   274.42 0   274.21 0   309.7 0   273.51 0   273.51 0     0.0 0     0.0 0     0.0 0   -57.9 0   -57.9 0     0.6 0    60.6 0     1.7 0    63.5 0  1014.5 0
 2019  11  1 11  8 54  8.900 141.57    -2.0 0     0.0 0     0.0 0    -0.4 0   252.0 0   274.43 0   274.22 0   309.6 0   273.51 0   273.51 0     0.0 0     0.0 0     0.0 0   -57.7 0   -57.7 0     0.6 0    61.0 0     1.5 0    71.9 0  1014.6 0
 2019  11  1 11  8 55  8.917 141.36    -2.0 0     0.0 0     0.0 0    -0.4 0   252.1 0   274.43 0   274.24 0   309.8 0   273.53 0   273.52 0     0.0 0     0.0 0     0.0 0   -57.7 0   -57.7 0     0.5 0    60.7 0     1.3 0    69.0 0  1014.6 0
 2019  11  1 11  8 56  8.933 141.16    -2.0 0     0.0 0     0.0 0    -0.4 0   252.2 0   274.45 0   274.24 0   309.7 0   273.53 0   273.53 0     0.0 0     0.0 0     0.0 0   -57.5 0   -57.5 0     0.5 0    60.5 0     1.6 0    42.0 0  1014.6 0
 2019  11  1 11  8 57  8.950 140.95    -2.0 0     0.0 0     0.0 0    -0.4 0   252.5 0   274.46 0   274.25 0   310.0 0   273.53 0   273.53 0     0.0 0     0.0 0     0.0 0   -57.4 0   -57.4 0     0.5 0    59.8 0     1.5 0    79.9 0  1014.7 0
 2019  11  1 11  8 58  8.967 140.75    -2.0 0    -0.2 0     0.0 0    -0.4 0   252.3 0   274.46 0   274.26 0   309.5 0   273.53 0   273.53 0     0.0 0     0.0 0     0.0 0   -57.2 0   -57.2 0     0.6 0    59.6 0     1.2 0    62.3 0  1014.7 0
 2019  11  1 11  8 59  8.983 140.54    -2.0 0     0.0 0     0.0 0    -0.4 0   252.2 0   274.46 0   274.26 0   308.1 0   273.53 0   273.53 0     0.0 0     0.0 0     0.0 0   -55.9 0   -55.9 0     0.6 0    59.6 0     0.9 0    36.3 0  1014.7 0
 2019  11  1 11  9  0  9.000 140.34    -1.7 0     0.0 0     0.0 0    -0.7 0   252.2 0   274.46 0   274.23 0   308.2 0   273.53 0   273.52 0     0.0 0     0.0 0     0.0 0   -56.0 0   -56.0 0     0.6 0    59.6 0     1.1 0    56.3 0  1014.8 0
 2019  11  1 11  9  1  9.017 140.13    -1.7 0    -0.1 0     0.0 0    -0.5 0   252.5 0   274.46 0   274.24 0   307.8 0   273.53 0   273.53 0     0.0 0     0.0 0     0.0 0   -55.2 0   -55.2 0     0.6 0    59.3 0     1.0 0   358.5 0  1014.8 0
 2019  11  1 11  9  2  9.033 139.93    -1.6 0    -0.1 0     0.0 0    -0.7 0   252.5 0   274.45 0   274.20 0   307.6 0   273.53 0   273.53 0     0.0 0     0.0 0     0.0 0   -55.1 0   -55.1 0     0.6 0    59.4 0     1.0 0    30.1 0  1014.8 0
 2019  11  1 11  9  3  9.050 139.72    -1.6 0    -0.1 0     0.0 0    -0.8 0   252.6 0   274.43 0   274.19 0   307.5 0   273.53 0   273.52 0     0.0 0     0.0 0     0.0 0   -55.0 0   -55.0 0     0.6 0    59.7 0     0.9 0    17.0 0  1014.8 0
 2019  11  1 11  9  4  9.067 139.52    -1.6 0    -0.1 0     0.0 0    -0.7 0   252.9 0   274.41 0   274.17 0   307.1 0   273.53 0   273.51 0     0.0 0     0.0 0     0.0 0   -54.2 0   -54.2 0     0.6 0    59.8 0     1.2 0    15.8 0  1014.8 0
 2019  11  1 11  9  5  9.083 139.31    -1.6 0    -0.3 0     0.1 0    -0.7 0   253.2 0   274.40 0   274.15 0   306.8 0   273.53 0   273.52 0     0.0 0     0.0 0     0.0 0   -53.7 0   -53.7 0     0.6 0    59.1 0     1.2 0     9.4 0  1014.8 0
 2019  11  1 11  9  6  9.100 139.11    -1.6 0    -0.4 0     0.3 0    -0.6 0   253.4 0   274.38 0   274.16 0   306.2 0   273.53 0   273.52 0     0.0 0     0.0 0     0.0 0   -52.7 0   -52.7 0     0.6 0    59.1 0     0.5 0    31.0 0  1014.8 0
 2019  11  1 11  9  7  9.117 138.90    -1.6 0    -0.2 0     0.6 0    -0.4 0   253.9 0   274.38 0   274.17 0   305.4 0   273.52 0   273.50 0     0.0 0     0.0 0     0.0 0   -51.6 0   -51.6 0     0.7 0    59.5 0     0.1 0    25.9 0  1014.8 0
 2019  11  1 11  9  8  9.133 138.70    -1.6 0    -0.1 0     0.2 0    -0.4 0   254.2 0   274.38 0   274.17 0   305.2 0   273.51 0   273.49 0     0.0 0     0.0 0     0.0 0   -51.0 0   -51.0 0     0.6 0    59.5 0     0.2 0   101.2 0  1014.7 0
 2019  11  1 11  9  9  9.150 138.49    -1.6 0    -0.3 0     0.4 0    -0.4 0   254.3 0   274.38 0   274.17 0   305.7 0   273.50 0   273.48 0     0.0 0     0.0 0     0.0 0   -51.4 0   -51.4 0     0.6 0    59.2 0     0.6 0    91.3 0  1014.7 0
 2019  11  1 11  9 10  9.167 138.28    -1.6 0    -0.2 0     0.0 0    -0.4 0   254.0 0   274.37 0   274.15 0   305.4 0   273.48 0   273.46 0     0.0 0     0.0 0     0.0 0   -51.4 0   -51.4 0     0.6 0    59.2 0     0.7 0   108.5 0  1014.7 0
 2019  11  1 11  9 11  9.183 138.08    -1.6 0    -0.3 0     0.1 0    -0.4 0   253.8 0   274.36 0   274.15 0   305.5 0   273.48 0   273.45 0     0.0 0     0.0 0     0.0 0   -51.8 0   -51.8 0     0.6 0    59.1 0     0.9 0   115.9 0  1014.7 0
 2019  11  1 11  9 12  9.200 137.87    -1.7 0    -0.4 0     0.0 0    -0.4 0   253.6 0   274.36 0   274.14 0   306.5 0   273.47 0   273.45 0     0.0 0     0.0 0     0.0 0   -52.9 0   -52.9 0     0.6 0    59.0 0     1.7 0   110.2 0  1014.6 0
 2019  11  1 11  9 13  9.217 137.67    -1.8 0    -0.4 0     0.0 0    -0.4 0   253.5 0   274.36 0   274.13 0   307.9 0   273.47 0   273.47 0     0.0 0     0.0 0     0.0 0   -54.4 0   -54.4 0     0.6 0    57.9 0     1.8 0   105.4 0  1014.5 0
 2019  11  1 11  9 14  9.233 137.46    -1.7 0    -0.4 0     0.0 0    -0.4 0   252.8 0   274.34 0   274.11 0   308.0 0   273.47 0   273.46 0     0.0 0     0.0 0     0.0 0   -55.2 0   -55.2 0     0.6 0    58.2 0     2.2 0   105.1 0  1014.5 0
 2019  11  1 11  9 15  9.250 137.25    -1.6 0    -0.4 0     0.0 0    -0.4 0   252.7 0   274.33 0   274.08 0   308.7 0   273.48 0   273.46 0     0.0 0     0.0 0     0.0 0   -56.0 0   -56.0 0     0.6 0    58.8 0     2.1 0   104.6 0  1014.5 0
 2019  11  1 11  9 16  9.267 137.05    -1.6 0    -0.4 0     0.0 0    -0.4 0   253.0 0   274.31 0   274.07 0   308.7 0   273.48 0   273.46 0     0.0 0     0.0 0     0.0 0   -55.7 0   -55.7 0     0.5 0    58.8 0     1.9 0   104.2 0  1014.5 0
 2019  11  1 11  9 17  9.283 136.84    -1.7 0    -0.4 0     0.0 0    -0.4 0   253.1 0   274.31 0   274.06 0   309.3 0   273.48 0   273.46 0     0.0 0     0.0 0     0.0 0   -56.2 0   -56.2 0     0.5 0    59.0 0     2.4 0   107.5 0  1014.4 0
 2019  11  1 11  9 18  9.300 136.64    -1.8 0    -0.4 0     0.0 0    -0.4 0   253.3 0   274.29 0   274.06 0   309.4 0   273.48 0   273.46 0     0.0 0     0.0 0     0.0 0   -56.1 0   -56.1 0     0.5 0    59.1 0     2.4 0   102.6 0  1014.4 0
 2019  11  1 11  9 19  9.317 136.43    -1.7 0    -0.2 0     0.0 0    -0.4 0   253.3 0   274.29 0   274.04 0   308.9 0   273.48 0   273.46 0     0.0 0     0.0 0     0.0 0   -55.6 0   -55.6 0     0.5 0    59.3 0     2.0 0   100.5 0  1014.4 0
 2019  11  1 11  9 20  9.333 136.22    -1.6 0     0.0 0     0.0 0    -0.5 0   253.4 0   274.26 0   274.00 0   307.9 0   273.48 0   273.46 0     0.0 0     0.0 0     0.0 0   -54.5 0   -54.5 0     0.5 0    59.6 0     2.0 0   101.5 0  1014.4 0
 2019  11  1 11  9 21  9.350 136.02    -1.6 0     0.0 0     0.0 0    -0.7 0   253.8 0   274.24 0   273.95 0   308.5 0   273.48 0   273.46 0     0.0 0     0.0 0     0.0 0   -54.7 0   -54.7 0     0.4 0    59.5 0     2.2 0    95.5 0  1014.4 0
 2019  11  1 11  9 22  9.367 135.81    -1.6 0     0.0 0     0.0 0    -0.8 0   254.5 0   274.21 0   273.95 0   308.5 0   273.48 0   273.46 0     0.0 0     0.0 0     0.0 0   -54.0 0   -54.0 0     0.4 0    59.8 0     1.7 0    98.8 0  1014.4 0
 2019  11  1 11  9 23  9.383 135.60    -1.6 0     0.0 0     0.0 0    -0.7 0   254.9 0   274.18 0   273.96 0   308.2 0   273.48 0   273.45 0     0.0 0     0.0 0     0.0 0   -53.3 0   -53.3 0     0.4 0    59.9 0     1.7 0   113.7 0  1014.5 0
 2019  11  1 11  9 24  9.400 135.40    -1.6 0     0.0 0     0.0 0    -0.4 0   255.7 0   274.17 0   273.96 0   308.0 0   273.47 0   273.45 0     0.0 0     0.0 0     0.0 0   -52.4 0   -52.4 0     0.4 0    59.9 0     1.4 0   111.7 0  1014.5 0
 2019  11  1 11  9 25  9.417 135.19    -1.6 0     0.0 0     0.0 0    -0.4 0   256.4 0   274.16 0   273.97 0   307.2 0   273.46 0   273.43 0     0.0 0     0.0 0     0.0 0   -50.8 0   -50.8 0     0.4 0    59.8 0     0.8 0   101.1 0  1014.6 0
 2019  11  1 11  9 26  9.433 134.99    -1.6 0     0.0 0     0.0 0    -0.4 0   257.5 0   274.16 0   273.98 0   306.5 0   273.46 0   273.43 0     0.0 0     0.0 0     0.0 0   -49.0 0   -49.0 0     0.4 0    59.5 0     0.4 0   121.2 0  1014.7 0
 2019  11  1 11  9 27  9.450 134.78    -1.6 0     0.0 0     0.0 0    -0.4 0   258.4 0   274.16 0   273.99 0   305.7 0   273.46 0   273.43 0     0.0 0     0.0 0     0.0 0   -47.3 0   -47.3 0     0.4 0    59.7 0     0.3 0   131.1 0  1014.7 0
 2019  11  1 11  9 28  9.467 134.57    -1.6 0    -0.1 0     0.0 0    -0.4 0   259.3 0   274.16 0   273.98 0   305.7 0   273.43 0   273.41 0     0.0 0     0.0 0     0.0 0   -46.3 0   -46.3 0     0.4 0    59.6 0     0.6 0   106.0 0  1014.8 0
 2019  11  1 11  9 29  9.483 134.37    -1.6 0    -0.2 0     0.0 0    -0.4 0   259.8 0   274.16 0   273.97 0   305.9 0   273.43 0   273.40 0     0.0 0     0.0 0     0.0 0   -46.1 0   -46.1 0     0.4 0    59.7 0     0.4 0   102.5 0  1014.8 0
 2019  11  1 11  9 30  9.500 134.16    -1.6 0    -0.4 0     0.2 0    -0.4 0   259.6 0   274.16 0   273.98 0   305.8 0   273.42 0   273.39 0     0.0 0     0.0 0     0.0 0   -46.2 0   -46.2 0     0.4 0    59.2 0     0.7 0   101.4 0  1014.8 0
 2019  11  1 11  9 31  9.517 133.95    -1.6 0    -0.4 0     0.2 0    -0.4 0   258.8 0   274.16 0   273.98 0   305.8 0   273.41 0   273.39 0     0.0 0     0.0 0     0.0 0   -47.0 0   -47.0 0     0.4 0    59.2 0     0.9 0   105.5 0  1014.8 0
 2019  11  1 11  9 32  9.533 133.75    -1.6 0    -0.4 0     0.3 0    -0.4 0   257.9 0   274.16 0   273.98 0   305.3 0   273.39 0   273.37 0     0.0 0     0.0 0     0.0 0   -47.5 0   -47.5 0     0.4 0    59.6 0     0.6 0    70.4 0  1014.7 0
 2019  11  1 11  9 33  9.550 133.54    -1.6 0    -0.3 0     0.5 0    -0.6 0   257.0 0   274.16 0   273.96 0   305.2 0   273.39 0   273.35 0     0.0 0     0.0 0     0.0 0   -48.2 0   -48.2 0     0.4 0    59.8 0     0.9 0    59.8 0  1014.7 0
 2019  11  1 11  9 34  9.567 133.33    -1.3 0    -0.3 0     0.2 0    -0.7 0   256.7 0   274.16 0   273.93 0   305.2 0   273.37 0   273.34 0     0.0 0     0.0 0     0.0 0   -48.4 0   -48.4 0     0.4 0    59.8 0     1.1 0    83.9 0  1014.6 0
 2019  11  1 11  9 35  9.583 133.13    -1.2 0    -0.4 0     0.1 0    -0.9 0   256.5 0   274.15 0   273.88 0   304.8 0   273.36 0   273.33 0     0.0 0     0.0 0     0.0 0   -48.3 0   -48.3 0     0.3 0    60.1 0     0.9 0    84.3 0  1014.6 0
 2019  11  1 11  9 36  9.600 132.92    -1.2 0    -0.4 0     0.0 0    -1.1 0   256.9 0   274.12 0   273.83 0   304.2 0   273.34 0   273.31 0     0.0 0     0.0 0     0.0 0   -47.3 0   -47.3 0     0.3 0    60.4 0     1.0 0    80.2 0  1014.6 0
 2019  11  1 11  9 37  9.617 132.71    -1.2 0    -0.4 0     0.3 0    -1.1 0   257.5 0   274.09 0   273.80 0   304.6 0   273.33 0   273.29 0     0.0 0     0.0 0     0.0 0   -47.1 0   -47.1 0     0.2 0    60.6 0     1.0 0    83.4 0  1014.7 0
 2019  11  1 11  9 38  9.633 132.51    -1.2 0    -0.4 0     0.3 0    -1.1 0   258.6 0   274.05 0   273.77 0   304.6 0   273.31 0   273.28 0     0.0 0     0.0 0     0.0 0   -46.0 0   -46.0 0     0.2 0    60.7 0     0.9 0    79.1 0  1014.7 0
 2019  11  1 11  9 39  9.650 132.30    -1.2 0    -0.4 0     0.4 0    -1.0 0   260.5 0   274.02 0   273.75 0   305.0 0   273.31 0   273.27 0     0.0 0     0.0 0     0.0 0   -44.6 0   -44.6 0     0.2 0    60.5 0     0.7 0    95.7 0  1014.7 0
 2019  11  1 11  9 40  9.667 132.09    -1.2 0    -0.4 0     0.7 0    -0.8 0   262.6 0   273.99 0   273.75 0   305.2 0   273.29 0   273.26 0     0.0 0     0.0 0     0.0 0   -42.6 0   -42.6 0     0.2 0    60.8 0     0.1 0    66.7 0  1014.7 0
 2019  11  1 11  9 41  9.683 131.89    -1.2 0    -0.4 0     0.7 0    -0.8 0   265.1 0   273.97 0   273.74 0   305.9 0   273.28 0   273.24 0     0.0 0     0.0 0     0.0 0   -40.8 0   -40.8 0     0.2 0    61.0 0     0.4 0    51.8 0  1014.8 0
 2019  11  1 11  9 42  9.700 131.68    -1.2 0    -0.4 0     0.7 0    -0.8 0   267.6 0   273.95 0   273.71 0   306.3 0   273.26 0   273.24 0     0.0 0     0.0 0     0.0 0   -38.6 0   -38.6 0     0.2 0    60.9 0     0.2 0    74.8 0  1014.8 0
 2019  11  1 11  9 43  9.717 131.47    -1.2 0    -0.4 0     0.8 0    -0.7 0   270.3 0   273.92 0   273.71 0   307.0 0   273.25 0   273.23 0     0.0 0     0.0 0     0.0 0   -36.6 0   -36.6 0     0.2 0    60.9 0     0.7 0    54.2 0  1014.8 0
 2019  11  1 11  9 44  9.733 131.27    -1.2 0    -0.4 0     0.7 0    -0.5 0   272.6 0   273.91 0   273.73 0   307.4 0   273.24 0   273.22 0     0.0 0     0.0 0     0.0 0   -34.8 0   -34.8 0     0.2 0    61.3 0     0.5 0    45.7 0  1014.8 0
 2019  11  1 11  9 45  9.750 131.06    -1.2 0    -0.4 0     0.8 0    -0.4 0   274.0 0   273.90 0   273.71 0   307.8 0   273.23 0   273.19 0     0.0 0     0.0 0     0.0 0   -33.8 0   -33.8 0     0.2 0    61.6 0     0.5 0    40.9 0  1014.8 0
 2019  11  1 11  9 46  9.767 130.85    -1.2 0    -0.4 0     0.5 0    -0.4 0   275.4 0   273.90 0   273.70 0   308.0 0   273.22 0   273.19 0     0.0 0     0.0 0     0.0 0   -32.6 0   -32.6 0     0.1 0    62.3 0     0.4 0    43.4 0  1014.8 0
 2019  11  1 11  9 47  9.783 130.65    -1.2 0    -0.4 0     0.3 0    -0.6 0   276.2 0   273.87 0   273.65 0   308.5 0   273.20 0   273.18 0     0.0 0     0.0 0     0.0 0   -32.3 0   -32.3 0     0.1 0    62.4 0     0.5 0    64.0 0  1014.8 0
 2019  11  1 11  9 48  9.800 130.44    -1.2 0    -0.4 0     0.1 0    -0.8 0   277.7 0   273.86 0   273.62 0   309.0 0   273.19 0   273.17 0     0.0 0     0.0 0     0.0 0   -31.3 0   -31.3 0     0.1 0    61.6 0     0.4 0    73.6 0  1014.8 0
 2019  11  1 11  9 49  9.817 130.23    -1.0 0    -0.4 0     0.6 0    -0.8 0   279.0 0   273.82 0   273.59 0   309.2 0   273.19 0   273.16 0     0.0 0     0.0 0     0.0 0   -30.2 0   -30.2 0     0.1 0    61.8 0     0.2 0    79.3 0  1014.7 0
 2019  11  1 11  9 50  9.833 130.03    -1.1 0    -0.4 0     0.8 0    -0.7 0   280.8 0   273.79 0   273.56 0   309.6 0   273.17 0   273.14 0     0.0 0     0.0 0     0.0 0   -28.8 0   -28.8 0     0.1 0    61.6 0     0.7 0   101.7 0  1014.6 0
 2019  11  1 11  9 51  9.850 129.82    -1.2 0    -0.4 0     0.8 0    -0.4 0   282.0 0   273.76 0   273.54 0   310.0 0   273.17 0   273.14 0     0.0 0     0.0 0     0.0 0   -28.0 0   -28.0 0     0.1 0    61.6 0     0.8 0   106.3 0  1014.6 0
 2019  11  1 11  9 52  9.867 129.61    -1.2 0    -0.4 0     0.7 0    -0.4 0   283.2 0   273.73 0   273.53 0   310.1 0   273.15 0   273.14 0     0.0 0     0.0 0     0.0 0   -26.9 0   -26.9 0     0.1 0    61.9 0     1.1 0   113.7 0  1014.5 0
 2019  11  1 11  9 53  9.883 129.41    -1.2 0    -0.4 0     0.6 0    -0.4 0   284.1 0   273.71 0   273.53 0   310.5 0   273.14 0   273.13 0     0.0 0     0.0 0     0.0 0   -26.4 0   -26.4 0     0.1 0    62.0 0     0.9 0   113.1 0  1014.5 0
 2019  11  1 11  9 54  9.900 129.20    -1.2 0    -0.4 0     0.4 0    -0.4 0   284.7 0   273.70 0   273.54 0   311.0 0   273.14 0   273.12 0     0.0 0     0.0 0     0.0 0   -26.4 0   -26.4 0     0.1 0    61.9 0     1.1 0   113.8 0  1014.5 0
 2019  11  1 11  9 55  9.917 128.99    -1.2 0    -0.4 0     0.3 0    -0.4 0   284.7 0   273.69 0   273.54 0   311.4 0   273.14 0   273.12 0     0.0 0     0.0 0     0.0 0   -26.7 0   -26.7 0     0.1 0    61.7 0     1.3 0   111.6 0  1014.5 0
 2019  11  1 11  9 56  9.933 128.79    -1.2 0    -0.4 0     0.0 0    -0.4 0   284.8 0   273.68 0   273.53 0   311.6 0   273.14 0   273.12 0     0.0 0     0.0 0     0.0 0   -26.8 0   -26.8 0     0.1 0    62.2 0     1.4 0   115.1 0  1014.4 0
 2019  11  1 11  9 57  9.950 128.58    -1.2 0    -0.4 0     0.0 0    -0.4 0   285.5 0   273.68 0   273.54 0   312.0 0   273.14 0   273.12 0     0.0 0     0.0 0     0.0 0   -26.5 0   -26.5 0     0.1 0    61.5 0     1.8 0   105.0 0  1014.4 0
 2019  11  1 11  9 58  9.967 128.37    -1.2 0    -0.4 0     0.0 0    -0.4 0   285.9 0   273.68 0   273.53 0   312.1 0   273.14 0   273.12 0     0.0 0     0.0 0     0.0 0   -26.2 0   -26.2 0     0.1 0    61.5 0     1.8 0   101.0 0  1014.4 0
 2019  11  1 11  9 59  9.983 128.17    -1.2 0    -0.4 0     0.0 0    -0.4 0   286.8 0   273.68 0   273.51 0   312.4 0   273.14 0   273.12 0     0.0 0     0.0 0     0.0 0   -25.6 0   -25.6 0     0.1 0    61.5 0     1.7 0    98.2 0  1014.3 0
 2019  11  1 11 10  0 10.000 127.96    -1.2 0    -0.1 0     0.0 0    -0.4 0   288.5 0   273.68 0   273.52 0   312.2 0   273.14 0   273.14 0     0.0 0     0.0 0     0.0 0   -23.7 0   -23.7 0     0.1 0    61.6 0     1.5 0   102.8 0  1014.3 0
 2019  11  1 11 10  1 10.017 127.75    -1.2 0     0.0 0     0.0 0    -0.4 0   290.3 0   273.68 0   273.53 0   312.4 0   273.14 0   273.14 0     0.0 0     0.0 0     0.0 0   -22.1 0   -22.1 0     0.1 0    62.3 0     1.4 0    97.3 0  1014.4 0
 2019  11  1 11 10  2 10.033 127.55    -1.2 0     0.0 0     0.0 0    -0.4 0   292.9 0   273.66 0   273.54 0   312.8 0   273.14 0   273.14 0     0.0 0     0.0 0     0.0 0   -20.0 0   -20.0 0     0.1 0    62.3 0     1.3 0    98.8 0  1014.4 0
 2019  11  1 11 10  3 10.050 127.34    -1.2 0     0.0 0     0.0 0    -0.4 0   295.5 0   273.68 0   273.58 0   313.3 0   273.14 0   273.14 0     0.0 0     0.0 0     0.0 0   -17.8 0   -17.8 0     0.1 0    62.4 0     0.9 0   104.0 0  1014.4 0
 2019  11  1 11 10  4 10.067 127.14    -1.2 0     0.0 0     0.0 0    -0.4 0   297.4 0   273.68 0   273.59 0   313.8 0   273.14 0   273.14 0     0.0 0     0.0 0     0.0 0   -16.4 0   -16.4 0     0.1 0    62.6 0     0.6 0   107.5 0  1014.5 0
 2019  11  1 11 10  5 10.083 126.93    -1.2 0     0.0 0     0.0 0    -0.4 0   299.2 0   273.70 0   273.63 0   314.3 0   273.14 0   273.14 0     0.0 0     0.0 0     0.0 0   -15.1 0   -15.1 0     0.1 0    62.1 0     0.7 0   105.0 0  1014.5 0
 2019  11  1 11 10  6 10.100 126.72    -1.3 0     0.0 0     0.3 0    -0.4 0   300.4 0   273.72 0   273.66 0   314.9 0   273.15 0   273.14 0     0.0 0     0.0 0     0.0 0   -14.5 0   -14.5 0     0.1 0    61.8 0     0.7 0    95.5 0  1014.5 0
 2019  11  1 11 10  7 10.117 126.52    -1.3 0     0.0 0     0.8 0    -0.4 0   301.3 0   273.74 0   273.69 0   315.4 0   273.16 0   273.14 0     0.0 0     0.0 0     0.0 0   -14.2 0   -14.2 0     0.1 0    62.1 0     0.8 0   100.7 0  1014.4 0
 2019  11  1 11 10  8 10.133 126.31    -1.4 0     0.0 0     0.8 0    -0.4 0   301.7 0   273.77 0   273.72 0   315.9 0   273.17 0   273.14 0     0.0 0     0.0 0     0.0 0   -14.1 0   -14.1 0     0.1 0    62.1 0     0.7 0    95.7 0  1014.3 0
 2019  11  1 11 10  9 10.150 126.10    -1.5 0     0.0 0     0.8 0    -0.3 0   301.2 0   273.79 0   273.74 0   316.0 0   273.17 0   273.15 0     0.0 0     0.0 0     0.0 0   -14.7 0   -14.7 0     0.1 0    62.3 0     0.6 0   106.8 0  1014.3 0
 2019  11  1 11 10 10 10.167 125.90    -1.5 0     0.0 0     0.6 0    -0.1 0   299.7 0   273.82 0   273.75 0   316.0 0   273.17 0   273.14 0     0.0 0     0.0 0     0.0 0   -16.3 0   -16.3 0     0.1 0    63.0 0     1.0 0   115.1 0  1014.3 0
 2019  11  1 11 10 11 10.183 125.69    -1.3 0     0.0 0     0.2 0    -0.4 0   297.3 0   273.84 0   273.75 0   315.7 0   273.17 0   273.15 0     0.0 0     0.0 0     0.0 0   -18.3 0   -18.3 0     0.1 0    62.9 0     1.2 0   102.3 0  1014.3 0
 2019  11  1 11 10 12 10.200 125.49    -1.2 0     0.0 0     0.1 0    -0.4 0   295.1 0   273.85 0   273.76 0   315.3 0   273.17 0   273.17 0     0.0 0     0.0 0     0.0 0   -20.2 0   -20.2 0     0.1 0    63.0 0     1.3 0   106.2 0  1014.3 0
 2019  11  1 11 10 13 10.217 125.28    -1.2 0     0.0 0     0.1 0    -0.4 0   293.2 0   273.87 0   273.78 0   315.0 0   273.17 0   273.17 0     0.0 0     0.0 0     0.0 0   -21.8 0   -21.8 0     0.0 0    63.4 0     1.3 0   102.2 0  1014.3 0
 2019  11  1 11 10 14 10.233 125.07    -1.2 0     0.0 0     0.1 0    -0.4 0   291.6 0   273.88 0   273.79 0   314.9 0   273.18 0   273.17 0     0.0 0     0.0 0     0.0 0   -23.3 0   -23.3 0     0.0 0    63.2 0     1.2 0   103.4 0  1014.3 0
 2019  11  1 11 10 15 10.250 124.87    -1.3 0     0.0 0     0.8 0    -0.4 0   290.5 0   273.90 0   273.82 0   314.9 0   273.18 0   273.17 0     0.0 0     0.0 0     0.0 0   -24.4 0   -24.4 0     0.0 0    62.8 0     1.3 0    85.1 0  1014.3 0
 2019  11  1 11 10 16 10.267 124.66    -1.5 0     0.0 0     0.8 0    -0.4 0   290.1 0   273.93 0   273.86 0   314.7 0   273.19 0   273.18 0     0.0 0     0.0 0     0.0 0   -24.5 0   -24.5 0     0.0 0    62.8 0     0.9 0    72.8 0  1014.4 0
 2019  11  1 11 10 17 10.283 124.45    -1.5 0     0.0 0     0.8 0    -0.4 0   290.5 0   273.96 0   273.88 0   314.5 0   273.19 0   273.18 0     0.0 0     0.0 0     0.0 0   -23.9 0   -23.9 0     0.1 0    63.7 0     0.7 0    29.7 0  1014.4 0
 2019  11  1 11 10 18 10.300 124.25    -1.2 0     0.0 0     0.8 0    -0.4 0   291.9 0   273.98 0   273.88 0   314.6 0   273.19 0   273.19 0     0.0 0     0.0 0     0.0 0   -22.7 0   -22.7 0     0.1 0    63.8 0     0.6 0    41.5 0  1014.4 0
 2019  11  1 11 10 19 10.317 124.04    -1.2 0     0.0 0     0.8 0    -0.4 0   294.0 0   274.00 0   273.90 0   314.7 0   273.19 0   273.19 0     0.0 0     0.0 0     0.0 0   -20.7 0   -20.7 0     0.0 0    63.5 0     1.1 0    40.9 0  1014.4 0
 2019  11  1 11 10 20 10.333 123.84    -1.2 0     0.0 0     0.8 0    -0.4 0   296.5 0   274.02 0   273.90 0   315.1 0   273.19 0   273.19 0     0.0 0     0.0 0     0.0 0   -18.6 0   -18.6 0     0.0 0    63.3 0     1.4 0    50.9 0  1014.4 0
 2019  11  1 11 10 21 10.350 123.63    -1.2 0     0.0 0     0.8 0    -0.4 0   298.5 0   274.03 0   273.92 0   315.2 0   273.19 0   273.19 0     0.0 0     0.0 0     0.0 0   -16.7 0   -16.7 0     0.0 0    64.5 0     1.3 0    50.4 0  1014.3 0
 2019  11  1 11 10 22 10.367 123.43    -1.2 0     0.0 0     0.8 0    -0.4 0   300.3 0   274.04 0   273.93 0   315.6 0   273.19 0   273.19 0     0.0 0     0.0 0     0.0 0   -15.3 0   -15.3 0     0.0 0    64.5 0     1.5 0    58.1 0  1014.4 0
 2019  11  1 11 10 23 10.383 123.22    -1.2 0     0.0 0     0.8 0    -0.4 0   302.0 0   274.06 0   273.95 0   315.8 0   273.19 0   273.19 0     0.0 0     0.0 0     0.0 0   -13.8 0   -13.8 0     0.0 0    65.2 0     1.3 0    52.4 0  1014.4 0
 2019  11  1 11 10 24 10.400 123.01    -1.2 0     0.0 0     0.8 0    -0.4 0   303.3 0   274.07 0   273.99 0   316.3 0   273.21 0   273.19 0     0.0 0     0.0 0     0.0 0   -13.0 0   -13.0 0     0.0 0    64.7 0     1.1 0    42.0 0  1014.4 0
 2019  11  1 11 10 25 10.417 122.81    -1.2 0     0.0 0     0.8 0    -0.4 0   304.4 0   274.10 0   274.03 0   316.8 0   273.22 0   273.19 0     0.0 0     0.0 0     0.0 0   -12.3 0   -12.3 0     0.0 0    65.2 0     0.9 0    40.3 0  1014.4 0
 2019  11  1 11 10 26 10.433 122.60    -1.2 0     0.0 0     0.8 0    -0.4 0   305.3 0   274.12 0   274.05 0   316.9 0   273.22 0   273.21 0     0.0 0     0.0 0     0.0 0   -11.6 0   -11.6 0     0.0 0    64.3 0     1.1 0    41.9 0  1014.4 0
 2019  11  1 11 10 27 10.450 122.40    -1.2 0     0.0 0     0.8 0    -0.4 0   306.2 0   274.14 0   274.07 0   317.0 0   273.22 0   273.22 0     0.0 0     0.0 0     0.0 0   -10.8 0   -10.8 0     0.0 0    64.1 0     1.0 0    49.4 0  1014.4 0
 2019  11  1 11 10 28 10.467 122.19    -1.2 0     0.0 0     0.8 0    -0.4 0   307.2 0   274.16 0   274.09 0   317.1 0   273.22 0   273.22 0     0.0 0     0.0 0     0.0 0    -9.9 0    -9.9 0     0.0 0    63.7 0     1.4 0    57.5 0  1014.3 0
 2019  11  1 11 10 29 10.483 121.99    -1.2 0     0.0 0     0.8 0    -0.4 0   308.1 0   274.18 0   274.10 0   317.4 0   273.23 0   273.22 0     0.0 0     0.0 0     0.0 0    -9.3 0    -9.3 0     0.0 0    64.2 0     1.5 0    64.2 0  1014.3 0
 2019  11  1 11 10 30 10.500 121.78    -1.2 0     0.0 0     0.8 0    -0.4 0   309.2 0   274.21 0   274.11 0   317.6 0   273.24 0   273.23 0     0.0 0     0.0 0     0.0 0    -8.4 0    -8.4 0     0.0 0    64.2 0     2.4 0    71.0 0  1014.2 0
 2019  11  1 11 10 31 10.517 121.57    -1.2 0     0.0 0     0.8 0    -0.4 0   310.2 0   274.22 0   274.12 0   317.4 0   273.24 0   273.24 0     0.0 0     0.0 0     0.0 0    -7.3 0    -7.3 0     0.0 0    63.8 0     2.3 0    81.3 0  1014.2 0
 2019  11  1 11 10 32 10.533 121.37    -1.2 0     0.0 0     0.8 0    -0.4 0   311.0 0   274.24 0   274.14 0   317.7 0   273.25 0   273.24 0     0.0 0     0.0 0     0.0 0    -6.7 0    -6.7 0     0.0 0    64.6 0     1.7 0    78.9 0  1014.2 0
 2019  11  1 11 10 33 10.550 121.16    -1.2 0     0.0 0     0.6 0    -0.4 0   311.8 0   274.26 0   274.16 0   318.0 0   273.26 0   273.26 0     0.0 0     0.0 0     0.0 0    -6.2 0    -6.2 0     0.0 0    65.4 0     1.5 0    89.8 0  1014.2 0
 2019  11  1 11 10 34 10.567 120.96    -1.2 0     0.0 0     0.1 0    -0.4 0   312.0 0   274.26 0   274.18 0   318.2 0   273.26 0   273.26 0     0.0 0     0.0 0     0.0 0    -6.2 0    -6.2 0     0.0 0    66.1 0     1.1 0    95.2 0  1014.2 0
 2019  11  1 11 10 35 10.583 120.75    -1.2 0     0.0 0     0.0 0    -0.4 0   312.1 0   274.27 0   274.19 0   318.6 0   273.27 0   273.27 0     0.0 0     0.0 0     0.0 0    -6.5 0    -6.5 0     0.0 0    65.2 0     1.1 0    89.4 0  1014.2 0
 2019  11  1 11 10 36 10.600 120.55    -1.2 0     0.0 0     0.0 0    -0.4 0   312.1 0   274.29 0   274.21 0   318.6 0   273.28 0   273.29 0     0.0 0     0.0 0     0.0 0    -6.4 0    -6.4 0     0.1 0    64.5 0     1.0 0   100.2 0  1014.3 0
 2019  11  1 11 10 37 10.617 120.34    -1.2 0     0.0 0     0.0 0    -0.1 0   312.3 0   274.30 0   274.22 0   318.7 0   273.29 0   273.29 0     0.0 0     0.0 0     0.0 0    -6.4 0    -6.4 0     0.1 0    64.7 0     1.2 0   106.0 0  1014.3 0
 2019  11  1 11 10 38 10.633 120.14    -1.2 0     0.0 0     0.0 0    -0.2 0   312.0 0   274.31 0   274.23 0   318.7 0   273.29 0   273.30 0     0.0 0     0.0 0     0.0 0    -6.7 0    -6.7 0     0.1 0    64.1 0     1.8 0   105.6 0  1014.3 0
 2019  11  1 11 10 39 10.650 119.93    -1.2 0     0.0 0     0.0 0    -0.3 0   311.9 0   274.32 0   274.24 0   318.7 0   273.31 0   273.31 0     0.0 0     0.0 0     0.0 0    -6.9 0    -6.9 0     0.1 0    63.6 0     1.4 0   107.7 0  1014.3 0
 2019  11  1 11 10 40 10.667 119.73    -1.4 0     0.0 0     0.0 0    -0.4 0   311.5 0   274.34 0   274.26 0   318.7 0   273.31 0   273.32 0     0.0 0     0.0 0     0.0 0    -7.2 0    -7.2 0     0.1 0    63.4 0     1.1 0    89.9 0  1014.4 0
 2019  11  1 11 10 41 10.683 119.52    -1.5 0     0.0 0     0.0 0    -0.4 0   311.0 0   274.36 0   274.29 0   318.9 0   273.33 0   273.34 0     0.0 0     0.0 0     0.0 0    -8.0 0    -8.0 0     0.2 0    63.8 0     0.4 0    66.1 0  1014.5 0
 2019  11  1 11 10 42 10.700 119.32    -1.4 0     0.1 0     0.0 0    -0.4 0   310.1 0   274.36 0   274.29 0   319.0 0   273.34 0   273.34 0     0.0 0     0.0 0     0.0 0    -8.9 0    -8.9 0     0.2 0    63.9 0     0.3 0    51.1 0  1014.5 0
 2019  11  1 11 10 43 10.717 119.11    -1.3 0     0.3 0     0.4 0    -0.4 0   309.1 0   274.38 0   274.31 0   319.0 0   273.34 0   273.34 0     0.0 0     0.0 0     0.0 0    -9.9 0    -9.9 0     0.2 0    63.6 0     0.3 0    30.1 0  1014.6 0
 2019  11  1 11 10 44 10.733 118.91    -1.2 0     0.3 0     0.7 0    -0.4 0   308.1 0   274.39 0   274.32 0   318.9 0   273.34 0   273.34 0     0.0 0     0.0 0     0.0 0   -10.8 0   -10.8 0     0.3 0    64.0 0     0.7 0   309.8 0  1014.7 0
 2019  11  1 11 10 45 10.750 118.70    -1.2 0     0.3 0     0.4 0    -0.4 0   306.9 0   274.41 0   274.33 0   318.9 0   273.36 0   273.36 0     0.0 0     0.0 0     0.0 0   -12.1 0   -12.1 0     0.3 0    63.2 0     0.8 0   311.7 0  1014.8 0
 2019  11  1 11 10 46 10.767 118.50    -1.2 0     0.1 0     0.2 0    -0.4 0   306.1 0   274.42 0   274.34 0   318.7 0   273.36 0   273.36 0     0.0 0     0.0 0     0.0 0   -12.6 0   -12.6 0     0.3 0    62.3 0     0.9 0   318.1 0  1014.8 0
 2019  11  1 11 10 47 10.783 118.30    -1.2 0     0.1 0     0.3 0    -0.4 0   305.5 0   274.43 0   274.36 0   318.6 0   273.37 0   273.38 0     0.0 0     0.0 0     0.0 0   -13.2 0   -13.2 0     0.3 0    63.0 0     1.0 0   310.5 0  1014.8 0
 2019  11  1 11 10 48 10.800 118.09    -1.2 0     0.2 0     0.2 0    -0.4 0   305.4 0   274.45 0   274.36 0   318.8 0   273.39 0   273.38 0     0.0 0     0.0 0     0.0 0   -13.4 0   -13.4 0     0.3 0    63.7 0     0.9 0   305.5 0  1014.8 0
 2019  11  1 11 10 49 10.817 117.89    -1.2 0     0.1 0     0.2 0    -0.4 0   305.1 0   274.46 0   274.36 0   318.7 0   273.39 0   273.39 0     0.0 0     0.0 0     0.0 0   -13.5 0   -13.5 0     0.3 0    62.5 0     0.4 0   323.6 0  1014.8 0
 2019  11  1 11 10 50 10.833 117.68    -1.2 0     0.3 0     0.4 0    -0.4 0   305.0 0   274.47 0   274.38 0   318.6 0   273.39 0   273.39 0     0.0 0     0.0 0     0.0 0   -13.6 0   -13.6 0     0.3 0    62.7 0     0.2 0    10.9 0  1014.7 0
 2019  11  1 11 10 51 10.850 117.48    -1.2 0     0.3 0     0.5 0    -0.4 0   304.2 0   274.48 0   274.41 0   318.7 0   273.39 0   273.39 0     0.0 0     0.0 0     0.0 0   -14.6 0   -14.6 0     0.3 0    63.4 0     0.6 0    62.5 0  1014.7 0
 2019  11  1 11 10 52 10.867 117.27    -1.2 0     0.3 0     0.0 0    -0.4 0   303.0 0   274.50 0   274.37 0   318.5 0   273.39 0   273.39 0     0.0 0     0.0 0     0.0 0   -15.5 0   -15.5 0     0.3 0    64.2 0     1.4 0    74.3 0  1014.6 0
 2019  11  1 11 10 53 10.883 117.07    -1.2 0     0.0 0     0.0 0    -0.4 0   301.3 0   274.50 0   274.36 0   318.5 0   273.41 0   273.39 0     0.0 0     0.0 0     0.0 0   -17.3 0   -17.3 0     0.3 0    63.5 0     1.7 0    85.5 0  1014.6 0
 2019  11  1 11 10 54 10.900 116.87    -1.2 0     0.0 0     0.0 0    -0.4 0   299.7 0   274.50 0   274.36 0   317.9 0   273.41 0   273.41 0     0.0 0     0.0 0     0.0 0   -18.2 0   -18.2 0     0.2 0    62.9 0     1.5 0    79.5 0  1014.6 0
 2019  11  1 11 10 55 10.917 116.66    -1.2 0     0.0 0     0.0 0    -0.4 0   298.0 0   274.50 0   274.36 0   317.5 0   273.41 0   273.41 0     0.0 0     0.0 0     0.0 0   -19.5 0   -19.5 0     0.2 0    62.9 0     1.5 0    88.1 0  1014.6 0
 2019  11  1 11 10 56 10.933 116.46    -1.2 0     0.0 0     0.0 0    -0.4 0   296.4 0   274.50 0   274.36 0   317.6 0   273.43 0   273.41 0     0.0 0     0.0 0     0.0 0   -21.2 0   -21.2 0     0.3 0    63.6 0     1.4 0    84.8 0  1014.6 0
 2019  11  1 11 10 57 10.950 116.25    -1.2 0     0.1 0     0.0 0    -0.4 0   295.2 0   274.50 0   274.34 0   317.4 0   273.43 0   273.41 0     0.0 0     0.0 0     0.0 0   -22.2 0   -22.2 0     0.2 0    63.6 0     1.7 0    85.1 0  1014.6 0
 2019  11  1 11 10 58 10.967 116.05    -1.2 0     0.0 0     0.0 0    -0.4 0   294.1 0   274.49 0   274.31 0   316.9 0   273.43 0   273.43 0     0.0 0     0.0 0     0.0 0   -22.9 0   -22.9 0     0.2 0    63.4 0     2.2 0    80.2 0  1014.5 0
 2019  11  1 11 10 59 10.983 115.85    -1.2 0     0.0 0     0.0 0    -0.4 0   293.2 0   274.48 0   274.31 0   316.7 0   273.43 0   273.43 0     0.0 0     0.0 0     0.0 0   -23.4 0   -23.4 0     0.2 0    63.2 0     2.6 0    81.5 0  1014.4 0
 2019  11  1 11 11  0 11.000 115.64    -1.2 0     0.0 0     0.0 0    -0.4 0   293.1 0   274.48 0   274.31 0   316.4 0   273.43 0   273.43 0     0.0 0     0.0 0     0.0 0   -23.3 0   -23.3 0     0.2 0    64.1 0     1.9 0    89.3 0  1014.4 0
 2019  11  1 11 11  1 11.017 115.44    -1.2 0     0.0 0     0.0 0    -0.4 0   293.4 0   274.46 0   274.30 0   316.5 0   273.45 0   273.43 0     0.0 0     0.0 0     0.0 0   -23.1 0   -23.1 0     0.2 0    65.1 0     1.9 0    76.6 0  1014.4 0
 2019  11  1 11 11  2 11.033 115.24    -1.2 0     0.0 0     0.0 0    -0.4 0   294.2 0   274.46 0   274.31 0   316.8 0   273.46 0   273.43 0     0.0 0     0.0 0     0.0 0   -22.6 0   -22.6 0     0.2 0    64.5 0     1.9 0    78.0 0  1014.5 0
 2019  11  1 11 11  3 11.050 115.03    -1.2 0     0.0 0     0.0 0    -0.4 0   295.2 0   274.46 0   274.29 0   316.8 0   273.46 0   273.44 0     0.0 0     0.0 0     0.0 0   -21.7 0   -21.7 0     0.2 0    64.7 0     1.4 0    70.5 0  1014.5 0
 2019  11  1 11 11  4 11.067 114.83    -1.2 0     0.0 0     0.0 0    -0.4 0   295.9 0   274.46 0   274.31 0   316.6 0   273.46 0   273.46 0     0.0 0     0.0 0     0.0 0   -20.7 0   -20.7 0     0.2 0    64.6 0     1.2 0    52.4 0  1014.5 0
 2019  11  1 11 11  5 11.083 114.63    -1.2 0     0.0 0     0.0 0    -0.4 0   296.3 0   274.46 0   274.33 0   316.6 0   273.46 0   273.46 0     0.0 0     0.0 0     0.0 0   -20.4 0   -20.4 0     0.2 0    64.2 0     1.4 0    48.6 0  1014.5 0
 2019  11  1 11 11  6 11.100 114.42    -1.2 0     0.0 0     0.0 0    -0.4 0   296.0 0   274.47 0   274.32 0   316.7 0   273.46 0   273.46 0     0.0 0     0.0 0     0.0 0   -20.7 0   -20.7 0     0.2 0    64.1 0     1.7 0    46.9 0  1014.5 0
 2019  11  1 11 11  7 11.117 114.22    -1.2 0     0.0 0     0.0 0    -0.4 0   294.4 0   274.48 0   274.33 0   316.5 0   273.46 0   273.46 0     0.0 0     0.0 0     0.0 0   -22.1 0   -22.1 0     0.2 0    64.3 0     1.4 0    58.9 0  1014.5 0
 2019  11  1 11 11  8 11.133 114.02    -1.2 0     0.0 0     0.0 0    -0.4 0   291.1 0   274.48 0   274.33 0   316.4 0   273.47 0   273.46 0     0.0 0     0.0 0     0.0 0   -25.2 0   -25.2 0     0.2 0    63.8 0     2.0 0    53.5 0  1014.5 0
 2019  11  1 11 11  9 11.150 113.81    -1.2 0     0.0 0     0.0 0    -0.4 0   286.5 0   274.48 0   274.33 0   315.9 0   273.47 0   273.46 0     0.0 0     0.0 0     0.0 0   -29.4 0   -29.4 0     0.2 0    63.8 0     1.5 0    54.8 0  1014.6 0
 2019  11  1 11 11 10 11.167 113.61    -1.2 0     0.0 0     0.0 0    -0.4 0   281.2 0   274.49 0   274.33 0   315.1 0   273.47 0   273.46 0     0.0 0     0.0 0     0.0 0   -33.9 0   -33.9 0     0.2 0    63.2 0     1.9 0    52.8 0  1014.6 0
 2019  11  1 11 11 11 11.183 113.41    -1.2 0     0.0 0     0.0 0    -0.4 0   276.9 0   274.50 0   274.33 0   314.6 0   273.48 0   273.46 0     0.0 0     0.0 0     0.0 0   -37.7 0   -37.7 0     0.3 0    63.5 0     1.3 0    62.4 0  1014.6 0
 2019  11  1 11 11 12 11.200 113.21    -1.2 0     0.0 0     0.0 0    -0.4 0   273.9 0   274.50 0   274.31 0   314.0 0   273.48 0   273.46 0     0.0 0     0.0 0     0.0 0   -40.1 0   -40.1 0     0.3 0    63.1 0     1.7 0    85.7 0  1014.6 0
 2019  11  1 11 11 13 11.217 113.00    -1.2 0     0.0 0     0.0 0    -0.4 0   272.1 0   274.48 0   274.30 0   314.0 0   273.48 0   273.46 0     0.0 0     0.0 0     0.0 0   -41.8 0   -41.8 0     0.3 0    62.5 0     1.8 0    84.1 0  1014.5 0
 2019  11  1 11 11 14 11.233 112.80    -1.2 0     0.0 0     0.0 0    -0.4 0   271.8 0   274.48 0   274.30 0   313.4 0   273.49 0   273.46 0     0.0 0     0.0 0     0.0 0   -41.6 0   -41.6 0     0.3 0    62.9 0     1.6 0    89.0 0  1014.5 0
 2019  11  1 11 11 15 11.250 112.60    -1.2 0     0.0 0     0.0 0    -0.4 0   272.9 0   274.48 0   274.28 0   313.0 0   273.48 0   273.46 0     0.0 0     0.0 0     0.0 0   -40.1 0   -40.1 0     0.3 0    63.9 0     1.2 0    84.0 0  1014.5 0
 2019  11  1 11 11 16 11.267 112.40    -1.2 0     0.0 0     0.0 0    -0.7 0   275.8 0   274.47 0   274.24 0   313.1 0   273.47 0   273.45 0     0.0 0     0.0 0     0.0 0   -37.3 0   -37.3 0     0.3 0    63.8 0     1.5 0    78.2 0  1014.5 0
 2019  11  1 11 11 17 11.283 112.19    -1.2 0     0.0 0     0.0 0    -0.5 0   279.9 0   274.46 0   274.23 0   313.8 0   273.47 0   273.44 0     0.0 0     0.0 0     0.0 0   -33.9 0   -33.9 0     0.2 0    63.4 0     2.4 0    74.6 0  1014.5 0
 2019  11  1 11 11 18 11.300 111.99    -1.2 0     0.0 0     0.0 0    -0.4 0   284.8 0   274.44 0   274.23 0   314.3 0   273.46 0   273.44 0     0.0 0     0.0 0     0.0 0   -29.5 0   -29.5 0     0.2 0    64.2 0     1.7 0    68.8 0  1014.4 0
 2019  11  1 11 11 19 11.317 111.79    -1.2 0     0.0 0     0.0 0    -0.4 0   289.5 0   274.43 0   274.22 0   314.9 0   273.46 0   273.44 0     0.0 0     0.0 0     0.0 0   -25.4 0   -25.4 0     0.2 0    63.8 0     2.1 0    73.0 0  1014.3 0
 2019  11  1 11 11 20 11.333 111.59    -1.2 0     0.0 0     0.0 0    -0.4 0   293.8 0   274.42 0   274.21 0   315.7 0   273.46 0   273.44 0     0.0 0     0.0 0     0.0 0   -21.9 0   -21.9 0     0.2 0    63.7 0     2.4 0    74.9 0  1014.3 0
 2019  11  1 11 11 21 11.350 111.39    -1.2 0     0.0 0     0.0 0    -0.4 0   297.1 0   274.41 0   274.23 0   316.2 0   273.46 0   273.44 0     0.0 0     0.0 0     0.0 0   -19.1 0   -19.1 0     0.2 0    63.5 0     1.9 0    78.4 0  1014.3 0
 2019  11  1 11 11 22 11.367 111.18    -1.2 0     0.0 0     0.0 0    -0.4 0   299.9 0   274.41 0   274.24 0   316.5 0   273.46 0   273.45 0     0.0 0     0.0 0     0.0 0   -16.6 0   -16.6 0     0.2 0    64.3 0     1.9 0    84.5 0  1014.3 0
 2019  11  1 11 11 23 11.383 110.98    -1.2 0     0.0 0     0.0 0    -0.4 0   302.6 0   274.41 0   274.26 0   316.8 0   273.46 0   273.46 0     0.0 0     0.0 0     0.0 0   -14.2 0   -14.2 0     0.2 0    64.0 0     1.8 0    75.9 0  1014.4 0
 2019  11  1 11 11 24 11.400 110.78    -1.2 0     0.0 0     0.0 0    -0.4 0   304.5 0   274.41 0   274.26 0   317.2 0   273.46 0   273.46 0     0.0 0     0.0 0     0.0 0   -12.7 0   -12.7 0     0.2 0    64.3 0     1.9 0    81.3 0  1014.4 0
 2019  11  1 11 11 25 11.417 110.58    -1.2 0     0.0 0     0.0 0    -0.4 0   306.4 0   274.41 0   274.28 0   317.6 0   273.46 0   273.46 0     0.0 0     0.0 0     0.0 0   -11.2 0   -11.2 0     0.2 0    64.6 0     1.8 0    87.2 0  1014.3 0
 2019  11  1 11 11 26 11.433 110.38    -1.2 0     0.0 0     0.0 0    -0.4 0   307.9 0   274.41 0   274.27 0   318.2 0   273.47 0   273.46 0     0.0 0     0.0 0     0.0 0   -10.3 0   -10.3 0     0.2 0    64.5 0     2.0 0    85.0 0  1014.3 0
 2019  11  1 11 11 27 11.450 110.18    -1.2 0     0.0 0     0.0 0    -0.4 0   309.0 0   274.41 0   274.28 0   318.4 0   273.48 0   273.47 0     0.0 0     0.0 0     0.0 0    -9.4 0    -9.4 0     0.2 0    63.9 0     2.1 0    83.2 0  1014.3 0
 2019  11  1 11 11 28 11.467 109.98    -1.2 0     0.0 0     0.0 0    -0.4 0   310.0 0   274.42 0   274.29 0   318.3 0   273.48 0   273.48 0     0.0 0     0.0 0     0.0 0    -8.3 0    -8.3 0     0.2 0    63.4 0     2.3 0    77.6 0  1014.3 0
 2019  11  1 11 11 29 11.483 109.77    -1.2 0     0.0 0     0.0 0    -0.4 0   310.7 0   274.43 0   274.31 0   318.4 0   273.48 0   273.48 0     0.0 0     0.0 0     0.0 0    -7.7 0    -7.7 0     0.2 0    63.3 0     2.4 0    74.6 0  1014.4 0
 2019  11  1 11 11 30 11.500 109.57    -1.2 0     0.0 0     0.0 0    -0.4 0   311.4 0   274.44 0   274.35 0   318.6 0   273.48 0   273.48 0     0.0 0     0.0 0     0.0 0    -7.2 0    -7.2 0     0.2 0    63.2 0     1.2 0    80.9 0  1014.5 0
 2019  11  1 11 11 31 11.517 109.37    -1.2 0     0.0 0     0.0 0    -0.4 0   312.0 0   274.46 0   274.38 0   318.9 0   273.50 0   273.49 0     0.0 0     0.0 0     0.0 0    -6.9 0    -6.9 0     0.2 0    63.0 0     1.9 0    75.5 0  1014.5 0
 2019  11  1 11 11 32 11.533 109.17    -1.2 0     0.0 0     0.0 0    -0.4 0   312.5 0   274.47 0   274.41 0   319.1 0   273.51 0   273.51 0     0.0 0     0.0 0     0.0 0    -6.6 0    -6.6 0     0.2 0    63.4 0     1.4 0   106.9 0  1014.6 0
 2019  11  1 11 11 33 11.550 108.97    -1.2 0     0.0 0     0.0 0    -0.4 0   312.9 0   274.48 0   274.41 0   319.5 0   273.51 0   273.51 0     0.0 0     0.0 0     0.0 0    -6.5 0    -6.5 0     0.3 0    63.4 0     0.7 0   106.3 0  1014.7 0
 2019  11  1 11 11 34 11.567 108.77    -1.2 0     0.0 0     0.1 0    -0.4 0   313.4 0   274.50 0   274.41 0   319.9 0   273.51 0   273.51 0     0.0 0     0.0 0     0.0 0    -6.4 0    -6.4 0     0.3 0    63.3 0     0.5 0    58.0 0  1014.7 0
 2019  11  1 11 11 35 11.583 108.57    -1.2 0     0.0 0     0.7 0    -0.4 0   313.5 0   274.51 0   274.45 0   320.0 0   273.53 0   273.52 0     0.0 0     0.0 0     0.0 0    -6.5 0    -6.5 0     0.3 0    63.1 0     0.3 0    19.6 0  1014.8 0
 2019  11  1 11 11 36 11.600 108.37    -1.2 0     0.0 0     0.8 0    -0.4 0   314.1 0   274.53 0   274.48 0   320.3 0   273.53 0   273.53 0     0.0 0     0.0 0     0.0 0    -6.2 0    -6.2 0     0.3 0    63.9 0     0.6 0   320.2 0  1014.8 0
 2019  11  1 11 11 37 11.617 108.17    -1.2 0     0.1 0     0.8 0    -0.4 0   314.3 0   274.55 0   274.50 0   320.6 0   273.53 0   273.53 0     0.0 0     0.0 0     0.0 0    -6.3 0    -6.3 0     0.4 0    63.5 0     0.6 0     9.8 0  1014.8 0
 2019  11  1 11 11 38 11.633 107.97    -1.2 0     0.1 0     0.8 0    -0.4 0   314.7 0   274.57 0   274.52 0   320.7 0   273.53 0   273.53 0     0.0 0     0.0 0     0.0 0    -6.0 0    -6.0 0     0.4 0    62.7 0     0.2 0    18.6 0  1014.8 0
 2019  11  1 11 11 39 11.650 107.77    -1.2 0     0.3 0     0.8 0    -0.4 0   314.8 0   274.60 0   274.54 0   320.8 0   273.53 0   273.53 0     0.0 0     0.0 0     0.0 0    -5.9 0    -5.9 0     0.4 0    62.6 0     0.2 0    54.3 0  1014.8 0
 2019  11  1 11 11 40 11.667 107.57    -1.2 0     0.4 0     0.8 0    -0.4 0   314.8 0   274.62 0   274.57 0   321.2 0   273.55 0   273.54 0     0.0 0     0.0 0     0.0 0    -6.3 0    -6.3 0     0.4 0    62.1 0     0.3 0    42.8 0  1014.9 0
 2019  11  1 11 11 41 11.683 107.37    -1.2 0     0.4 0     0.8 0    -0.4 0   314.7 0   274.64 0   274.60 0   321.2 0   273.56 0   273.56 0     0.0 0     0.0 0     0.0 0    -6.5 0    -6.5 0     0.4 0    62.6 0     0.1 0     8.2 0  1015.0 0
 2019  11  1 11 11 42 11.700 107.17    -1.2 0     0.4 0     0.8 0    -0.4 0   314.7 0   274.66 0   274.60 0   321.4 0   273.56 0   273.56 0     0.0 0     0.0 0     0.0 0    -6.8 0    -6.8 0     0.5 0    64.0 0     0.5 0   307.3 0  1015.0 0
 2019  11  1 11 11 43 11.717 106.97    -1.2 0     0.4 0     0.8 0    -0.4 0   314.6 0   274.68 0   274.60 0   321.3 0   273.57 0   273.57 0     0.0 0     0.0 0     0.0 0    -6.7 0    -6.7 0     0.5 0    63.4 0     1.0 0   320.1 0  1015.0 0
 2019  11  1 11 11 44 11.733 106.77    -1.2 0     0.2 0     0.8 0    -0.4 0   314.5 0   274.70 0   274.62 0   321.2 0   273.58 0   273.58 0     0.0 0     0.0 0     0.0 0    -6.7 0    -6.7 0     0.4 0    62.3 0     1.2 0   350.8 0  1015.0 0
 2019  11  1 11 11 45 11.750 106.57    -1.2 0     0.3 0     0.8 0    -0.4 0   314.4 0   274.70 0   274.64 0   321.0 0   273.58 0   273.58 0     0.0 0     0.0 0     0.0 0    -6.6 0    -6.6 0     0.4 0    62.3 0     0.6 0    46.2 0  1015.0 0
 2019  11  1 11 11 46 11.767 106.37    -1.2 0     0.3 0     0.8 0    -0.4 0   314.5 0   274.72 0   274.65 0   321.1 0   273.58 0   273.58 0     0.0 0     0.0 0     0.0 0    -6.6 0    -6.6 0     0.4 0    63.1 0     0.8 0    82.6 0  1015.0 0
 2019  11  1 11 11 47 11.783 106.18    -1.2 0     0.4 0     0.7 0    -0.4 0   314.3 0   274.73 0   274.65 0   321.2 0   273.60 0   273.60 0     0.0 0     0.0 0     0.0 0    -6.9 0    -6.9 0     0.5 0    62.9 0     0.5 0    66.3 0  1015.0 0
 2019  11  1 11 11 48 11.800 105.98    -1.2 0     0.4 0     0.8 0    -0.4 0   314.3 0   274.75 0   274.65 0   321.3 0   273.61 0   273.61 0     0.0 0     0.0 0     0.0 0    -7.0 0    -7.0 0     0.5 0    63.0 0     0.6 0    50.7 0  1015.0 0
 2019  11  1 11 11 49 11.817 105.78    -1.2 0     0.4 0     0.8 0    -0.4 0   313.9 0   274.75 0   274.68 0   321.2 0   273.61 0   273.61 0     0.0 0     0.0 0     0.0 0    -7.4 0    -7.4 0     0.5 0    63.0 0     0.3 0    14.3 0  1015.0 0
 2019  11  1 11 11 50 11.833 105.58    -1.2 0     0.4 0     0.8 0    -0.4 0   313.3 0   274.76 0   274.70 0   321.3 0   273.61 0   273.61 0     0.0 0     0.0 0     0.0 0    -7.9 0    -7.9 0     0.5 0    63.5 0     0.5 0    23.9 0  1015.0 0
 2019  11  1 11 11 51 11.850 105.38    -1.2 0     0.4 0     0.8 0    -0.4 0   312.7 0   274.78 0   274.70 0   321.4 0   273.63 0   273.62 0     0.0 0     0.0 0     0.0 0    -8.6 0    -8.6 0     0.5 0    64.1 0     0.8 0    36.7 0  1015.0 0
 2019  11  1 11 11 52 11.867 105.18    -1.2 0     0.4 0     0.8 0    -0.4 0   312.3 0   274.80 0   274.70 0   321.2 0   273.63 0   273.63 0     0.0 0     0.0 0     0.0 0    -9.0 0    -9.0 0     0.4 0    64.1 0     0.7 0    46.2 0  1015.0 0
 2019  11  1 11 11 53 11.883 104.98    -1.2 0     0.4 0     0.8 0    -0.4 0   311.6 0   274.81 0   274.72 0   321.1 0   273.63 0   273.63 0     0.0 0     0.0 0     0.0 0    -9.5 0    -9.5 0     0.4 0    62.9 0     0.9 0    70.2 0  1015.0 0
 2019  11  1 11 11 54 11.900 104.79    -1.2 0     0.4 0     0.1 0    -0.4 0   311.3 0   274.82 0   274.72 0   321.1 0   273.63 0   273.63 0     0.0 0     0.0 0     0.0 0    -9.8 0    -9.8 0     0.5 0    63.2 0     0.6 0    84.2 0  1015.0 0
 2019  11  1 11 11 55 11.917 104.59    -1.2 0     0.4 0     0.1 0    -0.4 0   311.1 0   274.82 0   274.73 0   321.0 0   273.63 0   273.63 0     0.0 0     0.0 0     0.0 0    -9.9 0    -9.9 0     0.5 0    63.0 0     0.8 0    56.3 0  1015.0 0
 2019  11  1 11 11 56 11.933 104.39    -1.2 0     0.3 0     0.5 0    -0.4 0   311.6 0   274.84 0   274.75 0   321.3 0   273.65 0   273.63 0     0.0 0     0.0 0     0.0 0    -9.7 0    -9.7 0     0.5 0    62.6 0     0.7 0    60.3 0  1015.0 0
 2019  11  1 11 11 57 11.950 104.19    -1.2 0     0.3 0     0.4 0    -0.4 0   311.8 0   274.85 0   274.77 0   321.0 0   273.66 0   273.65 0     0.0 0     0.0 0     0.0 0    -9.2 0    -9.2 0     0.5 0    62.5 0     0.8 0    85.3 0  1015.1 0
 2019  11  1 11 11 58 11.967 103.99    -1.2 0     0.3 0     0.0 0    -0.4 0   312.3 0   274.87 0   274.78 0   321.0 0   273.66 0   273.66 0     0.0 0     0.0 0     0.0 0    -8.6 0    -8.6 0     0.5 0    62.0 0     0.6 0    75.5 0  1015.2 0
 2019  11  1 11 11 59 11.983 103.80    -1.2 0     0.4 0     0.0 0    -0.4 0   312.2 0   274.87 0   274.78 0   321.1 0   273.66 0   273.66 0     0.0 0     0.0 0     0.0 0    -8.9 0    -8.9 0     0.5 0    61.6 0     0.6 0    61.6 0  1015.2 0
 2019  11  1 11 12  0 12.000 103.60    -1.2 0     0.4 0     0.2 0    -0.4 0   312.2 0   274.88 0   274.78 0   321.3 0   273.67 0   273.67 0     0.0 0     0.0 0     0.0 0    -9.1 0    -9.1 0     0.5 0    62.3 0     0.7 0    49.2 0  1015.2 0
 2019  11  1 11 12  1 12.017 103.40    -1.2 0     0.4 0     0.2 0    -0.4 0   312.5 0   274.90 0   274.80 0   321.3 0   273.68 0   273.68 0     0.0 0     0.0 0     0.0 0    -8.8 0    -8.8 0     0.5 0    61.7 0     0.7 0    69.7 0  1015.3 0
 2019  11  1 11 12  2 12.033 103.21    -1.2 0     0.3 0     0.0 0    -0.4 0   312.9 0   274.90 0   274.80 0   321.2 0   273.68 0   273.68 0     0.0 0     0.0 0     0.0 0    -8.3 0    -8.3 0     0.5 0    61.8 0     0.8 0    68.0 0  1015.2 0
 2019  11  1 11 12  3 12.050 103.01    -1.2 0     0.4 0     0.0 0    -0.4 0   313.6 0   274.90 0   274.80 0   321.3 0   273.68 0   273.68 0     0.0 0     0.0 0     0.0 0    -7.7 0    -7.7 0     0.5 0    63.3 0     1.0 0    51.4 0  1015.2 0
 2019  11  1 11 12  4 12.067 102.81    -1.2 0     0.3 0     0.0 0    -0.4 0   314.7 0   274.92 0   274.80 0   321.7 0   273.70 0   273.70 0     0.0 0     0.0 0     0.0 0    -6.9 0    -6.9 0     0.5 0    63.7 0     1.0 0    79.1 0  1015.2 0
 2019  11  1 11 12  5 12.083 102.61    -1.2 0     0.3 0     0.0 0    -0.4 0   315.7 0   274.92 0   274.79 0   321.6 0   273.71 0   273.71 0     0.0 0     0.0 0     0.0 0    -5.9 0    -5.9 0     0.5 0    62.5 0     1.5 0    82.9 0  1015.1 0
 2019  11  1 11 12  6 12.100 102.42    -1.2 0     0.1 0     0.0 0    -0.4 0   316.6 0   274.92 0   274.78 0   321.4 0   273.71 0   273.71 0     0.0 0     0.0 0     0.0 0    -4.8 0    -4.8 0     0.5 0    62.2 0     1.8 0    79.1 0  1015.1 0
 2019  11  1 11 12  7 12.117 102.22    -1.2 0     0.1 0     0.0 0    -0.4 0   317.2 0   274.92 0   274.80 0   321.6 0   273.72 0   273.71 0     0.0 0     0.0 0     0.0 0    -4.4 0    -4.4 0     0.5 0    63.6 0     1.4 0    79.5 0  1015.1 0
 2019  11  1 11 12  8 12.133 102.03    -1.2 0     0.1 0     0.0 0    -0.4 0   317.8 0   274.92 0   274.80 0   321.7 0   273.73 0   273.73 0     0.0 0     0.0 0     0.0 0    -3.9 0    -3.9 0     0.5 0    62.4 0     1.6 0    63.2 0  1015.2 0
 2019  11  1 11 12  9 12.150 101.83    -1.2 0     0.0 0     0.0 0    -0.4 0   318.1 0   274.92 0   274.82 0   321.5 0   273.73 0   273.73 0     0.0 0     0.0 0     0.0 0    -3.4 0    -3.4 0     0.5 0    62.8 0     1.5 0    79.2 0  1015.2 0
 2019  11  1 11 12 10 12.167 101.63    -1.2 0     0.0 0     0.0 0    -0.4 0   318.4 0   274.92 0   274.80 0   321.5 0   273.73 0   273.73 0     0.0 0     0.0 0     0.0 0    -3.1 0    -3.1 0     0.5 0    62.1 0     1.7 0    83.1 0  1015.2 0
 2019  11  1 11 12 11 12.183 101.44    -1.2 0     0.0 0     0.0 0    -0.4 0   318.6 0   274.92 0   274.81 0   321.5 0   273.75 0   273.75 0     0.0 0     0.0 0     0.0 0    -2.9 0    -2.9 0     0.5 0    62.1 0     1.6 0    82.1 0  1015.1 0
 2019  11  1 11 12 12 12.200 101.24    -1.2 0     0.0 0     0.0 0    -0.4 0   318.8 0   274.93 0   274.82 0   321.7 0   273.76 0   273.76 0     0.0 0     0.0 0     0.0 0    -3.0 0    -3.0 0     0.5 0    63.1 0     1.7 0    92.4 0  1015.2 0
 2019  11  1 11 12 13 12.217 101.05    -1.2 0     0.0 0     0.0 0    -0.4 0   319.0 0   274.93 0   274.80 0   321.6 0   273.76 0   273.77 0     0.0 0     0.0 0     0.0 0    -2.7 0    -2.7 0     0.5 0    61.9 0     1.9 0    98.6 0  1015.2 0
 2019  11  1 11 12 14 12.233 100.85    -1.2 0     0.0 0     0.0 0    -0.4 0   319.2 0   274.93 0   274.81 0   321.8 0   273.78 0   273.78 0     0.0 0     0.0 0     0.0 0    -2.6 0    -2.6 0     0.5 0    62.7 0     1.3 0    57.4 0  1015.2 0
 2019  11  1 11 12 15 12.250 100.66    -1.2 0     0.0 0     0.0 0    -0.4 0   319.3 0   274.93 0   274.81 0   322.1 0   273.78 0   273.78 0     0.0 0     0.0 0     0.0 0    -2.8 0    -2.8 0     0.5 0    62.6 0     1.3 0    67.4 0  1015.2 0
 2019  11  1 11 12 16 12.267 100.46    -1.2 0     0.0 0     0.0 0    -0.4 0   319.6 0   274.93 0   274.81 0   321.9 0   273.78 0   273.78 0     0.0 0     0.0 0     0.0 0    -2.3 0    -2.3 0     0.5 0    61.6 0     1.7 0    88.8 0  1015.2 0
 2019  11  1 11 12 17 12.283 100.27    -1.2 0     0.0 0     0.0 0    -0.4 0   319.8 0   274.93 0   274.82 0   321.8 0   273.79 0   273.79 0     0.0 0     0.0 0     0.0 0    -2.1 0    -2.1 0     0.5 0    61.1 0     2.0 0    91.4 0  1015.2 0
 2019  11  1 11 12 18 12.300 100.07    -1.2 0     0.0 0     0.0 0    -0.4 0   320.0 0   274.93 0   274.81 0   321.5 0   273.81 0   273.81 0     0.0 0     0.0 0     0.0 0    -1.5 0    -1.5 0     0.5 0    60.7 0     2.4 0    93.0 0  1015.2 0
 2019  11  1 11 12 19 12.317  99.88    -1.2 0     0.1 0     0.0 0    -0.4 0   320.3 0   274.93 0   274.82 0   321.4 0   273.81 0   273.81 0     0.0 0     0.0 0     0.0 0    -1.2 0    -1.2 0     0.5 0    60.7 0     2.5 0    77.0 0  1015.2 0
 2019  11  1 11 12 20 12.333  99.68    -1.2 0     0.0 0     0.0 0    -0.4 0   320.6 0   274.94 0   274.83 0   321.4 0   273.82 0   273.81 0     0.0 0     0.0 0     0.0 0    -0.8 0    -0.8 0     0.5 0    60.5 0     2.6 0    67.6 0  1015.2 0
 2019  11  1 11 12 21 12.350  99.49    -1.2 0     0.0 0     0.0 0    -0.4 0   320.9 0   274.95 0   274.84 0   321.4 0   273.83 0   273.83 0     0.0 0     0.0 0     0.0 0    -0.5 0    -0.5 0     0.5 0    61.1 0     1.7 0    72.2 0  1015.2 0
 2019  11  1 11 12 22 12.367  99.29    -1.2 0     0.0 0     0.0 0    -0.4 0   320.9 0   274.95 0   274.85 0   321.7 0   273.83 0   273.83 0     0.0 0     0.0 0     0.0 0    -0.8 0    -0.8 0     0.5 0    62.0 0     1.8 0    80.6 0  1015.2 0
 2019  11  1 11 12 23 12.383  99.10    -1.2 0     0.0 0     0.0 0    -0.4 0   321.0 0   274.95 0   274.84 0   321.5 0   273.83 0   273.83 0     0.0 0     0.0 0     0.0 0    -0.5 0    -0.5 0     0.5 0    61.6 0     2.5 0    86.0 0  1015.2 0
 2019  11  1 11 12 24 12.400  98.91    -1.2 0     0.0 0     0.0 0    -0.4 0   320.9 0   274.95 0   274.83 0   321.5 0   273.83 0   273.83 0     0.0 0     0.0 0     0.0 0    -0.6 0    -0.6 0     0.5 0    61.3 0     2.2 0    75.6 0  1015.2 0
 2019  11  1 11 12 25 12.417  98.71    -1.2 0     0.0 0     0.0 0    -0.4 0   321.0 0   274.95 0   274.85 0   321.8 0   273.86 0   273.84 0     0.0 0     0.0 0     0.0 0    -0.8 0    -0.8 0     0.5 0    61.6 0     2.1 0    82.2 0  1015.3 0
 2019  11  1 11 12 26 12.433  98.52    -1.2 0     0.0 0     0.0 0    -0.4 0   321.1 0   274.97 0   274.86 0   321.6 0   273.86 0   273.86 0     0.0 0     0.0 0     0.0 0    -0.5 0    -0.5 0     0.5 0    61.3 0     2.1 0    70.8 0  1015.3 0
 2019  11  1 11 12 27 12.450  98.33    -1.2 0     0.0 0     0.0 0    -0.4 0   321.0 0   274.97 0   274.85 0   321.6 0   273.86 0   273.86 0     0.0 0     0.0 0     0.0 0    -0.6 0    -0.6 0     0.5 0    61.0 0     2.0 0    69.1 0  1015.3 0
 2019  11  1 11 12 28 12.467  98.13    -1.2 0     0.0 0     0.1 0    -0.4 0   321.0 0   274.98 0   274.87 0   321.9 0   273.86 0   273.86 0     0.0 0     0.0 0     0.0 0    -0.8 0    -0.8 0     0.5 0    61.3 0     1.4 0    49.0 0  1015.3 0
 2019  11  1 11 12 29 12.483  97.94    -1.2 0     0.0 0     0.4 0    -0.4 0   321.3 0   275.00 0   274.89 0   322.1 0   273.87 0   273.86 0     0.0 0     0.0 0     0.0 0    -0.8 0    -0.8 0     0.5 0    61.1 0     1.1 0    68.1 0  1015.3 0
 2019  11  1 11 12 30 12.500  97.75    -1.2 0     0.0 0     0.2 0    -0.4 0   321.2 0   275.00 0   274.90 0   322.4 0   273.88 0   273.87 0     0.0 0     0.0 0     0.0 0    -1.2 0    -1.2 0     0.5 0    61.4 0     0.8 0    65.1 0  1015.3 0
 2019  11  1 11 12 31 12.517  97.55    -1.2 0     0.0 0     0.5 0    -0.4 0   321.3 0   275.00 0   274.90 0   322.6 0   273.88 0   273.88 0     0.0 0     0.0 0     0.0 0    -1.3 0    -1.3 0     0.5 0    61.5 0     0.6 0    77.5 0  1015.4 0
 2019  11  1 11 12 32 12.533  97.36    -1.2 0     0.0 0     0.3 0    -0.4 0   321.2 0   275.00 0   274.92 0   322.7 0   273.88 0   273.88 0     0.0 0     0.0 0     0.0 0    -1.6 0    -1.6 0     0.6 0    61.5 0     1.2 0    84.7 0  1015.3 0
 2019  11  1 11 12 33 12.550  97.17    -1.1 0     0.0 0     0.0 0    -0.4 0   321.4 0   275.02 0   274.90 0   322.7 0   273.88 0   273.88 0     0.0 0     0.0 0     0.0 0    -1.3 0    -1.3 0     0.6 0    62.0 0     1.6 0    67.6 0  1015.3 0
 2019  11  1 11 12 34 12.567  96.98    -1.1 0     0.0 0     0.0 0    -0.4 0   321.4 0   275.02 0   274.90 0   321.9 0   273.88 0   273.88 0     0.0 0     0.0 0     0.0 0    -0.5 0    -0.5 0     0.5 0    61.0 0     2.4 0    82.6 0  1015.3 0
 2019  11  1 11 12 35 12.583  96.78    -1.2 0     0.0 0     0.0 0    -0.4 0   321.4 0   275.02 0   274.89 0   322.2 0   273.90 0   273.88 0     0.0 0     0.0 0     0.0 0    -0.8 0    -0.8 0     0.5 0    61.0 0     2.4 0    82.9 0  1015.3 0
 2019  11  1 11 12 36 12.600  96.59    -1.2 0     0.0 0     0.0 0    -0.4 0   321.5 0   275.02 0   274.88 0   322.0 0   273.91 0   273.89 0     0.0 0     0.0 0     0.0 0    -0.6 0    -0.6 0     0.5 0    60.7 0     2.2 0   101.2 0  1015.2 0
 2019  11  1 11 12 37 12.617  96.40    -1.2 0     0.0 0     0.0 0    -0.4 0   321.7 0   275.02 0   274.89 0   322.0 0   273.91 0   273.91 0     0.0 0     0.0 0     0.0 0    -0.3 0    -0.3 0     0.5 0    62.0 0     1.9 0    79.0 0  1015.2 0
 2019  11  1 11 12 38 12.633  96.21    -1.2 0     0.0 0     0.0 0    -0.4 0   321.9 0   275.02 0   274.90 0   322.1 0   273.91 0   273.91 0     0.0 0     0.0 0     0.0 0    -0.2 0    -0.2 0     0.5 0    62.0 0     2.1 0    88.4 0  1015.1 0
 2019  11  1 11 12 39 12.650  96.02    -1.2 0     0.0 0     0.0 0    -0.4 0   321.9 0   275.02 0   274.88 0   321.8 0   273.91 0   273.91 0     0.0 0     0.0 0     0.0 0     0.0 0     0.0 0     0.5 0    61.1 0     2.7 0    89.5 0  1015.1 0
 2019  11  1 11 12 40 12.667  95.83    -1.1 0     0.0 0     0.0 0    -0.4 0   321.6 0   275.00 0   274.87 0   321.9 0   273.92 0   273.91 0     0.0 0     0.0 0     0.0 0    -0.3 0    -0.3 0     0.5 0    61.1 0     3.4 0    88.5 0  1015.0 0
 2019  11  1 11 12 41 12.683  95.64    -1.1 0     0.0 0     0.0 0    -0.4 0   321.6 0   275.00 0   274.85 0   321.7 0   273.93 0   273.91 0     0.0 0     0.0 0     0.0 0    -0.1 0    -0.1 0     0.5 0    61.6 0     2.8 0    85.8 0  1015.0 0
 2019  11  1 11 12 42 12.700  95.45    -1.1 0     0.0 0     0.0 0    -0.4 0   321.7 0   275.00 0   274.85 0   321.7 0   273.93 0   273.91 0     0.0 0     0.0 0     0.0 0     0.0 0     0.0 0     0.5 0    61.5 0     3.1 0    87.3 0  1015.0 0
 2019  11  1 11 12 43 12.717  95.26    -1.1 0     0.0 0     0.0 0    -0.4 0   321.8 0   275.00 0   274.83 0   321.7 0   273.93 0   273.91 0     0.0 0     0.0 0     0.0 0     0.0 0     0.0 0     0.4 0    61.1 0     2.7 0    86.4 0  1015.0 0
 2019  11  1 11 12 44 12.733  95.07    -1.1 0     0.0 0     0.0 0    -0.4 0   321.7 0   274.99 0   274.84 0   321.7 0   273.93 0   273.91 0     0.0 0     0.0 0     0.0 0     0.0 0     0.0 0     0.4 0    61.4 0     2.7 0    98.7 0  1015.0 0
 2019  11  1 11 12 45 12.750  94.88    -0.9 0     0.0 0     0.0 0    -0.4 0   321.5 0   274.97 0   274.83 0   321.6 0   273.93 0   273.92 0     0.0 0     0.0 0     0.0 0    -0.1 0    -0.1 0     0.4 0    61.5 0     2.7 0    84.8 0  1015.0 0
 2019  11  1 11 12 46 12.767  94.69    -0.8 0     0.0 0     0.0 0    -0.4 0   321.6 0   274.97 0   274.82 0   321.5 0   273.93 0   273.93 0     0.0 0     0.0 0     0.0 0     0.0 0     0.0 0     0.4 0    61.3 0     2.8 0    86.7 0  1015.0 0
 2019  11  1 11 12 47 12.783  94.50    -0.8 0     0.0 0     0.0 0    -0.4 0   321.5 0   274.96 0   274.83 0   321.5 0   273.93 0   273.93 0     0.0 0     0.0 0     0.0 0     0.0 0     0.0 0     0.5 0    61.1 0     2.9 0    80.5 0  1015.0 0
 2019  11  1 11 12 48 12.800  94.31    -0.8 0     0.0 0     0.0 0    -0.4 0   321.5 0   274.96 0   274.83 0   321.6 0   273.93 0   273.93 0     0.0 0     0.0 0     0.0 0    -0.1 0    -0.1 0     0.5 0    61.5 0     2.2 0    88.0 0  1015.0 0
 2019  11  1 11 12 49 12.817  94.12    -0.8 0     0.1 0     0.0 0    -0.3 0   321.4 0   274.95 0   274.83 0   321.8 0   273.93 0   273.93 0     0.0 0     0.1 0     0.0 0    -0.4 0    -0.4 0     0.5 0    61.1 0     2.8 0    85.6 0  1015.0 0
 2019  11  1 11 12 50 12.833  93.93    -0.8 0     0.0 0     0.0 0    -0.3 0   321.5 0   274.95 0   274.81 0   321.6 0   273.93 0   273.93 0     0.0 0     0.2 0     0.0 0    -0.1 0    -0.1 0     0.5 0    61.3 0     2.5 0    90.4 0  1015.0 0
 2019  11  1 11 12 51 12.850  93.74    -0.8 0     0.1 0     0.0 0    -0.1 0   321.5 0   274.95 0   274.83 0   321.8 0   273.93 0   273.93 0     0.0 0     0.2 0     0.0 0    -0.3 0    -0.3 0     0.5 0    61.3 0     2.8 0    92.4 0  1015.0 0
 2019  11  1 11 12 52 12.867  93.55    -0.8 0     0.3 0     0.0 0     0.0 0   321.5 0   274.95 0   274.81 0   321.5 0   273.93 0   273.93 0     0.0 0     0.2 0     0.0 0     0.0 0     0.0 0     0.5 0    60.8 0     2.6 0    84.2 0  1015.0 0
 2019  11  1 11 12 53 12.883  93.36    -0.8 0     0.3 0     0.0 0     0.0 0   321.5 0   274.95 0   274.82 0   321.7 0   273.93 0   273.93 0     0.0 0     0.2 0     0.0 0    -0.2 0    -0.2 0     0.5 0    61.2 0     1.8 0    77.4 0  1015.0 0
 2019  11  1 11 12 54 12.900  93.17    -0.5 0     0.4 0     0.0 0     0.4 0   321.5 0   274.95 0   274.82 0   321.9 0   273.93 0   273.93 0     0.0 0     0.2 0     0.0 0    -0.4 0    -0.4 0     0.5 0    61.7 0     1.9 0    96.1 0  1015.0 0
 2019  11  1 11 12 55 12.917  92.98    -0.4 0     0.4 0     0.0 0     0.4 0   321.5 0   274.95 0   274.83 0   322.1 0   273.93 0   273.93 0     0.0 0     0.2 0     0.0 0    -0.6 0    -0.6 0     0.5 0    61.5 0     2.3 0    92.9 0  1015.0 0
 2019  11  1 11 12 56 12.933  92.80    -0.3 0     0.4 0     0.0 0     0.4 0   321.4 0   274.95 0   274.80 0   322.4 0   273.95 0   273.93 0     0.0 0     0.2 0     0.0 0    -1.0 0    -1.0 0     0.5 0    62.1 0     2.3 0    78.6 0  1015.0 0
 2019  11  1 11 12 57 12.950  92.61     0.1 0     0.4 0     0.0 0     0.8 0   321.4 0   274.95 0   274.81 0   322.1 0   273.95 0   273.93 0     0.0 0     0.2 0     0.4 0    -0.7 0    -0.3 0     0.5 0    60.8 0     3.0 0    84.0 0  1015.0 0
 2019  11  1 11 12 58 12.967  92.42     0.6 0     0.5 0     0.0 0     1.3 0   321.2 0   274.95 0   274.83 0   321.9 0   273.95 0   273.94 0     0.0 0     0.3 0     0.9 0    -0.7 0     0.2 0     0.5 0    60.9 0     2.2 0    78.0 0  1015.0 0
 2019  11  1 11 12 59 12.983  92.23     1.4 0     1.0 0     0.0 0     2.2 0   321.2 0   274.95 0   274.84 0   322.1 0   273.95 0   273.95 0     0.0 0     0.5 0     1.2 0    -0.9 0     0.3 0     0.5 0    61.5 0     1.9 0    82.1 0  1015.0 0
 2019  11  1 11 13  0 13.000  92.05     1.9 0     1.2 0     0.0 0     2.6 0   321.2 0   274.95 0   274.85 0   322.3 0   273.95 0   273.95 0     0.0 0     0.7 0     1.4 0    -1.1 0     0.3 0     0.5 0    61.6 0     2.3 0    88.0 0  1015.1 0
 2019  11  1 11 13  1 13.017  91.86     2.0 0     1.2 0     0.0 0     2.6 0   321.3 0   274.95 0   274.85 0   322.4 0   273.96 0   273.95 0     0.0 0     0.7 0     1.4 0    -1.0 0     0.4 0     0.5 0    61.2 0     2.3 0    76.6 0  1015.0 0
 2019  11  1 11 13  2 13.033  91.67     2.1 0     1.2 0     0.0 0     2.9 0   321.7 0   274.96 0   274.86 0   322.5 0   273.96 0   273.96 0     0.0 0     0.7 0     1.7 0    -0.8 0     1.0 0     0.5 0    61.3 0     2.5 0    75.1 0  1015.0 0
 2019  11  1 11 13  3 13.050  91.49     2.6 0     1.2 0     0.0 0     3.4 0   322.0 0   274.97 0   274.88 0   322.5 0   273.97 0   273.96 0     0.0 0     0.7 0     2.2 0    -0.5 0     1.6 0     0.5 0    61.3 0     1.9 0    82.5 0  1015.0 0
 2019  11  1 11 13  4 13.067  91.30     2.7 0     1.2 0     0.0 0     3.4 0   322.1 0   274.98 0   274.89 0   323.0 0   273.98 0   273.97 0     0.0 0     1.0 0     2.2 0    -0.8 0     1.4 0     0.5 0    61.7 0     1.6 0    75.9 0  1015.0 0
 2019  11  1 11 13  5 13.083  91.11     2.7 0     1.2 0     0.0 0     3.4 0   322.4 0   275.00 0   274.90 0   323.0 0   273.98 0   273.98 0     0.0 0     1.2 0     2.2 0    -0.6 0     1.6 0     0.6 0    61.7 0     2.3 0    71.2 0  1015.0 0
 2019  11  1 11 13  6 13.100  90.93     2.6 0     1.2 0     0.0 0     3.4 0   322.2 0   275.00 0   274.90 0   322.6 0   273.98 0   273.98 0     0.0 0     1.2 0     2.2 0    -0.5 0     1.7 0     0.6 0    60.7 0     2.2 0    80.8 0  1015.1 0
 2019  11  1 11 13  7 13.117  89.98     2.1 0     1.0 0     0.0 0     3.0 0   322.3 0   275.01 0   274.92 0   323.0 0   273.98 0   273.98 0     0.2 0     1.2 0     2.0 0    -0.7 0     1.3 0     0.6 0    61.5 0     1.1 0    68.8 0  1015.1 0
 2019  11  1 11 13  8 13.133  89.86     1.9 0     0.8 0     0.3 0     2.6 0   322.4 0   275.02 0   274.94 0   323.4 0   273.98 0   273.98 0     0.2 0     1.2 0     1.8 0    -0.9 0     0.9 0     0.6 0    62.0 0     0.8 0    68.8 0  1015.2 0
 2019  11  1 11 13  9 13.150  89.72     2.0 0     0.8 0     0.1 0     2.6 0   322.3 0   275.03 0   274.94 0   323.5 0   274.00 0   273.99 0     0.2 0     1.2 0     1.8 0    -1.2 0     0.6 0     0.6 0    61.0 0     2.2 0    71.3 0  1015.2 0
 2019  11  1 11 13 10 13.167  89.58     2.0 0     0.8 0     0.4 0     2.7 0   322.4 0   275.05 0   274.95 0   323.0 0   274.00 0   274.00 0     0.2 0     1.3 0     1.9 0    -0.6 0     1.3 0     0.6 0    60.9 0     1.7 0    69.5 0  1015.2 0
 2019  11  1 11 13 11 13.183  89.44     2.0 0     0.8 0     0.7 0     3.0 0   322.4 0   275.05 0   274.98 0   323.1 0   274.00 0   274.00 0     0.2 0     1.5 0     2.2 0    -0.7 0     1.5 0     0.6 0    61.0 0     2.0 0    65.2 0  1015.2 0
 2019  11  1 11 13 12 13.200  89.29     2.5 0     0.8 0     0.6 0     3.3 0   322.4 0   275.07 0   274.98 0   322.8 0   274.00 0   274.00 0     0.2 0     1.7 0     2.5 0    -0.4 0     2.1 0     0.6 0    60.7 0     2.2 0    62.7 0  1015.2 0
 2019  11  1 11 13 13 13.217  89.14     2.9 0     1.0 0     0.8 0     3.7 0   322.3 0   275.08 0   275.00 0   323.4 0   274.02 0   274.01 0     0.2 0     1.8 0     2.6 0    -1.1 0     1.6 0     0.6 0    61.3 0     0.8 0    68.4 0  1015.1 0
 2019  11  1 11 13 14 13.233  88.99     3.4 0     1.2 0     0.8 0     4.2 0   322.3 0   275.10 0   275.01 0   323.9 0   274.03 0   274.03 0     0.2 0     2.1 0     3.1 0    -1.6 0     1.5 0     0.7 0    61.1 0     1.3 0    77.7 0  1015.1 0
 2019  11  1 11 13 15 13.250  88.83     4.0 0     1.2 0     0.8 0     4.8 0   322.0 0   275.10 0   275.03 0   323.9 0   274.03 0   274.03 0     0.3 0     2.2 0     3.6 0    -1.9 0     1.8 0     0.7 0    61.2 0     1.7 0    83.1 0  1015.1 0
 2019  11  1 11 13 16 13.267  88.67     4.3 0     1.2 0     0.8 0     4.9 0   321.9 0   275.12 0   275.02 0   323.5 0   274.03 0   274.03 0     0.4 0     2.3 0     3.7 0    -1.6 0     2.2 0     0.7 0    60.5 0     1.4 0    84.0 0  1015.0 0
 2019  11  1 11 13 17 13.283  88.51     4.3 0     1.2 0     0.8 0     4.9 0   321.7 0   275.12 0   275.04 0   323.7 0   274.03 0   274.03 0     0.4 0     2.4 0     3.7 0    -2.0 0     1.8 0     0.7 0    60.7 0     1.8 0    93.1 0  1015.0 0
 2019  11  1 11 13 18 13.300  88.35     4.3 0     1.2 0     0.8 0     4.9 0   321.7 0   275.14 0   275.04 0   323.7 0   274.05 0   274.05 0     0.4 0     2.6 0     3.7 0    -2.0 0     1.7 0     0.7 0    61.0 0     2.0 0    75.4 0  1014.9 0
 2019  11  1 11 13 19 13.317  88.19     4.3 0     1.2 0     0.8 0     4.9 0   321.6 0   275.14 0   275.06 0   323.8 0   274.05 0   274.05 0     0.4 0     2.6 0     3.7 0    -2.2 0     1.5 0     0.7 0    61.1 0     1.7 0    84.9 0  1014.9 0
 2019  11  1 11 13 20 13.333  88.02     4.7 0     1.2 0     0.5 0     5.5 0   321.4 0   275.16 0   275.06 0   323.6 0   274.05 0   274.05 0     0.5 0     2.9 0     4.3 0    -2.2 0     2.1 0     0.7 0    60.8 0     2.6 0    92.2 0  1014.8 0
 2019  11  1 11 13 21 13.350  87.86     5.6 0     1.2 0     0.4 0     6.0 0   321.2 0   275.17 0   275.05 0   323.3 0   274.06 0   274.06 0     0.5 0     3.2 0     4.8 0    -2.2 0     2.7 0     0.6 0    60.5 0     2.5 0    84.3 0  1014.8 0
 2019  11  1 11 13 22 13.367  87.69     6.1 0     1.2 0     0.4 0     6.5 0   321.0 0   275.18 0   275.07 0   323.2 0   274.07 0   274.07 0     0.6 0     3.6 0     5.3 0    -2.2 0     3.1 0     0.6 0    60.7 0     2.8 0    80.8 0  1014.8 0
 2019  11  1 11 13 23 13.383  87.52     6.5 0     1.2 0     0.3 0     6.8 0   320.7 0   275.19 0   275.07 0   323.1 0   274.08 0   274.08 0     0.7 0     3.6 0     5.6 0    -2.5 0     3.1 0     0.6 0    60.4 0     2.8 0    83.3 0  1014.8 0
 2019  11  1 11 13 24 13.400  87.35     6.7 0     1.3 0     0.4 0     7.2 0   320.5 0   275.19 0   275.08 0   323.2 0   274.08 0   274.08 0     0.6 0     4.0 0     5.8 0    -2.7 0     3.1 0     0.6 0    61.1 0     2.1 0    80.0 0  1014.8 0
 2019  11  1 11 13 25 13.417  87.18     6.8 0     1.6 0     0.6 0     7.6 0   320.4 0   275.20 0   275.10 0   323.5 0   274.08 0   274.08 0     0.7 0     4.1 0     6.0 0    -3.1 0     2.9 0     0.6 0    61.1 0     1.9 0    72.5 0  1014.8 0
 2019  11  1 11 13 26 13.433  87.01     7.2 0     1.6 0     0.8 0     8.1 0   320.7 0   275.22 0   275.11 0   323.7 0   274.09 0   274.09 0     0.8 0     4.5 0     6.5 0    -3.0 0     3.5 0     0.7 0    61.1 0     1.6 0    81.2 0  1014.8 0
 2019  11  1 11 13 27 13.450  86.84     7.8 0     1.9 0     0.8 0     8.6 0   320.6 0   275.22 0   275.13 0   323.9 0   274.10 0   274.10 0     0.8 0     4.6 0     6.7 0    -3.3 0     3.4 0     0.7 0    61.2 0     1.9 0    79.2 0  1014.8 0
 2019  11  1 11 13 28 13.467  86.67     8.5 0     2.0 0     0.8 0     9.3 0   320.5 0   275.24 0   275.14 0   323.8 0   274.10 0   274.10 0     0.8 0     4.8 0     7.4 0    -3.2 0     4.2 0     0.7 0    60.5 0     2.0 0    85.7 0  1014.8 0
 2019  11  1 11 13 29 13.483  86.50     9.3 0     2.0 0     0.8 0    10.1 0   320.2 0   275.24 0   275.15 0   323.7 0   274.10 0   274.10 0     0.8 0     5.1 0     8.1 0    -3.5 0     4.6 0     0.7 0    60.4 0     2.0 0    81.4 0  1014.8 0
 2019  11  1 11 13 30 13.500  86.32    10.0 0     2.0 0     0.8 0    10.8 0   319.9 0   275.25 0   275.15 0   323.9 0   274.11 0   274.12 0     0.9 0     5.4 0     8.8 0    -3.9 0     4.9 0     0.7 0    60.6 0     2.5 0    94.1 0  1014.8 0
 2019  11  1 11 13 31 13.517  86.15    10.7 0     2.4 0     0.8 0    11.6 0   319.6 0   275.27 0   275.16 0   324.1 0   274.12 0   274.12 0     1.0 0     5.8 0     9.3 0    -4.5 0     4.8 0     0.7 0    60.5 0     1.4 0    82.2 0  1014.8 0
 2019  11  1 11 13 32 13.533  85.98    11.7 0     2.7 0     0.7 0    12.5 0   319.1 0   275.27 0   275.15 0   324.2 0   274.12 0   274.12 0     1.0 0     6.3 0     9.9 0    -5.1 0     4.8 0     0.7 0    60.5 0     1.5 0    99.0 0  1014.9 0
 2019  11  1 11 13 33 13.550  85.81    12.9 0     2.8 0     0.8 0    13.8 0   318.5 0   275.27 0   275.18 0   324.3 0   274.13 0   274.13 0     1.1 0     6.8 0    11.0 0    -5.8 0     5.2 0     0.7 0    60.4 0     1.6 0    82.8 0  1014.9 0
 2019  11  1 11 13 34 13.567  85.63    14.1 0     3.0 0     0.8 0    14.9 0   318.1 0   275.29 0   275.19 0   324.8 0   274.14 0   274.15 0     1.2 0     7.3 0    11.9 0    -6.7 0     5.3 0     0.8 0    62.0 0     1.1 0    62.0 0  1014.9 0
 2019  11  1 11 13 35 13.583  85.46    15.6 0     3.5 0     0.8 0    16.4 0   317.5 0   275.29 0   275.20 0   324.4 0   274.15 0   274.15 0     1.3 0     8.0 0    12.9 0    -6.9 0     6.0 0     0.8 0    60.4 0     1.8 0    61.6 0  1014.9 0
 2019  11  1 11 13 36 13.600  85.29    17.8 0     4.0 0     0.8 0    18.5 0   316.8 0   275.31 0   275.25 0   324.5 0   274.15 0   274.17 0     1.4 0     8.9 0    14.6 0    -7.7 0     6.9 0     0.8 0    60.7 0     1.4 0    73.9 0  1014.9 0
 2019  11  1 11 13 37 13.617  85.11    20.3 0     4.5 0     0.8 0    21.0 0   315.8 0   275.32 0   275.25 0   325.3 0   274.17 0   274.17 0     1.5 0     9.9 0    16.5 0    -9.5 0     7.1 0     0.8 0    61.2 0     1.0 0    83.7 0  1014.8 0
 2019  11  1 11 13 38 13.633  84.94    22.2 0     5.2 0     0.8 0    23.0 0   314.4 0   275.34 0   275.26 0   325.5 0   274.17 0   274.19 0     1.6 0    10.8 0    17.9 0   -11.1 0     6.8 0     0.8 0    61.1 0     1.3 0    84.8 0  1014.8 0
 2019  11  1 11 13 39 13.650  84.77    24.7 0     5.7 0     0.8 0    25.3 0   312.4 0   275.34 0   275.28 0   325.7 0   274.18 0   274.20 0     1.7 0    11.8 0    19.7 0   -13.3 0     6.5 0     0.9 0    61.0 0     0.8 0    81.9 0  1014.9 0
 2019  11  1 11 13 40 13.667  84.59    27.4 0     6.4 0     0.8 0    28.0 0   310.5 0   275.37 0   275.30 0   325.9 0   274.20 0   274.22 0     1.8 0    12.8 0    21.7 0   -15.4 0     6.3 0     0.9 0    61.0 0     1.0 0    56.5 0  1014.9 0
 2019  11  1 11 13 41 13.683  84.42    30.1 0     7.0 0     0.8 0    30.7 0   308.4 0   275.39 0   275.30 0   325.0 0   274.21 0   274.22 0     1.9 0    13.9 0    23.7 0   -16.5 0     7.2 0     0.9 0    59.4 0     2.1 0    71.3 0  1014.9 0
 2019  11  1 11 13 42 13.700  84.25    33.0 0     7.8 0     0.8 0    33.5 0   306.6 0   275.39 0   275.32 0   325.1 0   274.22 0   274.23 0     2.0 0    15.0 0    25.8 0   -18.5 0     7.3 0     0.9 0    59.8 0     1.2 0    65.4 0  1014.9 0
 2019  11  1 11 13 43 13.717  84.08    35.8 0     8.1 0     0.8 0    36.4 0   305.1 0   275.41 0   275.34 0   325.4 0   274.22 0   274.25 0     2.1 0    16.2 0    28.4 0   -20.3 0     8.1 0     0.9 0    59.8 0     1.3 0    87.6 0  1014.9 0
 2019  11  1 11 13 44 13.733  83.90    38.4 0     8.8 0     0.8 0    38.9 0   304.1 0   275.42 0   275.34 0   325.8 0   274.24 0   274.26 0     2.3 0    17.2 0    30.2 0   -21.7 0     8.5 0     0.9 0    59.6 0     1.4 0    85.5 0  1014.9 0
 2019  11  1 11 13 45 13.750  83.73    40.6 0     9.4 0     0.8 0    41.2 0   303.5 0   275.44 0   275.35 0   325.9 0   274.25 0   274.27 0     2.4 0    18.2 0    31.9 0   -22.4 0     9.5 0     0.9 0    60.3 0     1.0 0    57.5 0  1014.9 0
 2019  11  1 11 13 46 13.767  83.56    42.8 0     9.9 0     0.8 0    43.4 0   303.4 0   275.45 0   275.38 0   326.3 0   274.26 0   274.28 0     2.5 0    19.1 0    33.6 0   -22.9 0    10.7 0     0.9 0    60.0 0     1.0 0    89.5 0  1014.8 0
 2019  11  1 11 13 47 13.783  83.39    45.6 0    10.7 0     0.8 0    46.1 0   304.5 0   275.47 0   275.43 0   326.6 0   274.27 0   274.30 0     2.6 0    20.2 0    35.6 0   -22.1 0    13.5 0     0.9 0    59.2 0     1.3 0    79.0 0  1014.9 0
 2019  11  1 11 13 48 13.800  83.21    48.4 0    11.4 0     0.8 0    49.1 0   305.9 0   275.49 0   275.44 0   326.8 0   274.28 0   274.32 0     2.7 0    21.4 0    37.8 0   -20.9 0    16.9 0     0.9 0    60.2 0     1.4 0    73.3 0  1014.9 0
 2019  11  1 11 13 49 13.817  83.04    51.0 0    12.1 0     0.8 0    51.7 0   307.7 0   275.51 0   275.46 0   327.4 0   274.30 0   274.33 0     2.8 0    22.5 0    39.7 0   -19.7 0    20.0 0     1.0 0    59.5 0     1.7 0    88.7 0  1014.9 0
 2019  11  1 11 13 50 13.833  82.87    52.9 0    12.7 0     1.5 0    53.6 0   309.6 0   275.53 0   275.47 0   327.9 0   274.32 0   274.35 0     2.8 0    23.3 0    41.0 0   -18.4 0    22.7 0     1.0 0    60.3 0     1.2 0    70.0 0  1014.8 0
 2019  11  1 11 13 51 13.850  82.70    54.5 0    13.1 0     2.8 0    55.1 0   311.4 0   275.54 0   275.52 0   328.2 0   274.32 0   274.37 0     2.9 0    24.1 0    42.4 0   -16.8 0    25.6 0     1.0 0    60.2 0     0.8 0    34.8 0  1014.8 0
 2019  11  1 11 13 52 13.867  82.53    55.7 0    13.4 0     3.0 0    56.4 0   313.4 0   275.57 0   275.56 0   329.3 0   274.34 0   274.38 0     3.0 0    24.6 0    43.4 0   -15.9 0    27.5 0     1.0 0    60.8 0     0.8 0    58.6 0  1014.8 0
 2019  11  1 11 13 53 13.883  82.36    56.0 0    13.7 0     2.5 0    57.1 0   315.1 0   275.59 0   275.60 0   330.0 0   274.36 0   274.40 0     3.0 0    25.0 0    43.7 0   -14.9 0    28.8 0     1.0 0    60.7 0     0.7 0    62.8 0  1014.9 0
 2019  11  1 11 13 54 13.900  82.18    56.3 0    13.7 0     4.4 0    57.1 0   316.6 0   275.62 0   275.64 0   330.1 0   274.38 0   274.42 0     3.0 0    25.1 0    44.1 0   -13.4 0    30.6 0     1.1 0    60.3 0     0.6 0    56.0 0  1014.9 0
 2019  11  1 11 13 55 13.917  82.01    56.5 0    13.7 0     7.0 0    57.1 0   317.5 0   275.65 0   275.69 0   329.9 0   274.40 0   274.44 0     3.1 0    25.3 0    44.4 0   -12.4 0    32.0 0     1.1 0    60.0 0     0.9 0    62.6 0  1014.9 0
 2019  11  1 11 13 56 13.933  81.84    56.1 0    13.7 0     3.5 0    57.1 0   317.7 0   275.69 0   275.70 0   330.4 0   274.42 0   274.46 0     3.2 0    25.0 0    43.9 0   -12.7 0    31.2 0     1.1 0    59.8 0     0.6 0    65.9 0  1014.9 0
 2019  11  1 11 13 57 13.950  81.67    56.0 0    13.7 0     3.4 0    57.1 0   317.4 0   275.72 0   275.70 0   330.8 0   274.43 0   274.48 0     3.3 0    25.0 0    43.9 0   -13.4 0    30.5 0     1.2 0    60.5 0     1.1 0    81.1 0  1014.9 0
 2019  11  1 11 13 58 13.967  81.50    56.0 0    13.6 0     4.1 0    56.9 0   316.9 0   275.74 0   275.74 0   330.9 0   274.46 0   274.51 0     3.4 0    25.0 0    43.9 0   -14.0 0    29.9 0     1.2 0    59.7 0     0.9 0    81.2 0  1015.0 0
 2019  11  1 11 13 59 13.983  81.33    56.2 0    13.7 0     4.3 0    57.1 0   316.2 0   275.77 0   275.78 0   330.5 0   274.48 0   274.51 0     3.5 0    25.0 0    44.1 0   -14.2 0    29.8 0     1.2 0    58.4 0     0.8 0    90.2 0  1015.0 0
 2019  11  1 11 14  0 14.000  81.16    57.6 0    13.8 0     6.6 0    57.9 0   315.4 0   275.79 0   275.79 0   330.7 0   274.50 0   274.54 0     3.6 0    25.6 0    45.1 0   -15.4 0    29.8 0     1.2 0    58.5 0     0.8 0    95.7 0  1015.0 0
 2019  11  1 11 14  1 14.017  80.99    59.4 0    14.2 0     4.2 0    59.8 0   315.0 0   275.82 0   275.79 0   331.1 0   274.51 0   274.56 0     3.7 0    26.2 0    46.2 0   -16.1 0    30.1 0     1.2 0    58.3 0     0.8 0    98.3 0  1015.0 0
 2019  11  1 11 14  2 14.033  80.82    62.2 0    14.8 0     2.5 0    62.5 0   315.5 0   275.83 0   275.83 0   331.9 0   274.53 0   274.58 0     3.8 0    27.2 0    48.1 0   -16.4 0    31.7 0     1.2 0    59.0 0     0.4 0    89.7 0  1015.1 0
 2019  11  1 11 14  3 14.050  80.66    65.5 0    15.6 0     2.1 0    65.6 0   316.8 0   275.86 0   275.87 0   332.3 0   274.56 0   274.60 0     3.8 0    28.4 0    50.4 0   -15.5 0    34.9 0     1.3 0    59.4 0     0.9 0    67.0 0  1015.1 0
 2019  11  1 11 14  4 14.067  80.49    68.8 0    16.3 0     1.7 0    68.9 0   318.3 0   275.88 0   275.90 0   332.0 0   274.58 0   274.62 0     3.8 0    29.7 0    52.8 0   -13.7 0    39.2 0     1.3 0    58.3 0     1.1 0    37.0 0  1015.1 0
 2019  11  1 11 14  5 14.083  80.32    71.1 0    16.9 0     1.7 0    71.2 0   320.1 0   275.91 0   275.94 0   332.9 0   274.60 0   274.64 0     3.7 0    30.6 0    54.6 0   -12.7 0    41.8 0     1.2 0    59.2 0     0.8 0    72.9 0  1015.1 0
 2019  11  1 11 14  6 14.100  80.15    71.0 0    16.9 0     0.9 0    71.4 0   321.3 0   275.94 0   275.96 0   333.2 0   274.62 0   274.68 0     3.7 0    30.5 0    54.7 0   -11.9 0    42.8 0     1.3 0    60.2 0     1.4 0    88.1 0  1015.1 0
 2019  11  1 11 14  7 14.117  79.98    67.0 0    15.8 0     0.8 0    67.8 0   322.5 0   275.97 0   275.99 0   333.1 0   274.65 0   274.70 0     3.6 0    28.9 0    52.1 0   -10.6 0    41.5 0     1.3 0    58.0 0     1.0 0    92.5 0  1015.1 0
 2019  11  1 11 14  8 14.133  79.81    58.7 0    13.8 0     0.8 0    60.0 0   323.2 0   276.00 0   275.99 0   332.1 0   274.67 0   274.71 0     3.5 0    25.7 0    46.3 0    -9.0 0    37.4 0     1.3 0    57.1 0     1.9 0    99.6 0  1015.1 0
 2019  11  1 11 14  9 14.150  79.65    49.8 0    11.5 0     0.8 0    51.2 0   323.3 0   276.02 0   275.97 0   331.4 0   274.69 0   274.73 0     3.4 0    22.3 0    39.8 0    -8.1 0    31.7 0     1.2 0    57.4 0     1.5 0    92.4 0  1015.1 0
 2019  11  1 11 14 10 14.167  79.48    45.6 0    10.5 0     1.2 0    46.6 0   323.3 0   276.03 0   276.01 0   331.6 0   274.71 0   274.74 0     3.5 0    20.7 0    36.3 0    -8.2 0    28.1 0     1.3 0    58.5 0     1.4 0   108.5 0  1015.1 0
 2019  11  1 11 14 11 14.183  79.31    47.4 0    10.9 0     0.8 0    47.9 0   322.8 0   276.04 0   275.97 0   331.3 0   274.72 0   274.76 0     3.6 0    21.5 0    37.2 0    -8.5 0    28.7 0     1.2 0    58.3 0     1.4 0   103.2 0  1015.1 0
 2019  11  1 11 14 12 14.200  79.15    50.8 0    11.6 0     0.8 0    51.1 0   322.6 0   276.04 0   275.98 0   331.3 0   274.74 0   274.77 0     3.8 0    22.8 0    39.6 0    -8.6 0    31.0 0     1.2 0    58.5 0     1.2 0    99.1 0  1015.2 0
 2019  11  1 11 14 13 14.217  78.98    53.3 0    12.1 0     0.8 0    53.5 0   322.6 0   276.07 0   276.01 0   332.0 0   274.76 0   274.79 0     4.0 0    23.7 0    41.6 0    -9.3 0    32.2 0     1.3 0    58.8 0     0.9 0   110.7 0  1015.2 0
 2019  11  1 11 14 14 14.233  78.82    54.9 0    12.5 0     0.3 0    55.2 0   322.4 0   276.07 0   276.02 0   332.2 0   274.77 0   274.80 0     4.1 0    24.4 0    42.7 0    -9.9 0    32.9 0     1.3 0    57.9 0     0.9 0   106.0 0  1015.3 0
 2019  11  1 11 14 15 14.250  78.65    56.3 0    12.9 0     0.2 0    56.6 0   322.2 0   276.07 0   276.05 0   333.0 0   274.79 0   274.83 0     4.3 0    25.0 0    43.8 0   -10.8 0    33.0 0     1.3 0    58.4 0     0.4 0   115.3 0  1015.3 0
 2019  11  1 11 14 16 14.267  78.49    57.3 0    12.9 0     0.0 0    57.7 0   322.4 0   276.09 0   276.08 0   333.5 0   274.80 0   274.85 0     4.4 0    25.4 0    44.8 0   -11.1 0    33.7 0     1.4 0    59.6 0     0.0 0   119.3 0  1015.4 0
 2019  11  1 11 14 17 14.283  78.32    57.9 0    13.0 0     0.0 0    58.5 0   322.7 0   276.10 0   276.11 0   333.9 0   274.83 0   274.86 0     4.6 0    25.8 0    45.5 0   -11.3 0    34.2 0     1.5 0    58.6 0     0.0 0     0.0 0  1015.4 0
 2019  11  1 11 14 18 14.300  78.16    58.8 0    13.3 0     0.0 0    59.4 0   322.6 0   276.12 0   276.13 0   334.1 0   274.85 0   274.89 0     4.7 0    26.2 0    46.0 0   -11.5 0    34.5 0     1.6 0    59.1 0     0.1 0   340.4 0  1015.4 0
 2019  11  1 11 14 19 14.317  77.99    59.7 0    13.6 0     0.5 0    60.4 0   322.9 0   276.14 0   276.19 0   334.1 0   274.87 0   274.90 0     4.9 0    26.6 0    46.9 0   -11.1 0    35.7 0     1.6 0    58.2 0     0.4 0    40.4 0  1015.3 0
 2019  11  1 11 14 20 14.333  77.83    60.4 0    13.7 0     0.4 0    61.1 0   323.1 0   276.17 0   276.20 0   333.8 0   274.89 0   274.93 0     5.0 0    26.9 0    47.5 0   -10.7 0    36.8 0     1.6 0    57.2 0     0.7 0    41.9 0  1015.3 0
 2019  11  1 11 14 21 14.350  77.66    60.4 0    13.7 0     0.0 0    61.2 0   323.3 0   276.20 0   276.21 0   333.8 0   274.91 0   274.95 0     5.1 0    26.9 0    47.5 0   -10.5 0    37.0 0     1.6 0    57.8 0     1.3 0    95.8 0  1015.3 0
 2019  11  1 11 14 22 14.367  77.50    59.9 0    13.7 0     0.1 0    60.5 0   323.7 0   276.23 0   276.22 0   332.8 0   274.93 0   274.95 0     5.2 0    26.7 0    46.9 0    -9.1 0    37.8 0     1.5 0    57.1 0     1.4 0   103.6 0  1015.3 0
 2019  11  1 11 14 23 14.383  77.34    58.4 0    13.2 0     0.0 0    59.1 0   324.1 0   276.26 0   276.22 0   333.1 0   274.95 0   274.98 0     5.2 0    26.1 0    46.0 0    -9.0 0    36.9 0     1.5 0    57.3 0     1.3 0    86.5 0  1015.2 0
 2019  11  1 11 14 24 14.400  77.18    56.9 0    12.9 0     0.3 0    57.7 0   324.2 0   276.26 0   276.24 0   333.2 0   274.96 0   275.00 0     5.3 0    25.6 0    44.9 0    -9.0 0    35.9 0     1.5 0    57.7 0     1.5 0    76.0 0  1015.2 0
 2019  11  1 11 14 25 14.417  77.01    56.2 0    12.8 0     0.0 0    57.1 0   324.3 0   276.28 0   276.24 0   332.7 0   274.98 0   275.02 0     5.5 0    25.4 0    44.3 0    -8.4 0    35.9 0     1.5 0    56.9 0     1.9 0   101.8 0  1015.2 0
 2019  11  1 11 14 26 14.433  76.85    56.7 0    12.9 0     0.0 0    57.5 0   324.1 0   276.29 0   276.22 0   332.8 0   275.00 0   275.03 0     5.7 0    25.6 0    44.7 0    -8.7 0    35.9 0     1.5 0    58.2 0     1.9 0    86.6 0  1015.2 0
 2019  11  1 11 14 27 14.450  76.69    58.6 0    13.1 0     0.1 0    59.3 0   323.9 0   276.31 0   276.23 0   332.3 0   275.01 0   275.05 0     5.9 0    26.4 0    46.2 0    -8.3 0    37.9 0     1.4 0    57.3 0     1.8 0    82.3 0  1015.3 0
 2019  11  1 11 14 28 14.467  76.53    60.3 0    13.6 0     0.8 0    60.9 0   323.4 0   276.31 0   276.27 0   333.1 0   275.02 0   275.06 0     6.2 0    27.1 0    47.5 0    -9.6 0    37.9 0     1.4 0    57.7 0     0.8 0    73.4 0  1015.3 0
 2019  11  1 11 14 29 14.483  76.37    61.9 0    13.7 0     0.5 0    62.6 0   322.4 0   276.31 0   276.30 0   334.0 0   275.04 0   275.08 0     6.5 0    27.9 0    49.0 0   -11.6 0    37.3 0     1.5 0    58.0 0     0.8 0    66.4 0  1015.4 0
 2019  11  1 11 14 30 14.500  76.21    64.0 0    14.3 0     0.4 0    64.7 0   321.2 0   276.33 0   276.31 0   333.6 0   275.05 0   275.10 0     6.9 0    28.8 0    50.5 0   -12.4 0    38.1 0     1.5 0    56.6 0     1.2 0    40.8 0  1015.4 0
 2019  11  1 11 14 31 14.517  76.05    67.0 0    14.9 0     0.0 0    67.6 0   319.7 0   276.34 0   276.32 0   333.3 0   275.07 0   275.10 0     7.4 0    30.1 0    52.7 0   -13.6 0    39.0 0     1.5 0    56.6 0     1.4 0    26.5 0  1015.5 0
 2019  11  1 11 14 32 14.533  75.89    71.6 0    16.0 0     0.0 0    72.0 0   318.4 0   276.36 0   276.31 0   332.9 0   275.08 0   275.11 0     7.8 0    32.0 0    56.0 0   -14.5 0    41.5 0     1.5 0    56.7 0     1.7 0    34.6 0  1015.5 0
 2019  11  1 11 14 33 14.550  75.73    78.2 0    17.6 0     0.0 0    78.3 0   317.5 0   276.36 0   276.33 0   333.4 0   275.10 0   275.14 0     8.2 0    34.7 0    60.7 0   -15.9 0    44.9 0     1.4 0    56.7 0     1.6 0    41.8 0  1015.5 0
 2019  11  1 11 14 34 14.567  75.57    86.6 0    19.5 0     0.2 0    86.3 0   316.8 0   276.36 0   276.35 0   333.7 0   275.11 0   275.15 0     8.6 0    38.1 0    66.9 0   -16.9 0    49.9 0     1.4 0    56.4 0     2.0 0    36.8 0  1015.5 0
 2019  11  1 11 14 35 14.583  75.41    96.5 0    21.9 0     0.0 0    95.8 0   317.3 0   276.38 0   276.35 0   333.6 0   275.12 0   275.17 0     9.0 0    42.2 0    73.8 0   -16.3 0    57.5 0     1.4 0    56.2 0     1.4 0    36.3 0  1015.5 0
 2019  11  1 11 14 36 14.600  75.26   107.5 0    24.5 0     0.8 0   106.4 0   318.4 0   276.39 0   276.39 0   336.1 0   275.14 0   275.20 0     9.2 0    46.8 0    82.1 0   -17.7 0    64.4 0     1.5 0    56.8 0     0.9 0    30.4 0  1015.5 0
 2019  11  1 11 14 37 14.617  75.10   118.3 0    27.1 0     0.8 0   117.3 0   319.6 0   276.40 0   276.45 0   337.7 0   275.16 0   275.23 0     9.5 0    51.3 0    90.3 0   -18.1 0    72.2 0     1.5 0    57.0 0     1.0 0    50.3 0  1015.5 0
 2019  11  1 11 14 38 14.633  74.94   125.8 0    28.9 0     0.8 0   125.1 0   320.3 0   276.42 0   276.51 0   338.8 0   275.19 0   275.27 0     9.7 0    54.5 0    96.4 0   -18.6 0    77.9 0     1.6 0    56.4 0     1.3 0    54.0 0  1015.5 0
 2019  11  1 11 14 39 14.650  74.78   130.2 0    30.1 0     0.8 0   129.7 0   319.9 0   276.45 0   276.55 0   339.2 0   275.21 0   275.30 0    10.0 0    56.4 0    99.9 0   -19.3 0    80.6 0     1.6 0    56.2 0     1.1 0    56.4 0  1015.5 0
 2019  11  1 11 14 40 14.667  74.63   133.4 0    30.9 0     0.8 0   133.1 0   319.0 0   276.49 0   276.60 0   339.8 0   275.24 0   275.33 0    10.3 0    57.9 0   102.5 0   -20.8 0    81.7 0     1.7 0    56.0 0     0.9 0    64.6 0  1015.5 0
 2019  11  1 11 14 41 14.683  74.47   137.9 0    32.1 0     0.8 0   137.4 0   318.0 0   276.52 0   276.64 0   340.6 0   275.27 0   275.37 0    10.6 0    59.8 0   105.6 0   -22.6 0    83.0 0     1.7 0    55.9 0     1.2 0    64.4 0  1015.4 0
 2019  11  1 11 14 42 14.700  74.32   144.7 0    33.9 0     0.8 0   144.1 0   317.6 0   276.56 0   276.69 0   340.2 0   275.30 0   275.40 0    10.9 0    62.6 0   110.4 0   -22.6 0    87.8 0     1.7 0    55.0 0     1.8 0    68.1 0  1015.3 0
 2019  11  1 11 14 43 14.717  74.16   152.3 0    36.0 0     0.8 0   151.7 0   317.8 0   276.61 0   276.72 0   340.5 0   275.33 0   275.44 0    11.1 0    65.8 0   116.0 0   -22.7 0    93.3 0     1.7 0    55.1 0     1.7 0    69.9 0  1015.4 0
 2019  11  1 11 14 44 14.733  74.01   159.8 0    37.9 0     0.8 0   159.2 0   319.4 0   276.65 0   276.77 0   341.9 0   275.36 0   275.47 0    11.1 0    69.0 0   121.5 0   -22.5 0    99.1 0     1.7 0    55.9 0     1.2 0    77.3 0  1015.4 0
 2019  11  1 11 14 45 14.750  73.85   166.0 0    39.6 0     1.9 0   165.1 0   321.3 0   276.69 0   276.81 0   343.7 0   275.40 0   275.51 0    11.1 0    71.6 0   126.0 0   -22.4 0   103.6 0     1.8 0    55.4 0     0.6 0    86.6 0  1015.5 0
 2019  11  1 11 14 46 14.767  73.70   171.8 0    41.6 0    17.5 0   167.3 0   323.2 0   276.73 0   276.87 0   345.1 0   275.43 0   275.56 0    11.0 0    74.7 0   130.6 0   -21.9 0   108.7 0     1.9 0    55.2 0     0.4 0   113.4 0  1015.5 0
 2019  11  1 11 14 47 14.783  73.55   191.2 0    49.0 0   102.1 0   166.8 0   324.5 0   276.78 0   276.95 0   346.7 0   275.47 0   275.62 0    11.2 0    84.4 0   146.7 0   -22.2 0   124.5 0     2.0 0    54.6 0     1.1 0    97.1 0  1015.4 0
 2019  11  1 11 14 48 14.800  73.39   180.9 0    45.7 0    72.0 0   163.5 0   325.1 0   276.84 0   277.01 0   346.2 0   275.52 0   275.67 0    11.3 0    79.9 0   138.3 0   -21.2 0   117.2 0     2.0 0    54.7 0     0.9 0    76.0 0  1015.3 0
 2019  11  1 11 14 49 14.817  73.24   233.0 0    64.8 0   303.4 0   159.5 0   324.7 0   276.90 0   277.06 0   349.3 0   275.57 0   275.74 0    11.8 0   105.6 0   182.2 0   -24.6 0   157.7 0     2.1 0    54.6 0     1.0 0   105.0 0  1015.3 0
 2019  11  1 11 14 50 14.833  73.09   216.5 0    58.1 0   250.8 0   155.6 0   324.9 0   276.98 0   277.16 0   350.9 0   275.63 0   275.81 0    12.1 0    97.4 0   170.5 0   -26.0 0   144.5 0     2.2 0    54.4 0     1.1 0   113.8 0  1015.3 0
 2019  11  1 11 14 51 14.850  72.94   187.5 0    48.5 0   139.6 0   153.4 0   324.7 0   277.08 0   277.26 0   350.3 0   275.69 0   275.88 0    12.0 0    83.3 0   145.9 0   -25.7 0   120.2 0     2.4 0    55.6 0     1.3 0   115.0 0  1015.3 0
 2019  11  1 11 14 52 14.867  72.79   166.7 0    41.3 0    67.5 0   151.3 0   324.4 0   277.16 0   277.26 0   347.0 0   275.75 0   275.88 0    12.0 0    74.3 0   130.0 0   -22.6 0   107.3 0     2.4 0    53.9 0     1.8 0   114.3 0  1015.3 0
 2019  11  1 11 14 53 14.883  72.63   148.1 0    35.2 0    10.8 0   146.9 0   324.1 0   277.22 0   277.25 0   344.1 0   275.80 0   275.89 0    11.8 0    65.1 0   115.0 0   -20.0 0    95.0 0     2.2 0    53.5 0     2.0 0   114.9 0  1015.3 0
 2019  11  1 11 14 54 14.900  72.48   141.9 0    33.4 0     7.5 0   141.1 0   324.4 0   277.25 0   277.29 0   342.4 0   275.83 0   275.91 0    11.7 0    62.5 0   109.9 0   -18.0 0    91.9 0     2.1 0    53.9 0     2.4 0   102.3 0  1015.3 0
 2019  11  1 11 14 55 14.917  72.33   136.8 0    32.0 0     6.8 0   136.3 0   324.3 0   277.28 0   277.29 0   340.6 0   275.86 0   275.93 0    11.8 0    60.3 0   106.3 0   -16.3 0    90.1 0     1.9 0    54.4 0     3.0 0   103.8 0  1015.2 0
 2019  11  1 11 14 56 14.933  72.18   131.8 0    30.7 0     2.5 0   132.3 0   324.1 0   277.29 0   277.27 0   340.0 0   275.88 0   275.94 0    11.8 0    57.9 0   102.4 0   -15.9 0    86.5 0     1.9 0    54.8 0     2.9 0   100.6 0  1015.2 0
 2019  11  1 11 14 57 14.950  72.04   127.6 0    29.4 0     0.8 0   128.3 0   324.0 0   277.31 0   277.28 0   339.7 0   275.89 0   275.95 0    11.9 0    56.1 0    99.2 0   -15.6 0    83.5 0     1.8 0    55.8 0     2.4 0    82.7 0  1015.1 0
 2019  11  1 11 14 58 14.967  71.89   124.0 0    28.4 0     0.8 0   124.7 0   324.4 0   277.32 0   277.31 0   340.3 0   275.90 0   275.96 0    12.0 0    54.6 0    96.5 0   -15.9 0    80.7 0     1.9 0    55.8 0     2.8 0    87.8 0  1015.0 0
 2019  11  1 11 14 59 14.983  71.74   121.5 0    27.6 0     0.8 0   121.8 0   324.5 0   277.33 0   277.28 0   339.0 0   275.92 0   275.98 0    12.1 0    53.4 0    94.4 0   -14.5 0    79.9 0     1.9 0    54.8 0     3.0 0    96.3 0  1015.0 0
 2019  11  1 11 15  0 15.000  71.59   118.7 0    27.0 0     0.8 0   119.0 0   325.1 0   277.34 0   277.31 0   338.9 0   275.93 0   275.98 0    11.9 0    52.2 0    92.2 0   -13.7 0    78.5 0     1.9 0    55.2 0     3.1 0    93.2 0  1015.0 0
 2019  11  1 11 15  1 15.017  71.44   114.0 0    25.8 0     0.8 0   114.4 0   325.7 0   277.34 0   277.29 0   338.7 0   275.93 0   275.98 0    11.7 0    50.1 0    88.9 0   -13.1 0    75.8 0     1.9 0    55.2 0     2.6 0    99.3 0  1015.0 0
 2019  11  1 11 15  2 15.033  71.30   108.0 0    24.3 0     0.5 0   108.6 0   326.2 0   277.34 0   277.30 0   339.0 0   275.93 0   275.98 0    11.5 0    47.6 0    84.4 0   -12.8 0    71.6 0     1.9 0    55.6 0     2.8 0   106.0 0  1015.1 0
 2019  11  1 11 15  3 15.050  71.15   102.8 0    23.1 0     0.4 0   103.5 0   326.8 0   277.34 0   277.30 0   339.4 0   275.93 0   275.98 0    11.4 0    45.4 0    80.6 0   -12.6 0    68.0 0     1.9 0    56.6 0     2.0 0    86.1 0  1015.1 0
 2019  11  1 11 15  4 15.067  71.00   100.2 0    22.5 0     0.8 0   100.7 0   327.0 0   277.36 0   277.33 0   340.5 0   275.95 0   275.99 0    11.5 0    44.4 0    78.5 0   -13.5 0    65.0 0     2.1 0    56.2 0     1.1 0    60.7 0  1015.1 0
 2019  11  1 11 15  5 15.083  70.86   101.1 0    22.6 0     0.8 0   101.2 0   327.3 0   277.36 0   277.37 0   340.2 0   275.96 0   276.00 0    11.7 0    44.8 0    78.9 0   -12.9 0    66.0 0     2.1 0    54.9 0     1.6 0    43.8 0  1015.1 0
 2019  11  1 11 15  6 15.100  70.71   103.5 0    23.2 0     0.7 0   103.5 0   327.5 0   277.38 0   277.38 0   340.5 0   275.98 0   276.02 0    11.9 0    45.9 0    80.5 0   -13.1 0    67.5 0     2.1 0    55.1 0     1.5 0    68.1 0  1015.1 0
 2019  11  1 11 15  7 15.117  70.57   105.8 0    23.5 0     0.7 0   105.7 0   327.6 0   277.39 0   277.39 0   341.2 0   275.99 0   276.04 0    12.2 0    46.9 0    82.5 0   -13.6 0    68.8 0     2.2 0    55.6 0     1.9 0    50.2 0  1015.1 0
 2019  11  1 11 15  8 15.133  70.43   107.2 0    24.0 0     0.5 0   107.4 0   327.4 0   277.40 0   277.43 0   340.8 0   276.01 0   276.05 0    12.5 0    47.5 0    83.5 0   -13.3 0    70.2 0     2.2 0    54.5 0     2.4 0    79.1 0  1015.2 0
 2019  11  1 11 15  9 15.150  70.28   108.3 0    24.2 0     0.4 0   108.4 0   327.0 0   277.41 0   277.37 0   340.0 0   276.02 0   276.08 0    12.8 0    48.0 0    84.4 0   -13.1 0    71.3 0     2.2 0    54.4 0     2.3 0    97.8 0  1015.1 0
 2019  11  1 11 15 10 15.167  70.14   109.9 0    24.5 0     0.8 0   109.9 0   327.0 0   277.41 0   277.42 0   340.5 0   276.03 0   276.09 0    13.2 0    48.7 0    85.7 0   -13.5 0    72.3 0     2.1 0    55.2 0     2.0 0    90.0 0  1015.1 0
 2019  11  1 11 15 11 15.183  70.00   112.1 0    25.0 0     0.8 0   112.3 0   327.3 0   277.44 0   277.49 0   341.7 0   276.05 0   276.11 0    13.6 0    49.7 0    87.6 0   -14.3 0    73.2 0     2.2 0    56.1 0     1.6 0    54.3 0  1015.2 0
 2019  11  1 11 15 12 15.200  69.86   114.8 0    25.6 0     0.6 0   115.0 0   326.6 0   277.46 0   277.49 0   342.1 0   276.07 0   276.13 0    14.0 0    50.9 0    89.6 0   -15.4 0    74.2 0     2.3 0    55.1 0     1.5 0    58.7 0  1015.2 0
 2019  11  1 11 15 13 15.217  69.72   118.3 0    26.4 0     0.8 0   118.3 0   326.3 0   277.48 0   277.49 0   341.2 0   276.08 0   276.15 0    14.4 0    52.4 0    92.2 0   -14.8 0    77.4 0     2.3 0    54.3 0     2.4 0    66.2 0  1015.2 0
 2019  11  1 11 15 14 15.233  69.57   123.1 0    27.7 0     0.7 0   122.9 0   325.6 0   277.49 0   277.50 0   341.3 0   276.10 0   276.17 0    15.0 0    54.5 0    95.5 0   -15.7 0    79.9 0     2.3 0    54.6 0     2.4 0    70.6 0  1015.2 0
 2019  11  1 11 15 15 15.250  69.43   129.7 0    29.2 0     0.5 0   129.3 0   325.4 0   277.51 0   277.51 0   342.1 0   276.12 0   276.19 0    15.6 0    57.3 0   100.3 0   -16.7 0    83.6 0     2.3 0    55.0 0     2.2 0    69.8 0  1015.2 0
 2019  11  1 11 15 16 15.267  69.29   139.1 0    31.4 0     0.8 0   138.3 0   324.7 0   277.51 0   277.52 0   342.6 0   276.13 0   276.21 0    16.3 0    61.3 0   107.2 0   -17.9 0    89.3 0     2.3 0    54.8 0     1.8 0    82.6 0  1015.1 0
 2019  11  1 11 15 17 15.283  69.15   153.6 0    34.9 0     0.8 0   152.1 0   325.1 0   277.53 0   277.55 0   343.0 0   276.15 0   276.24 0    17.1 0    67.4 0   117.5 0   -17.9 0    99.6 0     2.4 0    54.4 0     2.5 0    65.6 0  1015.1 0
 2019  11  1 11 15 18 15.300  69.02   173.5 0    39.6 0     0.8 0   171.3 0   325.6 0   277.54 0   277.62 0   344.2 0   276.18 0   276.28 0    17.9 0    75.8 0   132.1 0   -18.6 0   113.5 0     2.4 0    54.9 0     2.8 0    80.2 0  1015.0 0
 2019  11  1 11 15 19 15.317  68.88   194.9 0    44.7 0     0.8 0   192.3 0   326.6 0   277.57 0   277.66 0   345.1 0   276.20 0   276.31 0    18.5 0    84.8 0   148.0 0   -18.5 0   129.5 0     2.4 0    54.5 0     2.6 0    86.9 0  1015.0 0
 2019  11  1 11 15 20 15.333  68.74   212.7 0    49.0 0     1.1 0   210.2 0   327.6 0   277.60 0   277.73 0   345.8 0   276.23 0   276.36 0    18.9 0    92.4 0   161.6 0   -18.2 0   143.4 0     2.4 0    53.5 0     3.3 0    63.9 0  1015.0 0
 2019  11  1 11 15 21 15.350  68.60   225.3 0    52.3 0     6.5 0   221.3 0   328.6 0   277.63 0   277.81 0   346.8 0   276.26 0   276.39 0    19.1 0    97.9 0   171.3 0   -18.2 0   153.1 0     2.4 0    53.8 0     3.4 0    77.6 0  1015.0 0
 2019  11  1 11 15 22 15.367  68.47   228.7 0    53.6 0    17.8 0   222.0 0   329.4 0   277.68 0   277.90 0   348.4 0   276.29 0   276.44 0    18.9 0    99.6 0   175.0 0   -19.1 0   155.9 0     2.5 0    54.3 0     3.4 0    85.0 0  1014.9 0
 2019  11  1 11 15 23 15.383  68.33   222.3 0    52.3 0    36.8 0   211.0 0   329.4 0   277.73 0   277.89 0   348.8 0   276.33 0   276.47 0    18.5 0    97.4 0   172.3 0   -19.5 0   152.8 0     2.5 0    54.0 0     2.9 0    89.4 0  1014.9 0
 2019  11  1 11 15 24 15.400  68.20   192.1 0    44.7 0     6.9 0   191.9 0   329.9 0   277.78 0   277.94 0   348.5 0   276.36 0   276.49 0    17.6 0    84.2 0   149.8 0   -18.6 0   131.2 0     2.6 0    54.4 0     3.1 0    92.2 0  1014.9 0
 2019  11  1 11 15 25 15.417  68.06   172.1 0    39.8 0     3.8 0   173.4 0   329.7 0   277.82 0   277.93 0   346.4 0   276.40 0   276.51 0    17.1 0    75.7 0   135.0 0   -16.7 0   118.4 0     2.7 0    53.6 0     3.4 0    84.5 0  1014.8 0
 2019  11  1 11 15 26 15.433  67.93   157.5 0    36.3 0     1.7 0   159.3 0   329.7 0   277.86 0   277.94 0   344.9 0   276.42 0   276.52 0    17.0 0    69.6 0   123.6 0   -15.1 0   108.4 0     2.6 0    53.8 0     3.1 0    67.4 0  1014.7 0
 2019  11  1 11 15 27 15.450  67.79   148.4 0    34.0 0     1.2 0   150.1 0   330.0 0   277.89 0   278.00 0   345.4 0   276.45 0   276.53 0    17.1 0    65.8 0   116.5 0   -15.4 0   101.1 0     2.6 0    54.0 0     2.0 0    81.7 0  1014.7 0
 2019  11  1 11 15 28 15.467  67.66   141.7 0    32.5 0     0.4 0   143.4 0   329.3 0   277.92 0   277.97 0   344.2 0   276.47 0   276.54 0    17.2 0    63.1 0   111.1 0   -14.9 0    96.2 0     2.6 0    53.4 0     3.9 0    92.2 0  1014.7 0
 2019  11  1 11 15 29 15.483  67.53   141.5 0    32.4 0     0.5 0   142.3 0   329.7 0   277.95 0   277.95 0   343.6 0   276.47 0   276.56 0    17.3 0    62.9 0   110.2 0   -13.9 0    96.2 0     2.6 0    54.8 0     3.0 0    78.7 0  1014.7 0
 2019  11  1 11 15 30 15.500  67.39   148.5 0    34.0 0     2.3 0   148.0 0   329.9 0   277.96 0   277.98 0   345.4 0   276.50 0   276.58 0    17.4 0    66.0 0   115.0 0   -15.5 0    99.4 0     2.7 0    54.0 0     2.4 0    88.0 0  1014.7 0
 2019  11  1 11 15 31 15.517  67.26   152.3 0    34.8 0     3.9 0   151.9 0   330.5 0   277.98 0   278.04 0   345.3 0   276.52 0   276.59 0    17.2 0    67.5 0   118.5 0   -14.8 0   103.8 0     2.7 0    53.8 0     2.2 0    61.7 0  1014.8 0
 2019  11  1 11 15 32 15.533  67.13   148.5 0    34.0 0     0.6 0   149.8 0   330.4 0   277.99 0   278.07 0   346.5 0   276.54 0   276.62 0    16.8 0    65.9 0   116.1 0   -16.1 0   100.0 0     2.7 0    53.5 0     1.8 0    87.2 0  1014.8 0
 2019  11  1 11 15 33 15.550  67.00   144.7 0    33.0 0     0.3 0   146.2 0   330.7 0   278.02 0   278.08 0   348.1 0   276.57 0   276.66 0    16.5 0    64.2 0   113.3 0   -17.3 0    96.0 0     2.8 0    54.3 0     0.9 0    79.4 0  1014.9 0
 2019  11  1 11 15 34 15.567  66.87   141.4 0    32.1 0     0.5 0   142.8 0   330.6 0   278.04 0   278.10 0   347.6 0   276.60 0   276.70 0    16.3 0    62.8 0   110.9 0   -17.0 0    93.9 0     2.9 0    53.6 0     1.6 0   103.4 0  1015.0 0
 2019  11  1 11 15 35 15.583  66.74   138.3 0    31.3 0     0.7 0   139.3 0   330.7 0   278.07 0   278.13 0   346.7 0   276.63 0   276.71 0    16.2 0    61.4 0   108.3 0   -16.0 0    92.2 0     3.0 0    52.7 0     1.2 0    69.1 0  1015.0 0
 2019  11  1 11 15 36 15.600  66.61   135.4 0    30.6 0     0.3 0   136.2 0   330.2 0   278.07 0   278.12 0   347.5 0   276.66 0   276.74 0    16.2 0    60.2 0   105.7 0   -17.2 0    88.5 0     3.0 0    52.6 0     1.5 0    71.6 0  1015.0 0
 2019  11  1 11 15 37 15.617  66.48   134.0 0    30.3 0     0.7 0   134.4 0   330.6 0   278.09 0   278.13 0   347.7 0   276.68 0   276.76 0    16.3 0    59.5 0   104.4 0   -17.1 0    87.3 0     3.0 0    52.4 0     0.7 0    92.9 0  1015.1 0
 2019  11  1 11 15 38 15.633  66.36   132.9 0    29.9 0     0.8 0   133.4 0   330.6 0   278.11 0   278.18 0   347.4 0   276.71 0   276.80 0    16.4 0    59.1 0   103.9 0   -16.7 0    87.1 0     3.1 0    52.0 0     2.0 0    82.3 0  1015.2 0
 2019  11  1 11 15 39 15.650  66.23   131.0 0    29.5 0     0.1 0   131.6 0   330.3 0   278.13 0   278.18 0   345.4 0   276.74 0   276.81 0    16.5 0    58.3 0   102.1 0   -15.0 0    87.1 0     3.0 0    51.4 0     2.8 0    73.8 0  1015.2 0
 2019  11  1 11 15 40 15.667  66.10   128.9 0    29.0 0     0.5 0   129.5 0   330.6 0   278.15 0   278.21 0   345.2 0   276.76 0   276.81 0    16.6 0    57.6 0   100.7 0   -14.6 0    86.2 0     2.9 0    52.0 0     2.1 0    76.9 0  1015.3 0
 2019  11  1 11 15 41 15.683  65.98   131.5 0    29.6 0     0.4 0   131.7 0   330.4 0   278.17 0   278.24 0   345.3 0   276.77 0   276.84 0    16.7 0    58.8 0   102.3 0   -14.9 0    87.4 0     2.9 0    51.7 0     1.5 0    76.6 0  1015.3 0
 2019  11  1 11 15 42 15.700  65.85   137.2 0    30.9 0     0.5 0   137.0 0   330.7 0   278.20 0   278.28 0   346.3 0   276.79 0   276.86 0    17.1 0    61.3 0   106.4 0   -15.6 0    90.7 0     3.0 0    51.8 0     1.1 0    77.0 0  1015.3 0
 2019  11  1 11 15 43 15.717  65.73   143.6 0    32.2 0     0.2 0   143.4 0   330.6 0   278.22 0   278.32 0   347.6 0   276.81 0   276.89 0    17.5 0    64.1 0   111.2 0   -17.0 0    94.2 0     3.0 0    52.4 0     2.0 0    83.6 0  1015.4 0
 2019  11  1 11 15 44 15.733  65.60   150.7 0    33.9 0     0.0 0   150.2 0   330.2 0   278.25 0   278.31 0   347.2 0   276.83 0   276.92 0    18.1 0    67.1 0   116.4 0   -17.0 0    99.4 0     3.0 0    51.3 0     2.1 0    59.4 0  1015.4 0
 2019  11  1 11 15 45 15.750  65.48   157.5 0    35.3 0     0.8 0   156.8 0   330.4 0   278.27 0   278.33 0   349.1 0   276.86 0   276.94 0    18.9 0    70.0 0   121.8 0   -18.7 0   103.0 0     3.0 0    52.0 0     1.2 0    66.1 0  1015.3 0
 2019  11  1 11 15 46 15.767  65.36   162.7 0    36.6 0     0.8 0   162.2 0   330.7 0   278.28 0   278.40 0   351.0 0   276.87 0   276.97 0    19.5 0    72.3 0   126.0 0   -20.3 0   105.8 0     3.0 0    52.2 0     1.5 0    78.0 0  1015.3 0
 2019  11  1 11 15 47 15.783  65.24   166.3 0    37.3 0     0.3 0   166.2 0   330.5 0   278.31 0   278.42 0   351.0 0   276.90 0   277.01 0    20.1 0    73.9 0   129.1 0   -20.5 0   108.5 0     3.1 0    52.3 0     1.8 0    86.0 0  1015.3 0
 2019  11  1 11 15 48 15.800  65.12   169.0 0    37.9 0     0.8 0   169.0 0   330.6 0   278.35 0   278.45 0   350.9 0   276.94 0   277.05 0    20.6 0    75.0 0   131.4 0   -20.3 0   111.1 0     3.2 0    52.4 0     1.4 0    60.7 0  1015.3 0
 2019  11  1 11 15 49 15.817  64.99   172.1 0    38.7 0     0.6 0   172.0 0   330.2 0   278.38 0   278.48 0   351.8 0   276.97 0   277.07 0    21.1 0    76.3 0   133.6 0   -21.5 0   112.1 0     3.3 0    52.0 0     1.2 0    79.7 0  1015.3 0
 2019  11  1 11 15 50 15.833  64.87   176.7 0    39.8 0     0.8 0   176.5 0   330.4 0   278.40 0   278.51 0   352.2 0   277.01 0   277.12 0    21.8 0    78.3 0   137.0 0   -21.8 0   115.2 0     3.3 0    52.4 0     1.7 0    74.7 0  1015.3 0
 2019  11  1 11 15 51 15.850  64.75   183.3 0    41.3 0     0.8 0   182.8 0   330.2 0   278.43 0   278.56 0   352.1 0   277.05 0   277.16 0    22.7 0    81.1 0   141.9 0   -21.9 0   119.9 0     3.3 0    51.3 0     1.6 0    73.8 0  1015.3 0
 2019  11  1 11 15 52 15.867  64.64   191.8 0    43.4 0     0.8 0   191.4 0   330.4 0   278.47 0   278.69 0   353.1 0   277.08 0   277.20 0    23.6 0    84.8 0   148.3 0   -22.7 0   125.6 0     3.3 0    51.1 0     1.4 0    73.8 0  1015.3 0
 2019  11  1 11 15 53 15.883  64.52   200.9 0    45.6 0     0.8 0   200.4 0   329.9 0   278.52 0   278.72 0   354.5 0   277.11 0   277.22 0    24.5 0    88.7 0   155.2 0   -24.5 0   130.7 0     3.3 0    51.8 0     1.4 0    88.0 0  1015.3 0
 2019  11  1 11 15 54 15.900  64.40   209.0 0    47.4 0     0.4 0   208.4 0   329.6 0   278.57 0   278.69 0   355.4 0   277.14 0   277.27 0    25.1 0    92.1 0   161.1 0   -25.7 0   135.4 0     3.4 0    51.8 0     1.2 0    79.5 0  1015.3 0
 2019  11  1 11 15 55 15.917  64.28   214.6 0    48.8 0     1.4 0   213.6 0   330.0 0   278.60 0   278.78 0   356.7 0   277.19 0   277.31 0    25.6 0    94.5 0   165.4 0   -26.7 0   138.7 0     3.5 0    51.8 0     1.2 0    70.6 0  1015.3 0
 2019  11  1 11 15 56 15.933  64.17   217.0 0    49.3 0     1.9 0   216.0 0   329.7 0   278.64 0   278.81 0   356.1 0   277.23 0   277.36 0    26.0 0    95.6 0   167.5 0   -26.4 0   141.1 0     3.5 0    50.7 0     1.8 0    52.3 0  1015.3 0
 2019  11  1 11 15 57 15.950  64.05   220.4 0    50.2 0     9.4 0   215.9 0   329.8 0   278.68 0   278.84 0   355.8 0   277.27 0   277.40 0    26.4 0    97.5 0   169.8 0   -26.1 0   143.8 0     3.5 0    51.0 0     1.7 0    40.3 0  1015.4 0
 2019  11  1 11 15 58 15.967  63.94   224.2 0    51.3 0    16.8 0   216.6 0   329.6 0   278.72 0   278.88 0   356.2 0   277.31 0   277.44 0    27.0 0    99.2 0   172.7 0   -26.6 0   146.1 0     3.4 0    50.8 0     1.7 0    35.5 0  1015.4 0
 2019  11  1 11 15 59 15.983  63.82   225.5 0    51.7 0    13.8 0   219.0 0   329.6 0   278.76 0   278.92 0   356.8 0   277.35 0   277.48 0    27.5 0   100.0 0   173.3 0   -27.2 0   146.1 0     3.4 0    51.2 0     1.5 0    27.9 0  1015.4 0
 2019  11  1 11 16  0 16.000  63.71   240.3 0    55.6 0    37.3 0   223.9 0   329.5 0   278.80 0   278.99 0   358.2 0   277.39 0   277.54 0    28.6 0   106.2 0   184.9 0   -28.8 0   156.1 0     3.4 0    50.9 0     1.4 0    45.5 0  1015.4 0
 2019  11  1 11 16  1 16.017  63.60   231.8 0    53.1 0     1.9 0   230.7 0   329.1 0   278.84 0   279.04 0   359.1 0   277.43 0   277.57 0    28.9 0   101.8 0   178.4 0   -30.0 0   148.4 0     3.5 0    51.1 0     0.9 0    12.3 0  1015.5 0
 2019  11  1 11 16  2 16.033  63.48   241.6 0    55.4 0     5.9 0   238.5 0   329.5 0   278.89 0   279.12 0   360.5 0   277.47 0   277.61 0    29.8 0   106.2 0   185.8 0   -31.0 0   154.8 0     3.5 0    51.1 0     0.8 0    26.7 0  1015.5 0
 2019  11  1 11 16  3 16.050  63.37   246.6 0    56.4 0     4.6 0   244.6 0   329.3 0   278.94 0   279.19 0   361.2 0   277.52 0   277.67 0    30.4 0   108.1 0   190.3 0   -31.9 0   158.4 0     3.6 0    50.5 0     0.6 0    20.1 0  1015.5 0
 2019  11  1 11 16  4 16.067  63.26   243.5 0    55.8 0     2.5 0   243.2 0   329.5 0   279.00 0   279.28 0   362.3 0   277.57 0   277.73 0    30.5 0   106.7 0   188.6 0   -32.8 0   155.8 0     3.7 0    51.1 0     0.5 0    18.6 0  1015.5 0
 2019  11  1 11 16  5 16.083  63.15   234.3 0    53.4 0     3.5 0   234.3 0   329.2 0   279.06 0   279.31 0   361.9 0   277.62 0   277.77 0    30.4 0   103.0 0   182.4 0   -32.8 0   149.7 0     3.9 0    50.9 0     0.7 0   356.5 0  1015.5 0
 2019  11  1 11 16  6 16.100  63.04   225.2 0    51.2 0     1.9 0   225.9 0   328.9 0   279.11 0   279.30 0   360.6 0   277.68 0   277.84 0    30.1 0    99.0 0   175.5 0   -31.7 0   143.8 0     4.1 0    51.6 0     1.4 0    82.6 0  1015.5 0
 2019  11  1 11 16  7 16.117  62.93   221.4 0    50.1 0     1.2 0   221.9 0   328.9 0   279.14 0   279.34 0   360.3 0   277.74 0   277.87 0    30.0 0    97.3 0   172.4 0   -31.4 0   140.9 0     4.2 0    49.8 0     1.0 0    56.5 0  1015.5 0
 2019  11  1 11 16  8 16.133  62.83   221.7 0    50.3 0     1.6 0   221.6 0   329.5 0   279.18 0   279.40 0   360.3 0   277.79 0   277.91 0    29.8 0    97.5 0   172.0 0   -30.7 0   141.3 0     4.1 0    49.4 0     1.0 0    54.9 0  1015.5 0
 2019  11  1 11 16  9 16.150  62.72   224.9 0    51.0 0     4.1 0   222.7 0   329.9 0   279.23 0   279.41 0   361.1 0   277.84 0   277.95 0    29.7 0    99.0 0   173.6 0   -31.1 0   142.5 0     4.1 0    49.4 0     0.7 0    51.7 0  1015.4 0
 2019  11  1 11 16 10 16.167  62.61   228.7 0    51.8 0    11.7 0   222.7 0   330.6 0   279.27 0   279.45 0   361.1 0   277.89 0   278.01 0    29.5 0   101.1 0   176.3 0   -30.6 0   145.7 0     4.1 0    49.2 0     1.4 0    47.3 0  1015.4 0
 2019  11  1 11 16 11 16.183  62.51   227.7 0    51.4 0    11.4 0   222.0 0   331.1 0   279.31 0   279.48 0   360.9 0   277.93 0   278.05 0    29.1 0   100.5 0   175.8 0   -29.8 0   146.0 0     4.0 0    49.5 0     1.3 0    49.0 0  1015.4 0
 2019  11  1 11 16 12 16.200  62.40   220.1 0    49.7 0     3.4 0   218.8 0   331.5 0   279.35 0   279.53 0   361.4 0   277.97 0   278.08 0    28.3 0    96.9 0   170.7 0   -29.9 0   140.8 0     4.0 0    51.2 0     1.1 0    62.2 0  1015.4 0
 2019  11  1 11 16 13 16.217  62.30   210.0 0    47.3 0     1.0 0   210.6 0   332.3 0   279.39 0   279.61 0   360.3 0   278.02 0   278.12 0    27.3 0    92.5 0   163.8 0   -28.0 0   135.8 0     4.0 0    49.5 0     1.3 0    64.5 0  1015.4 0
 2019  11  1 11 16 14 16.233  62.19   197.3 0    44.4 0     0.8 0   198.6 0   332.2 0   279.44 0   279.64 0   359.5 0   278.05 0   278.16 0    26.1 0    87.2 0   154.6 0   -27.3 0   127.3 0     4.0 0    50.0 0     1.4 0    89.0 0  1015.4 0
 2019  11  1 11 16 15 16.250  62.09   186.1 0    41.8 0     0.6 0   187.1 0   331.9 0   279.49 0   279.61 0   357.9 0   278.08 0   278.19 0    25.3 0    82.4 0   145.7 0   -26.0 0   119.7 0     4.0 0    49.7 0     1.6 0    83.5 0  1015.3 0
 2019  11  1 11 16 16 16.267  61.99   179.0 0    40.0 0     0.0 0   179.6 0   331.8 0   279.51 0   279.58 0   356.2 0   278.11 0   278.20 0    24.8 0    79.3 0   139.6 0   -24.4 0   115.2 0     4.0 0    49.0 0     2.2 0    84.9 0  1015.3 0
 2019  11  1 11 16 17 16.283  61.89   175.2 0    39.2 0     0.0 0   175.2 0   331.6 0   279.52 0   279.53 0   353.5 0   278.13 0   278.19 0    24.6 0    77.6 0   136.0 0   -21.9 0   114.1 0     3.9 0    48.5 0     2.0 0    95.6 0  1015.1 0
 2019  11  1 11 16 18 16.300  61.79   173.0 0    38.6 0     0.1 0   172.6 0   331.4 0   279.52 0   279.49 0   354.8 0   278.13 0   278.21 0    24.5 0    76.6 0   134.0 0   -23.4 0   110.6 0     3.8 0    48.7 0     1.4 0    95.1 0  1015.1 0
 2019  11  1 11 16 19 16.317  61.69   170.6 0    37.9 0     0.8 0   170.4 0   332.3 0   279.52 0   279.52 0   355.5 0   278.16 0   278.23 0    24.3 0    75.6 0   132.9 0   -23.3 0   109.7 0     3.9 0    50.0 0     2.0 0    73.5 0  1015.0 0
 2019  11  1 11 16 20 16.333  61.59   168.1 0    37.4 0     0.8 0   167.8 0   332.2 0   279.52 0   279.53 0   355.4 0   278.17 0   278.25 0    24.1 0    74.5 0   130.8 0   -23.2 0   107.6 0     3.9 0    50.0 0     1.6 0    72.9 0  1015.0 0
 2019  11  1 11 16 21 16.350  61.49   164.8 0    36.7 0     0.6 0   164.8 0   332.3 0   279.51 0   279.54 0   354.5 0   278.18 0   278.26 0    23.7 0    73.2 0   128.4 0   -22.2 0   106.1 0     4.0 0    50.3 0     2.1 0    53.7 0  1015.0 0
 2019  11  1 11 16 22 16.367  61.39   161.1 0    36.0 0     0.5 0   161.4 0   332.4 0   279.52 0   279.56 0   353.9 0   278.19 0   278.28 0    23.3 0    71.7 0   125.6 0   -21.5 0   104.1 0     3.9 0    50.1 0     1.7 0    62.7 0  1015.0 0
 2019  11  1 11 16 23 16.383  61.29   157.4 0    35.1 0     0.0 0   157.5 0   331.8 0   279.52 0   279.52 0   355.1 0   278.21 0   278.28 0    22.8 0    70.1 0   122.4 0   -23.3 0    99.1 0     3.9 0    50.0 0     1.0 0    60.6 0  1015.0 0
 2019  11  1 11 16 24 16.400  61.20   153.9 0    34.6 0     0.3 0   154.0 0   332.2 0   279.50 0   279.53 0   353.9 0   278.21 0   278.25 0    22.5 0    68.6 0   119.6 0   -21.6 0    98.0 0     3.9 0    49.9 0     2.1 0    45.3 0  1015.0 0
 2019  11  1 11 16 25 16.417  61.10   152.1 0    34.0 0     0.0 0   152.3 0   332.5 0   279.51 0   279.56 0   353.2 0   278.21 0   278.27 0    22.3 0    68.0 0   118.3 0   -20.7 0    97.6 0     3.9 0    50.9 0     2.1 0    70.6 0  1015.0 0
 2019  11  1 11 16 26 16.433  61.01   152.0 0    33.8 0     0.2 0   152.1 0   333.0 0   279.53 0   279.62 0   354.2 0   278.23 0   278.28 0    22.3 0    68.0 0   118.4 0   -21.2 0    97.2 0     4.0 0    50.3 0     1.6 0    52.4 0  1014.9 0
 2019  11  1 11 16 27 16.450  60.91   151.7 0    33.8 0     0.1 0   152.0 0   332.9 0   279.55 0   279.63 0   353.2 0   278.23 0   278.28 0    22.4 0    68.0 0   118.3 0   -20.4 0    97.9 0     4.0 0    49.9 0     2.2 0    54.7 0  1014.9 0
 2019  11  1 11 16 28 16.467  60.82   150.2 0    33.5 0     0.1 0   150.6 0   332.8 0   279.57 0   279.63 0   353.7 0   278.23 0   278.28 0    22.4 0    67.4 0   117.2 0   -20.9 0    96.2 0     4.0 0    50.8 0     1.6 0    60.9 0  1014.9 0
 2019  11  1 11 16 29 16.483  60.73   148.6 0    33.0 0     0.2 0   149.0 0   332.8 0   279.59 0   279.66 0   353.9 0   278.23 0   278.28 0    22.5 0    66.7 0   116.1 0   -21.1 0    95.0 0     4.0 0    49.7 0     2.1 0   104.1 0  1014.9 0
 2019  11  1 11 16 30 16.500  60.64   149.6 0    33.1 0     0.0 0   149.7 0   332.5 0   279.60 0   279.62 0   352.8 0   278.23 0   278.28 0    22.8 0    67.1 0   116.6 0   -20.4 0    96.3 0     4.0 0    48.9 0     2.9 0   100.6 0  1014.9 0
 2019  11  1 11 16 31 16.517  60.55   151.8 0    33.8 0     0.0 0   151.9 0   332.2 0   279.60 0   279.59 0   351.7 0   278.24 0   278.28 0    23.2 0    68.1 0   118.1 0   -19.5 0    98.6 0     4.0 0    49.3 0     2.6 0   104.1 0  1014.9 0
 2019  11  1 11 16 32 16.533  60.46   152.8 0    33.8 0     0.2 0   152.7 0   332.4 0   279.60 0   279.60 0   351.7 0   278.24 0   278.29 0    23.6 0    68.4 0   119.0 0   -19.3 0    99.7 0     4.0 0    49.1 0     2.1 0   103.6 0  1014.9 0
 2019  11  1 11 16 33 16.550  60.37   151.5 0    33.4 0     0.2 0   151.7 0   332.5 0   279.60 0   279.64 0   353.3 0   278.24 0   278.31 0    23.8 0    67.9 0   118.4 0   -20.8 0    97.6 0     4.0 0    49.1 0     1.6 0    93.1 0  1014.9 0
 2019  11  1 11 16 34 16.567  60.28   149.1 0    32.8 0     0.2 0   149.5 0   333.1 0   279.62 0   279.66 0   354.6 0   278.26 0   278.31 0    23.8 0    66.8 0   116.8 0   -21.6 0    95.2 0     4.1 0    49.8 0     1.2 0    49.6 0  1014.9 0
 2019  11  1 11 16 35 16.583  60.19   146.8 0    32.2 0     0.2 0   147.2 0   332.6 0   279.63 0   279.66 0   354.1 0   278.27 0   278.35 0    24.0 0    65.9 0   115.1 0   -21.4 0    93.7 0     4.2 0    49.3 0     0.9 0    46.3 0  1014.9 0
 2019  11  1 11 16 36 16.600  60.10   145.8 0    32.2 0     0.0 0   146.2 0   332.8 0   279.64 0   279.66 0   355.4 0   278.28 0   278.37 0    24.3 0    65.4 0   114.0 0   -22.6 0    91.4 0     4.3 0    50.1 0     0.6 0    32.1 0  1014.9 0
 2019  11  1 11 16 37 16.617  60.02   146.7 0    32.3 0     0.0 0   147.0 0   332.4 0   279.64 0   279.64 0   354.2 0   278.31 0   278.37 0    24.8 0    65.9 0   114.7 0   -21.8 0    92.9 0     4.3 0    49.3 0     2.1 0    43.7 0  1014.9 0
 2019  11  1 11 16 38 16.633  59.93   150.4 0    33.3 0     0.0 0   150.3 0   331.9 0   279.63 0   279.60 0   353.5 0   278.31 0   278.38 0    25.6 0    67.3 0   116.9 0   -21.5 0    95.4 0     4.1 0    49.7 0     1.6 0    41.8 0  1015.0 0
 2019  11  1 11 16 39 16.650  59.85   156.4 0    34.7 0     0.0 0   155.9 0   331.7 0   279.62 0   279.62 0   354.9 0   278.33 0   278.40 0    26.7 0    69.9 0   121.2 0   -23.1 0    98.1 0     4.1 0    49.8 0     1.3 0    51.8 0  1015.0 0
 2019  11  1 11 16 40 16.667  59.76   165.5 0    36.8 0     0.3 0   164.9 0   331.8 0   279.62 0   279.66 0   355.4 0   278.33 0   278.42 0    28.2 0    73.8 0   128.2 0   -23.6 0   104.6 0     4.1 0    49.6 0     1.0 0    64.0 0  1015.0 0
 2019  11  1 11 16 41 16.683  59.68   179.2 0    39.8 0     0.8 0   178.0 0   331.5 0   279.62 0   279.71 0   357.3 0   278.35 0   278.44 0    30.0 0    79.6 0   138.6 0   -25.9 0   112.8 0     4.2 0    50.2 0     0.8 0    44.8 0  1015.0 0
 2019  11  1 11 16 42 16.700  59.60   195.8 0    43.4 0     0.8 0   194.3 0   330.8 0   279.65 0   279.80 0   357.4 0   278.37 0   278.48 0    32.1 0    86.7 0   151.3 0   -26.6 0   124.7 0     4.3 0    49.4 0     0.6 0    60.6 0  1014.9 0
 2019  11  1 11 16 43 16.717  59.52   211.5 0    46.9 0     0.8 0   209.7 0   329.2 0   279.67 0   279.79 0   359.7 0   278.40 0   278.51 0    34.3 0    93.3 0   163.2 0   -30.5 0   132.7 0     4.4 0    48.7 0     0.3 0   104.2 0  1014.9 0
 2019  11  1 11 16 44 16.733  59.44   222.6 0    49.3 0     1.0 0   221.0 0   329.0 0   279.70 0   279.88 0   361.6 0   278.43 0   278.56 0    36.2 0    97.9 0   172.2 0   -32.6 0   139.5 0     4.5 0    48.3 0     0.3 0    79.7 0  1014.9 0
 2019  11  1 11 16 45 16.750  59.36   233.6 0    51.9 0     6.7 0   229.0 0   328.3 0   279.74 0   279.97 0   363.5 0   278.47 0   278.62 0    37.9 0   103.2 0   180.5 0   -35.2 0   145.3 0     4.6 0    48.4 0     0.3 0    97.2 0  1014.9 0
 2019  11  1 11 16 46 16.767  59.28   245.6 0    54.5 0    18.8 0   234.4 0   326.8 0   279.79 0   279.93 0   364.1 0   278.52 0   278.66 0    39.1 0   108.0 0   189.5 0   -37.3 0   152.2 0     4.7 0    47.0 0     1.6 0   140.5 0  1014.8 0
 2019  11  1 11 16 47 16.783  59.20   240.4 0    53.8 0     3.5 0   237.5 0   326.3 0   279.82 0   279.97 0   362.8 0   278.55 0   278.69 0    39.3 0   105.8 0   185.5 0   -36.5 0   149.1 0     4.6 0    47.2 0     1.4 0   139.8 0  1014.8 0
 2019  11  1 11 16 48 16.800  59.13   243.6 0    54.8 0     3.2 0   241.1 0   325.6 0   279.85 0   279.99 0   363.2 0   278.59 0   278.73 0    39.9 0   107.4 0   187.9 0   -37.6 0   150.4 0     4.5 0    47.8 0     1.1 0   144.3 0  1014.8 0
 2019  11  1 11 16 49 16.817  59.05   253.4 0    57.3 0     3.3 0   250.6 0   324.3 0   279.88 0   280.07 0   364.5 0   278.63 0   278.78 0    40.8 0   111.6 0   195.0 0   -40.2 0   154.8 0     4.5 0    48.1 0     1.3 0   127.7 0  1014.8 0
 2019  11  1 11 16 50 16.833  58.98   271.7 0    61.9 0     2.8 0   268.1 0   323.2 0   279.93 0   280.11 0   364.7 0   278.67 0   278.82 0    42.3 0   119.3 0   207.7 0   -41.5 0   166.2 0     4.5 0    47.6 0     1.5 0   132.4 0  1014.8 0
 2019  11  1 11 16 51 16.850  58.90   299.8 0    68.8 0     7.0 0   292.6 0   323.2 0   279.97 0   280.25 0   367.1 0   278.72 0   278.89 0    44.2 0   131.1 0   227.4 0   -43.9 0   183.5 0     4.6 0    48.2 0     1.0 0    73.7 0  1014.7 0
 2019  11  1 11 16 52 16.867  58.83   331.1 0    76.3 0    13.0 0   320.4 0   323.6 0   280.04 0   280.34 0   370.7 0   278.77 0   278.95 0    46.1 0   144.2 0   250.8 0   -47.1 0   203.6 0     4.7 0    48.4 0     1.0 0    53.7 0  1014.7 0
 2019  11  1 11 16 53 16.883  58.76   364.6 0    84.4 0    23.2 0   348.0 0   326.0 0   280.11 0   280.45 0   371.8 0   278.82 0   279.00 0    47.8 0   158.3 0   275.6 0   -45.7 0   229.9 0     4.8 0    47.0 0     1.7 0    23.0 0  1014.7 0
 2019  11  1 11 16 54 16.900  58.68   419.0 0    97.8 0    86.6 0   367.9 0   329.2 0   280.18 0   280.57 0   375.9 0   278.89 0   279.11 0    49.7 0   181.7 0   315.2 0   -46.7 0   268.4 0     4.8 0    47.8 0     1.2 0    13.7 0  1014.8 0
 2019  11  1 11 16 55 16.917  58.61   450.4 0   105.1 0   142.9 0   370.0 0   331.9 0   280.28 0   280.73 0   379.8 0   278.96 0   279.25 0    50.4 0   195.5 0   339.4 0   -47.9 0   291.5 0     5.0 0    47.3 0     0.9 0   355.3 0  1014.8 0
 2019  11  1 11 16 56 16.933  58.54   392.8 0    90.6 0    78.5 0   351.6 0   333.5 0   280.39 0   280.85 0   380.0 0   279.05 0   279.33 0    47.6 0   171.9 0   301.9 0   -46.5 0   255.4 0     5.2 0    46.6 0     1.3 0    18.9 0  1014.8 0
 2019  11  1 11 16 57 16.950  58.47   331.8 0    75.9 0    12.6 0   327.6 0   332.5 0   280.49 0   280.85 0   375.3 0   279.13 0   279.36 0    44.4 0   145.2 0   258.2 0   -42.9 0   215.3 0     5.2 0    44.7 0     1.0 0    72.6 0  1014.8 0
 2019  11  1 11 16 58 16.967  58.41   312.6 0    71.4 0     4.9 0   311.6 0   332.3 0   280.57 0   280.86 0   374.0 0   279.19 0   279.38 0    43.4 0   137.0 0   242.8 0   -41.6 0   201.2 0     5.1 0    45.0 0     0.8 0    93.9 0  1014.9 0
 2019  11  1 11 16 59 16.983  58.34   307.9 0    70.1 0     4.4 0   305.8 0   332.8 0   280.62 0   280.91 0   374.0 0   279.24 0   279.42 0    43.0 0   135.0 0   238.0 0   -41.2 0   196.8 0     5.2 0    45.5 0     0.3 0    72.3 0  1014.9 0
 2019  11  1 11 17  0 17.000  58.27   310.8 0    70.8 0    10.6 0   304.7 0   332.9 0   280.67 0   280.98 0   374.9 0   279.31 0   279.49 0    43.0 0   136.5 0   239.5 0   -42.0 0   197.5 0     5.4 0    45.6 0     0.2 0    81.6 0  1014.9 0
 2019  11  1 11 17  1 17.017  58.21   310.3 0    70.8 0    11.9 0   303.9 0   333.5 0   280.74 0   281.10 0   374.4 0   279.37 0   279.54 0    42.7 0   136.2 0   239.3 0   -41.0 0   198.3 0     5.5 0    44.7 0     1.4 0    83.3 0  1015.0 0
 2019  11  1 11 17  2 17.033  58.14   317.1 0    72.4 0    29.3 0   300.0 0   332.5 0   280.81 0   281.08 0   373.3 0   279.43 0   279.62 0    42.8 0   139.5 0   243.1 0   -40.8 0   202.2 0     5.4 0    43.8 0     1.4 0    93.7 0  1015.0 0
 2019  11  1 11 17  3 17.050  58.08   308.7 0    70.3 0    25.1 0   294.4 0   332.5 0   280.87 0   281.08 0   373.3 0   279.49 0   279.67 0    42.3 0   135.2 0   237.3 0   -40.8 0   196.5 0     5.2 0    44.9 0     1.4 0    84.2 0  1015.0 0
 2019  11  1 11 17  4 17.067  58.02   290.8 0    66.1 0     6.8 0   286.5 0   332.3 0   280.90 0   281.07 0   372.5 0   279.53 0   279.69 0    41.5 0   127.0 0   223.9 0   -40.2 0   183.7 0     5.2 0    45.2 0     1.3 0    96.0 0  1014.9 0
 2019  11  1 11 17  5 17.083  57.96   283.3 0    64.2 0     8.5 0   278.1 0   332.3 0   280.92 0   281.08 0   371.6 0   279.57 0   279.72 0    41.4 0   123.9 0   218.5 0   -39.3 0   179.2 0     5.2 0    45.0 0     1.0 0    99.9 0  1014.9 0
 2019  11  1 11 17  6 17.100  57.89   273.2 0    61.5 0     5.1 0   270.5 0   332.5 0   280.95 0   281.15 0   372.5 0   279.61 0   279.75 0    41.3 0   119.3 0   211.7 0   -40.0 0   171.7 0     5.2 0    45.6 0     0.7 0   125.4 0  1014.9 0
 2019  11  1 11 17  7 17.117  57.83   265.3 0    59.7 0     1.2 0   264.7 0   332.2 0   280.98 0   281.17 0   371.5 0   279.66 0   279.77 0    41.1 0   115.7 0   205.7 0   -39.3 0   166.4 0     5.2 0    45.3 0     1.5 0   113.7 0  1014.9 0
 2019  11  1 11 17  8 17.133  57.78   263.3 0    59.3 0     1.4 0   262.1 0   331.5 0   281.01 0   281.11 0   369.5 0   279.69 0   279.80 0    41.1 0   114.7 0   203.6 0   -38.0 0   165.6 0     5.1 0    45.2 0     1.2 0   133.0 0  1014.9 0
 2019  11  1 11 17  9 17.150  57.72   264.9 0    59.6 0     0.8 0   263.4 0   331.6 0   281.02 0   281.08 0   369.4 0   279.72 0   279.84 0    41.2 0   115.4 0   204.2 0   -37.8 0   166.4 0     5.1 0    45.8 0     1.4 0   136.6 0  1014.9 0
 2019  11  1 11 17 10 17.167  57.66   269.2 0    60.7 0     0.7 0   267.5 0   331.9 0   281.02 0   281.09 0   368.9 0   279.75 0   279.86 0    41.4 0   117.1 0   207.3 0   -37.0 0   170.3 0     5.0 0    45.8 0     1.1 0   124.6 0  1014.8 0
 2019  11  1 11 17 11 17.183  57.60   274.1 0    61.7 0     0.8 0   272.5 0   332.2 0   281.02 0   281.15 0   369.2 0   279.78 0   279.90 0    41.7 0   119.1 0   211.3 0   -37.0 0   174.2 0     5.0 0    45.8 0     1.1 0   153.6 0  1014.8 0
 2019  11  1 11 17 12 17.200  57.55   276.6 0    62.1 0     0.8 0   275.3 0   332.6 0   281.02 0   281.20 0   370.7 0   279.81 0   279.96 0    41.9 0   120.1 0   213.7 0   -38.1 0   175.6 0     5.0 0    46.1 0     0.4 0   102.1 0  1014.8 0
 2019  11  1 11 17 13 17.217  57.49   276.1 0    61.9 0     0.6 0   275.3 0   332.5 0   281.04 0   281.25 0   372.3 0   279.86 0   280.00 0    41.9 0   120.1 0   213.7 0   -39.9 0   173.8 0     5.1 0    46.1 0     0.7 0   101.2 0  1014.8 0
 2019  11  1 11 17 14 17.233  57.44   274.1 0    61.2 0     0.8 0   273.1 0   332.4 0   281.07 0   281.23 0   371.9 0   279.90 0   280.04 0    41.7 0   119.4 0   212.4 0   -39.5 0   172.9 0     5.2 0    45.7 0     0.8 0    94.6 0  1014.7 0
 2019  11  1 11 17 15 17.250  57.39   271.4 0    60.3 0     0.4 0   270.2 0   332.0 0   281.07 0   281.20 0   371.8 0   279.94 0   280.08 0    41.4 0   118.3 0   210.0 0   -39.7 0   170.3 0     5.3 0    45.2 0     0.2 0    91.8 0  1014.8 0
 2019  11  1 11 17 16 17.267  57.34   267.7 0    59.4 0     0.3 0   266.8 0   332.4 0   281.07 0   281.22 0   371.9 0   279.98 0   280.08 0    40.9 0   116.9 0   207.5 0   -39.5 0   168.0 0     5.4 0    44.8 0     0.7 0   191.9 0  1014.8 0
 2019  11  1 11 17 17 17.283  57.29   263.0 0    58.3 0     0.4 0   262.3 0   332.5 0   281.09 0   281.23 0   371.1 0   280.00 0   280.12 0    40.3 0   115.1 0   204.1 0   -38.5 0   165.6 0     5.4 0    44.3 0     0.7 0   230.3 0  1014.8 0
 2019  11  1 11 17 18 17.300  57.24   258.0 0    57.1 0     0.7 0   257.3 0   332.7 0   281.07 0   281.20 0   371.2 0   280.05 0   280.18 0    39.6 0   113.1 0   200.6 0   -38.5 0   162.1 0     5.4 0    44.1 0     0.5 0   230.9 0  1014.8 0
 2019  11  1 11 17 19 17.317  57.19   253.2 0    56.1 0     0.3 0   252.9 0   332.8 0   281.07 0   281.21 0   371.3 0   280.09 0   280.19 0    39.1 0   111.1 0   197.0 0   -38.5 0   158.4 0     5.5 0    45.0 0     0.7 0   215.0 0  1014.8 0
 2019  11  1 11 17 20 17.333  57.14   249.5 0    55.4 0     0.9 0   248.8 0   332.9 0   281.07 0   281.19 0   371.0 0   280.12 0   280.22 0    38.6 0   109.6 0   193.9 0   -38.1 0   155.8 0     5.5 0    44.1 0     0.3 0   214.3 0  1014.7 0
 2019  11  1 11 17 21 17.350  57.09   246.8 0    54.7 0     2.5 0   245.1 0   333.2 0   281.07 0   281.19 0   370.9 0   280.16 0   280.26 0    38.2 0   108.6 0   191.8 0   -37.7 0   154.1 0     5.6 0    44.2 0     0.3 0     7.3 0  1014.7 0
 2019  11  1 11 17 22 17.367  57.05   242.6 0    53.8 0     1.1 0   242.2 0   333.7 0   281.07 0   281.22 0   370.6 0   280.20 0   280.31 0    37.6 0   106.8 0   189.0 0   -36.9 0   152.1 0     5.6 0    44.0 0     0.4 0    48.3 0  1014.6 0
 2019  11  1 11 17 23 17.383  57.00   240.1 0    53.2 0     0.8 0   240.0 0   333.5 0   281.08 0   281.23 0   371.1 0   280.23 0   280.32 0    37.3 0   105.9 0   187.4 0   -37.5 0   149.8 0     5.7 0    44.2 0     0.6 0   257.5 0  1014.6 0
 2019  11  1 11 17 24 17.400  56.96   240.8 0    53.7 0     0.8 0   240.3 0   333.4 0   281.10 0   281.21 0   371.1 0   280.27 0   280.36 0    37.4 0   106.2 0   187.1 0   -37.7 0   149.4 0     5.6 0    44.9 0     0.8 0   253.9 0  1014.6 0
 2019  11  1 11 17 25 17.417  56.91   243.5 0    54.3 0     0.8 0   242.3 0   333.0 0   281.08 0   281.16 0   369.5 0   280.29 0   280.39 0    37.8 0   107.2 0   188.4 0   -36.6 0   151.8 0     5.5 0    43.8 0     1.4 0   257.7 0  1014.6 0
 2019  11  1 11 17 26 17.433  56.87   246.8 0    55.1 0     1.4 0   245.5 0   333.4 0   281.08 0   281.18 0   369.7 0   280.32 0   280.41 0    38.3 0   108.6 0   191.1 0   -36.3 0   154.9 0     5.4 0    44.6 0     1.5 0   244.1 0  1014.5 0
 2019  11  1 11 17 27 17.450  56.83   250.9 0    56.1 0     0.8 0   250.0 0   333.5 0   281.06 0   281.19 0   369.3 0   280.33 0   280.43 0    38.8 0   110.2 0   194.4 0   -35.8 0   158.6 0     5.3 0    44.2 0     1.4 0   259.4 0  1014.5 0
 2019  11  1 11 17 28 17.467  56.79   256.4 0    57.5 0     1.2 0   255.3 0   333.7 0   281.06 0   281.20 0   370.5 0   280.34 0   280.45 0    39.6 0   112.6 0   198.5 0   -36.8 0   161.7 0     5.3 0    44.7 0     0.7 0   280.1 0  1014.5 0
 2019  11  1 11 17 29 17.483  56.75   262.9 0    59.1 0     1.8 0   261.7 0   334.5 0   281.08 0   281.27 0   372.2 0   280.37 0   280.48 0    40.5 0   115.3 0   203.6 0   -37.7 0   165.9 0     5.3 0    44.7 0     1.0 0   281.4 0  1014.4 0
 2019  11  1 11 17 30 17.500  56.71   269.4 0    60.8 0     1.1 0   268.4 0   333.4 0   281.09 0   281.27 0   371.7 0   280.39 0   280.48 0    41.4 0   118.0 0   208.2 0   -38.3 0   169.9 0     5.3 0    44.6 0     1.7 0   262.3 0  1014.4 0
 2019  11  1 11 17 31 17.517  56.67   274.7 0    62.1 0     1.4 0   273.4 0   333.6 0   281.10 0   281.23 0   370.9 0   280.39 0   280.51 0    42.3 0   120.2 0   212.1 0   -37.4 0   174.7 0     5.3 0    44.9 0     1.5 0   248.9 0  1014.4 0
 2019  11  1 11 17 32 17.533  56.64   278.3 0    62.8 0     1.9 0   277.2 0   333.6 0   281.10 0   281.28 0   371.8 0   280.41 0   280.52 0    43.0 0   121.7 0   215.5 0   -38.2 0   177.3 0     5.2 0    45.0 0     1.0 0   238.5 0  1014.4 0
 2019  11  1 11 17 33 17.550  56.60   282.8 0    63.6 0     3.1 0   280.5 0   333.0 0   281.11 0   281.27 0   373.3 0   280.43 0   280.55 0    44.0 0   123.6 0   218.6 0   -40.3 0   178.3 0     5.3 0    44.7 0     0.7 0   217.9 0  1014.4 0
 2019  11  1 11 17 34 17.567  56.57   286.6 0    64.6 0     2.3 0   285.0 0   333.2 0   281.12 0   281.34 0   373.8 0   280.46 0   280.59 0    44.8 0   125.1 0   221.7 0   -40.6 0   181.1 0     5.4 0    44.7 0     0.5 0   183.3 0  1014.3 0
 2019  11  1 11 17 35 17.583  56.54   292.2 0    65.9 0     2.8 0   289.8 0   332.8 0   281.14 0   281.34 0   374.7 0   280.49 0   280.64 0    45.6 0   127.4 0   225.4 0   -41.9 0   183.5 0     5.5 0    44.3 0     0.7 0   174.4 0  1014.3 0
 2019  11  1 11 17 36 17.600  56.50   301.0 0    67.9 0     4.8 0   297.0 0   333.0 0   281.16 0   281.37 0   375.4 0   280.53 0   280.70 0    46.6 0   131.1 0   231.7 0   -42.4 0   189.3 0     5.6 0    43.7 0     0.3 0   156.2 0  1014.2 0
 2019  11  1 11 17 37 17.617  56.47   311.0 0    70.2 0     2.0 0   308.4 0   333.3 0   281.19 0   281.45 0   376.4 0   280.58 0   280.75 0    47.5 0   135.0 0   239.3 0   -43.1 0   196.1 0     5.7 0    43.5 0     0.3 0   164.8 0  1014.2 0
 2019  11  1 11 17 38 17.633  56.44   323.8 0    73.0 0     6.8 0   318.3 0   333.2 0   281.22 0   281.50 0   377.6 0   280.63 0   280.81 0    48.5 0   140.5 0   249.0 0   -44.4 0   204.6 0     5.8 0    43.7 0     0.3 0   159.3 0  1014.1 0
 2019  11  1 11 17 39 17.650  56.41   323.9 0    72.9 0     8.4 0   319.0 0   333.9 0   281.27 0   281.55 0   377.7 0   280.68 0   280.87 0    48.3 0   140.1 0   250.7 0   -43.8 0   206.9 0     5.9 0    42.8 0     0.2 0   158.8 0  1014.0 0
 2019  11  1 11 17 40 17.667  56.38   307.7 0    69.4 0     0.8 0   308.4 0   334.1 0   281.31 0   281.59 0   378.1 0   280.73 0   280.89 0    46.8 0   133.1 0   239.5 0   -44.0 0   195.5 0     6.0 0    42.9 0     0.4 0   176.0 0  1014.0 0
 2019  11  1 11 17 41 17.683  56.35   296.8 0    66.8 0     0.8 0   297.4 0   334.5 0   281.33 0   281.55 0   377.7 0   280.78 0   280.91 0    45.3 0   128.5 0   231.1 0   -43.2 0   187.8 0     6.1 0    42.5 0     0.3 0   186.2 0  1014.0 0
 2019  11  1 11 17 42 17.700  56.33   286.4 0    64.5 0     0.8 0   287.3 0   335.6 0   281.35 0   281.57 0   377.3 0   280.82 0   280.94 0    43.8 0   124.1 0   223.3 0   -41.8 0   181.5 0     6.2 0    42.4 0     0.3 0   115.7 0  1013.9 0
 2019  11  1 11 17 43 17.717  56.30   274.6 0    61.9 0     0.9 0   275.9 0   336.3 0   281.38 0   281.68 0   376.7 0   280.86 0   281.00 0    42.4 0   119.2 0   214.5 0   -40.4 0   174.1 0     6.2 0    41.5 0     0.6 0    64.1 0  1013.8 0
 2019  11  1 11 17 44 17.733  56.28   264.3 0    59.7 0     0.8 0   265.5 0   336.2 0   281.43 0   281.69 0   375.1 0   280.90 0   281.02 0    41.2 0   115.1 0   206.3 0   -38.9 0   167.5 0     6.2 0    41.5 0     1.2 0    62.2 0  1013.8 0
 2019  11  1 11 17 45 17.750  56.25   257.7 0    58.4 0     0.8 0   258.7 0   336.2 0   281.48 0   281.71 0   374.8 0   280.93 0   280.98 0    40.3 0   112.4 0   200.8 0   -38.5 0   162.3 0     6.1 0    42.2 0     1.2 0    43.6 0  1013.7 0
 2019  11  1 11 17 46 17.767  56.23   255.5 0    57.9 0     0.7 0   255.9 0   336.2 0   281.52 0   281.71 0   374.3 0   280.94 0   281.03 0    40.0 0   111.6 0   198.3 0   -38.1 0   160.3 0     6.0 0    42.2 0     0.4 0    19.7 0  1013.7 0
 2019  11  1 11 17 47 17.783  56.21   256.4 0    57.9 0     0.7 0   256.5 0   335.9 0   281.55 0   281.66 0   373.8 0   280.97 0   281.09 0    40.1 0   112.1 0   199.0 0   -38.0 0   161.0 0     6.0 0    42.1 0     0.2 0   283.3 0  1013.7 0
 2019  11  1 11 17 48 17.800  56.19   258.0 0    57.9 0     0.8 0   257.9 0   336.0 0   281.55 0   281.65 0   374.4 0   281.00 0   281.13 0    40.4 0   112.7 0   200.4 0   -38.4 0   162.0 0     6.1 0    42.1 0     0.5 0   288.5 0  1013.7 0
 2019  11  1 11 17 49 17.817  56.17   258.5 0    58.2 0     1.0 0   258.7 0   336.7 0   281.55 0   281.70 0   375.3 0   281.03 0   281.10 0    40.6 0   112.8 0   201.1 0   -38.7 0   162.4 0     6.1 0    42.7 0     1.0 0     8.3 0  1013.8 0
 2019  11  1 11 17 50 17.833  56.15   260.0 0    58.8 0     1.7 0   260.3 0   336.1 0   281.56 0   281.72 0   373.0 0   281.06 0   281.15 0    41.0 0   113.5 0   202.4 0   -36.8 0   165.6 0     6.1 0    42.2 0     1.3 0    57.7 0  1013.8 0
 2019  11  1 11 17 51 17.850  56.13   264.7 0    60.1 0     1.7 0   264.4 0   336.2 0   281.58 0   281.77 0   373.6 0   281.06 0   281.12 0    41.8 0   115.4 0   205.2 0   -37.4 0   167.8 0     6.0 0    43.0 0     1.9 0    32.5 0  1013.8 0
 2019  11  1 11 17 52 17.867  56.12   272.7 0    62.1 0     0.9 0   272.2 0   335.9 0   281.61 0   281.75 0   371.9 0   281.06 0   281.08 0    43.0 0   118.8 0   210.6 0   -36.1 0   174.5 0     5.9 0    42.6 0     2.2 0    11.8 0  1013.8 0
 2019  11  1 11 17 53 17.883  56.10   282.3 0    64.4 0     1.1 0   281.8 0   336.0 0   281.63 0   281.82 0   373.7 0   281.05 0   281.06 0    44.4 0   122.8 0   218.0 0   -37.7 0   180.3 0     5.8 0    43.3 0     2.0 0    13.8 0  1013.8 0
 2019  11  1 11 17 54 17.900  56.09   291.7 0    66.4 0     1.2 0   291.1 0   335.4 0   281.66 0   281.78 0   374.1 0   281.04 0   281.08 0    45.6 0   126.7 0   225.3 0   -38.6 0   186.7 0     5.8 0    43.3 0     1.1 0    18.6 0  1013.7 0
 2019  11  1 11 17 55 17.917  56.07   300.0 0    67.9 0     2.8 0   298.2 0   335.0 0   281.67 0   281.85 0   376.8 0   281.04 0   281.13 0    46.6 0   130.2 0   231.8 0   -41.8 0   190.0 0     5.8 0    43.4 0     1.2 0    60.9 0  1013.7 0
 2019  11  1 11 17 56 17.933  56.06   307.4 0    69.4 0     4.2 0   303.9 0   334.9 0   281.69 0   281.87 0   377.4 0   281.05 0   281.18 0    47.3 0   133.4 0   236.9 0   -42.5 0   194.4 0     5.9 0    42.8 0     0.7 0    88.8 0  1013.7 0
 2019  11  1 11 17 57 17.950  56.05   315.3 0    71.0 0     6.5 0   310.4 0   335.4 0   281.71 0   282.01 0   378.5 0   281.07 0   281.22 0    47.9 0   136.9 0   243.0 0   -43.0 0   199.9 0     6.0 0    42.5 0     0.6 0    81.5 0  1013.7 0
 2019  11  1 11 17 58 17.967  56.04   332.4 0    74.6 0    28.0 0   314.2 0   335.2 0   281.76 0   282.01 0   379.7 0   281.11 0   281.28 0    49.0 0   145.2 0   255.3 0   -44.5 0   210.8 0     6.1 0    42.1 0     0.4 0    58.1 0  1013.7 0
 2019  11  1 11 17 59 17.983  56.03   329.5 0    73.6 0    27.1 0   313.4 0   335.6 0   281.80 0   282.09 0   381.3 0   281.15 0   281.34 0    48.9 0   143.8 0   254.9 0   -45.7 0   209.3 0     6.3 0    41.9 0     0.0 0   182.4 0  1013.7 0
 2019  11  1 11 18  0 18.000  56.02   311.7 0    69.8 0     4.5 0   309.3 0   335.9 0   281.84 0   282.15 0   381.5 0   281.20 0   281.36 0    47.8 0   135.2 0   241.9 0   -45.6 0   196.3 0     6.5 0    42.2 0     0.6 0   255.8 0  1013.7 0
 2019  11  1 11 18  1 18.017  56.01   299.6 0    67.2 0     1.4 0   299.9 0   335.3 0   281.89 0   282.16 0   379.9 0   281.24 0   281.38 0    46.9 0   129.7 0   233.5 0   -44.6 0   188.9 0     6.6 0    41.3 0     1.1 0   257.7 0  1013.7 0
 2019  11  1 11 18  2 18.033  56.01   286.1 0    64.2 0     0.8 0   286.5 0   334.9 0   281.92 0   282.09 0   378.6 0   281.27 0   281.37 0    45.7 0   123.7 0   222.7 0   -43.8 0   179.0 0     6.4 0    41.4 0     1.8 0   282.0 0  1013.7 0
 2019  11  1 11 18  3 18.050  56.00   272.4 0    61.4 0     0.8 0   273.0 0   335.2 0   281.92 0   282.09 0   376.8 0   281.28 0   281.37 0    44.1 0   117.9 0   212.1 0   -41.6 0   170.5 0     6.3 0    41.7 0     1.7 0   303.3 0  1013.7 0
 2019  11  1 11 18  4 18.067  56.00   260.7 0    58.9 0     0.8 0   261.5 0   335.9 0   281.92 0   282.07 0   375.9 0   281.28 0   281.36 0    42.5 0   113.2 0   203.1 0   -40.0 0   163.1 0     6.2 0    42.0 0     1.1 0   334.2 0  1013.6 0
 2019  11  1 11 18  5 18.083  55.99   251.6 0    56.7 0     0.9 0   252.4 0   336.5 0   281.93 0   282.08 0   374.6 0   281.28 0   281.36 0    41.0 0   109.7 0   196.1 0   -38.1 0   158.0 0     6.2 0    42.1 0     1.4 0   349.8 0  1013.5 0
 2019  11  1 11 18  6 18.100  55.99   246.1 0    55.6 0     0.8 0   246.9 0   336.5 0   281.95 0   282.02 0   372.3 0   281.28 0   281.33 0    39.8 0   107.6 0   191.8 0   -35.8 0   156.0 0     6.2 0    41.5 0     2.0 0   359.8 0  1013.4 0
 2019  11  1 11 18  7 18.117  55.99   242.3 0    55.0 0     1.4 0   243.1 0   336.9 0   281.95 0   282.03 0   372.0 0   281.27 0   281.29 0    38.9 0   106.2 0   188.9 0   -35.2 0   153.7 0     6.1 0    42.1 0     1.8 0   348.7 0  1013.4 0
 2019  11  1 11 18  8 18.133  55.99   238.9 0    54.1 0     1.7 0   239.4 0   336.5 0   281.95 0   282.03 0   372.5 0   281.25 0   281.28 0    38.2 0   104.9 0   186.2 0   -35.9 0   150.3 0     6.1 0    41.7 0     1.4 0     9.4 0  1013.4 0
 2019  11  1 11 18  9 18.150  55.99   236.6 0    53.4 0     1.0 0   237.0 0   336.3 0   281.95 0   282.00 0   372.2 0   281.23 0   281.30 0    37.7 0   103.9 0   184.2 0   -35.9 0   148.3 0     6.0 0    41.6 0     1.1 0     4.0 0  1013.5 0
 2019  11  1 11 18 10 18.167  55.99   233.2 0    52.3 0     1.6 0   233.6 0   336.8 0   281.95 0   282.04 0   373.5 0   281.23 0   281.33 0    37.4 0   102.4 0   182.2 0   -36.7 0   145.4 0     6.0 0    41.8 0     0.6 0    17.0 0  1013.5 0
 2019  11  1 11 18 11 18.183  55.99   230.6 0    51.5 0     1.4 0   230.7 0   337.2 0   281.95 0   282.06 0   373.8 0   281.24 0   281.34 0    37.2 0   101.3 0   180.0 0   -36.6 0   143.4 0     6.1 0    41.9 0     1.0 0   310.9 0  1013.4 0
 2019  11  1 11 18 12 18.200  56.00   230.4 0    51.5 0     0.8 0   230.4 0   337.0 0   281.95 0   282.09 0   374.0 0   281.25 0   281.30 0    37.1 0   101.3 0   179.3 0   -36.9 0   142.4 0     6.1 0    41.7 0     1.0 0   311.1 0  1013.4 0
 2019  11  1 11 18 13 18.217  56.00   232.5 0    52.2 0     0.8 0   232.0 0   336.8 0   281.95 0   282.04 0   373.8 0   281.24 0   281.30 0    37.2 0   102.3 0   180.3 0   -37.0 0   143.3 0     6.1 0    41.5 0     1.0 0   293.8 0  1013.3 0
 2019  11  1 11 18 14 18.233  56.01   236.3 0    52.9 0     0.8 0   235.5 0   337.2 0   281.95 0   282.04 0   373.7 0   281.26 0   281.31 0    37.6 0   104.0 0   183.1 0   -36.5 0   146.6 0     6.2 0    41.5 0     1.0 0   306.3 0  1013.3 0
 2019  11  1 11 18 15 18.250  56.01   241.4 0    54.2 0     0.8 0   240.8 0   337.5 0   281.95 0   282.03 0   373.5 0   281.26 0   281.29 0    38.2 0   106.2 0   187.0 0   -36.0 0   151.1 0     6.2 0    41.7 0     1.3 0   352.4 0  1013.3 0
 2019  11  1 11 18 16 18.267  56.02   247.4 0    55.7 0     1.2 0   247.1 0   337.9 0   281.95 0   282.05 0   372.7 0   281.25 0   281.28 0    39.0 0   108.8 0   192.0 0   -34.9 0   157.2 0     6.2 0    42.1 0     1.6 0    39.0 0  1013.2 0
 2019  11  1 11 18 17 18.283  56.03   255.6 0    57.6 0     1.2 0   254.9 0   337.3 0   281.95 0   282.05 0   373.7 0   281.25 0   281.33 0    40.2 0   112.3 0   198.0 0   -36.4 0   161.5 0     6.2 0    41.9 0     1.7 0    53.8 0  1013.2 0
 2019  11  1 11 18 18 18.300  56.04   266.1 0    60.0 0     0.8 0   264.9 0   337.3 0   281.95 0   282.07 0   374.9 0   281.25 0   281.34 0    41.6 0   116.7 0   205.3 0   -37.6 0   167.7 0     6.2 0    42.3 0     1.7 0    66.9 0  1013.1 0
 2019  11  1 11 18 19 18.317  56.05   275.5 0    62.1 0     1.4 0   274.1 0   337.3 0   281.97 0   282.09 0   375.5 0   281.24 0   281.33 0    42.8 0   120.5 0   212.7 0   -38.2 0   174.6 0     6.2 0    41.8 0     1.7 0    61.7 0  1013.0 0
 2019  11  1 11 18 20 18.333  56.06   284.0 0    64.0 0     1.3 0   282.3 0   337.6 0   281.98 0   282.16 0   376.8 0   281.25 0   281.38 0    43.8 0   124.1 0   219.0 0   -39.2 0   179.8 0     6.3 0    41.4 0     1.5 0    71.9 0  1013.0 0
 2019  11  1 11 18 21 18.350  56.07   294.2 0    66.2 0     1.7 0   292.1 0   337.7 0   282.01 0   282.26 0   378.4 0   281.26 0   281.40 0    44.9 0   128.6 0   226.8 0   -40.7 0   186.2 0     6.4 0    42.3 0     1.2 0    81.6 0  1013.0 0
 2019  11  1 11 18 22 18.367  56.09   308.0 0    69.4 0     1.5 0   305.3 0   337.5 0   282.06 0   282.32 0   377.8 0   281.29 0   281.41 0    46.4 0   134.4 0   236.8 0   -40.3 0   196.5 0     6.4 0    40.7 0     2.3 0    95.3 0  1012.9 0
 2019  11  1 11 18 23 18.383  56.10   323.3 0    72.8 0     1.6 0   320.1 0   337.2 0   282.10 0   282.37 0   378.8 0   281.29 0   281.41 0    47.9 0   140.7 0   248.2 0   -41.7 0   206.6 0     6.3 0    40.8 0     1.8 0    94.6 0  1012.9 0
 2019  11  1 11 18 24 18.400  56.12   333.1 0    74.7 0     1.5 0   330.6 0   337.6 0   282.15 0   282.47 0   381.5 0   281.30 0   281.45 0    48.9 0   144.8 0   256.7 0   -43.9 0   212.8 0     6.4 0    41.1 0     1.1 0   104.1 0  1012.8 0
 2019  11  1 11 18 25 18.417  56.13   334.2 0    75.0 0     0.8 0   332.8 0   336.8 0   282.20 0   282.46 0   382.5 0   281.33 0   281.49 0    49.0 0   145.0 0   258.3 0   -45.7 0   212.7 0     6.4 0    40.8 0     0.8 0   127.0 0  1012.8 0
 2019  11  1 11 18 26 18.433  56.15   327.9 0    73.7 0     0.8 0   327.3 0   337.2 0   282.24 0   282.47 0   384.5 0   281.37 0   281.51 0    48.4 0   142.4 0   254.0 0   -47.3 0   206.7 0     6.6 0    41.4 0     0.8 0    97.7 0  1012.8 0
 2019  11  1 11 18 27 18.450  56.17   321.0 0    72.4 0     1.2 0   320.6 0   338.2 0   282.28 0   282.58 0   383.4 0   281.40 0   281.57 0    47.7 0   139.6 0   248.9 0   -45.2 0   203.6 0     6.7 0    40.6 0     1.1 0    76.9 0  1012.7 0
 2019  11  1 11 18 28 18.467  56.19   317.9 0    71.6 0     0.9 0   317.4 0   337.8 0   282.33 0   282.58 0   382.0 0   281.44 0   281.62 0    47.3 0   138.3 0   246.3 0   -44.2 0   202.1 0     6.7 0    40.3 0     1.3 0    81.8 0  1012.7 0
 2019  11  1 11 18 29 18.483  56.21   319.4 0    72.2 0     1.7 0   318.4 0   338.2 0   282.37 0   282.67 0   383.0 0   281.48 0   281.64 0    47.4 0   139.2 0   247.1 0   -44.8 0   202.3 0     6.7 0    41.0 0     1.0 0   115.2 0  1012.6 0
 2019  11  1 11 18 30 18.500  56.23   322.9 0    73.2 0     2.2 0   321.3 0   338.1 0   282.42 0   282.68 0   383.2 0   281.50 0   281.65 0    47.7 0   140.7 0   249.3 0   -45.1 0   204.2 0     6.7 0    40.7 0     1.1 0   122.1 0  1012.6 0
 2019  11  1 11 18 31 18.517  56.25   320.7 0    72.8 0     1.6 0   320.2 0   338.6 0   282.47 0   282.79 0   384.2 0   281.54 0   281.69 0    47.5 0   139.6 0   248.3 0   -45.6 0   202.7 0     6.7 0    41.2 0     1.2 0   140.8 0  1012.6 0
 2019  11  1 11 18 32 18.533  56.28   315.9 0    71.7 0     0.9 0   316.2 0   338.8 0   282.54 0   282.86 0   384.7 0   281.58 0   281.72 0    47.1 0   137.6 0   245.0 0   -45.9 0   199.0 0     6.8 0    40.8 0     1.1 0   107.3 0  1012.6 0
 2019  11  1 11 18 33 18.550  56.30   315.6 0    71.6 0     1.7 0   315.3 0   338.8 0   282.60 0   282.92 0   385.0 0   281.61 0   281.78 0    47.1 0   137.5 0   244.6 0   -46.2 0   198.4 0     7.0 0    41.3 0     0.5 0    76.4 0  1012.6 0
 2019  11  1 11 18 34 18.567  56.33   318.5 0    72.4 0     1.9 0   317.5 0   338.1 0   282.66 0   282.93 0   384.9 0   281.67 0   281.84 0    47.4 0   138.8 0   246.1 0   -46.7 0   199.4 0     7.2 0    40.2 0     0.5 0   125.0 0  1012.6 0
 2019  11  1 11 18 35 18.583  56.35   327.0 0    74.4 0     2.3 0   325.2 0   338.6 0   282.71 0   283.02 0   385.4 0   281.72 0   281.89 0    48.1 0   142.5 0   252.1 0   -46.8 0   205.3 0     7.2 0    39.8 0     1.8 0   108.5 0  1012.6 0
 2019  11  1 11 18 36 18.600  56.38   338.4 0    77.5 0     1.8 0   336.7 0   337.6 0   282.77 0   283.02 0   381.2 0   281.76 0   281.91 0    48.9 0   147.2 0   260.2 0   -43.6 0   216.7 0     7.1 0    38.8 0     2.7 0    87.4 0  1012.5 0
 2019  11  1 11 18 37 18.617  56.41   351.8 0    80.7 0     4.0 0   348.0 0   337.8 0   282.82 0   283.09 0   381.8 0   281.78 0   281.95 0    49.8 0   152.9 0   269.5 0   -44.0 0   225.6 0     6.8 0    39.4 0     2.4 0    85.5 0  1012.5 0
 2019  11  1 11 18 38 18.633  56.44   363.1 0    83.3 0     7.1 0   357.4 0   337.5 0   282.86 0   283.07 0   382.2 0   281.79 0   281.96 0    50.4 0   157.8 0   277.9 0   -44.7 0   233.3 0     6.7 0    39.5 0     2.5 0    79.2 0  1012.5 0
 2019  11  1 11 18 39 18.650  56.47   367.9 0    84.6 0     4.4 0   364.3 0   337.8 0   282.89 0   283.09 0   384.4 0   281.80 0   281.98 0    50.7 0   159.5 0   282.1 0   -46.5 0   235.6 0     6.7 0    39.0 0     1.8 0    79.2 0  1012.5 0
 2019  11  1 11 18 40 18.667  56.50   372.4 0    85.6 0     7.1 0   367.5 0   338.3 0   282.92 0   283.20 0   387.0 0   281.82 0   281.98 0    50.9 0   161.5 0   285.8 0   -48.7 0   237.1 0     6.8 0    39.5 0     2.2 0    87.4 0  1012.4 0
 2019  11  1 11 18 41 18.683  56.53   370.2 0    85.1 0    15.0 0   360.7 0   337.8 0   282.96 0   283.18 0   385.1 0   281.84 0   282.01 0    50.7 0   160.6 0   283.9 0   -47.3 0   236.6 0     6.9 0    38.0 0     2.4 0    79.4 0  1012.4 0
 2019  11  1 11 18 42 18.700  56.57   349.0 0    80.3 0     3.0 0   348.4 0   337.7 0   282.99 0   283.15 0   384.1 0   281.86 0   282.02 0    49.2 0   151.0 0   269.8 0   -46.4 0   223.4 0     6.9 0    38.0 0     2.4 0    76.7 0  1012.4 0
 2019  11  1 11 18 43 18.717  56.60   334.0 0    77.1 0     2.5 0   334.4 0   337.8 0   283.01 0   283.17 0   382.7 0   281.86 0   281.99 0    48.0 0   144.9 0   258.7 0   -45.0 0   213.7 0     6.9 0    38.6 0     2.5 0    80.5 0  1012.4 0
 2019  11  1 11 18 44 18.733  56.64   324.3 0    75.1 0     3.5 0   323.7 0   337.9 0   283.02 0   283.19 0   382.3 0   281.86 0   281.99 0    47.1 0   141.1 0   250.5 0   -44.4 0   206.1 0     6.9 0    38.8 0     1.9 0    87.5 0  1012.4 0
 2019  11  1 11 18 45 18.750  56.67   331.6 0    77.0 0    12.7 0   323.7 0   338.2 0   283.05 0   283.29 0   384.0 0   281.87 0   282.00 0    47.5 0   145.0 0   253.7 0   -45.8 0   207.9 0     6.9 0    39.0 0     1.7 0    66.4 0  1012.3 0
 2019  11  1 11 18 46 18.767  56.71   356.0 0    82.9 0    27.3 0   337.5 0   336.7 0   283.09 0   283.27 0   383.8 0   281.89 0   282.04 0    49.3 0   155.8 0   269.6 0   -47.2 0   222.4 0     7.0 0    38.8 0     2.8 0    61.5 0  1012.2 0
 2019  11  1 11 18 47 18.783  56.75   410.6 0    96.7 0    78.0 0   359.7 0   334.5 0   283.12 0   283.26 0   384.9 0   281.91 0   282.11 0    53.0 0   179.9 0   305.7 0   -50.4 0   255.3 0     6.9 0    37.6 0     2.3 0    71.7 0  1012.2 0
 2019  11  1 11 18 48 18.800  56.79   420.4 0    98.7 0    58.9 0   381.1 0   332.7 0   283.15 0   283.39 0   389.0 0   281.92 0   282.15 0    55.3 0   182.5 0   314.7 0   -56.3 0   258.4 0     6.9 0    38.6 0     1.9 0    65.6 0  1012.2 0
 2019  11  1 11 18 49 18.817  56.83   525.6 0   127.0 0   222.9 0   397.2 0   328.9 0   283.20 0   283.48 0   393.7 0   281.95 0   282.17 0    62.2 0   232.1 0   392.2 0   -64.8 0   327.5 0     6.9 0    38.6 0     2.2 0    86.2 0  1012.2 0
 2019  11  1 11 18 50 18.833  56.87   806.0 0   195.3 0   737.3 0   401.6 0   324.4 0   283.27 0   283.56 0   410.1 0   282.00 0   282.43 0    75.1 0   340.6 0   609.3 0   -85.7 0   523.6 0     7.0 0    38.5 0     1.3 0    81.1 0  1012.1 0
 2019  11  1 11 18 51 18.850  56.91   577.9 0   137.4 0   342.2 0   386.1 0   320.9 0   283.39 0   283.85 0   407.9 0   282.09 0   282.50 0    68.0 0   249.7 0   435.5 0   -87.0 0   348.5 0     7.3 0    39.4 0     1.5 0    53.6 0  1012.1 0
 2019  11  1 11 18 52 18.867  56.96   564.1 0   134.0 0   340.5 0   372.6 0   314.9 0   283.53 0   283.89 0   402.7 0   282.18 0   282.51 0    66.7 0   243.1 0   424.3 0   -87.8 0   336.5 0     7.5 0    38.0 0     2.0 0    31.5 0  1012.1 0
 2019  11  1 11 18 53 18.883  57.00   486.6 0   114.7 0   228.6 0   359.5 0   311.9 0   283.64 0   283.92 0   399.2 0   282.25 0   282.51 0    62.8 0   212.7 0   369.3 0   -87.2 0   282.1 0     7.5 0    38.3 0     1.2 0    14.9 0  1012.1 0
 2019  11  1 11 18 54 18.900  57.04   433.1 0   101.6 0   152.4 0   348.0 0   311.1 0   283.75 0   284.08 0   396.8 0   282.31 0   282.56 0    59.7 0   190.3 0   329.3 0   -85.7 0   243.6 0     7.7 0    38.9 0     0.8 0    74.8 0  1012.1 0
 2019  11  1 11 18 55 18.917  57.09   403.9 0    94.8 0   102.0 0   345.9 0   311.8 0   283.84 0   284.10 0   392.9 0   282.37 0   282.57 0    57.8 0   178.1 0   306.5 0   -81.1 0   225.4 0     7.9 0    37.7 0     1.7 0    51.5 0  1012.1 0
 2019  11  1 11 18 56 18.933  57.14   536.5 0   126.6 0   318.0 0   360.4 0   313.4 0   283.92 0   284.09 0   395.1 0   282.42 0   282.64 0    63.6 0   236.0 0   406.3 0   -81.7 0   324.7 0     7.8 0    37.3 0     2.2 0    83.1 0  1012.1 0
 2019  11  1 11 18 57 18.950  57.19   619.6 0   145.9 0   425.9 0   383.0 0   316.8 0   284.00 0   284.22 0   403.0 0   282.48 0   282.78 0    67.3 0   267.0 0   467.9 0   -86.3 0   381.7 0     7.6 0    37.5 0     2.3 0   110.5 0  1012.1 0
 2019  11  1 11 18 58 18.967  57.24   542.4 0   126.5 0   255.2 0   398.3 0   319.9 0   284.09 0   284.26 0   399.4 0   282.53 0   282.77 0    64.8 0   236.4 0   409.9 0   -79.6 0   330.3 0     7.4 0    38.5 0     2.6 0    95.8 0  1012.1 0
 2019  11  1 11 18 59 18.983  57.28   464.4 0   108.9 0   112.7 0   397.8 0   322.7 0   284.15 0   284.32 0   396.5 0   282.57 0   282.76 0    60.7 0   199.6 0   349.8 0   -73.9 0   275.9 0     7.4 0    38.3 0     1.9 0    41.4 0  1012.1 0
 2019  11  1 11 19  0 19.000  57.34   418.0 0    97.2 0    53.0 0   387.7 0   324.0 0   284.19 0   284.42 0   393.3 0   282.61 0   282.82 0    57.9 0   180.3 0   319.2 0   -69.3 0   249.9 0     7.4 0    38.3 0     0.8 0    47.0 0  1012.2 0
 2019  11  1 11 19  1 19.017  57.39   422.5 0    97.8 0    66.1 0   384.2 0   324.4 0   284.24 0   284.45 0   394.4 0   282.65 0   282.87 0    57.5 0   182.7 0   322.1 0   -70.0 0   252.0 0     7.5 0    38.2 0     0.1 0    46.8 0  1012.1 0
 2019  11  1 11 19  2 19.033  57.44   461.9 0   106.9 0   127.3 0   388.0 0   325.0 0   284.26 0   284.44 0   397.4 0   282.70 0   282.91 0    59.0 0   201.2 0   349.6 0   -72.4 0   277.2 0     7.7 0    38.0 0     1.2 0   350.5 0  1012.1 0
 2019  11  1 11 19  3 19.050  57.49   525.3 0   121.6 0   222.9 0   397.3 0   325.0 0   284.28 0   284.46 0   399.6 0   282.75 0   283.01 0    61.7 0   228.2 0   395.5 0   -74.6 0   320.8 0     7.9 0    36.8 0     1.1 0   321.7 0  1012.1 0
 2019  11  1 11 19  4 19.067  57.55   585.8 0   138.3 0   342.6 0   394.3 0   325.7 0   284.31 0   284.61 0   406.9 0   282.82 0   283.10 0    64.4 0   253.9 0   439.9 0   -81.1 0   358.7 0     8.0 0    37.7 0     1.0 0     5.8 0  1012.1 0
 2019  11  1 11 19  5 19.083  57.60   505.5 0   116.7 0   229.0 0   378.0 0   322.2 0   284.39 0   284.61 0   400.3 0   282.89 0   283.14 0    61.3 0   219.4 0   384.0 0   -78.0 0   306.0 0     8.1 0    36.3 0     2.1 0    73.5 0  1012.1 0
 2019  11  1 11 19  6 19.100  57.66   390.7 0    89.3 0    66.1 0   350.4 0   319.2 0   284.44 0   284.56 0   395.9 0   282.95 0   283.17 0    55.6 0   166.1 0   296.5 0   -76.7 0   219.8 0     8.0 0    36.5 0     0.9 0    82.4 0  1012.1 0
 2019  11  1 11 19  7 19.117  57.72   414.2 0    95.0 0   160.0 0   324.7 0   317.1 0   284.46 0   284.58 0   394.4 0   282.98 0   283.17 0    56.3 0   180.6 0   315.2 0   -77.3 0   237.9 0     8.0 0    36.5 0     0.9 0   103.1 0  1012.0 0
 2019  11  1 11 19  8 19.133  57.77   352.4 0    80.0 0    65.8 0   312.2 0   315.3 0   284.47 0   284.51 0   390.6 0   283.02 0   283.16 0    53.0 0   153.5 0   267.3 0   -75.3 0   192.0 0     8.0 0    36.3 0     1.5 0    48.0 0  1012.0 0
 2019  11  1 11 19  9 19.150  57.83   356.7 0    81.4 0    71.6 0   314.3 0   315.6 0   284.47 0   284.41 0   385.0 0   283.05 0   283.07 0    52.6 0   157.5 0   271.0 0   -69.4 0   201.6 0     7.8 0    36.7 0     2.9 0    31.7 0  1012.0 0
 2019  11  1 11 19 10 19.167  57.89   551.1 0   132.4 0   411.6 0   325.3 0   316.0 0   284.45 0   284.35 0   395.6 0   283.04 0   283.20 0    60.3 0   240.8 0   411.7 0   -79.6 0   332.1 0     7.6 0    36.9 0     1.8 0    26.3 0  1012.0 0
 2019  11  1 11 19 11 19.183  57.95   662.8 0   160.3 0   606.0 0   334.8 0   317.7 0   284.45 0   284.49 0   407.6 0   283.07 0   283.39 0    64.5 0   283.3 0   496.1 0   -89.9 0   406.2 0     7.6 0    37.3 0     1.2 0    54.1 0  1011.9 0
 2019  11  1 11 19 12 19.200  58.02   443.7 0   102.6 0   191.0 0   332.2 0   317.9 0   284.49 0   284.54 0   401.0 0   283.13 0   283.39 0    56.7 0   191.2 0   330.8 0   -83.1 0   247.7 0     7.7 0    36.7 0     1.6 0    86.7 0  1011.8 0
 2019  11  1 11 19 13 19.217  58.08   340.3 0    76.4 0    30.5 0   322.0 0   317.9 0   284.50 0   284.51 0   390.6 0   283.15 0   283.32 0    51.3 0   147.1 0   261.7 0   -72.7 0   189.0 0     7.7 0    37.0 0     2.0 0    64.3 0  1011.8 0
 2019  11  1 11 19 14 19.233  58.14   335.0 0    75.3 0    40.6 0   309.2 0   318.2 0   284.49 0   284.44 0   387.5 0   283.17 0   283.26 0    49.9 0   144.5 0   255.3 0   -69.2 0   186.1 0     7.8 0    37.0 0     2.1 0    30.4 0  1011.7 0
 2019  11  1 11 19 15 19.250  58.21   300.9 0    67.7 0     2.3 0   298.5 0   318.2 0   284.46 0   284.37 0   383.6 0   283.15 0   283.19 0    47.5 0   129.0 0   232.1 0   -65.4 0   166.7 0     7.7 0    37.1 0     2.6 0    59.0 0  1011.7 0
 2019  11  1 11 19 16 19.267  58.27   294.4 0    66.3 0     4.9 0   289.4 0   319.0 0   284.41 0   284.31 0   380.0 0   283.12 0   283.17 0    46.3 0   126.4 0   225.6 0   -61.0 0   164.6 0     7.6 0    36.9 0     3.2 0    58.5 0  1011.7 0
 2019  11  1 11 19 17 19.283  58.34   287.2 0    64.6 0     2.2 0   284.6 0   319.9 0   284.37 0   284.22 0   378.9 0   283.08 0   283.13 0    45.0 0   123.5 0   221.2 0   -58.9 0   162.2 0     7.6 0    37.0 0     2.6 0    53.5 0  1011.7 0
 2019  11  1 11 19 18 19.300  58.41   283.4 0    63.5 0     2.1 0   280.8 0   322.0 0   284.30 0   284.15 0   381.0 0   283.04 0   283.09 0    43.9 0   122.0 0   218.4 0   -59.0 0   159.4 0     7.5 0    37.0 0     1.9 0    49.0 0  1011.6 0
 2019  11  1 11 19 19 19.317  58.47   279.3 0    62.7 0     2.0 0   277.1 0   324.3 0   284.24 0   284.14 0   378.9 0   283.00 0   283.07 0    42.8 0   120.3 0   215.5 0   -54.5 0   160.9 0     7.5 0    37.0 0     2.6 0    52.3 0  1011.6 0
 2019  11  1 11 19 20 19.333  58.54   274.3 0    61.7 0     1.7 0   272.3 0   325.7 0   284.18 0   284.05 0   377.9 0   282.96 0   283.02 0    41.6 0   118.2 0   211.5 0   -52.2 0   159.3 0     7.4 0    36.8 0     3.0 0    55.6 0  1011.6 0
 2019  11  1 11 19 21 19.350  58.61   269.8 0    61.0 0     1.0 0   267.8 0   326.9 0   284.12 0   283.97 0   377.0 0   282.91 0   282.94 0    40.6 0   116.5 0   207.4 0   -50.1 0   157.3 0     7.4 0    37.4 0     3.0 0    66.6 0  1011.6 0
 2019  11  1 11 19 22 19.367  58.68   266.9 0    60.3 0     0.9 0   264.8 0   327.5 0   284.06 0   283.88 0   376.5 0   282.85 0   282.91 0    39.8 0   115.3 0   205.0 0   -48.9 0   156.0 0     7.4 0    36.9 0     2.5 0    51.3 0  1011.6 0
 2019  11  1 11 19 23 19.383  58.76   265.4 0    59.6 0     1.4 0   263.0 0   328.4 0   283.98 0   283.84 0   376.8 0   282.81 0   282.89 0    39.2 0   114.9 0   204.1 0   -48.4 0   155.7 0     7.4 0    37.2 0     2.2 0    46.7 0  1011.5 0
 2019  11  1 11 19 24 19.400  58.83   264.2 0    59.5 0     2.0 0   261.7 0   329.3 0   283.92 0   283.84 0   378.2 0   282.77 0   282.82 0    38.8 0   114.6 0   203.2 0   -48.9 0   154.3 0     7.5 0    37.7 0     2.1 0    18.6 0  1011.5 0
 2019  11  1 11 19 25 19.417  58.90   262.5 0    59.1 0     2.5 0   260.3 0   329.8 0   283.87 0   283.84 0   379.3 0   282.73 0   282.78 0    38.4 0   113.9 0   202.5 0   -49.5 0   153.0 0     7.5 0    37.5 0     2.2 0    11.3 0  1011.5 0
 2019  11  1 11 19 26 19.433  58.98   262.4 0    58.8 0     3.1 0   260.1 0   329.9 0   283.83 0   283.78 0   379.3 0   282.71 0   282.77 0    38.1 0   114.0 0   202.8 0   -49.4 0   153.4 0     7.6 0    36.8 0     1.5 0    37.6 0  1011.5 0
 2019  11  1 11 19 27 19.450  59.05   259.7 0    58.3 0     1.7 0   258.5 0   330.4 0   283.79 0   283.78 0   380.2 0   282.69 0   282.75 0    37.6 0   112.7 0   201.1 0   -49.8 0   151.4 0     7.6 0    37.5 0     2.1 0    11.6 0  1011.5 0
 2019  11  1 11 19 28 19.467  59.13   254.0 0    57.1 0     1.7 0   253.4 0   330.7 0   283.76 0   283.74 0   378.4 0   282.67 0   282.71 0    36.8 0   110.4 0   197.2 0   -47.7 0   149.5 0     7.6 0    36.8 0     2.1 0     4.4 0  1011.5 0
 2019  11  1 11 19 29 19.483  59.20   246.9 0    55.7 0     1.6 0   246.8 0   330.8 0   283.73 0   283.69 0   376.6 0   282.64 0   282.69 0    35.8 0   107.5 0   192.0 0   -45.8 0   146.2 0     7.6 0    36.7 0     2.3 0   359.7 0  1011.4 0
 2019  11  1 11 19 30 19.500  59.28   239.9 0    54.0 0     1.4 0   240.2 0   331.0 0   283.69 0   283.65 0   377.5 0   282.61 0   282.69 0    34.8 0   104.8 0   186.8 0   -46.5 0   140.3 0     7.5 0    36.6 0     1.3 0     1.7 0  1011.5 0
 2019  11  1 11 19 31 19.517  59.36   234.7 0    52.6 0     1.7 0   234.6 0   331.6 0   283.65 0   283.63 0   379.2 0   282.59 0   282.67 0    34.0 0   102.8 0   182.8 0   -47.6 0   135.2 0     7.5 0    37.4 0     1.6 0   358.5 0  1011.4 0
 2019  11  1 11 19 32 19.533  59.44   231.3 0    52.2 0     1.0 0   231.6 0   332.0 0   283.62 0   283.60 0   376.7 0   282.58 0   282.63 0    33.3 0   101.4 0   179.9 0   -44.7 0   135.2 0     7.6 0    37.0 0     2.2 0    16.1 0  1011.4 0
 2019  11  1 11 19 33 19.550  59.52   229.4 0    51.7 0     1.3 0   229.9 0   332.1 0   283.59 0   283.56 0   377.0 0   282.57 0   282.63 0    32.8 0   100.6 0   178.8 0   -44.9 0   133.9 0     7.6 0    36.6 0     1.7 0    10.4 0  1011.4 0
 2019  11  1 11 19 34 19.567  59.60   227.9 0    51.5 0     1.7 0   228.5 0   332.4 0   283.57 0   283.58 0   378.0 0   282.56 0   282.64 0    32.4 0   100.0 0   177.9 0   -45.6 0   132.3 0     7.6 0    36.7 0     1.2 0    15.8 0  1011.4 0
 2019  11  1 11 19 35 19.583  59.68   226.5 0    50.8 0     1.7 0   226.9 0   332.7 0   283.55 0   283.59 0   379.4 0   282.56 0   282.64 0    31.9 0    99.5 0   176.9 0   -46.7 0   130.2 0     7.7 0    37.9 0     1.1 0    37.4 0  1011.4 0
 2019  11  1 11 19 36 19.600  59.76   226.4 0    50.8 0     2.5 0   226.1 0   333.2 0   283.55 0   283.61 0   378.9 0   282.56 0   282.66 0    31.7 0    99.6 0   176.6 0   -45.7 0   130.8 0     7.9 0    37.3 0     1.6 0    78.3 0  1011.3 0
 2019  11  1 11 19 37 19.617  59.85   227.4 0    51.2 0     2.1 0   227.0 0   333.3 0   283.55 0   283.64 0   380.5 0   282.58 0   282.66 0    31.5 0   100.1 0   176.8 0   -47.2 0   129.6 0     8.0 0    37.2 0     1.0 0    60.7 0  1011.3 0
 2019  11  1 11 19 38 19.633  59.93   229.7 0    51.6 0     3.6 0   228.1 0   333.2 0   283.55 0   283.63 0   380.3 0   282.59 0   282.71 0    31.5 0   101.2 0   178.3 0   -47.1 0   131.2 0     8.1 0    36.7 0     1.0 0    75.0 0  1011.3 0
 2019  11  1 11 19 39 19.650  60.02   231.7 0    52.3 0     2.7 0   230.7 0   333.4 0   283.58 0   283.65 0   377.7 0   282.61 0   282.71 0    31.5 0   102.1 0   179.9 0   -44.3 0   135.6 0     8.2 0    35.8 0     2.1 0    48.6 0  1011.3 0
 2019  11  1 11 19 40 19.667  60.10   234.7 0    53.3 0     2.9 0   233.9 0   333.1 0   283.58 0   283.66 0   378.9 0   282.61 0   282.68 0    31.7 0   103.5 0   182.0 0   -45.8 0   136.2 0     8.1 0    36.0 0     1.7 0    46.5 0  1011.3 0
 2019  11  1 11 19 41 19.683  60.19   239.1 0    54.4 0     1.5 0   238.8 0   333.0 0   283.59 0   283.65 0   377.9 0   282.61 0   282.69 0    32.0 0   105.3 0   185.1 0   -44.9 0   140.2 0     8.0 0    35.7 0     2.5 0    41.7 0  1011.2 0
 2019  11  1 11 19 42 19.700  60.28   245.3 0    56.0 0     2.2 0   244.9 0   333.1 0   283.60 0   283.67 0   379.0 0   282.61 0   282.70 0    32.6 0   107.9 0   190.0 0   -45.9 0   144.1 0     7.9 0    36.3 0     1.8 0    35.3 0  1011.2 0
 2019  11  1 11 19 43 19.717  60.37   252.3 0    57.6 0     3.0 0   251.3 0   333.1 0   283.62 0   283.75 0   380.4 0   282.63 0   282.71 0    33.2 0   110.9 0   195.2 0   -47.3 0   147.9 0     8.0 0    36.9 0     1.8 0    34.4 0  1011.2 0
 2019  11  1 11 19 44 19.733  60.45   262.1 0    59.6 0     8.6 0   258.2 0   332.4 0   283.64 0   283.77 0   381.4 0   282.63 0   282.75 0    33.9 0   115.2 0   202.8 0   -48.9 0   153.9 0     8.1 0    36.0 0     1.3 0    37.7 0  1011.2 0
 2019  11  1 11 19 45 19.750  60.54   270.1 0    61.6 0    13.1 0   263.9 0   332.5 0   283.68 0   283.84 0   382.8 0   282.66 0   282.78 0    34.6 0   118.8 0   208.6 0   -50.3 0   158.4 0     8.1 0    36.5 0     2.1 0    40.9 0  1011.1 0
 2019  11  1 11 19 46 19.767  60.63   270.7 0    62.2 0     3.5 0   270.1 0   331.2 0   283.71 0   283.81 0   379.6 0   282.68 0   282.78 0    34.8 0   118.4 0   209.6 0   -48.5 0   161.1 0     8.1 0    35.3 0     2.9 0    43.1 0  1011.1 0
 2019  11  1 11 19 47 19.783  60.73   274.0 0    63.2 0     3.6 0   273.5 0   330.7 0   283.73 0   283.80 0   379.9 0   282.68 0   282.76 0    35.1 0   119.8 0   212.1 0   -49.2 0   162.9 0     7.9 0    36.2 0     2.4 0    38.0 0  1011.1 0
 2019  11  1 11 19 48 19.800  60.82   276.3 0    63.8 0     3.1 0   276.6 0   330.2 0   283.74 0   283.78 0   379.7 0   282.68 0   282.77 0    35.3 0   120.6 0   214.3 0   -49.5 0   164.8 0     7.9 0    35.7 0     2.2 0    42.1 0  1011.1 0
 2019  11  1 11 19 49 19.817  60.91   277.4 0    64.2 0     3.5 0   277.7 0   330.5 0   283.75 0   283.87 0   382.9 0   282.68 0   282.78 0    35.4 0   121.1 0   215.2 0   -52.4 0   162.8 0     7.9 0    36.5 0     1.3 0    25.0 0  1011.1 0
 2019  11  1 11 19 50 19.833  61.01   280.2 0    64.7 0     6.8 0   278.6 0   330.0 0   283.77 0   283.96 0   384.7 0   282.69 0   282.81 0    35.5 0   122.6 0   217.1 0   -54.7 0   162.5 0     8.1 0    36.8 0     0.8 0    26.5 0  1011.1 0
 2019  11  1 11 19 51 19.850  61.10   286.5 0    66.3 0    13.0 0   280.2 0   329.5 0   283.81 0   283.98 0   385.4 0   282.71 0   282.84 0    35.6 0   125.4 0   220.2 0   -56.0 0   164.2 0     8.3 0    35.3 0     1.1 0    91.5 0  1011.1 0
 2019  11  1 11 19 52 19.867  61.20   291.1 0    67.6 0    12.2 0   284.1 0   329.2 0   283.84 0   284.02 0   383.9 0   282.74 0   282.89 0    35.6 0   127.1 0   222.5 0   -54.7 0   167.7 0     8.2 0    34.2 0     1.4 0    99.9 0  1011.1 0
 2019  11  1 11 19 53 19.883  61.29   304.2 0    70.8 0    26.1 0   291.4 0   328.7 0   283.88 0   284.04 0   384.7 0   282.77 0   282.92 0    36.1 0   133.4 0   233.1 0   -56.0 0   177.1 0     8.2 0    34.7 0     0.8 0    82.7 0  1011.1 0
 2019  11  1 11 19 54 19.900  61.39   457.6 0   110.8 0   331.9 0   301.0 0   329.0 0   283.92 0   284.14 0   395.9 0   282.80 0   283.03 0    41.0 0   200.9 0   349.2 0   -66.9 0   282.3 0     8.4 0    35.8 0     0.4 0    59.4 0  1011.0 0
 2019  11  1 11 19 55 19.917  61.49   474.8 0   115.7 0   358.6 0   309.0 0   328.8 0   284.00 0   284.33 0   400.0 0   282.87 0   283.16 0    42.3 0   208.1 0   364.5 0   -71.2 0   293.3 0     8.7 0    34.7 0     0.8 0    86.7 0  1011.0 0
 2019  11  1 11 19 56 19.933  61.58   544.5 0   134.2 0   505.0 0   311.7 0   326.8 0   284.12 0   284.41 0   404.1 0   282.96 0   283.32 0    44.8 0   235.0 0   417.8 0   -77.3 0   340.5 0     8.9 0    34.4 0     2.4 0    71.9 0  1011.0 0
 2019  11  1 11 19 57 19.950  61.68   524.0 0   129.1 0   471.2 0   308.6 0   323.9 0   284.24 0   284.45 0   401.2 0   283.06 0   283.40 0    45.0 0   226.3 0   403.0 0   -77.2 0   325.7 0     8.9 0    33.5 0     2.1 0    66.1 0  1011.0 0
 2019  11  1 11 19 58 19.967  61.78   517.4 0   127.9 0   477.9 0   300.7 0   320.9 0   284.35 0   284.54 0   402.1 0   283.13 0   283.47 0    45.2 0   223.6 0   398.7 0   -81.2 0   317.6 0     8.8 0    33.4 0     1.5 0    84.2 0  1011.0 0
 2019  11  1 11 19 59 19.983  61.89   403.5 0    98.0 0   260.7 0   284.0 0   317.0 0   284.46 0   284.63 0   399.7 0   283.21 0   283.49 0    42.4 0   174.0 0   308.9 0   -82.7 0   226.2 0     8.9 0    33.6 0     0.3 0   159.7 0  1010.9 0
 2019  11  1 11 20  0 20.000  61.99   312.4 0    73.7 0   118.6 0   260.4 0   313.0 0   284.54 0   284.70 0   392.7 0   283.27 0   283.47 0    39.7 0   137.8 0   242.4 0   -79.7 0   162.6 0     9.0 0    34.0 0     0.8 0   140.8 0  1010.9 0
 2019  11  1 11 20  1 20.017  62.09   324.6 0    76.9 0   193.3 0   238.8 0   308.1 0   284.60 0   284.75 0   390.3 0   283.32 0   283.50 0    39.4 0   143.6 0   252.4 0   -82.2 0   170.2 0     9.1 0    34.1 0     2.2 0    76.1 0  1010.9 0
 2019  11  1 11 20  2 20.033  62.19   332.4 0    80.7 0   245.5 0   222.4 0   301.5 0   284.67 0   284.62 0   386.1 0   283.37 0   283.54 0    39.0 0   148.1 0   256.3 0   -84.5 0   171.8 0     9.0 0    32.8 0     2.2 0    72.7 0  1010.9 0
 2019  11  1 11 20  3 20.050  62.30   289.3 0    70.3 0   170.1 0   210.3 0   297.8 0   284.70 0   284.66 0   385.4 0   283.40 0   283.56 0    37.2 0   127.4 0   219.1 0   -87.6 0   131.5 0     8.9 0    33.9 0     1.3 0   101.8 0  1010.9 0
 2019  11  1 11 20  4 20.067  62.40   256.5 0    61.2 0   125.1 0   200.2 0   294.3 0   284.73 0   284.64 0   381.1 0   283.42 0   283.52 0    35.7 0   115.3 0   197.0 0   -86.8 0   110.1 0     8.8 0    33.5 0     1.7 0    91.3 0  1011.0 0
 2019  11  1 11 20  5 20.083  62.51   246.5 0    58.0 0   116.8 0   193.1 0   292.4 0   284.75 0   284.59 0   378.5 0   283.43 0   283.51 0    34.6 0   109.1 0   189.0 0   -86.1 0   102.9 0     8.8 0    34.4 0     2.4 0    84.5 0  1011.0 0
 2019  11  1 11 20  6 20.100  62.61   234.9 0    54.5 0   109.0 0   186.1 0   291.2 0   284.74 0   284.48 0   374.9 0   283.43 0   283.49 0    33.7 0   105.6 0   181.7 0   -83.7 0    98.0 0     8.7 0    33.4 0     2.0 0    80.5 0  1011.0 0
 2019  11  1 11 20  7 20.117  62.72   194.8 0    44.5 0    21.7 0   184.0 0   291.9 0   284.71 0   284.50 0   372.8 0   283.41 0   283.44 0    32.2 0    87.2 0   149.5 0   -80.9 0    68.6 0     8.6 0    33.8 0     1.4 0   106.6 0  1010.9 0
 2019  11  1 11 20  8 20.133  62.82   208.6 0    47.4 0    46.3 0   186.4 0   292.8 0   284.67 0   284.46 0   374.1 0   283.39 0   283.44 0    32.2 0    93.4 0   160.2 0   -81.2 0    79.0 0     8.5 0    34.7 0     0.9 0    99.5 0  1010.9 0
 2019  11  1 11 20  9 20.150  62.93   239.5 0    55.4 0    99.7 0   192.9 0   295.7 0   284.63 0   284.45 0   375.2 0   283.38 0   283.43 0    32.7 0   106.9 0   182.9 0   -79.6 0   103.3 0     8.6 0    34.6 0     2.0 0    49.8 0  1010.9 0
 2019  11  1 11 20 10 20.167  63.04   212.1 0    48.2 0    30.8 0   197.1 0   299.0 0   284.59 0   284.36 0   373.7 0   283.38 0   283.42 0    31.7 0    94.2 0   162.9 0   -74.7 0    88.2 0     8.5 0    34.5 0     1.7 0    62.2 0  1010.9 0
 2019  11  1 11 20 11 20.183  63.15   200.5 0    44.7 0    11.4 0   194.9 0   304.1 0   284.55 0   284.32 0   373.8 0   283.36 0   283.37 0    30.8 0    87.7 0   155.3 0   -69.7 0    85.6 0     8.5 0    35.1 0     1.6 0    32.3 0  1010.9 0
 2019  11  1 11 20 12 20.200  63.26   193.5 0    42.9 0     5.4 0   191.0 0   309.7 0   284.49 0   284.32 0   374.1 0   283.33 0   283.36 0    29.9 0    84.9 0   150.5 0   -64.3 0    86.2 0     8.5 0    35.2 0     1.4 0    33.6 0  1010.9 0
 2019  11  1 11 20 13 20.217  63.37   192.2 0    42.4 0     6.9 0   188.6 0   314.9 0   284.45 0   284.27 0   374.9 0   283.33 0   283.38 0    29.2 0    84.5 0   149.4 0   -60.0 0    89.4 0     8.5 0    35.4 0     1.5 0    44.7 0  1011.0 0
 2019  11  1 11 20 14 20.233  63.48   193.3 0    42.7 0     7.8 0   188.6 0   319.7 0   284.40 0   284.27 0   375.3 0   283.31 0   283.36 0    28.6 0    84.9 0   149.5 0   -55.6 0    93.9 0     8.6 0    36.1 0     1.6 0    31.0 0  1010.9 0
 2019  11  1 11 20 15 20.250  63.60   196.2 0    43.6 0     5.7 0   192.3 0   323.4 0   284.36 0   284.27 0   376.6 0   283.31 0   283.36 0    28.1 0    85.9 0   151.2 0   -53.2 0    98.0 0     8.6 0    35.8 0     1.1 0    42.6 0  1010.9 0
 2019  11  1 11 20 16 20.267  63.71   203.3 0    45.3 0    11.9 0   196.6 0   325.5 0   284.33 0   284.30 0   378.1 0   283.31 0   283.38 0    28.0 0    88.9 0   156.6 0   -52.5 0   104.0 0     8.6 0    36.1 0     1.3 0    73.1 0  1010.9 0
 2019  11  1 11 20 17 20.283  63.82   204.7 0    45.7 0     7.6 0   199.5 0   325.7 0   284.31 0   284.28 0   378.4 0   283.31 0   283.40 0    27.9 0    89.1 0   157.1 0   -52.7 0   104.4 0     8.7 0    35.4 0     1.4 0    94.1 0  1010.8 0
 2019  11  1 11 20 18 20.300  63.94   201.9 0    44.9 0     3.9 0   199.7 0   325.2 0   284.31 0   284.32 0   379.2 0   283.31 0   283.40 0    27.7 0    87.7 0   156.5 0   -54.0 0   102.5 0     8.8 0    36.6 0     1.1 0   120.3 0  1010.7 0
 2019  11  1 11 20 19 20.317  64.05   200.8 0    44.6 0     5.3 0   198.1 0   323.4 0   284.31 0   284.35 0   379.3 0   283.33 0   283.41 0    27.6 0    87.4 0   155.8 0   -55.8 0   100.0 0     8.9 0    35.6 0     0.9 0    91.8 0  1010.7 0
 2019  11  1 11 20 20 20.333  64.17   201.3 0    44.9 0     8.5 0   196.5 0   320.9 0   284.31 0   284.31 0   378.7 0   283.33 0   283.41 0    27.5 0    87.5 0   155.3 0   -57.8 0    97.5 0     9.0 0    35.2 0     1.2 0    91.6 0  1010.7 0
 2019  11  1 11 20 21 20.350  64.28   194.9 0    43.7 0     5.6 0   192.1 0   317.8 0   284.31 0   284.28 0   375.6 0   283.33 0   283.39 0    27.2 0    84.6 0   150.9 0   -57.8 0    93.1 0     8.9 0    33.8 0     1.9 0   122.0 0  1010.6 0
 2019  11  1 11 20 22 20.367  64.40   187.9 0    42.1 0     4.9 0   185.6 0   315.6 0   284.30 0   284.22 0   374.1 0   283.33 0   283.38 0    26.8 0    81.6 0   145.6 0   -58.5 0    87.1 0     8.8 0    34.1 0     2.3 0   109.1 0  1010.6 0
 2019  11  1 11 20 23 20.383  64.52   180.0 0    40.2 0     4.0 0   178.4 0   314.4 0   284.28 0   284.21 0   372.8 0   283.33 0   283.36 0    26.2 0    78.5 0   140.0 0   -58.5 0    81.5 0     8.7 0    34.7 0     2.2 0   121.8 0  1010.5 0
 2019  11  1 11 20 24 20.400  64.63   173.8 0    38.6 0     4.3 0   172.2 0   315.1 0   284.27 0   284.21 0   373.1 0   283.31 0   283.35 0    25.6 0    76.2 0   135.4 0   -58.1 0    77.3 0     8.7 0    34.9 0     1.6 0   115.1 0  1010.5 0
 2019  11  1 11 20 25 20.417  64.75   171.2 0    37.8 0     2.0 0   170.1 0   317.2 0   284.26 0   284.19 0   373.4 0   283.31 0   283.35 0    24.9 0    75.3 0   133.1 0   -56.2 0    76.9 0     8.7 0    34.5 0     1.5 0   123.7 0  1010.5 0
 2019  11  1 11 20 26 20.433  64.87   173.7 0    38.4 0     2.5 0   172.0 0   319.2 0   284.24 0   284.19 0   374.4 0   283.31 0   283.36 0    24.5 0    76.5 0   134.6 0   -55.2 0    79.4 0     8.7 0    34.9 0     1.0 0   106.9 0  1010.5 0
 2019  11  1 11 20 27 20.450  64.99   178.2 0    39.5 0     5.5 0   175.3 0   321.1 0   284.23 0   284.23 0   375.2 0   283.31 0   283.37 0    24.3 0    78.6 0   138.1 0   -54.1 0    84.1 0     8.8 0    35.3 0     1.5 0    91.7 0  1010.5 0
 2019  11  1 11 20 28 20.467  65.11   182.0 0    40.3 0     7.4 0   178.3 0   321.3 0   284.23 0   284.24 0   374.1 0   283.31 0   283.36 0    24.1 0    80.3 0   141.1 0   -52.8 0    88.3 0     8.8 0    34.8 0     2.2 0   107.2 0  1010.5 0
 2019  11  1 11 20 29 20.483  65.24   182.3 0    40.4 0     2.4 0   180.8 0   321.3 0   284.23 0   284.17 0   372.4 0   283.29 0   283.35 0    24.0 0    80.3 0   141.4 0   -51.1 0    90.3 0     8.8 0    33.7 0     2.7 0   108.5 0  1010.5 0
 2019  11  1 11 20 30 20.500  65.36   183.7 0    40.9 0     0.8 0   183.1 0   322.3 0   284.23 0   284.19 0   373.1 0   283.29 0   283.34 0    24.1 0    80.9 0   142.6 0   -50.9 0    91.8 0     8.7 0    34.5 0     2.4 0   113.0 0  1010.5 0
 2019  11  1 11 20 31 20.517  65.48   185.3 0    41.0 0     0.8 0   185.1 0   322.5 0   284.23 0   284.20 0   373.3 0   283.26 0   283.31 0    24.1 0    81.7 0   144.4 0   -50.7 0    93.7 0     8.7 0    34.5 0     2.3 0   130.5 0  1010.4 0
 2019  11  1 11 20 32 20.533  65.60   185.2 0    40.9 0     0.8 0   185.1 0   323.3 0   284.23 0   284.19 0   374.8 0   283.26 0   283.31 0    24.0 0    81.7 0   144.5 0   -51.5 0    93.0 0     8.7 0    34.2 0     1.7 0   111.4 0  1010.4 0
 2019  11  1 11 20 33 20.550  65.73   182.9 0    40.1 0     0.8 0   182.8 0   324.4 0   284.21 0   284.22 0   375.6 0   283.24 0   283.31 0    23.6 0    80.8 0   143.1 0   -51.2 0    91.9 0     8.7 0    34.6 0     1.2 0   115.3 0  1010.4 0
 2019  11  1 11 20 34 20.567  65.85   179.1 0    39.2 0     0.5 0   179.5 0   327.1 0   284.22 0   284.27 0   375.4 0   283.25 0   283.31 0    22.9 0    79.3 0   140.6 0   -48.3 0    92.2 0     8.8 0    35.3 0     1.7 0    85.2 0  1010.4 0
 2019  11  1 11 20 35 20.583  65.98   175.5 0    38.6 0     0.8 0   176.2 0   329.1 0   284.23 0   284.25 0   373.2 0   283.25 0   283.30 0    22.1 0    77.9 0   137.9 0   -44.1 0    93.8 0     8.9 0    34.5 0     2.7 0    89.9 0  1010.3 0
 2019  11  1 11 20 36 20.600  66.10   173.1 0    38.3 0     0.5 0   173.7 0   331.4 0   284.24 0   284.21 0   372.9 0   283.24 0   283.29 0    21.2 0    76.9 0   135.6 0   -41.5 0    94.0 0     8.8 0    33.9 0     2.7 0    75.2 0  1010.3 0
 2019  11  1 11 20 37 20.617  66.23   172.2 0    38.3 0     0.6 0   172.5 0   332.9 0   284.24 0   284.20 0   374.2 0   283.23 0   283.28 0    20.5 0    76.6 0   134.4 0   -41.3 0    93.1 0     8.8 0    34.7 0     1.4 0    91.4 0  1010.3 0
 2019  11  1 11 20 38 20.633  66.36   173.0 0    38.7 0     2.4 0   172.6 0   334.5 0   284.23 0   284.22 0   374.7 0   283.21 0   283.27 0    20.0 0    77.1 0   134.9 0   -40.2 0    94.8 0     8.9 0    34.3 0     2.2 0    79.7 0  1010.2 0
 2019  11  1 11 20 39 20.650  66.48   174.0 0    38.7 0     2.8 0   173.6 0   335.2 0   284.23 0   284.21 0   374.2 0   283.21 0   283.29 0    19.6 0    77.5 0   136.0 0   -39.1 0    96.9 0     8.9 0    33.6 0     2.3 0    79.2 0  1010.2 0
 2019  11  1 11 20 40 20.667  66.61   173.9 0    39.0 0     0.8 0   174.3 0   335.7 0   284.23 0   284.23 0   374.5 0   283.21 0   283.26 0    19.3 0    77.3 0   135.7 0   -38.8 0    96.9 0     8.8 0    34.0 0     2.4 0    72.5 0  1010.2 0
 2019  11  1 11 20 41 20.683  66.74   174.5 0    39.3 0     0.7 0   175.1 0   336.3 0   284.23 0   284.26 0   373.8 0   283.19 0   283.26 0    18.9 0    77.6 0   136.1 0   -37.4 0    98.7 0     8.8 0    34.2 0     2.8 0    75.8 0  1010.2 0
 2019  11  1 11 20 42 20.700  66.87   174.1 0    39.3 0     0.5 0   175.1 0   336.7 0   284.25 0   284.21 0   373.2 0   283.19 0   283.24 0    18.6 0    77.3 0   135.9 0   -36.6 0    99.3 0     8.8 0    34.8 0     2.8 0    82.9 0  1010.2 0
 2019  11  1 11 20 43 20.717  67.00   170.8 0    38.4 0     0.5 0   172.0 0   336.6 0   284.23 0   284.22 0   373.5 0   283.18 0   283.23 0    18.1 0    75.7 0   133.8 0   -36.9 0    96.8 0     8.8 0    34.7 0     2.5 0    71.5 0  1010.2 0
 2019  11  1 11 20 44 20.733  67.13   163.7 0    37.0 0     0.7 0   165.4 0   336.9 0   284.23 0   284.21 0   374.1 0   283.16 0   283.23 0    17.5 0    72.7 0   128.6 0   -37.2 0    91.4 0     8.8 0    35.0 0     1.9 0    63.4 0  1010.2 0
 2019  11  1 11 20 45 20.750  67.26   155.4 0    35.2 0     0.8 0   157.4 0   337.2 0   284.23 0   284.23 0   374.8 0   283.16 0   283.23 0    16.7 0    69.2 0   122.5 0   -37.6 0    84.9 0     8.9 0    35.9 0     1.8 0    98.9 0  1010.2 0
 2019  11  1 11 20 46 20.767  67.39   149.5 0    34.0 0     0.8 0   151.2 0   337.2 0   284.23 0   284.19 0   374.0 0   283.16 0   283.21 0    15.9 0    66.8 0   117.5 0   -36.8 0    80.7 0     8.9 0    35.7 0     2.2 0   101.5 0  1010.2 0
 2019  11  1 11 20 47 20.783  67.52   147.0 0    33.8 0     0.6 0   148.7 0   337.3 0   284.23 0   284.20 0   373.1 0   283.16 0   283.22 0    15.5 0    65.8 0   115.2 0   -35.8 0    79.4 0     8.9 0    35.3 0     2.0 0    77.3 0  1010.2 0
 2019  11  1 11 20 48 20.800  67.66   147.7 0    33.9 0     1.0 0   149.2 0   336.9 0   284.23 0   284.15 0   373.0 0   283.16 0   283.21 0    15.2 0    66.2 0   115.6 0   -36.1 0    79.6 0     8.9 0    35.3 0     2.3 0    78.0 0  1010.3 0
 2019  11  1 11 20 49 20.817  67.79   151.4 0    35.0 0     2.3 0   152.1 0   337.1 0   284.23 0   284.15 0   372.7 0   283.14 0   283.20 0    15.3 0    67.9 0   118.0 0   -35.5 0    82.5 0     8.9 0    35.3 0     1.8 0    92.4 0  1010.4 0
 2019  11  1 11 20 50 20.833  67.92   159.4 0    37.0 0     6.1 0   158.2 0   336.7 0   284.21 0   284.17 0   373.7 0   283.14 0   283.19 0    15.5 0    71.5 0   123.5 0   -37.0 0    86.5 0     8.9 0    35.6 0     2.4 0    82.5 0  1010.4 0
 2019  11  1 11 20 51 20.850  68.06   171.0 0    39.8 0    11.3 0   167.3 0   336.2 0   284.20 0   284.14 0   373.4 0   283.13 0   283.20 0    16.0 0    76.7 0   131.7 0   -37.2 0    94.5 0     8.9 0    34.8 0     1.9 0    92.0 0  1010.5 0
 2019  11  1 11 20 52 20.867  68.19   183.9 0    42.9 0    15.3 0   178.5 0   336.3 0   284.20 0   284.19 0   375.6 0   283.13 0   283.22 0    16.6 0    82.1 0   141.3 0   -39.3 0   102.0 0     8.8 0    35.2 0     1.4 0   114.3 0  1010.5 0
 2019  11  1 11 20 53 20.883  68.33   193.9 0    45.3 0    14.1 0   189.2 0   336.2 0   284.20 0   284.24 0   377.4 0   283.15 0   283.24 0    17.2 0    86.3 0   149.1 0   -41.2 0   107.9 0     8.9 0    36.2 0     1.7 0    77.8 0  1010.5 0
 2019  11  1 11 20 54 20.900  68.47   205.3 0    48.3 0    22.1 0   198.3 0   336.5 0   284.23 0   284.28 0   378.4 0   283.16 0   283.25 0    17.7 0    91.4 0   158.1 0   -41.9 0   116.2 0     9.0 0    37.4 0     2.1 0    21.4 0  1010.5 0
 2019  11  1 11 20 55 20.917  68.60   228.3 0    54.8 0    67.2 0   206.4 0   336.0 0   284.25 0   284.29 0   379.8 0   283.18 0   283.23 0    18.1 0   101.9 0   176.1 0   -43.8 0   132.3 0     9.0 0    37.3 0     1.4 0    14.7 0  1010.5 0
 2019  11  1 11 20 56 20.933  68.74   270.7 0    67.3 0   171.4 0   215.0 0   336.2 0   284.28 0   284.41 0   383.6 0   283.18 0   283.28 0    18.7 0   120.5 0   209.8 0   -47.4 0   162.4 0     9.0 0    36.1 0     1.4 0    11.6 0  1010.5 0
 2019  11  1 11 20 57 20.950  68.88   297.5 0    75.3 0   231.2 0   222.5 0   335.0 0   284.33 0   284.49 0   387.5 0   283.22 0   283.36 0    19.2 0   131.3 0   230.5 0   -52.5 0   178.0 0     9.0 0    38.8 0     1.2 0    17.1 0  1010.5 0
 2019  11  1 11 20 58 20.967  69.01   308.9 0    78.5 0   256.3 0   227.2 0   333.7 0   284.40 0   284.59 0   388.4 0   283.25 0   283.43 0    19.8 0   135.2 0   240.5 0   -54.7 0   185.8 0     9.1 0    37.1 0     1.7 0    30.7 0  1010.5 0
 2019  11  1 11 20 59 20.983  69.15   311.6 0    79.4 0   265.0 0   228.2 0   328.7 0   284.48 0   284.55 0   385.4 0   283.29 0   283.41 0    20.4 0   137.1 0   243.1 0   -56.7 0   186.4 0     8.9 0    41.7 0     2.5 0    12.2 0  1010.5 0
 2019  11  1 11 21  0 21.000  69.29   313.0 0    80.1 0   281.9 0   225.0 0   324.4 0   284.52 0   284.46 0   383.3 0   283.30 0   283.40 0    20.9 0   138.2 0   244.6 0   -58.9 0   185.7 0     8.6 0    42.8 0     2.3 0    10.9 0  1010.5 0
 2019  11  1 11 21  1 21.017  69.43   276.1 0    69.4 0   195.6 0   216.2 0   320.7 0   284.55 0   284.48 0   382.5 0   283.30 0   283.39 0    20.7 0   121.8 0   215.6 0   -61.8 0   153.7 0     8.4 0    44.1 0     2.2 0   358.7 0  1010.5 0
 2019  11  1 11 21  2 21.033  69.57   225.1 0    54.4 0    74.6 0   203.5 0   317.0 0   284.55 0   284.45 0   379.3 0   283.28 0   283.35 0    20.1 0    98.6 0   175.1 0   -62.3 0   112.8 0     8.4 0    44.6 0     1.6 0     4.5 0  1010.5 0
 2019  11  1 11 21  3 21.050  69.71   195.2 0    46.2 0    21.8 0   190.3 0   313.0 0   284.54 0   284.36 0   374.3 0   283.27 0   283.27 0    19.6 0    85.8 0   151.7 0   -61.3 0    90.3 0     8.4 0    43.8 0     2.8 0    26.0 0  1010.5 0
 2019  11  1 11 21  4 21.067  69.85   179.4 0    42.2 0    14.5 0   176.9 0   309.1 0   284.50 0   284.24 0   371.5 0   283.24 0   283.23 0    19.0 0    79.3 0   139.8 0   -62.4 0    77.3 0     8.2 0    44.7 0     2.1 0    19.8 0  1010.5 0
 2019  11  1 11 21  5 21.083  70.00   162.0 0    37.5 0     5.4 0   163.2 0   305.5 0   284.44 0   284.22 0   370.5 0   283.20 0   283.19 0    18.4 0    71.8 0   127.5 0   -64.9 0    62.6 0     8.3 0    45.6 0     2.2 0    11.3 0  1010.5 0
 2019  11  1 11 21  6 21.100  70.14   149.4 0    34.3 0     4.3 0   150.6 0   301.2 0   284.39 0   284.16 0   368.4 0   283.17 0   283.15 0    17.8 0    66.6 0   117.8 0   -67.2 0    50.5 0     8.3 0    44.7 0     1.9 0   353.9 0  1010.5 0
 2019  11  1 11 21  7 21.117  70.28   139.8 0    31.8 0     2.8 0   140.8 0   298.0 0   284.33 0   284.06 0   366.6 0   283.13 0   283.09 0    17.3 0    62.5 0   109.9 0   -68.5 0    41.4 0     8.3 0    44.4 0     2.1 0    37.1 0  1010.5 0
 2019  11  1 11 21  8 21.133  70.43   132.9 0    30.1 0     2.6 0   133.3 0   296.1 0   284.26 0   283.92 0   364.4 0   283.09 0   283.04 0    16.9 0    59.5 0   104.0 0   -68.3 0    35.7 0     8.2 0    45.0 0     2.5 0    38.3 0  1010.5 0
 2019  11  1 11 21  9 21.150  70.57   128.5 0    29.1 0     3.5 0   127.9 0   295.4 0   284.18 0   283.79 0   362.6 0   283.04 0   282.98 0    16.4 0    57.4 0   100.0 0   -67.2 0    32.8 0     8.1 0    44.8 0     2.2 0    23.8 0  1010.4 0
 2019  11  1 11 21 10 21.167  70.71   125.9 0    28.3 0     5.8 0   124.4 0   296.0 0   284.09 0   283.74 0   362.4 0   282.98 0   282.92 0    16.0 0    56.4 0    98.0 0   -66.4 0    31.6 0     8.0 0    45.1 0     2.1 0    17.2 0  1010.4 0
 2019  11  1 11 21 11 21.183  70.86   127.6 0    28.9 0    15.7 0   122.7 0   297.6 0   284.00 0   283.63 0   361.4 0   282.93 0   282.85 0    15.6 0    57.2 0    99.0 0   -63.8 0    35.2 0     8.0 0    45.1 0     2.8 0    12.1 0  1010.4 0
 2019  11  1 11 21 12 21.200  71.00   123.2 0    27.6 0     2.6 0   122.1 0   300.7 0   283.91 0   283.56 0   361.3 0   282.86 0   282.80 0    15.2 0    54.8 0    95.4 0   -60.6 0    34.8 0     7.9 0    45.6 0     1.7 0    19.8 0  1010.4 0
 2019  11  1 11 21 13 21.217  71.15   121.5 0    26.9 0     1.1 0   120.9 0   305.1 0   283.82 0   283.52 0   362.3 0   282.80 0   282.77 0    14.7 0    53.9 0    94.4 0   -57.2 0    37.2 0     7.9 0    45.7 0     1.8 0    10.2 0  1010.4 0
 2019  11  1 11 21 14 21.233  71.30   120.8 0    26.5 0     0.8 0   120.2 0   310.2 0   283.74 0   283.45 0   362.6 0   282.75 0   282.73 0    14.2 0    53.6 0    93.9 0   -52.4 0    41.5 0     7.9 0    46.1 0     2.0 0    22.8 0  1010.4 0
 2019  11  1 11 21 15 21.250  71.44   122.3 0    26.9 0     0.8 0   121.4 0   315.6 0   283.66 0   283.39 0   363.2 0   282.71 0   282.67 0    13.8 0    54.1 0    94.9 0   -47.5 0    47.3 0     7.9 0    46.7 0     2.1 0    25.8 0  1010.4 0
 2019  11  1 11 21 16 21.267  71.59   122.8 0    27.2 0     0.8 0   122.0 0   320.4 0   283.59 0   283.34 0   364.3 0   282.67 0   282.63 0    13.4 0    54.1 0    95.1 0   -43.9 0    51.1 0     7.9 0    47.0 0     2.0 0    22.3 0  1010.4 0
 2019  11  1 11 21 17 21.283  71.74   121.1 0    26.5 0     0.8 0   120.5 0   323.7 0   283.53 0   283.30 0   363.9 0   282.63 0   282.58 0    12.8 0    53.2 0    94.2 0   -40.2 0    54.1 0     7.9 0    46.8 0     2.3 0    16.3 0  1010.4 0
 2019  11  1 11 21 18 21.300  71.89   118.2 0    26.2 0     0.8 0   117.7 0   326.3 0   283.47 0   283.23 0   363.9 0   282.58 0   282.52 0    12.3 0    51.9 0    91.8 0   -37.6 0    54.2 0     7.9 0    46.4 0     2.7 0    18.9 0  1010.4 0
 2019  11  1 11 21 19 21.317  72.03   115.3 0    25.7 0     0.8 0   114.8 0   328.0 0   283.41 0   283.19 0   363.8 0   282.53 0   282.49 0    11.8 0    50.7 0    89.4 0   -35.8 0    53.6 0     7.8 0    46.5 0     2.6 0    28.8 0  1010.4 0
 2019  11  1 11 21 20 21.333  72.18   112.8 0    25.1 0     0.7 0   112.2 0   328.9 0   283.35 0   283.13 0   363.7 0   282.48 0   282.44 0    11.3 0    49.4 0    87.3 0   -34.8 0    52.5 0     7.8 0    46.2 0     2.6 0    25.2 0  1010.5 0
 2019  11  1 11 21 21 21.350  72.33   110.5 0    24.6 0     0.8 0   109.9 0   329.8 0   283.30 0   283.08 0   364.1 0   282.44 0   282.41 0    11.0 0    48.5 0    85.6 0   -34.3 0    51.3 0     7.8 0    46.5 0     1.8 0    12.1 0  1010.5 0
 2019  11  1 11 21 22 21.367  72.48   108.3 0    24.0 0     0.8 0   107.8 0   330.4 0   283.24 0   283.08 0   364.6 0   282.40 0   282.39 0    10.6 0    47.5 0    84.1 0   -34.2 0    49.9 0     7.8 0    46.7 0     1.1 0    16.1 0  1010.5 0
 2019  11  1 11 21 23 21.383  72.63   106.1 0    23.3 0     0.8 0   105.5 0   330.9 0   283.20 0   283.07 0   365.4 0   282.38 0   282.38 0    10.4 0    46.5 0    82.5 0   -34.5 0    48.0 0     7.9 0    47.0 0     1.3 0    10.2 0  1010.5 0
 2019  11  1 11 21 24 21.400  72.78   104.0 0    22.7 0     0.7 0   103.6 0   330.9 0   283.16 0   283.03 0   364.6 0   282.36 0   282.34 0    10.2 0    45.7 0    81.1 0   -33.6 0    47.5 0     7.9 0    46.3 0     1.7 0    10.1 0  1010.5 0
 2019  11  1 11 21 25 21.417  72.94   102.2 0    22.5 0     0.1 0   101.9 0   330.7 0   283.13 0   282.97 0   363.6 0   282.33 0   282.30 0    10.0 0    44.8 0    79.4 0   -33.0 0    46.4 0     7.9 0    46.7 0     2.3 0    20.9 0  1010.5 0
 2019  11  1 11 21 26 21.433  73.09   100.5 0    22.4 0     0.2 0   100.2 0   330.7 0   283.09 0   282.93 0   362.8 0   282.30 0   282.28 0     9.8 0    44.1 0    77.9 0   -32.2 0    45.7 0     7.9 0    46.9 0     1.9 0    35.8 0  1010.5 0
 2019  11  1 11 21 27 21.450  73.24    98.7 0    21.7 0     0.8 0    98.4 0   330.7 0   283.06 0   282.92 0   363.4 0   282.28 0   282.25 0     9.6 0    43.3 0    76.9 0   -32.7 0    44.2 0     7.9 0    47.0 0     2.2 0    42.3 0  1010.5 0
 2019  11  1 11 21 28 21.467  73.39    97.3 0    21.7 0     0.3 0    96.9 0   330.4 0   283.03 0   282.86 0   362.5 0   282.25 0   282.22 0     9.5 0    42.8 0    75.3 0   -32.1 0    43.2 0     7.8 0    46.6 0     2.7 0    36.5 0  1010.5 0
 2019  11  1 11 21 29 21.483  73.54    96.2 0    21.7 0     0.3 0    95.8 0   330.2 0   282.99 0   282.80 0   362.6 0   282.22 0   282.18 0     9.3 0    42.3 0    74.3 0   -32.5 0    41.8 0     7.8 0    46.8 0     2.0 0    33.9 0  1010.5 0
 2019  11  1 11 21 30 21.500  73.70    95.4 0    21.3 0     0.8 0    95.0 0   330.1 0   282.96 0   282.79 0   362.1 0   282.19 0   282.16 0     9.2 0    41.6 0    74.0 0   -32.0 0    42.0 0     7.8 0    46.4 0     2.8 0    29.5 0  1010.4 0
 2019  11  1 11 21 31 21.517  73.85    94.6 0    21.0 0     0.8 0    94.3 0   329.7 0   282.93 0   282.75 0   361.5 0   282.15 0   282.12 0     9.1 0    41.6 0    73.6 0   -31.8 0    41.7 0     7.7 0    46.0 0     2.8 0    17.9 0  1010.4 0
 2019  11  1 11 21 32 21.533  74.01    94.0 0    20.9 0     0.8 0    93.6 0   329.2 0   282.89 0   282.72 0   361.2 0   282.12 0   282.09 0     9.0 0    41.3 0    72.9 0   -32.0 0    41.0 0     7.7 0    46.4 0     2.6 0    24.8 0  1010.4 0
 2019  11  1 11 21 33 21.550  74.16    93.5 0    20.9 0     1.6 0    93.0 0   328.8 0   282.86 0   282.70 0   362.0 0   282.09 0   282.07 0     8.9 0    41.2 0    72.5 0   -33.2 0    39.3 0     7.7 0    46.9 0     2.1 0    24.9 0  1010.4 0
 2019  11  1 11 21 34 21.567  74.32    92.9 0    20.9 0     1.8 0    92.3 0   328.0 0   282.83 0   282.67 0   361.7 0   282.06 0   282.05 0     8.8 0    40.9 0    71.9 0   -33.7 0    38.2 0     7.7 0    46.4 0     2.2 0    26.5 0  1010.4 0
 2019  11  1 11 21 35 21.583  74.47    92.2 0    20.5 0     2.5 0    91.6 0   327.5 0   282.81 0   282.67 0   362.0 0   282.04 0   282.04 0     8.7 0    40.6 0    71.8 0   -34.6 0    37.2 0     7.8 0    47.5 0     1.4 0    18.1 0  1010.5 0
 2019  11  1 11 21 36 21.600  74.63    91.3 0    20.1 0     1.8 0    90.8 0   326.7 0   282.78 0   282.68 0   362.7 0   282.03 0   282.04 0     8.6 0    40.0 0    71.2 0   -36.0 0    35.2 0     7.8 0    47.8 0     0.8 0    23.7 0  1010.5 0
 2019  11  1 11 21 37 21.617  74.78    90.6 0    20.1 0     1.2 0    90.2 0   326.1 0   282.77 0   282.64 0   362.2 0   282.01 0   282.02 0     8.4 0    39.8 0    70.4 0   -36.1 0    34.3 0     7.9 0    46.8 0     1.7 0    36.3 0  1010.5 0
 2019  11  1 11 21 38 21.633  74.94    90.4 0    20.1 0     0.8 0    90.1 0   325.5 0   282.75 0   282.61 0   361.1 0   282.00 0   281.99 0     8.3 0    39.6 0    70.2 0   -35.6 0    34.6 0     7.8 0    46.5 0     2.0 0    48.1 0  1010.5 0
 2019  11  1 11 21 39 21.650  75.10    91.1 0    20.2 0     0.8 0    90.9 0   325.3 0   282.73 0   282.60 0   361.3 0   281.99 0   281.99 0     8.2 0    40.0 0    70.9 0   -35.9 0    35.0 0     7.8 0    46.3 0     2.1 0    30.5 0  1010.5 0
 2019  11  1 11 21 40 21.667  75.26    92.5 0    20.8 0     0.8 0    92.3 0   325.0 0   282.71 0   282.59 0   361.4 0   281.96 0   281.96 0     8.2 0    40.5 0    71.7 0   -36.5 0    35.2 0     7.8 0    47.0 0     1.8 0    29.8 0  1010.6 0
 2019  11  1 11 21 41 21.683  75.41    93.7 0    20.9 0     0.8 0    93.6 0   324.1 0   282.70 0   282.56 0   361.8 0   281.96 0   281.96 0     8.1 0    41.1 0    72.8 0   -37.7 0    35.2 0     7.8 0    47.0 0     1.2 0    20.3 0  1010.6 0
 2019  11  1 11 21 42 21.700  75.57    94.3 0    20.9 0     0.8 0    93.9 0   322.8 0   282.68 0   282.56 0   361.7 0   281.94 0   281.94 0     8.1 0    41.1 0    73.1 0   -38.9 0    34.2 0     7.8 0    47.2 0     1.6 0    42.8 0  1010.6 0
 2019  11  1 11 21 43 21.717  75.73    93.6 0    20.9 0     0.8 0    93.6 0   321.2 0   282.67 0   282.54 0   360.6 0   281.93 0   281.92 0     8.1 0    40.9 0    72.9 0   -39.4 0    33.5 0     7.8 0    46.0 0     2.5 0    17.5 0  1010.6 0
 2019  11  1 11 21 44 21.733  75.89    92.6 0    20.8 0     0.8 0    92.6 0   319.7 0   282.65 0   282.55 0   360.5 0   281.91 0   281.90 0     8.0 0    40.5 0    72.0 0   -40.9 0    31.1 0     7.8 0    46.4 0     1.9 0    19.0 0  1010.6 0
 2019  11  1 11 21 45 21.750  76.05    90.9 0    20.2 0     0.6 0    91.0 0   318.3 0   282.65 0   282.53 0   360.1 0   281.89 0   281.89 0     7.9 0    39.8 0    71.0 0   -41.8 0    29.2 0     7.8 0    46.6 0     2.1 0    30.7 0  1010.6 0
 2019  11  1 11 21 46 21.767  76.21    89.0 0    19.8 0     0.1 0    89.2 0   317.0 0   282.63 0   282.49 0   359.9 0   281.89 0   281.89 0     7.8 0    39.0 0    69.4 0   -42.9 0    26.5 0     7.8 0    47.1 0     2.0 0    41.1 0  1010.5 0
 2019  11  1 11 21 47 21.783  76.37    86.6 0    19.2 0     0.6 0    86.8 0   316.4 0   282.62 0   282.48 0   359.3 0   281.86 0   281.87 0     7.6 0    38.0 0    67.7 0   -42.9 0    24.9 0     7.8 0    47.0 0     1.8 0    32.5 0  1010.5 0
 2019  11  1 11 21 48 21.800  76.53    84.0 0    18.5 0     0.7 0    84.2 0   315.5 0   282.60 0   282.47 0   359.0 0   281.85 0   281.84 0     7.4 0    37.0 0    65.9 0   -43.5 0    22.4 0     7.8 0    47.2 0     2.2 0    36.3 0  1010.5 0
 2019  11  1 11 21 49 21.817  76.69    81.5 0    17.9 0     0.2 0    81.6 0   315.0 0   282.59 0   282.43 0   358.1 0   281.84 0   281.81 0     7.3 0    35.9 0    63.7 0   -43.0 0    20.7 0     7.7 0    47.4 0     2.3 0    37.5 0  1010.4 0
 2019  11  1 11 21 50 21.833  76.85    78.8 0    17.5 0     0.2 0    78.9 0   315.0 0   282.58 0   282.40 0   357.7 0   281.81 0   281.78 0     7.0 0    34.7 0    61.5 0   -42.6 0    18.9 0     7.7 0    47.4 0     2.4 0    38.3 0  1010.4 0
 2019  11  1 11 21 51 21.850  77.01    76.1 0    16.9 0     0.2 0    76.2 0   315.2 0   282.55 0   282.35 0   356.9 0   281.79 0   281.75 0     6.8 0    33.6 0    59.4 0   -41.6 0    17.8 0     7.6 0    47.4 0     2.4 0    33.5 0  1010.4 0
 2019  11  1 11 21 52 21.867  77.18    73.4 0    16.2 0     0.8 0    73.4 0   316.4 0   282.52 0   282.32 0   356.6 0   281.76 0   281.72 0     6.5 0    32.4 0    57.4 0   -40.2 0    17.1 0     7.6 0    47.6 0     2.8 0    33.6 0  1010.4 0
 2019  11  1 11 21 53 21.883  77.34    70.5 0    15.6 0     0.8 0    70.6 0   318.0 0   282.49 0   282.29 0   356.4 0   281.73 0   281.69 0     6.3 0    31.2 0    55.3 0   -38.4 0    16.8 0     7.6 0    48.1 0     2.3 0    34.8 0  1010.4 0
 2019  11  1 11 21 54 21.900  77.50    67.7 0    14.8 0     0.8 0    67.8 0   320.2 0   282.47 0   282.28 0   356.7 0   281.70 0   281.67 0     6.0 0    30.0 0    53.1 0   -36.5 0    16.6 0     7.5 0    48.0 0     2.1 0    36.2 0  1010.4 0
 2019  11  1 11 21 55 21.917  77.66    65.0 0    14.3 0     0.3 0    65.2 0   322.2 0   282.44 0   282.25 0   356.5 0   281.68 0   281.65 0     5.7 0    28.9 0    51.0 0   -34.3 0    16.6 0     7.5 0    47.8 0     2.3 0    16.7 0  1010.4 0
 2019  11  1 11 21 56 21.933  77.83    62.8 0    13.7 0     0.1 0    62.9 0   324.1 0   282.41 0   282.21 0   356.6 0   281.65 0   281.63 0     5.4 0    27.9 0    49.2 0   -32.6 0    16.6 0     7.5 0    48.3 0     1.4 0    30.9 0  1010.5 0
 2019  11  1 11 21 57 21.950  77.99    61.2 0    13.3 0     0.4 0    61.1 0   325.7 0   282.38 0   282.20 0   356.4 0   281.63 0   281.60 0     5.2 0    27.2 0    47.9 0   -30.8 0    17.1 0     7.5 0    47.9 0     2.6 0    32.2 0  1010.4 0
 2019  11  1 11 21 58 21.967  78.16    60.2 0    13.1 0     0.3 0    60.0 0   327.0 0   282.35 0   282.16 0   356.4 0   281.60 0   281.57 0     4.9 0    26.8 0    47.0 0   -29.4 0    17.6 0     7.5 0    48.3 0     1.8 0    20.9 0  1010.4 0
 2019  11  1 11 21 59 21.983  78.32    59.5 0    12.9 0     0.7 0    59.5 0   328.0 0   282.32 0   282.17 0   357.0 0   281.58 0   281.55 0     4.8 0    26.4 0    46.7 0   -29.0 0    17.7 0     7.5 0    48.4 0     1.6 0     7.1 0  1010.5 0
 2019  11  1 11 22  0 22.000  78.48    58.9 0    12.9 0     0.3 0    58.9 0   328.8 0   282.30 0   282.16 0   356.7 0   281.55 0   281.53 0     4.6 0    26.3 0    46.1 0   -27.9 0    18.1 0     7.5 0    48.1 0     1.9 0    18.5 0  1010.6 0
 2019  11  1 11 22  1 22.017  78.65    58.1 0    12.7 0     0.0 0    58.1 0   329.4 0   282.28 0   282.13 0   356.6 0   281.53 0   281.50 0     4.5 0    25.9 0    45.3 0   -27.2 0    18.2 0     7.5 0    48.1 0     1.9 0    23.6 0  1010.6 0
 2019  11  1 11 22  2 22.033  78.81    56.8 0    12.2 0     0.0 0    56.7 0   329.8 0   282.26 0   282.11 0   356.6 0   281.51 0   281.49 0     4.3 0    25.3 0    44.5 0   -26.8 0    17.7 0     7.4 0    48.4 0     2.0 0     9.6 0  1010.6 0
 2019  11  1 11 22  3 22.050  78.98    55.1 0    11.9 0     0.0 0    55.0 0   330.1 0   282.24 0   282.11 0   356.8 0   281.49 0   281.47 0     4.1 0    24.5 0    43.0 0   -26.7 0    16.3 0     7.5 0    48.3 0     1.5 0    28.3 0  1010.7 0
 2019  11  1 11 22  4 22.067  79.15    52.8 0    11.3 0     0.0 0    52.9 0   330.6 0   282.22 0   282.08 0   356.8 0   281.47 0   281.47 0     4.0 0    23.5 0    41.6 0   -26.2 0    15.4 0     7.5 0    48.5 0     1.4 0    15.6 0  1010.7 0
 2019  11  1 11 22  5 22.083  79.31    49.6 0    10.6 0     0.0 0    49.8 0   331.2 0   282.21 0   282.08 0   356.8 0   281.46 0   281.45 0     3.7 0    22.1 0    39.2 0   -25.6 0    13.6 0     7.5 0    48.2 0     1.2 0     1.5 0  1010.7 0
 2019  11  1 11 22  6 22.100  79.48    45.5 0     9.7 0     0.0 0    45.9 0   331.9 0   282.18 0   282.06 0   356.2 0   281.44 0   281.43 0     3.4 0    20.4 0    36.2 0   -24.3 0    11.9 0     7.5 0    48.6 0     1.5 0    19.3 0  1010.7 0
 2019  11  1 11 22  7 22.117  79.65    41.4 0     8.9 0     0.0 0    41.9 0   333.0 0   282.18 0   282.05 0   356.2 0   281.43 0   281.42 0     3.1 0    18.6 0    33.1 0   -23.2 0     9.9 0     7.5 0    48.7 0     1.2 0    27.1 0  1010.7 0
 2019  11  1 11 22  8 22.133  79.81    38.2 0     8.1 0     0.0 0    38.6 0   333.7 0   282.16 0   282.02 0   356.1 0   281.42 0   281.40 0     2.8 0    17.2 0    30.5 0   -22.4 0     8.1 0     7.5 0    48.9 0     1.0 0    13.3 0  1010.7 0
 2019  11  1 11 22  9 22.150  79.98    35.4 0     7.8 0     0.0 0    35.8 0   334.4 0   282.14 0   282.01 0   355.4 0   281.40 0   281.39 0     2.6 0    16.0 0    28.0 0   -21.0 0     7.0 0     7.5 0    48.5 0     1.6 0    20.8 0  1010.7 0
 2019  11  1 11 22 10 22.167  80.15    32.3 0     7.3 0     0.0 0    32.8 0   335.0 0   282.13 0   281.99 0   355.5 0   281.39 0   281.37 0     2.4 0    14.6 0    25.5 0   -20.5 0     5.0 0     7.5 0    49.0 0     1.3 0    32.1 0  1010.7 0
 2019  11  1 11 22 11 22.183  80.32    28.9 0     6.5 0     0.0 0    29.4 0   335.4 0   282.11 0   281.98 0   355.4 0   281.37 0   281.36 0     2.2 0    13.2 0    22.9 0   -19.9 0     2.9 0     7.5 0    49.3 0     1.1 0    23.4 0  1010.7 0
 2019  11  1 11 22 12 22.200  80.49    25.7 0     5.9 0     0.0 0    26.3 0   336.0 0   282.09 0   281.96 0   355.0 0   281.36 0   281.34 0     1.9 0    11.8 0    20.3 0   -19.0 0     1.3 0     7.5 0    48.7 0     1.8 0     4.4 0  1010.8 0
 2019  11  1 11 22 13 22.217  80.65    23.2 0     5.3 0     0.0 0    23.9 0   336.6 0   282.08 0   281.94 0   354.7 0   281.35 0   281.32 0     1.7 0    10.7 0    18.6 0   -18.1 0     0.5 0     7.5 0    49.3 0     1.3 0    12.1 0  1010.8 0
 2019  11  1 11 22 14 22.233  80.82    21.7 0     5.2 0     0.0 0    22.2 0   336.9 0   282.06 0   281.92 0   354.6 0   281.32 0   281.30 0     1.6 0    10.1 0    17.0 0   -17.7 0    -0.7 0     7.5 0    49.0 0     1.1 0    15.0 0  1010.9 0
 2019  11  1 11 22 15 22.250  80.99    21.0 0     4.8 0     0.0 0    21.5 0   337.2 0   282.05 0   281.91 0   354.8 0   281.32 0   281.30 0     1.5 0     9.8 0    16.6 0   -17.6 0    -1.0 0     7.5 0    49.9 0     0.4 0   335.0 0  1010.9 0
 2019  11  1 11 22 16 22.267  81.16    20.7 0     4.5 0     0.0 0    21.0 0   337.2 0   282.03 0   281.91 0   354.5 0   281.30 0   281.28 0     1.5 0     9.7 0    16.5 0   -17.4 0    -0.9 0     7.5 0    49.7 0     1.6 0     0.4 0  1010.9 0
 2019  11  1 11 22 17 22.283  81.33    20.9 0     4.9 0     0.0 0    21.3 0   337.3 0   282.03 0   281.89 0   354.0 0   281.30 0   281.27 0     1.5 0     9.8 0    16.4 0   -16.7 0    -0.4 0     7.5 0    48.8 0     2.0 0     8.4 0  1010.9 0
 2019  11  1 11 22 18 22.300  81.50    21.1 0     5.2 0     0.0 0    21.7 0   337.3 0   282.01 0   281.86 0   353.8 0   281.27 0   281.25 0     1.5 0     9.9 0    16.4 0   -16.5 0    -0.1 0     7.5 0    48.7 0     1.8 0    15.2 0  1010.9 0
 2019  11  1 11 22 19 22.317  81.67    21.4 0     5.2 0     0.0 0    21.8 0   337.2 0   282.00 0   281.86 0   353.8 0   281.26 0   281.23 0     1.5 0    10.1 0    16.5 0   -16.6 0    -0.1 0     7.4 0    49.5 0     1.4 0    27.1 0  1010.9 0
 2019  11  1 11 22 20 22.333  81.84    21.7 0     5.2 0     0.0 0    22.1 0   337.1 0   281.99 0   281.83 0   354.0 0   281.25 0   281.22 0     1.5 0    10.1 0    16.9 0   -16.9 0     0.0 0     7.4 0    50.2 0     1.5 0    16.8 0  1010.8 0
 2019  11  1 11 22 21 22.350  82.01    21.9 0     5.2 0     0.0 0    22.2 0   337.2 0   281.97 0   281.84 0   354.1 0   281.23 0   281.20 0     1.5 0    10.1 0    16.9 0   -16.9 0     0.0 0     7.4 0    49.7 0     1.4 0    20.3 0  1010.9 0
 2019  11  1 11 22 22 22.367  82.18    21.4 0     5.2 0     0.0 0    21.8 0   337.3 0   281.96 0   281.82 0   354.0 0   281.22 0   281.20 0     1.5 0    10.0 0    16.6 0   -16.7 0    -0.1 0     7.4 0    49.9 0     1.4 0    17.4 0  1010.9 0
 2019  11  1 11 22 23 22.383  82.35    20.8 0     4.7 0     0.0 0    21.2 0   337.7 0   281.96 0   281.82 0   354.0 0   281.20 0   281.18 0     1.4 0     9.6 0    16.5 0   -16.3 0     0.1 0     7.4 0    50.1 0     1.1 0   357.4 0  1010.9 0
 2019  11  1 11 22 24 22.400  82.53    20.4 0     4.5 0     0.0 0    20.9 0   337.8 0   281.94 0   281.80 0   353.6 0   281.19 0   281.17 0     1.4 0     9.5 0    16.4 0   -15.8 0     0.6 0     7.4 0    49.3 0     2.3 0   354.6 0  1011.0 0
 2019  11  1 11 22 25 22.417  82.70    20.3 0     4.4 0     0.0 0    20.6 0   338.2 0   281.93 0   281.79 0   353.4 0   281.17 0   281.15 0     1.4 0     9.3 0    16.2 0   -15.3 0     0.9 0     7.4 0    49.3 0     1.9 0   358.4 0  1011.0 0
 2019  11  1 11 22 26 22.433  82.87    20.0 0     4.4 0     0.0 0    20.3 0   338.3 0   281.91 0   281.79 0   353.5 0   281.16 0   281.14 0     1.3 0     9.2 0    15.9 0   -15.2 0     0.6 0     7.4 0    49.4 0     1.8 0     1.0 0  1011.0 0
 2019  11  1 11 22 27 22.450  83.04    19.7 0     4.4 0     0.0 0    20.2 0   338.7 0   281.91 0   281.78 0   353.6 0   281.15 0   281.12 0     1.3 0     9.1 0    15.8 0   -14.9 0     0.9 0     7.4 0    49.6 0     1.6 0     3.3 0  1011.0 0
 2019  11  1 11 22 28 22.467  83.21    19.3 0     4.4 0     0.0 0    19.7 0   338.9 0   281.89 0   281.76 0   353.4 0   281.12 0   281.10 0     1.3 0     8.9 0    15.3 0   -14.5 0     0.8 0     7.3 0    49.8 0     1.8 0     8.7 0  1011.0 0
 2019  11  1 11 22 29 22.483  83.38    18.7 0     4.4 0     0.0 0    19.1 0   339.4 0   281.89 0   281.76 0   353.2 0   281.11 0   281.10 0     1.2 0     8.6 0    14.7 0   -13.8 0     0.9 0     7.3 0    49.8 0     2.2 0     4.0 0  1011.1 0
 2019  11  1 11 22 30 22.500  83.56    17.9 0     4.4 0     0.0 0    18.3 0   339.9 0   281.87 0   281.74 0   353.3 0   281.10 0   281.08 0     1.2 0     8.2 0    13.9 0   -13.4 0     0.5 0     7.3 0    50.1 0     1.4 0   347.7 0  1011.1 0
 2019  11  1 11 22 31 22.517  83.73    17.1 0     4.1 0     0.0 0    17.5 0   340.0 0   281.86 0   281.74 0   353.4 0   281.08 0   281.06 0     1.1 0     7.9 0    13.4 0   -13.4 0     0.0 0     7.3 0    49.8 0     1.5 0   343.4 0  1011.2 0
 2019  11  1 11 22 32 22.533  83.90    16.4 0     3.7 0     0.0 0    16.7 0   340.1 0   281.85 0   281.72 0   353.3 0   281.08 0   281.05 0     1.1 0     7.6 0    13.1 0   -13.1 0     0.0 0     7.3 0    49.5 0     1.7 0     6.5 0  1011.2 0
 2019  11  1 11 22 33 22.550  84.08    16.1 0     3.6 0     0.0 0    16.5 0   339.9 0   281.84 0   281.71 0   353.0 0   281.05 0   281.04 0     1.0 0     7.4 0    12.9 0   -13.0 0    -0.1 0     7.3 0    49.9 0     1.1 0   356.2 0  1011.2 0
 2019  11  1 11 22 34 22.567  84.25    16.0 0     3.6 0     0.0 0    16.4 0   339.7 0   281.84 0   281.70 0   352.9 0   281.05 0   281.03 0     1.0 0     7.3 0    12.8 0   -13.2 0    -0.4 0     7.3 0    49.8 0     1.8 0    11.1 0  1011.2 0
 2019  11  1 11 22 35 22.583  84.42    15.5 0     3.6 0     0.0 0    15.9 0   339.3 0   281.81 0   281.69 0   352.7 0   281.03 0   281.00 0     1.0 0     7.2 0    12.3 0   -13.5 0    -1.1 0     7.3 0    49.8 0     1.9 0    17.5 0  1011.1 0
 2019  11  1 11 22 36 22.600  84.59    14.6 0     3.6 0     0.0 0    15.2 0   339.5 0   281.81 0   281.68 0   352.6 0   281.02 0   281.00 0     1.0 0     6.7 0    11.6 0   -13.1 0    -1.5 0     7.3 0    49.7 0     1.8 0    17.3 0  1011.1 0
 2019  11  1 11 22 37 22.617  84.77    13.3 0     3.2 0     0.0 0    13.9 0   339.7 0   281.79 0   281.67 0   352.5 0   281.00 0   280.99 0     0.9 0     6.2 0    10.7 0   -12.7 0    -2.0 0     7.3 0    49.6 0     1.4 0     8.9 0  1011.2 0
 2019  11  1 11 22 38 22.633  84.94    12.0 0     2.8 0     0.0 0    12.5 0   340.1 0   281.79 0   281.66 0   352.7 0   281.00 0   280.98 0     0.8 0     5.6 0     9.7 0   -12.6 0    -2.9 0     7.3 0    50.2 0     1.2 0     3.6 0  1011.2 0
 2019  11  1 11 22 39 22.650  85.11    11.0 0     2.8 0     0.0 0    11.5 0   340.5 0   281.79 0   281.66 0   352.6 0   280.98 0   280.97 0     0.8 0     5.2 0     8.7 0   -12.1 0    -3.4 0     7.3 0    50.0 0     0.9 0     7.9 0  1011.2 0
 2019  11  1 11 22 40 22.667  85.29    10.3 0     2.5 0     0.0 0    10.8 0   340.5 0   281.77 0   281.64 0   352.6 0   280.97 0   280.96 0     0.7 0     4.8 0     8.3 0   -12.0 0    -3.8 0     7.3 0    49.5 0     1.4 0   356.7 0  1011.2 0
 2019  11  1 11 22 41 22.683  85.46     9.9 0     2.4 0     0.0 0    10.4 0   340.2 0   281.76 0   281.64 0   352.3 0   280.97 0   280.95 0     0.7 0     4.8 0     8.0 0   -12.1 0    -4.2 0     7.3 0    49.8 0     0.9 0   357.5 0  1011.2 0
 2019  11  1 11 22 42 22.700  85.63     9.4 0     2.0 0     0.0 0     9.8 0   340.0 0   281.76 0   281.63 0   352.1 0   280.95 0   280.94 0     0.7 0     4.6 0     7.8 0   -12.1 0    -4.3 0     7.3 0    50.0 0     1.0 0    22.8 0  1011.2 0
 2019  11  1 11 22 43 22.717  85.81     8.9 0     2.0 0     0.0 0     9.3 0   339.6 0   281.73 0   281.61 0   352.3 0   280.95 0   280.92 0     0.6 0     4.6 0     7.3 0   -12.7 0    -5.4 0     7.3 0    50.3 0     1.1 0   355.9 0  1011.2 0
 2019  11  1 11 22 44 22.733  85.98     8.5 0     2.0 0     0.0 0     9.0 0   339.3 0   281.73 0   281.60 0   351.8 0   280.93 0   280.91 0     0.6 0     4.3 0     7.0 0   -12.5 0    -5.5 0     7.3 0    49.7 0     2.2 0    14.6 0  1011.2 0
 2019  11  1 11 22 45 22.750  86.15     8.0 0     2.0 0     0.0 0     8.5 0   338.9 0   281.73 0   281.58 0   351.6 0   280.92 0   280.90 0     0.6 0     4.1 0     6.5 0   -12.7 0    -6.3 0     7.2 0    49.5 0     1.6 0    21.9 0  1011.2 0
 2019  11  1 11 22 46 22.767  86.32     7.6 0     2.0 0     0.0 0     8.1 0   338.5 0   281.71 0   281.56 0   351.4 0   280.91 0   280.89 0     0.6 0     4.0 0     6.1 0   -13.0 0    -6.9 0     7.2 0    49.8 0     1.8 0     1.1 0  1011.2 0
 2019  11  1 11 22 47 22.783  86.49     7.1 0     2.0 0     0.0 0     7.5 0   338.1 0   281.70 0   281.56 0   351.3 0   280.90 0   280.87 0     0.5 0     3.6 0     5.5 0   -13.2 0    -7.7 0     7.2 0    49.4 0     1.8 0    18.9 0  1011.2 0
 2019  11  1 11 22 48 22.800  86.67     6.7 0     1.8 0     0.0 0     6.9 0   337.7 0   281.68 0   281.54 0   351.2 0   280.89 0   280.86 0     0.5 0     3.4 0     5.1 0   -13.4 0    -8.4 0     7.2 0    49.5 0     1.6 0    23.8 0  1011.2 0
 2019  11  1 11 22 49 22.817  86.84     6.3 0     1.6 0     0.0 0     6.3 0   338.0 0   281.68 0   281.51 0   350.9 0   280.87 0   280.85 0     0.5 0     3.1 0     4.8 0   -13.0 0    -8.2 0     7.2 0    49.7 0     1.9 0    24.6 0  1011.2 0
 2019  11  1 11 22 50 22.833  87.01     5.6 0     1.2 0     0.0 0     5.9 0   337.7 0   281.66 0   281.50 0   350.8 0   280.86 0   280.84 0     0.4 0     2.8 0     4.6 0   -13.1 0    -8.4 0     7.2 0    49.9 0     1.8 0    25.5 0  1011.2 0
 2019  11  1 11 22 51 22.850  87.18     5.0 0     1.2 0     0.0 0     5.5 0   337.6 0   281.65 0   281.49 0   350.6 0   280.85 0   280.82 0     0.4 0     2.6 0     4.3 0   -12.9 0    -8.6 0     7.2 0    49.4 0     1.9 0    27.6 0  1011.2 0
 2019  11  1 11 22 52 22.867  87.35     4.4 0     1.2 0     0.0 0     4.9 0   337.1 0   281.63 0   281.49 0   350.5 0   280.84 0   280.81 0     0.4 0     2.3 0     3.7 0   -13.4 0    -9.7 0     7.2 0    49.8 0     1.6 0    24.5 0  1011.2 0
 2019  11  1 11 22 53 22.883  87.52     4.0 0     1.2 0     0.0 0     4.5 0   336.8 0   281.63 0   281.46 0   350.2 0   280.82 0   280.80 0     0.4 0     2.2 0     3.3 0   -13.4 0   -10.2 0     7.2 0    50.0 0     1.7 0    34.0 0  1011.1 0
 2019  11  1 11 22 54 22.900  87.69     3.6 0     1.2 0     0.0 0     4.1 0   336.4 0   281.61 0   281.44 0   350.0 0   280.81 0   280.79 0     0.4 0     2.0 0     2.9 0   -13.6 0   -10.7 0     7.1 0    50.0 0     1.6 0    42.1 0  1011.1 0
 2019  11  1 11 22 55 22.917  87.86     3.2 0     1.1 0     0.0 0     3.6 0   336.1 0   281.59 0   281.41 0   349.9 0   280.80 0   280.77 0     0.3 0     1.8 0     2.5 0   -13.8 0   -11.3 0     7.1 0    49.8 0     2.1 0    36.7 0  1011.1 0
 2019  11  1 11 22 56 22.933  88.02     3.0 0     0.9 0     0.0 0     3.4 0   336.1 0   281.58 0   281.39 0   349.8 0   280.79 0   280.75 0     0.2 0     1.7 0     2.5 0   -13.8 0   -11.3 0     7.1 0    49.7 0     2.3 0    40.6 0  1011.0 0
 2019  11  1 11 22 57 22.950  88.19     2.7 0     0.8 0     0.0 0     3.4 0   335.6 0   281.56 0   281.38 0   349.7 0   280.77 0   280.74 0     0.2 0     1.7 0     2.6 0   -14.1 0   -11.6 0     7.1 0    50.1 0     2.2 0    35.2 0  1011.0 0
 2019  11  1 11 22 58 22.967  88.35     2.7 0     0.8 0     0.0 0     3.2 0   335.3 0   281.54 0   281.36 0   349.4 0   280.75 0   280.72 0     0.2 0     1.7 0     2.4 0   -14.0 0   -11.6 0     7.1 0    50.0 0     2.5 0    32.3 0  1011.0 0
 2019  11  1 11 22 59 22.983  88.51     2.7 0     0.8 0     0.0 0     3.0 0   335.0 0   281.53 0   281.34 0   349.4 0   280.74 0   280.71 0     0.2 0     1.6 0     2.2 0   -14.3 0   -12.1 0     7.0 0    50.3 0     2.3 0    33.1 0  1011.0 0
 2019  11  1 11 23  0 23.000  88.67     2.6 0     0.8 0     0.0 0     2.9 0   334.7 0   281.51 0   281.32 0   349.2 0   280.72 0   280.69 0     0.2 0     1.5 0     2.1 0   -14.5 0   -12.3 0     7.0 0    50.0 0     2.5 0    33.0 0  1011.0 0
 2019  11  1 11 23  1 23.017  88.83     2.3 0     0.8 0     0.0 0     2.6 0   334.4 0   281.49 0   281.31 0   349.1 0   280.70 0   280.68 0     0.2 0     1.4 0     1.8 0   -14.7 0   -12.9 0     7.0 0    50.0 0     2.3 0    29.8 0  1011.0 0
 2019  11  1 11 23  2 23.033  88.99     2.1 0     0.6 0     0.0 0     2.6 0   334.4 0   281.48 0   281.31 0   349.2 0   280.70 0   280.66 0     0.2 0     1.2 0     2.0 0   -14.8 0   -12.8 0     7.0 0    50.0 0     2.0 0    38.1 0  1011.1 0
 2019  11  1 11 23  3 23.050  89.14     1.9 0     0.4 0     0.0 0     2.3 0   334.4 0   281.46 0   281.29 0   349.0 0   280.68 0   280.65 0     0.2 0     1.2 0     1.9 0   -14.6 0   -12.6 0     7.0 0    50.0 0     2.1 0    16.7 0  1011.1 0
 2019  11  1 11 23  4 23.067  89.29     1.6 0     0.4 0     0.0 0     1.9 0   334.4 0   281.44 0   281.28 0   348.9 0   280.67 0   280.64 0     0.2 0     1.2 0     1.5 0   -14.5 0   -13.0 0     7.0 0    50.3 0     1.3 0    15.7 0  1011.1 0
 2019  11  1 11 23  5 23.083  89.44     1.6 0     0.4 0     0.0 0     1.9 0   334.6 0   281.43 0   281.26 0   348.7 0   280.65 0   280.62 0     0.2 0     1.2 0     1.5 0   -14.1 0   -12.7 0     7.0 0    51.0 0     1.1 0    24.5 0  1011.1 0
 2019  11  1 11 23  6 23.100  89.58     1.8 0     0.5 0     0.0 0     2.2 0   334.3 0   281.41 0   281.24 0   348.9 0   280.64 0   280.61 0     0.2 0     1.2 0     1.6 0   -14.6 0   -13.0 0     7.0 0    50.3 0     1.8 0    29.8 0  1011.1 0
 2019  11  1 11 23  7 23.117  89.72     2.8 0     1.1 0     0.0 0     3.1 0   334.2 0   281.39 0   281.24 0   348.7 0   280.62 0   280.60 0     0.2 0     1.2 0     2.1 0   -14.6 0   -12.5 0     7.0 0    49.7 0     2.5 0    28.7 0  1011.1 0
 2019  11  1 11 23  8 23.133  89.85     4.6 0     1.6 0     0.0 0     4.8 0   334.3 0   281.39 0   281.22 0   348.7 0   280.62 0   280.60 0     0.2 0     1.6 0     3.2 0   -14.4 0   -11.2 0     7.0 0    50.1 0     2.0 0    39.0 0  1011.1 0
 2019  11  1 11 23  9 23.150  89.98     6.3 0     2.1 0     0.0 0     6.2 0   334.2 0   281.37 0   281.21 0   348.8 0   280.60 0   280.58 0     0.1 0     1.8 0     4.1 0   -14.7 0   -10.5 0     7.0 0    50.2 0     2.5 0    31.6 0  1011.0 0
 2019  11  1 11 23 10 23.167  90.93     6.7 0     2.4 0     0.0 0     6.8 0   333.8 0   281.36 0   281.19 0   348.9 0   280.59 0   280.56 0     0.0 0     1.8 0     4.3 0   -15.1 0   -10.8 0     6.9 0    50.5 0     2.0 0    27.2 0  1011.0 0
 2019  11  1 11 23 11 23.183  91.11     6.3 0     2.2 0     0.0 0     6.4 0   333.1 0   281.34 0   281.18 0   348.8 0   280.58 0   280.55 0     0.0 0     1.7 0     4.2 0   -15.6 0   -11.4 0     6.9 0    50.6 0     2.0 0    39.1 0  1011.0 0
 2019  11  1 11 23 12 23.200  91.30     4.9 0     1.9 0     0.0 0     5.4 0   332.6 0   281.34 0   281.19 0   348.5 0   280.57 0   280.55 0     0.0 0     1.3 0     3.5 0   -15.9 0   -12.4 0     6.9 0    50.7 0     1.7 0    42.6 0  1011.0 0
 2019  11  1 11 23 13 23.217  91.48     3.4 0     1.3 0     0.0 0     4.0 0   332.5 0   281.33 0   281.17 0   348.4 0   280.55 0   280.53 0     0.0 0     1.1 0     2.7 0   -15.9 0   -13.2 0     6.9 0    50.4 0     1.8 0    50.6 0  1011.1 0
 2019  11  1 11 23 14 23.233  91.67     2.3 0     1.1 0     0.0 0     2.8 0   331.8 0   281.31 0   281.17 0   348.3 0   280.55 0   280.52 0     0.0 0     0.7 0     1.7 0   -16.5 0   -14.8 0     6.9 0    50.6 0     1.7 0    32.3 0  1011.2 0
 2019  11  1 11 23 15 23.250  91.86     1.3 0     0.6 0     0.0 0     1.9 0   330.5 0   281.31 0   281.16 0   348.0 0   280.53 0   280.50 0     0.0 0     0.7 0     1.3 0   -17.5 0   -16.2 0     6.9 0    50.6 0     1.6 0    27.0 0  1011.2 0
 2019  11  1 11 23 16 23.267  92.04     0.5 0     0.4 0     0.0 0     1.1 0   329.2 0   281.31 0   281.14 0   347.6 0   280.52 0   280.50 0     0.0 0     0.5 0     0.7 0   -18.4 0   -17.7 0     6.9 0    50.4 0     1.9 0    30.2 0  1011.1 0
 2019  11  1 11 23 17 23.283  92.23    -0.1 0     0.4 0     0.0 0     0.4 0   328.4 0   281.31 0   281.13 0   347.3 0   280.50 0   280.48 0     0.0 0     0.3 0     0.0 0   -18.9 0   -18.9 0     6.9 0    50.1 0     2.4 0    39.0 0  1011.1 0
 2019  11  1 11 23 18 23.300  92.42    -0.4 0     0.4 0     0.0 0     0.4 0   327.2 0   281.29 0   281.13 0   347.2 0   280.50 0   280.47 0     0.0 0     0.2 0     0.0 0   -20.0 0   -20.0 0     6.9 0    50.6 0     2.1 0    30.7 0  1011.2 0
 2019  11  1 11 23 19 23.317  92.61    -0.4 0     0.4 0     0.0 0     0.3 0   326.5 0   281.28 0   281.11 0   347.1 0   280.49 0   280.45 0     0.0 0     0.2 0     0.0 0   -20.6 0   -20.6 0     6.9 0    50.3 0     2.1 0    28.8 0  1011.2 0
 2019  11  1 11 23 20 23.333  92.79    -0.7 0     0.3 0     0.0 0     0.0 0   326.6 0   281.28 0   281.12 0   346.9 0   280.47 0   280.45 0     0.0 0     0.2 0     0.0 0   -20.3 0   -20.3 0     6.9 0    50.3 0     2.4 0    24.3 0  1011.2 0
 2019  11  1 11 23 21 23.350  92.98    -0.8 0     0.2 0     0.0 0    -0.3 0   327.6 0   281.28 0   281.11 0   346.8 0   280.46 0   280.44 0     0.0 0     0.2 0     0.0 0   -19.2 0   -19.2 0     6.9 0    50.6 0     2.0 0    41.2 0  1011.2 0
 2019  11  1 11 23 22 23.367  93.17    -0.8 0     0.0 0     0.0 0    -0.4 0   328.8 0   281.27 0   281.09 0   346.9 0   280.45 0   280.42 0     0.0 0     0.2 0     0.0 0   -18.1 0   -18.1 0     6.9 0    50.4 0     2.4 0    33.5 0  1011.2 0
 2019  11  1 11 23 23 23.383  93.36    -0.8 0     0.0 0     0.0 0    -0.4 0   329.6 0   281.26 0   281.09 0   347.3 0   280.45 0   280.42 0     0.0 0     0.2 0     0.0 0   -17.7 0   -17.7 0     6.9 0    50.4 0     2.7 0    33.8 0  1011.2 0
 2019  11  1 11 23 24 23.400  93.55    -0.8 0     0.0 0     0.0 0    -0.4 0   330.1 0   281.26 0   281.09 0   347.1 0   280.42 0   280.40 0     0.0 0     0.2 0     0.0 0   -17.0 0   -17.0 0     6.9 0    50.5 0     2.4 0    35.8 0  1011.2 0
 2019  11  1 11 23 25 23.417  93.74    -0.8 0     0.0 0     0.0 0    -0.4 0   330.2 0   281.25 0   281.08 0   347.4 0   280.42 0   280.40 0     0.0 0     0.2 0     0.0 0   -17.2 0   -17.2 0     6.9 0    50.4 0     3.2 0    37.0 0  1011.2 0
 2019  11  1 11 23 26 23.433  93.93    -1.1 0     0.0 0     0.0 0    -0.4 0   330.0 0   281.24 0   281.09 0   347.2 0   280.41 0   280.40 0     0.0 0     0.2 0     0.0 0   -17.2 0   -17.2 0     6.9 0    50.5 0     2.5 0    32.3 0  1011.3 0
 2019  11  1 11 23 27 23.450  94.11    -1.2 0     0.0 0     0.0 0    -0.4 0   328.8 0   281.23 0   281.08 0   346.9 0   280.40 0   280.39 0     0.0 0     0.2 0     0.0 0   -18.1 0   -18.1 0     6.9 0    50.7 0     2.1 0    37.9 0  1011.3 0
 2019  11  1 11 23 28 23.467  94.30    -1.2 0     0.0 0     0.0 0    -0.4 0   326.9 0   281.23 0   281.08 0   346.9 0   280.40 0   280.38 0     0.0 0     0.1 0     0.0 0   -20.1 0   -20.1 0     6.9 0    50.5 0     1.8 0    34.5 0  1011.3 0
 2019  11  1 11 23 29 23.483  94.49    -1.2 0     0.0 0     0.0 0    -0.4 0   325.1 0   281.23 0   281.06 0   346.7 0   280.40 0   280.37 0     0.0 0     0.1 0     0.0 0   -21.6 0   -21.6 0     6.9 0    50.7 0     2.3 0    30.3 0  1011.3 0
 2019  11  1 11 23 30 23.500  94.68    -1.2 0     0.0 0     0.0 0    -0.4 0   324.7 0   281.23 0   281.05 0   346.2 0   280.38 0   280.37 0     0.0 0     0.0 0     0.0 0   -21.6 0   -21.6 0     6.9 0    50.7 0     2.0 0    23.4 0  1011.4 0
 2019  11  1 11 23 31 23.517  94.87    -1.2 0     0.0 0     0.0 0    -0.4 0   325.4 0   281.23 0   281.06 0   346.1 0   280.37 0   280.35 0     0.0 0     0.0 0     0.0 0   -20.7 0   -20.7 0     6.9 0    50.9 0     2.0 0    19.1 0  1011.4 0
 2019  11  1 11 23 32 23.533  95.06    -1.2 0     0.0 0     0.0 0    -0.4 0   326.8 0   281.21 0   281.06 0   346.2 0   280.37 0   280.35 0     0.0 0     0.0 0     0.0 0   -19.4 0   -19.4 0     6.9 0    51.0 0     1.9 0     6.0 0  1011.4 0
 2019  11  1 11 23 33 23.550  95.25    -1.2 0     0.0 0     0.0 0    -0.4 0   328.5 0   281.21 0   281.05 0   346.1 0   280.35 0   280.35 0     0.0 0     0.0 0     0.0 0   -17.5 0   -17.5 0     6.9 0    51.0 0     1.7 0    21.6 0  1011.4 0
 2019  11  1 11 23 34 23.567  95.45    -1.2 0     0.0 0     0.0 0    -0.4 0   329.7 0   281.21 0   281.04 0   346.6 0   280.35 0   280.33 0     0.0 0     0.0 0     0.0 0   -16.9 0   -16.9 0     6.9 0    51.0 0     2.2 0    20.8 0  1011.4 0
 2019  11  1 11 23 35 23.583  95.64    -1.2 0     0.0 0     0.0 0    -0.4 0   330.4 0   281.19 0   281.05 0   346.9 0   280.35 0   280.33 0     0.0 0     0.0 0     0.0 0   -16.6 0   -16.6 0     6.9 0    51.2 0     1.8 0     8.5 0  1011.4 0
 2019  11  1 11 23 36 23.600  95.83    -1.2 0     0.0 0     0.0 0    -0.4 0   331.7 0   281.19 0   281.04 0   346.8 0   280.34 0   280.33 0     0.0 0     0.0 0     0.0 0   -15.1 0   -15.1 0     6.9 0    51.7 0     1.6 0    10.7 0  1011.5 0
 2019  11  1 11 23 37 23.617  96.02    -1.2 0     0.0 0     0.0 0    -0.4 0   333.3 0   281.18 0   281.04 0   346.8 0   280.33 0   280.32 0     0.0 0     0.0 0     0.0 0   -13.5 0   -13.5 0     6.9 0    51.7 0     1.6 0    20.3 0  1011.5 0
 2019  11  1 11 23 38 23.633  96.21    -1.2 0     0.0 0     0.0 0    -0.4 0   334.3 0   281.18 0   281.04 0   347.3 0   280.33 0   280.31 0     0.0 0     0.0 0     0.0 0   -13.1 0   -13.1 0     6.9 0    51.5 0     2.2 0    31.4 0  1011.5 0
 2019  11  1 11 23 39 23.650  96.40    -1.2 0     0.0 0     0.0 0    -0.4 0   334.1 0   281.18 0   281.04 0   347.5 0   280.33 0   280.30 0     0.0 0     0.0 0     0.0 0   -13.3 0   -13.3 0     6.9 0    52.1 0     1.7 0    27.6 0  1011.4 0
 2019  11  1 11 23 40 23.667  96.59    -1.2 0     0.0 0     0.0 0    -0.4 0   333.5 0   281.18 0   281.04 0   347.6 0   280.32 0   280.30 0     0.0 0     0.0 0     0.0 0   -14.1 0   -14.1 0     6.9 0    51.8 0     2.3 0    20.7 0  1011.4 0
 2019  11  1 11 23 41 23.683  96.78    -1.2 0     0.0 0     0.0 0    -0.4 0   332.4 0   281.18 0   281.02 0   347.0 0   280.30 0   280.30 0     0.0 0     0.0 0     0.0 0   -14.5 0   -14.5 0     6.9 0    52.3 0     1.7 0    42.8 0  1011.4 0
 2019  11  1 11 23 42 23.700  96.98    -1.2 0     0.0 0     0.0 0    -0.4 0   332.4 0   281.18 0   281.01 0   346.8 0   280.30 0   280.30 0     0.0 0     0.0 0     0.0 0   -14.4 0   -14.4 0     6.8 0    52.5 0     1.4 0    40.5 0  1011.4 0
 2019  11  1 11 23 43 23.717  97.17    -1.2 0     0.0 0     0.0 0    -0.4 0   333.8 0   281.18 0   281.02 0   347.2 0   280.30 0   280.30 0     0.0 0     0.0 0     0.0 0   -13.4 0   -13.4 0     6.9 0    52.0 0     2.2 0    36.2 0  1011.4 0
 2019  11  1 11 23 44 23.733  97.36    -1.2 0     0.0 0     0.0 0    -0.4 0   335.6 0   281.17 0   281.04 0   347.6 0   280.30 0   280.28 0     0.0 0     0.0 0     0.0 0   -12.0 0   -12.0 0     6.9 0    52.3 0     1.1 0    37.3 0  1011.4 0
 2019  11  1 11 23 45 23.750  97.55    -1.2 0     0.0 0     0.0 0    -0.4 0   336.9 0   281.16 0   281.03 0   347.8 0   280.30 0   280.28 0     0.0 0     0.0 0     0.0 0   -10.9 0   -10.9 0     6.9 0    52.4 0     1.3 0    30.2 0  1011.4 0
 2019  11  1 11 23 46 23.767  97.75    -1.2 0     0.0 0     0.0 0    -0.4 0   337.7 0   281.16 0   281.03 0   348.2 0   280.30 0   280.28 0     0.0 0     0.0 0     0.0 0   -10.5 0   -10.5 0     6.9 0    52.1 0     2.6 0    23.6 0  1011.5 0
 2019  11  1 11 23 47 23.783  97.94    -1.2 0     0.0 0     0.0 0    -0.4 0   338.1 0   281.16 0   281.04 0   348.3 0   280.29 0   280.28 0     0.0 0     0.0 0     0.0 0   -10.2 0   -10.2 0     6.9 0    52.2 0     2.3 0    25.5 0  1011.5 0
 2019  11  1 11 23 48 23.800  98.13    -1.2 0     0.0 0     0.0 0    -0.4 0   338.3 0   281.16 0   281.04 0   348.2 0   280.29 0   280.28 0     0.0 0     0.0 0     0.0 0    -9.9 0    -9.9 0     6.9 0    52.7 0     1.7 0    14.4 0  1011.6 0
 2019  11  1 11 23 49 23.817  98.32    -1.2 0     0.0 0     0.0 0    -0.4 0   338.7 0   281.17 0   281.05 0   348.1 0   280.28 0   280.28 0     0.0 0     0.0 0     0.0 0    -9.3 0    -9.3 0     6.9 0    52.6 0     1.8 0   359.2 0  1011.6 0
 2019  11  1 11 23 50 23.833  98.52    -1.2 0     0.0 0     0.0 0    -0.4 0   338.9 0   281.18 0   281.04 0   348.1 0   280.28 0   280.28 0     0.0 0     0.0 0     0.0 0    -9.2 0    -9.2 0     6.9 0    53.0 0     1.5 0    19.1 0  1011.7 0
 2019  11  1 11 23 51 23.850  98.71    -1.2 0     0.0 0     0.0 0    -0.4 0   338.8 0   281.18 0   281.05 0   348.1 0   280.28 0   280.28 0     0.0 0     0.0 0     0.0 0    -9.3 0    -9.3 0     6.9 0    52.7 0     1.8 0    37.9 0  1011.6 0
 2019  11  1 11 23 52 23.867  98.90    -1.2 0     0.0 0     0.0 0    -0.4 0   338.7 0   281.18 0   281.04 0   348.1 0   280.28 0   280.28 0     0.0 0     0.0 0     0.0 0    -9.3 0    -9.3 0     6.9 0    52.9 0     1.9 0    20.5 0  1011.6 0
 2019  11  1 11 23 53 23.883  99.10    -1.2 0     0.0 0     0.0 0    -0.4 0   338.8 0   281.18 0   281.05 0   348.1 0   280.28 0   280.28 0     0.0 0     0.0 0     0.0 0    -9.3 0    -9.3 0     6.9 0    53.0 0     2.1 0    23.5 0  1011.6 0
 2019  11  1 11 23 54 23.900  99.29    -1.2 0     0.0 0     0.0 0    -0.4 0   339.0 0   281.18 0   281.04 0   348.4 0   280.28 0   280.28 0     0.0 0     0.0 0     0.0 0    -9.3 0    -9.3 0     6.9 0    52.5 0     2.6 0    25.7 0  1011.6 0
 2019  11  1 11 23 55 23.917  99.49    -1.2 0     0.0 0     0.0 0    -0.4 0   339.1 0   281.18 0   281.06 0   348.4 0   280.28 0   280.28 0     0.0 0     0.0 0     0.0 0    -9.3 0    -9.3 0     6.9 0    52.4 0     2.6 0    32.0 0  1011.6 0
 2019  11  1 11 23 56 23.933  99.68    -1.2 0     0.0 0     0.0 0    -0.4 0   339.0 0   281.18 0   281.06 0   348.4 0   280.28 0   280.28 0     0.0 0     0.0 0     0.0 0    -9.3 0    -9.3 0     6.9 0    52.7 0     1.8 0    40.3 0  1011.7 0
 2019  11  1 11 23 57 23.950  99.88    -1.2 0     0.0 0     0.0 0    -0.4 0   339.0 0   281.18 0   281.07 0   348.4 0   280.28 0   280.28 0     0.0 0     0.0 0     0.0 0    -9.4 0    -9.4 0     6.9 0    52.6 0     1.9 0    22.8 0  1011.7 0
 2019  11  1 11 23 58 23.967 100.07    -1.2 0     0.0 0     0.0 0    -0.4 0   339.0 0   281.19 0   281.08 0   348.5 0   280.28 0   280.28 0     0.0 0     0.0 0     0.0 0    -9.5 0    -9.5 0     6.9 0    52.7 0     2.0 0    12.9 0  1011.8 0
 2019  11  1 11 23 59 23.983 100.26    -1.2 0     0.0 0     0.0 0    -0.4 0   339.1 0   281.20 0   281.08 0   348.8 0   280.30 0   280.28 0     0.0 0     0.0 0     0.0 0    -9.7 0    -9.7 0     6.9 0    52.5 0     1.8 0    19.7 0  1011.8 0
