 Desert Rock
   36.624 -116.019 1007 m version 1
 2019   9  1  9  0  0  0.000  82.87    56.8 0    12.1 0    22.6 0    57.4 0   280.9 0   285.15 0   284.88 0   362.0 0   284.47 0   284.48 0     3.8 0    27.3 0    48.2 0   -81.1 0   -32.9 0    11.3 0    54.9 0     4.5 0    94.7 0   908.4 0
 2019   9  1  9  0  1  0.017  83.03    54.8 0    11.5 0    19.1 0    55.7 0   281.1 0   285.12 0   284.85 0   361.8 0   284.45 0   284.45 0     3.7 0    26.3 0    46.5 0   -80.7 0   -34.2 0    11.3 0    55.3 0     3.9 0   100.8 0   908.4 0
 2019   9  1  9  0  2  0.033  83.20    51.9 0    10.7 0     9.9 0    53.6 0   281.1 0   285.08 0   284.81 0   361.6 0   284.43 0   284.43 0     3.6 0    24.8 0    44.1 0   -80.5 0   -36.4 0    11.3 0    55.4 0     4.9 0   106.5 0   908.4 0
 2019   9  1  9  0  3  0.050  83.36    49.4 0    10.1 0     6.1 0    51.5 0   281.2 0   285.05 0   284.78 0   361.2 0   284.40 0   284.41 0     3.4 0    23.7 0    42.1 0   -80.0 0   -37.9 0    11.3 0    55.2 0     4.0 0   101.3 0   908.4 0
 2019   9  1  9  0  4  0.067  83.52    47.2 0     9.6 0     4.0 0    49.5 0   280.7 0   285.01 0   284.74 0   361.1 0   284.39 0   284.39 0     3.3 0    22.6 0    40.3 0   -80.4 0   -40.0 0    11.3 0    55.4 0     4.3 0   106.3 0   908.4 0
 2019   9  1  9  0  5  0.083  83.69    45.3 0     9.3 0     3.2 0    47.6 0   281.1 0   284.98 0   284.71 0   360.7 0   284.36 0   284.36 0     3.1 0    21.8 0    38.7 0   -79.6 0   -40.9 0    11.3 0    55.8 0     4.2 0    99.0 0   908.4 0
 2019   9  1  9  0  6  0.100  83.85    43.6 0     8.9 0     2.7 0    46.0 0   280.8 0   284.95 0   284.66 0   360.4 0   284.35 0   284.34 0     3.0 0    20.9 0    37.4 0   -79.6 0   -42.3 0    11.3 0    56.2 0     3.9 0    94.5 0   908.4 0
 2019   9  1  9  0  7  0.117  84.02    41.9 0     8.6 0     2.2 0    44.3 0   280.3 0   284.91 0   284.65 0   360.1 0   284.32 0   284.31 0     2.9 0    20.2 0    36.0 0   -79.7 0   -43.8 0    11.2 0    55.9 0     4.1 0    98.7 0   908.4 0
 2019   9  1  9  0  8  0.133  84.18    40.1 0     8.2 0     1.7 0    42.6 0   280.4 0   284.88 0   284.61 0   359.9 0   284.30 0   284.30 0     2.8 0    19.3 0    34.6 0   -79.4 0   -44.9 0    11.2 0    55.6 0     4.5 0   103.9 0   908.3 0
 2019   9  1  9  0  9  0.150  84.34    38.2 0     7.8 0     1.3 0    40.7 0   280.6 0   284.85 0   284.59 0   359.8 0   284.28 0   284.28 0     2.6 0    18.4 0    33.1 0   -79.2 0   -46.1 0    11.3 0    55.3 0     4.1 0   103.5 0   908.3 0
 2019   9  1  9  0 10  0.167  84.51    36.3 0     7.4 0     1.3 0    38.8 0   280.7 0   284.82 0   284.54 0   359.4 0   284.25 0   284.25 0     2.5 0    17.7 0    31.6 0   -78.6 0   -47.0 0    11.2 0    56.1 0     4.0 0    99.3 0   908.3 0
 2019   9  1  9  0 11  0.183  84.67    34.6 0     7.1 0     1.2 0    37.1 0   281.0 0   284.79 0   284.51 0   359.1 0   284.24 0   284.23 0     2.4 0    16.9 0    30.1 0   -78.1 0   -48.0 0    11.2 0    56.2 0     4.3 0    95.8 0   908.2 0
 2019   9  1  9  0 12  0.200  84.84    32.8 0     7.1 0     0.9 0    35.3 0   281.1 0   284.75 0   284.49 0   359.0 0   284.21 0   284.20 0     2.3 0    16.1 0    28.3 0   -77.9 0   -49.6 0    11.2 0    55.8 0     4.9 0    95.0 0   908.2 0
 2019   9  1  9  0 13  0.217  85.00    31.2 0     6.7 0     0.8 0    33.7 0   281.4 0   284.73 0   284.46 0   358.6 0   284.19 0   284.18 0     2.2 0    15.4 0    27.0 0   -77.2 0   -50.1 0    11.2 0    56.5 0     4.2 0    96.9 0   908.2 0
 2019   9  1  9  0 14  0.233  85.17    29.6 0     6.6 0     0.8 0    32.1 0   281.2 0   284.70 0   284.43 0   358.5 0   284.17 0   284.15 0     2.1 0    14.7 0    25.5 0   -77.3 0   -51.7 0    11.1 0    56.5 0     4.6 0    98.5 0   908.2 0
 2019   9  1  9  0 15  0.250  85.33    28.1 0     6.2 0     0.8 0    30.6 0   281.4 0   284.67 0   284.40 0   358.2 0   284.14 0   284.14 0     2.0 0    14.0 0    24.5 0   -76.8 0   -52.2 0    11.1 0    56.3 0     4.3 0   102.2 0   908.2 0
 2019   9  1  9  0 16  0.267  85.50    26.7 0     5.9 0     0.8 0    29.3 0   282.1 0   284.65 0   284.38 0   358.2 0   284.13 0   284.12 0     1.9 0    13.4 0    23.5 0   -76.1 0   -52.6 0    11.2 0    55.7 0     5.1 0   103.1 0   908.2 0
 2019   9  1  9  0 17  0.283  85.66    25.3 0     5.7 0     0.5 0    27.8 0   282.2 0   284.62 0   284.36 0   357.7 0   284.11 0   284.10 0     1.8 0    12.8 0    22.1 0   -75.5 0   -53.4 0    11.1 0    56.6 0     4.0 0    97.3 0   908.2 0
 2019   9  1  9  0 18  0.300  85.83    23.9 0     5.4 0     0.4 0    26.4 0   282.1 0   284.60 0   284.33 0   357.6 0   284.09 0   284.08 0     1.7 0    12.2 0    21.1 0   -75.4 0   -54.3 0    11.1 0    56.4 0     4.0 0    98.6 0   908.2 0
 2019   9  1  9  0 19  0.317  85.99    22.6 0     5.0 0     0.1 0    25.1 0   282.5 0   284.58 0   284.31 0   357.4 0   284.07 0   284.05 0     1.6 0    11.6 0    20.1 0   -74.8 0   -54.8 0    11.1 0    56.3 0     4.5 0    99.9 0   908.2 0
 2019   9  1  9  0 20  0.333  86.16    21.3 0     4.9 0     0.0 0    23.8 0   282.4 0   284.55 0   284.29 0   357.2 0   284.05 0   284.04 0     1.6 0    11.0 0    19.0 0   -74.8 0   -55.9 0    11.1 0    55.9 0     4.7 0   100.9 0   908.2 0
 2019   9  1  9  0 21  0.350  86.32    20.2 0     4.6 0     0.0 0    22.7 0   282.6 0   284.53 0   284.25 0   357.2 0   284.04 0   284.04 0     1.5 0    10.5 0    18.2 0   -74.6 0   -56.4 0    11.2 0    55.2 0     4.2 0    93.8 0   908.2 0
 2019   9  1  9  0 22  0.367  86.49    19.3 0     4.3 0     0.0 0    21.8 0   282.4 0   284.50 0   284.24 0   356.8 0   284.02 0   284.00 0     1.4 0    10.0 0    17.4 0   -74.4 0   -57.0 0    11.1 0    56.4 0     3.6 0    99.7 0   908.2 0
 2019   9  1  9  0 23  0.383  86.65    18.3 0     4.2 0     0.0 0    20.8 0   282.9 0   284.49 0   284.22 0   356.4 0   284.00 0   283.99 0     1.3 0     9.6 0    16.6 0   -73.5 0   -56.9 0    11.1 0    56.8 0     3.7 0    91.9 0   908.2 0
 2019   9  1  9  0 24  0.400  86.81    17.3 0     4.2 0     0.0 0    19.8 0   282.7 0   284.46 0   284.19 0   356.5 0   283.99 0   283.97 0     1.3 0     9.2 0    15.7 0   -73.8 0   -58.1 0    11.1 0    56.5 0     4.1 0    95.3 0   908.3 0
 2019   9  1  9  0 25  0.417  86.98    16.4 0     3.8 0     0.0 0    18.8 0   282.9 0   284.44 0   284.16 0   356.2 0   283.97 0   283.96 0     1.2 0     8.7 0    15.1 0   -73.4 0   -58.3 0    11.1 0    56.4 0     3.8 0    97.1 0   908.3 0
 2019   9  1  9  0 26  0.433  87.14    15.5 0     3.5 0     0.0 0    17.9 0   282.8 0   284.41 0   284.13 0   355.8 0   283.96 0   283.94 0     1.2 0     8.4 0    14.3 0   -72.9 0   -58.6 0    11.1 0    56.8 0     3.3 0    94.9 0   908.3 0
 2019   9  1  9  0 27  0.450  87.30    14.6 0     3.3 0     0.0 0    16.9 0   283.4 0   284.39 0   284.10 0   355.6 0   283.94 0   283.92 0     1.0 0     8.0 0    13.5 0   -72.2 0   -58.7 0    11.1 0    56.8 0     3.2 0    95.0 0   908.3 0
 2019   9  1  9  0 28  0.467  87.46    13.6 0     3.3 0     0.0 0    15.9 0   283.6 0   284.36 0   284.08 0   355.5 0   283.92 0   283.90 0     1.0 0     7.5 0    12.6 0   -71.9 0   -59.3 0    11.0 0    56.6 0     3.6 0    94.3 0   908.2 0
 2019   9  1  9  0 29  0.483  87.63    12.6 0     2.9 0     0.0 0    14.9 0   283.9 0   284.33 0   284.04 0   355.3 0   283.90 0   283.88 0     1.0 0     7.1 0    12.0 0   -71.4 0   -59.4 0    11.0 0    56.7 0     3.5 0   100.8 0   908.3 0
 2019   9  1  9  0 30  0.500  87.79    11.7 0     2.7 0     0.0 0    14.0 0   283.8 0   284.31 0   284.04 0   355.5 0   283.89 0   283.87 0     1.0 0     6.7 0    11.2 0   -71.6 0   -60.4 0    11.0 0    56.3 0     3.8 0   103.6 0   908.3 0
 2019   9  1  9  0 31  0.517  87.95    10.8 0     2.5 0     0.0 0    13.0 0   284.0 0   284.28 0   283.99 0   355.2 0   283.87 0   283.86 0     0.9 0     6.2 0    10.5 0   -71.2 0   -60.7 0    11.1 0    56.0 0     3.8 0   101.5 0   908.3 0
 2019   9  1  9  0 32  0.533  88.10     9.9 0     2.4 0     0.0 0    12.1 0   284.0 0   284.25 0   283.97 0   355.0 0   283.86 0   283.84 0     0.9 0     5.9 0     9.7 0   -71.1 0   -61.4 0    11.1 0    55.8 0     4.1 0    88.3 0   908.3 0
 2019   9  1  9  0 33  0.550  88.26     9.1 0     2.1 0     0.0 0    11.2 0   284.6 0   284.23 0   283.97 0   354.5 0   283.84 0   283.84 0     0.8 0     5.5 0     9.1 0   -70.0 0   -60.9 0    11.1 0    55.4 0     3.1 0    83.9 0   908.3 0
 2019   9  1  9  0 34  0.567  88.42     8.0 0     2.0 0     0.0 0    10.3 0   284.4 0   284.22 0   283.97 0   354.6 0   283.84 0   283.83 0     0.8 0     5.1 0     8.3 0   -70.1 0   -61.8 0    11.1 0    55.9 0     3.1 0    91.1 0   908.3 0
 2019   9  1  9  0 35  0.583  88.57     7.1 0     1.7 0     0.0 0     9.4 0   284.7 0   284.20 0   283.96 0   354.5 0   283.83 0   283.81 0     0.7 0     4.7 0     7.7 0   -69.9 0   -62.2 0    11.0 0    56.0 0     4.4 0   102.1 0   908.3 0
 2019   9  1  9  0 36  0.600  88.73     6.6 0     1.6 0     0.0 0     8.5 0   285.2 0   284.19 0   283.97 0   354.9 0   283.82 0   283.81 0     0.7 0     4.3 0     6.8 0   -69.7 0   -62.8 0    11.1 0    55.5 0     4.6 0   113.2 0   908.3 0
 2019   9  1  9  0 37  0.617  88.88     5.7 0     1.3 0     0.0 0     7.6 0   285.1 0   284.19 0   283.94 0   354.6 0   283.80 0   283.79 0     0.7 0     3.9 0     6.3 0   -69.5 0   -63.2 0    11.1 0    55.5 0     4.1 0   105.8 0   908.3 0
 2019   9  1  9  0 38  0.633  89.03     4.8 0     1.2 0     0.0 0     6.6 0   284.9 0   284.17 0   283.93 0   354.1 0   283.79 0   283.79 0     0.6 0     3.6 0     5.4 0   -69.2 0   -63.8 0    11.1 0    55.6 0     3.7 0   101.8 0   908.3 0
 2019   9  1  9  0 39  0.650  89.17     3.8 0     1.0 0     0.0 0     5.8 0   285.0 0   284.17 0   283.92 0   354.1 0   283.79 0   283.76 0     0.6 0     3.3 0     4.8 0   -69.1 0   -64.3 0    11.0 0    56.2 0     3.2 0   103.6 0   908.3 0
 2019   9  1  9  0 40  0.667  89.32     2.9 0     0.8 0     0.0 0     5.2 0   284.7 0   284.15 0   283.89 0   353.8 0   283.77 0   283.74 0     0.5 0     3.1 0     4.3 0   -69.2 0   -64.8 0    11.0 0    56.4 0     3.3 0   108.3 0   908.3 0
 2019   9  1  9  0 41  0.683  89.46     2.2 0     0.8 0     0.0 0     4.4 0   284.4 0   284.14 0   283.84 0   353.3 0   283.75 0   283.72 0     0.5 0     2.8 0     3.6 0   -68.8 0   -65.3 0    10.9 0    57.0 0     2.8 0   106.6 0   908.3 0
 2019   9  1  9  0 42  0.700  89.59     1.5 0     0.8 0     0.0 0     3.7 0   284.4 0   284.11 0   283.82 0   353.1 0   283.74 0   283.70 0     0.5 0     2.6 0     2.9 0   -68.7 0   -65.9 0    10.9 0    57.3 0     3.0 0   106.0 0   908.3 0
 2019   9  1  9  0 43  0.717  89.73     1.0 0     0.5 0     0.0 0     3.2 0   284.6 0   284.09 0   283.80 0   352.9 0   283.71 0   283.68 0     0.4 0     2.4 0     2.7 0   -68.4 0   -65.6 0    10.9 0    57.3 0     3.1 0   102.1 0   908.3 0
 2019   9  1  9  0 44  0.733  89.85     0.8 0     0.4 0     0.0 0     2.8 0   284.3 0   284.07 0   283.80 0   352.4 0   283.69 0   283.65 0     0.4 0     2.3 0     2.3 0   -68.1 0   -65.8 0    10.8 0    58.0 0     2.6 0   100.1 0   908.3 0
 2019   9  1  9  0 45  0.750  89.98     0.4 0     0.4 0     0.0 0     2.6 0   284.4 0   284.05 0   283.79 0   352.2 0   283.67 0   283.61 0     0.3 0     2.1 0     2.1 0   -67.8 0   -65.7 0    10.7 0    58.0 0     3.2 0    98.9 0   908.3 0
 2019   9  1  9  0 46  0.767  90.91     0.1 0     0.4 0     0.0 0     2.4 0   284.2 0   284.04 0   283.78 0   352.4 0   283.64 0   283.61 0     0.0 0     2.0 0     1.9 0   -68.2 0   -66.2 0    10.8 0    57.4 0     4.1 0   100.2 0   908.3 0
 2019   9  1  9  0 47  0.783  91.09     0.0 0     0.3 0     0.0 0     2.1 0   284.5 0   284.03 0   283.75 0   352.3 0   283.62 0   283.59 0     0.0 0     1.9 0     1.7 0   -67.8 0   -66.1 0    10.8 0    57.4 0     3.6 0   106.4 0   908.3 0
 2019   9  1  9  0 48  0.800  91.27    -0.3 0     0.4 0     0.0 0     2.0 0   283.9 0   284.01 0   283.72 0   352.0 0   283.60 0   283.56 0     0.0 0     1.6 0     1.6 0   -68.1 0   -66.5 0    10.8 0    57.9 0     3.3 0   108.1 0   908.3 0
 2019   9  1  9  0 49  0.817  91.45    -0.4 0     0.3 0     0.0 0     1.7 0   283.9 0   283.99 0   283.68 0   351.7 0   283.58 0   283.54 0     0.0 0     1.6 0     1.4 0   -67.9 0   -66.5 0    10.7 0    58.1 0     3.2 0   108.1 0   908.3 0
 2019   9  1  9  0 50  0.833  91.63    -0.6 0     0.4 0     0.0 0     1.5 0   283.5 0   283.95 0   283.63 0   351.3 0   283.56 0   283.51 0     0.0 0     1.5 0     1.1 0   -67.9 0   -66.8 0    10.7 0    58.7 0     3.0 0   113.7 0   908.3 0
 2019   9  1  9  0 51  0.850  91.80    -0.8 0     0.4 0     0.0 0     1.4 0   283.2 0   283.92 0   283.58 0   351.0 0   283.53 0   283.48 0     0.0 0     1.4 0     0.9 0   -67.8 0   -66.9 0    10.6 0    59.2 0     2.8 0   112.8 0   908.3 0
 2019   9  1  9  0 52  0.867  91.98    -0.8 0     0.3 0     0.0 0     1.1 0   283.0 0   283.88 0   283.53 0   350.6 0   283.50 0   283.44 0     0.0 0     1.3 0     0.7 0   -67.7 0   -66.9 0    10.6 0    59.5 0     2.9 0   108.4 0   908.3 0
 2019   9  1  9  0 53  0.883  92.16    -0.8 0     0.0 0     0.0 0     1.0 0   283.0 0   283.84 0   283.49 0   350.5 0   283.48 0   283.42 0     0.0 0     1.3 0     1.0 0   -67.5 0   -66.5 0    10.5 0    59.4 0     3.2 0   109.4 0   908.3 0
 2019   9  1  9  0 54  0.900  92.34    -0.8 0     0.0 0     0.0 0     0.8 0   283.0 0   283.80 0   283.46 0   350.3 0   283.45 0   283.39 0     0.0 0     1.2 0     0.8 0   -67.2 0   -66.5 0    10.5 0    59.8 0     2.9 0   112.3 0   908.3 0
 2019   9  1  9  0 55  0.917  92.52    -1.1 0     0.0 0     0.0 0     0.7 0   283.1 0   283.75 0   283.40 0   350.0 0   283.43 0   283.36 0     0.0 0     1.2 0     0.7 0   -66.9 0   -66.2 0    10.5 0    60.0 0     2.7 0   106.9 0   908.3 0
 2019   9  1  9  0 56  0.933  92.70    -1.2 0     0.0 0     0.0 0     0.7 0   283.3 0   283.71 0   283.41 0   349.7 0   283.39 0   283.33 0     0.0 0     1.0 0     0.7 0   -66.3 0   -65.7 0    10.4 0    60.8 0     2.6 0   115.1 0   908.2 0
 2019   9  1  9  0 57  0.950  92.88    -1.2 0     0.0 0     0.0 0     0.7 0   283.2 0   283.68 0   283.38 0   349.5 0   283.36 0   283.30 0     0.0 0     0.9 0     0.6 0   -66.2 0   -65.6 0    10.4 0    61.0 0     2.9 0   114.3 0   908.2 0
 2019   9  1  9  0 58  0.967  93.07    -0.8 0     0.4 0     0.0 0     1.0 0   282.4 0   283.65 0   283.33 0   349.3 0   283.33 0   283.26 0     0.0 0     0.9 0     0.7 0   -66.9 0   -66.3 0    10.3 0    61.1 0     3.0 0   112.7 0   908.2 0
 2019   9  1  9  0 59  0.983  93.25    -0.4 0     0.4 0     0.0 0     1.4 0   282.2 0   283.62 0   283.26 0   349.0 0   283.30 0   283.23 0     0.0 0     0.9 0     0.9 0   -66.8 0   -65.8 0    10.3 0    61.8 0     3.0 0   110.4 0   908.2 0
 2019   9  1  9  1  0  1.000  93.43    -0.8 0     0.4 0     0.0 0     1.0 0   282.2 0   283.57 0   283.20 0   348.8 0   283.26 0   283.19 0     0.0 0     0.9 0     0.6 0   -66.6 0   -66.0 0    10.2 0    62.2 0     3.2 0   107.6 0   908.2 0
 2019   9  1  9  1  1  1.017  93.61    -1.1 0     0.0 0     0.0 0     0.6 0   282.5 0   283.53 0   283.16 0   348.9 0   283.23 0   283.16 0     0.0 0     0.9 0     0.6 0   -66.4 0   -65.8 0    10.2 0    62.2 0     3.2 0   112.5 0   908.1 0
 2019   9  1  9  1  2  1.033  93.79    -1.5 0     0.0 0     0.0 0     0.2 0   282.0 0   283.47 0   283.10 0   348.6 0   283.20 0   283.13 0     0.0 0     0.9 0     0.2 0   -66.5 0   -66.3 0    10.2 0    62.4 0     3.4 0   109.4 0   908.1 0
 2019   9  1  9  1  3  1.050  93.97    -1.6 0     0.0 0     0.0 0     0.0 0   281.5 0   283.42 0   283.04 0   348.3 0   283.17 0   283.10 0     0.0 0     0.9 0     0.0 0   -66.8 0   -66.8 0    10.2 0    62.4 0     3.3 0   109.3 0   908.1 0
 2019   9  1  9  1  4  1.067  94.16    -1.6 0     0.0 0     0.0 0     0.0 0   281.8 0   283.37 0   283.00 0   348.1 0   283.14 0   283.05 0     0.0 0     0.9 0     0.0 0   -66.3 0   -66.3 0    10.1 0    62.9 0     3.3 0   108.8 0   908.1 0
 2019   9  1  9  1  5  1.083  94.34    -1.6 0     0.0 0     0.0 0     0.0 0   281.1 0   283.32 0   282.95 0   347.8 0   283.10 0   283.03 0     0.0 0     0.9 0     0.0 0   -66.7 0   -66.7 0    10.1 0    62.9 0     3.3 0   111.8 0   908.1 0
 2019   9  1  9  1  6  1.100  94.52    -1.6 0     0.0 0     0.0 0     0.0 0   281.2 0   283.27 0   282.91 0   347.7 0   283.07 0   282.99 0     0.0 0     0.9 0     0.0 0   -66.5 0   -66.5 0    10.1 0    63.2 0     3.5 0   112.7 0   908.1 0
 2019   9  1  9  1  7  1.117  94.70    -1.6 0     0.0 0     0.0 0     0.0 0   280.9 0   283.23 0   282.86 0   347.7 0   283.04 0   282.97 0     0.0 0     0.9 0     0.0 0   -66.8 0   -66.8 0    10.0 0    62.7 0     3.6 0   108.9 0   908.1 0
 2019   9  1  9  1  8  1.133  94.89    -1.7 0     0.0 0     0.0 0     0.0 0   280.6 0   283.18 0   282.83 0   347.6 0   283.01 0   282.95 0     0.0 0     0.9 0     0.0 0   -67.0 0   -67.0 0    10.1 0    62.3 0     3.6 0   111.0 0   908.1 0
 2019   9  1  9  1  9  1.150  95.07    -2.0 0     0.0 0     0.0 0     0.0 0   280.2 0   283.14 0   282.80 0   347.4 0   282.99 0   282.92 0     0.0 0     0.8 0     0.0 0   -67.2 0   -67.2 0    10.0 0    63.0 0     3.6 0   113.0 0   908.1 0
 2019   9  1  9  1 10  1.167  95.25    -2.1 0     0.0 0     0.0 0    -0.2 0   280.9 0   283.10 0   282.76 0   347.2 0   282.96 0   282.88 0     0.0 0     0.9 0     0.0 0   -66.3 0   -66.3 0    10.0 0    63.4 0     3.3 0   110.8 0   908.1 0
 2019   9  1  9  1 11  1.183  95.44    -2.1 0     0.0 0     0.0 0    -0.2 0   280.3 0   283.06 0   282.73 0   347.2 0   282.93 0   282.85 0     0.0 0     0.9 0     0.0 0   -66.9 0   -66.9 0     9.9 0    63.5 0     3.6 0   113.6 0   908.1 0
 2019   9  1  9  1 12  1.200  95.62    -2.1 0     0.0 0     0.0 0    -0.3 0   281.0 0   283.03 0   282.70 0   347.0 0   282.90 0   282.83 0     0.0 0     0.9 0     0.0 0   -66.0 0   -66.0 0     9.9 0    63.6 0     3.7 0   110.9 0   908.1 0
 2019   9  1  9  1 13  1.217  95.80    -2.1 0     0.0 0     0.0 0    -0.3 0   281.1 0   283.00 0   282.69 0   347.0 0   282.87 0   282.80 0     0.0 0     0.9 0     0.0 0   -65.9 0   -65.9 0     9.9 0    63.6 0     3.6 0   109.2 0   908.1 0
 2019   9  1  9  1 14  1.233  95.99    -2.1 0     0.0 0     0.0 0    -0.3 0   281.4 0   282.97 0   282.65 0   346.9 0   282.84 0   282.77 0     0.0 0     0.9 0     0.0 0   -65.5 0   -65.5 0     9.9 0    63.5 0     3.6 0   112.4 0   908.0 0
 2019   9  1  9  1 15  1.250  96.17    -2.1 0     0.0 0     0.0 0    -0.3 0   281.2 0   282.94 0   282.63 0   346.6 0   282.81 0   282.74 0     0.0 0     0.9 0     0.0 0   -65.4 0   -65.4 0     9.9 0    63.7 0     3.8 0   111.9 0   908.0 0
 2019   9  1  9  1 16  1.267  96.36    -2.1 0     0.0 0     0.0 0    -0.3 0   281.5 0   282.91 0   282.60 0   346.5 0   282.79 0   282.72 0     0.0 0     0.9 0     0.0 0   -65.0 0   -65.0 0     9.8 0    63.9 0     4.0 0   109.3 0   908.0 0
 2019   9  1  9  1 17  1.283  96.54    -2.1 0     0.0 0     0.0 0    -0.3 0   281.9 0   282.89 0   282.58 0   346.4 0   282.75 0   282.68 0     0.0 0     0.9 0     0.0 0   -64.5 0   -64.5 0     9.8 0    64.0 0     3.9 0   110.0 0   908.0 0
 2019   9  1  9  1 18  1.300  96.73    -2.1 0     0.0 0     0.0 0    -0.3 0   281.9 0   282.86 0   282.56 0   346.4 0   282.73 0   282.66 0     0.0 0     0.9 0     0.0 0   -64.6 0   -64.6 0     9.8 0    64.1 0     3.8 0   109.5 0   907.9 0
 2019   9  1  9  1 19  1.317  96.91    -2.1 0     0.0 0     0.0 0    -0.3 0   282.8 0   282.84 0   282.55 0   346.3 0   282.70 0   282.64 0     0.0 0     0.9 0     0.0 0   -63.5 0   -63.5 0     9.8 0    63.9 0     4.0 0   109.5 0   908.0 0
 2019   9  1  9  1 20  1.333  97.10    -2.2 0     0.0 0     0.0 0    -0.2 0   282.6 0   282.82 0   282.54 0   346.4 0   282.68 0   282.62 0     0.0 0     0.9 0     0.0 0   -63.7 0   -63.7 0     9.8 0    63.8 0     3.9 0   109.8 0   908.0 0
 2019   9  1  9  1 21  1.350  97.28    -2.2 0     0.0 0     0.0 0    -0.2 0   282.8 0   282.80 0   282.53 0   346.1 0   282.65 0   282.60 0     0.0 0     0.9 0     0.0 0   -63.4 0   -63.4 0     9.8 0    63.9 0     3.7 0   113.3 0   908.0 0
 2019   9  1  9  1 22  1.367  97.47    -2.2 0     0.0 0     0.0 0    -0.2 0   283.2 0   282.79 0   282.50 0   346.1 0   282.64 0   282.57 0     0.0 0     0.9 0     0.0 0   -62.9 0   -62.9 0     9.7 0    64.2 0     3.4 0   112.1 0   908.0 0
 2019   9  1  9  1 23  1.383  97.65    -2.3 0     0.0 0     0.0 0    -0.3 0   283.3 0   282.77 0   282.49 0   346.1 0   282.61 0   282.55 0     0.0 0     0.9 0     0.0 0   -62.7 0   -62.7 0     9.7 0    64.3 0     3.4 0   114.4 0   908.0 0
 2019   9  1  9  1 24  1.400  97.84    -2.2 0     0.0 0     0.0 0    -0.3 0   283.4 0   282.74 0   282.47 0   345.9 0   282.59 0   282.53 0     0.0 0     0.9 0     0.0 0   -62.4 0   -62.4 0     9.7 0    64.6 0     3.2 0   115.1 0   908.1 0
 2019   9  1  9  1 25  1.417  98.03    -2.1 0     0.0 0     0.0 0    -0.3 0   284.0 0   282.73 0   282.45 0   345.8 0   282.56 0   282.50 0     0.0 0     0.9 0     0.0 0   -61.8 0   -61.8 0     9.7 0    64.6 0     3.1 0   118.4 0   908.1 0
 2019   9  1  9  1 26  1.433  98.21    -2.1 0     0.0 0     0.0 0    -0.3 0   283.7 0   282.71 0   282.45 0   345.7 0   282.54 0   282.47 0     0.0 0     0.9 0     0.0 0   -62.0 0   -62.0 0     9.6 0    64.8 0     3.2 0   118.8 0   908.1 0
 2019   9  1  9  1 27  1.450  98.40    -2.1 0     0.0 0     0.0 0    -0.3 0   283.9 0   282.69 0   282.42 0   345.6 0   282.51 0   282.45 0     0.0 0     0.9 0     0.0 0   -61.7 0   -61.7 0     9.6 0    65.1 0     3.0 0   120.7 0   908.2 0
 2019   9  1  9  1 28  1.467  98.59    -2.1 0     0.0 0     0.0 0    -0.3 0   284.3 0   282.68 0   282.39 0   345.6 0   282.49 0   282.43 0     0.0 0     0.9 0     0.0 0   -61.3 0   -61.3 0     9.6 0    65.1 0     3.3 0   122.2 0   908.2 0
 2019   9  1  9  1 29  1.483  98.77    -2.1 0     0.0 0     0.0 0    -0.3 0   284.2 0   282.65 0   282.37 0   345.6 0   282.47 0   282.41 0     0.0 0     0.9 0     0.0 0   -61.5 0   -61.5 0     9.6 0    65.0 0     3.5 0   120.1 0   908.2 0
 2019   9  1  9  1 30  1.500  98.96    -2.2 0     0.0 0     0.0 0    -0.3 0   285.1 0   282.64 0   282.36 0   345.4 0   282.45 0   282.39 0     0.0 0     0.9 0     0.0 0   -60.3 0   -60.3 0     9.6 0    64.9 0     3.0 0   116.9 0   908.1 0
 2019   9  1  9  1 31  1.517  99.15    -2.5 0     0.0 0     0.0 0    -0.2 0   284.9 0   282.62 0   282.37 0   345.5 0   282.43 0   282.37 0     0.0 0     0.8 0     0.0 0   -60.6 0   -60.6 0     9.6 0    65.0 0     2.9 0   124.1 0   908.1 0
 2019   9  1  9  1 32  1.533  99.33    -2.5 0     0.0 0     0.0 0    -0.2 0   285.5 0   282.61 0   282.36 0   345.7 0   282.40 0   282.35 0     0.0 0     0.9 0     0.0 0   -60.1 0   -60.1 0     9.6 0    64.7 0     3.3 0   123.7 0   908.2 0
 2019   9  1  9  1 33  1.550  99.52    -2.5 0     0.0 0     0.0 0    -0.3 0   285.4 0   282.60 0   282.35 0   345.5 0   282.39 0   282.34 0     0.0 0     0.8 0     0.0 0   -60.1 0   -60.1 0     9.6 0    64.5 0     2.8 0   124.8 0   908.2 0
 2019   9  1  9  1 34  1.567  99.71    -2.5 0     0.0 0     0.0 0    -0.2 0   285.4 0   282.59 0   282.36 0   345.3 0   282.37 0   282.32 0     0.0 0     0.9 0     0.0 0   -60.0 0   -60.0 0     9.6 0    64.6 0     2.5 0   125.9 0   908.2 0
 2019   9  1  9  1 35  1.583  99.90    -2.4 0     0.0 0     0.0 0    -0.3 0   285.7 0   282.59 0   282.33 0   345.1 0   282.35 0   282.31 0     0.0 0     0.9 0     0.0 0   -59.4 0   -59.4 0     9.6 0    64.6 0     2.4 0   122.2 0   908.2 0
 2019   9  1  9  1 36  1.600 100.09    -2.1 0     0.0 0     0.0 0    -0.3 0   285.4 0   282.57 0   282.30 0   345.1 0   282.34 0   282.29 0     0.0 0     0.9 0     0.0 0   -59.7 0   -59.7 0     9.6 0    64.6 0     2.3 0   123.7 0   908.2 0
 2019   9  1  9  1 37  1.617 100.27    -2.1 0     0.0 0     0.0 0    -0.3 0   284.9 0   282.56 0   282.29 0   345.2 0   282.32 0   282.27 0     0.0 0     0.8 0     0.0 0   -60.2 0   -60.2 0     9.6 0    64.5 0     2.8 0   126.1 0   908.2 0
 2019   9  1  9  1 38  1.633 100.46    -2.1 0     0.0 0     0.0 0    -0.3 0   285.2 0   282.54 0   282.29 0   345.0 0   282.30 0   282.26 0     0.0 0     0.9 0     0.0 0   -59.8 0   -59.8 0     9.6 0    64.6 0     2.5 0   127.5 0   908.2 0
 2019   9  1  9  1 39  1.650 100.65    -2.1 0     0.0 0     0.0 0    -0.3 0   284.8 0   282.53 0   282.24 0   344.8 0   282.29 0   282.25 0     0.0 0     0.9 0     0.0 0   -60.0 0   -60.0 0     9.5 0    64.8 0     3.0 0   126.1 0   908.3 0
 2019   9  1  9  1 40  1.667 100.84    -2.1 0     0.0 0     0.0 0    -0.3 0   284.8 0   282.51 0   282.21 0   344.8 0   282.27 0   282.22 0     0.0 0     0.9 0     0.0 0   -60.0 0   -60.0 0     9.5 0    64.9 0     3.4 0   126.2 0   908.3 0
 2019   9  1  9  1 41  1.683 101.03    -2.1 0     0.0 0     0.0 0    -0.3 0   285.2 0   282.48 0   282.20 0   344.7 0   282.25 0   282.22 0     0.0 0     0.9 0     0.0 0   -59.4 0   -59.4 0     9.5 0    64.8 0     3.7 0   129.6 0   908.3 0
 2019   9  1  9  1 42  1.700 101.22    -2.1 0     0.0 0     0.0 0    -0.3 0   285.1 0   282.46 0   282.20 0   345.0 0   282.25 0   282.20 0     0.0 0     0.9 0     0.0 0   -59.8 0   -59.8 0     9.5 0    64.9 0     3.7 0   130.0 0   908.3 0
 2019   9  1  9  1 43  1.717 101.41    -2.2 0     0.0 0     0.0 0    -0.3 0   284.4 0   282.44 0   282.20 0   344.7 0   282.23 0   282.20 0     0.0 0     0.9 0     0.0 0   -60.3 0   -60.3 0     9.5 0    64.8 0     3.6 0   129.3 0   908.3 0
 2019   9  1  9  1 44  1.733 101.60    -2.4 0    -0.3 0     0.0 0    -0.3 0   284.5 0   282.44 0   282.20 0   344.9 0   282.22 0   282.20 0     0.0 0     0.8 0     0.0 0   -60.4 0   -60.4 0     9.5 0    64.6 0     4.0 0   136.8 0   908.3 0
 2019   9  1  9  1 45  1.750 101.79    -2.5 0    -0.2 0     0.0 0    -0.2 0   284.0 0   282.42 0   282.20 0   344.8 0   282.21 0   282.19 0     0.0 0     0.7 0     0.0 0   -60.8 0   -60.8 0     9.6 0    64.6 0     3.7 0   137.0 0   908.3 0
 2019   9  1  9  1 46  1.767 101.98    -2.5 0     0.0 0     0.0 0    -0.2 0   283.7 0   282.42 0   282.20 0   344.7 0   282.20 0   282.17 0     0.0 0     0.7 0     0.0 0   -61.0 0   -61.0 0     9.6 0    64.6 0     3.7 0   139.2 0   908.3 0
 2019   9  1  9  1 47  1.783 102.17    -2.5 0     0.0 0     0.0 0    -0.2 0   283.8 0   282.42 0   282.20 0   344.8 0   282.20 0   282.17 0     0.0 0     0.8 0     0.0 0   -61.0 0   -61.0 0     9.6 0    64.8 0     3.8 0   140.7 0   908.3 0
 2019   9  1  9  1 48  1.800 102.36    -2.5 0     0.0 0     0.0 0    -0.3 0   283.5 0   282.42 0   282.19 0   344.8 0   282.19 0   282.15 0     0.0 0     0.8 0     0.0 0   -61.3 0   -61.3 0     9.5 0    65.0 0     3.7 0   140.8 0   908.3 0
 2019   9  1  9  1 49  1.817 102.55    -2.5 0     0.0 0     0.0 0    -0.3 0   283.3 0   282.42 0   282.17 0   344.5 0   282.17 0   282.13 0     0.0 0     0.8 0     0.0 0   -61.2 0   -61.2 0     9.4 0    65.4 0     4.1 0   138.4 0   908.3 0
 2019   9  1  9  1 50  1.833 102.74    -2.5 0     0.0 0     0.0 0    -0.3 0   283.3 0   282.41 0   282.19 0   344.5 0   282.15 0   282.14 0     0.0 0     0.9 0     0.0 0   -61.2 0   -61.2 0     9.5 0    65.1 0     4.3 0   139.9 0   908.2 0
 2019   9  1  9  1 51  1.850 102.93    -2.5 0     0.0 0     0.0 0    -0.3 0   282.9 0   282.40 0   282.17 0   344.5 0   282.14 0   282.12 0     0.0 0     0.9 0     0.0 0   -61.6 0   -61.6 0     9.5 0    65.2 0     4.6 0   138.3 0   908.2 0
 2019   9  1  9  1 52  1.867 103.12    -2.5 0    -0.2 0     0.0 0    -0.3 0   282.8 0   282.39 0   282.17 0   344.7 0   282.14 0   282.14 0     0.0 0     0.9 0     0.0 0   -61.9 0   -61.9 0     9.5 0    64.6 0     4.3 0   130.8 0   908.2 0
 2019   9  1  9  1 53  1.883 103.31    -2.5 0    -0.2 0     0.0 0    -0.2 0   282.6 0   282.39 0   282.20 0   344.7 0   282.14 0   282.14 0     0.0 0     0.9 0     0.0 0   -62.1 0   -62.1 0     9.5 0    64.3 0     4.9 0   133.5 0   908.2 0
 2019   9  1  9  1 54  1.900 103.50    -2.5 0    -0.4 0     0.0 0    -0.1 0   282.7 0   282.41 0   282.20 0   344.8 0   282.14 0   282.14 0     0.0 0     0.8 0     0.0 0   -62.1 0   -62.1 0     9.6 0    63.9 0     4.4 0   131.3 0   908.2 0
 2019   9  1  9  1 55  1.917 103.69    -2.5 0    -0.4 0     0.0 0    -0.2 0   282.8 0   282.42 0   282.19 0   344.7 0   282.14 0   282.15 0     0.0 0     0.9 0     0.0 0   -61.9 0   -61.9 0     9.6 0    63.8 0     5.4 0   130.8 0   908.2 0
 2019   9  1  9  1 56  1.933 103.88    -2.5 0    -0.4 0     0.0 0    -0.2 0   282.3 0   282.41 0   282.19 0   344.6 0   282.14 0   282.15 0     0.0 0     0.8 0     0.0 0   -62.3 0   -62.3 0     9.6 0    63.7 0     5.4 0   130.3 0   908.2 0
 2019   9  1  9  1 57  1.950 104.07    -2.6 0    -0.4 0     0.0 0    -0.2 0   282.7 0   282.41 0   282.21 0   345.0 0   282.16 0   282.16 0     0.0 0     0.8 0     0.0 0   -62.3 0   -62.3 0     9.6 0    63.6 0     5.6 0   128.6 0   908.2 0
 2019   9  1  9  1 58  1.967 104.26    -2.9 0    -0.4 0     0.0 0    -0.1 0   283.0 0   282.44 0   282.24 0   345.0 0   282.17 0   282.18 0     0.0 0     0.8 0     0.0 0   -62.0 0   -62.0 0     9.7 0    63.2 0     4.6 0   127.5 0   908.2 0
 2019   9  1  9  1 59  1.983 104.46    -2.9 0    -0.4 0     0.0 0     0.0 0   282.6 0   282.44 0   282.27 0   345.0 0   282.18 0   282.19 0     0.0 0     0.7 0     0.0 0   -62.4 0   -62.4 0     9.7 0    62.9 0     4.5 0   130.3 0   908.2 0
 2019   9  1  9  2  0  2.000 104.65    -2.9 0    -0.4 0     0.0 0     0.0 0   282.2 0   282.45 0   282.29 0   345.0 0   282.19 0   282.19 0     0.0 0     0.7 0     0.0 0   -62.8 0   -62.8 0     9.7 0    63.0 0     4.6 0   129.1 0   908.2 0
 2019   9  1  9  2  1  2.017 104.84    -2.9 0    -0.4 0     0.0 0    -0.1 0   282.0 0   282.47 0   282.28 0   344.9 0   282.19 0   282.19 0     0.0 0     0.8 0     0.0 0   -62.9 0   -62.9 0     9.7 0    63.0 0     4.4 0   128.7 0   908.2 0
 2019   9  1  9  2  2  2.033 105.03    -2.9 0    -0.4 0     0.0 0    -0.2 0   282.0 0   282.49 0   282.29 0   344.9 0   282.19 0   282.21 0     0.0 0     0.7 0     0.0 0   -62.9 0   -62.9 0     9.7 0    62.5 0     4.9 0   129.7 0   908.2 0
 2019   9  1  9  2  3  2.050 105.22    -2.9 0    -0.4 0     0.0 0    -0.1 0   281.7 0   282.49 0   282.31 0   345.1 0   282.21 0   282.22 0     0.0 0     0.6 0     0.0 0   -63.3 0   -63.3 0     9.8 0    62.2 0     5.0 0   129.2 0   908.3 0
 2019   9  1  9  2  4  2.067 105.42    -2.9 0    -0.5 0     0.0 0    -0.2 0   281.8 0   282.51 0   282.31 0   345.2 0   282.23 0   282.24 0     0.0 0     0.6 0     0.0 0   -63.4 0   -63.4 0     9.8 0    61.9 0     4.9 0   129.0 0   908.3 0
 2019   9  1  9  2  5  2.083 105.61    -2.9 0    -0.4 0     0.0 0    -0.1 0   281.8 0   282.51 0   282.32 0   345.1 0   282.24 0   282.24 0     0.0 0     0.7 0     0.0 0   -63.3 0   -63.3 0     9.8 0    61.9 0     4.7 0   128.7 0   908.3 0
 2019   9  1  9  2  6  2.100 105.80    -2.9 0    -0.8 0     0.0 0    -0.1 0   281.8 0   282.53 0   282.34 0   345.2 0   282.24 0   282.28 0     0.0 0     0.6 0     0.0 0   -63.4 0   -63.4 0     9.9 0    61.1 0     5.5 0   130.0 0   908.3 0
 2019   9  1  9  2  7  2.117 105.99    -2.9 0    -0.8 0     0.0 0    -0.1 0   281.9 0   282.54 0   282.36 0   345.3 0   282.27 0   282.29 0     0.0 0     0.5 0     0.0 0   -63.3 0   -63.3 0     9.9 0    60.9 0     4.8 0   129.8 0   908.3 0
 2019   9  1  9  2  8  2.133 106.19    -2.9 0    -0.8 0     0.0 0    -0.1 0   282.2 0   282.56 0   282.40 0   345.4 0   282.29 0   282.33 0     0.0 0     0.5 0     0.0 0   -63.2 0   -63.2 0    10.0 0    60.4 0     5.3 0   128.1 0   908.3 0
 2019   9  1  9  2  9  2.150 106.38    -2.9 0    -0.8 0     0.0 0    -0.1 0   281.7 0   282.58 0   282.39 0   345.2 0   282.31 0   282.34 0     0.0 0     0.5 0     0.0 0   -63.5 0   -63.5 0    10.0 0    60.6 0     5.0 0   130.1 0   908.3 0
 2019   9  1  9  2 10  2.167 106.57    -2.9 0    -0.8 0     0.0 0    -0.1 0   282.0 0   282.59 0   282.39 0   345.5 0   282.33 0   282.34 0     0.0 0     0.5 0     0.0 0   -63.5 0   -63.5 0    10.0 0    60.5 0     5.1 0   131.9 0   908.4 0
 2019   9  1  9  2 11  2.183 106.77    -2.9 0    -0.4 0     0.0 0    -0.2 0   281.9 0   282.59 0   282.41 0   345.3 0   282.34 0   282.34 0     0.0 0     0.5 0     0.0 0   -63.4 0   -63.4 0     9.9 0    60.8 0     4.6 0   135.4 0   908.4 0
 2019   9  1  9  2 12  2.200 106.96    -2.9 0    -0.4 0     0.0 0    -0.2 0   281.7 0   282.61 0   282.39 0   345.0 0   282.34 0   282.34 0     0.0 0     0.5 0     0.0 0   -63.3 0   -63.3 0     9.9 0    61.1 0     4.3 0   136.7 0   908.4 0
 2019   9  1  9  2 13  2.217 107.15    -2.9 0    -0.1 0     0.0 0    -0.3 0   281.4 0   282.61 0   282.39 0   344.6 0   282.34 0   282.34 0     0.0 0     0.5 0     0.0 0   -63.2 0   -63.2 0     9.8 0    61.5 0     4.4 0   141.3 0   908.4 0
 2019   9  1  9  2 14  2.233 107.35    -2.9 0    -0.2 0     0.0 0    -0.3 0   281.2 0   282.61 0   282.39 0   344.8 0   282.34 0   282.34 0     0.0 0     0.5 0     0.0 0   -63.6 0   -63.6 0     9.8 0    61.3 0     4.6 0   144.7 0   908.4 0
 2019   9  1  9  2 15  2.250 107.54    -2.9 0    -0.3 0     0.0 0    -0.3 0   280.7 0   282.61 0   282.37 0   344.9 0   282.34 0   282.35 0     0.0 0     0.5 0     0.0 0   -64.2 0   -64.2 0     9.8 0    61.0 0     5.1 0   142.5 0   908.4 0
 2019   9  1  9  2 16  2.267 107.73    -2.8 0    -0.2 0     0.0 0    -0.3 0   280.7 0   282.61 0   282.39 0   344.6 0   282.34 0   282.34 0     0.0 0     0.5 0     0.0 0   -63.9 0   -63.9 0     9.8 0    61.3 0     4.6 0   147.5 0   908.4 0
 2019   9  1  9  2 17  2.283 107.93    -2.6 0     0.0 0     0.0 0    -0.3 0   280.9 0   282.61 0   282.36 0   344.4 0   282.34 0   282.33 0     0.0 0     0.5 0     0.0 0   -63.5 0   -63.5 0     9.8 0    61.5 0     4.6 0   145.1 0   908.4 0
 2019   9  1  9  2 18  2.300 108.12    -2.5 0     0.0 0     0.0 0    -0.3 0   280.4 0   282.59 0   282.33 0   344.5 0   282.34 0   282.34 0     0.0 0     0.5 0     0.0 0   -64.1 0   -64.1 0     9.7 0    61.3 0     4.6 0   146.8 0   908.4 0
 2019   9  1  9  2 19  2.317 108.31    -2.5 0     0.0 0     0.0 0    -0.3 0   280.1 0   282.59 0   282.33 0   344.3 0   282.34 0   282.32 0     0.0 0     0.5 0     0.0 0   -64.1 0   -64.1 0     9.7 0    61.7 0     4.3 0   148.2 0   908.4 0
 2019   9  1  9  2 20  2.333 108.51    -2.5 0     0.0 0     0.0 0    -0.3 0   280.0 0   282.57 0   282.31 0   344.1 0   282.33 0   282.29 0     0.0 0     0.5 0     0.0 0   -64.1 0   -64.1 0     9.7 0    62.0 0     4.2 0   146.8 0   908.4 0
 2019   9  1  9  2 21  2.350 108.70    -2.5 0     0.0 0     0.0 0    -0.3 0   280.2 0   282.56 0   282.29 0   344.1 0   282.31 0   282.29 0     0.0 0     0.5 0     0.0 0   -63.9 0   -63.9 0     9.6 0    61.9 0     4.4 0   149.6 0   908.5 0
 2019   9  1  9  2 22  2.367 108.90    -2.5 0     0.0 0     0.0 0    -0.3 0   279.8 0   282.54 0   282.29 0   344.0 0   282.30 0   282.29 0     0.0 0     0.5 0     0.0 0   -64.1 0   -64.1 0     9.6 0    61.7 0     4.5 0   151.9 0   908.5 0
 2019   9  1  9  2 23  2.383 109.09    -2.5 0     0.0 0     0.0 0    -0.3 0   279.8 0   282.54 0   282.28 0   344.0 0   282.29 0   282.26 0     0.0 0     0.5 0     0.0 0   -64.2 0   -64.2 0     9.6 0    61.8 0     4.4 0   155.0 0   908.5 0
 2019   9  1  9  2 24  2.400 109.29    -2.5 0     0.0 0     0.0 0    -0.3 0   279.6 0   282.52 0   282.24 0   343.8 0   282.28 0   282.24 0     0.0 0     0.5 0     0.0 0   -64.2 0   -64.2 0     9.6 0    62.2 0     4.2 0   150.5 0   908.5 0
 2019   9  1  9  2 25  2.417 109.48    -2.5 0     0.0 0     0.0 0    -0.3 0   279.4 0   282.50 0   282.22 0   343.6 0   282.26 0   282.22 0     0.0 0     0.5 0     0.0 0   -64.2 0   -64.2 0     9.5 0    62.5 0     4.5 0   150.1 0   908.5 0
 2019   9  1  9  2 26  2.433 109.68    -2.5 0     0.0 0     0.0 0    -0.3 0   279.2 0   282.49 0   282.20 0   343.5 0   282.24 0   282.23 0     0.0 0     0.5 0     0.0 0   -64.3 0   -64.3 0     9.5 0    61.9 0     4.7 0   146.0 0   908.5 0
 2019   9  1  9  2 27  2.450 109.87    -2.5 0     0.0 0     0.0 0    -0.3 0   278.9 0   282.46 0   282.17 0   343.4 0   282.24 0   282.20 0     0.0 0     0.5 0     0.0 0   -64.5 0   -64.5 0     9.5 0    62.3 0     4.0 0   142.4 0   908.5 0
 2019   9  1  9  2 28  2.467 110.07    -2.5 0     0.0 0     0.0 0    -0.3 0   279.1 0   282.44 0   282.13 0   342.9 0   282.22 0   282.17 0     0.0 0     0.5 0     0.0 0   -63.9 0   -63.9 0     9.5 0    62.7 0     3.9 0   135.9 0   908.5 0
 2019   9  1  9  2 29  2.483 110.26    -2.5 0     0.0 0     0.0 0    -0.3 0   279.1 0   282.42 0   282.12 0   342.8 0   282.19 0   282.15 0     0.0 0     0.6 0     0.0 0   -63.7 0   -63.7 0     9.4 0    62.8 0     3.6 0   130.0 0   908.5 0
 2019   9  1  9  2 30  2.500 110.46    -2.5 0     0.0 0     0.0 0    -0.3 0   279.9 0   282.39 0   282.11 0   343.1 0   282.18 0   282.14 0     0.0 0     0.9 0     0.0 0   -63.2 0   -63.2 0     9.4 0    62.3 0     4.1 0   130.4 0   908.5 0
 2019   9  1  9  2 31  2.517 110.65    -2.5 0    -0.2 0     0.0 0    -0.3 0   280.2 0   282.37 0   282.15 0   343.1 0   282.17 0   282.15 0     0.0 0     0.6 0     0.0 0   -63.0 0   -63.0 0     9.5 0    61.7 0     4.0 0   130.4 0   908.5 0
 2019   9  1  9  2 32  2.533 110.85    -2.5 0    -0.5 0     0.0 0    -0.2 0   280.2 0   282.36 0   282.17 0   343.5 0   282.17 0   282.17 0     0.0 0     0.6 0     0.0 0   -63.3 0   -63.3 0     9.6 0    60.8 0     4.8 0   128.5 0   908.5 0
 2019   9  1  9  2 33  2.550 111.04    -2.5 0    -0.6 0     0.0 0    -0.1 0   280.3 0   282.38 0   282.20 0   343.4 0   282.17 0   282.19 0     0.0 0     0.5 0     0.0 0   -63.1 0   -63.1 0     9.7 0    60.3 0     4.8 0   129.5 0   908.5 0
 2019   9  1  9  2 34  2.567 111.24    -2.5 0    -0.8 0     0.0 0    -0.1 0   280.1 0   282.39 0   282.21 0   344.1 0   282.19 0   282.24 0     0.0 0     0.5 0     0.0 0   -64.0 0   -64.0 0     9.9 0    59.0 0     5.2 0   128.9 0   908.5 0
 2019   9  1  9  2 35  2.583 111.44    -2.6 0    -0.8 0     0.0 0    -0.1 0   280.3 0   282.40 0   282.23 0   343.8 0   282.21 0   282.22 0     0.0 0     0.5 0     0.0 0   -63.5 0   -63.5 0     9.9 0    59.6 0     4.5 0   130.7 0   908.5 0
 2019   9  1  9  2 36  2.600 111.63    -2.8 0    -0.5 0     0.0 0    -0.1 0   280.1 0   282.41 0   282.22 0   343.5 0   282.21 0   282.22 0     0.0 0     0.5 0     0.0 0   -63.4 0   -63.4 0     9.8 0    60.0 0     4.1 0   134.3 0   908.5 0
 2019   9  1  9  2 37  2.617 111.83    -2.7 0    -0.4 0     0.0 0    -0.2 0   279.4 0   282.42 0   282.20 0   343.3 0   282.21 0   282.20 0     0.0 0     0.5 0     0.0 0   -63.9 0   -63.9 0     9.7 0    60.4 0     4.0 0   131.0 0   908.5 0
 2019   9  1  9  2 38  2.633 112.02    -2.5 0     0.0 0     0.0 0    -0.3 0   279.3 0   282.41 0   282.19 0   343.1 0   282.21 0   282.19 0     0.0 0     0.5 0     0.0 0   -63.8 0   -63.8 0     9.7 0    60.8 0     3.8 0   126.2 0   908.4 0
 2019   9  1  9  2 39  2.650 112.22    -2.5 0    -0.3 0     0.0 0    -0.1 0   279.6 0   282.41 0   282.21 0   343.4 0   282.21 0   282.21 0     0.0 0     0.5 0     0.0 0   -63.8 0   -63.8 0     9.7 0    60.0 0     3.6 0   124.9 0   908.4 0
 2019   9  1  9  2 40  2.667 112.42    -2.6 0    -0.3 0     0.0 0    -0.2 0   279.9 0   282.43 0   282.23 0   343.3 0   282.21 0   282.19 0     0.0 0     0.5 0     0.0 0   -63.4 0   -63.4 0     9.7 0    60.1 0     3.5 0   128.8 0   908.4 0
 2019   9  1  9  2 41  2.683 112.61    -2.5 0    -0.4 0     0.0 0    -0.2 0   279.0 0   282.44 0   282.25 0   343.5 0   282.21 0   282.23 0     0.0 0     0.5 0     0.0 0   -64.4 0   -64.4 0     9.8 0    59.3 0     4.7 0   121.3 0   908.4 0
 2019   9  1  9  2 42  2.700 112.81    -2.7 0    -0.8 0     0.0 0    -0.1 0   279.0 0   282.45 0   282.29 0   343.6 0   282.22 0   282.24 0     0.0 0     0.5 0     0.0 0   -64.7 0   -64.7 0     9.9 0    58.7 0     4.5 0   119.1 0   908.4 0
 2019   9  1  9  2 43  2.717 113.01    -2.9 0    -0.5 0     0.0 0    -0.1 0   279.0 0   282.47 0   282.30 0   343.7 0   282.24 0   282.24 0     0.0 0     0.5 0     0.0 0   -64.8 0   -64.8 0     9.9 0    58.8 0     4.1 0   123.4 0   908.3 0
 2019   9  1  9  2 44  2.733 113.20    -2.9 0    -0.5 0     0.0 0    -0.1 0   278.8 0   282.49 0   282.32 0   343.6 0   282.24 0   282.25 0     0.0 0     0.5 0     0.0 0   -64.8 0   -64.8 0     9.9 0    58.6 0     4.4 0   126.4 0   908.3 0
 2019   9  1  9  2 45  2.750 113.40    -2.9 0    -0.8 0     0.0 0    -0.2 0   278.6 0   282.50 0   282.32 0   343.6 0   282.25 0   282.29 0     0.0 0     0.5 0     0.0 0   -65.1 0   -65.1 0    10.0 0    58.0 0     4.4 0   124.3 0   908.3 0
 2019   9  1  9  2 46  2.767 113.60    -2.9 0    -0.7 0     0.0 0    -0.2 0   278.0 0   282.51 0   282.34 0   343.4 0   282.27 0   282.29 0     0.0 0     0.5 0     0.0 0   -65.5 0   -65.5 0    10.0 0    58.3 0     4.1 0   123.3 0   908.3 0
 2019   9  1  9  2 47  2.783 113.79    -2.9 0    -0.4 0     0.0 0    -0.3 0   277.7 0   282.53 0   282.31 0   343.3 0   282.29 0   282.28 0     0.0 0     0.5 0     0.0 0   -65.6 0   -65.6 0     9.9 0    58.9 0     4.1 0   114.5 0   908.3 0
 2019   9  1  9  2 48  2.800 113.99    -2.5 0    -0.4 0     0.0 0    -0.3 0   277.6 0   282.54 0   282.28 0   342.9 0   282.29 0   282.27 0     0.0 0     0.5 0     0.0 0   -65.2 0   -65.2 0     9.8 0    59.3 0     3.8 0   117.2 0   908.4 0
 2019   9  1  9  2 49  2.817 114.19    -2.5 0     0.0 0     0.0 0    -0.3 0   277.8 0   282.52 0   282.25 0   342.7 0   282.28 0   282.24 0     0.0 0     0.5 0     0.0 0   -64.9 0   -64.9 0     9.8 0    59.7 0     3.4 0   124.7 0   908.4 0
 2019   9  1  9  2 50  2.833 114.39    -2.5 0     0.0 0     0.0 0    -0.3 0   277.6 0   282.51 0   282.23 0   342.4 0   282.26 0   282.24 0     0.0 0     0.5 0     0.0 0   -64.8 0   -64.8 0     9.7 0    59.9 0     3.6 0   122.5 0   908.4 0
 2019   9  1  9  2 51  2.850 114.58    -2.5 0     0.0 0     0.0 0    -0.3 0   277.4 0   282.49 0   282.20 0   342.4 0   282.26 0   282.24 0     0.0 0     0.5 0     0.0 0   -65.1 0   -65.1 0     9.7 0    60.0 0     3.5 0   126.4 0   908.4 0
 2019   9  1  9  2 52  2.867 114.78    -2.5 0     0.0 0     0.0 0    -0.3 0   277.4 0   282.47 0   282.18 0   342.2 0   282.24 0   282.22 0     0.0 0     0.5 0     0.0 0   -64.9 0   -64.9 0     9.6 0    60.1 0     4.0 0   123.3 0   908.4 0
 2019   9  1  9  2 53  2.883 114.98    -2.5 0    -0.4 0     0.0 0    -0.3 0   277.4 0   282.44 0   282.16 0   342.4 0   282.24 0   282.23 0     0.0 0     0.5 0     0.0 0   -65.0 0   -65.0 0     9.7 0    59.9 0     3.9 0   123.5 0   908.4 0
 2019   9  1  9  2 54  2.900 115.18    -2.5 0    -0.4 0     0.0 0    -0.3 0   277.2 0   282.43 0   282.14 0   342.3 0   282.24 0   282.21 0     0.0 0     0.5 0     0.0 0   -65.0 0   -65.0 0     9.6 0    60.1 0     3.6 0   119.0 0   908.4 0
 2019   9  1  9  2 55  2.917 115.37    -2.5 0     0.0 0     0.0 0    -0.3 0   276.4 0   282.40 0   282.10 0   341.7 0   282.22 0   282.18 0     0.0 0     0.5 0     0.0 0   -65.3 0   -65.3 0     9.6 0    60.7 0     3.7 0   116.2 0   908.4 0
 2019   9  1  9  2 56  2.933 115.57    -2.5 0     0.0 0     0.0 0    -0.3 0   276.4 0   282.38 0   282.04 0   341.6 0   282.20 0   282.15 0     0.0 0     0.7 0     0.0 0   -65.1 0   -65.1 0     9.5 0    61.2 0     3.6 0   112.6 0   908.4 0
 2019   9  1  9  2 57  2.950 115.77    -2.2 0     0.0 0     0.0 0    -0.3 0   275.8 0   282.34 0   281.99 0   341.4 0   282.19 0   282.13 0     0.0 0     0.7 0     0.0 0   -65.5 0   -65.5 0     9.4 0    61.4 0     3.7 0   115.4 0   908.5 0
 2019   9  1  9  2 58  2.967 115.97    -2.1 0     0.0 0     0.0 0    -0.3 0   275.4 0   282.30 0   281.95 0   341.2 0   282.17 0   282.12 0     0.0 0     0.8 0     0.0 0   -65.8 0   -65.8 0     9.4 0    61.3 0     3.4 0   116.1 0   908.5 0
 2019   9  1  9  2 59  2.983 116.17    -2.1 0     0.0 0     0.0 0    -0.3 0   274.7 0   282.26 0   281.88 0   340.5 0   282.14 0   282.07 0     0.0 0     0.8 0     0.0 0   -65.8 0   -65.8 0     9.4 0    62.0 0     2.9 0   107.8 0   908.5 0
 2019   9  1  9  3  0  3.000 116.36    -2.1 0     0.0 0     0.0 0    -0.3 0   274.4 0   282.22 0   281.82 0   340.1 0   282.12 0   282.03 0     0.0 0     0.9 0     0.0 0   -65.8 0   -65.8 0     9.2 0    62.9 0     2.6 0   104.1 0   908.5 0
 2019   9  1  9  3  1  3.017 116.56    -2.0 0     0.0 0     0.0 0    -0.3 0   274.4 0   282.16 0   281.76 0   339.5 0   282.08 0   281.98 0     0.0 0     0.9 0     0.0 0   -65.2 0   -65.2 0     9.1 0    64.0 0     2.0 0   103.0 0   908.5 0
 2019   9  1  9  3  2  3.033 116.76    -1.8 0     0.0 0     0.0 0    -0.3 0   274.1 0   282.11 0   281.71 0   339.3 0   282.04 0   281.94 0     0.0 0     0.9 0     0.0 0   -65.2 0   -65.2 0     8.9 0    64.5 0     2.2 0   100.9 0   908.6 0
 2019   9  1  9  3  3  3.050 116.96    -1.8 0     0.0 0     0.0 0    -0.3 0   273.3 0   282.06 0   281.65 0   339.0 0   282.00 0   281.91 0     0.0 0     0.9 0     0.0 0   -65.7 0   -65.7 0     8.9 0    64.6 0     2.1 0    90.4 0   908.6 0
 2019   9  1  9  3  4  3.067 117.16    -1.7 0     0.0 0     0.0 0    -0.3 0   273.1 0   282.00 0   281.61 0   338.3 0   281.97 0   281.84 0     0.0 0     1.1 0     0.0 0   -65.2 0   -65.2 0     8.8 0    65.2 0     2.1 0    61.4 0   908.6 0
 2019   9  1  9  3  5  3.083 117.35    -1.6 0     0.3 0     0.0 0    -0.3 0   272.1 0   281.96 0   281.56 0   337.5 0   281.93 0   281.78 0     0.0 0     1.2 0     0.0 0   -65.4 0   -65.4 0     8.7 0    66.3 0     2.2 0    40.0 0   908.6 0
 2019   9  1  9  3  6  3.100 117.55    -1.7 0     0.4 0     0.0 0    -0.3 0   272.1 0   281.91 0   281.52 0   337.2 0   281.87 0   281.72 0     0.0 0     1.1 0     0.0 0   -65.1 0   -65.1 0     8.5 0    67.1 0     2.4 0    54.5 0   908.6 0
 2019   9  1  9  3  7  3.117 117.75    -1.6 0     0.1 0     0.0 0    -0.3 0   272.6 0   281.86 0   281.50 0   337.3 0   281.82 0   281.69 0     0.0 0     1.2 0     0.0 0   -64.6 0   -64.6 0     8.5 0    66.9 0     2.1 0    52.0 0   908.6 0
 2019   9  1  9  3  8  3.133 117.95    -1.9 0     0.0 0     0.0 0    -0.3 0   273.2 0   281.84 0   281.56 0   337.0 0   281.78 0   281.64 0     0.0 0     1.3 0     0.0 0   -63.8 0   -63.8 0     8.5 0    66.9 0     2.5 0    41.5 0   908.6 0
 2019   9  1  9  3  9  3.150 118.15    -2.1 0     0.0 0     0.0 0    -0.3 0   273.0 0   281.82 0   281.58 0   337.7 0   281.73 0   281.64 0     0.0 0     1.2 0     0.0 0   -64.7 0   -64.7 0     8.6 0    66.3 0     3.0 0    59.3 0   908.7 0
 2019   9  1  9  3 10  3.167 118.35    -2.1 0    -0.4 0     0.0 0    -0.2 0   273.8 0   281.84 0   281.63 0   338.1 0   281.70 0   281.64 0     0.0 0     1.1 0     0.0 0   -64.3 0   -64.3 0     8.8 0    65.0 0     2.8 0    70.2 0   908.7 0
 2019   9  1  9  3 11  3.183 118.55    -2.4 0    -0.4 0     0.0 0    -0.1 0   273.6 0   281.85 0   281.67 0   338.2 0   281.69 0   281.62 0     0.0 0     1.2 0     0.0 0   -64.5 0   -64.5 0     8.9 0    64.4 0     1.6 0    49.6 0   908.7 0
 2019   9  1  9  3 12  3.200 118.75    -2.1 0    -0.4 0     0.0 0    -0.1 0   273.5 0   281.88 0   281.67 0   338.1 0   281.66 0   281.60 0     0.0 0     1.1 0     0.0 0   -64.7 0   -64.7 0     8.9 0    64.2 0     2.4 0    60.4 0   908.7 0
 2019   9  1  9  3 13  3.217 118.94    -2.1 0    -0.3 0     0.0 0    -0.3 0   273.1 0   281.89 0   281.62 0   337.8 0   281.65 0   281.57 0     0.0 0     1.2 0     0.0 0   -64.7 0   -64.7 0     8.9 0    64.2 0     2.4 0    64.2 0   908.7 0
 2019   9  1  9  3 14  3.233 119.14    -2.1 0     0.0 0     0.0 0    -0.3 0   273.1 0   281.89 0   281.57 0   337.6 0   281.62 0   281.54 0     0.0 0     1.1 0     0.0 0   -64.5 0   -64.5 0     8.8 0    64.9 0     2.9 0    81.2 0   908.7 0
 2019   9  1  9  3 15  3.250 119.34    -2.1 0     0.0 0     0.0 0    -0.3 0   272.6 0   281.86 0   281.51 0   337.6 0   281.59 0   281.51 0     0.0 0     1.1 0     0.0 0   -65.0 0   -65.0 0     8.8 0    65.4 0     3.2 0    88.6 0   908.8 0
 2019   9  1  9  3 16  3.267 119.54    -2.1 0    -0.1 0     0.0 0    -0.3 0   273.1 0   281.83 0   281.45 0   337.7 0   281.56 0   281.50 0     0.0 0     1.0 0     0.0 0   -64.6 0   -64.6 0     8.7 0    65.0 0     3.3 0    94.0 0   908.7 0
 2019   9  1  9  3 17  3.283 119.74    -2.1 0    -0.4 0     0.0 0    -0.3 0   272.8 0   281.79 0   281.45 0   337.8 0   281.55 0   281.52 0     0.0 0     0.9 0     0.0 0   -65.0 0   -65.0 0     8.9 0    63.7 0     2.9 0   100.5 0   908.8 0
 2019   9  1  9  3 18  3.300 119.94    -2.1 0    -0.4 0     0.0 0    -0.3 0   272.9 0   281.76 0   281.41 0   337.9 0   281.55 0   281.51 0     0.0 0     0.9 0     0.0 0   -65.0 0   -65.0 0     9.0 0    63.4 0     2.8 0    89.2 0   908.8 0
 2019   9  1  9  3 19  3.317 120.14    -2.1 0    -0.4 0     0.0 0    -0.3 0   273.0 0   281.73 0   281.40 0   337.9 0   281.55 0   281.50 0     0.0 0     0.9 0     0.0 0   -65.0 0   -65.0 0     9.1 0    63.6 0     2.5 0    90.6 0   908.8 0
 2019   9  1  9  3 20  3.333 120.34    -2.1 0    -0.4 0     0.0 0    -0.3 0   273.2 0   281.70 0   281.39 0   337.9 0   281.54 0   281.51 0     0.0 0     0.9 0     0.0 0   -64.8 0   -64.8 0     9.1 0    62.9 0     2.4 0    92.5 0   908.9 0
 2019   9  1  9  3 21  3.350 120.54    -2.3 0    -0.4 0     0.0 0    -0.3 0   273.3 0   281.68 0   281.42 0   337.9 0   281.53 0   281.50 0     0.0 0     0.9 0     0.0 0   -64.6 0   -64.6 0     9.1 0    62.9 0     2.3 0    94.5 0   908.9 0
 2019   9  1  9  3 22  3.367 120.74    -2.5 0    -0.3 0     0.0 0    -0.3 0   273.2 0   281.67 0   281.40 0   337.8 0   281.52 0   281.49 0     0.0 0     0.9 0     0.0 0   -64.6 0   -64.6 0     9.1 0    63.0 0     2.3 0   105.8 0   908.9 0
 2019   9  1  9  3 23  3.383 120.94    -2.5 0    -0.1 0     0.0 0    -0.3 0   272.9 0   281.65 0   281.40 0   337.9 0   281.52 0   281.49 0     0.0 0     0.9 0     0.0 0   -65.0 0   -65.0 0     9.1 0    62.8 0     2.3 0   100.4 0   908.9 0
 2019   9  1  9  3 24  3.400 121.14    -2.5 0     0.0 0     0.0 0    -0.1 0   273.5 0   281.65 0   281.43 0   337.8 0   281.50 0   281.48 0     0.0 0     0.9 0     0.0 0   -64.3 0   -64.3 0     9.1 0    62.8 0     2.7 0   109.6 0   908.9 0
 2019   9  1  9  3 25  3.417 121.34    -2.5 0    -0.4 0     0.0 0     0.0 0   273.5 0   281.65 0   281.48 0   338.3 0   281.50 0   281.50 0     0.0 0     0.9 0     0.0 0   -64.7 0   -64.7 0     9.1 0    62.2 0     2.4 0   111.7 0   908.9 0
 2019   9  1  9  3 26  3.433 121.53    -2.5 0    -0.3 0     0.0 0    -0.1 0   273.5 0   281.67 0   281.45 0   338.1 0   281.50 0   281.48 0     0.0 0     0.9 0     0.0 0   -64.6 0   -64.6 0     9.2 0    62.3 0     1.6 0   120.7 0   908.9 0
 2019   9  1  9  3 27  3.450 121.73    -2.5 0     0.0 0     0.0 0    -0.3 0   273.2 0   281.67 0   281.43 0   337.9 0   281.49 0   281.45 0     0.0 0     0.8 0     0.0 0   -64.8 0   -64.8 0     9.1 0    62.7 0     1.3 0   129.6 0   908.9 0
 2019   9  1  9  3 28  3.467 121.93    -2.5 0     0.0 0     0.0 0    -0.3 0   273.1 0   281.67 0   281.40 0   337.6 0   281.47 0   281.44 0     0.0 0     0.8 0     0.0 0   -64.5 0   -64.5 0     9.1 0    63.1 0     1.3 0   137.3 0   908.9 0
 2019   9  1  9  3 29  3.483 122.13    -2.3 0     0.0 0     0.0 0    -0.3 0   273.2 0   281.65 0   281.36 0   337.4 0   281.45 0   281.41 0     0.0 0     0.7 0     0.0 0   -64.2 0   -64.2 0     9.0 0    63.6 0     1.3 0   157.8 0   908.9 0
 2019   9  1  9  3 30  3.500 122.33    -2.1 0     0.0 0     0.0 0    -0.3 0   272.9 0   281.62 0   281.29 0   337.5 0   281.44 0   281.40 0     0.0 0     0.5 0     0.0 0   -64.6 0   -64.6 0     8.9 0    64.1 0     1.4 0   171.4 0   908.9 0
 2019   9  1  9  3 31  3.517 122.53    -2.1 0     0.0 0     0.0 0    -0.3 0   272.9 0   281.58 0   281.24 0   337.0 0   281.41 0   281.38 0     0.0 0     0.7 0     0.0 0   -64.1 0   -64.1 0     8.8 0    64.3 0     1.2 0   161.9 0   908.9 0
 2019   9  1  9  3 32  3.533 122.73    -2.1 0     0.0 0     0.0 0    -0.3 0   272.7 0   281.54 0   281.20 0   336.7 0   281.39 0   281.35 0     0.0 0     0.6 0     0.0 0   -64.0 0   -64.0 0     8.8 0    64.6 0     1.1 0   158.4 0   909.0 0
 2019   9  1  9  3 33  3.550 122.93    -1.9 0     0.0 0     0.0 0    -0.3 0   272.8 0   281.50 0   281.16 0   336.3 0   281.37 0   281.32 0     0.0 0     0.6 0     0.0 0   -63.5 0   -63.5 0     8.7 0    65.0 0     0.2 0   167.6 0   909.0 0
 2019   9  1  9  3 34  3.567 123.13    -1.6 0     0.0 0     0.0 0    -0.3 0   271.5 0   281.45 0   281.01 0   336.5 0   281.35 0   281.30 0     0.0 0     0.6 0     0.0 0   -65.0 0   -65.0 0     8.7 0    65.3 0     0.3 0   158.4 0   909.0 0
 2019   9  1  9  3 35  3.583 123.33    -1.6 0     0.0 0     0.0 0    -0.3 0   271.9 0   281.36 0   280.86 0   336.4 0   281.31 0   281.25 0     0.0 0     0.5 0     0.0 0   -64.4 0   -64.4 0     8.6 0    66.2 0     0.9 0   318.5 0   909.0 0
 2019   9  1  9  3 36  3.600 123.53    -1.2 0     0.4 0     0.2 0    -0.3 0   273.3 0   281.25 0   280.77 0   336.7 0   281.26 0   281.15 0     0.0 0     0.3 0     0.0 0   -63.4 0   -63.4 0     8.3 0    68.6 0     1.7 0   330.7 0   909.0 0
 2019   9  1  9  3 37  3.617 123.73    -1.5 0     0.4 0     0.0 0    -0.3 0   274.6 0   281.15 0   280.78 0   337.1 0   281.20 0   281.10 0     0.0 0     0.2 0     0.0 0   -62.5 0   -62.5 0     8.0 0    70.5 0     2.3 0   341.5 0   909.0 0
 2019   9  1  9  3 38  3.633 123.93    -1.6 0     0.1 0     0.0 0    -0.3 0   274.8 0   281.09 0   280.79 0   337.7 0   281.15 0   281.10 0     0.0 0     0.2 0     0.0 0   -63.0 0   -63.0 0     8.0 0    70.4 0     2.0 0   355.1 0   909.0 0
 2019   9  1  9  3 39  3.650 124.13    -1.6 0     0.0 0     0.0 0    -0.3 0   274.4 0   281.06 0   280.76 0   337.0 0   281.13 0   281.09 0     0.0 0     0.6 0     0.0 0   -62.5 0   -62.5 0     8.1 0    69.2 0     1.8 0   356.7 0   909.1 0
 2019   9  1  9  3 40  3.667 124.33    -1.6 0    -0.4 0     0.0 0    -0.3 0   273.6 0   281.04 0   280.76 0   336.2 0   281.11 0   281.08 0     0.0 0     0.8 0     0.0 0   -62.6 0   -62.6 0     8.2 0    68.3 0     1.4 0     1.2 0   909.1 0
 2019   9  1  9  3 41  3.683 124.53    -1.6 0    -0.4 0     0.0 0    -0.3 0   273.1 0   281.03 0   280.74 0   335.3 0   281.10 0   281.04 0     0.0 0     1.0 0     0.0 0   -62.2 0   -62.2 0     8.3 0    68.0 0     1.5 0    27.3 0   909.1 0
 2019   9  1  9  3 42  3.700 124.73    -1.9 0    -0.4 0     0.0 0    -0.2 0   273.4 0   281.00 0   280.77 0   335.5 0   281.07 0   281.05 0     0.0 0     1.2 0     0.0 0   -62.1 0   -62.1 0     8.4 0    66.6 0     0.9 0    50.8 0   909.1 0
 2019   9  1  9  3 43  3.717 124.93    -2.1 0    -0.4 0     0.0 0    -0.1 0   273.6 0   281.02 0   280.80 0   335.6 0   281.07 0   281.03 0     0.0 0     1.2 0     0.0 0   -62.0 0   -62.0 0     8.6 0    65.5 0     1.0 0    56.5 0   909.1 0
 2019   9  1  9  3 44  3.733 125.13    -2.1 0    -0.4 0     0.0 0    -0.1 0   274.3 0   281.03 0   280.82 0   335.0 0   281.05 0   281.02 0     0.0 0     1.3 0     0.0 0   -60.7 0   -60.7 0     8.7 0    65.1 0     1.1 0    32.3 0   909.1 0
 2019   9  1  9  3 45  3.750 125.34    -2.1 0    -0.4 0     0.0 0     0.0 0   273.9 0   281.05 0   280.86 0   334.8 0   281.05 0   281.01 0     0.0 0     1.3 0     0.0 0   -60.9 0   -60.9 0     8.7 0    64.9 0     1.5 0    31.3 0   909.0 0
 2019   9  1  9  3 46  3.767 125.54    -2.1 0    -0.4 0     0.0 0     0.0 0   273.9 0   281.07 0   280.92 0   334.8 0   281.05 0   280.99 0     0.0 0     1.3 0     0.0 0   -60.9 0   -60.9 0     8.7 0    64.9 0     1.5 0    51.1 0   909.0 0
 2019   9  1  9  3 47  3.783 125.74    -2.1 0    -0.1 0     0.0 0    -0.1 0   274.0 0   281.11 0   280.91 0   334.6 0   281.03 0   280.97 0     0.0 0     1.2 0     0.0 0   -60.6 0   -60.6 0     8.7 0    65.1 0     1.7 0    58.7 0   909.0 0
 2019   9  1  9  3 48  3.800 125.94    -2.1 0    -0.4 0     0.0 0    -0.2 0   274.0 0   281.12 0   280.86 0   335.0 0   281.02 0   280.97 0     0.0 0     1.2 0     0.0 0   -61.1 0   -61.1 0     8.7 0    64.8 0     1.4 0    60.8 0   909.0 0
 2019   9  1  9  3 49  3.817 126.14    -2.1 0    -0.4 0     0.0 0    -0.3 0   274.0 0   281.12 0   280.86 0   334.7 0   281.00 0   280.97 0     0.0 0     1.1 0     0.0 0   -60.7 0   -60.7 0     8.7 0    64.4 0     1.5 0    71.1 0   909.0 0
 2019   9  1  9  3 50  3.833 126.34    -2.1 0    -0.4 0     0.0 0    -0.1 0   274.6 0   281.12 0   280.92 0   334.7 0   281.00 0   280.96 0     0.0 0     1.1 0     0.0 0   -60.1 0   -60.1 0     8.8 0    64.1 0     1.5 0    73.0 0   909.0 0
 2019   9  1  9  3 51  3.850 126.54    -2.2 0    -0.4 0     0.0 0    -0.1 0   275.2 0   281.15 0   280.98 0   335.0 0   281.00 0   280.95 0     0.0 0     1.3 0     0.0 0   -59.8 0   -59.8 0     8.8 0    63.9 0     1.6 0    70.7 0   909.0 0
 2019   9  1  9  3 52  3.867 126.74    -2.1 0    -0.4 0     0.0 0     0.0 0   275.0 0   281.18 0   281.00 0   334.7 0   281.00 0   280.95 0     0.0 0     1.2 0     0.0 0   -59.7 0   -59.7 0     8.8 0    64.0 0     1.7 0    65.1 0   909.0 0
 2019   9  1  9  3 53  3.883 126.94    -2.1 0    -0.4 0     0.0 0    -0.1 0   274.6 0   281.20 0   281.01 0   334.6 0   281.00 0   280.93 0     0.0 0     1.2 0     0.0 0   -60.1 0   -60.1 0     8.8 0    64.2 0     2.3 0    61.0 0   909.0 0
 2019   9  1  9  3 54  3.900 127.14    -2.1 0    -0.4 0     0.0 0    -0.2 0   274.3 0   281.22 0   280.98 0   334.0 0   280.98 0   280.92 0     0.0 0     1.2 0     0.0 0   -59.7 0   -59.7 0     8.7 0    64.5 0     2.2 0    52.2 0   909.0 0
 2019   9  1  9  3 55  3.917 127.34    -2.1 0    -0.4 0     0.0 0    -0.2 0   274.4 0   281.24 0   281.00 0   334.0 0   280.97 0   280.92 0     0.0 0     1.3 0     0.0 0   -59.6 0   -59.6 0     8.7 0    64.6 0     1.9 0    52.6 0   908.9 0
 2019   9  1  9  3 56  3.933 127.54    -2.1 0    -0.4 0     0.0 0    -0.1 0   274.2 0   281.25 0   281.03 0   334.1 0   280.97 0   280.92 0     0.0 0     1.3 0     0.0 0   -59.9 0   -59.9 0     8.7 0    64.4 0     1.9 0    52.7 0   908.9 0
 2019   9  1  9  3 57  3.950 127.74    -2.2 0    -0.4 0     0.0 0    -0.1 0   274.2 0   281.26 0   281.05 0   334.0 0   280.97 0   280.91 0     0.0 0     1.3 0     0.0 0   -59.8 0   -59.8 0     8.7 0    64.3 0     2.2 0    42.9 0   909.0 0
 2019   9  1  9  3 58  3.967 127.94    -2.2 0    -0.4 0     0.0 0    -0.2 0   273.8 0   281.29 0   281.03 0   333.6 0   280.96 0   280.90 0     0.0 0     1.3 0     0.0 0   -59.8 0   -59.8 0     8.7 0    65.0 0     2.7 0    34.7 0   909.0 0
 2019   9  1  9  3 59  3.983 128.14    -2.3 0    -0.4 0     0.0 0    -0.3 0   273.3 0   281.29 0   280.98 0   333.4 0   280.95 0   280.90 0     0.0 0     1.3 0     0.0 0   -60.0 0   -60.0 0     8.6 0    66.0 0     2.8 0    36.3 0   909.0 0
 2019   9  1  9  4  0  4.000 128.34    -2.1 0    -0.3 0     0.0 0    -0.3 0   272.9 0   281.27 0   280.92 0   333.2 0   280.95 0   280.86 0     0.0 0     1.3 0     0.0 0   -60.3 0   -60.3 0     8.6 0    66.4 0     2.9 0    34.7 0   909.0 0
 2019   9  1  9  4  1  4.017 128.54    -2.1 0     0.0 0     0.0 0    -0.3 0   272.5 0   281.24 0   280.91 0   332.7 0   280.93 0   280.84 0     0.0 0     1.3 0     0.0 0   -60.2 0   -60.2 0     8.4 0    67.3 0     2.4 0    39.5 0   909.0 0
 2019   9  1  9  4  2  4.033 128.74    -2.0 0     0.0 0     0.0 0    -0.3 0   271.9 0   281.22 0   280.80 0   332.5 0   280.91 0   280.79 0     0.0 0     1.3 0     0.0 0   -60.6 0   -60.6 0     8.2 0    68.7 0     2.6 0    46.8 0   909.0 0
 2019   9  1  9  4  3  4.050 128.94    -1.7 0     0.0 0     0.0 0    -0.3 0   271.7 0   281.17 0   280.69 0   332.3 0   280.87 0   280.75 0     0.0 0     1.4 0     0.0 0   -60.6 0   -60.6 0     8.0 0    69.9 0     2.4 0    41.9 0   909.0 0
 2019   9  1  9  4  4  4.067 129.14    -1.6 0     0.0 0     0.0 0    -0.3 0   272.1 0   281.10 0   280.67 0   332.1 0   280.84 0   280.72 0     0.0 0     1.5 0     0.0 0   -60.0 0   -60.0 0     7.9 0    70.5 0     2.5 0    37.0 0   909.0 0
 2019   9  1  9  4  5  4.083 129.34    -1.9 0     0.2 0     0.0 0    -0.3 0   271.2 0   281.05 0   280.63 0   331.8 0   280.80 0   280.67 0     0.0 0     1.4 0     0.0 0   -60.5 0   -60.5 0     7.8 0    71.0 0     3.0 0    48.1 0   909.0 0
 2019   9  1  9  4  6  4.100 129.54    -1.7 0     0.0 0     0.0 0    -0.3 0   271.7 0   280.99 0   280.58 0   332.0 0   280.76 0   280.67 0     0.0 0     1.5 0     0.0 0   -60.3 0   -60.3 0     7.8 0    70.9 0     2.8 0    30.2 0   909.0 0
 2019   9  1  9  4  7  4.117 129.74    -2.1 0    -0.3 0     0.0 0    -0.3 0   271.9 0   280.95 0   280.53 0   332.4 0   280.75 0   280.67 0     0.0 0     1.6 0     0.0 0   -60.4 0   -60.4 0     7.9 0    69.8 0     2.9 0    14.9 0   909.0 0
 2019   9  1  9  4  8  4.133 129.95    -1.9 0    -0.4 0     0.0 0    -0.3 0   271.0 0   280.89 0   280.40 0   332.1 0   280.73 0   280.66 0     0.0 0     1.6 0     0.0 0   -61.1 0   -61.1 0     8.1 0    69.1 0     2.4 0    23.5 0   909.0 0
 2019   9  1  9  4  9  4.150 130.15    -1.6 0    -0.1 0     0.0 0    -0.3 0   270.8 0   280.81 0   280.30 0   331.3 0   280.71 0   280.56 0     0.0 0     1.6 0     0.0 0   -60.5 0   -60.5 0     8.0 0    69.8 0     2.0 0    33.9 0   909.1 0
 2019   9  1  9  4 10  4.167 130.35    -1.6 0     0.3 0     0.0 0    -0.3 0   270.4 0   280.73 0   280.23 0   330.8 0   280.66 0   280.50 0     0.0 0     1.6 0     0.0 0   -60.4 0   -60.4 0     7.6 0    71.7 0     2.2 0    43.0 0   909.1 0
 2019   9  1  9  4 11  4.183 130.55    -1.3 0     0.4 0     0.0 0    -0.3 0   270.4 0   280.65 0   280.15 0   330.6 0   280.61 0   280.45 0     0.0 0     1.6 0     0.0 0   -60.2 0   -60.2 0     7.3 0    73.6 0     2.8 0    38.7 0   909.1 0
 2019   9  1  9  4 12  4.200 130.75    -1.6 0     0.4 0     0.0 0    -0.3 0   270.6 0   280.57 0   280.13 0   330.5 0   280.56 0   280.40 0     0.0 0     1.6 0     0.0 0   -59.9 0   -59.9 0     7.2 0    74.3 0     2.6 0    43.5 0   909.1 0
 2019   9  1  9  4 13  4.217 130.95    -1.6 0     0.3 0     0.0 0    -0.3 0   270.3 0   280.51 0   280.08 0   330.2 0   280.51 0   280.36 0     0.0 0     1.6 0     0.0 0   -59.9 0   -59.9 0     7.3 0    74.0 0     2.2 0    42.6 0   909.0 0
 2019   9  1  9  4 14  4.233 131.15    -1.6 0     0.0 0     0.0 0    -0.3 0   270.0 0   280.45 0   280.03 0   330.1 0   280.46 0   280.32 0     0.0 0     1.6 0     0.0 0   -60.1 0   -60.1 0     7.2 0    74.2 0     2.1 0    41.7 0   909.0 0
 2019   9  1  9  4 15  4.250 131.35    -1.6 0     0.0 0     0.0 0    -0.3 0   270.4 0   280.40 0   279.96 0   329.9 0   280.42 0   280.26 0     0.0 0     1.6 0     0.0 0   -59.4 0   -59.4 0     7.2 0    74.5 0     2.0 0    35.3 0   909.1 0
 2019   9  1  9  4 16  4.267 131.55    -1.6 0     0.0 0     0.0 0    -0.3 0   270.7 0   280.35 0   279.97 0   329.9 0   280.37 0   280.22 0     0.0 0     1.6 0     0.0 0   -59.2 0   -59.2 0     7.1 0    75.0 0     2.3 0    37.7 0   909.1 0
 2019   9  1  9  4 17  4.283 131.75    -1.6 0     0.0 0     0.0 0    -0.3 0   270.2 0   280.31 0   279.97 0   329.6 0   280.32 0   280.19 0     0.0 0     1.6 0     0.0 0   -59.4 0   -59.4 0     7.2 0    74.1 0     2.2 0    45.3 0   909.1 0
 2019   9  1  9  4 18  4.300 131.95    -1.6 0     0.0 0     0.0 0    -0.3 0   269.9 0   280.27 0   279.89 0   329.9 0   280.28 0   280.16 0     0.0 0     1.6 0     0.0 0   -60.0 0   -60.0 0     7.2 0    74.3 0     2.1 0    38.6 0   909.0 0
 2019   9  1  9  4 19  4.317 132.15    -1.6 0    -0.2 0     0.0 0    -0.3 0   270.4 0   280.25 0   279.87 0   330.0 0   280.25 0   280.15 0     0.0 0     1.6 0     0.0 0   -59.6 0   -59.6 0     7.3 0    73.8 0     2.2 0    34.2 0   909.0 0
 2019   9  1  9  4 20  4.333 132.35    -1.6 0    -0.1 0     0.0 0    -0.3 0   270.6 0   280.21 0   279.87 0   329.5 0   280.22 0   280.09 0     0.0 0     1.6 0     0.0 0   -58.9 0   -58.9 0     7.3 0    73.4 0     2.4 0    35.6 0   909.0 0
 2019   9  1  9  4 21  4.350 132.55    -1.6 0     0.0 0     0.0 0    -0.3 0   269.7 0   280.19 0   279.83 0   329.5 0   280.18 0   280.04 0     0.0 0     1.6 0     0.0 0   -59.8 0   -59.8 0     7.2 0    74.1 0     2.3 0    50.2 0   909.0 0
 2019   9  1  9  4 22  4.367 132.75    -1.6 0     0.0 0     0.0 0    -0.3 0   269.8 0   280.16 0   279.74 0   329.2 0   280.14 0   279.99 0     0.0 0     1.6 0     0.0 0   -59.4 0   -59.4 0     7.0 0    74.8 0     1.9 0    50.8 0   909.0 0
 2019   9  1  9  4 23  4.383 132.95    -1.6 0     0.2 0     0.0 0    -0.3 0   269.9 0   280.11 0   279.72 0   328.9 0   280.09 0   279.93 0     0.0 0     1.6 0     0.0 0   -59.0 0   -59.0 0     6.8 0    75.9 0     2.3 0    46.8 0   909.0 0
 2019   9  1  9  4 24  4.400 133.15    -1.6 0     0.3 0     0.0 0    -0.3 0   270.5 0   280.07 0   279.73 0   328.7 0   280.05 0   279.88 0     0.0 0     1.6 0     0.0 0   -58.2 0   -58.2 0     6.8 0    76.6 0     2.2 0    47.0 0   909.0 0
 2019   9  1  9  4 25  4.417 133.35    -1.6 0     0.1 0     0.0 0    -0.2 0   270.4 0   280.06 0   279.76 0   328.8 0   280.00 0   279.84 0     0.0 0     1.6 0     0.0 0   -58.3 0   -58.3 0     6.7 0    77.1 0     2.6 0    46.7 0   909.0 0
 2019   9  1  9  4 26  4.433 133.55    -1.6 0     0.0 0     0.0 0    -0.1 0   270.3 0   280.05 0   279.76 0   329.1 0   279.96 0   279.84 0     0.0 0     1.6 0     0.0 0   -58.9 0   -58.9 0     6.9 0    76.5 0     2.9 0    51.5 0   909.0 0
 2019   9  1  9  4 27  4.450 133.75    -1.6 0    -0.3 0     0.0 0    -0.3 0   269.6 0   280.04 0   279.73 0   329.2 0   279.94 0   279.83 0     0.0 0     1.6 0     0.0 0   -59.6 0   -59.6 0     7.2 0    74.2 0     2.9 0    51.0 0   909.0 0
 2019   9  1  9  4 28  4.467 133.95    -1.6 0    -0.3 0     0.0 0    -0.3 0   269.5 0   280.03 0   279.70 0   329.1 0   279.91 0   279.81 0     0.0 0     1.6 0     0.0 0   -59.6 0   -59.6 0     7.3 0    73.1 0     3.0 0    56.0 0   909.0 0
 2019   9  1  9  4 29  4.483 134.15    -1.6 0     0.0 0     0.0 0    -0.3 0   269.2 0   280.01 0   279.67 0   328.9 0   279.89 0   279.78 0     0.0 0     1.6 0     0.0 0   -59.8 0   -59.8 0     7.3 0    73.6 0     2.7 0    56.9 0   909.0 0
 2019   9  1  9  4 30  4.500 134.35    -1.6 0     0.0 0     0.0 0    -0.3 0   268.8 0   280.00 0   279.66 0   328.6 0   279.87 0   279.74 0     0.0 0     1.6 0     0.0 0   -59.8 0   -59.8 0     7.1 0    74.6 0     2.2 0    57.6 0   909.1 0
 2019   9  1  9  4 31  4.517 134.55    -1.6 0     0.0 0     0.0 0    -0.3 0   268.4 0   279.97 0   279.59 0   328.6 0   279.83 0   279.72 0     0.0 0     1.6 0     0.0 0   -60.2 0   -60.2 0     6.9 0    75.6 0     2.3 0    61.1 0   909.1 0
 2019   9  1  9  4 32  4.533 134.75    -1.6 0     0.0 0     0.0 0    -0.3 0   268.5 0   279.94 0   279.52 0   328.8 0   279.81 0   279.69 0     0.0 0     1.6 0     0.0 0   -60.3 0   -60.3 0     6.9 0    75.9 0     2.3 0    62.7 0   909.1 0
 2019   9  1  9  4 33  4.550 134.95    -1.6 0    -0.1 0     0.0 0    -0.3 0   268.5 0   279.90 0   279.47 0   328.9 0   279.78 0   279.67 0     0.0 0     1.6 0     0.0 0   -60.4 0   -60.4 0     7.0 0    75.6 0     2.4 0    60.3 0   909.1 0
 2019   9  1  9  4 34  4.567 135.15    -1.6 0    -0.4 0     0.0 0    -0.3 0   269.0 0   279.85 0   279.47 0   328.9 0   279.77 0   279.67 0     0.0 0     1.6 0     0.0 0   -59.9 0   -59.9 0     7.1 0    74.5 0     2.4 0    59.6 0   909.1 0
 2019   9  1  9  4 35  4.583 135.35    -1.6 0    -0.6 0     0.0 0    -0.3 0   269.3 0   279.82 0   279.47 0   329.3 0   279.77 0   279.70 0     0.0 0     1.6 0     0.0 0   -60.0 0   -60.0 0     7.5 0    72.3 0     2.4 0    61.1 0   909.1 0
 2019   9  1  9  4 36  4.600 135.55    -1.6 0    -0.9 0     0.0 0    -0.3 0   269.6 0   279.79 0   279.50 0   329.4 0   279.77 0   279.74 0     0.0 0     1.6 0     0.0 0   -59.8 0   -59.8 0     8.0 0    68.9 0     2.4 0    62.2 0   909.0 0
 2019   9  1  9  4 37  4.617 135.75    -1.6 0    -1.3 0     0.0 0    -0.3 0   270.1 0   279.79 0   279.53 0   329.7 0   279.79 0   279.78 0     0.0 0     1.6 0     0.0 0   -59.7 0   -59.7 0     8.4 0    66.4 0     2.4 0    64.9 0   909.0 0
 2019   9  1  9  4 38  4.633 135.95    -1.6 0    -1.3 0     0.0 0    -0.3 0   269.9 0   279.79 0   279.53 0   329.7 0   279.83 0   279.83 0     0.0 0     1.5 0     0.0 0   -59.9 0   -59.9 0     8.7 0    64.8 0     2.5 0    64.9 0   909.0 0
 2019   9  1  9  4 39  4.650 136.15    -1.6 0    -1.6 0     0.0 0    -0.3 0   270.0 0   279.79 0   279.49 0   330.0 0   279.88 0   279.91 0     0.0 0     1.5 0     0.0 0   -60.0 0   -60.0 0     8.9 0    63.3 0     2.5 0    66.8 0   909.0 0
 2019   9  1  9  4 40  4.667 136.35    -1.6 0    -1.7 0     0.0 0    -0.3 0   270.6 0   279.79 0   279.47 0   329.9 0   279.94 0   279.97 0     0.0 0     1.6 0     0.0 0   -59.3 0   -59.3 0     9.1 0    62.3 0     2.5 0    67.0 0   909.0 0
 2019   9  1  9  4 41  4.683 136.55    -1.8 0    -1.6 0     0.0 0    -0.3 0   270.6 0   279.77 0   279.46 0   330.5 0   280.00 0   280.02 0     0.0 0     1.6 0     0.0 0   -59.9 0   -59.9 0     9.3 0    61.6 0     2.3 0    66.5 0   909.0 0
 2019   9  1  9  4 42  4.700 136.75    -2.0 0    -1.5 0     0.0 0    -0.3 0   270.6 0   279.77 0   279.46 0   330.5 0   280.06 0   280.08 0     0.0 0     1.5 0     0.0 0   -59.9 0   -59.9 0     9.3 0    61.2 0     2.4 0    65.8 0   909.0 0
 2019   9  1  9  4 43  4.717 136.95    -2.1 0    -1.3 0     0.0 0    -0.3 0   270.8 0   279.75 0   279.45 0   330.4 0   280.13 0   280.14 0     0.0 0     1.6 0     0.0 0   -59.6 0   -59.6 0     9.4 0    60.9 0     2.4 0    66.3 0   909.0 0
 2019   9  1  9  4 44  4.733 137.15    -2.1 0    -1.3 0     0.0 0    -0.3 0   270.5 0   279.74 0   279.41 0   330.2 0   280.19 0   280.19 0     0.0 0     1.6 0     0.0 0   -59.8 0   -59.8 0     9.4 0    60.8 0     2.4 0    67.5 0   909.0 0
 2019   9  1  9  4 45  4.750 137.35    -2.1 0    -1.0 0     0.0 0    -0.3 0   269.8 0   279.72 0   279.38 0   330.0 0   280.24 0   280.23 0     0.0 0     1.4 0     0.0 0   -60.2 0   -60.2 0     9.2 0    62.0 0     2.5 0    70.0 0   909.0 0
 2019   9  1  9  4 46  4.767 137.55    -2.1 0    -1.1 0     0.0 0    -0.3 0   270.3 0   279.70 0   279.40 0   330.4 0   280.28 0   280.29 0     0.0 0     1.4 0     0.0 0   -60.0 0   -60.0 0     9.1 0    62.3 0     2.5 0    74.5 0   909.0 0
 2019   9  1  9  4 47  4.783 137.75    -2.1 0    -1.0 0     0.0 0    -0.1 0   271.1 0   279.69 0   279.45 0   330.9 0   280.33 0   280.34 0     0.0 0     1.5 0     0.0 0   -59.8 0   -59.8 0     9.2 0    62.0 0     2.3 0    76.1 0   909.0 0
 2019   9  1  9  4 48  4.800 137.95    -2.1 0    -1.0 0     0.0 0     0.0 0   271.2 0   279.70 0   279.49 0   331.1 0   280.38 0   280.39 0     0.0 0     1.3 0     0.0 0   -59.9 0   -59.9 0     9.2 0    61.5 0     2.1 0    77.4 0   909.0 0
 2019   9  1  9  4 49  4.817 138.14    -2.1 0    -0.8 0     0.0 0     0.0 0   271.0 0   279.72 0   279.52 0   331.0 0   280.42 0   280.43 0     0.0 0     1.3 0     0.0 0   -60.0 0   -60.0 0     9.3 0    61.2 0     2.1 0    77.9 0   909.1 0
 2019   9  1  9  4 50  4.833 138.34    -2.1 0    -0.8 0     0.0 0     0.0 0   270.4 0   279.74 0   279.53 0   330.8 0   280.46 0   280.48 0     0.0 0     1.3 0     0.0 0   -60.3 0   -60.3 0     9.3 0    60.9 0     2.3 0    78.5 0   909.1 0
 2019   9  1  9  4 51  4.850 138.54    -2.1 0    -0.7 0     0.0 0    -0.1 0   270.2 0   279.77 0   279.52 0   329.3 0   280.50 0   280.47 0     0.0 0     1.3 0     0.0 0   -59.1 0   -59.1 0     9.2 0    61.5 0     2.3 0    74.6 0   909.1 0
 2019   9  1  9  4 52  4.867 138.74    -2.1 0     0.0 0     0.0 0    -0.2 0   270.0 0   279.77 0   279.51 0   328.8 0   280.50 0   280.38 0     0.0 0     1.3 0     0.0 0   -58.8 0   -58.8 0     8.6 0    65.3 0     2.3 0    68.6 0   909.1 0
 2019   9  1  9  4 53  4.883 138.94    -2.1 0     0.2 0     0.0 0    -0.2 0   270.4 0   279.78 0   279.56 0   328.9 0   280.48 0   280.36 0     0.0 0     1.3 0     0.0 0   -58.5 0   -58.5 0     8.2 0    67.3 0     2.2 0    70.2 0   909.1 0
 2019   9  1  9  4 54  4.900 139.14    -2.1 0    -0.2 0     0.0 0     0.0 0   271.2 0   279.81 0   279.70 0   329.1 0   280.46 0   280.41 0     0.0 0     1.3 0     0.0 0   -57.9 0   -57.9 0     8.5 0    64.9 0     2.1 0    71.4 0   909.1 0
 2019   9  1  9  4 55  4.917 139.34    -2.1 0    -0.8 0    -0.3 0     0.0 0   271.5 0   279.87 0   279.81 0   329.7 0   280.47 0   280.45 0     0.0 0     1.3 0     0.0 0   -58.2 0   -58.2 0     8.9 0    62.7 0     1.9 0    71.6 0   909.1 0
 2019   9  1  9  4 56  4.933 139.53    -2.1 0    -0.8 0    -0.4 0     0.0 0   272.0 0   279.94 0   279.89 0   330.3 0   280.50 0   280.48 0     0.0 0     1.3 0     0.0 0   -58.3 0   -58.3 0     9.1 0    61.5 0     1.8 0    67.7 0   909.1 0
 2019   9  1  9  4 57  4.950 139.73    -2.2 0    -1.0 0    -0.4 0     0.0 0   272.2 0   280.02 0   280.02 0   330.4 0   280.53 0   280.50 0     0.0 0     1.3 0     0.0 0   -58.2 0   -58.2 0     9.3 0    60.7 0     1.9 0    66.7 0   909.1 0
 2019   9  1  9  4 58  4.967 139.93    -2.2 0    -1.2 0    -0.4 0     0.0 0   272.1 0   280.11 0   280.08 0   330.2 0   280.56 0   280.54 0     0.0 0     1.3 0     0.0 0   -58.1 0   -58.1 0     9.4 0    60.3 0     1.9 0    69.0 0   909.1 0
 2019   9  1  9  4 59  4.983 140.13    -2.1 0    -1.1 0    -0.1 0    -0.1 0   270.9 0   280.19 0   279.98 0   330.5 0   280.59 0   280.56 0     0.0 0     1.3 0     0.0 0   -59.7 0   -59.7 0     9.5 0    60.0 0     1.7 0    75.1 0   909.1 0
 2019   9  1  9  5  0  5.000 140.33    -2.1 0    -1.1 0     0.0 0    -0.3 0   270.5 0   280.21 0   279.89 0   330.7 0   280.61 0   280.60 0     0.0 0     1.3 0     0.0 0   -60.2 0   -60.2 0     9.6 0    59.3 0     1.6 0    87.6 0   909.1 0
 2019   9  1  9  5  1  5.017 140.53    -2.1 0    -1.0 0     0.0 0    -0.3 0   270.7 0   280.20 0   279.87 0   330.6 0   280.65 0   280.64 0     0.0 0     1.3 0     0.0 0   -59.9 0   -59.9 0     9.6 0    58.9 0     1.6 0    93.1 0   909.1 0
 2019   9  1  9  5  2  5.033 140.72    -2.1 0    -0.9 0     0.0 0    -0.3 0   270.9 0   280.18 0   279.87 0   330.7 0   280.68 0   280.67 0     0.0 0     1.3 0     0.0 0   -59.8 0   -59.8 0     9.6 0    58.8 0     1.7 0    92.6 0   909.0 0
 2019   9  1  9  5  3  5.050 140.92    -1.9 0    -0.8 0     0.0 0    -0.3 0   270.0 0   280.16 0   279.79 0   330.2 0   280.71 0   280.70 0     0.0 0     1.3 0     0.0 0   -60.1 0   -60.1 0     9.6 0    59.0 0     1.9 0    93.2 0   909.0 0
 2019   9  1  9  5  4  5.067 141.12    -1.7 0    -0.8 0     0.0 0    -0.3 0   269.3 0   280.13 0   279.72 0   330.3 0   280.74 0   280.74 0     0.0 0     1.3 0     0.0 0   -61.0 0   -61.0 0     9.6 0    58.3 0     2.2 0    97.4 0   909.1 0
 2019   9  1  9  5  5  5.083 141.32    -1.9 0    -0.8 0     0.0 0    -0.3 0   269.1 0   280.08 0   279.73 0   330.0 0   280.76 0   280.77 0     0.0 0     1.3 0     0.0 0   -61.0 0   -61.0 0     9.5 0    58.3 0     2.5 0    98.5 0   909.1 0
 2019   9  1  9  5  6  5.100 141.51    -2.1 0    -0.8 0     0.0 0    -0.3 0   268.7 0   280.05 0   279.69 0   329.9 0   280.79 0   280.78 0     0.0 0     1.3 0     0.0 0   -61.2 0   -61.2 0     9.4 0    58.8 0     2.6 0    97.6 0   909.1 0
 2019   9  1  9  5  7  5.117 141.71    -2.1 0    -0.5 0     0.0 0    -0.3 0   268.3 0   280.02 0   279.72 0   329.3 0   280.80 0   280.76 0     0.0 0     1.3 0     0.0 0   -61.0 0   -61.0 0     9.1 0    60.6 0     2.7 0    96.3 0   909.0 0
 2019   9  1  9  5  8  5.133 141.91    -2.1 0     0.0 0     0.0 0    -0.2 0   267.8 0   280.01 0   279.77 0   328.7 0   280.80 0   280.71 0     0.0 0     1.3 0     0.0 0   -60.8 0   -60.8 0     8.6 0    63.5 0     2.5 0    88.3 0   909.0 0
 2019   9  1  9  5  9  5.150 142.10    -2.1 0     0.4 0     0.0 0    -0.1 0   267.7 0   280.03 0   279.81 0   328.3 0   280.78 0   280.64 0     0.0 0     1.3 0     0.0 0   -60.6 0   -60.6 0     8.1 0    66.2 0     2.5 0    85.6 0   909.0 0
 2019   9  1  9  5 10  5.167 142.30    -2.1 0     0.4 0     0.0 0    -0.3 0   266.2 0   280.05 0   279.75 0   328.3 0   280.74 0   280.59 0     0.0 0     1.3 0     0.0 0   -62.1 0   -62.1 0     7.7 0    68.2 0     3.0 0    89.7 0   909.0 0
 2019   9  1  9  5 11  5.183 142.50    -2.1 0     0.5 0     0.0 0    -0.3 0   265.4 0   280.04 0   279.66 0   328.2 0   280.68 0   280.53 0     0.0 0     1.3 0     0.0 0   -62.8 0   -62.8 0     7.5 0    69.7 0     3.7 0    99.9 0   908.9 0
 2019   9  1  9  5 12  5.200 142.69    -2.1 0     0.0 0     0.0 0    -0.3 0   265.2 0   280.00 0   279.56 0   328.8 0   280.64 0   280.53 0     0.0 0     1.3 0     0.0 0   -63.7 0   -63.7 0     7.6 0    68.3 0     4.1 0   100.2 0   908.9 0
 2019   9  1  9  5 13  5.217 142.89    -2.1 0    -0.6 0     0.0 0    -0.3 0   264.8 0   279.95 0   279.50 0   329.5 0   280.60 0   280.56 0     0.0 0     1.3 0     0.0 0   -64.7 0   -64.7 0     8.0 0    65.6 0     3.7 0    98.6 0   908.8 0
 2019   9  1  9  5 14  5.233 143.09    -2.2 0    -0.8 0     0.0 0    -0.3 0   265.4 0   279.90 0   279.55 0   329.8 0   280.61 0   280.57 0     0.0 0     1.3 0     0.0 0   -64.5 0   -64.5 0     8.2 0    64.4 0     3.0 0    83.4 0   908.8 0
 2019   9  1  9  5 15  5.250 143.28    -2.7 0    -0.8 0     0.0 0     0.0 0   265.4 0   279.89 0   279.74 0   330.0 0   280.63 0   280.60 0     0.0 0     1.3 0     0.0 0   -64.6 0   -64.6 0     8.4 0    63.6 0     2.9 0    73.8 0   908.7 0
 2019   9  1  9  5 16  5.267 143.48    -3.2 0    -0.8 0    -0.2 0     0.0 0   265.7 0   279.93 0   279.89 0   330.8 0   280.63 0   280.62 0     0.0 0     1.3 0     0.0 0   -65.1 0   -65.1 0     8.5 0    63.5 0     3.8 0    82.2 0   908.7 0
 2019   9  1  9  5 17  5.283 143.67    -3.3 0    -0.8 0    -0.4 0     0.0 0   265.6 0   279.99 0   279.98 0   331.4 0   280.65 0   280.62 0     0.0 0     1.2 0     0.0 0   -65.8 0   -65.8 0     8.4 0    63.9 0     3.8 0    80.8 0   908.7 0
 2019   9  1  9  5 18  5.300 143.87    -3.3 0    -0.4 0    -0.4 0     0.0 0   265.2 0   280.08 0   280.05 0   331.4 0   280.65 0   280.60 0     0.0 0     1.1 0     0.0 0   -66.2 0   -66.2 0     8.3 0    64.8 0     3.4 0    83.4 0   908.7 0
 2019   9  1  9  5 19  5.317 144.07    -3.3 0    -0.4 0    -0.4 0     0.0 0   264.6 0   280.15 0   280.05 0   331.1 0   280.65 0   280.59 0     0.0 0     1.0 0     0.0 0   -66.5 0   -66.5 0     8.2 0    65.3 0     2.6 0    81.6 0   908.7 0
 2019   9  1  9  5 20  5.333 144.26    -3.3 0     0.0 0     0.0 0     0.0 0   264.8 0   280.21 0   280.06 0   331.0 0   280.63 0   280.57 0     0.0 0     1.0 0     0.0 0   -66.2 0   -66.2 0     8.1 0    66.0 0     3.2 0    91.7 0   908.7 0
 2019   9  1  9  5 21  5.350 144.46    -3.3 0     0.0 0     0.0 0     0.0 0   265.2 0   280.25 0   280.09 0   330.8 0   280.61 0   280.54 0     0.0 0     1.2 0     0.0 0   -65.6 0   -65.6 0     8.0 0    66.7 0     2.3 0    95.0 0   908.8 0
 2019   9  1  9  5 22  5.367 144.65    -3.3 0     0.0 0     0.0 0     0.0 0   265.0 0   280.29 0   280.11 0   330.7 0   280.59 0   280.51 0     0.0 0     0.9 0     0.0 0   -65.7 0   -65.7 0     7.8 0    67.4 0     2.4 0   104.6 0   908.8 0
 2019   9  1  9  5 23  5.383 144.85    -3.3 0     0.0 0     0.0 0     0.0 0   265.5 0   280.32 0   280.16 0   331.0 0   280.57 0   280.50 0     0.0 0     0.9 0     0.0 0   -65.5 0   -65.5 0     7.8 0    67.3 0     3.8 0   105.2 0   908.7 0
 2019   9  1  9  5 24  5.400 145.04    -3.3 0    -0.5 0     0.0 0     0.0 0   265.2 0   280.35 0   280.16 0   331.8 0   280.55 0   280.55 0     0.0 0     0.9 0     0.0 0   -66.7 0   -66.7 0     8.0 0    65.8 0     4.4 0   107.0 0   908.7 0
 2019   9  1  9  5 25  5.417 145.23    -3.2 0    -0.5 0     0.0 0    -0.1 0   264.9 0   280.38 0   280.12 0   331.1 0   280.55 0   280.53 0     0.0 0     0.9 0     0.0 0   -66.2 0   -66.2 0     8.1 0    65.3 0     3.5 0   102.1 0   908.7 0
 2019   9  1  9  5 26  5.433 145.43    -2.9 0    -0.2 0     0.0 0    -0.3 0   264.7 0   280.38 0   280.05 0   330.3 0   280.55 0   280.49 0     0.0 0     1.1 0     0.0 0   -65.6 0   -65.6 0     8.1 0    65.7 0     3.1 0    99.1 0   908.8 0
 2019   9  1  9  5 27  5.450 145.62    -2.8 0     0.1 0     0.0 0    -0.3 0   264.2 0   280.36 0   279.98 0   330.2 0   280.54 0   280.44 0     0.0 0     1.2 0     0.0 0   -66.0 0   -66.0 0     7.8 0    67.4 0     3.2 0    91.4 0   908.8 0
 2019   9  1  9  5 28  5.467 145.82    -2.6 0     0.0 0     0.0 0    -0.3 0   264.6 0   280.34 0   279.96 0   330.2 0   280.52 0   280.45 0     0.0 0     1.2 0     0.0 0   -65.6 0   -65.6 0     7.9 0    66.6 0     2.8 0    81.2 0   908.8 0
 2019   9  1  9  5 29  5.483 146.01    -2.5 0     0.0 0     0.0 0    -0.3 0   263.6 0   280.30 0   279.91 0   329.5 0   280.50 0   280.39 0     0.0 0     1.3 0     0.0 0   -65.9 0   -65.9 0     7.7 0    67.7 0     3.0 0    82.9 0   908.9 0
 2019   9  1  9  5 30  5.500 146.20    -2.5 0     0.2 0     0.0 0    -0.3 0   263.7 0   280.27 0   279.82 0   328.8 0   280.46 0   280.34 0     0.0 0     1.3 0     0.0 0   -65.1 0   -65.1 0     7.5 0    69.2 0     2.5 0    72.5 0   908.9 0
 2019   9  1  9  5 31  5.517 146.40    -2.5 0     0.1 0     0.0 0    -0.3 0   263.5 0   280.21 0   279.74 0   328.8 0   280.42 0   280.32 0     0.0 0     1.3 0     0.0 0   -65.3 0   -65.3 0     7.4 0    69.6 0     2.2 0    73.3 0   909.0 0
 2019   9  1  9  5 32  5.533 146.59    -2.5 0     0.0 0     0.0 0    -0.3 0   263.8 0   280.15 0   279.71 0   328.4 0   280.39 0   280.27 0     0.0 0     1.3 0     0.0 0   -64.5 0   -64.5 0     7.3 0    69.9 0     2.3 0    70.7 0   909.0 0
 2019   9  1  9  5 33  5.550 146.78    -2.4 0     0.0 0     0.0 0    -0.3 0   263.6 0   280.10 0   279.66 0   328.5 0   280.35 0   280.26 0     0.0 0     1.3 0     0.0 0   -64.9 0   -64.9 0     7.4 0    69.4 0     2.7 0    76.3 0   909.0 0
 2019   9  1  9  5 34  5.567 146.98    -2.1 0    -0.1 0     0.0 0    -0.3 0   263.8 0   280.04 0   279.63 0   328.9 0   280.32 0   280.23 0     0.0 0     1.3 0     0.0 0   -65.0 0   -65.0 0     7.5 0    69.0 0     2.9 0    86.8 0   909.1 0
 2019   9  1  9  5 35  5.583 147.17    -2.1 0    -0.1 0     0.0 0    -0.3 0   263.9 0   280.00 0   279.59 0   328.5 0   280.30 0   280.20 0     0.0 0     1.3 0     0.0 0   -64.6 0   -64.6 0     7.5 0    69.0 0     2.4 0    79.3 0   909.1 0
 2019   9  1  9  5 36  5.600 147.36    -1.9 0     0.0 0     0.0 0    -0.3 0   264.1 0   279.95 0   279.48 0   328.5 0   280.27 0   280.17 0     0.0 0     1.3 0     0.0 0   -64.5 0   -64.5 0     7.4 0    69.6 0     3.0 0    90.9 0   909.2 0
 2019   9  1  9  5 37  5.617 147.55    -2.2 0     0.0 0     0.0 0    -0.3 0   265.6 0   279.89 0   279.52 0   328.9 0   280.24 0   280.15 0     0.0 0     1.3 0     0.0 0   -63.3 0   -63.3 0     7.4 0    69.6 0     3.5 0    94.1 0   909.2 0
 2019   9  1  9  5 38  5.633 147.74    -2.5 0    -0.4 0     0.0 0    -0.3 0   265.8 0   279.86 0   279.55 0   329.8 0   280.21 0   280.17 0     0.0 0     1.3 0     0.0 0   -64.0 0   -64.0 0     7.5 0    69.1 0     4.8 0   100.6 0   909.2 0
 2019   9  1  9  5 39  5.650 147.93    -2.5 0    -0.5 0     0.0 0    -0.1 0   266.6 0   279.84 0   279.61 0   330.2 0   280.21 0   280.18 0     0.0 0     1.2 0     0.0 0   -63.6 0   -63.6 0     7.7 0    67.8 0     3.2 0   106.3 0   909.2 0
 2019   9  1  9  5 40  5.667 148.13    -2.5 0    -0.2 0     0.0 0     0.0 0   266.5 0   279.86 0   279.67 0   329.8 0   280.21 0   280.15 0     0.0 0     1.2 0     0.0 0   -63.3 0   -63.3 0     7.6 0    68.5 0     3.0 0    88.8 0   909.2 0
 2019   9  1  9  5 41  5.683 148.32    -2.5 0     0.0 0    -0.1 0     0.0 0   266.6 0   279.88 0   279.72 0   330.2 0   280.20 0   280.14 0     0.0 0     1.2 0     0.0 0   -63.6 0   -63.6 0     7.5 0    69.1 0     3.5 0    97.3 0   909.2 0
 2019   9  1  9  5 42  5.700 148.51    -2.6 0     0.0 0     0.0 0     0.0 0   266.5 0   279.91 0   279.75 0   329.8 0   280.18 0   280.11 0     0.0 0     1.2 0     0.0 0   -63.3 0   -63.3 0     7.5 0    69.4 0     3.2 0    79.5 0   909.2 0
 2019   9  1  9  5 43  5.717 148.70    -2.5 0     0.0 0     0.0 0     0.0 0   266.9 0   279.95 0   279.78 0   329.9 0   280.16 0   280.10 0     0.0 0     1.2 0     0.0 0   -63.0 0   -63.0 0     7.4 0    69.9 0     4.4 0    95.5 0   909.2 0
 2019   9  1  9  5 44  5.733 148.89    -2.5 0     0.0 0     0.0 0    -0.1 0   266.6 0   279.97 0   279.77 0   330.2 0   280.16 0   280.11 0     0.0 0     1.2 0     0.0 0   -63.5 0   -63.5 0     7.5 0    69.3 0     3.7 0    95.3 0   909.2 0
 2019   9  1  9  5 45  5.750 149.08    -2.5 0     0.0 0     0.0 0    -0.3 0   266.4 0   280.00 0   279.73 0   329.7 0   280.14 0   280.06 0     0.0 0     1.2 0     0.0 0   -63.3 0   -63.3 0     7.4 0    69.5 0     2.9 0    78.8 0   909.2 0
 2019   9  1  9  5 46  5.767 149.27    -2.5 0     0.0 0     0.0 0    -0.3 0   267.1 0   280.01 0   279.75 0   329.5 0   280.12 0   280.04 0     0.0 0     1.2 0     0.0 0   -62.3 0   -62.3 0     7.4 0    70.0 0     3.4 0    96.8 0   909.3 0
 2019   9  1  9  5 47  5.783 149.45    -2.5 0     0.0 0     0.0 0    -0.1 0   267.1 0   280.01 0   279.81 0   329.9 0   280.10 0   280.02 0     0.0 0     1.3 0     0.0 0   -62.8 0   -62.8 0     7.3 0    70.3 0     3.5 0    95.6 0   909.3 0
 2019   9  1  9  5 48  5.800 149.64    -2.5 0     0.0 0     0.0 0    -0.1 0   266.9 0   280.03 0   279.78 0   329.7 0   280.08 0   280.01 0     0.0 0     1.3 0     0.0 0   -62.8 0   -62.8 0     7.3 0    70.3 0     3.0 0    81.7 0   909.3 0
 2019   9  1  9  5 49  5.817 149.83    -2.5 0     0.0 0     0.0 0    -0.3 0   265.4 0   280.04 0   279.72 0   329.1 0   280.06 0   279.98 0     0.0 0     1.3 0     0.0 0   -63.7 0   -63.7 0     7.3 0    70.3 0     2.4 0    68.5 0   909.3 0
 2019   9  1  9  5 50  5.833 150.02    -2.1 0     0.0 0     0.0 0    -0.3 0   264.2 0   280.02 0   279.62 0   328.3 0   280.05 0   279.93 0     0.0 0     1.3 0     0.0 0   -64.1 0   -64.1 0     7.2 0    70.5 0     1.4 0    49.1 0   909.3 0
 2019   9  1  9  5 51  5.850 150.21    -2.1 0     0.0 0     0.0 0    -0.3 0   264.4 0   279.98 0   279.55 0   327.8 0   280.01 0   279.90 0     0.0 0     1.3 0     0.0 0   -63.4 0   -63.4 0     7.1 0    71.4 0     0.6 0    43.7 0   909.4 0
 2019   9  1  9  5 52  5.867 150.40    -1.8 0     0.0 0     0.0 0    -0.3 0   265.4 0   279.91 0   279.49 0   328.4 0   279.96 0   279.86 0     0.0 0     1.0 0     0.0 0   -63.0 0   -63.0 0     6.9 0    71.8 0     0.6 0   352.4 0   909.4 0
 2019   9  1  9  5 53  5.883 150.58    -1.7 0     0.0 0     0.0 0    -0.3 0   265.8 0   279.85 0   279.43 0   328.6 0   279.93 0   279.83 0     0.0 0     1.0 0     0.0 0   -62.7 0   -62.7 0     6.8 0    72.9 0     0.2 0    94.4 0   909.4 0
 2019   9  1  9  5 54  5.900 150.77    -1.7 0     0.0 0     0.0 0    -0.3 0   266.0 0   279.79 0   279.36 0   328.4 0   279.89 0   279.79 0     0.0 0     1.1 0     0.0 0   -62.4 0   -62.4 0     6.7 0    73.3 0     0.4 0   183.6 0   909.4 0
 2019   9  1  9  5 55  5.917 150.96    -1.6 0    -0.2 0     0.0 0    -0.3 0   265.6 0   279.72 0   279.29 0   328.0 0   279.86 0   279.75 0     0.0 0     1.1 0     0.0 0   -62.3 0   -62.3 0     6.7 0    73.7 0     0.3 0    41.5 0   909.4 0
 2019   9  1  9  5 56  5.933 151.14    -1.6 0    -0.4 0     0.0 0    -0.3 0   265.0 0   279.66 0   279.22 0   327.4 0   279.83 0   279.71 0     0.0 0     1.3 0     0.0 0   -62.5 0   -62.5 0     6.6 0    74.1 0     0.8 0    72.0 0   909.5 0
 2019   9  1  9  5 57  5.950 151.33    -1.6 0    -0.2 0     0.0 0    -0.3 0   265.1 0   279.60 0   279.20 0   327.9 0   279.79 0   279.68 0     0.0 0     1.3 0     0.0 0   -62.7 0   -62.7 0     6.6 0    74.1 0     2.7 0    94.8 0   909.6 0
 2019   9  1  9  5 58  5.967 151.51    -1.7 0    -0.1 0     0.0 0    -0.3 0   265.1 0   279.55 0   279.22 0   328.0 0   279.76 0   279.66 0     0.0 0     1.3 0     0.0 0   -62.9 0   -62.9 0     6.7 0    73.6 0     2.7 0    98.0 0   909.6 0
 2019   9  1  9  5 59  5.983 151.70    -1.8 0     0.0 0     0.0 0    -0.3 0   265.3 0   279.52 0   279.23 0   327.9 0   279.73 0   279.62 0     0.0 0     1.3 0     0.0 0   -62.7 0   -62.7 0     6.7 0    73.4 0     3.0 0    95.9 0   909.6 0
 2019   9  1  9  6  0  6.000 151.88    -2.0 0     0.0 0     0.0 0    -0.3 0   264.9 0   279.51 0   279.21 0   328.1 0   279.70 0   279.60 0     0.0 0     1.3 0     0.0 0   -63.2 0   -63.2 0     6.7 0    73.5 0     3.8 0    87.2 0   909.5 0
 2019   9  1  9  6  1  6.017 152.07    -2.1 0     0.0 0     0.0 0    -0.3 0   265.3 0   279.50 0   279.22 0   327.5 0   279.67 0   279.58 0     0.0 0     1.4 0     0.0 0   -62.3 0   -62.3 0     6.8 0    73.1 0     2.3 0    63.5 0   909.5 0
 2019   9  1  9  6  2  6.033 152.25    -2.1 0     0.0 0     0.0 0    -0.2 0   265.2 0   279.50 0   279.23 0   327.3 0   279.65 0   279.56 0     0.0 0     1.4 0     0.0 0   -62.1 0   -62.1 0     6.8 0    72.9 0     1.9 0    62.4 0   909.5 0
 2019   9  1  9  6  3  6.050 152.43    -1.9 0     0.0 0     0.0 0    -0.3 0   264.3 0   279.49 0   279.10 0   326.8 0   279.62 0   279.52 0     0.0 0     1.4 0     0.0 0   -62.5 0   -62.5 0     6.8 0    72.9 0     1.8 0    33.4 0   909.5 0
 2019   9  1  9  6  4  6.067 152.61    -1.6 0     0.2 0     0.0 0    -0.3 0   263.4 0   279.46 0   279.00 0   326.0 0   279.59 0   279.42 0     0.0 0     1.4 0     0.0 0   -62.7 0   -62.7 0     6.6 0    73.3 0     2.5 0    33.8 0   909.5 0
 2019   9  1  9  6  5  6.083 152.80    -1.6 0     0.3 0     0.0 0    -0.3 0   263.4 0   279.40 0   278.90 0   326.1 0   279.55 0   279.39 0     0.0 0     1.6 0     0.0 0   -62.7 0   -62.7 0     6.4 0    74.4 0     2.4 0    52.1 0   909.5 0
 2019   9  1  9  6  6  6.100 152.98    -1.6 0     0.0 0     0.0 0    -0.3 0   264.7 0   279.33 0   278.94 0   326.7 0   279.50 0   279.39 0     0.0 0     1.6 0     0.0 0   -62.1 0   -62.1 0     6.4 0    75.0 0     1.6 0    85.2 0   909.5 0
 2019   9  1  9  6  7  6.117 153.16    -1.6 0     0.0 0     0.0 0    -0.3 0   263.6 0   279.29 0   278.91 0   325.9 0   279.47 0   279.34 0     0.0 0     1.6 0     0.0 0   -62.3 0   -62.3 0     6.4 0    74.9 0     1.3 0    27.6 0   909.6 0
 2019   9  1  9  6  8  6.133 153.34    -1.6 0     0.0 0     0.0 0    -0.3 0   263.2 0   279.26 0   278.82 0   325.2 0   279.44 0   279.27 0     0.0 0     1.6 0     0.0 0   -61.9 0   -61.9 0     6.3 0    75.2 0     1.6 0    29.6 0   909.6 0
 2019   9  1  9  6  9  6.150 153.52    -1.6 0     0.0 0     0.0 0    -0.3 0   263.9 0   279.20 0   278.82 0   325.2 0   279.39 0   279.24 0     0.0 0     1.6 0     0.0 0   -61.4 0   -61.4 0     6.1 0    76.1 0     1.5 0    40.5 0   909.6 0
 2019   9  1  9  6 10  6.167 153.70    -1.6 0    -0.1 0     0.0 0    -0.3 0   263.9 0   279.18 0   278.84 0   325.6 0   279.36 0   279.24 0     0.0 0     1.6 0     0.0 0   -61.7 0   -61.7 0     6.2 0    76.2 0     1.9 0    52.1 0   909.6 0
 2019   9  1  9  6 11  6.183 153.88    -1.6 0    -0.1 0     0.0 0    -0.3 0   263.9 0   279.15 0   278.83 0   325.5 0   279.32 0   279.21 0     0.0 0     1.5 0     0.0 0   -61.6 0   -61.6 0     6.3 0    74.9 0     1.4 0   358.9 0   909.6 0
 2019   9  1  9  6 12  6.200 154.06    -1.6 0     0.0 0     0.0 0    -0.3 0   264.2 0   279.13 0   278.79 0   325.6 0   279.28 0   279.17 0     0.0 0     1.4 0     0.0 0   -61.4 0   -61.4 0     6.3 0    75.3 0     1.9 0    16.2 0   909.6 0
 2019   9  1  9  6 13  6.217 154.24    -1.6 0     0.0 0     0.0 0    -0.3 0   263.5 0   279.11 0   278.75 0   324.9 0   279.26 0   279.13 0     0.0 0     1.6 0     0.0 0   -61.5 0   -61.5 0     6.2 0    75.8 0     1.7 0    11.6 0   909.6 0
 2019   9  1  9  6 14  6.233 154.42    -1.6 0     0.0 0     0.0 0    -0.3 0   263.3 0   279.08 0   278.70 0   324.5 0   279.22 0   279.08 0     0.0 0     1.6 0     0.0 0   -61.3 0   -61.3 0     6.1 0    75.9 0     1.2 0    41.8 0   909.6 0
 2019   9  1  9  6 15  6.250 154.59    -1.6 0     0.0 0     0.0 0    -0.3 0   263.9 0   279.05 0   278.66 0   324.1 0   279.19 0   279.03 0     0.0 0     1.6 0     0.0 0   -60.3 0   -60.3 0     6.0 0    76.3 0     1.5 0    29.6 0   909.6 0
 2019   9  1  9  6 16  6.267 154.77    -1.6 0     0.0 0     0.0 0    -0.3 0   263.8 0   279.02 0   278.65 0   324.2 0   279.14 0   279.00 0     0.0 0     1.6 0     0.0 0   -60.4 0   -60.4 0     6.0 0    77.1 0     1.4 0    16.9 0   909.6 0
 2019   9  1  9  6 17  6.283 154.95    -1.6 0     0.0 0     0.0 0    -0.3 0   263.1 0   278.99 0   278.61 0   324.2 0   279.11 0   278.98 0     0.0 0     1.6 0     0.0 0   -61.2 0   -61.2 0     6.0 0    76.8 0     2.0 0    46.3 0   909.6 0
 2019   9  1  9  6 18  6.300 155.12    -1.6 0     0.0 0     0.0 0    -0.3 0   264.1 0   278.97 0   278.60 0   324.3 0   279.08 0   278.94 0     0.0 0     1.6 0     0.0 0   -60.3 0   -60.3 0     6.0 0    76.7 0     2.1 0    32.4 0   909.6 0
 2019   9  1  9  6 19  6.317 155.30    -1.8 0     0.0 0     0.0 0    -0.3 0   264.5 0   278.94 0   278.63 0   324.2 0   279.04 0   278.92 0     0.0 0     1.7 0     0.0 0   -59.7 0   -59.7 0     6.0 0    77.1 0     2.0 0    28.3 0   909.6 0
 2019   9  1  9  6 20  6.333 155.47    -2.1 0    -0.4 0     0.0 0    -0.1 0   264.7 0   278.94 0   278.68 0   324.6 0   279.02 0   278.94 0     0.0 0     1.6 0     0.0 0   -59.9 0   -59.9 0     6.2 0    76.3 0     1.9 0    17.4 0   909.6 0
 2019   9  1  9  6 21  6.350 155.64    -2.1 0    -0.6 0     0.0 0    -0.1 0   264.1 0   278.95 0   278.67 0   324.6 0   279.01 0   278.96 0     0.0 0     1.7 0     0.0 0   -60.5 0   -60.5 0     6.4 0    74.8 0     1.9 0    23.9 0   909.6 0
 2019   9  1  9  6 22  6.367 155.82    -2.1 0    -0.3 0     0.0 0    -0.2 0   264.4 0   278.96 0   278.65 0   324.2 0   278.99 0   278.90 0     0.0 0     1.6 0     0.0 0   -59.8 0   -59.8 0     6.4 0    74.3 0     1.4 0    38.8 0   909.6 0
 2019   9  1  9  6 23  6.383 155.99    -2.1 0     0.0 0     0.0 0    -0.3 0   264.3 0   278.96 0   278.63 0   324.7 0   278.98 0   278.89 0     0.0 0     1.6 0     0.0 0   -60.3 0   -60.3 0     6.4 0    74.9 0     1.6 0    33.9 0   909.6 0
 2019   9  1  9  6 24  6.400 156.16    -2.1 0     0.0 0     0.0 0    -0.3 0   264.1 0   278.94 0   278.60 0   324.4 0   278.96 0   278.86 0     0.0 0     1.6 0     0.0 0   -60.3 0   -60.3 0     6.3 0    75.0 0     2.3 0    42.5 0   909.6 0
 2019   9  1  9  6 25  6.417 156.33    -2.1 0     0.0 0     0.0 0    -0.3 0   264.4 0   278.93 0   278.57 0   324.0 0   278.93 0   278.80 0     0.0 0     1.6 0     0.0 0   -59.6 0   -59.6 0     6.2 0    75.6 0     2.6 0    29.9 0   909.6 0
 2019   9  1  9  6 26  6.433 156.50    -2.1 0     0.4 0     0.0 0    -0.3 0   264.5 0   278.91 0   278.55 0   323.6 0   278.90 0   278.74 0     0.0 0     1.7 0     0.0 0   -59.1 0   -59.1 0     6.0 0    76.8 0     2.6 0    23.7 0   909.6 0
 2019   9  1  9  6 27  6.450 156.67    -2.1 0     0.4 0     0.0 0    -0.3 0   264.5 0   278.89 0   278.52 0   323.6 0   278.86 0   278.70 0     0.0 0     1.7 0     0.0 0   -59.0 0   -59.0 0     5.8 0    77.8 0     2.7 0    24.8 0   909.6 0
 2019   9  1  9  6 28  6.467 156.84    -2.1 0     0.4 0     0.0 0    -0.3 0   264.2 0   278.86 0   278.50 0   323.3 0   278.81 0   278.64 0     0.0 0     1.7 0     0.0 0   -59.1 0   -59.1 0     5.7 0    78.5 0     3.0 0    38.7 0   909.6 0
 2019   9  1  9  6 29  6.483 157.01    -2.0 0     0.4 0     0.0 0    -0.3 0   264.1 0   278.83 0   278.46 0   323.4 0   278.77 0   278.61 0     0.0 0     1.7 0     0.0 0   -59.4 0   -59.4 0     5.6 0    79.7 0     3.3 0    39.2 0   909.6 0
 2019   9  1  9  6 30  6.500 157.17    -1.8 0     0.0 0     0.0 0    -0.3 0   264.8 0   278.81 0   278.48 0   323.6 0   278.73 0   278.62 0     0.0 0     1.8 0     0.0 0   -58.8 0   -58.8 0     5.7 0    79.2 0     3.4 0    29.8 0   909.6 0
 2019   9  1  9  6 31  6.517 157.34    -2.1 0    -0.1 0     0.0 0    -0.3 0   264.7 0   278.79 0   278.51 0   323.7 0   278.71 0   278.62 0     0.0 0     1.8 0     0.0 0   -59.0 0   -59.0 0     5.9 0    77.9 0     3.4 0    32.8 0   909.6 0
 2019   9  1  9  6 32  6.533 157.51    -2.1 0    -0.4 0     0.0 0    -0.1 0   265.2 0   278.81 0   278.58 0   323.6 0   278.69 0   278.64 0     0.0 0     1.8 0     0.0 0   -58.4 0   -58.4 0     6.1 0    76.9 0     2.9 0    29.3 0   909.6 0
 2019   9  1  9  6 33  6.550 157.67    -2.1 0    -0.3 0     0.0 0     0.0 0   265.5 0   278.83 0   278.61 0   323.5 0   278.69 0   278.60 0     0.0 0     1.8 0     0.0 0   -58.0 0   -58.0 0     6.2 0    75.8 0     3.2 0    34.8 0   909.6 0
 2019   9  1  9  6 34  6.567 157.83    -2.1 0    -0.2 0     0.0 0     0.0 0   266.0 0   278.85 0   278.67 0   324.1 0   278.69 0   278.61 0     0.0 0     1.7 0     0.0 0   -58.1 0   -58.1 0     6.2 0    75.9 0     3.1 0    37.3 0   909.6 0
 2019   9  1  9  6 35  6.583 158.00    -2.5 0    -0.4 0     0.0 0     0.0 0   266.2 0   278.89 0   278.72 0   323.7 0   278.69 0   278.62 0     0.0 0     1.6 0     0.0 0   -57.5 0   -57.5 0     6.4 0    74.7 0     2.4 0    35.1 0   909.6 0
 2019   9  1  9  6 36  6.600 158.16    -2.4 0     0.0 0     0.0 0     0.0 0   265.6 0   278.93 0   278.76 0   323.4 0   278.67 0   278.56 0     0.0 0     1.6 0     0.0 0   -57.8 0   -57.8 0     6.2 0    75.1 0     1.9 0    71.8 0   909.7 0
 2019   9  1  9  6 37  6.617 158.32    -2.1 0     0.0 0     0.0 0    -0.2 0   264.1 0   278.96 0   278.63 0   323.4 0   278.64 0   278.53 0     0.0 0     1.6 0     0.0 0   -59.3 0   -59.3 0     6.0 0    77.3 0     2.3 0    51.5 0   909.7 0
 2019   9  1  9  6 38  6.633 158.48    -2.0 0     0.0 0     0.0 0    -0.3 0   264.3 0   278.96 0   278.58 0   323.5 0   278.62 0   278.53 0     0.0 0     1.6 0     0.0 0   -59.2 0   -59.2 0     5.9 0    78.0 0     2.7 0    40.2 0   909.7 0
 2019   9  1  9  6 39  6.650 158.64    -2.0 0     0.0 0     0.0 0    -0.3 0   264.2 0   278.93 0   278.50 0   323.6 0   278.61 0   278.53 0     0.0 0     1.7 0     0.0 0   -59.4 0   -59.4 0     6.1 0    77.4 0     3.1 0    46.1 0   909.7 0
 2019   9  1  9  6 40  6.667 158.80    -2.1 0    -0.7 0     0.0 0    -0.3 0   264.8 0   278.89 0   278.55 0   324.1 0   278.62 0   278.58 0     0.0 0     1.6 0     0.0 0   -59.3 0   -59.3 0     6.3 0    75.8 0     3.0 0    38.9 0   909.7 0
 2019   9  1  9  6 41  6.683 158.95    -2.1 0    -0.8 0     0.0 0    -0.1 0   265.5 0   278.89 0   278.65 0   324.2 0   278.63 0   278.61 0     0.0 0     1.6 0     0.0 0   -58.7 0   -58.7 0     6.6 0    73.7 0     3.1 0    35.4 0   909.7 0
 2019   9  1  9  6 42  6.700 159.11    -2.5 0    -0.8 0     0.0 0     0.0 0   266.3 0   278.91 0   278.75 0   323.5 0   278.65 0   278.60 0     0.0 0     1.6 0     0.0 0   -57.3 0   -57.3 0     6.8 0    72.6 0     2.7 0    39.2 0   909.7 0
 2019   9  1  9  6 43  6.717 159.26    -2.5 0    -0.4 0     0.0 0     0.0 0   265.8 0   278.96 0   278.79 0   324.1 0   278.67 0   278.61 0     0.0 0     1.6 0     0.0 0   -58.3 0   -58.3 0     6.6 0    73.6 0     2.9 0    38.1 0   909.7 0
 2019   9  1  9  6 44  6.733 159.42    -2.5 0    -0.2 0    -0.1 0     0.0 0   266.1 0   279.00 0   278.88 0   323.4 0   278.67 0   278.59 0     0.0 0     1.6 0     0.0 0   -57.3 0   -57.3 0     6.6 0    73.6 0     2.0 0    42.1 0   909.7 0
 2019   9  1  9  6 45  6.750 159.57    -2.5 0     0.0 0     0.0 0     0.0 0   265.6 0   279.05 0   278.83 0   323.7 0   278.66 0   278.56 0     0.0 0     1.6 0     0.0 0   -58.1 0   -58.1 0     6.3 0    75.5 0     2.8 0    44.1 0   909.7 0
 2019   9  1  9  6 46  6.767 159.72    -2.4 0    -0.3 0     0.0 0    -0.1 0   266.0 0   279.08 0   278.80 0   323.9 0   278.65 0   278.61 0     0.0 0     1.6 0     0.0 0   -57.9 0   -57.9 0     6.4 0    75.0 0     2.8 0    44.5 0   909.7 0
 2019   9  1  9  6 47  6.783 159.87    -2.1 0    -0.4 0     0.0 0    -0.2 0   265.2 0   279.08 0   278.77 0   324.1 0   278.67 0   278.60 0     0.0 0     1.6 0     0.0 0   -58.9 0   -58.9 0     6.5 0    74.2 0     3.2 0    36.6 0   909.7 0
 2019   9  1  9  6 48  6.800 160.02    -2.2 0    -0.7 0     0.0 0    -0.2 0   266.3 0   279.08 0   278.78 0   324.1 0   278.68 0   278.66 0     0.0 0     1.6 0     0.0 0   -57.8 0   -57.8 0     6.7 0    73.5 0     3.1 0    41.2 0   909.7 0
 2019   9  1  9  6 49  6.817 160.17    -2.2 0    -0.3 0     0.0 0    -0.3 0   265.9 0   279.08 0   278.74 0   323.7 0   278.69 0   278.61 0     0.0 0     1.6 0     0.0 0   -57.8 0   -57.8 0     6.6 0    73.1 0     2.7 0    55.7 0   909.6 0
 2019   9  1  9  6 50  6.833 160.32    -2.1 0     0.0 0     0.0 0    -0.3 0   266.1 0   279.07 0   278.70 0   323.6 0   278.69 0   278.59 0     0.0 0     1.6 0     0.0 0   -57.6 0   -57.6 0     6.3 0    75.2 0     2.5 0    52.9 0   909.6 0
 2019   9  1  9  6 51  6.850 160.46    -2.1 0     0.0 0     0.0 0    -0.3 0   266.5 0   279.05 0   278.71 0   323.5 0   278.67 0   278.57 0     0.0 0     1.6 0     0.0 0   -57.1 0   -57.1 0     6.2 0    76.2 0     2.2 0    47.4 0   909.6 0
 2019   9  1  9  6 52  6.867 160.61    -2.3 0     0.0 0     0.0 0    -0.1 0   266.4 0   279.03 0   278.74 0   323.9 0   278.67 0   278.59 0     0.0 0     1.6 0     0.0 0   -57.5 0   -57.5 0     6.2 0    76.4 0     2.3 0    47.8 0   909.6 0
 2019   9  1  9  6 53  6.883 160.75    -2.1 0    -0.4 0     0.0 0     0.0 0   266.7 0   279.03 0   278.77 0   324.0 0   278.67 0   278.59 0     0.0 0     1.6 0     0.0 0   -57.3 0   -57.3 0     6.3 0    75.4 0     2.4 0    46.0 0   909.6 0
 2019   9  1  9  6 54  6.900 160.89    -2.1 0    -0.3 0     0.0 0    -0.2 0   266.8 0   279.04 0   278.75 0   323.7 0   278.67 0   278.58 0     0.0 0     1.6 0     0.0 0   -56.9 0   -56.9 0     6.3 0    75.0 0     2.2 0    57.8 0   909.7 0
 2019   9  1  9  6 55  6.917 161.03    -2.1 0     0.0 0     0.0 0    -0.3 0   266.8 0   279.03 0   278.69 0   323.6 0   278.65 0   278.57 0     0.0 0     1.6 0     0.0 0   -56.8 0   -56.8 0     6.2 0    75.7 0     2.2 0    53.0 0   909.7 0
 2019   9  1  9  6 56  6.933 161.17    -2.0 0     0.0 0     0.0 0    -0.3 0   266.7 0   279.02 0   278.61 0   323.5 0   278.64 0   278.57 0     0.0 0     1.6 0     0.0 0   -56.7 0   -56.7 0     6.2 0    75.9 0     2.2 0    44.3 0   909.7 0
 2019   9  1  9  6 57  6.950 161.31    -1.9 0    -0.2 0     0.0 0    -0.3 0   266.9 0   278.98 0   278.56 0   323.5 0   278.64 0   278.57 0     0.0 0     1.6 0     0.0 0   -56.6 0   -56.6 0     6.3 0    75.8 0     2.2 0    39.2 0   909.7 0
 2019   9  1  9  6 58  6.967 161.44    -1.6 0    -0.3 0     0.0 0    -0.3 0   267.4 0   278.94 0   278.51 0   323.1 0   278.64 0   278.56 0     0.0 0     1.6 0     0.0 0   -55.7 0   -55.7 0     6.3 0    75.0 0     2.3 0    42.6 0   909.7 0
 2019   9  1  9  6 59  6.983 161.58    -1.7 0     0.0 0     0.0 0    -0.3 0   267.3 0   278.90 0   278.57 0   323.1 0   278.64 0   278.54 0     0.0 0     1.6 0     0.0 0   -55.8 0   -55.8 0     6.3 0    75.2 0     2.3 0    41.6 0   909.7 0
 2019   9  1  9  7  0  7.000 161.71    -2.0 0     0.0 0     0.0 0    -0.3 0   267.4 0   278.89 0   278.56 0   322.9 0   278.62 0   278.53 0     0.0 0     1.6 0     0.0 0   -55.5 0   -55.5 0     6.3 0    75.4 0     2.4 0    40.1 0   909.7 0
 2019   9  1  9  7  1  7.017 161.84    -2.1 0    -0.4 0     0.0 0     0.0 0   268.3 0   278.88 0   278.62 0   323.1 0   278.62 0   278.55 0     0.0 0     1.7 0     0.0 0   -54.8 0   -54.8 0     6.4 0    75.2 0     2.5 0    44.8 0   909.7 0
 2019   9  1  9  7  2  7.033 161.97    -2.1 0    -0.4 0     0.0 0    -0.1 0   267.6 0   278.89 0   278.61 0   323.2 0   278.62 0   278.55 0     0.0 0     1.6 0     0.0 0   -55.6 0   -55.6 0     6.4 0    74.8 0     2.5 0    40.5 0   909.7 0
 2019   9  1  9  7  3  7.050 162.10    -2.2 0    -0.7 0     0.0 0     0.0 0   268.5 0   278.89 0   278.72 0   323.4 0   278.62 0   278.59 0     0.0 0     1.6 0     0.0 0   -54.9 0   -54.9 0     6.6 0    74.2 0     2.4 0    36.3 0   909.7 0
 2019   9  1  9  7  4  7.067 162.23    -2.5 0    -0.8 0     0.0 0     0.0 0   268.9 0   278.94 0   278.82 0   323.5 0   278.64 0   278.62 0     0.0 0     1.6 0     0.0 0   -54.7 0   -54.7 0     6.8 0    72.8 0     2.4 0    33.2 0   909.7 0
 2019   9  1  9  7  5  7.083 162.35    -2.5 0    -0.5 0     0.0 0     0.0 0   268.4 0   278.99 0   278.84 0   323.2 0   278.64 0   278.61 0     0.0 0     1.6 0     0.0 0   -54.8 0   -54.8 0     6.8 0    72.5 0     2.5 0    31.0 0   909.7 0
 2019   9  1  9  7  6  7.100 162.47    -2.4 0    -0.4 0     0.0 0     0.0 0   268.5 0   279.04 0   278.83 0   323.3 0   278.67 0   278.62 0     0.0 0     1.6 0     0.0 0   -54.8 0   -54.8 0     6.8 0    72.7 0     2.7 0    31.8 0   909.6 0
 2019   9  1  9  7  7  7.117 162.59    -2.3 0    -0.2 0     0.0 0    -0.1 0   268.4 0   279.07 0   278.79 0   323.0 0   278.67 0   278.59 0     0.0 0     1.6 0     0.0 0   -54.6 0   -54.6 0     6.8 0    72.7 0     2.9 0    32.1 0   909.6 0
 2019   9  1  9  7  8  7.133 162.71    -2.1 0    -0.3 0     0.0 0    -0.2 0   268.9 0   279.08 0   278.81 0   323.4 0   278.67 0   278.62 0     0.0 0     1.6 0     0.0 0   -54.5 0   -54.5 0     6.8 0    73.0 0     3.0 0    28.7 0   909.6 0
 2019   9  1  9  7  9  7.150 162.83    -2.2 0    -0.6 0     0.0 0    -0.1 0   269.6 0   279.08 0   278.87 0   323.9 0   278.68 0   278.67 0     0.0 0     1.6 0     0.0 0   -54.3 0   -54.3 0     6.9 0    72.5 0     3.1 0    29.0 0   909.6 0
 2019   9  1  9  7 10  7.167 162.94    -2.5 0    -0.8 0     0.0 0     0.0 0   269.9 0   279.12 0   278.97 0   324.0 0   278.70 0   278.72 0     0.0 0     1.6 0     0.0 0   -54.1 0   -54.1 0     7.1 0    71.5 0     3.0 0    29.7 0   909.6 0
 2019   9  1  9  7 11  7.183 163.06    -2.5 0    -0.8 0     0.0 0     0.0 0   270.1 0   279.17 0   279.06 0   323.9 0   278.74 0   278.76 0     0.0 0     1.6 0     0.0 0   -53.8 0   -53.8 0     7.2 0    70.6 0     3.3 0    33.2 0   909.5 0
 2019   9  1  9  7 12  7.200 163.17    -2.5 0    -0.9 0     0.0 0     0.0 0   269.7 0   279.23 0   279.07 0   324.4 0   278.78 0   278.80 0     0.0 0     1.6 0     0.0 0   -54.7 0   -54.7 0     7.3 0    70.1 0     3.4 0    35.3 0   909.5 0
 2019   9  1  9  7 13  7.217 163.28    -2.4 0    -1.0 0     0.0 0     0.0 0   269.7 0   279.28 0   279.15 0   323.7 0   278.82 0   278.83 0     0.0 0     1.6 0     0.0 0   -53.9 0   -53.9 0     7.4 0    69.7 0     3.3 0    34.4 0   909.5 0
 2019   9  1  9  7 14  7.233 163.38    -2.1 0    -0.8 0     0.0 0    -0.1 0   270.1 0   279.32 0   279.12 0   324.0 0   278.86 0   278.86 0     0.0 0     1.6 0     0.0 0   -53.8 0   -53.8 0     7.5 0    69.6 0     3.4 0    31.2 0   909.5 0
 2019   9  1  9  7 15  7.250 163.49    -2.5 0    -0.8 0     0.0 0     0.0 0   270.7 0   279.37 0   279.22 0   323.8 0   278.90 0   278.91 0     0.0 0     1.6 0     0.0 0   -53.0 0   -53.0 0     7.5 0    69.1 0     3.3 0    34.0 0   909.5 0
 2019   9  1  9  7 16  7.267 163.59    -2.5 0    -0.2 0     0.0 0    -0.1 0   270.1 0   279.41 0   279.17 0   323.3 0   278.92 0   278.84 0     0.0 0     1.6 0     0.0 0   -53.2 0   -53.2 0     7.2 0    70.1 0     2.9 0    40.4 0   909.5 0
 2019   9  1  9  7 17  7.283 163.69    -2.1 0     0.0 0     0.0 0    -0.3 0   269.9 0   279.42 0   279.08 0   323.6 0   278.91 0   278.84 0     0.0 0     1.6 0     0.0 0   -53.7 0   -53.7 0     6.9 0    72.6 0     3.2 0    32.0 0   909.5 0
 2019   9  1  9  7 18  7.300 163.79    -2.1 0    -0.2 0     0.0 0    -0.3 0   270.4 0   279.41 0   279.04 0   324.1 0   278.91 0   278.88 0     0.0 0     1.6 0     0.0 0   -53.7 0   -53.7 0     6.9 0    72.9 0     3.1 0    25.6 0   909.5 0
 2019   9  1  9  7 19  7.317 163.88    -2.5 0    -0.8 0     0.0 0    -0.3 0   271.2 0   279.40 0   279.08 0   324.2 0   278.94 0   278.95 0     0.0 0     1.6 0     0.0 0   -53.0 0   -53.0 0     7.1 0    71.8 0     3.3 0    24.1 0   909.5 0
 2019   9  1  9  7 20  7.333 163.98    -2.5 0    -1.0 0     0.0 0    -0.3 0   271.5 0   279.38 0   279.07 0   324.7 0   278.97 0   279.01 0     0.0 0     1.6 0     0.0 0   -53.1 0   -53.1 0     7.3 0    70.4 0     3.3 0    19.0 0   909.5 0
 2019   9  1  9  7 21  7.350 164.07    -2.5 0    -1.2 0     0.0 0    -0.3 0   271.3 0   279.38 0   279.05 0   324.6 0   279.00 0   279.05 0     0.0 0     1.6 0     0.0 0   -53.3 0   -53.3 0     7.5 0    69.7 0     3.4 0    22.0 0   909.5 0
 2019   9  1  9  7 22  7.367 164.16    -2.5 0    -0.8 0     0.0 0    -0.3 0   271.5 0   279.35 0   278.98 0   324.4 0   279.04 0   279.04 0     0.0 0     1.6 0     0.0 0   -52.9 0   -52.9 0     7.4 0    69.8 0     3.6 0    25.4 0   909.5 0
 2019   9  1  9  7 23  7.383 164.24    -2.4 0    -0.4 0     0.0 0    -0.3 0   271.5 0   279.32 0   278.90 0   324.0 0   279.06 0   278.98 0     0.0 0     1.6 0     0.0 0   -52.5 0   -52.5 0     7.2 0    70.5 0     3.7 0    33.1 0   909.5 0
 2019   9  1  9  7 24  7.400 164.33    -2.1 0     0.0 0     0.0 0    -0.3 0   272.4 0   279.27 0   278.89 0   323.9 0   279.05 0   278.96 0     0.0 0     1.6 0     0.0 0   -51.5 0   -51.5 0     6.8 0    72.8 0     3.7 0    28.1 0   909.5 0
 2019   9  1  9  7 25  7.417 164.41    -2.1 0     0.0 0     0.0 0    -0.3 0   272.9 0   279.23 0   278.87 0   323.7 0   279.03 0   278.96 0     0.0 0     1.6 0     0.0 0   -50.8 0   -50.8 0     6.7 0    73.8 0     3.8 0    25.7 0   909.5 0
 2019   9  1  9  7 26  7.433 164.49    -2.1 0     0.0 0     0.0 0    -0.3 0   273.1 0   279.21 0   278.85 0   323.8 0   279.03 0   278.92 0     0.0 0     1.6 0     0.0 0   -50.7 0   -50.7 0     6.7 0    73.5 0     3.7 0    34.6 0   909.5 0
 2019   9  1  9  7 27  7.450 164.56    -2.1 0     0.0 0     0.0 0    -0.3 0   273.3 0   279.18 0   278.82 0   323.6 0   279.01 0   278.89 0     0.0 0     1.6 0     0.0 0   -50.3 0   -50.3 0     6.5 0    74.8 0     3.6 0    34.0 0   909.5 0
 2019   9  1  9  7 28  7.467 164.63    -2.1 0     0.2 0     0.0 0    -0.3 0   273.9 0   279.16 0   278.80 0   323.5 0   278.98 0   278.85 0     0.0 0     1.6 0     0.0 0   -49.6 0   -49.6 0     6.3 0    75.4 0     3.6 0    34.4 0   909.5 0
 2019   9  1  9  7 29  7.483 164.70    -2.1 0     0.0 0     0.0 0    -0.3 0   274.2 0   279.13 0   278.79 0   323.4 0   278.95 0   278.83 0     0.0 0     1.7 0     0.0 0   -49.2 0   -49.2 0     6.3 0    76.1 0     3.6 0    30.7 0   909.5 0
 2019   9  1  9  7 30  7.500 164.77    -2.1 0     0.0 0     0.0 0    -0.3 0   274.5 0   279.11 0   278.79 0   323.6 0   278.93 0   278.82 0     0.0 0     1.7 0     0.0 0   -49.1 0   -49.1 0     6.3 0    75.9 0     4.0 0    30.4 0   909.5 0
 2019   9  1  9  7 31  7.517 164.84    -2.1 0    -0.4 0     0.0 0    -0.2 0   275.2 0   279.09 0   278.81 0   324.0 0   278.91 0   278.87 0     0.0 0     1.8 0     0.0 0   -48.9 0   -48.9 0     6.6 0    75.0 0     4.2 0    28.7 0   909.5 0
 2019   9  1  9  7 32  7.533 164.90    -2.1 0    -1.1 0     0.0 0    -0.1 0   275.6 0   279.09 0   278.86 0   324.1 0   278.93 0   278.93 0     0.0 0     1.6 0     0.0 0   -48.5 0   -48.5 0     7.1 0    71.8 0     4.5 0    32.2 0   909.5 0
 2019   9  1  9  7 33  7.550 164.96    -2.1 0    -1.2 0     0.0 0     0.0 0   276.0 0   279.11 0   278.93 0   324.1 0   278.97 0   278.96 0     0.0 0     1.6 0     0.0 0   -48.1 0   -48.1 0     7.4 0    69.9 0     4.4 0    34.6 0   909.4 0
 2019   9  1  9  7 34  7.567 165.01    -2.4 0    -0.4 0     0.0 0     0.0 0   276.2 0   279.14 0   278.96 0   323.7 0   278.98 0   278.88 0     0.0 0     1.6 0     0.0 0   -47.5 0   -47.5 0     7.1 0    71.1 0     3.0 0    43.8 0   909.4 0
 2019   9  1  9  7 35  7.583 165.07    -2.2 0     0.2 0     0.0 0     0.0 0   276.5 0   279.17 0   278.96 0   323.7 0   278.97 0   278.81 0     0.0 0     1.6 0     0.0 0   -47.2 0   -47.2 0     6.6 0    73.5 0     1.5 0   139.2 0   909.4 0
 2019   9  1  9  7 36  7.600 165.12    -1.9 0     0.5 0     0.0 0    -0.3 0   275.1 0   279.18 0   278.83 0   323.8 0   278.92 0   278.77 0     0.0 0     1.5 0     0.0 0   -48.7 0   -48.7 0     6.1 0    76.1 0     1.5 0   167.4 0   909.5 0
 2019   9  1  9  7 37  7.617 165.17    -1.6 0     0.4 0     0.0 0    -0.3 0   274.4 0   279.15 0   278.71 0   323.9 0   278.88 0   278.73 0     0.0 0     1.3 0     0.0 0   -49.4 0   -49.4 0     5.8 0    78.4 0     1.6 0   173.9 0   909.4 0
 2019   9  1  9  7 38  7.633 165.21    -1.6 0     0.4 0     0.0 0    -0.3 0   274.2 0   279.09 0   278.64 0   323.9 0   278.83 0   278.69 0     0.0 0     1.4 0     0.0 0   -49.6 0   -49.6 0     5.6 0    80.0 0     1.6 0   154.8 0   909.4 0
 2019   9  1  9  7 39  7.650 165.25    -1.6 0     0.0 0     0.0 0    -0.3 0   273.8 0   279.02 0   278.57 0   323.9 0   278.79 0   278.66 0     0.0 0     1.3 0     0.0 0   -50.1 0   -50.1 0     5.5 0    80.9 0     1.8 0   158.6 0   909.4 0
 2019   9  1  9  7 40  7.667 165.29    -1.6 0     0.0 0     0.0 0    -0.3 0   275.2 0   278.95 0   278.51 0   324.1 0   278.76 0   278.64 0     0.0 0     1.4 0     0.0 0   -48.9 0   -48.9 0     5.5 0    81.1 0     1.3 0   152.1 0   909.4 0
 2019   9  1  9  7 41  7.683 165.32    -1.6 0    -0.1 0     0.0 0    -0.3 0   275.3 0   278.89 0   278.50 0   324.7 0   278.72 0   278.64 0     0.0 0     1.5 0     0.0 0   -49.3 0   -49.3 0     5.5 0    81.2 0     1.0 0   160.7 0   909.4 0
 2019   9  1  9  7 42  7.700 165.36    -1.8 0    -0.4 0     0.0 0    -0.3 0   275.8 0   278.84 0   278.52 0   325.4 0   278.69 0   278.64 0     0.0 0     1.3 0     0.0 0   -49.6 0   -49.6 0     5.6 0    80.8 0     1.4 0   208.3 0   909.5 0
 2019   9  1  9  7 43  7.717 165.38    -2.2 0    -0.4 0     0.0 0     0.0 0   276.4 0   278.81 0   278.58 0   325.9 0   278.69 0   278.64 0     0.0 0     1.3 0     0.0 0   -49.5 0   -49.5 0     5.8 0    79.5 0     2.0 0   200.7 0   909.5 0
 2019   9  1  9  7 44  7.733 165.41    -2.1 0    -0.6 0     0.0 0    -0.2 0   276.2 0   278.81 0   278.49 0   326.7 0   278.68 0   278.65 0     0.0 0     1.3 0     0.0 0   -50.5 0   -50.5 0     6.0 0    78.6 0     1.0 0   177.1 0   909.5 0
 2019   9  1  9  7 45  7.750 165.43    -2.1 0    -0.8 0     0.0 0     0.0 0   278.6 0   278.79 0   278.59 0   326.5 0   278.67 0   278.68 0     0.0 0     1.3 0     0.0 0   -47.9 0   -47.9 0     6.2 0    77.3 0     1.2 0   176.9 0   909.5 0
 2019   9  1  9  7 46  7.767 165.45    -2.3 0    -0.6 0     0.0 0     0.0 0   279.1 0   278.81 0   278.72 0   326.6 0   278.69 0   278.68 0     0.0 0     1.3 0     0.0 0   -47.5 0   -47.5 0     6.3 0    76.0 0     0.7 0   148.6 0   909.5 0
 2019   9  1  9  7 47  7.783 165.47    -2.5 0     0.0 0     0.0 0     0.0 0   278.4 0   278.86 0   278.75 0   325.7 0   278.68 0   278.63 0     0.0 0     1.2 0     0.0 0   -47.3 0   -47.3 0     6.3 0    75.1 0     1.5 0   187.0 0   909.5 0
 2019   9  1  9  7 48  7.800 165.48    -2.1 0     0.4 0     0.0 0    -0.2 0   276.5 0   278.89 0   278.62 0   324.9 0   278.65 0   278.56 0     0.0 0     1.1 0     0.0 0   -48.5 0   -48.5 0     6.0 0    76.4 0     1.2 0   208.8 0   909.5 0
 2019   9  1  9  7 49  7.817 165.49    -1.8 0     0.4 0     0.0 0    -0.3 0   276.6 0   278.88 0   278.52 0   324.9 0   278.61 0   278.51 0     0.0 0     1.1 0     0.0 0   -48.3 0   -48.3 0     5.7 0    78.6 0     1.5 0   230.4 0   909.5 0
 2019   9  1  9  7 50  7.833 165.50    -1.6 0     0.4 0     0.0 0    -0.3 0   276.7 0   278.82 0   278.42 0   324.8 0   278.58 0   278.48 0     0.0 0     1.0 0     0.0 0   -48.2 0   -48.2 0     5.5 0    80.3 0     1.8 0   224.7 0   909.5 0
 2019   9  1  9  7 51  7.850 165.50    -1.6 0     0.3 0     0.0 0    -0.3 0   276.7 0   278.77 0   278.37 0   324.7 0   278.53 0   278.44 0     0.0 0     1.1 0     0.0 0   -48.0 0   -48.0 0     5.4 0    81.0 0     1.9 0   224.7 0   909.5 0
 2019   9  1  9  7 52  7.867 165.50    -1.6 0     0.0 0     0.1 0    -0.3 0   276.0 0   278.70 0   278.28 0   324.5 0   278.50 0   278.40 0     0.0 0     1.0 0     0.0 0   -48.4 0   -48.4 0     5.3 0    80.7 0     1.8 0   245.3 0   909.5 0
 2019   9  1  9  7 53  7.883 165.50    -1.6 0     0.0 0     0.4 0    -0.3 0   276.8 0   278.63 0   278.15 0   324.2 0   278.46 0   278.36 0     0.0 0     1.1 0     0.0 0   -47.4 0   -47.4 0     5.2 0    81.8 0     1.7 0   228.7 0   909.5 0
 2019   9  1  9  7 54  7.900 165.49    -1.2 0    -0.1 0     0.4 0    -0.3 0   277.0 0   278.54 0   278.05 0   324.6 0   278.42 0   278.35 0     0.0 0     1.1 0     0.0 0   -47.6 0   -47.6 0     5.3 0    82.3 0     2.1 0   206.6 0   909.5 0
 2019   9  1  9  7 55  7.917 165.48    -1.2 0    -0.4 0     0.3 0    -0.3 0   277.0 0   278.45 0   277.98 0   324.6 0   278.40 0   278.35 0     0.0 0     1.3 0     0.0 0   -47.6 0   -47.6 0     5.6 0    80.3 0     1.7 0   197.1 0   909.5 0
 2019   9  1  9  7 56  7.933 165.47    -1.2 0    -0.4 0     0.3 0    -0.3 0   277.6 0   278.36 0   277.92 0   324.6 0   278.40 0   278.34 0     0.0 0     1.3 0     0.0 0   -47.0 0   -47.0 0     5.7 0    79.2 0     1.3 0   201.8 0   909.5 0
 2019   9  1  9  7 57  7.950 165.45    -1.2 0    -0.4 0     0.0 0    -0.3 0   277.8 0   278.28 0   277.86 0   324.5 0   278.38 0   278.32 0     0.0 0     1.3 0     0.0 0   -46.8 0   -46.8 0     5.8 0    78.9 0     1.3 0   184.1 0   909.5 0
 2019   9  1  9  7 58  7.967 165.43    -1.2 0    -0.1 0     0.0 0    -0.3 0   278.8 0   278.21 0   277.82 0   323.9 0   278.37 0   278.30 0     0.0 0     1.3 0     0.0 0   -45.2 0   -45.2 0     5.8 0    78.4 0     0.6 0   181.5 0   909.4 0
 2019   9  1  9  7 59  7.983 165.41    -1.5 0     0.0 0     0.0 0    -0.2 0   279.8 0   278.16 0   277.86 0   323.9 0   278.35 0   278.28 0     0.0 0     1.3 0     0.0 0   -44.1 0   -44.1 0     5.8 0    78.7 0     0.3 0   183.7 0   909.4 0
 2019   9  1  9  8  0  8.000 165.38    -1.6 0    -0.1 0     0.0 0     0.0 0   279.8 0   278.13 0   277.89 0   324.4 0   278.33 0   278.28 0     0.0 0     1.3 0     0.0 0   -44.6 0   -44.6 0     5.8 0    79.1 0     0.6 0   183.6 0   909.4 0
 2019   9  1  9  8  1  8.017 165.36    -1.6 0    -0.3 0     0.0 0     0.0 0   280.0 0   278.13 0   277.90 0   323.9 0   278.32 0   278.27 0     0.0 0     1.3 0     0.0 0   -43.9 0   -43.9 0     5.9 0    78.2 0     0.7 0   181.4 0   909.4 0
 2019   9  1  9  8  2  8.033 165.32    -1.6 0     0.0 0     0.0 0    -0.1 0   279.1 0   278.13 0   277.86 0   323.8 0   278.30 0   278.25 0     0.0 0     1.3 0     0.0 0   -44.7 0   -44.7 0     5.9 0    77.9 0     0.9 0   179.9 0   909.4 0
 2019   9  1  9  8  3  8.050 165.29    -1.6 0     0.0 0     0.0 0    -0.1 0   279.7 0   278.11 0   277.86 0   324.3 0   278.30 0   278.23 0     0.0 0     1.3 0     0.0 0   -44.5 0   -44.5 0     5.9 0    78.0 0     1.3 0   180.4 0   909.4 0
 2019   9  1  9  8  4  8.067 165.25    -1.6 0     0.0 0     0.0 0    -0.1 0   279.9 0   278.11 0   277.86 0   324.1 0   278.28 0   278.22 0     0.0 0     1.3 0     0.0 0   -44.2 0   -44.2 0     5.9 0    78.0 0     1.3 0   188.3 0   909.4 0
 2019   9  1  9  8  5  8.083 165.21    -1.6 0     0.0 0     0.0 0    -0.2 0   279.8 0   278.11 0   277.86 0   323.9 0   278.26 0   278.20 0     0.0 0     1.3 0     0.0 0   -44.1 0   -44.1 0     5.8 0    78.2 0     0.9 0   184.6 0   909.3 0
 2019   9  1  9  8  6  8.100 165.16    -1.6 0     0.0 0     0.0 0    -0.1 0   280.5 0   278.11 0   277.88 0   323.9 0   278.25 0   278.18 0     0.0 0     1.3 0     0.0 0   -43.5 0   -43.5 0     5.8 0    78.5 0     0.6 0   184.2 0   909.3 0
 2019   9  1  9  8  7  8.117 165.12    -1.6 0     0.0 0     0.0 0     0.0 0   280.2 0   278.11 0   277.91 0   323.6 0   278.22 0   278.16 0     0.0 0     1.3 0     0.0 0   -43.4 0   -43.4 0     5.7 0    78.7 0     0.3 0   174.0 0   909.3 0
 2019   9  1  9  8  8  8.133 165.07    -1.6 0     0.0 0     0.0 0     0.0 0   280.2 0   278.11 0   277.91 0   323.6 0   278.20 0   278.14 0     0.0 0     1.3 0     0.0 0   -43.5 0   -43.5 0     5.7 0    78.9 0     0.3 0   174.0 0   909.3 0
 2019   9  1  9  8  9  8.150 165.01    -1.6 0     0.0 0     0.0 0     0.0 0   280.5 0   278.13 0   277.92 0   323.7 0   278.19 0   278.11 0     0.0 0     1.3 0     0.0 0   -43.2 0   -43.2 0     5.7 0    78.9 0     0.2 0   174.0 0   909.3 0
 2019   9  1  9  8 10  8.167 164.96    -1.7 0     0.0 0     0.0 0     0.0 0   280.1 0   278.14 0   277.95 0   323.4 0   278.17 0   278.09 0     0.0 0     1.3 0     0.0 0   -43.3 0   -43.3 0     5.6 0    79.1 0     0.0 0     0.0 0   909.3 0
 2019   9  1  9  8 11  8.183 164.90    -1.7 0     0.0 0     0.0 0     0.0 0   279.7 0   278.15 0   277.95 0   323.4 0   278.15 0   278.07 0     0.0 0     1.3 0     0.0 0   -43.7 0   -43.7 0     5.5 0    79.4 0     0.0 0     0.0 0   909.4 0
 2019   9  1  9  8 12  8.200 164.83    -1.6 0    -0.1 0     0.0 0     0.0 0   279.6 0   278.16 0   277.93 0   323.2 0   278.12 0   278.06 0     0.0 0     1.3 0     0.0 0   -43.6 0   -43.6 0     5.5 0    79.7 0     0.0 0     0.0 0   909.4 0
 2019   9  1  9  8 13  8.217 164.77    -1.7 0    -0.4 0     0.0 0     0.0 0   279.3 0   278.17 0   277.93 0   323.4 0   278.10 0   278.03 0     0.0 0     1.3 0     0.0 0   -44.1 0   -44.1 0     5.4 0    80.2 0     0.2 0   185.9 0   909.4 0
 2019   9  1  9  8 14  8.233 164.70    -1.6 0    -0.4 0     0.0 0     0.0 0   279.6 0   278.17 0   277.92 0   323.4 0   278.09 0   278.02 0     0.0 0     1.3 0     0.0 0   -43.8 0   -43.8 0     5.4 0    80.4 0     0.1 0   185.9 0   909.4 0
 2019   9  1  9  8 15  8.250 164.63    -1.6 0    -0.4 0     0.0 0     0.0 0   279.3 0   278.16 0   277.93 0   323.1 0   278.06 0   278.01 0     0.0 0     1.3 0     0.0 0   -43.9 0   -43.9 0     5.4 0    80.5 0     0.0 0     0.0 0   909.4 0
 2019   9  1  9  8 16  8.267 164.56    -1.6 0    -0.4 0     0.0 0     0.0 0   279.3 0   278.16 0   277.94 0   323.2 0   278.05 0   277.98 0     0.0 0     1.3 0     0.0 0   -43.9 0   -43.9 0     5.4 0    80.4 0     0.0 0     0.0 0   909.4 0
 2019   9  1  9  8 17  8.283 164.48    -1.6 0    -0.4 0     0.0 0     0.0 0   279.7 0   278.16 0   277.92 0   323.3 0   278.02 0   277.96 0     0.0 0     1.3 0     0.0 0   -43.5 0   -43.5 0     5.3 0    80.5 0     0.0 0     0.0 0   909.4 0
 2019   9  1  9  8 18  8.300 164.40    -1.6 0    -0.3 0     0.0 0     0.0 0   279.9 0   278.15 0   277.91 0   323.5 0   278.01 0   277.94 0     0.0 0     1.3 0     0.0 0   -43.5 0   -43.5 0     5.3 0    80.8 0     0.0 0     0.0 0   909.4 0
 2019   9  1  9  8 19  8.317 164.32    -1.6 0    -0.4 0     0.0 0     0.0 0   280.1 0   278.15 0   277.94 0   323.5 0   277.98 0   277.91 0     0.0 0     1.3 0     0.0 0   -43.3 0   -43.3 0     5.3 0    81.1 0     0.0 0     0.0 0   909.4 0
 2019   9  1  9  8 20  8.333 164.24    -1.6 0    -0.4 0     0.0 0     0.0 0   279.8 0   278.15 0   277.95 0   323.2 0   277.96 0   277.89 0     0.0 0     1.3 0     0.0 0   -43.4 0   -43.4 0     5.2 0    81.3 0     0.0 0    86.7 0   909.4 0
 2019   9  1  9  8 21  8.350 164.15    -1.6 0     0.0 0     0.0 0    -0.1 0   278.9 0   278.17 0   277.87 0   322.7 0   277.94 0   277.85 0     0.0 0     1.4 0     0.0 0   -43.7 0   -43.7 0     5.2 0    81.6 0     0.8 0    72.1 0   909.4 0
 2019   9  1  9  8 22  8.367 164.06    -1.6 0     0.0 0     0.0 0    -0.3 0   278.4 0   278.15 0   277.79 0   322.1 0   277.92 0   277.82 0     0.0 0     1.6 0     0.0 0   -43.7 0   -43.7 0     5.2 0    81.8 0     1.2 0    59.7 0   909.4 0
 2019   9  1  9  8 23  8.383 163.97    -1.6 0     0.0 0     0.0 0    -0.2 0   278.7 0   278.12 0   277.82 0   322.1 0   277.90 0   277.80 0     0.0 0     1.6 0     0.0 0   -43.4 0   -43.4 0     5.2 0    82.0 0     1.3 0    59.1 0   909.4 0
 2019   9  1  9  8 24  8.400 163.88    -1.6 0     0.0 0     0.0 0     0.0 0   279.2 0   278.10 0   277.86 0   322.0 0   277.88 0   277.78 0     0.0 0     1.6 0     0.0 0   -42.8 0   -42.8 0     5.2 0    82.0 0     1.2 0    58.9 0   909.5 0
 2019   9  1  9  8 25  8.417 163.78    -1.6 0     0.0 0     0.0 0     0.0 0   279.6 0   278.12 0   277.89 0   322.0 0   277.86 0   277.76 0     0.0 0     1.6 0     0.0 0   -42.4 0   -42.4 0     5.2 0    82.0 0     1.3 0    60.2 0   909.5 0
 2019   9  1  9  8 26  8.433 163.69    -1.6 0     0.0 0     0.0 0    -0.1 0   279.4 0   278.13 0   277.85 0   322.0 0   277.84 0   277.75 0     0.0 0     1.6 0     0.0 0   -42.6 0   -42.6 0     5.2 0    82.0 0     1.7 0    69.8 0   909.5 0
 2019   9  1  9  8 27  8.450 163.59    -1.6 0     0.0 0     0.0 0    -0.3 0   279.7 0   278.12 0   277.77 0   322.1 0   277.83 0   277.74 0     0.0 0     1.6 0     0.0 0   -42.3 0   -42.3 0     5.2 0    82.1 0     1.5 0    69.2 0   909.5 0
 2019   9  1  9  8 28  8.467 163.48    -1.6 0    -0.4 0     0.0 0    -0.3 0   280.5 0   278.10 0   277.79 0   321.9 0   277.81 0   277.73 0     0.0 0     1.6 0     0.0 0   -41.4 0   -41.4 0     5.2 0    81.9 0     1.4 0    67.3 0   909.5 0
 2019   9  1  9  8 29  8.483 163.38    -1.6 0    -0.4 0     0.0 0    -0.3 0   280.3 0   278.08 0   277.78 0   322.2 0   277.81 0   277.71 0     0.0 0     1.7 0     0.0 0   -41.9 0   -41.9 0     5.3 0    81.6 0     1.7 0    73.6 0   909.5 0
 2019   9  1  9  8 30  8.500 163.27    -1.6 0    -0.4 0     0.0 0    -0.3 0   280.4 0   278.07 0   277.71 0   322.4 0   277.81 0   277.72 0     0.0 0     1.6 0     0.0 0   -42.0 0   -42.0 0     5.4 0    81.4 0     1.9 0    85.7 0   909.5 0
 2019   9  1  9  8 31  8.517 163.16    -1.6 0    -0.4 0     0.0 0    -0.3 0   280.9 0   278.03 0   277.64 0   322.6 0   277.81 0   277.74 0     0.0 0     1.6 0     0.0 0   -41.7 0   -41.7 0     5.5 0    80.9 0     2.1 0    89.0 0   909.5 0
 2019   9  1  9  8 32  8.533 163.05    -1.6 0    -0.7 0     0.0 0    -0.3 0   281.6 0   277.99 0   277.62 0   322.7 0   277.81 0   277.76 0     0.0 0     1.6 0     0.0 0   -41.1 0   -41.1 0     5.6 0    80.2 0     2.3 0    93.6 0   909.5 0
 2019   9  1  9  8 33  8.550 162.94    -1.6 0    -0.8 0     0.0 0    -0.3 0   281.8 0   277.96 0   277.60 0   322.7 0   277.81 0   277.78 0     0.0 0     1.6 0     0.0 0   -40.9 0   -40.9 0     5.6 0    79.3 0     2.7 0    93.5 0   909.4 0
 2019   9  1  9  8 34  8.567 162.82    -1.6 0    -0.8 0     0.0 0    -0.2 0   282.1 0   277.93 0   277.63 0   322.7 0   277.83 0   277.79 0     0.0 0     1.6 0     0.0 0   -40.6 0   -40.6 0     5.7 0    78.7 0     2.8 0    93.6 0   909.4 0
 2019   9  1  9  8 35  8.583 162.71    -1.8 0    -0.4 0     0.0 0    -0.1 0   282.7 0   277.91 0   277.66 0   322.6 0   277.84 0   277.80 0     0.0 0     1.6 0     0.0 0   -39.9 0   -39.9 0     5.7 0    78.4 0     2.9 0    98.3 0   909.4 0
 2019   9  1  9  8 36  8.600 162.59    -1.7 0    -0.6 0     0.0 0    -0.1 0   283.0 0   277.91 0   277.66 0   323.2 0   277.86 0   277.83 0     0.0 0     1.6 0     0.0 0   -40.2 0   -40.2 0     5.8 0    77.9 0     2.9 0   101.1 0   909.4 0
 2019   9  1  9  8 37  8.617 162.47    -1.7 0    -0.7 0     0.0 0     0.0 0   282.9 0   277.91 0   277.65 0   323.2 0   277.88 0   277.86 0     0.0 0     1.6 0     0.0 0   -40.3 0   -40.3 0     5.9 0    77.1 0     2.7 0   101.5 0   909.4 0
 2019   9  1  9  8 38  8.633 162.34    -1.7 0    -0.4 0     0.0 0     0.0 0   283.7 0   277.91 0   277.67 0   323.3 0   277.90 0   277.87 0     0.0 0     1.6 0     0.0 0   -39.6 0   -39.6 0     6.0 0    76.5 0     2.3 0    97.8 0   909.4 0
 2019   9  1  9  8 39  8.650 162.22    -2.0 0    -0.2 0     0.0 0     0.0 0   284.5 0   277.92 0   277.74 0   323.0 0   277.91 0   277.86 0     0.0 0     1.6 0     0.0 0   -38.5 0   -38.5 0     5.9 0    76.6 0     1.7 0    93.0 0   909.4 0
 2019   9  1  9  8 40  8.667 162.09    -2.1 0    -0.1 0     0.0 0     0.0 0   284.5 0   277.95 0   277.80 0   323.2 0   277.92 0   277.88 0     0.0 0     1.6 0     0.0 0   -38.8 0   -38.8 0     5.9 0    77.2 0     1.8 0    94.1 0   909.5 0
 2019   9  1  9  8 41  8.683 161.97    -2.1 0    -0.4 0     0.0 0     0.0 0   284.7 0   277.99 0   277.85 0   323.8 0   277.94 0   277.91 0     0.0 0     1.6 0     0.0 0   -39.1 0   -39.1 0     6.0 0    76.5 0     1.8 0    94.1 0   909.5 0
 2019   9  1  9  8 42  8.700 161.84    -2.1 0    -0.4 0     0.0 0     0.0 0   284.4 0   278.02 0   277.88 0   323.8 0   277.96 0   277.93 0     0.0 0     1.6 0     0.0 0   -39.4 0   -39.4 0     6.1 0    75.7 0     2.0 0    96.1 0   909.5 0
 2019   9  1  9  8 43  8.717 161.71    -2.1 0    -0.4 0     0.0 0     0.0 0   284.2 0   278.06 0   277.91 0   323.8 0   277.98 0   277.96 0     0.0 0     1.6 0     0.0 0   -39.6 0   -39.6 0     6.2 0    75.3 0     2.1 0   100.2 0   909.5 0
 2019   9  1  9  8 44  8.733 161.57    -2.1 0    -0.4 0     0.0 0     0.0 0   284.4 0   278.10 0   277.91 0   323.7 0   278.01 0   277.98 0     0.0 0     1.6 0     0.0 0   -39.3 0   -39.3 0     6.1 0    75.5 0     2.4 0   105.4 0   909.5 0
 2019   9  1  9  8 45  8.750 161.44    -2.1 0    -0.4 0     0.0 0     0.0 0   284.0 0   278.12 0   277.91 0   323.7 0   278.01 0   277.99 0     0.0 0     1.5 0     0.0 0   -39.6 0   -39.6 0     6.1 0    76.1 0     2.4 0   112.1 0   909.4 0
 2019   9  1  9  8 46  8.767 161.30    -2.1 0    -0.3 0     0.0 0     0.0 0   284.5 0   278.14 0   277.96 0   324.1 0   278.04 0   278.01 0     0.0 0     1.5 0     0.0 0   -39.5 0   -39.5 0     6.1 0    76.1 0     1.9 0   105.7 0   909.4 0
 2019   9  1  9  8 47  8.783 161.16    -2.1 0     0.0 0     0.0 0     0.0 0   284.7 0   278.16 0   278.02 0   324.1 0   278.05 0   278.01 0     0.0 0     1.6 0     0.0 0   -39.3 0   -39.3 0     6.0 0    76.3 0     2.1 0   109.4 0   909.4 0
 2019   9  1  9  8 48  8.800 161.03    -2.4 0    -0.1 0     0.0 0     0.0 0   284.6 0   278.20 0   278.06 0   324.2 0   278.06 0   278.05 0     0.0 0     1.5 0     0.0 0   -39.6 0   -39.6 0     6.0 0    76.6 0     2.7 0   105.4 0   909.4 0
 2019   9  1  9  8 49  8.817 160.89    -2.5 0    -0.3 0     0.0 0     0.0 0   284.7 0   278.24 0   278.13 0   324.4 0   278.09 0   278.07 0     0.0 0     1.5 0     0.0 0   -39.7 0   -39.7 0     6.0 0    76.1 0     2.0 0   106.5 0   909.4 0
 2019   9  1  9  8 50  8.833 160.74    -2.5 0     0.0 0     0.0 0     0.0 0   284.2 0   278.29 0   278.17 0   324.5 0   278.10 0   278.06 0     0.0 0     1.6 0     0.0 0   -40.3 0   -40.3 0     6.0 0    76.3 0     1.7 0   106.9 0   909.4 0
 2019   9  1  9  8 51  8.850 160.60    -2.5 0     0.0 0     0.0 0     0.0 0   283.2 0   278.33 0   278.18 0   324.0 0   278.10 0   278.05 0     0.0 0     1.4 0     0.0 0   -40.8 0   -40.8 0     5.9 0    76.8 0     1.7 0    98.3 0   909.4 0
 2019   9  1  9  8 52  8.867 160.46    -2.5 0     0.0 0     0.0 0     0.0 0   283.2 0   278.37 0   278.20 0   324.0 0   278.10 0   278.03 0     0.0 0     1.6 0     0.0 0   -40.8 0   -40.8 0     5.7 0    78.0 0     1.9 0   101.7 0   909.4 0
 2019   9  1  9  8 53  8.883 160.31    -2.5 0     0.0 0     0.0 0     0.0 0   282.8 0   278.40 0   278.20 0   324.1 0   278.10 0   278.03 0     0.0 0     1.6 0     0.0 0   -41.3 0   -41.3 0     5.6 0    78.9 0     1.8 0   101.5 0   909.4 0
 2019   9  1  9  8 54  8.900 160.16    -2.4 0     0.0 0     0.0 0     0.0 0   282.5 0   278.42 0   278.21 0   324.2 0   278.10 0   278.02 0     0.0 0     1.6 0     0.0 0   -41.8 0   -41.8 0     5.6 0    79.0 0     1.6 0   102.0 0   909.4 0
 2019   9  1  9  8 55  8.917 160.02    -2.1 0     0.0 0     0.0 0     0.0 0   282.2 0   278.44 0   278.21 0   323.9 0   278.08 0   278.01 0     0.0 0     1.6 0     0.0 0   -41.7 0   -41.7 0     5.7 0    78.6 0     1.5 0    99.5 0   909.4 0
 2019   9  1  9  8 56  8.933 159.87    -2.1 0     0.0 0     0.0 0     0.0 0   281.8 0   278.44 0   278.20 0   323.6 0   278.08 0   278.01 0     0.0 0     1.6 0     0.0 0   -41.8 0   -41.8 0     5.7 0    78.5 0     1.7 0    89.4 0   909.4 0
 2019   9  1  9  8 57  8.950 159.72    -2.1 0     0.0 0     0.0 0     0.0 0   281.9 0   278.44 0   278.20 0   323.4 0   278.08 0   278.00 0     0.0 0     1.6 0     0.0 0   -41.5 0   -41.5 0     5.7 0    78.5 0     1.8 0    87.8 0   909.4 0
 2019   9  1  9  8 58  8.967 159.56    -2.1 0     0.0 0     0.0 0     0.0 0   281.8 0   278.44 0   278.20 0   323.6 0   278.08 0   278.00 0     0.0 0     1.6 0     0.0 0   -41.7 0   -41.7 0     5.7 0    78.6 0     1.8 0    86.3 0   909.4 0
 2019   9  1  9  8 59  8.983 159.41    -2.1 0    -0.2 0     0.0 0     0.0 0   281.4 0   278.44 0   278.19 0   323.4 0   278.08 0   278.01 0     0.0 0     1.5 0     0.0 0   -42.1 0   -42.1 0     5.7 0    78.3 0     1.7 0    77.0 0   909.4 0
 2019   9  1  9  9  0  9.000 159.26    -2.1 0    -0.1 0     0.0 0     0.0 0   281.9 0   278.44 0   278.23 0   322.8 0   278.08 0   277.99 0     0.0 0     1.6 0     0.0 0   -40.9 0   -40.9 0     5.7 0    77.8 0     1.4 0    56.9 0   909.4 0
 2019   9  1  9  9  1  9.017 159.10    -2.1 0    -0.1 0     0.0 0     0.0 0   282.5 0   278.46 0   278.28 0   322.7 0   278.06 0   278.00 0     0.0 0     1.6 0     0.0 0   -40.2 0   -40.2 0     5.7 0    78.4 0     1.7 0    62.2 0   909.4 0
 2019   9  1  9  9  2  9.033 158.95    -2.1 0    -0.4 0     0.0 0     0.0 0   282.9 0   278.49 0   278.31 0   322.9 0   278.07 0   278.02 0     0.0 0     1.6 0     0.0 0   -40.0 0   -40.0 0     5.9 0    77.8 0     1.7 0    64.5 0   909.4 0
 2019   9  1  9  9  3  9.050 158.79    -2.1 0    -0.4 0     0.0 0     0.0 0   282.5 0   278.51 0   278.35 0   322.9 0   278.08 0   278.03 0     0.0 0     1.6 0     0.0 0   -40.4 0   -40.4 0     6.0 0    76.5 0     1.5 0    62.2 0   909.4 0
 2019   9  1  9  9  4  9.067 158.63    -2.1 0    -0.4 0     0.0 0     0.0 0   283.0 0   278.55 0   278.39 0   323.1 0   278.09 0   278.05 0     0.0 0     1.6 0     0.0 0   -40.2 0   -40.2 0     6.1 0    75.8 0     1.3 0    58.9 0   909.4 0
 2019   9  1  9  9  5  9.083 158.47    -2.1 0    -0.4 0     0.0 0     0.0 0   282.9 0   278.58 0   278.41 0   323.6 0   278.10 0   278.05 0     0.0 0     1.6 0     0.0 0   -40.7 0   -40.7 0     6.2 0    75.4 0     1.1 0    65.1 0   909.4 0
 2019   9  1  9  9  6  9.100 158.31    -2.4 0    -0.4 0     0.0 0     0.0 0   283.4 0   278.61 0   278.45 0   323.7 0   278.10 0   278.08 0     0.0 0     1.5 0     0.0 0   -40.4 0   -40.4 0     6.3 0    75.0 0     1.4 0    79.7 0   909.4 0
 2019   9  1  9  9  7  9.117 158.15    -2.5 0    -0.4 0     0.0 0     0.0 0   283.7 0   278.64 0   278.52 0   323.7 0   278.12 0   278.10 0     0.0 0     1.6 0     0.0 0   -40.0 0   -40.0 0     6.3 0    74.6 0     1.6 0    91.8 0   909.4 0
 2019   9  1  9  9  8  9.133 157.99    -2.2 0    -0.4 0     0.0 0     0.0 0   283.4 0   278.68 0   278.50 0   323.6 0   278.13 0   278.10 0     0.0 0     1.6 0     0.0 0   -40.3 0   -40.3 0     6.3 0    74.8 0     1.6 0    94.6 0   909.3 0
 2019   9  1  9  9  9  9.150 157.83    -2.1 0    -0.4 0     0.0 0     0.0 0   282.6 0   278.70 0   278.49 0   323.8 0   278.15 0   278.10 0     0.0 0     1.5 0     0.0 0   -41.1 0   -41.1 0     6.2 0    75.4 0     1.7 0    94.4 0   909.3 0
 2019   9  1  9  9 10  9.167 157.66    -2.1 0    -0.3 0     0.0 0    -0.1 0   282.6 0   278.71 0   278.47 0   323.8 0   278.15 0   278.10 0     0.0 0     1.6 0     0.0 0   -41.2 0   -41.2 0     6.1 0    75.9 0     1.6 0    93.5 0   909.3 0
 2019   9  1  9  9 11  9.183 157.50    -2.1 0     0.0 0     0.0 0     0.0 0   282.0 0   278.71 0   278.50 0   323.6 0   278.15 0   278.10 0     0.0 0     1.4 0     0.0 0   -41.6 0   -41.6 0     6.1 0    76.3 0     1.4 0    88.4 0   909.4 0
 2019   9  1  9  9 12  9.200 157.33    -2.1 0     0.0 0     0.0 0     0.0 0   281.6 0   278.73 0   278.52 0   323.7 0   278.15 0   278.10 0     0.0 0     1.5 0     0.0 0   -42.1 0   -42.1 0     6.0 0    76.6 0     1.0 0    86.8 0   909.4 0
 2019   9  1  9  9 13  9.217 157.17    -1.9 0     0.0 0     0.0 0    -0.2 0   280.5 0   278.74 0   278.42 0   323.6 0   278.15 0   278.10 0     0.0 0     1.6 0     0.0 0   -43.0 0   -43.0 0     6.0 0    76.6 0     0.2 0    88.0 0   909.5 0
 2019   9  1  9  9 14  9.233 157.00    -1.6 0     0.0 0     0.3 0    -0.3 0   280.0 0   278.69 0   278.23 0   324.3 0   278.14 0   278.10 0     0.0 0     1.2 0     0.0 0   -44.4 0   -44.4 0     6.0 0    76.5 0     1.3 0   307.0 0   909.5 0
 2019   9  1  9  9 15  9.250 156.83    -1.3 0    -0.1 0     0.4 0    -0.3 0   279.4 0   278.61 0   278.10 0   324.4 0   278.13 0   278.10 0     0.0 0     0.9 0     0.0 0   -45.0 0   -45.0 0     5.9 0    76.9 0     3.0 0   296.3 0   909.6 0
 2019   9  1  9  9 16  9.267 156.66    -1.2 0     0.1 0     0.7 0    -0.3 0   278.4 0   278.52 0   278.00 0   323.9 0   278.12 0   278.05 0     0.0 0     0.9 0     0.0 0   -45.5 0   -45.5 0     5.7 0    78.0 0     4.1 0   297.4 0   909.6 0
 2019   9  1  9  9 17  9.283 156.49    -1.3 0     0.5 0     0.6 0    -0.3 0   277.7 0   278.42 0   277.93 0   323.7 0   278.09 0   277.98 0     0.0 0     0.9 0     0.0 0   -46.0 0   -46.0 0     5.3 0    79.5 0     3.6 0   298.3 0   909.6 0
 2019   9  1  9  9 18  9.300 156.32    -1.5 0     0.8 0     0.4 0    -0.3 0   277.6 0   278.33 0   277.86 0   323.7 0   278.04 0   277.92 0     0.0 0     0.9 0     0.0 0   -46.1 0   -46.1 0     4.9 0    82.2 0     3.1 0   301.7 0   909.6 0
 2019   9  1  9  9 19  9.317 156.15    -1.6 0     0.6 0     0.4 0    -0.3 0   278.1 0   278.24 0   277.82 0   323.8 0   277.99 0   277.89 0     0.0 0     0.9 0     0.0 0   -45.7 0   -45.7 0     4.7 0    83.8 0     1.9 0   306.7 0   909.6 0
 2019   9  1  9  9 20  9.333 155.98    -1.6 0     0.0 0     0.1 0    -0.3 0   279.4 0   278.17 0   277.83 0   324.8 0   277.96 0   277.92 0     0.0 0     0.9 0     0.0 0   -45.4 0   -45.4 0     4.9 0    84.7 0     1.8 0   303.2 0   909.6 0
 2019   9  1  9  9 21  9.350 155.81    -1.6 0    -0.7 0     0.0 0    -0.2 0   280.9 0   278.12 0   277.86 0   325.7 0   277.96 0   277.99 0     0.0 0     1.2 0     0.0 0   -44.8 0   -44.8 0     5.3 0    82.5 0     1.4 0   271.2 0   909.6 0
 2019   9  1  9  9 22  9.367 155.64    -2.0 0    -1.2 0     0.0 0     0.0 0   281.9 0   278.10 0   277.95 0   326.0 0   277.98 0   278.09 0     0.0 0     1.0 0     0.0 0   -44.1 0   -44.1 0     5.8 0    78.8 0     0.9 0   278.3 0   909.6 0
 2019   9  1  9  9 23  9.383 155.46    -2.9 0    -1.0 0    -0.3 0     0.0 0   282.2 0   278.16 0   278.22 0   324.6 0   278.03 0   278.13 0     0.0 0     1.3 0     0.0 0   -42.4 0   -42.4 0     6.2 0    75.6 0     1.2 0    63.2 0   909.6 0
 2019   9  1  9  9 24  9.400 155.29    -2.6 0    -0.4 0    -0.3 0     0.0 0   279.9 0   278.26 0   278.23 0   324.3 0   278.06 0   278.07 0     0.0 0     1.3 0     0.0 0   -44.3 0   -44.3 0     6.2 0    75.7 0     1.5 0    98.1 0   909.6 0
 2019   9  1  9  9 25  9.417 155.11    -2.1 0    -0.4 0     0.0 0     0.0 0   279.4 0   278.33 0   278.13 0   324.2 0   278.07 0   278.09 0     0.0 0     1.4 0     0.0 0   -44.8 0   -44.8 0     6.2 0    75.7 0     1.2 0    85.9 0   909.6 0
 2019   9  1  9  9 26  9.433 154.94    -2.1 0    -0.1 0     0.0 0     0.0 0   280.0 0   278.35 0   278.12 0   324.4 0   278.09 0   278.09 0     0.0 0     1.6 0     0.0 0   -44.4 0   -44.4 0     6.2 0    75.8 0     1.2 0    70.8 0   909.6 0
 2019   9  1  9  9 27  9.450 154.76    -2.1 0    -0.4 0     0.0 0     0.0 0   280.7 0   278.37 0   278.14 0   325.0 0   278.11 0   278.13 0     0.0 0     1.5 0     0.0 0   -44.3 0   -44.3 0     6.4 0    74.7 0     1.3 0    78.9 0   909.6 0
 2019   9  1  9  9 28  9.467 154.58    -2.7 0    -0.4 0     0.0 0     0.0 0   281.8 0   278.38 0   278.29 0   325.2 0   278.14 0   278.17 0     0.0 0     1.3 0     0.0 0   -43.5 0   -43.5 0     6.7 0    72.8 0     1.2 0   103.1 0   909.6 0
 2019   9  1  9  9 29  9.483 154.41    -2.5 0    -0.3 0     0.0 0     0.0 0   281.1 0   278.42 0   278.26 0   324.4 0   278.17 0   278.19 0     0.0 0     1.3 0     0.0 0   -43.3 0   -43.3 0     6.8 0    71.8 0     1.2 0   106.2 0   909.5 0
 2019   9  1  9  9 30  9.500 154.23    -2.1 0     0.0 0     0.0 0    -0.1 0   280.8 0   278.45 0   278.17 0   324.4 0   278.20 0   278.18 0     0.0 0     1.3 0     0.0 0   -43.7 0   -43.7 0     6.7 0    72.7 0     1.0 0   111.8 0   909.5 0
 2019   9  1  9  9 31  9.517 154.05    -2.0 0     0.0 0     0.0 0    -0.3 0   281.5 0   278.43 0   278.14 0   324.6 0   278.20 0   278.20 0     0.0 0     1.3 0     0.0 0   -43.2 0   -43.2 0     6.7 0    72.9 0     1.2 0   121.5 0   909.5 0
 2019   9  1  9  9 32  9.533 153.87    -2.1 0     0.0 0     0.0 0    -0.1 0   281.7 0   278.42 0   278.17 0   324.7 0   278.22 0   278.22 0     0.0 0     1.3 0     0.0 0   -43.1 0   -43.1 0     6.7 0    72.4 0     1.0 0   128.4 0   909.5 0
 2019   9  1  9  9 33  9.550 153.69    -2.1 0     0.0 0     0.0 0     0.0 0   282.0 0   278.41 0   278.21 0   324.6 0   278.24 0   278.22 0     0.0 0     1.3 0     0.0 0   -42.6 0   -42.6 0     6.7 0    72.2 0     0.6 0   104.1 0   909.5 0
 2019   9  1  9  9 34  9.567 153.51    -1.9 0     0.0 0     0.0 0     0.0 0   283.0 0   278.42 0   278.29 0   324.5 0   278.25 0   278.22 0     0.0 0     1.3 0     0.0 0   -41.4 0   -41.4 0     6.7 0    72.3 0     0.2 0   104.2 0   909.5 0
 2019   9  1  9  9 35  9.583 153.33    -1.9 0     0.0 0     0.0 0     0.0 0   283.0 0   278.46 0   278.39 0   324.4 0   278.25 0   278.21 0     0.0 0     1.3 0     0.0 0   -41.4 0   -41.4 0     6.8 0    72.2 0     0.0 0     0.0 0   909.5 0
 2019   9  1  9  9 36  9.600 153.15    -2.0 0     0.0 0     0.0 0     0.0 0   282.3 0   278.51 0   278.32 0   324.5 0   278.25 0   278.21 0     0.0 0     1.3 0     0.0 0   -42.2 0   -42.2 0     6.8 0    72.2 0     0.0 0     0.0 0   909.6 0
 2019   9  1  9  9 37  9.617 152.97    -1.6 0     0.0 0     0.0 0    -0.2 0   281.1 0   278.52 0   278.20 0   324.2 0   278.25 0   278.21 0     0.0 0     1.3 0     0.0 0   -43.1 0   -43.1 0     6.8 0    72.2 0     0.1 0   104.1 0   909.6 0
 2019   9  1  9  9 38  9.633 152.79    -1.6 0     0.0 0     0.0 0    -0.3 0   282.3 0   278.48 0   278.09 0   324.5 0   278.24 0   278.22 0     0.0 0     1.1 0     0.0 0   -42.2 0   -42.2 0     6.7 0    72.2 0     1.0 0   335.8 0   909.6 0
 2019   9  1  9  9 39  9.650 152.61    -1.6 0     0.0 0     0.0 0    -0.3 0   283.1 0   278.42 0   278.05 0   325.1 0   278.22 0   278.25 0     0.0 0     0.9 0     0.0 0   -41.9 0   -41.9 0     6.5 0    73.3 0     1.7 0   326.2 0   909.6 0
 2019   9  1  9  9 40  9.667 152.42    -1.6 0    -0.2 0     0.0 0    -0.3 0   283.6 0   278.36 0   278.03 0   325.8 0   278.23 0   278.25 0     0.0 0     0.8 0     0.0 0   -42.2 0   -42.2 0     6.3 0    74.5 0     2.2 0   326.6 0   909.6 0
 2019   9  1  9  9 41  9.683 152.24    -1.6 0    -0.4 0     0.0 0    -0.3 0   283.8 0   278.31 0   278.01 0   326.1 0   278.25 0   278.28 0     0.0 0     0.7 0     0.0 0   -42.3 0   -42.3 0     6.3 0    74.9 0     1.9 0   334.5 0   909.6 0
 2019   9  1  9  9 42  9.700 152.06    -1.6 0    -0.8 0     0.0 0    -0.1 0   284.1 0   278.28 0   278.04 0   325.9 0   278.25 0   278.30 0     0.0 0     0.7 0     0.0 0   -41.8 0   -41.8 0     6.3 0    74.5 0     2.2 0   352.6 0   909.6 0
 2019   9  1  9  9 43  9.717 151.87    -1.8 0    -0.8 0     0.0 0     0.0 0   283.3 0   278.30 0   278.11 0   325.0 0   278.30 0   278.32 0     0.0 0     1.2 0     0.0 0   -41.7 0   -41.7 0     6.4 0    74.3 0     2.3 0     3.7 0   909.6 0
 2019   9  1  9  9 44  9.733 151.69    -2.0 0    -0.8 0     0.0 0     0.0 0   282.2 0   278.31 0   278.11 0   324.6 0   278.33 0   278.37 0     0.0 0     1.6 0     0.0 0   -42.4 0   -42.4 0     6.5 0    73.4 0     2.0 0     4.0 0   909.5 0
 2019   9  1  9  9 45  9.750 151.50    -1.9 0    -0.8 0     0.0 0     0.0 0   281.4 0   278.33 0   278.10 0   324.0 0   278.38 0   278.41 0     0.0 0     1.6 0     0.0 0   -42.6 0   -42.6 0     6.7 0    71.9 0     2.3 0     6.3 0   909.5 0
 2019   9  1  9  9 46  9.767 151.32    -2.0 0    -0.5 0     0.0 0     0.0 0   281.0 0   278.35 0   278.11 0   323.7 0   278.40 0   278.40 0     0.0 0     1.6 0     0.0 0   -42.7 0   -42.7 0     6.7 0    72.1 0     2.5 0     5.0 0   909.5 0
 2019   9  1  9  9 47  9.783 151.13    -2.1 0    -0.8 0     0.0 0     0.0 0   279.7 0   278.35 0   278.13 0   323.8 0   278.43 0   278.46 0     0.0 0     1.6 0     0.0 0   -44.1 0   -44.1 0     6.7 0    72.1 0     2.4 0    10.9 0   909.5 0
 2019   9  1  9  9 48  9.800 150.95    -2.1 0    -0.7 0     0.0 0     0.0 0   279.3 0   278.37 0   278.15 0   323.4 0   278.46 0   278.48 0     0.0 0     1.6 0     0.0 0   -44.2 0   -44.2 0     6.8 0    71.7 0     2.0 0    12.2 0   909.5 0
 2019   9  1  9  9 49  9.817 150.76    -2.1 0    -0.3 0     0.0 0     0.0 0   278.6 0   278.38 0   278.15 0   323.2 0   278.49 0   278.48 0     0.0 0     1.6 0     0.0 0   -44.6 0   -44.6 0     6.7 0    72.0 0     1.9 0    17.4 0   909.5 0
 2019   9  1  9  9 50  9.833 150.57    -2.1 0     0.0 0     0.0 0     0.0 0   277.4 0   278.40 0   278.14 0   322.8 0   278.49 0   278.41 0     0.0 0     1.6 0     0.0 0   -45.4 0   -45.4 0     6.5 0    73.2 0     1.9 0    36.2 0   909.5 0
 2019   9  1  9  9 51  9.850 150.39    -2.1 0    -0.2 0     0.0 0     0.0 0   278.8 0   278.40 0   278.21 0   324.3 0   278.49 0   278.48 0     0.0 0     1.6 0     0.0 0   -45.5 0   -45.5 0     6.4 0    74.4 0     2.1 0    42.0 0   909.5 0
 2019   9  1  9  9 52  9.867 150.20    -2.5 0    -0.8 0    -0.2 0     0.0 0   279.4 0   278.44 0   278.50 0   324.8 0   278.51 0   278.58 0     0.0 0     1.6 0     0.0 0   -45.4 0   -45.4 0     6.8 0    72.1 0     1.3 0    41.8 0   909.5 0
 2019   9  1  9  9 53  9.883 150.01    -2.8 0    -0.8 0    -0.3 0     0.0 0   277.7 0   278.55 0   278.55 0   324.6 0   278.55 0   278.60 0     0.0 0     1.5 0     0.0 0   -46.9 0   -46.9 0     7.1 0    70.2 0     1.9 0    52.7 0   909.5 0
 2019   9  1  9  9 54  9.900 149.82    -2.5 0    -0.7 0     0.0 0     0.0 0   277.6 0   278.62 0   278.44 0   324.5 0   278.59 0   278.64 0     0.0 0     1.5 0     0.0 0   -46.8 0   -46.8 0     7.1 0    70.0 0     1.9 0    25.7 0   909.5 0
 2019   9  1  9  9 55  9.917 149.63    -2.8 0    -0.6 0     0.0 0     0.0 0   277.9 0   278.67 0   278.57 0   324.3 0   278.62 0   278.63 0     0.0 0     1.4 0     0.0 0   -46.4 0   -46.4 0     7.1 0    69.8 0     1.3 0    56.5 0   909.6 0
 2019   9  1  9  9 56  9.933 149.44    -2.5 0    -0.4 0     0.0 0     0.0 0   278.2 0   278.71 0   278.51 0   324.5 0   278.64 0   278.68 0     0.0 0     1.6 0     0.0 0   -46.3 0   -46.3 0     7.2 0    69.7 0     1.2 0    45.0 0   909.6 0
 2019   9  1  9  9 57  9.950 149.26    -2.2 0    -0.2 0     0.0 0     0.0 0   278.2 0   278.74 0   278.58 0   324.5 0   278.67 0   278.69 0     0.0 0     1.6 0     0.0 0   -46.3 0   -46.3 0     7.2 0    69.3 0     0.8 0    31.8 0   909.6 0
 2019   9  1  9  9 58  9.967 149.07    -2.5 0     0.0 0     0.0 0     0.0 0   277.9 0   278.77 0   278.55 0   323.7 0   278.69 0   278.68 0     0.0 0     1.5 0     0.0 0   -45.9 0   -45.9 0     7.2 0    69.2 0     0.8 0    28.1 0   909.6 0
 2019   9  1  9  9 59  9.983 148.88    -2.2 0     0.0 0     0.0 0    -0.1 0   278.7 0   278.79 0   278.51 0   324.3 0   278.69 0   278.69 0     0.0 0     1.5 0     0.0 0   -45.7 0   -45.7 0     7.2 0    69.7 0     0.6 0    94.3 0   909.6 0
 2019   9  1  9 10  0 10.000 148.69    -2.1 0    -0.2 0     0.0 0    -0.1 0   279.7 0   278.77 0   278.55 0   324.7 0   278.69 0   278.72 0     0.0 0     1.3 0     0.0 0   -45.0 0   -45.0 0     7.2 0    69.4 0     1.0 0   127.5 0   909.6 0
 2019   9  1  9 10  1 10.017 148.50    -2.1 0     0.0 0     0.0 0     0.0 0   280.4 0   278.78 0   278.61 0   325.1 0   278.71 0   278.69 0     0.0 0     1.3 0     0.0 0   -44.7 0   -44.7 0     7.2 0    69.6 0     1.0 0   127.9 0   909.6 0
 2019   9  1  9 10  2 10.033 148.31    -2.1 0     0.0 0     0.0 0     0.0 0   280.3 0   278.79 0   278.59 0   324.9 0   278.71 0   278.70 0     0.0 0     1.3 0     0.0 0   -44.6 0   -44.6 0     7.2 0    69.5 0     1.1 0   131.6 0   909.6 0
 2019   9  1  9 10  3 10.050 148.11    -2.1 0     0.0 0     0.0 0     0.0 0   280.6 0   278.81 0   278.60 0   325.0 0   278.74 0   278.70 0     0.0 0     1.3 0     0.0 0   -44.4 0   -44.4 0     7.2 0    69.6 0     0.8 0   124.8 0   909.6 0
 2019   9  1  9 10  4 10.067 147.92    -2.1 0     0.0 0     0.0 0    -0.1 0   280.5 0   278.81 0   278.57 0   324.4 0   278.74 0   278.70 0     0.0 0     1.3 0     0.0 0   -44.0 0   -44.0 0     7.2 0    69.6 0     0.7 0   119.1 0   909.6 0
 2019   9  1  9 10  5 10.083 147.73    -1.8 0     0.0 0     0.0 0    -0.1 0   279.6 0   278.81 0   278.53 0   324.1 0   278.74 0   278.68 0     0.0 0     1.2 0     0.0 0   -44.4 0   -44.4 0     7.2 0    69.9 0     0.2 0   126.0 0   909.6 0
 2019   9  1  9 10  6 10.100 147.54    -1.6 0     0.0 0     0.1 0    -0.3 0   277.6 0   278.78 0   278.39 0   323.1 0   278.72 0   278.63 0     0.0 0     1.3 0     0.0 0   -45.5 0   -45.5 0     7.0 0    70.3 0     0.8 0    16.1 0   909.6 0
 2019   9  1  9 10  7 10.117 147.35    -1.6 0     0.4 0     0.3 0    -0.3 0   277.0 0   278.74 0   278.30 0   322.3 0   278.70 0   278.56 0     0.0 0     1.5 0     0.0 0   -45.2 0   -45.2 0     6.6 0    71.9 0     1.6 0    28.1 0   909.6 0
 2019   9  1  9 10  8 10.133 147.16    -1.6 0     0.1 0     0.4 0    -0.3 0   276.9 0   278.67 0   278.21 0   322.2 0   278.68 0   278.56 0     0.0 0     1.6 0     0.0 0   -45.2 0   -45.2 0     6.3 0    74.2 0     1.2 0    18.2 0   909.6 0
 2019   9  1  9 10  9 10.150 146.96    -1.4 0     0.0 0     0.4 0    -0.3 0   276.6 0   278.59 0   278.11 0   321.7 0   278.65 0   278.52 0     0.0 0     1.6 0     0.0 0   -45.1 0   -45.1 0     6.1 0    74.7 0     0.8 0     8.4 0   909.6 0
 2019   9  1  9 10 10 10.167 146.77    -1.2 0     0.0 0     0.4 0    -0.3 0   278.2 0   278.49 0   278.03 0   323.4 0   278.60 0   278.49 0     0.0 0     1.0 0     0.0 0   -45.2 0   -45.2 0     5.9 0    75.4 0     1.2 0   346.4 0   909.6 0
 2019   9  1  9 10 11 10.183 146.58    -1.2 0     0.0 0     0.4 0    -0.3 0   278.7 0   278.39 0   277.98 0   323.8 0   278.56 0   278.46 0     0.0 0     0.9 0     0.0 0   -45.2 0   -45.2 0     5.7 0    76.8 0     1.3 0   336.4 0   909.5 0
 2019   9  1  9 10 12 10.200 146.39    -1.2 0     0.0 0     0.4 0    -0.3 0   278.1 0   278.32 0   277.92 0   323.3 0   278.52 0   278.43 0     0.0 0     1.1 0     0.0 0   -45.2 0   -45.2 0     5.5 0    78.0 0     1.3 0   354.1 0   909.6 0
 2019   9  1  9 10 13 10.217 146.19    -1.2 0     0.0 0     0.3 0    -0.3 0   276.7 0   278.27 0   277.86 0   321.5 0   278.51 0   278.40 0     0.0 0     1.5 0     0.0 0   -44.8 0   -44.8 0     5.5 0    78.4 0     1.0 0    16.6 0   909.6 0
 2019   9  1  9 10 14 10.233 146.00    -1.5 0     0.0 0     0.0 0    -0.3 0   276.1 0   278.21 0   277.86 0   321.2 0   278.48 0   278.36 0     0.0 0     1.6 0     0.0 0   -45.2 0   -45.2 0     5.5 0    78.6 0     0.9 0    46.7 0   909.6 0
 2019   9  1  9 10 15 10.250 145.81    -1.2 0    -0.3 0     0.0 0    -0.3 0   276.5 0   278.18 0   277.80 0   321.5 0   278.45 0   278.35 0     0.0 0     1.6 0     0.0 0   -45.0 0   -45.0 0     5.5 0    78.9 0     1.2 0    52.7 0   909.5 0
 2019   9  1  9 10 16 10.267 145.61    -1.2 0    -0.4 0     0.0 0    -0.3 0   276.0 0   278.13 0   277.73 0   321.7 0   278.43 0   278.35 0     0.0 0     1.6 0     0.0 0   -45.8 0   -45.8 0     5.7 0    78.3 0     1.4 0    69.2 0   909.5 0
 2019   9  1  9 10 17 10.283 145.42    -1.2 0    -0.4 0     0.0 0    -0.2 0   277.0 0   278.09 0   277.78 0   322.0 0   278.42 0   278.33 0     0.0 0     1.6 0     0.0 0   -45.0 0   -45.0 0     5.9 0    77.0 0     1.3 0    57.8 0   909.5 0
 2019   9  1  9 10 18 10.300 145.22    -1.6 0    -0.6 0     0.0 0     0.0 0   277.8 0   278.08 0   277.92 0   321.7 0   278.40 0   278.33 0     0.0 0     1.6 0     0.0 0   -44.0 0   -44.0 0     6.0 0    76.1 0     1.9 0    47.5 0   909.5 0
 2019   9  1  9 10 19 10.317 145.03    -1.8 0    -0.8 0     0.0 0     0.0 0   278.7 0   278.11 0   278.05 0   321.9 0   278.40 0   278.35 0     0.0 0     1.6 0     0.0 0   -43.2 0   -43.2 0     6.2 0    75.1 0     2.6 0    49.9 0   909.5 0
 2019   9  1  9 10 20 10.333 144.83    -2.1 0    -1.1 0     0.0 0     0.0 0   279.1 0   278.19 0   278.19 0   322.9 0   278.42 0   278.42 0     0.0 0     1.6 0     0.0 0   -43.8 0   -43.8 0     6.6 0    72.6 0     2.5 0    60.3 0   909.5 0
 2019   9  1  9 10 21 10.350 144.64    -2.1 0    -1.5 0     0.0 0     0.0 0   279.7 0   278.28 0   278.27 0   324.1 0   278.46 0   278.50 0     0.0 0     1.6 0     0.0 0   -44.5 0   -44.5 0     7.1 0    69.2 0     1.7 0    47.3 0   909.4 0
 2019   9  1  9 10 22 10.367 144.44    -2.4 0    -1.7 0     0.0 0     0.0 0   279.1 0   278.36 0   278.31 0   324.1 0   278.52 0   278.58 0     0.0 0     1.6 0     0.0 0   -45.1 0   -45.1 0     7.6 0    66.8 0     1.6 0    37.7 0   909.4 0
 2019   9  1  9 10 23 10.383 144.25    -2.4 0    -1.2 0     0.0 0     0.0 0   278.7 0   278.43 0   278.33 0   323.1 0   278.57 0   278.58 0     0.0 0     1.6 0     0.0 0   -44.4 0   -44.4 0     7.6 0    66.4 0     2.8 0    36.2 0   909.4 0
 2019   9  1  9 10 24 10.400 144.05    -2.5 0    -0.8 0     0.0 0     0.0 0   279.0 0   278.49 0   278.38 0   323.0 0   278.59 0   278.57 0     0.0 0     1.5 0     0.0 0   -44.0 0   -44.0 0     7.3 0    68.7 0     3.1 0    43.5 0   909.4 0
 2019   9  1  9 10 25 10.417 143.86    -2.5 0    -0.9 0     0.0 0     0.0 0   280.1 0   278.55 0   278.53 0   323.7 0   278.63 0   278.65 0     0.0 0     1.5 0     0.0 0   -43.7 0   -43.7 0     7.2 0    68.8 0     2.3 0    51.7 0   909.4 0
 2019   9  1  9 10 26 10.433 143.66    -2.5 0    -1.3 0    -0.1 0     0.0 0   280.7 0   278.64 0   278.69 0   324.0 0   278.67 0   278.75 0     0.0 0     1.6 0     0.0 0   -43.4 0   -43.4 0     7.5 0    67.0 0     2.2 0    43.6 0   909.4 0
 2019   9  1  9 10 27 10.450 143.47    -2.9 0    -1.3 0    -0.3 0     0.0 0   280.5 0   278.75 0   278.79 0   323.9 0   278.73 0   278.77 0     0.0 0     1.6 0     0.0 0   -43.3 0   -43.3 0     7.7 0    65.7 0     2.5 0    40.5 0   909.4 0
 2019   9  1  9 10 28 10.467 143.27    -2.9 0    -1.3 0    -0.4 0     0.0 0   280.9 0   278.86 0   278.95 0   324.4 0   278.78 0   278.82 0     0.0 0     1.4 0     0.0 0   -43.5 0   -43.5 0     7.8 0    65.4 0     2.3 0    42.5 0   909.4 0
 2019   9  1  9 10 29 10.483 143.07    -3.2 0    -1.3 0    -0.3 0     0.0 0   280.9 0   278.98 0   279.07 0   325.2 0   278.84 0   278.89 0     0.0 0     1.3 0     0.0 0   -44.3 0   -44.3 0     8.0 0    64.8 0     1.6 0    52.2 0   909.4 0
 2019   9  1  9 10 30 10.500 142.88    -3.2 0    -1.0 0     0.0 0     0.0 0   280.4 0   279.10 0   279.14 0   326.0 0   278.90 0   278.95 0     0.0 0     1.3 0     0.0 0   -45.6 0   -45.6 0     8.2 0    64.2 0     1.0 0    73.0 0   909.4 0
 2019   9  1  9 10 31 10.517 142.68    -2.9 0    -0.8 0     0.0 0     0.0 0   280.0 0   279.20 0   279.11 0   325.4 0   278.95 0   279.00 0     0.0 0     1.3 0     0.0 0   -45.5 0   -45.5 0     8.2 0    63.7 0     1.3 0    41.7 0   909.5 0
 2019   9  1  9 10 32 10.533 142.49    -2.9 0    -0.6 0     0.0 0     0.0 0   279.3 0   279.26 0   279.14 0   325.4 0   278.98 0   279.03 0     0.0 0     1.3 0     0.0 0   -46.1 0   -46.1 0     8.2 0    63.8 0     1.4 0    34.0 0   909.5 0
 2019   9  1  9 10 33 10.550 142.29    -2.9 0    -0.6 0     0.0 0     0.0 0   278.4 0   279.31 0   279.11 0   325.4 0   279.02 0   279.06 0     0.0 0     1.3 0     0.0 0   -47.1 0   -47.1 0     8.1 0    64.2 0     1.9 0    56.7 0   909.5 0
 2019   9  1  9 10 34 10.567 142.09    -2.6 0    -0.7 0     0.0 0     0.0 0   278.9 0   279.33 0   279.17 0   325.7 0   279.06 0   279.09 0     0.0 0     1.3 0     0.0 0   -46.9 0   -46.9 0     8.1 0    64.6 0     1.1 0    47.0 0   909.5 0
 2019   9  1  9 10 35 10.583 141.89    -2.9 0    -0.4 0     0.0 0     0.0 0   279.1 0   279.38 0   279.31 0   324.5 0   279.09 0   279.11 0     0.0 0     1.3 0     0.0 0   -45.5 0   -45.5 0     8.0 0    64.2 0     1.8 0    25.0 0   909.5 0
 2019   9  1  9 10 36 10.600 141.70    -2.7 0    -0.4 0     0.0 0     0.0 0   277.6 0   279.44 0   279.32 0   325.0 0   279.11 0   279.11 0     0.0 0     1.3 0     0.0 0   -47.5 0   -47.5 0     7.8 0    65.2 0     1.5 0    31.5 0   909.5 0
 2019   9  1  9 10 37 10.617 141.50    -2.5 0    -0.4 0     0.0 0    -0.1 0   277.1 0   279.47 0   279.21 0   324.3 0   279.14 0   279.13 0     0.0 0     1.3 0     0.0 0   -47.1 0   -47.1 0     7.8 0    65.0 0     1.5 0    27.5 0   909.4 0
 2019   9  1  9 10 38 10.633 141.30    -2.8 0    -0.1 0     0.0 0     0.0 0   278.2 0   279.49 0   279.31 0   324.7 0   279.15 0   279.11 0     0.0 0     1.3 0     0.0 0   -46.4 0   -46.4 0     7.6 0    66.1 0     1.7 0    36.8 0   909.4 0
 2019   9  1  9 10 39 10.650 141.11    -2.8 0    -0.5 0     0.0 0     0.0 0   278.0 0   279.52 0   279.37 0   326.1 0   279.17 0   279.19 0     0.0 0     1.3 0     0.0 0   -48.0 0   -48.0 0     7.7 0    66.2 0     0.8 0    49.4 0   909.4 0
 2019   9  1  9 10 40 10.667 140.91    -2.3 0    -0.7 0     0.0 0    -0.2 0   276.9 0   279.54 0   279.24 0   325.1 0   279.19 0   279.22 0     0.0 0     1.3 0     0.0 0   -48.2 0   -48.2 0     7.9 0    65.3 0     1.0 0    72.4 0   909.4 0
 2019   9  1  9 10 41 10.683 140.71    -2.2 0    -0.3 0     0.0 0    -0.3 0   276.5 0   279.52 0   279.19 0   324.3 0   279.22 0   279.18 0     0.0 0     1.3 0     0.0 0   -47.8 0   -47.8 0     7.8 0    65.8 0     0.6 0    52.0 0   909.4 0
 2019   9  1  9 10 42 10.700 140.51    -2.1 0     0.1 0     0.0 0    -0.3 0   275.8 0   279.48 0   279.08 0   323.4 0   279.21 0   279.10 0     0.0 0     1.3 0     0.0 0   -47.6 0   -47.6 0     7.5 0    66.8 0     0.7 0     3.8 0   909.4 0
 2019   9  1  9 10 43 10.717 140.31    -1.8 0     0.4 0     0.2 0    -0.3 0   276.7 0   279.42 0   278.99 0   324.4 0   279.18 0   279.07 0     0.0 0     1.0 0     0.0 0   -47.7 0   -47.7 0     7.0 0    69.3 0     1.1 0     0.6 0   909.4 0
 2019   9  1  9 10 44 10.733 140.12    -1.6 0     0.0 0     0.3 0    -0.3 0   276.2 0   279.36 0   278.91 0   323.7 0   279.16 0   279.08 0     0.0 0     1.4 0     0.0 0   -47.5 0   -47.5 0     6.8 0    71.2 0     0.6 0     4.5 0   909.4 0
 2019   9  1  9 10 45 10.750 139.92    -1.6 0    -0.4 0     0.2 0    -0.3 0   275.6 0   279.29 0   278.86 0   322.8 0   279.15 0   279.07 0     0.0 0     1.5 0     0.0 0   -47.3 0   -47.3 0     6.9 0    70.4 0     1.0 0     9.3 0   909.4 0
 2019   9  1  9 10 46 10.767 139.72    -1.7 0    -0.3 0     0.0 0    -0.3 0   276.7 0   279.23 0   278.88 0   322.8 0   279.13 0   279.04 0     0.0 0     1.6 0     0.0 0   -46.2 0   -46.2 0     6.8 0    70.8 0     1.5 0    17.5 0   909.4 0
 2019   9  1  9 10 47 10.783 139.52    -1.9 0    -0.6 0     0.0 0    -0.1 0   277.5 0   279.20 0   278.94 0   323.7 0   279.13 0   279.09 0     0.0 0     1.5 0     0.0 0   -46.2 0   -46.2 0     6.9 0    70.6 0     0.9 0    15.0 0   909.4 0
 2019   9  1  9 10 48 10.800 139.32    -1.9 0    -0.6 0     0.0 0     0.0 0   278.7 0   279.20 0   279.04 0   322.2 0   279.13 0   279.09 0     0.0 0     1.5 0     0.0 0   -43.5 0   -43.5 0     7.1 0    69.2 0     0.4 0   356.8 0   909.4 0
 2019   9  1  9 10 49 10.817 139.12    -2.3 0    -0.2 0     0.0 0     0.0 0   278.8 0   279.22 0   279.17 0   324.8 0   279.09 0   279.04 0     0.0 0     1.1 0     0.0 0   -46.0 0   -46.0 0     6.9 0    70.3 0     0.0 0   213.5 0   909.3 0
 2019   9  1  9 10 50 10.833 138.93    -1.6 0    -0.4 0     0.0 0    -0.2 0   276.7 0   279.27 0   278.94 0   324.8 0   279.08 0   279.05 0     0.0 0     1.1 0     0.0 0   -48.1 0   -48.1 0     6.9 0    70.5 0     1.2 0   158.5 0   909.4 0
 2019   9  1  9 10 51 10.850 138.73    -1.6 0    -0.2 0     0.0 0    -0.3 0   277.0 0   279.24 0   278.85 0   323.8 0   279.07 0   278.99 0     0.0 0     1.1 0     0.0 0   -46.8 0   -46.8 0     6.8 0    70.8 0     1.8 0   190.3 0   909.4 0
 2019   9  1  9 10 52 10.867 138.53    -1.3 0     0.5 0     0.0 0    -0.3 0   276.2 0   279.18 0   278.70 0   323.0 0   279.03 0   278.90 0     0.0 0     1.1 0     0.0 0   -46.8 0   -46.8 0     6.2 0    74.0 0     2.0 0   212.0 0   909.3 0
 2019   9  1  9 10 53 10.883 138.33    -1.0 0     0.5 0     0.0 0    -0.3 0   275.7 0   279.09 0   278.54 0   323.4 0   278.97 0   278.84 0     0.0 0     1.0 0     0.0 0   -47.7 0   -47.7 0     5.8 0    76.8 0     1.9 0   224.8 0   909.3 0
 2019   9  1  9 10 54 10.900 138.13    -1.0 0     0.0 0     0.0 0    -0.3 0   276.1 0   278.99 0   278.46 0   323.2 0   278.92 0   278.81 0     0.0 0     1.2 0     0.0 0   -47.1 0   -47.1 0     5.6 0    77.7 0     2.0 0   233.4 0   909.3 0
 2019   9  1  9 10 55 10.917 137.93    -0.8 0     0.2 0     0.0 0    -0.3 0   275.7 0   278.88 0   278.35 0   322.5 0   278.87 0   278.73 0     0.0 0     1.1 0     0.0 0   -46.9 0   -46.9 0     5.5 0    77.8 0     2.0 0   238.9 0   909.3 0
 2019   9  1  9 10 56 10.933 137.73    -0.8 0     0.2 0     0.3 0    -0.3 0   275.6 0   278.77 0   278.26 0   322.1 0   278.81 0   278.66 0     0.0 0     1.1 0     0.0 0   -46.6 0   -46.6 0     5.2 0    79.8 0     1.5 0   235.0 0   909.3 0
 2019   9  1  9 10 57 10.950 137.53    -0.8 0     0.0 0     0.2 0    -0.3 0   274.8 0   278.66 0   278.15 0   322.2 0   278.75 0   278.60 0     0.0 0     1.1 0     0.0 0   -47.4 0   -47.4 0     5.0 0    81.2 0     1.1 0   193.9 0   909.3 0
 2019   9  1  9 10 58 10.967 137.33    -0.8 0    -0.3 0     0.0 0    -0.3 0   274.6 0   278.56 0   278.05 0   322.7 0   278.70 0   278.59 0     0.0 0     1.3 0     0.0 0   -48.0 0   -48.0 0     5.0 0    82.2 0     1.5 0   130.8 0   909.3 0
 2019   9  1  9 10 59 10.983 137.13    -0.8 0    -0.7 0     0.0 0    -0.3 0   275.8 0   278.46 0   277.99 0   323.4 0   278.68 0   278.60 0     0.0 0     1.4 0     0.0 0   -47.6 0   -47.6 0     5.3 0    80.9 0     2.0 0   121.1 0   909.3 0
 2019   9  1  9 11  0 11.000 136.94    -1.3 0    -0.6 0     0.0 0    -0.3 0   275.9 0   278.38 0   278.00 0   323.0 0   278.66 0   278.57 0     0.0 0     1.5 0     0.0 0   -47.1 0   -47.1 0     5.5 0    78.8 0     2.5 0   119.0 0   909.3 0
 2019   9  1  9 11  1 11.017 136.74    -1.6 0    -0.4 0     0.0 0     0.0 0   275.4 0   278.34 0   278.04 0   323.1 0   278.64 0   278.54 0     0.0 0     1.5 0     0.0 0   -47.7 0   -47.7 0     5.6 0    78.2 0     2.5 0   121.0 0   909.3 0
 2019   9  1  9 11  2 11.033 136.54    -1.6 0    -0.1 0     0.0 0     0.0 0   275.2 0   278.31 0   278.07 0   323.0 0   278.61 0   278.50 0     0.0 0     1.4 0     0.0 0   -47.8 0   -47.8 0     5.6 0    77.8 0     2.9 0   121.4 0   909.3 0
 2019   9  1  9 11  3 11.050 136.34    -1.6 0     0.0 0     0.0 0     0.0 0   275.0 0   278.30 0   278.06 0   323.2 0   278.58 0   278.46 0     0.0 0     1.4 0     0.0 0   -48.2 0   -48.2 0     5.6 0    78.0 0     3.3 0   109.8 0   909.2 0
 2019   9  1  9 11  4 11.067 136.14    -1.8 0     0.0 0     0.0 0     0.0 0   275.1 0   278.30 0   278.08 0   323.2 0   278.54 0   278.45 0     0.0 0     1.4 0     0.0 0   -48.1 0   -48.1 0     5.5 0    78.6 0     2.1 0   117.6 0   909.2 0
 2019   9  1  9 11  5 11.083 135.94    -2.1 0     0.0 0     0.0 0     0.0 0   274.2 0   278.32 0   278.11 0   323.0 0   278.51 0   278.43 0     0.0 0     1.4 0     0.0 0   -48.8 0   -48.8 0     5.5 0    78.6 0     1.4 0   111.3 0   909.2 0
 2019   9  1  9 11  6 11.100 135.74    -2.1 0     0.0 0     0.0 0     0.0 0   273.8 0   278.33 0   278.12 0   322.9 0   278.49 0   278.39 0     0.0 0     1.3 0     0.0 0   -49.1 0   -49.1 0     5.5 0    78.5 0     2.9 0   113.2 0   909.2 0
 2019   9  1  9 11  7 11.117 135.54    -2.1 0     0.0 0     0.0 0     0.0 0   273.1 0   278.35 0   278.12 0   322.8 0   278.46 0   278.33 0     0.0 0     1.3 0     0.0 0   -49.8 0   -49.8 0     5.4 0    78.8 0     3.1 0   121.3 0   909.2 0
 2019   9  1  9 11  8 11.133 135.34    -2.1 0     0.0 0     0.0 0    -0.1 0   272.4 0   278.35 0   278.10 0   322.9 0   278.42 0   278.31 0     0.0 0     1.3 0     0.0 0   -50.5 0   -50.5 0     5.3 0    79.5 0     2.8 0   111.5 0   909.2 0
 2019   9  1  9 11  9 11.150 135.14    -2.2 0     0.0 0     0.0 0     0.0 0   272.4 0   278.36 0   278.13 0   322.9 0   278.40 0   278.30 0     0.0 0     1.3 0     0.0 0   -50.5 0   -50.5 0     5.3 0    79.5 0     2.9 0   117.3 0   909.1 0
 2019   9  1  9 11 10 11.167 134.94    -2.5 0     0.0 0     0.0 0     0.0 0   272.1 0   278.37 0   278.19 0   323.0 0   278.37 0   278.30 0     0.0 0     1.3 0     0.0 0   -50.9 0   -50.9 0     5.4 0    79.2 0     2.8 0   121.8 0   909.1 0
 2019   9  1  9 11 11 11.183 134.74    -2.5 0    -0.3 0     0.0 0     0.0 0   270.9 0   278.40 0   278.21 0   323.0 0   278.35 0   278.29 0     0.0 0     1.3 0     0.0 0   -52.1 0   -52.1 0     5.6 0    78.3 0     3.2 0   129.1 0   909.1 0
 2019   9  1  9 11 12 11.200 134.54    -2.5 0     0.0 0     0.0 0    -0.1 0   269.9 0   278.41 0   278.17 0   322.9 0   278.35 0   278.26 0     0.0 0     1.3 0     0.0 0   -52.9 0   -52.9 0     5.6 0    77.9 0     4.4 0   123.7 0   909.0 0
 2019   9  1  9 11 13 11.217 134.34    -2.3 0     0.0 0     0.0 0    -0.1 0   268.7 0   278.42 0   278.13 0   322.7 0   278.32 0   278.24 0     0.0 0     1.3 0     0.0 0   -54.0 0   -54.0 0     5.5 0    78.8 0     4.3 0   116.2 0   909.0 0
 2019   9  1  9 11 14 11.233 134.14    -2.4 0     0.0 0     0.0 0    -0.1 0   267.6 0   278.42 0   278.12 0   322.6 0   278.30 0   278.23 0     0.0 0     1.3 0     0.0 0   -55.0 0   -55.0 0     5.6 0    78.3 0     3.7 0   120.5 0   909.0 0
 2019   9  1  9 11 15 11.250 133.94    -2.3 0     0.0 0     0.0 0    -0.2 0   266.1 0   278.41 0   278.09 0   322.5 0   278.30 0   278.20 0     0.0 0     1.3 0     0.0 0   -56.4 0   -56.4 0     5.5 0    78.4 0     3.6 0   115.8 0   909.0 0
 2019   9  1  9 11 16 11.267 133.74    -2.1 0     0.1 0     0.0 0    -0.3 0   265.7 0   278.40 0   278.04 0   321.9 0   278.27 0   278.15 0     0.0 0     1.5 0     0.0 0   -56.2 0   -56.2 0     5.4 0    78.9 0     4.0 0   119.9 0   909.0 0
 2019   9  1  9 11 17 11.283 133.54    -2.1 0     0.4 0     0.0 0    -0.3 0   264.6 0   278.37 0   277.99 0   321.9 0   278.23 0   278.10 0     0.0 0     1.4 0     0.0 0   -57.3 0   -57.3 0     5.2 0    80.0 0     4.1 0   111.0 0   909.0 0
 2019   9  1  9 11 18 11.300 133.34    -1.9 0     0.4 0     0.0 0    -0.3 0   263.8 0   278.34 0   277.95 0   321.3 0   278.19 0   278.04 0     0.0 0     1.5 0     0.0 0   -57.4 0   -57.4 0     5.0 0    80.7 0     3.5 0   107.9 0   909.0 0
 2019   9  1  9 11 19 11.317 133.14    -1.7 0     0.4 0     0.0 0    -0.3 0   263.4 0   278.30 0   277.89 0   321.0 0   278.15 0   277.99 0     0.0 0     1.6 0     0.0 0   -57.6 0   -57.6 0     4.9 0    81.8 0     3.8 0   105.7 0   909.0 0
 2019   9  1  9 11 20 11.333 132.94    -1.6 0     0.4 0     0.0 0    -0.3 0   262.7 0   278.26 0   277.84 0   320.6 0   278.10 0   277.94 0     0.0 0     1.6 0     0.0 0   -57.9 0   -57.9 0     4.7 0    82.7 0     3.3 0   102.4 0   909.0 0
 2019   9  1  9 11 21 11.350 132.74    -1.6 0     0.4 0     0.0 0    -0.3 0   262.7 0   278.22 0   277.80 0   320.5 0   278.05 0   277.90 0     0.0 0     1.6 0     0.0 0   -57.8 0   -57.8 0     4.6 0    83.4 0     3.3 0   106.7 0   909.0 0
 2019   9  1  9 11 22 11.367 132.53    -1.7 0     0.1 0     0.0 0    -0.2 0   262.5 0   278.19 0   277.78 0   320.8 0   278.00 0   277.88 0     0.0 0     1.6 0     0.0 0   -58.3 0   -58.3 0     4.7 0    83.8 0     4.1 0   106.7 0   909.0 0
 2019   9  1  9 11 23 11.383 132.33    -1.9 0    -0.4 0     0.0 0    -0.2 0   263.1 0   278.15 0   277.78 0   321.2 0   277.98 0   277.91 0     0.0 0     1.6 0     0.0 0   -58.1 0   -58.1 0     5.0 0    82.0 0     3.2 0   100.6 0   909.0 0
 2019   9  1  9 11 24 11.400 132.13    -2.1 0    -0.4 0     0.0 0     0.0 0   262.7 0   278.12 0   277.81 0   321.0 0   277.98 0   277.91 0     0.0 0     1.6 0     0.0 0   -58.3 0   -58.3 0     5.3 0    80.1 0     3.3 0   104.2 0   909.0 0
 2019   9  1  9 11 25 11.417 131.93    -2.0 0    -0.1 0     0.0 0    -0.2 0   261.9 0   278.10 0   277.74 0   320.6 0   277.96 0   277.88 0     0.0 0     1.6 0     0.0 0   -58.7 0   -58.7 0     5.3 0    79.9 0     2.9 0    97.0 0   909.0 0
 2019   9  1  9 11 26 11.433 131.73    -1.7 0     0.0 0     0.0 0    -0.3 0   260.7 0   278.09 0   277.67 0   320.0 0   277.95 0   277.84 0     0.0 0     1.6 0     0.0 0   -59.3 0   -59.3 0     5.2 0    80.0 0     3.0 0    84.9 0   908.9 0
 2019   9  1  9 11 27 11.450 131.53    -1.6 0     0.0 0     0.0 0    -0.3 0   260.0 0   278.04 0   277.54 0   319.5 0   277.92 0   277.80 0     0.0 0     1.6 0     0.0 0   -59.4 0   -59.4 0     5.1 0    80.3 0     2.6 0    92.7 0   908.9 0
 2019   9  1  9 11 28 11.467 131.33    -1.5 0     0.4 0     0.0 0    -0.3 0   259.1 0   277.97 0   277.43 0   319.3 0   277.89 0   277.74 0     0.0 0     1.6 0     0.0 0   -60.2 0   -60.2 0     4.9 0    81.4 0     3.0 0   101.4 0   908.9 0
 2019   9  1  9 11 29 11.483 131.13    -1.2 0     0.4 0     0.1 0    -0.3 0   257.6 0   277.89 0   277.35 0   318.8 0   277.85 0   277.68 0     0.0 0     1.6 0     0.0 0   -61.2 0   -61.2 0     4.7 0    82.6 0     3.5 0    99.0 0   908.9 0
 2019   9  1  9 11 30 11.500 130.93    -1.4 0     0.6 0     0.2 0    -0.3 0   256.8 0   277.82 0   277.28 0   318.6 0   277.79 0   277.63 0     0.0 0     1.6 0     0.0 0   -61.8 0   -61.8 0     4.5 0    84.1 0     3.7 0    83.6 0   908.9 0
 2019   9  1  9 11 31 11.517 130.73    -1.6 0     0.5 0     0.0 0    -0.3 0   257.1 0   277.74 0   277.29 0   318.4 0   277.74 0   277.58 0     0.0 0     1.8 0     0.0 0   -61.3 0   -61.3 0     4.4 0    84.9 0     3.3 0    70.4 0   908.8 0
 2019   9  1  9 11 32 11.533 130.53    -1.6 0     0.3 0     0.0 0    -0.3 0   257.0 0   277.70 0   277.27 0   318.4 0   277.70 0   277.56 0     0.0 0     1.8 0     0.0 0   -61.4 0   -61.4 0     4.4 0    85.3 0     2.7 0    66.2 0   908.8 0
 2019   9  1  9 11 33 11.550 130.33    -1.6 0     0.0 0     0.0 0    -0.3 0   257.1 0   277.65 0   277.25 0   318.2 0   277.66 0   277.51 0     0.0 0     1.9 0     0.0 0   -61.1 0   -61.1 0     4.4 0    84.6 0     2.7 0    77.9 0   908.8 0
 2019   9  1  9 11 34 11.567 130.13    -1.6 0     0.0 0     0.0 0    -0.3 0   256.6 0   277.62 0   277.23 0   318.3 0   277.62 0   277.48 0     0.0 0     1.8 0     0.0 0   -61.6 0   -61.6 0     4.4 0    84.9 0     2.9 0    77.1 0   908.8 0
 2019   9  1  9 11 35 11.583 129.93    -1.6 0     0.0 0     0.0 0    -0.2 0   257.2 0   277.60 0   277.22 0   318.6 0   277.59 0   277.47 0     0.0 0     1.8 0     0.0 0   -61.3 0   -61.3 0     4.6 0    84.6 0     2.8 0    65.6 0   908.8 0
 2019   9  1  9 11 36 11.600 129.73    -1.6 0     0.0 0     0.0 0    -0.1 0   257.3 0   277.57 0   277.27 0   318.2 0   277.57 0   277.46 0     0.0 0     1.8 0     0.0 0   -60.8 0   -60.8 0     4.7 0    83.3 0     2.2 0    76.1 0   908.8 0
 2019   9  1  9 11 37 11.617 129.53    -1.6 0     0.0 0     0.0 0    -0.1 0   256.8 0   277.57 0   277.24 0   318.0 0   277.55 0   277.43 0     0.0 0     1.8 0     0.0 0   -61.2 0   -61.2 0     4.7 0    83.0 0     2.6 0    60.5 0   908.8 0
 2019   9  1  9 11 38 11.633 129.33    -1.6 0     0.0 0     0.0 0    -0.1 0   257.1 0   277.57 0   277.23 0   317.9 0   277.52 0   277.42 0     0.0 0     1.8 0     0.0 0   -60.8 0   -60.8 0     4.8 0    83.1 0     2.9 0    40.7 0   908.8 0
 2019   9  1  9 11 39 11.650 129.13    -1.9 0     0.0 0     0.0 0     0.0 0   257.8 0   277.57 0   277.31 0   317.6 0   277.52 0   277.39 0     0.0 0     2.0 0     0.0 0   -59.8 0   -59.8 0     4.8 0    82.4 0     3.1 0    34.3 0   908.8 0
 2019   9  1  9 11 40 11.667 128.92    -2.1 0     0.0 0     0.0 0     0.0 0   256.9 0   277.58 0   277.30 0   317.8 0   277.49 0   277.39 0     0.0 0     1.9 0     0.0 0   -60.9 0   -60.9 0     4.8 0    82.8 0     3.5 0    32.0 0   908.9 0
 2019   9  1  9 11 41 11.683 128.72    -2.1 0    -0.4 0     0.0 0    -0.1 0   257.1 0   277.59 0   277.27 0   318.0 0   277.48 0   277.42 0     0.0 0     2.0 0     0.0 0   -60.9 0   -60.9 0     4.9 0    82.1 0     2.9 0    25.6 0   908.9 0
 2019   9  1  9 11 42 11.700 128.52    -2.1 0    -0.4 0     0.0 0    -0.2 0   257.0 0   277.59 0   277.25 0   317.6 0   277.47 0   277.40 0     0.0 0     2.0 0     0.0 0   -60.6 0   -60.6 0     5.0 0    81.3 0     2.7 0    32.0 0   908.9 0
 2019   9  1  9 11 43 11.717 128.32    -2.1 0     0.0 0     0.0 0    -0.3 0   256.5 0   277.58 0   277.23 0   317.2 0   277.47 0   277.36 0     0.0 0     1.9 0     0.0 0   -60.7 0   -60.7 0     4.9 0    81.0 0     2.2 0    27.5 0   908.9 0
 2019   9  1  9 11 44 11.733 128.12    -2.1 0     0.0 0     0.0 0    -0.3 0   256.1 0   277.56 0   277.16 0   317.2 0   277.45 0   277.32 0     0.0 0     1.8 0     0.0 0   -61.1 0   -61.1 0     4.8 0    81.5 0     1.8 0    24.4 0   909.0 0
 2019   9  1  9 11 45 11.750 127.92    -2.1 0     0.0 0     0.0 0    -0.3 0   256.1 0   277.53 0   277.17 0   316.9 0   277.43 0   277.32 0     0.0 0     1.9 0     0.0 0   -60.8 0   -60.8 0     4.7 0    82.0 0     2.3 0    27.3 0   909.0 0
 2019   9  1  9 11 46 11.767 127.72    -1.9 0     0.0 0     0.0 0    -0.3 0   256.0 0   277.51 0   277.11 0   317.2 0   277.42 0   277.32 0     0.0 0     1.9 0     0.0 0   -61.3 0   -61.3 0     4.8 0    82.5 0     2.2 0     5.7 0   909.0 0
 2019   9  1  9 11 47 11.783 127.52    -1.6 0     0.0 0     0.0 0    -0.3 0   256.3 0   277.48 0   277.04 0   316.7 0   277.40 0   277.30 0     0.0 0     2.0 0     0.0 0   -60.5 0   -60.5 0     4.8 0    82.0 0     2.0 0     2.2 0   909.0 0
 2019   9  1  9 11 48 11.800 127.32    -1.6 0     0.0 0     0.0 0    -0.3 0   257.4 0   277.41 0   277.01 0   318.0 0   277.37 0   277.30 0     0.0 0     1.3 0     0.0 0   -60.6 0   -60.6 0     4.8 0    81.9 0     1.3 0   351.3 0   909.1 0
 2019   9  1  9 11 49 11.817 127.12    -1.6 0     0.0 0     0.0 0    -0.3 0   257.3 0   277.37 0   276.97 0   317.3 0   277.35 0   277.24 0     0.0 0     1.6 0     0.0 0   -60.0 0   -60.0 0     4.7 0    81.7 0     0.7 0    97.3 0   909.1 0
 2019   9  1  9 11 50 11.833 126.92    -1.6 0     0.0 0     0.0 0    -0.3 0   256.8 0   277.33 0   276.96 0   317.3 0   277.33 0   277.22 0     0.0 0     1.6 0     0.0 0   -60.5 0   -60.5 0     4.6 0    82.6 0     0.9 0   104.7 0   909.1 0
 2019   9  1  9 11 51 11.850 126.72    -1.6 0     0.0 0     0.0 0    -0.3 0   257.2 0   277.31 0   276.89 0   317.1 0   277.31 0   277.22 0     0.0 0     1.6 0     0.0 0   -59.9 0   -59.9 0     4.6 0    82.9 0     0.4 0    57.7 0   909.1 0
 2019   9  1  9 11 52 11.867 126.52    -1.6 0     0.0 0     0.0 0    -0.3 0   257.5 0   277.27 0   276.89 0   316.8 0   277.29 0   277.20 0     0.0 0     1.6 0     0.0 0   -59.3 0   -59.3 0     4.5 0    82.9 0     0.3 0    80.2 0   909.1 0
 2019   9  1  9 11 53 11.883 126.32    -1.6 0    -0.1 0     0.0 0    -0.1 0   258.0 0   277.24 0   276.97 0   317.3 0   277.27 0   277.18 0     0.0 0     1.6 0     0.0 0   -59.3 0   -59.3 0     4.6 0    83.2 0     0.5 0   108.7 0   909.1 0
 2019   9  1  9 11 54 11.900 126.12    -1.9 0    -0.3 0     0.0 0     0.0 0   258.5 0   277.25 0   277.07 0   317.7 0   277.25 0   277.18 0     0.0 0     1.5 0     0.0 0   -59.2 0   -59.2 0     4.6 0    83.1 0     0.5 0   358.3 0   909.1 0
 2019   9  1  9 11 55 11.917 125.92    -2.0 0    -0.4 0     0.0 0     0.0 0   257.8 0   277.29 0   277.13 0   317.5 0   277.23 0   277.18 0     0.0 0     1.5 0     0.0 0   -59.7 0   -59.7 0     4.7 0    83.0 0     1.7 0     7.3 0   909.1 0
 2019   9  1  9 11 56 11.933 125.72    -2.1 0    -0.4 0     0.0 0     0.0 0   256.9 0   277.34 0   277.16 0   317.1 0   277.23 0   277.19 0     0.0 0     1.7 0     0.0 0   -60.2 0   -60.2 0     4.8 0    82.0 0     2.1 0     7.7 0   909.2 0
 2019   9  1  9 11 57 11.950 125.51    -2.1 0    -0.4 0     0.0 0     0.0 0   257.1 0   277.37 0   277.17 0   318.0 0   277.22 0   277.18 0     0.0 0     1.5 0     0.0 0   -60.9 0   -60.9 0     4.9 0    81.2 0     1.8 0   353.6 0   909.2 0
 2019   9  1  9 11 58 11.967 125.31    -2.1 0    -0.1 0     0.0 0     0.0 0   257.3 0   277.40 0   277.19 0   318.3 0   277.22 0   277.16 0     0.0 0     1.4 0     0.0 0   -61.0 0   -61.0 0     4.8 0    80.9 0     2.0 0   354.0 0   909.2 0
 2019   9  1  9 11 59 11.983 125.11    -2.1 0     0.0 0     0.0 0     0.0 0   256.3 0   277.43 0   277.18 0   318.2 0   277.22 0   277.15 0     0.0 0     1.5 0     0.0 0   -61.9 0   -61.9 0     4.7 0    81.4 0     1.8 0    14.3 0   909.1 0
 2019   9  1  9 12  0 12.000 124.91    -2.1 0     0.0 0     0.0 0    -0.2 0   255.3 0   277.44 0   277.10 0   317.0 0   277.20 0   277.12 0     0.0 0     1.6 0     0.0 0   -61.7 0   -61.7 0     4.7 0    81.5 0     1.8 0    19.5 0   909.1 0
 2019   9  1  9 12  1 12.017 124.71    -2.1 0     0.0 0     0.0 0    -0.3 0   255.1 0   277.44 0   277.06 0   316.8 0   277.20 0   277.12 0     0.0 0     1.8 0     0.0 0   -61.6 0   -61.6 0     4.7 0    82.0 0     2.1 0    17.1 0   909.1 0
 2019   9  1  9 12  2 12.033 124.51    -2.1 0     0.0 0     0.0 0    -0.3 0   255.5 0   277.42 0   277.06 0   316.6 0   277.18 0   277.10 0     0.0 0     1.9 0     0.0 0   -61.2 0   -61.2 0     4.7 0    81.8 0     1.7 0    19.2 0   909.1 0
 2019   9  1  9 12  3 12.050 124.31    -2.1 0     0.0 0     0.0 0    -0.2 0   256.0 0   277.41 0   277.12 0   317.1 0   277.17 0   277.11 0     0.0 0     1.7 0     0.0 0   -61.0 0   -61.0 0     4.7 0    81.8 0     1.3 0     2.9 0   909.1 0
 2019   9  1  9 12  4 12.067 124.11    -2.1 0    -0.1 0     0.0 0     0.0 0   255.3 0   277.42 0   277.15 0   317.1 0   277.17 0   277.10 0     0.0 0     1.8 0     0.0 0   -61.8 0   -61.8 0     4.8 0    81.8 0     1.4 0    21.3 0   909.1 0
 2019   9  1  9 12  5 12.083 123.91    -2.1 0    -0.3 0     0.0 0    -0.3 0   255.7 0   277.42 0   277.10 0   317.4 0   277.16 0   277.11 0     0.0 0     1.7 0     0.0 0   -61.6 0   -61.6 0     4.8 0    81.5 0     1.9 0   359.2 0   909.1 0
 2019   9  1  9 12  6 12.100 123.71    -2.3 0    -0.4 0     0.0 0     0.0 0   257.9 0   277.41 0   277.24 0   318.9 0   277.15 0   277.15 0     0.0 0     1.3 0     0.0 0   -61.0 0   -61.0 0     4.9 0    81.2 0     1.8 0   341.4 0   909.0 0
 2019   9  1  9 12  7 12.117 123.51    -2.5 0    -0.4 0     0.0 0     0.0 0   256.1 0   277.46 0   277.28 0   317.6 0   277.17 0   277.17 0     0.0 0     1.5 0     0.0 0   -61.5 0   -61.5 0     5.0 0    80.3 0     1.7 0    14.6 0   909.1 0
 2019   9  1  9 12  8 12.133 123.31    -2.5 0    -0.4 0     0.0 0     0.0 0   256.9 0   277.49 0   277.30 0   318.9 0   277.17 0   277.17 0     0.0 0     1.3 0     0.0 0   -62.0 0   -62.0 0     5.1 0    80.0 0     1.8 0   350.8 0   909.1 0
 2019   9  1  9 12  9 12.150 123.11    -2.5 0    -0.4 0     0.0 0     0.0 0   256.8 0   277.51 0   277.32 0   319.1 0   277.18 0   277.20 0     0.0 0     1.3 0     0.0 0   -62.3 0   -62.3 0     5.2 0    79.7 0     1.9 0   347.4 0   909.1 0
 2019   9  1  9 12 10 12.167 122.91    -2.5 0    -0.4 0     0.0 0     0.0 0   256.1 0   277.56 0   277.35 0   318.0 0   277.21 0   277.19 0     0.0 0     1.3 0     0.0 0   -61.9 0   -61.9 0     5.3 0    78.8 0     1.4 0    45.8 0   909.1 0
 2019   9  1  9 12 11 12.183 122.71    -2.5 0    -0.3 0     0.0 0     0.0 0   256.9 0   277.58 0   277.41 0   319.4 0   277.20 0   277.21 0     0.0 0     1.1 0     0.0 0   -62.5 0   -62.5 0     5.3 0    79.3 0     1.2 0   330.9 0   909.0 0
 2019   9  1  9 12 12 12.200 122.51    -2.5 0    -0.4 0     0.0 0     0.0 0   256.7 0   277.62 0   277.41 0   319.1 0   277.22 0   277.22 0     0.0 0     1.1 0     0.0 0   -62.4 0   -62.4 0     5.4 0    78.4 0     1.4 0     2.3 0   909.1 0
 2019   9  1  9 12 13 12.217 122.31    -2.5 0    -0.4 0     0.0 0     0.0 0   255.8 0   277.66 0   277.45 0   317.9 0   277.24 0   277.22 0     0.0 0     1.6 0     0.0 0   -62.1 0   -62.1 0     5.4 0    78.3 0     1.7 0    26.5 0   909.1 0
 2019   9  1  9 12 14 12.233 122.11    -2.5 0    -0.4 0     0.0 0     0.0 0   255.8 0   277.69 0   277.45 0   318.0 0   277.25 0   277.24 0     0.0 0     1.5 0     0.0 0   -62.1 0   -62.1 0     5.4 0    78.2 0     2.1 0     3.6 0   909.1 0
 2019   9  1  9 12 15 12.250 121.91    -2.6 0    -0.5 0     0.0 0     0.0 0   256.0 0   277.71 0   277.50 0   318.4 0   277.27 0   277.27 0     0.0 0     1.5 0     0.0 0   -62.4 0   -62.4 0     5.4 0    78.5 0     2.5 0     2.4 0   909.1 0
 2019   9  1  9 12 16 12.267 121.71    -2.6 0    -0.8 0     0.0 0    -0.2 0   255.9 0   277.74 0   277.43 0   318.7 0   277.29 0   277.32 0     0.0 0     1.4 0     0.0 0   -62.7 0   -62.7 0     5.5 0    77.7 0     2.5 0     2.3 0   909.1 0
 2019   9  1  9 12 17 12.283 121.51    -2.3 0    -0.7 0     0.0 0    -0.3 0   257.4 0   277.72 0   277.40 0   319.6 0   277.32 0   277.38 0     0.0 0     1.2 0     0.0 0   -62.2 0   -62.2 0     5.6 0    77.6 0     3.0 0   337.4 0   909.0 0
 2019   9  1  9 12 18 12.300 121.31    -2.5 0    -0.9 0     0.0 0    -0.3 0   257.6 0   277.71 0   277.42 0   319.7 0   277.34 0   277.43 0     0.0 0     0.9 0     0.0 0   -62.0 0   -62.0 0     5.8 0    75.8 0     2.9 0   336.8 0   909.0 0
 2019   9  1  9 12 19 12.317 121.11    -2.1 0    -0.3 0     0.0 0    -0.3 0   256.9 0   277.71 0   277.37 0   318.6 0   277.38 0   277.36 0     0.0 0     1.1 0     0.0 0   -61.7 0   -61.7 0     5.6 0    75.8 0     2.3 0    23.9 0   909.0 0
 2019   9  1  9 12 20 12.333 120.91    -2.2 0     0.1 0     0.0 0    -0.2 0   255.5 0   277.71 0   277.38 0   317.5 0   277.39 0   277.29 0     0.0 0     1.5 0     0.0 0   -62.0 0   -62.0 0     5.2 0    77.8 0     2.4 0    17.5 0   909.0 0
 2019   9  1  9 12 21 12.350 120.71    -2.3 0     0.0 0     0.0 0    -0.2 0   255.2 0   277.69 0   277.38 0   317.4 0   277.37 0   277.32 0     0.0 0     1.6 0     0.0 0   -62.2 0   -62.2 0     5.0 0    79.8 0     2.8 0    20.9 0   909.0 0
 2019   9  1  9 12 22 12.367 120.51    -2.7 0    -1.0 0     0.0 0     0.0 0   257.6 0   277.69 0   277.58 0   320.7 0   277.38 0   277.48 0     0.0 0     1.2 0     0.0 0   -63.0 0   -63.0 0     5.4 0    79.8 0     3.0 0   344.3 0   909.0 0
 2019   9  1  9 12 23 12.383 120.32    -2.9 0    -1.5 0     0.0 0     0.0 0   257.2 0   277.74 0   277.65 0   321.0 0   277.43 0   277.55 0     0.0 0     1.0 0     0.0 0   -63.8 0   -63.8 0     5.9 0    75.7 0     2.8 0   340.4 0   909.0 0
 2019   9  1  9 12 24 12.400 120.12    -2.5 0    -0.7 0     0.0 0    -0.1 0   254.5 0   277.80 0   277.53 0   318.4 0   277.50 0   277.48 0     0.0 0     1.4 0     0.0 0   -63.9 0   -63.9 0     5.8 0    74.4 0     2.2 0    20.8 0   909.0 0
 2019   9  1  9 12 25 12.417 119.92    -2.5 0     0.0 0     0.0 0    -0.2 0   254.5 0   277.81 0   277.50 0   318.5 0   277.51 0   277.46 0     0.0 0     1.4 0     0.0 0   -64.0 0   -64.0 0     5.6 0    76.2 0     1.8 0     2.7 0   909.0 0
 2019   9  1  9 12 26 12.433 119.72    -2.4 0     0.0 0     0.0 0    -0.3 0   255.0 0   277.79 0   277.43 0   319.0 0   277.49 0   277.45 0     0.0 0     1.1 0     0.0 0   -64.0 0   -64.0 0     5.3 0    77.1 0     1.6 0   347.3 0   909.0 0
 2019   9  1  9 12 27 12.450 119.52    -2.2 0     0.0 0     0.0 0    -0.3 0   254.0 0   277.78 0   277.39 0   318.2 0   277.49 0   277.44 0     0.0 0     1.3 0     0.0 0   -64.2 0   -64.2 0     5.2 0    78.1 0     1.7 0    27.3 0   909.0 0
 2019   9  1  9 12 28 12.467 119.32    -2.4 0     0.0 0     0.0 0    -0.3 0   253.6 0   277.75 0   277.37 0   317.4 0   277.49 0   277.41 0     0.0 0     1.6 0     0.0 0   -63.8 0   -63.8 0     5.1 0    78.3 0     1.5 0    23.3 0   909.0 0
 2019   9  1  9 12 29 12.483 119.12    -2.4 0     0.0 0     0.0 0    -0.2 0   253.1 0   277.73 0   277.43 0   317.0 0   277.47 0   277.38 0     0.0 0     1.6 0     0.0 0   -63.9 0   -63.9 0     5.0 0    79.0 0     1.6 0    32.8 0   909.0 0
 2019   9  1  9 12 30 12.500 118.92    -2.5 0     0.0 0     0.0 0    -0.1 0   251.8 0   277.73 0   277.41 0   316.7 0   277.46 0   277.35 0     0.0 0     1.6 0     0.0 0   -64.9 0   -64.9 0     4.9 0    79.6 0     1.3 0    50.1 0   909.0 0
 2019   9  1  9 12 31 12.517 118.72    -2.1 0     0.2 0     0.0 0    -0.3 0   250.9 0   277.72 0   277.25 0   316.0 0   277.43 0   277.30 0     0.0 0     1.6 0     0.0 0   -65.0 0   -65.0 0     4.7 0    80.1 0     2.1 0    65.2 0   909.0 0
 2019   9  1  9 12 32 12.533 118.52    -2.1 0     0.4 0     0.0 0    -0.3 0   250.8 0   277.68 0   277.17 0   315.8 0   277.40 0   277.25 0     0.0 0     1.6 0     0.0 0   -65.0 0   -65.0 0     4.5 0    81.8 0     2.6 0    58.5 0   909.0 0
 2019   9  1  9 12 33 12.550 118.32    -2.0 0     0.1 0     0.1 0    -0.3 0   250.8 0   277.61 0   277.08 0   315.8 0   277.37 0   277.26 0     0.0 0     1.6 0     0.0 0   -65.0 0   -65.0 0     4.6 0    82.7 0     2.7 0    51.6 0   909.1 0
 2019   9  1  9 12 34 12.567 118.12    -2.0 0    -0.3 0     0.0 0    -0.3 0   250.9 0   277.54 0   277.03 0   316.2 0   277.36 0   277.28 0     0.0 0     1.6 0     0.0 0   -65.3 0   -65.3 0     4.8 0    82.1 0     2.7 0    50.5 0   909.1 0
 2019   9  1  9 12 35 12.583 117.93    -2.1 0    -0.7 0     0.0 0    -0.3 0   251.7 0   277.48 0   277.04 0   316.4 0   277.36 0   277.31 0     0.0 0     1.7 0     0.0 0   -64.7 0   -64.7 0     5.1 0    80.7 0     2.7 0    49.0 0   909.1 0
 2019   9  1  9 12 36 12.600 117.73    -2.1 0    -0.8 0     0.0 0    -0.3 0   251.9 0   277.45 0   277.11 0   316.0 0   277.38 0   277.33 0     0.0 0     1.7 0     0.0 0   -64.2 0   -64.2 0     5.4 0    78.8 0     2.6 0    41.5 0   909.1 0
 2019   9  1  9 12 37 12.617 117.53    -2.1 0    -0.9 0     0.0 0    -0.3 0   252.2 0   277.44 0   277.11 0   316.4 0   277.40 0   277.39 0     0.0 0     1.7 0     0.0 0   -64.2 0   -64.2 0     5.6 0    77.9 0     2.9 0    47.7 0   909.1 0
 2019   9  1  9 12 38 12.633 117.33    -2.1 0    -1.2 0     0.0 0    -0.2 0   252.6 0   277.44 0   277.16 0   316.3 0   277.43 0   277.43 0     0.0 0     1.7 0     0.0 0   -63.7 0   -63.7 0     5.8 0    76.6 0     2.9 0    43.0 0   909.1 0
 2019   9  1  9 12 39 12.650 117.13    -2.1 0    -1.3 0     0.0 0     0.0 0   252.8 0   277.45 0   277.26 0   316.5 0   277.47 0   277.47 0     0.0 0     1.7 0     0.0 0   -63.7 0   -63.7 0     6.0 0    75.3 0     2.6 0    39.8 0   909.1 0
 2019   9  1  9 12 40 12.667 116.93    -2.1 0    -1.0 0     0.0 0     0.0 0   252.9 0   277.50 0   277.30 0   316.0 0   277.51 0   277.49 0     0.0 0     1.7 0     0.0 0   -63.2 0   -63.2 0     6.0 0    74.7 0     2.8 0    43.0 0   909.1 0
 2019   9  1  9 12 41 12.683 116.73    -2.3 0    -0.8 0    -0.2 0     0.0 0   253.2 0   277.54 0   277.43 0   316.6 0   277.54 0   277.53 0     0.0 0     1.7 0     0.0 0   -63.4 0   -63.4 0     6.1 0    74.7 0     2.4 0    33.2 0   909.1 0
 2019   9  1  9 12 42 12.700 116.54    -2.5 0    -0.8 0    -0.4 0     0.0 0   253.5 0   277.62 0   277.53 0   316.6 0   277.57 0   277.58 0     0.0 0     1.7 0     0.0 0   -63.1 0   -63.1 0     6.2 0    74.3 0     2.3 0    29.5 0   909.1 0
 2019   9  1  9 12 43 12.717 116.34    -2.5 0    -0.8 0    -0.4 0     0.0 0   253.3 0   277.70 0   277.60 0   316.6 0   277.61 0   277.62 0     0.0 0     1.7 0     0.0 0   -63.2 0   -63.2 0     6.2 0    73.9 0     2.6 0    33.2 0   909.1 0
 2019   9  1  9 12 44 12.733 116.14    -2.5 0    -0.8 0     0.0 0     0.0 0   252.7 0   277.77 0   277.57 0   316.4 0   277.64 0   277.66 0     0.0 0     1.6 0     0.0 0   -63.7 0   -63.7 0     6.3 0    73.6 0     2.4 0    43.9 0   909.1 0
 2019   9  1  9 12 45 12.750 115.94    -2.3 0    -0.8 0     0.0 0     0.0 0   253.2 0   277.81 0   277.59 0   316.3 0   277.68 0   277.66 0     0.0 0     1.6 0     0.0 0   -63.2 0   -63.2 0     6.4 0    73.1 0     2.1 0    38.6 0   909.1 0
 2019   9  1  9 12 46 12.767 115.74    -2.1 0    -0.8 0     0.0 0     0.0 0   253.3 0   277.85 0   277.65 0   316.4 0   277.71 0   277.70 0     0.0 0     1.6 0     0.0 0   -63.2 0   -63.2 0     6.4 0    72.8 0     2.2 0    35.0 0   909.1 0
 2019   9  1  9 12 47 12.783 115.55    -2.1 0    -0.8 0     0.0 0    -0.1 0   252.6 0   277.89 0   277.61 0   316.1 0   277.75 0   277.74 0     0.0 0     1.6 0     0.0 0   -63.5 0   -63.5 0     6.5 0    72.4 0     2.6 0    38.9 0   909.1 0
 2019   9  1  9 12 48 12.800 115.35    -2.4 0    -0.7 0     0.0 0    -0.3 0   252.9 0   277.90 0   277.61 0   315.7 0   277.79 0   277.74 0     0.0 0     1.6 0     0.0 0   -62.8 0   -62.8 0     6.5 0    72.2 0     2.5 0    40.9 0   909.1 0
 2019   9  1  9 12 49 12.817 115.15    -2.5 0    -0.4 0     0.0 0    -0.2 0   252.7 0   277.90 0   277.63 0   315.8 0   277.80 0   277.73 0     0.0 0     1.6 0     0.0 0   -63.1 0   -63.1 0     6.4 0    72.6 0     2.3 0    35.8 0   909.1 0
 2019   9  1  9 12 50 12.833 114.95    -2.5 0    -0.3 0     0.0 0    -0.2 0   252.5 0   277.92 0   277.62 0   315.2 0   277.80 0   277.71 0     0.0 0     1.6 0     0.0 0   -62.6 0   -62.6 0     6.3 0    72.2 0     2.4 0    43.8 0   909.1 0
 2019   9  1  9 12 51 12.850 114.75    -2.4 0     0.3 0     0.0 0    -0.3 0   252.1 0   277.92 0   277.53 0   314.9 0   277.79 0   277.65 0     0.0 0     1.6 0     0.0 0   -62.8 0   -62.8 0     5.7 0    73.8 0     2.2 0    41.0 0   909.1 0
 2019   9  1  9 12 52 12.867 114.56    -2.1 0     0.4 0     0.0 0    -0.3 0   252.3 0   277.90 0   277.55 0   314.9 0   277.76 0   277.63 0     0.0 0     1.6 0     0.0 0   -62.6 0   -62.6 0     5.4 0    77.1 0     2.1 0    46.5 0   909.1 0
 2019   9  1  9 12 53 12.883 114.36    -2.1 0     0.0 0     0.0 0    -0.3 0   252.2 0   277.88 0   277.50 0   314.5 0   277.73 0   277.60 0     0.0 0     1.6 0     0.0 0   -62.3 0   -62.3 0     5.4 0    77.4 0     2.2 0    51.0 0   909.1 0
 2019   9  1  9 12 54 12.900 114.16    -2.1 0     0.0 0     0.0 0    -0.3 0   251.9 0   277.86 0   277.45 0   314.6 0   277.70 0   277.57 0     0.0 0     1.6 0     0.0 0   -62.7 0   -62.7 0     5.3 0    78.0 0     1.8 0    46.2 0   909.1 0
 2019   9  1  9 12 55 12.917 113.96    -2.0 0     0.0 0     0.0 0    -0.3 0   251.4 0   277.81 0   277.27 0   314.4 0   277.67 0   277.53 0     0.0 0     1.6 0     0.0 0   -62.9 0   -62.9 0     5.3 0    77.4 0     2.1 0    53.1 0   909.1 0
 2019   9  1  9 12 56 12.933 113.77    -1.9 0    -0.2 0     0.0 0    -0.3 0   252.3 0   277.74 0   277.26 0   315.2 0   277.64 0   277.56 0     0.0 0     1.6 0     0.0 0   -62.9 0   -62.9 0     5.5 0    78.7 0     1.9 0    51.2 0   909.0 0
 2019   9  1  9 12 57 12.950 113.57    -2.1 0    -0.9 0     0.0 0    -0.3 0   253.0 0   277.68 0   277.28 0   316.1 0   277.65 0   277.61 0     0.0 0     1.6 0     0.0 0   -63.1 0   -63.1 0     5.9 0    76.4 0     1.8 0    41.8 0   909.0 0
 2019   9  1  9 12 58 12.967 113.37    -2.1 0    -1.3 0     0.0 0    -0.3 0   252.2 0   277.65 0   277.20 0   316.1 0   277.67 0   277.67 0     0.0 0     1.6 0     0.0 0   -63.8 0   -63.8 0     6.2 0    74.2 0     1.7 0    30.2 0   909.0 0
 2019   9  1  9 12 59 12.983 113.18    -1.9 0    -1.1 0     0.0 0    -0.3 0   251.8 0   277.59 0   277.03 0   315.3 0   277.69 0   277.67 0     0.0 0     1.6 0     0.0 0   -63.5 0   -63.5 0     6.4 0    72.4 0     2.0 0    33.2 0   909.0 0
 2019   9  1  9 13  0 13.000 112.98    -2.1 0    -0.8 0     0.0 0    -0.3 0   253.8 0   277.52 0   277.15 0   316.1 0   277.70 0   277.67 0     0.0 0     1.6 0     0.0 0   -62.3 0   -62.3 0     6.4 0    72.8 0     1.9 0    38.7 0   909.0 0
 2019   9  1  9 13  1 13.017 112.78    -2.3 0    -1.0 0     0.0 0    -0.2 0   254.4 0   277.51 0   277.19 0   316.8 0   277.73 0   277.73 0     0.0 0     1.6 0     0.0 0   -62.4 0   -62.4 0     6.6 0    72.3 0     1.1 0    28.5 0   909.0 0
 2019   9  1  9 13  2 13.033 112.59    -2.1 0    -0.9 0     0.0 0    -0.3 0   252.1 0   277.48 0   277.03 0   315.9 0   277.76 0   277.76 0     0.0 0     1.6 0     0.0 0   -63.8 0   -63.8 0     6.7 0    71.1 0     1.4 0    30.5 0   909.0 0
 2019   9  1  9 13  3 13.050 112.39    -2.1 0    -0.8 0     0.0 0    -0.3 0   252.1 0   277.43 0   276.91 0   316.1 0   277.78 0   277.78 0     0.0 0     1.6 0     0.0 0   -63.9 0   -63.9 0     6.7 0    71.0 0     2.0 0    21.4 0   909.0 0
 2019   9  1  9 13  4 13.067 112.19    -2.1 0    -1.1 0     0.1 0    -0.3 0   251.0 0   277.35 0   276.79 0   315.9 0   277.81 0   277.86 0     0.0 0     1.6 0     0.0 0   -64.9 0   -64.9 0     6.7 0    71.1 0     1.8 0     5.8 0   909.0 0
 2019   9  1  9 13  5 13.083 112.00    -1.8 0    -0.8 0     0.3 0    -0.3 0   252.2 0   277.27 0   276.69 0   316.5 0   277.84 0   277.87 0     0.0 0     1.6 0     0.0 0   -64.4 0   -64.4 0     6.8 0    70.8 0     1.8 0     2.8 0   909.0 0
 2019   9  1  9 13  6 13.100 111.80    -1.6 0    -1.0 0     0.0 0    -0.3 0   255.1 0   277.16 0   276.75 0   317.6 0   277.86 0   277.90 0     0.0 0     1.3 0     0.0 0   -62.5 0   -62.5 0     6.8 0    70.4 0     1.6 0     2.1 0   909.0 0
 2019   9  1  9 13  7 13.117 111.60    -1.6 0    -0.1 0     0.1 0    -0.3 0   252.4 0   277.11 0   276.58 0   314.2 0   277.90 0   277.76 0     0.0 0     1.6 0     0.0 0   -61.8 0   -61.8 0     6.6 0    68.6 0     0.8 0    43.1 0   909.0 0
 2019   9  1  9 13  8 13.133 111.41    -1.4 0     0.5 0     0.4 0    -0.3 0   250.6 0   277.02 0   276.42 0   313.5 0   277.87 0   277.67 0     0.0 0     1.6 0     0.0 0   -62.9 0   -62.9 0     5.9 0    70.8 0     0.7 0    31.9 0   909.0 0
 2019   9  1  9 13  9 13.150 111.21    -1.2 0     0.8 0     0.4 0    -0.3 0   250.9 0   276.92 0   276.30 0   313.0 0   277.81 0   277.55 0     0.0 0     1.6 0     0.0 0   -62.1 0   -62.1 0     5.1 0    73.4 0     1.8 0    10.6 0   909.0 0
 2019   9  1  9 13 10 13.167 111.02    -1.2 0     0.9 0     0.4 0    -0.3 0   250.8 0   276.79 0   276.19 0   313.6 0   277.72 0   277.42 0     0.0 0     1.4 0     0.0 0   -62.8 0   -62.8 0     4.3 0    77.1 0     1.4 0   343.4 0   909.0 0
 2019   9  1  9 13 11 13.183 110.82    -1.2 0     1.4 0     0.4 0    -0.3 0   250.3 0   276.68 0   276.08 0   313.5 0   277.62 0   277.19 0     0.0 0     1.4 0     0.0 0   -63.2 0   -63.2 0     3.6 0    81.2 0     2.5 0   359.2 0   909.0 0
 2019   9  1  9 13 12 13.200 110.62    -1.2 0     1.1 0     0.4 0    -0.3 0   249.7 0   276.58 0   275.98 0   312.3 0   277.51 0   277.10 0     0.0 0     1.7 0     0.0 0   -62.5 0   -62.5 0     3.2 0    84.9 0     2.1 0    16.3 0   909.0 0
 2019   9  1  9 13 13 13.217 110.43    -1.4 0     0.3 0     0.0 0    -0.3 0   250.3 0   276.48 0   275.97 0   311.8 0   277.42 0   277.11 0     0.0 0     1.9 0     0.0 0   -61.6 0   -61.6 0     3.1 0    86.4 0     1.4 0    26.2 0   909.0 0
 2019   9  1  9 13 14 13.233 110.23    -1.6 0     0.3 0     0.0 0    -0.3 0   250.4 0   276.42 0   276.01 0   311.0 0   277.34 0   277.01 0     0.0 0     1.8 0     0.0 0   -60.6 0   -60.6 0     3.0 0    85.8 0     1.3 0    41.4 0   909.0 0
 2019   9  1  9 13 15 13.250 110.04    -1.2 0    -0.1 0     0.0 0    -0.3 0   249.7 0   276.38 0   276.01 0   311.1 0   277.26 0   276.99 0     0.0 0     2.0 0     0.0 0   -61.3 0   -61.3 0     3.0 0    88.0 0     1.1 0    16.6 0   909.0 0
 2019   9  1  9 13 16 13.267 109.84    -1.2 0    -0.4 0     0.0 0    -0.3 0   248.4 0   276.35 0   275.89 0   310.5 0   277.20 0   276.96 0     0.0 0     2.0 0     0.0 0   -62.1 0   -62.1 0     3.3 0    87.7 0     1.0 0     8.0 0   909.0 0
 2019   9  1  9 13 17 13.283 109.65    -1.2 0    -0.4 0     0.0 0    -0.3 0   248.3 0   276.30 0   275.83 0   310.2 0   277.13 0   276.88 0     0.0 0     2.0 0     0.0 0   -61.8 0   -61.8 0     3.2 0    85.9 0     0.7 0    33.5 0   909.0 0
 2019   9  1  9 13 18 13.300 109.45    -1.2 0    -0.4 0     0.0 0    -0.3 0   248.8 0   276.26 0   275.80 0   310.2 0   277.06 0   276.82 0     0.0 0     1.9 0     0.0 0   -61.3 0   -61.3 0     3.0 0    85.7 0     0.9 0    41.9 0   909.0 0
 2019   9  1  9 13 19 13.317 109.26    -1.2 0    -0.2 0     0.0 0    -0.3 0   248.2 0   276.21 0   275.75 0   310.0 0   276.99 0   276.73 0     0.0 0     2.0 0     0.0 0   -61.8 0   -61.8 0     2.8 0    86.5 0     1.4 0    23.5 0   909.0 0
 2019   9  1  9 13 20 13.333 109.06    -1.2 0     0.0 0     0.0 0    -0.3 0   247.9 0   276.16 0   275.67 0   309.8 0   276.91 0   276.62 0     0.0 0     2.0 0     0.0 0   -61.9 0   -61.9 0     2.6 0    87.5 0     1.8 0    18.4 0   909.0 0
 2019   9  1  9 13 21 13.350 108.87    -1.2 0     0.0 0     0.0 0    -0.3 0   247.9 0   276.10 0   275.60 0   309.7 0   276.82 0   276.52 0     0.0 0     2.0 0     0.0 0   -61.8 0   -61.8 0     2.5 0    88.3 0     1.9 0    19.0 0   909.0 0
 2019   9  1  9 13 22 13.367 108.67    -1.2 0     0.0 0     0.0 0    -0.3 0   247.7 0   276.04 0   275.53 0   309.8 0   276.73 0   276.42 0     0.0 0     2.0 0     0.0 0   -62.0 0   -62.0 0     2.4 0    89.1 0     2.0 0    14.3 0   909.0 0
 2019   9  1  9 13 23 13.383 108.48    -1.2 0     0.0 0     0.0 0    -0.3 0   248.0 0   275.98 0   275.48 0   310.3 0   276.65 0   276.38 0     0.0 0     2.0 0     0.0 0   -62.3 0   -62.3 0     2.5 0    90.9 0     2.6 0    15.8 0   909.0 0
 2019   9  1  9 13 24 13.400 108.28    -1.5 0    -0.7 0     0.0 0    -0.3 0   248.0 0   275.92 0   275.45 0   310.5 0   276.59 0   276.47 0     0.0 0     2.0 0     0.0 0   -62.5 0   -62.5 0     3.1 0    91.6 0     2.4 0     9.4 0   909.0 0
 2019   9  1  9 13 25 13.417 108.09    -1.4 0    -0.4 0     0.0 0    -0.3 0   247.6 0   275.87 0   275.39 0   309.7 0   276.55 0   276.35 0     0.0 0     2.0 0     0.0 0   -62.1 0   -62.1 0     3.4 0    86.3 0     2.6 0    19.7 0   909.0 0
 2019   9  1  9 13 26 13.433 107.90    -1.3 0     0.1 0     0.0 0    -0.3 0   247.9 0   275.82 0   275.39 0   309.8 0   276.49 0   276.27 0     0.0 0     2.0 0     0.0 0   -61.9 0   -61.9 0     3.2 0    86.2 0     2.5 0    24.7 0   909.0 0
 2019   9  1  9 13 27 13.450 107.70    -1.2 0     0.0 0     0.0 0    -0.3 0   247.6 0   275.79 0   275.36 0   309.6 0   276.43 0   276.25 0     0.0 0     2.0 0     0.0 0   -62.1 0   -62.1 0     3.2 0    86.8 0     1.9 0    31.3 0   909.0 0
 2019   9  1  9 13 28 13.467 107.51    -1.2 0     0.0 0     0.0 0    -0.3 0   246.9 0   275.75 0   275.29 0   309.6 0   276.38 0   276.20 0     0.0 0     2.0 0     0.0 0   -62.8 0   -62.8 0     3.1 0    86.6 0     1.4 0    48.1 0   909.0 0
 2019   9  1  9 13 29 13.483 107.31    -1.2 0     0.0 0     0.0 0    -0.3 0   246.7 0   275.71 0   275.25 0   309.9 0   276.33 0   276.15 0     0.0 0     2.0 0     0.0 0   -63.1 0   -63.1 0     3.0 0    86.7 0     1.8 0    60.6 0   909.0 0
 2019   9  1  9 13 30 13.500 107.12    -1.2 0     0.0 0     0.0 0    -0.3 0   247.6 0   275.67 0   275.21 0   310.1 0   276.28 0   276.10 0     0.0 0     2.0 0     0.0 0   -62.5 0   -62.5 0     2.9 0    87.5 0     2.3 0    45.4 0   909.0 0
 2019   9  1  9 13 31 13.517 106.93    -1.3 0     0.0 0     0.0 0    -0.3 0   248.4 0   275.63 0   275.18 0   310.1 0   276.23 0   276.06 0     0.0 0     2.0 0     0.0 0   -61.7 0   -61.7 0     3.0 0    88.5 0     2.4 0    44.7 0   909.0 0
 2019   9  1  9 13 32 13.533 106.73    -1.5 0     0.0 0     0.0 0    -0.3 0   248.8 0   275.59 0   275.15 0   309.9 0   276.18 0   276.02 0     0.0 0     2.0 0     0.0 0   -61.1 0   -61.1 0     3.0 0    87.8 0     2.3 0    51.9 0   909.0 0
 2019   9  1  9 13 33 13.550 106.54    -1.5 0     0.0 0     0.0 0    -0.3 0   248.1 0   275.55 0   275.11 0   309.7 0   276.14 0   275.97 0     0.0 0     2.0 0     0.0 0   -61.7 0   -61.7 0     3.0 0    87.5 0     2.4 0    62.7 0   909.0 0
 2019   9  1  9 13 34 13.567 106.35    -1.4 0     0.3 0     0.0 0    -0.3 0   248.0 0   275.52 0   275.13 0   309.5 0   276.09 0   275.91 0     0.0 0     2.0 0     0.0 0   -61.5 0   -61.5 0     2.9 0    87.8 0     2.2 0    60.1 0   909.0 0
 2019   9  1  9 13 35 13.583 106.15    -1.6 0     0.2 0     0.0 0    -0.3 0   247.3 0   275.50 0   275.13 0   309.4 0   276.04 0   275.86 0     0.0 0     2.0 0     0.0 0   -62.1 0   -62.1 0     2.8 0    88.4 0     1.9 0    58.7 0   909.0 0
 2019   9  1  9 13 36 13.600 105.96    -1.6 0     0.0 0     0.0 0    -0.3 0   247.3 0   275.48 0   275.09 0   310.1 0   276.00 0   275.85 0     0.0 0     2.0 0     0.0 0   -62.8 0   -62.8 0     2.8 0    90.1 0     2.3 0    59.5 0   909.0 0
 2019   9  1  9 13 37 13.617 105.77    -1.6 0    -0.5 0     0.0 0    -0.3 0   247.0 0   275.46 0   275.07 0   310.6 0   275.98 0   275.89 0     0.0 0     2.0 0     0.0 0   -63.6 0   -63.6 0     3.2 0    90.3 0     1.9 0    64.9 0   909.0 0
 2019   9  1  9 13 38 13.633 105.57    -1.6 0    -0.8 0     0.0 0    -0.3 0   247.7 0   275.44 0   275.07 0   310.6 0   275.98 0   275.90 0     0.0 0     2.0 0     0.0 0   -62.9 0   -62.9 0     3.6 0    88.2 0     1.5 0    62.2 0   909.0 0
 2019   9  1  9 13 39 13.650 105.38    -1.6 0    -0.8 0     0.0 0    -0.2 0   248.6 0   275.42 0   275.11 0   310.9 0   275.98 0   275.90 0     0.0 0     2.0 0     0.0 0   -62.4 0   -62.4 0     3.9 0    86.6 0     1.2 0    64.0 0   909.0 0
 2019   9  1  9 13 40 13.667 105.19    -2.0 0    -0.8 0     0.0 0     0.0 0   249.1 0   275.44 0   275.23 0   311.1 0   276.00 0   275.92 0     0.0 0     2.0 0     0.0 0   -62.0 0   -62.0 0     4.1 0    85.6 0     1.2 0    62.3 0   909.0 0
 2019   9  1  9 13 41 13.683 105.00    -2.1 0    -0.8 0     0.0 0     0.0 0   249.8 0   275.48 0   275.40 0   311.7 0   276.01 0   275.95 0     0.0 0     2.0 0     0.0 0   -61.8 0   -61.8 0     4.4 0    84.6 0     1.4 0    57.3 0   909.0 0
 2019   9  1  9 13 42 13.700 104.80    -2.4 0    -0.8 0    -0.2 0     0.0 0   249.7 0   275.57 0   275.54 0   311.3 0   276.04 0   275.98 0     0.0 0     2.0 0     0.0 0   -61.7 0   -61.7 0     4.7 0    82.2 0     1.5 0    46.8 0   909.0 0
 2019   9  1  9 13 43 13.717 104.61    -2.5 0    -0.8 0    -0.3 0     0.0 0   249.3 0   275.67 0   275.61 0   311.7 0   276.06 0   276.02 0     0.0 0     2.0 0     0.0 0   -62.4 0   -62.4 0     4.8 0    81.0 0     1.8 0    45.0 0   909.0 0
 2019   9  1  9 13 44 13.733 104.42    -2.5 0    -0.8 0     0.0 0     0.0 0   249.5 0   275.77 0   275.66 0   311.7 0   276.09 0   276.05 0     0.0 0     1.9 0     0.0 0   -62.2 0   -62.2 0     4.8 0    80.3 0     1.7 0    56.5 0   909.0 0
 2019   9  1  9 13 45 13.750 104.23    -2.5 0    -0.8 0     0.0 0     0.0 0   249.6 0   275.85 0   275.70 0   312.0 0   276.12 0   276.07 0     0.0 0     2.0 0     0.0 0   -62.4 0   -62.4 0     4.9 0    79.8 0     1.7 0    60.4 0   909.0 0
 2019   9  1  9 13 46 13.767 104.04    -2.5 0    -0.8 0     0.0 0     0.0 0   249.3 0   275.91 0   275.67 0   312.2 0   276.15 0   276.12 0     0.0 0     1.8 0     0.0 0   -62.9 0   -62.9 0     5.0 0    79.1 0     1.7 0    70.7 0   909.0 0
 2019   9  1  9 13 47 13.783 103.85    -2.5 0    -0.8 0     0.0 0     0.0 0   249.1 0   275.94 0   275.64 0   312.5 0   276.19 0   276.17 0     0.0 0     1.8 0     0.0 0   -63.4 0   -63.4 0     5.2 0    78.2 0     1.6 0    70.5 0   909.0 0
 2019   9  1  9 13 48 13.800 103.65    -2.4 0    -0.8 0     0.0 0    -0.1 0   249.4 0   275.95 0   275.64 0   312.6 0   276.23 0   276.22 0     0.0 0     1.7 0     0.0 0   -63.2 0   -63.2 0     5.3 0    77.6 0     1.7 0    70.8 0   909.0 0
 2019   9  1  9 13 49 13.817 103.46    -2.5 0    -0.8 0     0.0 0    -0.2 0   249.6 0   275.95 0   275.66 0   312.5 0   276.28 0   276.26 0     0.0 0     1.7 0     0.0 0   -62.9 0   -62.9 0     5.4 0    76.9 0     1.7 0    71.3 0   909.0 0
 2019   9  1  9 13 50 13.833 103.27    -2.3 0    -0.8 0     0.0 0    -0.3 0   248.7 0   275.97 0   275.65 0   312.4 0   276.32 0   276.29 0     0.0 0     1.7 0     0.0 0   -63.7 0   -63.7 0     5.4 0    76.4 0     1.7 0    74.2 0   909.0 0
 2019   9  1  9 13 51 13.850 103.08    -2.1 0    -0.6 0     0.0 0    -0.3 0   248.2 0   275.96 0   275.60 0   311.4 0   276.34 0   276.28 0     0.0 0     1.7 0     0.0 0   -63.2 0   -63.2 0     5.2 0    75.5 0     2.4 0    60.8 0   909.1 0
 2019   9  1  9 13 52 13.867 102.89    -2.1 0    -0.5 0     0.0 0    -0.3 0   249.4 0   275.95 0   275.57 0   312.5 0   276.37 0   276.33 0     0.0 0     1.7 0     0.0 0   -63.1 0   -63.1 0     5.0 0    79.0 0     1.7 0    78.9 0   909.1 0
 2019   9  1  9 13 53 13.883 102.70    -2.3 0    -0.8 0     0.0 0    -0.1 0   251.3 0   275.95 0   275.66 0   312.4 0   276.40 0   276.36 0     0.0 0     1.8 0     0.0 0   -61.1 0   -61.1 0     5.1 0    78.6 0     1.5 0    79.9 0   909.0 0
 2019   9  1  9 13 54 13.900 102.51    -2.5 0    -0.8 0     0.0 0     0.0 0   251.8 0   275.96 0   275.87 0   312.2 0   276.43 0   276.40 0     0.0 0     1.7 0     0.0 0   -60.3 0   -60.3 0     5.2 0    77.9 0     1.4 0    78.8 0   909.0 0
 2019   9  1  9 13 55 13.917 102.32    -2.1 0    -0.8 0     0.0 0     0.0 0   249.9 0   276.03 0   275.90 0   312.0 0   276.46 0   276.42 0     0.0 0     1.6 0     0.0 0   -62.1 0   -62.1 0     5.3 0    77.5 0     1.1 0    78.7 0   909.0 0
 2019   9  1  9 13 56 13.933 102.13    -2.1 0    -0.8 0     0.0 0     0.0 0   249.7 0   276.08 0   275.84 0   311.5 0   276.49 0   276.44 0     0.0 0     1.6 0     0.0 0   -61.9 0   -61.9 0     5.3 0    77.0 0     0.8 0    78.6 0   909.0 0
 2019   9  1  9 13 57 13.950 101.94    -2.1 0    -0.5 0     0.0 0     0.0 0   250.3 0   276.12 0   275.95 0   311.6 0   276.51 0   276.44 0     0.0 0     1.6 0     0.0 0   -61.3 0   -61.3 0     5.4 0    76.4 0     1.0 0    64.0 0   909.1 0
 2019   9  1  9 13 58 13.967 101.75    -2.3 0    -0.4 0     0.0 0     0.0 0   250.7 0   276.18 0   276.08 0   312.1 0   276.53 0   276.47 0     0.0 0     1.7 0     0.0 0   -61.4 0   -61.4 0     5.3 0    76.9 0     0.5 0    50.4 0   909.1 0
 2019   9  1  9 13 59 13.983 101.56    -2.5 0    -0.4 0     0.0 0     0.0 0   250.6 0   276.26 0   276.17 0   311.8 0   276.54 0   276.49 0     0.0 0     1.8 0     0.0 0   -61.2 0   -61.2 0     5.3 0    77.1 0     0.8 0    48.3 0   909.1 0
 2019   9  1  9 14  0 14.000 101.37    -2.5 0    -0.4 0     0.0 0     0.0 0   250.5 0   276.34 0   276.30 0   311.9 0   276.56 0   276.52 0     0.0 0     1.8 0     0.0 0   -61.4 0   -61.4 0     5.3 0    77.1 0     1.1 0    42.1 0   909.1 0
 2019   9  1  9 14  1 14.017 101.18    -2.7 0    -0.7 0    -0.1 0     0.0 0   251.0 0   276.45 0   276.40 0   312.1 0   276.58 0   276.55 0     0.0 0     1.9 0     0.0 0   -61.1 0   -61.1 0     5.3 0    76.6 0     1.6 0    35.8 0   909.2 0
 2019   9  1  9 14  2 14.033 100.99    -2.9 0    -0.8 0    -0.4 0     0.0 0   251.4 0   276.55 0   276.54 0   312.5 0   276.60 0   276.59 0     0.0 0     1.8 0     0.0 0   -61.1 0   -61.1 0     5.4 0    76.8 0     1.5 0    34.1 0   909.2 0
 2019   9  1  9 14  3 14.050 100.80    -2.9 0    -0.8 0    -0.4 0     0.0 0   251.9 0   276.66 0   276.69 0   313.0 0   276.64 0   276.63 0     0.0 0     1.8 0     0.0 0   -61.1 0   -61.1 0     5.5 0    76.5 0     1.7 0    33.4 0   909.2 0
 2019   9  1  9 14  4 14.067 100.61    -2.7 0    -0.8 0    -0.4 0     0.0 0   251.7 0   276.79 0   276.77 0   313.1 0   276.67 0   276.68 0     0.0 0     1.6 0     0.0 0   -61.4 0   -61.4 0     5.6 0    75.8 0     1.8 0    46.9 0   909.1 0
 2019   9  1  9 14  5 14.083 100.42    -2.5 0    -0.9 0    -0.2 0     0.0 0   251.4 0   276.89 0   276.77 0   312.9 0   276.72 0   276.74 0     0.0 0     1.6 0     0.0 0   -61.5 0   -61.5 0     5.8 0    74.7 0     1.9 0    60.3 0   909.2 0
 2019   9  1  9 14  6 14.100 100.23    -2.6 0    -0.9 0     0.0 0     0.0 0   251.4 0   276.96 0   276.84 0   311.9 0   276.77 0   276.77 0     0.0 0     1.6 0     0.0 0   -60.5 0   -60.5 0     5.9 0    73.3 0     2.0 0    55.3 0   909.2 0
 2019   9  1  9 14  7 14.117 100.05    -2.5 0    -0.8 0     0.0 0     0.0 0   250.5 0   277.03 0   276.79 0   312.3 0   276.81 0   276.77 0     0.0 0     1.6 0     0.0 0   -61.8 0   -61.8 0     5.9 0    73.8 0     2.0 0    56.9 0   909.2 0
 2019   9  1  9 14  8 14.133  99.86    -2.4 0    -0.8 0     0.0 0    -0.3 0   248.2 0   277.05 0   276.60 0   312.9 0   276.84 0   276.84 0     0.0 0     1.6 0     0.0 0   -64.7 0   -64.7 0     5.9 0    74.0 0     2.0 0    57.9 0   909.2 0
 2019   9  1  9 14  9 14.150  99.67    -2.4 0    -0.7 0     0.0 0    -0.3 0   248.9 0   277.01 0   276.49 0   311.8 0   276.88 0   276.85 0     0.0 0     1.6 0     0.0 0   -62.9 0   -62.9 0     5.9 0    72.9 0     2.5 0    35.5 0   909.2 0
 2019   9  1  9 14 10 14.167  99.48    -2.5 0    -0.8 0     0.0 0    -0.3 0   249.3 0   276.95 0   276.47 0   312.8 0   276.91 0   276.88 0     0.0 0     1.8 0     0.0 0   -63.5 0   -63.5 0     5.7 0    75.0 0     1.7 0    35.9 0   909.2 0
 2019   9  1  9 14 11 14.183  99.29    -2.5 0    -0.5 0     0.0 0    -0.3 0   249.2 0   276.90 0   276.41 0   312.1 0   276.93 0   276.88 0     0.0 0     1.8 0     0.0 0   -62.9 0   -62.9 0     5.6 0    74.7 0     1.9 0    41.4 0   909.2 0
 2019   9  1  9 14 12 14.200  99.11    -2.1 0    -0.4 0     0.0 0    -0.3 0   249.2 0   276.84 0   276.32 0   311.8 0   276.95 0   276.88 0     0.0 0     1.6 0     0.0 0   -62.7 0   -62.7 0     5.5 0    74.5 0     2.2 0    41.7 0   909.2 0
 2019   9  1  9 14 13 14.217  98.92    -2.1 0    -0.5 0     0.0 0    -0.3 0   249.7 0   276.78 0   276.26 0   312.2 0   276.97 0   276.90 0     0.0 0     1.7 0     0.0 0   -62.6 0   -62.6 0     5.4 0    75.9 0     1.7 0    41.2 0   909.2 0
 2019   9  1  9 14 14 14.233  98.73    -2.1 0    -0.8 0     0.0 0    -0.3 0   250.7 0   276.71 0   276.29 0   312.3 0   276.98 0   276.93 0     0.0 0     1.7 0     0.0 0   -61.6 0   -61.6 0     5.6 0    75.9 0     1.1 0    41.4 0   909.2 0
 2019   9  1  9 14 15 14.250  98.54    -2.1 0    -0.8 0     0.0 0     0.0 0   251.8 0   276.69 0   276.52 0   312.6 0   277.00 0   276.94 0     0.0 0     1.7 0     0.0 0   -60.8 0   -60.8 0     5.7 0    75.4 0     0.6 0    41.4 0   909.2 0
 2019   9  1  9 14 16 14.267  98.36    -2.4 0    -0.7 0    -0.1 0     0.0 0   251.9 0   276.74 0   276.68 0   311.8 0   277.02 0   276.99 0     0.0 0     1.8 0     0.0 0   -59.9 0   -59.9 0     5.8 0    74.5 0     0.8 0    41.4 0   909.2 0
 2019   9  1  9 14 17 14.283  98.17    -2.4 0     0.1 0    -0.2 0    -0.1 0   248.3 0   276.82 0   276.58 0   310.2 0   277.02 0   276.86 0     0.0 0     1.6 0     0.0 0   -61.9 0   -61.9 0     5.6 0    72.2 0     0.8 0   336.7 0   909.2 0
 2019   9  1  9 14 18 14.300  97.98    -1.8 0     0.6 0     0.0 0    -0.3 0   246.8 0   276.81 0   276.30 0   311.7 0   276.97 0   276.81 0     0.0 0     1.3 0     0.0 0   -64.8 0   -64.8 0     4.9 0    73.5 0     1.7 0   302.2 0   909.2 0
 2019   9  1  9 14 19 14.317  97.80    -1.9 0     0.3 0     0.4 0    -0.3 0   249.0 0   276.75 0   276.22 0   313.3 0   276.93 0   276.85 0     0.0 0     1.5 0     0.0 0   -64.3 0   -64.3 0     4.4 0    79.9 0     1.7 0    17.8 0   909.2 0
 2019   9  1  9 14 20 14.333  97.61    -2.1 0    -0.6 0     0.1 0    -0.2 0   251.4 0   276.69 0   276.34 0   313.1 0   276.93 0   276.92 0     0.0 0     1.6 0     0.0 0   -61.7 0   -61.7 0     4.6 0    81.5 0     1.3 0    21.1 0   909.2 0
 2019   9  1  9 14 21 14.350  97.43    -2.5 0    -0.8 0     0.0 0     0.0 0   251.6 0   276.68 0   276.50 0   312.9 0   276.95 0   276.95 0     0.0 0     1.9 0     0.0 0   -61.3 0   -61.3 0     5.0 0    80.3 0     0.8 0     5.6 0   909.1 0
 2019   9  1  9 14 22 14.367  97.24    -2.5 0    -0.8 0     0.0 0     0.0 0   250.3 0   276.72 0   276.45 0   312.7 0   276.98 0   276.98 0     0.0 0     1.9 0     0.0 0   -62.4 0   -62.4 0     5.4 0    78.2 0     0.8 0     3.8 0   909.1 0
 2019   9  1  9 14 23 14.383  97.05    -2.5 0    -0.8 0     0.0 0     0.0 0   249.9 0   276.73 0   276.43 0   312.0 0   277.00 0   277.01 0     0.0 0     1.8 0     0.0 0   -62.1 0   -62.1 0     5.6 0    76.2 0     1.0 0    11.4 0   909.1 0
 2019   9  1  9 14 24 14.400  96.87    -2.5 0    -0.8 0     0.0 0     0.0 0   251.0 0   276.75 0   276.53 0   312.4 0   277.02 0   277.03 0     0.0 0     1.8 0     0.0 0   -61.4 0   -61.4 0     5.7 0    75.2 0     1.5 0    22.8 0   909.1 0
 2019   9  1  9 14 25 14.417  96.68    -2.5 0    -0.8 0     0.0 0     0.0 0   251.9 0   276.79 0   276.66 0   312.5 0   277.04 0   277.08 0     0.0 0     1.8 0     0.0 0   -60.5 0   -60.5 0     5.8 0    74.9 0     1.3 0    22.5 0   909.1 0
 2019   9  1  9 14 26 14.433  96.50    -2.4 0    -0.8 0    -0.3 0     0.0 0   252.1 0   276.86 0   276.82 0   312.5 0   277.07 0   277.11 0     0.0 0     1.6 0     0.0 0   -60.4 0   -60.4 0     5.9 0    74.4 0     1.1 0    31.6 0   909.1 0
 2019   9  1  9 14 27 14.450  96.31    -2.1 0    -0.8 0    -0.2 0     0.0 0   251.6 0   276.95 0   276.84 0   312.7 0   277.10 0   277.12 0     0.0 0     1.6 0     0.0 0   -61.1 0   -61.1 0     6.1 0    73.8 0     1.1 0    44.4 0   909.1 0
 2019   9  1  9 14 28 14.467  96.13    -2.1 0    -0.7 0     0.0 0    -0.2 0   249.0 0   277.01 0   276.67 0   311.5 0   277.13 0   277.11 0     0.0 0     1.6 0     0.0 0   -62.5 0   -62.5 0     6.2 0    72.4 0     1.3 0    38.3 0   909.1 0
 2019   9  1  9 14 29 14.483  95.94    -1.8 0     0.7 0     0.2 0    -0.3 0   247.7 0   276.98 0   276.38 0   310.3 0   277.13 0   276.91 0     0.0 0     1.6 0     0.0 0   -62.5 0   -62.5 0     5.4 0    70.0 0     1.7 0     6.1 0   909.1 0
 2019   9  1  9 14 30 14.500  95.76    -1.9 0     0.9 0     0.4 0    -0.3 0   249.7 0   276.89 0   276.33 0   311.2 0   277.07 0   276.88 0     0.0 0     1.6 0     0.0 0   -61.4 0   -61.4 0     4.5 0    77.1 0     1.9 0    46.4 0   909.1 0
 2019   9  1  9 14 31 14.517  95.58    -2.1 0    -0.1 0     0.3 0    -0.3 0   249.6 0   276.81 0   276.32 0   311.8 0   277.04 0   276.96 0     0.0 0     1.7 0     0.0 0   -62.2 0   -62.2 0     4.7 0    80.9 0     2.2 0    56.5 0   909.1 0
 2019   9  1  9 14 32 14.533  95.39    -2.1 0    -0.6 0     0.3 0    -0.3 0   249.3 0   276.75 0   276.26 0   311.8 0   277.04 0   276.97 0     0.0 0     1.7 0     0.0 0   -62.5 0   -62.5 0     5.0 0    78.9 0     2.7 0    64.5 0   909.1 0
 2019   9  1  9 14 33 14.550  95.21    -2.1 0    -0.6 0     0.1 0    -0.3 0   248.9 0   276.69 0   276.19 0   311.3 0   277.04 0   276.96 0     0.0 0     1.6 0     0.0 0   -62.4 0   -62.4 0     5.1 0    76.1 0     3.2 0    77.6 0   909.1 0
 2019   9  1  9 14 34 14.567  95.02    -2.1 0    -0.2 0     0.0 0    -0.3 0   248.9 0   276.62 0   276.11 0   311.6 0   277.03 0   276.92 0     0.0 0     1.7 0     0.0 0   -62.7 0   -62.7 0     4.8 0    79.1 0     3.0 0    73.6 0   909.2 0
 2019   9  1  9 14 35 14.583  94.84    -2.1 0    -0.5 0     0.0 0    -0.2 0   249.7 0   276.56 0   276.12 0   312.0 0   277.02 0   276.95 0     0.0 0     1.7 0     0.0 0   -62.3 0   -62.3 0     5.0 0    79.0 0     2.2 0    71.6 0   909.1 0
 2019   9  1  9 14 36 14.600  94.66    -2.1 0    -0.8 0     0.0 0     0.0 0   250.5 0   276.52 0   276.18 0   312.4 0   277.04 0   276.99 0     0.0 0     1.7 0     0.0 0   -61.9 0   -61.9 0     5.4 0    77.2 0     2.0 0    73.3 0   909.1 0
 2019   9  1  9 14 37 14.617  94.47    -2.1 0    -0.8 0     0.0 0     0.0 0   250.6 0   276.51 0   276.21 0   312.2 0   277.06 0   276.99 0     0.0 0     1.7 0     0.0 0   -61.6 0   -61.6 0     5.5 0    75.7 0     1.9 0    75.7 0   909.1 0
 2019   9  1  9 14 38 14.633  94.29    -2.1 0    -0.8 0     0.0 0     0.0 0   251.0 0   276.51 0   276.26 0   313.0 0   277.08 0   277.04 0     0.0 0     1.7 0     0.0 0   -62.0 0   -62.0 0     5.8 0    75.4 0     1.4 0    67.0 0   909.1 0
 2019   9  1  9 14 39 14.650  94.11    -2.1 0    -0.8 0     0.0 0     0.0 0   251.5 0   276.54 0   276.39 0   312.2 0   277.11 0   277.07 0     0.0 0     1.8 0     0.0 0   -60.7 0   -60.7 0     6.0 0    73.6 0     1.5 0    73.5 0   909.2 0
 2019   9  1  9 14 40 14.667  93.93    -2.1 0    -0.6 0     0.0 0     0.3 0   251.4 0   276.59 0   276.45 0   311.8 0   277.12 0   277.05 0     0.0 0     1.7 0     0.3 0   -60.5 0   -60.2 0     5.9 0    73.1 0     1.7 0    90.8 0   909.2 0
 2019   9  1  9 14 41 14.683  93.75    -2.0 0    -0.5 0     0.0 0     0.3 0   249.8 0   276.64 0   276.37 0   311.7 0   277.13 0   277.07 0     0.0 0     1.7 0     0.3 0   -61.8 0   -61.5 0     5.7 0    74.2 0     1.3 0    86.8 0   909.2 0
 2019   9  1  9 14 42 14.700  93.56    -1.6 0    -0.1 0     0.0 0     0.3 0   249.1 0   276.65 0   276.30 0   310.4 0   277.13 0   276.98 0     0.0 0     1.9 0     0.3 0   -61.3 0   -60.9 0     5.4 0    73.5 0     0.4 0    54.5 0   909.2 0
 2019   9  1  9 14 43 14.717  93.38    -1.3 0     0.3 0     0.2 0     0.3 0   248.4 0   276.62 0   276.13 0   311.2 0   277.08 0   276.92 0     0.0 0     1.6 0     0.0 0   -62.8 0   -62.8 0     4.8 0    74.7 0     0.9 0   355.1 0   909.2 0
 2019   9  1  9 14 44 14.733  93.20    -1.2 0     0.2 0     0.4 0     0.3 0   248.4 0   276.56 0   276.05 0   310.6 0   277.05 0   276.89 0     0.0 0     1.9 0     0.1 0   -62.3 0   -62.2 0     4.4 0    78.2 0     1.1 0    38.7 0   909.2 0
 2019   9  1  9 14 45 14.750  93.02    -1.2 0     0.0 0     0.3 0     0.5 0   250.5 0   276.49 0   276.09 0   310.9 0   277.01 0   276.87 0     0.0 0     2.0 0     0.5 0   -60.4 0   -59.9 0     4.2 0    80.5 0     1.2 0    73.7 0   909.2 0
 2019   9  1  9 14 46 14.767  92.84    -1.6 0    -0.2 0     0.0 0     0.7 0   250.8 0   276.46 0   276.22 0   311.2 0   276.99 0   276.87 0     0.0 0     2.2 0     0.7 0   -60.4 0   -59.7 0     4.3 0    81.7 0     1.4 0    67.2 0   909.2 0
 2019   9  1  9 14 47 14.783  92.66    -1.4 0    -0.4 0     0.0 0     1.0 0   250.3 0   276.48 0   276.25 0   312.0 0   276.96 0   276.87 0     0.0 0     2.2 0     1.0 0   -61.7 0   -60.7 0     4.4 0    81.6 0     2.1 0    81.3 0   909.2 0
 2019   9  1  9 14 48 14.800  92.48    -1.1 0    -0.8 0     0.0 0     1.1 0   251.7 0   276.51 0   276.37 0   312.8 0   276.97 0   276.92 0     0.0 0     2.3 0     1.1 0   -61.0 0   -59.9 0     4.7 0    80.9 0     1.9 0    80.1 0   909.2 0
 2019   9  1  9 14 49 14.817  92.30    -1.1 0    -0.8 0     0.0 0     1.4 0   251.5 0   276.56 0   276.44 0   312.7 0   276.97 0   276.93 0     0.0 0     2.5 0     1.4 0   -61.2 0   -59.8 0     4.9 0    78.4 0     1.9 0    78.6 0   909.2 0
 2019   9  1  9 14 50 14.833  92.12    -1.2 0    -0.4 0     0.0 0     1.5 0   251.8 0   276.62 0   276.47 0   312.2 0   276.97 0   276.91 0     0.0 0     2.7 0     1.5 0   -60.3 0   -58.8 0     4.9 0    78.5 0     2.2 0    84.9 0   909.2 0
 2019   9  1  9 14 51 14.850  91.94    -0.8 0    -0.7 0     0.0 0     1.8 0   252.4 0   276.68 0   276.56 0   312.8 0   276.98 0   276.97 0     0.0 0     2.7 0     1.8 0   -60.5 0   -58.7 0     5.1 0    78.7 0     2.2 0    91.4 0   909.2 0
 2019   9  1  9 14 52 14.867  91.76    -0.8 0    -0.8 0     0.0 0     2.1 0   252.5 0   276.74 0   276.68 0   313.7 0   277.01 0   277.03 0     0.0 0     2.7 0     2.1 0   -61.2 0   -59.1 0     5.5 0    77.2 0     2.2 0    91.8 0   909.2 0
 2019   9  1  9 14 53 14.883  91.58    -0.8 0    -0.8 0     0.0 0     2.4 0   252.7 0   276.83 0   276.85 0   314.1 0   277.05 0   277.11 0     0.0 0     2.9 0     2.4 0   -61.4 0   -59.0 0     5.8 0    75.0 0     1.5 0   100.9 0   909.2 0
 2019   9  1  9 14 54 14.900  91.40    -0.8 0    -0.2 0     0.0 0     2.7 0   252.8 0   276.94 0   276.97 0   314.3 0   277.08 0   277.09 0     0.0 0     3.1 0     2.7 0   -61.4 0   -58.7 0     5.8 0    74.2 0     0.2 0   103.7 0   909.2 0
 2019   9  1  9 14 55 14.917  91.22    -0.7 0     0.0 0     0.0 0     2.9 0   252.4 0   277.06 0   277.08 0   314.8 0   277.10 0   277.08 0     0.0 0     3.1 0     2.9 0   -62.4 0   -59.4 0     5.9 0    74.0 0     0.2 0   151.4 0   909.3 0
 2019   9  1  9 14 56 14.933  91.04    -0.2 0     0.0 0     0.0 0     3.3 0   251.6 0   277.17 0   277.08 0   314.2 0   277.10 0   277.13 0     0.0 0     3.2 0     3.3 0   -62.6 0   -59.3 0     5.9 0    73.7 0     1.2 0    70.5 0   909.3 0
 2019   9  1  9 14 57 14.950  90.86     0.5 0     0.6 0     0.0 0     3.4 0   250.1 0   277.22 0   276.83 0   313.9 0   277.11 0   277.07 0     0.0 0     3.2 0     2.8 0   -63.8 0   -61.0 0     5.6 0    73.4 0     0.8 0     5.4 0   909.3 0
 2019   9  1  9 14 58 14.967  89.94     1.4 0     0.6 0     0.4 0     3.6 0   249.8 0   277.20 0   276.75 0   314.1 0   277.12 0   277.07 0     0.4 0     3.6 0     3.0 0   -64.2 0   -61.2 0     5.4 0    75.6 0     0.3 0    65.7 0   909.3 0
 2019   9  1  9 14 59 14.983  89.82     1.6 0     0.4 0     0.4 0     4.0 0   250.7 0   277.14 0   276.73 0   314.0 0   277.11 0   277.10 0     0.4 0     3.8 0     3.5 0   -63.3 0   -59.7 0     5.4 0    76.2 0     0.0 0     1.3 0   909.3 0
 2019   9  1  9 15  0 15.000  89.69     1.6 0     0.4 0     0.0 0     4.5 0   252.5 0   277.11 0   276.89 0   314.6 0   277.09 0   277.10 0     0.5 0     3.7 0     4.1 0   -62.1 0   -58.1 0     5.4 0    76.3 0     0.3 0   231.2 0   909.3 0
 2019   9  1  9 15  1 15.017  89.55     1.9 0     0.4 0     0.0 0     4.9 0   252.2 0   277.12 0   276.95 0   314.8 0   277.09 0   277.09 0     0.5 0     3.9 0     4.5 0   -62.6 0   -58.1 0     5.4 0    76.3 0     0.3 0   244.3 0   909.3 0
 2019   9  1  9 15  2 15.033  89.42     2.3 0     0.6 0     0.0 0     5.3 0   252.6 0   277.15 0   277.02 0   314.8 0   277.09 0   277.07 0     0.5 0     4.1 0     4.7 0   -62.2 0   -57.5 0     5.4 0    75.8 0     0.7 0   276.8 0   909.3 0
 2019   9  1  9 15  3 15.050  89.28     2.6 0     0.8 0     0.0 0     5.7 0   252.4 0   277.20 0   277.09 0   315.1 0   277.09 0   277.06 0     0.5 0     4.4 0     5.0 0   -62.7 0   -57.8 0     5.3 0    76.5 0     1.1 0   195.4 0   909.3 0
 2019   9  1  9 15  4 15.067  89.13     3.1 0     0.1 0     0.0 0     6.0 0   252.0 0   277.26 0   277.11 0   316.1 0   277.10 0   277.15 0     0.6 0     4.8 0     5.9 0   -64.1 0   -58.2 0     5.3 0    77.6 0     1.5 0   134.5 0   909.3 0
 2019   9  1  9 15  5 15.083  88.98     3.4 0     0.0 0     0.0 0     6.6 0   252.7 0   277.31 0   277.17 0   316.4 0   277.12 0   277.20 0     0.7 0     5.2 0     6.6 0   -63.7 0   -57.2 0     5.5 0    76.8 0     2.5 0   128.3 0   909.2 0
 2019   9  1  9 15  6 15.100  88.83     4.0 0    -0.2 0     0.0 0     7.1 0   252.8 0   277.36 0   277.29 0   317.0 0   277.16 0   277.26 0     0.7 0     5.5 0     7.1 0   -64.2 0   -57.1 0     5.7 0    75.8 0     3.6 0   135.5 0   909.2 0
 2019   9  1  9 15  7 15.117  88.68     4.4 0    -0.4 0     0.3 0     7.6 0   252.7 0   277.43 0   277.33 0   317.2 0   277.22 0   277.33 0     0.7 0     5.8 0     7.6 0   -64.5 0   -56.9 0     5.8 0    74.7 0     3.3 0   124.8 0   909.2 0
 2019   9  1  9 15  8 15.133  88.53     5.1 0     0.1 0     0.5 0     8.2 0   252.1 0   277.49 0   277.37 0   316.8 0   277.28 0   277.32 0     0.8 0     6.2 0     8.1 0   -64.7 0   -56.6 0     5.8 0    74.5 0     2.7 0    94.9 0   909.2 0
 2019   9  1  9 15  9 15.150  88.37     5.8 0     0.2 0     0.8 0     8.8 0   251.8 0   277.55 0   277.39 0   317.1 0   277.32 0   277.39 0     0.8 0     6.6 0     8.6 0   -65.3 0   -56.8 0     5.7 0    74.9 0     3.8 0    93.3 0   909.2 0
 2019   9  1  9 15 10 15.167  88.21     6.4 0     0.7 0     0.8 0     9.4 0   251.3 0   277.59 0   277.40 0   316.1 0   277.36 0   277.37 0     0.9 0     7.0 0     8.7 0   -64.8 0   -56.1 0     5.6 0    74.9 0     1.5 0    67.4 0   909.2 0
 2019   9  1  9 15 11 15.183  88.06     7.1 0     1.0 0     0.8 0     9.9 0   251.0 0   277.61 0   277.30 0   316.0 0   277.38 0   277.36 0     1.0 0     7.4 0     9.0 0   -65.0 0   -56.0 0     5.5 0    75.9 0     1.6 0    64.7 0   909.2 0
 2019   9  1  9 15 12 15.200  87.90     7.8 0     1.2 0     1.2 0    10.5 0   251.4 0   277.60 0   277.25 0   316.3 0   277.38 0   277.37 0     1.0 0     7.6 0     9.3 0   -65.0 0   -55.6 0     5.5 0    76.3 0     1.0 0    10.4 0   909.2 0
 2019   9  1  9 15 13 15.217  87.74     8.5 0     1.2 0     1.5 0    11.0 0   251.7 0   277.58 0   277.22 0   316.2 0   277.38 0   277.38 0     1.0 0     7.9 0     9.8 0   -64.5 0   -54.7 0     5.5 0    75.7 0     1.4 0   348.2 0   909.2 0
 2019   9  1  9 15 14 15.233  87.58     9.2 0     1.4 0     1.8 0    11.6 0   251.6 0   277.53 0   277.15 0   316.4 0   277.38 0   277.35 0     1.0 0     8.0 0    10.2 0   -64.7 0   -54.5 0     5.4 0    75.4 0     2.0 0   321.5 0   909.2 0
 2019   9  1  9 15 15 15.250  87.41     9.9 0     1.9 0     2.4 0    12.1 0   251.1 0   277.49 0   277.07 0   316.0 0   277.35 0   277.26 0     1.1 0     8.3 0    10.3 0   -64.9 0   -54.6 0     4.9 0    76.3 0     1.9 0   334.4 0   909.3 0
 2019   9  1  9 15 16 15.267  87.25    10.6 0     2.1 0     3.2 0    12.6 0   250.5 0   277.43 0   276.94 0   315.2 0   277.32 0   277.20 0     1.2 0     8.8 0    10.7 0   -64.7 0   -54.0 0     4.5 0    78.4 0     2.1 0   359.0 0   909.3 0
 2019   9  1  9 15 17 15.283  87.09    11.3 0     2.1 0     3.9 0    13.1 0   250.9 0   277.35 0   276.87 0   315.7 0   277.27 0   277.18 0     1.2 0     9.1 0    11.2 0   -64.8 0   -53.6 0     4.2 0    80.5 0     2.2 0   341.3 0   909.3 0
 2019   9  1  9 15 18 15.300  86.92    12.0 0     2.1 0     5.0 0    13.6 0   250.6 0   277.26 0   276.81 0   315.4 0   277.22 0   277.14 0     1.3 0     9.5 0    11.8 0   -64.8 0   -53.0 0     4.2 0    81.4 0     2.5 0   347.8 0   909.4 0
 2019   9  1  9 15 19 15.317  86.76    12.7 0     2.3 0     6.8 0    14.1 0   248.2 0   277.20 0   276.68 0   313.6 0   277.20 0   277.01 0     1.3 0    10.3 0    12.3 0   -65.4 0   -53.1 0     4.0 0    80.3 0     2.9 0    21.4 0   909.4 0
 2019   9  1  9 15 20 15.333  86.60    13.5 0     2.7 0     9.8 0    14.7 0   248.3 0   277.12 0   276.60 0   312.6 0   277.13 0   276.90 0     1.5 0    11.0 0    12.6 0   -64.3 0   -51.7 0     3.6 0    82.0 0     2.7 0    22.8 0   909.4 0
 2019   9  1  9 15 21 15.350  86.43    14.5 0     2.9 0    15.7 0    15.3 0   247.8 0   277.04 0   276.55 0   312.0 0   277.06 0   276.82 0     1.5 0    11.6 0    13.4 0   -64.3 0   -50.9 0     3.3 0    83.4 0     2.4 0    40.2 0   909.4 0
 2019   9  1  9 15 22 15.367  86.27    16.4 0     3.4 0    33.2 0    16.0 0   246.0 0   276.96 0   276.40 0   312.0 0   276.97 0   276.76 0     1.6 0    12.4 0    14.7 0   -66.0 0   -51.3 0     3.1 0    85.3 0     3.4 0    63.3 0   909.5 0
 2019   9  1  9 15 23 15.383  86.10    20.1 0     4.0 0    81.7 0    16.7 0   246.6 0   276.88 0   276.35 0   313.0 0   276.90 0   276.77 0     1.7 0    13.9 0    18.3 0   -66.4 0   -48.1 0     3.2 0    87.9 0     3.7 0    51.5 0   909.5 0
 2019   9  1  9 15 24 15.400  85.94    21.7 0     3.6 0   106.9 0    17.4 0   247.8 0   276.82 0   276.47 0   313.5 0   276.86 0   276.83 0     1.7 0    14.9 0    21.4 0   -65.7 0   -44.3 0     3.7 0    85.9 0     2.7 0    26.4 0   909.5 0
 2019   9  1  9 15 25 15.417  85.77    24.8 0     4.2 0   143.3 0    18.2 0   248.0 0   276.82 0   276.55 0   313.6 0   276.85 0   276.86 0     1.9 0    16.2 0    24.6 0   -65.6 0   -41.0 0     4.0 0    83.6 0     2.7 0    30.7 0   909.5 0
 2019   9  1  9 15 26 15.433  85.61    30.3 0     5.6 0   206.7 0    19.1 0   247.9 0   276.84 0   276.58 0   313.9 0   276.85 0   276.87 0     1.9 0    18.2 0    29.3 0   -66.0 0   -36.7 0     4.2 0    82.2 0     2.7 0    28.9 0   909.5 0
 2019   9  1  9 15 27 15.450  85.44    39.5 0     7.7 0   321.9 0    20.0 0   248.1 0   276.88 0   276.62 0   313.9 0   276.83 0   276.90 0     2.0 0    21.2 0    37.9 0   -65.8 0   -27.9 0     4.3 0    81.3 0     2.4 0    26.1 0   909.6 0
 2019   9  1  9 15 28 15.467  85.28    49.2 0    10.3 0   440.5 0    20.9 0   248.8 0   276.94 0   276.72 0   314.6 0   276.83 0   276.95 0     2.1 0    24.6 0    46.9 0   -65.8 0   -18.9 0     4.3 0    81.1 0     2.8 0    21.8 0   909.6 0
 2019   9  1  9 15 29 15.483  85.11    54.7 0    11.6 0   500.0 0    21.5 0   248.5 0   277.03 0   276.80 0   315.2 0   276.84 0   277.00 0     2.2 0    26.7 0    52.5 0   -66.7 0   -14.1 0     4.4 0    80.3 0     2.8 0     9.7 0   909.6 0
 2019   9  1  9 15 30 15.500  84.95    56.8 0    12.1 0   510.4 0    22.0 0   248.5 0   277.12 0   276.84 0   315.5 0   276.85 0   277.02 0     2.3 0    27.9 0    54.8 0   -67.0 0   -12.2 0     4.4 0    80.0 0     2.9 0    17.5 0   909.5 0
 2019   9  1  9 15 31 15.517  84.78    58.3 0    12.5 0   510.8 0    22.4 0   248.3 0   277.20 0   276.90 0   315.7 0   276.85 0   277.02 0     2.4 0    28.9 0    56.3 0   -67.3 0   -11.0 0     4.5 0    79.8 0     3.0 0    18.8 0   909.6 0
 2019   9  1  9 15 32 15.533  84.62    60.6 0    12.9 0   519.2 0    22.8 0   248.7 0   277.28 0   276.96 0   316.0 0   276.86 0   277.01 0     2.5 0    30.2 0    58.6 0   -67.3 0    -8.8 0     4.4 0    79.9 0     2.8 0    10.5 0   909.6 0
 2019   9  1  9 15 33 15.550  84.45    62.4 0    13.2 0   521.3 0    23.1 0   248.6 0   277.34 0   277.02 0   316.5 0   276.87 0   277.02 0     2.6 0    31.3 0    60.3 0   -67.9 0    -7.6 0     4.5 0    80.0 0     2.4 0     9.4 0   909.6 0
 2019   9  1  9 15 34 15.567  84.29    64.6 0    13.6 0   528.1 0    23.6 0   248.9 0   277.41 0   277.09 0   316.8 0   276.87 0   277.02 0     2.8 0    32.5 0    62.5 0   -68.0 0    -5.4 0     4.5 0    80.0 0     2.0 0     3.7 0   909.6 0
 2019   9  1  9 15 35 15.583  84.12    67.0 0    14.1 0   535.8 0    24.0 0   249.1 0   277.48 0   277.16 0   317.2 0   276.87 0   277.02 0     2.9 0    33.7 0    64.8 0   -68.1 0    -3.3 0     4.5 0    80.0 0     1.7 0     8.8 0   909.6 0
 2019   9  1  9 15 36 15.600  83.96    69.5 0    14.6 0   544.0 0    24.4 0   249.2 0   277.55 0   277.24 0   317.2 0   276.88 0   277.02 0     3.0 0    35.3 0    67.1 0   -68.0 0    -0.9 0     4.5 0    80.1 0     1.8 0    11.6 0   909.6 0
 2019   9  1  9 15 37 15.617  83.79    71.9 0    15.0 0   551.8 0    24.9 0   249.2 0   277.62 0   277.30 0   317.7 0   276.90 0   277.02 0     3.1 0    36.7 0    69.5 0   -68.5 0     1.1 0     4.5 0    80.2 0     1.7 0    27.5 0   909.6 0
 2019   9  1  9 15 38 15.633  83.63    74.4 0    15.4 0   559.4 0    25.2 0   249.1 0   277.69 0   277.37 0   317.8 0   276.90 0   277.02 0     3.2 0    38.0 0    71.9 0   -68.7 0     3.2 0     4.6 0    80.1 0     1.6 0    23.2 0   909.6 0
 2019   9  1  9 15 39 15.650  83.47    76.9 0    15.9 0   567.3 0    25.7 0   249.4 0   277.76 0   277.42 0   318.2 0   276.92 0   277.04 0     3.3 0    39.5 0    74.4 0   -68.8 0     5.5 0     4.6 0    79.7 0     2.0 0     8.2 0   909.6 0
 2019   9  1  9 15 40 15.667  83.30    79.6 0    16.4 0   577.0 0    26.1 0   249.2 0   277.83 0   277.49 0   318.3 0   276.92 0   277.05 0     3.5 0    41.0 0    77.1 0   -69.1 0     8.0 0     4.6 0    79.5 0     2.4 0    10.5 0   909.6 0
 2019   9  1  9 15 41 15.683  83.14    81.8 0    16.8 0   581.0 0    26.4 0   249.3 0   277.89 0   277.55 0   318.7 0   276.94 0   277.07 0     3.6 0    42.3 0    79.1 0   -69.4 0     9.7 0     4.7 0    79.4 0     2.3 0     9.1 0   909.6 0
 2019   9  1  9 15 42 15.700  82.97    84.1 0    17.2 0   587.6 0    26.9 0   249.7 0   277.96 0   277.62 0   319.0 0   276.97 0   277.09 0     3.7 0    43.8 0    81.5 0   -69.3 0    12.2 0     4.8 0    79.1 0     1.9 0     6.5 0   909.6 0
 2019   9  1  9 15 43 15.717  82.81    86.6 0    17.7 0   594.1 0    27.2 0   249.6 0   278.02 0   277.69 0   319.4 0   276.99 0   277.12 0     3.9 0    45.2 0    83.9 0   -69.8 0    14.1 0     4.9 0    78.8 0     1.6 0    21.9 0   909.6 0
 2019   9  1  9 15 44 15.733  82.65    88.9 0    18.2 0   598.9 0    27.6 0   249.7 0   278.10 0   277.77 0   319.8 0   277.02 0   277.12 0     4.0 0    46.4 0    86.1 0   -70.1 0    15.9 0     4.9 0    78.5 0     1.8 0    31.1 0   909.6 0
 2019   9  1  9 15 45 15.750  82.49    91.3 0    18.6 0   603.9 0    27.9 0   249.6 0   278.17 0   277.84 0   320.0 0   277.03 0   277.15 0     4.1 0    47.7 0    88.3 0   -70.4 0    17.9 0     5.0 0    78.6 0     1.8 0    40.3 0   909.6 0
 2019   9  1  9 15 46 15.767  82.32    94.0 0    19.1 0   612.2 0    28.3 0   249.6 0   278.23 0   277.90 0   320.5 0   277.06 0   277.17 0     4.3 0    49.1 0    91.0 0   -70.9 0    20.1 0     5.0 0    78.4 0     2.0 0    46.8 0   909.7 0
 2019   9  1  9 15 47 15.783  82.16    96.4 0    19.4 0   617.0 0    28.6 0   249.9 0   278.31 0   277.96 0   320.8 0   277.08 0   277.21 0     4.4 0    50.4 0    93.4 0   -70.9 0    22.4 0     5.1 0    78.1 0     2.3 0    43.9 0   909.7 0
 2019   9  1  9 15 48 15.800  82.00    98.8 0    19.8 0   622.2 0    29.0 0   250.0 0   278.37 0   278.04 0   321.1 0   277.12 0   277.23 0     4.6 0    51.6 0    95.7 0   -71.1 0    24.6 0     5.2 0    77.8 0     2.2 0    38.5 0   909.7 0
 2019   9  1  9 15 49 15.817  81.84   100.8 0    20.3 0   624.6 0    29.3 0   250.2 0   278.44 0   278.12 0   321.5 0   277.15 0   277.26 0     4.7 0    52.7 0    97.6 0   -71.2 0    26.4 0     5.2 0    77.9 0     1.9 0    51.2 0   909.7 0
 2019   9  1  9 15 50 15.833  81.67   103.5 0    20.9 0   631.9 0    29.6 0   250.3 0   278.52 0   278.17 0   321.7 0   277.18 0   277.28 0     4.9 0    54.0 0   100.2 0   -71.4 0    28.8 0     5.2 0    78.2 0     1.9 0    40.8 0   909.7 0
 2019   9  1  9 15 51 15.850  81.51   105.9 0    21.4 0   637.5 0    29.9 0   250.1 0   278.59 0   278.23 0   322.0 0   277.22 0   277.32 0     5.0 0    55.2 0   102.5 0   -71.9 0    30.7 0     5.3 0    77.9 0     2.2 0    31.3 0   909.7 0
 2019   9  1  9 15 52 15.867  81.35   108.4 0    21.8 0   643.3 0    30.3 0   250.1 0   278.65 0   278.29 0   322.3 0   277.25 0   277.36 0     5.2 0    56.4 0   105.2 0   -72.3 0    32.9 0     5.4 0    77.0 0     2.3 0    29.3 0   909.8 0
 2019   9  1  9 15 53 15.883  81.19   111.1 0    22.3 0   648.8 0    30.5 0   250.2 0   278.72 0   278.36 0   322.6 0   277.28 0   277.39 0     5.3 0    57.7 0   107.5 0   -72.3 0    35.2 0     5.4 0    77.0 0     2.2 0    36.6 0   909.8 0
 2019   9  1  9 15 54 15.900  81.03   113.5 0    22.8 0   654.0 0    30.9 0   250.8 0   278.78 0   278.42 0   323.2 0   277.32 0   277.43 0     5.5 0    58.9 0   110.0 0   -72.4 0    37.6 0     5.5 0    77.3 0     1.6 0    70.8 0   909.8 0
 2019   9  1  9 15 55 15.917  80.87   116.2 0    23.5 0   659.9 0    31.1 0   250.9 0   278.84 0   278.49 0   323.8 0   277.36 0   277.48 0     5.6 0    60.1 0   112.3 0   -72.9 0    39.5 0     5.5 0    77.3 0     1.0 0    69.5 0   909.8 0
 2019   9  1  9 15 56 15.933  80.71   118.9 0    24.1 0   665.8 0    31.4 0   250.9 0   278.91 0   278.56 0   324.0 0   277.40 0   277.51 0     5.8 0    61.4 0   114.8 0   -73.2 0    41.6 0     5.6 0    76.8 0     1.3 0    48.1 0   909.9 0
 2019   9  1  9 15 57 15.950  80.55   121.3 0    24.5 0   670.2 0    31.8 0   251.2 0   278.98 0   278.63 0   324.2 0   277.43 0   277.56 0     6.0 0    62.5 0   117.3 0   -73.0 0    44.3 0     5.7 0    76.6 0     1.6 0    17.8 0   909.9 0
 2019   9  1  9 15 58 15.967  80.39   123.9 0    24.9 0   675.6 0    32.0 0   251.4 0   279.04 0   278.69 0   324.7 0   277.47 0   277.62 0     6.1 0    63.7 0   119.8 0   -73.4 0    46.4 0     5.7 0    76.2 0     2.6 0    13.1 0   909.9 0
 2019   9  1  9 15 59 15.983  80.23   126.3 0    25.3 0   679.8 0    32.3 0   251.4 0   279.12 0   278.78 0   325.1 0   277.52 0   277.70 0     6.3 0    64.9 0   122.3 0   -73.7 0    48.6 0     5.8 0    75.7 0     3.0 0    28.3 0   909.9 0
 2019   9  1  9 16  0 16.000  80.07   128.9 0    25.8 0   684.7 0    32.5 0   251.2 0   279.19 0   278.86 0   325.4 0   277.58 0   277.74 0     6.5 0    66.1 0   124.8 0   -74.3 0    50.5 0     5.8 0    76.1 0     2.7 0    44.4 0   909.9 0
 2019   9  1  9 16  1 16.017  79.92   131.5 0    26.5 0   689.1 0    32.8 0   251.2 0   279.27 0   278.91 0   325.8 0   277.63 0   277.78 0     6.6 0    67.4 0   127.0 0   -74.6 0    52.4 0     5.8 0    76.0 0     2.4 0    51.8 0   909.9 0
 2019   9  1  9 16  2 16.033  79.76   134.3 0    27.0 0   694.4 0    33.1 0   251.4 0   279.34 0   278.99 0   326.3 0   277.68 0   277.84 0     6.8 0    68.7 0   129.6 0   -74.9 0    54.7 0     5.9 0    76.3 0     2.2 0    47.8 0   910.0 0
 2019   9  1  9 16  3 16.050  79.60   136.9 0    27.5 0   698.6 0    33.4 0   251.7 0   279.41 0   279.08 0   326.8 0   277.74 0   277.91 0     7.0 0    69.9 0   132.0 0   -75.0 0    57.0 0     6.0 0    75.9 0     2.9 0    48.2 0   910.0 0
 2019   9  1  9 16  4 16.067  79.44   139.8 0    27.9 0   703.3 0    33.8 0   252.1 0   279.49 0   279.17 0   327.3 0   277.80 0   278.00 0     7.2 0    71.2 0   134.7 0   -75.2 0    59.5 0     6.1 0    74.2 0     3.1 0    42.1 0   910.0 0
 2019   9  1  9 16  5 16.083  79.29   142.3 0    28.5 0   707.3 0    34.0 0   252.4 0   279.58 0   279.27 0   327.7 0   277.87 0   278.06 0     7.4 0    72.4 0   137.0 0   -75.3 0    61.8 0     6.2 0    73.3 0     3.0 0    38.7 0   910.0 0
 2019   9  1  9 16  6 16.100  79.13   144.8 0    29.0 0   710.8 0    34.3 0   252.4 0   279.67 0   279.37 0   328.1 0   277.93 0   278.13 0     7.6 0    73.5 0   139.4 0   -75.7 0    63.7 0     6.3 0    72.5 0     3.2 0    38.7 0   910.0 0
 2019   9  1  9 16  7 16.117  78.97   147.6 0    29.6 0   715.7 0    34.5 0   252.6 0   279.76 0   279.46 0   328.6 0   278.00 0   278.20 0     7.8 0    74.8 0   141.8 0   -76.0 0    65.8 0     6.4 0    72.1 0     3.0 0    42.9 0   910.0 0
 2019   9  1  9 16  8 16.133  78.82   150.4 0    30.3 0   720.6 0    34.8 0   252.7 0   279.85 0   279.54 0   329.1 0   278.07 0   278.28 0     8.0 0    76.1 0   144.2 0   -76.4 0    67.8 0     6.5 0    72.0 0     2.6 0    40.2 0   910.0 0
 2019   9  1  9 16  9 16.150  78.66   153.1 0    31.1 0   723.9 0    35.1 0   252.9 0   279.93 0   279.61 0   329.5 0   278.14 0   278.35 0     8.2 0    77.4 0   146.4 0   -76.6 0    69.8 0     6.5 0    72.0 0     2.6 0    38.2 0   910.0 0
 2019   9  1  9 16 10 16.167  78.51   155.9 0    31.7 0   727.8 0    35.3 0   252.9 0   280.01 0   279.69 0   330.0 0   278.21 0   278.42 0     8.4 0    78.6 0   148.7 0   -77.1 0    71.6 0     6.6 0    71.9 0     2.9 0    44.6 0   910.0 0
 2019   9  1  9 16 11 16.183  78.35   158.6 0    32.3 0   730.9 0    35.7 0   253.0 0   280.10 0   279.76 0   330.5 0   278.28 0   278.49 0     8.6 0    79.8 0   151.0 0   -77.4 0    73.5 0     6.6 0    71.6 0     2.8 0    54.1 0   910.0 0
 2019   9  1  9 16 12 16.200  78.20   161.3 0    32.8 0   735.0 0    35.8 0   253.2 0   280.18 0   279.84 0   330.9 0   278.35 0   278.56 0     8.8 0    81.0 0   153.4 0   -77.7 0    75.7 0     6.7 0    71.0 0     2.9 0    47.8 0   910.0 0
 2019   9  1  9 16 13 16.217  78.04   164.0 0    33.5 0   737.7 0    36.1 0   253.4 0   280.26 0   279.94 0   331.1 0   278.42 0   278.64 0     9.0 0    82.3 0   155.5 0   -77.7 0    77.8 0     6.8 0    70.2 0     2.2 0    19.8 0   910.0 0
 2019   9  1  9 16 14 16.233  77.89   167.1 0    34.2 0   743.4 0    36.4 0   253.5 0   280.35 0   280.00 0   331.4 0   278.49 0   278.71 0     9.2 0    83.7 0   158.2 0   -77.9 0    80.3 0     6.9 0    70.1 0     2.4 0    21.4 0   910.0 0
 2019   9  1  9 16 15 16.250  77.73   169.6 0    34.9 0   745.8 0    36.5 0   253.5 0   280.42 0   280.06 0   331.9 0   278.56 0   278.77 0     9.4 0    84.7 0   160.1 0   -78.3 0    81.8 0     6.9 0    70.3 0     2.4 0    28.4 0   910.0 0
 2019   9  1  9 16 16 16.267  77.58   172.4 0    35.3 0   749.4 0    36.8 0   253.9 0   280.50 0   280.15 0   332.4 0   278.62 0   278.87 0     9.6 0    86.1 0   162.6 0   -78.5 0    84.1 0     7.0 0    69.9 0     2.6 0    22.9 0   910.0 0
 2019   9  1  9 16 17 16.283  77.43   175.4 0    36.0 0   753.7 0    37.0 0   253.9 0   280.57 0   280.22 0   332.8 0   278.69 0   278.94 0     9.9 0    87.3 0   165.1 0   -78.9 0    86.2 0     7.0 0    69.6 0     2.8 0    37.7 0   910.0 0
 2019   9  1  9 16 18 16.300  77.28   178.1 0    36.6 0   756.9 0    37.2 0   254.0 0   280.64 0   280.30 0   333.4 0   278.76 0   278.99 0    10.1 0    88.5 0   167.3 0   -79.4 0    87.8 0     7.1 0    69.8 0     2.2 0    45.4 0   910.1 0
 2019   9  1  9 16 19 16.317  77.12   180.9 0    37.1 0   760.3 0    37.4 0   254.2 0   280.71 0   280.37 0   333.8 0   278.82 0   279.05 0    10.3 0    89.8 0   169.7 0   -79.6 0    90.1 0     7.1 0    69.7 0     2.6 0    51.0 0   910.1 0
 2019   9  1  9 16 20 16.333  76.97   183.8 0    37.8 0   762.9 0    37.6 0   254.3 0   280.79 0   280.44 0   334.2 0   278.89 0   279.12 0    10.5 0    91.0 0   171.7 0   -79.9 0    91.8 0     7.1 0    69.6 0     2.5 0    55.2 0   910.1 0
 2019   9  1  9 16 21 16.350  76.82   186.7 0    38.4 0   766.3 0    37.9 0   254.2 0   280.86 0   280.52 0   334.6 0   278.95 0   279.18 0    10.7 0    92.2 0   174.2 0   -80.4 0    93.8 0     7.2 0    69.9 0     1.9 0    54.4 0   910.1 0
 2019   9  1  9 16 22 16.367  76.67   189.8 0    39.2 0   770.2 0    38.0 0   254.2 0   280.93 0   280.58 0   335.1 0   279.02 0   279.25 0    11.0 0    93.6 0   176.4 0   -80.9 0    95.5 0     7.2 0    69.6 0     2.2 0    54.7 0   910.1 0
 2019   9  1  9 16 23 16.383  76.52   192.8 0    39.8 0   774.9 0    38.2 0   254.5 0   281.01 0   280.63 0   335.3 0   279.08 0   279.32 0    11.2 0    94.9 0   179.1 0   -80.8 0    98.2 0     7.3 0    68.5 0     2.5 0    52.3 0   910.1 0
 2019   9  1  9 16 24 16.400  76.37   195.4 0    40.3 0   776.9 0    38.4 0   254.6 0   281.08 0   280.71 0   335.7 0   279.15 0   279.38 0    11.4 0    96.1 0   181.2 0   -81.1 0   100.1 0     7.3 0    68.6 0     2.7 0    54.8 0   910.1 0
 2019   9  1  9 16 25 16.417  76.22   198.4 0    41.0 0   780.4 0    38.5 0   254.7 0   281.15 0   280.79 0   336.1 0   279.21 0   279.44 0    11.7 0    97.5 0   183.5 0   -81.4 0   102.1 0     7.3 0    69.1 0     2.2 0    53.8 0   910.1 0
 2019   9  1  9 16 26 16.433  76.07   201.7 0    41.7 0   784.7 0    38.8 0   254.6 0   281.21 0   280.85 0   336.6 0   279.28 0   279.52 0    11.9 0    98.9 0   186.1 0   -82.0 0   104.1 0     7.4 0    69.2 0     2.2 0    56.2 0   910.1 0
 2019   9  1  9 16 27 16.450  75.92   204.5 0    42.2 0   787.8 0    39.0 0   254.6 0   281.28 0   280.91 0   337.2 0   279.34 0   279.59 0    12.1 0   100.0 0   188.5 0   -82.5 0   105.9 0     7.5 0    69.3 0     1.6 0    49.4 0   910.1 0
 2019   9  1  9 16 28 16.467  75.77   207.3 0    42.8 0   790.3 0    39.2 0   254.7 0   281.35 0   280.96 0   337.5 0   279.41 0   279.67 0    12.4 0   101.2 0   190.6 0   -82.8 0   107.8 0     7.6 0    69.1 0     1.7 0    45.0 0   910.1 0
 2019   9  1  9 16 29 16.483  75.62   210.4 0    43.5 0   793.9 0    39.4 0   254.9 0   281.41 0   281.02 0   337.6 0   279.47 0   279.72 0    12.6 0   102.5 0   193.0 0   -82.8 0   110.2 0     7.6 0    67.5 0     2.5 0    46.9 0   910.1 0
 2019   9  1  9 16 30 16.500  75.48   213.3 0    44.2 0   796.9 0    39.6 0   255.1 0   281.47 0   281.07 0   338.2 0   279.53 0   279.78 0    12.9 0   103.8 0   195.3 0   -83.1 0   112.1 0     7.6 0    67.3 0     2.3 0    46.9 0   910.2 0
 2019   9  1  9 16 31 16.517  75.33   216.1 0    44.7 0   799.2 0    39.9 0   255.2 0   281.53 0   281.12 0   338.5 0   279.59 0   279.84 0    13.1 0   104.9 0   197.6 0   -83.4 0   114.2 0     7.6 0    67.2 0     2.3 0    48.7 0   910.2 0
 2019   9  1  9 16 32 16.533  75.18   219.3 0    45.4 0   803.1 0    39.9 0   255.3 0   281.58 0   281.17 0   339.0 0   279.65 0   279.90 0    13.3 0   106.3 0   200.0 0   -83.7 0   116.2 0     7.6 0    67.2 0     2.4 0    47.2 0   910.2 0
 2019   9  1  9 16 33 16.550  75.04   222.4 0    46.0 0   806.6 0    40.2 0   255.1 0   281.63 0   281.22 0   339.4 0   279.71 0   279.96 0    13.6 0   107.6 0   202.5 0   -84.3 0   118.2 0     7.7 0    67.3 0     2.4 0    43.9 0   910.2 0
 2019   9  1  9 16 34 16.567  74.89   225.2 0    46.6 0   808.6 0    40.4 0   255.2 0   281.69 0   281.27 0   339.8 0   279.77 0   280.02 0    13.9 0   108.7 0   204.6 0   -84.5 0   120.0 0     7.7 0    67.1 0     2.4 0    45.7 0   910.2 0
 2019   9  1  9 16 35 16.583  74.75   228.3 0    47.3 0   812.1 0    40.6 0   255.8 0   281.74 0   281.32 0   340.2 0   279.83 0   280.08 0    14.1 0   110.2 0   206.9 0   -84.4 0   122.5 0     7.7 0    66.8 0     2.3 0    58.7 0   910.2 0
 2019   9  1  9 16 36 16.600  74.60   231.2 0    47.9 0   815.1 0    40.7 0   255.9 0   281.79 0   281.37 0   340.7 0   279.89 0   280.15 0    14.4 0   111.5 0   209.3 0   -84.8 0   124.5 0     7.8 0    67.3 0     2.5 0    66.7 0   910.2 0
 2019   9  1  9 16 37 16.617  74.46   234.2 0    48.5 0   817.8 0    40.9 0   255.9 0   281.84 0   281.42 0   341.1 0   279.95 0   280.21 0    14.7 0   112.6 0   211.5 0   -85.3 0   126.3 0     7.8 0    67.2 0     2.3 0    65.2 0   910.2 0
 2019   9  1  9 16 38 16.633  74.31   237.0 0    49.2 0   820.1 0    41.1 0   255.9 0   281.90 0   281.47 0   341.4 0   280.01 0   280.27 0    14.9 0   113.9 0   213.7 0   -85.5 0   128.2 0     7.8 0    66.6 0     2.3 0    61.6 0   910.2 0
 2019   9  1  9 16 39 16.650  74.17   239.9 0    49.8 0   822.5 0    41.2 0   256.1 0   281.95 0   281.55 0   341.9 0   280.07 0   280.33 0    15.2 0   115.0 0   215.8 0   -85.8 0   130.1 0     7.8 0    66.0 0     2.3 0    63.7 0   910.2 0
 2019   9  1  9 16 40 16.667  74.02   242.9 0    50.4 0   824.8 0    41.4 0   256.4 0   282.01 0   281.62 0   342.4 0   280.13 0   280.39 0    15.5 0   116.3 0   218.0 0   -86.0 0   132.0 0     7.9 0    66.2 0     2.2 0    65.9 0   910.3 0
 2019   9  1  9 16 41 16.683  73.88   245.6 0    50.9 0   826.7 0    41.6 0   256.0 0   282.07 0   281.66 0   342.6 0   280.19 0   280.45 0    15.8 0   117.5 0   220.2 0   -86.6 0   133.6 0     7.9 0    66.3 0     2.6 0    51.5 0   910.3 0
 2019   9  1  9 16 42 16.700  73.74   248.6 0    51.6 0   829.3 0    41.9 0   255.9 0   282.12 0   281.68 0   342.9 0   280.24 0   280.50 0    16.0 0   118.8 0   222.5 0   -87.0 0   135.5 0     8.0 0    66.3 0     2.2 0    50.0 0   910.3 0
 2019   9  1  9 16 43 16.717  73.60   251.3 0    52.1 0   831.4 0    42.0 0   256.1 0   282.17 0   281.72 0   343.6 0   280.30 0   280.57 0    16.3 0   119.9 0   224.6 0   -87.5 0   137.1 0     8.0 0    66.4 0     2.3 0    61.3 0   910.4 0
 2019   9  1  9 16 44 16.733  73.46   254.1 0    52.7 0   833.1 0    42.3 0   256.3 0   282.22 0   281.78 0   343.8 0   280.35 0   280.62 0    16.6 0   121.1 0   226.8 0   -87.5 0   139.3 0     8.0 0    65.1 0     2.5 0    69.2 0   910.4 0
 2019   9  1  9 16 45 16.750  73.31   256.9 0    53.5 0   835.7 0    42.4 0   256.4 0   282.26 0   281.84 0   344.3 0   280.41 0   280.68 0    16.9 0   122.3 0   228.9 0   -87.9 0   141.0 0     8.0 0    64.9 0     2.4 0    70.9 0   910.4 0
 2019   9  1  9 16 46 16.767  73.17   260.0 0    54.1 0   837.9 0    42.6 0   256.4 0   282.31 0   281.87 0   344.7 0   280.46 0   280.73 0    17.2 0   123.5 0   231.0 0   -88.2 0   142.8 0     8.0 0    64.8 0     2.3 0    69.3 0   910.4 0
 2019   9  1  9 16 47 16.783  73.03   263.1 0    54.6 0   840.6 0    42.7 0   256.3 0   282.36 0   281.90 0   345.2 0   280.52 0   280.79 0    17.5 0   124.8 0   233.4 0   -89.0 0   144.4 0     8.1 0    65.2 0     2.0 0    65.0 0   910.5 0
 2019   9  1  9 16 48 16.800  72.89   265.9 0    55.1 0   842.5 0    42.9 0   256.4 0   282.40 0   281.94 0   345.8 0   280.57 0   280.85 0    17.8 0   126.0 0   235.6 0   -89.4 0   146.2 0     8.1 0    64.9 0     1.7 0    69.7 0   910.5 0
 2019   9  1  9 16 49 16.817  72.76   268.8 0    55.8 0   845.2 0    43.1 0   256.5 0   282.44 0   281.99 0   346.4 0   280.62 0   280.91 0    18.1 0   127.3 0   237.9 0   -89.8 0   148.1 0     8.3 0    64.6 0     1.6 0    68.3 0   910.5 0
 2019   9  1  9 16 50 16.833  72.62   271.3 0    56.2 0   846.3 0    43.3 0   256.6 0   282.49 0   282.02 0   346.7 0   280.68 0   280.97 0    18.3 0   128.4 0   239.9 0   -90.2 0   149.7 0     8.4 0    64.5 0     1.5 0    65.2 0   910.5 0
 2019   9  1  9 16 51 16.850  72.48   274.1 0    56.8 0   848.9 0    43.5 0   256.6 0   282.53 0   282.07 0   347.2 0   280.74 0   281.03 0    18.6 0   129.6 0   242.2 0   -90.6 0   151.7 0     8.5 0    64.0 0     1.8 0    69.2 0   910.5 0
 2019   9  1  9 16 52 16.867  72.34   276.8 0    57.4 0   850.3 0    43.6 0   257.1 0   282.56 0   282.12 0   347.6 0   280.79 0   281.09 0    18.9 0   130.7 0   244.1 0   -90.5 0   153.6 0     8.5 0    63.4 0     2.2 0    90.5 0   910.5 0
 2019   9  1  9 16 53 16.883  72.20   279.7 0    58.2 0   851.9 0    43.7 0   257.0 0   282.61 0   282.18 0   347.8 0   280.85 0   281.14 0    19.2 0   131.8 0   245.9 0   -90.8 0   155.1 0     8.4 0    62.7 0     2.0 0    85.7 0   910.6 0
 2019   9  1  9 16 54 16.900  72.07   282.4 0    58.8 0   853.4 0    43.9 0   256.9 0   282.65 0   282.22 0   348.2 0   280.90 0   281.19 0    19.5 0   133.0 0   247.9 0   -91.3 0   156.6 0     8.4 0    63.0 0     2.1 0    71.6 0   910.6 0
 2019   9  1  9 16 55 16.917  71.93   285.4 0    59.4 0   855.4 0    44.1 0   256.8 0   282.70 0   282.25 0   348.5 0   280.95 0   281.24 0    19.8 0   134.2 0   250.0 0   -91.7 0   158.3 0     8.4 0    62.9 0     1.3 0    75.4 0   910.7 0
 2019   9  1  9 16 56 16.933  71.80   288.2 0    59.9 0   857.9 0    44.3 0   256.7 0   282.74 0   282.27 0   349.0 0   281.00 0   281.29 0    20.1 0   135.4 0   252.4 0   -92.3 0   160.1 0     8.5 0    62.9 0     1.4 0    52.5 0   910.7 0
 2019   9  1  9 16 57 16.950  71.66   291.0 0    60.4 0   859.9 0    44.4 0   256.7 0   282.78 0   282.31 0   349.7 0   281.05 0   281.35 0    20.4 0   136.6 0   254.6 0   -93.0 0   161.6 0     8.6 0    63.3 0     1.6 0    73.5 0   910.7 0
 2019   9  1  9 16 58 16.967  71.53   293.6 0    60.9 0   861.5 0    44.6 0   257.4 0   282.81 0   282.37 0   350.0 0   281.11 0   281.41 0    20.7 0   137.7 0   256.7 0   -92.6 0   164.1 0     8.6 0    62.4 0     1.9 0    76.1 0   910.7 0
 2019   9  1  9 16 59 16.983  71.39   296.2 0    61.6 0   863.5 0    44.6 0   257.0 0   282.85 0   282.40 0   350.1 0   281.16 0   281.45 0    21.0 0   138.8 0   258.6 0   -93.1 0   165.5 0     8.6 0    62.0 0     1.7 0    71.8 0   910.7 0
 2019   9  1  9 17  0 17.000  71.26   299.1 0    62.1 0   865.4 0    44.9 0   256.9 0   282.89 0   282.40 0   350.7 0   281.21 0   281.51 0    21.4 0   140.0 0   260.8 0   -93.8 0   167.0 0     8.7 0    62.3 0     1.9 0    74.7 0   910.7 0
 2019   9  1  9 17  1 17.017  71.13   302.1 0    62.8 0   866.9 0    45.0 0   257.1 0   282.92 0   282.44 0   350.8 0   281.26 0   281.55 0    21.7 0   141.2 0   262.6 0   -93.8 0   168.8 0     8.6 0    61.9 0     1.5 0    89.9 0   910.7 0
 2019   9  1  9 17  2 17.033  70.99   304.8 0    63.3 0   868.9 0    45.3 0   257.0 0   282.95 0   282.49 0   351.7 0   281.31 0   281.60 0    22.0 0   142.2 0   265.0 0   -94.8 0   170.2 0     8.7 0    62.2 0     0.9 0   102.5 0   910.8 0
 2019   9  1  9 17  3 17.050  70.86   307.5 0    63.8 0   870.9 0    45.3 0   257.1 0   282.98 0   282.50 0   352.1 0   281.35 0   281.65 0    22.3 0   143.4 0   267.1 0   -95.1 0   172.0 0     8.8 0    61.2 0     0.9 0    89.9 0   910.8 0
 2019   9  1  9 17  4 17.067  70.73   310.1 0    64.3 0   872.2 0    45.4 0   257.2 0   283.01 0   282.52 0   352.7 0   281.40 0   281.72 0    22.6 0   144.5 0   269.0 0   -95.4 0   173.6 0     8.9 0    60.8 0     1.1 0   100.2 0   910.8 0
 2019   9  1  9 17  5 17.083  70.60   312.7 0    64.7 0   873.0 0    45.6 0   257.3 0   283.03 0   282.56 0   353.0 0   281.45 0   281.76 0    22.9 0   145.6 0   271.0 0   -95.8 0   175.2 0     9.0 0    60.8 0     1.0 0    89.3 0   910.8 0
 2019   9  1  9 17  6 17.100  70.47   315.7 0    65.2 0   875.4 0    45.8 0   257.6 0   283.06 0   282.61 0   353.7 0   281.51 0   281.82 0    23.2 0   146.8 0   273.3 0   -96.1 0   177.2 0     9.0 0    60.5 0     0.8 0    96.7 0   910.8 0
 2019   9  1  9 17  7 17.117  70.34   318.2 0    65.6 0   877.0 0    46.0 0   257.8 0   283.09 0   282.67 0   354.5 0   281.55 0   281.87 0    23.5 0   147.8 0   275.5 0   -96.6 0   178.8 0     9.2 0    60.1 0     0.3 0   102.7 0   910.8 0
 2019   9  1  9 17  8 17.133  70.21   320.8 0    66.1 0   878.5 0    46.0 0   257.9 0   283.13 0   282.69 0   355.1 0   281.61 0   281.92 0    23.8 0   148.8 0   277.3 0   -97.2 0   180.1 0     9.5 0    58.9 0     0.0 0   142.3 0   910.9 0
 2019   9  1  9 17  9 17.150  70.08   323.2 0    66.4 0   879.8 0    46.2 0   258.4 0   283.16 0   282.77 0   355.8 0   281.65 0   281.98 0    24.2 0   149.7 0   279.6 0   -97.5 0   182.1 0     9.8 0    57.6 0     0.0 0     0.0 0   910.9 0
 2019   9  1  9 17 10 17.167  69.95   326.0 0    66.9 0   881.4 0    46.3 0   258.8 0   283.21 0   282.82 0   356.6 0   281.71 0   282.03 0    24.5 0   150.8 0   281.6 0   -97.8 0   183.8 0     9.9 0    57.0 0     0.0 0   126.5 0   910.9 0
 2019   9  1  9 17 11 17.183  69.82   328.5 0    67.2 0   882.6 0    46.6 0   258.7 0   283.26 0   282.91 0   356.9 0   281.76 0   282.09 0    24.8 0   152.0 0   283.8 0   -98.2 0   185.6 0    10.0 0    56.4 0     0.8 0   124.6 0   910.9 0
 2019   9  1  9 17 12 17.200  69.70   328.6 0    67.1 0   876.7 0    46.6 0   259.2 0   283.32 0   282.93 0   357.2 0   281.82 0   282.16 0    25.1 0   151.9 0   283.8 0   -98.0 0   185.8 0    10.0 0    56.7 0     0.9 0   139.4 0   910.9 0
 2019   9  1  9 17 13 17.217  69.57   330.6 0    67.9 0   875.8 0    46.7 0   258.7 0   283.37 0   282.95 0   357.1 0   281.88 0   282.21 0    25.5 0   153.0 0   284.6 0   -98.4 0   186.2 0    10.0 0    56.5 0     0.5 0   130.6 0   910.9 0
 2019   9  1  9 17 14 17.233  69.44   336.3 0    68.8 0   886.8 0    47.0 0   258.9 0   283.41 0   282.97 0   357.7 0   281.93 0   282.25 0    25.8 0   155.2 0   289.6 0   -98.9 0   190.7 0    10.1 0    56.3 0     0.3 0   104.8 0   910.8 0
 2019   9  1  9 17 15 17.250  69.32   338.7 0    69.3 0   888.1 0    47.0 0   258.8 0   283.45 0   283.03 0   357.9 0   282.00 0   282.32 0    26.2 0   156.3 0   291.4 0   -99.1 0   192.3 0    10.1 0    56.2 0     0.5 0   102.6 0   910.8 0
 2019   9  1  9 17 16 17.267  69.19   341.5 0    69.8 0   890.3 0    47.3 0   259.1 0   283.49 0   283.08 0   358.4 0   282.05 0   282.38 0    26.5 0   157.4 0   293.8 0   -99.3 0   194.5 0    10.1 0    55.9 0     0.2 0   165.6 0   910.8 0
 2019   9  1  9 17 17 17.283  69.07   343.8 0    70.3 0   891.2 0    47.3 0   259.6 0   283.53 0   283.16 0   359.2 0   282.11 0   282.45 0    26.8 0   158.2 0   295.4 0   -99.6 0   195.8 0    10.3 0    55.4 0     0.8 0   157.2 0   910.8 0
 2019   9  1  9 17 18 17.300  68.94   346.6 0    71.0 0   893.2 0    47.3 0   259.3 0   283.59 0   283.21 0   359.3 0   282.17 0   282.50 0    27.2 0   159.4 0   297.3 0  -100.0 0   197.2 0    10.2 0    55.4 0     1.4 0   141.7 0   910.8 0
 2019   9  1  9 17 19 17.317  68.82   349.1 0    71.5 0   894.8 0    47.6 0   259.5 0   283.64 0   283.24 0   359.8 0   282.23 0   282.55 0    27.5 0   160.6 0   299.4 0  -100.3 0   199.1 0    10.0 0    56.3 0     1.4 0   139.0 0   910.8 0
 2019   9  1  9 17 20 17.333  68.70   351.2 0    72.0 0   895.4 0    47.7 0   259.9 0   283.69 0   283.29 0   360.0 0   282.28 0   282.62 0    27.9 0   161.7 0   300.9 0  -100.1 0   200.9 0     9.9 0    57.1 0     1.6 0   108.4 0   910.8 0
 2019   9  1  9 17 21 17.350  68.58   353.8 0    72.6 0   896.8 0    47.8 0   259.4 0   283.74 0   283.30 0   360.2 0   282.35 0   282.68 0    28.2 0   162.8 0   302.8 0  -100.7 0   202.1 0     9.7 0    57.8 0     1.3 0    93.5 0   910.8 0
 2019   9  1  9 17 22 17.367  68.46   356.4 0    73.1 0   897.9 0    48.0 0   259.3 0   283.78 0   283.35 0   360.7 0   282.40 0   282.72 0    28.6 0   163.9 0   304.7 0  -101.4 0   203.3 0     9.7 0    58.6 0     0.7 0    50.8 0   910.8 0
 2019   9  1  9 17 23 17.383  68.33   358.6 0    73.5 0   898.8 0    48.2 0   260.1 0   283.82 0   283.41 0   361.6 0   282.45 0   282.79 0    28.9 0   164.8 0   306.5 0  -101.5 0   205.0 0     9.8 0    59.2 0     0.6 0   145.0 0   910.8 0
 2019   9  1  9 17 24 17.400  68.21   361.2 0    74.0 0   900.8 0    48.3 0   260.2 0   283.86 0   283.45 0   361.9 0   282.51 0   282.85 0    29.3 0   166.0 0   308.7 0  -101.7 0   207.0 0     9.9 0    58.1 0     1.6 0    95.3 0   910.8 0
 2019   9  1  9 17 25 17.417  68.09   363.6 0    74.5 0   902.2 0    48.3 0   260.0 0   283.91 0   283.47 0   362.1 0   282.58 0   282.92 0    29.6 0   167.0 0   310.4 0  -102.1 0   208.3 0     9.9 0    58.7 0     2.3 0   125.6 0   910.7 0
 2019   9  1  9 17 26 17.433  67.97   365.8 0    75.3 0   903.2 0    48.4 0   259.9 0   283.95 0   283.48 0   361.7 0   282.63 0   282.96 0    30.0 0   168.0 0   311.8 0  -101.8 0   210.0 0     9.8 0    57.9 0     1.9 0   103.5 0   910.7 0
 2019   9  1  9 17 27 17.450  67.86   368.2 0    75.8 0   904.6 0    48.7 0   260.3 0   283.99 0   283.53 0   361.9 0   282.68 0   283.01 0    30.3 0   169.1 0   313.8 0  -101.6 0   212.2 0     9.6 0    58.3 0     2.2 0   104.6 0   910.7 0
 2019   9  1  9 17 28 17.467  67.74   370.9 0    76.2 0   906.5 0    48.7 0   260.5 0   284.03 0   283.62 0   362.1 0   282.72 0   283.05 0    30.7 0   170.3 0   315.9 0  -101.6 0   214.2 0     9.6 0    58.7 0     1.7 0   105.9 0   910.7 0
 2019   9  1  9 17 29 17.483  67.62   373.1 0    76.6 0   908.1 0    48.7 0   259.6 0   284.07 0   283.59 0   363.2 0   282.77 0   283.11 0    31.0 0   171.3 0   317.8 0  -103.7 0   214.1 0     9.6 0    59.2 0     1.8 0   111.4 0   910.7 0
 2019   9  1  9 17 30 17.500  67.50   375.4 0    77.2 0   909.6 0    49.0 0   259.9 0   284.10 0   283.62 0   363.5 0   282.82 0   283.15 0    31.4 0   172.3 0   319.8 0  -103.6 0   216.2 0     9.6 0    58.5 0     1.6 0   117.5 0   910.8 0
 2019   9  1  9 17 31 17.517  67.39   377.7 0    77.7 0   910.5 0    49.0 0   260.5 0   284.13 0   283.66 0   363.8 0   282.87 0   283.18 0    31.7 0   173.4 0   321.4 0  -103.2 0   218.1 0     9.6 0    58.0 0     2.0 0   113.2 0   910.8 0
 2019   9  1  9 17 32 17.533  67.27   379.9 0    78.2 0   911.3 0    49.0 0   260.1 0   284.15 0   283.66 0   364.2 0   282.91 0   283.23 0    32.1 0   174.3 0   322.9 0  -104.1 0   218.8 0     9.6 0    58.2 0     1.0 0   113.5 0   910.8 0
 2019   9  1  9 17 33 17.550  67.16   382.0 0    78.5 0   911.7 0    49.0 0   260.3 0   284.17 0   283.71 0   364.7 0   282.95 0   283.27 0    32.4 0   175.1 0   324.4 0  -104.4 0   220.0 0     9.7 0    57.7 0     1.5 0   120.8 0   910.7 0
 2019   9  1  9 17 34 17.567  67.04   384.4 0    79.1 0   913.4 0    49.1 0   260.9 0   284.19 0   283.75 0   365.2 0   282.99 0   283.32 0    32.8 0   176.2 0   326.2 0  -104.3 0   222.0 0     9.7 0    57.7 0     1.3 0   116.4 0   910.7 0
 2019   9  1  9 17 35 17.583  66.93   387.0 0    79.4 0   914.8 0    49.3 0   260.7 0   284.23 0   283.77 0   365.4 0   283.04 0   283.37 0    33.2 0   177.2 0   328.4 0  -104.7 0   223.6 0     9.8 0    58.0 0     1.5 0    91.3 0   910.7 0
 2019   9  1  9 17 36 17.600  66.82   389.4 0    79.9 0   917.0 0    49.4 0   260.9 0   284.26 0   283.84 0   365.8 0   283.09 0   283.43 0    33.5 0   178.4 0   330.4 0  -104.8 0   225.6 0     9.7 0    57.8 0     1.4 0    84.4 0   910.7 0
 2019   9  1  9 17 37 17.617  66.70   391.6 0    80.3 0   917.9 0    49.4 0   260.4 0   284.29 0   283.87 0   366.2 0   283.13 0   283.48 0    33.9 0   179.3 0   332.1 0  -105.8 0   226.3 0     9.8 0    57.8 0     0.8 0    86.2 0   910.7 0
 2019   9  1  9 17 38 17.633  66.59   393.5 0    80.6 0   918.9 0    49.4 0   260.6 0   284.33 0   283.87 0   366.8 0   283.18 0   283.51 0    34.2 0   180.2 0   333.8 0  -106.2 0   227.6 0     9.9 0    57.5 0     1.1 0    81.2 0   910.7 0
 2019   9  1  9 17 39 17.650  66.48   396.0 0    80.8 0   919.8 0    49.5 0   260.5 0   284.34 0   283.86 0   367.0 0   283.23 0   283.58 0    34.6 0   181.2 0   335.7 0  -106.5 0   229.1 0    10.0 0    56.7 0     1.1 0    85.4 0   910.7 0
 2019   9  1  9 17 40 17.667  66.37   398.1 0    81.2 0   920.8 0    49.7 0   260.5 0   284.36 0   283.86 0   367.0 0   283.28 0   283.62 0    34.9 0   182.2 0   337.6 0  -106.5 0   231.0 0     9.9 0    56.4 0     1.4 0    64.9 0   910.7 0
 2019   9  1  9 17 41 17.683  66.26   400.1 0    81.6 0   921.5 0    49.7 0   260.7 0   284.37 0   283.88 0   367.6 0   283.32 0   283.65 0    35.3 0   183.0 0   339.0 0  -106.9 0   232.2 0     9.9 0    57.1 0     1.5 0    77.0 0   910.6 0
 2019   9  1  9 17 42 17.700  66.15   402.9 0    82.2 0   923.6 0    49.9 0   260.9 0   284.38 0   283.87 0   368.1 0   283.36 0   283.70 0    35.7 0   184.2 0   341.1 0  -107.1 0   234.0 0     9.9 0    57.8 0     1.3 0    92.6 0   910.6 0
 2019   9  1  9 17 43 17.717  66.04   405.2 0    82.6 0   925.1 0    50.0 0   260.5 0   284.39 0   283.88 0   368.4 0   283.40 0   283.73 0    36.0 0   185.1 0   343.1 0  -107.9 0   235.2 0     9.9 0    57.4 0     1.0 0    74.6 0   910.6 0
 2019   9  1  9 17 44 17.733  65.94   407.2 0    83.0 0   925.9 0    50.0 0   260.8 0   284.39 0   283.92 0   369.0 0   283.44 0   283.77 0    36.3 0   186.0 0   344.5 0  -108.2 0   236.4 0     9.9 0    58.0 0     2.1 0    85.7 0   910.6 0
 2019   9  1  9 17 45 17.750  65.83   409.0 0    83.6 0   926.1 0    50.0 0   261.0 0   284.41 0   283.93 0   369.0 0   283.49 0   283.76 0    36.7 0   186.8 0   345.7 0  -107.9 0   237.7 0     9.9 0    57.9 0     2.1 0    95.7 0   910.6 0
 2019   9  1  9 17 46 17.767  65.72   411.2 0    84.0 0   927.0 0    50.3 0   261.1 0   284.43 0   283.93 0   369.6 0   283.52 0   283.81 0    37.0 0   187.7 0   347.5 0  -108.4 0   239.0 0     9.9 0    58.3 0     1.8 0    83.1 0   910.6 0
 2019   9  1  9 17 47 17.783  65.62   413.4 0    84.4 0   928.2 0    50.4 0   261.1 0   284.44 0   283.94 0   369.4 0   283.55 0   283.88 0    37.4 0   188.7 0   349.1 0  -108.3 0   240.8 0     9.9 0    57.3 0     1.8 0    81.4 0   910.5 0
 2019   9  1  9 17 48 17.800  65.51   415.5 0    84.8 0   929.0 0    50.6 0   261.5 0   284.46 0   284.00 0   369.9 0   283.59 0   283.93 0    37.7 0   189.5 0   350.9 0  -108.4 0   242.6 0     9.8 0    57.5 0     1.6 0    97.1 0   910.5 0
 2019   9  1  9 17 49 17.817  65.41   417.6 0    85.3 0   929.9 0    50.7 0   262.2 0   284.48 0   284.06 0   370.7 0   283.62 0   283.93 0    38.1 0   190.4 0   352.4 0  -108.4 0   244.0 0     9.9 0    58.5 0     2.0 0   115.9 0   910.5 0
 2019   9  1  9 17 50 17.833  65.30   420.0 0    85.7 0   931.5 0    50.7 0   261.6 0   284.52 0   284.06 0   370.3 0   283.65 0   283.97 0    38.4 0   191.4 0   354.1 0  -108.7 0   245.4 0    10.0 0    57.8 0     3.0 0   100.8 0   910.5 0
 2019   9  1  9 17 51 17.850  65.20   422.0 0    86.3 0   932.2 0    50.8 0   261.5 0   284.55 0   284.07 0   370.5 0   283.68 0   283.99 0    38.8 0   192.2 0   355.5 0  -109.0 0   246.5 0     9.8 0    57.8 0     3.1 0   104.4 0   910.5 0
 2019   9  1  9 17 52 17.867  65.10   424.2 0    86.7 0   932.6 0    51.0 0   261.3 0   284.58 0   284.05 0   370.4 0   283.68 0   284.00 0    39.1 0   193.1 0   357.1 0  -109.1 0   247.9 0     9.7 0    58.2 0     2.8 0   102.6 0   910.5 0
 2019   9  1  9 17 53 17.883  64.99   426.0 0    87.0 0   933.1 0    51.3 0   261.9 0   284.59 0   284.09 0   371.4 0   283.71 0   284.04 0    39.4 0   193.9 0   358.7 0  -109.5 0   249.2 0     9.7 0    58.9 0     2.1 0   111.4 0   910.5 0
 2019   9  1  9 17 54 17.900  64.89   428.2 0    87.4 0   934.1 0    51.4 0   262.3 0   284.61 0   284.18 0   372.3 0   283.73 0   284.07 0    39.8 0   194.8 0   360.3 0  -110.0 0   250.3 0     9.9 0    58.8 0     2.0 0   121.9 0   910.5 0
 2019   9  1  9 17 55 17.917  64.79   430.5 0    87.7 0   935.3 0    51.5 0   262.1 0   284.65 0   284.17 0   372.1 0   283.75 0   284.09 0    40.1 0   195.8 0   362.1 0  -110.1 0   252.0 0    10.0 0    57.4 0     2.8 0   106.4 0   910.5 0
 2019   9  1  9 17 56 17.933  64.69   432.6 0    88.3 0   936.2 0    51.7 0   261.9 0   284.68 0   284.20 0   372.3 0   283.78 0   284.12 0    40.5 0   196.7 0   363.6 0  -110.3 0   253.3 0     9.9 0    57.6 0     2.3 0   105.6 0   910.5 0
 2019   9  1  9 17 57 17.950  64.59   434.4 0    88.4 0   936.4 0    52.0 0   262.2 0   284.70 0   284.19 0   372.7 0   283.79 0   284.14 0    40.8 0   197.5 0   365.4 0  -110.5 0   254.9 0    10.0 0    57.4 0     2.0 0   107.7 0   910.5 0
 2019   9  1  9 17 58 17.967  64.50   436.5 0    88.6 0   937.0 0    52.0 0   262.8 0   284.72 0   284.25 0   373.5 0   283.82 0   284.16 0    41.2 0   198.4 0   366.9 0  -110.7 0   256.3 0    10.0 0    57.5 0     2.5 0   116.3 0   910.5 0
 2019   9  1  9 17 59 17.983  64.40   438.1 0    89.4 0   937.4 0    52.4 0   263.4 0   284.75 0   284.32 0   373.2 0   283.83 0   284.16 0    41.5 0   199.1 0   368.1 0  -109.8 0   258.2 0    10.0 0    58.0 0     3.1 0   118.2 0   910.5 0
 2019   9  1  9 18  0 18.000  64.30   440.1 0    90.0 0   938.5 0    52.4 0   263.5 0   284.79 0   284.40 0   372.9 0   283.86 0   284.14 0    41.9 0   200.0 0   369.3 0  -109.4 0   259.9 0    10.0 0    57.8 0     4.6 0   103.8 0   910.4 0
 2019   9  1  9 18  1 18.017  64.21   441.9 0    90.8 0   939.1 0    52.4 0   263.2 0   284.84 0   284.43 0   372.6 0   283.85 0   284.13 0    42.2 0   200.9 0   370.2 0  -109.3 0   260.9 0     9.8 0    59.1 0     4.5 0   103.4 0   910.4 0
 2019   9  1  9 18  2 18.033  64.11   443.7 0    90.8 0   939.7 0    52.4 0   263.2 0   284.89 0   284.46 0   373.3 0   283.84 0   284.14 0    42.5 0   201.6 0   371.9 0  -110.2 0   261.7 0     9.9 0    59.6 0     3.8 0   107.7 0   910.4 0
 2019   9  1  9 18  3 18.050  64.02   445.1 0    91.2 0   939.6 0    52.4 0   262.9 0   284.93 0   284.45 0   373.2 0   283.84 0   284.14 0    42.9 0   202.3 0   372.9 0  -110.3 0   262.6 0     9.9 0    58.9 0     4.0 0    99.9 0   910.4 0
 2019   9  1  9 18  4 18.067  63.92   446.8 0    91.6 0   940.5 0    52.6 0   262.2 0   284.96 0   284.44 0   373.4 0   283.84 0   284.16 0    43.2 0   203.1 0   374.5 0  -111.3 0   263.3 0     9.9 0    59.0 0     3.3 0    81.8 0   910.4 0
 2019   9  1  9 18  5 18.083  63.83   448.9 0    91.7 0   941.5 0    52.7 0   262.4 0   284.97 0   284.46 0   374.4 0   283.85 0   284.18 0    43.6 0   204.1 0   376.3 0  -112.0 0   264.3 0    10.0 0    59.1 0     2.8 0    83.8 0   910.4 0
 2019   9  1  9 18  6 18.100  63.74   450.6 0    92.2 0   942.3 0    52.7 0   263.0 0   285.00 0   284.50 0   374.5 0   283.88 0   284.19 0    43.9 0   204.8 0   377.5 0  -111.4 0   266.0 0    10.0 0    58.4 0     4.2 0    87.4 0   910.4 0
 2019   9  1  9 18  7 18.117  63.64   451.9 0    92.9 0   942.0 0    52.9 0   262.9 0   285.01 0   284.54 0   374.5 0   283.89 0   284.18 0    44.2 0   205.5 0   378.2 0  -111.6 0   266.6 0     9.9 0    58.5 0     3.9 0    84.0 0   910.4 0
 2019   9  1  9 18  8 18.133  63.55   453.8 0    93.3 0   943.3 0    53.1 0   263.1 0   285.03 0   284.55 0   375.0 0   283.89 0   284.19 0    44.6 0   206.3 0   379.9 0  -112.0 0   268.0 0     9.9 0    58.7 0     3.6 0    87.2 0   910.3 0
 2019   9  1  9 18  9 18.150  63.46   456.0 0    93.4 0   944.5 0    53.1 0   263.4 0   285.05 0   284.58 0   375.8 0   283.89 0   284.21 0    44.9 0   207.2 0   381.6 0  -112.4 0   269.3 0    10.0 0    59.2 0     3.0 0    87.9 0   910.3 0
 2019   9  1  9 18 10 18.167  63.37   457.7 0    93.4 0   944.9 0    53.1 0   263.8 0   285.08 0   284.61 0   376.6 0   283.90 0   284.25 0    45.3 0   207.9 0   383.2 0  -112.8 0   270.3 0    10.2 0    59.2 0     2.4 0   103.8 0   910.3 0
 2019   9  1  9 18 11 18.183  63.28   459.2 0    93.7 0   945.3 0    53.4 0   264.3 0   285.11 0   284.68 0   376.7 0   283.93 0   284.28 0    45.6 0   208.5 0   384.7 0  -112.4 0   272.3 0    10.3 0    57.7 0     3.5 0    95.1 0   910.3 0
 2019   9  1  9 18 12 18.200  63.20   461.1 0    94.3 0   946.3 0    53.4 0   264.0 0   285.14 0   284.72 0   376.7 0   283.95 0   284.29 0    45.9 0   209.3 0   385.8 0  -112.7 0   273.1 0    10.3 0    57.6 0     3.7 0    95.9 0   910.3 0
 2019   9  1  9 18 13 18.217  63.11   463.0 0    94.9 0   947.2 0    53.4 0   264.3 0   285.18 0   284.74 0   376.4 0   283.97 0   284.28 0    46.3 0   210.1 0   386.9 0  -112.1 0   274.9 0    10.3 0    57.5 0     5.0 0   101.5 0   910.3 0
 2019   9  1  9 18 14 18.233  63.02   464.6 0    95.1 0   947.8 0    53.5 0   263.9 0   285.21 0   284.78 0   377.0 0   283.97 0   284.30 0    46.6 0   210.8 0   388.4 0  -113.1 0   275.3 0    10.3 0    58.5 0     3.3 0   102.9 0   910.2 0
 2019   9  1  9 18 15 18.250  62.94   466.5 0    95.4 0   948.9 0    53.7 0   264.6 0   285.25 0   284.80 0   377.8 0   283.99 0   284.35 0    47.0 0   211.7 0   390.1 0  -113.3 0   276.8 0    10.4 0    57.8 0     2.9 0   109.4 0   910.2 0
 2019   9  1  9 18 16 18.267  62.85   468.0 0    95.4 0   949.2 0    53.9 0   265.3 0   285.28 0   284.88 0   378.4 0   284.03 0   284.41 0    47.3 0   212.4 0   391.7 0  -113.1 0   278.6 0    10.5 0    57.3 0     2.9 0   112.9 0   910.2 0
 2019   9  1  9 18 17 18.283  62.77   469.6 0    95.8 0   949.9 0    54.1 0   265.4 0   285.33 0   284.94 0   379.0 0   284.06 0   284.44 0    47.6 0   213.1 0   392.9 0  -113.6 0   279.3 0    10.6 0    57.2 0     3.7 0   120.5 0   910.2 0
 2019   9  1  9 18 18 18.300  62.68   471.2 0    96.6 0   950.4 0    54.3 0   265.0 0   285.37 0   284.97 0   378.7 0   284.09 0   284.44 0    48.0 0   213.8 0   393.9 0  -113.7 0   280.2 0    10.6 0    57.1 0     4.2 0   118.7 0   910.2 0
 2019   9  1  9 18 19 18.317  62.60   472.9 0    97.0 0   950.5 0    54.6 0   264.8 0   285.41 0   284.95 0   378.9 0   284.11 0   284.45 0    48.3 0   214.5 0   395.1 0  -114.1 0   281.0 0    10.5 0    57.1 0     4.9 0   111.8 0   910.1 0
 2019   9  1  9 18 20 18.333  62.52   475.2 0    97.7 0   951.4 0    55.1 0   265.3 0   285.44 0   284.99 0   378.5 0   284.12 0   284.44 0    48.7 0   215.4 0   396.5 0  -113.3 0   283.2 0    10.4 0    57.4 0     5.2 0   122.3 0   910.1 0
 2019   9  1  9 18 21 18.350  62.44   477.2 0    98.2 0   952.4 0    55.6 0   264.9 0   285.47 0   285.06 0   378.3 0   284.12 0   284.44 0    49.0 0   216.3 0   398.1 0  -113.4 0   284.7 0    10.4 0    57.5 0     4.5 0   121.1 0   910.1 0
 2019   9  1  9 18 22 18.367  62.36   479.4 0    98.6 0   953.3 0    56.1 0   265.0 0   285.51 0   285.04 0   379.1 0   284.14 0   284.45 0    49.3 0   217.3 0   399.8 0  -114.1 0   285.7 0    10.3 0    58.1 0     4.9 0   111.7 0   910.1 0
 2019   9  1  9 18 23 18.383  62.28   481.9 0    99.3 0   954.3 0    56.8 0   264.6 0   285.53 0   285.04 0   379.0 0   284.14 0   284.45 0    49.7 0   218.3 0   401.4 0  -114.3 0   287.1 0    10.3 0    57.9 0     5.0 0   107.5 0   910.0 0
 2019   9  1  9 18 24 18.400  62.20   483.8 0    99.6 0   954.0 0    57.7 0   265.8 0   285.55 0   285.06 0   379.2 0   284.14 0   284.47 0    50.0 0   219.1 0   403.1 0  -113.4 0   289.7 0    10.3 0    57.7 0     5.2 0   117.2 0   910.0 0
 2019   9  1  9 18 25 18.417  62.12   483.4 0    99.4 0   948.2 0    58.8 0   265.1 0   285.56 0   285.10 0   379.4 0   284.14 0   284.48 0    50.3 0   219.2 0   402.8 0  -114.3 0   288.5 0    10.3 0    58.3 0     5.4 0   110.1 0   909.9 0
 2019   9  1  9 18 26 18.433  62.04   481.8 0    98.6 0   939.0 0    59.7 0   265.2 0   285.58 0   285.07 0   379.6 0   284.16 0   284.51 0    50.5 0   218.4 0   401.3 0  -114.4 0   286.9 0    10.5 0    57.8 0     5.6 0   120.3 0   909.9 0
 2019   9  1  9 18 27 18.450  61.97   480.7 0    99.0 0   931.1 0    60.8 0   265.8 0   285.59 0   285.15 0   379.1 0   284.17 0   284.47 0    50.7 0   217.9 0   399.4 0  -113.3 0   286.1 0    10.4 0    57.3 0     6.1 0   129.3 0   909.9 0
 2019   9  1  9 18 28 18.467  61.89   481.9 0    99.6 0   928.1 0    61.9 0   266.0 0   285.61 0   285.15 0   379.4 0   284.17 0   284.47 0    50.9 0   218.6 0   399.6 0  -113.4 0   286.2 0    10.3 0    57.8 0     5.8 0   128.1 0   909.9 0
 2019   9  1  9 18 29 18.483  61.82   482.5 0    99.3 0   925.1 0    62.9 0   265.8 0   285.63 0   285.17 0   379.7 0   284.17 0   284.49 0    51.2 0   218.9 0   400.5 0  -113.9 0   286.6 0    10.4 0    58.1 0     6.2 0   115.9 0   909.9 0
 2019   9  1  9 18 30 18.500  61.74   474.1 0    97.8 0   901.4 0    63.8 0   266.1 0   285.66 0   285.17 0   379.2 0   284.17 0   284.47 0    51.2 0   215.5 0   392.8 0  -113.1 0   279.7 0    10.3 0    57.8 0     6.0 0   113.0 0   909.8 0
 2019   9  1  9 18 31 18.517  61.67   488.3 0   100.7 0   927.4 0    65.0 0   266.0 0   285.66 0   285.20 0   379.5 0   284.17 0   284.49 0    51.9 0   221.2 0   404.4 0  -113.5 0   290.9 0    10.3 0    58.0 0     6.4 0   106.4 0   909.8 0
 2019   9  1  9 18 32 18.533  61.60   483.6 0    99.1 0   913.8 0    65.9 0   265.3 0   285.68 0   285.15 0   379.8 0   284.17 0   284.50 0    52.0 0   219.1 0   401.4 0  -114.5 0   286.9 0    10.4 0    58.6 0     6.0 0   103.8 0   909.8 0
 2019   9  1  9 18 33 18.550  61.53   493.1 0   101.6 0   929.9 0    66.7 0   265.6 0   285.67 0   285.13 0   379.9 0   284.18 0   284.50 0    52.6 0   223.6 0   408.5 0  -114.2 0   294.3 0    10.4 0    57.4 0     6.8 0   108.1 0   909.8 0
 2019   9  1  9 18 34 18.567  61.45   499.2 0   102.8 0   939.2 0    67.7 0   266.2 0   285.66 0   285.18 0   380.1 0   284.18 0   284.50 0    53.0 0   225.8 0   413.7 0  -113.8 0   299.8 0    10.4 0    57.8 0     6.5 0   114.7 0   909.7 0
 2019   9  1  9 18 35 18.583  61.38   505.0 0   104.0 0   949.1 0    68.4 0   266.4 0   285.67 0   285.22 0   380.8 0   284.19 0   284.54 0    53.5 0   228.1 0   418.9 0  -114.5 0   304.4 0    10.4 0    57.8 0     6.0 0   115.0 0   909.7 0
 2019   9  1  9 18 36 18.600  61.32   511.8 0   105.3 0   960.1 0    69.0 0   267.0 0   285.69 0   285.25 0   381.6 0   284.20 0   284.58 0    54.0 0   230.9 0   424.6 0  -114.6 0   310.0 0    10.5 0    57.7 0     5.1 0   114.7 0   909.7 0
 2019   9  1  9 18 37 18.617  61.25   503.5 0   103.4 0   940.1 0    69.2 0   266.9 0   285.72 0   285.30 0   381.0 0   284.22 0   284.56 0    54.0 0   227.4 0   418.0 0  -114.1 0   303.8 0    10.5 0    57.0 0     7.3 0   111.8 0   909.7 0
 2019   9  1  9 18 38 18.633  61.18   495.6 0   102.1 0   919.3 0    69.1 0   266.2 0   285.74 0   285.26 0   380.9 0   284.22 0   284.54 0    54.0 0   224.5 0   410.2 0  -114.7 0   295.5 0    10.3 0    58.0 0     6.2 0   116.2 0   909.7 0
 2019   9  1  9 18 39 18.650  61.11   501.3 0   103.5 0   928.7 0    69.5 0   266.6 0   285.75 0   285.29 0   381.1 0   284.22 0   284.54 0    54.4 0   226.8 0   414.7 0  -114.5 0   300.1 0    10.3 0    58.0 0     6.8 0   121.6 0   909.7 0
 2019   9  1  9 18 40 18.667  61.05   493.8 0   101.9 0   910.8 0    69.4 0   266.5 0   285.76 0   285.30 0   380.8 0   284.19 0   284.52 0    54.4 0   223.7 0   408.5 0  -114.4 0   294.1 0    10.2 0    58.3 0     6.8 0   122.9 0   909.7 0
 2019   9  1  9 18 41 18.683  60.98   499.0 0   102.7 0   918.7 0    69.6 0   266.5 0   285.78 0   285.35 0   381.2 0   284.19 0   284.54 0    54.8 0   225.6 0   412.5 0  -114.7 0   297.8 0    10.3 0    58.4 0     6.5 0   111.2 0   909.7 0
 2019   9  1  9 18 42 18.700  60.92   482.9 0   100.0 0   879.7 0    69.1 0   266.9 0   285.79 0   285.31 0   380.9 0   284.20 0   284.53 0    54.5 0   219.7 0   396.6 0  -114.1 0   282.6 0    10.4 0    57.8 0     6.5 0   112.1 0   909.6 0
 2019   9  1  9 18 43 18.717  60.85   487.1 0    99.6 0   890.1 0    69.2 0   267.0 0   285.79 0   285.32 0   381.3 0   284.21 0   284.55 0    54.8 0   220.8 0   403.1 0  -114.3 0   288.8 0    10.4 0    58.0 0     6.3 0   114.0 0   909.7 0
 2019   9  1  9 18 44 18.733  60.79   494.0 0   101.7 0   903.4 0    68.9 0   267.7 0   285.80 0   285.32 0   381.6 0   284.22 0   284.55 0    55.3 0   224.2 0   408.1 0  -114.0 0   294.1 0    10.4 0    58.0 0     5.2 0   110.5 0   909.7 0
 2019   9  1  9 18 45 18.750  60.73   490.4 0   100.2 0   896.6 0    68.6 0   267.4 0   285.81 0   285.37 0   382.8 0   284.23 0   284.59 0    55.4 0   222.3 0   406.8 0  -115.4 0   291.4 0    10.5 0    58.1 0     5.5 0   107.6 0   909.6 0
 2019   9  1  9 18 46 18.767  60.67   498.5 0   102.2 0   912.3 0    68.2 0   267.0 0   285.81 0   285.35 0   382.0 0   284.25 0   284.60 0    56.0 0   225.7 0   412.9 0  -115.1 0   297.8 0    10.5 0    57.1 0     6.8 0   111.6 0   909.6 0
 2019   9  1  9 18 47 18.783  60.61   502.6 0   103.6 0   920.6 0    67.9 0   267.7 0   285.82 0   285.39 0   381.9 0   284.25 0   284.60 0    56.4 0   227.8 0   416.1 0  -114.2 0   301.8 0    10.4 0    57.6 0     6.6 0   114.8 0   909.5 0
 2019   9  1  9 18 48 18.800  60.55   520.9 0   107.4 0   958.9 0    67.7 0   267.5 0   285.84 0   285.42 0   382.9 0   284.26 0   284.63 0    57.4 0   235.5 0   431.7 0  -115.5 0   316.2 0    10.4 0    57.8 0     6.5 0   110.7 0   909.5 0
 2019   9  1  9 18 49 18.817  60.49   525.2 0   108.1 0   967.5 0    67.6 0   267.8 0   285.87 0   285.47 0   383.3 0   284.27 0   284.65 0    57.9 0   237.2 0   436.0 0  -115.5 0   320.5 0    10.5 0    57.6 0     7.0 0   113.6 0   909.4 0
 2019   9  1  9 18 50 18.833  60.44   525.9 0   108.4 0   968.5 0    67.1 0   267.6 0   285.90 0   285.50 0   384.1 0   284.29 0   284.67 0    58.2 0   237.7 0   436.5 0  -116.5 0   320.0 0    10.4 0    58.0 0     5.7 0   118.2 0   909.4 0
 2019   9  1  9 18 51 18.850  60.38   527.2 0   108.4 0   969.6 0    66.9 0   268.2 0   285.93 0   285.49 0   384.1 0   284.31 0   284.69 0    58.5 0   238.2 0   437.7 0  -115.9 0   321.8 0    10.5 0    57.1 0     6.8 0   114.4 0   909.4 0
 2019   9  1  9 18 52 18.867  60.32   527.8 0   108.9 0   969.6 0    66.7 0   268.1 0   285.96 0   285.54 0   383.8 0   284.32 0   284.69 0    58.8 0   238.5 0   437.9 0  -115.7 0   322.2 0    10.4 0    57.4 0     6.3 0   109.7 0   909.4 0
 2019   9  1  9 18 53 18.883  60.27   528.7 0   108.7 0   970.2 0    66.6 0   268.0 0   285.98 0   285.57 0   385.0 0   284.33 0   284.74 0    59.0 0   238.9 0   439.0 0  -116.9 0   322.1 0    10.4 0    58.5 0     5.1 0   114.9 0   909.4 0
 2019   9  1  9 18 54 18.900  60.22   529.3 0   108.8 0   970.5 0    66.6 0   268.9 0   286.01 0   285.64 0   384.9 0   284.35 0   284.77 0    59.3 0   239.3 0   439.9 0  -116.1 0   323.8 0    10.6 0    57.0 0     7.5 0   116.9 0   909.4 0
 2019   9  1  9 18 55 18.917  60.16   530.2 0   109.3 0   970.3 0    66.5 0   268.3 0   286.05 0   285.69 0   385.0 0   284.37 0   284.75 0    59.5 0   239.6 0   440.0 0  -116.7 0   323.4 0    10.6 0    57.1 0     6.5 0   113.3 0   909.3 0
 2019   9  1  9 18 56 18.933  60.11   531.4 0   109.5 0   970.9 0    66.6 0   267.7 0   286.09 0   285.64 0   385.6 0   284.39 0   284.76 0    59.7 0   240.1 0   440.9 0  -117.8 0   323.1 0    10.5 0    57.2 0     5.8 0   106.6 0   909.4 0
 2019   9  1  9 18 57 18.950  60.06   532.5 0   109.6 0   971.6 0    66.7 0   268.8 0   286.11 0   285.66 0   386.6 0   284.40 0   284.82 0    59.9 0   240.6 0   442.1 0  -117.8 0   324.3 0    10.6 0    58.2 0     5.2 0   119.0 0   909.3 0
 2019   9  1  9 18 58 18.967  60.01   533.5 0   109.5 0   971.9 0    66.9 0   268.7 0   286.13 0   285.73 0   386.9 0   284.44 0   284.86 0    60.1 0   241.0 0   443.2 0  -118.3 0   324.9 0    10.8 0    57.0 0     5.9 0   117.9 0   909.3 0
 2019   9  1  9 18 59 18.983  59.96   534.1 0   109.5 0   970.9 0    67.1 0   269.0 0   286.16 0   285.79 0   387.7 0   284.48 0   284.94 0    60.3 0   241.3 0   443.6 0  -118.7 0   324.9 0    11.0 0    57.2 0     5.2 0   123.2 0   909.2 0
 2019   9  1  9 19  0 19.000  59.91   535.7 0   109.9 0   972.1 0    67.4 0   268.5 0   286.20 0   285.78 0   387.5 0   284.54 0   284.97 0    60.5 0   242.0 0   444.9 0  -119.0 0   325.9 0    11.1 0    55.7 0     6.1 0   116.1 0   909.2 0
 2019   9  1  9 19  1 19.017  59.86   537.1 0   110.7 0   972.8 0    68.1 0   269.5 0   286.23 0   285.82 0   387.5 0   284.57 0   284.98 0    60.8 0   242.7 0   445.8 0  -118.0 0   327.8 0    11.0 0    56.1 0     6.4 0   122.7 0   909.2 0
 2019   9  1  9 19  2 19.033  59.82   538.7 0   111.2 0   972.7 0    68.8 0   269.0 0   286.26 0   285.80 0   387.0 0   284.60 0   285.00 0    61.0 0   243.4 0   446.7 0  -118.0 0   328.7 0    10.8 0    55.8 0     6.1 0   117.9 0   909.2 0
 2019   9  1  9 19  3 19.050  59.77   541.1 0   111.5 0   973.6 0    70.0 0   269.0 0   286.27 0   285.82 0   388.0 0   284.61 0   285.02 0    61.3 0   244.3 0   448.6 0  -119.0 0   329.6 0    10.8 0    57.1 0     5.2 0   122.0 0   909.2 0
 2019   9  1  9 19  4 19.067  59.73   544.0 0   112.4 0   974.0 0    71.8 0   270.0 0   286.29 0   285.96 0   388.4 0   284.64 0   285.04 0    61.6 0   245.5 0   450.5 0  -118.3 0   332.1 0    10.8 0    56.5 0     5.9 0   119.6 0   909.1 0
 2019   9  1  9 19  5 19.083  59.68   551.4 0   113.5 0   981.6 0    73.8 0   269.8 0   286.34 0   286.01 0   389.2 0   284.66 0   285.10 0    62.0 0   248.2 0   455.8 0  -119.5 0   336.3 0    10.9 0    56.6 0     5.4 0   124.6 0   909.2 0
 2019   9  1  9 19  6 19.100  59.64   450.1 0    92.4 0   766.5 0    74.6 0   269.2 0   286.38 0   285.95 0   388.1 0   284.70 0   285.07 0    58.4 0   206.5 0   369.7 0  -118.9 0   250.8 0    11.0 0    56.2 0     6.0 0   125.8 0   909.1 0
 2019   9  1  9 19  7 19.117  59.60   510.8 0   104.5 0   880.9 0    78.2 0   270.1 0   286.38 0   285.95 0   388.2 0   284.71 0   285.09 0    60.3 0   231.3 0   419.5 0  -118.1 0   301.4 0    10.9 0    56.3 0     5.6 0   123.6 0   909.1 0
 2019   9  1  9 19  8 19.133  59.55   460.2 0    94.8 0   773.5 0    79.9 0   270.0 0   286.38 0   286.02 0   387.8 0   284.74 0   285.10 0    58.6 0   210.9 0   377.0 0  -117.8 0   259.2 0    11.0 0    56.3 0     5.8 0   110.5 0   909.1 0
 2019   9  1  9 19  9 19.150  59.51   527.7 0   109.5 0   908.0 0    82.1 0   269.7 0   286.40 0   285.98 0   388.2 0   284.76 0   285.15 0    61.2 0   239.1 0   433.3 0  -118.5 0   314.8 0    11.1 0    55.4 0     4.7 0   113.5 0   909.1 0
 2019   9  1  9 19 10 19.167  59.48   561.6 0   115.8 0   978.0 0    83.2 0   269.6 0   286.41 0   285.97 0   389.7 0   284.79 0   285.21 0    62.9 0   252.3 0   464.1 0  -120.1 0   344.0 0    11.0 0    55.8 0     5.2 0   106.0 0   909.1 0
 2019   9  1  9 19 11 19.183  59.44   560.4 0   115.6 0   974.8 0    83.8 0   270.0 0   286.43 0   285.96 0   390.0 0   284.82 0   285.25 0    63.3 0   252.4 0   463.9 0  -120.0 0   343.9 0    11.0 0    55.8 0     5.6 0   110.6 0   909.1 0
 2019   9  1  9 19 12 19.200  59.40   562.2 0   115.8 0   974.9 0    85.0 0   270.2 0   286.43 0   285.93 0   390.7 0   284.85 0   285.26 0    63.8 0   253.3 0   465.5 0  -120.5 0   345.0 0    11.0 0    55.8 0     5.5 0   111.8 0   909.1 0
 2019   9  1  9 19 13 19.217  59.36   564.4 0   116.0 0   975.8 0    86.5 0   271.2 0   286.43 0   286.04 0   391.3 0   284.88 0   285.33 0    64.3 0   254.4 0   467.8 0  -120.1 0   347.7 0    11.1 0    55.5 0     5.5 0   112.0 0   909.0 0
 2019   9  1  9 19 14 19.233  59.33   564.5 0   116.4 0   972.7 0    87.4 0   271.3 0   286.44 0   286.13 0   391.0 0   284.90 0   285.33 0    64.6 0   254.3 0   467.2 0  -119.7 0   347.5 0    11.1 0    55.0 0     6.2 0   122.0 0   908.9 0
 2019   9  1  9 19 15 19.250  59.29   566.2 0   116.8 0   974.2 0    87.8 0   271.2 0   286.49 0   286.17 0   391.4 0   284.92 0   285.35 0    65.0 0   255.2 0   468.5 0  -120.2 0   348.4 0    11.0 0    55.3 0     5.0 0   112.5 0   909.0 0
 2019   9  1  9 19 16 19.267  59.26   567.6 0   116.8 0   976.3 0    87.9 0   271.3 0   286.53 0   286.20 0   392.4 0   284.94 0   285.40 0    65.3 0   255.8 0   470.1 0  -121.1 0   349.0 0    11.0 0    56.1 0     4.6 0   115.7 0   908.9 0
 2019   9  1  9 19 17 19.283  59.22   568.0 0   116.8 0   976.3 0    87.9 0   271.6 0   286.57 0   286.18 0   393.3 0   284.97 0   285.42 0    65.5 0   255.8 0   470.6 0  -121.7 0   348.9 0    11.1 0    55.7 0     5.0 0   129.5 0   908.9 0
 2019   9  1  9 19 18 19.300  59.19   568.8 0   116.9 0   976.8 0    88.0 0   272.2 0   286.59 0   286.23 0   393.6 0   285.01 0   285.46 0    65.8 0   256.2 0   471.4 0  -121.4 0   350.0 0    11.2 0    55.2 0     5.4 0   119.4 0   908.9 0
 2019   9  1  9 19 19 19.317  59.16   569.3 0   117.2 0   976.5 0    88.3 0   272.2 0   286.62 0   286.30 0   393.8 0   285.04 0   285.50 0    66.0 0   256.5 0   471.6 0  -121.6 0   350.1 0    11.3 0    54.9 0     5.5 0   119.2 0   908.9 0
 2019   9  1  9 19 20 19.333  59.13   570.4 0   117.5 0   977.1 0    88.6 0   271.9 0   286.66 0   286.27 0   393.8 0   285.08 0   285.52 0    66.3 0   256.9 0   472.4 0  -121.9 0   350.5 0    11.3 0    54.5 0     5.2 0   123.6 0   908.9 0
 2019   9  1  9 19 21 19.350  59.10   571.4 0   117.7 0   977.9 0    89.1 0   272.9 0   286.69 0   286.38 0   394.4 0   285.11 0   285.56 0    66.5 0   257.6 0   473.6 0  -121.5 0   352.1 0    11.3 0    55.1 0     5.2 0   121.9 0   908.8 0
 2019   9  1  9 19 22 19.367  59.07   572.3 0   118.0 0   978.6 0    89.4 0   272.1 0   286.73 0   286.39 0   394.6 0   285.14 0   285.58 0    66.7 0   258.1 0   474.4 0  -122.4 0   352.0 0    11.4 0    55.1 0     5.6 0   110.5 0   908.7 0
 2019   9  1  9 19 23 19.383  59.04   573.3 0   118.1 0   978.4 0    89.9 0   271.9 0   286.76 0   286.36 0   394.3 0   285.17 0   285.61 0    66.9 0   258.5 0   475.0 0  -122.5 0   352.5 0    11.3 0    54.3 0     5.1 0   106.6 0   908.8 0
 2019   9  1  9 19 24 19.400  59.02   573.9 0   118.3 0   978.3 0    90.3 0   272.6 0   286.79 0   286.41 0   394.7 0   285.20 0   285.64 0    67.0 0   258.8 0   475.6 0  -122.1 0   353.5 0    11.2 0    54.9 0     4.7 0   112.9 0   908.7 0
 2019   9  1  9 19 25 19.417  58.99   574.5 0   117.9 0   978.4 0    90.7 0   272.9 0   286.80 0   286.45 0   396.4 0   285.23 0   285.71 0    67.1 0   259.1 0   476.8 0  -123.5 0   353.3 0    11.4 0    55.9 0     3.6 0   112.0 0   908.7 0
 2019   9  1  9 19 26 19.433  58.97   575.6 0   117.8 0   978.7 0    91.2 0   272.0 0   286.83 0   286.44 0   397.4 0   285.29 0   285.79 0    67.2 0   259.6 0   478.0 0  -125.4 0   352.6 0    11.7 0    54.2 0     3.3 0   109.5 0   908.7 0
 2019   9  1  9 19 27 19.450  58.94   576.7 0   118.4 0   978.8 0    92.1 0   273.3 0   286.84 0   286.51 0   396.9 0   285.34 0   285.81 0    67.3 0   260.0 0   478.6 0  -123.6 0   355.0 0    11.7 0    53.0 0     5.3 0   117.4 0   908.7 0
 2019   9  1  9 19 28 19.467  58.92   574.5 0   118.5 0   972.8 0    92.7 0   273.4 0   286.88 0   286.57 0   396.3 0   285.37 0   285.80 0    67.2 0   259.1 0   476.3 0  -122.9 0   353.4 0    11.5 0    53.6 0     5.6 0   122.9 0   908.6 0
 2019   9  1  9 19 29 19.483  58.90   573.3 0   118.8 0   967.1 0    93.8 0   273.2 0   286.92 0   286.59 0   395.9 0   285.38 0   285.81 0    67.2 0   258.7 0   474.5 0  -122.7 0   351.8 0    11.3 0    54.5 0     5.3 0   111.4 0   908.6 0
 2019   9  1  9 19 30 19.500  58.88   574.5 0   119.0 0   965.9 0    95.2 0   272.5 0   286.95 0   286.60 0   396.3 0   285.39 0   285.81 0    67.3 0   259.1 0   475.5 0  -123.8 0   351.7 0    11.2 0    54.8 0     4.4 0   111.0 0   908.6 0
 2019   9  1  9 19 31 19.517  58.86   577.7 0   119.1 0   968.3 0    97.1 0   273.4 0   286.98 0   286.63 0   398.1 0   285.41 0   285.89 0    67.5 0   260.5 0   478.8 0  -124.7 0   354.1 0    11.3 0    55.3 0     3.8 0   116.7 0   908.6 0
 2019   9  1  9 19 32 19.533  58.84   578.3 0   118.9 0   965.2 0    99.1 0   274.0 0   287.00 0   286.75 0   398.4 0   285.45 0   285.94 0    67.6 0   260.8 0   479.7 0  -124.3 0   355.4 0    11.6 0    54.1 0     5.8 0   107.3 0   908.6 0
 2019   9  1  9 19 33 19.550  58.82   582.7 0   120.3 0   968.6 0   101.3 0   273.8 0   287.05 0   286.76 0   397.9 0   285.48 0   285.94 0    67.9 0   262.5 0   482.6 0  -124.1 0   358.4 0    11.5 0    53.6 0     5.1 0   107.8 0   908.6 0
 2019   9  1  9 19 34 19.567  58.80   587.4 0   121.1 0   972.4 0   103.9 0   273.0 0   287.09 0   286.73 0   398.7 0   285.51 0   285.99 0    68.2 0   264.5 0   486.5 0  -125.6 0   360.9 0    11.5 0    54.0 0     3.1 0   100.5 0   908.6 0
 2019   9  1  9 19 35 19.583  58.79   589.4 0   121.1 0   970.4 0   106.8 0   273.6 0   287.11 0   286.75 0   400.2 0   285.55 0   286.07 0    68.4 0   265.5 0   488.6 0  -126.6 0   362.0 0    11.5 0    54.2 0     2.3 0   102.5 0   908.6 0
 2019   9  1  9 19 36 19.600  58.77   593.2 0   121.8 0   971.7 0   109.9 0   274.6 0   287.13 0   286.84 0   401.1 0   285.60 0   286.12 0    68.6 0   266.9 0   491.9 0  -126.5 0   365.4 0    11.7 0    53.6 0     3.6 0   116.2 0   908.6 0
 2019   9  1  9 19 37 19.617  58.76   593.3 0   122.1 0   964.1 0   113.1 0   275.4 0   287.16 0   286.93 0   400.6 0   285.65 0   286.14 0    68.6 0   266.9 0   491.0 0  -125.3 0   365.8 0    11.8 0    53.0 0     4.9 0   115.4 0   908.5 0
 2019   9  1  9 19 38 19.633  58.74   597.4 0   123.3 0   963.6 0   117.0 0   275.3 0   287.22 0   286.98 0   401.1 0   285.68 0   286.17 0    68.8 0   268.5 0   493.8 0  -125.8 0   368.0 0    11.9 0    52.5 0     4.5 0   119.9 0   908.5 0
 2019   9  1  9 19 39 19.650  58.73   594.7 0   122.9 0   948.9 0   121.0 0   275.7 0   287.26 0   286.98 0   401.4 0   285.72 0   286.20 0    68.6 0   267.1 0   490.7 0  -125.7 0   365.0 0    11.9 0    52.5 0     5.1 0   121.4 0   908.4 0
 2019   9  1  9 19 40 19.667  58.72   589.8 0   122.2 0   928.8 0   124.9 0   275.8 0   287.30 0   287.03 0   401.4 0   285.76 0   286.23 0    68.2 0   264.4 0   485.0 0  -125.6 0   359.4 0    11.9 0    52.3 0     5.1 0   119.5 0   908.4 0
 2019   9  1  9 19 41 19.683  58.71   529.7 0   108.8 0   801.3 0   128.3 0   275.7 0   287.33 0   287.03 0   401.3 0   285.79 0   286.25 0    65.3 0   237.6 0   435.7 0  -125.6 0   310.1 0    11.9 0    52.5 0     2.9 0   119.2 0   908.4 0
 2019   9  1  9 19 42 19.700  58.70   534.2 0   110.8 0   801.9 0   132.1 0   276.9 0   287.36 0   287.07 0   401.9 0   285.83 0   286.31 0    65.4 0   241.8 0   437.9 0  -125.0 0   312.9 0    12.1 0    51.9 0     3.1 0   127.0 0   908.4 0
 2019   9  1  9 19 43 19.717  58.69   561.4 0   114.7 0   851.4 0   135.9 0   277.2 0   287.37 0   287.15 0   402.4 0   285.88 0   286.37 0    66.5 0   252.0 0   463.7 0  -125.2 0   338.5 0    12.2 0    50.8 0     4.2 0   126.3 0   908.3 0
 2019   9  1  9 19 44 19.733  58.68   564.0 0   116.5 0   848.2 0   138.5 0   278.5 0   287.41 0   287.28 0   403.2 0   285.94 0   286.46 0    66.8 0   253.5 0   462.9 0  -124.7 0   338.2 0    12.4 0    50.9 0     5.0 0   118.6 0   908.2 0
 2019   9  1  9 19 45 19.750  58.67   557.0 0   114.8 0   830.4 0   140.6 0   277.8 0   287.47 0   287.36 0   402.0 0   286.00 0   286.48 0    66.5 0   249.8 0   457.4 0  -124.3 0   333.2 0    12.4 0    49.5 0     5.5 0   126.6 0   908.2 0
 2019   9  1  9 19 46 19.767  58.67   495.3 0   102.1 0   704.2 0   141.6 0   278.2 0   287.53 0   287.37 0   401.4 0   286.03 0   286.48 0    63.7 0   222.9 0   405.8 0  -123.2 0   282.6 0    12.3 0    50.7 0     4.3 0   132.6 0   908.2 0
 2019   9  1  9 19 47 19.783  58.66   438.3 0    89.9 0   589.2 0   142.2 0   278.5 0   287.57 0   287.43 0   400.5 0   286.06 0   286.46 0    61.0 0   198.9 0   358.7 0  -122.0 0   236.6 0    12.3 0    50.6 0     4.7 0   115.4 0   908.2 0
 2019   9  1  9 19 48 19.800  58.66   488.6 0   101.0 0   685.4 0   143.5 0   278.6 0   287.61 0   287.46 0   399.9 0   286.08 0   286.48 0    63.2 0   221.8 0   399.0 0  -121.3 0   277.7 0    12.4 0    49.8 0     4.9 0   113.8 0   908.2 0
 2019   9  1  9 19 49 19.817  58.66   517.7 0   106.9 0   742.2 0   144.5 0   278.9 0   287.64 0   287.51 0   400.1 0   286.12 0   286.52 0    64.8 0   233.0 0   423.7 0  -121.2 0   302.5 0    12.4 0    49.5 0     5.6 0   119.8 0   908.2 0
 2019   9  1  9 19 50 19.833  58.65   534.0 0   109.7 0   778.0 0   144.6 0   278.0 0   287.68 0   287.51 0   400.9 0   286.14 0   286.56 0    65.9 0   240.9 0   439.6 0  -122.9 0   316.6 0    12.4 0    50.1 0     4.9 0   122.5 0   908.1 0
 2019   9  1  9 19 51 19.850  58.65   570.5 0   118.9 0   848.7 0   144.8 0   279.2 0   287.72 0   287.50 0   401.7 0   286.17 0   286.60 0    67.8 0   256.6 0   467.4 0  -122.5 0   344.9 0    12.4 0    49.1 0     6.2 0   122.7 0   908.0 0
 2019   9  1  9 19 52 19.867  58.65   557.5 0   114.1 0   828.4 0   144.0 0   279.4 0   287.76 0   287.53 0   402.4 0   286.20 0   286.67 0    67.5 0   250.0 0   460.8 0  -123.0 0   337.9 0    12.5 0    49.0 0     5.8 0   119.1 0   908.0 0
 2019   9  1  9 19 53 19.883  58.65   553.5 0   114.1 0   823.0 0   142.6 0   278.9 0   287.78 0   287.53 0   402.0 0   286.22 0   286.67 0    67.4 0   249.2 0   456.7 0  -123.1 0   333.6 0    12.5 0    48.6 0     4.7 0   130.6 0   908.1 0
 2019   9  1  9 19 54 19.900  58.65   549.3 0   114.9 0   813.8 0   141.5 0   279.4 0   287.81 0   287.58 0   402.3 0   286.25 0   286.67 0    67.3 0   247.6 0   449.9 0  -122.9 0   327.0 0    12.4 0    49.0 0     5.3 0   137.5 0   908.0 0
 2019   9  1  9 19 55 19.917  58.66   586.3 0   122.7 0   891.0 0   140.6 0   279.7 0   287.83 0   287.63 0   403.3 0   286.27 0   286.71 0    69.0 0   263.4 0   481.4 0  -123.6 0   357.8 0    12.4 0    50.0 0     6.2 0   139.5 0   908.0 0
 2019   9  1  9 19 56 19.933  58.66   592.2 0   123.3 0   906.7 0   139.2 0   280.1 0   287.87 0   287.69 0   403.3 0   286.28 0   286.74 0    69.3 0   265.3 0   487.4 0  -123.2 0   364.2 0    12.5 0    49.5 0     6.0 0   135.4 0   907.9 0
 2019   9  1  9 19 57 19.950  58.66   584.2 0   122.4 0   892.5 0   137.4 0   279.9 0   287.93 0   287.76 0   403.5 0   286.31 0   286.75 0    68.9 0   262.1 0   479.2 0  -123.6 0   355.6 0    12.5 0    50.0 0     5.7 0   120.5 0   907.9 0
 2019   9  1  9 19 58 19.967  58.67   570.1 0   117.8 0   867.3 0   136.5 0   279.8 0   287.97 0   287.74 0   404.2 0   286.34 0   286.81 0    68.1 0   255.5 0   469.8 0  -124.4 0   345.3 0    12.5 0    48.9 0     5.7 0   120.1 0   907.9 0
 2019   9  1  9 19 59 19.983  58.68   566.1 0   117.9 0   856.8 0   136.9 0   280.5 0   288.01 0   287.82 0   404.6 0   286.37 0   286.83 0    67.8 0   254.4 0   464.4 0  -124.0 0   340.4 0    12.6 0    49.2 0     5.1 0   135.3 0   907.9 0
 2019   9  1  9 20  0 20.000  58.68   579.2 0   121.7 0   877.1 0   137.0 0   281.2 0   288.05 0   287.93 0   404.6 0   286.39 0   286.86 0    68.3 0   260.3 0   471.2 0  -123.4 0   347.9 0    12.7 0    49.5 0     7.7 0   127.2 0   907.8 0
 2019   9  1  9 20  1 20.017  58.69   519.8 0   106.2 0   763.4 0   136.3 0   279.8 0   288.11 0   287.88 0   404.8 0   286.44 0   286.94 0    66.2 0   236.5 0   426.8 0  -125.0 0   301.8 0    12.9 0    48.7 0     3.8 0    79.3 0   907.9 0
 2019   9  1  9 20  2 20.033  58.70   547.5 0   114.0 0   815.7 0   136.7 0   280.0 0   288.14 0   287.93 0   404.8 0   286.51 0   287.03 0    67.0 0   249.5 0   446.5 0  -124.8 0   321.7 0    13.1 0    48.4 0     4.6 0    89.4 0   907.9 0
 2019   9  1  9 20  3 20.050  58.71   624.7 0   129.8 0   978.5 0   136.2 0   279.2 0   288.17 0   287.93 0   406.8 0   286.56 0   287.09 0    69.9 0   278.8 0   514.6 0  -127.7 0   386.9 0    13.0 0    48.4 0     3.5 0   102.0 0   907.8 0
 2019   9  1  9 20  4 20.067  58.72   609.1 0   126.6 0   959.7 0   132.0 0   280.4 0   288.20 0   288.04 0   406.9 0   286.62 0   287.13 0    69.7 0   272.9 0   503.6 0  -126.5 0   377.1 0    13.1 0    47.6 0     6.7 0   122.4 0   907.8 0
 2019   9  1  9 20  5 20.083  58.73   616.6 0   129.0 0   981.0 0   129.0 0   279.5 0   288.25 0   288.01 0   406.2 0   286.63 0   287.08 0    70.2 0   276.3 0   509.2 0  -126.7 0   382.5 0    12.9 0    48.0 0     7.4 0   123.9 0   907.7 0
 2019   9  1  9 20  6 20.100  58.75   613.1 0   128.0 0   978.1 0   127.2 0   280.1 0   288.29 0   288.04 0   407.4 0   286.65 0   287.14 0    70.1 0   274.6 0   506.6 0  -127.3 0   379.3 0    12.8 0    49.1 0     5.0 0   119.9 0   907.7 0
 2019   9  1  9 20  7 20.117  58.76   592.2 0   122.9 0   939.5 0   125.4 0   279.5 0   288.34 0   288.08 0   408.5 0   286.69 0   287.23 0    69.2 0   266.2 0   489.7 0  -129.0 0   360.7 0    12.9 0    48.4 0     2.9 0   104.2 0   907.7 0
 2019   9  1  9 20  8 20.133  58.78   555.3 0   113.5 0   871.4 0   123.5 0   279.5 0   288.35 0   288.03 0   409.7 0   286.75 0   287.26 0    67.6 0   249.8 0   461.7 0  -130.2 0   331.5 0    13.1 0    48.4 0     1.5 0    56.2 0   907.7 0
 2019   9  1  9 20  9 20.150  58.79   539.4 0   111.0 0   843.0 0   121.0 0   279.0 0   288.36 0   288.01 0   407.6 0   286.81 0   287.24 0    66.7 0   243.6 0   446.9 0  -128.5 0   318.3 0    13.1 0    48.4 0     3.0 0    15.1 0   907.7 0
 2019   9  1  9 20 10 20.167  58.81   508.0 0   104.3 0   785.3 0   118.4 0   278.9 0   288.36 0   288.09 0   406.8 0   286.85 0   287.27 0    65.1 0   230.2 0   420.9 0  -127.9 0   293.0 0    13.0 0    48.8 0     2.2 0    30.5 0   907.7 0
 2019   9  1  9 20 11 20.183  58.83   517.5 0   106.8 0   808.4 0   116.3 0   278.2 0   288.38 0   288.05 0   407.4 0   286.90 0   287.35 0    65.3 0   234.6 0   428.0 0  -129.2 0   298.8 0    13.0 0    48.8 0     1.9 0    46.1 0   907.6 0
 2019   9  1  9 20 12 20.200  58.84   563.7 0   117.1 0   903.4 0   115.2 0   279.3 0   288.35 0   288.09 0   409.5 0   286.95 0   287.49 0    67.3 0   254.7 0   465.5 0  -130.3 0   335.2 0    13.3 0    49.1 0     1.9 0    75.1 0   907.6 0
 2019   9  1  9 20 13 20.217  58.86   595.9 0   123.4 0   973.0 0   114.1 0   280.0 0   288.38 0   288.16 0   410.6 0   287.02 0   287.57 0    68.8 0   267.7 0   493.8 0  -130.7 0   363.2 0    13.4 0    47.4 0     2.6 0    94.7 0   907.6 0
 2019   9  1  9 20 14 20.233  58.88   586.5 0   121.1 0   960.4 0   112.0 0   279.4 0   288.41 0   288.18 0   410.9 0   287.09 0   287.61 0    68.5 0   263.5 0   487.2 0  -131.4 0   355.8 0    13.4 0    47.0 0     3.9 0    95.2 0   907.6 0
 2019   9  1  9 20 15 20.250  58.91   552.9 0   114.6 0   897.2 0   109.8 0   279.0 0   288.45 0   288.13 0   409.9 0   287.12 0   287.56 0    67.0 0   249.0 0   458.6 0  -130.9 0   327.7 0    13.3 0    47.0 0     4.8 0   122.0 0   907.5 0
 2019   9  1  9 20 16 20.267  58.93   575.6 0   120.8 0   943.9 0   109.1 0   278.9 0   288.46 0   288.16 0   408.8 0   287.13 0   287.53 0    67.7 0   259.2 0   475.5 0  -129.9 0   345.6 0    13.0 0    47.2 0     5.4 0   118.6 0   907.5 0
 2019   9  1  9 20 17 20.283  58.95   591.4 0   124.4 0   976.6 0   109.0 0   279.8 0   288.48 0   288.19 0   409.1 0   287.13 0   287.53 0    68.3 0   265.7 0   488.3 0  -129.3 0   359.0 0    12.9 0    48.2 0     6.4 0   128.1 0   907.4 0
 2019   9  1  9 20 18 20.300  58.98   582.5 0   122.1 0   961.2 0   108.4 0   278.6 0   288.52 0   288.24 0   408.4 0   287.12 0   287.50 0    67.8 0   261.4 0   481.7 0  -129.8 0   351.9 0    12.8 0    48.1 0     6.9 0   112.8 0   907.4 0
 2019   9  1  9 20 19 20.317  59.00   540.3 0   113.7 0   877.1 0   107.6 0   278.0 0   288.56 0   288.17 0   407.4 0   287.09 0   287.41 0    65.8 0   243.5 0   445.6 0  -129.4 0   316.2 0    12.7 0    48.6 0     6.6 0   128.2 0   907.4 0
 2019   9  1  9 20 20 20.333  59.03   514.0 0   109.0 0   823.2 0   106.9 0   278.7 0   288.56 0   288.21 0   406.7 0   287.05 0   287.38 0    64.3 0   232.8 0   421.6 0  -128.0 0   293.6 0    12.7 0    49.3 0     6.4 0   125.1 0   907.4 0
 2019   9  1  9 20 21 20.350  59.05   538.1 0   111.7 0   873.1 0   107.7 0   278.8 0   288.56 0   288.20 0   406.9 0   287.05 0   287.43 0    64.8 0   241.8 0   444.9 0  -128.1 0   316.9 0    12.9 0    48.3 0     6.4 0   122.3 0   907.3 0
 2019   9  1  9 20 22 20.367  59.08   538.7 0   113.7 0   869.9 0   109.0 0   279.2 0   288.57 0   288.28 0   406.4 0   287.05 0   287.42 0    64.6 0   243.5 0   442.3 0  -127.2 0   315.1 0    13.0 0    48.2 0     6.1 0    90.1 0   907.3 0
 2019   9  1  9 20 23 20.383  59.11   554.3 0   116.1 0   899.4 0   110.4 0   277.6 0   288.60 0   288.28 0   406.9 0   287.05 0   287.48 0    64.9 0   248.6 0   456.1 0  -129.3 0   326.8 0    13.0 0    47.6 0     4.0 0    92.6 0   907.4 0
 2019   9  1  9 20 24 20.400  59.14   517.9 0   108.2 0   826.4 0   110.4 0   277.5 0   288.61 0   288.22 0   407.7 0   287.07 0   287.47 0    63.2 0   233.6 0   426.0 0  -130.2 0   295.8 0    13.0 0    48.6 0     4.2 0   106.2 0   907.4 0
 2019   9  1  9 20 25 20.417  59.17   526.8 0   110.6 0   844.1 0   110.8 0   278.1 0   288.60 0   288.26 0   406.6 0   287.08 0   287.44 0    63.3 0   237.8 0   432.8 0  -128.5 0   304.3 0    13.0 0    48.2 0     6.5 0   114.4 0   907.3 0
 2019   9  1  9 20 26 20.433  59.20   532.8 0   111.9 0   854.4 0   111.5 0   277.0 0   288.59 0   288.18 0   405.9 0   287.06 0   287.40 0    63.4 0   240.1 0   437.1 0  -128.9 0   308.2 0    12.9 0    48.5 0     6.4 0   113.8 0   907.3 0
 2019   9  1  9 20 27 20.450  59.24   518.6 0   108.7 0   821.3 0   112.6 0   277.5 0   288.57 0   288.16 0   405.8 0   287.04 0   287.38 0    62.7 0   234.6 0   424.0 0  -128.3 0   295.6 0    12.7 0    48.7 0     5.7 0   117.5 0   907.3 0
 2019   9  1  9 20 28 20.467  59.27   469.4 0    96.9 0   716.6 0   113.8 0   277.9 0   288.56 0   288.17 0   406.4 0   287.02 0   287.40 0    60.5 0   213.5 0   383.0 0  -128.5 0   254.5 0    12.8 0    49.6 0     4.3 0   118.1 0   907.2 0
 2019   9  1  9 20 29 20.483  59.30   458.8 0    95.2 0   690.7 0   114.2 0   276.5 0   288.53 0   288.09 0   404.9 0   287.02 0   287.39 0    59.6 0   210.1 0   371.6 0  -128.4 0   243.3 0    13.0 0    48.2 0     5.7 0   110.8 0   907.2 0
 2019   9  1  9 20 30 20.500  59.34   471.8 0    99.3 0   719.8 0   113.7 0   277.0 0   288.49 0   288.05 0   403.4 0   287.02 0   287.31 0    59.6 0   214.8 0   381.5 0  -126.5 0   255.1 0    12.9 0    48.2 0     6.8 0   110.6 0   907.2 0
 2019   9  1  9 20 31 20.517  59.37   469.9 0    98.6 0   726.8 0   112.1 0   277.0 0   288.45 0   288.01 0   402.4 0   286.98 0   287.23 0    59.4 0   213.5 0   383.8 0  -125.5 0   258.3 0    12.6 0    48.5 0     7.1 0   116.1 0   907.1 0
 2019   9  1  9 20 32 20.533  59.41   518.5 0   110.8 0   829.4 0   110.7 0   276.5 0   288.41 0   287.97 0   403.3 0   286.92 0   287.23 0    61.2 0   234.7 0   422.0 0  -126.7 0   295.2 0    12.4 0    49.4 0     5.2 0   126.3 0   907.1 0
 2019   9  1  9 20 33 20.550  59.45   553.0 0   117.3 0   907.3 0   109.8 0   277.8 0   288.38 0   288.00 0   405.2 0   286.90 0   287.27 0    62.8 0   248.8 0   453.7 0  -127.4 0   326.3 0    12.5 0    49.7 0     6.1 0   120.8 0   907.1 0
 2019   9  1  9 20 34 20.567  59.49   562.7 0   118.9 0   933.1 0   108.6 0   277.7 0   288.38 0   288.01 0   405.5 0   286.89 0   287.27 0    63.5 0   253.3 0   463.4 0  -127.9 0   335.5 0    12.7 0    48.4 0     7.5 0   116.6 0   907.0 0
 2019   9  1  9 20 35 20.583  59.53   566.3 0   120.2 0   945.1 0   107.3 0   277.1 0   288.38 0   287.99 0   404.9 0   286.86 0   287.24 0    63.8 0   254.9 0   466.4 0  -127.7 0   338.7 0    12.6 0    48.4 0     7.1 0   115.7 0   907.0 0
 2019   9  1  9 20 36 20.600  59.57   566.0 0   119.8 0   948.1 0   106.3 0   277.4 0   288.38 0   287.98 0   406.1 0   286.84 0   287.24 0    63.8 0   254.7 0   466.7 0  -128.6 0   338.0 0    12.5 0    49.1 0     5.8 0   119.4 0   907.0 0
 2019   9  1  9 20 37 20.617  59.61   562.0 0   118.7 0   944.2 0   104.9 0   277.8 0   288.39 0   288.08 0   406.9 0   286.84 0   287.27 0    63.7 0   253.2 0   463.8 0  -129.2 0   334.6 0    12.6 0    49.4 0     5.4 0   122.0 0   907.0 0
 2019   9  1  9 20 38 20.633  59.65   560.8 0   118.3 0   945.7 0   103.4 0   278.5 0   288.41 0   288.11 0   406.5 0   286.84 0   287.27 0    63.6 0   252.6 0   462.9 0  -128.0 0   334.9 0    12.8 0    48.2 0     7.2 0   123.3 0   907.0 0
 2019   9  1  9 20 39 20.650  59.70   555.6 0   117.8 0   939.6 0   101.9 0   277.1 0   288.44 0   288.10 0   406.3 0   286.84 0   287.25 0    63.4 0   250.5 0   458.2 0  -129.2 0   329.0 0    12.7 0    48.4 0     6.4 0   126.7 0   907.0 0
 2019   9  1  9 20 40 20.667  59.74   552.7 0   117.3 0   938.0 0   100.5 0   277.8 0   288.45 0   288.09 0   406.4 0   286.84 0   287.25 0    63.2 0   249.3 0   455.8 0  -128.6 0   327.2 0    12.7 0    48.6 0     6.9 0   115.8 0   906.9 0
 2019   9  1  9 20 41 20.683  59.79   552.4 0   117.1 0   941.3 0    99.4 0   277.4 0   288.47 0   288.13 0   406.6 0   286.84 0   287.27 0    63.0 0   249.2 0   455.9 0  -129.1 0   326.8 0    12.8 0    48.6 0     6.9 0   116.8 0   906.9 0
 2019   9  1  9 20 42 20.700  59.83   536.3 0   113.4 0   912.4 0    98.1 0   277.5 0   288.48 0   288.09 0   406.5 0   286.84 0   287.27 0    62.2 0   242.2 0   443.2 0  -129.0 0   314.2 0    12.8 0    47.4 0     6.0 0   124.5 0   907.0 0
 2019   9  1  9 20 43 20.717  59.88   529.0 0   112.7 0   899.9 0    96.8 0   277.6 0   288.48 0   288.10 0   406.8 0   286.84 0   287.27 0    61.7 0   239.4 0   435.7 0  -129.2 0   306.4 0    12.8 0    48.3 0     5.5 0   124.6 0   906.9 0
 2019   9  1  9 20 44 20.733  59.93   544.0 0   115.7 0   934.3 0    96.1 0   277.4 0   288.50 0   288.13 0   407.6 0   286.86 0   287.32 0    62.0 0   245.5 0   448.5 0  -130.2 0   318.4 0    12.9 0    48.8 0     5.5 0   119.7 0   906.9 0
 2019   9  1  9 20 45 20.750  59.98   544.3 0   115.6 0   938.9 0    95.2 0   278.0 0   288.51 0   288.18 0   407.3 0   286.89 0   287.34 0    61.8 0   245.6 0   449.4 0  -129.3 0   320.2 0    13.0 0    47.5 0     6.7 0   114.5 0   906.8 0
 2019   9  1  9 20 46 20.767  60.03   544.2 0   116.1 0   942.6 0    94.2 0   277.7 0   288.53 0   288.15 0   406.5 0   286.89 0   287.31 0    61.6 0   245.6 0   449.0 0  -128.9 0   320.1 0    12.9 0    47.6 0     6.8 0   122.5 0   906.8 0
 2019   9  1  9 20 47 20.783  60.08   541.3 0   116.0 0   941.0 0    93.0 0   277.3 0   288.54 0   288.14 0   406.8 0   286.89 0   287.28 0    61.2 0   244.5 0   446.4 0  -129.5 0   316.9 0    12.8 0    48.5 0     5.6 0   127.9 0   906.8 0
 2019   9  1  9 20 48 20.800  60.13   538.1 0   114.8 0   938.7 0    92.1 0   277.4 0   288.56 0   288.18 0   407.3 0   286.89 0   287.33 0    60.8 0   243.1 0   444.8 0  -129.9 0   314.9 0    12.9 0    48.5 0     5.9 0   127.0 0   906.8 0
 2019   9  1  9 20 49 20.817  60.18   527.8 0   112.6 0   920.3 0    91.1 0   277.9 0   288.56 0   288.23 0   407.2 0   286.91 0   287.35 0    60.2 0   239.0 0   436.1 0  -129.3 0   306.9 0    13.0 0    47.8 0     6.2 0   128.6 0   906.8 0
 2019   9  1  9 20 50 20.833  60.23   535.8 0   115.2 0   940.1 0    90.3 0   277.7 0   288.59 0   288.27 0   406.3 0   286.92 0   287.32 0    60.2 0   242.3 0   441.9 0  -128.6 0   313.2 0    12.9 0    47.8 0     7.1 0   128.2 0   906.8 0
 2019   9  1  9 20 51 20.850  60.29   536.2 0   115.1 0   944.3 0    89.8 0   277.4 0   288.62 0   288.27 0   407.1 0   286.92 0   287.35 0    59.9 0   242.3 0   442.6 0  -129.8 0   312.9 0    12.9 0    48.5 0     6.4 0   119.0 0   906.8 0
 2019   9  1  9 20 52 20.867  60.34   529.1 0   113.4 0   933.2 0    89.1 0   277.4 0   288.65 0   288.30 0   407.1 0   286.93 0   287.35 0    59.4 0   239.2 0   437.5 0  -129.8 0   307.8 0    13.0 0    47.8 0     6.7 0   119.7 0   906.8 0
 2019   9  1  9 20 53 20.883  60.40   521.8 0   111.9 0   920.2 0    88.6 0   276.7 0   288.66 0   288.24 0   406.4 0   286.95 0   287.34 0    58.8 0   236.1 0   431.3 0  -129.7 0   301.6 0    13.0 0    47.5 0     7.3 0   114.1 0   906.7 0
 2019   9  1  9 20 54 20.900  60.46   517.4 0   111.1 0   912.1 0    88.3 0   276.3 0   288.67 0   288.26 0   406.8 0   286.95 0   287.34 0    58.3 0   234.2 0   426.9 0  -130.5 0   296.4 0    12.9 0    48.8 0     6.1 0   120.5 0   906.7 0
 2019   9  1  9 20 55 20.917  60.51   512.0 0   109.7 0   903.6 0    87.9 0   276.7 0   288.67 0   288.25 0   406.4 0   286.95 0   287.36 0    57.8 0   232.0 0   423.0 0  -129.8 0   293.2 0    13.0 0    47.9 0     6.7 0   118.5 0   906.7 0
 2019   9  1  9 20 56 20.933  60.57   508.4 0   108.9 0   898.0 0    87.9 0   276.7 0   288.68 0   288.23 0   406.7 0   286.96 0   287.38 0    57.4 0   230.5 0   420.1 0  -129.9 0   290.2 0    13.1 0    47.8 0     5.5 0   127.2 0   906.7 0
 2019   9  1  9 20 57 20.950  60.63   497.8 0   106.5 0   877.3 0    87.9 0   277.3 0   288.66 0   288.29 0   406.5 0   286.97 0   287.39 0    56.8 0   226.1 0   411.6 0  -129.3 0   282.3 0    13.1 0    47.9 0     6.1 0   124.9 0   906.6 0
 2019   9  1  9 20 58 20.967  60.69   504.0 0   108.7 0   890.8 0    88.1 0   277.3 0   288.68 0   288.31 0   406.1 0   287.00 0   287.38 0    56.7 0   229.0 0   415.5 0  -128.9 0   286.6 0    13.1 0    47.3 0     7.4 0   122.3 0   906.6 0
 2019   9  1  9 20 59 20.983  60.75   508.0 0   109.6 0   901.3 0    88.6 0   277.9 0   288.70 0   288.37 0   406.2 0   287.00 0   287.37 0    56.6 0   230.3 0   419.3 0  -128.3 0   291.0 0    13.0 0    47.4 0     6.7 0   126.1 0   906.6 0
 2019   9  1  9 21  0 21.000  60.81   505.9 0   108.8 0   898.2 0    88.9 0   277.8 0   288.72 0   288.42 0   406.8 0   287.00 0   287.44 0    56.3 0   229.6 0   418.1 0  -129.0 0   289.1 0    13.2 0    47.3 0     6.8 0   111.9 0   906.6 0
 2019   9  1  9 21  1 21.017  60.88   505.2 0   108.6 0   897.4 0    89.4 0   276.5 0   288.76 0   288.33 0   406.8 0   287.02 0   287.45 0    56.1 0   229.3 0   417.5 0  -130.2 0   287.3 0    13.3 0    46.5 0     6.0 0   110.0 0   906.6 0
 2019   9  1  9 21  2 21.033  60.94   503.8 0   108.1 0   895.3 0    90.0 0   277.8 0   288.77 0   288.36 0   406.9 0   287.05 0   287.48 0    55.8 0   228.5 0   416.8 0  -129.1 0   287.7 0    13.3 0    46.7 0     6.3 0   127.1 0   906.6 0
 2019   9  1  9 21  3 21.050  61.01   497.3 0   107.3 0   881.5 0    90.4 0   278.1 0   288.77 0   288.39 0   406.5 0   287.05 0   287.46 0    55.3 0   225.9 0   410.3 0  -128.4 0   282.0 0    13.3 0    46.8 0     7.0 0   129.4 0   906.6 0
 2019   9  1  9 21  4 21.067  61.07   494.4 0   106.6 0   876.2 0    90.8 0   277.9 0   288.78 0   288.44 0   406.7 0   287.08 0   287.50 0    54.9 0   224.5 0   408.0 0  -128.9 0   279.1 0    13.4 0    46.2 0     7.2 0   122.7 0   906.6 0
 2019   9  1  9 21  5 21.083  61.14   482.9 0   104.1 0   852.8 0    91.2 0   277.4 0   288.80 0   288.45 0   406.5 0   287.10 0   287.49 0    54.3 0   219.7 0   398.7 0  -129.2 0   269.5 0    13.3 0    46.3 0     6.4 0   121.7 0   906.6 0
 2019   9  1  9 21  6 21.100  61.20   487.3 0   105.7 0   862.1 0    91.9 0   277.4 0   288.82 0   288.42 0   405.6 0   287.10 0   287.47 0    54.1 0   221.5 0   401.5 0  -128.1 0   273.3 0    13.3 0    45.6 0     6.9 0   119.5 0   906.6 0
 2019   9  1  9 21  7 21.117  61.27   487.7 0   105.8 0   863.5 0    92.6 0   277.3 0   288.82 0   288.45 0   405.5 0   287.10 0   287.46 0    53.9 0   221.5 0   401.8 0  -128.1 0   273.7 0    13.1 0    46.3 0     7.6 0   118.4 0   906.5 0
 2019   9  1  9 21  8 21.133  61.34   477.0 0   103.3 0   841.2 0    93.2 0   276.8 0   288.84 0   288.44 0   405.4 0   287.10 0   287.46 0    53.3 0   216.9 0   393.4 0  -128.6 0   264.8 0    13.1 0    46.6 0     6.7 0   117.8 0   906.5 0
 2019   9  1  9 21  9 21.150  61.41   464.1 0   100.4 0   814.1 0    93.6 0   276.7 0   288.83 0   288.39 0   405.3 0   287.10 0   287.46 0    52.5 0   211.5 0   382.7 0  -128.6 0   254.1 0    13.1 0    46.8 0     6.7 0   118.2 0   906.5 0
 2019   9  1  9 21 10 21.167  61.48   462.3 0   100.3 0   808.9 0    94.3 0   277.1 0   288.82 0   288.37 0   405.0 0   287.10 0   287.46 0    52.2 0   210.7 0   380.2 0  -127.9 0   252.2 0    13.2 0    46.6 0     7.3 0   113.7 0   906.5 0
 2019   9  1  9 21 11 21.183  61.55   459.2 0    99.2 0   802.6 0    95.2 0   277.0 0   288.80 0   288.32 0   404.9 0   287.10 0   287.46 0    51.8 0   209.3 0   378.4 0  -127.9 0   250.5 0    13.2 0    46.5 0     6.5 0   115.0 0   906.5 0
 2019   9  1  9 21 12 21.200  61.62   457.7 0    99.3 0   799.3 0    96.2 0   277.3 0   288.77 0   288.36 0   404.5 0   287.10 0   287.45 0    51.4 0   208.8 0   376.8 0  -127.2 0   249.5 0    13.2 0    46.4 0     6.3 0   126.0 0   906.5 0
 2019   9  1  9 21 13 21.217  61.70   467.3 0   101.4 0   820.0 0    97.2 0   277.9 0   288.77 0   288.40 0   404.9 0   287.10 0   287.48 0    51.5 0   212.6 0   384.6 0  -127.0 0   257.6 0    13.3 0    46.0 0     7.5 0   111.6 0   906.4 0
 2019   9  1  9 21 14 21.233  61.77   461.7 0    99.6 0   808.0 0    98.1 0   278.0 0   288.77 0   288.37 0   404.6 0   287.10 0   287.49 0    51.1 0   209.9 0   380.7 0  -126.6 0   254.1 0    13.3 0    45.7 0     6.9 0   118.0 0   906.4 0
 2019   9  1  9 21 15 21.250  61.84   446.8 0    97.2 0   774.4 0    98.8 0   277.1 0   288.76 0   288.31 0   403.6 0   287.10 0   287.43 0    50.4 0   204.8 0   367.0 0  -126.5 0   240.5 0    13.2 0    46.2 0     7.4 0   129.3 0   906.4 0
 2019   9  1  9 21 16 21.267  61.92   458.7 0   100.1 0   800.5 0   100.0 0   278.5 0   288.74 0   288.36 0   404.0 0   287.10 0   287.43 0    50.5 0   209.1 0   376.7 0  -125.5 0   251.2 0    13.2 0    45.7 0     7.8 0   122.9 0   906.4 0
 2019   9  1  9 21 17 21.283  61.99   467.7 0   102.1 0   823.6 0   100.6 0   278.2 0   288.74 0   288.39 0   404.0 0   287.08 0   287.43 0    50.7 0   213.2 0   385.2 0  -125.9 0   259.4 0    13.2 0    45.4 0     7.5 0   115.5 0   906.4 0
 2019   9  1  9 21 18 21.300  62.07   483.4 0   105.7 0   859.7 0   101.1 0   277.9 0   288.74 0   288.31 0   404.6 0   287.07 0   287.45 0    51.0 0   219.6 0   398.0 0  -126.6 0   271.4 0    13.2 0    46.2 0     6.8 0   116.5 0   906.4 0
 2019   9  1  9 21 19 21.317  62.15   482.4 0   105.1 0   859.2 0   101.7 0   277.8 0   288.74 0   288.35 0   404.5 0   287.08 0   287.46 0    50.9 0   219.2 0   397.9 0  -126.7 0   271.2 0    13.2 0    46.4 0     6.9 0   110.6 0   906.4 0
 2019   9  1  9 21 20 21.333  62.23   479.0 0   103.9 0   851.0 0   101.8 0   277.3 0   288.74 0   288.32 0   404.3 0   287.08 0   287.46 0    50.7 0   217.6 0   394.4 0  -127.0 0   267.4 0    13.1 0    46.9 0     6.4 0   105.1 0   906.4 0
 2019   9  1  9 21 21 21.350  62.31   434.1 0    93.5 0   749.5 0   101.6 0   278.3 0   288.74 0   288.34 0   405.0 0   287.09 0   287.50 0    49.1 0   199.1 0   356.4 0  -126.7 0   229.7 0    13.3 0    47.7 0     6.1 0   121.7 0   906.3 0
 2019   9  1  9 21 22 21.367  62.39   412.7 0    88.8 0   698.7 0   101.9 0   277.7 0   288.72 0   288.30 0   403.4 0   287.11 0   287.48 0    48.0 0   190.0 0   336.9 0  -125.7 0   211.2 0    13.5 0    46.0 0     7.3 0   118.8 0   906.3 0
 2019   9  1  9 21 23 21.383  62.47   397.1 0    87.6 0   662.9 0   101.9 0   278.0 0   288.70 0   288.25 0   401.9 0   287.10 0   287.40 0    47.1 0   184.4 0   320.7 0  -123.8 0   196.9 0    13.3 0    46.6 0     7.4 0   121.8 0   906.4 0
 2019   9  1  9 21 24 21.400  62.55   447.3 0    99.1 0   781.2 0   101.9 0   277.8 0   288.67 0   288.27 0   401.6 0   287.08 0   287.37 0    48.2 0   204.9 0   362.9 0  -123.8 0   239.1 0    13.1 0    46.6 0     7.9 0   120.7 0   906.4 0
 2019   9  1  9 21 25 21.417  62.63   460.2 0   101.6 0   818.8 0   101.5 0   278.0 0   288.66 0   288.28 0   402.5 0   287.05 0   287.37 0    48.5 0   209.5 0   376.4 0  -124.5 0   251.9 0    13.0 0    46.9 0     7.3 0   125.7 0   906.4 0
 2019   9  1  9 21 26 21.433  62.71   460.8 0   101.6 0   829.3 0   100.1 0   278.3 0   288.66 0   288.24 0   403.0 0   287.03 0   287.37 0    48.5 0   210.3 0   378.7 0  -124.7 0   254.0 0    13.1 0    46.9 0     7.2 0   120.4 0   906.3 0
 2019   9  1  9 21 27 21.450  62.80   468.8 0   103.3 0   854.8 0    98.9 0   278.4 0   288.66 0   288.30 0   403.2 0   287.02 0   287.39 0    48.6 0   213.7 0   386.3 0  -124.8 0   261.5 0    13.2 0    46.4 0     7.2 0   119.2 0   906.3 0
 2019   9  1  9 21 28 21.467  62.88   475.7 0   104.4 0   877.7 0    97.8 0   277.5 0   288.66 0   288.25 0   403.8 0   287.04 0   287.41 0    48.7 0   216.7 0   393.4 0  -126.2 0   267.2 0    13.2 0    46.5 0     7.4 0   114.8 0   906.3 0
 2019   9  1  9 21 29 21.483  62.97   472.5 0   103.7 0   875.8 0    97.0 0   278.1 0   288.66 0   288.22 0   404.3 0   287.05 0   287.42 0    48.4 0   215.4 0   391.3 0  -126.2 0   265.0 0    13.2 0    47.1 0     5.2 0   121.4 0   906.4 0
 2019   9  1  9 21 30 21.500  63.05   469.5 0   102.4 0   873.8 0    96.2 0   278.2 0   288.66 0   288.29 0   405.1 0   287.06 0   287.50 0    48.1 0   214.1 0   389.7 0  -126.9 0   262.9 0    13.4 0    47.0 0     6.3 0   113.8 0   906.3 0
 2019   9  1  9 21 31 21.517  63.14   459.6 0   100.4 0   855.5 0    95.2 0   278.5 0   288.66 0   288.30 0   404.7 0   287.10 0   287.53 0    47.5 0   210.1 0   381.2 0  -126.2 0   255.0 0    13.6 0    45.5 0     6.9 0   121.6 0   906.3 0
 2019   9  1  9 21 32 21.533  63.23   460.5 0   101.3 0   861.5 0    94.1 0   278.6 0   288.67 0   288.32 0   404.6 0   287.13 0   287.51 0    47.2 0   210.2 0   380.9 0  -126.0 0   254.9 0    13.4 0    46.2 0     6.8 0   121.4 0   906.3 0
 2019   9  1  9 21 33 21.550  63.32   440.2 0    96.6 0   818.2 0    92.8 0   277.7 0   288.69 0   288.29 0   403.7 0   287.13 0   287.50 0    46.3 0   201.8 0   363.6 0  -126.0 0   237.6 0    13.4 0    46.0 0     7.8 0   116.1 0   906.3 0
 2019   9  1  9 21 34 21.567  63.40   403.0 0    88.6 0   732.8 0    91.8 0   277.8 0   288.69 0   288.26 0   403.2 0   287.13 0   287.46 0    45.0 0   186.3 0   331.2 0  -125.4 0   205.8 0    13.3 0    46.8 0     6.3 0   120.5 0   906.3 0
 2019   9  1  9 21 35 21.583  63.49   392.5 0    86.2 0   710.8 0    91.4 0   277.9 0   288.68 0   288.26 0   402.8 0   287.13 0   287.46 0    44.2 0   182.3 0   322.3 0  -124.8 0   197.5 0    13.3 0    46.0 0     5.5 0   119.4 0   906.3 0
 2019   9  1  9 21 36 21.600  63.59   440.3 0    97.3 0   826.8 0    91.4 0   277.3 0   288.66 0   288.25 0   403.5 0   287.14 0   287.51 0    45.1 0   202.0 0   361.9 0  -126.2 0   235.7 0    13.5 0    45.8 0     6.3 0   112.5 0   906.3 0
 2019   9  1  9 21 37 21.617  63.68   441.8 0    97.2 0   842.6 0    90.1 0   278.5 0   288.66 0   288.23 0   403.0 0   287.16 0   287.52 0    44.9 0   201.9 0   366.5 0  -124.5 0   242.0 0    13.5 0    45.3 0     6.8 0   112.8 0   906.3 0
 2019   9  1  9 21 38 21.633  63.77   440.7 0    97.6 0   847.2 0    88.5 0   277.8 0   288.66 0   288.28 0   403.5 0   287.18 0   287.53 0    44.7 0   202.1 0   365.4 0  -125.7 0   239.8 0    13.4 0    46.0 0     6.6 0   109.8 0   906.3 0
 2019   9  1  9 21 39 21.650  63.86   440.7 0    97.6 0   853.3 0    87.6 0   277.8 0   288.66 0   288.26 0   402.8 0   287.18 0   287.51 0    44.5 0   202.2 0   365.8 0  -125.1 0   240.8 0    13.4 0    45.6 0     7.7 0   115.0 0   906.3 0
 2019   9  1  9 21 40 21.667  63.95   439.7 0    97.8 0   855.7 0    86.9 0   277.9 0   288.67 0   288.33 0   402.7 0   287.16 0   287.50 0    44.2 0   201.9 0   364.8 0  -124.8 0   240.1 0    13.3 0    45.8 0     7.1 0   106.5 0   906.3 0
 2019   9  1  9 21 41 21.683  64.05   442.8 0    98.6 0   867.3 0    86.5 0   278.3 0   288.69 0   288.37 0   402.8 0   287.15 0   287.52 0    44.0 0   203.3 0   367.5 0  -124.5 0   243.0 0    13.2 0    46.4 0     7.0 0   111.1 0   906.3 0
 2019   9  1  9 21 42 21.700  64.14   447.3 0    99.5 0   881.9 0    86.2 0   278.7 0   288.73 0   288.46 0   402.9 0   287.15 0   287.51 0    43.8 0   205.1 0   371.2 0  -124.2 0   247.0 0    13.3 0    46.3 0     7.4 0   123.1 0   906.3 0
 2019   9  1  9 21 43 21.717  64.24   425.8 0    94.6 0   833.8 0    85.4 0   278.4 0   288.78 0   288.54 0   402.4 0   287.15 0   287.48 0    43.0 0   195.8 0   353.2 0  -124.0 0   229.2 0    13.2 0    45.9 0     8.3 0   118.2 0   906.2 0
 2019   9  1  9 21 44 21.733  64.34   393.6 0    87.3 0   757.8 0    84.5 0   277.5 0   288.82 0   288.47 0   401.9 0   287.12 0   287.43 0    41.8 0   182.7 0   325.4 0  -124.5 0   201.0 0    13.2 0    46.3 0     6.9 0   115.1 0   906.2 0
 2019   9  1  9 21 45 21.750  64.43   369.7 0    82.5 0   701.8 0    84.1 0   276.9 0   288.83 0   288.38 0   400.3 0   287.10 0   287.38 0    40.8 0   173.3 0   304.5 0  -123.4 0   181.1 0    13.2 0    46.0 0     7.8 0   110.1 0   906.2 0
 2019   9  1  9 21 46 21.767  64.53   415.9 0    93.2 0   816.6 0    84.9 0   277.5 0   288.82 0   288.38 0   400.8 0   287.09 0   287.39 0    41.4 0   191.9 0   342.9 0  -123.3 0   219.6 0    13.2 0    46.3 0     7.6 0   119.8 0   906.2 0
 2019   9  1  9 21 47 21.783  64.63   432.0 0    96.9 0   863.1 0    85.0 0   277.8 0   288.82 0   288.40 0   401.6 0   287.07 0   287.41 0    41.6 0   198.3 0   357.9 0  -123.8 0   234.1 0    13.1 0    47.0 0     6.4 0   120.1 0   906.2 0
 2019   9  1  9 21 48 21.800  64.73   429.5 0    96.0 0   865.3 0    84.1 0   278.0 0   288.82 0   288.44 0   402.4 0   287.08 0   287.46 0    41.3 0   197.6 0   357.5 0  -124.4 0   233.1 0    13.4 0    47.1 0     6.8 0   119.7 0   906.2 0
 2019   9  1  9 21 49 21.817  64.83   417.0 0    92.9 0   841.8 0    83.0 0   276.3 0   288.83 0   288.36 0   402.2 0   287.10 0   287.47 0    40.8 0   192.2 0   348.1 0  -125.9 0   222.2 0    13.5 0    45.9 0     7.4 0   106.7 0   906.2 0
 2019   9  1  9 21 50 21.833  64.93   419.2 0    93.9 0   851.3 0    82.2 0   276.5 0   288.82 0   288.31 0   401.9 0   287.10 0   287.46 0    40.5 0   193.4 0   349.1 0  -125.4 0   223.6 0    13.5 0    46.0 0     6.7 0   112.9 0   906.2 0
 2019   9  1  9 21 51 21.850  65.03   423.7 0    95.4 0   867.4 0    81.9 0   276.7 0   288.80 0   288.30 0   401.3 0   287.10 0   287.45 0    40.3 0   195.4 0   352.7 0  -124.6 0   228.1 0    13.4 0    45.8 0     7.3 0   111.4 0   906.2 0
 2019   9  1  9 21 52 21.867  65.13   422.4 0    94.9 0   869.3 0    81.6 0   277.3 0   288.80 0   288.36 0   401.2 0   287.10 0   287.45 0    40.1 0   194.8 0   352.2 0  -123.9 0   228.3 0    13.3 0    45.8 0     7.6 0   107.6 0   906.2 0
 2019   9  1  9 21 53 21.883  65.24   424.0 0    95.5 0   878.8 0    81.1 0   276.5 0   288.80 0   288.33 0   402.0 0   287.10 0   287.46 0    39.9 0   195.7 0   353.7 0  -125.5 0   228.2 0    13.3 0    46.4 0     6.6 0   111.1 0   906.2 0
 2019   9  1  9 21 54 21.900  65.34   423.5 0    95.2 0   883.3 0    80.5 0   276.6 0   288.79 0   288.34 0   401.7 0   287.11 0   287.47 0    39.6 0   195.4 0   353.8 0  -125.0 0   228.8 0    13.4 0    45.7 0     7.0 0   114.9 0   906.2 0
 2019   9  1  9 21 55 21.917  65.44   420.8 0    94.7 0   881.9 0    79.9 0   277.2 0   288.79 0   288.35 0   402.0 0   287.11 0   287.48 0    39.2 0   194.2 0   351.7 0  -124.8 0   226.9 0    13.3 0    46.4 0     6.1 0   115.4 0   906.2 0
 2019   9  1  9 21 56 21.933  65.55   413.4 0    92.9 0   868.0 0    79.3 0   276.3 0   288.79 0   288.31 0   402.3 0   287.13 0   287.51 0    38.8 0   191.0 0   345.6 0  -126.0 0   219.7 0    13.5 0    46.0 0     6.0 0   111.4 0   906.2 0
 2019   9  1  9 21 57 21.950  65.65   413.2 0    93.2 0   873.1 0    78.9 0   277.0 0   288.77 0   288.30 0   402.2 0   287.15 0   287.51 0    38.5 0   191.1 0   345.6 0  -125.1 0   220.5 0    13.5 0    45.9 0     6.6 0   121.1 0   906.2 0
 2019   9  1  9 21 58 21.967  65.76   413.2 0    93.4 0   878.1 0    78.4 0   276.9 0   288.77 0   288.39 0   402.6 0   287.16 0   287.55 0    38.2 0   191.0 0   345.5 0  -125.7 0   219.7 0    13.6 0    46.0 0     6.0 0   113.6 0   906.1 0
 2019   9  1  9 21 59 21.983  65.87   412.3 0    93.0 0   880.4 0    78.1 0   276.7 0   288.79 0   288.35 0   402.6 0   287.20 0   287.58 0    37.8 0   190.5 0   345.0 0  -125.9 0   219.2 0    13.7 0    45.6 0     5.8 0   110.2 0   906.1 0
 2019   9  1  9 22  0 22.000  65.97   406.3 0    91.7 0   869.0 0    77.8 0   276.5 0   288.79 0   288.39 0   402.5 0   287.22 0   287.59 0    37.4 0   187.8 0   339.9 0  -126.0 0   214.0 0    13.7 0    45.0 0     6.2 0   112.4 0   906.1 0
 2019   9  1  9 22  1 22.017  66.08   395.2 0    89.2 0   845.8 0    77.5 0   277.5 0   288.82 0   288.43 0   401.8 0   287.23 0   287.58 0    36.8 0   183.0 0   331.2 0  -124.3 0   206.9 0    13.6 0    44.9 0     6.8 0   113.2 0   906.1 0
 2019   9  1  9 22  2 22.033  66.19   389.7 0    88.5 0   835.8 0    77.0 0   277.4 0   288.83 0   288.45 0   401.3 0   287.23 0   287.57 0    36.3 0   181.0 0   326.0 0  -124.0 0   202.0 0    13.5 0    46.0 0     6.5 0   111.6 0   906.1 0
 2019   9  1  9 22  3 22.050  66.30   390.1 0    88.9 0   841.8 0    76.7 0   277.3 0   288.85 0   288.43 0   401.4 0   287.25 0   287.57 0    36.0 0   181.1 0   326.2 0  -124.1 0   202.1 0    13.5 0    45.7 0     6.6 0   111.0 0   906.1 0
 2019   9  1  9 22  4 22.067  66.41   385.4 0    87.7 0   834.0 0    76.5 0   276.3 0   288.85 0   288.38 0   401.4 0   287.26 0   287.59 0    35.5 0   178.9 0   322.6 0  -125.1 0   197.4 0    13.5 0    45.9 0     6.3 0   107.6 0   906.1 0
 2019   9  1  9 22  5 22.083  66.52   379.2 0    86.1 0   822.0 0    76.4 0   276.4 0   288.85 0   288.42 0   401.4 0   287.26 0   287.59 0    35.1 0   176.1 0   317.8 0  -125.0 0   192.8 0    13.6 0    45.7 0     5.6 0   110.6 0   906.1 0
 2019   9  1  9 22  6 22.100  66.63   368.1 0    83.5 0   796.5 0    76.1 0   276.9 0   288.85 0   288.40 0   400.8 0   287.27 0   287.60 0    34.5 0   171.4 0   308.5 0  -123.9 0   184.6 0    13.6 0    45.2 0     6.7 0   101.4 0   906.1 0
 2019   9  1  9 22  7 22.117  66.74   363.4 0    83.0 0   787.7 0    76.1 0   276.6 0   288.85 0   288.44 0   400.1 0   287.28 0   287.56 0    34.0 0   169.5 0   304.1 0  -123.4 0   180.7 0    13.6 0    45.0 0     7.8 0   111.9 0   906.0 0
 2019   9  1  9 22  8 22.133  66.86   365.2 0    83.6 0   796.3 0    76.4 0   276.4 0   288.85 0   288.38 0   400.0 0   287.26 0   287.56 0    33.7 0   170.0 0   305.7 0  -123.6 0   182.1 0    13.5 0    45.7 0     6.6 0   117.7 0   906.0 0
 2019   9  1  9 22  9 22.150  66.97   366.5 0    84.3 0   802.4 0    76.6 0   276.8 0   288.85 0   288.41 0   399.9 0   287.26 0   287.57 0    33.5 0   171.0 0   306.2 0  -123.1 0   183.1 0    13.5 0    44.9 0     6.4 0   109.5 0   906.0 0
 2019   9  1  9 22 10 22.167  67.08   372.0 0    85.2 0   822.2 0    76.7 0   276.6 0   288.85 0   288.37 0   400.8 0   287.26 0   287.61 0    33.3 0   173.3 0   311.7 0  -124.2 0   187.5 0    13.6 0    45.1 0     5.2 0   106.8 0   906.0 0
 2019   9  1  9 22 11 22.183  67.20   370.9 0    84.6 0   824.2 0    76.7 0   277.0 0   288.84 0   288.37 0   401.1 0   287.28 0   287.65 0    33.0 0   172.8 0   311.5 0  -124.1 0   187.4 0    13.8 0    45.1 0     5.3 0   111.0 0   906.0 0
 2019   9  1  9 22 12 22.200  67.31   370.3 0    84.8 0   826.5 0    76.8 0   277.3 0   288.83 0   288.43 0   400.9 0   287.31 0   287.67 0    32.6 0   172.5 0   310.7 0  -123.6 0   187.1 0    13.9 0    44.8 0     7.0 0   113.4 0   906.0 0
 2019   9  1  9 22 13 22.217  67.43   367.5 0    84.7 0   824.0 0    76.7 0   277.8 0   288.85 0   288.46 0   400.1 0   287.33 0   287.64 0    32.3 0   171.4 0   308.3 0  -122.3 0   186.0 0    13.8 0    44.7 0     7.7 0   116.9 0   906.0 0
 2019   9  1  9 22 14 22.233  67.55   359.4 0    83.1 0   806.4 0    76.7 0   277.6 0   288.87 0   288.49 0   399.5 0   287.32 0   287.61 0    31.9 0   167.7 0   301.6 0  -121.9 0   179.7 0    13.6 0    45.3 0     6.8 0   120.0 0   906.0 0
 2019   9  1  9 22 15 22.250  67.66   353.4 0    81.8 0   794.3 0    76.7 0   277.8 0   288.88 0   288.55 0   399.9 0   287.31 0   287.63 0    31.4 0   165.4 0   296.8 0  -122.1 0   174.7 0    13.6 0    45.9 0     6.6 0   109.6 0   906.0 0
 2019   9  1  9 22 16 22.267  67.78   354.9 0    81.8 0   803.2 0    76.7 0   277.1 0   288.92 0   288.51 0   399.6 0   287.32 0   287.64 0    31.1 0   165.8 0   298.6 0  -122.5 0   176.2 0    13.7 0    44.9 0     6.4 0   106.1 0   906.0 0
 2019   9  1  9 22 17 22.283  67.90   356.1 0    82.7 0   809.5 0    77.0 0   277.2 0   288.93 0   288.52 0   399.1 0   287.33 0   287.62 0    30.9 0   166.3 0   298.9 0  -121.9 0   177.0 0    13.7 0    44.3 0     7.2 0   111.1 0   906.0 0
 2019   9  1  9 22 18 22.300  68.02   350.7 0    81.5 0   799.6 0    77.0 0   277.5 0   288.93 0   288.52 0   398.9 0   287.31 0   287.60 0    30.5 0   164.0 0   294.9 0  -121.5 0   173.4 0    13.6 0    45.1 0     6.8 0   118.0 0   906.0 0
 2019   9  1  9 22 19 22.317  68.14   348.2 0    81.1 0   796.9 0    77.0 0   278.3 0   288.95 0   288.60 0   399.1 0   287.31 0   287.61 0    30.1 0   163.2 0   292.7 0  -120.8 0   171.8 0    13.6 0    45.3 0     6.7 0   119.2 0   906.0 0
 2019   9  1  9 22 20 22.333  68.26   352.3 0    82.2 0   814.3 0    77.1 0   277.8 0   288.98 0   288.64 0   399.4 0   287.31 0   287.62 0    29.9 0   164.8 0   296.5 0  -121.6 0   174.9 0    13.6 0    45.0 0     6.1 0   113.2 0   906.0 0
 2019   9  1  9 22 21 22.350  68.38   348.0 0    81.1 0   806.2 0    77.2 0   278.0 0   289.00 0   288.62 0   399.1 0   287.31 0   287.62 0    29.5 0   163.2 0   293.1 0  -121.1 0   172.0 0    13.7 0    44.5 0     6.3 0   110.7 0   906.0 0
 2019   9  1  9 22 22 22.367  68.50   352.8 0    82.4 0   823.8 0    77.6 0   277.9 0   289.03 0   288.62 0   399.5 0   287.31 0   287.65 0    29.3 0   165.0 0   297.2 0  -121.6 0   175.6 0    13.7 0    45.0 0     6.2 0   114.5 0   906.0 0
 2019   9  1  9 22 23 22.383  68.62   345.0 0    80.5 0   805.7 0    77.7 0   277.8 0   289.03 0   288.63 0   399.3 0   287.33 0   287.66 0    28.9 0   161.8 0   291.0 0  -121.4 0   169.5 0    13.8 0    44.6 0     6.9 0   105.3 0   906.0 0
 2019   9  1  9 22 24 22.400  68.74   346.3 0    81.2 0   813.9 0    77.7 0   277.4 0   289.06 0   288.61 0   398.5 0   287.33 0   287.63 0    28.6 0   162.3 0   291.6 0  -121.1 0   170.5 0    13.7 0    44.7 0     7.2 0   110.7 0   906.0 0
 2019   9  1  9 22 25 22.417  68.86   337.8 0    79.3 0   792.5 0    78.0 0   277.6 0   289.06 0   288.56 0   398.7 0   287.33 0   287.62 0    28.1 0   158.5 0   284.5 0  -121.0 0   163.5 0    13.6 0    44.6 0     6.1 0   116.4 0   906.0 0
 2019   9  1  9 22 26 22.433  68.99   332.4 0    78.0 0   780.7 0    78.1 0   277.9 0   289.04 0   288.60 0   398.4 0   287.33 0   287.62 0    27.7 0   156.5 0   280.0 0  -120.5 0   159.5 0    13.6 0    45.1 0     6.0 0   103.4 0   906.0 0
 2019   9  1  9 22 27 22.450  69.11   325.1 0    76.0 0   761.3 0    78.4 0   278.5 0   289.04 0   288.66 0   398.1 0   287.31 0   287.62 0    27.3 0   152.9 0   273.8 0  -119.6 0   154.2 0    13.6 0    44.7 0     6.2 0   112.4 0   906.0 0
 2019   9  1  9 22 28 22.467  69.24   313.6 0    73.2 0   728.4 0    78.7 0   278.3 0   289.06 0   288.68 0   398.5 0   287.32 0   287.63 0    26.8 0   147.9 0   263.7 0  -120.2 0   143.5 0    13.7 0    45.2 0     5.6 0   107.8 0   906.0 0
 2019   9  1  9 22 29 22.483  69.36   305.2 0    71.9 0   706.0 0    78.9 0   277.9 0   289.06 0   288.66 0   397.0 0   287.33 0   287.62 0    26.3 0   144.7 0   255.9 0  -119.1 0   136.8 0    13.8 0    44.3 0     7.3 0   111.1 0   906.0 0
 2019   9  1  9 22 30 22.500  69.49   313.6 0    74.0 0   735.4 0    79.4 0   277.4 0   289.06 0   288.62 0   397.1 0   287.32 0   287.60 0    26.1 0   148.1 0   263.1 0  -119.7 0   143.4 0    13.6 0    45.3 0     6.3 0   111.9 0   906.0 0
 2019   9  1  9 22 31 22.517  69.61   309.5 0    72.9 0   726.7 0    79.9 0   278.3 0   289.06 0   288.65 0   396.9 0   287.31 0   287.59 0    25.7 0   146.1 0   260.2 0  -118.6 0   141.6 0    13.6 0    45.1 0     6.8 0   117.3 0   906.0 0
 2019   9  1  9 22 32 22.533  69.74   304.3 0    71.9 0   712.7 0    80.3 0   278.1 0   289.06 0   288.65 0   396.8 0   287.31 0   287.60 0    25.4 0   143.8 0   255.2 0  -118.7 0   136.4 0    13.7 0    45.1 0     6.2 0   112.1 0   905.9 0
 2019   9  1  9 22 33 22.550  69.87   298.9 0    70.3 0   699.7 0    80.4 0   278.0 0   289.06 0   288.64 0   396.7 0   287.31 0   287.61 0    25.0 0   141.4 0   250.9 0  -118.7 0   132.2 0    13.8 0    44.3 0     5.6 0   106.7 0   905.9 0
 2019   9  1  9 22 34 22.567  70.00   300.0 0    70.5 0   706.9 0    80.8 0   277.7 0   289.05 0   288.60 0   397.0 0   287.32 0   287.62 0    24.7 0   142.0 0   252.1 0  -119.2 0   132.8 0    13.9 0    44.0 0     5.3 0   113.9 0   906.0 0
 2019   9  1  9 22 35 22.583  70.13   249.2 0    58.1 0   551.3 0    80.4 0   278.1 0   289.03 0   288.59 0   395.6 0   287.33 0   287.58 0    23.7 0   119.5 0   209.7 0  -117.5 0    92.2 0    13.9 0    43.2 0     6.3 0   108.5 0   906.0 0
 2019   9  1  9 22 36 22.600  70.25   293.3 0    69.7 0   689.8 0    81.3 0   278.0 0   289.01 0   288.55 0   395.6 0   287.33 0   287.57 0    23.8 0   139.4 0   244.7 0  -117.7 0   127.0 0    13.8 0    43.8 0     6.6 0   112.7 0   905.9 0
 2019   9  1  9 22 37 22.617  70.38   281.8 0    66.8 0   657.1 0    82.1 0   278.0 0   288.98 0   288.53 0   395.2 0   287.31 0   287.56 0    23.4 0   133.3 0   236.0 0  -117.2 0   118.7 0    13.7 0    44.3 0     6.1 0   113.8 0   905.9 0
 2019   9  1  9 22 38 22.633  70.51   274.0 0    64.8 0   638.7 0    82.2 0   278.3 0   288.96 0   288.51 0   395.2 0   287.30 0   287.58 0    23.1 0   130.0 0   230.4 0  -116.9 0   113.5 0    13.8 0    43.8 0     5.4 0   110.3 0   905.9 0
 2019   9  1  9 22 39 22.650  70.64   273.7 0    64.7 0   644.0 0    82.1 0   277.9 0   288.94 0   288.53 0   395.0 0   287.31 0   287.57 0    22.7 0   129.9 0   230.8 0  -117.0 0   113.8 0    13.8 0    43.8 0     6.0 0   111.7 0   905.9 0
 2019   9  1  9 22 40 22.667  70.78   270.7 0    64.3 0   638.5 0    82.1 0   277.7 0   288.93 0   288.49 0   394.5 0   287.31 0   287.56 0    22.4 0   128.6 0   228.1 0  -116.8 0   111.2 0    13.8 0    44.0 0     5.8 0   110.3 0   905.9 0
 2019   9  1  9 22 41 22.683  70.91   266.3 0    63.3 0   627.6 0    82.3 0   278.4 0   288.91 0   288.50 0   394.1 0   287.31 0   287.57 0    22.1 0   126.7 0   224.3 0  -115.7 0   108.6 0    13.8 0    43.7 0     6.0 0   110.4 0   905.9 0
 2019   9  1  9 22 42 22.700  71.04   261.6 0    62.3 0   616.6 0    82.5 0   278.5 0   288.90 0   288.50 0   394.1 0   287.30 0   287.56 0    21.7 0   124.7 0   220.5 0  -115.6 0   104.9 0    13.8 0    44.4 0     5.8 0   114.6 0   905.9 0
 2019   9  1  9 22 43 22.717  71.17   262.4 0    62.6 0   623.2 0    82.7 0   278.3 0   288.88 0   288.50 0   393.9 0   287.31 0   287.55 0    21.4 0   124.9 0   221.2 0  -115.6 0   105.6 0    13.8 0    43.7 0     6.1 0   118.0 0   905.9 0
 2019   9  1  9 22 44 22.733  71.31   257.5 0    61.4 0   610.1 0    83.1 0   278.5 0   288.87 0   288.53 0   393.8 0   287.31 0   287.52 0    21.1 0   122.6 0   217.2 0  -115.3 0   101.9 0    13.7 0    43.7 0     5.7 0   106.5 0   905.9 0
 2019   9  1  9 22 45 22.750  71.44   246.5 0    58.6 0   576.4 0    83.1 0   278.4 0   288.87 0   288.51 0   393.5 0   287.29 0   287.52 0    20.7 0   117.8 0   208.0 0  -115.1 0    92.9 0    13.7 0    44.0 0     5.4 0   109.4 0   906.0 0
 2019   9  1  9 22 46 22.767  71.57   233.5 0    55.0 0   535.8 0    83.1 0   278.5 0   288.87 0   288.48 0   393.0 0   287.28 0   287.52 0    20.2 0   111.8 0   197.5 0  -114.5 0    82.9 0    13.8 0    44.0 0     5.7 0   107.3 0   906.0 0
 2019   9  1  9 22 47 22.783  71.71   210.8 0    49.6 0   459.9 0    82.8 0   278.3 0   288.86 0   288.45 0   391.7 0   287.28 0   287.47 0    19.7 0   101.6 0   177.6 0  -113.5 0    64.1 0    13.7 0    44.0 0     6.2 0   107.0 0   905.9 0
 2019   9  1  9 22 48 22.800  71.84   206.4 0    48.8 0   446.7 0    83.0 0   278.7 0   288.83 0   288.39 0   391.0 0   287.25 0   287.42 0    19.3 0    99.8 0   173.4 0  -112.3 0    61.1 0    13.6 0    44.2 0     5.7 0   108.9 0   906.0 0
 2019   9  1  9 22 49 22.817  71.98   206.7 0    48.9 0   447.6 0    83.6 0   278.7 0   288.78 0   288.40 0   390.7 0   287.23 0   287.41 0    19.0 0    99.5 0   173.2 0  -112.1 0    61.1 0    13.6 0    44.1 0     5.2 0   117.2 0   906.0 0
 2019   9  1  9 22 50 22.833  72.12   204.0 0    48.3 0   441.2 0    84.0 0   279.0 0   288.76 0   288.36 0   390.1 0   287.20 0   287.39 0    18.7 0    98.6 0   171.2 0  -111.1 0    60.1 0    13.6 0    43.6 0     6.1 0   104.4 0   906.0 0
 2019   9  1  9 22 51 22.850  72.25   210.9 0    50.3 0   467.6 0    84.7 0   278.6 0   288.72 0   288.31 0   390.3 0   287.19 0   287.38 0    18.5 0   101.5 0   176.9 0  -111.8 0    65.2 0    13.6 0    44.3 0     5.2 0   113.8 0   906.0 0
 2019   9  1  9 22 52 22.867  72.39   222.1 0    53.1 0   510.5 0    85.6 0   278.9 0   288.69 0   288.32 0   390.4 0   287.18 0   287.39 0    18.3 0   106.6 0   187.0 0  -111.6 0    75.4 0    13.7 0    44.3 0     5.9 0   120.2 0   906.0 0
 2019   9  1  9 22 53 22.883  72.53   221.2 0    53.1 0   509.1 0    86.6 0   279.0 0   288.66 0   288.31 0   390.1 0   287.17 0   287.37 0    18.1 0   106.2 0   186.3 0  -111.2 0    75.2 0    13.7 0    43.3 0     6.0 0   119.8 0   906.0 0
 2019   9  1  9 22 54 22.900  72.67   229.0 0    55.1 0   539.1 0    87.6 0   279.3 0   288.66 0   288.31 0   390.3 0   287.15 0   287.37 0    17.9 0   109.6 0   193.1 0  -111.1 0    82.0 0    13.6 0    43.8 0     5.2 0   111.8 0   906.0 0
 2019   9  1  9 22 55 22.917  72.81   232.2 0    56.0 0   554.4 0    88.4 0   279.4 0   288.64 0   288.31 0   390.6 0   287.15 0   287.40 0    17.7 0   111.2 0   196.3 0  -111.2 0    85.1 0    13.7 0    43.9 0     4.9 0   115.4 0   906.0 0
 2019   9  1  9 22 56 22.933  72.94   236.9 0    57.2 0   575.3 0    89.3 0   279.5 0   288.64 0   288.32 0   390.8 0   287.15 0   287.41 0    17.5 0   113.3 0   200.8 0  -111.3 0    89.5 0    13.8 0    43.8 0     5.8 0   119.8 0   906.0 0
 2019   9  1  9 22 57 22.950  73.08   231.1 0    55.6 0   557.0 0    89.9 0   279.1 0   288.64 0   288.31 0   390.9 0   287.17 0   287.42 0    17.3 0   110.8 0   196.4 0  -111.8 0    84.6 0    13.9 0    43.7 0     5.7 0   105.3 0   906.0 0
 2019   9  1  9 22 58 22.967  73.22   227.5 0    54.6 0   545.4 0    90.4 0   279.5 0   288.65 0   288.30 0   391.0 0   287.18 0   287.44 0    17.0 0   109.2 0   193.2 0  -111.5 0    81.8 0    13.9 0    43.4 0     4.5 0   102.9 0   906.0 0
 2019   9  1  9 22 59 22.983  73.37   215.1 0    51.7 0   501.7 0    90.5 0   279.4 0   288.64 0   288.28 0   390.9 0   287.20 0   287.44 0    16.7 0   103.7 0   182.4 0  -111.5 0    70.9 0    14.0 0    43.0 0     4.7 0   101.3 0   906.0 0
 2019   9  1  9 23  0 23.000  73.51   226.2 0    54.5 0   547.9 0    91.0 0   279.9 0   288.64 0   288.29 0   390.3 0   287.20 0   287.43 0    16.5 0   108.7 0   192.0 0  -110.4 0    81.6 0    14.0 0    42.7 0     5.9 0   105.2 0   906.0 0
 2019   9  1  9 23  1 23.017  73.65   218.3 0    52.7 0   521.0 0    91.3 0   279.3 0   288.63 0   288.27 0   389.9 0   287.20 0   287.41 0    16.3 0   105.1 0   185.2 0  -110.5 0    74.7 0    13.8 0    42.5 0     5.8 0   103.7 0   906.0 0
 2019   9  1  9 23  2 23.033  73.79   227.4 0    55.6 0   559.9 0    91.8 0   279.3 0   288.61 0   288.26 0   389.8 0   287.20 0   287.40 0    16.1 0   109.4 0   192.5 0  -110.5 0    82.0 0    13.8 0    43.3 0     5.8 0    97.7 0   906.0 0
 2019   9  1  9 23  3 23.050  73.93   229.1 0    55.9 0   572.5 0    92.2 0   279.2 0   288.61 0   288.25 0   389.7 0   287.18 0   287.41 0    15.9 0   109.9 0   194.8 0  -110.5 0    84.3 0    13.8 0    43.2 0     6.2 0   107.0 0   905.9 0
 2019   9  1  9 23  4 23.067  74.08   224.8 0    54.9 0   562.4 0    92.0 0   279.7 0   288.61 0   288.27 0   389.8 0   287.18 0   287.41 0    15.7 0   108.3 0   191.4 0  -110.1 0    81.3 0    13.8 0    43.0 0     6.2 0   116.4 0   905.9 0
 2019   9  1  9 23  5 23.083  74.22   231.3 0    56.9 0   594.6 0    92.1 0   280.1 0   288.61 0   288.25 0   389.8 0   287.18 0   287.41 0    15.5 0   111.2 0   196.9 0  -109.7 0    87.2 0    13.8 0    42.7 0     5.8 0   109.5 0   905.9 0
 2019   9  1  9 23  6 23.100  74.36   231.9 0    57.0 0   603.9 0    92.2 0   279.9 0   288.61 0   288.25 0   390.1 0   287.18 0   287.42 0    15.3 0   111.4 0   198.0 0  -110.2 0    87.9 0    13.8 0    42.7 0     5.4 0    98.0 0   905.9 0
 2019   9  1  9 23  7 23.117  74.51   226.2 0    55.4 0   588.6 0    91.7 0   279.9 0   288.61 0   288.25 0   390.5 0   287.19 0   287.45 0    15.1 0   109.1 0   193.5 0  -110.6 0    82.8 0    13.9 0    43.0 0     4.7 0   108.2 0   905.9 0
 2019   9  1  9 23  8 23.133  74.65   230.2 0    56.7 0   614.3 0    91.3 0   280.5 0   288.61 0   288.29 0   390.2 0   287.20 0   287.46 0    14.9 0   110.8 0   197.1 0  -109.6 0    87.5 0    14.0 0    42.4 0     5.7 0   113.9 0   905.9 0
 2019   9  1  9 23  9 23.150  74.80   226.4 0    55.7 0   607.4 0    90.7 0   280.2 0   288.62 0   288.30 0   390.3 0   287.20 0   287.46 0    14.6 0   109.0 0   194.3 0  -110.1 0    84.1 0    14.0 0    42.9 0     5.0 0   114.1 0   905.9 0
 2019   9  1  9 23 10 23.167  74.94   220.6 0    54.6 0   591.8 0    90.0 0   280.5 0   288.64 0   288.30 0   389.9 0   287.23 0   287.46 0    14.3 0   106.6 0   189.1 0  -109.5 0    79.7 0    13.9 0    42.5 0     6.2 0   113.5 0   905.9 0
 2019   9  1  9 23 11 23.183  75.09   216.4 0    53.7 0   582.6 0    89.2 0   279.9 0   288.64 0   288.30 0   389.5 0   287.22 0   287.43 0    14.1 0   104.6 0   185.4 0  -109.5 0    75.8 0    13.8 0    42.4 0     6.1 0   102.7 0   905.9 0
 2019   9  1  9 23 12 23.200  75.24   214.7 0    53.4 0   585.8 0    88.2 0   280.1 0   288.64 0   288.29 0   389.2 0   287.20 0   287.43 0    13.9 0   103.9 0   184.1 0  -109.1 0    75.0 0    13.8 0    43.0 0     5.6 0   108.6 0   905.9 0
 2019   9  1  9 23 13 23.217  75.38   211.1 0    52.7 0   581.4 0    87.1 0   280.0 0   288.64 0   288.28 0   388.9 0   287.20 0   287.42 0    13.6 0   102.2 0   181.2 0  -108.8 0    72.3 0    13.8 0    42.2 0     6.4 0   105.2 0   905.9 0
 2019   9  1  9 23 14 23.233  75.53   205.0 0    51.0 0   565.8 0    86.0 0   280.2 0   288.64 0   288.28 0   389.0 0   287.20 0   287.41 0    13.4 0    99.3 0   176.3 0  -108.8 0    67.5 0    13.8 0    42.2 0     5.9 0   109.0 0   905.9 0
 2019   9  1  9 23 15 23.250  75.68   198.4 0    49.2 0   547.8 0    84.7 0   280.6 0   288.64 0   288.31 0   389.3 0   287.20 0   287.41 0    13.1 0    96.4 0   171.0 0  -108.7 0    62.3 0    13.8 0    42.9 0     4.6 0   121.5 0   905.9 0
 2019   9  1  9 23 16 23.267  75.83   186.6 0    46.3 0   506.1 0    83.1 0   280.4 0   288.64 0   288.33 0   388.7 0   287.20 0   287.41 0    12.8 0    91.2 0   160.7 0  -108.3 0    52.4 0    13.9 0    42.7 0     5.2 0   115.7 0   905.9 0
 2019   9  1  9 23 17 23.283  75.97   185.3 0    46.1 0   511.8 0    81.7 0   280.2 0   288.64 0   288.30 0   388.1 0   287.20 0   287.39 0    12.5 0    90.4 0   159.6 0  -107.9 0    51.8 0    13.9 0    42.4 0     6.2 0   107.5 0   905.9 0
 2019   9  1  9 23 18 23.300  76.12   183.9 0    46.1 0   516.3 0    80.4 0   280.3 0   288.64 0   288.26 0   387.5 0   287.18 0   287.36 0    12.3 0    89.8 0   158.1 0  -107.3 0    50.8 0    13.8 0    42.6 0     5.6 0   109.9 0   905.9 0
 2019   9  1  9 23 19 23.317  76.27   180.4 0    45.4 0   511.2 0    79.1 0   279.9 0   288.62 0   288.22 0   387.4 0   287.17 0   287.36 0    12.0 0    88.3 0   155.1 0  -107.5 0    47.6 0    13.8 0    43.0 0     5.6 0   120.1 0   905.9 0
 2019   9  1  9 23 20 23.333  76.42   185.7 0    47.1 0   549.2 0    78.1 0   280.1 0   288.61 0   288.22 0   387.0 0   287.15 0   287.34 0    11.8 0    90.6 0   159.9 0  -106.9 0    53.0 0    13.8 0    42.9 0     6.0 0   115.1 0   906.0 0
 2019   9  1  9 23 21 23.350  76.57   185.3 0    47.1 0   561.3 0    77.0 0   279.5 0   288.59 0   288.22 0   387.0 0   287.15 0   287.35 0    11.6 0    90.4 0   160.2 0  -107.6 0    52.7 0    13.8 0    43.0 0     5.6 0   117.6 0   906.0 0
 2019   9  1  9 23 22 23.367  76.72   180.1 0    46.0 0   548.5 0    75.7 0   279.8 0   288.59 0   288.19 0   386.7 0   287.13 0   287.31 0    11.3 0    88.2 0   155.7 0  -107.0 0    48.7 0    13.7 0    42.7 0     5.7 0   113.8 0   906.0 0
 2019   9  1  9 23 23 23.383  76.87   181.7 0    46.7 0   569.0 0    74.7 0   279.8 0   288.57 0   288.17 0   386.9 0   287.12 0   287.31 0    11.1 0    89.0 0   157.2 0  -107.1 0    50.2 0    13.7 0    43.0 0     4.8 0   119.6 0   906.0 0
 2019   9  1  9 23 24 23.400  77.03   183.8 0    47.3 0   593.0 0    73.7 0   279.4 0   288.56 0   288.14 0   386.4 0   287.11 0   287.31 0    10.9 0    89.8 0   159.6 0  -107.0 0    52.5 0    13.8 0    42.5 0     5.6 0   116.1 0   906.0 0
 2019   9  1  9 23 25 23.417  77.18   183.2 0    47.4 0   604.8 0    72.6 0   280.3 0   288.56 0   288.15 0   386.2 0   287.10 0   287.31 0    10.7 0    89.7 0   159.4 0  -106.0 0    53.4 0    13.8 0    42.1 0     5.7 0   117.6 0   906.0 0
 2019   9  1  9 23 26 23.433  77.33   183.7 0    47.7 0   621.0 0    71.6 0   279.9 0   288.53 0   288.16 0   386.8 0   287.10 0   287.31 0    10.5 0    89.8 0   160.1 0  -106.9 0    53.1 0    13.8 0    42.5 0     5.1 0   122.2 0   906.0 0
 2019   9  1  9 23 27 23.450  77.48   184.0 0    48.0 0   637.6 0    70.7 0   280.6 0   288.55 0   288.18 0   386.7 0   287.10 0   287.33 0    10.2 0    90.0 0   160.9 0  -106.2 0    54.7 0    13.8 0    42.8 0     5.3 0   112.9 0   906.0 0
 2019   9  1  9 23 28 23.467  77.64   178.8 0    46.6 0   623.7 0    69.7 0   280.1 0   288.56 0   288.20 0   386.6 0   287.10 0   287.34 0    10.0 0    87.8 0   156.7 0  -106.5 0    50.2 0    13.9 0    42.9 0     5.1 0   109.8 0   905.9 0
 2019   9  1  9 23 29 23.483  77.79   178.4 0    46.9 0   634.5 0    68.8 0   279.5 0   288.56 0   288.18 0   386.1 0   287.11 0   287.33 0     9.8 0    87.6 0   156.2 0  -106.6 0    49.6 0    13.9 0    42.5 0     5.3 0   113.3 0   905.9 0
 2019   9  1  9 23 30 23.500  77.94   175.6 0    46.4 0   632.7 0    67.9 0   279.7 0   288.56 0   288.16 0   386.0 0   287.11 0   287.31 0     9.6 0    86.3 0   153.7 0  -106.3 0    47.4 0    13.9 0    42.0 0     6.0 0   121.1 0   906.0 0
 2019   9  1  9 23 31 23.517  78.10   173.5 0    46.1 0   636.5 0    66.8 0   279.7 0   288.56 0   288.17 0   385.7 0   287.10 0   287.31 0     9.4 0    85.3 0   151.9 0  -106.0 0    45.9 0    13.8 0    42.6 0     5.5 0   122.5 0   905.9 0
 2019   9  1  9 23 32 23.533  78.25   170.2 0    45.5 0   633.4 0    65.6 0   280.2 0   288.57 0   288.20 0   385.8 0   287.10 0   287.31 0     9.2 0    83.9 0   149.1 0  -105.5 0    43.6 0    13.8 0    43.2 0     5.4 0   119.5 0   906.0 0
 2019   9  1  9 23 33 23.550  78.41   166.1 0    44.4 0   624.9 0    64.5 0   279.6 0   288.59 0   288.20 0   385.5 0   287.10 0   287.30 0     9.0 0    82.0 0   145.6 0  -105.9 0    39.7 0    13.9 0    42.3 0     5.8 0   112.3 0   906.0 0
 2019   9  1  9 23 34 23.567  78.56   154.6 0    41.1 0   573.1 0    63.1 0   279.5 0   288.59 0   288.17 0   385.1 0   287.10 0   287.28 0     8.7 0    76.9 0   135.7 0  -105.7 0    30.0 0    13.8 0    42.6 0     5.6 0   111.0 0   906.0 0
 2019   9  1  9 23 35 23.583  78.72   140.0 0    36.9 0   502.5 0    61.5 0   279.9 0   288.58 0   288.16 0   384.9 0   287.10 0   287.27 0     8.5 0    70.6 0   122.9 0  -104.9 0    17.9 0    13.9 0    42.6 0     4.8 0   116.2 0   906.0 0
 2019   9  1  9 23 36 23.600  78.87   153.7 0    41.4 0   595.6 0    60.7 0   279.4 0   288.56 0   288.15 0   384.8 0   287.10 0   287.26 0     8.3 0    76.3 0   134.2 0  -105.4 0    28.8 0    13.9 0    42.4 0     5.8 0   120.7 0   905.9 0
 2019   9  1  9 23 37 23.617  79.03   154.3 0    42.0 0   614.5 0    59.8 0   279.2 0   288.56 0   288.14 0   384.2 0   287.08 0   287.26 0     8.1 0    76.3 0   134.8 0  -105.0 0    29.8 0    13.8 0    42.2 0     6.1 0   123.4 0   905.9 0
 2019   9  1  9 23 38 23.633  79.18   146.5 0    39.8 0   582.6 0    58.8 0   279.8 0   288.56 0   288.12 0   384.0 0   287.07 0   287.24 0     7.9 0    72.9 0   128.3 0  -104.2 0    24.1 0    13.8 0    42.3 0     6.5 0   121.9 0   905.9 0
 2019   9  1  9 23 39 23.650  79.34   141.3 0    38.4 0   565.5 0    57.6 0   279.2 0   288.53 0   288.10 0   383.6 0   287.05 0   287.21 0     7.7 0    70.6 0   123.7 0  -104.4 0    19.3 0    13.8 0    42.3 0     6.1 0   113.1 0   905.9 0
 2019   9  1  9 23 40 23.667  79.50   138.7 0    38.0 0   565.0 0    56.3 0   278.8 0   288.52 0   288.08 0   383.3 0   287.05 0   287.20 0     7.5 0    69.3 0   121.3 0  -104.5 0    16.8 0    13.7 0    42.2 0     5.9 0   122.4 0   905.9 0
 2019   9  1  9 23 41 23.683  79.66   131.3 0    35.7 0   533.0 0    55.1 0   279.0 0   288.51 0   288.08 0   382.8 0   287.02 0   287.18 0     7.3 0    65.8 0   115.1 0  -103.8 0    11.3 0    13.7 0    42.2 0     5.8 0   122.4 0   905.8 0
 2019   9  1  9 23 42 23.700  79.81   129.8 0    35.8 0   537.7 0    54.0 0   278.9 0   288.48 0   288.04 0   382.6 0   287.00 0   287.15 0     7.1 0    65.2 0   113.3 0  -103.7 0     9.6 0    13.7 0    42.8 0     4.5 0   124.6 0   905.9 0
 2019   9  1  9 23 43 23.717  79.97   133.3 0    36.7 0   575.2 0    53.4 0   279.1 0   288.46 0   288.03 0   382.6 0   287.00 0   287.18 0     6.9 0    66.6 0   116.9 0  -103.5 0    13.4 0    13.8 0    43.1 0     4.6 0   114.7 0   905.9 0
 2019   9  1  9 23 44 23.733  80.13   115.6 0    30.9 0   473.8 0    51.8 0   278.5 0   288.45 0   288.00 0   382.0 0   287.00 0   287.15 0     6.7 0    58.6 0   102.2 0  -103.5 0    -1.4 0    13.8 0    42.9 0     5.0 0   103.4 0   905.8 0
 2019   9  1  9 23 45 23.750  80.29   104.7 0    28.0 0   413.6 0    50.4 0   278.3 0   288.42 0   287.97 0   381.2 0   287.00 0   287.11 0     6.5 0    53.8 0    92.2 0  -102.9 0   -10.7 0    13.8 0    42.2 0     6.2 0   107.2 0   905.8 0
 2019   9  1  9 23 46 23.767  80.45   100.7 0    27.0 0   395.1 0    49.3 0   278.3 0   288.39 0   287.93 0   380.5 0   286.97 0   287.09 0     6.3 0    51.9 0    87.9 0  -102.2 0   -14.3 0    13.8 0    42.7 0     5.3 0   106.6 0   905.9 0
 2019   9  1  9 23 47 23.783  80.61    91.5 0    24.1 0   341.0 0    48.2 0   278.1 0   288.35 0   287.88 0   379.9 0   286.95 0   287.06 0     6.1 0    47.4 0    79.7 0  -101.8 0   -22.1 0    13.7 0    42.8 0     5.0 0   105.8 0   905.9 0
 2019   9  1  9 23 48 23.800  80.77    78.1 0    20.1 0   256.9 0    46.8 0   278.7 0   288.30 0   287.83 0   379.2 0   286.94 0   287.03 0     5.9 0    41.1 0    67.9 0  -100.6 0   -32.7 0    13.7 0    43.1 0     5.0 0   109.2 0   905.9 0
 2019   9  1  9 23 49 23.817  80.93    72.8 0    18.6 0   228.8 0    45.5 0   278.3 0   288.24 0   287.80 0   378.6 0   286.91 0   286.99 0     5.7 0    38.3 0    63.0 0  -100.4 0   -37.3 0    13.7 0    43.1 0     5.2 0   121.0 0   905.9 0
 2019   9  1  9 23 50 23.833  81.09    69.9 0    17.9 0   216.6 0    44.6 0   278.5 0   288.17 0   287.74 0   378.0 0   286.89 0   286.95 0     5.6 0    36.8 0    60.3 0   -99.6 0   -39.3 0    13.6 0    42.8 0     5.7 0   120.9 0   905.9 0
 2019   9  1  9 23 51 23.850  81.25    66.2 0    16.8 0   197.5 0    43.6 0   277.8 0   288.11 0   287.67 0   377.5 0   286.85 0   286.91 0     5.4 0    34.8 0    56.8 0   -99.6 0   -42.8 0    13.6 0    43.0 0     5.5 0   122.2 0   905.9 0
 2019   9  1  9 23 52 23.867  81.41    62.4 0    15.8 0   178.3 0    42.7 0   277.8 0   288.05 0   287.61 0   377.0 0   286.83 0   286.89 0     5.2 0    32.8 0    53.5 0   -99.1 0   -45.6 0    13.6 0    43.5 0     4.8 0   120.8 0   905.9 0
 2019   9  1  9 23 53 23.883  81.57    61.0 0    15.5 0   177.1 0    41.8 0   278.2 0   287.98 0   287.55 0   376.6 0   286.80 0   286.85 0     5.0 0    32.1 0    52.3 0   -98.4 0   -46.1 0    13.6 0    43.5 0     4.8 0   121.3 0   905.9 0
 2019   9  1  9 23 54 23.900  81.73    61.3 0    15.8 0   190.0 0    41.1 0   278.0 0   287.91 0   287.50 0   376.2 0   286.77 0   286.83 0     4.9 0    32.1 0    52.7 0   -98.2 0   -45.5 0    13.6 0    43.4 0     4.8 0   114.2 0   905.9 0
 2019   9  1  9 23 55 23.917  81.89    54.4 0    13.4 0   142.2 0    40.3 0   277.8 0   287.85 0   287.44 0   375.8 0   286.75 0   286.80 0     4.7 0    28.5 0    46.9 0   -97.9 0   -51.0 0    13.6 0    43.7 0     4.4 0   117.2 0   905.9 0
 2019   9  1  9 23 56 23.933  82.06    49.1 0    11.9 0   107.6 0    39.4 0   277.8 0   287.80 0   287.39 0   375.1 0   286.72 0   286.76 0     4.6 0    25.9 0    42.3 0   -97.3 0   -55.0 0    13.6 0    44.0 0     4.3 0   121.2 0   905.9 0
 2019   9  1  9 23 57 23.950  82.22    46.0 0    10.9 0    89.8 0    38.5 0   277.7 0   287.73 0   287.33 0   374.6 0   286.69 0   286.73 0     4.4 0    24.4 0    39.7 0   -96.9 0   -57.2 0    13.5 0    43.4 0     5.3 0   119.1 0   905.9 0
 2019   9  1  9 23 58 23.967  82.38    42.1 0     9.7 0    64.0 0    37.6 0   277.5 0   287.66 0   287.26 0   374.1 0   286.66 0   286.69 0     4.3 0    22.3 0    36.4 0   -96.6 0   -60.1 0    13.5 0    43.3 0     5.1 0   115.4 0   905.9 0
 2019   9  1  9 23 59 23.983  82.54    38.9 0     8.7 0    43.2 0    36.9 0   277.5 0   287.59 0   287.20 0   373.6 0   286.63 0   286.66 0     4.1 0    20.6 0    33.8 0   -96.1 0   -62.3 0    13.5 0    44.0 0     5.2 0   115.1 0   905.9 0
