 Desert Rock
   36.624 -116.019 1007 m version 1
 2019  20  1 20  0  0  0.000  80.87   114.2 0    31.5 0   526.1 0    47.2 0   290.0 0   289.94 0   289.55 0   398.9 0   288.81 0   289.04 0     7.0 0    55.2 0    99.1 0  -108.9 0    -9.8 0    15.1 0    38.7 0     3.4 0   217.2 0   912.1 0
 2019  20  1 20  0  1  0.017  81.04   119.5 0    33.6 0   582.0 0    47.0 0   289.9 0   289.90 0   289.50 0   398.6 0   288.77 0   288.99 0     6.7 0    57.7 0   104.0 0  -108.7 0    -4.7 0    15.0 0    38.8 0     3.4 0   221.1 0   912.1 0
 2019  20  1 20  0  2  0.033  81.20   129.1 0    36.9 0   671.6 0    46.6 0   289.7 0   289.86 0   289.47 0   398.5 0   288.73 0   288.98 0     6.5 0    62.1 0   112.5 0  -108.8 0     3.6 0    15.1 0    39.4 0     2.9 0   215.6 0   912.1 0
 2019  20  1 20  0  3  0.050  81.37   121.1 0    34.4 0   626.3 0    46.2 0   289.7 0   289.84 0   289.43 0   398.3 0   288.70 0   288.94 0     6.3 0    58.1 0   105.8 0  -108.6 0    -2.8 0    15.1 0    38.9 0     2.9 0   216.5 0   912.1 0
 2019  20  1 20  0  4  0.067  81.53    98.2 0    27.2 0   464.4 0    45.1 0   289.4 0   289.80 0   289.43 0   397.9 0   288.67 0   288.90 0     6.1 0    47.8 0    86.3 0  -108.6 0   -22.2 0    15.1 0    39.0 0     2.6 0   220.6 0   912.1 0
 2019  20  1 20  0  5  0.083  81.70    86.5 0    23.3 0   380.4 0    44.4 0   289.0 0   289.76 0   289.38 0   397.2 0   288.64 0   288.86 0     5.9 0    42.4 0    76.0 0  -108.2 0   -32.2 0    15.1 0    39.3 0     2.7 0   221.5 0   912.1 0
 2019  20  1 20  0  6  0.100  81.87    93.5 0    25.8 0   447.3 0    44.3 0   288.9 0   289.71 0   289.32 0   396.6 0   288.61 0   288.83 0     5.7 0    45.7 0    81.7 0  -107.7 0   -26.0 0    15.1 0    39.9 0     2.8 0   219.2 0   912.1 0
 2019  20  1 20  0  7  0.117  82.03    80.5 0    21.6 0   348.9 0    43.7 0   288.9 0   289.65 0   289.28 0   395.7 0   288.58 0   288.78 0     5.5 0    39.5 0    70.5 0  -106.8 0   -36.4 0    15.1 0    39.2 0     3.1 0   209.4 0   912.1 0
 2019  20  1 20  0  8  0.133  82.20    76.1 0    20.5 0   322.4 0    43.2 0   288.7 0   289.60 0   289.23 0   394.8 0   288.54 0   288.71 0     5.3 0    37.7 0    66.5 0  -106.1 0   -39.6 0    15.0 0    39.5 0     3.3 0   212.3 0   912.1 0
 2019  20  1 20  0  9  0.150  82.37    87.0 0    24.5 0   424.8 0    43.2 0   288.5 0   289.54 0   289.16 0   394.3 0   288.49 0   288.66 0     5.2 0    42.4 0    75.2 0  -105.8 0   -30.7 0    14.9 0    38.9 0     3.7 0   215.4 0   912.1 0
 2019  20  1 20  0 10  0.167  82.54    79.5 0    21.9 0   369.5 0    42.7 0   287.9 0   289.49 0   289.11 0   393.9 0   288.45 0   288.62 0     5.0 0    38.6 0    68.8 0  -106.0 0   -37.1 0    14.8 0    39.8 0     3.3 0   214.5 0   912.1 0
 2019  20  1 20  0 11  0.183  82.70    72.1 0    19.6 0   315.9 0    41.9 0   287.9 0   289.43 0   289.02 0   393.2 0   288.40 0   288.57 0     4.8 0    35.2 0    62.4 0  -105.4 0   -43.0 0    14.8 0    39.7 0     3.4 0   216.5 0   912.1 0
 2019  20  1 20  0 12  0.200  82.87    67.4 0    18.1 0   280.2 0    41.2 0   287.8 0   289.36 0   288.96 0   392.7 0   288.35 0   288.50 0     4.6 0    32.6 0    57.9 0  -104.9 0   -47.0 0    14.7 0    39.6 0     3.4 0   217.2 0   912.1 0
 2019  20  1 20  0 13  0.217  83.04    58.4 0    15.1 0   204.1 0    40.4 0   287.5 0   289.28 0   288.89 0   391.9 0   288.30 0   288.45 0     4.5 0    28.1 0    50.1 0  -104.5 0   -54.4 0    14.7 0    39.6 0     3.2 0   219.3 0   912.1 0
 2019  20  1 20  0 14  0.233  83.21    60.0 0    15.7 0   230.0 0    39.9 0   287.9 0   289.20 0   288.82 0   391.5 0   288.25 0   288.41 0     4.3 0    28.6 0    51.4 0  -103.6 0   -52.2 0    14.6 0    41.0 0     2.4 0   218.3 0   912.1 0
 2019  20  1 20  0 15  0.250  83.38    76.8 0    21.8 0   409.6 0    40.2 0   287.7 0   289.12 0   288.76 0   391.4 0   288.21 0   288.37 0     4.2 0    35.6 0    65.7 0  -103.7 0   -38.0 0    14.7 0    40.6 0     3.1 0   218.4 0   912.1 0
 2019  20  1 20  0 16  0.267  83.54    78.8 0    22.8 0   446.6 0    40.2 0   287.7 0   289.07 0   288.71 0   391.1 0   288.17 0   288.34 0     4.0 0    36.1 0    67.6 0  -103.3 0   -35.8 0    14.6 0    40.3 0     3.5 0   220.7 0   912.1 0
 2019  20  1 20  0 17  0.283  83.71    75.3 0    21.9 0   428.6 0    39.8 0   287.3 0   289.03 0   288.68 0   390.9 0   288.12 0   288.29 0     3.8 0    34.4 0    64.8 0  -103.6 0   -38.8 0    14.6 0    40.4 0     3.5 0   217.6 0   912.1 0
 2019  20  1 20  0 18  0.300  83.88    74.3 0    21.7 0   434.0 0    39.5 0   287.3 0   288.99 0   288.64 0   390.5 0   288.08 0   288.25 0     3.7 0    33.8 0    64.0 0  -103.2 0   -39.2 0    14.6 0    40.5 0     3.3 0   218.3 0   912.1 0
 2019  20  1 20  0 19  0.317  84.05    61.2 0    17.0 0   304.9 0    38.5 0   287.3 0   288.95 0   288.60 0   390.0 0   288.04 0   288.21 0     3.5 0    28.1 0    53.0 0  -102.8 0   -49.7 0    14.6 0    40.3 0     3.3 0   219.1 0   912.1 0
 2019  20  1 20  0 20  0.333  84.22    49.1 0    12.7 0   181.8 0    37.1 0   287.3 0   288.90 0   288.55 0   389.5 0   288.00 0   288.15 0     3.4 0    22.9 0    42.7 0  -102.2 0   -59.5 0    14.5 0    41.6 0     2.5 0   221.2 0   912.1 0
 2019  20  1 20  0 21  0.350  84.39    40.7 0     9.6 0    95.5 0    35.7 0   286.6 0   288.83 0   288.48 0   388.5 0   287.95 0   288.10 0     3.3 0    19.1 0    35.4 0  -101.9 0   -66.5 0    14.5 0    41.9 0     2.5 0   220.8 0   912.1 0
 2019  20  1 20  0 22  0.367  84.56    40.5 0     9.7 0   104.7 0    34.6 0   286.3 0   288.75 0   288.40 0   387.8 0   287.92 0   288.04 0     3.1 0    18.8 0    34.9 0  -101.5 0   -66.6 0    14.4 0    41.4 0     3.1 0   219.9 0   912.1 0
 2019  20  1 20  0 23  0.383  84.73    40.7 0     9.9 0   119.3 0    33.7 0   286.1 0   288.67 0   288.33 0   387.2 0   287.87 0   287.99 0     3.0 0    18.5 0    34.7 0  -101.1 0   -66.4 0    14.4 0    41.7 0     2.9 0   220.2 0   912.1 0
 2019  20  1 20  0 24  0.400  84.90    36.7 0     8.7 0    82.9 0    32.5 0   286.2 0   288.59 0   288.26 0   386.6 0   287.83 0   287.94 0     2.8 0    16.7 0    31.3 0  -100.4 0   -69.1 0    14.4 0    42.0 0     2.8 0   222.8 0   912.1 0
 2019  20  1 20  0 25  0.417  85.07    33.2 0     7.5 0    51.0 0    31.4 0   286.3 0   288.51 0   288.18 0   386.1 0   287.78 0   287.89 0     2.7 0    15.0 0    28.3 0   -99.8 0   -71.5 0    14.3 0    42.4 0     2.6 0   220.6 0   912.1 0
 2019  20  1 20  0 26  0.433  85.24    31.0 0     7.1 0    35.6 0    30.3 0   285.7 0   288.43 0   288.10 0   385.6 0   287.73 0   287.84 0     2.6 0    14.0 0    26.2 0   -99.9 0   -73.7 0    14.3 0    42.8 0     2.6 0   223.1 0   912.1 0
 2019  20  1 20  0 27  0.450  85.41    29.5 0     6.7 0    28.8 0    29.4 0   285.8 0   288.34 0   288.02 0   385.1 0   287.69 0   287.79 0     2.4 0    13.1 0    24.9 0   -99.3 0   -74.4 0    14.3 0    42.2 0     3.1 0   223.3 0   912.1 0
 2019  20  1 20  0 28  0.467  85.57    28.3 0     6.7 0    26.5 0    28.4 0   285.3 0   288.26 0   287.94 0   384.5 0   287.64 0   287.74 0     2.3 0    12.5 0    23.7 0   -99.2 0   -75.5 0    14.2 0    42.8 0     2.8 0   218.6 0   912.1 0
 2019  20  1 20  0 29  0.483  85.74    27.1 0     6.3 0    26.5 0    27.4 0   285.4 0   288.18 0   287.86 0   384.0 0   287.60 0   287.69 0     2.2 0    12.0 0    23.0 0   -98.6 0   -75.6 0    14.1 0    42.8 0     2.7 0   218.5 0   912.1 0
 2019  20  1 20  0 30  0.500  85.91    26.1 0     6.0 0    26.4 0    26.4 0   284.8 0   288.09 0   287.78 0   383.4 0   287.55 0   287.64 0     2.1 0    11.3 0    22.2 0   -98.7 0   -76.4 0    14.1 0    42.7 0     2.9 0   218.7 0   912.1 0
 2019  20  1 20  0 31  0.517  86.08    25.2 0     5.9 0    31.7 0    25.3 0   284.7 0   288.01 0   287.70 0   382.9 0   287.50 0   287.59 0     2.0 0    10.9 0    21.6 0   -98.2 0   -76.6 0    14.1 0    43.3 0     2.5 0   214.3 0   912.1 0
 2019  20  1 20  0 32  0.533  86.25    24.5 0     5.9 0    40.6 0    24.3 0   284.2 0   287.93 0   287.62 0   382.3 0   287.45 0   287.54 0     1.9 0    10.5 0    21.1 0   -98.1 0   -77.1 0    14.0 0    43.7 0     2.5 0   213.0 0   912.1 0
 2019  20  1 20  0 33  0.550  86.42    23.5 0     5.9 0    44.2 0    23.3 0   284.3 0   287.86 0   287.55 0   381.8 0   287.41 0   287.50 0     1.8 0    10.1 0    20.2 0   -97.5 0   -77.3 0    14.0 0    43.8 0     2.6 0   215.7 0   912.1 0
 2019  20  1 20  0 34  0.567  86.59    22.4 0     5.7 0    44.5 0    22.2 0   284.3 0   287.78 0   287.47 0   381.5 0   287.36 0   287.45 0     1.7 0     9.5 0    19.2 0   -97.2 0   -78.0 0    14.0 0    43.9 0     2.6 0   214.6 0   912.1 0
 2019  20  1 20  0 35  0.583  86.76    20.5 0     5.1 0    30.4 0    21.2 0   283.7 0   287.71 0   287.40 0   381.0 0   287.31 0   287.40 0     1.6 0     8.7 0    17.8 0   -97.4 0   -79.6 0    13.9 0    44.3 0     2.5 0   216.5 0   912.1 0
 2019  20  1 20  0 36  0.600  86.92    19.1 0     4.7 0    24.6 0    20.1 0   283.5 0   287.63 0   287.34 0   380.6 0   287.27 0   287.35 0     1.5 0     8.1 0    16.7 0   -97.1 0   -80.4 0    13.9 0    44.8 0     2.4 0   217.8 0   912.1 0
 2019  20  1 20  0 37  0.617  87.09    18.1 0     4.6 0    31.4 0    19.1 0   283.4 0   287.56 0   287.27 0   380.2 0   287.22 0   287.30 0     1.5 0     7.6 0    16.1 0   -96.7 0   -80.6 0    13.8 0    44.8 0     2.6 0   219.0 0   912.1 0
 2019  20  1 20  0 38  0.633  87.26    17.3 0     4.6 0    41.3 0    18.3 0   283.4 0   287.49 0   287.20 0   379.8 0   287.17 0   287.25 0     1.3 0     7.3 0    15.6 0   -96.4 0   -80.8 0    13.8 0    44.8 0     2.4 0   219.6 0   912.1 0
 2019  20  1 20  0 39  0.650  87.42    16.1 0     4.3 0    36.7 0    17.3 0   283.3 0   287.43 0   287.14 0   379.3 0   287.12 0   287.21 0     1.3 0 -9999.9 1    14.7 0   -96.0 0   -81.3 0    13.8 0    45.4 0     2.2 0   219.0 0   912.1 0
 2019  20  1 20  0 40  0.667  87.59    15.0 0     4.2 0    44.4 0    16.3 0   283.1 0   287.36 0   287.07 0   378.9 0   287.08 0   287.16 0     1.2 0 -9999.9 1    14.0 0   -95.8 0   -81.8 0    13.7 0    45.5 0     2.4 0   220.2 0   912.1 0
 2019  20  1 20  0 41  0.683  87.75    14.2 0     4.4 0    66.5 0    15.5 0   282.8 0   287.29 0   287.00 0   378.5 0   287.03 0   287.12 0     1.2 0 -9999.9 1    13.7 0   -95.7 0   -82.0 0    13.7 0    45.5 0     2.5 0   220.6 0   912.1 0
 2019  20  1 20  0 42  0.700  87.92    13.3 0     4.8 0    98.2 0    14.7 0   282.7 0   287.23 0   286.94 0   378.2 0   286.98 0   287.08 0     1.0 0 -9999.9 1    13.5 0   -95.5 0   -82.0 0    13.6 0    45.7 0     2.4 0   218.0 0   912.1 0
 2019  20  1 20  0 43  0.717  88.08    12.3 0     4.6 0   103.2 0    13.8 0   282.5 0   287.18 0   286.88 0   377.7 0   286.94 0   287.04 0     1.0 0 -9999.9 1    12.6 0   -95.2 0   -82.6 0    13.6 0    46.0 0     2.3 0   217.2 0   912.1 0
 2019  20  1 20  0 44  0.733  88.24    10.7 0     3.4 0    45.4 0    12.6 0   282.4 0   287.12 0   286.82 0   377.2 0   286.89 0   286.98 0     1.0 0 -9999.9 1    10.6 0   -94.8 0   -84.2 0    13.6 0    46.0 0     2.3 0   215.9 0   912.1 0
 2019  20  1 20  0 45  0.750  88.40     9.5 0     2.6 0    15.9 0    11.4 0   281.8 0   287.06 0   286.77 0   376.7 0   286.85 0   286.92 0     1.0 0 -9999.9 1     9.2 0   -95.0 0   -85.7 0    13.5 0    46.1 0     2.2 0   215.8 0   912.2 0
 2019  20  1 20  0 46  0.767  88.56     8.6 0     2.3 0     9.1 0    10.4 0   281.5 0   287.00 0   286.70 0   376.4 0   286.80 0   286.87 0     0.9 0 -9999.9 1     8.3 0   -94.8 0   -86.5 0    13.5 0    46.5 0     2.2 0   216.3 0   912.2 0
 2019  20  1 20  0 47  0.783  88.72     7.7 0     2.1 0     5.5 0     9.5 0   281.7 0   286.93 0   286.63 0   376.0 0   286.76 0   286.82 0     0.8 0     3.2 0     7.6 0   -94.4 0   -86.8 0    13.5 0    46.3 0     2.3 0   218.3 0   912.2 0
 2019  20  1 20  0 48  0.800  88.87     7.0 0     1.8 0     3.0 0     8.6 0   281.3 0   286.86 0   286.56 0   375.6 0   286.71 0   286.77 0     0.8 0     2.8 0     6.9 0   -94.3 0   -87.4 0    13.4 0    46.3 0     2.3 0   221.5 0   912.2 0
 2019  20  1 20  0 49  0.817  89.02     6.6 0     1.7 0     1.8 0     7.9 0   281.6 0   286.79 0   286.50 0   375.4 0   286.66 0   286.72 0     0.7 0     2.4 0     6.2 0   -93.7 0   -87.5 0    13.4 0    46.3 0     2.3 0   223.9 0   912.2 0
 2019  20  1 20  0 50  0.833  89.17     5.9 0     1.5 0     1.1 0     7.1 0   280.9 0   286.72 0   286.44 0   374.9 0   286.62 0   286.67 0     0.7 0     2.1 0     5.6 0   -94.0 0   -88.4 0    13.4 0    46.6 0     2.1 0   223.8 0   912.2 0
 2019  20  1 20  0 51  0.850  89.32     5.2 0     1.3 0     0.8 0     6.4 0   280.8 0   286.66 0   286.38 0   374.6 0   286.58 0   286.63 0     0.7 0     1.8 0     5.1 0   -93.8 0   -88.7 0    13.3 0    47.1 0     1.9 0   227.5 0   912.2 0
 2019  20  1 20  0 52  0.867  89.47     4.3 0     1.0 0     0.4 0     5.7 0   280.7 0   286.60 0   286.31 0   374.3 0   286.53 0   286.58 0     0.6 0     1.4 0     4.7 0   -93.6 0   -88.9 0    13.3 0    47.2 0     1.8 0   229.6 0   912.2 0
 2019  20  1 20  0 53  0.883  89.60     3.5 0     0.8 0     0.4 0     5.1 0   280.5 0   286.53 0   286.27 0   373.9 0   286.48 0   286.54 0     0.5 0     1.1 0     4.3 0   -93.3 0   -89.1 0    13.3 0    47.3 0     2.0 0   230.1 0   912.2 0
 2019  20  1 20  0 54  0.900  89.74     3.0 0     0.8 0     0.1 0     4.5 0   280.9 0   286.47 0   286.20 0   373.4 0   286.44 0   286.49 0     0.5 0     0.9 0     3.7 0   -92.6 0   -88.9 0    13.2 0    47.7 0     1.9 0   228.2 0   912.3 0
 2019  20  1 20  0 55  0.917  89.87     2.5 0     0.8 0     0.0 0     4.2 0   281.0 0   286.42 0   286.15 0   373.3 0   286.40 0   286.45 0     0.5 0     0.6 0     3.4 0   -92.3 0   -88.9 0    13.2 0    47.3 0     2.0 0   228.0 0   912.3 0
 2019  20  1 20  0 56  0.933  89.99     2.4 0     0.8 0     0.0 0     4.0 0   280.4 0   286.36 0   286.11 0   372.8 0   286.35 0   286.40 0     0.5 0     0.5 0     3.2 0   -92.4 0   -89.2 0    13.1 0    47.5 0     2.3 0   225.4 0   912.3 0
 2019  20  1 20  0 57  0.950  90.94     2.0 0     0.8 0     0.0 0     3.6 0   280.1 0   286.31 0   286.06 0   372.5 0   286.30 0   286.35 0     0.0 0     0.4 0     2.8 0   -92.3 0   -89.5 0    13.1 0    47.5 0     2.2 0   226.2 0   912.3 0
 2019  20  1 20  0 58  0.967  91.12     1.6 0     0.4 0     0.0 0     3.2 0   280.2 0   286.26 0   286.01 0   372.2 0   286.26 0   286.31 0     0.0 0     0.2 0     2.8 0   -92.0 0   -89.2 0    13.1 0    47.5 0     2.1 0   226.7 0   912.3 0
 2019  20  1 20  0 59  0.983  91.31     1.0 0     0.4 0     0.0 0     2.7 0   279.9 0   286.20 0   285.94 0   371.7 0   286.22 0   286.27 0     0.0 0    -0.1 0     2.3 0   -91.8 0   -89.5 0    13.1 0    47.8 0     1.8 0   226.1 0   912.3 0
 2019  20  1 20  1  0  1.000  91.49     0.8 0     0.3 0     0.0 0     2.3 0   279.8 0   286.15 0   285.89 0   371.3 0   286.18 0   286.22 0     0.0 0    -0.2 0     2.0 0   -91.6 0   -89.5 0    13.0 0    47.8 0     1.9 0   225.4 0   912.3 0
 2019  20  1 20  1  1  1.017  91.67     0.4 0     0.0 0     0.0 0     2.0 0   279.7 0   286.09 0   285.84 0   370.8 0   286.14 0   286.18 0     0.0 0    -0.3 0     2.0 0   -91.2 0   -89.2 0    13.0 0    48.4 0     1.5 0   221.3 0   912.2 0
 2019  20  1 20  1  2  1.033  91.85     0.0 0     0.0 0     0.0 0     1.7 0   279.6 0   286.04 0   285.78 0   370.6 0   286.09 0   286.14 0     0.0 0    -0.5 0     1.7 0   -90.9 0   -89.2 0    12.9 0    48.0 0     1.7 0   225.4 0   912.2 0
 2019  20  1 20  1  3  1.050  92.04     0.0 0     0.0 0     0.0 0     1.5 0   279.5 0   285.98 0   285.72 0   370.3 0   286.05 0   286.09 0     0.0 0    -0.6 0     1.5 0   -90.8 0   -89.4 0    12.9 0    48.3 0     1.6 0   226.1 0   912.2 0
 2019  20  1 20  1  4  1.067  92.22    -0.3 0     0.0 0     0.0 0     1.4 0   279.4 0   285.93 0   285.67 0   369.9 0   286.01 0   286.05 0     0.0 0    -0.7 0     1.4 0   -90.6 0   -89.2 0    12.9 0    48.4 0     1.4 0   224.0 0   912.2 0
 2019  20  1 20  1  5  1.083  92.41    -0.7 0     0.0 0     0.0 0     1.1 0   279.7 0   285.88 0   285.63 0   369.6 0   285.97 0   286.01 0     0.0 0    -0.9 0     1.1 0   -89.9 0   -88.8 0    12.9 0    48.1 0     1.5 0   223.0 0   912.2 0
 2019  20  1 20  1  6  1.100  92.59    -0.8 0     0.0 0     0.0 0     1.0 0   279.6 0   285.83 0   285.60 0   369.4 0   285.93 0   285.98 0     0.0 0    -0.9 0     1.0 0   -89.8 0   -88.8 0    12.9 0    48.4 0     1.3 0   223.8 0   912.2 0
 2019  20  1 20  1  7  1.117  92.77    -0.8 0     0.0 0     0.0 0     0.7 0   279.4 0   285.78 0   285.55 0   368.8 0   285.88 0   285.93 0     0.0 0    -0.9 0     0.7 0   -89.5 0   -88.8 0    12.8 0    48.7 0     1.1 0   219.1 0   912.2 0
 2019  20  1 20  1  8  1.133  92.96    -1.1 0     0.0 0     0.0 0     0.7 0   279.5 0   285.74 0   285.49 0   368.6 0   285.85 0   285.89 0     0.0 0    -1.0 0     0.7 0   -89.2 0   -88.5 0    12.8 0    48.9 0     0.9 0   224.3 0   912.2 0
 2019  20  1 20  1  9  1.150  93.14    -1.3 0    -0.2 0     0.0 0     0.4 0   279.4 0   285.70 0   285.46 0   368.0 0   285.81 0   285.86 0     0.0 0    -0.9 0     0.4 0   -88.6 0   -88.2 0    12.7 0    49.2 0     0.5 0   205.3 0   912.2 0
 2019  20  1 20  1 10  1.167  93.33    -1.6 0    -0.4 0     0.0 0     0.3 0   279.0 0   285.66 0   285.42 0   367.7 0   285.78 0   285.83 0     0.0 0    -1.1 0     0.3 0   -88.7 0   -88.3 0    12.7 0    49.3 0     0.4 0   208.6 0   912.1 0
 2019  20  1 20  1 11  1.183  93.51    -1.6 0    -0.4 0     0.0 0     0.2 0   279.4 0   285.62 0   285.38 0   367.5 0   285.75 0   285.79 0     0.0 0    -1.1 0     0.2 0   -88.0 0   -87.8 0    12.7 0    49.3 0     0.3 0   208.0 0   912.1 0
 2019  20  1 20  1 12  1.200  93.70    -1.6 0    -0.4 0     0.0 0     0.0 0   279.2 0   285.58 0   285.35 0   367.1 0   285.71 0   285.76 0     0.0 0    -1.2 0     0.0 0   -87.9 0   -87.9 0    12.6 0    49.5 0     0.0 0     0.0 0   912.1 0
 2019  20  1 20  1 13  1.217  93.88    -1.8 0    -0.4 0     0.0 0     0.0 0   279.2 0   285.56 0   285.33 0   366.2 0   285.68 0   285.70 0     0.0 0    -1.0 0     0.0 0   -87.1 0   -87.1 0    12.6 0    50.0 0     0.1 0   105.6 0   912.1 0
 2019  20  1 20  1 14  1.233  94.07    -2.1 0    -0.4 0     0.0 0     0.0 0   278.1 0   285.54 0   285.29 0   364.8 0   285.65 0   285.65 0     0.0 0    -0.6 0     0.0 0   -86.7 0   -86.7 0    12.5 0    50.3 0     0.7 0    98.3 0   912.1 0
 2019  20  1 20  1 15  1.250  94.25    -2.1 0    -0.4 0     0.0 0     0.0 0   277.7 0   285.52 0   285.24 0   364.1 0   285.61 0   285.60 0     0.0 0    -0.5 0     0.0 0   -86.3 0   -86.3 0    12.5 0    50.3 0     0.8 0    93.9 0   912.1 0
 2019  20  1 20  1 16  1.267  94.44    -2.0 0    -0.4 0     0.0 0     0.0 0   276.9 0   285.48 0   285.18 0   363.4 0   285.57 0   285.55 0     0.0 0    -0.4 0     0.0 0   -86.5 0   -86.5 0    12.5 0    50.3 0     0.9 0    86.9 0   912.1 0
 2019  20  1 20  1 17  1.283  94.62    -1.7 0    -0.4 0     0.0 0    -0.1 0   277.4 0   285.45 0   285.16 0   362.9 0   285.53 0   285.51 0     0.0 0    -0.2 0     0.0 0   -85.5 0   -85.5 0    12.5 0    50.1 0     1.0 0    79.6 0   912.1 0
 2019  20  1 20  1 18  1.300  94.81    -1.8 0    -0.4 0     0.0 0    -0.1 0   277.2 0   285.41 0   285.16 0   362.5 0   285.50 0   285.47 0     0.0 0    -0.2 0     0.0 0   -85.3 0   -85.3 0    12.5 0    49.8 0     1.1 0    72.1 0   912.1 0
 2019  20  1 20  1 19  1.317  95.00    -2.0 0    -0.4 0     0.0 0     0.0 0   276.8 0   285.41 0   285.20 0   362.1 0   285.46 0   285.43 0     0.0 0    -0.2 0     0.0 0   -85.3 0   -85.3 0    12.6 0    49.5 0     1.0 0    67.7 0   912.1 0
 2019  20  1 20  1 20  1.333  95.18    -2.1 0    -0.4 0     0.0 0     0.0 0   277.0 0   285.41 0   285.20 0   361.7 0   285.42 0   285.40 0     0.0 0    -0.2 0     0.0 0   -84.8 0   -84.8 0    12.6 0    49.4 0     1.0 0    69.4 0   912.1 0
 2019  20  1 20  1 21  1.350  95.37    -2.1 0    -0.4 0     0.0 0    -0.2 0   276.6 0   285.41 0   285.18 0   361.6 0   285.40 0   285.37 0     0.0 0    -0.2 0     0.0 0   -84.9 0   -84.9 0    12.6 0    49.0 0     0.8 0    68.9 0   912.2 0
 2019  20  1 20  1 22  1.367  95.56    -2.1 0    -0.4 0     0.0 0    -0.3 0   277.1 0   285.41 0   285.17 0   361.2 0   285.36 0   285.34 0     0.0 0     0.0 0     0.0 0   -84.1 0   -84.1 0    12.6 0    48.9 0     1.0 0    69.9 0   912.2 0
 2019  20  1 20  1 23  1.383  95.74    -2.1 0    -0.6 0     0.0 0    -0.3 0   276.9 0   285.39 0   285.18 0   361.5 0   285.33 0   285.33 0     0.0 0    -0.2 0     0.0 0   -84.6 0   -84.6 0    12.7 0    48.4 0     0.8 0   100.7 0   912.2 0
 2019  20  1 20  1 24  1.400  95.93    -2.1 0    -0.7 0     0.0 0    -0.3 0   277.6 0   285.39 0   285.20 0   361.6 0   285.30 0   285.30 0     0.0 0    -0.2 0     0.0 0   -84.0 0   -84.0 0    12.7 0    48.4 0     0.4 0   104.8 0   912.2 0
 2019  20  1 20  1 25  1.417  96.12    -2.1 0    -0.4 0     0.0 0    -0.3 0   277.5 0   285.40 0   285.19 0   361.3 0   285.28 0   285.26 0     0.0 0    -0.2 0     0.0 0   -83.8 0   -83.8 0    12.7 0    48.3 0     0.5 0    83.1 0   912.2 0
 2019  20  1 20  1 26  1.433  96.31    -2.1 0    -0.4 0     0.0 0    -0.3 0   278.2 0   285.41 0   285.20 0   360.9 0   285.25 0   285.24 0     0.0 0    -0.1 0     0.0 0   -82.8 0   -82.8 0    12.7 0    48.0 0     0.7 0    75.7 0   912.2 0
 2019  20  1 20  1 27  1.450  96.49    -2.1 0    -0.4 0     0.0 0    -0.3 0   278.5 0   285.41 0   285.18 0   360.7 0   285.22 0   285.21 0     0.0 0    -0.1 0     0.0 0   -82.2 0   -82.2 0    12.7 0    48.0 0     0.7 0    79.0 0   912.2 0
 2019  20  1 20  1 28  1.467  96.68    -2.1 0    -0.4 0     0.0 0    -0.3 0   278.3 0   285.41 0   285.19 0   360.6 0   285.20 0   285.18 0     0.0 0    -0.1 0     0.0 0   -82.2 0   -82.2 0    12.7 0    48.0 0     0.8 0    77.3 0   912.2 0
 2019  20  1 20  1 29  1.483  96.87    -2.1 0    -0.6 0     0.0 0    -0.3 0   278.2 0   285.40 0   285.17 0   360.3 0   285.17 0   285.16 0     0.0 0    -0.1 0     0.0 0   -82.0 0   -82.0 0    12.8 0    48.1 0     0.9 0    83.1 0   912.3 0
 2019  20  1 20  1 30  1.500  97.06    -2.1 0    -0.6 0     0.0 0    -0.3 0   277.7 0   285.39 0   285.20 0   360.2 0   285.15 0   285.15 0     0.0 0    -0.1 0     0.0 0   -82.5 0   -82.5 0    12.7 0    48.0 0     0.5 0    83.5 0   912.3 0
 2019  20  1 20  1 31  1.517  97.25    -2.1 0    -0.6 0     0.0 0    -0.3 0   277.7 0   285.41 0   285.18 0   360.0 0   285.13 0   285.12 0     0.0 0     0.0 0     0.0 0   -82.3 0   -82.3 0    12.8 0    47.8 0     0.5 0    84.2 0   912.3 0
 2019  20  1 20  1 32  1.533  97.44    -2.1 0    -0.7 0     0.0 0    -0.3 0   276.8 0   285.40 0   285.16 0   359.9 0   285.11 0   285.10 0     0.0 0     0.0 0     0.0 0   -83.1 0   -83.1 0    12.8 0    47.7 0     0.4 0    83.6 0   912.3 0
 2019  20  1 20  1 33  1.550  97.63    -2.1 0    -0.4 0     0.0 0    -0.3 0   276.0 0   285.39 0   285.12 0   359.6 0   285.08 0   285.06 0     0.0 0     0.1 0     0.0 0   -83.5 0   -83.5 0    12.8 0    47.7 0     0.7 0    78.9 0   912.3 0
 2019  20  1 20  1 34  1.567  97.81    -2.2 0    -0.4 0     0.0 0    -0.3 0   275.5 0   285.38 0   285.16 0   359.2 0   285.06 0   285.05 0     0.0 0     0.0 0     0.0 0   -83.7 0   -83.7 0    12.8 0    47.5 0     0.6 0    72.3 0   912.3 0
 2019  20  1 20  1 35  1.583  98.00    -2.5 0    -0.4 0     0.0 0    -0.3 0   275.6 0   285.36 0   285.16 0   359.3 0   285.04 0   285.02 0     0.0 0     0.1 0     0.0 0   -83.7 0   -83.7 0    12.8 0    47.6 0     0.8 0    71.9 0   912.3 0
 2019  20  1 20  1 36  1.600  98.19    -2.5 0    -0.4 0     0.0 0    -0.3 0   275.3 0   285.36 0   285.14 0   358.9 0   285.01 0   285.00 0     0.0 0     0.1 0     0.0 0   -83.6 0   -83.6 0    12.8 0    47.4 0     0.8 0    79.9 0   912.3 0
 2019  20  1 20  1 37  1.617  98.38    -2.4 0    -0.4 0     0.0 0    -0.3 0   275.2 0   285.36 0   285.13 0   358.8 0   285.00 0   284.99 0     0.0 0     0.2 0     0.0 0   -83.6 0   -83.6 0    12.8 0    47.2 0     0.8 0    71.4 0   912.3 0
 2019  20  1 20  1 38  1.633  98.57    -2.5 0    -0.4 0     0.0 0    -0.3 0   275.3 0   285.36 0   285.13 0   358.7 0   284.98 0   284.96 0     0.0 0     0.1 0     0.0 0   -83.4 0   -83.4 0    12.8 0    47.1 0     1.0 0    65.0 0   912.3 0
 2019  20  1 20  1 39  1.650  98.76    -2.5 0    -0.4 0     0.0 0    -0.3 0   275.0 0   285.36 0   285.13 0   358.2 0   284.96 0   284.95 0     0.0 0     0.2 0     0.0 0   -83.3 0   -83.3 0    12.8 0    47.0 0     1.1 0    63.1 0   912.3 0
 2019  20  1 20  1 40  1.667  98.95    -2.3 0    -0.4 0     0.0 0    -0.3 0   275.2 0   285.36 0   285.13 0   358.1 0   284.95 0   284.93 0     0.0 0     0.2 0     0.0 0   -83.0 0   -83.0 0    12.9 0    46.8 0     1.1 0    61.8 0   912.3 0
 2019  20  1 20  1 41  1.683  99.14    -2.4 0    -0.4 0     0.0 0    -0.3 0   275.2 0   285.36 0   285.13 0   357.7 0   284.93 0   284.92 0     0.0 0     0.2 0     0.0 0   -82.5 0   -82.5 0    12.9 0    46.7 0     1.1 0    60.1 0   912.3 0
 2019  20  1 20  1 42  1.700  99.33    -2.5 0    -0.5 0     0.0 0    -0.3 0   274.7 0   285.36 0   285.11 0   357.6 0   284.92 0   284.90 0     0.0 0     0.2 0     0.0 0   -83.0 0   -83.0 0    12.9 0    46.6 0     1.1 0    60.0 0   912.3 0
 2019  20  1 20  1 43  1.717  99.52    -2.5 0    -0.5 0     0.0 0    -0.3 0   274.5 0   285.36 0   285.11 0   357.3 0   284.90 0   284.89 0     0.0 0     0.2 0     0.0 0   -82.7 0   -82.7 0    12.9 0    46.5 0     1.1 0    59.5 0   912.3 0
 2019  20  1 20  1 44  1.733  99.71    -2.5 0    -0.5 0     0.0 0    -0.3 0   275.3 0   285.36 0   285.11 0   357.5 0   284.90 0   284.88 0     0.0 0     0.2 0     0.0 0   -82.2 0   -82.2 0    12.9 0    46.3 0     1.1 0    58.9 0   912.3 0
 2019  20  1 20  1 45  1.750  99.90    -2.5 0    -0.6 0     0.0 0    -0.3 0   275.1 0   285.36 0   285.12 0   357.1 0   284.88 0   284.87 0     0.0 0     0.2 0     0.0 0   -82.0 0   -82.0 0    12.9 0    46.3 0     1.1 0    57.6 0   912.3 0
 2019  20  1 20  1 46  1.767 100.09    -2.5 0    -0.5 0     0.0 0    -0.3 0   274.6 0   285.36 0   285.12 0   356.9 0   284.88 0   284.85 0     0.0 0     0.2 0     0.0 0   -82.4 0   -82.4 0    12.9 0    46.3 0     1.1 0    57.2 0   912.3 0
 2019  20  1 20  1 47  1.783 100.29    -2.5 0    -0.4 0     0.0 0    -0.3 0   274.6 0   285.36 0   285.11 0   356.6 0   284.86 0   284.85 0     0.0 0     0.2 0     0.0 0   -82.0 0   -82.0 0    12.9 0    46.3 0     1.1 0    52.0 0   912.4 0
 2019  20  1 20  1 48  1.800 100.48    -2.5 0    -0.4 0     0.0 0    -0.3 0   274.5 0   285.36 0   285.10 0   356.6 0   284.85 0   284.84 0     0.0 0     0.2 0     0.0 0   -82.0 0   -82.0 0    12.9 0    46.1 0     1.1 0    50.5 0   912.4 0
 2019  20  1 20  1 49  1.817 100.67    -2.5 0    -0.4 0     0.0 0    -0.3 0   274.9 0   285.34 0   285.09 0   356.6 0   284.85 0   284.83 0     0.0 0     0.2 0     0.0 0   -81.6 0   -81.6 0    12.9 0    46.1 0     1.2 0    48.0 0   912.4 0
 2019  20  1 20  1 50  1.833 100.86    -2.5 0    -0.5 0     0.0 0    -0.3 0   274.9 0   285.33 0   285.09 0   356.3 0   284.83 0   284.83 0     0.0 0     0.2 0     0.0 0   -81.4 0   -81.4 0    12.9 0    46.0 0     1.3 0    45.5 0   912.4 0
 2019  20  1 20  1 51  1.850 101.05    -2.5 0    -0.4 0     0.0 0    -0.3 0   274.5 0   285.33 0   285.10 0   356.1 0   284.83 0   284.81 0     0.0 0     0.3 0     0.0 0   -81.6 0   -81.6 0    12.9 0    45.9 0     1.4 0    44.7 0   912.4 0
 2019  20  1 20  1 52  1.867 101.24    -2.5 0    -0.4 0     0.0 0    -0.3 0   274.3 0   285.33 0   285.08 0   356.1 0   284.82 0   284.80 0     0.0 0     0.4 0     0.0 0   -81.8 0   -81.8 0    12.9 0    45.8 0     1.6 0    40.5 0   912.4 0
 2019  20  1 20  1 53  1.883 101.43    -2.5 0    -0.5 0     0.0 0    -0.3 0   274.6 0   285.33 0   285.07 0   355.6 0   284.80 0   284.80 0     0.0 0     0.5 0     0.0 0   -81.0 0   -81.0 0    12.9 0    45.6 0     1.6 0    39.3 0   912.4 0
 2019  20  1 20  1 54  1.900 101.63    -2.5 0    -0.4 0     0.0 0    -0.3 0   275.1 0   285.33 0   285.05 0   355.3 0   284.80 0   284.80 0     0.0 0     0.5 0     0.0 0   -80.2 0   -80.2 0    12.9 0    45.5 0     1.5 0    39.2 0   912.4 0
 2019  20  1 20  1 55  1.917 101.82    -2.5 0    -0.4 0     0.0 0    -0.3 0   274.6 0   285.31 0   285.04 0   355.2 0   284.80 0   284.80 0     0.0 0     0.5 0     0.0 0   -80.6 0   -80.6 0    12.9 0    45.4 0     1.5 0    38.7 0   912.4 0
 2019  20  1 20  1 56  1.933 102.01    -2.5 0    -0.4 0     0.0 0    -0.3 0   275.1 0   285.30 0   285.01 0   355.2 0   284.80 0   284.80 0     0.0 0     0.5 0     0.0 0   -80.0 0   -80.0 0    13.0 0    45.2 0     1.4 0    38.5 0   912.4 0
 2019  20  1 20  1 57  1.950 102.20    -2.5 0    -0.4 0     0.0 0    -0.3 0   275.0 0   285.28 0   284.99 0   355.1 0   284.80 0   284.77 0     0.0 0     0.5 0     0.0 0   -80.2 0   -80.2 0    13.0 0    45.2 0     1.4 0    38.4 0   912.4 0
 2019  20  1 20  1 58  1.967 102.40    -2.5 0    -0.4 0     0.0 0    -0.3 0   275.1 0   285.26 0   284.93 0   354.3 0   284.77 0   284.77 0     0.0 0     0.5 0     0.0 0   -79.3 0   -79.3 0    13.0 0    45.3 0     1.6 0    38.5 0   912.4 0
 2019  20  1 20  1 59  1.983 102.59    -2.3 0    -0.4 0     0.0 0    -0.3 0   274.9 0   285.23 0   284.86 0   353.7 0   284.77 0   284.76 0     0.0 0     0.5 0     0.0 0   -78.9 0   -78.9 0    13.0 0    45.3 0     1.8 0    38.7 0   912.4 0
 2019  20  1 20  2  0  2.000 102.78    -2.1 0    -0.4 0     0.0 0    -0.3 0   274.4 0   285.18 0   284.79 0   353.4 0   284.77 0   284.75 0     0.0 0     0.6 0     0.0 0   -79.1 0   -79.1 0    12.9 0    45.6 0     2.0 0    39.7 0   912.4 0
 2019  20  1 20  2  1  2.017 102.98    -2.1 0    -0.4 0     0.0 0    -0.3 0   274.5 0   285.13 0   284.77 0   353.4 0   284.77 0   284.75 0     0.0 0     0.5 0     0.0 0   -78.9 0   -78.9 0    12.9 0    45.5 0     2.1 0    39.7 0   912.3 0
 2019  20  1 20  2  2  2.033 103.17    -2.1 0    -0.6 0     0.0 0    -0.3 0   274.4 0   285.08 0   284.70 0   353.1 0   284.76 0   284.75 0     0.0 0     0.6 0     0.0 0   -78.8 0   -78.8 0    12.9 0    45.3 0     2.1 0    39.1 0   912.3 0
 2019  20  1 20  2  3  2.050 103.36    -2.1 0    -0.8 0     0.0 0    -0.3 0   274.4 0   285.04 0   284.69 0   352.7 0   284.75 0   284.75 0     0.0 0     0.7 0     0.0 0   -78.4 0   -78.4 0    12.9 0    45.3 0     2.1 0    38.9 0   912.3 0
 2019  20  1 20  2  4  2.067 103.55    -2.1 0    -0.5 0     0.0 0    -0.3 0   273.5 0   285.00 0   284.58 0   352.1 0   284.75 0   284.72 0     0.0 0     0.8 0     0.0 0   -78.6 0   -78.6 0    12.9 0    45.9 0     2.2 0    39.3 0   912.3 0
 2019  20  1 20  2  5  2.083 103.75    -2.1 0    -0.1 0     0.0 0    -0.3 0   272.6 0   284.94 0   284.44 0   351.3 0   284.74 0   284.64 0     0.0 0     0.9 0     0.0 0   -78.7 0   -78.7 0    12.7 0    49.8 0     2.4 0    40.9 0   912.3 0
 2019  20  1 20  2  6  2.100 103.94    -2.1 0     0.4 0     0.0 0    -0.3 0   272.4 0   284.85 0   284.36 0   351.4 0   284.70 0   284.58 0     0.0 0     0.9 0     0.0 0   -79.1 0   -79.1 0    12.4 0    50.1 0     2.5 0    43.0 0   912.3 0
 2019  20  1 20  2  7  2.117 104.14    -2.1 0     0.4 0     0.0 0    -0.3 0   272.0 0   284.77 0   284.29 0   351.0 0   284.65 0   284.51 0     0.0 0     0.9 0     0.0 0   -78.9 0   -78.9 0    12.2 0    53.1 0     2.7 0    44.1 0   912.3 0
 2019  20  1 20  2  8  2.133 104.33    -2.1 0     0.6 0     0.0 0    -0.3 0   271.3 0   284.69 0   284.15 0   350.6 0   284.60 0   284.44 0     0.0 0     1.0 0     0.0 0   -79.3 0   -79.3 0    11.9 0    54.0 0     2.8 0    44.5 0   912.3 0
 2019  20  1 20  2  9  2.150 104.52    -2.1 0     0.2 0     0.0 0    -0.3 0   270.7 0   284.60 0   284.08 0   350.9 0   284.54 0   284.44 0     0.0 0     0.9 0     0.0 0   -80.3 0   -80.3 0    11.9 0    50.7 0     2.8 0    44.5 0   912.2 0
 2019  20  1 20  2 10  2.167 104.72    -2.1 0    -0.1 0     0.0 0    -0.3 0   270.8 0   284.51 0   284.00 0   350.6 0   284.51 0   284.44 0     0.0 0     0.9 0     0.0 0   -79.9 0   -79.9 0    12.1 0    49.5 0     2.8 0    44.4 0   912.2 0
 2019  20  1 20  2 11  2.183 104.91    -2.1 0    -0.4 0     0.0 0    -0.3 0   270.6 0   284.42 0   283.94 0   350.7 0   284.48 0   284.41 0     0.0 0     0.9 0     0.0 0   -80.1 0   -80.1 0    12.3 0    48.5 0     2.8 0    44.8 0   912.3 0
 2019  20  1 20  2 12  2.200 105.11    -2.1 0    -0.4 0     0.0 0    -0.3 0   271.0 0   284.34 0   283.89 0   350.8 0   284.46 0   284.39 0     0.0 0     0.9 0     0.0 0   -79.8 0   -79.8 0    12.4 0    47.6 0     2.7 0    45.6 0   912.3 0
 2019  20  1 20  2 13  2.217 105.30    -2.1 0    -0.8 0     0.0 0    -0.3 0   271.4 0   284.27 0   283.89 0   350.9 0   284.44 0   284.40 0     0.0 0     0.9 0     0.0 0   -79.5 0   -79.5 0    12.6 0    46.9 0     2.6 0    45.5 0   912.3 0
 2019  20  1 20  2 14  2.233 105.49    -2.1 0    -0.8 0     0.0 0    -0.3 0   271.5 0   284.23 0   283.87 0   350.7 0   284.44 0   284.39 0     0.0 0     0.9 0     0.0 0   -79.3 0   -79.3 0    12.6 0    47.0 0     2.6 0    45.0 0   912.3 0
 2019  20  1 20  2 15  2.250 105.69    -2.1 0    -0.3 0     0.0 0    -0.3 0   271.2 0   284.19 0   283.81 0   350.2 0   284.42 0   284.33 0     0.0 0     0.9 0     0.0 0   -79.1 0   -79.1 0    12.6 0    49.4 0     2.7 0    44.7 0   912.3 0
 2019  20  1 20  2 16  2.267 105.88    -2.1 0     0.0 0     0.0 0    -0.3 0   270.9 0   284.15 0   283.75 0   350.1 0   284.38 0   284.25 0     0.0 0     0.9 0     0.0 0   -79.3 0   -79.3 0    12.4 0    49.8 0     2.7 0    44.3 0   912.3 0
 2019  20  1 20  2 17  2.283 106.08    -2.1 0    -0.1 0     0.0 0    -0.3 0   271.6 0   284.10 0   283.74 0   350.3 0   284.35 0   284.26 0     0.0 0     0.9 0     0.0 0   -78.7 0   -78.7 0    12.4 0    48.7 0     2.7 0    43.0 0   912.3 0
 2019  20  1 20  2 18  2.300 106.27    -2.4 0    -0.4 0     0.0 0    -0.3 0   271.9 0   284.06 0   283.74 0   350.3 0   284.32 0   284.26 0     0.0 0     0.9 0     0.0 0   -78.4 0   -78.4 0    12.4 0    48.3 0     2.7 0    41.6 0   912.2 0
 2019  20  1 20  2 19  2.317 106.47    -2.5 0    -0.3 0     0.0 0    -0.3 0   271.8 0   284.04 0   283.73 0   350.0 0   284.30 0   284.23 0     0.0 0     0.9 0     0.0 0   -78.1 0   -78.1 0    12.5 0    48.6 0     2.7 0    40.8 0   912.2 0
 2019  20  1 20  2 20  2.333 106.66    -2.4 0     0.0 0     0.0 0    -0.3 0   271.5 0   284.02 0   283.69 0   349.8 0   284.28 0   284.18 0     0.0 0     0.9 0     0.0 0   -78.3 0   -78.3 0    12.4 0    50.0 0     2.8 0    41.0 0   912.3 0
 2019  20  1 20  2 21  2.350 106.86    -2.4 0     0.3 0     0.0 0    -0.3 0   270.8 0   284.00 0   283.61 0   349.2 0   284.24 0   284.10 0     0.0 0     1.0 0     0.0 0   -78.4 0   -78.4 0    12.1 0    54.4 0     2.9 0    41.5 0   912.3 0
 2019  20  1 20  2 22  2.367 107.06    -2.4 0     0.7 0     0.0 0    -0.3 0   270.7 0   283.95 0   283.55 0   348.9 0   284.18 0   284.02 0     0.0 0     1.2 0     0.0 0   -78.2 0   -78.2 0    11.7 0    57.4 0     3.0 0    41.7 0   912.3 0
 2019  20  1 20  2 23  2.383 107.25    -2.4 0     0.8 0     0.0 0    -0.3 0   270.3 0   283.91 0   283.51 0   348.7 0   284.12 0   283.95 0     0.0 0     1.3 0     0.0 0   -78.4 0   -78.4 0    11.4 0    58.4 0     3.1 0    41.7 0   912.3 0
 2019  20  1 20  2 24  2.400 107.45    -2.5 0     0.8 0     0.0 0    -0.3 0   269.9 0   283.87 0   283.46 0   348.5 0   284.05 0   283.88 0     0.0 0     1.3 0     0.0 0   -78.6 0   -78.6 0    11.2 0    59.8 0     3.2 0    42.1 0   912.3 0
 2019  20  1 20  2 25  2.417 107.64    -2.5 0     0.6 0     0.0 0    -0.3 0   269.9 0   283.82 0   283.42 0   348.3 0   283.98 0   283.82 0     0.0 0     1.3 0     0.0 0   -78.4 0   -78.4 0    11.1 0    60.2 0     3.2 0    41.9 0   912.3 0
 2019  20  1 20  2 26  2.433 107.84    -2.5 0     0.4 0     0.0 0    -0.3 0   270.2 0   283.78 0   283.40 0   348.1 0   283.92 0   283.77 0     0.0 0     1.3 0     0.0 0   -77.9 0   -77.9 0    11.0 0    59.2 0     3.2 0    41.7 0   912.3 0
 2019  20  1 20  2 27  2.450 108.03    -2.5 0     0.3 0     0.0 0    -0.3 0   270.7 0   283.74 0   283.39 0   348.2 0   283.86 0   283.72 0     0.0 0     1.3 0     0.0 0   -77.5 0   -77.5 0    11.1 0    57.8 0     3.1 0    40.3 0   912.2 0
 2019  20  1 20  2 28  2.467 108.23    -2.5 0     0.0 0     0.0 0    -0.3 0   270.4 0   283.72 0   283.36 0   348.0 0   283.81 0   283.69 0     0.0 0     1.3 0     0.0 0   -77.6 0   -77.6 0    11.2 0    57.2 0     3.1 0    39.3 0   912.2 0
 2019  20  1 20  2 29  2.483 108.43    -2.5 0     0.1 0     0.0 0    -0.3 0   270.0 0   283.69 0   283.31 0   347.8 0   283.76 0   283.63 0     0.0 0     1.3 0     0.0 0   -77.9 0   -77.9 0    11.2 0    58.5 0     3.1 0    38.1 0   912.2 0
 2019  20  1 20  2 30  2.500 108.62    -2.5 0     0.4 0     0.0 0    -0.3 0   269.7 0   283.65 0   283.26 0   347.6 0   283.70 0   283.56 0     0.0 0     1.3 0     0.0 0   -77.9 0   -77.9 0    11.0 0    61.5 0     3.3 0    37.8 0   912.2 0
 2019  20  1 20  2 31  2.517 108.82    -2.5 0     0.4 0     0.0 0    -0.3 0   268.9 0   283.62 0   283.20 0   347.2 0   283.64 0   283.49 0     0.0 0     1.3 0     0.0 0   -78.3 0   -78.3 0    10.7 0    63.7 0     3.3 0    38.0 0   912.2 0
 2019  20  1 20  2 32  2.533 109.02    -2.5 0     0.4 0     0.0 0    -0.3 0   269.2 0   283.57 0   283.15 0   347.1 0   283.58 0   283.44 0     0.0 0     1.3 0     0.0 0   -77.9 0   -77.9 0    10.5 0    64.0 0     3.3 0    39.6 0   912.2 0
 2019  20  1 20  2 33  2.550 109.21    -2.5 0     0.4 0     0.0 0    -0.3 0   269.1 0   283.53 0   283.11 0   346.9 0   283.52 0   283.38 0     0.0 0     1.3 0     0.0 0   -77.8 0   -77.8 0    10.4 0    64.5 0     3.2 0    39.2 0   912.3 0
 2019  20  1 20  2 34  2.567 109.41    -2.5 0     0.4 0     0.0 0    -0.3 0   268.8 0   283.48 0   283.09 0   346.7 0   283.46 0   283.32 0     0.0 0     1.3 0     0.0 0   -77.9 0   -77.9 0    10.3 0    65.3 0     3.2 0    39.5 0   912.3 0
 2019  20  1 20  2 35  2.583 109.61    -2.5 0     0.4 0     0.0 0    -0.3 0   268.3 0   283.44 0   283.04 0   346.6 0   283.41 0   283.26 0     0.0 0     1.3 0     0.0 0   -78.3 0   -78.3 0    10.2 0    65.4 0     3.1 0    41.9 0   912.3 0
 2019  20  1 20  2 36  2.600 109.80    -2.5 0     0.1 0     0.0 0    -0.3 0   269.0 0   283.40 0   283.00 0   346.5 0   283.36 0   283.22 0     0.0 0     1.4 0     0.0 0   -77.5 0   -77.5 0    10.2 0    65.4 0     2.9 0    44.2 0   912.2 0
 2019  20  1 20  2 37  2.617 110.00    -2.5 0     0.2 0     0.0 0    -0.3 0   268.8 0   283.36 0   282.96 0   346.1 0   283.31 0   283.15 0     0.0 0     1.4 0     0.0 0   -77.3 0   -77.3 0    10.1 0    66.4 0     2.1 0    50.8 0   912.2 0
 2019  20  1 20  2 38  2.633 110.20    -2.3 0     0.2 0     0.0 0    -0.3 0   268.7 0   283.32 0   282.91 0   345.8 0   283.25 0   283.09 0     0.0 0     1.3 0     0.0 0   -77.0 0   -77.0 0    10.0 0    67.8 0     1.1 0    95.0 0   912.2 0
 2019  20  1 20  2 39  2.650 110.39    -2.1 0     0.0 0     0.0 0    -0.3 0   267.8 0   283.27 0   282.81 0   346.2 0   283.19 0   283.05 0     0.0 0     1.3 0     0.0 0   -78.4 0   -78.4 0     9.8 0    69.1 0     1.7 0   120.5 0   912.3 0
 2019  20  1 20  2 40  2.667 110.59    -2.0 0     0.0 0     0.0 0    -0.3 0   267.0 0   283.20 0   282.70 0   346.2 0   283.13 0   283.00 0     0.0 0     1.3 0     0.0 0   -79.2 0   -79.2 0     9.7 0    69.5 0     1.7 0   115.5 0   912.3 0
 2019  20  1 20  2 41  2.683 110.79    -1.9 0     0.0 0     0.0 0    -0.3 0   266.6 0   283.12 0   282.61 0   346.1 0   283.09 0   282.96 0     0.0 0     1.3 0     0.0 0   -79.5 0   -79.5 0     9.6 0    69.6 0     1.3 0    97.6 0   912.3 0
 2019  20  1 20  2 42  2.700 110.99    -1.8 0     0.0 0     0.0 0    -0.3 0   265.7 0   283.04 0   282.54 0   345.7 0   283.04 0   282.92 0     0.0 0     1.3 0     0.0 0   -79.9 0   -79.9 0     9.6 0    69.4 0     1.7 0    70.4 0   912.3 0
 2019  20  1 20  2 43  2.717 111.18    -1.7 0     0.0 0     0.0 0    -0.3 0   265.8 0   282.97 0   282.47 0   345.5 0   283.00 0   282.88 0     0.0 0     1.3 0     0.0 0   -79.7 0   -79.7 0     9.7 0    69.1 0     1.8 0    69.9 0   912.3 0
 2019  20  1 20  2 44  2.733 111.38    -2.0 0    -0.1 0     0.0 0    -0.3 0   265.9 0   282.89 0   282.40 0   345.4 0   282.96 0   282.85 0     0.0 0     1.3 0     0.0 0   -79.5 0   -79.5 0     9.8 0    68.6 0     1.8 0    75.8 0   912.3 0
 2019  20  1 20  2 45  2.750 111.58    -2.1 0    -0.1 0     0.0 0    -0.3 0   266.6 0   282.82 0   282.35 0   345.3 0   282.92 0   282.80 0     0.0 0     1.3 0     0.0 0   -78.7 0   -78.7 0     9.8 0    68.5 0     1.4 0    91.7 0   912.3 0
 2019  20  1 20  2 46  2.767 111.78    -2.1 0    -0.3 0     0.0 0    -0.3 0   267.0 0   282.74 0   282.34 0   345.9 0   282.88 0   282.79 0     0.0 0     1.3 0     0.0 0   -78.9 0   -78.9 0     9.8 0    68.0 0     1.6 0   110.2 0   912.3 0
 2019  20  1 20  2 47  2.783 111.97    -2.1 0    -0.4 0     0.0 0    -0.3 0   267.1 0   282.69 0   282.30 0   346.2 0   282.84 0   282.76 0     0.0 0     1.3 0     0.0 0   -79.1 0   -79.1 0     9.9 0    66.7 0     1.7 0   100.4 0   912.3 0
 2019  20  1 20  2 48  2.800 112.17    -2.1 0    -0.4 0     0.0 0    -0.3 0   267.2 0   282.64 0   282.27 0   346.5 0   282.82 0   282.76 0     0.0 0     1.3 0     0.0 0   -79.3 0   -79.3 0    10.1 0    65.1 0     1.7 0    92.5 0   912.3 0
 2019  20  1 20  2 49  2.817 112.37    -2.1 0    -0.6 0     0.0 0    -0.3 0   267.2 0   282.60 0   282.30 0   346.5 0   282.80 0   282.76 0     0.0 0     1.2 0     0.0 0   -79.3 0   -79.3 0    10.3 0    63.9 0     1.7 0    91.4 0   912.3 0
 2019  20  1 20  2 50  2.833 112.57    -2.2 0    -0.6 0     0.0 0    -0.3 0   267.9 0   282.59 0   282.28 0   346.7 0   282.79 0   282.75 0     0.0 0     1.2 0     0.0 0   -78.8 0   -78.8 0    10.4 0    62.9 0     1.8 0    93.9 0   912.2 0
 2019  20  1 20  2 51  2.850 112.77    -2.3 0    -0.8 0     0.0 0    -0.3 0   267.6 0   282.56 0   282.24 0   346.9 0   282.79 0   282.76 0     0.0 0     1.0 0     0.0 0   -79.3 0   -79.3 0    10.6 0    62.0 0     1.8 0    92.8 0   912.2 0
 2019  20  1 20  2 52  2.867 112.96    -2.2 0    -0.8 0     0.0 0    -0.3 0   268.3 0   282.54 0   282.21 0   347.1 0   282.79 0   282.77 0     0.0 0     1.0 0     0.0 0   -78.8 0   -78.8 0    10.7 0    60.6 0     1.7 0    93.4 0   912.2 0
 2019  20  1 20  2 53  2.883 113.16    -2.1 0    -0.8 0     0.0 0    -0.3 0   268.5 0   282.52 0   282.18 0   346.8 0   282.79 0   282.79 0     0.0 0     1.1 0     0.0 0   -78.4 0   -78.4 0    10.9 0    59.6 0     1.5 0    83.9 0   912.2 0
 2019  20  1 20  2 54  2.900 113.36    -2.1 0    -0.5 0     0.0 0    -0.3 0   268.9 0   282.49 0   282.19 0   346.3 0   282.79 0   282.79 0     0.0 0     1.0 0     0.0 0   -77.4 0   -77.4 0    11.0 0    59.3 0     1.5 0    80.6 0   912.2 0
 2019  20  1 20  2 55  2.917 113.56    -2.2 0    -0.4 0     0.0 0    -0.3 0   269.2 0   282.48 0   282.23 0   346.4 0   282.81 0   282.78 0     0.0 0     1.2 0     0.0 0   -77.2 0   -77.2 0    11.0 0    59.3 0     1.3 0    79.6 0   912.2 0
 2019  20  1 20  2 56  2.933 113.76    -2.5 0    -0.4 0     0.0 0    -0.3 0   269.5 0   282.49 0   282.25 0   346.3 0   282.82 0   282.79 0     0.0 0     1.0 0     0.0 0   -76.8 0   -76.8 0    11.0 0    59.3 0     1.6 0    83.1 0   912.2 0
 2019  20  1 20  2 57  2.950 113.96    -2.4 0    -0.5 0     0.0 0    -0.3 0   269.3 0   282.49 0   282.23 0   346.4 0   282.82 0   282.79 0     0.0 0     1.0 0     0.0 0   -77.0 0   -77.0 0    11.1 0    59.5 0     1.4 0    82.7 0   912.2 0
 2019  20  1 20  2 58  2.967 114.15    -2.1 0    -0.4 0     0.0 0    -0.3 0   269.1 0   282.49 0   282.18 0   346.2 0   282.82 0   282.77 0     0.0 0     1.2 0     0.0 0   -77.1 0   -77.1 0    11.0 0    60.4 0     1.3 0    76.3 0   912.2 0
 2019  20  1 20  2 59  2.983 114.35    -2.4 0    -0.4 0     0.0 0    -0.3 0   269.3 0   282.47 0   282.15 0   346.1 0   282.82 0   282.77 0     0.0 0     1.2 0     0.0 0   -76.9 0   -76.9 0    10.9 0    60.9 0     1.4 0    79.6 0   912.2 0
 2019  20  1 20  3  0  3.000 114.55    -2.5 0    -0.5 0     0.0 0    -0.3 0   270.0 0   282.45 0   282.15 0   346.4 0   282.82 0   282.79 0     0.0 0     1.1 0     0.0 0   -76.4 0   -76.4 0    10.9 0    59.9 0     1.2 0    85.1 0   912.2 0
 2019  20  1 20  3  1  3.017 114.75    -2.5 0    -0.5 0     0.0 0    -0.2 0   270.9 0   282.45 0   282.18 0   346.2 0   282.82 0   282.79 0     0.0 0     1.1 0     0.0 0   -75.3 0   -75.3 0    10.9 0    60.4 0     1.3 0    74.7 0   912.2 0
 2019  20  1 20  3  2  3.033 114.95    -2.5 0    -0.4 0     0.0 0    -0.1 0   272.1 0   282.45 0   282.26 0   346.2 0   282.82 0   282.79 0     0.0 0     1.2 0     0.0 0   -74.0 0   -74.0 0    10.9 0    60.4 0     1.3 0    74.3 0   912.2 0
 2019  20  1 20  3  3  3.050 115.15    -2.5 0    -0.4 0     0.0 0    -0.1 0   272.4 0   282.47 0   282.30 0   346.2 0   282.82 0   282.77 0     0.0 0     1.3 0     0.0 0   -73.8 0   -73.8 0    10.9 0    60.7 0     1.4 0    74.9 0   912.2 0
 2019  20  1 20  3  4  3.067 115.35    -2.5 0    -0.4 0     0.0 0    -0.3 0   272.4 0   282.50 0   282.25 0   346.2 0   282.82 0   282.78 0     0.0 0     1.2 0     0.0 0   -73.8 0   -73.8 0    10.9 0    60.0 0     1.5 0    79.7 0   912.2 0
 2019  20  1 20  3  5  3.083 115.55    -2.5 0    -0.7 0     0.0 0    -0.3 0   273.0 0   282.50 0   282.28 0   346.3 0   282.82 0   282.79 0     0.0 0     1.1 0     0.0 0   -73.3 0   -73.3 0    11.0 0    58.6 0     1.7 0    82.1 0   912.1 0
 2019  20  1 20  3  6  3.100 115.74    -2.5 0    -0.8 0     0.0 0    -0.1 0   273.1 0   282.52 0   282.35 0   346.3 0   282.83 0   282.83 0     0.0 0     0.9 0     0.0 0   -73.2 0   -73.2 0    11.1 0    57.6 0     1.6 0    92.3 0   912.1 0
 2019  20  1 20  3  7  3.117 115.94    -2.5 0    -0.8 0     0.0 0     0.0 0   273.1 0   282.55 0   282.39 0   346.0 0   282.84 0   282.84 0     0.0 0     0.9 0     0.0 0   -72.9 0   -72.9 0    11.1 0    58.5 0     1.8 0    97.4 0   912.1 0
 2019  20  1 20  3  8  3.133 116.14    -2.5 0    -0.4 0     0.0 0    -0.1 0   273.3 0   282.58 0   282.39 0   346.0 0   282.84 0   282.82 0     0.0 0     0.9 0     0.0 0   -72.7 0   -72.7 0    11.0 0    59.6 0     2.0 0   100.0 0   912.1 0
 2019  20  1 20  3  9  3.150 116.34    -2.5 0    -0.4 0     0.0 0    -0.3 0   273.1 0   282.59 0   282.35 0   346.3 0   282.84 0   282.80 0     0.0 0     0.9 0     0.0 0   -73.2 0   -73.2 0    10.8 0    60.4 0     2.0 0    97.3 0   912.1 0
 2019  20  1 20  3 10  3.167 116.54    -2.5 0    -0.3 0     0.0 0    -0.3 0   273.4 0   282.59 0   282.34 0   346.1 0   282.84 0   282.79 0     0.0 0     0.9 0     0.0 0   -72.7 0   -72.7 0    10.6 0    61.2 0     1.9 0    89.6 0   912.1 0
 2019  20  1 20  3 11  3.183 116.74    -2.5 0     0.0 0     0.0 0    -0.2 0   273.4 0   282.59 0   282.35 0   345.7 0   282.82 0   282.77 0     0.0 0     0.9 0     0.0 0   -72.3 0   -72.3 0    10.5 0    62.3 0     1.8 0    90.8 0   912.2 0
 2019  20  1 20  3 12  3.200 116.94    -2.5 0     0.0 0     0.0 0    -0.2 0   273.4 0   282.59 0   282.36 0   345.5 0   282.80 0   282.74 0     0.0 0     0.9 0     0.0 0   -72.1 0   -72.1 0    10.3 0    63.5 0     1.8 0    96.7 0   912.1 0
 2019  20  1 20  3 13  3.217 117.14    -2.5 0     0.0 0     0.0 0    -0.2 0   273.0 0   282.59 0   282.34 0   345.5 0   282.78 0   282.72 0     0.0 0     0.9 0     0.0 0   -72.5 0   -72.5 0    10.1 0    64.3 0     1.9 0   103.9 0   912.1 0
 2019  20  1 20  3 14  3.233 117.34    -2.5 0     0.0 0     0.0 0    -0.3 0   272.6 0   282.59 0   282.34 0   345.3 0   282.75 0   282.68 0     0.0 0     0.9 0     0.0 0   -72.7 0   -72.7 0    10.0 0    64.9 0     2.4 0    98.4 0   912.1 0
 2019  20  1 20  3 15  3.250 117.54    -2.5 0     0.0 0     0.0 0    -0.3 0   272.5 0   282.59 0   282.31 0   345.3 0   282.74 0   282.66 0     0.0 0     1.0 0     0.0 0   -72.8 0   -72.8 0    10.0 0    64.9 0     2.0 0    92.0 0   912.1 0
 2019  20  1 20  3 16  3.267 117.74    -2.5 0     0.0 0     0.0 0    -0.3 0   272.5 0   282.59 0   282.28 0   345.0 0   282.71 0   282.64 0     0.0 0     1.0 0     0.0 0   -72.5 0   -72.5 0    10.0 0    65.2 0     1.8 0    91.9 0   912.2 0
 2019  20  1 20  3 17  3.283 117.94    -2.5 0     0.0 0     0.0 0    -0.3 0   272.0 0   282.57 0   282.27 0   344.9 0   282.69 0   282.60 0     0.0 0     0.9 0     0.0 0   -72.8 0   -72.8 0     9.9 0    65.9 0     1.7 0    96.0 0   912.2 0
 2019  20  1 20  3 18  3.300 118.14    -2.5 0     0.0 0     0.0 0    -0.3 0   271.7 0   282.56 0   282.25 0   344.6 0   282.65 0   282.57 0     0.0 0     0.9 0     0.0 0   -72.9 0   -72.9 0     9.8 0    66.4 0     1.8 0    98.1 0   912.2 0
 2019  20  1 20  3 19  3.317 118.34    -2.5 0     0.0 0     0.0 0    -0.3 0   272.2 0   282.54 0   282.24 0   344.7 0   282.63 0   282.55 0     0.0 0     1.1 0     0.0 0   -72.5 0   -72.5 0     9.8 0    66.6 0     1.7 0    94.3 0   912.2 0
 2019  20  1 20  3 20  3.333 118.54    -2.5 0     0.0 0     0.0 0    -0.3 0   272.1 0   282.53 0   282.22 0   344.3 0   282.60 0   282.52 0     0.0 0     1.0 0     0.0 0   -72.2 0   -72.2 0     9.7 0    66.7 0     1.6 0    96.1 0   912.2 0
 2019  20  1 20  3 21  3.350 118.74    -2.5 0    -0.1 0     0.0 0    -0.3 0   271.9 0   282.51 0   282.23 0   344.4 0   282.57 0   282.50 0     0.0 0     1.0 0     0.0 0   -72.5 0   -72.5 0     9.7 0    66.7 0     1.5 0    99.3 0   912.2 0
 2019  20  1 20  3 22  3.367 118.94    -2.5 0    -0.2 0     0.0 0    -0.3 0   271.8 0   282.50 0   282.25 0   344.3 0   282.55 0   282.48 0     0.0 0     0.9 0     0.0 0   -72.5 0   -72.5 0     9.7 0    66.7 0     1.2 0   100.1 0   912.2 0
 2019  20  1 20  3 23  3.383 119.14    -2.5 0    -0.2 0     0.0 0    -0.3 0   270.8 0   282.50 0   282.22 0   344.2 0   282.52 0   282.45 0     0.0 0     1.0 0     0.0 0   -73.3 0   -73.3 0     9.7 0    66.8 0     0.4 0    90.7 0   912.2 0
 2019  20  1 20  3 24  3.400 119.34    -2.0 0    -0.2 0     0.0 0    -0.3 0   269.9 0   282.48 0   282.02 0   343.1 0   282.50 0   282.41 0     0.0 0     1.3 0     0.0 0   -73.2 0   -73.2 0     9.7 0    67.1 0     0.1 0    79.0 0   912.2 0
 2019  20  1 20  3 25  3.417 119.54    -1.6 0     0.0 0     0.1 0    -0.3 0   271.0 0   282.39 0   281.88 0   344.4 0   282.45 0   282.36 0     0.0 0     0.7 0     0.0 0   -73.4 0   -73.4 0     9.5 0    68.1 0     0.2 0   339.9 0   912.2 0
 2019  20  1 20  3 26  3.433 119.74    -1.6 0     0.0 0     0.2 0    -0.3 0   270.9 0   282.29 0   281.78 0   345.0 0   282.40 0   282.34 0     0.0 0     0.5 0     0.0 0   -74.1 0   -74.1 0     9.4 0    68.9 0     0.4 0   355.2 0   912.2 0
 2019  20  1 20  3 27  3.450 119.94    -1.6 0    -0.3 0     0.0 0    -0.3 0   270.1 0   282.21 0   281.79 0   342.9 0   282.39 0   282.30 0     0.0 0     1.2 0     0.0 0   -72.8 0   -72.8 0     9.3 0    69.3 0     0.2 0    51.7 0   912.2 0
 2019  20  1 20  3 28  3.467 120.14    -1.9 0    -0.4 0     0.0 0    -0.3 0   269.8 0   282.15 0   281.83 0   342.6 0   282.36 0   282.28 0     0.0 0     1.3 0     0.0 0   -72.8 0   -72.8 0     9.3 0    69.7 0     0.2 0    65.9 0   912.1 0
 2019  20  1 20  3 29  3.483 120.34    -2.1 0    -0.4 0     0.0 0    -0.3 0   269.0 0   282.13 0   281.76 0   342.6 0   282.33 0   282.25 0     0.0 0     1.3 0     0.0 0   -73.5 0   -73.5 0     9.3 0    70.1 0     0.6 0    83.1 0   912.1 0
 2019  20  1 20  3 30  3.500 120.54    -1.9 0    -0.4 0     0.0 0    -0.3 0   269.0 0   282.09 0   281.76 0   342.6 0   282.30 0   282.21 0     0.0 0     1.3 0     0.0 0   -73.5 0   -73.5 0     9.2 0    70.6 0     0.4 0    81.1 0   912.1 0
 2019  20  1 20  3 31  3.517 120.74    -2.1 0    -0.4 0     0.0 0    -0.3 0   268.7 0   282.07 0   281.75 0   342.0 0   282.27 0   282.18 0     0.0 0     1.3 0     0.0 0   -73.2 0   -73.2 0     9.1 0    70.8 0     0.1 0    98.1 0   912.1 0
 2019  20  1 20  3 32  3.533 120.94    -2.1 0    -0.4 0     0.0 0    -0.3 0   268.1 0   282.04 0   281.73 0   342.5 0   282.24 0   282.15 0     0.0 0     1.3 0     0.0 0   -74.4 0   -74.4 0     9.1 0    71.3 0     0.7 0   108.8 0   912.1 0
 2019  20  1 20  3 33  3.550 121.14    -2.1 0    -0.3 0     0.0 0    -0.3 0   267.9 0   282.03 0   281.69 0   342.2 0   282.20 0   282.11 0     0.0 0     1.3 0     0.0 0   -74.4 0   -74.4 0     9.1 0    71.7 0     0.4 0   101.0 0   912.1 0
 2019  20  1 20  3 34  3.567 121.34    -2.1 0     0.0 0     0.0 0    -0.3 0   267.7 0   282.00 0   281.66 0   342.2 0   282.16 0   282.05 0     0.0 0     1.3 0     0.0 0   -74.5 0   -74.5 0     9.0 0    72.5 0     1.4 0   114.1 0   912.1 0
 2019  20  1 20  3 35  3.583 121.54    -2.1 0     0.0 0     0.0 0    -0.3 0   267.8 0   281.98 0   281.63 0   342.2 0   282.12 0   282.01 0     0.0 0     1.3 0     0.0 0   -74.4 0   -74.4 0     8.9 0    73.3 0     1.1 0   127.7 0   912.1 0
 2019  20  1 20  3 36  3.600 121.74    -2.1 0     0.0 0     0.0 0    -0.3 0   267.1 0   281.94 0   281.59 0   342.1 0   282.08 0   281.98 0     0.0 0     1.2 0     0.0 0   -75.0 0   -75.0 0     8.8 0    73.9 0     0.7 0   139.1 0   912.1 0
 2019  20  1 20  3 37  3.617 121.94    -2.1 0     0.0 0     0.0 0    -0.3 0   267.5 0   281.91 0   281.56 0   342.2 0   282.03 0   281.94 0     0.0 0     1.2 0     0.0 0   -74.7 0   -74.7 0     8.8 0    74.2 0     0.7 0   166.2 0   912.1 0
 2019  20  1 20  3 38  3.633 122.14    -2.1 0    -0.2 0     0.0 0    -0.3 0   267.0 0   281.88 0   281.52 0   342.4 0   282.00 0   281.91 0     0.0 0     0.9 0     0.0 0   -75.4 0   -75.4 0     8.8 0    74.4 0     0.4 0   176.8 0   912.1 0
 2019  20  1 20  3 39  3.650 122.34    -2.1 0    -0.2 0     0.0 0    -0.3 0   267.7 0   281.83 0   281.47 0   342.5 0   281.95 0   281.88 0     0.0 0     0.9 0     0.0 0   -74.8 0   -74.8 0     8.7 0    74.5 0     0.4 0   210.1 0   912.1 0
 2019  20  1 20  3 40  3.667 122.54    -2.1 0     0.0 0     0.0 0    -0.3 0   267.5 0   281.79 0   281.42 0   342.4 0   281.91 0   281.84 0     0.0 0     0.9 0     0.0 0   -74.9 0   -74.9 0     8.7 0    74.5 0     0.6 0   221.1 0   912.1 0
 2019  20  1 20  3 41  3.683 122.74    -1.8 0    -0.3 0     0.0 0    -0.3 0   267.5 0   281.74 0   281.35 0   342.5 0   281.87 0   281.81 0     0.0 0     0.9 0     0.0 0   -75.0 0   -75.0 0     8.6 0    74.7 0     0.2 0   213.9 0   912.1 0
 2019  20  1 20  3 42  3.700 122.94    -1.6 0    -0.4 0     0.0 0    -0.3 0   267.4 0   281.68 0   281.28 0   342.7 0   281.84 0   281.78 0     0.0 0     0.8 0     0.0 0   -75.3 0   -75.3 0     8.6 0    74.6 0     0.2 0   247.8 0   912.1 0
 2019  20  1 20  3 43  3.717 123.14    -1.6 0    -0.4 0     0.0 0    -0.3 0   268.1 0   281.62 0   281.23 0   342.7 0   281.80 0   281.74 0     0.0 0     0.8 0     0.0 0   -74.6 0   -74.6 0     8.6 0    74.4 0     0.2 0   247.8 0   912.1 0
 2019  20  1 20  3 44  3.733 123.34    -1.6 0    -0.4 0     0.0 0    -0.3 0   268.4 0   281.56 0   281.17 0   342.7 0   281.77 0   281.71 0     0.0 0     0.9 0     0.0 0   -74.3 0   -74.3 0     8.6 0    74.3 0     0.4 0   248.6 0   912.1 0
 2019  20  1 20  3 45  3.750 123.54    -1.6 0    -0.4 0     0.0 0    -0.3 0   268.4 0   281.50 0   281.14 0   342.7 0   281.73 0   281.67 0     0.0 0     0.7 0     0.0 0   -74.3 0   -74.3 0     8.6 0    74.2 0     0.6 0   253.6 0   912.1 0
 2019  20  1 20  3 46  3.767 123.74    -1.6 0    -0.3 0     0.0 0    -0.3 0   268.4 0   281.44 0   281.11 0   343.0 0   281.69 0   281.65 0     0.0 0     0.5 0     0.0 0   -74.5 0   -74.5 0     8.6 0    74.1 0     0.8 0   299.2 0   912.1 0
 2019  20  1 20  3 47  3.783 123.94    -1.6 0    -0.4 0     0.0 0    -0.3 0   269.6 0   281.40 0   281.13 0   343.5 0   281.65 0   281.62 0     0.0 0     0.5 0     0.0 0   -73.9 0   -73.9 0     8.6 0    73.9 0     0.9 0   318.1 0   912.1 0
 2019  20  1 20  3 48  3.800 124.14    -1.6 0    -0.4 0     0.0 0    -0.1 0   269.9 0   281.37 0   281.18 0   343.8 0   281.61 0   281.59 0     0.0 0     0.4 0     0.0 0   -74.0 0   -74.0 0     8.7 0    73.6 0     1.2 0   332.1 0   912.1 0
 2019  20  1 20  3 49  3.817 124.34    -1.6 0    -0.2 0     0.0 0    -0.2 0   270.1 0   281.37 0   281.16 0   344.1 0   281.58 0   281.57 0     0.0 0     0.4 0     0.0 0   -74.0 0   -74.0 0     8.7 0    73.4 0     1.3 0   332.5 0   912.1 0
 2019  20  1 20  3 50  3.833 124.54    -1.6 0    -0.2 0     0.0 0    -0.3 0   270.3 0   281.37 0   281.13 0   344.2 0   281.55 0   281.55 0     0.0 0     0.3 0     0.0 0   -73.9 0   -73.9 0     8.8 0    73.1 0     1.4 0   331.9 0   912.1 0
 2019  20  1 20  3 51  3.850 124.74    -1.6 0    -0.4 0     0.0 0    -0.3 0   270.3 0   281.35 0   281.06 0   344.4 0   281.53 0   281.55 0     0.0 0     0.2 0     0.0 0   -74.2 0   -74.2 0     8.8 0    72.2 0     1.3 0   328.9 0   912.1 0
 2019  20  1 20  3 52  3.867 124.95    -1.6 0    -0.4 0     0.0 0    -0.3 0   269.9 0   281.31 0   281.01 0   344.3 0   281.51 0   281.54 0     0.0 0     0.2 0     0.0 0   -74.5 0   -74.5 0     9.0 0    71.1 0     1.4 0   328.8 0   912.1 0
 2019  20  1 20  3 53  3.883 125.15    -1.6 0    -0.4 0     0.0 0    -0.3 0   270.5 0   281.28 0   280.99 0   344.4 0   281.50 0   281.52 0     0.0 0     0.2 0     0.0 0   -73.9 0   -73.9 0     9.1 0    70.3 0     1.6 0   337.1 0   912.1 0
 2019  20  1 20  3 54  3.900 125.35    -1.7 0    -0.6 0     0.0 0    -0.3 0   270.7 0   281.25 0   280.99 0   344.8 0   281.49 0   281.52 0     0.0 0     0.2 0     0.0 0   -74.1 0   -74.1 0     9.2 0    69.3 0     1.5 0   342.5 0   912.1 0
 2019  20  1 20  3 55  3.917 125.55    -2.0 0    -0.8 0     0.0 0    -0.3 0   271.1 0   281.23 0   281.00 0   344.9 0   281.47 0   281.52 0     0.0 0     0.2 0     0.0 0   -73.8 0   -73.8 0     9.3 0    68.3 0     1.5 0   345.4 0   912.1 0
 2019  20  1 20  3 56  3.933 125.75    -2.1 0    -0.8 0     0.0 0    -0.2 0   272.4 0   281.22 0   281.06 0   345.3 0   281.47 0   281.52 0     0.0 0     0.2 0     0.0 0   -72.9 0   -72.9 0     9.4 0    67.2 0     1.5 0   345.3 0   912.1 0
 2019  20  1 20  3 57  3.950 125.95    -2.1 0    -0.8 0     0.0 0     0.0 0   272.7 0   281.23 0   281.11 0   345.5 0   281.47 0   281.52 0     0.0 0     0.2 0     0.0 0   -72.8 0   -72.8 0     9.6 0    66.0 0     1.4 0   344.7 0   912.1 0
 2019  20  1 20  3 58  3.967 126.15    -2.1 0    -0.8 0     0.0 0    -0.2 0   271.9 0   281.25 0   281.09 0   345.2 0   281.47 0   281.55 0     0.0 0     0.1 0     0.0 0   -73.4 0   -73.4 0     9.8 0    64.5 0     1.3 0   337.5 0   912.1 0
 2019  20  1 20  3 59  3.983 126.35    -2.1 0    -0.5 0     0.0 0    -0.3 0   270.0 0   281.29 0   281.04 0   342.2 0   281.51 0   281.50 0     0.0 0     0.7 0     0.0 0   -72.1 0   -72.1 0     9.7 0    65.1 0     1.4 0     0.0 0   912.1 0
 2019  20  1 20  4  0  4.000 126.55    -2.1 0    -0.1 0     0.0 0    -0.3 0   270.4 0   281.27 0   281.00 0   341.8 0   281.49 0   281.45 0     0.0 0     0.6 0     0.0 0   -71.5 0   -71.5 0     9.5 0    67.1 0     0.9 0   354.6 0   912.1 0
 2019  20  1 20  4  1  4.017 126.75    -2.0 0     0.0 0     0.0 0    -0.3 0   271.9 0   281.24 0   280.94 0   342.5 0   281.45 0   281.41 0     0.0 0     0.2 0     0.0 0   -70.5 0   -70.5 0     9.2 0    69.5 0     0.1 0   350.5 0   912.1 0
 2019  20  1 20  4  2  4.033 126.95    -1.7 0     0.0 0     0.0 0    -0.3 0   271.8 0   281.19 0   280.85 0   342.6 0   281.42 0   281.38 0     0.0 0     0.2 0     0.0 0   -70.9 0   -70.9 0     9.0 0    71.2 0     0.2 0     9.5 0   912.1 0
 2019  20  1 20  4  3  4.050 127.15    -1.6 0     0.0 0     0.0 0    -0.3 0   270.7 0   281.16 0   280.75 0   340.9 0   281.40 0   281.33 0     0.0 0     0.8 0     0.0 0   -70.2 0   -70.2 0     8.8 0    72.3 0     0.5 0   131.5 0   912.1 0
 2019  20  1 20  4  4  4.067 127.35    -1.6 0     0.0 0     0.0 0    -0.3 0   271.0 0   281.10 0   280.66 0   340.7 0   281.37 0   281.30 0     0.0 0     0.8 0     0.0 0   -69.7 0   -69.7 0     8.6 0    73.2 0     0.5 0    40.1 0   912.1 0
 2019  20  1 20  4  5  4.083 127.55    -1.9 0     0.0 0     0.0 0    -0.3 0   271.7 0   281.03 0   280.66 0   340.0 0   281.35 0   281.27 0     0.0 0     1.0 0     0.0 0   -68.4 0   -68.4 0     8.5 0    73.8 0     0.3 0    63.0 0   912.1 0
 2019  20  1 20  4  6  4.100 127.75    -2.0 0     0.0 0     0.0 0    -0.3 0   271.7 0   280.99 0   280.66 0   339.3 0   281.32 0   281.23 0     0.0 0     1.2 0     0.0 0   -67.6 0   -67.6 0     8.3 0    74.7 0     0.5 0    83.5 0   912.2 0
 2019  20  1 20  4  7  4.117 127.95    -2.0 0    -0.1 0     0.0 0    -0.2 0   272.4 0   280.97 0   280.67 0   338.9 0   281.29 0   281.20 0     0.0 0     1.3 0     0.0 0   -66.5 0   -66.5 0     8.3 0    74.8 0     0.6 0    56.3 0   912.1 0
 2019  20  1 20  4  8  4.133 128.15    -1.6 0    -0.4 0     0.0 0    -0.3 0   272.7 0   280.95 0   280.60 0   338.3 0   281.26 0   281.17 0     0.0 0     1.6 0     0.0 0   -65.6 0   -65.6 0     8.3 0    74.7 0     0.2 0    55.9 0   912.1 0
 2019  20  1 20  4  9  4.150 128.35    -1.6 0    -0.4 0     0.0 0    -0.3 0   271.4 0   280.92 0   280.49 0   338.1 0   281.25 0   281.15 0     0.0 0     1.6 0     0.0 0   -66.7 0   -66.7 0     8.2 0    74.6 0     0.0 0     0.0 0   912.1 0
 2019  20  1 20  4 10  4.167 128.55    -1.6 0    -0.4 0     0.0 0    -0.3 0   271.8 0   280.86 0   280.42 0   337.9 0   281.22 0   281.13 0     0.0 0     1.6 0     0.0 0   -66.1 0   -66.1 0     8.2 0    74.8 0     0.0 0     0.0 0   912.1 0
 2019  20  1 20  4 11  4.183 128.75    -1.6 0    -0.4 0     0.0 0    -0.3 0   272.9 0   280.80 0   280.40 0   337.9 0   281.19 0   281.08 0     0.0 0     1.6 0     0.0 0   -65.0 0   -65.0 0     8.2 0    75.4 0     0.8 0   101.8 0   912.1 0
 2019  20  1 20  4 12  4.200 128.95    -1.6 0    -0.4 0     0.0 0    -0.3 0   273.1 0   280.75 0   280.41 0   338.6 0   281.15 0   281.05 0     0.0 0     1.5 0     0.0 0   -65.5 0   -65.5 0     8.1 0    75.9 0     1.3 0   118.8 0   912.0 0
 2019  20  1 20  4 13  4.217 129.15    -1.9 0    -0.4 0     0.0 0    -0.1 0   273.7 0   280.72 0   280.44 0   339.0 0   281.12 0   281.05 0     0.0 0     1.3 0     0.0 0   -65.4 0   -65.4 0     8.3 0    75.2 0     1.3 0   132.9 0   912.0 0
 2019  20  1 20  4 14  4.233 129.35    -2.1 0    -0.6 0     0.0 0     0.0 0   274.1 0   280.70 0   280.50 0   339.5 0   281.10 0   281.05 0     0.0 0     1.3 0     0.0 0   -65.5 0   -65.5 0     8.4 0    73.8 0     0.8 0   138.3 0   912.0 0
 2019  20  1 20  4 15  4.250 129.55    -2.1 0    -0.8 0     0.0 0    -0.1 0   273.7 0   280.71 0   280.48 0   339.6 0   281.08 0   281.04 0     0.0 0     1.3 0     0.0 0   -65.9 0   -65.9 0     8.6 0    72.3 0     0.2 0   139.1 0   912.0 0
 2019  20  1 20  4 16  4.267 129.76    -2.1 0    -0.4 0     0.0 0     0.0 0   275.1 0   280.72 0   280.62 0   340.8 0   281.05 0   281.04 0     0.0 0     0.9 0     0.0 0   -65.8 0   -65.8 0     8.6 0    72.6 0     0.5 0   332.2 0   912.0 0
 2019  20  1 20  4 17  4.283 129.96    -2.0 0    -0.4 0     0.0 0    -0.1 0   274.4 0   280.75 0   280.54 0   342.1 0   281.03 0   281.05 0     0.0 0     0.6 0     0.0 0   -67.7 0   -67.7 0     8.7 0    72.2 0     0.4 0   319.9 0   912.0 0
 2019  20  1 20  4 18  4.300 130.16    -1.7 0    -0.4 0     0.0 0    -0.3 0   274.6 0   280.74 0   280.46 0   342.3 0   281.01 0   281.05 0     0.0 0     0.5 0     0.0 0   -67.7 0   -67.7 0     8.8 0    71.6 0     0.5 0   335.9 0   912.0 0
 2019  20  1 20  4 19  4.317 130.36    -1.9 0    -0.4 0     0.0 0    -0.1 0   274.0 0   280.72 0   280.51 0   341.6 0   281.01 0   281.02 0     0.0 0     0.6 0     0.0 0   -67.7 0   -67.7 0     8.8 0    71.5 0     0.9 0   355.0 0   912.0 0
 2019  20  1 20  4 20  4.333 130.56    -2.1 0    -0.4 0     0.0 0    -0.2 0   271.6 0   280.75 0   280.47 0   339.4 0   281.02 0   281.00 0     0.0 0     1.3 0     0.0 0   -67.8 0   -67.8 0     8.9 0    71.1 0     1.2 0     7.5 0   911.9 0
 2019  20  1 20  4 21  4.350 130.76    -2.1 0     0.0 0     0.0 0    -0.3 0   271.6 0   280.75 0   280.43 0   337.9 0   281.02 0   280.96 0     0.0 0     1.6 0     0.0 0   -66.3 0   -66.3 0     8.8 0    71.6 0     1.1 0     7.0 0   911.9 0
 2019  20  1 20  4 22  4.367 130.96    -2.1 0     0.0 0     0.0 0    -0.2 0   272.1 0   280.75 0   280.46 0   337.6 0   281.01 0   280.93 0     0.0 0     1.6 0     0.0 0   -65.5 0   -65.5 0     8.7 0    72.3 0     0.3 0     6.3 0   911.9 0
 2019  20  1 20  4 23  4.383 131.16    -2.1 0     0.0 0     0.0 0     0.0 0   273.5 0   280.73 0   280.56 0   339.3 0   280.98 0   280.96 0     0.0 0     1.3 0     0.0 0   -65.8 0   -65.8 0     8.7 0    71.6 0     0.3 0   285.3 0   911.9 0
 2019  20  1 20  4 24  4.400 131.36    -2.5 0    -0.1 0     0.0 0     0.0 0   274.1 0   280.75 0   280.61 0   341.2 0   280.96 0   280.97 0     0.0 0     0.9 0     0.0 0   -67.1 0   -67.1 0     8.8 0    70.3 0     0.5 0   262.9 0   911.9 0
 2019  20  1 20  4 25  4.417 131.55    -2.1 0    -0.2 0     0.0 0     0.0 0   273.9 0   280.77 0   280.62 0   341.2 0   280.95 0   280.98 0     0.0 0     0.8 0     0.0 0   -67.4 0   -67.4 0     8.9 0    69.5 0     0.7 0   281.1 0   911.9 0
 2019  20  1 20  4 26  4.433 131.75    -2.1 0    -0.2 0     0.0 0     0.0 0   274.3 0   280.80 0   280.64 0   341.7 0   280.95 0   280.98 0     0.0 0     0.5 0     0.0 0   -67.4 0   -67.4 0     9.1 0    68.8 0     0.7 0   283.7 0   911.9 0
 2019  20  1 20  4 27  4.450 131.96    -2.1 0    -0.4 0     0.0 0     0.0 0   273.7 0   280.82 0   280.71 0   342.1 0   280.95 0   280.99 0     0.0 0     0.5 0     0.0 0   -68.4 0   -68.4 0     9.1 0    68.5 0     0.5 0   300.8 0   911.9 0
 2019  20  1 20  4 28  4.467 132.15    -2.1 0    -0.1 0     0.0 0     0.0 0   272.8 0   280.86 0   280.75 0   342.0 0   280.95 0   280.99 0     0.0 0     0.5 0     0.0 0   -69.2 0   -69.2 0     9.2 0    67.9 0     0.2 0   297.2 0   911.9 0
 2019  20  1 20  4 29  4.483 132.35    -2.5 0    -0.1 0     0.0 0     0.0 0   273.1 0   280.90 0   280.79 0   341.8 0   280.95 0   280.97 0     0.0 0     0.6 0     0.0 0   -68.7 0   -68.7 0     9.2 0    68.1 0     0.1 0     2.2 0   911.9 0
 2019  20  1 20  4 30  4.500 132.55    -2.5 0     0.0 0     0.0 0     0.0 0   272.0 0   280.96 0   280.85 0   340.2 0   280.96 0   280.95 0     0.0 0     1.1 0     0.0 0   -68.2 0   -68.2 0     9.2 0    68.1 0     0.1 0   358.6 0   911.9 0
 2019  20  1 20  4 31  4.517 132.75    -2.5 0    -0.3 0     0.0 0     0.0 0   272.7 0   280.99 0   280.91 0   342.2 0   280.95 0   281.00 0     0.0 0     0.5 0     0.0 0   -69.5 0   -69.5 0     9.3 0    68.0 0     0.8 0   323.4 0   911.9 0
 2019  20  1 20  4 32  4.533 132.95    -2.5 0    -0.4 0     0.0 0     0.0 0   272.7 0   281.03 0   280.89 0   343.1 0   280.95 0   281.01 0     0.0 0     0.3 0     0.0 0   -70.4 0   -70.4 0     9.3 0    67.4 0     1.2 0   335.3 0   911.9 0
 2019  20  1 20  4 33  4.550 133.15    -2.5 0    -0.7 0     0.0 0     0.0 0   273.3 0   281.05 0   280.86 0   343.2 0   280.95 0   281.02 0     0.0 0     0.2 0     0.0 0   -69.9 0   -69.9 0     9.4 0    66.6 0     1.4 0   341.9 0   912.0 0
 2019  20  1 20  4 34  4.567 133.35    -2.5 0    -0.8 0     0.0 0    -0.1 0   272.5 0   281.05 0   280.84 0   342.7 0   280.96 0   281.03 0     0.0 0     0.3 0     0.0 0   -70.2 0   -70.2 0     9.5 0    66.2 0     1.4 0   354.5 0   912.0 0
 2019  20  1 20  4 35  4.583 133.55    -2.5 0    -0.4 0     0.0 0    -0.1 0   270.6 0   281.09 0   280.81 0   340.1 0   281.00 0   281.01 0     0.0 0     1.0 0     0.0 0   -69.5 0   -69.5 0     9.5 0    66.5 0     1.1 0    19.5 0   912.0 0
 2019  20  1 20  4 36  4.600 133.75    -2.5 0    -0.1 0     0.0 0    -0.2 0   269.9 0   281.09 0   280.79 0   339.2 0   281.01 0   281.00 0     0.0 0     1.3 0     0.0 0   -69.3 0   -69.3 0     9.4 0    66.7 0     0.8 0    20.4 0   912.0 0
 2019  20  1 20  4 37  4.617 133.95    -2.5 0     0.0 0     0.0 0    -0.3 0   269.7 0   281.07 0   280.77 0   338.5 0   281.02 0   280.99 0     0.0 0     1.3 0     0.0 0   -68.8 0   -68.8 0     9.4 0    67.0 0     1.4 0    11.8 0   912.0 0
 2019  20  1 20  4 38  4.633 134.15    -2.5 0     0.0 0     0.0 0    -0.2 0   270.0 0   281.06 0   280.78 0   338.6 0   281.01 0   280.99 0     0.0 0     1.3 0     0.0 0   -68.6 0   -68.6 0     9.2 0    67.6 0     2.0 0     3.2 0   912.0 0
 2019  20  1 20  4 39  4.650 134.35    -2.5 0     0.0 0     0.0 0    -0.3 0   270.6 0   281.07 0   280.76 0   338.4 0   281.02 0   281.00 0     0.0 0     1.4 0     0.0 0   -67.8 0   -67.8 0     9.1 0    67.8 0     2.1 0     5.4 0   912.0 0
 2019  20  1 20  4 40  4.667 134.55    -2.5 0     0.0 0     0.0 0    -0.3 0   270.3 0   281.05 0   280.75 0   337.8 0   281.02 0   281.02 0     0.0 0     1.6 0     0.0 0   -67.4 0   -67.4 0     9.1 0    67.9 0     2.1 0     9.4 0   912.0 0
 2019  20  1 20  4 41  4.683 134.74    -2.5 0    -0.4 0     0.0 0    -0.3 0   271.5 0   281.04 0   280.75 0   339.2 0   281.01 0   281.05 0     0.0 0     1.2 0     0.0 0   -67.7 0   -67.7 0     9.2 0    67.0 0     1.5 0   355.4 0   912.0 0
 2019  20  1 20  4 42  4.700 134.94    -2.5 0    -0.4 0     0.0 0    -0.3 0   273.2 0   281.00 0   280.75 0   341.3 0   281.01 0   281.07 0     0.0 0     0.7 0     0.0 0   -68.1 0   -68.1 0     9.3 0    66.0 0     1.5 0   345.1 0   912.0 0
 2019  20  1 20  4 43  4.717 135.14    -2.5 0    -0.8 0     0.0 0    -0.2 0   274.4 0   281.00 0   280.79 0   342.7 0   281.03 0   281.12 0     0.0 0     0.5 0     0.0 0   -68.2 0   -68.2 0     9.5 0    64.6 0     1.5 0   326.0 0   912.0 0
 2019  20  1 20  4 44  4.733 135.34    -2.5 0    -0.8 0     0.0 0     0.0 0   275.4 0   281.00 0   280.82 0   343.2 0   281.05 0   281.17 0     0.0 0     0.3 0     0.0 0   -67.8 0   -67.8 0     9.6 0    63.4 0     1.5 0   332.6 0   911.9 0
 2019  20  1 20  4 45  4.750 135.54    -2.5 0    -0.8 0     0.0 0    -0.1 0   275.2 0   281.00 0   280.82 0   343.4 0   281.08 0   281.20 0     0.0 0     0.2 0     0.0 0   -68.2 0   -68.2 0     9.8 0    62.8 0     1.7 0   332.1 0   911.9 0
 2019  20  1 20  4 46  4.767 135.74    -2.5 0    -0.8 0     0.0 0    -0.1 0   275.0 0   281.00 0   280.79 0   343.3 0   281.11 0   281.24 0     0.0 0     0.1 0     0.0 0   -68.3 0   -68.3 0     9.8 0    62.7 0     1.7 0   334.6 0   911.9 0
 2019  20  1 20  4 47  4.783 135.94    -2.5 0    -0.8 0     0.0 0     0.0 0   275.4 0   281.00 0   280.86 0   343.8 0   281.14 0   281.24 0     0.0 0     0.1 0     0.0 0   -68.5 0   -68.5 0     9.8 0    62.6 0     1.7 0   342.4 0   911.9 0
 2019  20  1 20  4 48  4.800 136.13    -2.5 0    -0.8 0     0.0 0     0.0 0   275.7 0   281.01 0   280.90 0   343.8 0   281.17 0   281.28 0     0.0 0     0.1 0     0.0 0   -68.1 0   -68.1 0     9.8 0    62.7 0     1.7 0   343.4 0   911.9 0
 2019  20  1 20  4 49  4.817 136.33    -2.5 0    -0.8 0     0.0 0     0.0 0   275.7 0   281.04 0   280.91 0   344.1 0   281.20 0   281.32 0     0.0 0     0.1 0     0.0 0   -68.5 0   -68.5 0     9.8 0    62.4 0     1.6 0   332.7 0   911.9 0
 2019  20  1 20  4 50  4.833 136.53    -2.5 0    -0.8 0     0.0 0    -0.1 0   274.7 0   281.05 0   280.88 0   343.9 0   281.23 0   281.36 0     0.0 0     0.1 0     0.0 0   -69.2 0   -69.2 0     9.9 0    62.1 0     1.7 0   326.8 0   911.9 0
 2019  20  1 20  4 51  4.850 136.73    -2.5 0    -0.6 0     0.0 0    -0.2 0   274.4 0   281.05 0   280.85 0   343.5 0   281.26 0   281.37 0     0.0 0     0.0 0     0.0 0   -69.1 0   -69.1 0     9.9 0    62.3 0     1.8 0   329.2 0   911.9 0
 2019  20  1 20  4 52  4.867 136.93    -2.3 0    -0.4 0     0.0 0    -0.3 0   274.6 0   281.05 0   280.84 0   343.4 0   281.29 0   281.38 0     0.0 0     0.2 0     0.0 0   -68.8 0   -68.8 0     9.8 0    62.8 0     1.6 0   328.1 0   911.9 0
 2019  20  1 20  4 53  4.883 137.12    -2.1 0    -0.4 0     0.0 0    -0.3 0   274.0 0   281.04 0   280.79 0   343.0 0   281.30 0   281.39 0     0.0 0     0.0 0     0.0 0   -69.1 0   -69.1 0     9.7 0    63.2 0     1.5 0   316.7 0   912.0 0
 2019  20  1 20  4 54  4.900 137.32    -2.1 0    -0.4 0     0.0 0    -0.3 0   274.0 0   281.01 0   280.74 0   342.7 0   281.32 0   281.42 0     0.0 0     0.1 0     0.0 0   -68.7 0   -68.7 0     9.7 0    63.3 0     1.6 0   318.0 0   912.0 0
 2019  20  1 20  4 55  4.917 137.52    -2.1 0    -0.2 0     0.0 0    -0.3 0   273.6 0   280.99 0   280.75 0   341.8 0   281.34 0   281.37 0     0.0 0     0.0 0     0.0 0   -68.3 0   -68.3 0     9.6 0    64.1 0     1.3 0   338.5 0   912.0 0
 2019  20  1 20  4 56  4.933 137.72    -2.1 0     0.0 0     0.0 0    -0.3 0   271.4 0   281.00 0   280.72 0   338.9 0   281.34 0   281.28 0     0.0 0     0.8 0     0.0 0   -67.5 0   -67.5 0     9.4 0    66.8 0     0.5 0    20.2 0   912.0 0
 2019  20  1 20  4 57  4.950 137.91    -2.1 0     0.0 0     0.0 0    -0.3 0   270.0 0   280.99 0   280.66 0   337.9 0   281.33 0   281.24 0     0.0 0     1.0 0     0.0 0   -67.9 0   -67.9 0     9.1 0    68.4 0     0.7 0    16.6 0   912.0 0
 2019  20  1 20  4 58  4.967 138.11    -2.1 0     0.0 0     0.0 0    -0.3 0   272.5 0   280.94 0   280.67 0   340.0 0   281.28 0   281.22 0     0.0 0     0.6 0     0.0 0   -67.5 0   -67.5 0     8.8 0    69.7 0     1.4 0   335.4 0   912.0 0
 2019  20  1 20  4 59  4.983 138.31    -2.1 0    -0.2 0     0.0 0    -0.2 0   273.1 0   280.92 0   280.69 0   341.6 0   281.24 0   281.27 0     0.0 0     0.4 0     0.0 0   -68.5 0   -68.5 0     8.8 0    68.9 0     1.7 0   329.0 0   912.0 0
 2019  20  1 20  5  0  5.000 138.50    -2.1 0    -0.8 0     0.0 0    -0.3 0   273.0 0   280.90 0   280.64 0   342.0 0   281.24 0   281.32 0     0.0 0     0.2 0     0.0 0   -69.0 0   -69.0 0     9.0 0    66.8 0     1.8 0   326.1 0   912.0 0
 2019  20  1 20  5  1  5.017 138.70    -2.1 0    -0.8 0     0.0 0    -0.3 0   273.1 0   280.88 0   280.64 0   342.0 0   281.24 0   281.34 0     0.0 0     0.2 0     0.0 0   -68.9 0   -68.9 0     9.3 0    65.8 0     1.7 0   323.2 0   911.9 0
 2019  20  1 20  5  2  5.033 138.90    -2.1 0    -0.8 0     0.0 0    -0.2 0   273.0 0   280.85 0   280.65 0   342.5 0   281.25 0   281.34 0     0.0 0     0.2 0     0.0 0   -69.5 0   -69.5 0     9.4 0    65.4 0     1.9 0   327.2 0   911.9 0
 2019  20  1 20  5  3  5.050 139.09    -2.1 0    -0.8 0     0.0 0    -0.2 0   273.7 0   280.85 0   280.65 0   342.4 0   281.27 0   281.34 0     0.0 0     0.1 0     0.0 0   -68.7 0   -68.7 0     9.4 0    64.9 0     1.8 0   334.6 0   911.9 0
 2019  20  1 20  5  4  5.067 139.29    -2.1 0    -0.8 0     0.0 0    -0.2 0   274.6 0   280.85 0   280.64 0   342.8 0   281.28 0   281.36 0     0.0 0     0.2 0     0.0 0   -68.3 0   -68.3 0     9.4 0    64.7 0     1.8 0   326.8 0   911.9 0
 2019  20  1 20  5  5  5.083 139.49    -2.1 0    -0.8 0     0.0 0    -0.3 0   274.2 0   280.85 0   280.63 0   342.6 0   281.29 0   281.39 0     0.0 0     0.0 0     0.0 0   -68.4 0   -68.4 0     9.5 0    64.3 0     1.8 0   337.6 0   911.9 0
 2019  20  1 20  5  6  5.100 139.68    -2.3 0    -0.8 0     0.0 0    -0.3 0   274.1 0   280.84 0   280.63 0   342.3 0   281.31 0   281.38 0     0.0 0     0.2 0     0.0 0   -68.2 0   -68.2 0     9.5 0    64.2 0     1.9 0   351.6 0   911.9 0
 2019  20  1 20  5  7  5.117 139.88    -2.5 0    -0.4 0     0.0 0    -0.1 0   272.9 0   280.85 0   280.62 0   340.6 0   281.34 0   281.36 0     0.0 0     0.8 0     0.0 0   -67.7 0   -67.7 0     9.4 0    64.6 0     2.1 0     1.8 0   911.9 0
 2019  20  1 20  5  8  5.133 140.07    -2.5 0    -0.7 0     0.0 0    -0.2 0   274.4 0   280.85 0   280.63 0   342.2 0   281.34 0   281.40 0     0.0 0     0.4 0     0.0 0   -67.7 0   -67.7 0     9.5 0    63.9 0     2.1 0   348.8 0   911.9 0
 2019  20  1 20  5  9  5.150 140.27    -2.5 0    -0.8 0     0.0 0    -0.3 0   274.5 0   280.85 0   280.61 0   341.7 0   281.35 0   281.43 0     0.0 0     0.4 0     0.0 0   -67.2 0   -67.2 0     9.6 0    63.3 0     2.6 0   359.3 0   911.9 0
 2019  20  1 20  5 10  5.167 140.47    -2.5 0    -0.8 0     0.0 0    -0.3 0   274.6 0   280.84 0   280.60 0   341.8 0   281.37 0   281.44 0     0.0 0     0.4 0     0.0 0   -67.2 0   -67.2 0     9.6 0    63.2 0     2.4 0   353.7 0   911.9 0
 2019  20  1 20  5 11  5.183 140.66    -2.5 0    -0.8 0     0.0 0    -0.3 0   275.1 0   280.83 0   280.62 0   342.1 0   281.39 0   281.47 0     0.0 0     0.2 0     0.0 0   -67.0 0   -67.0 0     9.6 0    63.0 0     2.5 0   352.1 0   911.9 0
 2019  20  1 20  5 12  5.200 140.86    -2.5 0    -0.8 0     0.0 0    -0.2 0   276.3 0   280.82 0   280.65 0   343.1 0   281.41 0   281.51 0     0.0 0     0.1 0     0.0 0   -66.8 0   -66.8 0     9.7 0    62.3 0     2.1 0   343.1 0   911.9 0
 2019  20  1 20  5 13  5.217 141.05    -2.5 0    -0.8 0     0.0 0    -0.2 0   276.5 0   280.82 0   280.65 0   343.4 0   281.44 0   281.54 0     0.0 0     0.0 0     0.0 0   -66.9 0   -66.9 0     9.8 0    61.3 0     1.9 0   339.1 0   911.9 0
 2019  20  1 20  5 14  5.233 141.25    -2.5 0    -0.8 0     0.0 0    -0.1 0   276.6 0   280.83 0   280.67 0   343.0 0   281.47 0   281.56 0     0.0 0    -0.1 0     0.0 0   -66.4 0   -66.4 0     9.9 0    61.2 0     2.0 0   351.1 0   911.9 0
 2019  20  1 20  5 15  5.250 141.44    -2.5 0    -0.5 0     0.0 0     0.0 0   275.8 0   280.85 0   280.66 0   341.6 0   281.50 0   281.53 0     0.0 0     0.3 0     0.0 0   -65.9 0   -65.9 0     9.8 0    62.4 0     2.0 0     0.2 0   911.9 0
 2019  20  1 20  5 16  5.267 141.63    -2.5 0     0.0 0     0.0 0     0.0 0   273.6 0   280.87 0   280.64 0   339.5 0   281.51 0   281.48 0     0.0 0     0.8 0     0.0 0   -66.0 0   -66.0 0     9.5 0    64.2 0     1.9 0     8.9 0   911.9 0
 2019  20  1 20  5 17  5.283 141.83    -2.2 0     0.1 0     0.0 0    -0.2 0   273.0 0   280.87 0   280.61 0   338.6 0   281.51 0   281.44 0     0.0 0     1.1 0     0.0 0   -65.6 0   -65.6 0     9.3 0    65.8 0     2.3 0    13.4 0   911.9 0
 2019  20  1 20  5 18  5.300 142.02    -2.4 0    -0.3 0     0.0 0    -0.2 0   274.1 0   280.87 0   280.63 0   339.4 0   281.50 0   281.51 0     0.0 0     1.1 0     0.0 0   -65.3 0   -65.3 0     9.3 0    64.2 0     1.7 0     5.3 0   911.9 0
 2019  20  1 20  5 19  5.317 142.22    -2.6 0    -0.8 0     0.0 0     0.0 0   273.9 0   280.88 0   280.65 0   339.3 0   281.52 0   281.55 0     0.0 0     1.3 0     0.0 0   -65.4 0   -65.4 0     9.6 0    62.6 0     2.1 0     4.8 0   911.9 0
 2019  20  1 20  5 20  5.333 142.41    -2.9 0    -0.8 0     0.0 0    -0.1 0   273.5 0   280.90 0   280.64 0   338.9 0   281.54 0   281.56 0     0.0 0     1.3 0     0.0 0   -65.4 0   -65.4 0     9.7 0    62.4 0     2.2 0     8.0 0   911.9 0
 2019  20  1 20  5 21  5.350 142.60    -2.6 0    -0.6 0     0.0 0    -0.2 0   273.5 0   280.90 0   280.64 0   338.7 0   281.54 0   281.56 0     0.0 0     1.3 0     0.0 0   -65.1 0   -65.1 0     9.7 0    62.6 0     2.2 0     8.4 0   911.9 0
 2019  20  1 20  5 22  5.367 142.80    -2.5 0    -0.4 0     0.0 0    -0.1 0   273.2 0   280.90 0   280.65 0   339.0 0   281.56 0   281.56 0     0.0 0     1.2 0     0.0 0   -65.7 0   -65.7 0     9.6 0    62.9 0     1.9 0     4.0 0   911.9 0
 2019  20  1 20  5 23  5.383 142.99    -2.9 0    -0.4 0     0.0 0    -0.1 0   273.4 0   280.90 0   280.66 0   338.8 0   281.56 0   281.57 0     0.0 0     1.3 0     0.0 0   -65.4 0   -65.4 0     9.6 0    62.8 0     1.9 0     7.3 0   911.9 0
 2019  20  1 20  5 24  5.400 143.18    -2.9 0    -0.4 0     0.0 0     0.0 0   273.3 0   280.91 0   280.70 0   338.6 0   281.57 0   281.60 0     0.0 0     1.3 0     0.0 0   -65.4 0   -65.4 0     9.6 0    62.2 0     1.8 0    10.0 0   912.0 0
 2019  20  1 20  5 25  5.417 143.38    -2.9 0    -0.4 0     0.0 0     0.0 0   273.0 0   280.93 0   280.74 0   338.6 0   281.59 0   281.61 0     0.0 0     1.3 0     0.0 0   -65.7 0   -65.7 0     9.7 0    61.8 0     1.6 0    12.8 0   912.0 0
 2019  20  1 20  5 26  5.433 143.57    -2.9 0    -0.4 0     0.0 0     0.0 0   273.3 0   280.96 0   280.81 0   338.0 0   281.59 0   281.61 0     0.0 0     1.3 0     0.0 0   -64.7 0   -64.7 0     9.8 0    61.6 0     1.5 0    12.0 0   912.0 0
 2019  20  1 20  5 27  5.450 143.76    -2.8 0     0.0 0     0.0 0     0.0 0   273.6 0   281.00 0   280.88 0   336.9 0   281.59 0   281.53 0     0.0 0     1.3 0     0.0 0   -63.3 0   -63.3 0     9.7 0    62.9 0     1.2 0    16.2 0   912.0 0
 2019  20  1 20  5 28  5.467 143.95    -2.5 0     0.4 0     0.0 0     0.0 0   272.3 0   281.04 0   280.82 0   336.5 0   281.56 0   281.44 0     0.0 0     1.3 0     0.0 0   -64.1 0   -64.1 0     9.3 0    65.9 0     0.9 0    64.8 0   912.0 0
 2019  20  1 20  5 29  5.483 144.14    -2.2 0     0.4 0     0.0 0    -0.3 0   270.4 0   281.05 0   280.72 0   336.6 0   281.53 0   281.41 0     0.0 0     1.3 0     0.0 0   -66.2 0   -66.2 0     8.9 0    69.1 0     0.9 0    81.4 0   912.0 0
 2019  20  1 20  5 30  5.500 144.33    -2.1 0     0.0 0     0.0 0    -0.3 0   270.7 0   281.03 0   280.63 0   336.6 0   281.48 0   281.37 0     0.0 0     1.3 0     0.0 0   -65.9 0   -65.9 0     8.5 0    70.8 0     1.2 0    50.7 0   912.0 0
 2019  20  1 20  5 31  5.517 144.53    -2.1 0     0.0 0     0.0 0    -0.3 0   270.7 0   280.99 0   280.58 0   336.5 0   281.45 0   281.35 0     0.0 0     1.4 0     0.0 0   -65.9 0   -65.9 0     8.5 0    69.8 0     1.1 0    40.9 0   912.0 0
 2019  20  1 20  5 32  5.533 144.72    -2.1 0    -0.3 0     0.0 0    -0.3 0   270.9 0   280.95 0   280.56 0   335.8 0   281.43 0   281.33 0     0.0 0     1.5 0     0.0 0   -64.9 0   -64.9 0     8.6 0    68.6 0     1.0 0    46.4 0   912.0 0
 2019  20  1 20  5 33  5.550 144.91    -2.0 0     0.0 0     0.0 0    -0.3 0   270.3 0   280.90 0   280.50 0   335.6 0   281.39 0   281.27 0     0.0 0     1.3 0     0.0 0   -65.3 0   -65.3 0     8.5 0    70.6 0     0.8 0    82.2 0   912.0 0
 2019  20  1 20  5 34  5.567 145.10    -1.6 0     0.0 0     0.0 0    -0.3 0   269.5 0   280.85 0   280.41 0   335.7 0   281.35 0   281.23 0     0.0 0     1.5 0     0.0 0   -66.2 0   -66.2 0     8.3 0    72.0 0     1.1 0    82.6 0   912.0 0
 2019  20  1 20  5 35  5.583 145.29    -1.6 0     0.0 0     0.0 0    -0.3 0   269.1 0   280.79 0   280.33 0   335.9 0   281.30 0   281.17 0     0.0 0     1.3 0     0.0 0   -66.8 0   -66.8 0     8.1 0    73.2 0     1.6 0   109.6 0   912.0 0
 2019  20  1 20  5 36  5.600 145.48    -1.6 0    -0.2 0     0.0 0    -0.3 0   269.7 0   280.72 0   280.29 0   336.1 0   281.25 0   281.14 0     0.0 0     1.3 0     0.0 0   -66.5 0   -66.5 0     8.1 0    73.6 0     1.1 0   102.6 0   912.0 0
 2019  20  1 20  5 37  5.617 145.67    -1.6 0    -0.4 0     0.0 0    -0.3 0   270.8 0   280.66 0   280.27 0   336.4 0   281.23 0   281.14 0     0.0 0     1.4 0     0.0 0   -65.6 0   -65.6 0     8.1 0    72.8 0     0.9 0   105.1 0   912.0 0
 2019  20  1 20  5 38  5.633 145.86    -1.6 0    -0.4 0     0.0 0    -0.3 0   270.0 0   280.61 0   280.22 0   336.3 0   281.19 0   281.11 0     0.0 0     1.3 0     0.0 0   -66.2 0   -66.2 0     8.2 0    71.8 0     0.9 0    99.6 0   912.0 0
 2019  20  1 20  5 39  5.650 146.05    -1.9 0    -0.4 0     0.0 0    -0.3 0   270.2 0   280.56 0   280.24 0   336.6 0   281.16 0   281.09 0     0.0 0     1.3 0     0.0 0   -66.4 0   -66.4 0     8.3 0    71.2 0     0.9 0   127.7 0   912.0 0
 2019  20  1 20  5 40  5.667 146.24    -2.0 0    -0.8 0     0.0 0    -0.1 0   270.6 0   280.54 0   280.26 0   337.1 0   281.14 0   281.08 0     0.0 0     1.3 0     0.0 0   -66.5 0   -66.5 0     8.4 0    70.0 0     0.8 0   136.2 0   912.0 0
 2019  20  1 20  5 41  5.683 146.42    -2.1 0    -0.8 0     0.0 0     0.0 0   271.2 0   280.53 0   280.29 0   337.4 0   281.13 0   281.07 0     0.0 0     1.2 0     0.0 0   -66.1 0   -66.1 0     8.6 0    68.8 0     0.6 0   136.6 0   912.0 0
 2019  20  1 20  5 42  5.700 146.61    -2.1 0    -0.8 0     0.0 0     0.0 0   271.1 0   280.53 0   280.31 0   337.4 0   281.11 0   281.06 0     0.0 0     1.2 0     0.0 0   -66.3 0   -66.3 0     8.7 0    68.1 0     0.3 0   136.6 0   912.0 0
 2019  20  1 20  5 43  5.717 146.80    -2.1 0    -0.6 0     0.0 0     0.0 0   271.7 0   280.54 0   280.42 0   337.6 0   281.09 0   281.05 0     0.0 0     1.2 0     0.0 0   -65.9 0   -65.9 0     8.8 0    67.7 0     0.2 0   136.9 0   912.0 0
 2019  20  1 20  5 44  5.733 146.99    -2.5 0    -0.4 0     0.0 0     0.0 0   271.5 0   280.58 0   280.52 0   337.7 0   281.08 0   281.05 0     0.0 0     1.0 0     0.0 0   -66.2 0   -66.2 0     8.8 0    67.2 0     0.0 0     0.0 0   912.0 0
 2019  20  1 20  5 45  5.750 147.18    -2.5 0    -0.4 0     0.0 0     0.0 0   271.6 0   280.65 0   280.61 0   337.7 0   281.06 0   281.04 0     0.0 0     0.9 0     0.0 0   -66.1 0   -66.1 0     8.9 0    66.8 0     0.0 0     0.0 0   912.0 0
 2019  20  1 20  5 46  5.767 147.36    -2.5 0    -0.4 0     0.0 0     0.0 0   270.8 0   280.72 0   280.64 0   337.7 0   281.05 0   281.03 0     0.0 0     0.9 0     0.0 0   -67.0 0   -67.0 0     8.9 0    66.7 0     0.0 0     0.0 0   912.0 0
 2019  20  1 20  5 47  5.783 147.55    -2.5 0    -0.4 0     0.0 0     0.0 0   270.4 0   280.77 0   280.62 0   337.8 0   281.03 0   281.02 0     0.0 0     0.9 0     0.0 0   -67.4 0   -67.4 0     8.9 0    66.7 0     0.0 0     0.0 0   912.0 0
 2019  20  1 20  5 48  5.800 147.73    -2.5 0    -0.4 0     0.0 0     0.0 0   270.4 0   280.81 0   280.65 0   337.7 0   281.01 0   280.99 0     0.0 0     0.9 0     0.0 0   -67.3 0   -67.3 0     8.9 0    66.9 0     0.0 0     0.0 0   912.0 0
 2019  20  1 20  5 49  5.817 147.92    -2.5 0    -0.4 0     0.0 0     0.0 0   270.7 0   280.84 0   280.68 0   337.9 0   281.00 0   280.97 0     0.0 0     0.9 0     0.0 0   -67.3 0   -67.3 0     8.9 0    66.8 0     0.0 0     0.0 0   912.0 0
 2019  20  1 20  5 50  5.833 148.11    -2.5 0    -0.4 0     0.0 0     0.0 0   270.8 0   280.88 0   280.76 0   337.9 0   280.98 0   280.97 0     0.0 0     0.9 0     0.0 0   -67.1 0   -67.1 0     8.9 0    66.4 0     0.0 0     0.0 0   912.0 0
 2019  20  1 20  5 51  5.850 148.29    -2.5 0    -0.4 0     0.0 0     0.0 0   270.1 0   280.92 0   280.77 0   337.9 0   280.97 0   280.96 0     0.0 0     0.9 0     0.0 0   -67.7 0   -67.7 0     8.9 0    66.2 0     0.0 0     0.0 0   912.0 0
 2019  20  1 20  5 52  5.867 148.48    -2.5 0    -0.4 0     0.0 0     0.0 0   270.5 0   280.96 0   280.85 0   337.7 0   280.95 0   280.94 0     0.0 0     0.9 0     0.0 0   -67.2 0   -67.2 0     9.0 0    66.0 0     0.0 0     0.0 0   911.9 0
 2019  20  1 20  5 53  5.883 148.66    -2.5 0    -0.4 0     0.0 0     0.0 0   270.5 0   281.01 0   280.90 0   338.0 0   280.95 0   280.92 0     0.0 0     0.9 0     0.0 0   -67.4 0   -67.4 0     9.0 0    65.8 0     0.0 0     0.0 0   911.9 0
 2019  20  1 20  5 54  5.900 148.85    -2.5 0    -0.4 0     0.0 0     0.0 0   270.3 0   281.05 0   280.91 0   337.8 0   280.92 0   280.91 0     0.0 0     0.9 0     0.0 0   -67.4 0   -67.4 0     9.1 0    65.7 0     0.0 0     0.0 0   911.9 0
 2019  20  1 20  5 55  5.917 149.03    -2.5 0    -0.4 0     0.0 0     0.0 0   270.2 0   281.10 0   280.92 0   337.1 0   280.92 0   280.90 0     0.0 0     1.2 0     0.0 0   -66.9 0   -66.9 0     9.1 0    65.7 0     0.4 0    39.1 0   911.9 0
 2019  20  1 20  5 56  5.933 149.21    -2.5 0    -0.4 0    -0.1 0     0.0 0   269.9 0   281.14 0   280.99 0   336.5 0   280.92 0   280.90 0     0.0 0     1.3 0     0.0 0   -66.6 0   -66.6 0     9.1 0    65.8 0     1.0 0    21.6 0   912.0 0
 2019  20  1 20  5 57  5.950 149.40    -2.5 0    -0.1 0     0.0 0    -0.1 0   268.4 0   281.18 0   280.95 0   335.7 0   280.90 0   280.87 0     0.0 0     1.3 0     0.0 0   -67.3 0   -67.3 0     9.1 0    65.8 0     1.5 0    37.0 0   912.0 0
 2019  20  1 20  5 58  5.967 149.58    -2.1 0     0.0 0     0.0 0    -0.3 0   267.9 0   281.19 0   280.84 0   335.5 0   280.90 0   280.85 0     0.0 0     1.3 0     0.0 0   -67.6 0   -67.6 0     9.0 0    66.2 0     1.7 0    44.8 0   911.9 0
 2019  20  1 20  5 59  5.983 149.76    -2.1 0     0.0 0     0.0 0    -0.3 0   268.7 0   281.17 0   280.76 0   335.5 0   280.89 0   280.85 0     0.0 0     1.3 0     0.0 0   -66.8 0   -66.8 0     9.0 0    66.0 0     1.5 0    39.4 0   911.9 0
 2019  20  1 20  6  0  6.000 149.94    -2.1 0    -0.3 0     0.0 0    -0.3 0   269.4 0   281.14 0   280.84 0   335.2 0   280.87 0   280.85 0     0.0 0     1.3 0     0.0 0   -65.8 0   -65.8 0     9.0 0    65.4 0     1.5 0    36.3 0   911.9 0
 2019  20  1 20  6  1  6.017 150.12    -2.1 0    -0.4 0     0.0 0    -0.1 0   269.9 0   281.14 0   280.95 0   335.8 0   280.89 0   280.85 0     0.0 0     1.5 0     0.0 0   -65.9 0   -65.9 0     9.1 0    64.4 0     1.4 0    35.7 0   911.9 0
 2019  20  1 20  6  2  6.033 150.30    -2.1 0    -0.4 0    -0.2 0     0.0 0   269.4 0   281.17 0   281.00 0   335.8 0   280.90 0   280.87 0     0.0 0     1.5 0     0.0 0   -66.4 0   -66.4 0     9.3 0    63.4 0     1.1 0    29.8 0   911.9 0
 2019  20  1 20  6  3  6.050 150.48    -2.5 0    -0.7 0     0.0 0     0.0 0   269.0 0   281.20 0   280.97 0   335.6 0   280.90 0   280.90 0     0.0 0     1.5 0     0.0 0   -66.5 0   -66.5 0     9.4 0    62.5 0     1.1 0    26.8 0   911.9 0
 2019  20  1 20  6  4  6.067 150.66    -2.5 0    -0.8 0     0.0 0     0.0 0   269.8 0   281.23 0   281.02 0   335.5 0   280.92 0   280.93 0     0.0 0     1.5 0     0.0 0   -65.7 0   -65.7 0     9.5 0    61.8 0     1.3 0    26.8 0   911.9 0
 2019  20  1 20  6  5  6.083 150.84    -2.4 0    -0.8 0     0.0 0     0.0 0   270.1 0   281.25 0   281.11 0   335.5 0   280.93 0   280.95 0     0.0 0     1.5 0     0.0 0   -65.5 0   -65.5 0     9.6 0    61.1 0     1.3 0    27.0 0   911.9 0
 2019  20  1 20  6  6  6.100 151.02    -2.5 0    -0.8 0    -0.1 0     0.0 0   269.2 0   281.30 0   281.12 0   335.5 0   280.95 0   280.97 0     0.0 0     1.3 0     0.0 0   -66.3 0   -66.3 0     9.7 0    60.5 0     1.2 0    27.4 0   911.9 0
 2019  20  1 20  6  7  6.117 151.20    -2.5 0    -0.8 0     0.0 0    -0.1 0   269.1 0   281.33 0   281.07 0   335.3 0   280.97 0   281.00 0     0.0 0     1.3 0     0.0 0   -66.2 0   -66.2 0     9.8 0    60.1 0     1.5 0    30.3 0   911.9 0
 2019  20  1 20  6  8  6.133 151.38    -2.5 0    -0.5 0     0.0 0    -0.2 0   270.0 0   281.34 0   281.09 0   335.0 0   280.99 0   281.00 0     0.0 0     1.3 0     0.0 0   -65.0 0   -65.0 0     9.8 0    60.2 0     1.4 0    24.7 0   911.9 0
 2019  20  1 20  6  9  6.150 151.55    -2.5 0    -0.4 0     0.0 0    -0.3 0   269.7 0   281.34 0   281.06 0   334.9 0   281.00 0   281.02 0     0.0 0     1.3 0     0.0 0   -65.2 0   -65.2 0     9.8 0    60.2 0     1.4 0    23.2 0   911.9 0
 2019  20  1 20  6 10  6.167 151.73    -2.5 0    -0.4 0     0.0 0    -0.3 0   269.7 0   281.34 0   281.04 0   334.6 0   281.02 0   281.03 0     0.0 0     1.3 0     0.0 0   -64.9 0   -64.9 0     9.8 0    60.2 0     1.5 0    22.9 0   912.0 0
 2019  20  1 20  6 11  6.183 151.91    -2.5 0    -0.4 0     0.0 0    -0.3 0   269.6 0   281.32 0   280.95 0   334.8 0   281.03 0   281.05 0     0.0 0     1.3 0     0.0 0   -65.3 0   -65.3 0     9.8 0    60.3 0     1.6 0    22.0 0   912.0 0
 2019  20  1 20  6 12  6.200 152.08    -2.5 0    -0.7 0     0.0 0    -0.3 0   269.6 0   281.29 0   280.92 0   335.0 0   281.05 0   281.08 0     0.0 0     1.3 0     0.0 0   -65.4 0   -65.4 0     9.8 0    60.2 0     1.5 0    19.2 0   912.0 0
 2019  20  1 20  6 13  6.217 152.26    -2.5 0    -0.5 0     0.0 0    -0.3 0   269.0 0   281.25 0   280.85 0   334.6 0   281.06 0   281.06 0     0.0 0     1.3 0     0.0 0   -65.5 0   -65.5 0     9.8 0    60.7 0     1.4 0    17.8 0   912.0 0
 2019  20  1 20  6 14  6.233 152.43    -2.5 0    -0.3 0     0.0 0    -0.3 0   268.3 0   281.21 0   280.74 0   334.3 0   281.07 0   281.03 0     0.0 0     1.3 0     0.0 0   -66.0 0   -66.0 0     9.7 0    61.6 0     1.1 0    17.0 0   912.1 0
 2019  20  1 20  6 15  6.250 152.61    -2.1 0     0.0 0     0.0 0    -0.3 0   268.1 0   281.14 0   280.63 0   333.8 0   281.06 0   280.99 0     0.0 0     1.4 0     0.0 0   -65.7 0   -65.7 0     9.5 0    62.9 0     1.1 0    16.0 0   912.1 0
 2019  20  1 20  6 16  6.267 152.78    -2.1 0     0.0 0     0.0 0    -0.3 0   267.8 0   281.06 0   280.59 0   333.6 0   281.04 0   280.95 0     0.0 0     1.5 0     0.0 0   -65.8 0   -65.8 0     9.3 0    64.2 0     1.2 0    15.4 0   912.1 0
 2019  20  1 20  6 17  6.283 152.95    -2.5 0     0.0 0     0.0 0    -0.3 0   267.0 0   280.99 0   280.55 0   333.0 0   281.03 0   280.94 0     0.0 0     1.5 0     0.0 0   -66.0 0   -66.0 0     9.2 0    64.5 0     1.2 0    15.3 0   912.0 0
 2019  20  1 20  6 18  6.300 153.12    -2.2 0     0.3 0     0.0 0    -0.3 0   266.3 0   280.93 0   280.49 0   332.1 0   281.00 0   280.84 0     0.0 0     1.5 0     0.0 0   -65.8 0   -65.8 0     8.9 0    67.1 0     1.2 0    31.5 0   912.1 0
 2019  20  1 20  6 19  6.317 153.30    -1.8 0     0.4 0     0.0 0    -0.3 0   265.4 0   280.87 0   280.41 0   332.1 0   280.95 0   280.79 0     0.0 0     1.6 0     0.0 0   -66.6 0   -66.6 0     8.3 0    70.2 0     1.2 0    47.5 0   912.0 0
 2019  20  1 20  6 20  6.333 153.47    -1.6 0     0.4 0     0.0 0    -0.3 0   263.2 0   280.80 0   280.23 0   331.9 0   280.90 0   280.73 0     0.0 0     1.6 0     0.0 0   -68.7 0   -68.7 0     7.9 0    73.0 0     1.3 0    39.4 0   912.0 0
 2019  20  1 20  6 21  6.350 153.64    -1.6 0     0.3 0     0.0 0    -0.3 0   262.9 0   280.71 0   280.14 0   331.4 0   280.85 0   280.67 0     0.0 0     1.6 0     0.0 0   -68.5 0   -68.5 0     7.6 0    74.6 0     1.2 0    40.2 0   912.0 0
 2019  20  1 20  6 22  6.367 153.80    -1.6 0     0.0 0     0.0 0    -0.3 0   263.5 0   280.61 0   280.05 0   331.1 0   280.79 0   280.62 0     0.0 0     1.6 0     0.0 0   -67.6 0   -67.6 0     7.4 0    75.8 0     0.9 0    60.3 0   912.0 0
 2019  20  1 20  6 23  6.383 153.97    -1.2 0     0.0 0     0.0 0    -0.3 0   263.3 0   280.52 0   279.97 0   331.0 0   280.74 0   280.57 0     0.0 0     1.6 0     0.0 0   -67.7 0   -67.7 0     7.2 0    77.0 0     1.0 0    69.5 0   912.0 0
 2019  20  1 20  6 24  6.400 154.14    -1.2 0     0.0 0     0.0 0    -0.3 0   262.5 0   280.42 0   279.85 0   330.8 0   280.68 0   280.52 0     0.0 0     1.6 0     0.0 0   -68.3 0   -68.3 0     7.0 0    78.0 0     1.1 0    65.7 0   912.0 0
 2019  20  1 20  6 25  6.417 154.31    -1.2 0    -0.1 0     0.0 0    -0.3 0   263.1 0   280.33 0   279.79 0   330.6 0   280.63 0   280.47 0     0.0 0     1.8 0     0.0 0   -67.6 0   -67.6 0     6.9 0    78.7 0     1.0 0    62.7 0   911.9 0
 2019  20  1 20  6 26  6.433 154.48    -1.3 0    -0.4 0     0.0 0    -0.3 0   263.8 0   280.24 0   279.71 0   330.4 0   280.57 0   280.42 0     0.0 0     1.8 0     0.0 0   -66.6 0   -66.6 0     6.8 0    79.2 0     0.8 0    65.6 0   911.9 0
 2019  20  1 20  6 27  6.450 154.64    -1.2 0    -0.4 0     0.0 0    -0.3 0   263.7 0   280.15 0   279.64 0   330.4 0   280.52 0   280.37 0     0.0 0     1.8 0     0.0 0   -66.7 0   -66.7 0     6.8 0    79.7 0     1.0 0    66.5 0   911.9 0
 2019  20  1 20  6 28  6.467 154.81    -1.2 0    -0.4 0     0.0 0    -0.3 0   263.1 0   280.07 0   279.54 0   330.3 0   280.47 0   280.30 0     0.0 0     1.9 0     0.0 0   -67.2 0   -67.2 0     6.7 0    80.1 0     1.5 0    57.4 0   912.0 0
 2019  20  1 20  6 29  6.483 154.97    -1.2 0     0.0 0     0.0 0    -0.3 0   263.5 0   279.99 0   279.46 0   329.9 0   280.42 0   280.23 0     0.0 0     1.9 0     0.0 0   -66.3 0   -66.3 0     6.7 0    80.1 0     1.2 0    47.1 0   912.0 0
 2019  20  1 20  6 30  6.500 155.13    -1.2 0     0.0 0     0.0 0    -0.3 0   264.3 0   279.90 0   279.41 0   329.7 0   280.36 0   280.18 0     0.0 0     2.0 0     0.0 0   -65.4 0   -65.4 0     6.7 0    80.3 0     1.4 0    46.1 0   911.9 0
 2019  20  1 20  6 31  6.517 155.30    -1.2 0     0.0 0     0.0 0    -0.3 0   264.9 0   279.84 0   279.46 0   329.5 0   280.31 0   280.14 0     0.0 0     2.0 0     0.0 0   -64.6 0   -64.6 0     6.7 0    80.3 0     1.4 0    42.8 0   911.9 0
 2019  20  1 20  6 32  6.533 155.46    -1.3 0    -0.3 0     0.0 0    -0.1 0   265.5 0   279.82 0   279.56 0   329.9 0   280.26 0   280.12 0     0.0 0     2.0 0     0.0 0   -64.5 0   -64.5 0     6.9 0    79.0 0     1.2 0    40.8 0   911.9 0
 2019  20  1 20  6 33  6.550 155.62    -1.5 0    -0.8 0    -0.1 0     0.0 0   265.1 0   279.83 0   279.65 0   330.2 0   280.23 0   280.13 0     0.0 0     2.0 0     0.0 0   -65.1 0   -65.1 0     7.4 0    75.4 0     1.0 0    41.6 0   911.9 0
 2019  20  1 20  6 34  6.567 155.78    -1.6 0    -0.6 0     0.0 0    -0.1 0   264.7 0   279.86 0   279.58 0   329.3 0   280.21 0   280.07 0     0.0 0     1.9 0     0.0 0   -64.6 0   -64.6 0     7.5 0    73.9 0     1.3 0    51.0 0   911.9 0
 2019  20  1 20  6 35  6.583 155.94    -1.5 0    -0.2 0     0.0 0    -0.1 0   264.2 0   279.87 0   279.60 0   329.6 0   280.17 0   280.03 0     0.0 0     1.9 0     0.0 0   -65.4 0   -65.4 0     7.4 0    75.1 0     1.1 0    45.5 0   911.9 0
 2019  20  1 20  6 36  6.600 156.10    -1.6 0    -0.2 0     0.0 0    -0.3 0   263.9 0   279.87 0   279.53 0   329.6 0   280.13 0   279.98 0     0.0 0     1.9 0     0.0 0   -65.7 0   -65.7 0     7.5 0    74.5 0     1.3 0    43.7 0   911.9 0
 2019  20  1 20  6 37  6.617 156.25    -1.6 0    -0.3 0    -0.1 0     0.0 0   265.9 0   279.87 0   279.69 0   330.0 0   280.10 0   279.98 0     0.0 0     1.9 0     0.0 0   -64.0 0   -64.0 0     7.5 0    74.0 0     1.4 0    41.9 0   911.9 0
 2019  20  1 20  6 38  6.633 156.41    -1.6 0    -0.6 0    -0.4 0     0.0 0   267.0 0   279.92 0   279.88 0   330.4 0   280.07 0   280.03 0     0.0 0     1.9 0     0.0 0   -63.4 0   -63.4 0     7.8 0    71.7 0     1.6 0    39.3 0   911.9 0
 2019  20  1 20  6 39  6.650 156.57    -1.6 0    -0.8 0    -0.4 0     0.0 0   267.1 0   280.01 0   279.99 0   330.5 0   280.08 0   280.04 0     0.0 0     1.9 0     0.0 0   -63.4 0   -63.4 0     8.2 0    68.9 0     1.5 0    39.5 0   911.9 0
 2019  20  1 20  6 40  6.667 156.72    -1.6 0    -0.8 0    -0.3 0     0.0 0   266.6 0   280.10 0   279.94 0   331.2 0   280.09 0   280.06 0     0.0 0     1.7 0     0.0 0   -64.6 0   -64.6 0     8.5 0    66.8 0     1.4 0    42.5 0   911.9 0
 2019  20  1 20  6 41  6.683 156.87    -1.6 0    -0.8 0     0.0 0    -0.1 0   268.2 0   280.14 0   279.90 0   331.7 0   280.11 0   280.06 0     0.0 0     1.6 0     0.0 0   -63.4 0   -63.4 0     8.7 0    65.6 0     1.3 0    54.2 0   911.9 0
 2019  20  1 20  6 42  6.700 157.03    -1.8 0    -0.8 0     0.0 0     0.0 0   269.1 0   280.17 0   280.03 0   331.4 0   280.13 0   280.08 0     0.0 0     1.6 0     0.0 0   -62.3 0   -62.3 0     8.9 0    64.5 0     1.1 0    55.3 0   911.9 0
 2019  20  1 20  6 43  6.717 157.18    -2.0 0    -0.8 0     0.0 0     0.0 0   268.0 0   280.22 0   280.06 0   331.6 0   280.15 0   280.11 0     0.0 0     1.6 0     0.0 0   -63.6 0   -63.6 0     9.1 0    63.5 0     0.9 0    55.5 0   911.9 0
 2019  20  1 20  6 44  6.733 157.33    -2.0 0    -0.6 0     0.0 0    -0.1 0   268.6 0   280.26 0   279.96 0   330.3 0   280.17 0   280.09 0     0.0 0     1.6 0     0.0 0   -61.7 0   -61.7 0     9.1 0    64.2 0     1.2 0    43.7 0   911.9 0
 2019  20  1 20  6 45  6.750 157.48    -2.1 0    -0.1 0     0.0 0     0.0 0   269.5 0   280.26 0   280.03 0   330.9 0   280.16 0   280.09 0     0.0 0     1.6 0     0.0 0   -61.4 0   -61.4 0     8.8 0    66.5 0     1.2 0    55.7 0   911.9 0
 2019  20  1 20  6 46  6.767 157.62    -2.1 0    -0.1 0     0.0 0     0.0 0   269.6 0   280.28 0   280.02 0   332.2 0   280.16 0   280.09 0     0.0 0     1.6 0     0.0 0   -62.6 0   -62.6 0     8.5 0    67.6 0     1.2 0    63.3 0   911.9 0
 2019  20  1 20  6 47  6.783 157.77    -1.9 0    -0.6 0     0.0 0    -0.3 0   269.7 0   280.28 0   279.96 0   332.9 0   280.17 0   280.16 0     0.0 0     1.6 0     0.0 0   -63.3 0   -63.3 0     8.7 0    65.7 0     1.1 0    80.3 0   911.9 0
 2019  20  1 20  6 48  6.800 157.92    -2.0 0    -0.8 0     0.0 0    -0.2 0   269.6 0   280.28 0   279.98 0   332.7 0   280.20 0   280.20 0     0.0 0     1.5 0     0.0 0   -63.1 0   -63.1 0     9.0 0    63.8 0     1.2 0    89.2 0   911.9 0
 2019  20  1 20  6 49  6.817 158.06    -2.1 0    -0.9 0     0.0 0    -0.3 0   270.4 0   280.26 0   279.88 0   332.8 0   280.22 0   280.24 0     0.0 0     1.6 0     0.0 0   -62.4 0   -62.4 0     9.2 0    62.8 0     1.3 0    87.6 0   911.9 0
 2019  20  1 20  6 50  6.833 158.21    -2.1 0    -1.1 0     0.0 0    -0.3 0   271.0 0   280.23 0   279.86 0   333.4 0   280.26 0   280.26 0     0.0 0     1.4 0     0.0 0   -62.4 0   -62.4 0     9.3 0    61.8 0     1.1 0    87.4 0   911.9 0
 2019  20  1 20  6 51  6.850 158.35    -2.1 0    -0.8 0     0.0 0    -0.3 0   272.6 0   280.20 0   279.92 0   333.6 0   280.30 0   280.31 0     0.0 0     1.5 0     0.0 0   -61.0 0   -61.0 0     9.5 0    60.9 0     1.0 0    88.5 0   911.9 0
 2019  20  1 20  6 52  6.867 158.49    -2.1 0    -0.8 0     0.0 0     0.0 0   273.2 0   280.20 0   280.02 0   333.8 0   280.34 0   280.34 0     0.0 0     1.3 0     0.0 0   -60.7 0   -60.7 0     9.6 0    60.3 0     1.0 0    92.3 0   911.9 0
 2019  20  1 20  6 53  6.883 158.63    -2.1 0    -0.8 0     0.0 0     0.0 0   274.2 0   280.23 0   280.10 0   333.8 0   280.37 0   280.37 0     0.0 0     1.3 0     0.0 0   -59.7 0   -59.7 0     9.7 0    59.9 0     1.1 0   100.4 0   912.0 0
 2019  20  1 20  6 54  6.900 158.77    -2.1 0    -0.8 0     0.0 0     0.0 0   273.9 0   280.26 0   280.05 0   333.7 0   280.40 0   280.42 0     0.0 0     1.3 0     0.0 0   -59.7 0   -59.7 0     9.7 0    59.9 0     1.1 0   122.6 0   912.0 0
 2019  20  1 20  6 55  6.917 158.90    -2.1 0    -0.6 0     0.0 0    -0.2 0   275.0 0   280.27 0   279.99 0   334.6 0   280.44 0   280.45 0     0.0 0     1.3 0     0.0 0   -59.6 0   -59.6 0     9.7 0    59.8 0     0.7 0   124.4 0   912.0 0
 2019  20  1 20  6 56  6.933 159.04    -2.4 0    -0.4 0     0.0 0     0.0 0   276.3 0   280.27 0   280.16 0   335.2 0   280.46 0   280.45 0     0.0 0     1.3 0     0.0 0   -58.9 0   -58.9 0     9.8 0    59.4 0     0.3 0   124.4 0   912.0 0
 2019  20  1 20  6 57  6.950 159.17    -2.5 0    -0.4 0     0.0 0     0.0 0   276.2 0   280.32 0   280.23 0   335.3 0   280.48 0   280.48 0     0.0 0     1.2 0     0.0 0   -59.1 0   -59.1 0     9.8 0    59.2 0     0.0 0   124.5 0   912.0 0
 2019  20  1 20  6 58  6.967 159.31    -2.5 0    -0.3 0     0.0 0     0.0 0   276.8 0   280.37 0   280.24 0   335.7 0   280.50 0   280.49 0     0.0 0     1.2 0     0.0 0   -58.9 0   -58.9 0     9.9 0    59.0 0     0.0 0   124.5 0   912.0 0
 2019  20  1 20  6 59  6.983 159.44    -2.9 0    -0.3 0     0.0 0     0.0 0   277.4 0   280.41 0   280.36 0   335.5 0   280.51 0   280.54 0     0.0 0     1.0 0     0.0 0   -58.1 0   -58.1 0     9.9 0    59.0 0     1.0 0   147.8 0   912.0 0
 2019  20  1 20  7  0  7.000 159.57    -3.0 0    -0.1 0     0.0 0     0.0 0   278.6 0   280.47 0   280.45 0   337.3 0   280.53 0   280.60 0     0.0 0     0.9 0     0.0 0   -58.6 0   -58.6 0     9.9 0    57.7 0     0.4 0   190.8 0   912.0 0
 2019  20  1 20  7  1  7.017 159.70    -3.0 0    -0.4 0     0.0 0     0.0 0   278.1 0   280.54 0   280.46 0   336.9 0   280.56 0   280.68 0     0.0 0     0.9 0     0.0 0   -58.8 0   -58.8 0    10.1 0    57.4 0     0.8 0   200.3 0   912.0 0
 2019  20  1 20  7  2  7.033 159.82    -2.6 0     0.0 0     0.0 0     0.0 0   277.8 0   280.59 0   280.53 0   336.4 0   280.59 0   280.64 0     0.0 0     0.8 0     0.0 0   -58.5 0   -58.5 0    10.0 0    58.8 0     0.8 0   156.0 0   912.0 0
 2019  20  1 20  7  3  7.050 159.95    -3.2 0     0.1 0     0.0 0     0.0 0   277.5 0   280.65 0   280.60 0   336.7 0   280.60 0   280.65 0     0.0 0     0.8 0     0.0 0   -59.2 0   -59.2 0     9.9 0    59.5 0     1.1 0   182.3 0   912.0 0
 2019  20  1 20  7  4  7.067 160.07    -3.1 0     0.2 0     0.0 0     0.0 0   276.5 0   280.71 0   280.61 0   336.4 0   280.61 0   280.65 0     0.0 0     0.7 0     0.0 0   -59.9 0   -59.9 0     9.7 0    60.2 0     1.4 0   178.1 0   911.9 0
 2019  20  1 20  7  5  7.083 160.19    -2.6 0     0.0 0     0.0 0     0.0 0   276.3 0   280.75 0   280.56 0   336.3 0   280.63 0   280.65 0     0.0 0     0.6 0     0.0 0   -60.0 0   -60.0 0     9.6 0    60.7 0     1.3 0   196.4 0   911.9 0
 2019  20  1 20  7  6  7.100 160.31    -2.7 0     0.0 0     0.0 0    -0.1 0   276.3 0   280.75 0   280.53 0   337.0 0   280.63 0   280.67 0     0.0 0     0.5 0     0.0 0   -60.7 0   -60.7 0     9.6 0    60.6 0     1.2 0   230.0 0   911.9 0
 2019  20  1 20  7  7  7.117 160.43    -2.5 0     0.0 0     0.0 0    -0.3 0   276.2 0   280.75 0   280.46 0   337.4 0   280.65 0   280.68 0     0.0 0     0.5 0     0.0 0   -61.2 0   -61.2 0     9.5 0    61.0 0     1.2 0   240.9 0   911.9 0
 2019  20  1 20  7  8  7.133 160.55    -2.5 0     0.0 0     0.0 0    -0.3 0   276.2 0   280.71 0   280.33 0   336.8 0   280.65 0   280.68 0     0.0 0     0.5 0     0.0 0   -60.6 0   -60.6 0     9.5 0    61.3 0     1.1 0   233.8 0   911.9 0
 2019  20  1 20  7  9  7.150 160.66    -2.3 0     0.0 0     0.0 0    -0.3 0   276.0 0   280.65 0   280.33 0   336.8 0   280.65 0   280.67 0     0.0 0     0.5 0     0.0 0   -60.7 0   -60.7 0     9.3 0    62.2 0     0.9 0   225.6 0   911.9 0
 2019  20  1 20  7 10  7.167 160.78    -2.1 0     0.0 0     0.0 0    -0.3 0   276.0 0   280.61 0   280.33 0   337.5 0   280.65 0   280.70 0     0.0 0     0.4 0     0.0 0   -61.6 0   -61.6 0     9.3 0    61.8 0     0.9 0   260.6 0   911.9 0
 2019  20  1 20  7 11  7.183 160.89    -2.2 0     0.0 0     0.0 0    -0.3 0   277.0 0   280.57 0   280.32 0   337.1 0   280.65 0   280.70 0     0.0 0     0.5 0     0.0 0   -60.1 0   -60.1 0     9.2 0    62.2 0     1.4 0   249.2 0   911.9 0
 2019  20  1 20  7 12  7.200 161.00    -2.7 0    -0.3 0     0.0 0     0.0 0   277.5 0   280.55 0   280.41 0   337.9 0   280.67 0   280.74 0     0.0 0     0.4 0     0.0 0   -60.4 0   -60.4 0     9.3 0    60.7 0     1.1 0   245.5 0   911.9 0
 2019  20  1 20  7 13  7.217 161.11    -2.8 0    -0.1 0    -0.4 0     0.0 0   278.3 0   280.58 0   280.53 0   337.9 0   280.68 0   280.74 0     0.0 0     0.5 0     0.0 0   -59.6 0   -59.6 0     9.3 0    61.7 0     1.1 0   263.2 0   911.8 0
 2019  20  1 20  7 14  7.233 161.21    -2.5 0     0.0 0    -0.2 0    -0.1 0   276.9 0   280.61 0   280.45 0   337.6 0   280.70 0   280.74 0     0.0 0     0.5 0     0.0 0   -60.8 0   -60.8 0     9.2 0    62.7 0     0.6 0   275.0 0   911.8 0
 2019  20  1 20  7 15  7.250 161.32    -2.1 0     0.0 0     0.0 0    -0.3 0   276.0 0   280.62 0   280.34 0   337.5 0   280.69 0   280.71 0     0.0 0     0.3 0     0.0 0   -61.6 0   -61.6 0     9.1 0    63.6 0     0.1 0   331.2 0   911.8 0
 2019  20  1 20  7 16  7.267 161.42    -2.1 0     0.0 0     0.0 0    -0.3 0   276.6 0   280.59 0   280.35 0   337.0 0   280.68 0   280.68 0     0.0 0     0.3 0     0.0 0   -60.5 0   -60.5 0     8.9 0    64.8 0     0.2 0   307.3 0   911.8 0
 2019  20  1 20  7 17  7.283 161.52    -2.1 0     0.0 0     0.0 0    -0.3 0   274.5 0   280.59 0   280.30 0   335.1 0   280.68 0   280.64 0     0.0 0     0.7 0     0.0 0   -60.6 0   -60.6 0     8.7 0    66.1 0     0.6 0     7.5 0   911.8 0
 2019  20  1 20  7 18  7.300 161.62    -2.1 0     0.0 0     0.0 0    -0.2 0   274.2 0   280.57 0   280.32 0   334.3 0   280.66 0   280.59 0     0.0 0     1.0 0     0.0 0   -60.1 0   -60.1 0     8.4 0    67.6 0     0.8 0   342.8 0   911.8 0
 2019  20  1 20  7 19  7.317 161.71    -2.1 0     0.0 0     0.0 0    -0.3 0   274.4 0   280.55 0   280.30 0   336.1 0   280.62 0   280.60 0     0.0 0     0.5 0     0.0 0   -61.8 0   -61.8 0     8.3 0    68.3 0     0.9 0   299.9 0   911.8 0
 2019  20  1 20  7 20  7.333 161.81    -2.1 0    -0.1 0     0.0 0    -0.3 0   274.1 0   280.53 0   280.23 0   336.0 0   280.60 0   280.60 0     0.0 0     0.4 0     0.0 0   -61.8 0   -61.8 0     8.3 0    68.2 0     0.9 0   304.8 0   911.8 0
 2019  20  1 20  7 21  7.350 161.90    -2.0 0     0.0 0     0.0 0    -0.3 0   274.5 0   280.49 0   280.17 0   335.7 0   280.58 0   280.55 0     0.0 0     0.4 0     0.0 0   -61.2 0   -61.2 0     8.2 0    68.7 0     1.2 0   334.0 0   911.8 0
 2019  20  1 20  7 22  7.367 161.99    -1.9 0     0.0 0     0.0 0    -0.3 0   273.6 0   280.45 0   280.12 0   335.7 0   280.55 0   280.52 0     0.0 0     0.4 0     0.0 0   -62.0 0   -62.0 0     8.1 0    69.4 0     1.1 0   345.7 0   911.8 0
 2019  20  1 20  7 23  7.383 162.08    -1.6 0     0.0 0     0.0 0    -0.3 0   274.0 0   280.40 0   280.04 0   335.3 0   280.53 0   280.47 0     0.0 0     0.5 0     0.0 0   -61.3 0   -61.3 0     7.9 0    70.2 0     1.1 0   343.3 0   911.8 0
 2019  20  1 20  7 24  7.400 162.16    -1.6 0     0.0 0     0.0 0    -0.3 0   275.1 0   280.34 0   279.97 0   335.7 0   280.49 0   280.46 0     0.0 0     0.5 0     0.0 0   -60.5 0   -60.5 0     7.8 0    71.1 0     1.3 0   330.2 0   911.8 0
 2019  20  1 20  7 25  7.417 162.24    -1.6 0    -0.3 0     0.0 0    -0.3 0   275.1 0   280.27 0   279.89 0   336.0 0   280.46 0   280.48 0     0.0 0     0.3 0     0.0 0   -60.9 0   -60.9 0     7.9 0    70.5 0     1.6 0   326.7 0   911.8 0
 2019  20  1 20  7 26  7.433 162.32    -1.6 0    -0.6 0     0.0 0    -0.3 0   275.7 0   280.21 0   279.85 0   336.2 0   280.45 0   280.49 0     0.0 0     0.4 0     0.0 0   -60.4 0   -60.4 0     8.1 0    68.9 0     1.1 0   328.6 0   911.8 0
 2019  20  1 20  7 27  7.450 162.40    -1.6 0    -0.6 0     0.0 0    -0.3 0   275.7 0   280.15 0   279.81 0   335.9 0   280.45 0   280.46 0     0.0 0     0.3 0     0.0 0   -60.2 0   -60.2 0     8.2 0    68.1 0     1.2 0   344.3 0   911.8 0
 2019  20  1 20  7 28  7.467 162.48    -1.8 0    -0.6 0     0.0 0    -0.1 0   277.1 0   280.11 0   279.90 0   336.8 0   280.43 0   280.48 0     0.0 0     0.4 0     0.0 0   -59.7 0   -59.7 0     8.3 0    67.3 0     1.2 0   311.3 0   911.8 0
 2019  20  1 20  7 29  7.483 162.55    -2.0 0    -0.8 0     0.0 0    -0.3 0   276.4 0   280.09 0   279.86 0   337.3 0   280.44 0   280.52 0     0.0 0     0.3 0     0.0 0   -60.9 0   -60.9 0     8.5 0    65.8 0     1.5 0   336.5 0   911.8 0
 2019  20  1 20  7 30  7.500 162.62    -1.7 0    -1.2 0     0.0 0    -0.3 0   276.1 0   280.07 0   279.81 0   337.5 0   280.45 0   280.55 0     0.0 0     0.2 0     0.0 0   -61.4 0   -61.4 0     8.8 0    64.3 0     1.6 0   338.2 0   911.8 0
 2019  20  1 20  7 31  7.517 162.69    -1.6 0    -1.2 0     0.0 0    -0.3 0   276.8 0   280.05 0   279.79 0   337.4 0   280.47 0   280.55 0     0.0 0     0.2 0     0.0 0   -60.6 0   -60.6 0     8.9 0    63.5 0     1.7 0   339.7 0   911.8 0
 2019  20  1 20  7 32  7.533 162.76    -1.6 0    -0.8 0     0.0 0    -0.2 0   277.4 0   280.01 0   279.85 0   337.7 0   280.50 0   280.58 0     0.0 0     0.2 0     0.0 0   -60.3 0   -60.3 0     9.0 0    63.3 0     1.6 0   333.0 0   911.8 0
 2019  20  1 20  7 33  7.550 162.82    -2.0 0    -0.8 0     0.0 0     0.0 0   277.2 0   280.03 0   280.00 0   338.0 0   280.52 0   280.61 0     0.0 0     0.2 0     0.0 0   -60.8 0   -60.8 0     9.1 0    62.7 0     1.3 0   327.0 0   911.8 0
 2019  20  1 20  7 34  7.567 162.88    -2.1 0    -0.8 0     0.0 0     0.0 0   277.5 0   280.08 0   280.06 0   338.2 0   280.55 0   280.64 0     0.0 0     0.2 0     0.0 0   -60.7 0   -60.7 0     9.2 0    61.9 0     1.4 0   343.1 0   911.8 0
 2019  20  1 20  7 35  7.583 162.94    -2.3 0    -0.8 0     0.0 0     0.0 0   275.9 0   280.15 0   280.16 0   337.0 0   280.59 0   280.65 0     0.0 0     0.4 0     0.0 0   -61.1 0   -61.1 0     9.3 0    61.5 0     1.2 0     5.5 0   911.8 0
 2019  20  1 20  7 36  7.600 163.00    -2.5 0    -0.7 0     0.0 0     0.0 0   274.3 0   280.24 0   280.21 0   334.7 0   280.62 0   280.65 0     0.0 0     0.9 0     0.0 0   -60.4 0   -60.4 0     9.3 0    61.6 0     1.0 0     9.8 0   911.8 0
 2019  20  1 20  7 37  7.617 163.05    -2.5 0    -0.1 0     0.0 0     0.0 0   273.4 0   280.32 0   280.27 0   332.2 0   280.63 0   280.59 0     0.0 0     1.0 0     0.0 0   -58.8 0   -58.8 0     9.2 0    62.8 0     0.9 0    18.0 0   911.8 0
 2019  20  1 20  7 38  7.633 163.10    -2.3 0     0.4 0     0.0 0     0.0 0   272.2 0   280.39 0   280.28 0   332.0 0   280.61 0   280.48 0     0.0 0     0.9 0     0.0 0   -59.8 0   -59.8 0     8.7 0    66.0 0     0.4 0    77.0 0   911.8 0
 2019  20  1 20  7 39  7.650 163.15    -1.6 0     0.3 0     0.0 0    -0.3 0   270.3 0   280.42 0   280.02 0   332.6 0   280.57 0   280.45 0     0.0 0     1.0 0     0.0 0   -62.4 0   -62.4 0     8.3 0    68.9 0     0.5 0    85.9 0   911.8 0
 2019  20  1 20  7 40  7.667 163.19    -1.6 0     0.0 0     0.0 0    -0.3 0   270.0 0   280.39 0   279.96 0   332.4 0   280.54 0   280.45 0     0.0 0     1.2 0     0.0 0   -62.4 0   -62.4 0     8.0 0    70.0 0     0.5 0    66.3 0   911.8 0
 2019  20  1 20  7 41  7.683 163.23    -1.6 0     0.0 0     0.0 0    -0.3 0   269.7 0   280.33 0   279.92 0   332.1 0   280.51 0   280.42 0     0.0 0     1.2 0     0.0 0   -62.5 0   -62.5 0     7.9 0    70.5 0     0.9 0    73.3 0   911.8 0
 2019  20  1 20  7 42  7.700 163.27    -1.6 0    -0.2 0     0.0 0    -0.3 0   270.5 0   280.28 0   279.91 0   332.0 0   280.49 0   280.40 0     0.0 0     1.3 0     0.0 0   -61.5 0   -61.5 0     7.7 0    71.1 0     1.0 0    76.8 0   911.8 0
 2019  20  1 20  7 43  7.717 163.31    -1.9 0    -0.4 0     0.0 0    -0.2 0   271.4 0   280.25 0   279.96 0   332.1 0   280.46 0   280.37 0     0.0 0     1.3 0     0.0 0   -60.7 0   -60.7 0     7.7 0    71.4 0     0.6 0    89.7 0   911.8 0
 2019  20  1 20  7 44  7.733 163.35    -2.0 0    -0.4 0     0.0 0    -0.2 0   271.1 0   280.23 0   279.94 0   331.9 0   280.43 0   280.36 0     0.0 0     1.3 0     0.0 0   -60.8 0   -60.8 0     7.7 0    71.3 0     0.1 0    93.5 0   911.8 0
 2019  20  1 20  7 45  7.750 163.38    -1.7 0    -0.4 0     0.0 0    -0.3 0   271.0 0   280.21 0   279.81 0   331.1 0   280.41 0   280.33 0     0.0 0     1.3 0     0.0 0   -60.2 0   -60.2 0     7.7 0    71.3 0     0.0 0     0.0 0   911.8 0
 2019  20  1 20  7 46  7.767 163.41    -1.9 0    -0.4 0     0.0 0    -0.3 0   271.5 0   280.16 0   279.82 0   331.6 0   280.37 0   280.31 0     0.0 0     1.1 0     0.0 0   -60.1 0   -60.1 0     7.6 0    71.9 0     0.0 0     0.0 0   911.8 0
 2019  20  1 20  7 47  7.783 163.43    -2.1 0    -0.4 0     0.0 0    -0.2 0   271.5 0   280.13 0   279.83 0   332.0 0   280.35 0   280.28 0     0.0 0     1.1 0     0.0 0   -60.5 0   -60.5 0     7.6 0    72.2 0     0.0 0     0.0 0   911.8 0
 2019  20  1 20  7 48  7.800 163.45    -2.1 0    -0.4 0     0.0 0    -0.3 0   271.3 0   280.11 0   279.82 0   332.1 0   280.32 0   280.26 0     0.0 0     1.0 0     0.0 0   -60.8 0   -60.8 0     7.5 0    72.3 0     0.0 0     0.0 0   911.8 0
 2019  20  1 20  7 49  7.817 163.47    -2.0 0    -0.4 0     0.0 0    -0.3 0   270.6 0   280.09 0   279.78 0   332.0 0   280.29 0   280.22 0     0.0 0     1.0 0     0.0 0   -61.4 0   -61.4 0     7.5 0    72.5 0     0.0 0     0.0 0   911.8 0
 2019  20  1 20  7 50  7.833 163.49    -2.0 0    -0.4 0     0.0 0    -0.3 0   270.4 0   280.06 0   279.75 0   331.9 0   280.26 0   280.21 0     0.0 0     1.0 0     0.0 0   -61.5 0   -61.5 0     7.5 0    72.7 0     0.0 0     0.0 0   911.8 0
 2019  20  1 20  7 51  7.850 163.50    -2.0 0    -0.4 0     0.0 0    -0.3 0   270.2 0   280.05 0   279.73 0   332.0 0   280.24 0   280.17 0     0.0 0     1.0 0     0.0 0   -61.8 0   -61.8 0     7.5 0    72.6 0     0.0 0     0.0 0   911.8 0
 2019  20  1 20  7 52  7.867 163.52    -1.9 0    -0.4 0     0.0 0    -0.3 0   269.9 0   280.02 0   279.72 0   331.9 0   280.21 0   280.15 0     0.0 0     0.9 0     0.0 0   -62.0 0   -62.0 0     7.5 0    72.5 0     0.0 0     0.0 0   911.8 0
 2019  20  1 20  7 53  7.883 163.52    -2.1 0    -0.4 0     0.0 0    -0.3 0   270.1 0   280.00 0   279.71 0   331.9 0   280.18 0   280.13 0     0.0 0     0.9 0     0.0 0   -61.9 0   -61.9 0     7.5 0    72.5 0     0.0 0     0.0 0   911.8 0
 2019  20  1 20  7 54  7.900 163.53    -2.1 0    -0.7 0     0.0 0    -0.3 0   270.5 0   279.97 0   279.69 0   332.2 0   280.16 0   280.11 0     0.0 0     0.9 0     0.0 0   -61.7 0   -61.7 0     7.5 0    72.3 0     0.0 0     0.0 0   911.7 0
 2019  20  1 20  7 55  7.917 163.53    -2.1 0    -0.5 0     0.0 0    -0.3 0   271.0 0   279.96 0   279.69 0   332.2 0   280.14 0   280.08 0     0.0 0     0.9 0     0.0 0   -61.3 0   -61.3 0     7.5 0    71.9 0     0.4 0   163.8 0   911.7 0
 2019  20  1 20  7 56  7.933 163.53    -2.1 0    -0.4 0     0.0 0    -0.3 0   271.3 0   279.96 0   279.72 0   332.0 0   280.11 0   280.06 0     0.0 0     0.9 0     0.0 0   -60.7 0   -60.7 0     7.6 0    71.6 0     0.7 0   163.4 0   911.7 0
 2019  20  1 20  7 57  7.950 163.53    -2.1 0    -0.2 0     0.0 0    -0.3 0   271.5 0   279.96 0   279.72 0   331.9 0   280.08 0   280.03 0     0.0 0     0.9 0     0.0 0   -60.4 0   -60.4 0     7.6 0    71.5 0     0.7 0   162.5 0   911.7 0
 2019  20  1 20  7 58  7.967 163.52    -2.1 0     0.0 0     0.0 0    -0.3 0   271.7 0   279.96 0   279.72 0   331.9 0   280.06 0   280.00 0     0.0 0     0.9 0     0.0 0   -60.2 0   -60.2 0     7.6 0    71.6 0     0.5 0   161.3 0   911.6 0
 2019  20  1 20  7 59  7.983 163.51    -2.0 0    -0.2 0     0.0 0    -0.3 0   271.8 0   279.96 0   279.69 0   331.8 0   280.03 0   279.99 0     0.0 0     0.9 0     0.0 0   -60.1 0   -60.1 0     7.6 0    71.7 0     0.3 0   161.4 0   911.6 0
 2019  20  1 20  8  0  8.000 163.50    -1.6 0     0.0 0     0.0 0    -0.3 0   272.2 0   279.95 0   279.67 0   331.6 0   280.01 0   279.96 0     0.0 0     0.9 0     0.0 0   -59.4 0   -59.4 0     7.5 0    72.0 0     0.0 0     0.0 0   911.6 0
 2019  20  1 20  8  1  8.017 163.49    -1.7 0    -0.4 0     0.0 0    -0.3 0   272.8 0   279.93 0   279.65 0   331.8 0   279.98 0   279.94 0     0.0 0     0.9 0     0.0 0   -59.0 0   -59.0 0     7.5 0    72.0 0     0.0 0     0.0 0   911.6 0
 2019  20  1 20  8  2  8.033 163.47    -2.0 0    -0.4 0     0.0 0    -0.2 0   274.1 0   279.91 0   279.65 0   332.0 0   279.96 0   279.92 0     0.0 0     0.9 0     0.0 0   -57.9 0   -57.9 0     7.5 0    71.9 0     0.0 0     0.0 0   911.6 0
 2019  20  1 20  8  3  8.050 163.45    -2.0 0    -0.4 0     0.0 0    -0.3 0   274.1 0   279.89 0   279.56 0   332.0 0   279.94 0   279.90 0     0.0 0     0.9 0     0.0 0   -57.9 0   -57.9 0     7.5 0    72.1 0     0.0 0   163.8 0   911.6 0
 2019  20  1 20  8  4  8.067 163.43    -1.6 0    -0.4 0     0.3 0    -0.3 0   275.0 0   279.85 0   279.42 0   332.0 0   279.92 0   279.87 0     0.0 0     0.9 0     0.0 0   -57.0 0   -57.0 0     7.5 0    72.1 0     0.3 0   163.8 0   911.6 0
 2019  20  1 20  8  5  8.083 163.40    -1.3 0    -0.4 0     0.4 0    -0.3 0   275.9 0   279.78 0   279.34 0   331.8 0   279.90 0   279.85 0     0.0 0     0.9 0     0.0 0   -55.9 0   -55.9 0     7.5 0    71.6 0     0.2 0   167.6 0   911.6 0
 2019  20  1 20  8  6  8.100 163.37    -1.5 0    -0.4 0     0.4 0    -0.3 0   277.2 0   279.70 0   279.35 0   332.2 0   279.87 0   279.82 0     0.0 0     0.9 0     0.0 0   -55.0 0   -55.0 0     7.5 0    71.6 0     0.8 0   230.2 0   911.6 0
 2019  20  1 20  8  7  8.117 163.34    -1.4 0    -0.4 0     0.4 0    -0.3 0   276.4 0   279.64 0   279.21 0   332.8 0   279.85 0   279.82 0     0.0 0     0.9 0     0.0 0   -56.4 0   -56.4 0     7.5 0    71.2 0     0.8 0   225.8 0   911.6 0
 2019  20  1 20  8  8  8.133 163.30    -1.2 0    -0.4 0     0.4 0    -0.3 0   277.0 0   279.55 0   279.08 0   332.4 0   279.82 0   279.80 0     0.0 0     0.9 0     0.0 0   -55.4 0   -55.4 0     7.6 0    70.7 0     0.9 0   257.7 0   911.6 0
 2019  20  1 20  8  9  8.150 163.27    -1.2 0    -0.1 0     0.4 0    -0.3 0   277.0 0   279.46 0   278.99 0   332.8 0   279.81 0   279.77 0     0.0 0     0.8 0     0.0 0   -55.9 0   -55.9 0     7.6 0    71.0 0     1.3 0   268.4 0   911.6 0
 2019  20  1 20  8 10  8.167 163.23    -1.2 0    -0.3 0     0.4 0    -0.3 0   276.5 0   279.37 0   278.94 0   332.8 0   279.79 0   279.77 0     0.0 0     0.8 0     0.0 0   -56.3 0   -56.3 0     7.6 0    70.9 0     1.2 0   268.5 0   911.6 0
 2019  20  1 20  8 11  8.183 163.18    -1.2 0    -0.1 0     0.4 0    -0.3 0   276.4 0   279.28 0   278.85 0   332.9 0   279.77 0   279.75 0     0.0 0     0.8 0     0.0 0   -56.6 0   -56.6 0     7.5 0    71.4 0     1.4 0   290.4 0   911.6 0
 2019  20  1 20  8 12  8.200 163.14    -1.2 0    -0.2 0     0.3 0    -0.3 0   276.0 0   279.20 0   278.80 0   333.0 0   279.76 0   279.74 0     0.0 0     0.6 0     0.0 0   -57.0 0   -57.0 0     7.5 0    71.8 0     1.6 0   296.4 0   911.5 0
 2019  20  1 20  8 13  8.217 163.09    -1.2 0     0.0 0     0.0 0    -0.3 0   275.5 0   279.13 0   278.76 0   332.8 0   279.74 0   279.72 0     0.0 0     0.7 0     0.0 0   -57.3 0   -57.3 0     7.4 0    72.6 0     2.0 0   307.2 0   911.5 0
 2019  20  1 20  8 14  8.233 163.04    -1.2 0     0.0 0     0.0 0    -0.3 0   275.2 0   279.06 0   278.70 0   332.8 0   279.72 0   279.70 0     0.0 0     0.6 0     0.0 0   -57.6 0   -57.6 0     7.3 0    73.5 0     2.1 0   308.0 0   911.5 0
 2019  20  1 20  8 15  8.250 162.99    -1.2 0     0.0 0     0.0 0    -0.3 0   274.5 0   279.01 0   278.69 0   332.7 0   279.70 0   279.69 0     0.0 0     0.7 0     0.0 0   -58.2 0   -58.2 0     7.2 0    73.9 0     1.9 0   307.1 0   911.5 0
 2019  20  1 20  8 16  8.267 162.93    -1.2 0     0.0 0     0.0 0    -0.3 0   273.6 0   278.97 0   278.63 0   332.5 0   279.68 0   279.67 0     0.0 0     0.6 0     0.0 0   -58.9 0   -58.9 0     7.2 0    74.1 0     2.0 0   315.1 0   911.5 0
 2019  20  1 20  8 17  8.283 162.87    -1.2 0     0.0 0     0.0 0    -0.3 0   273.1 0   278.92 0   278.59 0   332.6 0   279.67 0   279.67 0     0.0 0     0.6 0     0.0 0   -59.4 0   -59.4 0     7.1 0    74.3 0     2.0 0   321.6 0   911.5 0
 2019  20  1 20  8 18  8.300 162.81    -1.4 0    -0.2 0     0.0 0    -0.3 0   273.3 0   278.88 0   278.56 0   332.7 0   279.66 0   279.67 0     0.0 0     0.6 0     0.0 0   -59.4 0   -59.4 0     7.1 0    74.3 0     2.2 0   324.1 0   911.5 0
 2019  20  1 20  8 19  8.317 162.75    -1.6 0    -0.4 0     0.0 0    -0.3 0   273.5 0   278.84 0   278.54 0   332.7 0   279.65 0   279.67 0     0.0 0     0.5 0     0.0 0   -59.2 0   -59.2 0     7.2 0    73.8 0     2.2 0   319.0 0   911.5 0
 2019  20  1 20  8 20  8.333 162.68    -1.6 0    -0.4 0     0.0 0    -0.3 0   273.2 0   278.80 0   278.51 0   332.7 0   279.65 0   279.66 0     0.0 0     0.5 0     0.0 0   -59.5 0   -59.5 0     7.3 0    73.4 0     1.9 0   318.3 0   911.5 0
 2019  20  1 20  8 21  8.350 162.61    -1.6 0    -0.4 0     0.0 0    -0.3 0   273.8 0   278.77 0   278.51 0   332.4 0   279.63 0   279.66 0     0.0 0     0.5 0     0.0 0   -58.6 0   -58.6 0     7.3 0    73.3 0     1.7 0   320.2 0   911.5 0
 2019  20  1 20  8 22  8.367 162.54    -1.6 0    -0.1 0     0.0 0    -0.3 0   273.3 0   278.75 0   278.51 0   332.0 0   279.62 0   279.62 0     0.0 0     0.5 0     0.0 0   -58.7 0   -58.7 0     7.3 0    73.5 0     1.6 0   323.4 0   911.5 0
 2019  20  1 20  8 23  8.383 162.47    -1.6 0     0.0 0     0.0 0    -0.1 0   273.5 0   278.74 0   278.52 0   332.2 0   279.61 0   279.57 0     0.0 0     0.5 0     0.0 0   -58.7 0   -58.7 0     7.2 0    74.2 0     1.3 0   342.2 0   911.5 0
 2019  20  1 20  8 24  8.400 162.39    -1.6 0     0.0 0     0.0 0    -0.1 0   272.4 0   278.75 0   278.53 0   330.9 0   279.60 0   279.52 0     0.0 0     0.9 0     0.0 0   -58.6 0   -58.6 0     7.0 0    75.3 0     1.2 0     4.4 0   911.5 0
 2019  20  1 20  8 25  8.417 162.31    -1.6 0     0.0 0     0.0 0    -0.1 0   271.2 0   278.76 0   278.50 0   329.4 0   279.58 0   279.48 0     0.0 0     1.3 0     0.0 0   -58.2 0   -58.2 0     6.8 0    76.4 0     1.0 0     2.9 0   911.4 0
 2019  20  1 20  8 26  8.433 162.23    -1.6 0     0.0 0     0.0 0    -0.2 0   271.0 0   278.76 0   278.47 0   329.3 0   279.55 0   279.46 0     0.0 0     1.3 0     0.0 0   -58.2 0   -58.2 0     6.8 0    76.9 0     1.3 0     6.1 0   911.4 0
 2019  20  1 20  8 27  8.450 162.15    -1.6 0     0.0 0     0.0 0    -0.3 0   270.5 0   278.75 0   278.40 0   328.8 0   279.53 0   279.43 0     0.0 0     1.6 0     0.0 0   -58.3 0   -58.3 0     6.7 0    77.1 0     1.5 0    17.8 0   911.4 0
 2019  20  1 20  8 28  8.467 162.06    -1.6 0    -0.4 0     0.0 0    -0.3 0   271.8 0   278.73 0   278.39 0   329.5 0   279.50 0   279.48 0     0.0 0     1.6 0     0.0 0   -57.6 0   -57.6 0     6.9 0    76.3 0     1.2 0     8.8 0   911.4 0
 2019  20  1 20  8 29  8.483 161.97    -1.6 0    -0.8 0     0.0 0    -0.2 0   273.0 0   278.70 0   278.48 0   330.3 0   279.50 0   279.50 0     0.0 0     1.4 0     0.0 0   -57.3 0   -57.3 0     7.2 0    74.4 0     0.9 0   357.3 0   911.3 0
 2019  20  1 20  8 30  8.500 161.88    -1.7 0    -0.8 0     0.0 0     0.0 0   272.3 0   278.72 0   278.53 0   329.8 0   279.51 0   279.52 0     0.0 0     1.6 0     0.0 0   -57.5 0   -57.5 0     7.4 0    72.7 0     1.0 0     3.8 0   911.3 0
 2019  20  1 20  8 31  8.517 161.79    -2.0 0    -0.5 0     0.0 0     0.0 0   271.8 0   278.75 0   278.58 0   329.0 0   279.52 0   279.50 0     0.0 0     1.6 0     0.0 0   -57.2 0   -57.2 0     7.5 0    71.8 0     1.6 0    25.6 0   911.3 0
 2019  20  1 20  8 32  8.533 161.70    -2.1 0    -0.4 0     0.0 0     0.0 0   272.2 0   278.79 0   278.68 0   329.4 0   279.52 0   279.53 0     0.0 0     1.6 0     0.0 0   -57.1 0   -57.1 0     7.6 0    71.2 0     1.8 0    21.6 0   911.3 0
 2019  20  1 20  8 33  8.550 161.60    -2.5 0    -0.7 0    -0.4 0     0.0 0   271.8 0   278.85 0   278.83 0   329.7 0   279.54 0   279.56 0     0.0 0     1.6 0     0.0 0   -58.0 0   -58.0 0     7.7 0    70.4 0     2.0 0    31.0 0   911.3 0
 2019  20  1 20  8 34  8.567 161.50    -2.4 0    -0.4 0    -0.3 0     0.0 0   270.8 0   278.93 0   278.80 0   329.2 0   279.56 0   279.52 0     0.0 0     1.6 0     0.0 0   -58.4 0   -58.4 0     7.8 0    70.3 0     2.1 0    30.5 0   911.3 0
 2019  20  1 20  8 35  8.583 161.40    -2.1 0     0.0 0     0.0 0     0.0 0   270.4 0   278.98 0   278.73 0   328.7 0   279.55 0   279.47 0     0.0 0     1.6 0     0.0 0   -58.3 0   -58.3 0     7.6 0    71.9 0     2.1 0    27.8 0   911.2 0
 2019  20  1 20  8 36  8.600 161.30    -2.1 0     0.0 0     0.0 0     0.0 0   270.8 0   279.00 0   278.81 0   328.8 0   279.55 0   279.47 0     0.0 0     1.6 0     0.0 0   -58.0 0   -58.0 0     7.5 0    72.3 0     2.0 0    23.2 0   911.2 0
 2019  20  1 20  8 37  8.617 161.19    -2.1 0    -0.2 0     0.0 0     0.0 0   270.9 0   279.04 0   278.90 0   328.9 0   279.54 0   279.50 0     0.0 0     1.6 0     0.0 0   -58.1 0   -58.1 0     7.6 0    71.3 0     1.6 0    24.5 0   911.2 0
 2019  20  1 20  8 38  8.633 161.09    -2.1 0    -0.2 0     0.0 0    -0.1 0   269.7 0   279.08 0   278.83 0   328.1 0   279.54 0   279.46 0     0.0 0     1.6 0     0.0 0   -58.4 0   -58.4 0     7.7 0    70.7 0     1.9 0    41.6 0   911.2 0
 2019  20  1 20  8 39  8.650 160.98    -2.1 0     0.3 0     0.0 0    -0.3 0   267.8 0   279.08 0   278.71 0   328.1 0   279.52 0   279.41 0     0.0 0     1.6 0     0.0 0   -60.3 0   -60.3 0     7.3 0    73.5 0     2.2 0    63.1 0   911.2 0
 2019  20  1 20  8 40  8.667 160.87    -2.1 0     0.3 0     0.0 0    -0.3 0   267.7 0   279.06 0   278.63 0   328.5 0   279.49 0   279.38 0     0.0 0     1.6 0     0.0 0   -60.8 0   -60.8 0     6.9 0    76.3 0     2.4 0    67.3 0   911.2 0
 2019  20  1 20  8 41  8.683 160.76    -2.0 0     0.0 0     0.0 0    -0.3 0   267.6 0   279.01 0   278.58 0   328.9 0   279.47 0   279.38 0     0.0 0     1.6 0     0.0 0   -61.2 0   -61.2 0     6.9 0    76.4 0     2.4 0    72.4 0   911.2 0
 2019  20  1 20  8 42  8.700 160.64    -2.1 0    -0.1 0     0.0 0    -0.3 0   268.3 0   278.97 0   278.57 0   328.9 0   279.46 0   279.38 0     0.0 0     1.6 0     0.0 0   -60.5 0   -60.5 0     6.9 0    75.6 0     2.4 0    70.6 0   911.2 0
 2019  20  1 20  8 43  8.717 160.53    -2.1 0    -0.4 0     0.0 0    -0.2 0   268.8 0   278.94 0   278.60 0   328.7 0   279.45 0   279.40 0     0.0 0     1.6 0     0.0 0   -59.9 0   -59.9 0     7.1 0    74.2 0     2.3 0    72.0 0   911.2 0
 2019  20  1 20  8 44  8.733 160.41    -2.1 0    -0.4 0     0.0 0     0.0 0   268.3 0   278.92 0   278.64 0   328.8 0   279.45 0   279.40 0     0.0 0     1.6 0     0.0 0   -60.5 0   -60.5 0     7.3 0    73.2 0     2.1 0    76.5 0   911.2 0
 2019  20  1 20  8 45  8.750 160.29    -2.1 0    -0.4 0     0.0 0     0.0 0   268.1 0   278.91 0   278.64 0   328.9 0   279.47 0   279.40 0     0.0 0     1.6 0     0.0 0   -60.9 0   -60.9 0     7.3 0    72.9 0     1.8 0    85.8 0   911.2 0
 2019  20  1 20  8 46  8.767 160.17    -2.1 0    -0.1 0     0.0 0    -0.1 0   267.0 0   278.91 0   278.64 0   328.6 0   279.45 0   279.38 0     0.0 0     1.6 0     0.0 0   -61.6 0   -61.6 0     7.1 0    74.0 0     1.7 0    89.4 0   911.2 0
 2019  20  1 20  8 47  8.783 160.05    -2.3 0     0.0 0     0.0 0     0.0 0   268.0 0   278.92 0   278.69 0   328.6 0   279.44 0   279.37 0     0.0 0     1.6 0     0.0 0   -60.6 0   -60.6 0     7.0 0    74.8 0     1.6 0   103.2 0   911.2 0
 2019  20  1 20  8 48  8.800 159.92    -2.5 0    -0.4 0     0.0 0     0.0 0   267.8 0   278.93 0   278.70 0   329.0 0   279.42 0   279.36 0     0.0 0     1.6 0     0.0 0   -61.2 0   -61.2 0     7.1 0    74.5 0     1.2 0   104.0 0   911.2 0
 2019  20  1 20  8 49  8.817 159.80    -2.4 0    -0.4 0     0.0 0     0.0 0   267.6 0   278.96 0   278.77 0   329.1 0   279.42 0   279.37 0     0.0 0     1.5 0     0.0 0   -61.5 0   -61.5 0     7.2 0    73.6 0     1.0 0    99.4 0   911.2 0
 2019  20  1 20  8 50  8.833 159.67    -2.5 0    -0.4 0     0.0 0     0.0 0   268.0 0   278.99 0   278.89 0   329.4 0   279.42 0   279.36 0     0.0 0     1.4 0     0.0 0   -61.4 0   -61.4 0     7.2 0    73.2 0     0.9 0    94.0 0   911.2 0
 2019  20  1 20  8 51  8.850 159.54    -2.5 0    -0.4 0     0.0 0     0.0 0   268.1 0   279.05 0   278.97 0   329.5 0   279.42 0   279.35 0     0.0 0     1.5 0     0.0 0   -61.3 0   -61.3 0     7.3 0    72.9 0     0.8 0    95.3 0   911.2 0
 2019  20  1 20  8 52  8.867 159.41    -2.5 0    -0.4 0     0.0 0     0.0 0   267.8 0   279.12 0   279.02 0   329.1 0   279.40 0   279.35 0     0.0 0     1.5 0     0.0 0   -61.2 0   -61.2 0     7.3 0    72.6 0     0.7 0    94.9 0   911.2 0
 2019  20  1 20  8 53  8.883 159.28    -2.5 0    -0.4 0     0.0 0     0.0 0   267.3 0   279.18 0   279.03 0   329.0 0   279.40 0   279.35 0     0.0 0     1.4 0     0.0 0   -61.7 0   -61.7 0     7.4 0    72.4 0     0.8 0    91.7 0   911.2 0
 2019  20  1 20  8 54  8.900 159.15    -2.3 0    -0.4 0     0.0 0    -0.1 0   266.7 0   279.23 0   278.98 0   329.1 0   279.40 0   279.35 0     0.0 0     1.5 0     0.0 0   -62.4 0   -62.4 0     7.4 0    72.3 0     0.9 0    86.9 0   911.1 0
 2019  20  1 20  8 55  8.917 159.01    -2.1 0    -0.4 0     0.0 0    -0.3 0   266.2 0   279.23 0   278.94 0   329.2 0   279.40 0   279.37 0     0.0 0     1.5 0     0.0 0   -63.0 0   -63.0 0     7.4 0    71.9 0     0.9 0    86.2 0   911.1 0
 2019  20  1 20  8 56  8.933 158.88    -2.2 0    -0.4 0     0.0 0    -0.2 0   265.9 0   279.25 0   278.97 0   329.3 0   279.40 0   279.37 0     0.0 0     1.5 0     0.0 0   -63.4 0   -63.4 0     7.6 0    71.0 0     0.9 0    86.2 0   911.1 0
 2019  20  1 20  8 57  8.950 158.74    -2.1 0    -0.5 0     0.0 0    -0.3 0   265.1 0   279.25 0   278.93 0   329.0 0   279.42 0   279.39 0     0.0 0     1.6 0     0.0 0   -63.8 0   -63.8 0     7.7 0    70.3 0     1.7 0    82.0 0   911.1 0
 2019  20  1 20  8 58  8.967 158.60    -2.1 0    -0.8 0     0.0 0    -0.3 0   263.8 0   279.23 0   278.87 0   328.7 0   279.42 0   279.41 0     0.0 0     1.6 0     0.0 0   -64.8 0   -64.8 0     7.7 0    70.2 0     2.1 0    79.7 0   911.1 0
 2019  20  1 20  8 59  8.983 158.46    -2.1 0    -0.8 0     0.0 0    -0.3 0   263.7 0   279.21 0   278.84 0   328.9 0   279.45 0   279.44 0     0.0 0     1.5 0     0.0 0   -65.2 0   -65.2 0     7.8 0    69.3 0     1.8 0    83.9 0   911.0 0
 2019  20  1 20  9  0  9.000 158.32    -2.1 0    -0.8 0     0.0 0    -0.3 0   263.6 0   279.18 0   278.84 0   328.7 0   279.47 0   279.47 0     0.0 0     1.5 0     0.0 0   -65.1 0   -65.1 0     8.0 0    68.3 0     1.8 0    87.3 0   911.0 0
 2019  20  1 20  9  1  9.017 158.18    -2.1 0    -0.7 0     0.0 0    -0.3 0   263.4 0   279.17 0   278.82 0   327.8 0   279.49 0   279.46 0     0.0 0     1.6 0     0.0 0   -64.4 0   -64.4 0     7.9 0    68.9 0     2.5 0    90.2 0   911.0 0
 2019  20  1 20  9  2  9.033 158.04    -2.1 0    -0.3 0     0.0 0    -0.3 0   262.7 0   279.15 0   278.78 0   327.8 0   279.50 0   279.42 0     0.0 0     1.6 0     0.0 0   -65.0 0   -65.0 0     7.5 0    71.6 0     2.6 0    91.4 0   911.0 0
 2019  20  1 20  9  3  9.050 157.89    -2.1 0     0.0 0     0.0 0    -0.3 0   262.8 0   279.12 0   278.75 0   327.8 0   279.49 0   279.41 0     0.0 0     1.5 0     0.0 0   -64.9 0   -64.9 0     7.3 0    73.2 0     2.5 0    96.3 0   911.0 0
 2019  20  1 20  9  4  9.067 157.74    -2.1 0    -0.4 0     0.0 0    -0.3 0   262.8 0   279.09 0   278.71 0   327.9 0   279.48 0   279.45 0     0.0 0     1.5 0     0.0 0   -65.1 0   -65.1 0     7.4 0    71.9 0     2.2 0    99.8 0   911.0 0
 2019  20  1 20  9  5  9.083 157.60    -2.0 0    -0.8 0     0.0 0    -0.3 0   263.4 0   279.06 0   278.68 0   328.3 0   279.50 0   279.47 0     0.0 0     1.6 0     0.0 0   -64.9 0   -64.9 0     7.6 0    69.8 0     2.2 0   103.0 0   911.0 0
 2019  20  1 20  9  6  9.100 157.45    -2.1 0    -0.5 0     0.0 0    -0.3 0   263.7 0   279.03 0   278.66 0   328.4 0   279.51 0   279.47 0     0.0 0     1.5 0     0.0 0   -64.7 0   -64.7 0     7.7 0    69.2 0     2.6 0   101.4 0   911.0 0
 2019  20  1 20  9  7  9.117 157.30    -2.1 0    -0.4 0     0.0 0    -0.3 0   264.0 0   279.00 0   278.66 0   328.4 0   279.52 0   279.49 0     0.0 0     1.5 0     0.0 0   -64.4 0   -64.4 0     7.7 0    68.9 0     2.6 0   101.0 0   911.0 0
 2019  20  1 20  9  8  9.133 157.15    -2.1 0    -0.4 0     0.0 0    -0.3 0   264.3 0   278.98 0   278.65 0   328.5 0   279.54 0   279.52 0     0.0 0     1.5 0     0.0 0   -64.2 0   -64.2 0     7.8 0    68.7 0     2.7 0    99.9 0   911.0 0
 2019  20  1 20  9  9  9.150 157.00    -2.1 0    -0.4 0     0.0 0    -0.3 0   264.5 0   278.96 0   278.64 0   328.5 0   279.56 0   279.52 0     0.0 0     1.5 0     0.0 0   -64.0 0   -64.0 0     7.8 0    68.4 0     2.9 0    99.0 0   911.0 0
 2019  20  1 20  9 10  9.167 156.85    -2.1 0    -0.4 0     0.0 0    -0.3 0   264.9 0   278.95 0   278.62 0   328.6 0   279.57 0   279.53 0     0.0 0     1.5 0     0.0 0   -63.7 0   -63.7 0     7.7 0    68.8 0     3.0 0   102.5 0   911.0 0
 2019  20  1 20  9 11  9.183 156.69    -2.1 0    -0.3 0     0.0 0    -0.2 0   265.4 0   278.94 0   278.64 0   328.2 0   279.57 0   279.53 0     0.0 0     1.5 0     0.0 0   -62.9 0   -62.9 0     7.6 0    69.0 0     3.0 0    96.1 0   910.9 0
 2019  20  1 20  9 12  9.200 156.54    -2.1 0     0.0 0     0.0 0    -0.2 0   266.2 0   278.94 0   278.66 0   328.1 0   279.57 0   279.51 0     0.0 0     1.5 0     0.0 0   -62.0 0   -62.0 0     7.4 0    70.5 0     2.9 0    93.5 0   910.9 0
 2019  20  1 20  9 13  9.217 156.38    -2.2 0    -0.1 0     0.0 0    -0.1 0   266.9 0   278.93 0   278.69 0   328.5 0   279.57 0   279.52 0     0.0 0     1.5 0     0.0 0   -61.6 0   -61.6 0     7.4 0    69.9 0     2.9 0    94.0 0   910.9 0
 2019  20  1 20  9 14  9.233 156.22    -2.4 0    -0.4 0     0.0 0    -0.1 0   267.4 0   278.94 0   278.69 0   328.6 0   279.57 0   279.56 0     0.0 0     1.4 0     0.0 0   -61.2 0   -61.2 0     7.6 0    68.2 0     2.6 0    89.3 0   911.0 0
 2019  20  1 20  9 15  9.250 156.07    -2.5 0    -0.5 0     0.0 0     0.0 0   268.4 0   278.96 0   278.72 0   328.8 0   279.59 0   279.57 0     0.0 0     1.4 0     0.0 0   -60.4 0   -60.4 0     7.7 0    67.7 0     2.6 0    89.0 0   910.9 0
 2019  20  1 20  9 16  9.267 155.91    -2.5 0    -0.8 0     0.0 0    -0.1 0   268.7 0   278.97 0   278.74 0   329.1 0   279.61 0   279.58 0     0.0 0     1.4 0     0.0 0   -60.4 0   -60.4 0     7.8 0    67.2 0     2.8 0    87.7 0   910.9 0
 2019  20  1 20  9 17  9.283 155.75    -2.5 0    -0.8 0     0.0 0     0.0 0   268.7 0   278.98 0   278.76 0   329.3 0   279.62 0   279.62 0     0.0 0     1.3 0     0.0 0   -60.6 0   -60.6 0     7.9 0    66.4 0     2.6 0    91.6 0   910.9 0
 2019  20  1 20  9 18  9.300 155.59    -2.5 0    -0.8 0     0.0 0     0.0 0   268.5 0   279.00 0   278.76 0   329.4 0   279.65 0   279.65 0     0.0 0     1.3 0     0.0 0   -60.9 0   -60.9 0     8.1 0    65.3 0     2.9 0    92.7 0   910.9 0
 2019  20  1 20  9 19  9.317 155.43    -2.5 0    -0.9 0     0.0 0     0.0 0   268.5 0   279.01 0   278.75 0   329.5 0   279.67 0   279.67 0     0.0 0     1.3 0     0.0 0   -61.0 0   -61.0 0     8.1 0    65.4 0     3.0 0    88.8 0   910.9 0
 2019  20  1 20  9 20  9.333 155.27    -2.5 0    -0.8 0     0.0 0    -0.1 0   268.6 0   279.01 0   278.74 0   329.7 0   279.70 0   279.70 0     0.0 0     1.3 0     0.0 0   -61.1 0   -61.1 0     8.1 0    65.6 0     3.1 0    87.6 0   910.9 0
 2019  20  1 20  9 21  9.350 155.10    -2.5 0    -1.0 0     0.0 0    -0.1 0   268.9 0   279.02 0   278.78 0   329.7 0   279.73 0   279.74 0     0.0 0     1.3 0     0.0 0   -60.8 0   -60.8 0     8.1 0    64.9 0     3.3 0    88.4 0   910.9 0
 2019  20  1 20  9 22  9.367 154.94    -2.5 0    -1.3 0     0.0 0     0.0 0   269.0 0   279.03 0   278.80 0   329.8 0   279.77 0   279.77 0     0.0 0     1.3 0     0.0 0   -60.8 0   -60.8 0     8.2 0    64.4 0     3.4 0    86.1 0   910.9 0
 2019  20  1 20  9 23  9.383 154.78    -2.5 0    -0.9 0     0.0 0     0.0 0   268.9 0   279.04 0   278.85 0   329.7 0   279.80 0   279.80 0     0.0 0     1.3 0     0.0 0   -60.7 0   -60.7 0     8.2 0    64.9 0     3.4 0    84.4 0   910.8 0
 2019  20  1 20  9 24  9.400 154.61    -2.5 0    -0.8 0     0.0 0     0.0 0   269.2 0   279.07 0   278.90 0   329.6 0   279.83 0   279.81 0     0.0 0     1.3 0     0.0 0   -60.4 0   -60.4 0     8.1 0    65.4 0     3.5 0    85.4 0   910.8 0
 2019  20  1 20  9 25  9.417 154.44    -2.5 0    -0.8 0     0.0 0     0.0 0   269.4 0   279.11 0   278.95 0   329.9 0   279.85 0   279.83 0     0.0 0     1.3 0     0.0 0   -60.5 0   -60.5 0     8.0 0    65.4 0     3.4 0    84.4 0   910.8 0
 2019  20  1 20  9 26  9.433 154.28    -2.5 0    -0.8 0     0.0 0     0.0 0   269.9 0   279.15 0   279.01 0   329.9 0   279.87 0   279.86 0     0.0 0     1.3 0     0.0 0   -60.0 0   -60.0 0     8.0 0    65.9 0     3.3 0    85.3 0   910.9 0
 2019  20  1 20  9 27  9.450 154.11    -2.6 0    -0.8 0     0.0 0     0.0 0   270.1 0   279.19 0   279.09 0   330.4 0   279.89 0   279.89 0     0.0 0     1.3 0     0.0 0   -60.3 0   -60.3 0     7.9 0    65.9 0     3.5 0    87.1 0   910.9 0
 2019  20  1 20  9 28  9.467 153.94    -2.9 0    -0.8 0     0.0 0     0.0 0   270.8 0   279.25 0   279.16 0   330.7 0   279.92 0   279.92 0     0.0 0     1.3 0     0.0 0   -59.9 0   -59.9 0     8.0 0    65.2 0     3.4 0    85.0 0   910.9 0
 2019  20  1 20  9 29  9.483 153.77    -2.9 0    -0.8 0    -0.2 0     0.0 0   271.7 0   279.31 0   279.26 0   331.0 0   279.95 0   279.96 0     0.0 0     1.3 0     0.0 0   -59.4 0   -59.4 0     8.1 0    64.6 0     3.7 0    84.6 0   910.9 0
 2019  20  1 20  9 30  9.500 153.60    -2.9 0    -0.9 0    -0.1 0     0.0 0   271.5 0   279.38 0   279.31 0   331.1 0   279.97 0   279.99 0     0.0 0     1.2 0     0.0 0   -59.6 0   -59.6 0     8.1 0    64.2 0     3.7 0    83.3 0   910.9 0
 2019  20  1 20  9 31  9.517 153.43    -2.9 0    -0.8 0     0.0 0     0.0 0   271.8 0   279.45 0   279.36 0   331.0 0   280.01 0   280.01 0     0.0 0     1.3 0     0.0 0   -59.3 0   -59.3 0     8.1 0    64.7 0     3.6 0    83.3 0   910.8 0
 2019  20  1 20  9 32  9.533 153.26    -2.9 0    -0.8 0     0.0 0     0.0 0   271.4 0   279.51 0   279.41 0   331.0 0   280.03 0   280.01 0     0.0 0     1.2 0     0.0 0   -59.6 0   -59.6 0     8.1 0    65.2 0     3.4 0    82.8 0   910.8 0
 2019  20  1 20  9 33  9.550 153.09    -2.9 0    -0.8 0     0.0 0     0.0 0   271.0 0   279.56 0   279.44 0   331.2 0   280.04 0   280.04 0     0.0 0     1.2 0     0.0 0   -60.1 0   -60.1 0     8.1 0    64.7 0     3.7 0    83.0 0   910.8 0
 2019  20  1 20  9 34  9.567 152.92    -2.9 0    -0.8 0     0.0 0     0.0 0   270.4 0   279.61 0   279.44 0   331.1 0   280.06 0   280.07 0     0.0 0     1.3 0     0.0 0   -60.7 0   -60.7 0     8.2 0    63.7 0     3.7 0    84.7 0   910.8 0
 2019  20  1 20  9 35  9.583 152.75    -2.9 0    -0.8 0     0.0 0     0.0 0   269.9 0   279.65 0   279.46 0   330.8 0   280.09 0   280.08 0     0.0 0     1.2 0     0.0 0   -60.9 0   -60.9 0     8.2 0    64.1 0     3.4 0    83.3 0   910.8 0
 2019  20  1 20  9 36  9.600 152.57    -2.7 0    -0.7 0     0.0 0    -0.1 0   269.5 0   279.67 0   279.47 0   330.6 0   280.11 0   280.08 0     0.0 0     1.3 0     0.0 0   -61.2 0   -61.2 0     8.1 0    64.9 0     3.2 0    80.8 0   910.8 0
 2019  20  1 20  9 37  9.617 152.40    -2.5 0    -0.8 0     0.0 0    -0.2 0   269.1 0   279.69 0   279.46 0   330.7 0   280.12 0   280.10 0     0.0 0     1.3 0     0.0 0   -61.7 0   -61.7 0     8.1 0    64.5 0     2.9 0    76.7 0   910.8 0
 2019  20  1 20  9 38  9.633 152.22    -2.5 0    -0.8 0     0.0 0    -0.2 0   268.9 0   279.72 0   279.48 0   330.5 0   280.14 0   280.13 0     0.0 0     1.3 0     0.0 0   -61.5 0   -61.5 0     8.3 0    63.8 0     3.0 0    77.9 0   910.8 0
 2019  20  1 20  9 39  9.650 152.05    -2.5 0    -0.8 0     0.0 0    -0.2 0   268.8 0   279.73 0   279.50 0   330.4 0   280.16 0   280.16 0     0.0 0     1.3 0     0.0 0   -61.6 0   -61.6 0     8.4 0    62.9 0     3.1 0    80.0 0   910.8 0
 2019  20  1 20  9 40  9.667 151.87    -2.5 0    -0.8 0     0.0 0    -0.1 0   268.7 0   279.75 0   279.57 0   330.5 0   280.19 0   280.18 0     0.0 0     1.3 0     0.0 0   -61.8 0   -61.8 0     8.5 0    62.4 0     3.2 0    80.9 0   910.7 0
 2019  20  1 20  9 41  9.683 151.70    -2.5 0    -0.9 0     0.0 0    -0.1 0   268.0 0   279.78 0   279.58 0   330.5 0   280.21 0   280.22 0     0.0 0     1.3 0     0.0 0   -62.5 0   -62.5 0     8.6 0    61.9 0     3.2 0    79.0 0   910.7 0
 2019  20  1 20  9 42  9.700 151.52    -2.5 0    -0.9 0     0.0 0    -0.2 0   268.1 0   279.81 0   279.58 0   330.5 0   280.25 0   280.25 0     0.0 0     1.3 0     0.0 0   -62.4 0   -62.4 0     8.7 0    61.6 0     3.2 0    81.9 0   910.7 0
 2019  20  1 20  9 43  9.717 151.34    -2.5 0    -1.1 0     0.0 0    -0.2 0   268.1 0   279.83 0   279.61 0   330.3 0   280.27 0   280.28 0     0.0 0     1.3 0     0.0 0   -62.2 0   -62.2 0     8.7 0    61.1 0     3.0 0    82.1 0   910.7 0
 2019  20  1 20  9 44  9.733 151.16    -2.5 0    -0.8 0     0.0 0    -0.2 0   268.2 0   279.86 0   279.65 0   330.2 0   280.30 0   280.30 0     0.0 0     1.3 0     0.0 0   -62.0 0   -62.0 0     8.7 0    61.2 0     3.0 0    79.8 0   910.7 0
 2019  20  1 20  9 45  9.750 150.99    -2.5 0    -0.8 0     0.0 0    -0.1 0   268.9 0   279.88 0   279.72 0   330.3 0   280.32 0   280.32 0     0.0 0     1.3 0     0.0 0   -61.4 0   -61.4 0     8.7 0    61.3 0     2.7 0    79.7 0   910.7 0
 2019  20  1 20  9 46  9.767 150.81    -2.5 0    -0.8 0     0.0 0     0.0 0   269.3 0   279.92 0   279.80 0   330.3 0   280.35 0   280.35 0     0.0 0     1.3 0     0.0 0   -61.0 0   -61.0 0     8.7 0    61.1 0     2.6 0    80.4 0   910.7 0
 2019  20  1 20  9 47  9.783 150.63    -2.5 0    -0.8 0     0.0 0     0.0 0   269.8 0   279.97 0   279.84 0   329.9 0   280.36 0   280.36 0     0.0 0     1.3 0     0.0 0   -60.2 0   -60.2 0     8.7 0    61.6 0     2.4 0    78.4 0   910.7 0
 2019  20  1 20  9 48  9.800 150.45    -2.5 0    -0.7 0     0.0 0     0.0 0   270.0 0   280.02 0   279.86 0   330.1 0   280.38 0   280.36 0     0.0 0     1.3 0     0.0 0   -60.0 0   -60.0 0     8.6 0    62.3 0     2.3 0    75.8 0   910.7 0
 2019  20  1 20  9 49  9.817 150.27    -2.5 0    -0.4 0     0.0 0     0.0 0   270.5 0   280.06 0   279.86 0   330.2 0   280.38 0   280.33 0     0.0 0     1.3 0     0.0 0   -59.6 0   -59.6 0     8.4 0    63.2 0     2.2 0    77.8 0   910.7 0
 2019  20  1 20  9 50  9.833 150.09    -2.5 0    -0.4 0     0.0 0     0.0 0   270.6 0   280.08 0   279.88 0   330.3 0   280.38 0   280.35 0     0.0 0     1.2 0     0.0 0   -59.7 0   -59.7 0     8.4 0    63.5 0     2.0 0    80.8 0   910.6 0
 2019  20  1 20  9 51  9.850 149.91    -2.5 0    -0.4 0     0.0 0    -0.3 0   270.5 0   280.11 0   279.82 0   330.2 0   280.38 0   280.35 0     0.0 0     1.3 0     0.0 0   -59.7 0   -59.7 0     8.4 0    63.8 0     1.8 0    78.0 0   910.7 0
 2019  20  1 20  9 52  9.867 149.72    -2.5 0    -0.4 0     0.0 0    -0.3 0   270.8 0   280.10 0   279.81 0   330.4 0   280.38 0   280.34 0     0.0 0     1.3 0     0.0 0   -59.6 0   -59.6 0     8.3 0    64.1 0     1.9 0    80.2 0   910.7 0
 2019  20  1 20  9 53  9.883 149.54    -2.5 0    -0.3 0     0.0 0    -0.3 0   270.2 0   280.08 0   279.75 0   329.9 0   280.38 0   280.30 0     0.0 0     1.3 0     0.0 0   -59.6 0   -59.6 0     8.3 0    64.8 0     1.9 0    53.8 0   910.7 0
 2019  20  1 20  9 54  9.900 149.36    -2.5 0     0.0 0     0.0 0    -0.3 0   269.5 0   280.07 0   279.73 0   329.5 0   280.36 0   280.28 0     0.0 0     1.3 0     0.0 0   -60.1 0   -60.1 0     8.0 0    66.1 0     1.9 0    46.5 0   910.7 0
 2019  20  1 20  9 55  9.917 149.18    -2.2 0    -0.2 0     0.2 0    -0.3 0   268.6 0   280.04 0   279.55 0   329.0 0   280.35 0   280.25 0     0.0 0     1.3 0     0.0 0   -60.4 0   -60.4 0     7.9 0    66.4 0     2.1 0    35.5 0   910.7 0
 2019  20  1 20  9 56  9.933 148.99    -2.1 0     0.2 0     0.4 0    -0.3 0   268.0 0   279.97 0   279.44 0   327.9 0   280.32 0   280.14 0     0.0 0     1.3 0     0.0 0   -59.9 0   -59.9 0     7.7 0    68.0 0     2.2 0    29.8 0   910.7 0
 2019  20  1 20  9 57  9.950 148.81    -2.1 0     0.7 0     0.4 0    -0.3 0   268.5 0   279.88 0   279.32 0   327.8 0   280.26 0   280.06 0     0.0 0     1.5 0     0.0 0   -59.3 0   -59.3 0     7.4 0    70.0 0     2.3 0    25.1 0   910.7 0
 2019  20  1 20  9 58  9.967 148.62    -2.1 0     0.1 0     0.4 0    -0.3 0   268.3 0   279.79 0   279.27 0   327.6 0   280.20 0   280.07 0     0.0 0     1.5 0     0.0 0   -59.3 0   -59.3 0     7.4 0    69.6 0     2.3 0    23.7 0   910.8 0
 2019  20  1 20  9 59  9.983 148.44    -2.0 0     0.0 0     0.4 0    -0.3 0   268.2 0   279.70 0   279.17 0   327.8 0   280.17 0   280.05 0     0.0 0     1.6 0     0.0 0   -59.6 0   -59.6 0     7.4 0    69.6 0     2.2 0    25.4 0   910.8 0
 2019  20  1 20 10  0 10.000 148.25    -2.1 0    -0.1 0     0.3 0    -0.3 0   267.6 0   279.61 0   279.11 0   327.2 0   280.12 0   279.98 0     0.0 0     1.6 0     0.0 0   -59.5 0   -59.5 0     7.5 0    69.5 0     2.5 0    27.6 0   910.8 0
 2019  20  1 20 10  1 10.017 148.07    -2.0 0     0.0 0     0.0 0    -0.3 0   267.8 0   279.53 0   279.08 0   327.4 0   280.08 0   279.94 0     0.0 0     1.6 0     0.0 0   -59.6 0   -59.6 0     7.5 0    69.3 0     2.3 0    26.9 0   910.8 0
 2019  20  1 20 10  2 10.033 147.88    -2.2 0    -0.3 0     0.0 0    -0.3 0   267.3 0   279.47 0   279.06 0   327.2 0   280.04 0   279.97 0     0.0 0     1.6 0     0.0 0   -60.0 0   -60.0 0     7.6 0    68.3 0     1.1 0    45.0 0   910.8 0
 2019  20  1 20 10  3 10.050 147.70    -2.1 0     0.0 0     0.0 0    -0.3 0   265.5 0   279.41 0   278.99 0   326.7 0   279.99 0   279.83 0     0.0 0     1.3 0     0.0 0   -61.2 0   -61.2 0     7.4 0    70.5 0     0.7 0   212.8 0   910.8 0
 2019  20  1 20 10  4 10.067 147.51    -1.5 0     0.1 0     0.0 0    -0.3 0   264.0 0   279.34 0   278.83 0   327.2 0   279.92 0   279.75 0     0.0 0     1.2 0     0.0 0   -63.2 0   -63.2 0     6.8 0    74.1 0     1.1 0   230.1 0   910.8 0
 2019  20  1 20 10  5 10.083 147.32    -1.2 0     0.2 0     0.0 0    -0.3 0   263.2 0   279.25 0   278.71 0   327.1 0   279.85 0   279.67 0     0.0 0     1.2 0     0.0 0   -63.9 0   -63.9 0     6.3 0    77.2 0     0.8 0   211.6 0   910.8 0
 2019  20  1 20 10  6 10.100 147.14    -1.2 0    -0.2 0     0.0 0    -0.3 0   263.2 0   279.15 0   278.62 0   327.1 0   279.79 0   279.66 0     0.0 0     1.2 0     0.0 0   -63.9 0   -63.9 0     6.0 0    79.1 0     0.3 0   228.1 0   910.8 0
 2019  20  1 20 10  7 10.117 146.95    -1.2 0    -0.4 0     0.0 0    -0.3 0   262.4 0   279.05 0   278.56 0   326.5 0   279.74 0   279.60 0     0.0 0     1.3 0     0.0 0   -64.1 0   -64.1 0     5.9 0    79.8 0     0.0 0   161.2 0   910.8 0
 2019  20  1 20 10  8 10.133 146.76    -1.2 0    -0.4 0     0.0 0    -0.3 0   262.2 0   278.96 0   278.49 0   326.6 0   279.69 0   279.55 0     0.0 0     1.2 0     0.0 0   -64.3 0   -64.3 0     5.8 0    80.3 0     0.6 0   246.1 0   910.8 0
 2019  20  1 20 10  9 10.150 146.57    -1.2 0    -0.5 0     0.0 0    -0.3 0   262.1 0   278.88 0   278.43 0   327.0 0   279.63 0   279.49 0     0.0 0     1.2 0     0.0 0   -64.9 0   -64.9 0     5.7 0    81.0 0     0.6 0   255.0 0   910.8 0
 2019  20  1 20 10 10 10.167 146.39    -1.2 0    -0.7 0     0.0 0    -0.3 0   262.2 0   278.81 0   278.40 0   327.3 0   279.57 0   279.45 0     0.0 0     1.2 0     0.0 0   -65.1 0   -65.1 0     5.7 0    81.4 0     0.7 0   257.8 0   910.8 0
 2019  20  1 20 10 11 10.183 146.20    -1.5 0    -0.8 0     0.0 0    -0.3 0   262.1 0   278.74 0   278.36 0   327.3 0   279.52 0   279.42 0     0.0 0     1.2 0     0.0 0   -65.1 0   -65.1 0     5.7 0    81.1 0     0.9 0   257.9 0   910.8 0
 2019  20  1 20 10 12 10.200 146.01    -1.6 0    -0.8 0     0.0 0    -0.3 0   262.0 0   278.69 0   278.35 0   327.2 0   279.48 0   279.38 0     0.0 0     1.0 0     0.0 0   -65.2 0   -65.2 0     5.8 0    80.5 0     1.0 0   248.9 0   910.8 0
 2019  20  1 20 10 13 10.217 145.82    -1.6 0    -0.8 0     0.0 0    -0.3 0   262.1 0   278.65 0   278.35 0   327.1 0   279.43 0   279.35 0     0.0 0     1.1 0     0.0 0   -65.0 0   -65.0 0     5.8 0    79.8 0     0.7 0   239.3 0   910.8 0
 2019  20  1 20 10 14 10.233 145.63    -1.6 0    -0.8 0     0.0 0    -0.2 0   261.8 0   278.63 0   278.35 0   326.8 0   279.39 0   279.31 0     0.0 0     1.1 0     0.0 0   -65.1 0   -65.1 0     5.9 0    79.5 0     0.7 0   234.0 0   910.8 0
 2019  20  1 20 10 15 10.250 145.44    -1.6 0    -0.8 0     0.0 0    -0.2 0   261.9 0   278.62 0   278.34 0   326.9 0   279.35 0   279.27 0     0.0 0     1.0 0     0.0 0   -64.9 0   -64.9 0     5.9 0    79.3 0     0.8 0   234.7 0   910.8 0
 2019  20  1 20 10 16 10.267 145.25    -1.6 0    -0.7 0     0.0 0    -0.1 0   261.9 0   278.60 0   278.36 0   326.6 0   279.31 0   279.22 0     0.0 0     1.0 0     0.0 0   -64.7 0   -64.7 0     5.9 0    79.1 0     0.8 0   231.5 0   910.8 0
 2019  20  1 20 10 17 10.283 145.06    -1.6 0    -0.4 0     0.0 0    -0.1 0   261.3 0   278.60 0   278.36 0   326.3 0   279.27 0   279.18 0     0.0 0     1.1 0     0.0 0   -65.0 0   -65.0 0     5.9 0    79.2 0     0.7 0   223.9 0   910.8 0
 2019  20  1 20 10 18 10.300 144.87    -1.6 0    -0.5 0     0.0 0    -0.1 0   261.1 0   278.60 0   278.34 0   326.4 0   279.23 0   279.15 0     0.0 0     1.0 0     0.0 0   -65.3 0   -65.3 0     5.9 0    79.4 0     0.6 0   224.5 0   910.8 0
 2019  20  1 20 10 19 10.317 144.68    -1.6 0    -0.7 0     0.0 0    -0.2 0   261.8 0   278.59 0   278.30 0   326.4 0   279.19 0   279.12 0     0.0 0     1.1 0     0.0 0   -64.6 0   -64.6 0     5.9 0    79.3 0     0.5 0   224.7 0   910.8 0
 2019  20  1 20 10 20 10.333 144.49    -1.6 0    -0.5 0     0.0 0    -0.3 0   261.3 0   278.59 0   278.30 0   326.2 0   279.16 0   279.08 0     0.0 0     0.9 0     0.0 0   -64.9 0   -64.9 0     5.9 0    79.3 0     0.5 0   224.6 0   910.8 0
 2019  20  1 20 10 21 10.350 144.30    -1.6 0    -0.8 0     0.0 0    -0.2 0   262.0 0   278.57 0   278.30 0   326.4 0   279.12 0   279.05 0     0.0 0     1.0 0     0.0 0   -64.4 0   -64.4 0     5.9 0    79.4 0     0.3 0   224.7 0   910.8 0
 2019  20  1 20 10 22 10.367 144.10    -1.6 0    -0.8 0     0.0 0    -0.2 0   262.5 0   278.57 0   278.30 0   326.3 0   279.08 0   279.01 0     0.0 0     1.0 0     0.0 0   -63.8 0   -63.8 0     5.9 0    79.1 0     0.2 0   224.8 0   910.8 0
 2019  20  1 20 10 23 10.383 143.91    -1.6 0    -0.8 0     0.0 0    -0.1 0   262.4 0   278.56 0   278.30 0   326.2 0   279.05 0   278.99 0     0.0 0     0.9 0     0.0 0   -63.9 0   -63.9 0     5.9 0    79.0 0     0.0 0     0.0 0   910.8 0
 2019  20  1 20 10 24 10.400 143.72    -1.6 0    -0.8 0     0.0 0    -0.1 0   263.1 0   278.56 0   278.31 0   326.2 0   279.02 0   278.96 0     0.0 0     1.0 0     0.0 0   -63.1 0   -63.1 0     5.9 0    78.8 0     0.0 0     0.0 0   910.8 0
 2019  20  1 20 10 25 10.417 143.53    -1.6 0    -0.8 0     0.0 0     0.0 0   263.4 0   278.57 0   278.32 0   326.1 0   278.99 0   278.94 0     0.0 0     0.9 0     0.0 0   -62.7 0   -62.7 0     5.9 0    78.7 0     0.0 0     0.0 0   910.8 0
 2019  20  1 20 10 26 10.433 143.34    -1.6 0    -0.8 0     0.0 0    -0.2 0   263.1 0   278.56 0   278.27 0   326.3 0   278.97 0   278.90 0     0.0 0     0.9 0     0.0 0   -63.3 0   -63.3 0     5.9 0    78.9 0     0.0 0     0.0 0   910.8 0
 2019  20  1 20 10 27 10.450 143.14    -1.6 0    -0.8 0     0.0 0    -0.3 0   263.7 0   278.54 0   278.23 0   326.2 0   278.94 0   278.88 0     0.0 0     1.0 0     0.0 0   -62.5 0   -62.5 0     5.9 0    78.9 0     0.0 0     0.0 0   910.8 0
 2019  20  1 20 10 28 10.467 142.95    -1.6 0    -0.7 0     0.0 0    -0.2 0   264.1 0   278.52 0   278.25 0   326.3 0   278.90 0   278.85 0     0.0 0     1.1 0     0.0 0   -62.2 0   -62.2 0     5.9 0    78.8 0     0.0 0     0.0 0   910.8 0
 2019  20  1 20 10 29 10.483 142.76    -1.6 0    -0.4 0     0.0 0    -0.1 0   264.2 0   278.52 0   278.25 0   326.4 0   278.88 0   278.83 0     0.0 0     1.0 0     0.0 0   -62.2 0   -62.2 0     5.8 0    78.8 0     0.0 0     0.0 0   910.8 0
 2019  20  1 20 10 30 10.500 142.56    -1.6 0    -0.4 0     0.0 0     0.0 0   264.9 0   278.52 0   278.27 0   326.3 0   278.85 0   278.80 0     0.0 0     1.1 0     0.0 0   -61.4 0   -61.4 0     5.8 0    79.0 0     0.0 0     0.0 0   910.8 0
 2019  20  1 20 10 31 10.517 142.37    -1.6 0    -0.4 0     0.0 0     0.0 0   264.7 0   278.52 0   278.31 0   326.5 0   278.82 0   278.77 0     0.0 0     0.9 0     0.0 0   -61.8 0   -61.8 0     5.9 0    79.3 0     0.0 0     0.0 0   910.8 0
 2019  20  1 20 10 32 10.533 142.18    -1.7 0    -0.4 0     0.0 0     0.0 0   265.0 0   278.53 0   278.34 0   326.6 0   278.79 0   278.74 0     0.0 0     1.1 0     0.0 0   -61.5 0   -61.5 0     5.9 0    79.1 0     0.0 0     0.0 0   910.7 0
 2019  20  1 20 10 33 10.550 141.98    -1.6 0    -0.3 0     0.0 0    -0.1 0   265.2 0   278.54 0   278.32 0   327.0 0   278.76 0   278.71 0     0.0 0     0.9 0     0.0 0   -61.8 0   -61.8 0     6.0 0    78.8 0     0.6 0   316.2 0   910.7 0
 2019  20  1 20 10 34 10.567 141.79    -1.6 0     0.0 0     0.0 0     0.0 0   265.4 0   278.55 0   278.34 0   327.4 0   278.72 0   278.69 0     0.0 0     0.9 0     0.0 0   -62.1 0   -62.1 0     6.0 0    78.3 0     1.3 0   324.5 0   910.7 0
 2019  20  1 20 10 35 10.583 141.59    -1.6 0    -0.3 0     0.0 0    -0.3 0   264.6 0   278.55 0   278.26 0   327.5 0   278.69 0   278.66 0     0.0 0     0.7 0     0.0 0   -63.0 0   -63.0 0     6.1 0    77.8 0     1.5 0   330.8 0   910.7 0
 2019  20  1 20 10 36 10.600 141.40    -1.6 0    -0.4 0     0.0 0    -0.3 0   264.4 0   278.54 0   278.21 0   327.7 0   278.67 0   278.64 0     0.0 0     0.8 0     0.0 0   -63.3 0   -63.3 0     6.1 0    77.7 0     1.3 0   328.4 0   910.7 0
 2019  20  1 20 10 37 10.617 141.20    -1.6 0    -0.2 0     0.0 0    -0.3 0   263.0 0   278.50 0   278.10 0   326.7 0   278.64 0   278.62 0     0.0 0     0.8 0     0.0 0   -63.7 0   -63.7 0     6.1 0    77.9 0     0.9 0   318.4 0   910.7 0
 2019  20  1 20 10 38 10.633 141.01    -1.6 0     0.0 0     0.0 0    -0.3 0   262.3 0   278.43 0   278.00 0   326.3 0   278.62 0   278.58 0     0.0 0     0.7 0     0.0 0   -64.0 0   -64.0 0     6.0 0    78.6 0     0.5 0   324.8 0   910.7 0
 2019  20  1 20 10 39 10.650 140.81    -1.5 0     0.0 0     0.0 0    -0.3 0   262.1 0   278.36 0   277.93 0   326.2 0   278.59 0   278.54 0     0.0 0     0.8 0     0.0 0   -64.1 0   -64.1 0     5.9 0    79.4 0     0.4 0   324.9 0   910.7 0
 2019  20  1 20 10 40 10.667 140.62    -1.4 0     0.0 0     0.0 0    -0.3 0   261.3 0   278.30 0   277.85 0   325.7 0   278.57 0   278.50 0     0.0 0     1.0 0     0.0 0   -64.4 0   -64.4 0     5.9 0    79.7 0     0.5 0   351.4 0   910.7 0
 2019  20  1 20 10 41 10.683 140.42    -1.6 0    -0.1 0     0.0 0    -0.3 0   260.7 0   278.23 0   277.76 0   324.6 0   278.55 0   278.47 0     0.0 0     1.3 0     0.0 0   -63.8 0   -63.8 0     5.8 0    80.0 0     0.5 0     6.3 0   910.7 0
 2019  20  1 20 10 42 10.700 140.23    -1.6 0    -0.3 0     0.0 0    -0.3 0   262.2 0   278.14 0   277.74 0   325.6 0   278.51 0   278.46 0     0.0 0     0.9 0     0.0 0   -63.5 0   -63.5 0     5.8 0    80.0 0     0.4 0   354.4 0   910.6 0
 2019  20  1 20 10 43 10.717 140.03    -1.4 0    -0.4 0     0.0 0    -0.3 0   262.4 0   278.08 0   277.75 0   326.3 0   278.48 0   278.45 0     0.0 0     0.8 0     0.0 0   -63.9 0   -63.9 0     5.8 0    80.1 0     0.5 0   352.7 0   910.6 0
 2019  20  1 20 10 44 10.733 139.84    -1.6 0    -0.4 0     0.0 0    -0.1 0   263.0 0   278.05 0   277.83 0   326.4 0   278.45 0   278.43 0     0.0 0     0.8 0     0.0 0   -63.4 0   -63.4 0     5.9 0    80.0 0     0.7 0   323.3 0   910.6 0
 2019  20  1 20 10 45 10.750 139.64    -1.6 0    -0.4 0     0.0 0     0.0 0   263.0 0   278.06 0   277.90 0   326.5 0   278.43 0   278.41 0     0.0 0     0.8 0     0.0 0   -63.5 0   -63.5 0     5.9 0    79.7 0     1.0 0   320.1 0   910.5 0
 2019  20  1 20 10 46 10.767 139.44    -1.6 0    -0.4 0     0.0 0     0.0 0   262.1 0   278.08 0   277.86 0   326.5 0   278.41 0   278.40 0     0.0 0     0.8 0     0.0 0   -64.4 0   -64.4 0     6.0 0    79.3 0     0.7 0   313.7 0   910.5 0
 2019  20  1 20 10 47 10.783 139.25    -1.6 0    -0.4 0     0.0 0    -0.1 0   262.1 0   278.08 0   277.84 0   326.3 0   278.40 0   278.39 0     0.0 0     0.8 0     0.0 0   -64.2 0   -64.2 0     6.0 0    79.0 0     0.5 0   315.9 0   910.5 0
 2019  20  1 20 10 48 10.800 139.05    -1.6 0    -0.4 0     0.0 0     0.0 0   262.4 0   278.08 0   277.91 0   326.5 0   278.38 0   278.37 0     0.0 0     0.8 0     0.0 0   -64.1 0   -64.1 0     6.0 0    78.7 0     0.6 0   324.2 0   910.5 0
 2019  20  1 20 10 49 10.817 138.85    -1.6 0    -0.4 0     0.0 0     0.0 0   261.7 0   278.10 0   277.92 0   326.5 0   278.37 0   278.35 0     0.0 0     0.8 0     0.0 0   -64.8 0   -64.8 0     6.1 0    78.5 0     0.7 0   323.3 0   910.5 0
 2019  20  1 20 10 50 10.833 138.66    -1.6 0    -0.2 0     0.0 0    -0.1 0   260.8 0   278.10 0   277.87 0   326.2 0   278.35 0   278.34 0     0.0 0     0.8 0     0.0 0   -65.4 0   -65.4 0     6.1 0    78.2 0     0.8 0   313.2 0   910.5 0
 2019  20  1 20 10 51 10.850 138.46    -1.6 0    -0.2 0     0.0 0     0.0 0   261.0 0   278.10 0   277.89 0   326.3 0   278.34 0   278.31 0     0.0 0     0.9 0     0.0 0   -65.3 0   -65.3 0     6.1 0    78.1 0     0.9 0   300.0 0   910.5 0
 2019  20  1 20 10 52 10.867 138.26    -1.7 0    -0.3 0     0.0 0     0.0 0   260.7 0   278.11 0   277.91 0   326.2 0   278.32 0   278.30 0     0.0 0     0.8 0     0.0 0   -65.4 0   -65.4 0     6.1 0    77.9 0     0.9 0   297.2 0   910.5 0
 2019  20  1 20 10 53 10.883 138.07    -2.0 0    -0.4 0     0.0 0     0.0 0   260.8 0   278.13 0   277.96 0   325.9 0   278.30 0   278.30 0     0.0 0     0.8 0     0.0 0   -65.1 0   -65.1 0     6.1 0    77.7 0     0.9 0   298.3 0   910.5 0
 2019  20  1 20 10 54 10.900 137.87    -2.1 0    -0.4 0     0.0 0     0.0 0   260.6 0   278.16 0   278.02 0   326.2 0   278.30 0   278.28 0     0.0 0     0.8 0     0.0 0   -65.6 0   -65.6 0     6.1 0    77.6 0     0.7 0   301.9 0   910.5 0
 2019  20  1 20 10 55 10.917 137.67    -2.0 0    -0.4 0     0.0 0     0.0 0   260.6 0   278.19 0   278.01 0   325.9 0   278.27 0   278.27 0     0.0 0     0.9 0     0.0 0   -65.3 0   -65.3 0     6.2 0    77.5 0     0.6 0   305.9 0   910.5 0
 2019  20  1 20 10 56 10.933 137.47    -2.1 0    -0.4 0     0.0 0     0.0 0   259.9 0   278.21 0   278.00 0   325.9 0   278.26 0   278.25 0     0.0 0     0.8 0     0.0 0   -66.0 0   -66.0 0     6.2 0    77.5 0     0.6 0   305.8 0   910.5 0
 2019  20  1 20 10 57 10.950 137.28    -2.1 0    -0.4 0     0.0 0     0.0 0   260.2 0   278.22 0   278.02 0   325.6 0   278.25 0   278.24 0     0.0 0     0.9 0     0.0 0   -65.4 0   -65.4 0     6.1 0    77.5 0     0.6 0   305.7 0   910.6 0
 2019  20  1 20 10 58 10.967 137.08    -1.9 0    -0.4 0     0.0 0     0.0 0   259.7 0   278.24 0   278.02 0   325.6 0   278.24 0   278.22 0     0.0 0     0.7 0     0.0 0   -66.0 0   -66.0 0     6.1 0    77.6 0     0.7 0   304.8 0   910.6 0
 2019  20  1 20 10 59 10.983 136.88    -1.7 0    -0.4 0     0.0 0     0.0 0   260.3 0   278.25 0   278.04 0   325.7 0   278.22 0   278.20 0     0.0 0     0.8 0     0.0 0   -65.4 0   -65.4 0     6.1 0    77.6 0     1.0 0   298.9 0   910.6 0
 2019  20  1 20 11  0 11.000 136.68    -1.8 0    -0.4 0     0.0 0    -0.2 0   259.6 0   278.25 0   277.93 0   325.6 0   278.20 0   278.20 0     0.0 0     0.9 0     0.0 0   -66.0 0   -66.0 0     6.1 0    77.7 0     1.3 0   300.8 0   910.6 0
 2019  20  1 20 11  1 11.017 136.49    -1.5 0    -0.4 0     0.0 0    -0.3 0   258.9 0   278.21 0   277.73 0   325.4 0   278.20 0   278.20 0     0.0 0     0.8 0     0.0 0   -66.5 0   -66.5 0     6.1 0    77.8 0     1.3 0   300.8 0   910.6 0
 2019  20  1 20 11  2 11.033 136.29    -1.2 0    -0.4 0     0.2 0    -0.3 0   259.4 0   278.12 0   277.64 0   325.5 0   278.19 0   278.18 0     0.0 0     0.7 0     0.0 0   -66.1 0   -66.1 0     6.1 0    77.9 0     1.2 0   299.7 0   910.6 0
 2019  20  1 20 11  3 11.050 136.09    -1.6 0    -0.4 0     0.0 0    -0.2 0   260.9 0   278.04 0   277.76 0   325.4 0   278.18 0   278.18 0     0.0 0     0.8 0     0.0 0   -64.5 0   -64.5 0     6.1 0    77.9 0     1.1 0   301.7 0   910.5 0
 2019  20  1 20 11  4 11.067 135.89    -1.8 0    -0.4 0     0.0 0     0.0 0   260.6 0   278.01 0   277.80 0   325.7 0   278.18 0   278.18 0     0.0 0     0.7 0     0.0 0   -65.0 0   -65.0 0     6.1 0    77.9 0     1.0 0   305.7 0   910.5 0
 2019  20  1 20 11  5 11.083 135.69    -1.7 0    -0.4 0     0.0 0    -0.1 0   261.1 0   278.01 0   277.79 0   325.6 0   278.16 0   278.16 0     0.0 0     0.7 0     0.0 0   -64.6 0   -64.6 0     6.1 0    77.8 0     1.1 0   295.1 0   910.5 0
 2019  20  1 20 11  6 11.100 135.49    -1.6 0    -0.4 0     0.0 0     0.0 0   262.1 0   278.02 0   277.86 0   325.4 0   278.15 0   278.15 0     0.0 0     0.9 0     0.0 0   -63.4 0   -63.4 0     6.1 0    77.7 0     0.9 0   288.5 0   910.5 0
 2019  20  1 20 11  7 11.117 135.30    -1.6 0    -0.4 0     0.0 0     0.0 0   262.0 0   278.05 0   277.93 0   325.4 0   278.15 0   278.14 0     0.0 0     0.8 0     0.0 0   -63.4 0   -63.4 0     6.1 0    77.6 0     0.7 0   270.0 0   910.5 0
 2019  20  1 20 11  8 11.133 135.10    -2.0 0    -0.4 0     0.0 0     0.0 0   261.8 0   278.09 0   277.97 0   325.5 0   278.15 0   278.13 0     0.0 0     0.9 0     0.0 0   -63.8 0   -63.8 0     6.1 0    77.5 0     0.5 0   268.3 0   910.4 0
 2019  20  1 20 11  9 11.150 134.90    -2.1 0    -0.4 0     0.0 0     0.0 0   261.9 0   278.14 0   278.01 0   325.2 0   278.13 0   278.13 0     0.0 0     0.9 0     0.0 0   -63.4 0   -63.4 0     6.1 0    77.4 0     0.7 0   286.6 0   910.4 0
 2019  20  1 20 11 10 11.167 134.70    -2.1 0    -0.4 0     0.0 0     0.0 0   262.1 0   278.18 0   278.04 0   325.4 0   278.13 0   278.11 0     0.0 0     0.9 0     0.0 0   -63.3 0   -63.3 0     6.1 0    77.2 0     0.6 0   277.5 0   910.3 0
 2019  20  1 20 11 11 11.183 134.50    -2.1 0    -0.4 0     0.0 0     0.0 0   261.5 0   278.21 0   278.03 0   325.1 0   278.12 0   278.10 0     0.0 0     0.8 0     0.0 0   -63.7 0   -63.7 0     6.1 0    77.2 0     0.4 0   269.9 0   910.3 0
 2019  20  1 20 11 12 11.200 134.30    -2.1 0    -0.4 0     0.0 0    -0.1 0   261.9 0   278.22 0   277.98 0   325.0 0   278.10 0   278.10 0     0.0 0     0.9 0     0.0 0   -63.1 0   -63.1 0     6.1 0    77.1 0     0.3 0   270.4 0   910.3 0
 2019  20  1 20 11 13 11.217 134.10    -2.2 0    -0.4 0     0.0 0    -0.1 0   261.7 0   278.22 0   277.99 0   325.0 0   278.10 0   278.10 0     0.0 0     0.9 0     0.0 0   -63.3 0   -63.3 0     6.1 0    77.0 0     0.0 0   270.5 0   910.3 0
 2019  20  1 20 11 14 11.233 133.90    -2.5 0    -0.4 0     0.0 0     0.0 0   261.8 0   278.23 0   278.01 0   325.3 0   278.09 0   278.08 0     0.0 0     0.8 0     0.0 0   -63.5 0   -63.5 0     6.1 0    77.0 0     0.0 0     0.0 0   910.2 0
 2019  20  1 20 11 15 11.250 133.70    -2.5 0    -0.4 0     0.0 0     0.0 0   262.2 0   278.25 0   278.04 0   325.2 0   278.08 0   278.07 0     0.0 0     0.9 0     0.0 0   -63.0 0   -63.0 0     6.1 0    77.1 0     0.0 0     0.0 0   910.2 0
 2019  20  1 20 11 16 11.267 133.50    -2.5 0    -0.4 0     0.0 0     0.0 0   262.0 0   278.25 0   278.07 0   325.2 0   278.07 0   278.08 0     0.0 0     0.8 0     0.0 0   -63.2 0   -63.2 0     6.1 0    77.1 0     0.0 0     0.0 0   910.2 0
 2019  20  1 20 11 17 11.283 133.30    -2.5 0    -0.3 0     0.0 0     0.0 0   261.6 0   278.28 0   278.08 0   325.1 0   278.05 0   278.06 0     0.0 0     0.9 0     0.0 0   -63.5 0   -63.5 0     6.0 0    77.1 0     0.0 0     0.0 0   910.2 0
 2019  20  1 20 11 18 11.300 133.11    -2.4 0    -0.2 0     0.0 0    -0.1 0   261.7 0   278.30 0   278.07 0   325.6 0   278.05 0   278.05 0     0.0 0     0.9 0     0.0 0   -63.9 0   -63.9 0     6.0 0    77.2 0     0.6 0   292.1 0   910.2 0
 2019  20  1 20 11 19 11.317 132.91    -2.1 0    -0.4 0     0.0 0    -0.3 0   260.4 0   278.29 0   277.92 0   325.5 0   278.03 0   278.05 0     0.0 0     0.7 0     0.0 0   -65.1 0   -65.1 0     6.0 0    77.1 0     1.0 0   308.9 0   910.2 0
 2019  20  1 20 11 20 11.333 132.71    -1.8 0    -0.4 0     0.1 0    -0.3 0   260.3 0   278.23 0   277.81 0   325.1 0   278.03 0   278.04 0     0.0 0     0.6 0     0.0 0   -64.8 0   -64.8 0     6.0 0    77.0 0     1.0 0   327.1 0   910.2 0
 2019  20  1 20 11 21 11.350 132.51    -2.0 0    -0.4 0     0.0 0    -0.3 0   260.6 0   278.17 0   277.82 0   325.4 0   278.01 0   278.03 0     0.0 0     0.6 0     0.0 0   -64.8 0   -64.8 0     6.0 0    77.3 0     0.9 0   328.0 0   910.1 0
 2019  20  1 20 11 22 11.367 132.31    -2.1 0    -0.4 0     0.0 0    -0.3 0   260.6 0   278.13 0   277.85 0   325.5 0   278.00 0   278.01 0     0.0 0     0.6 0     0.0 0   -64.8 0   -64.8 0     6.0 0    77.4 0     0.8 0   307.7 0   910.1 0
 2019  20  1 20 11 23 11.383 132.11    -2.4 0    -0.4 0     0.0 0     0.0 0   261.2 0   278.10 0   277.90 0   325.7 0   278.00 0   278.01 0     0.0 0     0.7 0     0.0 0   -64.4 0   -64.4 0     6.0 0    77.3 0     0.6 0   319.3 0   910.1 0
 2019  20  1 20 11 24 11.400 131.91    -2.5 0    -0.4 0     0.0 0     0.0 0   261.9 0   278.12 0   277.95 0   325.9 0   278.00 0   278.01 0     0.0 0     0.6 0     0.0 0   -63.9 0   -63.9 0     6.0 0    77.4 0     0.7 0   326.3 0   910.0 0
 2019  20  1 20 11 25 11.417 131.71    -2.2 0    -0.4 0     0.0 0     0.0 0   261.0 0   278.14 0   277.96 0   326.0 0   278.00 0   278.00 0     0.0 0     0.6 0     0.0 0   -65.0 0   -65.0 0     6.0 0    77.4 0     0.8 0   327.1 0   910.0 0
 2019  20  1 20 11 26 11.433 131.51    -2.1 0    -0.4 0     0.0 0    -0.1 0   261.7 0   278.15 0   277.92 0   325.7 0   277.99 0   278.00 0     0.0 0     0.5 0     0.0 0   -64.1 0   -64.1 0     6.0 0    77.5 0     0.8 0   342.5 0   910.0 0
 2019  20  1 20 11 27 11.450 131.31    -2.1 0    -0.4 0     0.0 0    -0.2 0   260.5 0   278.15 0   277.88 0   325.9 0   277.98 0   278.01 0     0.0 0     0.5 0     0.0 0   -65.4 0   -65.4 0     6.0 0    77.3 0     1.1 0   334.2 0   910.0 0
 2019  20  1 20 11 28 11.467 131.11    -2.1 0    -0.3 0     0.0 0    -0.1 0   261.4 0   278.14 0   277.88 0   325.6 0   277.98 0   278.00 0     0.0 0     0.5 0     0.0 0   -64.2 0   -64.2 0     6.0 0    77.2 0     0.5 0   334.3 0   910.0 0
 2019  20  1 20 11 29 11.483 130.91    -2.5 0     0.0 0     0.0 0     0.0 0   261.0 0   278.13 0   277.90 0   324.9 0   277.98 0   278.00 0     0.0 0     0.6 0     0.0 0   -63.9 0   -63.9 0     6.0 0    77.0 0     0.9 0   352.0 0   909.9 0
 2019  20  1 20 11 30 11.500 130.71    -2.2 0     0.0 0     0.0 0    -0.1 0   260.2 0   278.15 0   277.86 0   323.2 0   277.98 0   277.95 0     0.0 0     1.1 0     0.0 0   -63.1 0   -63.1 0     6.0 0    77.0 0     0.9 0    26.1 0   909.9 0
 2019  20  1 20 11 31 11.517 130.51    -2.1 0     0.0 0     0.0 0     0.0 0   260.4 0   278.15 0   277.93 0   323.0 0   277.98 0   277.95 0     0.0 0     1.3 0     0.0 0   -62.6 0   -62.6 0     6.0 0    77.3 0     0.6 0    12.7 0   909.9 0
 2019  20  1 20 11 32 11.533 130.31    -2.1 0    -0.2 0     0.0 0     0.0 0   259.5 0   278.18 0   277.94 0   322.8 0   277.98 0   277.95 0     0.0 0     1.3 0     0.0 0   -63.2 0   -63.2 0     6.0 0    77.2 0     0.8 0    12.9 0   909.9 0
 2019  20  1 20 11 33 11.550 130.11    -2.1 0    -0.4 0     0.0 0     0.0 0   260.4 0   278.20 0   277.97 0   322.4 0   277.98 0   277.95 0     0.0 0     1.6 0     0.0 0   -62.0 0   -62.0 0     6.1 0    76.8 0     0.7 0    13.4 0   909.9 0
 2019  20  1 20 11 34 11.567 129.91    -2.3 0    -0.3 0     0.0 0     0.0 0   259.9 0   278.22 0   278.01 0   321.5 0   277.98 0   277.96 0     0.0 0     1.5 0     0.0 0   -61.6 0   -61.6 0     6.1 0    76.4 0     0.8 0    13.3 0   909.8 0
 2019  20  1 20 11 35 11.583 129.71    -2.2 0     0.0 0     0.0 0    -0.1 0   259.0 0   278.24 0   277.96 0   321.6 0   277.98 0   277.93 0     0.0 0     1.6 0     0.0 0   -62.5 0   -62.5 0     6.1 0    76.3 0     0.8 0    14.8 0   909.8 0
 2019  20  1 20 11 36 11.600 129.51    -2.1 0     0.0 0     0.0 0    -0.2 0   260.4 0   278.24 0   277.94 0   321.4 0   277.97 0   277.90 0     0.0 0     1.6 0     0.0 0   -61.0 0   -61.0 0     6.1 0    76.4 0     0.9 0    23.7 0   909.8 0
 2019  20  1 20 11 37 11.617 129.31    -1.8 0     0.1 0     0.0 0    -0.3 0   259.3 0   278.24 0   277.89 0   321.5 0   277.95 0   277.86 0     0.0 0     1.6 0     0.0 0   -62.2 0   -62.2 0     5.9 0    77.0 0     1.5 0    31.0 0   909.8 0
 2019  20  1 20 11 38 11.633 129.10    -2.4 0    -0.1 0     0.0 0    -0.1 0   259.9 0   278.22 0   277.95 0   323.2 0   277.94 0   277.92 0     0.0 0     1.4 0     0.0 0   -63.3 0   -63.3 0     5.8 0    78.3 0     0.6 0    56.3 0   909.8 0
 2019  20  1 20 11 39 11.650 128.90    -2.1 0    -0.3 0     0.0 0    -0.3 0   260.1 0   278.22 0   277.85 0   322.8 0   277.95 0   277.93 0     0.0 0     1.5 0     0.0 0   -62.6 0   -62.6 0     5.9 0    77.3 0     1.1 0     8.0 0   909.8 0
 2019  20  1 20 11 40 11.667 128.70    -2.1 0    -0.4 0     0.0 0    -0.3 0   260.9 0   278.19 0   277.85 0   323.2 0   277.94 0   277.94 0     0.0 0     1.2 0     0.0 0   -62.3 0   -62.3 0     6.1 0    76.5 0     1.0 0    14.6 0   909.8 0
 2019  20  1 20 11 41 11.683 128.50    -2.1 0    -0.3 0     0.0 0    -0.3 0   259.6 0   278.18 0   277.80 0   322.7 0   277.95 0   277.91 0     0.0 0     1.5 0     0.0 0   -63.1 0   -63.1 0     6.1 0    76.2 0     0.7 0    24.3 0   909.8 0
 2019  20  1 20 11 42 11.700 128.30    -2.1 0     0.0 0     0.0 0    -0.3 0   259.0 0   278.15 0   277.76 0   321.5 0   277.95 0   277.88 0     0.0 0     1.6 0     0.0 0   -62.5 0   -62.5 0     6.1 0    76.1 0     0.8 0     9.4 0   909.8 0
 2019  20  1 20 11 43 11.717 128.10    -2.0 0     0.0 0     0.0 0    -0.3 0   258.5 0   278.11 0   277.71 0   321.8 0   277.94 0   277.85 0     0.0 0     1.6 0     0.0 0   -63.3 0   -63.3 0     5.9 0    77.0 0     1.1 0     9.7 0   909.8 0
 2019  20  1 20 11 44 11.733 127.90    -1.6 0     0.0 0     0.0 0    -0.3 0   259.4 0   278.05 0   277.65 0   322.8 0   277.90 0   277.86 0     0.0 0     1.2 0     0.0 0   -63.4 0   -63.4 0     5.8 0    77.8 0     1.5 0   346.1 0   909.7 0
 2019  20  1 20 11 45 11.750 127.70    -1.7 0     0.0 0     0.0 0    -0.3 0   259.7 0   278.00 0   277.62 0   323.6 0   277.89 0   277.86 0     0.0 0     1.0 0     0.0 0   -63.9 0   -63.9 0     5.7 0    78.4 0     1.3 0   347.6 0   909.8 0
 2019  20  1 20 11 46 11.767 127.50    -1.6 0    -0.1 0     0.1 0    -0.3 0   259.7 0   277.94 0   277.52 0   323.5 0   277.88 0   277.85 0     0.0 0     0.9 0     0.0 0   -63.7 0   -63.7 0     5.7 0    78.5 0     1.2 0   339.0 0   909.7 0
 2019  20  1 20 11 47 11.783 127.30    -1.6 0    -0.2 0     0.2 0    -0.3 0   259.5 0   277.87 0   277.44 0   324.0 0   277.86 0   277.87 0     0.0 0     0.9 0     0.0 0   -64.4 0   -64.4 0     5.8 0    78.6 0     1.3 0   326.7 0   909.7 0
 2019  20  1 20 11 48 11.800 127.10    -1.6 0    -0.4 0     0.1 0    -0.3 0   258.6 0   277.81 0   277.42 0   323.5 0   277.85 0   277.88 0     0.0 0     0.9 0     0.0 0   -64.9 0   -64.9 0     5.8 0    77.9 0     1.1 0   326.9 0   909.7 0
 2019  20  1 20 11 49 11.817 126.90    -1.6 0     0.0 0     0.0 0    -0.3 0   258.4 0   277.75 0   277.35 0   322.9 0   277.85 0   277.80 0     0.0 0     0.9 0     0.0 0   -64.5 0   -64.5 0     5.7 0    77.8 0     0.9 0   353.1 0   909.7 0
 2019  20  1 20 11 50 11.833 126.70    -1.6 0     0.0 0     0.0 0    -0.3 0   258.4 0   277.70 0   277.31 0   323.4 0   277.83 0   277.78 0     0.0 0     0.8 0     0.0 0   -65.0 0   -65.0 0     5.4 0    79.3 0     1.1 0   314.3 0   909.7 0
 2019  20  1 20 11 51 11.850 126.50    -1.6 0     0.0 0     0.0 0    -0.3 0   258.7 0   277.64 0   277.26 0   323.3 0   277.81 0   277.77 0     0.0 0     0.9 0     0.0 0   -64.7 0   -64.7 0     5.3 0    80.3 0     1.1 0   299.8 0   909.7 0
 2019  20  1 20 11 52 11.867 126.30    -1.6 0     0.0 0     0.0 0    -0.3 0   258.9 0   277.59 0   277.23 0   323.3 0   277.79 0   277.76 0     0.0 0     0.9 0     0.0 0   -64.4 0   -64.4 0     5.3 0    80.7 0     1.2 0   309.5 0   909.7 0
 2019  20  1 20 11 53 11.883 126.10    -1.6 0     0.0 0     0.0 0    -0.3 0   259.2 0   277.55 0   277.26 0   323.0 0   277.78 0   277.74 0     0.0 0     0.9 0     0.0 0   -63.9 0   -63.9 0     5.3 0    81.1 0     1.1 0   304.3 0   909.6 0
 2019  20  1 20 11 54 11.900 125.90    -1.6 0     0.0 0     0.0 0    -0.3 0   258.0 0   277.52 0   277.18 0   322.5 0   277.75 0   277.70 0     0.0 0     0.9 0     0.0 0   -64.5 0   -64.5 0     5.2 0    81.1 0     1.1 0   320.1 0   909.7 0
 2019  20  1 20 11 55 11.917 125.70    -1.6 0     0.0 0     0.0 0    -0.3 0   257.6 0   277.48 0   277.17 0   323.1 0   277.72 0   277.69 0     0.0 0     0.8 0     0.0 0   -65.4 0   -65.4 0     5.1 0    81.9 0     0.9 0   314.7 0   909.7 0
 2019  20  1 20 11 56 11.933 125.49    -1.6 0    -0.3 0     0.0 0    -0.2 0   258.0 0   277.46 0   277.19 0   323.3 0   277.71 0   277.71 0     0.0 0     0.9 0     0.0 0   -65.3 0   -65.3 0     5.2 0    82.1 0     1.1 0   301.2 0   909.7 0
 2019  20  1 20 11 57 11.950 125.29    -1.6 0    -0.4 0     0.0 0    -0.3 0   257.4 0   277.44 0   277.15 0   322.8 0   277.71 0   277.67 0     0.0 0     0.9 0     0.0 0   -65.5 0   -65.5 0     5.3 0    81.2 0     0.4 0   311.3 0   909.7 0
 2019  20  1 20 11 58 11.967 125.09    -1.6 0    -0.2 0     0.0 0    -0.3 0   256.1 0   277.42 0   277.11 0   322.4 0   277.68 0   277.64 0     0.0 0     0.9 0     0.0 0   -66.3 0   -66.3 0     5.3 0    80.7 0     0.0 0     0.0 0   909.7 0
 2019  20  1 20 11 59 11.983 124.89    -1.6 0     0.0 0     0.0 0    -0.3 0   256.3 0   277.40 0   277.06 0   322.4 0   277.66 0   277.60 0     0.0 0     0.8 0     0.0 0   -66.0 0   -66.0 0     5.2 0    80.6 0     0.8 0   326.3 0   909.7 0
 2019  20  1 20 12  0 12.000 124.69    -1.6 0     0.0 0     0.0 0    -0.3 0   256.5 0   277.36 0   277.01 0   321.7 0   277.62 0   277.56 0     0.0 0     0.8 0     0.0 0   -65.3 0   -65.3 0     4.9 0    81.6 0     0.1 0   331.5 0   909.6 0
 2019  20  1 20 12  1 12.017 124.49    -1.6 0     0.0 0     0.0 0    -0.3 0   255.3 0   277.32 0   276.94 0   322.1 0   277.60 0   277.53 0     0.0 0     0.9 0     0.0 0   -66.8 0   -66.8 0     4.8 0    82.6 0     0.2 0   232.5 0   909.5 0
 2019  20  1 20 12  2 12.033 124.29    -1.6 0    -0.1 0     0.0 0    -0.3 0   254.0 0   277.27 0   276.86 0   321.5 0   277.57 0   277.51 0     0.0 0     0.9 0     0.0 0   -67.5 0   -67.5 0     4.7 0    83.5 0     0.3 0   233.2 0   909.5 0
 2019  20  1 20 12  3 12.050 124.09    -1.6 0    -0.1 0     0.0 0    -0.3 0   254.6 0   277.22 0   276.83 0   321.3 0   277.54 0   277.46 0     0.0 0     1.0 0     0.0 0   -66.8 0   -66.8 0     4.6 0    83.7 0     0.5 0     4.3 0   909.5 0
 2019  20  1 20 12  4 12.067 123.89    -1.6 0    -0.4 0     0.0 0    -0.3 0   255.0 0   277.18 0   276.83 0   321.8 0   277.52 0   277.48 0     0.0 0     1.1 0     0.0 0   -66.8 0   -66.8 0     4.6 0    84.8 0     0.4 0   352.2 0   909.5 0
 2019  20  1 20 12  5 12.083 123.69    -1.6 0    -0.4 0     0.0 0    -0.3 0   254.4 0   277.13 0   276.82 0   322.2 0   277.49 0   277.46 0     0.0 0     0.9 0     0.0 0   -67.8 0   -67.8 0     4.8 0    84.5 0     1.1 0   329.2 0   909.5 0
 2019  20  1 20 12  6 12.100 123.49    -1.6 0    -0.4 0     0.0 0    -0.3 0   254.3 0   277.11 0   276.78 0   322.3 0   277.47 0   277.45 0     0.0 0     0.9 0     0.0 0   -68.0 0   -68.0 0     4.9 0    84.0 0     1.1 0   315.6 0   909.5 0
 2019  20  1 20 12  7 12.117 123.29    -1.6 0    -0.1 0     0.0 0    -0.3 0   254.4 0   277.08 0   276.76 0   322.2 0   277.46 0   277.41 0     0.0 0     0.9 0     0.0 0   -67.8 0   -67.8 0     4.9 0    83.2 0     1.9 0   311.2 0   909.5 0
 2019  20  1 20 12  8 12.133 123.09    -1.6 0     0.0 0     0.0 0    -0.2 0   255.4 0   277.05 0   276.78 0   322.2 0   277.43 0   277.39 0     0.0 0     0.9 0     0.0 0   -66.8 0   -66.8 0     4.8 0    83.8 0     2.0 0   317.9 0   909.5 0
 2019  20  1 20 12  9 12.150 122.89    -1.9 0     0.0 0     0.0 0     0.0 0   255.6 0   277.05 0   276.81 0   322.3 0   277.41 0   277.37 0     0.0 0     0.9 0     0.0 0   -66.7 0   -66.7 0     4.7 0    84.1 0     2.1 0   332.6 0   909.4 0
 2019  20  1 20 12 10 12.167 122.69    -2.0 0     0.0 0     0.0 0     0.0 0   256.0 0   277.06 0   276.82 0   321.7 0   277.39 0   277.33 0     0.0 0     1.0 0     0.0 0   -65.7 0   -65.7 0     4.7 0    84.3 0     1.8 0     1.7 0   909.4 0
 2019  20  1 20 12 11 12.183 122.48    -2.1 0     0.0 0     0.0 0     0.0 0   255.7 0   277.07 0   276.88 0   321.2 0   277.37 0   277.30 0     0.0 0     1.2 0     0.0 0   -65.5 0   -65.5 0     4.7 0    84.7 0     2.0 0     1.6 0   909.4 0
 2019  20  1 20 12 12 12.200 122.28    -2.4 0    -0.3 0     0.0 0     0.0 0   255.9 0   277.11 0   276.91 0   321.6 0   277.36 0   277.33 0     0.0 0     1.3 0     0.0 0   -65.7 0   -65.7 0     4.8 0    85.0 0     2.1 0     6.9 0   909.3 0
 2019  20  1 20 12 13 12.217 122.08    -2.4 0    -0.4 0     0.0 0     0.0 0   256.4 0   277.12 0   276.95 0   321.9 0   277.34 0   277.34 0     0.0 0     1.2 0     0.0 0   -65.5 0   -65.5 0     5.0 0    83.7 0     1.9 0   354.6 0   909.3 0
 2019  20  1 20 12 14 12.233 121.88    -2.5 0    -0.6 0     0.0 0     0.0 0   257.7 0   277.16 0   277.02 0   322.7 0   277.34 0   277.36 0     0.0 0     1.0 0     0.0 0   -65.0 0   -65.0 0     5.1 0    82.8 0     2.6 0   355.6 0   909.3 0
 2019  20  1 20 12 15 12.250 121.68    -2.5 0    -0.8 0     0.0 0     0.0 0   258.7 0   277.21 0   277.09 0   323.5 0   277.35 0   277.41 0     0.0 0     1.0 0     0.0 0   -64.7 0   -64.7 0     5.3 0    81.8 0     3.1 0   352.3 0   909.2 0
 2019  20  1 20 12 16 12.267 121.48    -2.5 0    -0.8 0     0.0 0     0.0 0   258.2 0   277.26 0   277.09 0   322.8 0   277.39 0   277.43 0     0.0 0     1.2 0     0.0 0   -64.5 0   -64.5 0     5.4 0    80.6 0     3.2 0     4.7 0   909.2 0
 2019  20  1 20 12 17 12.283 121.28    -2.5 0    -0.8 0     0.0 0     0.0 0   257.5 0   277.31 0   277.14 0   321.6 0   277.42 0   277.45 0     0.0 0     1.5 0     0.0 0   -64.1 0   -64.1 0     5.6 0    79.7 0     2.7 0    24.2 0   909.2 0
 2019  20  1 20 12 18 12.300 121.08    -2.5 0    -0.4 0     0.0 0     0.0 0   258.2 0   277.35 0   277.19 0   321.9 0   277.44 0   277.44 0     0.0 0     1.4 0     0.0 0   -63.8 0   -63.8 0     5.5 0    79.8 0     2.4 0   359.8 0   909.2 0
 2019  20  1 20 12 19 12.317 120.88    -2.5 0    -0.4 0     0.0 0     0.0 0   258.9 0   277.40 0   277.25 0   322.4 0   277.46 0   277.47 0     0.0 0     1.3 0     0.0 0   -63.5 0   -63.5 0     5.6 0    79.7 0     2.2 0     0.2 0   909.2 0
 2019  20  1 20 12 20 12.333 120.68    -2.7 0    -0.4 0     0.0 0     0.0 0   258.5 0   277.45 0   277.33 0   322.5 0   277.48 0   277.50 0     0.0 0     1.3 0     0.0 0   -64.0 0   -64.0 0     5.6 0    79.5 0     2.1 0     0.4 0   909.2 0
 2019  20  1 20 12 21 12.350 120.48    -2.9 0    -0.4 0     0.0 0     0.0 0   258.6 0   277.50 0   277.37 0   322.7 0   277.50 0   277.53 0     0.0 0     1.2 0     0.0 0   -64.1 0   -64.1 0     5.7 0    78.8 0     2.2 0     8.4 0   909.2 0
 2019  20  1 20 12 22 12.367 120.28    -2.9 0    -0.4 0     0.0 0     0.0 0   258.0 0   277.56 0   277.43 0   321.7 0   277.53 0   277.57 0     0.0 0     1.5 0     0.0 0   -63.7 0   -63.7 0     5.8 0    78.5 0     2.5 0    13.0 0   909.2 0
 2019  20  1 20 12 23 12.383 120.08    -2.9 0    -0.6 0    -0.1 0     0.0 0   258.6 0   277.63 0   277.55 0   322.1 0   277.56 0   277.59 0     0.0 0     1.6 0     0.0 0   -63.5 0   -63.5 0     5.9 0    78.1 0     2.7 0    11.9 0   909.2 0
 2019  20  1 20 12 24 12.400 119.88    -3.1 0    -0.8 0    -0.4 0     0.0 0   258.6 0   277.71 0   277.69 0   322.2 0   277.60 0   277.66 0     0.0 0     1.6 0     0.0 0   -63.6 0   -63.6 0     6.0 0    77.3 0     2.9 0    15.9 0   909.1 0
 2019  20  1 20 12 25 12.417 119.68    -3.3 0    -0.8 0    -0.4 0     0.0 0   259.0 0   277.81 0   277.79 0   322.6 0   277.64 0   277.70 0     0.0 0     1.6 0     0.0 0   -63.6 0   -63.6 0     6.1 0    76.7 0     2.1 0     4.4 0   909.1 0
 2019  20  1 20 12 26 12.433 119.48    -3.3 0    -0.7 0    -0.3 0     0.0 0   258.3 0   277.91 0   277.83 0   322.6 0   277.67 0   277.74 0     0.0 0     1.6 0     0.0 0   -64.3 0   -64.3 0     6.1 0    76.3 0     2.1 0    15.4 0   909.1 0
 2019  20  1 20 12 27 12.450 119.28    -3.0 0    -0.2 0     0.0 0     0.0 0   258.3 0   277.99 0   277.86 0   321.9 0   277.70 0   277.71 0     0.0 0     1.6 0     0.0 0   -63.7 0   -63.7 0     6.1 0    75.9 0     2.0 0    29.5 0   909.1 0
 2019  20  1 20 12 28 12.467 119.08    -2.9 0    -0.4 0     0.0 0     0.0 0   258.9 0   278.05 0   277.92 0   322.0 0   277.72 0   277.75 0     0.0 0     1.6 0     0.0 0   -63.1 0   -63.1 0     6.2 0    76.1 0     1.9 0    14.0 0   909.1 0
 2019  20  1 20 12 29 12.483 118.88    -3.1 0    -0.4 0     0.0 0     0.0 0   258.9 0   278.11 0   277.93 0   322.3 0   277.76 0   277.77 0     0.0 0     1.6 0     0.0 0   -63.3 0   -63.3 0     6.2 0    75.6 0     1.7 0    11.3 0   909.0 0
 2019  20  1 20 12 30 12.500 118.68    -2.8 0    -0.4 0     0.0 0     0.0 0   259.3 0   278.16 0   277.93 0   322.2 0   277.79 0   277.80 0     0.0 0     1.6 0     0.0 0   -62.9 0   -62.9 0     6.3 0    75.1 0     1.9 0    24.9 0   909.0 0
 2019  20  1 20 12 31 12.517 118.48    -2.6 0    -0.6 0     0.0 0     0.0 0   260.6 0   278.19 0   278.00 0   323.0 0   277.81 0   277.88 0     0.0 0     1.6 0     0.0 0   -62.4 0   -62.4 0     6.4 0    74.6 0     2.0 0   358.3 0   909.0 0
 2019  20  1 20 12 32 12.533 118.28    -2.9 0    -0.7 0     0.0 0     0.0 0   261.6 0   278.21 0   278.05 0   323.0 0   277.84 0   277.91 0     0.0 0     1.2 0     0.0 0   -61.4 0   -61.4 0     6.5 0    73.4 0     1.1 0    21.4 0   909.0 0
 2019  20  1 20 12 33 12.550 118.08    -2.8 0     0.2 0     0.0 0     0.0 0   261.7 0   278.27 0   278.12 0   321.9 0   277.86 0   277.81 0     0.0 0     1.3 0     0.0 0   -60.2 0   -60.2 0     6.2 0    74.3 0     1.4 0    88.8 0   909.0 0
 2019  20  1 20 12 34 12.567 117.88    -2.5 0     0.0 0     0.0 0     0.0 0   261.4 0   278.31 0   278.05 0   323.2 0   277.87 0   277.85 0     0.0 0     1.5 0     0.0 0   -61.9 0   -61.9 0     6.0 0    76.8 0     1.0 0    29.1 0   909.0 0
 2019  20  1 20 12 35 12.583 117.68    -2.5 0     0.0 0     0.0 0    -0.2 0   260.8 0   278.33 0   277.98 0   322.4 0   277.89 0   277.86 0     0.0 0     1.6 0     0.0 0   -61.7 0   -61.7 0     6.1 0    76.1 0     1.0 0     7.8 0   908.9 0
 2019  20  1 20 12 36 12.600 117.48    -2.5 0     0.0 0     0.0 0    -0.3 0   260.1 0   278.30 0   277.88 0   321.6 0   277.90 0   277.83 0     0.0 0     1.5 0     0.0 0   -61.4 0   -61.4 0     6.0 0    75.5 0     0.8 0    95.3 0   909.0 0
 2019  20  1 20 12 37 12.617 117.28    -2.1 0     0.3 0     0.0 0    -0.3 0   260.0 0   278.25 0   277.82 0   322.2 0   277.88 0   277.80 0     0.0 0     1.4 0     0.0 0   -62.1 0   -62.1 0     5.8 0    77.0 0     1.6 0   137.5 0   909.0 0
 2019  20  1 20 12 38 12.633 117.08    -2.1 0     0.0 0     0.0 0    -0.3 0   260.8 0   278.20 0   277.80 0   322.5 0   277.86 0   277.83 0     0.0 0     1.4 0     0.0 0   -61.6 0   -61.6 0     5.7 0    78.3 0     0.8 0   113.3 0   909.0 0
 2019  20  1 20 12 39 12.650 116.88    -2.1 0     0.0 0     0.0 0    -0.3 0   261.6 0   278.16 0   277.80 0   322.1 0   277.86 0   277.81 0     0.0 0     1.4 0     0.0 0   -60.5 0   -60.5 0     5.7 0    78.2 0     1.2 0    90.9 0   908.9 0
 2019  20  1 20 12 40 12.667 116.68    -2.2 0     0.0 0     0.0 0    -0.2 0   263.1 0   278.14 0   277.81 0   321.8 0   277.85 0   277.83 0     0.0 0     1.6 0     0.0 0   -58.6 0   -58.6 0     5.7 0    78.1 0     1.5 0    81.4 0   908.9 0
 2019  20  1 20 12 41 12.683 116.48    -2.2 0     0.0 0     0.0 0    -0.3 0   262.5 0   278.12 0   277.75 0   321.2 0   277.85 0   277.79 0     0.0 0     1.4 0     0.0 0   -58.7 0   -58.7 0     5.6 0    77.7 0     1.2 0    96.4 0   908.9 0
 2019  20  1 20 12 42 12.700 116.28    -2.1 0     0.0 0     0.0 0    -0.3 0   262.6 0   278.09 0   277.66 0   321.8 0   277.85 0   277.78 0     0.0 0     1.5 0     0.0 0   -59.1 0   -59.1 0     5.5 0    78.7 0     1.2 0    82.0 0   908.9 0
 2019  20  1 20 12 43 12.717 116.08    -2.1 0     0.0 0     0.0 0    -0.3 0   262.3 0   278.04 0   277.64 0   321.4 0   277.84 0   277.76 0     0.0 0     1.6 0     0.0 0   -59.1 0   -59.1 0     5.5 0    78.8 0     1.2 0    83.1 0   908.9 0
 2019  20  1 20 12 44 12.733 115.88    -2.1 0     0.0 0     0.0 0    -0.3 0   262.0 0   278.00 0   277.62 0   321.3 0   277.83 0   277.75 0     0.0 0     1.6 0     0.0 0   -59.3 0   -59.3 0     5.5 0    79.1 0     0.8 0    83.1 0   908.9 0
 2019  20  1 20 12 45 12.750 115.68    -2.1 0     0.0 0     0.0 0    -0.3 0   261.9 0   277.98 0   277.60 0   321.1 0   277.81 0   277.73 0     0.0 0     1.6 0     0.0 0   -59.2 0   -59.2 0     5.4 0    79.3 0     0.7 0    81.6 0   909.0 0
 2019  20  1 20 12 46 12.767 115.48    -2.1 0     0.0 0     0.0 0    -0.3 0   261.5 0   277.95 0   277.57 0   320.8 0   277.80 0   277.70 0     0.0 0     1.6 0     0.0 0   -59.3 0   -59.3 0     5.3 0    79.6 0     0.9 0    61.5 0   909.0 0
 2019  20  1 20 12 47 12.783 115.29    -1.8 0     0.0 0     0.0 0    -0.2 0   261.2 0   277.91 0   277.54 0   320.5 0   277.78 0   277.67 0     0.0 0     1.6 0     0.0 0   -59.2 0   -59.2 0     5.2 0    80.2 0     0.8 0    54.2 0   909.0 0
 2019  20  1 20 12 48 12.800 115.09    -1.6 0     0.0 0     0.0 0    -0.2 0   260.6 0   277.89 0   277.51 0   320.1 0   277.75 0   277.64 0     0.0 0     1.6 0     0.0 0   -59.4 0   -59.4 0     5.1 0    80.9 0     0.2 0    52.2 0   909.0 0
 2019  20  1 20 12 49 12.817 114.89    -1.6 0     0.0 0     0.0 0    -0.3 0   259.1 0   277.86 0   277.45 0   319.8 0   277.73 0   277.62 0     0.0 0     1.6 0     0.0 0   -60.8 0   -60.8 0     5.0 0    81.6 0     0.0 0     0.0 0   909.0 0
 2019  20  1 20 12 50 12.833 114.69    -1.6 0    -0.3 0     0.0 0    -0.3 0   258.8 0   277.81 0   277.38 0   319.8 0   277.70 0   277.60 0     0.0 0     1.6 0     0.0 0   -61.0 0   -61.0 0     4.9 0    82.0 0     0.0 0     0.0 0   909.0 0
 2019  20  1 20 12 51 12.850 114.49    -1.6 0    -0.4 0     0.0 0    -0.3 0   258.3 0   277.76 0   277.33 0   319.8 0   277.69 0   277.58 0     0.0 0     1.6 0     0.0 0   -61.5 0   -61.5 0     4.9 0    82.3 0     0.0 0     0.0 0   909.0 0
 2019  20  1 20 12 52 12.867 114.29    -1.6 0    -0.4 0     0.3 0    -0.3 0   257.8 0   277.71 0   277.30 0   319.7 0   277.66 0   277.55 0     0.0 0     1.6 0     0.0 0   -61.9 0   -61.9 0     4.8 0    82.5 0     0.0 0     0.0 0   909.0 0
 2019  20  1 20 12 53 12.883 114.09    -1.6 0    -0.4 0     0.3 0    -0.3 0   257.1 0   277.67 0   277.29 0   319.6 0   277.64 0   277.53 0     0.0 0     1.6 0     0.0 0   -62.5 0   -62.5 0     4.8 0    82.8 0     0.0 0     0.0 0   909.0 0
 2019  20  1 20 12 54 12.900 113.89    -1.6 0    -0.4 0     0.2 0    -0.2 0   256.0 0   277.63 0   277.26 0   319.6 0   277.61 0   277.51 0     0.0 0     1.6 0     0.0 0   -63.6 0   -63.6 0     4.8 0    83.0 0     0.0 0   312.3 0   909.1 0
 2019  20  1 20 12 55 12.917 113.69    -1.6 0    -0.4 0     0.4 0    -0.3 0   256.8 0   277.58 0   277.18 0   320.7 0   277.58 0   277.50 0     0.0 0     1.3 0     0.0 0   -63.9 0   -63.9 0     4.9 0    83.2 0     0.6 0   300.5 0   909.1 0
 2019  20  1 20 12 56 12.933 113.50    -1.6 0    -0.4 0     0.4 0    -0.3 0   257.0 0   277.53 0   277.15 0   321.2 0   277.55 0   277.48 0     0.0 0     1.3 0     0.0 0   -64.3 0   -64.3 0     4.9 0    83.0 0     1.2 0   278.9 0   909.0 0
 2019  20  1 20 12 57 12.950 113.30    -1.6 0    -0.4 0     0.4 0    -0.3 0   257.1 0   277.49 0   277.13 0   321.5 0   277.52 0   277.46 0     0.0 0     1.2 0     0.0 0   -64.4 0   -64.4 0     4.9 0    82.9 0     1.4 0   265.9 0   909.0 0
 2019  20  1 20 12 58 12.967 113.10    -1.6 0    -0.4 0     0.3 0    -0.3 0   257.5 0   277.45 0   277.12 0   321.5 0   277.51 0   277.46 0     0.0 0     1.2 0     0.0 0   -64.0 0   -64.0 0     5.0 0    82.3 0     1.5 0   255.7 0   909.0 0
 2019  20  1 20 12 59 12.983 112.90    -1.6 0    -0.4 0     0.3 0    -0.2 0   256.9 0   277.42 0   277.12 0   321.7 0   277.51 0   277.45 0     0.0 0     1.1 0     0.0 0   -64.8 0   -64.8 0     5.1 0    81.2 0     2.1 0   266.3 0   909.0 0
 2019  20  1 20 13  0 13.000 112.70    -1.6 0     0.0 0     0.4 0    -0.3 0   256.4 0   277.40 0   277.04 0   321.0 0   277.47 0   277.39 0     0.0 0     1.1 0     0.0 0   -64.7 0   -64.7 0     5.0 0    80.3 0     2.8 0   282.1 0   909.0 0
 2019  20  1 20 13  1 13.017 112.50    -1.6 0     0.0 0     0.4 0    -0.3 0   257.1 0   277.36 0   276.95 0   321.4 0   277.45 0   277.39 0     0.0 0     1.1 0     0.0 0   -64.3 0   -64.3 0     4.8 0    81.8 0     2.6 0   284.5 0   909.0 0
 2019  20  1 20 13  2 13.033 112.31    -1.6 0     0.0 0     0.4 0    -0.3 0   257.5 0   277.31 0   276.88 0   321.7 0   277.42 0   277.39 0     0.0 0     1.1 0     0.0 0   -64.2 0   -64.2 0     4.8 0    82.3 0     2.3 0   282.4 0   909.0 0
 2019  20  1 20 13  3 13.050 112.11    -1.6 0    -0.4 0     0.4 0    -0.3 0   257.3 0   277.25 0   276.84 0   321.8 0   277.41 0   277.39 0     0.0 0     1.1 0     0.0 0   -64.6 0   -64.6 0     5.0 0    81.8 0     2.2 0   290.7 0   909.0 0
 2019  20  1 20 13  4 13.067 111.91    -1.6 0    -0.4 0     0.4 0    -0.3 0   257.3 0   277.20 0   276.79 0   321.7 0   277.41 0   277.39 0     0.0 0     1.0 0     0.0 0   -64.4 0   -64.4 0     5.0 0    81.3 0     2.4 0   303.7 0   909.0 0
 2019  20  1 20 13  5 13.083 111.71    -1.6 0    -0.2 0     0.4 0    -0.3 0   257.3 0   277.14 0   276.74 0   321.5 0   277.41 0   277.37 0     0.0 0     0.9 0     0.0 0   -64.2 0   -64.2 0     5.0 0    81.4 0     2.6 0   312.0 0   908.9 0
 2019  20  1 20 13  6 13.100 111.51    -1.6 0     0.0 0     0.4 0    -0.3 0   256.8 0   277.09 0   276.70 0   321.4 0   277.39 0   277.34 0     0.0 0     0.9 0     0.0 0   -64.5 0   -64.5 0     4.9 0    81.7 0     2.2 0   320.9 0   908.9 0
 2019  20  1 20 13  7 13.117 111.32    -1.6 0     0.1 0     0.3 0    -0.3 0   256.8 0   277.04 0   276.69 0   321.1 0   277.36 0   277.29 0     0.0 0     0.9 0     0.0 0   -64.3 0   -64.3 0     4.6 0    82.3 0     1.9 0   316.6 0   908.9 0
 2019  20  1 20 13  8 13.133 111.12    -1.6 0     0.4 0     0.0 0    -0.3 0   256.7 0   277.01 0   276.68 0   320.9 0   277.33 0   277.24 0     0.0 0     0.9 0     0.0 0   -64.2 0   -64.2 0     4.4 0    83.8 0     1.9 0   315.0 0   909.0 0
 2019  20  1 20 13  9 13.150 110.92    -1.6 0     0.3 0     0.0 0    -0.3 0   255.9 0   276.98 0   276.69 0   321.1 0   277.29 0   277.21 0     0.0 0     0.9 0     0.0 0   -65.2 0   -65.2 0     4.2 0    85.3 0     2.3 0   321.6 0   909.0 0
 2019  20  1 20 13 10 13.167 110.72    -1.6 0     0.4 0     0.0 0    -0.3 0   255.4 0   276.96 0   276.65 0   321.1 0   277.25 0   277.16 0     0.0 0     0.9 0     0.0 0   -65.7 0   -65.7 0     4.2 0    85.4 0     2.4 0   331.6 0   909.0 0
 2019  20  1 20 13 11 13.183 110.53    -1.6 0     0.4 0     0.0 0    -0.3 0   255.8 0   276.93 0   276.62 0   320.9 0   277.21 0   277.12 0     0.0 0     0.9 0     0.0 0   -65.1 0   -65.1 0     4.1 0    85.8 0     2.2 0   339.2 0   909.0 0
 2019  20  1 20 13 12 13.200 110.33    -1.6 0     0.4 0     0.0 0    -0.3 0   256.5 0   276.91 0   276.58 0   321.2 0   277.17 0   277.08 0     0.0 0     0.9 0     0.0 0   -64.7 0   -64.7 0     4.0 0    87.3 0     2.9 0   332.2 0   909.0 0
 2019  20  1 20 13 13 13.217 110.13    -1.6 0     0.0 0     0.0 0    -0.3 0   256.7 0   276.88 0   276.63 0   321.3 0   277.13 0   277.10 0     0.0 0     0.9 0     0.0 0   -64.6 0   -64.6 0     4.2 0    87.6 0     2.7 0   322.3 0   909.0 0
 2019  20  1 20 13 14 13.233 109.93    -1.6 0    -0.3 0     0.0 0    -0.3 0   255.7 0   276.88 0   276.59 0   321.2 0   277.12 0   277.10 0     0.0 0     0.9 0     0.0 0   -65.5 0   -65.5 0     4.4 0    85.7 0     2.7 0   325.2 0   909.1 0
 2019  20  1 20 13 15 13.250 109.74    -1.6 0     0.0 0     0.0 0    -0.3 0   255.6 0   276.86 0   276.55 0   321.2 0   277.10 0   277.05 0     0.0 0     0.9 0     0.0 0   -65.6 0   -65.6 0     4.4 0    84.6 0     2.9 0   334.7 0   909.1 0
 2019  20  1 20 13 16 13.267 109.54    -1.6 0     0.1 0     0.0 0    -0.3 0   254.5 0   276.84 0   276.57 0   321.2 0   277.07 0   277.01 0     0.0 0     0.9 0     0.0 0   -66.7 0   -66.7 0     4.2 0    85.2 0     3.0 0   342.9 0   909.1 0
 2019  20  1 20 13 17 13.283 109.34    -1.6 0     0.4 0     0.0 0    -0.3 0   254.6 0   276.84 0   276.49 0   320.2 0   277.04 0   276.95 0     0.0 0     1.1 0     0.0 0   -65.5 0   -65.5 0     4.0 0    85.8 0     2.6 0     0.5 0   909.1 0
 2019  20  1 20 13 18 13.300 109.15    -1.8 0     0.3 0     0.0 0    -0.3 0   254.5 0   276.83 0   276.49 0   319.9 0   277.02 0   276.93 0     0.0 0     1.3 0     0.0 0   -65.3 0   -65.3 0     4.0 0    87.2 0     2.8 0     2.4 0   909.0 0
 2019  20  1 20 13 19 13.317 108.95    -2.1 0    -0.1 0     0.0 0    -0.2 0   254.4 0   276.83 0   276.51 0   319.3 0   277.00 0   276.95 0     0.0 0     1.6 0     0.0 0   -64.9 0   -64.9 0     4.1 0    87.4 0     2.5 0     7.7 0   909.0 0
 2019  20  1 20 13 20 13.333 108.75    -2.1 0    -0.4 0     0.0 0    -0.1 0   254.0 0   276.83 0   276.55 0   318.7 0   277.00 0   276.97 0     0.0 0     1.6 0     0.0 0   -64.7 0   -64.7 0     4.4 0    85.9 0     3.0 0    15.0 0   909.0 0
 2019  20  1 20 13 21 13.350 108.55    -2.1 0    -0.4 0     0.0 0     0.0 0   253.9 0   276.83 0   276.59 0   318.3 0   277.00 0   276.95 0     0.0 0     1.6 0     0.0 0   -64.3 0   -64.3 0     4.6 0    84.1 0     2.9 0    18.0 0   909.0 0
 2019  20  1 20 13 22 13.367 108.36    -2.4 0    -0.2 0     0.0 0     0.0 0   254.7 0   276.86 0   276.66 0   318.2 0   277.00 0   276.93 0     0.0 0     1.6 0     0.0 0   -63.5 0   -63.5 0     4.6 0    83.3 0     2.9 0    21.9 0   909.0 0
 2019  20  1 20 13 23 13.383 108.16    -2.4 0    -0.3 0     0.0 0     0.0 0   255.1 0   276.90 0   276.73 0   318.5 0   277.00 0   276.95 0     0.0 0     1.7 0     0.0 0   -63.4 0   -63.4 0     4.7 0    83.0 0     2.7 0    18.4 0   909.0 0
 2019  20  1 20 13 24 13.400 107.97    -2.5 0    -0.5 0     0.0 0     0.0 0   255.3 0   276.95 0   276.77 0   318.4 0   277.00 0   276.98 0     0.0 0     1.7 0     0.0 0   -63.1 0   -63.1 0     4.9 0    81.9 0     2.8 0    22.9 0   909.0 0
 2019  20  1 20 13 25 13.417 107.77    -2.5 0    -0.4 0     0.0 0     0.0 0   256.0 0   277.00 0   276.85 0   318.5 0   277.01 0   276.99 0     0.0 0     1.8 0     0.0 0   -62.4 0   -62.4 0     5.1 0    80.6 0     2.5 0    24.3 0   909.0 0
 2019  20  1 20 13 26 13.433 107.57    -2.4 0    -0.6 0     0.0 0     0.0 0   255.9 0   277.05 0   276.90 0   318.4 0   277.02 0   277.01 0     0.0 0     1.7 0     0.0 0   -62.5 0   -62.5 0     5.3 0    79.6 0     2.7 0    30.9 0   909.0 0
 2019  20  1 20 13 27 13.450 107.38    -2.1 0    -0.4 0     0.0 0     0.0 0   255.7 0   277.11 0   276.85 0   318.3 0   277.05 0   277.00 0     0.0 0     1.7 0     0.0 0   -62.6 0   -62.6 0     5.4 0    78.3 0     2.7 0    40.2 0   909.0 0
 2019  20  1 20 13 28 13.467 107.18    -2.1 0    -0.4 0     0.0 0    -0.2 0   255.3 0   277.12 0   276.81 0   318.3 0   277.06 0   277.01 0     0.0 0     1.6 0     0.0 0   -63.0 0   -63.0 0     5.3 0    78.4 0     2.7 0    41.6 0   908.9 0
 2019  20  1 20 13 29 13.483 106.99    -2.1 0    -0.2 0     0.0 0    -0.3 0   255.5 0   277.12 0   276.80 0   318.5 0   277.07 0   277.01 0     0.0 0     1.7 0     0.0 0   -63.0 0   -63.0 0     5.3 0    78.8 0     2.6 0    41.9 0   908.9 0
 2019  20  1 20 13 30 13.500 106.79    -2.1 0    -0.4 0     0.0 0    -0.3 0   255.5 0   277.12 0   276.78 0   318.6 0   277.07 0   277.03 0     0.0 0     1.7 0     0.0 0   -63.1 0   -63.1 0     5.4 0    78.9 0     2.5 0    46.4 0   908.9 0
 2019  20  1 20 13 31 13.517 106.59    -2.1 0    -0.7 0     0.0 0    -0.3 0   256.5 0   277.12 0   276.76 0   319.2 0   277.10 0   277.10 0     0.0 0     1.8 0     0.0 0   -62.7 0   -62.7 0     5.6 0    77.8 0     2.6 0    48.4 0   908.9 0
 2019  20  1 20 13 32 13.533 106.40    -2.1 0    -1.0 0     0.0 0    -0.2 0   256.7 0   277.10 0   276.78 0   318.9 0   277.14 0   277.15 0     0.0 0     1.7 0     0.0 0   -62.3 0   -62.3 0     5.8 0    75.8 0     2.7 0    48.1 0   908.8 0
 2019  20  1 20 13 33 13.550 106.20    -2.1 0    -0.8 0     0.0 0    -0.1 0   256.9 0   277.10 0   276.81 0   319.0 0   277.18 0   277.18 0     0.0 0     1.7 0     0.0 0   -62.1 0   -62.1 0     6.0 0    74.8 0     2.7 0    46.6 0   908.8 0
 2019  20  1 20 13 34 13.567 106.01    -2.1 0    -1.1 0     0.0 0     0.0 0   257.3 0   277.11 0   276.85 0   319.3 0   277.22 0   277.25 0     0.0 0     1.6 0     0.0 0   -62.0 0   -62.0 0     6.1 0    74.1 0     2.8 0    45.3 0   908.8 0
 2019  20  1 20 13 35 13.583 105.81    -2.1 0    -1.3 0     0.0 0     0.0 0   257.2 0   277.12 0   276.89 0   319.3 0   277.27 0   277.32 0     0.0 0     1.6 0     0.0 0   -62.1 0   -62.1 0     6.3 0    72.8 0     2.7 0    43.4 0   908.8 0
 2019  20  1 20 13 36 13.600 105.62    -2.1 0    -1.3 0     0.0 0     0.0 0   257.7 0   277.15 0   276.92 0   319.1 0   277.33 0   277.36 0     0.0 0     1.6 0     0.0 0   -61.4 0   -61.4 0     6.4 0    72.0 0     3.0 0    45.5 0   908.8 0
 2019  20  1 20 13 37 13.617 105.42    -2.3 0    -1.2 0     0.0 0     0.0 0   258.1 0   277.18 0   277.00 0   319.5 0   277.38 0   277.42 0     0.0 0     1.6 0     0.0 0   -61.4 0   -61.4 0     6.4 0    71.8 0     3.1 0    46.2 0   908.8 0
 2019  20  1 20 13 38 13.633 105.23    -2.5 0    -1.3 0     0.0 0     0.0 0   258.4 0   277.22 0   277.07 0   319.6 0   277.43 0   277.47 0     0.0 0     1.6 0     0.0 0   -61.2 0   -61.2 0     6.5 0    71.6 0     3.0 0    42.7 0   908.8 0
 2019  20  1 20 13 39 13.650 105.03    -2.5 0    -1.3 0     0.0 0     0.0 0   258.5 0   277.28 0   277.16 0   319.6 0   277.49 0   277.54 0     0.0 0     1.6 0     0.0 0   -61.1 0   -61.1 0     6.6 0    70.9 0     2.8 0    41.0 0   908.8 0
 2019  20  1 20 13 40 13.667 104.84    -2.5 0    -1.0 0     0.0 0     0.0 0   258.4 0   277.34 0   277.24 0   319.5 0   277.55 0   277.55 0     0.0 0     1.6 0     0.0 0   -61.1 0   -61.1 0     6.6 0    70.8 0     2.8 0    43.5 0   908.8 0
 2019  20  1 20 13 41 13.683 104.65    -2.5 0    -0.8 0     0.0 0     0.0 0   258.6 0   277.41 0   277.29 0   319.6 0   277.59 0   277.57 0     0.0 0     1.6 0     0.0 0   -61.0 0   -61.0 0     6.4 0    71.7 0     2.9 0    43.0 0   908.7 0
 2019  20  1 20 13 42 13.700 104.45    -2.5 0    -0.8 0     0.0 0     0.0 0   258.6 0   277.48 0   277.32 0   319.7 0   277.61 0   277.61 0     0.0 0     1.6 0     0.0 0   -61.1 0   -61.1 0     6.3 0    72.5 0     2.6 0    44.0 0   908.7 0
 2019  20  1 20 13 43 13.717 104.26    -2.5 0    -0.8 0     0.0 0     0.0 0   258.6 0   277.53 0   277.38 0   319.7 0   277.65 0   277.65 0     0.0 0     1.6 0     0.0 0   -61.2 0   -61.2 0     6.4 0    72.1 0     2.6 0    49.7 0   908.7 0
 2019  20  1 20 13 44 13.733 104.06    -2.5 0    -0.8 0     0.0 0     0.0 0   258.9 0   277.59 0   277.41 0   320.0 0   277.68 0   277.66 0     0.0 0     1.6 0     0.0 0   -61.0 0   -61.0 0     6.3 0    72.2 0     2.5 0    52.1 0   908.7 0
 2019  20  1 20 13 45 13.750 103.87    -2.5 0    -0.5 0     0.0 0     0.0 0   259.2 0   277.63 0   277.46 0   319.9 0   277.70 0   277.66 0     0.0 0     1.6 0     0.0 0   -60.7 0   -60.7 0     6.3 0    72.8 0     2.5 0    49.1 0   908.7 0
 2019  20  1 20 13 46 13.767 103.67    -2.5 0    -0.4 0     0.0 0     0.0 0   259.8 0   277.68 0   277.47 0   320.0 0   277.73 0   277.69 0     0.0 0     1.6 0     0.0 0   -60.2 0   -60.2 0     6.2 0    73.3 0     2.2 0    48.8 0   908.6 0
 2019  20  1 20 13 47 13.783 103.48    -2.5 0    -0.4 0     0.0 0     0.0 0   260.0 0   277.71 0   277.50 0   320.1 0   277.75 0   277.70 0     0.0 0     1.6 0     0.0 0   -60.1 0   -60.1 0     6.2 0    73.2 0     2.3 0    55.2 0   908.6 0
 2019  20  1 20 13 48 13.800 103.29    -2.5 0    -0.4 0     0.0 0     0.0 0   260.5 0   277.75 0   277.53 0   320.4 0   277.77 0   277.72 0     0.0 0     1.6 0     0.0 0   -59.8 0   -59.8 0     6.3 0    73.1 0     2.1 0    56.8 0   908.6 0
 2019  20  1 20 13 49 13.817 103.09    -2.5 0    -0.8 0     0.0 0     0.0 0   261.0 0   277.78 0   277.57 0   320.2 0   277.79 0   277.75 0     0.0 0     1.6 0     0.0 0   -59.3 0   -59.3 0     6.4 0    72.4 0     2.1 0    61.6 0   908.5 0
 2019  20  1 20 13 50 13.833 102.90    -2.5 0    -0.5 0     0.0 0    -0.1 0   260.8 0   277.81 0   277.55 0   320.1 0   277.81 0   277.75 0     0.0 0     1.6 0     0.0 0   -59.2 0   -59.2 0     6.3 0    72.4 0     2.3 0    67.7 0   908.5 0
 2019  20  1 20 13 51 13.850 102.71    -2.5 0    -0.4 0     0.0 0    -0.2 0   260.7 0   277.83 0   277.51 0   320.1 0   277.83 0   277.77 0     0.0 0     1.6 0     0.0 0   -59.4 0   -59.4 0     6.2 0    73.4 0     2.4 0    79.0 0   908.5 0
 2019  20  1 20 13 52 13.867 102.51    -2.5 0    -0.4 0     0.0 0    -0.3 0   260.8 0   277.82 0   277.46 0   319.9 0   277.84 0   277.80 0     0.0 0     1.6 0     0.0 0   -59.1 0   -59.1 0     6.1 0    74.0 0     2.2 0    88.4 0   908.4 0
 2019  20  1 20 13 53 13.883 102.32    -2.5 0    -0.2 0     0.0 0    -0.3 0   261.2 0   277.80 0   277.46 0   319.0 0   277.85 0   277.75 0     0.0 0     1.6 0     0.0 0   -57.8 0   -57.8 0     5.9 0    74.5 0     1.2 0    98.0 0   908.4 0
 2019  20  1 20 13 54 13.900 102.13    -2.2 0     0.2 0     0.0 0    -0.3 0   260.6 0   277.78 0   277.44 0   318.9 0   277.82 0   277.69 0     0.0 0     1.4 0     0.0 0   -58.3 0   -58.3 0     5.5 0    76.0 0     1.3 0   125.9 0   908.4 0
 2019  20  1 20 13 55 13.917 101.94    -2.1 0     0.2 0     0.0 0    -0.3 0   259.2 0   277.76 0   277.34 0   319.5 0   277.79 0   277.67 0     0.0 0     1.5 0     0.0 0   -60.3 0   -60.3 0     5.2 0    79.2 0     2.0 0   100.4 0   908.4 0
 2019  20  1 20 13 56 13.933 101.74    -2.1 0     0.0 0     0.0 0    -0.3 0   260.1 0   277.71 0   277.29 0   319.3 0   277.76 0   277.65 0     0.0 0     1.6 0     0.0 0   -59.2 0   -59.2 0     5.0 0    80.2 0     2.2 0    97.3 0   908.3 0
 2019  20  1 20 13 57 13.950 101.55    -2.1 0    -0.2 0     0.0 0    -0.3 0   260.5 0   277.67 0   277.29 0   320.0 0   277.74 0   277.66 0     0.0 0     1.6 0     0.0 0   -59.5 0   -59.5 0     5.0 0    81.3 0     2.5 0    99.8 0   908.3 0
 2019  20  1 20 13 58 13.967 101.36    -2.1 0    -0.8 0     0.0 0    -0.3 0   259.8 0   277.64 0   277.24 0   320.1 0   277.73 0   277.70 0     0.0 0     1.6 0     0.0 0   -60.3 0   -60.3 0     5.4 0    78.8 0     2.7 0   100.0 0   908.3 0
 2019  20  1 20 13 59 13.983 101.17    -2.1 0    -0.5 0     0.0 0    -0.3 0   259.7 0   277.60 0   277.21 0   319.9 0   277.75 0   277.69 0     0.0 0     1.5 0     0.0 0   -60.3 0   -60.3 0     5.5 0    76.9 0     2.5 0    95.8 0   908.3 0
 2019  20  1 20 14  0 14.000 100.97    -2.1 0    -0.4 0     0.0 0    -0.3 0   260.1 0   277.57 0   277.19 0   320.1 0   277.75 0   277.68 0     0.0 0     1.6 0     0.0 0   -60.0 0   -60.0 0     5.5 0    76.9 0     2.4 0    98.5 0   908.3 0
 2019  20  1 20 14  1 14.017 100.78    -2.1 0    -0.4 0     0.0 0    -0.1 0   259.3 0   277.54 0   277.18 0   320.0 0   277.75 0   277.70 0     0.0 0     1.5 0     0.0 0   -60.7 0   -60.7 0     5.6 0    76.0 0     2.2 0   103.1 0   908.3 0
 2019  20  1 20 14  2 14.033 100.59    -2.1 0    -0.3 0     0.0 0    -0.1 0   259.1 0   277.51 0   277.19 0   319.9 0   277.75 0   277.68 0     0.0 0     1.5 0     0.0 0   -60.8 0   -60.8 0     5.6 0    75.7 0     2.2 0   102.2 0   908.3 0
 2019  20  1 20 14  3 14.050 100.40    -2.1 0    -0.4 0     0.0 0     0.0 0   259.2 0   277.51 0   277.20 0   319.8 0   277.75 0   277.70 0     0.0 0     1.6 0     0.0 0   -60.6 0   -60.6 0     5.6 0    75.2 0     2.0 0   102.1 0   908.3 0
 2019  20  1 20 14  4 14.067 100.21    -2.1 0    -0.3 0     0.0 0     0.0 0   259.4 0   277.51 0   277.22 0   319.8 0   277.75 0   277.70 0     0.0 0     1.6 0     0.0 0   -60.5 0   -60.5 0     5.7 0    75.3 0     2.0 0    99.0 0   908.3 0
 2019  20  1 20 14  5 14.083 100.02    -2.1 0    -0.4 0     0.0 0     0.0 0   259.5 0   277.51 0   277.27 0   319.8 0   277.75 0   277.70 0     0.0 0     1.6 0     0.0 0   -60.3 0   -60.3 0     5.8 0    74.5 0     2.3 0    97.9 0   908.3 0
 2019  20  1 20 14  6 14.100  99.82    -2.1 0    -0.6 0     0.0 0     0.0 0   259.5 0   277.52 0   277.30 0   320.4 0   277.77 0   277.76 0     0.0 0     1.5 0     0.0 0   -61.0 0   -61.0 0     5.9 0    72.6 0     2.5 0   106.3 0   908.3 0
 2019  20  1 20 14  7 14.117  99.63    -2.2 0    -0.7 0     0.0 0     0.0 0   259.8 0   277.55 0   277.36 0   320.3 0   277.80 0   277.80 0     0.0 0     1.5 0     0.0 0   -60.5 0   -60.5 0     6.2 0    71.0 0     2.6 0   104.4 0   908.3 0
 2019  20  1 20 14  8 14.133  99.44    -2.5 0    -0.4 0     0.0 0     0.0 0   259.2 0   277.58 0   277.36 0   320.4 0   277.82 0   277.81 0     0.0 0     1.5 0     0.0 0   -61.2 0   -61.2 0     6.1 0    71.3 0     2.5 0    97.9 0   908.3 0
 2019  20  1 20 14  9 14.150  99.25    -2.2 0    -0.2 0     0.0 0     0.0 0   260.3 0   277.61 0   277.38 0   320.9 0   277.85 0   277.84 0     0.0 0     1.4 0     0.0 0   -60.6 0   -60.6 0     6.0 0    71.7 0     2.8 0   101.4 0   908.3 0
 2019  20  1 20 14 10 14.167  99.06    -2.5 0    -0.4 0     0.0 0     0.0 0   260.9 0   277.63 0   277.51 0   321.1 0   277.87 0   277.89 0     0.0 0     1.3 0     0.0 0   -60.2 0   -60.2 0     6.1 0    70.7 0     2.7 0    98.9 0   908.3 0
 2019  20  1 20 14 11 14.183  98.87    -2.5 0    -0.2 0     0.0 0     0.0 0   261.5 0   277.68 0   277.56 0   321.4 0   277.90 0   277.88 0     0.0 0     1.3 0     0.0 0   -59.9 0   -59.9 0     6.0 0    71.2 0     2.3 0   101.4 0   908.3 0
 2019  20  1 20 14 12 14.200  98.68    -2.8 0     0.0 0     0.0 0     0.0 0   262.5 0   277.73 0   277.59 0   321.3 0   277.90 0   277.90 0     0.0 0     1.3 0     0.0 0   -58.8 0   -58.8 0     5.9 0    71.6 0     2.5 0   103.7 0   908.3 0
 2019  20  1 20 14 13 14.217  98.49    -2.9 0    -0.3 0     0.0 0     0.0 0   262.8 0   277.78 0   277.64 0   321.7 0   277.92 0   277.90 0     0.0 0     1.3 0     0.0 0   -58.9 0   -58.9 0     5.9 0    71.6 0     2.8 0   108.6 0   908.4 0
 2019  20  1 20 14 14 14.233  98.30    -2.8 0     0.0 0     0.0 0     0.0 0   263.9 0   277.83 0   277.67 0   321.6 0   277.92 0   277.90 0     0.0 0     1.3 0     0.0 0   -57.7 0   -57.7 0     5.8 0    72.0 0     2.8 0   109.7 0   908.4 0
 2019  20  1 20 14 15 14.250  98.11    -2.9 0    -0.1 0     0.0 0     0.0 0   264.7 0   277.87 0   277.68 0   322.1 0   277.94 0   277.92 0     0.0 0     1.3 0     0.0 0   -57.4 0   -57.4 0     5.8 0    72.1 0     3.6 0   111.9 0   908.4 0
 2019  20  1 20 14 16 14.267  97.92    -2.8 0    -0.6 0     0.0 0     0.0 0   265.7 0   277.90 0   277.72 0   322.6 0   277.96 0   277.97 0     0.0 0     1.3 0     0.0 0   -56.9 0   -56.9 0     6.0 0    70.1 0     3.6 0   112.1 0   908.3 0
 2019  20  1 20 14 17 14.283  97.73    -2.9 0    -0.9 0     0.0 0     0.0 0   266.7 0   277.93 0   277.79 0   323.3 0   278.00 0   278.07 0     0.0 0     1.3 0     0.0 0   -56.6 0   -56.6 0     6.4 0    67.3 0     2.8 0   112.7 0   908.3 0
 2019  20  1 20 14 18 14.300  97.54    -3.0 0    -0.9 0     0.0 0     0.0 0   266.8 0   277.98 0   277.87 0   324.1 0   278.06 0   278.16 0     0.0 0     1.3 0     0.0 0   -57.3 0   -57.3 0     6.7 0    65.7 0     2.0 0   121.9 0   908.4 0
 2019  20  1 20 14 19 14.317  97.35    -3.5 0    -0.8 0     0.0 0     0.0 0   266.8 0   278.03 0   278.05 0   324.8 0   278.11 0   278.21 0     0.0 0     1.1 0     0.0 0   -58.0 0   -58.0 0     6.9 0    64.8 0     1.3 0   143.1 0   908.4 0
 2019  20  1 20 14 20 14.333  97.16    -3.7 0    -0.6 0     0.0 0     0.0 0   265.6 0   278.13 0   278.17 0   324.7 0   278.15 0   278.24 0     0.0 0     0.9 0     0.0 0   -59.1 0   -59.1 0     7.0 0    64.4 0     1.9 0   102.3 0   908.4 0
 2019  20  1 20 14 21 14.350  96.98    -3.7 0    -0.5 0     0.0 0     0.0 0   265.3 0   278.23 0   278.27 0   324.8 0   278.19 0   278.29 0     0.0 0     0.9 0     0.0 0   -59.5 0   -59.5 0     7.0 0    64.7 0     1.7 0   116.7 0   908.4 0
 2019  20  1 20 14 22 14.367  96.79    -3.7 0    -0.1 0     0.0 0     0.0 0   264.8 0   278.34 0   278.35 0   324.7 0   278.23 0   278.27 0     0.0 0     0.9 0     0.0 0   -59.9 0   -59.9 0     7.0 0    64.8 0     0.4 0   148.0 0   908.4 0
 2019  20  1 20 14 23 14.383  96.60    -3.4 0     0.0 0     0.0 0     0.0 0   263.8 0   278.43 0   278.42 0   324.5 0   278.24 0   278.28 0     0.0 0     0.9 0     0.0 0   -60.7 0   -60.7 0     7.0 0    65.1 0     1.8 0   118.5 0   908.4 0
 2019  20  1 20 14 24 14.400  96.41    -3.5 0    -0.3 0     0.0 0     0.0 0   263.5 0   278.52 0   278.48 0   324.9 0   278.28 0   278.36 0     0.0 0     0.9 0     0.0 0   -61.4 0   -61.4 0     7.0 0    65.0 0     2.5 0   109.4 0   908.4 0
 2019  20  1 20 14 25 14.417  96.22    -3.7 0    -0.4 0     0.0 0     0.0 0   264.2 0   278.60 0   278.57 0   325.2 0   278.31 0   278.41 0     0.0 0     0.9 0     0.0 0   -60.9 0   -60.9 0     6.9 0    65.3 0     2.5 0    92.1 0   908.4 0
 2019  20  1 20 14 26 14.433  96.04    -3.9 0    -1.0 0    -0.4 0     0.0 0   263.7 0   278.69 0   278.73 0   325.6 0   278.36 0   278.49 0     0.0 0     0.9 0     0.0 0   -61.9 0   -61.9 0     7.1 0    64.3 0     3.9 0    92.7 0   908.4 0
 2019  20  1 20 14 27 14.450  95.85    -3.7 0    -0.9 0    -0.4 0     0.0 0   263.4 0   278.78 0   278.77 0   325.5 0   278.43 0   278.54 0     0.0 0     0.9 0     0.0 0   -62.2 0   -62.2 0     7.2 0    64.3 0     3.0 0   123.3 0   908.5 0
 2019  20  1 20 14 28 14.467  95.66    -3.7 0    -1.0 0    -0.3 0     0.0 0   263.4 0   278.86 0   278.81 0   326.6 0   278.50 0   278.65 0     0.0 0     0.9 0     0.0 0   -63.2 0   -63.2 0     7.2 0    63.9 0     4.5 0   118.0 0   908.5 0
 2019  20  1 20 14 29 14.483  95.47    -3.7 0    -1.2 0    -0.3 0     0.0 0   263.8 0   278.94 0   278.90 0   326.7 0   278.58 0   278.75 0     0.0 0     0.9 0     0.0 0   -62.8 0   -62.8 0     7.4 0    62.5 0     2.7 0   109.1 0   908.5 0
 2019  20  1 20 14 30 14.500  95.28    -3.7 0    -0.6 0    -0.4 0     0.0 0   263.6 0   279.02 0   279.04 0   326.0 0   278.65 0   278.72 0     0.0 0     0.9 0     0.0 0   -62.3 0   -62.3 0     7.4 0    63.6 0     2.0 0   103.9 0   908.5 0
 2019  20  1 20 14 31 14.517  95.10    -3.7 0    -0.4 0    -0.4 0     0.0 0   263.0 0   279.10 0   279.04 0   326.2 0   278.69 0   278.77 0     0.0 0     0.9 0     0.0 0   -63.2 0   -63.2 0     7.3 0    63.7 0     3.3 0   110.9 0   908.4 0
 2019  20  1 20 14 32 14.533  94.91    -3.6 0    -0.4 0    -0.4 0     0.0 0   263.4 0   279.17 0   279.13 0   326.3 0   278.73 0   278.81 0     0.0 0     0.9 0     0.0 0   -62.9 0   -62.9 0     7.2 0    63.8 0     3.0 0   116.8 0   908.4 0
 2019  20  1 20 14 33 14.550  94.72    -3.7 0    -0.6 0    -0.2 0     0.0 0   263.5 0   279.24 0   279.22 0   326.8 0   278.78 0   278.87 0     0.0 0     0.9 0     0.0 0   -63.3 0   -63.3 0     7.3 0    63.3 0     2.9 0   116.1 0   908.4 0
 2019  20  1 20 14 34 14.567  94.54    -3.7 0    -0.4 0    -0.1 0     0.0 0   262.3 0   279.31 0   279.22 0   326.2 0   278.82 0   278.88 0     0.0 0     0.8 0     0.0 0   -63.9 0   -63.9 0     7.3 0    63.6 0     3.1 0   123.2 0   908.4 0
 2019  20  1 20 14 35 14.583  94.35    -3.3 0    -0.4 0     0.0 0     0.0 0   262.4 0   279.37 0   279.16 0   326.7 0   278.86 0   278.93 0     0.0 0     0.9 0     0.0 0   -64.3 0   -64.3 0     7.2 0    64.2 0     3.2 0   138.3 0   908.4 0
 2019  20  1 20 14 36 14.600  94.17    -3.0 0    -0.4 0     0.0 0     0.0 0   261.8 0   279.39 0   279.12 0   326.1 0   278.89 0   278.94 0     0.0 0     0.9 0     0.0 0   -64.3 0   -64.3 0     7.2 0    64.3 0     2.7 0   130.0 0   908.4 0
 2019  20  1 20 14 37 14.617  93.98    -2.8 0     0.0 0     0.1 0     0.0 0   261.6 0   279.39 0   279.10 0   325.1 0   278.91 0   278.89 0     0.0 0     1.0 0     0.0 0   -63.4 0   -63.4 0     6.9 0    65.9 0     1.7 0    69.7 0   908.4 0
 2019  20  1 20 14 38 14.633  93.79    -2.5 0     0.3 0     0.1 0     0.0 0   261.6 0   279.39 0   279.10 0   324.4 0   278.90 0   278.87 0     0.0 0     1.1 0     0.0 0   -62.8 0   -62.8 0     6.7 0    67.2 0     1.2 0    78.7 0   908.4 0
 2019  20  1 20 14 39 14.650  93.61    -2.4 0     0.2 0     0.1 0     0.0 0   260.4 0   279.37 0   279.03 0   323.6 0   278.90 0   278.84 0     0.0 0     1.1 0     0.0 0   -63.2 0   -63.2 0     6.6 0    67.8 0     1.1 0    58.0 0   908.4 0
 2019  20  1 20 14 40 14.667  93.42    -2.0 0     0.4 0     0.4 0     0.0 0   259.7 0   279.35 0   278.87 0   322.8 0   278.88 0   278.79 0     0.0 0     1.3 0     0.0 0   -63.0 0   -63.0 0     6.4 0    69.1 0     1.1 0    20.0 0   908.4 0
 2019  20  1 20 14 41 14.683  93.24    -1.6 0     0.4 0     0.4 0     0.2 0   260.2 0   279.26 0   278.73 0   322.5 0   278.85 0   278.73 0     0.0 0     1.2 0     0.0 0   -62.3 0   -62.3 0     6.1 0    70.4 0     1.1 0   348.1 0   908.4 0
 2019  20  1 20 14 42 14.700  93.05    -1.3 0     0.4 0     0.4 0     0.3 0   261.0 0   279.15 0   278.62 0   323.5 0   278.79 0   278.69 0     0.0 0     0.9 0     0.0 0   -62.5 0   -62.5 0     5.8 0    72.0 0     1.4 0   326.7 0   908.4 0
 2019  20  1 20 14 43 14.717  92.87    -0.8 0     0.4 0     0.4 0     0.4 0   259.2 0   279.04 0   278.50 0   323.6 0   278.74 0   278.62 0     0.0 0     0.9 0     0.0 0   -64.4 0   -64.4 0     5.5 0    73.6 0     1.3 0   335.2 0   908.4 0
 2019  20  1 20 14 44 14.733  92.68    -0.5 0     0.6 0     0.4 0     0.6 0   258.2 0   278.94 0   278.28 0   321.9 0   278.70 0   278.52 0     0.0 0     1.5 0     0.0 0   -63.6 0   -63.6 0     5.2 0    75.1 0     1.7 0     4.4 0   908.4 0
 2019  20  1 20 14 45 14.750  92.50    -0.1 0     0.8 0     0.4 0     0.7 0   258.4 0   278.79 0   278.09 0   322.1 0   278.62 0   278.46 0     0.0 0     1.5 0     0.0 0   -63.7 0   -63.7 0     4.9 0    76.9 0     1.4 0   336.1 0   908.4 0
 2019  20  1 20 14 46 14.767  92.31     0.2 0     0.8 0     0.6 0     0.9 0   258.7 0   278.62 0   277.93 0   322.2 0   278.54 0   278.33 0     0.0 0     1.3 0     0.1 0   -63.5 0   -63.4 0     4.7 0    78.0 0     1.7 0   333.9 0   908.4 0
 2019  20  1 20 14 47 14.783  92.13     0.4 0     0.8 0     0.5 0     1.0 0   258.2 0   278.47 0   277.82 0   321.6 0   278.46 0   278.24 0     0.0 0     1.6 0     0.2 0   -63.4 0   -63.2 0     4.5 0    79.8 0     1.8 0   359.4 0   908.4 0
 2019  20  1 20 14 48 14.800  91.95     0.6 0     0.8 0     0.4 0     1.3 0   257.1 0   278.33 0   277.72 0   320.8 0   278.38 0   278.16 0     0.0 0     2.0 0     0.4 0   -63.7 0   -63.3 0     4.3 0    81.1 0     2.1 0     4.0 0   908.4 0
 2019  20  1 20 14 49 14.817  91.76     0.8 0     0.8 0     0.4 0     1.4 0   256.0 0   278.21 0   277.62 0   319.9 0   278.30 0   278.08 0     0.0 0     2.3 0     0.6 0   -63.9 0   -63.3 0     4.2 0    82.5 0     2.4 0     5.4 0   908.5 0
 2019  20  1 20 14 50 14.833  91.58     0.9 0     0.5 0     0.4 0     1.7 0   255.8 0   278.09 0   277.50 0   319.6 0   278.22 0   278.01 0     0.0 0     2.6 0     1.2 0   -63.8 0   -62.6 0     4.2 0    83.1 0     2.5 0     9.3 0   908.5 0
 2019  20  1 20 14 51 14.850  91.40     1.2 0     0.4 0     0.4 0     1.9 0   256.1 0   277.98 0   277.41 0   319.4 0   278.16 0   277.94 0     0.0 0     2.7 0     1.5 0   -63.3 0   -61.8 0     4.3 0    83.2 0     2.6 0    12.6 0   908.5 0
 2019  20  1 20 14 52 14.867  91.21     1.5 0     0.4 0     0.4 0     2.2 0   256.1 0   277.88 0   277.35 0   319.4 0   278.09 0   277.90 0     0.0 0     3.0 0     1.8 0   -63.3 0   -61.5 0     4.4 0    83.1 0     3.0 0     6.7 0   908.5 0
 2019  20  1 20 14 53 14.883  91.03     1.6 0     0.4 0     0.4 0     2.5 0   256.2 0   277.79 0   277.29 0   319.0 0   278.03 0   277.86 0     0.0 0     3.1 0     2.1 0   -62.8 0   -60.7 0     4.5 0    82.0 0     2.9 0     5.2 0   908.5 0
 2019  20  1 20 14 54 14.900  90.85     2.0 0     0.4 0     0.4 0     2.9 0   256.0 0   277.72 0   277.25 0   318.8 0   277.97 0   277.80 0     0.0 0     3.2 0     2.5 0   -62.8 0   -60.4 0     4.5 0    81.8 0     3.0 0     5.1 0   908.5 0
 2019  20  1 20 14 55 14.917  89.93     2.4 0     0.4 0     0.4 0     3.4 0   256.5 0   277.65 0   277.23 0   319.2 0   277.91 0   277.76 0     0.4 0     3.4 0     3.0 0   -62.7 0   -59.7 0     4.5 0    81.7 0     2.7 0     1.7 0   908.5 0
 2019  20  1 20 14 56 14.933  89.80     3.0 0     0.5 0     0.4 0     4.0 0   256.0 0   277.59 0   277.20 0   319.8 0   277.86 0   277.74 0     0.4 0     3.5 0     3.6 0   -63.8 0   -60.2 0     4.6 0    81.4 0     2.9 0   357.3 0   908.5 0
 2019  20  1 20 14 57 14.950  89.67     4.0 0     0.5 0     0.8 0     4.8 0   256.4 0   277.53 0   277.13 0   320.9 0   277.81 0   277.73 0     0.5 0     3.5 0     4.3 0   -64.5 0   -60.1 0     4.8 0    80.5 0     2.9 0   350.0 0   908.5 0
 2019  20  1 20 14 58 14.967  89.53     4.9 0     0.8 0     0.8 0     5.7 0   257.1 0   277.48 0   277.12 0   321.3 0   277.77 0   277.71 0     0.5 0     3.7 0     4.9 0   -64.2 0   -59.4 0     4.8 0    79.8 0     3.0 0   351.4 0   908.5 0
 2019  20  1 20 14 59 14.983  89.39     5.8 0     0.8 0     1.0 0     6.6 0   257.3 0   277.44 0   277.13 0   321.4 0   277.74 0   277.69 0     0.5 0     4.1 0     5.7 0   -64.1 0   -58.4 0     4.9 0    79.4 0     2.6 0   355.1 0   908.4 0
 2019  20  1 20 15  0 15.000  89.25     6.8 0     1.1 0     1.4 0     7.7 0   256.3 0   277.42 0   277.13 0   320.9 0   277.72 0   277.67 0     0.6 0     4.7 0     6.6 0   -64.6 0   -57.9 0     4.9 0    79.4 0     2.5 0     2.8 0   908.4 0
 2019  20  1 20 15  1 15.017  89.10     7.3 0     1.3 0     2.0 0     8.8 0   255.5 0   277.41 0   277.13 0   320.0 0   277.70 0   277.66 0     0.7 0     5.4 0     7.6 0   -64.5 0   -56.9 0     5.0 0    78.8 0     1.9 0     9.7 0   908.4 0
 2019  20  1 20 15  2 15.033  88.95     8.6 0     1.4 0     3.1 0    10.0 0   255.3 0   277.41 0   277.09 0   319.6 0   277.70 0   277.63 0     0.7 0     6.1 0     8.6 0   -64.3 0   -55.6 0     5.1 0    78.6 0     2.0 0    28.1 0   908.4 0
 2019  20  1 20 15  3 15.050  88.79    10.0 0     1.9 0     5.1 0    11.2 0   254.9 0   277.40 0   277.02 0   319.0 0   277.68 0   277.59 0     0.7 0     6.6 0     9.5 0   -64.2 0   -54.7 0     5.0 0    78.8 0     1.9 0    50.3 0   908.4 0
 2019  20  1 20 15  4 15.067  88.63    11.3 0     2.2 0     8.0 0    12.6 0   254.3 0   277.36 0   276.97 0   319.0 0   277.65 0   277.55 0     0.8 0     7.1 0    10.5 0   -64.7 0   -54.2 0     4.9 0    79.6 0     2.0 0    69.3 0   908.3 0
 2019  20  1 20 15  5 15.083  88.48    12.8 0     2.5 0    13.7 0    13.9 0   254.1 0   277.32 0   276.93 0   319.3 0   277.62 0   277.54 0     0.8 0     7.7 0    11.8 0   -65.2 0   -53.4 0     4.8 0    80.7 0     2.0 0    73.2 0   908.4 0
 2019  20  1 20 15  6 15.100  88.32    14.1 0     2.5 0    23.3 0    15.3 0   254.8 0   277.28 0   276.91 0   319.7 0   277.61 0   277.56 0     0.9 0     8.2 0    13.5 0   -64.9 0   -51.5 0     4.9 0    80.5 0     2.1 0    75.3 0   908.4 0
 2019  20  1 20 15  7 15.117  88.16    15.2 0     2.5 0    23.9 0    16.6 0   255.2 0   277.26 0   276.92 0   320.1 0   277.61 0   277.58 0     1.0 0     8.8 0    14.9 0   -64.9 0   -50.0 0     5.2 0    79.3 0     2.2 0    77.4 0   908.4 0
 2019  20  1 20 15  8 15.133  87.99    16.4 0     2.4 0    17.9 0    17.9 0   256.1 0   277.23 0   276.93 0   320.3 0   277.61 0   277.62 0     1.0 0     9.4 0    16.1 0   -64.2 0   -48.1 0     5.5 0    77.1 0     2.3 0    68.3 0   908.4 0
 2019  20  1 20 15  9 15.150  87.83    17.6 0     2.5 0    15.7 0    19.3 0   257.0 0   277.22 0   276.98 0   320.7 0   277.63 0   277.65 0     1.0 0    10.0 0    17.4 0   -63.6 0   -46.3 0     5.8 0    75.1 0     2.2 0    58.3 0   908.3 0
 2019  20  1 20 15 10 15.167  87.66    18.8 0     2.5 0    13.0 0    20.6 0   257.7 0   277.24 0   277.08 0   320.8 0   277.66 0   277.68 0     1.0 0    10.5 0    18.6 0   -63.1 0   -44.5 0     6.0 0    73.7 0     1.8 0    47.0 0   908.3 0
 2019  20  1 20 15 11 15.183  87.50    19.8 0     2.8 0     9.6 0    21.8 0   257.9 0   277.28 0   277.20 0   321.0 0   277.70 0   277.70 0     1.1 0    10.9 0    19.5 0   -63.1 0   -43.6 0     6.2 0    72.6 0     1.6 0    47.7 0   908.3 0
 2019  20  1 20 15 12 15.200  87.33    20.8 0     2.9 0     9.1 0    22.8 0   258.0 0   277.35 0   277.33 0   321.1 0   277.72 0   277.74 0     1.2 0    11.4 0    20.3 0   -63.1 0   -42.8 0     6.3 0    71.7 0     1.3 0    40.1 0   908.3 0
 2019  20  1 20 15 13 15.217  87.17    21.5 0     3.3 0    10.8 0    23.6 0   258.4 0   277.44 0   277.42 0   321.1 0   277.75 0   277.76 0     1.3 0    11.8 0    20.9 0   -62.7 0   -41.8 0     6.4 0    71.0 0     1.4 0    39.2 0   908.3 0
 2019  20  1 20 15 14 15.233  87.00    22.2 0     3.4 0    13.2 0    24.3 0   258.5 0   277.53 0   277.52 0   321.2 0   277.78 0   277.79 0     1.3 0    12.2 0    21.7 0   -62.7 0   -41.0 0     6.5 0    70.4 0     1.2 0    31.8 0   908.3 0
 2019  20  1 20 15 15 15.250  86.83    22.7 0     3.4 0    14.8 0    25.1 0   258.9 0   277.63 0   277.72 0   321.8 0   277.80 0   277.83 0     1.4 0    12.6 0    22.5 0   -63.0 0   -40.5 0     6.6 0    69.9 0     1.0 0    15.5 0   908.3 0
 2019  20  1 20 15 16 15.267  86.66    23.6 0     3.8 0    16.5 0    25.8 0   258.5 0   277.76 0   277.81 0   322.2 0   277.83 0   277.85 0     1.5 0    13.0 0    23.0 0   -63.8 0   -40.8 0     6.7 0    68.9 0     0.6 0     8.4 0   908.3 0
 2019  20  1 20 15 17 15.283  86.49    25.1 0     4.2 0    27.3 0    26.6 0   258.0 0   277.87 0   277.87 0   322.1 0   277.85 0   277.86 0     1.6 0    13.7 0    24.1 0   -64.2 0   -40.1 0     6.8 0    68.0 0     0.2 0     8.3 0   908.3 0
 2019  20  1 20 15 18 15.300  86.32    27.1 0     4.9 0    46.9 0    27.5 0   256.7 0   277.97 0   277.85 0   322.0 0   277.87 0   277.90 0     1.7 0    14.3 0    25.6 0   -65.3 0   -39.6 0     6.9 0    67.7 0     0.3 0   329.8 0   908.3 0
 2019  20  1 20 15 19 15.317  86.15    28.2 0     5.0 0    46.4 0    28.4 0   256.8 0   278.00 0   277.78 0   322.6 0   277.87 0   277.92 0     1.8 0    14.4 0    26.4 0   -65.8 0   -39.4 0     6.8 0    68.4 0     0.3 0   309.6 0   908.4 0
 2019  20  1 20 15 20 15.333  85.99    28.5 0     5.2 0    31.0 0    29.3 0   255.5 0   278.02 0   277.74 0   321.9 0   277.88 0   277.86 0     1.9 0    14.6 0    26.2 0   -66.5 0   -40.2 0     6.5 0    70.1 0     0.8 0   138.4 0   908.4 0
 2019  20  1 20 15 21 15.350  85.82    29.1 0     5.3 0    24.7 0    30.4 0   255.4 0   278.02 0   277.79 0   322.1 0   277.87 0   277.85 0     2.0 0    15.2 0    26.9 0   -66.7 0   -39.8 0     6.3 0    72.1 0     0.5 0   142.0 0   908.3 0
 2019  20  1 20 15 22 15.367  85.65    29.7 0     5.0 0    17.3 0    31.7 0   256.1 0   278.04 0   277.88 0   322.4 0   277.85 0   277.87 0     2.0 0    15.7 0    28.0 0   -66.4 0   -38.4 0     6.1 0    73.0 0     0.2 0   104.7 0   908.3 0
 2019  20  1 20 15 23 15.383  85.48    31.0 0     5.1 0    12.1 0    33.0 0   255.9 0   278.05 0   277.79 0   322.3 0   277.85 0   277.88 0     2.2 0    16.4 0    28.9 0   -66.5 0   -37.6 0     6.1 0    72.8 0     0.0 0     0.0 0   908.3 0
 2019  20  1 20 15 24 15.400  85.31    32.4 0     5.4 0    10.0 0    34.5 0   256.5 0   278.06 0   277.89 0   322.2 0   277.86 0   277.89 0     2.3 0    17.1 0    29.9 0   -65.7 0   -35.8 0     6.1 0    72.5 0     0.0 0     0.0 0   908.3 0
 2019  20  1 20 15 25 15.417  85.14    34.0 0     5.7 0    12.1 0    36.1 0   256.4 0   278.08 0   277.95 0   322.5 0   277.85 0   277.86 0     2.4 0    17.8 0    31.4 0   -66.1 0   -34.7 0     6.1 0    72.5 0     0.5 0   191.5 0   908.3 0
 2019  20  1 20 15 26 15.433  84.97    36.6 0     6.0 0    25.4 0    37.5 0   255.1 0   278.11 0   277.93 0   323.2 0   277.85 0   277.87 0     2.5 0    18.7 0    33.8 0   -68.1 0   -34.3 0     6.1 0    72.9 0     1.3 0   192.5 0   908.3 0
 2019  20  1 20 15 27 15.450  84.80    42.9 0     7.3 0    86.2 0    38.9 0   255.0 0   278.13 0   277.99 0   323.1 0   277.85 0   277.90 0     2.6 0    21.1 0    39.4 0   -68.2 0   -28.8 0     6.0 0    73.2 0     1.0 0   180.8 0   908.3 0
 2019  20  1 20 15 28 15.467  84.63    46.5 0     8.2 0   118.9 0    39.8 0   255.1 0   278.17 0   278.00 0   323.6 0   277.85 0   277.91 0     2.7 0    22.6 0    42.7 0   -68.6 0   -25.8 0     6.0 0    73.2 0     0.2 0   172.8 0   908.3 0
 2019  20  1 20 15 29 15.483  84.46    47.3 0     8.4 0   118.7 0    40.5 0   255.0 0   278.20 0   278.02 0   323.8 0   277.85 0   277.91 0     2.9 0    23.1 0    43.6 0   -68.8 0   -25.1 0     6.1 0    72.2 0     0.5 0   171.0 0   908.3 0
 2019  20  1 20 15 30 15.500  84.29    49.0 0     8.6 0   126.3 0    41.3 0   254.4 0   278.23 0   278.05 0   324.1 0   277.86 0   277.92 0     3.0 0    23.8 0    45.2 0   -69.7 0   -24.4 0     6.1 0    71.6 0     1.6 0   180.8 0   908.4 0
 2019  20  1 20 15 31 15.517  84.12    48.0 0     8.3 0   104.4 0    41.9 0   253.0 0   278.26 0   278.04 0   323.9 0   277.88 0   277.91 0     3.1 0    23.6 0    44.3 0   -70.9 0   -26.5 0     5.9 0    72.7 0     2.1 0   183.9 0   908.4 0
 2019  20  1 20 15 32 15.533  83.95    46.0 0     7.6 0    69.3 0    42.8 0   252.5 0   278.29 0   278.00 0   324.1 0   277.88 0   277.93 0     3.3 0    23.0 0    42.5 0   -71.6 0   -29.1 0     5.8 0    72.9 0     2.0 0   149.6 0   908.4 0
 2019  20  1 20 15 33 15.550  83.78    47.5 0     7.8 0    69.7 0    43.9 0   252.7 0   278.28 0   277.98 0   323.9 0   277.89 0   277.94 0     3.4 0    24.0 0    43.6 0   -71.3 0   -27.6 0     5.8 0    72.1 0     1.1 0   135.9 0   908.3 0
 2019  20  1 20 15 34 15.567  83.61    49.6 0     8.4 0    76.4 0    45.1 0   252.4 0   278.26 0   277.97 0   324.0 0   277.90 0   277.92 0     3.6 0    24.9 0    45.2 0   -71.7 0   -26.5 0     5.8 0    72.2 0     1.4 0   120.6 0   908.3 0
 2019  20  1 20 15 35 15.583  83.44    50.1 0     8.2 0    67.7 0    46.4 0   252.3 0   278.24 0   277.98 0   324.4 0   277.90 0   277.94 0     3.7 0    25.4 0    45.9 0   -72.0 0   -26.2 0     5.8 0    72.2 0     1.7 0    87.6 0   908.3 0
 2019  20  1 20 15 36 15.600  83.27    54.3 0     9.1 0    92.0 0    47.9 0   252.4 0   278.24 0   278.01 0   324.1 0   277.90 0   277.95 0     3.9 0    27.3 0    49.5 0   -71.7 0   -22.2 0     5.8 0    72.0 0     1.2 0   110.6 0   908.4 0
 2019  20  1 20 15 37 15.617  83.10    56.8 0     9.7 0   100.8 0    49.4 0   253.0 0   278.25 0   278.07 0   324.2 0   277.90 0   277.94 0     4.0 0    28.6 0    51.8 0   -71.2 0   -19.4 0     5.7 0    72.4 0     1.3 0   139.3 0   908.4 0
 2019  20  1 20 15 38 15.633  82.93    57.8 0     9.7 0    94.8 0    50.8 0   253.0 0   278.28 0   278.12 0   324.5 0   277.90 0   277.93 0     4.2 0    29.0 0    52.8 0   -71.5 0   -18.7 0     5.7 0    73.1 0     0.6 0   123.9 0   908.4 0
 2019  20  1 20 15 39 15.650  82.77    59.5 0     9.9 0    91.6 0    52.5 0   253.1 0   278.32 0   278.15 0   324.4 0   277.90 0   277.92 0     4.4 0    29.9 0    54.1 0   -71.2 0   -17.2 0     5.6 0    73.3 0     1.6 0    75.0 0   908.3 0
 2019  20  1 20 15 40 15.667  82.60    65.4 0    11.1 0   123.8 0    54.4 0   253.8 0   278.35 0   278.18 0   324.6 0   277.90 0   277.92 0     4.6 0    32.8 0    59.2 0   -70.7 0   -11.5 0     5.5 0    73.8 0     1.6 0    74.6 0   908.3 0
 2019  20  1 20 15 41 15.683  82.43    66.6 0    11.2 0   116.8 0    56.1 0   253.5 0   278.39 0   278.21 0   324.8 0   277.90 0   277.93 0     4.7 0    33.2 0    60.3 0   -71.3 0   -10.9 0     5.5 0    74.2 0     1.6 0    93.0 0   908.3 0
 2019  20  1 20 15 42 15.700  82.26    69.8 0    11.7 0   126.2 0    57.9 0   253.4 0   278.42 0   278.24 0   325.1 0   277.90 0   277.93 0     4.9 0    34.9 0    63.2 0   -71.6 0    -8.4 0     5.5 0    74.3 0     1.2 0   113.1 0   908.3 0
 2019  20  1 20 15 43 15.717  82.09    83.3 0    14.6 0   218.4 0    59.9 0   253.4 0   278.45 0   278.28 0   325.6 0   277.90 0   277.96 0     5.1 0    40.7 0    75.3 0   -72.1 0     3.1 0     5.5 0    74.3 0     1.1 0   112.4 0   908.3 0
 2019  20  1 20 15 44 15.733  81.93    83.1 0    14.5 0   206.1 0    61.0 0   253.5 0   278.49 0   278.32 0   325.8 0   277.90 0   277.97 0     5.3 0    40.8 0    75.4 0   -72.3 0     3.1 0     5.6 0    74.2 0     0.8 0    97.0 0   908.3 0
 2019  20  1 20 15 45 15.750  81.76    82.0 0    14.1 0   185.4 0    62.0 0   253.8 0   278.53 0   278.35 0   326.4 0   277.92 0   277.97 0     5.5 0    40.5 0    74.5 0   -72.7 0     1.9 0     5.7 0    73.7 0     0.6 0    94.1 0   908.2 0
 2019  20  1 20 15 46 15.767  81.59    85.4 0    14.7 0   198.0 0    63.3 0   253.8 0   278.57 0   278.37 0   326.4 0   277.92 0   277.99 0     5.6 0    42.2 0    77.5 0   -72.6 0     4.9 0     5.8 0    73.5 0     0.0 0    83.1 0   908.2 0
 2019  20  1 20 15 47 15.783  81.42    86.5 0    14.9 0   191.5 0    64.9 0   254.1 0   278.59 0   278.40 0   326.6 0   277.94 0   278.00 0     5.8 0    42.8 0    78.6 0   -72.5 0     6.0 0     5.9 0    72.8 0     0.0 0   127.4 0   908.2 0
 2019  20  1 20 15 48 15.800  81.26    93.2 0    16.2 0   221.3 0    67.1 0   254.9 0   278.61 0   278.44 0   327.5 0   277.93 0   278.00 0     6.1 0    45.6 0    84.5 0   -72.6 0    11.9 0     5.9 0    72.7 0     0.8 0   238.5 0   908.2 0
 2019  20  1 20 15 49 15.817  81.09   102.3 0    18.0 0   266.1 0    69.5 0   255.9 0   278.65 0   278.51 0   328.5 0   277.95 0   278.01 0     6.3 0    49.6 0    92.7 0   -72.6 0    20.1 0     5.9 0    73.1 0     0.8 0   205.4 0   908.2 0
 2019  20  1 20 15 50 15.833  80.93   106.2 0    18.6 0   273.1 0    71.8 0   255.6 0   278.69 0   278.56 0   328.8 0   277.95 0   278.05 0     6.5 0    51.3 0    96.3 0   -73.2 0    23.1 0     5.9 0    73.1 0     1.0 0   202.7 0   908.2 0
 2019  20  1 20 15 51 15.850  80.76   116.8 0    20.8 0   326.5 0    74.3 0   256.2 0   278.75 0   278.62 0   329.3 0   277.96 0   278.06 0     6.7 0    55.9 0   105.9 0   -73.1 0    32.8 0     5.9 0    73.2 0     0.6 0   201.7 0   908.2 0
 2019  20  1 20 15 52 15.867  80.59   119.1 0    21.2 0   323.3 0    76.5 0   256.9 0   278.80 0   278.69 0   330.2 0   277.97 0   278.09 0     6.9 0    56.7 0   108.1 0   -73.4 0    34.7 0     5.9 0    73.2 0     0.5 0   268.7 0   908.2 0
 2019  20  1 20 15 53 15.883  80.43   120.8 0    21.3 0   312.7 0    79.0 0   257.4 0   278.86 0   278.76 0   331.3 0   277.99 0   278.15 0     7.2 0    57.5 0   109.6 0   -73.9 0    35.7 0     6.1 0    72.3 0     0.2 0   247.8 0   908.1 0
 2019  20  1 20 15 54 15.900  80.26   134.4 0    24.1 0   376.6 0    82.0 0   257.6 0   278.94 0   278.86 0   331.2 0   278.03 0   278.18 0     7.4 0    63.7 0   121.6 0   -73.6 0    48.0 0     6.2 0    71.1 0     0.4 0   111.8 0   908.1 0
 2019  20  1 20 15 55 15.917  80.10   141.3 0    25.6 0   398.9 0    84.9 0   257.8 0   279.03 0   278.99 0   331.6 0   278.06 0   278.22 0     7.7 0    66.6 0   127.9 0   -73.8 0    54.1 0     6.4 0    70.3 0     0.7 0   124.2 0   908.1 0
 2019  20  1 20 15 56 15.933  79.94   137.6 0    24.6 0   354.4 0    87.2 0   258.2 0   279.13 0   279.08 0   332.2 0   278.09 0   278.26 0     7.9 0    65.0 0   124.6 0   -73.9 0    50.7 0     6.6 0    69.9 0     1.4 0    90.1 0   908.0 0
 2019  20  1 20 15 57 15.950  79.77   136.4 0    24.1 0   325.7 0    89.6 0   259.0 0   279.22 0   279.16 0   332.2 0   278.14 0   278.31 0     8.2 0    64.7 0   123.3 0   -73.3 0    50.0 0     6.6 0    69.4 0     1.5 0    91.6 0   907.9 0
 2019  20  1 20 15 58 15.967  79.61   138.0 0    24.5 0   313.9 0    92.1 0   259.0 0   279.31 0   279.26 0   332.7 0   278.18 0   278.35 0     8.4 0    65.4 0   124.2 0   -73.7 0    50.5 0     6.6 0    70.0 0     1.3 0   108.2 0   908.0 0
 2019  20  1 20 15 59 15.983  79.44   144.0 0    25.5 0   328.4 0    94.8 0   259.3 0   279.40 0   279.37 0   333.4 0   278.23 0   278.44 0     8.6 0    68.0 0   129.5 0   -74.1 0    55.3 0     6.7 0    69.2 0     2.0 0   116.5 0   908.0 0
 2019  20  1 20 16  0 16.000  79.28   156.2 0    28.2 0   380.7 0    97.6 0   259.5 0   279.49 0   279.45 0   333.9 0   278.29 0   278.51 0     8.9 0    73.4 0   140.2 0   -74.4 0    65.9 0     6.8 0    68.9 0     1.8 0   102.2 0   908.0 0
 2019  20  1 20 16  1 16.017  79.12   166.4 0    30.5 0   421.2 0   100.1 0   259.3 0   279.58 0   279.48 0   333.5 0   278.34 0   278.53 0     9.1 0    77.7 0   149.2 0   -74.2 0    75.0 0     6.7 0    70.5 0     2.2 0    44.6 0   908.0 0
 2019  20  1 20 16  2 16.033  78.96   166.9 0    30.7 0   406.4 0   102.0 0   259.2 0   279.67 0   279.51 0   333.2 0   278.39 0   278.55 0     9.4 0    78.2 0   149.2 0   -74.0 0    75.2 0     6.5 0    71.7 0     3.5 0    23.2 0   908.0 0
 2019  20  1 20 16  3 16.050  78.79   173.1 0    32.3 0   424.7 0   104.1 0   259.8 0   279.73 0   279.55 0   333.3 0   278.43 0   278.57 0     9.6 0    81.4 0   154.3 0   -73.5 0    80.8 0     6.3 0    73.9 0     3.3 0    29.7 0   908.0 0
 2019  20  1 20 16  4 16.067  78.63   192.6 0    36.5 0   518.0 0   106.5 0   259.5 0   279.79 0   279.62 0   334.3 0   278.47 0   278.63 0     9.9 0    89.6 0   172.2 0   -74.8 0    97.4 0     6.2 0    75.2 0     2.1 0    29.7 0   908.1 0
 2019  20  1 20 16  5 16.083  78.47   195.3 0    37.0 0   518.3 0   108.1 0   259.3 0   279.86 0   279.71 0   334.7 0   278.51 0   278.67 0    10.1 0    90.4 0   174.7 0   -75.4 0    99.3 0     6.2 0    74.9 0     1.8 0    13.0 0   908.2 0
 2019  20  1 20 16  6 16.100  78.31   181.0 0    33.6 0   427.3 0   108.9 0   259.6 0   279.93 0   279.76 0   335.3 0   278.54 0   278.69 0    10.3 0    84.8 0   161.8 0   -75.7 0    86.2 0     6.2 0    75.6 0     2.1 0    13.8 0   908.2 0
 2019  20  1 20 16  7 16.117  78.15   197.1 0    37.3 0   500.5 0   110.2 0   259.8 0   279.99 0   279.81 0   335.3 0   278.58 0   278.75 0    10.5 0    91.6 0   175.7 0   -75.5 0   100.3 0     6.2 0    75.2 0     2.7 0    12.3 0   908.1 0
 2019  20  1 20 16  8 16.133  77.99   202.3 0    38.5 0   519.2 0   110.9 0   260.0 0   280.05 0   279.87 0   335.8 0   278.63 0   278.81 0    10.7 0    93.5 0   180.4 0   -75.8 0   104.6 0     6.3 0    74.5 0     3.0 0    10.8 0   908.0 0
 2019  20  1 20 16  9 16.150  77.83   193.5 0    36.6 0   465.8 0   110.8 0   259.6 0   280.12 0   279.95 0   336.3 0   278.67 0   278.86 0    10.9 0    89.8 0   172.4 0   -76.7 0    95.8 0     6.3 0    74.3 0     2.0 0    21.1 0   908.1 0
 2019  20  1 20 16 10 16.167  77.67   182.1 0    34.0 0   398.3 0   110.6 0   259.7 0   280.18 0   280.04 0   337.1 0   278.72 0   278.90 0    11.1 0    85.0 0   161.6 0   -77.3 0    84.3 0     6.4 0    74.7 0     1.3 0     9.0 0   908.1 0
 2019  20  1 20 16 11 16.183  77.51   179.6 0    33.6 0   374.6 0   111.1 0   259.5 0   280.23 0   280.08 0   337.5 0   278.76 0   278.94 0    11.3 0    84.4 0   158.6 0   -78.0 0    80.6 0     6.5 0    73.8 0     1.4 0     4.2 0   908.1 0
 2019  20  1 20 16 12 16.200  77.35   195.3 0    37.0 0   443.0 0   112.1 0   259.7 0   280.27 0   280.15 0   338.5 0   278.79 0   278.99 0    11.5 0    90.6 0   172.2 0   -78.8 0    93.4 0     6.6 0    73.4 0     1.3 0   356.9 0   908.1 0
 2019  20  1 20 16 13 16.217  77.19   192.8 0    36.4 0   420.1 0   112.8 0   259.8 0   280.34 0   280.21 0   338.6 0   278.84 0   279.04 0    11.8 0    89.9 0   169.6 0   -78.8 0    90.8 0     6.7 0    73.0 0     1.6 0     4.4 0   908.1 0
 2019  20  1 20 16 14 16.233  77.03   201.9 0    38.5 0   455.1 0   113.6 0   259.3 0   280.41 0   280.27 0   338.7 0   278.89 0   279.10 0    12.1 0    93.8 0   177.2 0   -79.3 0    97.9 0     6.7 0    72.6 0     1.3 0    17.1 0   908.2 0
 2019  20  1 20 16 15 16.250  76.87   205.1 0    39.2 0   464.3 0   113.9 0   259.3 0   280.47 0   280.36 0   339.3 0   278.94 0   279.15 0    12.3 0    95.2 0   180.2 0   -80.0 0   100.2 0     6.8 0    71.3 0     1.7 0    18.5 0   908.2 0
 2019  20  1 20 16 16 16.267  76.71   198.4 0    37.7 0   427.9 0   113.6 0   259.1 0   280.54 0   280.42 0   339.5 0   278.99 0   279.20 0    12.5 0    92.3 0   174.2 0   -80.4 0    93.8 0     6.9 0    70.5 0     1.5 0    12.0 0   908.2 0
 2019  20  1 20 16 17 16.283  76.56   188.5 0    35.6 0   375.9 0   113.3 0   259.9 0   280.59 0   280.47 0   340.4 0   279.03 0   279.26 0    12.7 0    87.8 0   165.1 0   -80.4 0    84.6 0     7.0 0    70.3 0     1.9 0   356.1 0   908.2 0
 2019  20  1 20 16 18 16.300  76.40   182.2 0    34.2 0   340.2 0   113.3 0   260.3 0   280.64 0   280.52 0   341.3 0   279.07 0   279.31 0    13.0 0    84.6 0   159.1 0   -81.1 0    78.0 0     7.0 0    70.5 0     2.1 0   348.2 0   908.2 0
 2019  20  1 20 16 19 16.317  76.24   176.4 0    33.0 0   307.2 0   113.9 0   260.5 0   280.68 0   280.55 0   341.8 0   279.12 0   279.36 0    13.2 0    82.2 0   153.9 0   -81.3 0    72.6 0     7.0 0    71.2 0     2.3 0   341.4 0   908.2 0
 2019  20  1 20 16 20 16.333  76.09   191.7 0    36.4 0   367.0 0   115.0 0   261.0 0   280.72 0   280.57 0   342.1 0   279.17 0   279.40 0    13.6 0    89.0 0   166.8 0   -81.1 0    85.7 0     6.9 0    71.2 0     2.7 0   353.2 0   908.2 0
 2019  20  1 20 16 21 16.350  75.93   186.2 0    35.3 0   333.1 0   115.8 0   260.3 0   280.75 0   280.60 0   342.0 0   279.22 0   279.43 0    13.8 0    86.6 0   161.5 0   -81.8 0    79.7 0     6.9 0    72.5 0     2.6 0   356.6 0   908.2 0
 2019  20  1 20 16 22 16.367  75.78   196.6 0    37.7 0   365.1 0   117.8 0   260.6 0   280.79 0   280.61 0   341.9 0   279.27 0   279.47 0    14.2 0    91.3 0   169.9 0   -81.2 0    88.6 0     6.8 0    73.8 0     1.9 0     1.8 0   908.2 0
 2019  20  1 20 16 23 16.383  75.62   203.3 0    38.9 0   380.6 0   120.1 0   259.9 0   280.84 0   280.64 0   341.4 0   279.31 0   279.50 0    14.6 0    94.7 0   175.8 0   -81.4 0    94.3 0     6.8 0    74.0 0     1.3 0     7.2 0   908.2 0
 2019  20  1 20 16 24 16.400  75.47   204.3 0    39.0 0   370.8 0   122.4 0   260.5 0   280.86 0   280.69 0   342.3 0   279.35 0   279.55 0    14.9 0    94.8 0   176.5 0   -81.8 0    94.7 0     6.9 0    74.0 0     0.9 0     2.2 0   908.2 0
 2019  20  1 20 16 25 16.417  75.31   212.0 0    40.5 0   388.4 0   124.9 0   261.4 0   280.87 0   280.71 0   343.4 0   279.38 0   279.58 0    15.3 0    98.3 0   182.9 0   -82.0 0   100.9 0     7.0 0    73.6 0     1.1 0   352.3 0   908.2 0
 2019  20  1 20 16 26 16.433  75.16   228.9 0    44.1 0   444.2 0   127.5 0   261.6 0   280.90 0   280.70 0   343.5 0   279.41 0   279.63 0    15.7 0   105.5 0   197.2 0   -81.9 0   115.2 0     6.9 0    72.4 0     1.4 0     4.3 0   908.2 0
 2019  20  1 20 16 27 16.450  75.00   228.1 0    43.8 0   428.9 0   129.5 0   261.2 0   280.93 0   280.74 0   343.2 0   279.46 0   279.66 0    16.0 0   105.3 0   196.6 0   -82.0 0   114.6 0     6.9 0    72.4 0     1.2 0    22.9 0   908.2 0
 2019  20  1 20 16 28 16.467  74.85   225.9 0    43.3 0   406.5 0   131.6 0   261.7 0   280.96 0   280.78 0   343.4 0   279.50 0   279.70 0    16.4 0   104.6 0   194.6 0   -81.7 0   112.9 0     7.0 0    72.1 0     1.0 0    27.9 0   908.2 0
 2019  20  1 20 16 29 16.483  74.70   237.1 0    45.4 0   433.8 0   135.0 0   262.7 0   280.99 0   280.84 0   344.1 0   279.54 0   279.75 0    16.8 0   109.4 0   204.1 0   -81.4 0   122.7 0     7.1 0    71.7 0     0.7 0    47.5 0   908.2 0
 2019  20  1 20 16 30 16.500  74.54   239.4 0    45.6 0   423.3 0   138.5 0   263.9 0   281.02 0   280.90 0   344.8 0   279.58 0   279.81 0    17.3 0   110.1 0   205.7 0   -81.0 0   124.8 0     7.3 0    71.4 0     0.5 0    43.3 0   908.2 0
 2019  20  1 20 16 31 16.517  74.39   235.1 0    44.4 0   386.1 0   142.2 0   264.8 0   281.07 0   280.98 0   345.4 0   279.62 0   279.85 0    17.7 0   108.4 0   201.7 0   -80.7 0   121.1 0     7.4 0    70.6 0     0.6 0    35.6 0   908.2 0
 2019  20  1 20 16 32 16.533  74.24   235.5 0    44.3 0   371.1 0   145.5 0   265.5 0   281.12 0   281.07 0   346.1 0   279.67 0   279.92 0    18.0 0   108.4 0   202.0 0   -80.6 0   121.4 0     7.6 0    70.4 0     0.9 0    70.6 0   908.1 0
 2019  20  1 20 16 33 16.550  74.09   240.8 0    45.3 0   378.7 0   147.8 0   265.6 0   281.18 0   281.13 0   346.3 0   279.72 0   279.98 0    18.3 0   110.8 0   206.2 0   -80.8 0   125.5 0     7.6 0    69.5 0     1.5 0    64.2 0   908.0 0
 2019  20  1 20 16 34 16.567  73.94   236.8 0    44.5 0   356.6 0   148.2 0   265.9 0   281.24 0   281.18 0   346.7 0   279.78 0   280.05 0    18.5 0   108.6 0   202.3 0   -80.7 0   121.6 0     7.7 0    69.3 0     1.8 0    61.7 0   907.9 0
 2019  20  1 20 16 35 16.583  73.79   222.6 0    41.6 0   304.2 0   147.0 0   265.1 0   281.30 0   281.27 0   346.7 0   279.84 0   280.10 0    18.5 0   102.5 0   190.4 0   -81.6 0   108.7 0     7.7 0    68.5 0     1.8 0    56.7 0   907.9 0
 2019  20  1 20 16 36 16.600  73.64   231.7 0    43.8 0   344.1 0   145.1 0   264.3 0   281.36 0   281.33 0   346.8 0   279.90 0   280.15 0    18.8 0   106.6 0   198.2 0   -82.5 0   115.8 0     7.7 0    66.6 0     1.5 0    60.3 0   907.9 0
 2019  20  1 20 16 37 16.617  73.49   236.7 0    45.1 0   373.2 0   141.9 0   263.2 0   281.42 0   281.38 0   347.3 0   279.96 0   280.21 0    18.9 0   108.8 0   202.9 0   -84.1 0   118.8 0     7.8 0    65.8 0     1.2 0    56.0 0   907.9 0
 2019  20  1 20 16 38 16.633  73.34   240.1 0    46.2 0   396.7 0   137.9 0   262.5 0   281.48 0   281.44 0   347.7 0   280.01 0   280.27 0    19.1 0   110.5 0   205.4 0   -85.2 0   120.2 0     7.9 0    65.7 0     1.3 0    40.4 0   907.9 0
 2019  20  1 20 16 39 16.650  73.19   247.5 0    48.0 0   434.2 0   134.1 0   261.8 0   281.55 0   281.51 0   348.1 0   280.07 0   280.34 0    19.4 0   113.6 0   211.6 0   -86.3 0   125.3 0     8.0 0    65.1 0     1.6 0    52.9 0   907.9 0
 2019  20  1 20 16 40 16.667  73.04   242.1 0    47.1 0   424.2 0   130.8 0   261.2 0   281.63 0   281.55 0   348.4 0   280.13 0   280.41 0    19.7 0   111.6 0   207.4 0   -87.2 0   120.2 0     8.0 0    65.1 0     2.0 0    66.4 0   908.0 0
 2019  20  1 20 16 41 16.683  72.89   250.6 0    48.9 0   459.8 0   128.7 0   261.3 0   281.70 0   281.63 0   348.6 0   280.19 0   280.48 0    20.2 0   115.4 0   215.0 0   -87.3 0   127.7 0     8.1 0    63.8 0     2.3 0    61.7 0   908.0 0
 2019  20  1 20 16 42 16.700  72.75   248.8 0    48.7 0   453.0 0   127.5 0   260.8 0   281.78 0   281.71 0   348.9 0   280.26 0   280.54 0    20.6 0   114.8 0   213.2 0   -88.1 0   125.1 0     8.1 0    64.6 0     1.7 0    59.6 0   908.0 0
 2019  20  1 20 16 43 16.717  72.60   261.9 0    51.7 0   495.7 0   127.6 0   261.0 0   281.85 0   281.78 0   349.5 0   280.33 0   280.62 0    21.2 0   121.0 0   224.2 0   -88.5 0   135.7 0     8.2 0    64.0 0     2.0 0    65.8 0   908.0 0
 2019  20  1 20 16 44 16.733  72.45   278.1 0    55.1 0   547.3 0   128.2 0   260.9 0   281.94 0   281.86 0   350.3 0   280.39 0   280.71 0    21.8 0   127.7 0   238.1 0   -89.5 0   148.6 0     8.3 0    64.0 0     1.6 0    61.5 0   908.0 0
 2019  20  1 20 16 45 16.750  72.31   280.2 0    55.4 0   549.1 0   128.7 0   260.7 0   282.02 0   281.92 0   351.1 0   280.46 0   280.79 0    22.2 0   128.8 0   240.1 0   -90.4 0   149.7 0     8.4 0    64.2 0     1.2 0    45.7 0   908.0 0
 2019  20  1 20 16 46 16.767  72.16   289.5 0    57.4 0   573.6 0   129.5 0   261.1 0   282.10 0   282.00 0   351.4 0   280.53 0   280.85 0    22.7 0   132.8 0   247.8 0   -90.3 0   157.5 0     8.5 0    62.4 0     1.7 0    48.2 0   908.1 0
 2019  20  1 20 16 47 16.783  72.02   288.7 0    57.3 0   562.3 0   130.3 0   261.3 0   282.18 0   282.09 0   352.0 0   280.59 0   280.92 0    23.1 0   132.5 0   246.6 0   -90.7 0   155.9 0     8.5 0    62.3 0     1.4 0    50.8 0   908.1 0
 2019  20  1 20 16 48 16.800  71.87   293.8 0    58.4 0   570.4 0   131.7 0   261.9 0   282.26 0   282.17 0   352.7 0   280.66 0   280.99 0    23.5 0   134.7 0   250.8 0   -90.8 0   160.0 0     8.6 0    62.2 0     1.3 0    58.4 0   908.1 0
 2019  20  1 20 16 49 16.817  71.73   296.0 0    58.9 0   568.6 0   133.2 0   262.2 0   282.34 0   282.26 0   353.6 0   280.73 0   281.06 0    23.8 0   135.6 0   252.6 0   -91.4 0   161.2 0     8.6 0    62.5 0     1.6 0    79.7 0   908.1 0
 2019  20  1 20 16 50 16.833  71.58   284.3 0    56.3 0   520.1 0   134.3 0   262.6 0   282.42 0   282.33 0   354.0 0   280.79 0   281.12 0    23.9 0   130.4 0   242.3 0   -91.3 0   151.0 0     8.7 0    62.6 0     1.3 0    87.9 0   908.2 0
 2019  20  1 20 16 51 16.850  71.44   280.3 0    55.5 0   497.0 0   135.6 0   262.9 0   282.49 0   282.39 0   354.5 0   280.85 0   281.18 0    24.2 0   128.7 0   238.3 0   -91.6 0   146.7 0     8.8 0    62.6 0     1.1 0    97.3 0   908.2 0
 2019  20  1 20 16 52 16.867  71.30   285.3 0    56.5 0   503.7 0   137.1 0   263.1 0   282.56 0   282.45 0   355.1 0   280.92 0   281.25 0    24.5 0   130.9 0   242.1 0   -92.0 0   150.1 0     8.9 0    62.8 0     1.0 0    87.5 0   908.2 0
 2019  20  1 20 16 53 16.883  71.16   282.2 0    55.7 0   484.9 0   138.6 0   263.0 0   282.62 0   282.51 0   355.2 0   280.99 0   281.32 0    24.8 0   129.3 0   239.5 0   -92.2 0   147.3 0     9.0 0    61.9 0     1.2 0    78.9 0   908.2 0
 2019  20  1 20 16 54 16.900  71.01   282.9 0    55.8 0   477.7 0   140.2 0   263.7 0   282.68 0   282.56 0   355.4 0   281.05 0   281.38 0    25.2 0   129.9 0   239.8 0   -91.8 0   148.1 0     9.0 0    61.8 0     1.1 0    49.9 0   908.1 0
 2019  20  1 20 16 55 16.917  70.87   287.6 0    56.8 0   482.0 0   142.2 0   263.6 0   282.72 0   282.62 0   355.8 0   281.12 0   281.43 0    25.6 0   132.0 0   243.3 0   -92.2 0   151.2 0     9.1 0    61.1 0     1.0 0    40.6 0   908.1 0
 2019  20  1 20 16 56 16.933  70.73   291.6 0    57.5 0   483.4 0   144.6 0   263.7 0   282.77 0   282.68 0   356.3 0   281.18 0   281.50 0    26.1 0   133.6 0   246.6 0   -92.5 0   154.0 0     9.1 0    60.6 0     0.9 0    43.2 0   908.1 0
 2019  20  1 20 16 57 16.950  70.59   300.7 0    59.3 0   500.1 0   147.4 0   264.1 0   282.83 0   282.75 0   357.0 0   281.24 0   281.55 0    26.7 0   137.5 0   254.2 0   -92.9 0   161.3 0     9.3 0    60.9 0     0.1 0    37.3 0   908.1 0
 2019  20  1 20 16 58 16.967  70.45   297.7 0    58.5 0   477.8 0   150.1 0   265.0 0   282.89 0   282.85 0   357.7 0   281.30 0   281.60 0    27.0 0   136.2 0   251.5 0   -92.7 0   158.8 0     9.5 0    60.5 0     0.0 0     0.0 0   908.1 0
 2019  20  1 20 16 59 16.983  70.31   301.1 0    59.2 0   475.6 0   152.9 0   265.3 0   282.96 0   282.92 0   358.5 0   281.35 0   281.66 0    27.4 0   137.3 0   253.9 0   -93.2 0   160.7 0     9.7 0    59.8 0     0.0 0   294.0 0   908.1 0
 2019  20  1 20 17  0 17.000  70.17   302.9 0    59.5 0   469.4 0   155.6 0   266.4 0   283.02 0   282.95 0   359.6 0   281.40 0   281.73 0    27.9 0   138.2 0   255.3 0   -93.2 0   162.2 0     9.9 0    59.0 0     0.1 0    52.2 0   908.0 0
 2019  20  1 20 17  1 17.017  70.04   315.3 0    62.0 0   494.2 0   158.7 0   266.1 0   283.08 0   282.97 0   359.3 0   281.47 0   281.79 0    28.4 0   143.8 0   265.4 0   -93.3 0   172.1 0    10.0 0    57.6 0     0.4 0    43.1 0   908.0 0
 2019  20  1 20 17  2 17.033  69.90   325.0 0    63.9 0   511.8 0   161.8 0   266.6 0   283.12 0   283.01 0   360.5 0   281.53 0   281.87 0    29.0 0   147.8 0   273.8 0   -93.9 0   179.9 0    10.0 0    57.0 0     0.7 0   104.4 0   907.9 0
 2019  20  1 20 17  3 17.050  69.76   332.4 0    65.4 0   522.5 0   164.5 0   267.4 0   283.16 0   283.08 0   361.2 0   281.60 0   281.95 0    29.5 0   151.0 0   279.9 0   -93.8 0   186.1 0    10.0 0    57.4 0     0.7 0    94.4 0   907.9 0
 2019  20  1 20 17  4 17.067  69.62   336.2 0    66.2 0   523.3 0   166.6 0   267.8 0   283.21 0   283.13 0   361.0 0   281.67 0   282.03 0    29.9 0   152.5 0   282.6 0   -93.3 0   189.3 0     9.9 0    56.2 0     1.6 0    98.1 0   907.9 0
 2019  20  1 20 17  5 17.083  69.49   335.6 0    66.2 0   513.7 0   168.1 0   267.7 0   283.26 0   283.19 0   361.4 0   281.74 0   282.10 0    30.2 0   152.2 0   281.8 0   -93.7 0   188.2 0     9.8 0    56.0 0     1.2 0    97.1 0   907.9 0
 2019  20  1 20 17  6 17.100  69.35   332.0 0    65.5 0   497.0 0   168.9 0   268.2 0   283.32 0   283.25 0   362.0 0   281.81 0   282.16 0    30.3 0   150.3 0   278.7 0   -93.8 0   184.8 0     9.6 0    57.0 0     1.8 0   126.0 0   907.9 0
 2019  20  1 20 17  7 17.117  69.22   323.1 0    63.7 0   465.8 0   169.3 0   268.1 0   283.37 0   283.32 0   361.9 0   281.87 0   282.22 0    30.3 0   146.7 0   270.9 0   -93.8 0   177.1 0     9.6 0    58.1 0     3.1 0   116.5 0   907.9 0
 2019  20  1 20 17  8 17.133  69.08   325.2 0    64.5 0   467.0 0   169.7 0   267.7 0   283.43 0   283.33 0   361.0 0   281.94 0   282.27 0    30.5 0   147.4 0   271.9 0   -93.3 0   178.7 0     9.4 0    57.1 0     3.2 0   114.8 0   907.9 0
 2019  20  1 20 17  9 17.150  68.95   325.0 0    64.7 0   462.8 0   169.9 0   267.9 0   283.48 0   283.34 0   361.5 0   281.99 0   282.31 0    30.8 0   147.5 0   271.5 0   -93.7 0   177.8 0     9.2 0    58.7 0     2.2 0   119.1 0   907.9 0
 2019  20  1 20 17 10 17.167  68.81   325.6 0    64.8 0   461.8 0   170.0 0   268.0 0   283.52 0   283.40 0   361.9 0   282.04 0   282.36 0    31.1 0   147.4 0   272.1 0   -93.9 0   178.2 0     9.2 0    59.5 0     3.5 0   122.6 0   907.9 0
 2019  20  1 20 17 11 17.183  68.68   303.7 0    60.1 0   396.0 0   169.8 0   267.7 0   283.55 0   283.45 0   361.6 0   282.09 0   282.38 0    31.0 0   138.0 0   253.6 0   -93.9 0   159.8 0     9.1 0    60.3 0     3.4 0   104.3 0   907.8 0
 2019  20  1 20 17 12 17.200  68.55   303.4 0    60.4 0   389.6 0   170.1 0   267.1 0   283.58 0   283.41 0   360.6 0   282.13 0   282.40 0    31.4 0   138.2 0   252.2 0   -93.4 0   158.8 0     9.0 0    58.1 0     3.4 0    86.9 0   907.8 0
 2019  20  1 20 17 13 17.217  68.42   325.5 0    65.2 0   445.1 0   171.9 0   267.4 0   283.60 0   283.39 0   361.5 0   282.16 0   282.44 0    32.2 0   148.0 0   270.5 0   -94.2 0   176.3 0     8.9 0    59.1 0     2.9 0   110.2 0   907.8 0
 2019  20  1 20 17 14 17.233  68.28   340.4 0    68.2 0   480.5 0   173.6 0   268.1 0   283.61 0   283.48 0   362.2 0   282.19 0   282.49 0    32.9 0   154.0 0   283.1 0   -94.1 0   189.0 0     9.0 0    59.3 0     3.1 0   122.0 0   907.8 0
 2019  20  1 20 17 15 17.250  68.15   336.8 0    67.4 0   463.3 0   174.9 0   267.9 0   283.64 0   283.54 0   362.2 0   282.23 0   282.52 0    33.1 0   152.4 0   279.9 0   -94.2 0   185.7 0     9.0 0    57.9 0     4.0 0   119.7 0   907.7 0
 2019  20  1 20 17 16 17.267  68.02   327.9 0    65.7 0   430.9 0   176.3 0   268.2 0   283.68 0   283.53 0   362.0 0   282.25 0   282.53 0    33.1 0   148.4 0   271.8 0   -93.8 0   178.0 0     8.9 0    59.2 0     3.2 0   111.2 0   907.7 0
 2019  20  1 20 17 17 17.283  67.89   312.7 0    62.3 0   381.9 0   177.7 0   267.9 0   283.70 0   283.55 0   362.4 0   282.27 0   282.53 0    33.1 0   141.8 0   259.1 0   -94.4 0   164.7 0     9.0 0    59.7 0     3.5 0   113.7 0   907.8 0
 2019  20  1 20 17 18 17.300  67.76   318.8 0    63.4 0   393.3 0   178.9 0   268.4 0   283.72 0   283.56 0   362.5 0   282.30 0   282.57 0    33.3 0   145.0 0   264.3 0   -94.1 0   170.1 0     9.0 0    59.8 0     3.0 0   120.6 0   907.8 0
 2019  20  1 20 17 19 17.317  67.63   328.0 0    65.4 0   414.9 0   178.7 0   268.6 0   283.73 0   283.64 0   362.9 0   282.32 0   282.61 0    33.5 0   148.3 0   271.2 0   -94.2 0   177.0 0     9.1 0    58.4 0     2.6 0   117.5 0   907.8 0
 2019  20  1 20 17 20 17.333  67.51   297.8 0    58.9 0   335.4 0   176.7 0   268.1 0   283.77 0   283.66 0   363.0 0   282.35 0   282.63 0    33.1 0   134.8 0   246.2 0   -94.9 0   151.3 0     9.1 0    58.3 0     2.6 0   114.7 0   907.8 0
 2019  20  1 20 17 21 17.350  67.38   285.7 0    56.4 0   302.0 0   176.2 0   267.9 0   283.78 0   283.63 0   362.9 0   282.38 0   282.63 0    33.3 0   130.6 0   236.0 0   -94.9 0   141.1 0     9.1 0    58.7 0     2.3 0   119.3 0   907.8 0
 2019  20  1 20 17 22 17.367  67.25   332.7 0    66.4 0   420.4 0   178.8 0   268.4 0   283.78 0   283.66 0   363.1 0   282.40 0   282.65 0    34.9 0   151.2 0   275.0 0   -94.6 0   180.3 0     9.1 0    58.5 0     3.9 0   128.6 0   907.8 0
 2019  20  1 20 17 23 17.383  67.13   328.7 0    65.5 0   400.2 0   181.0 0   269.0 0   283.81 0   283.75 0   363.6 0   282.42 0   282.70 0    35.4 0   149.1 0   271.1 0   -94.6 0   176.5 0     9.2 0    59.2 0     3.6 0   108.0 0   907.8 0
 2019  20  1 20 17 24 17.400  67.00   361.2 0    72.5 0   476.0 0   184.6 0   268.6 0   283.84 0   283.74 0   363.8 0   282.44 0   282.72 0    36.7 0   163.9 0   298.0 0   -95.2 0   202.8 0     9.2 0    59.0 0     3.9 0    98.5 0   907.8 0
 2019  20  1 20 17 25 17.417  66.87   376.6 0    75.5 0   503.6 0   188.8 0   269.3 0   283.88 0   283.78 0   365.2 0   282.47 0   282.79 0    37.6 0   169.3 0   311.1 0   -95.9 0   215.2 0     9.2 0    59.8 0     2.6 0   100.6 0   907.7 0
 2019  20  1 20 17 26 17.433  66.75   353.6 0    70.3 0   428.0 0   193.6 0   270.6 0   283.92 0   283.85 0   365.8 0   282.52 0   282.84 0    38.0 0   160.6 0   292.2 0   -95.1 0   197.0 0     9.4 0    59.3 0     3.3 0   109.3 0   907.7 0
 2019  20  1 20 17 27 17.450  66.63   396.2 0    79.3 0   520.0 0   200.0 0   271.2 0   283.95 0   283.91 0   366.4 0   282.55 0   282.90 0    39.6 0   178.1 0   327.0 0   -95.2 0   231.8 0     9.4 0    57.8 0     3.7 0   125.9 0   907.7 0
 2019  20  1 20 17 28 17.467  66.50   376.8 0    75.2 0   456.1 0   204.1 0   272.2 0   284.00 0   283.99 0   367.0 0   282.59 0   282.93 0    39.4 0   169.4 0   310.8 0   -94.8 0   216.0 0     9.5 0    58.9 0     3.7 0   117.8 0   907.7 0
 2019  20  1 20 17 29 17.483  66.38   363.4 0    72.4 0   412.5 0   206.8 0   271.8 0   284.06 0   284.02 0   366.8 0   282.63 0   282.97 0    39.2 0   163.8 0   299.7 0   -95.0 0   204.7 0     9.5 0    57.9 0     4.0 0   105.9 0   907.7 0
 2019  20  1 20 17 30 17.500  66.26   360.9 0    72.0 0   398.7 0   209.0 0   271.9 0   284.09 0   284.02 0   367.0 0   282.67 0   282.98 0    39.2 0   162.6 0   297.6 0   -95.1 0   202.5 0     9.4 0    58.3 0     3.2 0   112.9 0   907.7 0
 2019  20  1 20 17 31 17.517  66.13   334.2 0    66.1 0   324.9 0   209.7 0   272.3 0   284.12 0   284.06 0   367.0 0   282.70 0   282.99 0    38.5 0   150.5 0   275.1 0   -94.7 0   180.4 0     9.4 0    58.5 0     4.0 0   106.9 0   907.6 0
 2019  20  1 20 17 32 17.533  66.01   319.7 0    63.3 0   283.9 0   210.2 0   272.1 0   284.13 0   284.04 0   366.3 0   282.72 0   282.98 0    38.5 0   145.4 0   262.4 0   -94.2 0   168.2 0     9.3 0    58.3 0     3.9 0   110.9 0   907.6 0
 2019  20  1 20 17 33 17.550  65.89   351.6 0    70.1 0   357.9 0   212.0 0   272.5 0   284.13 0   284.09 0   366.7 0   282.73 0   283.01 0    39.8 0   159.5 0   288.0 0   -94.2 0   193.8 0     9.3 0    58.5 0     4.3 0   112.9 0   907.6 0
 2019  20  1 20 17 34 17.567  65.77   409.5 0    82.3 0   502.2 0   213.3 0   272.4 0   284.17 0   284.12 0   367.3 0   282.75 0   283.06 0    41.6 0   183.4 0   337.1 0   -94.9 0   242.2 0     9.3 0    57.4 0     5.3 0   105.2 0   907.6 0
 2019  20  1 20 17 35 17.583  65.65   393.1 0    79.0 0   460.5 0   212.5 0   272.3 0   284.19 0   284.13 0   368.2 0   282.78 0   283.10 0    41.4 0   177.0 0   323.4 0   -95.9 0   227.5 0     9.3 0    58.9 0     3.7 0   115.3 0   907.6 0
 2019  20  1 20 17 36 17.600  65.54   355.1 0    70.6 0   363.0 0   212.1 0   272.9 0   284.23 0   284.20 0   368.5 0   282.80 0   283.12 0    40.3 0   159.3 0   291.9 0   -95.7 0   196.2 0     9.4 0    58.1 0     4.2 0   102.0 0   907.6 0
 2019  20  1 20 17 37 17.617  65.42   360.8 0    72.1 0   372.7 0   213.5 0   272.4 0   284.26 0   284.18 0   368.2 0   282.83 0   283.12 0    40.8 0   163.5 0   296.4 0   -95.8 0   200.7 0     9.4 0    58.3 0     4.0 0    97.5 0   907.6 0
 2019  20  1 20 17 38 17.633  65.30   372.8 0    74.3 0   394.9 0   215.7 0   272.7 0   284.28 0   284.20 0   369.0 0   282.84 0   283.17 0    41.5 0   167.8 0   306.5 0   -96.2 0   210.3 0     9.4 0    58.7 0     3.3 0    99.5 0   907.7 0
 2019  20  1 20 17 39 17.650  65.18   345.1 0    68.5 0   322.3 0   216.7 0   273.2 0   284.29 0   284.23 0   368.8 0   282.88 0   283.18 0    40.8 0   155.8 0   283.6 0   -95.6 0   187.9 0     9.5 0    58.1 0     4.1 0   104.8 0   907.6 0
 2019  20  1 20 17 40 17.667  65.07   348.2 0    69.3 0   321.3 0   219.2 0   274.1 0   284.31 0   284.31 0   368.4 0   282.90 0   283.18 0    41.1 0   157.4 0   285.3 0   -94.3 0   191.0 0     9.5 0    57.7 0     5.0 0   105.9 0   907.7 0
 2019  20  1 20 17 41 17.683  64.95   334.0 0    66.0 0   276.3 0   222.7 0   273.9 0   284.34 0   284.29 0   367.7 0   282.91 0   283.18 0    41.1 0   150.6 0   273.6 0   -93.9 0   179.7 0     9.4 0    57.4 0     4.4 0    94.2 0   907.7 0
 2019  20  1 20 17 42 17.700  64.84   380.1 0    76.6 0   373.1 0   228.4 0   274.6 0   284.34 0   284.26 0   368.9 0   282.91 0   283.22 0    43.1 0   172.7 0   310.4 0   -94.3 0   216.1 0     9.3 0    58.1 0     3.3 0   108.1 0   907.7 0
 2019  20  1 20 17 43 17.717  64.72   407.2 0    81.4 0   423.9 0   234.5 0   276.0 0   284.34 0   284.33 0   370.8 0   282.94 0   283.28 0    44.5 0   183.2 0   334.1 0   -94.8 0   239.3 0     9.4 0    58.7 0     2.1 0   121.2 0   907.7 0
 2019  20  1 20 17 44 17.733  64.61   410.4 0    81.3 0   413.0 0   240.9 0   276.9 0   284.37 0   284.38 0   371.7 0   282.98 0   283.36 0    45.1 0   184.0 0   336.6 0   -94.8 0   241.9 0     9.7 0    57.9 0     3.2 0    87.4 0   907.6 0
 2019  20  1 20 17 45 17.750  64.50   401.0 0    79.2 0   374.8 0   246.3 0   278.0 0   284.40 0   284.40 0   372.3 0   283.02 0   283.38 0    45.2 0   179.7 0   328.5 0   -94.3 0   234.2 0     9.7 0    58.0 0     3.9 0   104.5 0   907.6 0
 2019  20  1 20 17 46 17.767  64.38   405.5 0    80.9 0   378.5 0   249.5 0   279.1 0   284.42 0   284.50 0   372.2 0   283.05 0   283.39 0    45.6 0   182.5 0   332.3 0   -93.1 0   239.2 0     9.7 0    56.2 0     3.5 0   141.4 0   907.6 0
 2019  20  1 20 17 47 17.783  64.27   393.8 0    78.0 0   348.1 0   249.8 0   278.1 0   284.46 0   284.51 0   373.6 0   283.09 0   283.44 0    45.3 0   176.3 0   322.8 0   -95.5 0   227.4 0     9.8 0    57.7 0     3.4 0   107.8 0   907.6 0
 2019  20  1 20 17 48 17.800  64.16   361.5 0    71.1 0   274.6 0   248.0 0   277.7 0   284.49 0   284.49 0   373.0 0   283.13 0   283.47 0    44.5 0   162.6 0   296.6 0   -95.3 0   201.4 0     9.9 0    56.6 0     3.2 0   108.1 0   907.6 0
 2019  20  1 20 17 49 17.817  64.05   399.4 0    79.3 0   363.6 0   247.6 0   277.9 0   284.50 0   284.49 0   373.4 0   283.17 0   283.49 0    45.9 0   179.4 0   327.4 0   -95.5 0   231.8 0     9.8 0    57.0 0     3.8 0   112.0 0   907.6 0
 2019  20  1 20 17 50 17.833  63.94   362.0 0    71.2 0   283.5 0   243.8 0   277.5 0   284.52 0   284.55 0   373.6 0   283.21 0   283.53 0    44.6 0   162.0 0   297.1 0   -96.1 0   201.0 0     9.9 0    57.7 0     3.5 0   100.8 0   907.6 0
 2019  20  1 20 17 51 17.850  63.83   344.6 0    68.1 0   253.4 0   239.2 0   277.0 0   284.54 0   284.52 0   372.2 0   283.23 0   283.52 0    44.1 0   155.9 0   282.9 0   -95.2 0   187.7 0     9.9 0    55.5 0     4.6 0   118.5 0   907.6 0
 2019  20  1 20 17 52 17.867  63.73   365.4 0    72.7 0   308.7 0   235.9 0   276.2 0   284.54 0   284.52 0   372.1 0   283.25 0   283.52 0    44.8 0   164.2 0   299.8 0   -95.9 0   204.0 0     9.7 0    55.9 0     4.6 0   125.2 0   907.6 0
 2019  20  1 20 17 53 17.883  63.62   345.7 0    68.9 0   272.8 0   230.9 0   276.2 0   284.54 0   284.56 0   371.8 0   283.24 0   283.51 0    44.2 0   155.4 0   283.2 0   -95.6 0   187.6 0     9.6 0    56.4 0     4.5 0   127.0 0   907.6 0
 2019  20  1 20 17 54 17.900  63.51   328.0 0    65.2 0   239.9 0   227.0 0   275.9 0   284.55 0   284.58 0   371.7 0   283.23 0   283.50 0    43.8 0   148.5 0   268.8 0   -95.9 0   172.9 0     9.6 0    57.3 0     3.9 0   128.9 0   907.6 0
 2019  20  1 20 17 55 17.917  63.40   340.5 0    67.5 0   265.8 0   227.3 0   276.0 0   284.57 0   284.60 0   372.4 0   283.25 0   283.55 0    44.6 0   153.4 0   278.7 0   -96.4 0   182.4 0     9.7 0    57.8 0     3.4 0   121.1 0   907.6 0
 2019  20  1 20 17 56 17.933  63.30   363.7 0    72.4 0   305.6 0   231.7 0   276.2 0   284.59 0   284.61 0   372.7 0   283.28 0   283.56 0    46.3 0   164.1 0   296.7 0   -96.4 0   200.3 0     9.8 0    56.6 0     3.8 0   121.1 0   907.7 0
 2019  20  1 20 17 57 17.950  63.19   370.2 0    73.6 0   307.6 0   236.1 0   276.5 0   284.61 0   284.63 0   373.6 0   283.29 0   283.60 0    47.0 0   166.9 0   301.2 0   -97.1 0   204.1 0     9.8 0    57.0 0     3.1 0   133.4 0   907.7 0
 2019  20  1 20 17 58 17.967  63.09   368.3 0    72.8 0   297.5 0   238.3 0   276.1 0   284.63 0   284.62 0   374.1 0   283.33 0   283.64 0    46.9 0   165.3 0   300.2 0   -98.0 0   202.2 0     9.9 0    56.2 0     3.2 0   109.5 0   907.6 0
 2019  20  1 20 17 59 17.983  62.99   383.3 0    75.8 0   330.7 0   239.5 0   277.0 0   284.64 0   284.65 0   374.2 0   283.35 0   283.65 0    47.5 0   172.0 0   313.8 0   -97.2 0   216.7 0     9.9 0    56.3 0     3.5 0   123.7 0   907.6 0
 2019  20  1 20 18  0 18.000  62.88   354.7 0    70.1 0   268.2 0   238.0 0   276.7 0   284.65 0   284.64 0   373.9 0   283.37 0   283.66 0    46.3 0   159.1 0   290.2 0   -97.2 0   193.1 0     9.9 0    56.6 0     4.6 0    98.1 0   907.5 0
 2019  20  1 20 18  1 18.017  62.78   341.6 0    67.7 0   242.6 0   235.7 0   276.2 0   284.67 0   284.61 0   372.9 0   283.38 0   283.64 0    45.6 0   153.9 0   279.0 0   -96.7 0   182.3 0     9.8 0    55.9 0     4.8 0   108.8 0   907.4 0
 2019  20  1 20 18  2 18.033  62.68   325.2 0    64.5 0   212.4 0   232.6 0   275.6 0   284.65 0   284.57 0   372.3 0   283.37 0   283.61 0    44.9 0   145.9 0   265.6 0   -96.7 0   168.9 0     9.6 0    56.2 0     4.3 0   123.6 0   907.5 0
 2019  20  1 20 18  3 18.050  62.58   336.9 0    67.0 0   238.0 0   232.4 0   275.9 0   284.63 0   284.54 0   372.6 0   283.36 0   283.59 0    45.9 0   152.7 0   275.0 0   -96.7 0   178.2 0     9.6 0    57.3 0     3.6 0   141.2 0   907.5 0
 2019  20  1 20 18  4 18.067  62.48   365.8 0    72.8 0   294.2 0   234.8 0   275.7 0   284.61 0   284.58 0   373.3 0   283.36 0   283.61 0    47.7 0   164.2 0   297.9 0   -97.6 0   200.3 0     9.6 0    57.0 0     4.0 0   135.4 0   907.6 0
 2019  20  1 20 18  5 18.083  62.38   342.1 0    67.6 0   243.1 0   233.9 0   276.0 0   284.61 0   284.62 0   373.4 0   283.36 0   283.61 0    47.4 0   153.8 0   278.9 0   -97.4 0   181.6 0     9.6 0    57.2 0     4.0 0   116.9 0   907.6 0
 2019  20  1 20 18  6 18.100  62.28   363.5 0    72.3 0   295.4 0   231.6 0   275.2 0   284.62 0   284.62 0   373.4 0   283.36 0   283.61 0    48.4 0   164.2 0   296.6 0   -98.2 0   198.4 0     9.6 0    57.3 0     3.7 0   120.8 0   907.6 0
 2019  20  1 20 18  7 18.117  62.19   370.5 0    73.5 0   316.3 0   228.0 0   275.4 0   284.64 0   284.66 0   374.3 0   283.36 0   283.64 0    48.3 0   165.9 0   302.1 0   -98.9 0   203.2 0     9.7 0    57.2 0     4.1 0   131.7 0   907.6 0
 2019  20  1 20 18  8 18.133  62.09   339.4 0    67.0 0   267.7 0   219.5 0   273.9 0   284.65 0   284.64 0   373.4 0   283.36 0   283.63 0    46.5 0   152.2 0   277.8 0   -99.5 0   178.4 0     9.8 0    56.8 0     4.5 0   117.7 0   907.6 0
 2019  20  1 20 18  9 18.150  61.99   285.0 0    56.2 0   167.3 0   211.0 0   273.4 0   284.66 0   284.57 0   372.6 0   283.36 0   283.59 0    44.7 0   129.7 0   233.4 0   -99.2 0   134.1 0     9.7 0    56.8 0     3.4 0   132.7 0   907.6 0
 2019  20  1 20 18 10 18.167  61.90   345.0 0    68.6 0   298.5 0   209.8 0   273.9 0   284.64 0   284.58 0   372.9 0   283.36 0   283.61 0    48.6 0   157.9 0   281.8 0   -99.0 0   182.8 0     9.8 0    57.5 0     3.6 0   131.7 0   907.5 0
 2019  20  1 20 18 11 18.183  61.80   431.1 0    85.8 0   481.1 0   211.6 0   273.4 0   284.64 0   284.64 0   374.7 0   283.38 0   283.71 0    53.7 0   193.7 0   353.1 0  -101.3 0   251.8 0     9.9 0    56.8 0     4.4 0   122.6 0   907.5 0
 2019  20  1 20 18 12 18.200  61.71   483.0 0    97.1 0   592.8 0   212.5 0   273.4 0   284.68 0   284.69 0   375.8 0   283.40 0   283.76 0    57.4 0   217.1 0   396.3 0  -102.4 0   294.0 0     9.9 0    56.0 0     5.1 0   116.7 0   907.4 0
 2019  20  1 20 18 13 18.217  61.62   504.2 0   101.5 0   634.9 0   214.0 0   273.1 0   284.73 0   284.71 0   377.9 0   283.43 0   283.81 0    59.4 0   225.6 0   414.3 0  -104.9 0   309.4 0     9.9 0    56.5 0     4.2 0   117.9 0   907.4 0
 2019  20  1 20 18 14 18.233  61.52   521.0 0   105.1 0   663.4 0   217.1 0   273.7 0   284.78 0   284.77 0   379.1 0   283.44 0   283.85 0    60.7 0   232.1 0   428.3 0  -105.4 0   322.9 0     9.9 0    56.3 0     4.7 0   126.8 0   907.3 0
 2019  20  1 20 18 15 18.250  61.43   490.1 0    98.6 0   587.5 0   220.5 0   273.8 0   284.84 0   284.82 0   379.4 0   283.48 0   283.86 0    59.6 0   219.6 0   402.8 0  -105.6 0   297.2 0     9.9 0    56.5 0     4.6 0   120.5 0   907.3 0
 2019  20  1 20 18 16 18.267  61.34   503.3 0   101.5 0   601.5 0   225.2 0   274.4 0   284.88 0   284.84 0   381.1 0   283.50 0   283.93 0    59.8 0   224.5 0   412.2 0  -106.7 0   305.6 0     9.9 0    56.0 0     2.2 0   120.1 0   907.4 0
 2019  20  1 20 18 17 18.283  61.25   444.9 0    88.2 0   464.5 0   229.5 0   275.4 0   284.92 0   284.91 0   382.0 0   283.55 0   283.99 0    56.8 0   197.8 0   364.7 0  -106.6 0   258.1 0    10.1 0    55.9 0     3.4 0   109.9 0   907.4 0
 2019  20  1 20 18 18 18.300  61.16   382.2 0    76.5 0   318.1 0   233.9 0   276.1 0   284.95 0   284.95 0   379.4 0   283.59 0   283.92 0    53.9 0   172.7 0   310.8 0  -103.3 0   207.5 0    10.1 0    55.5 0     5.7 0   122.9 0   907.4 0
 2019  20  1 20 18 19 18.317  61.07   390.2 0    78.2 0   323.1 0   239.1 0   276.3 0   284.97 0   284.96 0   378.6 0   283.59 0   283.88 0    54.2 0   174.9 0   317.2 0  -102.3 0   214.9 0     9.9 0    55.9 0     4.5 0   142.4 0   907.5 0
 2019  20  1 20 18 20 18.333  60.99   369.9 0    73.7 0   273.5 0   241.9 0   277.3 0   284.97 0   284.99 0   379.2 0   283.59 0   283.89 0    53.4 0   166.1 0   300.9 0  -101.9 0   199.0 0     9.9 0    57.0 0     3.6 0   164.9 0   907.5 0
 2019  20  1 20 18 21 18.350  60.90   352.8 0    69.4 0   234.3 0   242.9 0   278.1 0   284.99 0   285.06 0   378.7 0   283.61 0   283.93 0    52.6 0   159.1 0   287.5 0  -100.7 0   186.8 0    10.1 0    56.6 0     3.6 0   115.2 0   907.6 0
 2019  20  1 20 18 22 18.367  60.81   340.3 0    66.9 0   203.9 0   244.2 0   277.3 0   285.01 0   285.03 0   378.0 0   283.64 0   283.92 0    52.3 0   153.8 0   276.7 0  -100.7 0   175.9 0    10.1 0    55.7 0     4.1 0   112.8 0   907.6 0
 2019  20  1 20 18 23 18.383  60.73   370.4 0    73.4 0   259.0 0   247.5 0   278.0 0   285.02 0   285.02 0   377.7 0   283.64 0   283.93 0    54.1 0   167.6 0   300.7 0   -99.6 0   201.1 0    10.1 0    55.8 0     4.1 0   111.3 0   907.7 0
 2019  20  1 20 18 24 18.400  60.64   416.2 0    82.7 0   347.2 0   251.1 0   277.3 0   285.02 0   284.97 0   378.4 0   283.66 0   283.96 0    56.7 0   187.1 0   338.6 0  -101.2 0   237.4 0    10.0 0    55.7 0     3.7 0    95.8 0   907.7 0
 2019  20  1 20 18 25 18.417  60.56   419.8 0    83.2 0   348.1 0   253.5 0   277.5 0   285.00 0   285.00 0   379.6 0   283.67 0   284.00 0    57.4 0   188.4 0   341.4 0  -102.1 0   239.2 0    10.0 0    55.9 0     3.3 0   101.5 0   907.7 0
 2019  20  1 20 18 26 18.433  60.48   431.3 0    85.5 0   365.8 0   255.8 0   278.2 0   285.00 0   285.05 0   380.3 0   283.69 0   284.06 0    58.3 0   194.1 0   350.6 0  -102.0 0   248.5 0    10.0 0    55.7 0     2.2 0   105.4 0   907.7 0
 2019  20  1 20 18 27 18.450  60.39   444.4 0    88.0 0   385.4 0   259.4 0   278.8 0   285.02 0   285.08 0   381.3 0   283.73 0   284.12 0    59.1 0   199.3 0   361.9 0  -102.6 0   259.3 0    10.1 0    55.5 0     2.8 0   112.0 0   907.7 0
 2019  20  1 20 18 28 18.467  60.31   414.5 0    81.7 0   316.3 0   262.7 0   279.3 0   285.04 0   285.08 0   381.6 0   283.75 0   284.11 0    57.8 0   186.0 0   337.7 0  -102.3 0   235.4 0    10.1 0    55.3 0     3.6 0   133.2 0   907.7 0
 2019  20  1 20 18 29 18.483  60.23   428.4 0    85.0 0   334.1 0   267.3 0   280.6 0   285.05 0   285.09 0   381.8 0   283.77 0   284.13 0    58.7 0   192.7 0   348.1 0  -101.2 0   247.0 0    10.1 0    55.7 0     3.6 0   148.8 0   907.7 0
 2019  20  1 20 18 30 18.500  60.15   430.7 0    85.3 0   328.7 0   271.6 0   281.6 0   285.05 0   285.17 0   382.8 0   283.79 0   284.17 0    59.0 0   192.9 0   349.9 0  -101.2 0   248.7 0    10.2 0    56.6 0     3.4 0   158.1 0   907.7 0
 2019  20  1 20 18 31 18.517  60.07   421.9 0    83.2 0   305.8 0   274.0 0   282.5 0   285.09 0   285.29 0   383.6 0   283.83 0   284.22 0    58.7 0   189.2 0   343.4 0  -101.1 0   242.3 0    10.3 0    56.3 0     2.5 0   162.6 0   907.7 0
 2019  20  1 20 18 32 18.533  60.00   414.3 0    81.4 0   287.3 0   275.3 0   282.9 0   285.15 0   285.36 0   383.6 0   283.87 0   284.28 0    58.3 0   186.5 0   337.6 0  -100.7 0   236.9 0    10.5 0    55.5 0     2.7 0    95.5 0   907.7 0
 2019  20  1 20 18 33 18.550  59.92   429.0 0    84.5 0   312.7 0   276.9 0   281.7 0   285.20 0   285.35 0   383.3 0   283.93 0   284.31 0    59.0 0   192.4 0   349.1 0  -101.6 0   247.5 0    10.6 0    53.8 0     2.5 0    61.0 0   907.7 0
 2019  20  1 20 18 34 18.567  59.84   408.3 0    80.3 0   269.1 0   277.5 0   281.2 0   285.23 0   285.30 0   383.1 0   283.97 0   284.32 0    58.3 0   183.7 0   332.4 0  -101.8 0   230.6 0    10.4 0    54.2 0     2.6 0    46.4 0   907.8 0
 2019  20  1 20 18 35 18.583  59.77   409.5 0    80.6 0   270.5 0   277.9 0   281.7 0   285.24 0   285.30 0   382.9 0   284.00 0   284.36 0    58.6 0   184.4 0   333.5 0  -101.1 0   232.4 0    10.4 0    54.2 0     1.9 0    34.4 0   907.8 0
 2019  20  1 20 18 36 18.600  59.69   428.3 0    84.6 0   303.2 0   280.2 0   281.8 0   285.24 0   285.34 0   383.3 0   284.05 0   284.39 0    60.1 0   193.3 0   348.6 0  -101.5 0   247.0 0    10.4 0    54.1 0     1.8 0    15.4 0   907.9 0
 2019  20  1 20 18 37 18.617  59.62   436.2 0    86.0 0   312.9 0   283.0 0   282.9 0   285.25 0   285.45 0   384.7 0   284.08 0   284.45 0    60.9 0   196.0 0   355.2 0  -101.8 0   253.4 0    10.5 0    54.3 0     1.2 0   359.1 0   907.9 0
 2019  20  1 20 18 38 18.633  59.54   410.2 0    80.5 0   259.3 0   283.1 0   283.9 0   285.26 0   285.45 0   386.5 0   284.10 0   284.50 0    59.6 0   184.0 0   334.0 0  -102.6 0   231.3 0    10.5 0    53.9 0     2.2 0   301.9 0   907.8 0
 2019  20  1 20 18 39 18.650  59.47   418.6 0    82.3 0   274.7 0   283.7 0   284.4 0   285.28 0   285.46 0   387.9 0   284.13 0   284.55 0    60.1 0   187.2 0   340.9 0  -103.5 0   237.4 0    10.5 0    53.9 0     0.8 0   327.0 0   907.8 0
 2019  20  1 20 18 40 18.667  59.40   410.5 0    80.3 0   256.5 0   284.4 0   285.1 0   285.30 0   285.50 0   388.7 0   284.16 0   284.59 0    60.1 0   183.4 0   334.7 0  -103.6 0   231.1 0    10.6 0    53.7 0     0.9 0   315.6 0   907.8 0
 2019  20  1 20 18 41 18.683  59.33   409.9 0    80.2 0   253.0 0   284.9 0   285.5 0   285.31 0   285.53 0   389.4 0   284.20 0   284.64 0    60.5 0   183.5 0   333.7 0  -103.9 0   229.8 0    10.6 0    53.5 0     0.6 0   313.9 0   907.8 0
 2019  20  1 20 18 42 18.700  59.26   421.7 0    82.7 0   275.7 0   285.0 0   286.0 0   285.33 0   285.53 0   390.2 0   284.25 0   284.69 0    61.6 0   188.9 0   343.2 0  -104.2 0   238.9 0    10.7 0    53.6 0     1.3 0   309.2 0   907.7 0
 2019  20  1 20 18 43 18.717  59.19   460.6 0    91.0 0   354.5 0   284.4 0   286.1 0   285.34 0   285.58 0   390.6 0   284.29 0   284.72 0    64.0 0   205.4 0   375.0 0  -104.5 0   270.6 0    10.7 0    53.3 0     1.9 0   308.6 0   907.7 0
 2019  20  1 20 18 44 18.733  59.12   454.8 0    89.7 0   349.5 0   281.3 0   285.4 0   285.38 0   285.63 0   391.0 0   284.34 0   284.80 0    64.2 0   202.9 0   371.0 0  -105.6 0   265.5 0    10.7 0    53.6 0     1.0 0   273.3 0   907.7 0
 2019  20  1 20 18 45 18.750  59.06   474.7 0    93.7 0   393.8 0   278.9 0   285.4 0   285.43 0   285.70 0   392.2 0   284.38 0   284.86 0    65.8 0   212.0 0   387.6 0  -106.9 0   280.8 0    10.8 0    53.5 0     1.0 0   299.3 0   907.7 0
 2019  20  1 20 18 46 18.767  58.99   494.1 0    97.7 0   433.0 0   277.5 0   285.5 0   285.48 0   285.79 0   393.5 0   284.43 0   284.91 0    67.2 0   219.8 0   402.9 0  -108.0 0   294.9 0    10.9 0    52.9 0     0.8 0   305.9 0   907.6 0
 2019  20  1 20 18 47 18.783  58.93   491.0 0    97.0 0   428.5 0   275.8 0   284.9 0   285.54 0   285.77 0   394.7 0   284.48 0   284.99 0    67.3 0   218.5 0   399.9 0  -109.8 0   290.1 0    11.0 0    52.8 0     0.4 0   288.6 0   907.6 0
 2019  20  1 20 18 48 18.800  58.86   474.0 0    93.3 0   397.8 0   274.2 0   284.6 0   285.60 0   285.81 0   394.7 0   284.55 0   285.03 0    66.9 0   212.0 0   386.6 0  -110.1 0   276.5 0    11.2 0    52.5 0     1.2 0   249.3 0   907.5 0
 2019  20  1 20 18 49 18.817  58.80   500.5 0    98.7 0   450.7 0   273.6 0   284.7 0   285.63 0   285.84 0   395.0 0   284.61 0   285.13 0    68.7 0   222.9 0   408.5 0  -110.3 0   298.1 0    11.3 0    52.0 0     0.7 0   258.5 0   907.5 0
 2019  20  1 20 18 50 18.833  58.73   487.2 0    96.0 0   428.5 0   271.4 0   284.3 0   285.68 0   285.91 0   395.3 0   284.67 0   285.18 0    68.1 0   217.4 0   397.7 0  -111.0 0   286.7 0    11.4 0    51.7 0     0.6 0   228.2 0   907.4 0
 2019  20  1 20 18 51 18.850  58.67   536.5 0   106.6 0   525.7 0   270.6 0   285.1 0   285.73 0   285.98 0   397.1 0   284.73 0   285.24 0    70.8 0   238.9 0   437.4 0  -112.0 0   325.4 0    11.5 0    51.7 0     0.6 0   231.7 0   907.4 0
 2019  20  1 20 18 52 18.867  58.61   509.0 0   100.4 0   472.9 0   269.6 0   285.5 0   285.79 0   286.08 0   397.9 0   284.80 0   285.34 0    69.5 0   225.9 0   415.5 0  -112.5 0   303.1 0    11.6 0    50.9 0     0.4 0   234.6 0   907.4 0
 2019  20  1 20 18 53 18.883  58.55   485.5 0    95.4 0   426.2 0   269.8 0   286.0 0   285.86 0   286.17 0   398.4 0   284.87 0   285.41 0    68.3 0   216.7 0   396.7 0  -112.3 0   284.4 0    11.8 0    50.9 0     0.4 0   238.9 0   907.4 0
 2019  20  1 20 18 54 18.900  58.49   475.0 0    93.5 0   399.0 0   271.5 0   286.3 0   285.94 0   286.25 0   398.3 0   284.94 0   285.47 0    67.4 0   211.0 0   386.6 0  -112.0 0   274.5 0    11.9 0    49.7 0     0.3 0   231.2 0   907.4 0
 2019  20  1 20 18 55 18.917  58.43   472.7 0    93.0 0   385.0 0   275.6 0   286.6 0   286.01 0   286.27 0   398.1 0   285.01 0   285.55 0    67.4 0   211.1 0   384.2 0  -111.5 0   272.7 0    12.0 0    49.5 0     0.2 0   187.4 0   907.4 0
 2019  20  1 20 18 56 18.933  58.38   495.2 0    97.4 0   416.8 0   281.9 0   287.3 0   286.08 0   286.32 0   398.5 0   285.09 0   285.63 0    69.2 0   221.0 0   403.0 0  -111.2 0   291.7 0    12.1 0    49.4 0     0.6 0   142.6 0   907.4 0
 2019  20  1 20 18 57 18.950  58.32   508.4 0   100.1 0   433.6 0   286.7 0   287.8 0   286.14 0   286.36 0   398.9 0   285.17 0   285.68 0    70.4 0   226.0 0   414.3 0  -111.1 0   303.2 0    12.1 0    49.7 0     1.7 0   135.4 0   907.4 0
 2019  20  1 20 18 58 18.967  58.27   496.1 0    97.7 0   404.6 0   289.3 0   288.8 0   286.19 0   286.46 0   398.5 0   285.23 0   285.73 0    70.2 0   220.7 0   404.4 0  -109.7 0   294.7 0    11.9 0    50.9 0     2.3 0   139.7 0   907.4 0
 2019  20  1 20 18 59 18.983  58.21   519.1 0   103.0 0   446.0 0   291.2 0   289.6 0   286.26 0   286.58 0   398.1 0   285.29 0   285.76 0    72.2 0   232.3 0   423.2 0  -108.5 0   314.7 0    11.7 0    51.7 0     2.4 0   121.5 0   907.4 0
 2019  20  1 20 19  0 19.000  58.16   535.5 0   106.1 0   475.1 0   292.3 0   289.0 0   286.34 0   286.53 0   399.2 0   285.35 0   285.84 0    73.7 0   237.9 0   436.9 0  -110.2 0   326.7 0    11.6 0    52.3 0     2.0 0   107.9 0   907.4 0
 2019  20  1 20 19  1 19.017  58.10   496.3 0    97.9 0   404.9 0   289.7 0   288.2 0   286.38 0   286.47 0   399.7 0   285.40 0   285.88 0    71.8 0   221.6 0   405.8 0  -111.6 0   294.2 0    11.6 0    52.2 0     1.7 0     8.6 0   907.4 0
 2019  20  1 20 19  2 19.033  58.05   528.4 0   105.1 0   475.2 0   286.3 0   288.2 0   286.39 0   286.43 0   399.2 0   285.45 0   285.86 0    73.6 0   235.6 0   432.6 0  -111.0 0   321.7 0    11.4 0    51.1 0     2.2 0     3.9 0   907.4 0
 2019  20  1 20 19  3 19.050  58.00   499.6 0    99.0 0   429.9 0   280.8 0   287.4 0   286.39 0   286.42 0   398.9 0   285.48 0   285.89 0    72.2 0   223.1 0   409.6 0  -111.6 0   298.0 0    11.3 0    51.8 0     2.0 0     1.7 0   907.4 0
 2019  20  1 20 19  4 19.067  57.95   498.9 0    99.2 0   439.0 0   275.1 0   288.6 0   286.37 0   286.45 0   401.1 0   285.48 0   285.94 0    72.3 0   223.0 0   408.8 0  -112.5 0   296.3 0    11.1 0    52.3 0     1.6 0   341.5 0   907.4 0
 2019  20  1 20 19  5 19.083  57.90   522.2 0   104.0 0   495.0 0   268.4 0   288.3 0   286.35 0   286.45 0   403.1 0   285.50 0   285.99 0    73.3 0   231.3 0   427.4 0  -114.8 0   312.6 0    11.1 0    52.4 0     1.3 0   335.9 0   907.4 0
 2019  20  1 20 19  6 19.100  57.85   512.8 0   102.5 0   496.0 0   258.9 0   287.4 0   286.34 0   286.41 0   403.3 0   285.53 0   286.01 0    73.1 0   228.7 0   420.4 0  -115.9 0   304.5 0    11.1 0    52.2 0     1.1 0   339.8 0   907.4 0
 2019  20  1 20 19  7 19.117  57.80   540.5 0   107.7 0   570.0 0   248.5 0   286.7 0   286.32 0   286.41 0   404.7 0   285.56 0   286.08 0    75.3 0   240.1 0   444.5 0  -118.0 0   326.5 0    11.1 0    52.2 0     1.3 0   344.2 0   907.4 0
 2019  20  1 20 19  8 19.133  57.76   554.2 0   111.3 0   623.1 0   234.7 0   285.1 0   286.33 0   286.43 0   404.6 0   285.61 0   286.16 0    76.8 0   246.4 0   455.9 0  -119.4 0   336.5 0    11.1 0    51.8 0     1.1 0   357.5 0   907.4 0
 2019  20  1 20 19  9 19.150  57.71   557.2 0   111.5 0   655.1 0   221.1 0   282.3 0   286.37 0   286.39 0   403.5 0   285.67 0   286.23 0    77.1 0   248.3 0   459.5 0  -121.3 0   338.2 0    11.2 0    51.9 0     0.9 0    18.3 0   907.4 0
 2019  20  1 20 19 10 19.167  57.67   506.5 0   100.6 0   574.4 0   211.1 0   281.0 0   286.39 0   286.42 0   402.9 0   285.74 0   286.24 0    73.9 0   226.3 0   417.6 0  -121.9 0   295.7 0    11.3 0    51.3 0     0.7 0    25.5 0   907.3 0
 2019  20  1 20 19 11 19.183  57.62   441.6 0    87.5 0   460.6 0   205.0 0   280.4 0   286.42 0   286.45 0   401.8 0   285.79 0   286.20 0    69.6 0   198.3 0   364.1 0  -121.4 0   242.7 0    11.5 0    51.8 0     0.9 0    73.6 0   907.3 0
 2019  20  1 20 19 12 19.200  57.58   467.7 0    93.3 0   508.0 0   205.6 0   280.2 0   286.43 0   286.36 0   401.3 0   285.83 0   286.24 0    70.6 0   210.6 0   384.6 0  -121.1 0   263.5 0    11.7 0    50.9 0     0.9 0    80.6 0   907.2 0
 2019  20  1 20 19 13 19.217  57.54   447.6 0    88.7 0   459.2 0   210.0 0   280.7 0   286.41 0   286.39 0   400.7 0   285.88 0   286.25 0    69.6 0   201.1 0   367.8 0  -120.0 0   247.8 0    11.8 0    50.6 0     1.6 0    49.7 0   907.2 0
 2019  20  1 20 19 14 19.233  57.50   487.8 0    97.2 0   524.2 0   215.7 0   281.9 0   286.41 0   286.47 0   400.7 0   285.91 0   286.31 0    72.2 0   218.6 0   400.2 0  -118.8 0   281.3 0    11.7 0    50.2 0     1.9 0   100.1 0   907.1 0
 2019  20  1 20 19 15 19.250  57.46   437.5 0    87.3 0   421.3 0   218.8 0   282.6 0   286.43 0   286.53 0   400.3 0   285.94 0   286.27 0    69.7 0   196.1 0   358.1 0  -117.7 0   240.4 0    11.6 0    50.8 0     3.6 0   130.5 0   907.1 0
 2019  20  1 20 19 16 19.267  57.42   450.3 0    90.8 0   440.2 0   221.3 0   282.3 0   286.46 0   286.50 0   398.5 0   285.92 0   286.20 0    70.6 0   202.5 0   367.6 0  -116.1 0   251.4 0    11.4 0    50.8 0     4.1 0   124.6 0   907.1 0
 2019  20  1 20 19 17 19.283  57.38   486.0 0    98.8 0   505.4 0   222.5 0   282.6 0   286.48 0   286.53 0   397.7 0   285.88 0   286.17 0    73.1 0   218.5 0   396.1 0  -115.1 0   281.0 0    11.1 0    50.8 0     3.9 0   124.5 0   907.1 0
 2019  20  1 20 19 18 19.300  57.34   549.7 0   111.6 0   628.6 0   221.7 0   281.3 0   286.51 0   286.48 0   399.1 0   285.85 0   286.16 0    77.4 0   245.6 0   449.3 0  -117.8 0   331.5 0    10.9 0    51.8 0     3.7 0   120.9 0   907.1 0
 2019  20  1 20 19 19 19.317  57.31   541.2 0   109.6 0   619.5 0   217.7 0   281.8 0   286.53 0   286.48 0   399.7 0   285.82 0   286.16 0    77.3 0   241.4 0   442.7 0  -117.9 0   324.8 0    10.8 0    52.3 0     3.8 0   114.4 0   907.0 0
 2019  20  1 20 19 20 19.333  57.27   529.4 0   106.5 0   604.8 0   213.4 0   280.7 0   286.55 0   286.48 0   400.1 0   285.81 0   286.16 0    76.7 0   236.3 0   433.9 0  -119.4 0   314.5 0    10.8 0    52.6 0     3.2 0   110.3 0   907.0 0
 2019  20  1 20 19 21 19.350  57.24   505.2 0   101.7 0   564.6 0   210.1 0   280.7 0   286.55 0   286.46 0   399.7 0   285.78 0   286.10 0    75.2 0   226.4 0   413.9 0  -119.0 0   294.9 0    10.9 0    52.1 0     4.2 0   126.4 0   906.9 0
 2019  20  1 20 19 22 19.367  57.21   516.1 0   104.5 0   587.0 0   208.8 0   280.8 0   286.55 0   286.50 0   399.3 0   285.75 0   286.08 0    75.6 0   231.0 0   422.3 0  -118.5 0   303.8 0    10.9 0    51.9 0     4.8 0   118.0 0   906.9 0
 2019  20  1 20 19 23 19.383  57.17   520.1 0   105.1 0   595.5 0   208.1 0   280.3 0   286.56 0   286.53 0   399.3 0   285.71 0   286.06 0    75.9 0   232.6 0   425.9 0  -119.0 0   306.9 0    10.9 0    51.9 0     3.8 0   124.3 0   907.0 0
 2019  20  1 20 19 24 19.400  57.14   499.4 0   100.7 0   555.6 0   207.6 0   279.8 0   286.58 0   286.48 0   399.3 0   285.68 0   286.06 0    74.7 0   223.3 0   408.4 0  -119.5 0   288.9 0    10.9 0    51.9 0     3.8 0   119.1 0   907.0 0
 2019  20  1 20 19 25 19.417  57.11   472.9 0    94.9 0   503.8 0   208.1 0   279.7 0   286.58 0   286.46 0   399.5 0   285.66 0   286.06 0    72.9 0   211.9 0   386.7 0  -119.7 0   267.0 0    11.0 0    52.3 0     2.7 0   116.7 0   907.0 0
 2019  20  1 20 19 26 19.433  57.08   458.0 0    92.3 0   474.2 0   208.0 0   279.8 0   286.56 0   286.49 0   399.0 0   285.66 0   286.02 0    71.8 0   205.7 0   373.4 0  -119.3 0   254.2 0    11.1 0    51.6 0     3.5 0   129.3 0   906.9 0
 2019  20  1 20 19 27 19.450  57.05   458.5 0    92.6 0   478.2 0   206.3 0   279.6 0   286.55 0   286.51 0   398.3 0   285.65 0   285.97 0    72.0 0   205.9 0   373.7 0  -118.8 0   254.9 0    11.1 0    51.3 0     4.4 0   115.2 0   906.8 0
 2019  20  1 20 19 28 19.467  57.03   508.6 0   103.1 0   580.9 0   202.9 0   278.8 0   286.55 0   286.43 0   398.3 0   285.62 0   285.96 0    75.5 0   228.3 0   416.0 0  -119.5 0   296.5 0    11.1 0    51.5 0     4.1 0   115.8 0   906.8 0
 2019  20  1 20 19 29 19.483  57.00   546.5 0   111.1 0   663.7 0   197.7 0   278.7 0   286.55 0   286.48 0   399.7 0   285.59 0   285.96 0    78.5 0   244.0 0   448.0 0  -121.0 0   327.0 0    11.0 0    51.0 0     4.6 0   124.8 0   906.7 0
 2019  20  1 20 19 30 19.500  56.97   563.3 0   114.7 0   706.0 0   192.2 0   278.9 0   286.57 0   286.51 0   400.5 0   285.57 0   285.97 0    80.0 0   251.2 0   462.3 0  -121.6 0   340.7 0    11.1 0    51.1 0     4.5 0   122.0 0   906.7 0
 2019  20  1 20 19 31 19.517  56.95   541.2 0   109.8 0   671.2 0   188.3 0   279.3 0   286.59 0   286.56 0   400.9 0   285.56 0   285.98 0    78.9 0   241.9 0   444.6 0  -121.6 0   323.0 0    11.1 0    51.4 0     4.6 0   123.6 0   906.6 0
 2019  20  1 20 19 32 19.533  56.93   559.2 0   113.7 0   705.3 0   187.6 0   278.9 0   286.63 0   286.62 0   400.9 0   285.56 0   285.98 0    80.1 0   249.6 0   458.8 0  -122.0 0   336.8 0    11.2 0    50.7 0     5.0 0   124.5 0   906.7 0
 2019  20  1 20 19 33 19.550  56.90   531.1 0   107.9 0   651.5 0   187.3 0   279.0 0   286.67 0   286.60 0   401.2 0   285.54 0   285.94 0    78.5 0   237.1 0   435.1 0  -122.2 0   312.9 0    11.1 0    50.5 0     4.4 0   127.4 0   906.7 0
 2019  20  1 20 19 34 19.567  56.88   581.0 0   118.7 0   743.7 0   188.6 0   278.7 0   286.69 0   286.62 0   402.0 0   285.53 0   285.98 0    81.6 0   259.7 0   476.3 0  -123.3 0   353.0 0    11.1 0    50.3 0     4.2 0   117.8 0   906.7 0
 2019  20  1 20 19 35 19.583  56.86   510.1 0   103.7 0   608.3 0   188.6 0   279.4 0   286.72 0   286.61 0   402.2 0   285.53 0   285.96 0    77.3 0   228.1 0   417.5 0  -122.8 0   294.7 0    11.1 0    50.8 0     3.7 0   115.2 0   906.6 0
 2019  20  1 20 19 36 19.600  56.84   517.9 0   105.1 0   617.3 0   191.7 0   278.8 0   286.74 0   286.62 0   402.5 0   285.53 0   285.98 0    77.3 0   232.1 0   424.3 0  -123.7 0   300.6 0    11.3 0    51.5 0     3.4 0   125.8 0   906.6 0
 2019  20  1 20 19 37 19.617  56.82   533.7 0   107.8 0   638.1 0   196.1 0   279.8 0   286.74 0   286.66 0   403.5 0   285.56 0   286.05 0    78.2 0   238.1 0   437.5 0  -123.7 0   313.8 0    11.6 0    50.2 0     2.9 0   124.3 0   906.6 0
 2019  20  1 20 19 38 19.633  56.80   519.9 0   105.1 0   604.7 0   200.0 0   279.9 0   286.74 0   286.70 0   403.6 0   285.59 0   286.05 0    77.5 0   233.2 0   425.9 0  -123.6 0   302.3 0    11.6 0    49.6 0     3.5 0   124.1 0   906.6 0
 2019  20  1 20 19 39 19.650  56.79   542.7 0   109.7 0   639.2 0   204.3 0   281.2 0   286.76 0   286.75 0   403.9 0   285.61 0   286.08 0    79.1 0   242.4 0   444.7 0  -122.7 0   321.9 0    11.6 0    49.8 0     4.0 0   128.0 0   906.6 0
 2019  20  1 20 19 40 19.667  56.77   545.6 0   111.1 0   635.6 0   208.3 0   281.9 0   286.79 0   286.81 0   403.3 0   285.63 0   286.07 0    79.6 0   243.8 0   445.5 0  -121.3 0   324.2 0    11.5 0    49.3 0     4.8 0   127.0 0   906.6 0
 2019  20  1 20 19 41 19.683  56.76   569.9 0   116.3 0   676.6 0   211.2 0   281.8 0   286.83 0   286.85 0   403.7 0   285.62 0   286.07 0    81.4 0   254.3 0   465.9 0  -121.9 0   344.0 0    11.4 0    49.8 0     4.4 0   108.1 0   906.6 0
 2019  20  1 20 19 42 19.700  56.74   568.0 0   115.3 0   671.2 0   212.9 0   281.9 0   286.87 0   286.84 0   404.5 0   285.61 0   286.09 0    81.9 0   253.6 0   465.7 0  -122.6 0   343.1 0    11.3 0    50.0 0     3.6 0   114.8 0   906.5 0
 2019  20  1 20 19 43 19.717  56.73   589.3 0   119.5 0   710.8 0   213.6 0   282.3 0   286.89 0   286.81 0   405.9 0   285.63 0   286.14 0    83.7 0   263.0 0   484.1 0  -123.6 0   360.5 0    11.3 0    49.8 0     3.2 0   127.9 0   906.5 0
 2019  20  1 20 19 44 19.733  56.72   592.8 0   119.7 0   717.6 0   213.5 0   283.2 0   286.90 0   286.87 0   407.1 0   285.65 0   286.18 0    84.4 0   264.2 0   487.6 0  -123.9 0   363.7 0    11.5 0    49.8 0     4.0 0   123.6 0   906.4 0
 2019  20  1 20 19 45 19.750  56.71   558.4 0   112.7 0   654.0 0   212.6 0   283.6 0   286.93 0   286.90 0   406.3 0   285.68 0   286.17 0    82.4 0   249.1 0   458.9 0  -122.7 0   336.2 0    11.6 0    49.2 0     4.7 0   124.1 0   906.4 0
 2019  20  1 20 19 46 19.767  56.70   560.5 0   114.1 0   659.0 0   212.2 0   283.5 0   286.95 0   286.99 0   405.3 0   285.69 0   286.13 0    82.5 0   250.6 0   459.9 0  -121.8 0   338.2 0    11.4 0    49.0 0     5.3 0   126.2 0   906.3 0
 2019  20  1 20 19 47 19.783  56.69   583.0 0   118.7 0   701.7 0   212.2 0   282.5 0   286.99 0   286.91 0   406.3 0   285.69 0   286.16 0    83.8 0   260.0 0   479.0 0  -123.8 0   355.1 0    11.3 0    50.0 0     4.2 0   121.8 0   906.3 0
 2019  20  1 20 19 48 19.800  56.68   587.6 0   119.5 0   709.5 0   212.2 0   283.4 0   286.99 0   286.93 0   407.2 0   285.69 0   286.18 0    84.0 0   261.8 0   482.4 0  -123.9 0   358.6 0    11.4 0    49.6 0     3.0 0   127.5 0   906.3 0
 2019  20  1 20 19 49 19.817  56.67   600.5 0   121.9 0   733.4 0   212.4 0   283.2 0   287.02 0   286.98 0   408.3 0   285.71 0   286.22 0    84.8 0   267.3 0   493.4 0  -125.1 0   368.3 0    11.6 0    49.4 0     3.3 0   132.9 0   906.2 0
 2019  20  1 20 19 50 19.833  56.67   591.4 0   120.0 0   714.1 0   213.2 0   283.4 0   287.04 0   287.02 0   408.6 0   285.74 0   286.25 0    84.3 0   263.3 0   485.6 0  -125.2 0   360.4 0    11.7 0    49.2 0     4.4 0   128.2 0   906.1 0
 2019  20  1 20 19 51 19.850  56.66   580.7 0   118.1 0   688.1 0   215.8 0   284.0 0   287.07 0   287.06 0   407.6 0   285.76 0   286.25 0    83.4 0   258.4 0   476.0 0  -123.6 0   352.4 0    11.7 0    48.5 0     5.1 0   119.7 0   906.1 0
 2019  20  1 20 19 52 19.867  56.66   556.4 0   113.2 0   632.1 0   220.2 0   284.2 0   287.10 0   287.11 0   408.4 0   285.77 0   286.27 0    81.6 0   247.8 0   454.4 0  -124.3 0   330.2 0    11.7 0    49.7 0     4.2 0   125.5 0   906.1 0
 2019  20  1 20 19 53 19.883  56.65   551.2 0   111.4 0   612.0 0   225.7 0   284.6 0   287.13 0   287.15 0   408.2 0   285.81 0   286.32 0    81.1 0   245.6 0   450.7 0  -123.6 0   327.1 0    11.9 0    48.3 0     4.0 0   120.4 0   906.1 0
 2019  20  1 20 19 54 19.900  56.65   547.4 0   111.1 0   594.1 0   231.0 0   285.2 0   287.16 0   287.23 0   408.1 0   285.83 0   286.32 0    80.9 0   244.4 0   446.5 0  -122.9 0   323.6 0    11.8 0    48.7 0     3.5 0   125.9 0   906.1 0
 2019  20  1 20 19 55 19.917  56.65   562.5 0   114.1 0   613.3 0   236.2 0   285.3 0   287.20 0   287.21 0   408.8 0   285.86 0   286.36 0    82.0 0   250.2 0   459.3 0  -123.5 0   335.7 0    11.9 0    48.9 0     2.8 0   118.7 0   906.2 0
 2019  20  1 20 19 56 19.933  56.65   559.0 0   112.9 0   597.9 0   241.3 0   286.1 0   287.21 0   287.26 0   408.8 0   285.90 0   286.38 0    82.2 0   248.9 0   457.0 0  -122.8 0   334.3 0    12.0 0    48.2 0     4.3 0   122.5 0   906.2 0
 2019  20  1 20 19 57 19.950  56.65   570.8 0   115.9 0   613.1 0   246.0 0   286.4 0   287.23 0   287.25 0   408.4 0   285.92 0   286.34 0    83.1 0   254.3 0   467.1 0  -122.0 0   345.2 0    11.8 0    47.6 0     4.4 0   130.9 0   906.2 0
 2019  20  1 20 19 58 19.967  56.65   600.5 0   122.2 0   657.3 0   251.5 0   286.9 0   287.25 0   287.27 0   409.8 0   285.92 0   286.39 0    84.8 0   266.9 0   490.6 0  -122.9 0   367.7 0    11.7 0    49.0 0     3.9 0   132.0 0   906.2 0
 2019  20  1 20 19 59 19.983  56.65   577.9 0   116.4 0   606.0 0   256.3 0   287.1 0   287.26 0   287.30 0   409.8 0   285.94 0   286.44 0    83.4 0   256.7 0   473.0 0  -122.7 0   350.4 0    11.8 0    48.1 0     4.7 0   119.0 0   906.2 0
 2019  20  1 20 20  0 20.000  56.66   550.0 0   111.4 0   546.1 0   259.5 0   286.8 0   287.29 0   287.35 0   408.7 0   285.94 0   286.39 0    81.4 0   244.5 0   448.3 0  -121.9 0   326.4 0    11.6 0    48.4 0     4.5 0   125.6 0   906.2 0
 2019  20  1 20 20  1 20.017  56.66   507.8 0   102.6 0   463.4 0   260.9 0   287.0 0   287.31 0   287.34 0   408.6 0   285.94 0   286.38 0    78.3 0   226.0 0   413.0 0  -121.6 0   291.4 0    11.5 0    48.9 0     3.9 0   131.7 0   906.2 0
 2019  20  1 20 20  2 20.033  56.67   507.8 0   102.8 0   462.8 0   261.8 0   287.0 0   287.31 0   287.32 0   408.0 0   285.94 0   286.40 0    77.9 0   227.3 0   413.3 0  -121.0 0   292.3 0    11.5 0    48.5 0     3.0 0   121.6 0   906.2 0
 2019  20  1 20 20  3 20.050  56.67   564.4 0   114.6 0   568.9 0   262.2 0   287.1 0   287.31 0   287.34 0   409.4 0   285.95 0   286.44 0    81.2 0   251.3 0   460.2 0  -122.3 0   337.9 0    11.6 0    49.0 0     3.6 0   138.4 0   906.2 0
 2019  20  1 20 20  4 20.067  56.68   567.3 0   115.4 0   579.1 0   259.9 0   286.6 0   287.31 0   287.35 0   409.8 0   285.97 0   286.44 0    81.4 0   251.7 0   462.6 0  -123.1 0   339.5 0    11.7 0    48.1 0     3.9 0   140.5 0   906.2 0
 2019  20  1 20 20  5 20.083  56.69   474.8 0    96.1 0   415.7 0   253.5 0   286.0 0   287.31 0   287.33 0   409.0 0   285.97 0   286.42 0    75.4 0   210.4 0   385.7 0  -123.0 0   262.7 0    11.7 0    48.5 0     3.3 0   142.5 0   906.1 0
 2019  20  1 20 20  6 20.100  56.70   433.7 0    87.1 0   355.6 0   246.4 0   285.9 0   287.30 0   287.32 0   407.5 0   285.97 0   286.40 0    72.6 0   195.2 0   354.5 0  -121.6 0   232.9 0    11.8 0    49.1 0     3.0 0   138.9 0   906.1 0
 2019  20  1 20 20  7 20.117  56.71   482.7 0    96.9 0   457.9 0   241.1 0   285.6 0   287.31 0   287.38 0   407.9 0   286.00 0   286.46 0    75.5 0   216.3 0   395.5 0  -122.4 0   273.1 0    12.0 0    48.1 0     3.9 0   132.7 0   906.1 0
 2019  20  1 20 20  8 20.133  56.72   525.8 0   106.4 0   548.6 0   236.3 0   284.7 0   287.31 0   287.34 0   408.0 0   286.02 0   286.46 0    78.4 0   235.4 0   430.9 0  -123.2 0   307.6 0    12.0 0    47.4 0     2.7 0   122.1 0   906.1 0
 2019  20  1 20 20  9 20.150  56.73   560.9 0   113.7 0   623.9 0   231.5 0   283.7 0   287.31 0   287.33 0   409.7 0   286.05 0   286.55 0    81.3 0   251.0 0   460.0 0  -125.9 0   334.1 0    12.0 0    48.0 0     3.5 0   126.0 0   906.0 0
 2019  20  1 20 20 10 20.167  56.75   579.7 0   117.9 0   664.2 0   227.6 0   283.7 0   287.33 0   287.29 0   410.6 0   286.07 0   286.59 0    82.7 0   257.7 0   473.9 0  -126.9 0   347.0 0    12.1 0    47.0 0     3.7 0   140.5 0   906.0 0
 2019  20  1 20 20 11 20.183  56.76   578.4 0   118.3 0   669.2 0   224.6 0   284.7 0   287.33 0   287.35 0   410.6 0   286.10 0   286.59 0    82.6 0   258.4 0   473.1 0  -125.9 0   347.2 0    12.0 0    46.8 0     4.7 0   138.5 0   905.9 0
 2019  20  1 20 20 12 20.200  56.78   618.7 0   127.1 0   749.6 0   223.6 0   283.9 0   287.36 0   287.47 0   411.0 0   286.10 0   286.60 0    84.5 0   275.7 0   507.1 0  -127.1 0   380.0 0    11.9 0    47.0 0     4.2 0   132.7 0   905.9 0
 2019  20  1 20 20 13 20.217  56.79   597.5 0   122.7 0   704.4 0   224.4 0   283.6 0   287.41 0   287.44 0   412.6 0   286.12 0   286.67 0    82.1 0   264.5 0   487.5 0  -129.0 0   358.5 0    11.9 0    48.2 0     3.4 0   135.7 0   905.9 0
 2019  20  1 20 20 14 20.233  56.81   483.9 0    99.0 0   487.1 0   225.0 0   283.4 0   287.45 0   287.46 0   410.6 0   286.15 0   286.63 0    74.2 0   216.1 0   392.6 0  -127.2 0   265.3 0    12.0 0    47.4 0     3.9 0   127.9 0   905.8 0
 2019  20  1 20 20 15 20.250  56.83   397.2 0    80.7 0   323.0 0   224.6 0   283.7 0   287.46 0   287.44 0   408.5 0   286.16 0   286.58 0    67.5 0   177.4 0   320.7 0  -124.8 0   195.9 0    11.9 0    47.9 0     3.2 0   125.3 0   905.8 0
 2019  20  1 20 20 16 20.267  56.85   283.0 0    56.8 0   112.8 0   223.9 0   284.4 0   287.45 0   287.40 0   404.5 0   286.16 0   286.45 0    59.6 0   128.3 0   228.8 0  -120.1 0   108.7 0    11.9 0    47.4 0     3.9 0   140.1 0   905.8 0
 2019  20  1 20 20 17 20.283  56.87   265.5 0    53.4 0    73.1 0   228.0 0   284.8 0   287.41 0   287.37 0   401.9 0   286.13 0   286.38 0    57.9 0   120.7 0   214.5 0  -117.1 0    97.4 0    11.9 0    48.3 0     3.8 0   128.3 0   905.8 0
 2019  20  1 20 20 18 20.300  56.89   293.8 0    59.0 0   110.5 0   235.6 0   284.7 0   287.37 0   287.35 0   400.9 0   286.10 0   286.37 0    59.4 0   133.8 0   236.9 0  -116.3 0   120.6 0    11.9 0    48.5 0     3.0 0   121.1 0   905.8 0
 2019  20  1 20 20 19 20.317  56.91   367.3 0    73.8 0   223.8 0   247.8 0   285.3 0   287.32 0   287.30 0   402.3 0   286.10 0   286.41 0    64.8 0   167.4 0   296.2 0  -117.1 0   179.1 0    12.1 0    48.8 0     2.4 0   120.3 0   905.7 0
 2019  20  1 20 20 20 20.333  56.94   511.8 0   103.4 0   473.5 0   260.3 0   287.2 0   287.29 0   287.38 0   405.0 0   286.11 0   286.54 0    74.3 0   228.9 0   415.2 0  -117.7 0   297.5 0    12.3 0    47.4 0     2.7 0   127.8 0   905.6 0
 2019  20  1 20 20 21 20.350  56.96   502.4 0   101.9 0   441.3 0   268.2 0   288.9 0   287.29 0   287.49 0   406.3 0   286.14 0   286.58 0    74.4 0   225.1 0   407.0 0  -117.4 0   289.5 0    12.4 0    46.9 0     3.9 0   139.1 0   905.6 0
 2019  20  1 20 20 22 20.367  56.99   456.3 0    92.6 0   343.0 0   272.8 0   288.7 0   287.33 0   287.58 0   406.7 0   286.15 0   286.59 0    71.5 0   202.8 0   367.1 0  -118.0 0   249.2 0    12.3 0    47.9 0     4.3 0   146.2 0   905.6 0
 2019  20  1 20 20 23 20.383  57.01   379.5 0    76.1 0   195.4 0   275.3 0   288.3 0   287.36 0   287.49 0   404.7 0   286.18 0   286.54 0    67.0 0   170.0 0   305.6 0  -116.4 0   189.2 0    12.3 0    46.9 0     4.4 0   128.4 0   905.6 0
 2019  20  1 20 20 24 20.400  57.04   422.5 0    84.6 0   274.4 0   279.1 0   289.1 0   287.36 0   287.46 0   403.9 0   286.17 0   286.50 0    69.6 0   191.6 0   343.8 0  -114.9 0   229.0 0    12.2 0    47.6 0     3.9 0   132.6 0   905.6 0
 2019  20  1 20 20 25 20.417  57.07   532.5 0   107.9 0   466.9 0   285.5 0   289.7 0   287.36 0   287.50 0   406.2 0   286.16 0   286.59 0    76.0 0   238.4 0   431.4 0  -116.5 0   314.9 0    12.2 0    47.7 0     3.8 0   133.9 0   905.6 0
 2019  20  1 20 20 26 20.433  57.10   609.6 0   124.5 0   609.7 0   289.1 0   290.3 0   287.38 0   287.54 0   408.9 0   286.18 0   286.69 0    81.4 0   271.3 0   495.8 0  -118.5 0   377.2 0    12.2 0    47.5 0     3.8 0   131.9 0   905.5 0
 2019  20  1 20 20 27 20.450  57.13   607.8 0   123.4 0   612.6 0   287.5 0   289.9 0   287.41 0   287.59 0   410.3 0   286.21 0   286.73 0    82.5 0   269.8 0   496.6 0  -120.4 0   376.2 0    12.2 0    46.6 0     3.7 0   130.2 0   905.5 0
 2019  20  1 20 20 28 20.467  57.16   496.8 0    99.7 0   406.2 0   283.9 0   289.9 0   287.45 0   287.65 0   410.6 0   286.23 0   286.73 0    75.5 0   220.4 0   404.5 0  -120.8 0   283.7 0    12.2 0    47.3 0     2.9 0   143.0 0   905.5 0
 2019  20  1 20 20 29 20.483  57.19   418.3 0    84.7 0   260.0 0   280.7 0   289.7 0   287.47 0   287.64 0   408.0 0   286.25 0   286.66 0    68.7 0   187.2 0   336.8 0  -118.3 0   218.5 0    12.2 0    46.8 0     3.6 0   133.7 0   905.4 0
 2019  20  1 20 20 30 20.500  57.22   464.9 0    94.3 0   349.0 0   282.2 0   289.6 0   287.47 0   287.56 0   408.3 0   286.26 0   286.69 0    70.1 0   209.5 0   376.8 0  -118.7 0   258.1 0    12.1 0    47.9 0     3.0 0   142.0 0   905.3 0
 2019  20  1 20 20 31 20.517  57.26   450.9 0    90.8 0   314.7 0   286.2 0   290.2 0   287.46 0   287.61 0   407.9 0   286.28 0   286.70 0    69.2 0   201.2 0   365.6 0  -117.8 0   247.8 0    12.3 0    47.1 0     4.8 0   133.2 0   905.3 0
 2019  20  1 20 20 32 20.533  57.29   401.8 0    80.6 0   214.7 0   289.9 0   291.3 0   287.46 0   287.63 0   406.2 0   286.28 0   286.64 0    66.2 0   180.0 0   325.4 0  -114.9 0   210.4 0    12.2 0    47.0 0     3.7 0   131.2 0   905.2 0
 2019  20  1 20 20 33 20.550  57.33   418.1 0    84.5 0   233.4 0   296.2 0   291.8 0   287.48 0   287.64 0   406.3 0   286.28 0   286.65 0    67.0 0   188.4 0   337.7 0  -114.5 0   223.2 0    12.2 0    47.9 0     3.5 0   130.0 0   905.1 0
 2019  20  1 20 20 34 20.567  57.36   458.1 0    91.8 0   295.9 0   304.1 0   293.3 0   287.47 0   287.68 0   406.4 0   286.28 0   286.66 0    69.7 0   205.9 0   371.9 0  -113.0 0   258.8 0    12.3 0    47.3 0     4.1 0   139.4 0   905.0 0
 2019  20  1 20 20 35 20.583  57.40   454.7 0    91.9 0   273.6 0   311.2 0   294.0 0   287.49 0   287.67 0   406.7 0   286.28 0   286.68 0    69.4 0   203.8 0   366.6 0  -112.7 0   253.9 0    12.2 0    47.6 0     4.8 0   124.0 0   904.9 0
 2019  20  1 20 20 36 20.600  57.44   506.3 0   102.7 0   361.5 0   318.1 0   294.8 0   287.49 0   287.69 0   407.1 0   286.29 0   286.71 0    72.5 0   226.7 0   409.9 0  -112.3 0   297.6 0    12.2 0    47.5 0     5.3 0   113.3 0   904.8 0
 2019  20  1 20 20 37 20.617  57.48   502.5 0   102.0 0   344.7 0   323.3 0   295.7 0   287.51 0   287.73 0   408.1 0   286.30 0   286.75 0    73.2 0   224.2 0   406.6 0  -112.4 0   294.2 0    12.2 0    47.8 0     4.4 0   119.6 0   904.7 0
 2019  20  1 20 20 38 20.633  57.52   473.8 0    95.5 0   287.3 0   325.3 0   295.9 0   287.52 0   287.76 0   407.9 0   286.30 0   286.73 0    72.7 0   211.9 0   384.0 0  -112.0 0   272.0 0    12.2 0    47.6 0     4.3 0   127.9 0   904.7 0
 2019  20  1 20 20 39 20.650  57.56   465.9 0    92.2 0   276.6 0   323.8 0   295.9 0   287.53 0   287.73 0   408.2 0   286.31 0   286.75 0    73.0 0   208.5 0   380.0 0  -112.4 0   267.6 0    12.2 0    47.8 0     3.6 0   119.6 0   904.6 0
 2019  20  1 20 20 40 20.667  57.60   448.8 0    89.2 0   255.1 0   318.8 0   296.1 0   287.53 0   287.73 0   407.5 0   286.33 0   286.73 0    71.6 0   202.4 0   366.2 0  -111.5 0   254.8 0    12.3 0    47.9 0     4.5 0   125.9 0   904.6 0
 2019  20  1 20 20 41 20.683  57.64   485.7 0    98.3 0   333.1 0   314.6 0   296.6 0   287.53 0   287.84 0   407.5 0   286.33 0   286.74 0    72.4 0   219.0 0   394.5 0  -110.9 0   283.6 0    12.4 0    47.2 0     5.3 0   128.9 0   904.5 0
 2019  20  1 20 20 42 20.700  57.69   568.2 0   116.3 0   493.5 0   314.0 0   295.9 0   287.58 0   287.84 0   408.7 0   286.33 0   286.78 0    76.2 0   253.8 0   461.4 0  -112.8 0   348.6 0    12.3 0    47.0 0     5.2 0   126.9 0   904.4 0
 2019  20  1 20 20 43 20.717  57.73   557.1 0   113.7 0   469.1 0   315.9 0   296.1 0   287.63 0   287.93 0   409.7 0   286.34 0   286.81 0    75.5 0   248.6 0   452.7 0  -113.7 0   339.0 0    12.2 0    47.3 0     5.7 0   123.4 0   904.2 0
 2019  20  1 20 20 44 20.733  57.78   505.0 0   102.4 0   362.8 0   318.4 0   296.2 0   287.67 0   287.93 0   410.1 0   286.35 0   286.82 0    72.1 0   224.8 0   409.4 0  -113.9 0   295.5 0    12.3 0    48.0 0     5.0 0   120.5 0   904.1 0
 2019  20  1 20 20 45 20.750  57.83   497.5 0   101.9 0   346.1 0   320.9 0   296.9 0   287.71 0   287.91 0   408.5 0   286.35 0   286.78 0    71.9 0   224.5 0   403.3 0  -111.6 0   291.7 0    12.3 0    47.0 0     6.6 0   125.3 0   904.0 0
 2019  20  1 20 20 46 20.767  57.88   547.6 0   111.7 0   435.7 0   324.3 0   297.0 0   287.73 0   288.01 0   410.0 0   286.35 0   286.82 0    75.3 0   243.5 0   444.2 0  -112.9 0   331.3 0    12.3 0    47.8 0     5.9 0   115.5 0   903.9 0
 2019  20  1 20 20 47 20.783  57.92   452.9 0    90.9 0   259.7 0   320.8 0   296.4 0   287.77 0   287.92 0   409.3 0   286.37 0   286.83 0    69.9 0   202.7 0   367.8 0  -112.9 0   255.0 0    12.5 0    47.4 0     5.8 0   115.9 0   903.9 0
 2019  20  1 20 20 48 20.800  57.97   450.2 0    91.5 0   268.6 0   314.7 0   296.3 0   287.76 0   287.87 0   407.1 0   286.38 0   286.75 0    68.9 0   202.7 0   365.7 0  -110.9 0   254.8 0    12.4 0    46.7 0     6.2 0   125.6 0   903.8 0
 2019  20  1 20 20 49 20.817  58.02   466.1 0    95.4 0   310.6 0   309.0 0   296.8 0   287.75 0   287.90 0   406.9 0   286.36 0   286.74 0    69.1 0   208.9 0   378.0 0  -110.1 0   267.9 0    12.2 0    47.4 0     6.4 0   117.5 0   903.8 0
 2019  20  1 20 20 50 20.833  58.08   456.1 0    92.8 0   299.1 0   305.1 0   296.2 0   287.75 0   287.96 0   406.4 0   286.34 0   286.72 0    67.6 0   205.2 0   370.5 0  -110.2 0   260.3 0    12.2 0    47.7 0     6.6 0   121.6 0   903.7 0
 2019  20  1 20 20 51 20.850  58.13   410.2 0    83.0 0   214.4 0   302.6 0   295.9 0   287.77 0   287.96 0   406.3 0   286.33 0   286.72 0    63.8 0   183.6 0   332.8 0  -110.5 0   222.3 0    12.4 0    48.1 0     5.6 0   120.9 0   903.7 0
 2019  20  1 20 20 52 20.867  58.18   375.2 0    75.2 0   148.5 0   302.2 0   296.0 0   287.77 0   287.90 0   405.2 0   286.33 0   286.68 0    61.3 0   168.6 0   305.3 0  -109.2 0   196.1 0    12.5 0    47.7 0     5.3 0   119.9 0   903.7 0
 2019  20  1 20 20 53 20.883  58.24   359.3 0    71.6 0   114.0 0   304.0 0   297.1 0   287.75 0   287.94 0   404.0 0   286.33 0   286.65 0    60.0 0   161.8 0   292.4 0  -106.9 0   185.5 0    12.6 0    46.8 0     6.1 0   124.7 0   903.6 0
 2019  20  1 20 20 54 20.900  58.29   401.3 0    81.2 0   189.3 0   306.7 0   296.9 0   287.75 0   287.96 0   403.4 0   286.31 0   286.62 0    62.0 0   180.9 0   325.0 0  -106.6 0   218.4 0    12.4 0    47.1 0     6.2 0   117.1 0   903.6 0
 2019  20  1 20 20 55 20.917  58.35   430.5 0    87.7 0   242.9 0   308.3 0   297.0 0   287.75 0   287.87 0   403.9 0   286.29 0   286.61 0    63.2 0   193.0 0   348.1 0  -106.8 0   241.2 0    12.3 0    47.0 0     6.0 0   132.1 0   903.6 0
 2019  20  1 20 20 56 20.933  58.40   409.4 0    83.0 0   204.2 0   307.3 0   298.1 0   287.72 0   287.92 0   404.6 0   286.28 0   286.60 0    61.6 0   182.8 0   331.3 0  -106.5 0   224.8 0    12.3 0    47.8 0     5.3 0   134.1 0   903.5 0
 2019  20  1 20 20 57 20.950  58.46   370.3 0    74.5 0   133.5 0   304.9 0   297.7 0   287.72 0   287.91 0   404.0 0   286.27 0   286.61 0    58.9 0   166.4 0   300.3 0  -106.3 0   194.0 0    12.4 0    47.8 0     5.1 0   121.3 0   903.5 0
 2019  20  1 20 20 58 20.967  58.52   398.2 0    80.4 0   188.4 0   304.4 0   297.7 0   287.72 0   287.86 0   403.9 0   286.28 0   286.63 0    59.7 0   179.0 0   322.4 0  -106.2 0   216.3 0    12.5 0    47.0 0     6.2 0   121.0 0   903.5 0
 2019  20  1 20 20 59 20.983  58.58   358.8 0    71.7 0   111.7 0   304.2 0   298.9 0   287.70 0   287.83 0   402.8 0   286.28 0   286.60 0    57.1 0   160.5 0   290.8 0  -103.9 0   186.9 0    12.6 0    46.8 0     6.3 0   117.4 0   903.4 0
 2019  20  1 20 21  0 21.000  58.64   347.4 0    69.9 0    90.1 0   304.0 0   299.6 0   287.67 0   287.85 0   401.2 0   286.27 0   286.54 0    55.9 0   156.5 0   281.0 0  -101.6 0   179.4 0    12.4 0    46.3 0     7.1 0   121.4 0   903.3 0
 2019  20  1 20 21  1 21.017  58.70   364.0 0    73.6 0   120.4 0   305.0 0   301.2 0   287.67 0   287.86 0   400.9 0   286.24 0   286.53 0    56.3 0   164.0 0   294.0 0   -99.7 0   194.3 0    12.4 0    47.1 0     7.1 0   115.4 0   903.2 0
 2019  20  1 20 21  2 21.033  58.76   342.8 0    68.5 0    79.0 0   305.4 0   301.6 0   287.66 0   287.85 0   400.6 0   286.22 0   286.50 0    54.8 0   153.9 0   277.8 0   -99.0 0   178.8 0    12.3 0    47.7 0     6.8 0   112.4 0   903.2 0
 2019  20  1 20 21  3 21.050  58.83   330.3 0    65.9 0    56.1 0   304.7 0   301.9 0   287.64 0   287.83 0   399.9 0   286.20 0   286.48 0    53.6 0   148.6 0   267.9 0   -97.9 0   170.0 0    12.4 0    47.3 0     7.3 0   111.4 0   903.0 0
 2019  20  1 20 21  4 21.067  58.89   334.9 0    66.6 0    67.5 0   303.8 0   301.7 0   287.63 0   287.77 0   399.3 0   286.18 0   286.44 0    53.5 0   150.8 0   272.1 0   -97.6 0   174.5 0    12.4 0    46.7 0     7.4 0   110.4 0   902.9 0
 2019  20  1 20 21  5 21.083  58.96   315.1 0    62.4 0    33.8 0   301.6 0   302.7 0   287.61 0   287.75 0   399.3 0   286.17 0   286.43 0    51.9 0   141.9 0   256.6 0   -96.6 0   160.1 0    12.5 0    47.5 0     7.2 0   113.3 0   902.8 0
 2019  20  1 20 21  6 21.100  59.02   324.9 0    64.6 0    57.6 0   299.1 0   303.1 0   287.57 0   287.67 0   398.0 0   286.15 0   286.39 0    51.8 0   146.4 0   264.1 0   -94.9 0   169.2 0    12.5 0    46.8 0     8.2 0   113.7 0   902.7 0
 2019  20  1 20 21  7 21.117  59.09   327.9 0    65.6 0    66.8 0   297.2 0   302.9 0   287.53 0   287.66 0   397.8 0   286.12 0   286.37 0    51.5 0   148.0 0   265.9 0   -94.9 0   171.1 0    12.4 0    47.3 0     8.2 0   117.2 0   902.7 0
 2019  20  1 20 21  8 21.133  59.16   328.6 0    65.7 0    67.8 0   297.3 0   303.9 0   287.51 0   287.62 0   397.5 0   286.09 0   286.33 0    51.3 0   148.1 0   266.4 0   -93.6 0   172.8 0    12.4 0    47.3 0     8.6 0   121.8 0   902.7 0
 2019  20  1 20 21  9 21.150  59.22   318.8 0    63.8 0    48.3 0   297.7 0   304.0 0   287.47 0   287.62 0   397.1 0   286.06 0   286.28 0    50.7 0   143.7 0   258.7 0   -93.0 0   165.6 0    12.3 0    47.4 0     8.2 0   117.5 0   902.7 0
 2019  20  1 20 21 10 21.167  59.29   317.1 0    63.5 0    46.3 0   297.1 0   304.1 0   287.45 0   287.60 0   396.4 0   286.03 0   286.24 0    50.5 0   143.2 0   257.3 0   -92.3 0   165.0 0    12.3 0    47.2 0     8.3 0   115.4 0   902.7 0
 2019  20  1 20 21 11 21.183  59.36   320.7 0    63.9 0    58.2 0   294.7 0   303.7 0   287.42 0   287.54 0   396.4 0   285.99 0   286.23 0    50.4 0   144.7 0   260.4 0   -92.6 0   167.8 0    12.2 0    47.8 0     7.6 0   119.1 0   902.8 0
 2019  20  1 20 21 12 21.200  59.44   297.7 0    59.0 0    23.6 0   289.8 0   303.6 0   287.39 0   287.48 0   396.2 0   285.97 0   286.21 0    48.8 0   134.5 0   242.8 0   -92.6 0   150.2 0    12.3 0    47.6 0     6.3 0   120.7 0   902.9 0
 2019  20  1 20 21 13 21.217  59.51   284.0 0    56.1 0     7.4 0   284.8 0   304.1 0   287.34 0   287.43 0   395.2 0   285.95 0   286.16 0    47.6 0   128.5 0   232.5 0   -91.1 0   141.4 0    12.2 0    47.2 0     7.8 0   117.5 0   903.0 0
 2019  20  1 20 21 14 21.233  59.58   290.5 0    57.6 0    21.4 0   283.3 0   304.0 0   287.29 0   287.37 0   394.9 0   285.91 0   286.12 0    47.6 0   131.6 0   236.5 0   -90.9 0   145.6 0    12.1 0    47.9 0     6.3 0   121.2 0   903.0 0
 2019  20  1 20 21 15 21.250  59.65   286.1 0    56.6 0    12.9 0   283.3 0   304.4 0   287.24 0   287.31 0   394.5 0   285.88 0   286.09 0    47.2 0   129.6 0   233.1 0   -90.1 0   143.0 0    12.1 0    47.4 0     6.6 0   122.1 0   903.1 0
 2019  20  1 20 21 16 21.267  59.73   285.6 0    56.4 0    13.1 0   282.8 0   304.4 0   287.19 0   287.30 0   394.5 0   285.86 0   286.05 0    47.1 0   129.5 0   233.0 0   -90.1 0   142.9 0    12.1 0    48.0 0     6.2 0   126.2 0   903.0 0
 2019  20  1 20 21 17 21.283  59.80   287.7 0    56.9 0    15.7 0   283.2 0   304.6 0   287.15 0   287.30 0   394.4 0   285.82 0   286.03 0    47.1 0   130.4 0   234.2 0   -89.7 0   144.5 0    12.1 0    47.9 0     6.1 0   130.5 0   903.1 0
 2019  20  1 20 21 18 21.300  59.88   289.4 0    57.0 0    18.3 0   283.5 0   304.8 0   287.11 0   287.28 0   394.4 0   285.79 0   286.02 0    47.3 0   131.0 0   235.7 0   -89.6 0   146.1 0    12.0 0    47.7 0     5.5 0   130.3 0   903.1 0
 2019  20  1 20 21 19 21.317  59.96   283.1 0    55.6 0     9.0 0   282.5 0   304.0 0   287.09 0   287.22 0   394.2 0   285.77 0   285.99 0    46.8 0   128.1 0   231.4 0   -90.2 0   141.2 0    12.0 0    47.7 0     6.3 0   119.6 0   903.1 0
 2019  20  1 20 21 20 21.333  60.03   282.0 0    55.6 0    14.9 0   278.6 0   304.3 0   287.05 0   287.17 0   393.4 0   285.75 0   285.95 0    46.3 0   127.8 0   230.5 0   -89.2 0   141.3 0    12.0 0    47.3 0     7.3 0   116.9 0   903.1 0
 2019  20  1 20 21 21 21.350  60.11   280.3 0    55.2 0    21.2 0   273.6 0   304.4 0   287.01 0   287.12 0   393.3 0   285.72 0   285.94 0    45.5 0   127.1 0   229.0 0   -88.8 0   140.2 0    11.9 0    48.0 0     5.8 0   124.0 0   903.1 0
 2019  20  1 20 21 22 21.367  60.19   276.5 0    54.4 0    22.9 0   269.2 0   304.5 0   286.98 0   287.11 0   393.0 0   285.69 0   285.92 0    44.8 0   125.6 0   226.2 0   -88.5 0   137.7 0    11.9 0    47.9 0     6.5 0   123.0 0   903.2 0
 2019  20  1 20 21 23 21.383  60.27   275.3 0    54.3 0    26.3 0   266.5 0   304.3 0   286.95 0   287.07 0   392.8 0   285.67 0   285.88 0    44.5 0   125.2 0   225.3 0   -88.5 0   136.8 0    11.9 0    47.9 0     6.1 0   119.2 0   903.1 0
 2019  20  1 20 21 24 21.400  60.35   265.2 0    52.0 0     8.1 0   265.5 0   304.7 0   286.91 0   287.02 0   392.2 0   285.65 0   285.85 0    43.8 0   120.4 0   217.4 0   -87.5 0   129.9 0    11.9 0    47.5 0     6.8 0   119.6 0   903.1 0
 2019  20  1 20 21 25 21.417  60.43   269.7 0    53.1 0    16.4 0   265.5 0   304.7 0   286.88 0   286.97 0   392.3 0   285.61 0   285.84 0    44.0 0   122.9 0   220.5 0   -87.5 0   132.9 0    11.8 0    48.0 0     5.6 0   122.5 0   903.1 0
 2019  20  1 20 21 26 21.433  60.52   268.2 0    52.6 0    11.5 0   266.2 0   305.1 0   286.84 0   286.97 0   392.4 0   285.60 0   285.83 0    43.9 0   121.9 0   219.2 0   -87.3 0   131.9 0    11.9 0    47.8 0     6.1 0   127.3 0   903.1 0
 2019  20  1 20 21 27 21.450  60.60   268.2 0    52.7 0    11.3 0   266.3 0   304.9 0   286.81 0   286.94 0   392.0 0   285.57 0   285.79 0    43.9 0   122.0 0   219.2 0   -87.1 0   132.1 0    11.9 0    47.6 0     6.4 0   130.1 0   903.1 0
 2019  20  1 20 21 28 21.467  60.68   268.6 0    52.6 0    12.8 0   266.2 0   306.0 0   286.79 0   286.96 0   392.3 0   285.56 0   285.80 0    43.8 0   122.2 0   219.9 0   -86.3 0   133.7 0    11.9 0    47.9 0     6.0 0   120.5 0   903.0 0
 2019  20  1 20 21 29 21.483  60.77   267.5 0    52.0 0    11.8 0   265.8 0   306.0 0   286.77 0   286.99 0   392.5 0   285.56 0   285.82 0    43.6 0   121.8 0   219.5 0   -86.5 0   133.1 0    12.0 0    47.5 0     4.9 0   128.8 0   903.0 0
 2019  20  1 20 21 30 21.500  60.85   269.1 0    52.3 0    16.2 0   265.1 0   306.7 0   286.76 0   286.96 0   393.0 0   285.56 0   285.82 0    43.5 0   122.4 0   220.7 0   -86.4 0   134.3 0    12.1 0    47.5 0     4.3 0   134.3 0   903.0 0
 2019  20  1 20 21 31 21.517  60.94   269.8 0    52.3 0    20.3 0   263.8 0   306.9 0   286.74 0   286.98 0   393.2 0   285.56 0   285.86 0    43.2 0   122.7 0   221.4 0   -86.3 0   135.1 0    12.2 0    48.0 0     4.5 0   129.2 0   903.0 0
 2019  20  1 20 21 32 21.533  61.03   264.7 0    51.4 0    15.1 0   261.6 0   306.7 0   286.74 0   286.97 0   392.6 0   285.57 0   285.85 0    42.7 0   120.4 0   217.5 0   -85.9 0   131.6 0    12.2 0    47.2 0     5.5 0   138.3 0   903.0 0
 2019  20  1 20 21 33 21.550  61.12   257.5 0    50.2 0     6.9 0   258.5 0   306.6 0   286.74 0   286.90 0   392.1 0   285.57 0   285.82 0    42.0 0   117.1 0   211.6 0   -85.4 0   126.2 0    12.1 0    47.8 0     6.1 0   142.8 0   903.0 0
 2019  20  1 20 21 34 21.567  61.20   254.7 0    49.6 0     7.4 0   255.5 0   306.6 0   286.73 0   286.90 0   391.6 0   285.56 0   285.82 0    41.6 0   115.9 0   209.4 0   -84.9 0   124.5 0    12.1 0    47.8 0     5.7 0   139.3 0   902.9 0
 2019  20  1 20 21 35 21.583  61.29   251.9 0    49.2 0     7.7 0   252.4 0   306.9 0   286.71 0   286.89 0   391.9 0   285.56 0   285.82 0    41.1 0   114.6 0   207.0 0   -85.0 0   121.9 0    12.1 0    48.7 0     5.8 0   140.1 0   902.8 0
 2019  20  1 20 21 36 21.600  61.38   249.9 0    48.7 0    10.3 0   249.1 0   307.5 0   286.71 0   286.89 0   391.5 0   285.56 0   285.82 0    40.5 0   113.7 0   205.4 0   -84.0 0   121.4 0    12.1 0    48.8 0     6.0 0   135.7 0   902.8 0
 2019  20  1 20 21 37 21.617  61.48   244.8 0    47.6 0     7.8 0   245.4 0   307.0 0   286.69 0   286.89 0   390.9 0   285.56 0   285.81 0    39.9 0   111.4 0   201.6 0   -83.9 0   117.6 0    12.2 0    47.6 0     6.8 0   132.1 0   902.7 0
 2019  20  1 20 21 38 21.633  61.57   239.7 0    46.8 0     6.3 0   241.3 0   307.5 0   286.69 0   286.88 0   390.7 0   285.56 0   285.79 0    39.2 0   109.1 0   197.5 0   -83.2 0   114.3 0    12.1 0    47.8 0     6.4 0   132.0 0   902.7 0
 2019  20  1 20 21 39 21.650  61.66   234.5 0    45.7 0     4.1 0   237.1 0   308.3 0   286.69 0   286.84 0   390.5 0   285.55 0   285.77 0    38.4 0   106.9 0   193.4 0   -82.2 0   111.1 0    12.1 0    47.8 0     5.3 0   132.6 0   902.7 0
 2019  20  1 20 21 40 21.667  61.75   230.1 0    44.7 0     1.8 0   233.8 0   309.1 0   286.68 0   286.84 0   390.3 0   285.54 0   285.77 0    37.9 0   105.0 0   190.0 0   -81.3 0   108.7 0    12.1 0    48.0 0     6.2 0   136.3 0   902.7 0
 2019  20  1 20 21 41 21.683  61.85   227.1 0    44.0 0     1.2 0   231.0 0   309.0 0   286.66 0   286.83 0   390.4 0   285.54 0   285.77 0    37.3 0   103.6 0   187.6 0   -81.5 0   106.1 0    12.1 0    48.6 0     4.9 0   133.4 0   902.7 0
 2019  20  1 20 21 42 21.700  61.94   223.7 0    43.2 0     1.3 0   227.5 0   309.6 0   286.65 0   286.79 0   390.2 0   285.54 0   285.76 0    36.7 0   102.0 0   185.0 0   -80.6 0   104.4 0    12.2 0    47.8 0     5.3 0   133.8 0   902.7 0
 2019  20  1 20 21 43 21.717  62.04   220.0 0    42.4 0     1.4 0   223.8 0   310.4 0   286.64 0   286.83 0   390.1 0   285.54 0   285.77 0    36.0 0   100.4 0   182.0 0   -79.7 0   102.4 0    12.2 0    47.7 0     5.3 0   130.5 0   902.6 0
 2019  20  1 20 21 44 21.733  62.13   217.4 0    42.0 0     1.9 0   220.9 0   310.2 0   286.64 0   286.80 0   389.8 0   285.54 0   285.76 0    35.4 0    99.4 0   179.7 0   -79.6 0   100.1 0    12.2 0    47.6 0     4.2 0   131.4 0   902.6 0
 2019  20  1 20 21 45 21.750  62.23   215.9 0    41.6 0     3.0 0   218.8 0   310.2 0   286.64 0   286.79 0   389.7 0   285.54 0   285.77 0    35.0 0    98.7 0   178.6 0   -79.4 0    99.2 0    12.2 0    47.9 0     5.2 0   133.5 0   902.6 0
 2019  20  1 20 21 46 21.767  62.33   214.3 0    41.4 0     2.1 0   217.5 0   309.8 0   286.62 0   286.75 0   389.4 0   285.54 0   285.77 0    34.6 0    98.0 0   177.1 0   -79.6 0    97.5 0    12.2 0    48.2 0     5.6 0   132.7 0   902.6 0
 2019  20  1 20 21 47 21.783  62.43   214.1 0    41.6 0     2.7 0   217.3 0   309.9 0   286.61 0   286.72 0   388.8 0   285.54 0   285.75 0    34.3 0    98.0 0   176.9 0   -78.9 0    98.0 0    12.2 0    48.1 0     6.1 0   132.1 0   902.5 0
 2019  20  1 20 21 48 21.800  62.53   215.0 0    41.9 0     3.3 0   217.6 0   310.0 0   286.59 0   286.70 0   388.7 0   285.54 0   285.73 0    34.1 0    98.5 0   177.3 0   -78.7 0    98.6 0    12.1 0    48.2 0     6.3 0   125.7 0   902.5 0
 2019  20  1 20 21 49 21.817  62.63   216.3 0    42.4 0     3.1 0   219.0 0   310.1 0   286.58 0   286.66 0   388.0 0   285.52 0   285.70 0    34.0 0    99.1 0   178.0 0   -78.0 0   100.0 0    12.0 0    47.7 0     6.7 0   126.6 0   902.5 0
 2019  20  1 20 21 50 21.833  62.73   219.5 0    43.1 0     3.0 0   222.0 0   310.8 0   286.55 0   286.65 0   388.1 0   285.49 0   285.67 0    34.1 0   100.5 0   180.3 0   -77.2 0   103.1 0    12.0 0    48.3 0     6.6 0   127.5 0   902.5 0
 2019  20  1 20 21 51 21.850  62.83   224.1 0    44.0 0     3.5 0   226.4 0   310.7 0   286.53 0   286.67 0   387.9 0   285.47 0   285.67 0    34.5 0   102.7 0   184.0 0   -77.3 0   106.7 0    12.0 0    48.3 0     6.6 0   129.7 0   902.5 0
 2019  20  1 20 21 52 21.867  62.93   231.4 0    45.5 0     7.3 0   231.7 0   311.1 0   286.53 0   286.67 0   388.3 0   285.46 0   285.67 0    35.0 0   106.0 0   189.6 0   -77.2 0   112.4 0    12.0 0    47.9 0     6.3 0   131.1 0   902.5 0
 2019  20  1 20 21 53 21.883  63.04   239.8 0    47.1 0    12.9 0   237.5 0   311.2 0   286.51 0   286.72 0   388.8 0   285.46 0   285.68 0    35.6 0   109.7 0   196.3 0   -77.6 0   118.7 0    12.1 0    48.6 0     5.6 0   131.8 0   902.5 0
 2019  20  1 20 21 54 21.900  63.14   245.1 0    47.9 0    15.2 0   242.2 0   311.1 0   286.53 0   286.78 0   388.9 0   285.46 0   285.70 0    36.1 0   112.1 0   201.1 0   -77.7 0   123.4 0    12.1 0    48.3 0     6.1 0   136.9 0   902.4 0
 2019  20  1 20 21 55 21.917  63.24   251.0 0    49.4 0    23.1 0   244.6 0   310.4 0   286.53 0   286.76 0   388.8 0   285.46 0   285.69 0    36.5 0   114.5 0   205.6 0   -78.4 0   127.2 0    12.1 0    48.0 0     6.0 0   133.8 0   902.4 0
 2019  20  1 20 21 56 21.933  63.35   252.0 0    49.5 0    27.3 0   244.0 0   310.1 0   286.55 0   286.75 0   389.3 0   285.46 0   285.72 0    36.5 0   114.9 0   206.7 0   -79.1 0   127.6 0    12.1 0    48.0 0     6.2 0   128.4 0   902.3 0
 2019  20  1 20 21 57 21.950  63.45   250.0 0    49.2 0    30.8 0   240.6 0   310.0 0   286.56 0   286.75 0   389.0 0   285.46 0   285.72 0    36.2 0   114.0 0   205.2 0   -79.0 0   126.2 0    12.2 0    47.8 0     6.3 0   128.0 0   902.3 0
 2019  20  1 20 21 58 21.967  63.56   239.9 0    47.0 0    20.5 0   235.6 0   309.7 0   286.56 0   286.80 0   389.3 0   285.47 0   285.75 0    35.4 0   109.5 0   197.7 0   -79.6 0   118.1 0    12.2 0    48.3 0     5.2 0   133.6 0   902.4 0
 2019  20  1 20 21 59 21.983  63.67   238.4 0    46.9 0    27.5 0   230.9 0   309.4 0   286.59 0   286.81 0   389.1 0   285.49 0   285.75 0    34.8 0   108.9 0   196.2 0   -79.7 0   116.5 0    12.3 0    47.3 0     6.8 0   136.1 0   902.4 0
 2019  20  1 20 22  0 22.000  63.78   241.3 0    48.1 0    38.1 0   228.8 0   308.1 0   286.59 0   286.80 0   388.6 0   285.49 0   285.73 0    34.6 0   110.2 0   197.6 0   -80.5 0   117.1 0    12.2 0    46.9 0     7.1 0   134.4 0   902.5 0
 2019  20  1 20 22  1 22.017  63.88   242.4 0    48.4 0    37.3 0   230.2 0   307.9 0   286.61 0   286.77 0   388.8 0   285.49 0   285.74 0    34.5 0   110.8 0   198.2 0   -80.9 0   117.3 0    12.1 0    48.0 0     5.7 0   125.9 0   902.5 0
 2019  20  1 20 22  2 22.033  63.99   247.8 0    49.4 0    41.2 0   233.8 0   307.9 0   286.61 0   286.78 0   388.9 0   285.49 0   285.75 0    34.8 0   113.0 0   202.4 0   -81.0 0   121.4 0    12.1 0    47.5 0     5.9 0   130.8 0   902.5 0
 2019  20  1 20 22  3 22.050  64.10   249.5 0    49.8 0    36.6 0   237.6 0   307.1 0   286.61 0   286.79 0   388.8 0   285.49 0   285.74 0    35.0 0   113.7 0   203.8 0   -81.7 0   122.0 0    12.1 0    47.2 0     5.6 0   132.2 0   902.5 0
 2019  20  1 20 22  4 22.067  64.21   256.3 0    51.2 0    46.6 0   240.3 0   306.9 0   286.61 0   286.82 0   389.3 0   285.49 0   285.75 0    35.3 0   116.7 0   209.4 0   -82.4 0   127.0 0    12.1 0    47.8 0     5.5 0   136.1 0   902.5 0
 2019  20  1 20 22  5 22.083  64.33   262.7 0    52.4 0    58.2 0   242.1 0   307.1 0   286.63 0   286.87 0   389.9 0   285.51 0   285.78 0    35.6 0   119.7 0   214.9 0   -82.8 0   132.1 0    12.2 0    47.8 0     5.4 0   139.2 0   902.5 0
 2019  20  1 20 22  6 22.100  64.44   261.1 0    52.0 0    51.8 0   243.4 0   306.0 0   286.65 0   286.88 0   390.0 0   285.51 0   285.80 0    35.6 0   118.9 0   213.8 0   -84.0 0   129.8 0    12.3 0    47.5 0     5.7 0   138.4 0   902.5 0
 2019  20  1 20 22  7 22.117  64.55   269.0 0    53.9 0    67.3 0   244.9 0   305.8 0   286.67 0   286.90 0   390.2 0   285.54 0   285.82 0    35.8 0   122.5 0   220.0 0   -84.4 0   135.5 0    12.3 0    47.7 0     5.6 0   140.6 0   902.5 0
 2019  20  1 20 22  8 22.133  64.66   271.8 0    54.5 0    71.5 0   246.3 0   305.6 0   286.69 0   286.90 0   390.6 0   285.54 0   285.83 0    35.9 0   123.8 0   222.4 0   -85.1 0   137.3 0    12.3 0    48.0 0     4.9 0   143.2 0   902.5 0
 2019  20  1 20 22  9 22.150  64.78   277.4 0    55.7 0    83.6 0   247.1 0   305.0 0   286.70 0   286.89 0   390.7 0   285.56 0   285.84 0    36.1 0   126.4 0   227.0 0   -85.7 0   141.3 0    12.3 0    47.2 0     5.5 0   134.5 0   902.5 0
 2019  20  1 20 22 10 22.167  64.89   276.0 0    55.5 0    80.6 0   247.2 0   305.4 0   286.71 0   286.92 0   390.7 0   285.56 0   285.85 0    36.0 0   125.8 0   225.9 0   -85.2 0   140.7 0    12.2 0    47.7 0     4.9 0   144.9 0   902.6 0
 2019  20  1 20 22 11 22.183  65.01   265.3 0    53.2 0    59.9 0   245.2 0   305.6 0   286.73 0   286.96 0   390.6 0   285.56 0   285.85 0    35.5 0   120.9 0   217.3 0   -85.0 0   132.3 0    12.2 0    48.3 0     4.4 0   143.4 0   902.6 0
 2019  20  1 20 22 12 22.200  65.12   272.0 0    54.7 0    85.8 0   241.6 0   305.0 0   286.74 0   286.95 0   391.3 0   285.58 0   285.88 0    35.3 0   124.3 0   223.1 0   -86.2 0   136.9 0    12.2 0    48.5 0     3.9 0   136.5 0   902.6 0
 2019  20  1 20 22 13 22.217  65.24   278.0 0    55.9 0   109.2 0   238.4 0   304.8 0   286.77 0   286.92 0   391.5 0   285.61 0   285.91 0    35.0 0   127.1 0   228.2 0   -86.7 0   141.5 0    12.3 0    47.8 0     4.1 0   126.6 0   902.6 0
 2019  20  1 20 22 14 22.233  65.36   272.3 0    55.1 0   101.7 0   235.4 0   305.7 0   286.77 0   286.97 0   391.2 0   285.62 0   285.92 0    34.5 0   124.7 0   222.7 0   -85.5 0   137.2 0    12.3 0    47.0 0     4.7 0   128.1 0   902.6 0
 2019  20  1 20 22 15 22.250  65.47   267.1 0    53.8 0    96.7 0   232.9 0   305.4 0   286.79 0   286.95 0   391.1 0   285.64 0   285.92 0    34.0 0   122.6 0   219.2 0   -85.7 0   133.5 0    12.3 0    47.3 0     5.2 0   126.8 0   902.6 0
 2019  20  1 20 22 16 22.267  65.59   243.2 0    48.6 0    44.0 0   230.3 0   305.7 0   286.79 0   286.95 0   390.5 0   285.64 0   285.90 0    33.0 0   111.3 0   199.9 0   -84.9 0   115.0 0    12.2 0    47.7 0     5.1 0   133.1 0   902.7 0
 2019  20  1 20 22 17 22.283  65.71   226.4 0    44.7 0     8.8 0   227.9 0   306.1 0   286.79 0   286.92 0   390.1 0   285.64 0   285.89 0    32.2 0   103.6 0   186.8 0   -84.0 0   102.8 0    12.2 0    47.9 0     4.9 0   133.0 0   902.6 0
 2019  20  1 20 22 18 22.300  65.83   221.6 0    43.4 0     2.3 0   226.0 0   307.1 0   286.79 0   286.90 0   389.9 0   285.66 0   285.90 0    31.7 0   101.4 0   183.6 0   -82.8 0   100.7 0    12.3 0    47.7 0     4.9 0   127.4 0   902.6 0
 2019  20  1 20 22 19 22.317  65.95   221.5 0    43.3 0     5.0 0   224.5 0   306.9 0   286.77 0   286.91 0   389.5 0   285.67 0   285.89 0    31.3 0   101.5 0   183.2 0   -82.6 0   100.6 0    12.3 0    48.0 0     4.8 0   124.6 0   902.6 0
 2019  20  1 20 22 20 22.333  66.07   229.4 0    45.4 0    26.4 0   223.5 0   307.0 0   286.77 0   286.89 0   389.2 0   285.67 0   285.90 0    31.1 0   105.2 0   188.8 0   -82.2 0   106.6 0    12.3 0    47.8 0     5.0 0   127.4 0   902.6 0
 2019  20  1 20 22 21 22.350  66.19   235.9 0    47.2 0    47.6 0   221.7 0   307.3 0   286.75 0   286.87 0   389.0 0   285.66 0   285.89 0    30.8 0   108.0 0   193.7 0   -81.7 0   112.0 0    12.2 0    47.4 0     5.2 0   127.2 0   902.5 0
 2019  20  1 20 22 22 22.367  66.31   233.9 0    46.9 0    49.4 0   219.2 0   307.8 0   286.74 0   286.88 0   389.4 0   285.66 0   285.89 0    30.4 0   107.0 0   192.2 0   -81.7 0   110.5 0    12.2 0    48.6 0     4.7 0   135.8 0   902.5 0
 2019  20  1 20 22 23 22.383  66.44   236.9 0    47.1 0    62.9 0   217.2 0   307.7 0   286.74 0   286.88 0   389.9 0   285.66 0   285.95 0    30.1 0   108.5 0   195.2 0   -82.2 0   112.9 0    12.4 0    48.9 0     3.4 0   127.4 0   902.5 0
 2019  20  1 20 22 24 22.400  66.56   234.3 0    46.5 0    58.7 0   216.0 0   308.3 0   286.74 0   286.89 0   389.7 0   285.69 0   285.95 0    29.7 0   107.2 0   192.8 0   -81.5 0   111.3 0    12.5 0    46.7 0     5.0 0   132.7 0   902.5 0
 2019  20  1 20 22 25 22.417  66.68   233.4 0    46.5 0    57.4 0   215.7 0   308.5 0   286.74 0   286.93 0   389.4 0   285.69 0   285.94 0    29.5 0   106.8 0   191.9 0   -81.0 0   110.9 0    12.4 0    47.3 0     4.6 0   131.9 0   902.4 0
 2019  20  1 20 22 26 22.433  66.81   226.2 0    44.8 0    39.3 0   215.5 0   308.9 0   286.76 0   286.95 0   389.3 0   285.71 0   285.94 0    29.2 0   103.6 0   186.2 0   -80.4 0   105.8 0    12.4 0    47.1 0     5.3 0   128.8 0   902.4 0
 2019  20  1 20 22 27 22.450  66.93   217.8 0    43.2 0    20.7 0   214.2 0   307.8 0   286.78 0   286.93 0   388.7 0   285.72 0   285.93 0    28.7 0    99.6 0   179.2 0   -80.9 0    98.2 0    12.4 0    46.6 0     5.7 0   117.8 0   902.4 0
 2019  20  1 20 22 28 22.467  67.06   221.7 0    44.3 0    37.2 0   211.9 0   307.8 0   286.78 0   286.85 0   388.3 0   285.70 0   285.90 0    28.5 0   101.5 0   182.2 0   -80.4 0   101.8 0    12.2 0    46.8 0     5.1 0   113.4 0   902.5 0
 2019  20  1 20 22 29 22.483  67.18   220.5 0    44.0 0    41.6 0   209.2 0   307.3 0   286.76 0   286.83 0   388.4 0   285.69 0   285.89 0    28.1 0   101.0 0   181.3 0   -81.1 0   100.2 0    12.2 0    47.3 0     4.9 0   118.2 0   902.5 0
 2019  20  1 20 22 30 22.500  67.31   220.2 0    44.0 0    47.5 0   206.7 0   307.7 0   286.74 0   286.84 0   388.3 0   285.69 0   285.89 0    27.7 0   100.8 0   181.0 0   -80.7 0   100.4 0    12.2 0    47.2 0     5.0 0   117.2 0   902.5 0
 2019  20  1 20 22 31 22.517  67.44   219.5 0    43.8 0    52.0 0   204.5 0   308.0 0   286.74 0   286.83 0   388.5 0   285.68 0   285.91 0    27.4 0   100.6 0   180.6 0   -80.5 0   100.1 0    12.2 0    47.8 0     4.1 0   124.7 0   902.5 0
 2019  20  1 20 22 32 22.533  67.57   212.0 0    42.0 0    36.7 0   202.6 0   307.8 0   286.72 0   286.83 0   388.4 0   285.69 0   285.91 0    27.1 0    96.9 0   174.7 0   -80.6 0    94.0 0    12.3 0    47.1 0     4.1 0   130.7 0   902.5 0
 2019  20  1 20 22 33 22.550  67.70   202.9 0    39.9 0    18.0 0   200.5 0   307.7 0   286.71 0   286.84 0   388.5 0   285.69 0   285.90 0    26.7 0    92.8 0   167.4 0   -80.8 0    86.6 0    12.3 0    47.8 0     3.7 0   129.8 0   902.6 0
 2019  20  1 20 22 34 22.567  67.82   197.9 0    38.7 0    12.5 0   197.5 0   307.7 0   286.71 0   286.84 0   388.0 0   285.69 0   285.89 0    26.3 0    90.5 0   163.6 0   -80.3 0    83.3 0    12.4 0    47.8 0     3.6 0   123.1 0   902.6 0
 2019  20  1 20 22 35 22.583  67.95   195.2 0    38.1 0    14.9 0   193.9 0   306.3 0   286.71 0   286.81 0   387.4 0   285.69 0   285.89 0    26.0 0    89.4 0   161.4 0   -81.2 0    80.2 0    12.3 0    47.5 0     4.2 0   123.5 0   902.6 0
 2019  20  1 20 22 36 22.600  68.08   191.2 0    37.3 0    14.6 0   190.0 0   306.2 0   286.69 0   286.74 0   387.2 0   285.69 0   285.87 0    25.5 0    87.6 0   158.1 0   -81.1 0    77.1 0    12.3 0    48.1 0     3.6 0   115.8 0   902.6 0
 2019  20  1 20 22 37 22.617  68.21   185.8 0    36.1 0    10.3 0   186.1 0   306.7 0   286.67 0   286.69 0   386.8 0   285.69 0   285.87 0    24.9 0    85.2 0   153.8 0   -80.2 0    73.6 0    12.3 0    48.1 0     3.5 0   111.9 0   902.6 0
 2019  20  1 20 22 38 22.633  68.35   182.2 0    35.3 0     8.6 0   183.2 0   307.2 0   286.64 0   286.66 0   386.7 0   285.69 0   285.87 0    24.3 0    83.8 0   151.1 0   -79.5 0    71.6 0    12.3 0    48.0 0     3.1 0   116.4 0   902.5 0
 2019  20  1 20 22 39 22.650  68.48   182.9 0    35.5 0    14.1 0   181.7 0   308.7 0   286.61 0   286.66 0   386.9 0   285.69 0   285.87 0    23.8 0    84.2 0   151.3 0   -78.2 0    73.1 0    12.3 0    48.3 0     2.6 0   122.4 0   902.5 0
 2019  20  1 20 22 40 22.667  68.61   184.3 0    36.0 0    18.6 0   181.4 0   310.3 0   286.59 0   286.68 0   386.6 0   285.69 0   285.87 0    23.4 0    84.9 0   152.3 0   -76.3 0    76.0 0    12.3 0    47.3 0     4.0 0   123.1 0   902.6 0
 2019  20  1 20 22 41 22.683  68.74   184.4 0    36.1 0    15.8 0   182.2 0   311.5 0   286.59 0   286.67 0   386.2 0   285.68 0   285.87 0    23.0 0    84.7 0   151.8 0   -74.8 0    77.0 0    12.2 0    46.6 0     4.0 0   125.7 0   902.6 0
 2019  20  1 20 22 42 22.700  68.88   185.4 0    36.4 0    15.3 0   183.3 0   311.9 0   286.56 0   286.67 0   386.2 0   285.67 0   285.87 0    22.8 0    85.2 0   152.4 0   -74.3 0    78.2 0    12.2 0    46.9 0     3.6 0   122.5 0   902.6 0
 2019  20  1 20 22 43 22.717  69.01   188.2 0    37.0 0    23.9 0   183.2 0   312.6 0   286.56 0   286.67 0   386.3 0   285.67 0   285.87 0    22.7 0    86.5 0   154.8 0   -73.6 0    81.2 0    12.1 0    47.2 0     3.5 0   119.9 0   902.5 0
 2019  20  1 20 22 44 22.733  69.15   184.3 0    36.2 0    22.5 0   180.2 0   312.4 0   286.56 0   286.64 0   386.4 0   285.67 0   285.85 0    22.2 0    84.7 0   152.0 0   -74.0 0    78.0 0    12.1 0    47.2 0     3.4 0   118.0 0   902.6 0
 2019  20  1 20 22 45 22.750  69.28   182.6 0    35.9 0    29.5 0   176.1 0   311.7 0   286.54 0   286.64 0   386.8 0   285.66 0   285.85 0    21.7 0    83.9 0   150.7 0   -75.0 0    75.7 0    12.1 0    47.5 0     3.1 0   125.7 0   902.6 0
 2019  20  1 20 22 46 22.767  69.41   182.3 0    36.0 0    34.3 0   174.1 0   311.2 0   286.54 0   286.62 0   386.3 0   285.65 0   285.84 0    21.4 0    83.9 0   150.2 0   -75.0 0    75.2 0    12.2 0    47.4 0     3.0 0   123.4 0   902.6 0
 2019  20  1 20 22 47 22.783  69.55   183.4 0    36.2 0    36.0 0   174.6 0   311.9 0   286.53 0   286.59 0   386.4 0   285.64 0   285.84 0    21.3 0    84.3 0   151.0 0   -74.4 0    76.5 0    12.2 0    48.2 0     2.9 0   129.6 0   902.5 0
 2019  20  1 20 22 48 22.800  69.69   180.2 0    35.3 0    25.4 0   175.0 0   312.0 0   286.51 0   286.60 0   386.3 0   285.65 0   285.85 0    21.2 0    82.9 0   148.6 0   -74.3 0    74.3 0    12.3 0    48.0 0     3.4 0   124.5 0   902.5 0
 2019  20  1 20 22 49 22.817  69.82   176.9 0    34.7 0    16.3 0   174.7 0   311.5 0   286.51 0   286.57 0   386.0 0   285.65 0   285.83 0    20.9 0    81.2 0   145.7 0   -74.5 0    71.2 0    12.3 0    47.1 0     4.2 0   131.0 0   902.5 0
 2019  20  1 20 22 50 22.833  69.96   176.0 0    34.7 0    16.4 0   173.8 0   311.8 0   286.49 0   286.54 0   385.7 0   285.64 0   285.81 0    20.7 0    80.9 0   144.7 0   -74.0 0    70.8 0    12.2 0    47.1 0     4.0 0   129.9 0   902.5 0
 2019  20  1 20 22 51 22.850  70.10   174.7 0    34.5 0    17.0 0   172.5 0   311.7 0   286.48 0   286.53 0   385.4 0   285.62 0   285.80 0    20.4 0    80.2 0   143.9 0   -73.7 0    70.2 0    12.1 0    47.4 0     3.3 0   125.1 0   902.5 0
 2019  20  1 20 22 52 22.867  70.24   172.8 0    33.9 0    17.2 0   170.7 0   312.1 0   286.46 0   286.54 0   385.5 0   285.61 0   285.80 0    20.2 0    79.5 0   142.6 0   -73.3 0    69.3 0    12.1 0    47.5 0     2.8 0   117.8 0   902.4 0
 2019  20  1 20 22 53 22.883  70.38   171.4 0    33.5 0    20.9 0   168.1 0   312.2 0   286.45 0   286.54 0   385.4 0   285.61 0   285.82 0    19.9 0    78.9 0   141.6 0   -73.2 0    68.4 0    12.2 0    48.0 0     1.9 0   115.0 0   902.4 0
 2019  20  1 20 22 54 22.900  70.52   168.3 0    32.7 0    21.4 0   164.8 0   311.6 0   286.44 0   286.51 0   385.6 0   285.63 0   285.82 0    19.5 0    77.5 0   139.3 0   -74.0 0    65.2 0    12.3 0    47.3 0     2.1 0    91.3 0   902.4 0
 2019  20  1 20 22 55 22.917  70.66   164.9 0    32.0 0    22.9 0   160.9 0   311.8 0   286.43 0   286.51 0   385.9 0   285.64 0   285.84 0    19.1 0    75.9 0   136.6 0   -74.1 0    62.5 0    12.4 0    47.6 0     1.4 0   112.9 0   902.4 0
 2019  20  1 20 22 56 22.933  70.80   161.1 0    31.1 0    22.5 0   157.3 0   312.1 0   286.43 0   286.52 0   385.7 0   285.66 0   285.87 0    18.7 0    74.3 0   133.6 0   -73.6 0    60.0 0    12.4 0    46.7 0     1.3 0    95.9 0   902.3 0
 2019  20  1 20 22 57 22.950  70.94   152.8 0    29.2 0     6.3 0   154.1 0   312.4 0   286.43 0   286.50 0   385.4 0   285.67 0   285.87 0    18.2 0    70.4 0   127.0 0   -73.0 0    54.0 0    12.5 0    47.1 0     1.7 0    87.5 0   902.2 0
 2019  20  1 20 22 58 22.967  71.08   148.9 0    28.4 0     3.5 0   151.3 0   312.8 0   286.43 0   286.48 0   385.0 0   285.68 0   285.87 0    17.7 0    68.7 0   123.9 0   -72.2 0    51.8 0    12.6 0    46.2 0     1.6 0    79.8 0   902.3 0
 2019  20  1 20 22 59 22.983  71.22   145.4 0    27.7 0     1.9 0   148.2 0   313.4 0   286.41 0   286.48 0   385.1 0   285.69 0   285.87 0    17.3 0    67.0 0   121.1 0   -71.7 0    49.3 0    12.6 0    46.4 0     2.0 0   105.7 0   902.3 0
 2019  20  1 20 23  0 23.000  71.37   141.2 0    27.0 0     0.4 0   144.5 0   314.9 0   286.41 0   286.48 0   384.6 0   285.69 0   285.87 0    16.8 0    65.1 0   117.6 0   -69.7 0    47.9 0    12.5 0    46.5 0     2.7 0   107.2 0   902.3 0
 2019  20  1 20 23  1 23.017  71.51   137.2 0    26.2 0     0.0 0   140.6 0   315.1 0   286.41 0   286.48 0   384.6 0   285.70 0   285.87 0    16.2 0    63.4 0   114.4 0   -69.4 0    45.0 0    12.5 0    47.2 0     2.0 0   107.5 0   902.3 0
 2019  20  1 20 23  2 23.033  71.65   134.1 0    25.5 0     0.0 0   137.5 0   316.0 0   286.41 0   286.46 0   384.7 0   285.72 0   285.88 0    15.8 0    62.1 0   111.9 0   -68.8 0    43.2 0    12.5 0    47.7 0     2.0 0   107.2 0   902.3 0
 2019  20  1 20 23  3 23.050  71.80   132.8 0    25.1 0     0.0 0   136.0 0   316.3 0   286.41 0   286.48 0   384.1 0   285.72 0   285.89 0    15.5 0    61.5 0   110.9 0   -67.8 0    43.1 0    12.6 0    47.2 0     2.5 0   101.7 0   902.2 0
 2019  20  1 20 23  4 23.067  71.94   132.4 0    25.1 0     0.0 0   135.5 0   316.3 0   286.41 0   286.48 0   383.7 0   285.72 0   285.89 0    15.3 0    61.3 0   110.4 0   -67.4 0    43.0 0    12.6 0    47.3 0     2.5 0   103.5 0   902.2 0
 2019  20  1 20 23  5 23.083  72.09   131.0 0    24.8 0     0.0 0   134.1 0   317.3 0   286.40 0   286.49 0   384.1 0   285.73 0   285.89 0    15.0 0    60.6 0   109.2 0   -66.7 0    42.5 0    12.6 0    47.2 0     2.4 0   115.0 0   902.3 0
 2019  20  1 20 23  6 23.100  72.23   127.7 0    24.1 0     0.0 0   130.9 0   318.1 0   286.41 0   286.49 0   384.1 0   285.74 0   285.89 0    14.6 0    59.2 0   106.8 0   -66.0 0    40.7 0    12.6 0    47.5 0     1.9 0   114.8 0   902.2 0
 2019  20  1 20 23  7 23.117  72.38   123.1 0    23.2 0     0.0 0   126.5 0   318.5 0   286.43 0   286.50 0   383.5 0   285.74 0   285.90 0    14.1 0    57.2 0   103.2 0   -65.0 0    38.2 0    12.6 0    47.2 0     1.8 0    95.3 0   902.2 0
 2019  20  1 20 23  8 23.133  72.52   118.2 0    22.3 0     0.0 0   121.5 0   319.0 0   286.43 0   286.49 0   383.2 0   285.74 0   285.90 0    13.5 0    55.0 0    99.3 0   -64.2 0    35.0 0    12.6 0    47.4 0     1.9 0    95.8 0   902.2 0
 2019  20  1 20 23  9 23.150  72.67   112.9 0    21.2 0     0.0 0   116.2 0   319.5 0   286.43 0   286.50 0   383.4 0   285.76 0   285.92 0    13.0 0    52.6 0    95.0 0   -63.9 0    31.1 0    12.6 0    48.6 0     1.6 0   109.6 0   902.2 0
 2019  20  1 20 23 10 23.167  72.82   107.6 0    20.1 0     0.0 0   110.9 0   319.6 0   286.43 0   286.48 0   383.0 0   285.77 0   285.92 0    12.5 0    50.2 0    90.7 0   -63.4 0    27.3 0    12.7 0    47.5 0     1.7 0   104.7 0   902.3 0
 2019  20  1 20 23 11 23.183  72.96   103.5 0    19.4 0     0.0 0   106.6 0   320.3 0   286.43 0   286.48 0   382.6 0   285.77 0   285.91 0    12.0 0    48.4 0    87.1 0   -62.2 0    24.9 0    12.7 0    47.2 0     1.4 0    90.5 0   902.3 0
 2019  20  1 20 23 12 23.200  73.11   101.1 0    19.0 0     0.0 0   103.9 0   320.8 0   286.43 0   286.46 0   381.9 0   285.77 0   285.91 0    11.6 0    47.4 0    84.9 0   -61.1 0    23.9 0    12.7 0    47.2 0     0.9 0    82.0 0   902.2 0
 2019  20  1 20 23 13 23.217  73.26    99.4 0    18.6 0     0.0 0   102.1 0   321.8 0   286.43 0   286.43 0   382.2 0   285.77 0   285.92 0    11.3 0    46.5 0    83.5 0   -60.4 0    23.1 0    12.7 0    47.3 0     0.2 0   106.7 0   902.2 0
 2019  20  1 20 23 14 23.233  73.41    97.1 0    18.1 0     0.0 0    99.7 0   323.0 0   286.43 0   286.43 0   382.3 0   285.77 0   285.92 0    11.0 0    45.4 0    81.6 0   -59.3 0    22.3 0    12.8 0    47.0 0     0.3 0   109.1 0   902.2 0
 2019  20  1 20 23 15 23.250  73.56    94.4 0    17.6 0     0.0 0    97.0 0   323.1 0   286.41 0   286.42 0   382.4 0   285.78 0   285.92 0    10.6 0    44.2 0    79.4 0   -59.4 0    20.0 0    12.8 0    47.1 0     0.6 0   112.0 0   902.1 0
 2019  20  1 20 23 16 23.267  73.71    93.2 0    17.4 0     0.0 0    95.7 0   324.1 0   286.40 0   286.41 0   382.8 0   285.79 0   285.92 0    10.3 0    43.6 0    78.3 0   -58.6 0    19.7 0    12.8 0    47.5 0     0.8 0   126.4 0   902.1 0
 2019  20  1 20 23 17 23.283  73.86    95.0 0    17.8 0     0.0 0    97.1 0   323.9 0   286.38 0   286.39 0   381.9 0   285.79 0   285.92 0    10.2 0    44.6 0    79.4 0   -58.0 0    21.4 0    12.8 0    47.6 0     1.4 0    80.1 0   902.0 0
 2019  20  1 20 23 18 23.300  74.01    98.3 0    18.4 0     0.2 0   100.4 0   324.0 0   286.38 0   286.38 0   381.4 0   285.79 0   285.92 0    10.3 0    46.2 0    82.0 0   -57.4 0    24.6 0    12.8 0    47.6 0     1.3 0    70.0 0   902.0 0
 2019  20  1 20 23 19 23.317  74.16   100.6 0    18.8 0     0.3 0   102.9 0   324.1 0   286.38 0   286.39 0   381.4 0   285.79 0   285.92 0    10.4 0    47.2 0    84.1 0   -57.3 0    26.8 0    12.8 0    47.8 0     1.2 0    93.5 0   902.0 0
 2019  20  1 20 23 20 23.333  74.31   100.5 0    18.8 0     0.4 0   103.0 0   324.3 0   286.38 0   286.41 0   381.4 0   285.79 0   285.94 0    10.4 0    47.0 0    84.2 0   -57.2 0    27.1 0    12.7 0    47.9 0     1.0 0   106.2 0   902.0 0
 2019  20  1 20 23 21 23.350  74.46    98.7 0    18.5 0     0.3 0   101.2 0   324.0 0   286.38 0   286.41 0   381.4 0   285.80 0   285.94 0    10.2 0    46.1 0    82.9 0   -57.4 0    25.5 0    12.8 0    48.0 0     1.2 0    98.0 0   902.0 0
 2019  20  1 20 23 22 23.367  74.62    96.5 0    18.0 0     0.3 0    99.0 0   324.1 0   286.37 0   286.40 0   381.7 0   285.79 0   285.93 0    10.0 0    44.9 0    81.0 0   -57.6 0    23.4 0    12.7 0    48.5 0     1.9 0   141.6 0   902.0 0
 2019  20  1 20 23 23 23.383  74.77    94.6 0    17.8 0     0.3 0    97.1 0   323.9 0   286.35 0   286.38 0   381.6 0   285.79 0   285.92 0     9.8 0    43.9 0    79.4 0   -57.7 0    21.7 0    12.7 0    48.6 0     1.1 0   126.6 0   902.0 0
 2019  20  1 20 23 24 23.400  74.92    93.3 0    17.4 0     0.4 0    95.7 0   323.4 0   286.35 0   286.38 0   381.4 0   285.79 0   285.94 0     9.6 0    43.3 0    78.3 0   -58.0 0    20.3 0    12.7 0    48.5 0     0.5 0   128.3 0   902.0 0
 2019  20  1 20 23 25 23.417  75.07    91.5 0    17.1 0     0.4 0    93.9 0   323.2 0   286.35 0   286.37 0   381.5 0   285.79 0   285.95 0     9.5 0    42.4 0    77.0 0   -58.3 0    18.7 0    12.8 0    48.4 0     0.6 0   136.2 0   902.1 0
 2019  20  1 20 23 26 23.433  75.23    88.7 0    16.5 0     0.4 0    91.2 0   322.0 0   286.34 0   286.36 0   381.4 0   285.81 0   285.94 0     9.3 0    41.1 0    74.8 0   -59.3 0    15.4 0    12.8 0    48.8 0     1.3 0   116.8 0   902.0 0
 2019  20  1 20 23 27 23.450  75.38    85.4 0    15.9 0     0.5 0    87.9 0   320.6 0   286.33 0   286.35 0   380.9 0   285.82 0   285.93 0     9.0 0    39.6 0    72.0 0   -60.4 0    11.7 0    12.7 0    48.9 0     1.1 0   108.8 0   902.0 0
 2019  20  1 20 23 28 23.467  75.54    82.7 0    15.5 0     0.8 0    85.1 0   319.5 0   286.33 0   286.33 0   380.7 0   285.82 0   285.93 0     8.7 0    38.5 0    69.8 0   -61.1 0     8.7 0    12.7 0    49.4 0     0.6 0   106.1 0   902.0 0
 2019  20  1 20 23 29 23.483  75.69    82.1 0    15.5 0     0.8 0    84.2 0   319.1 0   286.33 0   286.31 0   380.4 0   285.82 0   285.92 0     8.5 0    38.1 0    68.9 0   -61.3 0     7.6 0    12.8 0    49.3 0     0.7 0   107.3 0   902.0 0
 2019  20  1 20 23 30 23.500  75.85    83.3 0    15.6 0     0.8 0    85.2 0   318.6 0   286.32 0   286.30 0   380.4 0   285.82 0   285.92 0     8.4 0    38.6 0    69.8 0   -61.7 0     8.1 0    12.8 0    49.1 0     0.9 0   122.0 0   902.0 0
 2019  20  1 20 23 31 23.517  76.00    85.5 0    16.1 0     0.8 0    87.3 0   318.4 0   286.30 0   286.29 0   380.1 0   285.81 0   285.92 0     8.3 0    39.4 0    71.4 0   -61.7 0     9.6 0    12.8 0    48.7 0     1.6 0   128.7 0   901.9 0
 2019  20  1 20 23 32 23.533  76.16    86.8 0    16.3 0     0.8 0    88.7 0   317.9 0   286.29 0   286.29 0   379.7 0   285.79 0   285.92 0     8.3 0    39.9 0    72.6 0   -61.8 0    10.8 0    12.7 0    48.7 0     1.6 0   121.8 0   901.9 0
 2019  20  1 20 23 33 23.550  76.32    86.8 0    16.3 0     1.5 0    88.8 0   317.7 0   286.28 0   286.28 0   379.3 0   285.79 0   285.92 0     8.1 0    39.9 0    72.8 0   -61.6 0    11.2 0    12.7 0    48.6 0     1.5 0   107.7 0   901.8 0
 2019  20  1 20 23 34 23.567  76.47    85.6 0    16.3 0     1.7 0    87.7 0   317.2 0   286.28 0   286.28 0   379.5 0   285.79 0   285.90 0     7.9 0    39.4 0    71.8 0   -62.3 0     9.5 0    12.6 0    48.9 0     2.1 0   118.4 0   901.8 0
 2019  20  1 20 23 35 23.583  76.63    84.0 0    15.9 0     1.5 0    86.1 0   317.5 0   286.28 0   286.28 0   379.6 0   285.79 0   285.89 0     7.7 0    38.6 0    70.5 0   -62.1 0     8.5 0    12.6 0    49.3 0     1.9 0   133.5 0   901.8 0
 2019  20  1 20 23 36 23.600  76.79    82.3 0    15.6 0     1.1 0    84.6 0   317.5 0   286.28 0   286.26 0   379.3 0   285.77 0   285.89 0     7.6 0    37.9 0    69.3 0   -61.7 0     7.5 0    12.7 0    49.4 0     1.8 0   139.4 0   901.9 0
 2019  20  1 20 23 37 23.617  76.95    81.0 0    15.5 0     0.8 0    83.3 0   316.5 0   286.27 0   286.25 0   378.9 0   285.77 0   285.88 0     7.4 0    37.3 0    68.0 0   -62.4 0     5.6 0    12.7 0    50.7 0     2.7 0   123.6 0   901.8 0
 2019  20  1 20 23 38 23.633  77.10    79.9 0    15.3 0     0.9 0    82.2 0   315.5 0   286.25 0   286.23 0   378.4 0   285.77 0   285.86 0     7.3 0    36.8 0    67.1 0   -62.9 0     4.2 0    12.6 0    51.5 0     3.8 0   128.9 0   901.8 0
 2019  20  1 20 23 39 23.650  77.26    78.7 0    15.1 0     0.9 0    81.1 0   314.9 0   286.25 0   286.23 0   378.1 0   285.77 0   285.84 0     7.2 0    36.4 0    66.2 0   -63.2 0     3.0 0    12.6 0    51.8 0     3.6 0   123.4 0   901.8 0
 2019  20  1 20 23 40 23.667  77.42    77.6 0    15.1 0     1.2 0    80.0 0   313.6 0   286.25 0   286.20 0   377.3 0   285.74 0   285.81 0     7.1 0    35.8 0    65.2 0   -63.6 0     1.5 0    12.6 0    50.2 0     4.6 0   119.5 0   901.8 0
 2019  20  1 20 23 41 23.683  77.58    76.6 0    15.1 0     0.8 0    79.0 0   312.8 0   286.24 0   286.14 0   376.8 0   285.72 0   285.77 0     7.0 0    35.3 0    64.1 0   -64.0 0     0.0 0    12.4 0    48.9 0     4.8 0   120.5 0   901.7 0
 2019  20  1 20 23 42 23.700  77.74    75.9 0    15.1 0     0.8 0    78.2 0   312.2 0   286.22 0   286.09 0   376.5 0   285.68 0   285.74 0     6.8 0    34.9 0    63.3 0   -64.2 0    -0.9 0    12.3 0    48.8 0     4.5 0   120.1 0   901.7 0
 2019  20  1 20 23 43 23.717  77.90    75.5 0    15.1 0     0.8 0    77.8 0   311.8 0   286.19 0   286.06 0   376.4 0   285.65 0   285.70 0     6.7 0    34.8 0    62.9 0   -64.6 0    -1.6 0    12.2 0    49.6 0     4.2 0   124.4 0   901.6 0
 2019  20  1 20 23 44 23.733  78.06    75.2 0    15.1 0     0.9 0    77.6 0   311.6 0   286.16 0   286.03 0   376.0 0   285.61 0   285.65 0     6.6 0    34.5 0    62.7 0   -64.4 0    -1.7 0    12.2 0    49.4 0     4.4 0   128.6 0   901.6 0
 2019  20  1 20 23 45 23.750  78.22    75.1 0    15.1 0     1.5 0    77.4 0   311.4 0   286.12 0   285.99 0   375.7 0   285.57 0   285.61 0     6.5 0    34.5 0    62.6 0   -64.4 0    -1.7 0    12.1 0    48.6 0     5.2 0   129.7 0   901.6 0
 2019  20  1 20 23 46 23.767  78.38    75.1 0    15.1 0     2.1 0    77.2 0   310.5 0   286.09 0   285.95 0   375.4 0   285.53 0   285.56 0     6.4 0    34.4 0    62.5 0   -65.0 0    -2.4 0    12.0 0    49.0 0     4.7 0   130.2 0   901.6 0
 2019  20  1 20 23 47 23.783  78.55    74.6 0    15.1 0     3.2 0    76.4 0   309.9 0   286.05 0   285.91 0   375.0 0   285.49 0   285.52 0     6.3 0    34.1 0    62.0 0   -65.1 0    -3.1 0    12.0 0    49.4 0     4.6 0   129.3 0   901.6 0
 2019  20  1 20 23 48 23.800  78.71    73.0 0    14.7 0     4.2 0    74.7 0   309.8 0   286.01 0   285.86 0   374.9 0   285.44 0   285.47 0     6.1 0    33.4 0    60.8 0   -65.1 0    -4.3 0    11.9 0    49.6 0     4.5 0   134.5 0   901.6 0
 2019  20  1 20 23 49 23.817  78.87    70.5 0    14.3 0     5.1 0    72.1 0   309.2 0   285.97 0   285.81 0   374.6 0   285.40 0   285.44 0     5.9 0    32.2 0    58.8 0   -65.3 0    -6.5 0    11.9 0    49.3 0     4.8 0   131.2 0   901.6 0
 2019  20  1 20 23 50 23.833  79.03    68.2 0    13.8 0     8.5 0    69.3 0   309.4 0   285.93 0   285.76 0   374.4 0   285.36 0   285.40 0     5.7 0    31.3 0    57.1 0   -65.0 0    -7.9 0    11.9 0    49.6 0     4.6 0   132.5 0   901.6 0
 2019  20  1 20 23 51 23.850  79.19    66.4 0    13.6 0    11.8 0    67.0 0   308.8 0   285.88 0   285.73 0   373.9 0   285.32 0   285.36 0     5.5 0    30.5 0    55.6 0   -65.1 0    -9.5 0    11.9 0    49.3 0     5.2 0   131.0 0   901.6 0
 2019  20  1 20 23 52 23.867  79.36    65.4 0    13.4 0    13.5 0    65.6 0   308.7 0   285.85 0   285.70 0   373.6 0   285.28 0   285.32 0     5.3 0    30.0 0    54.7 0   -64.9 0   -10.3 0    11.9 0    49.6 0     4.7 0   129.9 0   901.6 0
 2019  20  1 20 23 53 23.883  79.52    64.8 0    13.1 0    11.8 0    65.2 0   308.8 0   285.82 0   285.68 0   373.5 0   285.25 0   285.29 0     5.2 0    29.7 0    54.2 0   -64.7 0   -10.4 0    11.9 0    50.2 0     4.0 0   128.6 0   901.6 0
 2019  20  1 20 23 54 23.900  79.68    64.2 0    13.0 0     7.0 0    65.3 0   308.7 0   285.78 0   285.64 0   373.3 0   285.22 0   285.26 0     5.1 0    29.4 0    53.6 0   -64.6 0   -11.0 0    11.9 0    50.1 0     4.5 0   128.9 0   901.6 0
 2019  20  1 20 23 55 23.917  79.85    64.0 0    13.0 0     3.1 0    65.8 0   308.5 0   285.76 0   285.61 0   373.1 0   285.19 0   285.23 0     5.0 0    29.1 0    53.4 0   -64.6 0   -11.2 0    11.9 0    50.2 0     4.3 0   126.2 0   901.5 0
 2019  20  1 20 23 56 23.933  80.01    64.4 0    13.0 0     1.7 0    66.3 0   308.1 0   285.73 0   285.57 0   372.9 0   285.16 0   285.20 0     4.9 0    29.1 0    53.6 0   -64.7 0   -11.1 0    11.8 0    49.6 0     4.9 0   123.7 0   901.5 0
 2019  20  1 20 23 57 23.950  80.18    64.3 0    13.0 0     0.9 0    66.3 0   307.7 0   285.69 0   285.55 0   372.6 0   285.13 0   285.17 0     4.8 0    29.1 0    53.4 0   -64.9 0   -11.5 0    11.8 0    49.1 0     5.3 0   117.3 0   901.5 0
 2019  20  1 20 23 58 23.967  80.34    63.4 0    12.6 0     0.8 0    65.6 0   307.2 0   285.66 0   285.52 0   372.3 0   285.10 0   285.15 0     4.7 0    28.7 0    53.1 0   -65.1 0   -11.9 0    11.8 0    49.2 0     5.0 0   115.1 0   901.4 0
 2019  20  1 20 23 59 23.983  80.51    62.1 0    12.4 0     0.8 0    64.3 0   306.7 0   285.63 0   285.49 0   372.1 0   285.07 0   285.12 0     4.6 0    28.1 0    52.0 0   -65.4 0   -13.3 0    11.8 0    49.1 0     5.1 0   123.2 0   901.4 0
