 Penn State
   40.72  -77.93  376 m version 1
 2019   9  1  9  0  0  0.000 111.78    -0.8 0     0.3 0     0.4 0     0.4 0   333.2 0   277.34 0   277.10 0   332.0 0   277.12 0   277.08 0     0.0 0    -0.1 0     0.0 0     0.0 0     0.0 0     4.2 0    93.5 0     3.2 0   343.6 0   959.1 0
 2019   9  1  9  0  1  0.017 111.96    -0.8 0    -0.2 0     0.4 0     0.4 0   333.5 0   277.32 0   277.11 0   331.9 0   277.10 0   277.07 0     0.0 0    -0.1 0     0.0 0     0.0 0     0.0 0     4.2 0    93.8 0     3.4 0   344.4 0   959.2 0
 2019   9  1  9  0  2  0.033 112.15    -0.8 0    -0.1 0     0.4 0     0.4 0   332.4 0   277.32 0   277.10 0   329.4 0   277.10 0   277.05 0     0.0 0    -0.1 0     0.0 0     0.0 0     0.0 0     5.2 0    93.6 0     3.8 0   333.9 0   959.4 0
 2019   9  1  9  0  3  0.050 112.34    -0.8 0     0.3 0     0.4 0     0.4 0   331.5 0   277.32 0   277.11 0   331.7 0   277.08 0   277.03 0     0.0 0    -0.1 0     0.0 0    -0.3 0    -0.3 0     4.2 0    93.8 0     4.7 0   324.7 0   959.6 0
 2019   9  1  9  0  4  0.067 112.52    -1.0 0    -0.3 0     0.4 0     0.4 0   331.3 0   277.33 0   277.15 0   332.8 0   277.08 0   277.04 0     0.0 0    -0.2 0     0.0 0    -1.5 0    -1.5 0     4.2 0    94.0 0     5.9 0   320.2 0   959.9 0
 2019   9  1  9  0  5  0.083 112.71    -1.1 0    -0.3 0     0.4 0     0.4 0   331.8 0   277.35 0   277.17 0   332.5 0   277.08 0   277.04 0     0.0 0    -0.1 0     0.0 0    -0.7 0    -0.7 0     4.2 0    94.1 0     6.2 0   313.0 0   960.2 0
 2019   9  1  9  0  6  0.100 112.90    -1.1 0    -0.3 0     0.4 0     0.4 0   333.0 0   277.36 0   277.18 0   333.3 0   277.08 0   277.03 0     0.0 0    -0.1 0     0.0 0    -0.2 0    -0.2 0     4.2 0    94.2 0     6.8 0   309.3 0   960.6 0
 2019   9  1  9  0  7  0.117 113.08    -1.1 0     0.0 0     0.4 0     0.4 0   333.9 0   277.37 0   277.18 0   333.4 0   277.08 0   277.03 0     0.0 0    -0.1 0     0.0 0     0.0 0     0.0 0     4.2 0    94.1 0     5.0 0   299.3 0   960.9 0
 2019   9  1  9  0  8  0.133 113.27    -1.1 0     0.3 0     0.4 0     0.4 0   334.3 0   277.37 0   277.18 0   333.0 0   277.07 0   277.03 0     0.0 0    -0.1 0     0.0 0     0.0 0     0.0 0     4.2 0    94.1 0     3.9 0   286.9 0   961.1 0
 2019   9  1  9  0  9  0.150 113.45    -1.1 0     0.2 0     0.4 0     0.4 0   336.5 0   277.38 0   277.20 0   332.8 0   277.06 0   277.03 0     0.0 0    -0.1 0     0.0 0     0.0 0     0.0 0     4.2 0    94.4 0     3.5 0   293.6 0   961.0 0
 2019   9  1  9  0 10  0.167 113.64    -1.1 0    -0.3 0     0.4 0     0.4 0   336.4 0   277.40 0   277.22 0   333.1 0   277.06 0   277.03 0     0.0 0    -0.1 0     0.0 0     0.0 0     0.0 0     4.2 0    94.3 0     4.5 0   304.2 0   961.2 0
 2019   9  1  9  0 11  0.183 113.83    -1.1 0    -0.2 0     0.4 0     0.4 0   335.7 0   277.42 0   277.21 0   333.2 0   277.07 0   277.03 0     0.0 0    -0.1 0     0.0 0     0.0 0     0.0 0     4.2 0    94.1 0     3.8 0   313.6 0   961.3 0
 2019   9  1  9  0 12  0.200 114.01    -1.1 0     0.3 0     0.4 0     0.4 0   335.4 0   277.42 0   277.20 0   332.0 0   277.06 0   277.02 0     0.0 0    -0.1 0     0.0 0     0.0 0     0.0 0     4.2 0    94.1 0     3.3 0   320.5 0   961.3 0
 2019   9  1  9  0 13  0.217 114.20    -1.1 0     0.3 0     0.3 0     0.4 0   334.5 0   277.42 0   277.20 0   333.0 0   277.05 0   277.01 0     0.0 0    -0.1 0     0.0 0     0.0 0     0.0 0     4.2 0    94.2 0     3.5 0   312.8 0   961.3 0
 2019   9  1  9  0 14  0.233 114.39    -1.1 0     0.3 0     0.3 0     0.4 0   334.2 0   277.42 0   277.20 0   332.4 0   277.05 0   277.00 0     0.0 0    -0.2 0     0.0 0     0.0 0     0.0 0     4.2 0    94.3 0     3.3 0   313.3 0   961.3 0
 2019   9  1  9  0 15  0.250 114.58    -1.1 0     0.3 0     0.3 0     0.4 0   334.5 0   277.42 0   277.20 0   333.4 0   277.04 0   277.00 0     0.0 0    -0.2 0     0.0 0     0.0 0     0.0 0     4.2 0    94.3 0     2.3 0   278.1 0   961.3 0
 2019   9  1  9  0 16  0.267 114.76    -0.9 0     0.3 0     0.4 0     0.4 0   333.5 0   277.42 0   277.19 0   333.3 0   277.03 0   276.99 0     0.0 0    -0.2 0     0.0 0     0.0 0     0.0 0     4.1 0    94.3 0     2.6 0   217.5 0   961.3 0
 2019   9  1  9  0 17  0.283 114.95    -0.9 0     0.0 0     0.4 0     0.4 0   333.7 0   277.42 0   277.19 0   334.1 0   277.03 0   276.98 0     0.0 0    -0.2 0     0.0 0    -0.5 0    -0.5 0     4.2 0    94.4 0     4.1 0   190.9 0   961.3 0
 2019   9  1  9  0 18  0.300 115.14    -1.1 0    -0.3 0     0.4 0     0.4 0   333.6 0   277.42 0   277.20 0   333.4 0   277.03 0   276.98 0     0.0 0    -0.2 0     0.0 0     0.0 0     0.0 0     4.2 0    94.5 0     3.9 0   186.2 0   961.3 0
 2019   9  1  9  0 19  0.317 115.32    -1.1 0    -0.3 0     0.4 0     0.4 0   333.4 0   277.42 0   277.21 0   333.5 0   277.03 0   277.00 0     0.0 0    -0.2 0     0.0 0    -0.1 0    -0.1 0     4.2 0    94.6 0     3.3 0   211.5 0   961.2 0
 2019   9  1  9  0 20  0.333 115.51    -1.1 0    -0.3 0     0.4 0     0.4 0   333.2 0   277.42 0   277.22 0   333.4 0   277.03 0   277.00 0     0.0 0    -0.2 0     0.0 0    -0.2 0    -0.2 0     4.2 0    94.7 0     2.9 0   215.2 0   961.2 0
 2019   9  1  9  0 21  0.350 115.70    -1.1 0    -0.3 0     0.3 0     0.4 0   332.4 0   277.42 0   277.25 0   333.2 0   277.04 0   277.01 0     0.0 0    -0.2 0     0.0 0    -0.8 0    -0.8 0     4.3 0    94.7 0     1.8 0   209.7 0   961.1 0
 2019   9  1  9  0 22  0.367 115.89    -1.1 0    -0.3 0     0.0 0     0.4 0   332.9 0   277.44 0   277.27 0   332.9 0   277.05 0   277.03 0     0.0 0    -0.2 0     0.0 0     0.0 0     0.0 0     4.3 0    94.7 0     1.4 0   179.8 0   960.9 0
 2019   9  1  9  0 23  0.383 116.07    -1.1 0    -0.3 0     0.0 0     0.4 0   333.1 0   277.46 0   277.29 0   333.8 0   277.05 0   277.03 0     0.0 0    -0.2 0     0.0 0    -0.8 0    -0.8 0     4.4 0    94.7 0     2.6 0   147.9 0   960.5 0
 2019   9  1  9  0 24  0.400 116.26    -1.1 0    -0.3 0     0.0 0     0.4 0   332.6 0   277.47 0   277.31 0   333.5 0   277.07 0   277.04 0     0.0 0    -0.2 0     0.0 0    -0.9 0    -0.9 0     4.4 0    94.8 0     3.7 0   127.3 0   960.0 0
 2019   9  1  9  0 25  0.417 116.45    -1.1 0    -0.3 0     0.0 0     0.4 0   331.4 0   277.49 0   277.32 0   333.5 0   277.08 0   277.06 0     0.0 0    -0.2 0     0.0 0    -2.0 0    -2.0 0     4.4 0    94.9 0     3.8 0   116.4 0   959.8 0
 2019   9  1  9  0 26  0.433 116.64    -1.1 0    -0.3 0     0.0 0     0.4 0   331.6 0   277.51 0   277.35 0   333.9 0   277.09 0   277.08 0     0.0 0    -0.2 0     0.0 0    -2.3 0    -2.3 0     4.5 0    95.2 0     3.0 0   120.5 0   959.8 0
 2019   9  1  9  0 27  0.450 116.83    -1.4 0    -0.3 0     0.0 0     0.4 0   331.5 0   277.53 0   277.38 0   333.9 0   277.11 0   277.10 0     0.0 0    -0.2 0     0.0 0    -2.3 0    -2.3 0     4.5 0    95.4 0     2.6 0   121.7 0   959.9 0
 2019   9  1  9  0 28  0.467 117.01    -1.5 0    -0.3 0     0.0 0     0.4 0   331.3 0   277.56 0   277.43 0   333.5 0   277.13 0   277.12 0     0.0 0    -0.2 0     0.0 0    -2.2 0    -2.2 0     4.6 0    95.5 0     2.1 0   104.4 0   959.9 0
 2019   9  1  9  0 29  0.483 117.20    -1.5 0    -0.3 0     0.0 0     0.4 0   331.0 0   277.59 0   277.46 0   334.1 0   277.15 0   277.14 0     0.0 0    -0.2 0     0.0 0    -3.1 0    -3.1 0     4.7 0    95.5 0     1.9 0    95.9 0   959.9 0
 2019   9  1  9  0 30  0.500 117.39    -1.5 0    -0.3 0     0.0 0     0.4 0   330.8 0   277.62 0   277.48 0   333.6 0   277.17 0   277.16 0     0.0 0    -0.2 0     0.0 0    -2.8 0    -2.8 0     4.7 0    95.5 0     1.9 0    90.6 0   959.7 0
 2019   9  1  9  0 31  0.517 117.58    -1.5 0    -0.3 0     0.0 0     0.4 0   330.6 0   277.65 0   277.48 0   333.3 0   277.18 0   277.17 0     0.0 0    -0.2 0     0.0 0    -2.7 0    -2.7 0     4.7 0    95.5 0     1.8 0    74.7 0   959.7 0
 2019   9  1  9  0 32  0.533 117.77    -1.2 0    -0.3 0     0.0 0     0.4 0   330.1 0   277.66 0   277.47 0   332.9 0   277.20 0   277.17 0     0.0 0    -0.2 0     0.0 0    -2.8 0    -2.8 0     4.7 0    95.4 0     1.4 0    65.0 0   959.6 0
 2019   9  1  9  0 33  0.550 117.95    -1.1 0    -0.2 0     0.0 0     0.4 0   329.8 0   277.66 0   277.46 0   333.0 0   277.20 0   277.17 0     0.0 0    -0.2 0     0.0 0    -3.2 0    -3.2 0     4.7 0    95.3 0     1.4 0    64.0 0   959.6 0
 2019   9  1  9  0 34  0.567 118.14    -1.1 0    -0.1 0     0.2 0     0.4 0   330.0 0   277.66 0   277.47 0   332.8 0   277.21 0   277.17 0     0.0 0    -0.2 0     0.0 0    -2.8 0    -2.8 0     4.7 0    95.5 0     1.4 0    81.2 0   959.5 0
 2019   9  1  9  0 35  0.583 118.33    -1.1 0     0.0 0     0.4 0     0.4 0   330.2 0   277.66 0   277.47 0   332.5 0   277.21 0   277.17 0     0.0 0    -0.2 0     0.0 0    -2.3 0    -2.3 0     4.6 0    95.6 0     1.5 0    83.3 0   959.5 0
 2019   9  1  9  0 36  0.600 118.52    -1.1 0    -0.3 0     0.4 0     0.4 0   330.9 0   277.67 0   277.47 0   332.7 0   277.21 0   277.18 0     0.0 0    -0.1 0     0.0 0    -1.8 0    -1.8 0     4.6 0    95.6 0     1.4 0    98.3 0   959.5 0
 2019   9  1  9  0 37  0.617 118.71    -1.1 0    -0.3 0     0.4 0     0.4 0   331.5 0   277.69 0   277.47 0   333.0 0   277.22 0   277.18 0     0.0 0    -0.1 0     0.0 0    -1.5 0    -1.5 0     4.6 0    95.7 0     1.5 0   114.9 0   959.5 0
 2019   9  1  9  0 38  0.633 118.90    -1.1 0    -0.3 0     0.4 0     0.4 0   331.1 0   277.68 0   277.47 0   333.1 0   277.22 0   277.18 0     0.0 0    -0.2 0     0.0 0    -2.0 0    -2.0 0     4.7 0    95.8 0     1.7 0   141.7 0   959.5 0
 2019   9  1  9  0 39  0.650 119.09    -1.0 0    -0.3 0     0.4 0     0.4 0   330.5 0   277.66 0   277.46 0   332.5 0   277.22 0   277.18 0     0.0 0    -0.1 0     0.0 0    -1.9 0    -1.9 0     4.6 0    95.6 0     1.9 0   158.0 0   959.4 0
 2019   9  1  9  0 40  0.667 119.27    -0.8 0    -0.3 0     0.4 0     0.4 0   330.8 0   277.66 0   277.42 0   332.6 0   277.22 0   277.18 0     0.0 0    -0.2 0     0.0 0    -1.7 0    -1.7 0     4.6 0    95.8 0     1.9 0   168.0 0   959.4 0
 2019   9  1  9  0 41  0.683 119.46    -0.8 0    -0.3 0     0.4 0     0.4 0   330.3 0   277.64 0   277.37 0   332.4 0   277.22 0   277.18 0     0.0 0    -0.2 0     0.0 0    -2.1 0    -2.1 0     4.6 0    95.7 0     1.9 0   167.9 0   959.3 0
 2019   9  1  9  0 42  0.700 119.65    -0.8 0    -0.2 0     0.4 0     0.4 0   329.8 0   277.61 0   277.34 0   332.3 0   277.22 0   277.18 0     0.0 0    -0.2 0     0.0 0    -2.5 0    -2.5 0     4.6 0    95.8 0     1.9 0   170.8 0   959.2 0
 2019   9  1  9  0 43  0.717 119.84    -0.8 0    -0.3 0     0.4 0     0.4 0   329.2 0   277.59 0   277.37 0   333.2 0   277.23 0   277.23 0     0.0 0    -0.2 0     0.0 0    -3.9 0    -3.9 0     4.7 0    96.6 0     1.8 0   175.9 0   959.2 0
 2019   9  1  9  0 44  0.733 120.03    -0.8 0    -0.3 0     0.4 0     0.4 0   328.6 0   277.57 0   277.35 0   333.0 0   277.26 0   277.25 0     0.0 0    -0.2 0     0.0 0    -4.3 0    -4.3 0     4.9 0    96.5 0     1.5 0   177.5 0   959.2 0
 2019   9  1  9  0 45  0.750 120.22    -0.8 0    -0.3 0     0.4 0     0.4 0   328.6 0   277.56 0   277.31 0   332.1 0   277.27 0   277.27 0     0.0 0    -0.2 0     0.0 0    -3.5 0    -3.5 0     5.0 0    96.3 0     1.5 0   194.9 0   959.2 0
 2019   9  1  9  0 46  0.767 120.41    -0.8 0    -0.3 0     0.4 0     0.4 0   328.6 0   277.54 0   277.29 0   332.5 0   277.29 0   277.27 0     0.0 0    -0.2 0     0.0 0    -3.9 0    -3.9 0     5.0 0    96.1 0     1.1 0   201.5 0   959.2 0
 2019   9  1  9  0 47  0.783 120.60    -0.8 0    -0.3 0     0.4 0     0.4 0   328.9 0   277.52 0   277.27 0   332.6 0   277.31 0   277.27 0     0.0 0    -0.2 0     0.0 0    -3.6 0    -3.6 0     5.0 0    96.1 0     1.2 0   206.2 0   959.2 0
 2019   9  1  9  0 48  0.800 120.78    -0.8 0    -0.3 0     0.4 0     0.4 0   329.7 0   277.50 0   277.28 0   332.5 0   277.32 0   277.31 0     0.0 0    -0.1 0     0.0 0    -2.7 0    -2.7 0     5.1 0    96.4 0     1.4 0   215.3 0   959.2 0
 2019   9  1  9  0 49  0.817 120.97    -0.8 0    -0.3 0     0.4 0     0.4 0   330.5 0   277.49 0   277.28 0   332.5 0   277.36 0   277.34 0     0.0 0    -0.1 0     0.0 0    -2.0 0    -2.0 0     5.2 0    96.5 0     0.9 0   235.3 0   959.2 0
 2019   9  1  9  0 50  0.833 121.16    -0.8 0    -0.3 0     0.4 0     0.4 0   329.7 0   277.49 0   277.30 0   332.5 0   277.37 0   277.34 0     0.0 0    -0.2 0     0.0 0    -2.7 0    -2.7 0     5.2 0    96.1 0     0.9 0   225.0 0   959.1 0
 2019   9  1  9  0 51  0.850 121.35    -0.8 0    -0.3 0     0.4 0     0.4 0   327.9 0   277.50 0   277.37 0   332.5 0   277.38 0   277.37 0     0.0 0    -0.1 0     0.0 0    -4.7 0    -4.7 0     5.3 0    96.5 0     1.1 0   224.8 0   959.1 0
 2019   9  1  9  0 52  0.867 121.54    -0.8 0    -0.3 0     0.4 0     0.4 0   326.3 0   277.53 0   277.40 0   333.0 0   277.40 0   277.40 0     0.0 0    -0.1 0     0.0 0    -6.6 0    -6.6 0     5.4 0    96.4 0     1.3 0   238.6 0   959.1 0
 2019   9  1  9  0 53  0.883 121.73    -1.2 0    -0.3 0     0.2 0     0.4 0   326.6 0   277.58 0   277.55 0   333.2 0   277.44 0   277.48 0     0.0 0    -0.1 0     0.0 0    -6.6 0    -6.6 0     5.6 0    96.8 0     1.3 0   246.7 0   959.0 0
 2019   9  1  9  0 54  0.900 121.92    -1.5 0    -0.3 0     0.0 0     0.4 0   326.2 0   277.66 0   277.63 0   333.1 0   277.48 0   277.48 0     0.0 0    -0.1 0     0.0 0    -6.8 0    -6.8 0     5.6 0    96.1 0     0.8 0   271.7 0   959.0 0
 2019   9  1  9  0 55  0.917 122.11    -1.5 0    -0.3 0     0.1 0     0.4 0   327.6 0   277.73 0   277.63 0   333.4 0   277.51 0   277.54 0     0.0 0    -0.1 0     0.0 0    -5.8 0    -5.8 0     5.7 0    96.5 0     1.5 0   247.8 0   958.9 0
 2019   9  1  9  0 56  0.933 122.30    -1.5 0    -0.5 0     0.2 0     0.4 0   331.6 0   277.78 0   277.72 0   334.7 0   277.56 0   277.62 0     0.0 0    -0.1 0     0.0 0    -3.1 0    -3.1 0     6.0 0    96.9 0     2.4 0   237.7 0   959.0 0
 2019   9  1  9  0 57  0.950 122.49    -2.1 0    -1.0 0     0.0 0     0.4 0   334.7 0   277.86 0   277.92 0   335.6 0   277.64 0   277.72 0     0.0 0    -0.1 0     0.0 0    -0.9 0    -0.9 0     6.3 0    96.7 0     2.1 0   242.1 0   959.0 0
 2019   9  1  9  0 58  0.967 122.68    -2.3 0    -0.5 0     0.0 0     0.4 0   335.2 0   277.98 0   278.00 0   335.4 0   277.71 0   277.75 0     0.0 0    -0.1 0     0.0 0    -0.2 0    -0.2 0     6.3 0    95.8 0     1.5 0   233.0 0   959.0 0
 2019   9  1  9  0 59  0.983 122.86    -2.3 0    -0.3 0     0.0 0     0.4 0   332.9 0   278.09 0   278.10 0   335.5 0   277.75 0   277.79 0     0.0 0    -0.1 0     0.0 0    -2.7 0    -2.7 0     6.4 0    95.8 0     2.0 0   233.4 0   958.9 0
 2019   9  1  9  1  0  1.000 123.05    -2.3 0    -0.3 0     0.0 0     0.4 0   331.0 0   278.19 0   278.17 0   336.0 0   277.81 0   277.85 0     0.0 0    -0.1 0     0.0 0    -5.0 0    -5.0 0     6.5 0    95.6 0     1.8 0   249.8 0   958.9 0
 2019   9  1  9  1  1  1.017 123.24    -2.3 0     0.0 0     0.0 0     0.4 0   330.1 0   278.29 0   278.24 0   336.0 0   277.86 0   277.89 0     0.0 0     0.0 0     0.0 0    -5.9 0    -5.9 0     6.5 0    95.3 0     1.7 0   253.9 0   958.9 0
 2019   9  1  9  1  2  1.033 123.43    -2.3 0     0.3 0     0.0 0     0.4 0   329.5 0   278.36 0   278.27 0   334.8 0   277.90 0   277.91 0     0.0 0     0.0 0     0.0 0    -5.3 0    -5.3 0     6.5 0    95.1 0     1.7 0   266.0 0   958.9 0
 2019   9  1  9  1  3  1.050 123.62    -2.1 0     0.3 0     0.2 0     0.4 0   327.3 0   278.43 0   278.23 0   333.7 0   277.93 0   277.92 0     0.0 0     0.1 0     0.0 0    -6.5 0    -6.5 0     6.4 0    94.7 0     1.9 0   267.1 0   959.0 0
 2019   9  1  9  1  4  1.067 123.81    -1.7 0     0.3 0     0.4 0     0.4 0   326.0 0   278.44 0   278.16 0   332.9 0   277.95 0   277.94 0     0.0 0     0.1 0     0.0 0    -7.0 0    -7.0 0     6.3 0    94.7 0     1.6 0   275.3 0   959.1 0
 2019   9  1  9  1  5  1.083 124.00    -1.5 0     0.3 0     0.4 0     0.4 0   327.8 0   278.57 0   278.12 0   333.3 0   277.96 0   277.96 0     0.0 0     0.0 0     0.0 0    -5.5 0    -5.5 0     6.2 0    94.7 0     2.5 0   276.1 0   959.2 0
 2019   9  1  9  1  6  1.100 124.19    -1.5 0     0.3 0     0.7 0     0.4 0   324.3 0   278.39 0   278.14 0   334.7 0   277.99 0   278.00 0     0.0 0     0.0 0     0.0 0   -10.3 0   -10.3 0     6.2 0    94.9 0     3.0 0   269.1 0   959.3 0
 2019   9  1  9  1  7  1.117 124.38    -1.5 0     0.0 0     0.6 0     0.4 0   325.2 0   278.39 0   278.19 0   334.3 0   278.03 0   278.05 0     0.0 0     0.1 0     0.0 0    -9.1 0    -9.1 0     6.2 0    95.0 0     2.9 0   259.8 0   959.3 0
 2019   9  1  9  1  8  1.133 124.57    -1.5 0     0.1 0     0.4 0     0.4 0   326.2 0   278.41 0   278.24 0   335.2 0   278.06 0   278.08 0     0.0 0     0.1 0     0.0 0    -9.0 0    -9.0 0     6.2 0    94.6 0     3.1 0   275.8 0   959.3 0
 2019   9  1  9  1  9  1.150 124.76    -1.5 0     0.3 0     0.4 0     0.4 0   329.3 0   278.44 0   278.22 0   334.9 0   278.10 0   278.11 0     0.0 0     0.1 0     0.0 0    -5.5 0    -5.5 0     6.2 0    94.4 0     3.1 0   283.3 0   959.2 0
 2019   9  1  9  1 10  1.167 124.95    -1.5 0    -0.3 0     0.4 0     0.4 0   332.3 0   278.44 0   278.26 0   335.7 0   278.13 0   278.14 0     0.0 0     0.0 0     0.0 0    -3.4 0    -3.4 0     6.2 0    94.3 0     2.9 0   279.4 0   959.1 0
 2019   9  1  9  1 11  1.183 125.14    -1.5 0    -0.3 0     0.4 0     0.4 0   331.8 0   278.47 0   278.30 0   336.8 0   278.15 0   278.15 0     0.0 0     0.1 0     0.0 0    -5.1 0    -5.1 0     6.2 0    94.5 0     3.0 0   270.6 0   959.1 0
 2019   9  1  9  1 12  1.200 125.33    -1.5 0    -0.2 0     0.4 0     0.4 0   329.1 0   278.50 0   278.32 0   336.0 0   278.18 0   278.17 0     0.0 0     0.1 0     0.0 0    -6.9 0    -6.9 0     6.1 0    94.2 0     2.7 0   263.8 0   959.1 0
 2019   9  1  9  1 13  1.217 125.52    -1.4 0     0.3 0     0.4 0     0.4 0   328.0 0   278.51 0   278.28 0   335.4 0   278.20 0   278.17 0     0.0 0     0.1 0     0.0 0    -7.5 0    -7.5 0     6.0 0    94.0 0     2.4 0   246.8 0   959.2 0
 2019   9  1  9  1 14  1.233 125.70    -0.9 0     0.3 0     0.4 0     0.4 0   326.9 0   278.50 0   278.18 0   334.9 0   278.20 0   278.15 0     0.0 0     0.1 0     0.0 0    -8.0 0    -8.0 0     5.8 0    93.6 0     2.5 0   235.7 0   959.2 0
 2019   9  1  9  1 15  1.250 125.89    -0.3 0     0.7 0     0.7 0     0.4 0   324.4 0   278.44 0   277.98 0   331.7 0   278.19 0   278.10 0     0.0 0     0.1 0     0.0 0    -7.4 0    -7.4 0     5.5 0    92.7 0     2.3 0   234.6 0   959.3 0
 2019   9  1  9  1 16  1.267 126.08     0.1 0     1.0 0     1.1 0     0.4 0   325.6 0   278.34 0   277.83 0   332.0 0   278.15 0   278.03 0     0.0 0     0.1 0     0.0 0    -6.4 0    -6.4 0     5.0 0    92.7 0     2.2 0   230.1 0   959.3 0
 2019   9  1  9  1 17  1.283 126.27     0.3 0     1.0 0     1.2 0     0.4 0   327.1 0   278.21 0   277.76 0   332.5 0   278.10 0   278.00 0     0.0 0     0.0 0     0.0 0    -5.4 0    -5.4 0     4.8 0    94.0 0     2.3 0   235.3 0   959.3 0
 2019   9  1  9  1 18  1.300 126.46     0.0 0     0.5 0     1.0 0     0.4 0   326.3 0   278.12 0   277.73 0   332.4 0   278.06 0   278.00 0     0.0 0     0.0 0     0.0 0    -6.1 0    -6.1 0     4.9 0    95.0 0     2.5 0   221.5 0   959.2 0
 2019   9  1  9  1 19  1.317 126.65     0.0 0     0.3 0     0.8 0     0.4 0   323.9 0   278.05 0   277.68 0   331.8 0   278.05 0   277.98 0     0.0 0     0.0 0     0.0 0    -7.9 0    -7.9 0     4.9 0    94.9 0     2.1 0   240.6 0   959.2 0
 2019   9  1  9  1 20  1.333 126.84     0.0 0     0.3 0     0.8 0     0.4 0   322.3 0   277.98 0   277.62 0   331.7 0   278.02 0   277.94 0     0.0 0     0.0 0     0.0 0    -9.4 0    -9.4 0     4.9 0    94.4 0     2.0 0   271.2 0   959.2 0
 2019   9  1  9  1 21  1.350 127.03     0.0 0     0.3 0     0.6 0     0.4 0   321.6 0   277.91 0   277.51 0   330.8 0   277.98 0   277.86 0     0.0 0     0.0 0     0.0 0    -9.2 0    -9.2 0     4.7 0    93.5 0     2.3 0   305.9 0   959.2 0
 2019   9  1  9  1 22  1.367 127.22     0.0 0     0.3 0     0.4 0     0.4 0   323.3 0   277.83 0   277.49 0   331.5 0   277.93 0   277.84 0     0.0 0     0.0 0     0.0 0    -8.2 0    -8.2 0     4.5 0    94.5 0     2.2 0   305.3 0   959.1 0
 2019   9  1  9  1 23  1.383 127.41     0.0 0     0.3 0     0.4 0     0.4 0   326.6 0   277.78 0   277.51 0   332.6 0   277.89 0   277.81 0     0.0 0     0.0 0     0.0 0    -6.0 0    -6.0 0     4.6 0    95.0 0     1.7 0   285.5 0   959.1 0
 2019   9  1  9  1 24  1.400 127.60    -0.4 0    -0.3 0     0.4 0     0.4 0   331.8 0   277.76 0   277.51 0   332.2 0   277.86 0   277.81 0     0.0 0    -0.1 0     0.0 0    -0.4 0    -0.4 0     4.7 0    95.3 0     1.3 0   256.5 0   959.1 0
 2019   9  1  9  1 25  1.417 127.79    -0.4 0    -0.3 0     0.4 0     0.4 0   334.3 0   277.74 0   277.53 0   332.9 0   277.85 0   277.78 0     0.0 0     0.0 0     0.0 0     0.0 0     0.0 0     4.7 0    94.9 0     1.3 0   248.1 0   959.1 0
 2019   9  1  9  1 26  1.433 127.98    -0.4 0    -0.3 0     0.4 0     0.4 0   334.9 0   277.73 0   277.52 0   332.9 0   277.82 0   277.76 0     0.0 0     0.0 0     0.0 0     0.0 0     0.0 0     4.7 0    94.8 0     1.5 0   245.2 0   959.1 0
 2019   9  1  9  1 27  1.450 128.17    -0.4 0    -0.3 0     0.4 0     0.4 0   334.0 0   277.71 0   277.50 0   332.8 0   277.81 0   277.74 0     0.0 0     0.0 0     0.0 0     0.0 0     0.0 0     4.7 0    94.9 0     1.9 0   234.2 0   959.1 0
 2019   9  1  9  1 28  1.467 128.35    -0.4 0    -0.3 0     0.4 0     0.4 0   334.0 0   277.70 0   277.47 0   333.1 0   277.78 0   277.73 0     0.0 0     0.0 0     0.0 0     0.0 0     0.0 0     4.8 0    95.3 0     2.2 0   227.9 0   959.0 0
 2019   9  1  9  1 29  1.483 128.54    -0.4 0    -0.3 0     0.4 0     0.4 0   334.6 0   277.68 0   277.46 0   333.1 0   277.78 0   277.75 0     0.0 0     0.0 0     0.0 0     0.0 0     0.0 0     4.9 0    95.4 0     2.4 0   225.5 0   959.0 0
 2019   9  1  9  1 30  1.500 128.73    -0.5 0    -0.3 0     0.4 0     0.4 0   335.6 0   277.66 0   277.46 0   334.3 0   277.78 0   277.75 0     0.0 0     0.0 0     0.0 0     0.0 0     0.0 0     5.0 0    95.5 0     2.7 0   219.3 0   959.0 0
 2019   9  1  9  1 31  1.517 128.92    -0.9 0    -0.8 0     0.3 0     0.4 0   337.0 0   277.67 0   277.57 0   335.2 0   277.80 0   277.82 0     0.0 0     0.1 0     0.0 0     0.0 0     0.0 0     5.3 0    96.1 0     3.3 0   222.8 0   959.0 0
 2019   9  1  9  1 32  1.533 129.11    -1.5 0    -1.6 0     0.0 0     0.4 0   337.3 0   277.72 0   277.74 0   335.9 0   277.86 0   277.94 0     0.0 0     0.1 0     0.0 0     0.0 0     0.0 0     5.9 0    96.5 0     3.4 0   216.0 0   958.9 0
 2019   9  1  9  1 33  1.550 129.30    -2.0 0    -1.9 0    -0.3 0     0.4 0   338.5 0   277.82 0   277.88 0   337.8 0   277.95 0   278.05 0     0.0 0     0.1 0     0.0 0     0.0 0     0.0 0     6.3 0    95.9 0     4.4 0   212.1 0   958.9 0
 2019   9  1  9  1 34  1.567 129.49    -2.6 0    -2.4 0    -0.5 0     0.4 0   340.4 0   277.96 0   278.10 0   339.6 0   278.08 0   278.21 0     0.0 0     0.2 0     0.0 0     0.0 0     0.0 0     6.8 0    95.0 0     4.3 0   221.6 0   959.0 0
 2019   9  1  9  1 35  1.583 129.68    -3.1 0    -2.6 0    -1.0 0     0.4 0   342.3 0   278.12 0   278.34 0   341.1 0   278.22 0   278.42 0     0.0 0     0.2 0     0.0 0     0.0 0     0.0 0     7.2 0    93.9 0     4.9 0   231.8 0   959.0 0
 2019   9  1  9  1 36  1.600 129.87    -3.7 0    -2.7 0    -1.5 0     0.4 0   342.2 0   278.33 0   278.58 0   342.6 0   278.38 0   278.60 0     0.0 0     0.2 0     0.0 0    -0.4 0    -0.4 0     7.6 0    91.3 0     4.7 0   238.9 0   959.1 0
 2019   9  1  9  1 37  1.617 130.06    -3.8 0    -2.0 0    -1.6 0     0.4 0   341.6 0   278.54 0   278.70 0   340.8 0   278.53 0   278.65 0     0.0 0     0.2 0     0.0 0     0.0 0     0.0 0     7.6 0    89.3 0     4.2 0   253.3 0   959.2 0
 2019   9  1  9  1 38  1.633 130.24    -3.6 0    -0.7 0    -1.2 0     0.4 0   340.3 0   278.71 0   278.74 0   339.6 0   278.61 0   278.64 0     0.0 0     0.2 0     0.0 0     0.0 0     0.0 0     7.4 0    88.1 0     2.9 0   258.3 0   959.3 0
 2019   9  1  9  1 39  1.650 130.43    -3.3 0    -0.3 0    -0.9 0     0.4 0   338.9 0   278.83 0   278.79 0   340.1 0   278.66 0   278.70 0     0.0 0     0.2 0     0.0 0    -1.2 0    -1.2 0     7.2 0    88.9 0     4.0 0   246.8 0   959.2 0
 2019   9  1  9  1 40  1.667 130.62    -3.5 0    -0.8 0    -1.0 0     0.4 0   338.5 0   278.94 0   278.97 0   343.9 0   278.74 0   278.87 0     0.0 0     0.2 0     0.0 0    -5.4 0    -5.4 0     7.4 0    89.3 0     5.6 0   233.8 0   959.2 0
 2019   9  1  9  1 41  1.683 130.81    -3.9 0    -2.3 0    -1.5 0     0.4 0   337.1 0   279.09 0   279.19 0   343.8 0   278.88 0   279.07 0     0.0 0     0.2 0     0.0 0    -6.7 0    -6.7 0     7.8 0    87.7 0     5.2 0   230.7 0   959.2 0
 2019   9  1  9  1 42  1.700 131.00    -4.1 0    -2.2 0    -1.8 0     0.4 0   336.6 0   279.28 0   279.32 0   342.9 0   279.03 0   279.17 0     0.0 0     0.2 0     0.0 0    -6.3 0    -6.3 0     8.0 0    85.6 0     5.0 0   244.6 0   959.2 0
 2019   9  1  9  1 43  1.717 131.19    -3.8 0    -1.7 0    -1.5 0     0.4 0   338.2 0   279.44 0   279.41 0   343.6 0   279.15 0   279.28 0     0.0 0     0.2 0     0.0 0    -5.4 0    -5.4 0     8.1 0    85.1 0     4.9 0   244.5 0   959.2 0
 2019   9  1  9  1 44  1.733 131.38    -3.8 0    -1.4 0    -1.2 0     0.4 0   340.0 0   279.57 0   279.52 0   343.6 0   279.26 0   279.37 0     0.0 0     0.2 0     0.0 0    -3.6 0    -3.6 0     8.2 0    84.0 0     4.8 0   248.8 0   959.1 0
 2019   9  1  9  1 45  1.750 131.56    -3.8 0    -1.0 0    -1.2 0     0.4 0   340.9 0   279.69 0   279.60 0   342.7 0   279.36 0   279.45 0     0.0 0     0.2 0     0.0 0    -1.8 0    -1.8 0     8.3 0    83.0 0     4.6 0   242.1 0   959.1 0
 2019   9  1  9  1 46  1.767 131.75    -3.7 0    -1.0 0    -1.1 0     0.4 0   341.3 0   279.80 0   279.69 0   342.5 0   279.46 0   279.54 0     0.0 0     0.2 0     0.0 0    -1.2 0    -1.2 0     8.2 0    82.4 0     4.9 0   243.3 0   959.1 0
 2019   9  1  9  1 47  1.783 131.94    -3.4 0    -0.7 0    -0.8 0     0.4 0   342.2 0   279.89 0   279.74 0   343.9 0   279.53 0   279.59 0     0.0 0     0.2 0     0.0 0    -1.7 0    -1.7 0     8.1 0    82.4 0     4.9 0   248.8 0   959.2 0
 2019   9  1  9  1 48  1.800 132.13    -3.1 0    -0.4 0    -0.8 0     0.4 0   341.0 0   279.97 0   279.77 0   342.7 0   279.60 0   279.61 0     0.0 0     0.2 0     0.0 0    -1.7 0    -1.7 0     8.0 0    82.2 0     4.5 0   254.8 0   959.1 0
 2019   9  1  9  1 49  1.817 132.32    -2.8 0    -0.3 0    -0.4 0     0.4 0   338.5 0   280.02 0   279.74 0   342.3 0   279.64 0   279.63 0     0.0 0     0.2 0     0.0 0    -3.9 0    -3.9 0     7.8 0    83.0 0     4.0 0   256.8 0   959.1 0
 2019   9  1  9  1 50  1.833 132.51    -2.3 0     0.3 0    -0.1 0     0.4 0   337.0 0   280.05 0   279.71 0   341.1 0   279.66 0   279.64 0     0.0 0     0.1 0     0.0 0    -4.1 0    -4.1 0     7.6 0    83.6 0     4.0 0   253.3 0   959.0 0
 2019   9  1  9  1 51  1.850 132.69    -2.1 0     0.3 0     0.0 0     0.4 0   337.0 0   280.03 0   279.68 0   341.0 0   279.68 0   279.66 0     0.0 0     0.2 0     0.0 0    -4.1 0    -4.1 0     7.5 0    84.0 0     4.5 0   251.7 0   959.1 0
 2019   9  1  9  1 52  1.867 132.88    -1.9 0     0.1 0     0.0 0     0.4 0   339.1 0   280.02 0   279.69 0   341.1 0   279.69 0   279.68 0     0.0 0     0.1 0     0.0 0    -1.9 0    -1.9 0     7.4 0    84.4 0     5.0 0   245.1 0   959.1 0
 2019   9  1  9  1 53  1.883 133.07    -1.9 0    -0.4 0    -0.3 0     0.4 0   338.6 0   280.03 0   279.77 0   342.6 0   279.72 0   279.75 0     0.0 0     0.1 0     0.0 0    -3.9 0    -3.9 0     7.6 0    84.3 0     5.1 0   236.7 0   959.1 0
 2019   9  1  9  1 54  1.900 133.26    -1.9 0    -1.0 0    -0.4 0     0.4 0   336.3 0   280.06 0   279.81 0   343.0 0   279.77 0   279.81 0     0.0 0     0.1 0     0.0 0    -6.7 0    -6.7 0     7.8 0    82.8 0     5.1 0   240.3 0   959.0 0
 2019   9  1  9  1 55  1.917 133.45    -2.1 0    -1.0 0    -0.4 0     0.4 0   334.9 0   280.09 0   279.85 0   343.3 0   279.82 0   279.87 0     0.0 0     0.1 0     0.0 0    -8.4 0    -8.4 0     7.9 0    81.8 0     5.6 0   241.0 0   959.0 0
 2019   9  1  9  1 56  1.933 133.63    -1.9 0    -1.0 0    -0.4 0     0.4 0   335.0 0   280.13 0   279.85 0   342.4 0   279.87 0   279.90 0     0.0 0     0.1 0     0.0 0    -7.4 0    -7.4 0     7.9 0    81.5 0     5.1 0   233.8 0   959.0 0
 2019   9  1  9  1 57  1.950 133.82    -1.9 0    -1.0 0    -0.4 0     0.4 0   336.1 0   280.15 0   279.87 0   342.2 0   279.91 0   279.94 0     0.0 0     0.1 0     0.0 0    -6.1 0    -6.1 0     7.9 0    81.6 0     4.9 0   235.5 0   958.9 0
 2019   9  1  9  1 58  1.967 134.01    -1.9 0    -0.9 0    -0.4 0     0.4 0   338.0 0   280.18 0   279.90 0   343.3 0   279.95 0   279.98 0     0.0 0     0.1 0     0.0 0    -5.3 0    -5.3 0     8.0 0    81.8 0     5.4 0   235.3 0   958.9 0
 2019   9  1  9  1 59  1.983 134.20    -1.9 0    -1.0 0    -0.4 0     0.4 0   340.4 0   280.20 0   279.96 0   344.1 0   280.00 0   280.06 0     0.0 0     0.2 0     0.0 0    -3.7 0    -3.7 0     8.1 0    80.9 0     6.1 0   237.3 0   958.9 0
 2019   9  1  9  2  0  2.000 134.38    -1.9 0    -1.1 0    -0.7 0     0.4 0   342.3 0   280.24 0   280.04 0   345.0 0   280.07 0   280.15 0     0.0 0     0.1 0     0.0 0    -2.7 0    -2.7 0     8.3 0    79.8 0     5.8 0   233.9 0   958.9 0
 2019   9  1  9  2  1  2.017 134.57    -2.1 0    -1.4 0    -0.8 0     0.4 0   343.2 0   280.30 0   280.11 0   345.3 0   280.15 0   280.22 0     0.0 0     0.1 0     0.0 0    -2.0 0    -2.0 0     8.4 0    79.0 0     6.3 0   238.7 0   958.9 0
 2019   9  1  9  2  2  2.033 134.76    -2.3 0    -1.2 0    -0.8 0     0.4 0   343.7 0   280.37 0   280.17 0   345.1 0   280.22 0   280.27 0     0.0 0     0.1 0     0.0 0    -1.4 0    -1.4 0     8.5 0    78.3 0     5.8 0   247.3 0   959.0 0
 2019   9  1  9  2  3  2.050 134.95    -2.1 0    -1.0 0    -0.8 0     0.4 0   344.0 0   280.42 0   280.22 0   344.4 0   280.28 0   280.33 0     0.0 0     0.1 0     0.0 0    -0.5 0    -0.5 0     8.6 0    78.1 0     5.8 0   263.1 0   959.1 0
 2019   9  1  9  2  4  2.067 135.13    -1.9 0    -0.8 0    -0.7 0     0.4 0   343.5 0   280.48 0   280.19 0   344.4 0   280.34 0   280.34 0     0.0 0     0.1 0     0.0 0    -0.9 0    -0.9 0     8.4 0    78.8 0     6.7 0   277.1 0   959.4 0
 2019   9  1  9  2  5  2.083 135.32    -1.6 0    -0.3 0    -0.4 0     0.4 0   342.8 0   280.49 0   280.11 0   343.9 0   280.37 0   280.37 0     0.0 0     0.1 0     0.0 0    -1.1 0    -1.1 0     8.3 0    80.1 0     7.7 0   267.0 0   959.6 0
 2019   9  1  9  2  6  2.100 135.51    -1.5 0    -0.3 0    -0.3 0     0.4 0   342.1 0   280.49 0   280.04 0   345.2 0   280.39 0   280.38 0     0.0 0     0.1 0     0.0 0    -3.0 0    -3.0 0     8.1 0    78.7 0    10.1 0   261.1 0   959.5 0
 2019   9  1  9  2  7  2.117 135.69    -1.5 0    -0.3 0     0.2 0     0.4 0   341.2 0   280.49 0   279.98 0   344.2 0   280.40 0   280.35 0     0.0 0     0.1 0     0.0 0    -3.0 0    -3.0 0     7.9 0    80.2 0     8.7 0   305.8 0   959.5 0
 2019   9  1  9  2  8  2.133 135.88    -1.5 0     0.3 0     0.4 0     0.4 0   339.3 0   280.49 0   279.99 0   343.9 0   280.39 0   280.32 0     0.0 0     0.1 0     0.0 0    -4.6 0    -4.6 0     7.8 0    81.1 0     5.5 0   285.2 0   959.5 0
 2019   9  1  9  2  9  2.150 136.07    -1.5 0     0.3 0     0.8 0     0.4 0   337.5 0   280.46 0   279.90 0   342.8 0   280.36 0   280.27 0     0.0 0     0.1 0     0.0 0    -5.3 0    -5.3 0     7.6 0    80.5 0     7.9 0   283.1 0   959.7 0
 2019   9  1  9  2 10  2.167 136.25    -0.9 0     0.9 0     1.2 0     0.4 0   336.9 0   280.40 0   279.77 0   341.5 0   280.30 0   280.16 0     0.0 0     0.0 0     0.0 0    -4.6 0    -4.6 0     7.3 0    81.3 0     7.8 0   277.4 0   959.9 0
 2019   9  1  9  2 11  2.183 136.44    -0.7 0     1.1 0     1.3 0     0.3 0   336.6 0   280.33 0   279.68 0   342.5 0   280.21 0   280.07 0     0.0 0     0.0 0     0.0 0    -5.9 0    -5.9 0     7.0 0    83.0 0     6.9 0   282.4 0   960.0 0
 2019   9  1  9  2 12  2.200 136.63    -0.7 0     1.0 0     1.2 0     0.1 0   336.7 0   280.24 0   279.60 0   340.9 0   280.12 0   279.99 0     0.0 0     0.0 0     0.0 0    -4.2 0    -4.2 0     6.8 0    84.1 0     6.3 0   284.5 0   960.0 0
 2019   9  1  9  2 13  2.217 136.81    -0.4 0     1.0 0     1.1 0     0.3 0   336.9 0   280.15 0   279.53 0   341.1 0   280.04 0   279.92 0     0.0 0     0.0 0     0.0 0    -4.2 0    -4.2 0     6.7 0    84.8 0     5.0 0   294.0 0   960.0 0
 2019   9  1  9  2 14  2.233 137.00    -0.5 0     1.0 0     0.7 0     0.3 0   336.9 0   280.06 0   279.48 0   339.5 0   279.97 0   279.87 0     0.0 0     0.0 0     0.0 0    -2.6 0    -2.6 0     6.6 0    85.1 0     3.1 0   293.3 0   959.9 0
 2019   9  1  9  2 15  2.250 137.18    -0.4 0     1.0 0     0.4 0     0.3 0   336.7 0   279.98 0   279.40 0   340.0 0   279.91 0   279.80 0     0.0 0     0.0 0     0.0 0    -3.4 0    -3.4 0     6.6 0    85.6 0     4.2 0   289.3 0   960.0 0
 2019   9  1  9  2 16  2.267 137.37    -0.4 0     0.8 0     0.4 0     0.4 0   336.0 0   279.90 0   279.33 0   340.1 0   279.85 0   279.74 0     0.0 0     0.0 0     0.0 0    -4.1 0    -4.1 0     6.5 0    85.9 0     3.5 0   272.6 0   959.9 0
 2019   9  1  9  2 17  2.283 137.55    -0.4 0     0.3 0     0.4 0     0.4 0   336.6 0   279.82 0   279.26 0   340.2 0   279.79 0   279.68 0     0.0 0     0.0 0     0.0 0    -3.6 0    -3.6 0     6.4 0    86.3 0     4.2 0   284.9 0   959.8 0
 2019   9  1  9  2 18  2.300 137.74    -0.4 0     0.3 0     0.4 0     0.4 0   336.2 0   279.74 0   279.22 0   340.1 0   279.73 0   279.63 0     0.0 0     0.0 0     0.0 0    -3.9 0    -3.9 0     6.4 0    86.3 0     3.6 0   277.4 0   959.8 0
 2019   9  1  9  2 19  2.317 137.92    -0.4 0     0.4 0     0.4 0     0.4 0   335.4 0   279.68 0   279.17 0   339.9 0   279.68 0   279.58 0     0.0 0     0.0 0     0.0 0    -4.6 0    -4.6 0     6.3 0    86.6 0     4.4 0   278.4 0   959.7 0
 2019   9  1  9  2 20  2.333 138.11    -0.4 0     0.3 0     0.4 0     0.4 0   335.2 0   279.62 0   279.14 0   339.4 0   279.62 0   279.54 0     0.0 0     0.0 0     0.0 0    -4.2 0    -4.2 0     6.3 0    86.7 0     4.0 0   266.4 0   959.7 0
 2019   9  1  9  2 21  2.350 138.29    -0.6 0     0.3 0     0.4 0     0.4 0   334.7 0   279.56 0   279.11 0   340.2 0   279.58 0   279.49 0     0.0 0     0.0 0     0.0 0    -5.5 0    -5.5 0     6.4 0    86.4 0     4.7 0   275.9 0   959.7 0
 2019   9  1  9  2 22  2.367 138.48    -0.8 0     0.3 0     0.3 0     0.4 0   334.7 0   279.52 0   279.07 0   339.3 0   279.53 0   279.45 0     0.0 0     0.0 0     0.0 0    -4.6 0    -4.6 0     6.4 0    86.3 0     4.0 0   274.5 0   959.7 0
 2019   9  1  9  2 23  2.383 138.66    -0.8 0     0.3 0     0.3 0     0.4 0   334.4 0   279.48 0   279.03 0   339.2 0   279.49 0   279.41 0     0.0 0     0.0 0     0.0 0    -4.8 0    -4.8 0     6.3 0    86.4 0     4.1 0   276.3 0   959.7 0
 2019   9  1  9  2 24  2.400 138.85    -0.8 0     0.3 0     0.0 0     0.4 0   334.3 0   279.44 0   279.02 0   339.3 0   279.45 0   279.38 0     0.0 0     0.0 0     0.0 0    -5.0 0    -5.0 0     6.4 0    86.3 0     4.7 0   270.7 0   959.7 0
 2019   9  1  9  2 25  2.417 139.03    -0.8 0     0.3 0     0.0 0     0.4 0   333.9 0   279.41 0   278.99 0   338.7 0   279.41 0   279.34 0     0.0 0     0.0 0     0.0 0    -4.8 0    -4.8 0     6.4 0    86.0 0     3.9 0   268.1 0   959.8 0
 2019   9  1  9  2 26  2.433 139.22    -0.8 0     0.3 0     0.1 0     0.4 0   332.9 0   279.37 0   278.96 0   339.1 0   279.38 0   279.31 0     0.0 0     0.0 0     0.0 0    -6.1 0    -6.1 0     6.4 0    86.0 0     3.4 0   263.7 0   959.7 0
 2019   9  1  9  2 27  2.450 139.40    -0.8 0     0.3 0     0.1 0     0.4 0   333.0 0   279.33 0   278.93 0   338.4 0   279.35 0   279.28 0     0.0 0     0.0 0     0.0 0    -5.4 0    -5.4 0     6.4 0    86.0 0     3.1 0   264.1 0   959.7 0
 2019   9  1  9  2 28  2.467 139.58    -0.8 0     0.3 0     0.0 0     0.4 0   333.1 0   279.31 0   278.95 0   339.0 0   279.32 0   279.27 0     0.0 0     0.0 0     0.0 0    -5.8 0    -5.8 0     6.4 0    86.2 0     3.6 0   264.4 0   959.7 0
 2019   9  1  9  2 29  2.483 139.77    -0.8 0     0.3 0     0.0 0     0.4 0   332.3 0   279.29 0   278.93 0   338.8 0   279.30 0   279.24 0     0.0 0     0.0 0     0.0 0    -6.5 0    -6.5 0     6.4 0    85.9 0     3.0 0   251.0 0   959.6 0
 2019   9  1  9  2 30  2.500 139.95    -0.8 0     0.3 0     0.0 0     0.4 0   331.7 0   279.27 0   278.92 0   338.7 0   279.27 0   279.22 0     0.0 0     0.0 0     0.0 0    -7.0 0    -7.0 0     6.4 0    85.8 0     2.8 0   249.1 0   959.6 0
 2019   9  1  9  2 31  2.517 140.13    -0.8 0     0.3 0     0.0 0     0.4 0   333.0 0   279.25 0   278.93 0   338.4 0   279.25 0   279.19 0     0.0 0     0.0 0     0.0 0    -5.4 0    -5.4 0     6.4 0    85.9 0     2.8 0   244.5 0   959.6 0
 2019   9  1  9  2 32  2.533 140.32    -0.8 0     0.3 0     0.0 0     0.4 0   333.3 0   279.24 0   278.91 0   338.6 0   279.22 0   279.17 0     0.0 0     0.0 0     0.0 0    -5.3 0    -5.3 0     6.3 0    86.0 0     3.1 0   223.4 0   959.6 0
 2019   9  1  9  2 33  2.550 140.50    -0.8 0     0.3 0     0.0 0     0.4 0   333.1 0   279.22 0   278.90 0   338.6 0   279.21 0   279.16 0     0.0 0     0.0 0     0.0 0    -5.6 0    -5.6 0     6.3 0    86.3 0     5.3 0   238.5 0   959.6 0
 2019   9  1  9  2 34  2.567 140.68    -0.8 0     0.1 0    -0.1 0     0.4 0   329.4 0   279.22 0   278.88 0   339.9 0   279.20 0   279.16 0     0.0 0     0.0 0     0.0 0   -10.5 0   -10.5 0     6.4 0    85.8 0     5.2 0   249.1 0   959.7 0
 2019   9  1  9  2 35  2.583 140.87    -0.9 0     0.3 0     0.0 0     0.4 0   325.1 0   279.22 0   278.84 0   338.2 0   279.19 0   279.15 0     0.0 0     0.0 0     0.0 0   -13.1 0   -13.1 0     6.4 0    85.6 0     3.9 0   245.8 0   959.7 0
 2019   9  1  9  2 36  2.600 141.05    -1.1 0     0.3 0     0.0 0     0.4 0   320.3 0   279.22 0   278.82 0   337.4 0   279.17 0   279.12 0     0.0 0     0.0 0     0.0 0   -17.1 0   -17.1 0     6.4 0    85.6 0     4.8 0   245.0 0   959.7 0
 2019   9  1  9  2 37  2.617 141.23    -1.1 0     0.3 0     0.0 0     0.4 0   315.0 0   279.20 0   278.81 0   337.7 0   279.15 0   279.11 0     0.0 0     0.0 0     0.0 0   -22.6 0   -22.6 0     6.4 0    85.7 0     4.2 0   243.5 0   959.7 0
 2019   9  1  9  2 38  2.633 141.41    -1.1 0     0.3 0     0.0 0     0.4 0   309.8 0   279.20 0   278.81 0   338.4 0   279.14 0   279.11 0     0.0 0     0.0 0     0.0 0   -28.7 0   -28.7 0     6.4 0    85.4 0     5.4 0   261.3 0   959.6 0
 2019   9  1  9  2 39  2.650 141.59    -1.2 0    -0.2 0    -0.1 0     0.4 0   307.1 0   279.20 0   278.81 0   338.3 0   279.14 0   279.13 0     0.0 0     0.0 0     0.0 0   -31.2 0   -31.2 0     6.6 0    84.3 0     6.8 0   266.1 0   959.7 0
 2019   9  1  9  2 40  2.667 141.77    -1.5 0    -0.3 0    -0.4 0     0.4 0   312.6 0   279.21 0   278.85 0   338.9 0   279.15 0   279.14 0     0.0 0     0.0 0     0.0 0   -26.4 0   -26.4 0     6.7 0    83.1 0     5.1 0   259.3 0   959.7 0
 2019   9  1  9  2 41  2.683 141.95    -1.5 0     0.3 0    -0.2 0     0.4 0   320.5 0   279.22 0   278.83 0   337.6 0   279.15 0   279.13 0     0.0 0     0.0 0     0.0 0   -17.1 0   -17.1 0     6.6 0    83.2 0     5.7 0   260.7 0   959.8 0
 2019   9  1  9  2 42  2.700 142.14    -1.5 0    -0.3 0    -0.3 0     0.4 0   320.9 0   279.22 0   278.90 0   339.2 0   279.17 0   279.18 0     0.0 0     0.0 0     0.0 0   -18.2 0   -18.2 0     6.8 0    82.0 0     6.5 0   262.8 0   959.7 0
 2019   9  1  9  2 43  2.717 142.32    -1.5 0    -0.2 0    -0.4 0     0.4 0   312.0 0   279.24 0   278.87 0   337.2 0   279.18 0   279.16 0     0.0 0     0.0 0     0.0 0   -25.2 0   -25.2 0     6.8 0    81.7 0     5.8 0   264.7 0   959.7 0
 2019   9  1  9  2 44  2.733 142.50    -1.5 0    -0.1 0    -0.4 0     0.4 0   302.8 0   279.24 0   278.85 0   336.7 0   279.19 0   279.17 0     0.0 0     0.0 0     0.0 0   -33.9 0   -33.9 0     6.8 0    82.0 0     5.8 0   269.2 0   959.7 0
 2019   9  1  9  2 45  2.750 142.68    -1.5 0     0.3 0    -0.2 0     0.4 0   311.0 0   279.24 0   278.85 0   338.2 0   279.19 0   279.15 0     0.0 0     0.0 0     0.0 0   -27.2 0   -27.2 0     6.7 0    82.3 0     5.3 0   254.1 0   959.7 0
 2019   9  1  9  2 46  2.767 142.86    -1.5 0     0.2 0    -0.1 0     0.4 0   315.1 0   279.25 0   278.88 0   337.3 0   279.18 0   279.16 0     0.0 0     0.0 0     0.0 0   -22.3 0   -22.3 0     6.7 0    82.4 0     6.1 0   259.5 0   959.6 0
 2019   9  1  9  2 47  2.783 143.04    -1.5 0     0.1 0    -0.3 0     0.4 0   316.5 0   279.25 0   278.88 0   337.0 0   279.19 0   279.17 0     0.0 0     0.0 0     0.0 0   -20.5 0   -20.5 0     6.7 0    82.2 0     4.9 0   256.1 0   959.6 0
 2019   9  1  9  2 48  2.800 143.22    -1.5 0     0.3 0     0.0 0     0.4 0   323.4 0   279.25 0   278.87 0   338.1 0   279.19 0   279.15 0     0.0 0     0.0 0     0.0 0   -14.7 0   -14.7 0     6.7 0    82.5 0     5.9 0   261.4 0   959.6 0
 2019   9  1  9  2 49  2.817 143.40    -1.5 0    -0.1 0    -0.1 0     0.4 0   320.2 0   279.24 0   278.91 0   339.0 0   279.19 0   279.17 0     0.0 0     0.0 0     0.0 0   -18.8 0   -18.8 0     6.7 0    82.3 0     4.8 0   258.3 0   959.5 0
 2019   9  1  9  2 50  2.833 143.58    -1.5 0     0.3 0    -0.3 0     0.4 0   309.8 0   279.25 0   278.90 0   337.3 0   279.19 0   279.17 0     0.0 0     0.1 0     0.0 0   -27.5 0   -27.5 0     6.7 0    82.4 0     4.5 0   258.6 0   959.5 0
 2019   9  1  9  2 51  2.850 143.75    -1.5 0     0.0 0    -0.2 0     0.4 0   289.7 0   279.24 0   278.87 0   337.4 0   279.19 0   279.17 0     0.0 0     0.1 0     0.0 0   -47.6 0   -47.6 0     6.7 0    82.2 0     5.4 0   255.8 0   959.4 0
 2019   9  1  9  2 52  2.867 143.93    -1.5 0     0.2 0    -0.1 0     0.4 0   277.2 0   279.26 0   278.82 0   335.6 0   279.19 0   279.14 0     0.0 0     0.1 0     0.0 0   -58.5 0   -58.5 0     6.7 0    81.8 0     3.9 0   248.9 0   959.4 0
 2019   9  1  9  2 53  2.883 144.11    -1.2 0     0.3 0     0.3 0     0.4 0   270.5 0   279.23 0   278.74 0   334.4 0   279.17 0   279.12 0     0.0 0     0.1 0     0.0 0   -63.9 0   -63.9 0     6.6 0    82.6 0     4.4 0   247.0 0   959.3 0
 2019   9  1  9  2 54  2.900 144.29    -1.1 0     0.3 0     0.4 0     0.4 0   269.0 0   279.21 0   278.71 0   333.4 0   279.16 0   279.10 0     0.0 0     0.1 0     0.0 0   -64.4 0   -64.4 0     6.5 0    83.2 0     4.7 0   243.2 0   959.3 0
 2019   9  1  9  2 55  2.917 144.47    -1.1 0     0.3 0     0.2 0     0.4 0   268.6 0   279.17 0   278.74 0   335.5 0   279.14 0   279.11 0     0.0 0     0.1 0     0.0 0   -66.9 0   -66.9 0     6.6 0    82.7 0     5.2 0   251.5 0   959.3 0
 2019   9  1  9  2 56  2.933 144.64    -1.1 0     0.3 0     0.0 0     0.4 0   267.7 0   279.17 0   278.71 0   333.9 0   279.13 0   279.08 0     0.0 0     0.0 0     0.0 0   -66.2 0   -66.2 0     6.6 0    82.3 0     6.2 0   264.1 0   959.3 0
 2019   9  1  9  2 57  2.950 144.82    -1.4 0    -0.2 0    -0.2 0     0.4 0   269.1 0   279.17 0   278.72 0   333.4 0   279.12 0   279.09 0     0.0 0     0.1 0     0.0 0   -64.3 0   -64.3 0     6.6 0    81.7 0     5.7 0   259.7 0   959.3 0
 2019   9  1  9  2 58  2.967 145.00    -1.3 0     0.3 0     0.1 0     0.4 0   273.8 0   279.15 0   278.65 0   334.3 0   279.12 0   279.05 0     0.0 0     0.1 0     0.0 0   -60.5 0   -60.5 0     6.5 0    82.1 0     4.9 0   257.9 0   959.3 0
 2019   9  1  9  2 59  2.983 145.17    -1.1 0     0.3 0     0.4 0     0.4 0   283.7 0   279.11 0   278.63 0   333.2 0   279.09 0   279.03 0     0.0 0     0.0 0     0.0 0   -49.4 0   -49.4 0     6.4 0    82.8 0     5.4 0   260.7 0   959.3 0
 2019   9  1  9  3  0  3.000 145.35    -1.1 0    -0.1 0     0.1 0     0.4 0   282.8 0   279.08 0   278.67 0   335.1 0   279.09 0   279.06 0     0.0 0     0.0 0     0.0 0   -52.4 0   -52.4 0     6.6 0    82.1 0     5.5 0   263.4 0   959.3 0
 2019   9  1  9  3  1  3.017 145.53    -1.1 0     0.3 0     0.0 0     0.4 0   274.8 0   279.07 0   278.67 0   334.7 0   279.08 0   279.03 0     0.0 0     0.0 0     0.0 0   -59.8 0   -59.8 0     6.5 0    82.0 0     5.8 0   263.8 0   959.3 0
 2019   9  1  9  3  2  3.033 145.70    -1.5 0    -0.1 0    -0.4 0     0.4 0   275.9 0   279.07 0   278.72 0   335.8 0   279.07 0   279.05 0     0.0 0     0.1 0     0.0 0   -60.0 0   -60.0 0     6.6 0    81.7 0     6.9 0   269.1 0   959.3 0
 2019   9  1  9  3  3  3.050 145.88    -1.5 0    -0.3 0    -0.6 0     0.4 0   282.9 0   279.10 0   278.75 0   336.1 0   279.09 0   279.10 0     0.0 0     0.0 0     0.0 0   -53.2 0   -53.2 0     6.7 0    80.3 0     7.2 0   260.8 0   959.3 0
 2019   9  1  9  3  4  3.067 146.05    -1.5 0    -0.3 0    -0.4 0     0.4 0   304.1 0   279.12 0   278.74 0   336.4 0   279.11 0   279.12 0     0.0 0     0.0 0     0.0 0   -32.3 0   -32.3 0     6.8 0    80.0 0     6.7 0   263.8 0   959.3 0
 2019   9  1  9  3  5  3.083 146.22    -1.5 0    -0.3 0    -0.4 0     0.4 0   323.6 0   279.12 0   278.81 0   337.7 0   279.14 0   279.15 0     0.0 0     0.0 0     0.0 0   -14.1 0   -14.1 0     6.8 0    79.7 0     6.4 0   264.9 0   959.3 0
 2019   9  1  9  3  6  3.100 146.40    -1.8 0    -0.3 0    -0.4 0     0.4 0   331.0 0   279.13 0   278.86 0   337.9 0   279.16 0   279.14 0     0.0 0     0.1 0     0.0 0    -6.9 0    -6.9 0     6.8 0    79.7 0     5.4 0   259.0 0   959.3 0
 2019   9  1  9  3  7  3.117 146.57    -1.9 0    -0.3 0    -0.4 0     0.4 0   332.5 0   279.16 0   278.90 0   338.9 0   279.17 0   279.15 0     0.0 0     0.1 0     0.0 0    -6.4 0    -6.4 0     6.8 0    80.1 0     6.2 0   265.4 0   959.3 0
 2019   9  1  9  3  8  3.133 146.75    -1.5 0    -0.3 0    -0.4 0     0.4 0   333.1 0   279.18 0   278.94 0   338.6 0   279.17 0   279.18 0     0.0 0     0.1 0     0.0 0    -5.5 0    -5.5 0     6.8 0    80.1 0     6.8 0   265.1 0   959.4 0
 2019   9  1  9  3  9  3.150 146.92    -1.6 0    -0.3 0    -0.4 0     0.4 0   334.2 0   279.21 0   278.97 0   339.5 0   279.20 0   279.21 0     0.0 0     0.1 0     0.0 0    -5.3 0    -5.3 0     6.9 0    79.5 0     6.8 0   254.3 0   959.3 0
 2019   9  1  9  3 10  3.167 147.09    -1.7 0    -0.3 0    -0.4 0     0.4 0   334.4 0   279.25 0   279.02 0   340.1 0   279.23 0   279.25 0     0.0 0     0.1 0     0.0 0    -5.6 0    -5.6 0     7.0 0    78.7 0     6.8 0   266.5 0   959.3 0
 2019   9  1  9  3 11  3.183 147.26    -1.6 0    -0.3 0    -0.4 0     0.4 0   332.2 0   279.29 0   279.06 0   339.5 0   279.27 0   279.30 0     0.0 0     0.1 0     0.0 0    -7.3 0    -7.3 0     7.1 0    78.0 0     6.8 0   260.2 0   959.3 0
 2019   9  1  9  3 12  3.200 147.44    -1.6 0    -0.3 0    -0.4 0     0.4 0   329.6 0   279.33 0   279.08 0   339.1 0   279.31 0   279.32 0     0.0 0     0.1 0     0.0 0    -9.5 0    -9.5 0     7.1 0    77.9 0     6.6 0   260.8 0   959.3 0
 2019   9  1  9  3 13  3.217 147.61    -1.5 0    -0.3 0    -0.4 0     0.4 0   329.4 0   279.36 0   279.10 0   339.4 0   279.33 0   279.33 0     0.0 0     0.1 0     0.0 0   -10.0 0   -10.0 0     7.0 0    78.6 0     6.7 0   258.7 0   959.3 0
 2019   9  1  9  3 14  3.233 147.78    -1.5 0    -0.3 0    -0.4 0     0.4 0   332.7 0   279.39 0   279.13 0   339.6 0   279.36 0   279.36 0     0.0 0     0.1 0     0.0 0    -6.9 0    -6.9 0     7.0 0    78.2 0     7.2 0   265.7 0   959.3 0
 2019   9  1  9  3 15  3.250 147.95    -1.5 0    -0.3 0    -0.4 0     0.4 0   333.9 0   279.42 0   279.16 0   339.3 0   279.38 0   279.38 0     0.0 0     0.1 0     0.0 0    -5.3 0    -5.3 0     7.0 0    78.1 0     6.3 0   264.6 0   959.4 0
 2019   9  1  9  3 16  3.267 148.12    -1.5 0    -0.3 0    -0.4 0     0.4 0   335.2 0   279.44 0   279.15 0   339.1 0   279.39 0   279.37 0     0.0 0     0.0 0     0.0 0    -3.9 0    -3.9 0     6.9 0    79.3 0     5.1 0   267.5 0   959.4 0
 2019   9  1  9  3 17  3.283 148.29    -1.5 0    -0.2 0     0.0 0     0.4 0   335.7 0   279.45 0   279.15 0   339.5 0   279.39 0   279.37 0     0.0 0     0.1 0     0.0 0    -3.9 0    -3.9 0     6.8 0    80.1 0     6.6 0   260.3 0   959.5 0
 2019   9  1  9  3 18  3.300 148.46    -1.5 0    -0.3 0     0.0 0     0.4 0   336.3 0   279.46 0   279.17 0   339.7 0   279.41 0   279.39 0     0.0 0     0.0 0     0.0 0    -3.5 0    -3.5 0     6.9 0    79.5 0     6.1 0   265.0 0   959.5 0
 2019   9  1  9  3 19  3.317 148.63    -1.5 0    -0.3 0    -0.1 0     0.4 0   336.2 0   279.46 0   279.17 0   339.3 0   279.41 0   279.38 0     0.0 0     0.1 0     0.0 0    -3.2 0    -3.2 0     6.8 0    79.9 0     6.2 0   255.8 0   959.5 0
 2019   9  1  9  3 20  3.333 148.79    -1.5 0    -0.2 0     0.0 0     0.4 0   336.0 0   279.47 0   279.14 0   339.4 0   279.41 0   279.36 0     0.0 0     0.1 0     0.0 0    -3.4 0    -3.4 0     6.8 0    80.5 0     6.1 0   263.8 0   959.5 0
 2019   9  1  9  3 21  3.350 148.96    -1.5 0    -0.1 0     0.0 0     0.4 0   335.2 0   279.46 0   279.10 0   339.2 0   279.40 0   279.36 0     0.0 0     0.1 0     0.0 0    -4.0 0    -4.0 0     6.7 0    80.9 0     6.8 0   269.1 0   959.6 0
 2019   9  1  9  3 22  3.367 149.13    -1.5 0     0.3 0     0.2 0     0.4 0   335.2 0   279.46 0   279.07 0   339.4 0   279.38 0   279.32 0     0.0 0     0.1 0     0.0 0    -4.2 0    -4.2 0     6.7 0    81.5 0     6.0 0   266.0 0   959.6 0
 2019   9  1  9  3 23  3.383 149.30    -1.5 0     0.3 0     0.4 0     0.4 0   336.4 0   279.46 0   279.05 0   339.6 0   279.37 0   279.32 0     0.0 0     0.1 0     0.0 0    -3.2 0    -3.2 0     6.7 0    81.7 0     6.2 0   263.9 0   959.7 0
 2019   9  1  9  3 24  3.400 149.46    -1.5 0     0.3 0     0.4 0     0.4 0   336.3 0   279.44 0   279.04 0   339.4 0   279.37 0   279.31 0     0.0 0     0.0 0     0.0 0    -3.1 0    -3.1 0     6.7 0    81.6 0     5.7 0   267.7 0   959.8 0
 2019   9  1  9  3 25  3.417 149.63    -1.5 0     0.3 0     0.4 0     0.4 0   336.0 0   279.44 0   279.02 0   339.1 0   279.34 0   279.29 0     0.0 0     0.0 0     0.0 0    -3.1 0    -3.1 0     6.6 0    82.1 0     6.0 0   270.3 0   959.8 0
 2019   9  1  9  3 26  3.433 149.79    -1.5 0     0.3 0     0.4 0     0.4 0   336.3 0   279.42 0   278.99 0   339.3 0   279.32 0   279.27 0     0.0 0     0.1 0     0.0 0    -3.0 0    -3.0 0     6.6 0    82.4 0     8.3 0   271.7 0   959.9 0
 2019   9  1  9  3 27  3.450 149.96    -1.5 0     0.2 0     0.4 0     0.4 0   335.8 0   279.41 0   278.98 0   340.3 0   279.32 0   279.27 0     0.0 0     0.1 0     0.0 0    -4.5 0    -4.5 0     6.6 0    81.7 0    10.0 0   279.3 0   959.9 0
 2019   9  1  9  3 28  3.467 150.12    -1.5 0     0.2 0     0.8 0     0.4 0   334.6 0   279.41 0   278.95 0   339.3 0   279.31 0   279.26 0     0.0 0     0.1 0     0.0 0    -4.7 0    -4.7 0     6.6 0    81.6 0     9.3 0   276.5 0   960.0 0
 2019   9  1  9  3 29  3.483 150.29    -1.5 0     0.3 0     0.8 0     0.4 0   334.0 0   279.41 0   278.94 0   339.8 0   279.29 0   279.23 0     0.0 0     0.1 0     0.0 0    -5.8 0    -5.8 0     6.6 0    81.7 0     7.5 0   276.6 0   960.0 0
 2019   9  1  9  3 30  3.500 150.45    -1.5 0     0.3 0     0.8 0     0.4 0   333.7 0   279.41 0   278.93 0   338.9 0   279.27 0   279.22 0     0.0 0     0.1 0     0.0 0    -5.2 0    -5.2 0     6.5 0    81.6 0     8.7 0   273.2 0   960.0 0
 2019   9  1  9  3 31  3.517 150.61    -1.5 0     0.3 0     0.8 0     0.4 0   332.2 0   279.39 0   278.90 0   339.1 0   279.25 0   279.20 0     0.0 0     0.1 0     0.0 0    -6.9 0    -6.9 0     6.5 0    81.6 0     9.7 0   265.4 0   960.0 0
 2019   9  1  9  3 32  3.533 150.77    -1.5 0     0.3 0     1.1 0     0.4 0   330.8 0   279.37 0   278.88 0   338.6 0   279.23 0   279.17 0     0.0 0     0.1 0     0.0 0    -7.9 0    -7.9 0     6.4 0    82.3 0     9.6 0   264.7 0   960.0 0
 2019   9  1  9  3 33  3.550 150.94    -1.5 0     0.3 0     1.2 0     0.4 0   330.5 0   279.35 0   278.85 0   338.9 0   279.20 0   279.13 0     0.0 0     0.0 0     0.0 0    -8.3 0    -8.3 0     6.4 0    82.0 0     8.7 0   273.4 0   960.0 0
 2019   9  1  9  3 34  3.567 151.10    -1.2 0     0.3 0     1.1 0     0.4 0   328.0 0   279.32 0   278.82 0   338.5 0   279.17 0   279.12 0     0.0 0     0.0 0     0.0 0   -10.5 0   -10.5 0     6.3 0    81.9 0     7.8 0   268.4 0   960.0 0
 2019   9  1  9  3 35  3.583 151.26    -1.3 0     0.3 0     0.8 0     0.4 0   325.1 0   279.29 0   278.79 0   338.0 0   279.15 0   279.08 0     0.0 0     0.0 0     0.0 0   -12.9 0   -12.9 0     6.3 0    82.7 0     7.1 0   261.5 0   960.0 0
 2019   9  1  9  3 36  3.600 151.42    -1.1 0     0.3 0     0.6 0     0.4 0   322.4 0   279.26 0   278.77 0   338.1 0   279.12 0   279.06 0     0.0 0     0.0 0     0.0 0   -15.6 0   -15.6 0     6.2 0    82.2 0     8.7 0   264.5 0   959.9 0
 2019   9  1  9  3 37  3.617 151.58    -1.1 0     0.3 0     0.4 0     0.4 0   322.5 0   279.22 0   278.73 0   337.4 0   279.09 0   279.01 0     0.0 0     0.0 0     0.0 0   -14.9 0   -14.9 0     6.2 0    82.8 0     7.8 0   264.3 0   960.0 0
 2019   9  1  9  3 38  3.633 151.73    -1.1 0     0.4 0     0.4 0     0.4 0   325.4 0   279.20 0   278.72 0   337.4 0   279.05 0   278.97 0     0.0 0     0.0 0     0.0 0   -12.1 0   -12.1 0     6.1 0    83.0 0     7.1 0   262.6 0   959.9 0
 2019   9  1  9  3 39  3.650 151.89    -1.1 0     0.3 0     0.4 0     0.4 0   327.2 0   279.16 0   278.70 0   337.3 0   279.01 0   278.93 0     0.0 0     0.0 0     0.0 0   -10.1 0   -10.1 0     6.0 0    83.3 0     7.6 0   262.0 0   960.0 0
 2019   9  1  9  3 40  3.667 152.05    -1.1 0     0.3 0     0.4 0     0.4 0   323.4 0   279.13 0   278.67 0   337.4 0   278.97 0   278.91 0     0.0 0     0.0 0     0.0 0   -13.9 0   -13.9 0     6.0 0    82.7 0     9.7 0   266.1 0   960.1 0
 2019   9  1  9  3 41  3.683 152.20    -1.1 0     0.3 0     0.6 0     0.4 0   318.3 0   279.09 0   278.64 0   337.0 0   278.94 0   278.88 0     0.0 0     0.0 0     0.0 0   -18.8 0   -18.8 0     6.0 0    82.4 0     9.1 0   265.0 0   960.0 0
 2019   9  1  9  3 42  3.700 152.36    -1.0 0     0.3 0     0.8 0     0.4 0   320.3 0   279.07 0   278.62 0   337.3 0   278.92 0   278.85 0     0.0 0     0.0 0     0.0 0   -17.0 0   -17.0 0     6.0 0    81.9 0     9.1 0   263.5 0   960.1 0
 2019   9  1  9  3 43  3.717 152.52    -1.1 0     0.3 0     0.8 0     0.4 0   322.4 0   279.04 0   278.61 0   336.8 0   278.89 0   278.83 0     0.0 0     0.0 0     0.0 0   -14.4 0   -14.4 0     6.0 0    81.9 0     9.2 0   270.9 0   960.1 0
 2019   9  1  9  3 44  3.733 152.67    -1.1 0     0.3 0     0.5 0     0.4 0   326.4 0   279.02 0   278.59 0   336.7 0   278.86 0   278.80 0     0.0 0     0.0 0     0.0 0   -10.3 0   -10.3 0     6.0 0    82.2 0     7.9 0   260.4 0   960.1 0
 2019   9  1  9  3 45  3.750 152.82    -1.1 0     0.3 0     0.4 0     0.4 0   327.8 0   278.99 0   278.59 0   336.9 0   278.83 0   278.76 0     0.0 0     0.1 0     0.0 0    -9.1 0    -9.1 0     5.9 0    82.6 0     8.7 0   264.3 0   960.2 0
 2019   9  1  9  3 46  3.767 152.98    -0.9 0     0.3 0     0.4 0     0.4 0   330.1 0   278.97 0   278.58 0   337.0 0   278.80 0   278.75 0     0.0 0     0.0 0     0.0 0    -6.9 0    -6.9 0     5.9 0    82.3 0     8.5 0   261.6 0   960.1 0
 2019   9  1  9  3 47  3.783 153.13    -1.0 0     0.3 0     0.4 0     0.4 0   330.9 0   278.94 0   278.56 0   336.8 0   278.78 0   278.72 0     0.0 0     0.0 0     0.0 0    -5.9 0    -5.9 0     5.9 0    82.6 0     7.8 0   258.7 0   960.2 0
 2019   9  1  9  3 48  3.800 153.28    -0.9 0     0.3 0     0.4 0     0.4 0   330.4 0   278.93 0   278.55 0   337.1 0   278.75 0   278.70 0     0.0 0     0.0 0     0.0 0    -6.7 0    -6.7 0     5.8 0    82.4 0     7.4 0   256.6 0   960.2 0
 2019   9  1  9  3 49  3.817 153.43    -0.8 0     0.3 0     0.4 0     0.4 0   330.0 0   278.91 0   278.54 0   337.1 0   278.73 0   278.68 0     0.0 0     0.0 0     0.0 0    -7.1 0    -7.1 0     5.8 0    82.4 0     9.2 0   267.1 0   960.2 0
 2019   9  1  9  3 50  3.833 153.58    -0.8 0     0.3 0     0.4 0     0.4 0   327.2 0   278.89 0   278.54 0   336.3 0   278.71 0   278.67 0     0.0 0     0.1 0     0.0 0    -9.1 0    -9.1 0     5.8 0    81.6 0     7.9 0   274.5 0   960.2 0
 2019   9  1  9  3 51  3.850 153.73    -0.9 0     0.3 0     0.1 0     0.4 0   324.0 0   278.88 0   278.52 0   336.1 0   278.69 0   278.64 0     0.0 0     0.0 0     0.0 0   -12.1 0   -12.1 0     5.8 0    81.2 0     9.0 0   270.3 0   960.2 0
 2019   9  1  9  3 52  3.867 153.88    -1.0 0     0.3 0     0.0 0     0.4 0   321.4 0   278.88 0   278.52 0   336.7 0   278.68 0   278.63 0     0.0 0     0.0 0     0.0 0   -15.3 0   -15.3 0     5.9 0    80.7 0     9.6 0   272.9 0   960.2 0
 2019   9  1  9  3 53  3.883 154.02    -1.1 0     0.3 0     0.0 0     0.4 0   320.1 0   278.88 0   278.54 0   335.6 0   278.66 0   278.63 0     0.0 0     0.0 0     0.0 0   -15.6 0   -15.6 0     5.9 0    79.8 0     9.3 0   277.1 0   960.2 0
 2019   9  1  9  3 54  3.900 154.17    -0.9 0     0.3 0     0.3 0     0.4 0   318.5 0   278.87 0   278.51 0   336.1 0   278.66 0   278.63 0     0.0 0     0.0 0     0.0 0   -17.6 0   -17.6 0     5.9 0    79.6 0     8.4 0   270.9 0   960.2 0
 2019   9  1  9  3 55  3.917 154.32    -0.8 0     0.2 0     0.4 0     0.4 0   318.5 0   278.85 0   278.51 0   336.1 0   278.65 0   278.63 0     0.0 0     0.0 0     0.0 0   -17.6 0   -17.6 0     5.9 0    79.0 0    10.3 0   272.3 0   960.2 0
 2019   9  1  9  3 56  3.933 154.46    -0.8 0     0.1 0     0.0 0     0.4 0   315.8 0   278.85 0   278.52 0   335.9 0   278.65 0   278.62 0     0.0 0     0.0 0     0.0 0   -20.1 0   -20.1 0     5.9 0    79.0 0     8.8 0   268.4 0   960.3 0
 2019   9  1  9  3 57  3.950 154.61    -1.0 0     0.3 0     0.1 0     0.4 0   321.2 0   278.84 0   278.51 0   335.5 0   278.63 0   278.59 0     0.0 0     0.0 0     0.0 0   -14.3 0   -14.3 0     5.9 0    79.4 0     7.9 0   270.9 0   960.3 0
 2019   9  1  9  3 58  3.967 154.75    -1.1 0     0.3 0     0.1 0     0.4 0   321.9 0   278.83 0   278.51 0   335.9 0   278.63 0   278.60 0     0.0 0     0.0 0     0.0 0   -14.0 0   -14.0 0     5.9 0    79.0 0    10.0 0   278.8 0   960.3 0
 2019   9  1  9  3 59  3.983 154.89    -1.1 0    -0.2 0     0.0 0     0.4 0   321.7 0   278.83 0   278.53 0   336.2 0   278.63 0   278.62 0     0.0 0     0.0 0     0.0 0   -14.5 0   -14.5 0     5.9 0    78.2 0    11.7 0   281.2 0   960.3 0
 2019   9  1  9  4  0  4.000 155.03    -1.1 0    -0.3 0     0.0 0     0.4 0   318.7 0   278.83 0   278.52 0   335.8 0   278.63 0   278.61 0     0.0 0     0.1 0     0.0 0   -17.1 0   -17.1 0     6.0 0    78.3 0     7.9 0   266.0 0   960.3 0
 2019   9  1  9  4  1  4.017 155.17    -1.0 0     0.3 0     0.4 0     0.4 0   315.6 0   278.83 0   278.49 0   335.6 0   278.63 0   278.58 0     0.0 0     0.1 0     0.0 0   -20.0 0   -20.0 0     5.9 0    79.2 0     7.8 0   263.5 0   960.3 0
 2019   9  1  9  4  2  4.033 155.31    -0.8 0     0.3 0     0.4 0     0.4 0   311.8 0   278.83 0   278.50 0   335.3 0   278.61 0   278.57 0     0.0 0     0.1 0     0.0 0   -23.5 0   -23.5 0     5.8 0    79.2 0     8.1 0   267.0 0   960.3 0
 2019   9  1  9  4  3  4.050 155.45    -1.0 0     0.3 0     0.2 0     0.4 0   321.9 0   278.81 0   278.51 0   335.6 0   278.60 0   278.56 0     0.0 0     0.0 0     0.0 0   -13.7 0   -13.7 0     5.8 0    79.1 0     7.4 0   264.7 0   960.3 0
 2019   9  1  9  4  4  4.067 155.59    -1.1 0     0.3 0     0.1 0     0.4 0   327.0 0   278.82 0   278.52 0   336.1 0   278.58 0   278.55 0     0.0 0     0.0 0     0.0 0    -9.1 0    -9.1 0     5.8 0    78.9 0     9.5 0   270.2 0   960.2 0
 2019   9  1  9  4  5  4.083 155.72    -1.1 0    -0.3 0     0.0 0     0.4 0   325.8 0   278.82 0   278.50 0   335.6 0   278.58 0   278.57 0     0.0 0     0.0 0     0.0 0    -9.8 0    -9.8 0     5.9 0    78.1 0     8.8 0   269.2 0   960.3 0
 2019   9  1  9  4  6  4.100 155.86    -1.1 0     0.1 0     0.4 0     0.4 0   319.3 0   278.81 0   278.46 0   335.6 0   278.58 0   278.54 0     0.0 0     0.0 0     0.0 0   -16.3 0   -16.3 0     5.9 0    78.4 0     8.8 0   275.3 0   960.2 0
 2019   9  1  9  4  7  4.117 155.99    -0.9 0     0.1 0     0.4 0     0.4 0   322.0 0   278.80 0   278.44 0   336.1 0   278.57 0   278.54 0     0.0 0     0.0 0     0.0 0   -14.1 0   -14.1 0     5.8 0    78.0 0     9.7 0   263.5 0   960.3 0
 2019   9  1  9  4  8  4.133 156.12    -1.1 0    -0.3 0     0.4 0     0.4 0   317.5 0   278.78 0   278.44 0   335.4 0   278.57 0   278.54 0     0.0 0     0.1 0     0.0 0   -17.9 0   -17.9 0     5.9 0    77.2 0    10.0 0   268.0 0   960.3 0
 2019   9  1  9  4  9  4.150 156.25    -1.1 0    -0.1 0     0.3 0     0.4 0   312.1 0   278.78 0   278.43 0   335.0 0   278.57 0   278.54 0     0.0 0     0.0 0     0.0 0   -22.9 0   -22.9 0     5.9 0    77.3 0     9.0 0   268.2 0   960.3 0
 2019   9  1  9  4 10  4.167 156.39    -1.1 0     0.3 0     0.4 0     0.4 0   306.0 0   278.78 0   278.41 0   334.8 0   278.56 0   278.53 0     0.0 0     0.0 0     0.0 0   -28.8 0   -28.8 0     5.8 0    77.2 0     9.9 0   263.5 0   960.3 0
 2019   9  1  9  4 11  4.183 156.51    -1.1 0     0.1 0     0.4 0     0.4 0   302.4 0   278.78 0   278.42 0   334.5 0   278.56 0   278.53 0     0.0 0     0.0 0     0.0 0   -32.1 0   -32.1 0     5.9 0    76.9 0     8.8 0   263.4 0   960.3 0
 2019   9  1  9  4 12  4.200 156.64    -1.1 0     0.3 0     0.4 0     0.4 0   304.8 0   278.76 0   278.40 0   334.2 0   278.54 0   278.52 0     0.0 0     0.0 0     0.0 0   -29.5 0   -29.5 0     5.8 0    76.8 0    10.1 0   261.7 0   960.3 0
 2019   9  1  9  4 13  4.217 156.77    -1.1 0     0.1 0     0.1 0     0.4 0   304.3 0   278.75 0   278.42 0   335.1 0   278.54 0   278.51 0     0.0 0     0.0 0     0.0 0   -30.8 0   -30.8 0     5.8 0    76.4 0     9.6 0   274.5 0   960.4 0
 2019   9  1  9  4 14  4.233 156.90    -1.1 0     0.3 0     0.3 0     0.4 0   302.4 0   278.75 0   278.40 0   334.6 0   278.53 0   278.49 0     0.0 0     0.0 0     0.0 0   -32.3 0   -32.3 0     5.8 0    76.8 0     9.1 0   275.5 0   960.4 0
 2019   9  1  9  4 15  4.250 157.02    -1.0 0     0.3 0     0.4 0     0.4 0   302.9 0   278.74 0   278.39 0   334.1 0   278.51 0   278.48 0     0.0 0     0.0 0     0.0 0   -31.2 0   -31.2 0     5.8 0    76.7 0     8.3 0   275.9 0   960.3 0
 2019   9  1  9  4 16  4.267 157.14    -0.8 0     0.3 0     0.4 0     0.4 0   313.9 0   278.73 0   278.38 0   334.6 0   278.51 0   278.46 0     0.0 0     0.0 0     0.0 0   -20.7 0   -20.7 0     5.7 0    76.7 0     9.3 0   275.8 0   960.4 0
 2019   9  1  9  4 17  4.283 157.26    -0.8 0    -0.2 0     0.4 0     0.4 0   324.1 0   278.71 0   278.41 0   334.9 0   278.50 0   278.49 0     0.0 0     0.0 0     0.0 0   -10.8 0   -10.8 0     5.8 0    75.5 0    11.5 0   267.3 0   960.4 0
 2019   9  1  9  4 18  4.300 157.39    -1.0 0    -0.2 0     0.4 0     0.4 0   322.8 0   278.71 0   278.39 0   334.7 0   278.51 0   278.47 0     0.0 0     0.0 0     0.0 0   -11.9 0   -11.9 0     5.8 0    76.2 0     8.9 0   271.1 0   960.4 0
 2019   9  1  9  4 19  4.317 157.51    -0.8 0     0.3 0     0.4 0     0.4 0   322.7 0   278.71 0   278.39 0   334.7 0   278.49 0   278.44 0     0.0 0     0.0 0     0.0 0   -12.0 0   -12.0 0     5.7 0    77.3 0     8.1 0   275.2 0   960.5 0
 2019   9  1  9  4 20  4.333 157.62    -0.9 0     0.3 0     0.4 0     0.4 0   325.5 0   278.69 0   278.39 0   335.0 0   278.47 0   278.44 0     0.0 0     0.1 0     0.0 0    -9.5 0    -9.5 0     5.6 0    77.1 0     9.2 0   275.1 0   960.4 0
 2019   9  1  9  4 21  4.350 157.74    -1.0 0    -0.1 0     0.3 0     0.4 0   326.3 0   278.68 0   278.39 0   335.0 0   278.46 0   278.44 0     0.0 0     0.1 0     0.0 0    -8.8 0    -8.8 0     5.7 0    76.0 0     9.7 0   278.9 0   960.5 0
 2019   9  1  9  4 22  4.367 157.86    -1.0 0     0.0 0     0.4 0     0.4 0   326.7 0   278.68 0   278.37 0   335.4 0   278.46 0   278.44 0     0.0 0     0.1 0     0.0 0    -8.7 0    -8.7 0     5.7 0    75.8 0    11.4 0   269.7 0   960.5 0
 2019   9  1  9  4 23  4.383 157.97    -1.1 0     0.0 0     0.4 0     0.4 0   325.7 0   278.68 0   278.36 0   334.9 0   278.46 0   278.43 0     0.0 0     0.1 0     0.0 0    -9.2 0    -9.2 0     5.7 0    75.9 0    10.8 0   279.9 0   960.6 0
 2019   9  1  9  4 24  4.400 158.08    -1.1 0    -0.3 0     0.4 0     0.4 0   325.6 0   278.68 0   278.39 0   335.1 0   278.45 0   278.44 0     0.0 0     0.0 0     0.0 0    -9.5 0    -9.5 0     5.8 0    75.0 0     9.2 0   282.8 0   960.5 0
 2019   9  1  9  4 25  4.417 158.19    -1.1 0     0.2 0     0.4 0     0.4 0   326.4 0   278.68 0   278.37 0   334.6 0   278.44 0   278.40 0     0.0 0     0.1 0     0.0 0    -8.2 0    -8.2 0     5.7 0    76.2 0     9.0 0   271.5 0   960.6 0
 2019   9  1  9  4 26  4.433 158.30    -1.1 0     0.0 0     0.4 0     0.4 0   326.0 0   278.68 0   278.38 0   335.0 0   278.44 0   278.40 0     0.0 0     0.0 0     0.0 0    -9.1 0    -9.1 0     5.7 0    75.5 0    10.6 0   281.0 0   960.6 0
 2019   9  1  9  4 27  4.450 158.41    -1.1 0     0.3 0     0.4 0     0.4 0   326.6 0   278.68 0   278.34 0   334.5 0   278.43 0   278.39 0     0.0 0     0.1 0     0.0 0    -7.9 0    -7.9 0     5.7 0    76.0 0     8.1 0   279.0 0   960.6 0
 2019   9  1  9  4 28  4.467 158.52    -1.1 0     0.3 0     0.4 0     0.4 0   326.6 0   278.66 0   278.32 0   335.0 0   278.41 0   278.37 0     0.0 0     0.0 0     0.0 0    -8.4 0    -8.4 0     5.6 0    76.0 0     9.9 0   274.4 0   960.6 0
 2019   9  1  9  4 29  4.483 158.62    -1.1 0     0.3 0     0.4 0     0.4 0   324.6 0   278.65 0   278.28 0   334.5 0   278.39 0   278.37 0     0.0 0     0.0 0     0.0 0   -10.0 0   -10.0 0     5.6 0    75.4 0    11.8 0   279.5 0   960.7 0
 2019   9  1  9  4 30  4.500 158.73    -1.1 0     0.3 0     0.4 0     0.4 0   323.7 0   278.63 0   278.26 0   334.2 0   278.39 0   278.34 0     0.0 0     0.0 0     0.0 0   -10.5 0   -10.5 0     5.6 0    75.8 0    11.2 0   275.3 0   960.7 0
 2019   9  1  9  4 31  4.517 158.83    -1.1 0     0.3 0     0.4 0     0.4 0   320.8 0   278.62 0   278.26 0   334.8 0   278.38 0   278.34 0     0.0 0     0.0 0     0.0 0   -14.0 0   -14.0 0     5.6 0    75.2 0    13.0 0   283.3 0   960.7 0
 2019   9  1  9  4 32  4.533 158.93    -1.1 0     0.2 0     0.4 0     0.4 0   322.2 0   278.61 0   278.27 0   334.4 0   278.37 0   278.34 0     0.0 0     0.0 0     0.0 0   -12.2 0   -12.2 0     5.6 0    75.4 0    10.5 0   279.7 0   960.7 0
 2019   9  1  9  4 33  4.550 159.03    -1.1 0     0.3 0     0.4 0     0.4 0   322.9 0   278.59 0   278.26 0   334.3 0   278.35 0   278.31 0     0.0 0     0.1 0     0.0 0   -11.5 0   -11.5 0     5.6 0    76.5 0     9.1 0   282.6 0   960.8 0
 2019   9  1  9  4 34  4.567 159.12    -1.1 0     0.3 0     0.4 0     0.4 0   323.0 0   278.58 0   278.26 0   334.3 0   278.34 0   278.31 0     0.0 0     0.1 0     0.0 0   -11.3 0   -11.3 0     5.5 0    75.8 0     9.8 0   276.8 0   960.8 0
 2019   9  1  9  4 35  4.583 159.22    -1.1 0     0.3 0     0.4 0     0.4 0   319.9 0   278.56 0   278.27 0   334.2 0   278.34 0   278.29 0     0.0 0     0.0 0     0.0 0   -14.3 0   -14.3 0     5.5 0    75.8 0     9.5 0   276.8 0   960.8 0
 2019   9  1  9  4 36  4.600 159.31    -1.1 0     0.3 0     0.2 0     0.4 0   320.7 0   278.55 0   278.27 0   334.3 0   278.32 0   278.28 0     0.0 0     0.0 0     0.0 0   -13.6 0   -13.6 0     5.5 0    76.1 0     8.8 0   283.8 0   960.8 0
 2019   9  1  9  4 37  4.617 159.41    -1.0 0     0.3 0     0.1 0     0.4 0   324.7 0   278.53 0   278.29 0   334.4 0   278.30 0   278.27 0     0.0 0     0.0 0     0.0 0    -9.8 0    -9.8 0     5.4 0    75.4 0    11.5 0   284.2 0   960.8 0
 2019   9  1  9  4 38  4.633 159.50    -1.0 0    -0.1 0     0.0 0     0.4 0   325.5 0   278.53 0   278.31 0   334.7 0   278.29 0   278.27 0     0.0 0     0.1 0     0.0 0    -9.1 0    -9.1 0     5.5 0    74.7 0    11.1 0   280.4 0   960.8 0
 2019   9  1  9  4 39  4.650 159.58    -1.1 0    -0.2 0     0.0 0     0.4 0   325.6 0   278.53 0   278.31 0   334.5 0   278.29 0   278.26 0     0.0 0     0.0 0     0.0 0    -8.9 0    -8.9 0     5.5 0    75.2 0     9.8 0   281.8 0   960.8 0
 2019   9  1  9  4 40  4.667 159.67    -0.8 0     0.3 0     0.0 0     0.4 0   325.8 0   278.53 0   278.29 0   332.8 0   278.28 0   278.24 0     0.0 0     0.1 0     0.0 0    -7.0 0    -7.0 0     5.4 0    76.0 0     9.6 0   279.8 0   960.8 0
 2019   9  1  9  4 41  4.683 159.75    -0.8 0     0.3 0     0.1 0     0.4 0   326.1 0   278.53 0   278.29 0   334.2 0   278.26 0   278.24 0     0.0 0     0.1 0     0.0 0    -8.1 0    -8.1 0     5.4 0    75.8 0     8.9 0   289.7 0   960.8 0
 2019   9  1  9  4 42  4.700 159.84    -0.8 0     0.2 0     0.0 0     0.4 0   326.6 0   278.53 0   278.31 0   332.6 0   278.26 0   278.24 0     0.0 0     0.1 0     0.0 0    -6.0 0    -6.0 0     5.4 0    75.3 0     9.7 0   286.8 0   960.9 0
 2019   9  1  9  4 43  4.717 159.92    -0.8 0     0.3 0     0.0 0     0.4 0   326.5 0   278.53 0   278.28 0   334.2 0   278.25 0   278.20 0     0.0 0     0.1 0     0.0 0    -7.8 0    -7.8 0     5.4 0    76.2 0     7.5 0   278.5 0   960.8 0
 2019   9  1  9  4 44  4.733 160.00    -0.8 0     0.3 0     0.2 0     0.4 0   326.5 0   278.53 0   278.26 0   333.5 0   278.23 0   278.18 0     0.0 0     0.1 0     0.0 0    -6.9 0    -6.9 0     5.3 0    76.9 0     7.0 0   278.6 0   960.9 0
 2019   9  1  9  4 45  4.750 160.07    -0.8 0     0.3 0     0.4 0     0.4 0   325.9 0   278.51 0   278.24 0   334.8 0   278.21 0   278.15 0     0.0 0     0.1 0     0.0 0    -8.8 0    -8.8 0     5.3 0    77.0 0     7.7 0   285.7 0   960.9 0
 2019   9  1  9  4 46  4.767 160.15    -0.8 0     0.3 0     0.4 0     0.4 0   326.0 0   278.51 0   278.20 0   334.2 0   278.19 0   278.14 0     0.0 0     0.1 0     0.0 0    -8.2 0    -8.2 0     5.3 0    77.0 0     7.8 0   278.7 0   961.0 0
 2019   9  1  9  4 47  4.783 160.22    -0.8 0     0.3 0     0.4 0     0.4 0   325.7 0   278.49 0   278.19 0   333.7 0   278.16 0   278.14 0     0.0 0     0.1 0     0.0 0    -7.9 0    -7.9 0     5.3 0    76.3 0     8.1 0   283.1 0   961.0 0
 2019   9  1  9  4 48  4.800 160.29    -0.8 0     0.3 0     0.4 0     0.4 0   325.9 0   278.48 0   278.13 0   333.9 0   278.15 0   278.11 0     0.0 0     0.1 0     0.0 0    -8.0 0    -8.0 0     5.3 0    76.3 0     8.5 0   278.4 0   961.1 0
 2019   9  1  9  4 49  4.817 160.36    -0.8 0     0.3 0     0.4 0     0.4 0   325.6 0   278.47 0   278.10 0   333.0 0   278.14 0   278.09 0     0.0 0     0.1 0     0.0 0    -7.4 0    -7.4 0     5.3 0    76.4 0     8.8 0   284.3 0   961.0 0
 2019   9  1  9  4 50  4.833 160.43    -1.0 0     0.3 0     0.4 0     0.4 0   325.5 0   278.46 0   278.10 0   335.0 0   278.12 0   278.08 0     0.0 0     0.0 0     0.0 0    -9.5 0    -9.5 0     5.3 0    75.6 0     8.4 0   294.0 0   961.0 0
 2019   9  1  9  4 51  4.850 160.50    -1.1 0     0.3 0     0.4 0     0.4 0   325.0 0   278.44 0   278.09 0   332.9 0   278.10 0   278.05 0     0.0 0     0.0 0     0.0 0    -7.8 0    -7.8 0     5.2 0    75.8 0     9.5 0   281.8 0   961.1 0
 2019   9  1  9  4 52  4.867 160.56    -1.1 0     0.3 0     0.4 0     0.4 0   325.0 0   278.44 0   278.08 0   333.2 0   278.08 0   278.03 0     0.0 0     0.0 0     0.0 0    -8.2 0    -8.2 0     5.2 0    75.6 0     8.6 0   284.5 0   961.1 0
 2019   9  1  9  4 53  4.883 160.62    -1.1 0     0.3 0     0.4 0     0.4 0   325.0 0   278.44 0   278.05 0   332.4 0   278.05 0   278.00 0     0.0 0     0.0 0     0.0 0    -7.4 0    -7.4 0     5.2 0    75.0 0    10.9 0   275.4 0   961.2 0
 2019   9  1  9  4 54  4.900 160.68    -1.1 0     0.3 0     0.4 0     0.4 0   323.9 0   278.41 0   278.05 0   333.3 0   278.04 0   277.98 0     0.0 0     0.0 0     0.0 0    -9.3 0    -9.3 0     5.2 0    75.9 0     7.2 0   277.4 0   961.1 0
 2019   9  1  9  4 55  4.917 160.74    -1.1 0     0.3 0     0.4 0     0.4 0   322.9 0   278.39 0   278.03 0   332.5 0   278.01 0   277.95 0     0.0 0     0.0 0     0.0 0    -9.6 0    -9.6 0     5.1 0    76.4 0     7.7 0   279.3 0   961.3 0
 2019   9  1  9  4 56  4.933 160.79    -1.1 0     0.3 0     0.4 0     0.4 0   321.6 0   278.36 0   278.01 0   331.7 0   277.98 0   277.91 0     0.0 0     0.0 0     0.0 0   -10.1 0   -10.1 0     5.0 0    76.0 0     7.9 0   293.3 0   961.3 0
 2019   9  1  9  4 57  4.950 160.84    -1.1 0     0.3 0     0.4 0     0.4 0   321.5 0   278.34 0   278.00 0   332.6 0   277.95 0   277.90 0     0.0 0     0.0 0     0.0 0   -11.1 0   -11.1 0     5.0 0    74.9 0     8.6 0   278.8 0   961.3 0
 2019   9  1  9  4 58  4.967 160.89    -1.1 0     0.3 0     0.4 0     0.4 0   322.0 0   278.33 0   278.00 0   332.8 0   277.94 0   277.90 0     0.0 0     0.0 0     0.0 0   -10.7 0   -10.7 0     5.1 0    73.4 0    10.6 0   274.7 0   961.3 0
 2019   9  1  9  4 59  4.983 160.94    -1.1 0     0.3 0     0.3 0     0.4 0   321.8 0   278.31 0   278.03 0   332.2 0   277.92 0   277.89 0     0.0 0     0.0 0     0.0 0   -10.4 0   -10.4 0     5.1 0    72.6 0     9.2 0   295.6 0   961.3 0
 2019   9  1  9  5  0  5.000 160.99    -1.1 0     0.3 0     0.3 0     0.4 0   322.0 0   278.31 0   278.03 0   332.9 0   277.91 0   277.88 0     0.0 0     0.0 0     0.0 0   -10.8 0   -10.8 0     5.1 0    71.6 0    12.1 0   276.9 0   961.3 0
 2019   9  1  9  5  1  5.017 161.03    -1.1 0     0.3 0     0.1 0     0.4 0   321.7 0   278.31 0   278.04 0   332.3 0   277.90 0   277.87 0     0.0 0     0.0 0     0.0 0   -10.6 0   -10.6 0     5.1 0    71.3 0    11.8 0   284.0 0   961.3 0
 2019   9  1  9  5  2  5.033 161.07    -1.1 0     0.3 0     0.4 0     0.4 0   321.4 0   278.29 0   278.04 0   332.0 0   277.89 0   277.85 0     0.0 0     0.0 0     0.0 0   -10.6 0   -10.6 0     5.1 0    71.6 0    10.5 0   286.8 0   961.4 0
 2019   9  1  9  5  3  5.050 161.11    -1.1 0     0.3 0     0.3 0     0.4 0   321.2 0   278.29 0   278.05 0   332.4 0   277.87 0   277.84 0     0.0 0     0.0 0     0.0 0   -11.2 0   -11.2 0     5.1 0    72.0 0     7.6 0   282.1 0   961.3 0
 2019   9  1  9  5  4  5.067 161.15    -1.1 0     0.3 0     0.4 0     0.4 0   320.4 0   278.29 0   278.03 0   333.1 0   277.86 0   277.82 0     0.0 0     0.0 0     0.0 0   -12.7 0   -12.7 0     5.0 0    71.6 0    10.4 0   286.3 0   961.3 0
 2019   9  1  9  5  5  5.083 161.18    -0.9 0     0.3 0     0.4 0     0.4 0   319.5 0   278.27 0   278.00 0   331.0 0   277.84 0   277.80 0     0.0 0     0.0 0     0.0 0   -11.5 0   -11.5 0     5.0 0    72.7 0     8.1 0   278.7 0   961.3 0
 2019   9  1  9  5  6  5.100 161.22    -0.8 0     0.3 0     0.4 0     0.4 0   319.9 0   278.25 0   278.02 0   332.0 0   277.82 0   277.79 0     0.0 0     0.0 0     0.0 0   -12.1 0   -12.1 0     5.0 0    70.6 0    10.5 0   278.8 0   961.3 0
 2019   9  1  9  5  7  5.117 161.25    -0.8 0    -0.2 0     0.1 0     0.4 0   319.6 0   278.24 0   278.04 0   330.9 0   277.81 0   277.79 0     0.0 0     0.0 0     0.0 0   -11.3 0   -11.3 0     5.0 0    70.4 0     9.0 0   275.6 0   961.4 0
 2019   9  1  9  5  8  5.133 161.27    -0.8 0     0.3 0     0.4 0     0.4 0   320.0 0   278.24 0   278.02 0   330.8 0   277.81 0   277.78 0     0.0 0     0.1 0     0.0 0   -10.9 0   -10.9 0     5.0 0    70.6 0    12.0 0   272.4 0   961.5 0
 2019   9  1  9  5  9  5.150 161.30    -0.8 0    -0.1 0     0.1 0     0.4 0   319.6 0   278.24 0   278.02 0   332.3 0   277.80 0   277.77 0     0.0 0     0.1 0     0.0 0   -12.7 0   -12.7 0     5.0 0    69.7 0    11.3 0   286.7 0   961.5 0
 2019   9  1  9  5 10  5.167 161.32    -0.8 0     0.3 0     0.4 0     0.4 0   319.6 0   278.24 0   278.00 0   332.2 0   277.79 0   277.75 0     0.0 0     0.0 0     0.0 0   -12.6 0   -12.6 0     5.0 0    70.2 0    12.8 0   271.4 0   961.4 0
 2019   9  1  9  5 11  5.183 161.34    -1.0 0     0.3 0     0.3 0     0.4 0   320.4 0   278.24 0   278.01 0   331.2 0   277.77 0   277.75 0     0.0 0     0.1 0     0.0 0   -10.8 0   -10.8 0     5.0 0    69.8 0    10.6 0   285.3 0   961.5 0
 2019   9  1  9  5 12  5.200 161.36    -1.2 0     0.3 0     0.0 0     0.4 0   320.4 0   278.24 0   278.02 0   330.6 0   277.76 0   277.73 0     0.0 0     0.1 0     0.0 0   -10.2 0   -10.2 0     4.9 0    69.7 0     9.3 0   287.1 0   961.5 0
 2019   9  1  9  5 13  5.217 161.38    -1.5 0     0.3 0     0.2 0     0.4 0   319.7 0   278.22 0   277.99 0   331.3 0   277.75 0   277.71 0     0.0 0     0.1 0     0.0 0   -11.5 0   -11.5 0     4.9 0    70.8 0     8.0 0   282.4 0   961.5 0
 2019   9  1  9  5 14  5.233 161.39    -1.2 0     0.3 0     0.4 0     0.4 0   319.6 0   278.21 0   277.97 0   330.7 0   277.73 0   277.69 0     0.0 0     0.1 0     0.0 0   -11.2 0   -11.2 0     4.8 0    71.2 0     7.7 0   279.4 0   961.5 0
 2019   9  1  9  5 15  5.250 161.40    -1.1 0     0.1 0     0.3 0     0.4 0   319.3 0   278.19 0   277.98 0   331.2 0   277.72 0   277.70 0     0.0 0     0.0 0     0.0 0   -12.0 0   -12.0 0     4.9 0    67.9 0    14.9 0   273.0 0   961.5 0
 2019   9  1  9  5 16  5.267 161.41    -1.1 0    -0.3 0     0.0 0     0.4 0   319.2 0   278.19 0   277.98 0   331.2 0   277.73 0   277.71 0     0.0 0     0.0 0     0.0 0   -12.0 0   -12.0 0     5.0 0    68.4 0    11.2 0   281.7 0   961.5 0
 2019   9  1  9  5 17  5.283 161.41    -1.2 0     0.2 0     0.0 0     0.4 0   319.2 0   278.19 0   277.96 0   330.4 0   277.71 0   277.68 0     0.0 0     0.0 0     0.0 0   -11.2 0   -11.2 0     4.9 0    69.1 0     9.5 0   282.3 0   961.5 0
 2019   9  1  9  5 18  5.300 161.42    -1.1 0     0.3 0     0.1 0     0.4 0   318.8 0   278.18 0   277.95 0   331.3 0   277.71 0   277.66 0     0.0 0     0.0 0     0.0 0   -12.5 0   -12.5 0     4.9 0    69.3 0     8.1 0   291.5 0   961.5 0
 2019   9  1  9  5 19  5.317 161.42    -1.1 0     0.3 0     0.3 0     0.4 0   318.3 0   278.17 0   277.94 0   330.5 0   277.70 0   277.65 0     0.0 0     0.0 0     0.0 0   -12.2 0   -12.2 0     4.8 0    69.8 0     9.6 0   276.2 0   961.5 0
 2019   9  1  9  5 20  5.333 161.42    -1.1 0     0.3 0     0.4 0     0.4 0   318.3 0   278.15 0   277.92 0   330.6 0   277.67 0   277.64 0     0.0 0     0.0 0     0.0 0   -12.2 0   -12.2 0     4.8 0    68.8 0     9.3 0   276.2 0   961.5 0
 2019   9  1  9  5 21  5.350 161.42    -1.1 0     0.3 0     0.4 0     0.4 0   318.8 0   278.14 0   277.91 0   331.2 0   277.66 0   277.62 0     0.0 0     0.0 0     0.0 0   -12.4 0   -12.4 0     4.8 0    69.1 0     9.2 0   280.3 0   961.6 0
 2019   9  1  9  5 22  5.367 161.41    -1.1 0     0.3 0     0.3 0     0.4 0   318.8 0   278.12 0   277.90 0   330.3 0   277.65 0   277.61 0     0.0 0     0.0 0     0.0 0   -11.5 0   -11.5 0     4.8 0    69.0 0     8.5 0   275.4 0   961.6 0
 2019   9  1  9  5 23  5.383 161.40    -1.1 0     0.3 0     0.1 0     0.4 0   318.9 0   278.11 0   277.89 0   331.2 0   277.63 0   277.59 0     0.0 0     0.0 0     0.0 0   -12.3 0   -12.3 0     4.8 0    69.2 0     8.9 0   283.1 0   961.7 0
 2019   9  1  9  5 24  5.400 161.39    -1.1 0     0.3 0     0.2 0     0.4 0   318.6 0   278.10 0   277.86 0   330.0 0   277.61 0   277.56 0     0.0 0     0.0 0     0.0 0   -11.4 0   -11.4 0     4.7 0    69.9 0     7.2 0   280.0 0   961.6 0
 2019   9  1  9  5 25  5.417 161.38    -0.8 0     0.3 0     0.4 0     0.4 0   317.9 0   278.08 0   277.83 0   330.1 0   277.60 0   277.55 0     0.0 0     0.1 0     0.0 0   -12.3 0   -12.3 0     4.7 0    70.1 0     7.5 0   284.2 0   961.7 0
 2019   9  1  9  5 26  5.433 161.36    -0.8 0     0.3 0     0.4 0     0.4 0   317.4 0   278.05 0   277.81 0   330.5 0   277.57 0   277.52 0     0.0 0     0.1 0     0.0 0   -13.1 0   -13.1 0     4.6 0    69.3 0    10.0 0   289.5 0   961.7 0
 2019   9  1  9  5 27  5.450 161.34    -0.9 0     0.3 0     0.1 0     0.4 0   317.3 0   278.04 0   277.84 0   331.4 0   277.56 0   277.53 0     0.0 0     0.0 0     0.0 0   -14.0 0   -14.0 0     4.7 0    67.7 0     9.5 0   282.1 0   961.7 0
 2019   9  1  9  5 28  5.467 161.32    -1.1 0     0.1 0     0.0 0     0.4 0   316.9 0   278.02 0   277.82 0   329.6 0   277.56 0   277.53 0     0.0 0     0.0 0     0.0 0   -12.6 0   -12.6 0     4.7 0    66.7 0    11.1 0   276.0 0   961.7 0
 2019   9  1  9  5 29  5.483 161.30    -1.1 0    -0.3 0     0.0 0     0.4 0   316.6 0   278.02 0   277.82 0   331.5 0   277.56 0   277.54 0     0.0 0     0.0 0     0.0 0   -14.9 0   -14.9 0     4.8 0    66.1 0    10.4 0   292.5 0   961.8 0
 2019   9  1  9  5 30  5.500 161.28    -1.1 0    -0.3 0     0.0 0     0.4 0   316.2 0   278.02 0   277.82 0   330.4 0   277.56 0   277.54 0     0.0 0     0.0 0     0.0 0   -14.2 0   -14.2 0     4.8 0    65.6 0    10.9 0   282.1 0   961.7 0
 2019   9  1  9  5 31  5.517 161.25    -1.1 0    -0.3 0     0.0 0     0.4 0   315.9 0   278.02 0   277.83 0   329.9 0   277.56 0   277.55 0     0.0 0     0.0 0     0.0 0   -14.0 0   -14.0 0     4.8 0    65.7 0     8.6 0   278.2 0   961.8 0
 2019   9  1  9  5 32  5.533 161.22    -1.1 0     0.1 0     0.0 0     0.4 0   315.3 0   278.02 0   277.82 0   329.5 0   277.56 0   277.52 0     0.0 0     0.0 0     0.0 0   -14.3 0   -14.3 0     4.7 0    66.8 0     7.7 0   274.3 0   961.8 0
 2019   9  1  9  5 33  5.550 161.19    -1.1 0     0.2 0     0.0 0     0.4 0   315.2 0   278.02 0   277.80 0   330.1 0   277.56 0   277.51 0     0.0 0     0.0 0     0.0 0   -14.9 0   -14.9 0     4.7 0    65.1 0     9.3 0   279.6 0   961.8 0
 2019   9  1  9  5 34  5.567 161.15    -1.2 0    -0.2 0     0.0 0     0.4 0   314.6 0   278.02 0   277.83 0   329.9 0   277.55 0   277.53 0     0.0 0     0.0 0     0.0 0   -15.3 0   -15.3 0     4.7 0    63.9 0    10.5 0   291.6 0   961.9 0
 2019   9  1  9  5 35  5.583 161.12    -1.5 0    -0.3 0    -0.2 0     0.4 0   314.0 0   278.02 0   277.85 0   330.1 0   277.56 0   277.55 0     0.0 0     0.0 0     0.0 0   -16.1 0   -16.1 0     4.8 0    61.9 0    11.8 0   294.6 0   961.8 0
 2019   9  1  9  5 36  5.600 161.08    -1.5 0    -0.3 0    -0.3 0     0.4 0   313.8 0   278.04 0   277.85 0   329.6 0   277.56 0   277.55 0     0.0 0     0.0 0     0.0 0   -15.8 0   -15.8 0     4.8 0    62.8 0     8.8 0   283.8 0   961.8 0
 2019   9  1  9  5 37  5.617 161.04    -1.3 0    -0.3 0     0.0 0     0.4 0   313.5 0   278.05 0   277.83 0   329.2 0   277.56 0   277.54 0     0.0 0     0.0 0     0.0 0   -15.7 0   -15.7 0     4.8 0    62.7 0    11.7 0   284.7 0   961.9 0
 2019   9  1  9  5 38  5.633 160.99    -1.4 0    -0.3 0     0.0 0     0.4 0   313.6 0   278.05 0   277.85 0   329.4 0   277.57 0   277.57 0     0.0 0     0.0 0     0.0 0   -15.8 0   -15.8 0     4.8 0    59.8 0    13.4 0   286.9 0   961.9 0
 2019   9  1  9  5 39  5.650 160.95    -1.5 0    -0.3 0     0.0 0     0.4 0   313.1 0   278.05 0   277.83 0   329.9 0   277.59 0   277.57 0     0.0 0     0.0 0     0.0 0   -16.8 0   -16.8 0     4.9 0    60.4 0    11.8 0   275.9 0   961.9 0
 2019   9  1  9  5 40  5.667 160.90    -1.5 0    -0.3 0     0.0 0     0.4 0   312.2 0   278.05 0   277.82 0   329.6 0   277.61 0   277.57 0     0.0 0     0.0 0     0.0 0   -17.4 0   -17.4 0     4.8 0    61.1 0     9.7 0   280.4 0   961.9 0
 2019   9  1  9  5 41  5.683 160.85    -1.2 0     0.1 0     0.0 0     0.4 0   311.1 0   278.05 0   277.80 0   328.4 0   277.59 0   277.54 0     0.0 0     0.0 0     0.0 0   -17.3 0   -17.3 0     4.7 0    61.7 0     8.6 0   282.3 0   962.0 0
 2019   9  1  9  5 42  5.700 160.80    -1.2 0     0.0 0     0.0 0     0.4 0   309.8 0   278.02 0   277.80 0   329.2 0   277.59 0   277.55 0     0.0 0     0.0 0     0.0 0   -19.3 0   -19.3 0     4.7 0    59.2 0    11.3 0   274.7 0   962.0 0
 2019   9  1  9  5 43  5.717 160.74    -1.5 0    -0.2 0     0.0 0     0.4 0   306.0 0   278.02 0   277.81 0   328.7 0   277.58 0   277.54 0     0.0 0     0.0 0     0.0 0   -22.7 0   -22.7 0     4.8 0    59.5 0     8.2 0   296.2 0   962.0 0
 2019   9  1  9  5 44  5.733 160.69    -1.5 0    -0.3 0     0.0 0     0.4 0   299.9 0   278.02 0   277.80 0   328.2 0   277.57 0   277.55 0     0.0 0     0.0 0     0.0 0   -28.3 0   -28.3 0     4.8 0    57.5 0    11.7 0   277.5 0   962.1 0
 2019   9  1  9  5 45  5.750 160.63    -1.5 0    -0.3 0     0.0 0     0.4 0   295.5 0   278.02 0   277.80 0   327.9 0   277.59 0   277.56 0     0.0 0     0.0 0     0.0 0   -32.4 0   -32.4 0     4.8 0    57.6 0     8.6 0   270.2 0   962.0 0
 2019   9  1  9  5 46  5.767 160.57    -1.5 0    -0.3 0     0.0 0     0.4 0   292.9 0   278.02 0   277.80 0   328.6 0   277.59 0   277.58 0     0.0 0     0.0 0     0.0 0   -35.8 0   -35.8 0     4.9 0    55.0 0    12.6 0   292.1 0   962.0 0
 2019   9  1  9  5 47  5.783 160.51    -1.5 0    -0.3 0     0.0 0     0.4 0   285.5 0   278.03 0   277.79 0   327.7 0   277.61 0   277.59 0     0.0 0     0.0 0     0.0 0   -42.1 0   -42.1 0     4.9 0    54.7 0    11.9 0   280.2 0   962.0 0
 2019   9  1  9  5 48  5.800 160.44    -1.5 0    -0.3 0     0.0 0     0.4 0   281.6 0   278.04 0   277.77 0   327.1 0   277.61 0   277.56 0     0.0 0     0.0 0     0.0 0   -45.5 0   -45.5 0     4.9 0    56.3 0     9.7 0   284.8 0   962.0 0
 2019   9  1  9  5 49  5.817 160.37    -1.5 0     0.0 0     0.0 0     0.4 0   276.5 0   278.03 0   277.76 0   326.0 0   277.61 0   277.56 0     0.0 0     0.0 0     0.0 0   -49.5 0   -49.5 0     4.8 0    57.0 0     6.7 0   287.9 0   962.0 0
 2019   9  1  9  5 50  5.833 160.30    -1.5 0     0.3 0     0.0 0     0.4 0   275.6 0   278.01 0   277.72 0   326.7 0   277.59 0   277.54 0     0.0 0     0.0 0     0.0 0   -51.1 0   -51.1 0     4.7 0    56.7 0    10.1 0   294.4 0   962.1 0
 2019   9  1  9  5 51  5.850 160.23    -1.5 0     0.3 0     0.2 0     0.4 0   279.3 0   278.00 0   277.69 0   326.3 0   277.57 0   277.51 0     0.0 0     0.0 0     0.0 0   -47.0 0   -47.0 0     4.7 0    57.8 0     9.2 0   274.6 0   962.1 0
 2019   9  1  9  5 52  5.867 160.16    -1.5 0     0.3 0     0.4 0     0.4 0   287.3 0   277.98 0   277.69 0   326.2 0   277.56 0   277.51 0     0.0 0     0.0 0     0.0 0   -38.9 0   -38.9 0     4.7 0    56.8 0     8.8 0   276.6 0   962.0 0
 2019   9  1  9  5 53  5.883 160.09    -1.5 0     0.3 0     0.3 0     0.4 0   294.9 0   277.96 0   277.67 0   326.7 0   277.54 0   277.47 0     0.0 0     0.0 0     0.0 0   -31.8 0   -31.8 0     4.7 0    57.7 0     7.2 0   285.4 0   962.0 0
 2019   9  1  9  5 54  5.900 160.01    -1.5 0     0.3 0     0.4 0     0.4 0   295.8 0   277.94 0   277.65 0   326.9 0   277.52 0   277.46 0     0.0 0     0.0 0     0.0 0   -31.2 0   -31.2 0     4.6 0    58.3 0     8.5 0   277.5 0   962.0 0
 2019   9  1  9  5 55  5.917 159.93    -1.5 0     0.3 0     0.2 0     0.4 0   297.7 0   277.91 0   277.65 0   327.3 0   277.50 0   277.45 0     0.0 0     0.0 0     0.0 0   -29.6 0   -29.6 0     4.6 0    57.9 0     9.2 0   282.3 0   962.0 0
 2019   9  1  9  5 56  5.933 159.85    -1.2 0     0.3 0     0.3 0     0.4 0   297.0 0   277.90 0   277.62 0   326.9 0   277.48 0   277.42 0     0.0 0     0.0 0     0.0 0   -29.8 0   -29.8 0     4.6 0    59.0 0     8.6 0   282.3 0   962.1 0
 2019   9  1  9  5 57  5.950 159.77    -1.1 0     0.3 0     0.4 0     0.4 0   291.4 0   277.87 0   277.59 0   327.2 0   277.46 0   277.41 0     0.0 0     0.0 0     0.0 0   -35.8 0   -35.8 0     4.6 0    58.6 0    12.1 0   279.7 0   962.1 0
 2019   9  1  9  5 58  5.967 159.68    -1.1 0     0.3 0     0.4 0     0.4 0   291.6 0   277.85 0   277.56 0   327.0 0   277.45 0   277.38 0     0.0 0     0.0 0     0.0 0   -35.3 0   -35.3 0     4.5 0    59.8 0     9.2 0   274.2 0   962.1 0
 2019   9  1  9  5 59  5.983 159.60    -1.1 0     0.3 0     0.4 0     0.4 0   294.8 0   277.82 0   277.54 0   326.9 0   277.43 0   277.36 0     0.0 0     0.0 0     0.0 0   -32.0 0   -32.0 0     4.5 0    60.0 0    10.0 0   271.2 0   962.0 0
 2019   9  1  9  6  0  6.000 159.51    -1.2 0     0.3 0     0.4 0     0.3 0   296.8 0   277.80 0   277.53 0   327.6 0   277.41 0   277.34 0     0.0 0     0.0 0     0.0 0   -30.8 0   -30.8 0     4.4 0    60.3 0    11.2 0   280.4 0   962.1 0
 2019   9  1  9  6  1  6.017 159.42    -1.3 0     0.3 0     0.4 0     0.3 0   296.9 0   277.78 0   277.51 0   326.5 0   277.38 0   277.32 0     0.0 0     0.0 0     0.0 0   -29.6 0   -29.6 0     4.4 0    60.4 0    10.6 0   283.0 0   962.1 0
 2019   9  1  9  6  2  6.033 159.33    -1.5 0     0.3 0     0.1 0     0.4 0   299.9 0   277.76 0   277.51 0   327.2 0   277.36 0   277.30 0     0.0 0     0.0 0     0.0 0   -27.3 0   -27.3 0     4.4 0    60.9 0     8.0 0   287.0 0   962.1 0
 2019   9  1  9  6  3  6.050 159.23    -1.3 0     0.3 0     0.3 0     0.4 0   301.0 0   277.75 0   277.48 0   327.0 0   277.35 0   277.27 0     0.0 0     0.0 0     0.0 0   -26.1 0   -26.1 0     4.4 0    61.4 0    10.0 0   278.7 0   962.1 0
 2019   9  1  9  6  4  6.067 159.14    -1.2 0     0.3 0     0.4 0     0.4 0   300.2 0   277.73 0   277.46 0   327.0 0   277.32 0   277.25 0     0.0 0     0.0 0     0.0 0   -26.8 0   -26.8 0     4.3 0    62.3 0     9.1 0   276.3 0   962.1 0
 2019   9  1  9  6  5  6.083 159.04    -1.2 0     0.3 0     0.2 0     0.4 0   297.3 0   277.71 0   277.46 0   327.3 0   277.30 0   277.26 0     0.0 0     0.0 0     0.0 0   -30.0 0   -30.0 0     4.4 0    60.5 0    13.1 0   277.9 0   962.1 0
 2019   9  1  9  6  6  6.100 158.94    -1.5 0     0.2 0     0.0 0     0.4 0   300.9 0   277.69 0   277.45 0   327.0 0   277.29 0   277.24 0     0.0 0     0.0 0     0.0 0   -26.1 0   -26.1 0     4.4 0    61.0 0     8.9 0   281.5 0   962.2 0
 2019   9  1  9  6  7  6.117 158.84    -1.4 0     0.3 0     0.2 0     0.4 0   307.3 0   277.68 0   277.43 0   327.2 0   277.27 0   277.20 0     0.0 0     0.0 0     0.0 0   -19.9 0   -19.9 0     4.3 0    62.4 0     8.0 0   284.0 0   962.2 0
 2019   9  1  9  6  8  6.133 158.74    -1.2 0     0.3 0     0.2 0     0.4 0   310.4 0   277.66 0   277.43 0   327.5 0   277.27 0   277.20 0     0.0 0     0.0 0     0.0 0   -17.0 0   -17.0 0     4.3 0    62.0 0     8.7 0   278.0 0   962.2 0
 2019   9  1  9  6  9  6.150 158.64    -1.3 0     0.3 0     0.0 0     0.4 0   311.5 0   277.66 0   277.44 0   327.4 0   277.25 0   277.20 0     0.0 0     0.0 0     0.0 0   -16.0 0   -16.0 0     4.3 0    61.4 0     8.6 0   273.1 0   962.2 0
 2019   9  1  9  6 10  6.167 158.53    -1.1 0     0.3 0     0.2 0     0.4 0   311.3 0   277.65 0   277.41 0   327.6 0   277.24 0   277.18 0     0.0 0     0.0 0     0.0 0   -16.3 0   -16.3 0     4.3 0    62.3 0     8.9 0   278.0 0   962.3 0
 2019   9  1  9  6 11  6.183 158.43    -1.1 0     0.3 0     0.1 0     0.4 0   311.3 0   277.63 0   277.41 0   327.5 0   277.22 0   277.17 0     0.0 0     0.0 0     0.0 0   -16.2 0   -16.2 0     4.3 0    62.0 0     9.8 0   272.4 0   962.2 0
 2019   9  1  9  6 12  6.200 158.32    -1.3 0     0.3 0     0.0 0     0.4 0   309.5 0   277.61 0   277.41 0   327.6 0   277.22 0   277.16 0     0.0 0     0.0 0     0.0 0   -18.1 0   -18.1 0     4.3 0    62.6 0     9.7 0   285.5 0   962.3 0
 2019   9  1  9  6 13  6.217 158.21    -1.5 0     0.2 0     0.0 0     0.4 0   309.3 0   277.61 0   277.41 0   328.0 0   277.21 0   277.16 0     0.0 0     0.0 0     0.0 0   -18.7 0   -18.7 0     4.3 0    62.1 0     8.7 0   284.6 0   962.3 0
 2019   9  1  9  6 14  6.233 158.10    -1.5 0     0.1 0     0.0 0     0.4 0   311.4 0   277.61 0   277.40 0   328.3 0   277.20 0   277.15 0     0.0 0     0.0 0     0.0 0   -17.0 0   -17.0 0     4.3 0    62.0 0     8.1 0   289.1 0   962.3 0
 2019   9  1  9  6 15  6.250 157.98    -1.5 0     0.0 0     0.0 0     0.4 0   311.7 0   277.61 0   277.40 0   325.9 0   277.19 0   277.14 0     0.0 0     0.0 0     0.0 0   -14.2 0   -14.2 0     4.3 0    62.7 0     7.7 0   278.6 0   962.3 0
 2019   9  1  9  6 16  6.267 157.87    -1.2 0     0.3 0     0.3 0     0.4 0   311.5 0   277.60 0   277.37 0   329.1 0   277.18 0   277.12 0     0.0 0     0.0 0     0.0 0   -17.6 0   -17.6 0     4.2 0    63.1 0     7.3 0   284.6 0   962.3 0
 2019   9  1  9  6 17  6.283 157.76    -1.1 0     0.1 0     0.1 0     0.4 0   311.0 0   277.58 0   277.37 0   327.6 0   277.17 0   277.12 0     0.0 0     0.0 0     0.0 0   -16.6 0   -16.6 0     4.3 0    62.6 0     6.1 0   292.4 0   962.3 0
 2019   9  1  9  6 18  6.300 157.64    -1.1 0     0.0 0     0.0 0     0.4 0   309.3 0   277.57 0   277.36 0   327.1 0   277.17 0   277.12 0     0.0 0     0.0 0     0.0 0   -17.7 0   -17.7 0     4.3 0    62.8 0     8.0 0   281.7 0   962.3 0
 2019   9  1  9  6 19  6.317 157.52    -1.1 0     0.0 0     0.0 0     0.4 0   308.5 0   277.56 0   277.35 0   327.4 0   277.17 0   277.11 0     0.0 0     0.0 0     0.0 0   -18.9 0   -18.9 0     4.2 0    63.4 0     6.9 0   278.1 0   962.3 0
 2019   9  1  9  6 20  6.333 157.40    -1.1 0     0.3 0     0.0 0     0.4 0   307.4 0   277.56 0   277.34 0   327.7 0   277.15 0   277.09 0     0.0 0     0.0 0     0.0 0   -20.3 0   -20.3 0     4.2 0    63.8 0     7.3 0   276.2 0   962.3 0
 2019   9  1  9  6 21  6.350 157.28    -1.1 0     0.3 0     0.0 0     0.4 0   306.4 0   277.56 0   277.33 0   326.2 0   277.14 0   277.07 0     0.0 0     0.0 0     0.0 0   -19.7 0   -19.7 0     4.2 0    64.5 0     8.0 0   276.5 0   962.4 0
 2019   9  1  9  6 22  6.367 157.16    -1.1 0     0.3 0     0.0 0     0.4 0   306.0 0   277.54 0   277.32 0   327.7 0   277.12 0   277.07 0     0.0 0     0.0 0     0.0 0   -21.8 0   -21.8 0     4.2 0    64.2 0     8.9 0   284.4 0   962.4 0
 2019   9  1  9  6 23  6.383 157.04    -1.3 0     0.1 0     0.0 0     0.4 0   306.7 0   277.54 0   277.32 0   328.0 0   277.12 0   277.07 0     0.0 0     0.0 0     0.0 0   -21.3 0   -21.3 0     4.2 0    63.8 0     8.6 0   279.2 0   962.4 0
 2019   9  1  9  6 24  6.400 156.91    -1.2 0    -0.1 0     0.0 0     0.4 0   304.5 0   277.53 0   277.31 0   327.7 0   277.11 0   277.07 0     0.0 0     0.0 0     0.0 0   -23.2 0   -23.2 0     4.2 0    63.6 0    10.2 0   266.3 0   962.5 0
 2019   9  1  9  6 25  6.417 156.79    -1.4 0    -0.3 0     0.0 0     0.4 0   302.0 0   277.53 0   277.32 0   327.8 0   277.12 0   277.08 0     0.0 0     0.0 0     0.0 0   -25.7 0   -25.7 0     4.3 0    63.3 0    11.7 0   278.7 0   962.5 0
 2019   9  1  9  6 26  6.433 156.66    -1.5 0    -0.3 0     0.0 0     0.4 0   304.6 0   277.53 0   277.32 0   328.5 0   277.12 0   277.08 0     0.0 0     0.0 0     0.0 0   -23.9 0   -23.9 0     4.3 0    62.8 0     9.2 0   270.5 0   962.6 0
 2019   9  1  9  6 27  6.450 156.53    -1.5 0    -0.2 0     0.0 0     0.4 0   306.5 0   277.54 0   277.32 0   327.0 0   277.12 0   277.07 0     0.0 0     0.0 0     0.0 0   -20.5 0   -20.5 0     4.3 0    64.2 0     9.4 0   268.7 0   962.5 0
 2019   9  1  9  6 28  6.467 156.40    -1.5 0     0.0 0     0.0 0     0.4 0   307.0 0   277.54 0   277.33 0   327.6 0   277.11 0   277.07 0     0.0 0     0.0 0     0.0 0   -20.5 0   -20.5 0     4.2 0    63.4 0     9.1 0   285.8 0   962.6 0
 2019   9  1  9  6 29  6.483 156.27    -1.5 0     0.0 0     0.0 0     0.4 0   306.2 0   277.54 0   277.31 0   327.8 0   277.11 0   277.05 0     0.0 0     0.0 0     0.0 0   -21.6 0   -21.6 0     4.2 0    64.9 0     6.9 0   280.7 0   962.6 0
 2019   9  1  9  6 30  6.500 156.14    -1.4 0     0.3 0     0.2 0     0.4 0   307.6 0   277.53 0   277.28 0   326.9 0   277.09 0   277.01 0     0.0 0     0.0 0     0.0 0   -19.3 0   -19.3 0     4.1 0    66.0 0     6.0 0   284.7 0   962.6 0
 2019   9  1  9  6 31  6.517 156.01    -1.2 0     0.3 0     0.4 0     0.4 0   309.1 0   277.51 0   277.27 0   326.8 0   277.07 0   277.00 0     0.0 0     0.0 0     0.0 0   -17.7 0   -17.7 0     4.1 0    65.6 0     7.3 0   282.9 0   962.7 0
 2019   9  1  9  6 32  6.533 155.87    -1.1 0     0.3 0     0.4 0     0.4 0   309.5 0   277.49 0   277.27 0   328.0 0   277.06 0   277.00 0     0.0 0     0.0 0     0.0 0   -18.5 0   -18.5 0     4.1 0    64.9 0     7.7 0   277.1 0   962.6 0
 2019   9  1  9  6 33  6.550 155.74    -1.1 0     0.2 0     0.3 0     0.4 0   309.0 0   277.48 0   277.26 0   327.7 0   277.05 0   276.99 0     0.0 0     0.0 0     0.0 0   -18.7 0   -18.7 0     4.1 0    64.1 0     9.5 0   269.2 0   962.6 0
 2019   9  1  9  6 34  6.567 155.60    -1.3 0    -0.3 0     0.0 0     0.4 0   308.8 0   277.46 0   277.28 0   328.3 0   277.05 0   277.02 0     0.0 0     0.0 0     0.0 0   -19.5 0   -19.5 0     4.2 0    63.0 0     7.5 0   273.2 0   962.6 0
 2019   9  1  9  6 35  6.583 155.47    -1.5 0    -0.3 0     0.0 0     0.4 0   309.7 0   277.46 0   277.28 0   327.2 0   277.05 0   277.00 0     0.0 0     0.0 0     0.0 0   -17.5 0   -17.5 0     4.2 0    64.0 0     7.3 0   279.2 0   962.7 0
 2019   9  1  9  6 36  6.600 155.33    -1.4 0     0.0 0     0.0 0     0.4 0   310.1 0   277.46 0   277.27 0   327.4 0   277.04 0   276.98 0     0.0 0     0.0 0     0.0 0   -17.3 0   -17.3 0     4.2 0    63.8 0     8.6 0   285.4 0   962.7 0
 2019   9  1  9  6 37  6.617 155.19    -1.5 0    -0.2 0     0.0 0     0.4 0   310.3 0   277.46 0   277.29 0   327.2 0   277.03 0   276.98 0     0.0 0     0.0 0     0.0 0   -16.9 0   -16.9 0     4.2 0    62.8 0     7.1 0   293.2 0   962.7 0
 2019   9  1  9  6 38  6.633 155.05    -1.5 0    -0.3 0     0.0 0     0.4 0   309.7 0   277.46 0   277.28 0   327.3 0   277.03 0   276.98 0     0.0 0     0.0 0     0.0 0   -17.5 0   -17.5 0     4.2 0    62.7 0     7.6 0   298.2 0   962.7 0
 2019   9  1  9  6 39  6.650 154.91    -1.5 0    -0.3 0     0.0 0     0.4 0   308.4 0   277.47 0   277.28 0   327.0 0   277.03 0   276.98 0     0.0 0     0.0 0     0.0 0   -18.6 0   -18.6 0     4.2 0    63.3 0     7.4 0   291.0 0   962.7 0
 2019   9  1  9  6 40  6.667 154.77    -1.5 0    -0.2 0     0.0 0     0.4 0   306.4 0   277.46 0   277.26 0   325.8 0   277.03 0   276.98 0     0.0 0     0.0 0     0.0 0   -19.4 0   -19.4 0     4.1 0    63.2 0     6.2 0   285.7 0   962.7 0
 2019   9  1  9  6 41  6.683 154.62    -1.3 0     0.2 0     0.1 0     0.4 0   305.0 0   277.46 0   277.23 0   325.3 0   277.02 0   276.96 0     0.0 0     0.0 0     0.0 0   -20.4 0   -20.4 0     4.1 0    64.1 0     7.5 0   274.6 0   962.8 0
 2019   9  1  9  6 42  6.700 154.48    -1.1 0     0.2 0     0.4 0     0.4 0   303.6 0   277.46 0   277.22 0   326.3 0   277.01 0   276.95 0     0.0 0     0.0 0     0.0 0   -22.7 0   -22.7 0     4.1 0    62.6 0     9.6 0   281.8 0   962.8 0
 2019   9  1  9  6 43  6.717 154.34    -1.2 0     0.3 0     0.4 0     0.4 0   302.2 0   277.44 0   277.19 0   326.9 0   277.00 0   276.94 0     0.0 0     0.0 0     0.0 0   -24.7 0   -24.7 0     4.1 0    62.4 0     9.2 0   279.6 0   962.8 0
 2019   9  1  9  6 44  6.733 154.19    -1.2 0    -0.1 0     0.4 0     0.4 0   298.7 0   277.42 0   277.19 0   326.3 0   276.99 0   276.94 0     0.0 0     0.0 0     0.0 0   -27.6 0   -27.6 0     4.1 0    61.2 0     8.5 0   290.9 0   962.8 0
 2019   9  1  9  6 45  6.750 154.04    -1.5 0     0.0 0     0.1 0     0.4 0   289.7 0   277.42 0   277.17 0   325.4 0   276.98 0   276.93 0     0.0 0     0.0 0     0.0 0   -35.7 0   -35.7 0     4.1 0    61.9 0     6.6 0   293.7 0   962.8 0
 2019   9  1  9  6 46  6.767 153.90    -1.5 0     0.0 0     0.0 0     0.3 0   282.8 0   277.41 0   277.17 0   326.8 0   276.98 0   276.93 0     0.0 0     0.0 0     0.0 0   -44.0 0   -44.0 0     4.1 0    60.6 0     9.5 0   290.5 0   962.9 0
 2019   9  1  9  6 47  6.783 153.75    -1.5 0    -0.3 0     0.0 0     0.4 0   280.9 0   277.39 0   277.16 0   325.4 0   276.98 0   276.92 0     0.0 0     0.0 0     0.0 0   -44.5 0   -44.5 0     4.1 0    60.6 0     6.9 0   291.0 0   962.8 0
 2019   9  1  9  6 48  6.800 153.60    -1.5 0     0.1 0     0.0 0     0.3 0   280.0 0   277.39 0   277.12 0   324.5 0   276.97 0   276.89 0     0.0 0     0.0 0     0.0 0   -44.5 0   -44.5 0     4.1 0    61.4 0     9.2 0   279.4 0   962.8 0
 2019   9  1  9  6 49  6.817 153.45    -1.5 0    -0.1 0     0.2 0     0.2 0   280.0 0   277.37 0   277.12 0   326.1 0   276.96 0   276.91 0     0.0 0     0.0 0     0.0 0   -46.1 0   -46.1 0     4.1 0    59.9 0    12.2 0   277.1 0   962.8 0
 2019   9  1  9  6 50  6.833 153.30    -1.5 0    -0.3 0     0.1 0     0.3 0   282.6 0   277.37 0   277.12 0   325.7 0   276.96 0   276.90 0     0.0 0     0.0 0     0.0 0   -43.1 0   -43.1 0     4.1 0    59.7 0    11.2 0   277.4 0   962.8 0
 2019   9  1  9  6 51  6.850 153.15    -1.5 0    -0.1 0     0.0 0     0.3 0   282.8 0   277.37 0   277.10 0   325.6 0   276.95 0   276.89 0     0.0 0     0.0 0     0.0 0   -42.8 0   -42.8 0     4.1 0    59.3 0    10.7 0   293.4 0   962.9 0
 2019   9  1  9  6 52  6.867 153.00    -1.5 0    -0.3 0     0.0 0     0.3 0   286.0 0   277.37 0   277.09 0   324.2 0   276.95 0   276.89 0     0.0 0     0.0 0     0.0 0   -38.2 0   -38.2 0     4.1 0    59.4 0    10.0 0   287.9 0   962.9 0
 2019   9  1  9  6 53  6.883 152.84    -1.5 0     0.0 0     0.1 0     0.4 0   288.5 0   277.34 0   277.08 0   324.1 0   276.94 0   276.88 0     0.0 0     0.0 0     0.0 0   -35.6 0   -35.6 0     4.1 0    59.8 0     9.0 0   281.2 0   962.9 0
 2019   9  1  9  6 54  6.900 152.69    -1.5 0     0.1 0     0.3 0     0.3 0   289.5 0   277.33 0   277.07 0   325.4 0   276.93 0   276.87 0     0.0 0     0.0 0     0.0 0   -35.9 0   -35.9 0     4.0 0    58.7 0    10.5 0   293.0 0   962.9 0
 2019   9  1  9  6 55  6.917 152.54    -1.5 0    -0.3 0     0.0 0     0.4 0   288.8 0   277.32 0   277.09 0   324.6 0   276.93 0   276.88 0     0.0 0     0.0 0     0.0 0   -35.8 0   -35.8 0     4.1 0    56.8 0     8.0 0   300.4 0   962.8 0
 2019   9  1  9  6 56  6.933 152.38    -1.5 0     0.1 0     0.2 0     0.4 0   292.9 0   277.32 0   277.05 0   325.6 0   276.93 0   276.86 0     0.0 0     0.0 0     0.0 0   -32.7 0   -32.7 0     4.0 0    60.2 0     7.3 0   274.4 0   962.9 0
 2019   9  1  9  6 57  6.950 152.23    -1.5 0     0.3 0     0.4 0     0.4 0   297.2 0   277.29 0   277.02 0   324.6 0   276.90 0   276.83 0     0.0 0     0.0 0     0.0 0   -27.3 0   -27.3 0     3.9 0    60.1 0     8.0 0   285.0 0   962.9 0
 2019   9  1  9  6 58  6.967 152.07    -1.5 0     0.2 0     0.2 0     0.4 0   300.0 0   277.27 0   277.04 0   325.1 0   276.89 0   276.83 0     0.0 0     0.0 0     0.0 0   -25.1 0   -25.1 0     3.9 0    58.5 0     9.6 0   279.2 0   962.9 0
 2019   9  1  9  6 59  6.983 151.91    -1.5 0     0.0 0     0.0 0     0.3 0   302.4 0   277.27 0   277.03 0   325.2 0   276.88 0   276.83 0     0.0 0     0.0 0     0.0 0   -22.8 0   -22.8 0     4.0 0    58.0 0    10.4 0   273.2 0   962.9 0
 2019   9  1  9  7  0  7.000 151.75    -1.5 0     0.1 0     0.1 0     0.3 0   303.0 0   277.27 0   277.02 0   325.7 0   276.88 0   276.81 0     0.0 0     0.0 0     0.0 0   -22.7 0   -22.7 0     4.0 0    58.6 0    10.5 0   283.8 0   963.0 0
 2019   9  1  9  7  1  7.017 151.60    -1.5 0    -0.2 0     0.1 0     0.3 0   303.1 0   277.25 0   277.03 0   325.6 0   276.87 0   276.82 0     0.0 0     0.0 0     0.0 0   -22.5 0   -22.5 0     4.0 0    58.2 0     9.1 0   287.1 0   962.9 0
 2019   9  1  9  7  2  7.033 151.44    -1.5 0     0.1 0     0.0 0     0.4 0   299.8 0   277.24 0   277.01 0   325.3 0   276.86 0   276.79 0     0.0 0     0.0 0     0.0 0   -25.5 0   -25.5 0     3.9 0    59.9 0     7.8 0   284.5 0   963.0 0
 2019   9  1  9  7  3  7.050 151.28    -1.4 0     0.3 0     0.2 0     0.4 0   293.2 0   277.22 0   276.98 0   324.4 0   276.85 0   276.78 0     0.0 0     0.0 0     0.0 0   -31.1 0   -31.1 0     3.9 0    59.5 0     7.2 0   287.0 0   962.9 0
 2019   9  1  9  7  4  7.067 151.12    -1.5 0     0.0 0     0.0 0     0.4 0   281.4 0   277.22 0   276.98 0   323.8 0   276.83 0   276.78 0     0.0 0     0.0 0     0.0 0   -42.4 0   -42.4 0     3.9 0    58.0 0     8.8 0   276.7 0   962.9 0
 2019   9  1  9  7  5  7.083 150.96    -1.5 0    -0.2 0     0.0 0     0.3 0   262.8 0   277.22 0   276.96 0   324.0 0   276.83 0   276.77 0     0.0 0     0.0 0     0.0 0   -61.2 0   -61.2 0     3.9 0    57.3 0     9.0 0   279.7 0   962.9 0
 2019   9  1  9  7  6  7.100 150.79    -1.5 0    -0.1 0     0.3 0     0.4 0   251.7 0   277.21 0   276.91 0   323.1 0   276.82 0   276.76 0     0.0 0     0.0 0     0.0 0   -71.4 0   -71.4 0     4.0 0    56.9 0    10.6 0   278.1 0   963.0 0
 2019   9  1  9  7  7  7.117 150.63    -1.5 0    -0.2 0     0.4 0     0.4 0   249.1 0   277.19 0   276.87 0   321.9 0   276.81 0   276.75 0     0.0 0     0.0 0     0.0 0   -72.8 0   -72.8 0     4.0 0    57.2 0     9.9 0   282.4 0   963.0 0
 2019   9  1  9  7  8  7.133 150.47    -1.5 0     0.3 0     0.6 0     0.4 0   251.2 0   277.17 0   276.81 0   321.4 0   276.80 0   276.72 0     0.0 0     0.0 0     0.0 0   -70.2 0   -70.2 0     3.9 0    58.5 0     8.4 0   279.5 0   963.0 0
 2019   9  1  9  7  9  7.150 150.31    -1.5 0     0.3 0     0.7 0     0.4 0   246.3 0   277.14 0   276.78 0   321.4 0   276.78 0   276.69 0     0.0 0     0.0 0     0.0 0   -75.0 0   -75.0 0     3.8 0    58.2 0     9.2 0   272.3 0   962.9 0
 2019   9  1  9  7 10  7.167 150.14    -1.5 0     0.3 0     0.8 0     0.4 0   237.5 0   277.10 0   276.73 0   321.0 0   276.76 0   276.68 0     0.0 0     0.0 0     0.0 0   -83.5 0   -83.5 0     3.8 0    58.2 0     9.0 0   275.5 0   962.9 0
 2019   9  1  9  7 11  7.183 149.98    -1.5 0     0.3 0     0.8 0     0.4 0   232.3 0   277.07 0   276.66 0   320.2 0   276.74 0   276.65 0     0.0 0     0.0 0     0.0 0   -87.9 0   -87.9 0     3.8 0    58.7 0     8.4 0   280.8 0   963.0 0
 2019   9  1  9  7 12  7.200 149.81    -1.5 0     0.3 0     0.7 0     0.4 0   231.0 0   277.02 0   276.63 0   320.0 0   276.70 0   276.62 0     0.0 0     0.0 0     0.0 0   -88.9 0   -88.9 0     3.7 0    57.8 0     9.6 0   273.8 0   962.9 0
 2019   9  1  9  7 13  7.217 149.65    -1.5 0     0.3 0     0.4 0     0.4 0   230.3 0   276.98 0   276.62 0   319.9 0   276.69 0   276.61 0     0.0 0     0.0 0     0.0 0   -89.6 0   -89.6 0     3.8 0    57.2 0     8.3 0   285.5 0   962.9 0
 2019   9  1  9  7 14  7.233 149.48    -1.5 0     0.3 0     0.4 0     0.4 0   229.6 0   276.96 0   276.57 0   319.8 0   276.67 0   276.58 0     0.0 0     0.0 0     0.0 0   -90.1 0   -90.1 0     3.7 0    57.5 0     7.7 0   287.5 0   962.9 0
 2019   9  1  9  7 15  7.250 149.32    -1.5 0     0.3 0     0.3 0     0.4 0   229.8 0   276.92 0   276.55 0   319.0 0   276.64 0   276.56 0     0.0 0     0.0 0     0.0 0   -89.2 0   -89.2 0     3.7 0    57.0 0     8.4 0   281.7 0   962.9 0
 2019   9  1  9  7 16  7.267 149.15    -1.8 0     0.3 0     0.0 0     0.4 0   229.5 0   276.89 0   276.53 0   319.6 0   276.62 0   276.55 0     0.0 0     0.0 0     0.0 0   -90.2 0   -90.2 0     3.7 0    56.7 0     9.0 0   277.8 0   962.9 0
 2019   9  1  9  7 17  7.283 148.98    -1.5 0     0.3 0     0.4 0     0.4 0   229.2 0   276.87 0   276.45 0   319.0 0   276.60 0   276.51 0     0.0 0     0.0 0     0.0 0   -89.8 0   -89.8 0     3.7 0    58.4 0     7.6 0   280.1 0   962.9 0
 2019   9  1  9  7 18  7.300 148.81    -1.5 0     0.3 0     0.4 0     0.4 0   229.0 0   276.82 0   276.44 0   319.0 0   276.58 0   276.50 0     0.0 0     0.0 0     0.0 0   -90.0 0   -90.0 0     3.7 0    57.8 0     7.5 0   274.4 0   962.9 0
 2019   9  1  9  7 19  7.317 148.65    -1.5 0     0.3 0     0.2 0     0.4 0   229.0 0   276.79 0   276.42 0   319.1 0   276.56 0   276.49 0     0.0 0     0.0 0     0.0 0   -90.1 0   -90.1 0     3.6 0    57.1 0     8.7 0   278.3 0   962.9 0
 2019   9  1  9  7 20  7.333 148.48    -1.5 0     0.1 0     0.0 0     0.4 0   229.2 0   276.77 0   276.42 0   319.3 0   276.54 0   276.48 0     0.0 0     0.0 0     0.0 0   -90.1 0   -90.1 0     3.7 0    56.5 0     9.1 0   283.0 0   962.9 0
 2019   9  1  9  7 21  7.350 148.31    -1.5 0     0.2 0     0.0 0     0.4 0   228.9 0   276.74 0   276.38 0   319.6 0   276.53 0   276.45 0     0.0 0     0.0 0     0.0 0   -90.7 0   -90.7 0     3.7 0    57.5 0     8.6 0   276.4 0   963.0 0
 2019   9  1  9  7 22  7.367 148.14    -1.7 0     0.1 0     0.0 0     0.4 0   229.2 0   276.72 0   276.38 0   318.5 0   276.51 0   276.44 0     0.0 0     0.0 0     0.0 0   -89.3 0   -89.3 0     3.7 0    57.2 0     7.3 0   275.0 0   962.9 0
 2019   9  1  9  7 23  7.383 147.97    -1.6 0     0.3 0     0.0 0     0.4 0   229.4 0   276.69 0   276.33 0   317.6 0   276.49 0   276.41 0     0.0 0     0.0 0     0.0 0   -88.2 0   -88.2 0     3.6 0    58.3 0     7.1 0   278.4 0   963.0 0
 2019   9  1  9  7 24  7.400 147.80    -1.6 0     0.3 0     0.0 0     0.4 0   231.5 0   276.67 0   276.31 0   318.4 0   276.47 0   276.40 0     0.0 0     0.0 0     0.0 0   -86.9 0   -86.9 0     3.6 0    57.2 0     7.6 0   289.8 0   962.9 0
 2019   9  1  9  7 25  7.417 147.63    -1.8 0     0.1 0     0.0 0     0.4 0   236.5 0   276.64 0   276.30 0   318.1 0   276.45 0   276.39 0     0.0 0     0.0 0     0.0 0   -81.6 0   -81.6 0     3.6 0    57.1 0     6.3 0   291.5 0   963.0 0
 2019   9  1  9  7 26  7.433 147.46    -1.7 0     0.3 0     0.0 0     0.4 0   245.5 0   276.62 0   276.26 0   318.1 0   276.44 0   276.36 0     0.0 0     0.0 0     0.0 0   -72.6 0   -72.6 0     3.5 0    57.9 0     5.8 0   285.0 0   963.0 0
 2019   9  1  9  7 27  7.450 147.28    -1.5 0     0.3 0     0.1 0     0.4 0   259.6 0   276.58 0   276.23 0   318.5 0   276.42 0   276.33 0     0.0 0     0.0 0     0.0 0   -58.9 0   -58.9 0     3.5 0    58.2 0     6.4 0   280.9 0   963.0 0
 2019   9  1  9  7 28  7.467 147.11    -1.5 0     0.3 0     0.1 0     0.4 0   275.8 0   276.55 0   276.24 0   320.1 0   276.39 0   276.30 0     0.0 0     0.0 0     0.0 0   -44.3 0   -44.3 0     3.4 0    57.9 0     6.8 0   284.9 0   963.0 0
 2019   9  1  9  7 29  7.483 146.94    -1.5 0     0.3 0     0.0 0     0.4 0   277.6 0   276.52 0   276.25 0   320.4 0   276.37 0   276.29 0     0.0 0     0.0 0     0.0 0   -42.8 0   -42.8 0     3.4 0    58.0 0     6.7 0   278.9 0   963.0 0
 2019   9  1  9  7 30  7.500 146.77    -1.5 0     0.2 0     0.0 0     0.4 0   269.7 0   276.49 0   276.25 0   320.5 0   276.35 0   276.28 0     0.0 0     0.0 0     0.0 0   -50.7 0   -50.7 0     3.4 0    57.2 0     7.5 0   277.6 0   963.0 0
 2019   9  1  9  7 31  7.517 146.59    -1.6 0    -0.3 0    -0.4 0     0.3 0   267.6 0   276.49 0   276.31 0   322.0 0   276.35 0   276.33 0     0.0 0     0.0 0     0.0 0   -54.4 0   -54.4 0     3.6 0    53.6 0    10.6 0   275.5 0   962.9 0
 2019   9  1  9  7 32  7.533 146.42    -1.9 0    -0.6 0    -0.8 0     0.2 0   272.9 0   276.52 0   276.37 0   322.0 0   276.37 0   276.36 0     0.0 0     0.0 0     0.0 0   -49.1 0   -49.1 0     3.8 0    53.5 0    10.0 0   277.6 0   962.9 0
 2019   9  1  9  7 33  7.550 146.25    -1.9 0    -0.3 0    -0.8 0     0.4 0   274.0 0   276.56 0   276.38 0   321.8 0   276.40 0   276.36 0     0.0 0     0.0 0     0.0 0   -47.8 0   -47.8 0     3.7 0    54.9 0     8.1 0   278.7 0   962.9 0
 2019   9  1  9  7 34  7.567 146.07    -1.9 0    -0.3 0    -0.4 0     0.4 0   271.1 0   276.59 0   276.39 0   321.6 0   276.41 0   276.37 0     0.0 0     0.0 0     0.0 0   -50.5 0   -50.5 0     3.7 0    54.0 0     9.8 0   270.3 0   962.9 0
 2019   9  1  9  7 35  7.583 145.90    -1.9 0    -0.3 0    -0.4 0     0.4 0   269.7 0   276.59 0   276.41 0   321.6 0   276.42 0   276.38 0     0.0 0     0.0 0     0.0 0   -51.8 0   -51.8 0     3.7 0    54.4 0     9.9 0   276.9 0   962.9 0
 2019   9  1  9  7 36  7.600 145.72    -1.9 0    -0.3 0    -0.4 0     0.4 0   270.1 0   276.62 0   276.42 0   321.7 0   276.42 0   276.38 0     0.0 0     0.0 0     0.0 0   -51.6 0   -51.6 0     3.7 0    54.5 0     9.2 0   277.9 0   962.9 0
 2019   9  1  9  7 37  7.617 145.55    -1.9 0    -0.3 0    -0.3 0     0.4 0   273.3 0   276.63 0   276.43 0   321.1 0   276.43 0   276.39 0     0.0 0     0.0 0     0.0 0   -47.9 0   -47.9 0     3.7 0    54.0 0     7.8 0   278.6 0   962.9 0
 2019   9  1  9  7 38  7.633 145.37    -1.9 0    -0.3 0     0.0 0     0.4 0   279.5 0   276.66 0   276.42 0   321.5 0   276.44 0   276.39 0     0.0 0     0.0 0     0.0 0   -42.0 0   -42.0 0     3.7 0    54.3 0     7.0 0   276.8 0   962.8 0
 2019   9  1  9  7 39  7.650 145.19    -1.9 0    -0.2 0     0.0 0     0.4 0   284.5 0   276.66 0   276.43 0   320.9 0   276.43 0   276.37 0     0.0 0     0.0 0     0.0 0   -36.5 0   -36.5 0     3.6 0    55.9 0     5.5 0   275.6 0   962.8 0
 2019   9  1  9  7 40  7.667 145.02    -1.7 0     0.0 0     0.0 0     0.4 0   286.5 0   276.65 0   276.41 0   320.7 0   276.41 0   276.35 0     0.0 0     0.0 0     0.0 0   -34.2 0   -34.2 0     3.6 0    56.1 0     5.7 0   283.3 0   962.8 0
 2019   9  1  9  7 41  7.683 144.84    -1.5 0     0.2 0     0.2 0     0.4 0   287.2 0   276.63 0   276.37 0   321.3 0   276.41 0   276.32 0     0.0 0     0.0 0     0.0 0   -34.1 0   -34.1 0     3.5 0    57.2 0     5.1 0   278.3 0   962.8 0
 2019   9  1  9  7 42  7.700 144.66    -1.5 0     0.1 0     0.2 0     0.4 0   285.1 0   276.61 0   276.38 0   322.1 0   276.39 0   276.31 0     0.0 0     0.0 0     0.0 0   -36.9 0   -36.9 0     3.5 0    56.5 0     6.5 0   283.6 0   962.8 0
 2019   9  1  9  7 43  7.717 144.49    -1.5 0     0.0 0     0.0 0     0.4 0   280.1 0   276.60 0   276.37 0   321.3 0   276.37 0   276.29 0     0.0 0     0.0 0     0.0 0   -41.1 0   -41.1 0     3.5 0    56.6 0     6.6 0   279.3 0   962.7 0
 2019   9  1  9  7 44  7.733 144.31    -1.5 0    -0.3 0     0.0 0     0.4 0   274.0 0   276.59 0   276.37 0   321.6 0   276.36 0   276.29 0     0.0 0     0.0 0     0.0 0   -47.6 0   -47.6 0     3.5 0    56.0 0     6.7 0   274.8 0   962.7 0
 2019   9  1  9  7 45  7.750 144.13    -1.5 0    -0.2 0     0.0 0     0.4 0   261.1 0   276.59 0   276.33 0   320.1 0   276.35 0   276.29 0     0.0 0     0.0 0     0.0 0   -58.9 0   -58.9 0     3.5 0    56.4 0     7.1 0   274.9 0   962.7 0
 2019   9  1  9  7 46  7.767 143.95    -1.5 0    -0.1 0     0.0 0     0.4 0   247.7 0   276.58 0   276.30 0   320.0 0   276.34 0   276.28 0     0.0 0     0.0 0     0.0 0   -72.3 0   -72.3 0     3.5 0    56.2 0     7.1 0   276.0 0   962.7 0
 2019   9  1  9  7 47  7.783 143.78    -1.7 0    -0.3 0     0.0 0     0.4 0   239.4 0   276.58 0   276.28 0   319.1 0   276.34 0   276.28 0     0.0 0     0.0 0     0.0 0   -79.7 0   -79.7 0     3.5 0    55.9 0     8.1 0   283.2 0   962.7 0
 2019   9  1  9  7 48  7.800 143.60    -1.7 0    -0.3 0     0.1 0     0.4 0   237.6 0   276.57 0   276.25 0   318.7 0   276.32 0   276.26 0     0.0 0     0.0 0     0.0 0   -81.1 0   -81.1 0     3.5 0    55.4 0     6.6 0   278.5 0   962.6 0
 2019   9  1  9  7 49  7.817 143.42    -1.9 0     0.2 0     0.2 0     0.4 0   239.4 0   276.56 0   276.22 0   318.1 0   276.31 0   276.23 0     0.0 0     0.0 0     0.0 0   -78.7 0   -78.7 0     3.5 0    57.3 0     6.5 0   272.2 0   962.6 0
 2019   9  1  9  7 50  7.833 143.24    -1.9 0     0.2 0     0.3 0     0.4 0   239.1 0   276.54 0   276.21 0   318.7 0   276.29 0   276.22 0     0.0 0     0.0 0     0.0 0   -79.6 0   -79.6 0     3.4 0    56.1 0     8.6 0   269.2 0   962.6 0
 2019   9  1  9  7 51  7.850 143.06    -1.9 0    -0.3 0     0.0 0     0.4 0   236.3 0   276.52 0   276.21 0   319.2 0   276.29 0   276.22 0     0.0 0     0.0 0     0.0 0   -82.9 0   -82.9 0     3.5 0    55.9 0     7.6 0   275.7 0   962.7 0
 2019   9  1  9  7 52  7.867 142.88    -1.9 0     0.2 0     0.3 0     0.4 0   234.7 0   276.50 0   276.15 0   318.3 0   276.27 0   276.19 0     0.0 0     0.0 0     0.0 0   -83.6 0   -83.6 0     3.4 0    57.0 0     7.7 0   275.3 0   962.6 0
 2019   9  1  9  7 53  7.883 142.70    -1.9 0    -0.1 0     0.1 0     0.4 0   235.5 0   276.49 0   276.16 0   318.2 0   276.25 0   276.19 0     0.0 0     0.0 0     0.0 0   -82.7 0   -82.7 0     3.4 0    56.7 0     7.4 0   279.5 0   962.6 0
 2019   9  1  9  7 54  7.900 142.52    -1.9 0     0.3 0     0.0 0     0.4 0   234.7 0   276.47 0   276.13 0   317.4 0   276.24 0   276.16 0     0.0 0     0.0 0     0.0 0   -82.8 0   -82.8 0     3.4 0    57.6 0     6.4 0   278.1 0   962.6 0
 2019   9  1  9  7 55  7.917 142.34    -1.9 0     0.3 0     0.2 0     0.4 0   232.0 0   276.44 0   276.10 0   316.4 0   276.21 0   276.11 0     0.0 0     0.0 0     0.0 0   -84.4 0   -84.4 0     3.3 0    58.6 0     6.6 0   277.9 0   962.6 0
 2019   9  1  9  7 56  7.933 142.16    -1.9 0     0.3 0     0.0 0     0.4 0   231.2 0   276.42 0   276.08 0   316.4 0   276.19 0   276.10 0     0.0 0     0.0 0     0.0 0   -85.2 0   -85.2 0     3.3 0    58.0 0     6.7 0   268.0 0   962.6 0
 2019   9  1  9  7 57  7.950 141.98    -1.9 0     0.0 0     0.0 0     0.3 0   231.7 0   276.41 0   276.11 0   318.5 0   276.17 0   276.12 0     0.0 0     0.0 0     0.0 0   -86.8 0   -86.8 0     3.4 0    56.5 0    10.3 0   277.2 0   962.6 0
 2019   9  1  9  7 58  7.967 141.79    -1.9 0    -0.3 0     0.0 0     0.2 0   231.1 0   276.41 0   276.13 0   318.0 0   276.18 0   276.12 0     0.0 0     0.0 0     0.0 0   -86.8 0   -86.8 0     3.5 0    56.8 0     7.3 0   278.7 0   962.5 0
 2019   9  1  9  7 59  7.983 141.61    -1.9 0    -0.3 0     0.0 0     0.4 0   230.4 0   276.41 0   276.07 0   317.2 0   276.17 0   276.10 0     0.0 0     0.0 0     0.0 0   -86.8 0   -86.8 0     3.4 0    57.2 0     7.0 0   269.8 0   962.5 0
 2019   9  1  9  8  0  8.000 141.43    -1.9 0    -0.1 0     0.0 0     0.4 0   230.2 0   276.40 0   276.04 0   316.8 0   276.16 0   276.09 0     0.0 0     0.0 0     0.0 0   -86.6 0   -86.6 0     3.4 0    58.1 0     6.7 0   272.4 0   962.6 0
 2019   9  1  9  8  1  8.017 141.25    -1.9 0     0.2 0     0.2 0     0.4 0   229.8 0   276.37 0   276.02 0   317.5 0   276.15 0   276.08 0     0.0 0     0.0 0     0.0 0   -87.7 0   -87.7 0     3.3 0    57.8 0     7.6 0   271.4 0   962.5 0
 2019   9  1  9  8  2  8.033 141.07    -1.9 0     0.2 0     0.2 0     0.4 0   228.4 0   276.35 0   275.99 0   316.8 0   276.13 0   276.05 0     0.0 0     0.0 0     0.0 0   -88.4 0   -88.4 0     3.3 0    59.0 0     6.4 0   270.0 0   962.5 0
 2019   9  1  9  8  3  8.050 140.89    -1.9 0     0.3 0     0.4 0     0.4 0   227.8 0   276.32 0   275.92 0   315.7 0   276.10 0   276.00 0     0.0 0     0.0 0     0.0 0   -87.9 0   -87.9 0     3.2 0    60.4 0     6.1 0   271.6 0   962.5 0
 2019   9  1  9  8  4  8.067 140.70    -1.6 0     0.3 0     0.7 0     0.4 0   227.5 0   276.28 0   275.87 0   315.8 0   276.07 0   275.98 0     0.0 0     0.0 0     0.0 0   -88.3 0   -88.3 0     3.1 0    60.1 0     6.3 0   274.6 0   962.5 0
 2019   9  1  9  8  5  8.083 140.52    -1.5 0     0.3 0     0.6 0     0.4 0   227.9 0   276.23 0   275.85 0   317.6 0   276.05 0   275.98 0     0.0 0     0.0 0     0.0 0   -89.8 0   -89.8 0     3.1 0    59.0 0     8.8 0   271.8 0   962.5 0
 2019   9  1  9  8  6  8.100 140.34    -1.9 0    -0.3 0     0.0 0     0.3 0   228.0 0   276.20 0   275.93 0   318.9 0   276.05 0   276.02 0     0.0 0     0.0 0     0.0 0   -91.0 0   -91.0 0     3.3 0    57.1 0     9.6 0   275.7 0   962.5 0
 2019   9  1  9  8  7  8.117 140.15    -2.0 0    -0.3 0     0.0 0     0.3 0   227.9 0   276.22 0   275.92 0   317.8 0   276.06 0   276.02 0     0.0 0     0.0 0     0.0 0   -89.9 0   -89.9 0     3.4 0    57.3 0     7.9 0   275.0 0   962.5 0
 2019   9  1  9  8  8  8.133 139.97    -1.9 0    -0.3 0     0.0 0     0.4 0   227.6 0   276.22 0   275.89 0   317.8 0   276.07 0   276.01 0     0.0 0     0.0 0     0.0 0   -90.2 0   -90.2 0     3.4 0    57.8 0     8.1 0   271.4 0   962.5 0
 2019   9  1  9  8  9  8.150 139.79    -2.2 0    -0.3 0    -0.3 0     0.4 0   228.0 0   276.22 0   275.96 0   318.5 0   276.07 0   276.03 0     0.0 0     0.0 0     0.0 0   -90.6 0   -90.6 0     3.4 0    56.8 0     8.3 0   277.0 0   962.4 0
 2019   9  1  9  8 10  8.167 139.60    -2.3 0    -0.3 0    -0.2 0     0.4 0   227.9 0   276.24 0   275.95 0   317.8 0   276.08 0   276.02 0     0.0 0     0.0 0     0.0 0   -89.8 0   -89.8 0     3.4 0    57.7 0     8.1 0   277.5 0   962.4 0
 2019   9  1  9  8 11  8.183 139.42    -2.2 0    -0.3 0    -0.1 0     0.4 0   227.7 0   276.24 0   275.96 0   318.1 0   276.09 0   276.04 0     0.0 0     0.0 0     0.0 0   -90.4 0   -90.4 0     3.4 0    56.9 0     8.6 0   271.9 0   962.4 0
 2019   9  1  9  8 12  8.200 139.24    -2.1 0    -0.3 0     0.0 0     0.4 0   227.8 0   276.24 0   275.93 0   317.7 0   276.09 0   276.02 0     0.0 0     0.0 0     0.0 0   -90.0 0   -90.0 0     3.4 0    57.5 0     8.5 0   267.5 0   962.4 0
 2019   9  1  9  8 13  8.217 139.05    -2.3 0    -0.3 0     0.0 0     0.4 0   227.7 0   276.24 0   275.95 0   317.7 0   276.10 0   276.05 0     0.0 0     0.0 0     0.0 0   -90.0 0   -90.0 0     3.4 0    56.8 0     7.6 0   263.0 0   962.3 0
 2019   9  1  9  8 14  8.233 138.87    -2.2 0    -0.2 0     0.0 0     0.4 0   227.7 0   276.24 0   275.90 0   317.4 0   276.10 0   276.02 0     0.0 0     0.0 0     0.0 0   -89.7 0   -89.7 0     3.4 0    58.5 0     8.1 0   263.0 0   962.3 0
 2019   9  1  9  8 15  8.250 138.68    -2.3 0     0.3 0     0.1 0     0.4 0   227.9 0   276.23 0   275.89 0   317.0 0   276.08 0   276.00 0     0.0 0     0.0 0     0.0 0   -89.1 0   -89.1 0     3.3 0    58.7 0     7.3 0   271.6 0   962.4 0
 2019   9  1  9  8 16  8.267 138.50    -2.2 0     0.3 0     0.2 0     0.4 0   227.9 0   276.22 0   275.86 0   317.0 0   276.06 0   275.99 0     0.0 0     0.0 0     0.0 0   -89.1 0   -89.1 0     3.2 0    59.4 0     6.6 0   261.3 0   962.4 0
 2019   9  1  9  8 17  8.283 138.31    -1.9 0     0.3 0     0.3 0     0.4 0   228.2 0   276.20 0   275.86 0   317.2 0   276.04 0   275.97 0     0.0 0     0.0 0     0.0 0   -89.0 0   -89.0 0     3.2 0    59.2 0     8.7 0   260.8 0   962.4 0
 2019   9  1  9  8 18  8.300 138.13    -2.3 0    -0.1 0     0.0 0     0.4 0   228.5 0   276.20 0   275.88 0   317.0 0   276.03 0   275.97 0     0.0 0     0.0 0     0.0 0   -88.4 0   -88.4 0     3.2 0    59.4 0     7.4 0   272.2 0   962.4 0
 2019   9  1  9  8 19  8.317 137.94    -2.3 0     0.3 0     0.0 0     0.4 0   228.7 0   276.20 0   275.89 0   316.7 0   276.02 0   275.95 0     0.0 0     0.0 0     0.0 0   -88.0 0   -88.0 0     3.2 0    59.3 0     7.6 0   274.1 0   962.4 0
 2019   9  1  9  8 20  8.333 137.76    -2.2 0    -0.2 0     0.0 0     0.4 0   228.9 0   276.19 0   275.86 0   317.5 0   276.00 0   275.96 0     0.0 0     0.0 0     0.0 0   -88.6 0   -88.6 0     3.2 0    58.2 0     8.3 0   277.4 0   962.5 0
 2019   9  1  9  8 21  8.350 137.57    -2.2 0    -0.3 0     0.0 0     0.4 0   228.9 0   276.17 0   275.88 0   317.4 0   276.00 0   275.97 0     0.0 0     0.0 0     0.0 0   -88.5 0   -88.5 0     3.3 0    58.3 0     7.9 0   271.2 0   962.4 0
 2019   9  1  9  8 22  8.367 137.39    -2.2 0    -0.3 0     0.0 0     0.4 0   229.6 0   276.17 0   275.88 0   318.4 0   276.00 0   275.96 0     0.0 0     0.0 0     0.0 0   -88.8 0   -88.8 0     3.3 0    58.4 0     8.7 0   271.4 0   962.5 0
 2019   9  1  9  8 23  8.383 137.20    -2.3 0    -0.1 0     0.0 0     0.4 0   229.5 0   276.18 0   275.86 0   316.9 0   276.00 0   275.93 0     0.0 0     0.0 0     0.0 0   -87.4 0   -87.4 0     3.2 0    59.4 0     6.3 0   280.5 0   962.4 0
 2019   9  1  9  8 24  8.400 137.02    -2.0 0     0.3 0     0.0 0     0.4 0   229.8 0   276.17 0   275.83 0   317.3 0   275.99 0   275.91 0     0.0 0     0.0 0     0.0 0   -87.5 0   -87.5 0     3.1 0    59.3 0     7.9 0   276.2 0   962.5 0
 2019   9  1  9  8 25  8.417 136.83    -2.2 0    -0.2 0     0.0 0     0.4 0   229.7 0   276.17 0   275.86 0   317.5 0   275.98 0   275.93 0     0.0 0     0.0 0     0.0 0   -87.8 0   -87.8 0     3.2 0    58.3 0     7.6 0   274.9 0   962.5 0
 2019   9  1  9  8 26  8.433 136.64    -2.3 0    -0.2 0     0.0 0     0.4 0   229.5 0   276.16 0   275.84 0   317.9 0   275.98 0   275.91 0     0.0 0     0.0 0     0.0 0   -88.4 0   -88.4 0     3.2 0    58.6 0     7.6 0   268.2 0   962.4 0
 2019   9  1  9  8 27  8.450 136.46    -2.3 0    -0.3 0     0.0 0     0.4 0   229.6 0   276.15 0   275.88 0   318.9 0   275.98 0   275.94 0     0.0 0     0.0 0     0.0 0   -89.3 0   -89.3 0     3.3 0    57.6 0     8.5 0   272.3 0   962.4 0
 2019   9  1  9  8 28  8.467 136.27    -2.3 0    -0.3 0     0.0 0     0.4 0   229.5 0   276.17 0   275.89 0   317.6 0   275.99 0   275.93 0     0.0 0     0.0 0     0.0 0   -88.2 0   -88.2 0     3.3 0    58.1 0     7.7 0   277.4 0   962.4 0
 2019   9  1  9  8 29  8.483 136.09    -2.3 0    -0.3 0     0.0 0     0.4 0   229.4 0   276.18 0   275.90 0   317.7 0   275.98 0   275.92 0     0.0 0     0.0 0     0.0 0   -88.3 0   -88.3 0     3.3 0    58.6 0     6.4 0   276.2 0   962.4 0
 2019   9  1  9  8 30  8.500 135.90    -2.3 0    -0.2 0    -0.1 0     0.4 0   230.0 0   276.20 0   275.92 0   318.2 0   275.98 0   275.94 0     0.0 0     0.0 0     0.0 0   -88.2 0   -88.2 0     3.3 0    57.3 0     9.8 0   273.6 0   962.4 0
 2019   9  1  9  8 31  8.517 135.71    -2.3 0    -0.3 0    -0.1 0     0.4 0   229.7 0   276.20 0   275.91 0   317.9 0   275.99 0   275.94 0     0.0 0     0.0 0     0.0 0   -88.3 0   -88.3 0     3.3 0    58.1 0     6.6 0   271.4 0   962.4 0
 2019   9  1  9  8 32  8.533 135.53    -2.3 0    -0.2 0     0.0 0     0.4 0   230.0 0   276.20 0   275.90 0   317.3 0   275.99 0   275.93 0     0.0 0     0.0 0     0.0 0   -87.3 0   -87.3 0     3.2 0    58.3 0     7.4 0   275.1 0   962.4 0
 2019   9  1  9  8 33  8.550 135.34    -2.3 0    -0.3 0     0.0 0     0.4 0   230.7 0   276.20 0   275.90 0   316.3 0   275.99 0   275.94 0     0.0 0     0.0 0     0.0 0   -85.6 0   -85.6 0     3.3 0    57.7 0     7.9 0   275.6 0   962.3 0
 2019   9  1  9  8 34  8.567 135.15    -2.3 0    -0.3 0     0.0 0     0.4 0   232.2 0   276.20 0   275.89 0   318.6 0   276.00 0   275.95 0     0.0 0     0.0 0     0.0 0   -86.4 0   -86.4 0     3.3 0    57.5 0     7.6 0   274.0 0   962.3 0
 2019   9  1  9  8 35  8.583 134.96    -2.3 0    -0.3 0     0.0 0     0.4 0   235.0 0   276.20 0   275.89 0   316.9 0   276.00 0   275.94 0     0.0 0     0.0 0     0.0 0   -81.9 0   -81.9 0     3.3 0    58.1 0     7.3 0   268.9 0   962.3 0
 2019   9  1  9  8 36  8.600 134.78    -2.3 0    -0.3 0     0.0 0     0.4 0   239.8 0   276.20 0   275.89 0   318.1 0   275.99 0   275.93 0     0.0 0     0.0 0     0.0 0   -78.3 0   -78.3 0     3.3 0    58.2 0     8.4 0   266.2 0   962.3 0
 2019   9  1  9  8 37  8.617 134.59    -2.3 0    -0.3 0    -0.2 0     0.4 0   243.7 0   276.20 0   275.96 0   318.3 0   275.99 0   275.96 0     0.0 0     0.0 0     0.0 0   -74.6 0   -74.6 0     3.3 0    56.9 0     9.0 0   276.0 0   962.3 0
 2019   9  1  9  8 38  8.633 134.40    -2.3 0    -0.3 0    -0.2 0     0.4 0   240.1 0   276.20 0   275.93 0   318.2 0   276.01 0   275.95 0     0.0 0     0.0 0     0.0 0   -78.1 0   -78.1 0     3.3 0    57.9 0     8.5 0   276.3 0   962.3 0
 2019   9  1  9  8 39  8.650 134.22    -2.3 0    -0.3 0     0.0 0     0.4 0   236.6 0   276.22 0   275.94 0   318.0 0   276.01 0   275.97 0     0.0 0     0.0 0     0.0 0   -81.4 0   -81.4 0     3.3 0    57.0 0     8.5 0   270.6 0   962.3 0
 2019   9  1  9  8 40  8.667 134.03    -2.3 0    -0.3 0    -0.1 0     0.4 0   237.2 0   276.22 0   275.95 0   317.3 0   276.02 0   275.96 0     0.0 0     0.0 0     0.0 0   -80.1 0   -80.1 0     3.3 0    58.0 0     6.9 0   267.3 0   962.3 0
 2019   9  1  9  8 41  8.683 133.84    -2.3 0    -0.2 0     0.0 0     0.4 0   242.0 0   276.22 0   275.94 0   316.8 0   276.01 0   275.95 0     0.0 0     0.0 0     0.0 0   -74.8 0   -74.8 0     3.2 0    58.5 0     7.0 0   270.5 0   962.3 0
 2019   9  1  9  8 42  8.700 133.65    -2.3 0    -0.2 0     0.0 0     0.4 0   248.4 0   276.22 0   275.95 0   318.7 0   276.00 0   275.95 0     0.0 0     0.0 0     0.0 0   -70.3 0   -70.3 0     3.2 0    58.2 0     8.5 0   268.4 0   962.3 0
 2019   9  1  9  8 43  8.717 133.46    -2.2 0    -0.2 0     0.0 0     0.4 0   253.3 0   276.22 0   275.96 0   319.6 0   276.00 0   275.94 0     0.0 0     0.0 0     0.0 0   -66.3 0   -66.3 0     3.2 0    58.5 0     8.0 0   270.0 0   962.3 0
 2019   9  1  9  8 44  8.733 133.28    -1.9 0    -0.1 0     0.0 0     0.4 0   252.2 0   276.22 0   275.94 0   317.9 0   276.00 0   275.93 0     0.0 0     0.0 0     0.0 0   -65.8 0   -65.8 0     3.2 0    58.9 0     7.0 0   270.2 0   962.3 0
 2019   9  1  9  8 45  8.750 133.09    -1.9 0     0.2 0     0.0 0     0.4 0   245.0 0   276.22 0   275.92 0   317.6 0   275.98 0   275.91 0     0.0 0     0.0 0     0.0 0   -72.5 0   -72.5 0     3.1 0    59.6 0     6.6 0   271.2 0   962.3 0
 2019   9  1  9  8 46  8.767 132.90    -1.9 0     0.2 0     0.0 0     0.4 0   238.5 0   276.20 0   275.88 0   317.7 0   275.97 0   275.90 0     0.0 0     0.0 0     0.0 0   -79.2 0   -79.2 0     3.1 0    59.6 0     6.1 0   270.5 0   962.3 0
 2019   9  1  9  8 47  8.783 132.71    -1.9 0     0.3 0     0.3 0     0.4 0   235.3 0   276.18 0   275.81 0   317.0 0   275.95 0   275.87 0     0.0 0     0.0 0     0.0 0   -81.8 0   -81.8 0     3.0 0    60.2 0     6.4 0   269.2 0   962.2 0
 2019   9  1  9  8 48  8.800 132.52    -1.7 0     0.2 0     0.3 0     0.4 0   234.7 0   276.14 0   275.81 0   318.1 0   275.93 0   275.86 0     0.0 0     0.0 0     0.0 0   -83.4 0   -83.4 0     3.1 0    59.4 0     8.0 0   269.8 0   962.3 0
 2019   9  1  9  8 49  8.817 132.34    -1.9 0    -0.3 0     0.0 0     0.4 0   235.5 0   276.12 0   275.84 0   318.2 0   275.93 0   275.88 0     0.0 0     0.0 0     0.0 0   -82.7 0   -82.7 0     3.1 0    58.9 0     7.9 0   270.4 0   962.3 0
 2019   9  1  9  8 50  8.833 132.15    -1.9 0    -0.1 0     0.0 0     0.4 0   238.5 0   276.12 0   275.81 0   316.9 0   275.92 0   275.86 0     0.0 0     0.0 0     0.0 0   -78.5 0   -78.5 0     3.1 0    59.3 0     6.7 0   266.6 0   962.2 0
 2019   9  1  9  8 51  8.850 131.96    -1.9 0     0.1 0     0.0 0     0.4 0   241.4 0   276.10 0   275.77 0   318.8 0   275.91 0   275.83 0     0.0 0     0.0 0     0.0 0   -77.4 0   -77.4 0     3.1 0    60.5 0     5.7 0   265.0 0   962.2 0
 2019   9  1  9  8 52  8.867 131.77    -1.9 0     0.3 0     0.0 0     0.4 0   244.3 0   276.10 0   275.81 0   317.7 0   275.90 0   275.82 0     0.0 0     0.0 0     0.0 0   -73.4 0   -73.4 0     3.0 0    60.2 0     7.5 0   276.4 0   962.2 0
 2019   9  1  9  8 53  8.883 131.58    -1.9 0     0.0 0     0.0 0     0.4 0   244.6 0   276.10 0   275.80 0   318.5 0   275.88 0   275.81 0     0.0 0     0.0 0     0.0 0   -73.8 0   -73.8 0     3.1 0    60.3 0     7.1 0   274.3 0   962.2 0
 2019   9  1  9  8 54  8.900 131.39    -1.9 0     0.0 0     0.0 0     0.4 0   243.8 0   276.10 0   275.80 0   317.7 0   275.87 0   275.81 0     0.0 0     0.0 0     0.0 0   -73.9 0   -73.9 0     3.1 0    60.3 0     7.4 0   263.2 0   962.2 0
 2019   9  1  9  8 55  8.917 131.21    -1.9 0    -0.1 0     0.0 0     0.4 0   244.3 0   276.09 0   275.80 0   318.8 0   275.86 0   275.81 0     0.0 0     0.0 0     0.0 0   -74.5 0   -74.5 0     3.1 0    59.9 0     8.0 0   269.3 0   962.2 0
 2019   9  1  9  8 56  8.933 131.02    -1.9 0    -0.1 0     0.0 0     0.4 0   245.3 0   276.07 0   275.80 0   319.3 0   275.86 0   275.79 0     0.0 0     0.0 0     0.0 0   -74.1 0   -74.1 0     3.1 0    60.7 0     6.6 0   266.1 0   962.2 0
 2019   9  1  9  8 57  8.950 130.83    -1.9 0     0.0 0     0.0 0     0.4 0   245.0 0   276.07 0   275.80 0   318.7 0   275.85 0   275.79 0     0.0 0     0.0 0     0.0 0   -73.7 0   -73.7 0     3.0 0    60.3 0     7.2 0   268.5 0   962.2 0
 2019   9  1  9  8 58  8.967 130.64    -1.9 0     0.0 0     0.0 0     0.4 0   245.2 0   276.07 0   275.79 0   317.8 0   275.84 0   275.78 0     0.0 0     0.0 0     0.0 0   -72.6 0   -72.6 0     3.0 0    60.2 0     7.6 0   273.0 0   962.2 0
 2019   9  1  9  8 59  8.983 130.45    -1.9 0    -0.3 0     0.0 0     0.4 0   249.3 0   276.07 0   275.80 0   317.3 0   275.84 0   275.80 0     0.0 0     0.0 0     0.0 0   -68.0 0   -68.0 0     3.1 0    59.4 0     7.6 0   270.1 0   962.2 0
 2019   9  1  9  9  0  9.000 130.26    -1.9 0    -0.3 0     0.0 0     0.4 0   251.9 0   276.07 0   275.81 0   318.7 0   275.84 0   275.80 0     0.0 0     0.0 0     0.0 0   -66.7 0   -66.7 0     3.1 0    59.7 0     7.4 0   270.2 0   962.2 0
 2019   9  1  9  9  1  9.017 130.07    -1.9 0    -0.3 0     0.0 0     0.4 0   252.1 0   276.07 0   275.80 0   319.2 0   275.85 0   275.80 0     0.0 0     0.0 0     0.0 0   -67.1 0   -67.1 0     3.1 0    59.8 0     7.2 0   272.7 0   962.2 0
 2019   9  1  9  9  2  9.033 129.88    -1.9 0    -0.3 0     0.0 0     0.4 0   251.6 0   276.07 0   275.80 0   318.5 0   275.85 0   275.79 0     0.0 0     0.0 0     0.0 0   -66.9 0   -66.9 0     3.1 0    60.2 0     6.7 0   261.1 0   962.2 0
 2019   9  1  9  9  3  9.050 129.69    -1.9 0    -0.3 0     0.0 0     0.4 0   251.9 0   276.07 0   275.81 0   317.3 0   275.84 0   275.80 0     0.0 0     0.0 0     0.0 0   -65.4 0   -65.4 0     3.1 0    59.7 0     7.1 0   254.1 0   962.1 0
 2019   9  1  9  9  4  9.067 129.51    -1.9 0    -0.1 0     0.0 0     0.4 0   256.2 0   276.07 0   275.79 0   319.5 0   275.85 0   275.80 0     0.0 0     0.0 0     0.0 0   -63.3 0   -63.3 0     3.1 0    59.8 0     7.6 0   260.2 0   962.2 0
 2019   9  1  9  9  5  9.083 129.32    -1.9 0    -0.1 0     0.0 0     0.4 0   262.0 0   276.07 0   275.81 0   318.8 0   275.84 0   275.79 0     0.0 0     0.0 0     0.0 0   -56.8 0   -56.8 0     3.1 0    60.1 0     7.1 0   263.1 0   962.2 0
 2019   9  1  9  9  6  9.100 129.13    -1.9 0    -0.1 0     0.0 0     0.4 0   264.2 0   276.06 0   275.81 0   319.2 0   275.83 0   275.78 0     0.0 0     0.0 0     0.0 0   -55.0 0   -55.0 0     3.1 0    59.5 0     7.6 0   268.0 0   962.1 0
 2019   9  1  9  9  7  9.117 128.94    -1.9 0    -0.3 0     0.0 0     0.4 0   259.4 0   276.07 0   275.84 0   319.4 0   275.84 0   275.81 0     0.0 0     0.0 0     0.0 0   -60.0 0   -60.0 0     3.2 0    57.9 0     9.2 0   268.4 0   962.1 0
 2019   9  1  9  9  8  9.133 128.75    -1.9 0    -0.3 0    -0.3 0     0.4 0   252.0 0   276.09 0   275.88 0   320.2 0   275.86 0   275.84 0     0.0 0     0.0 0     0.0 0   -68.2 0   -68.2 0     3.2 0    57.5 0     9.7 0   267.0 0   962.1 0
 2019   9  1  9  9  9  9.150 128.56    -2.2 0    -0.3 0    -0.4 0     0.4 0   245.1 0   276.11 0   275.90 0   320.0 0   275.89 0   275.85 0     0.0 0     0.0 0     0.0 0   -74.9 0   -74.9 0     3.3 0    58.0 0     7.6 0   277.0 0   962.1 0
 2019   9  1  9  9 10  9.167 128.37    -2.1 0    -0.1 0    -0.1 0     0.4 0   239.8 0   276.12 0   275.84 0   317.7 0   275.90 0   275.81 0     0.0 0     0.0 0     0.0 0   -77.9 0   -77.9 0     3.1 0    60.5 0     5.8 0   268.0 0   962.1 0
 2019   9  1  9  9 11  9.183 128.18    -1.9 0     0.2 0     0.0 0     0.4 0   239.1 0   276.12 0   275.82 0   317.1 0   275.87 0   275.80 0     0.0 0     0.0 0     0.0 0   -78.0 0   -78.0 0     3.0 0    59.4 0     6.8 0   267.4 0   962.0 0
 2019   9  1  9  9 12  9.200 127.99    -1.9 0     0.1 0     0.0 0     0.4 0   240.0 0   276.12 0   275.81 0   317.9 0   275.86 0   275.79 0     0.0 0     0.0 0     0.0 0   -77.9 0   -77.9 0     3.0 0    59.5 0     7.6 0   258.9 0   962.0 0
 2019   9  1  9  9 13  9.217 127.80    -1.9 0     0.0 0     0.0 0     0.4 0   238.8 0   276.10 0   275.81 0   318.0 0   275.85 0   275.78 0     0.0 0     0.0 0     0.0 0   -79.2 0   -79.2 0     3.0 0    59.0 0     6.7 0   267.4 0   962.0 0
 2019   9  1  9  9 14  9.233 127.61    -1.9 0     0.0 0     0.0 0     0.4 0   236.3 0   276.10 0   275.81 0   317.7 0   275.84 0   275.78 0     0.0 0     0.0 0     0.0 0   -81.4 0   -81.4 0     3.0 0    58.6 0     7.2 0   265.5 0   962.0 0
 2019   9  1  9  9 15  9.250 127.42    -1.9 0    -0.2 0     0.0 0     0.4 0   234.5 0   276.10 0   275.81 0   318.1 0   275.83 0   275.78 0     0.0 0     0.0 0     0.0 0   -83.6 0   -83.6 0     3.1 0    58.1 0     8.4 0   255.4 0   962.0 0
 2019   9  1  9  9 16  9.267 127.23    -1.9 0    -0.2 0     0.0 0     0.4 0   233.6 0   276.10 0   275.80 0   317.5 0   275.83 0   275.77 0     0.0 0     0.0 0     0.0 0   -83.9 0   -83.9 0     3.1 0    58.9 0     6.5 0   267.1 0   962.0 0
 2019   9  1  9  9 17  9.283 127.05    -1.9 0     0.2 0     0.0 0     0.4 0   233.6 0   276.10 0   275.78 0   316.9 0   275.82 0   275.76 0     0.0 0     0.0 0     0.0 0   -83.3 0   -83.3 0     3.0 0    58.6 0     8.3 0   269.6 0   962.0 0
 2019   9  1  9  9 18  9.300 126.86    -1.9 0    -0.2 0     0.0 0     0.4 0   234.0 0   276.10 0   275.79 0   316.9 0   275.81 0   275.77 0     0.0 0     0.0 0     0.0 0   -82.9 0   -82.9 0     3.1 0    58.3 0     7.4 0   271.3 0   962.1 0
 2019   9  1  9  9 19  9.317 126.67    -2.0 0    -0.2 0     0.0 0     0.4 0   237.2 0   276.10 0   275.81 0   318.1 0   275.82 0   275.79 0     0.0 0     0.0 0     0.0 0   -81.0 0   -81.0 0     3.1 0    56.1 0    11.0 0   281.5 0   962.1 0
 2019   9  1  9  9 20  9.333 126.48    -2.2 0    -0.4 0     0.0 0     0.4 0   243.7 0   276.10 0   275.84 0   319.1 0   275.85 0   275.83 0     0.0 0     0.0 0     0.0 0   -75.4 0   -75.4 0     3.2 0    55.7 0     9.5 0   275.4 0   962.0 0
 2019   9  1  9  9 21  9.350 126.29    -2.2 0    -0.3 0     0.0 0     0.4 0   254.2 0   276.10 0   275.84 0   318.8 0   275.86 0   275.82 0     0.0 0     0.0 0     0.0 0   -64.6 0   -64.6 0     3.2 0    56.5 0     9.5 0   271.1 0   962.0 0
 2019   9  1  9  9 22  9.367 126.10    -2.3 0    -0.3 0    -0.1 0     0.4 0   266.4 0   276.11 0   275.91 0   319.8 0   275.88 0   275.85 0     0.0 0     0.0 0     0.0 0   -53.4 0   -53.4 0     3.2 0    56.0 0     8.5 0   274.9 0   962.0 0
 2019   9  1  9  9 23  9.383 125.91    -2.2 0    -0.3 0    -0.1 0     0.4 0   276.8 0   276.14 0   275.92 0   320.2 0   275.89 0   275.84 0     0.0 0     0.0 0     0.0 0   -43.4 0   -43.4 0     3.2 0    57.0 0     8.4 0   271.6 0   962.0 0
 2019   9  1  9  9 24  9.400 125.72    -2.0 0    -0.3 0     0.0 0     0.4 0   285.4 0   276.15 0   275.96 0   320.4 0   275.90 0   275.87 0     0.0 0     0.0 0     0.0 0   -35.0 0   -35.0 0     3.2 0    55.5 0    10.1 0   273.4 0   962.1 0
 2019   9  1  9  9 25  9.417 125.53    -2.2 0    -0.3 0    -0.1 0     0.4 0   290.6 0   276.17 0   276.00 0   321.1 0   275.91 0   275.89 0     0.0 0     0.0 0     0.0 0   -30.5 0   -30.5 0     3.2 0    55.6 0     9.2 0   265.2 0   962.0 0
 2019   9  1  9  9 26  9.433 125.34    -2.3 0    -0.3 0    -0.4 0     0.4 0   294.4 0   276.19 0   276.05 0   321.7 0   275.93 0   275.91 0     0.0 0     0.0 0     0.0 0   -27.3 0   -27.3 0     3.3 0    55.0 0    10.3 0   270.1 0   962.1 0
 2019   9  1  9  9 27  9.450 125.15    -2.0 0    -0.3 0     0.0 0     0.4 0   297.5 0   276.21 0   276.04 0   321.0 0   275.95 0   275.90 0     0.0 0     0.0 0     0.0 0   -23.5 0   -23.5 0     3.2 0    56.7 0     7.9 0   264.5 0   962.1 0
 2019   9  1  9  9 28  9.467 124.96    -1.9 0    -0.2 0     0.0 0     0.4 0   300.1 0   276.22 0   276.03 0   321.4 0   275.95 0   275.90 0     0.0 0     0.0 0     0.0 0   -21.3 0   -21.3 0     3.1 0    57.4 0     7.6 0   269.3 0   962.0 0
 2019   9  1  9  9 29  9.483 124.77    -1.9 0    -0.3 0     0.0 0     0.4 0   302.0 0   276.23 0   276.08 0   321.6 0   275.95 0   275.92 0     0.0 0     0.0 0     0.0 0   -19.6 0   -19.6 0     3.1 0    56.1 0     9.1 0   269.3 0   962.0 0
 2019   9  1  9  9 30  9.500 124.58    -1.9 0    -0.3 0     0.0 0     0.4 0   301.6 0   276.24 0   276.08 0   321.1 0   275.96 0   275.92 0     0.0 0     0.0 0     0.0 0   -19.5 0   -19.5 0     3.2 0    56.6 0     7.0 0   269.4 0   962.0 0
 2019   9  1  9  9 31  9.517 124.39    -1.7 0    -0.2 0     0.0 0     0.4 0   300.3 0   276.25 0   276.06 0   321.0 0   275.97 0   275.90 0     0.0 0     0.0 0     0.0 0   -20.6 0   -20.6 0     3.1 0    57.6 0     7.0 0   265.1 0   962.0 0
 2019   9  1  9  9 32  9.533 124.20    -1.6 0    -0.3 0     0.0 0     0.4 0   300.7 0   276.26 0   276.10 0   321.9 0   275.96 0   275.92 0     0.0 0     0.0 0     0.0 0   -21.2 0   -21.2 0     3.1 0    56.3 0     8.1 0   268.7 0   962.0 0
 2019   9  1  9  9 33  9.550 124.01    -1.5 0    -0.3 0     0.0 0     0.4 0   300.9 0   276.27 0   276.09 0   321.2 0   275.96 0   275.90 0     0.0 0     0.0 0     0.0 0   -20.3 0   -20.3 0     3.1 0    57.5 0     7.5 0   264.2 0   962.1 0
 2019   9  1  9  9 34  9.567 123.82    -1.5 0    -0.2 0     0.1 0     0.4 0   301.7 0   276.28 0   276.08 0   321.4 0   275.96 0   275.91 0     0.0 0     0.0 0     0.0 0   -19.8 0   -19.8 0     3.1 0    56.7 0     8.9 0   270.7 0   962.1 0
 2019   9  1  9  9 35  9.583 123.63    -1.5 0    -0.3 0     0.0 0     0.4 0   301.8 0   276.28 0   276.10 0   322.4 0   275.97 0   275.93 0     0.0 0     0.0 0     0.0 0   -20.6 0   -20.6 0     3.2 0    55.9 0     8.8 0   257.4 0   962.0 0
 2019   9  1  9  9 36  9.600 123.45    -1.5 0    -0.3 0     0.0 0     0.4 0   302.1 0   276.29 0   276.15 0   321.8 0   275.98 0   275.94 0     0.0 0     0.0 0     0.0 0   -19.7 0   -19.7 0     3.2 0    55.7 0     9.3 0   267.8 0   962.0 0
 2019   9  1  9  9 37  9.617 123.26    -1.5 0    -0.3 0     0.0 0     0.4 0   301.7 0   276.30 0   276.13 0   321.9 0   275.99 0   275.94 0     0.0 0     0.0 0     0.0 0   -20.3 0   -20.3 0     3.2 0    57.2 0     7.1 0   270.0 0   962.1 0
 2019   9  1  9  9 38  9.633 123.07    -1.5 0    -0.1 0     0.3 0     0.4 0   301.4 0   276.30 0   276.08 0   321.5 0   275.99 0   275.92 0     0.0 0     0.0 0     0.0 0   -20.1 0   -20.1 0     3.1 0    58.1 0     5.9 0   266.8 0   962.1 0
 2019   9  1  9  9 39  9.650 122.88    -1.5 0     0.2 0     0.4 0     0.4 0   302.0 0   276.29 0   276.07 0   321.2 0   275.97 0   275.91 0     0.0 0     0.0 0     0.0 0   -19.2 0   -19.2 0     3.0 0    58.0 0     6.8 0   257.8 0   962.0 0
 2019   9  1  9  9 40  9.667 122.69    -1.5 0    -0.3 0     0.1 0     0.4 0   302.6 0   276.29 0   276.12 0   322.1 0   275.97 0   275.93 0     0.0 0     0.0 0     0.0 0   -19.6 0   -19.6 0     3.1 0    56.6 0     8.4 0   277.9 0   962.1 0
 2019   9  1  9  9 41  9.683 122.50    -1.5 0    -0.3 0     0.0 0     0.4 0   302.7 0   276.29 0   276.12 0   322.3 0   275.98 0   275.94 0     0.0 0     0.0 0     0.0 0   -19.6 0   -19.6 0     3.1 0    56.7 0     9.0 0   274.5 0   962.1 0
 2019   9  1  9  9 42  9.700 122.31    -1.5 0    -0.3 0     0.0 0     0.4 0   302.7 0   276.30 0   276.16 0   322.1 0   275.99 0   275.95 0     0.0 0     0.0 0     0.0 0   -19.4 0   -19.4 0     3.2 0    56.8 0     9.4 0   273.8 0   962.1 0
 2019   9  1  9  9 43  9.717 122.12    -1.5 0    -0.3 0     0.0 0     0.4 0   302.7 0   276.31 0   276.13 0   321.7 0   276.00 0   275.95 0     0.0 0     0.0 0     0.0 0   -19.0 0   -19.0 0     3.2 0    57.9 0     7.3 0   269.1 0   962.1 0
 2019   9  1  9  9 44  9.733 121.93    -1.5 0    -0.3 0     0.1 0     0.4 0   302.7 0   276.31 0   276.13 0   321.7 0   276.00 0   275.94 0     0.0 0     0.0 0     0.0 0   -19.0 0   -19.0 0     3.1 0    57.6 0     7.6 0   265.1 0   962.1 0
 2019   9  1  9  9 45  9.750 121.74    -1.5 0    -0.2 0     0.4 0     0.4 0   303.1 0   276.31 0   276.13 0   322.1 0   276.00 0   275.93 0     0.0 0     0.0 0     0.0 0   -19.0 0   -19.0 0     3.1 0    58.5 0     8.9 0   260.3 0   962.1 0
 2019   9  1  9  9 46  9.767 121.55    -1.5 0    -0.3 0     0.3 0     0.4 0   303.4 0   276.32 0   276.14 0   322.1 0   275.98 0   275.94 0     0.0 0     0.0 0     0.0 0   -18.7 0   -18.7 0     3.1 0    58.0 0    11.2 0   273.8 0   962.1 0
 2019   9  1  9  9 47  9.783 121.36    -1.5 0    -0.3 0     0.1 0     0.4 0   303.1 0   276.32 0   276.14 0   321.9 0   275.99 0   275.94 0     0.0 0     0.0 0     0.0 0   -18.8 0   -18.8 0     3.1 0    58.2 0     9.1 0   270.1 0   962.2 0
 2019   9  1  9  9 48  9.800 121.17    -1.5 0    -0.2 0     0.2 0     0.4 0   303.0 0   276.33 0   276.14 0   321.4 0   275.99 0   275.92 0     0.0 0     0.0 0     0.0 0   -18.5 0   -18.5 0     3.1 0    59.4 0     7.3 0   276.9 0   962.2 0
 2019   9  1  9  9 49  9.817 120.99    -1.5 0    -0.1 0     0.2 0     0.4 0   303.1 0   276.34 0   276.14 0   321.8 0   275.98 0   275.93 0     0.0 0     0.0 0     0.0 0   -18.7 0   -18.7 0     3.1 0    58.4 0     8.5 0   290.5 0   962.2 0
 2019   9  1  9  9 50  9.833 120.80    -1.5 0    -0.3 0     0.0 0     0.4 0   303.2 0   276.34 0   276.15 0   322.0 0   275.98 0   275.92 0     0.0 0     0.0 0     0.0 0   -18.8 0   -18.8 0     3.1 0    59.4 0     6.0 0   278.5 0   962.2 0
 2019   9  1  9  9 51  9.850 120.61    -1.5 0    -0.1 0     0.2 0     0.4 0   303.1 0   276.33 0   276.13 0   321.9 0   275.97 0   275.91 0     0.0 0     0.0 0     0.0 0   -18.7 0   -18.7 0     3.0 0    58.7 0     7.6 0   281.9 0   962.2 0
 2019   9  1  9  9 52  9.867 120.42    -1.5 0    -0.3 0     0.0 0     0.4 0   302.9 0   276.32 0   276.14 0   322.2 0   275.97 0   275.91 0     0.0 0     0.0 0     0.0 0   -19.3 0   -19.3 0     3.1 0    58.7 0     9.2 0   283.3 0   962.2 0
 2019   9  1  9  9 53  9.883 120.23    -1.5 0    -0.3 0     0.0 0     0.4 0   302.6 0   276.32 0   276.14 0   321.9 0   275.97 0   275.91 0     0.0 0     0.0 0     0.0 0   -19.2 0   -19.2 0     3.1 0    59.0 0     6.8 0   276.3 0   962.2 0
 2019   9  1  9  9 54  9.900 120.04    -1.5 0    -0.3 0     0.1 0     0.4 0   302.6 0   276.32 0   276.12 0   321.1 0   275.96 0   275.90 0     0.0 0     0.0 0     0.0 0   -18.5 0   -18.5 0     3.1 0    59.6 0     6.3 0   287.0 0   962.3 0
 2019   9  1  9  9 55  9.917 119.85    -1.5 0    -0.1 0     0.0 0     0.4 0   302.6 0   276.32 0   276.12 0   321.7 0   275.95 0   275.90 0     0.0 0     0.0 0     0.0 0   -19.1 0   -19.1 0     3.0 0    59.5 0     7.2 0   277.4 0   962.2 0
 2019   9  1  9  9 56  9.933 119.66    -1.5 0    -0.3 0     0.0 0     0.4 0   303.0 0   276.32 0   276.12 0   322.1 0   275.95 0   275.90 0     0.0 0     0.0 0     0.0 0   -19.1 0   -19.1 0     3.1 0    59.5 0     8.8 0   280.9 0   962.3 0
 2019   9  1  9  9 57  9.950 119.47    -1.5 0    -0.3 0     0.0 0     0.4 0   304.1 0   276.32 0   276.12 0   322.5 0   275.95 0   275.90 0     0.0 0     0.0 0     0.0 0   -18.5 0   -18.5 0     3.1 0    59.3 0     8.9 0   267.8 0   962.2 0
 2019   9  1  9  9 58  9.967 119.28    -1.5 0    -0.3 0     0.0 0     0.3 0   304.5 0   276.32 0   276.14 0   322.9 0   275.95 0   275.90 0     0.0 0     0.0 0     0.0 0   -18.4 0   -18.4 0     3.1 0    58.5 0    10.9 0   273.0 0   962.3 0
 2019   9  1  9  9 59  9.983 119.10    -1.5 0    -0.3 0     0.0 0     0.3 0   304.6 0   276.32 0   276.14 0   321.7 0   275.95 0   275.90 0     0.0 0     0.0 0     0.0 0   -17.0 0   -17.0 0     3.1 0    59.7 0     9.2 0   270.9 0   962.3 0
 2019   9  1  9 10  0 10.000 118.91    -1.5 0    -0.3 0     0.0 0     0.4 0   304.6 0   276.32 0   276.15 0   322.6 0   275.95 0   275.90 0     0.0 0     0.0 0     0.0 0   -17.9 0   -17.9 0     3.1 0    59.4 0     9.6 0   273.5 0   962.3 0
 2019   9  1  9 10  1 10.017 118.72    -1.5 0    -0.1 0     0.0 0     0.4 0   304.1 0   276.34 0   276.15 0   321.9 0   275.95 0   275.89 0     0.0 0     0.0 0     0.0 0   -17.8 0   -17.8 0     3.0 0    60.9 0     7.7 0   278.5 0   962.3 0
 2019   9  1  9 10  2 10.033 118.53    -1.5 0     0.3 0     0.0 0     0.4 0   303.5 0   276.34 0   276.13 0   321.8 0   275.94 0   275.88 0     0.0 0     0.0 0     0.0 0   -18.3 0   -18.3 0     3.0 0    61.0 0     8.0 0   281.9 0   962.3 0
 2019   9  1  9 10  3 10.050 118.34    -1.5 0     0.3 0     0.2 0     0.4 0   303.2 0   276.33 0   276.11 0   321.9 0   275.93 0   275.86 0     0.0 0     0.0 0     0.0 0   -18.7 0   -18.7 0     3.0 0    61.3 0     7.5 0   280.5 0   962.3 0
 2019   9  1  9 10  4 10.067 118.15    -1.3 0     0.3 0     0.4 0     0.4 0   303.4 0   276.32 0   276.10 0   321.9 0   275.91 0   275.86 0     0.0 0     0.0 0     0.0 0   -18.5 0   -18.5 0     2.9 0    61.0 0     8.6 0   270.8 0   962.3 0
 2019   9  1  9 10  5 10.083 117.96    -1.5 0    -0.3 0     0.0 0     0.4 0   303.5 0   276.31 0   276.13 0   322.1 0   275.90 0   275.86 0     0.0 0     0.0 0     0.0 0   -18.6 0   -18.6 0     3.0 0    60.0 0     9.5 0   274.4 0   962.3 0
 2019   9  1  9 10  6 10.100 117.78    -1.5 0    -0.3 0     0.0 0     0.4 0   303.0 0   276.32 0   276.12 0   322.2 0   275.91 0   275.86 0     0.0 0     0.0 0     0.0 0   -19.2 0   -19.2 0     3.0 0    61.0 0     8.9 0   268.3 0   962.3 0
 2019   9  1  9 10  7 10.117 117.59    -1.5 0    -0.2 0     0.0 0     0.4 0   302.5 0   276.32 0   276.10 0   321.5 0   275.90 0   275.85 0     0.0 0     0.0 0     0.0 0   -19.0 0   -19.0 0     3.0 0    60.9 0     8.1 0   276.2 0   962.3 0
 2019   9  1  9 10  8 10.133 117.40    -1.5 0     0.1 0     0.1 0     0.4 0   301.5 0   276.30 0   276.09 0   322.0 0   275.90 0   275.83 0     0.0 0     0.0 0     0.0 0   -20.5 0   -20.5 0     2.9 0    61.3 0     8.4 0   283.1 0   962.3 0
 2019   9  1  9 10  9 10.150 117.21    -1.5 0    -0.3 0     0.0 0     0.4 0   302.5 0   276.29 0   276.10 0   321.5 0   275.89 0   275.85 0     0.0 0     0.0 0     0.0 0   -18.9 0   -18.9 0     3.0 0    60.5 0     9.9 0   278.8 0   962.4 0
 2019   9  1  9 10 10 10.167 117.02    -1.5 0    -0.3 0     0.0 0     0.4 0   304.1 0   276.29 0   276.09 0   324.0 0   275.89 0   275.83 0     0.0 0     0.0 0     0.0 0   -20.0 0   -20.0 0     3.0 0    61.2 0     7.6 0   280.3 0   962.4 0
 2019   9  1  9 10 11 10.183 116.83    -1.4 0     0.0 0     0.1 0     0.4 0   306.0 0   276.29 0   276.07 0   322.4 0   275.88 0   275.82 0     0.0 0     0.0 0     0.0 0   -16.4 0   -16.4 0     3.0 0    61.6 0     6.8 0   282.4 0   962.4 0
 2019   9  1  9 10 12 10.200 116.65    -1.2 0    -0.1 0     0.1 0     0.4 0   306.5 0   276.27 0   276.08 0   321.7 0   275.87 0   275.81 0     0.0 0     0.0 0     0.0 0   -15.2 0   -15.2 0     2.9 0    61.1 0     7.2 0   291.8 0   962.4 0
 2019   9  1  9 10 13 10.217 116.46    -1.5 0    -0.3 0     0.0 0     0.4 0   306.5 0   276.27 0   276.09 0   322.4 0   275.86 0   275.82 0     0.0 0     0.0 0     0.0 0   -15.8 0   -15.8 0     3.0 0    61.0 0     7.9 0   286.2 0   962.4 0
 2019   9  1  9 10 14 10.233 116.27    -1.3 0    -0.2 0     0.0 0     0.4 0   306.1 0   276.27 0   276.07 0   322.0 0   275.87 0   275.81 0     0.0 0     0.0 0     0.0 0   -15.8 0   -15.8 0     2.9 0    62.1 0     6.9 0   282.9 0   962.5 0
 2019   9  1  9 10 15 10.250 116.08    -1.1 0     0.2 0     0.2 0     0.4 0   305.9 0   276.26 0   276.05 0   321.0 0   275.85 0   275.79 0     0.0 0     0.0 0     0.0 0   -15.1 0   -15.1 0     2.9 0    62.6 0     6.3 0   286.6 0   962.5 0
 2019   9  1  9 10 16 10.267 115.90    -1.1 0     0.2 0     0.3 0     0.4 0   305.0 0   276.24 0   276.04 0   322.1 0   275.84 0   275.78 0     0.0 0     0.0 0     0.0 0   -17.1 0   -17.1 0     2.9 0    62.7 0     5.2 0   286.7 0   962.5 0
 2019   9  1  9 10 17 10.283 115.71    -1.1 0     0.2 0     0.3 0     0.4 0   304.1 0   276.24 0   276.03 0   321.0 0   275.83 0   275.76 0     0.0 0     0.0 0     0.0 0   -16.9 0   -16.9 0     2.8 0    62.7 0     5.8 0   281.9 0   962.5 0
 2019   9  1  9 10 18 10.300 115.52    -1.1 0     0.0 0     0.2 0     0.4 0   303.5 0   276.22 0   276.02 0   320.9 0   275.81 0   275.76 0     0.0 0     0.0 0     0.0 0   -17.4 0   -17.4 0     2.8 0    62.3 0     5.0 0   285.3 0   962.4 0
 2019   9  1  9 10 19 10.317 115.33    -1.1 0     0.1 0     0.2 0     0.4 0   303.8 0   276.22 0   275.99 0   321.1 0   275.81 0   275.75 0     0.0 0     0.0 0     0.0 0   -17.3 0   -17.3 0     2.8 0    62.9 0     5.5 0   284.2 0   962.4 0
 2019   9  1  9 10 20 10.333 115.14    -1.1 0     0.0 0     0.0 0     0.4 0   304.2 0   276.20 0   276.00 0   321.9 0   275.80 0   275.74 0     0.0 0     0.0 0     0.0 0   -17.7 0   -17.7 0     2.9 0    62.2 0     7.0 0   274.5 0   962.4 0
 2019   9  1  9 10 21 10.350 114.96    -1.2 0    -0.3 0     0.0 0     0.4 0   304.5 0   276.20 0   276.00 0   322.8 0   275.79 0   275.75 0     0.0 0     0.0 0     0.0 0   -18.3 0   -18.3 0     2.9 0    61.7 0     8.3 0   265.9 0   962.5 0
 2019   9  1  9 10 22 10.367 114.77    -1.3 0    -0.3 0     0.0 0     0.4 0   304.0 0   276.20 0   276.01 0   321.1 0   275.79 0   275.74 0     0.0 0     0.0 0     0.0 0   -17.1 0   -17.1 0     2.9 0    62.0 0     6.3 0   278.9 0   962.5 0
 2019   9  1  9 10 23 10.383 114.58    -1.1 0    -0.1 0     0.3 0     0.4 0   304.3 0   276.20 0   276.00 0   322.8 0   275.79 0   275.72 0     0.0 0     0.0 0     0.0 0   -18.5 0   -18.5 0     2.9 0    62.8 0     4.3 0   279.5 0   962.4 0
 2019   9  1  9 10 24 10.400 114.39    -1.1 0     0.2 0     0.4 0     0.4 0   304.3 0   276.20 0   275.99 0   321.1 0   275.77 0   275.71 0     0.0 0     0.0 0     0.0 0   -16.8 0   -16.8 0     2.8 0    62.7 0     6.9 0   280.1 0   962.5 0
 2019   9  1  9 10 25 10.417 114.21    -1.1 0     0.0 0     0.4 0     0.4 0   304.1 0   276.19 0   275.97 0   321.2 0   275.76 0   275.71 0     0.0 0     0.0 0     0.0 0   -17.1 0   -17.1 0     2.8 0    63.0 0     5.0 0   276.9 0   962.4 0
 2019   9  1  9 10 26 10.433 114.02    -1.1 0     0.2 0     0.4 0     0.4 0   303.4 0   276.17 0   275.94 0   321.2 0   275.76 0   275.69 0     0.0 0     0.0 0     0.0 0   -17.9 0   -17.9 0     2.8 0    63.5 0     5.4 0   278.1 0   962.4 0
 2019   9  1  9 10 27 10.450 113.83    -1.1 0     0.1 0     0.4 0     0.4 0   302.8 0   276.15 0   275.93 0   321.3 0   275.74 0   275.68 0     0.0 0     0.0 0     0.0 0   -18.5 0   -18.5 0     2.8 0    63.5 0     6.5 0   283.3 0   962.4 0
 2019   9  1  9 10 28 10.467 113.65    -1.1 0     0.3 0     0.4 0     0.4 0   302.5 0   276.13 0   275.90 0   321.2 0   275.73 0   275.66 0     0.0 0     0.0 0     0.0 0   -18.6 0   -18.6 0     2.7 0    64.4 0     5.4 0   281.2 0   962.5 0
 2019   9  1  9 10 29 10.483 113.46    -1.1 0     0.3 0     0.4 0     0.4 0   302.1 0   276.11 0   275.88 0   320.5 0   275.71 0   275.63 0     0.0 0     0.0 0     0.0 0   -18.5 0   -18.5 0     2.7 0    65.2 0     5.0 0   268.3 0   962.5 0
 2019   9  1  9 10 30 10.500 113.27    -1.1 0     0.3 0     0.5 0     0.4 0   302.6 0   276.10 0   275.86 0   320.4 0   275.69 0   275.61 0     0.0 0     0.0 0     0.0 0   -17.8 0   -17.8 0     2.6 0    64.8 0     6.2 0   268.7 0   962.4 0
 2019   9  1  9 10 31 10.517 113.09    -1.1 0     0.3 0     0.5 0     0.4 0   304.7 0   276.07 0   275.84 0   321.1 0   275.67 0   275.61 0     0.0 0     0.0 0     0.0 0   -16.4 0   -16.4 0     2.7 0    65.0 0     5.8 0   269.0 0   962.4 0
 2019   9  1  9 10 32 10.533 112.90    -1.1 0     0.3 0     0.7 0     0.4 0   308.2 0   276.05 0   275.81 0   321.8 0   275.66 0   275.59 0     0.0 0     0.0 0     0.0 0   -13.6 0   -13.6 0     2.6 0    65.1 0     6.8 0   276.4 0   962.5 0
 2019   9  1  9 10 33 10.550 112.71    -1.1 0     0.0 0     0.4 0     0.3 0   309.5 0   276.03 0   275.84 0   321.9 0   275.65 0   275.59 0     0.0 0     0.0 0     0.0 0   -12.4 0   -12.4 0     2.7 0    64.3 0     8.8 0   275.2 0   962.5 0
 2019   9  1  9 10 34 10.567 112.53    -1.1 0     0.0 0     0.4 0     0.3 0   306.9 0   276.03 0   275.83 0   321.9 0   275.64 0   275.59 0     0.0 0     0.0 0     0.0 0   -14.9 0   -14.9 0     2.7 0    64.7 0     7.9 0   281.6 0   962.5 0
 2019   9  1  9 10 35 10.583 112.34    -1.1 0     0.2 0     0.4 0     0.4 0   302.4 0   276.01 0   275.79 0   321.3 0   275.63 0   275.56 0     0.0 0     0.0 0     0.0 0   -18.9 0   -18.9 0     2.6 0    65.8 0     6.5 0   273.5 0   962.5 0
 2019   9  1  9 10 36 10.600 112.15    -1.1 0     0.3 0     0.6 0     0.4 0   298.9 0   276.00 0   275.73 0   320.5 0   275.61 0   275.53 0     0.0 0     0.0 0     0.0 0   -21.6 0   -21.6 0     2.5 0    67.1 0     7.0 0   264.2 0   962.5 0
 2019   9  1  9 10 37 10.617 111.97    -0.9 0     0.3 0     0.8 0     0.4 0   298.4 0   275.97 0   275.70 0   320.7 0   275.58 0   275.50 0     0.0 0     0.0 0     0.0 0   -22.4 0   -22.4 0     2.5 0    67.3 0     8.5 0   266.0 0   962.5 0
 2019   9  1  9 10 38 10.633 111.78    -0.8 0     0.3 0     0.8 0     0.2 0   300.0 0   275.94 0   275.70 0   322.2 0   275.56 0   275.48 0     0.0 0     0.0 0     0.0 0   -22.2 0   -22.2 0     2.5 0    66.2 0     9.3 0   277.7 0   962.5 0
 2019   9  1  9 10 39 10.650 111.60    -1.1 0     0.3 0     0.7 0     0.1 0   301.0 0   275.92 0   275.71 0   320.7 0   275.54 0   275.47 0     0.0 0     0.0 0     0.0 0   -19.7 0   -19.7 0     2.5 0    66.1 0     7.9 0   275.2 0   962.5 0
 2019   9  1  9 10 40 10.667 111.41    -1.1 0     0.3 0     0.4 0     0.2 0   300.1 0   275.90 0   275.68 0   321.9 0   275.52 0   275.46 0     0.0 0     0.0 0     0.0 0   -21.8 0   -21.8 0     2.5 0    66.8 0     7.8 0   279.7 0   962.5 0
 2019   9  1  9 10 41 10.683 111.22    -1.1 0     0.3 0     0.4 0     0.3 0   297.1 0   275.89 0   275.66 0   320.7 0   275.50 0   275.43 0     0.0 0     0.0 0     0.0 0   -23.5 0   -23.5 0     2.5 0    67.0 0     8.6 0   272.9 0   962.5 0
 2019   9  1  9 10 42 10.700 111.04    -1.1 0     0.3 0     0.4 0     0.2 0   295.8 0   275.87 0   275.63 0   320.2 0   275.48 0   275.40 0     0.0 0     0.0 0     0.0 0   -24.4 0   -24.4 0     2.4 0    68.3 0     7.0 0   275.0 0   962.5 0
 2019   9  1  9 10 43 10.717 110.85    -1.1 0     0.3 0     0.5 0     0.2 0   296.7 0   275.85 0   275.61 0   321.1 0   275.45 0   275.37 0     0.0 0     0.0 0     0.0 0   -24.4 0   -24.4 0     2.3 0    68.2 0     8.2 0   284.6 0   962.6 0
 2019   9  1  9 10 44 10.733 110.67    -1.1 0     0.3 0     0.4 0     0.0 0   297.9 0   275.83 0   275.61 0   319.6 0   275.43 0   275.36 0     0.0 0     0.0 0     0.0 0   -21.8 0   -21.8 0     2.3 0    68.0 0     7.6 0   283.2 0   962.6 0
 2019   9  1  9 10 45 10.750 110.48    -1.1 0     0.3 0     0.4 0     0.1 0   298.8 0   275.81 0   275.59 0   320.8 0   275.41 0   275.34 0     0.0 0     0.0 0     0.0 0   -22.0 0   -22.0 0     2.4 0    67.7 0     8.5 0   282.5 0   962.6 0
 2019   9  1  9 10 46 10.767 110.30    -1.1 0     0.3 0     0.4 0     0.3 0   300.9 0   275.81 0   275.59 0   320.9 0   275.39 0   275.32 0     0.0 0     0.0 0     0.0 0   -20.0 0   -20.0 0     2.4 0    68.0 0     7.2 0   287.7 0   962.6 0
 2019   9  1  9 10 47 10.783 110.11    -1.1 0     0.3 0     0.2 0     0.3 0   301.3 0   275.79 0   275.58 0   320.1 0   275.38 0   275.31 0     0.0 0     0.0 0     0.0 0   -18.9 0   -18.9 0     2.4 0    68.3 0     6.8 0   286.9 0   962.5 0
 2019   9  1  9 10 48 10.800 109.93    -1.1 0     0.3 0     0.1 0     0.3 0   302.2 0   275.78 0   275.58 0   320.8 0   275.36 0   275.30 0     0.0 0     0.0 0     0.0 0   -18.7 0   -18.7 0     2.4 0    67.8 0     8.3 0   287.2 0   962.6 0
 2019   9  1  9 10 49 10.817 109.74    -1.1 0     0.3 0     0.0 0     0.3 0   302.1 0   275.78 0   275.59 0   320.7 0   275.35 0   275.30 0     0.0 0     0.0 0     0.0 0   -18.5 0   -18.5 0     2.4 0    67.9 0     5.8 0   290.7 0   962.6 0
 2019   9  1  9 10 50 10.833 109.56    -1.1 0     0.3 0     0.2 0     0.4 0   300.8 0   275.77 0   275.57 0   320.3 0   275.34 0   275.28 0     0.0 0     0.0 0     0.0 0   -19.5 0   -19.5 0     2.3 0    68.4 0     7.3 0   275.4 0   962.6 0
 2019   9  1  9 10 51 10.850 109.37    -1.1 0     0.3 0     0.4 0     0.4 0   299.8 0   275.76 0   275.53 0   320.4 0   275.32 0   275.25 0     0.0 0     0.0 0     0.0 0   -20.6 0   -20.6 0     2.3 0    69.2 0     8.5 0   277.8 0   962.6 0
 2019   9  1  9 10 52 10.867 109.19    -1.1 0     0.3 0     0.5 0     0.4 0   298.6 0   275.74 0   275.50 0   320.8 0   275.30 0   275.22 0     0.0 0     0.0 0     0.0 0   -22.2 0   -22.2 0     2.2 0    69.8 0     8.6 0   281.4 0   962.6 0
 2019   9  1  9 10 53 10.883 109.00    -1.1 0     0.3 0     0.6 0     0.4 0   298.5 0   275.71 0   275.47 0   319.4 0   275.27 0   275.20 0     0.0 0     0.0 0     0.0 0   -20.9 0   -20.9 0     2.2 0    70.0 0     7.1 0   286.3 0   962.6 0
 2019   9  1  9 10 54 10.900 108.82    -1.1 0     0.3 0     0.4 0     0.4 0   298.5 0   275.70 0   275.46 0   319.8 0   275.24 0   275.18 0     0.0 0     0.0 0     0.0 0   -21.3 0   -21.3 0     2.2 0    70.3 0     6.3 0   288.3 0   962.6 0
 2019   9  1  9 10 55 10.917 108.63    -1.1 0     0.3 0     0.4 0     0.4 0   297.5 0   275.67 0   275.43 0   320.5 0   275.23 0   275.16 0     0.0 0     0.0 0     0.0 0   -23.0 0   -23.0 0     2.2 0    70.2 0     6.7 0   290.4 0   962.6 0
 2019   9  1  9 10 56 10.933 108.45    -1.1 0     0.3 0     0.4 0     0.4 0   298.9 0   275.65 0   275.42 0   320.2 0   275.21 0   275.14 0     0.0 0     0.0 0     0.0 0   -21.3 0   -21.3 0     2.1 0    70.1 0     6.6 0   284.8 0   962.6 0
 2019   9  1  9 10 57 10.950 108.27    -1.1 0     0.3 0     0.4 0     0.2 0   300.9 0   275.63 0   275.41 0   320.3 0   275.19 0   275.13 0     0.0 0     0.0 0     0.0 0   -19.4 0   -19.4 0     2.2 0    69.7 0     6.4 0   283.1 0   962.7 0
 2019   9  1  9 10 58 10.967 108.08    -1.1 0     0.3 0     0.4 0     0.2 0   301.1 0   275.61 0   275.40 0   320.0 0   275.18 0   275.12 0     0.0 0     0.0 0     0.0 0   -18.9 0   -18.9 0     2.2 0    70.0 0     6.8 0   286.2 0   962.7 0
 2019   9  1  9 10 59 10.983 107.90    -1.1 0     0.3 0     0.4 0     0.3 0   299.3 0   275.60 0   275.37 0   319.6 0   275.16 0   275.09 0     0.0 0     0.0 0     0.0 0   -20.3 0   -20.3 0     2.1 0    70.6 0     6.2 0   271.9 0   962.7 0
 2019   9  1  9 11  0 11.000 107.72    -1.1 0     0.3 0     0.4 0     0.4 0   297.9 0   275.58 0   275.35 0   320.0 0   275.14 0   275.07 0     0.0 0     0.0 0     0.0 0   -22.1 0   -22.1 0     2.1 0    70.2 0     6.6 0   274.6 0   962.7 0
 2019   9  1  9 11  1 11.017 107.53    -1.1 0     0.3 0     0.4 0     0.3 0   297.6 0   275.56 0   275.32 0   319.8 0   275.13 0   275.05 0     0.0 0     0.0 0     0.0 0   -22.2 0   -22.2 0     2.1 0    70.9 0     6.1 0   280.6 0   962.7 0
 2019   9  1  9 11  2 11.033 107.35    -1.1 0     0.3 0     0.4 0     0.3 0   297.4 0   275.54 0   275.32 0   319.8 0   275.11 0   275.03 0     0.0 0     0.0 0     0.0 0   -22.4 0   -22.4 0     2.1 0    70.1 0     6.6 0   286.7 0   962.7 0
 2019   9  1  9 11  3 11.050 107.16    -1.1 0     0.3 0     0.0 0     0.2 0   296.8 0   275.52 0   275.32 0   319.5 0   275.08 0   275.03 0     0.0 0     0.0 0     0.0 0   -22.7 0   -22.7 0     2.1 0    69.2 0     7.2 0   289.8 0   962.7 0
 2019   9  1  9 11  4 11.067 106.98    -1.1 0     0.2 0     0.0 0     0.1 0   296.7 0   275.52 0   275.33 0   319.9 0   275.08 0   275.03 0     0.0 0     0.0 0     0.0 0   -23.2 0   -23.2 0     2.1 0    68.4 0     6.8 0   294.0 0   962.7 0
 2019   9  1  9 11  5 11.083 106.80    -1.1 0     0.3 0     0.0 0     0.4 0   297.1 0   275.52 0   275.30 0   319.7 0   275.07 0   275.01 0     0.0 0     0.0 0     0.0 0   -22.7 0   -22.7 0     2.1 0    69.7 0     6.1 0   277.3 0   962.7 0
 2019   9  1  9 11  6 11.100 106.62    -1.1 0     0.3 0     0.3 0     0.4 0   297.8 0   275.51 0   275.28 0   319.4 0   275.05 0   275.00 0     0.0 0     0.0 0     0.0 0   -21.6 0   -21.6 0     2.1 0    69.5 0     7.1 0   276.0 0   962.7 0
 2019   9  1  9 11  7 11.117 106.43    -1.1 0     0.3 0     0.4 0     0.4 0   296.9 0   275.49 0   275.27 0   319.7 0   275.04 0   274.98 0     0.0 0     0.0 0     0.0 0   -22.8 0   -22.8 0     2.1 0    69.9 0     6.6 0   279.4 0   962.7 0
 2019   9  1  9 11  8 11.133 106.25    -1.1 0     0.3 0     0.4 0     0.3 0   296.8 0   275.47 0   275.25 0   319.5 0   275.03 0   274.96 0     0.0 0     0.0 0     0.0 0   -22.7 0   -22.7 0     2.0 0    70.4 0     7.0 0   279.3 0   962.7 0
 2019   9  1  9 11  9 11.150 106.07    -1.1 0     0.3 0     0.3 0     0.3 0   298.4 0   275.47 0   275.25 0   320.1 0   275.01 0   274.96 0     0.0 0     0.0 0     0.0 0   -21.7 0   -21.7 0     2.0 0    68.1 0     8.4 0   285.8 0   962.7 0
 2019   9  1  9 11 10 11.167 105.88    -1.1 0     0.2 0     0.0 0     0.3 0   298.7 0   275.45 0   275.25 0   320.3 0   275.01 0   274.95 0     0.0 0     0.0 0     0.0 0   -21.6 0   -21.6 0     2.0 0    67.7 0     7.7 0   285.2 0   962.6 0
 2019   9  1  9 11 11 11.183 105.70    -1.1 0     0.3 0     0.1 0     0.4 0   297.9 0   275.44 0   275.23 0   319.6 0   275.00 0   274.93 0     0.0 0     0.0 0     0.0 0   -21.7 0   -21.7 0     2.0 0    68.9 0     6.3 0   277.9 0   962.6 0
 2019   9  1  9 11 12 11.200 105.52    -1.1 0     0.3 0     0.4 0     0.4 0   297.0 0   275.43 0   275.22 0   320.1 0   274.98 0   274.93 0     0.0 0     0.0 0     0.0 0   -23.2 0   -23.2 0     2.0 0    68.3 0     9.7 0   273.5 0   962.6 0
 2019   9  1  9 11 13 11.217 105.34    -1.1 0     0.1 0     0.4 0     0.3 0   297.2 0   275.42 0   275.22 0   319.7 0   274.98 0   274.93 0     0.0 0     0.0 0     0.0 0   -22.5 0   -22.5 0     2.0 0    67.8 0     8.6 0   274.7 0   962.6 0
 2019   9  1  9 11 14 11.233 105.16    -1.1 0     0.1 0     0.3 0     0.3 0   299.7 0   275.42 0   275.22 0   319.9 0   274.96 0   274.91 0     0.0 0     0.0 0     0.0 0   -20.2 0   -20.2 0     2.0 0    68.2 0     8.5 0   276.7 0   962.7 0
 2019   9  1  9 11 15 11.250 104.97    -1.1 0     0.2 0     0.3 0     0.4 0   298.4 0   275.42 0   275.21 0   319.4 0   274.96 0   274.90 0     0.0 0     0.0 0     0.0 0   -21.0 0   -21.0 0     2.0 0    68.3 0     6.8 0   278.2 0   962.6 0
 2019   9  1  9 11 16 11.267 104.79    -1.1 0     0.3 0     0.3 0     0.3 0   292.3 0   275.41 0   275.19 0   319.0 0   274.94 0   274.89 0     0.0 0     0.0 0     0.0 0   -26.7 0   -26.7 0     2.0 0    68.6 0     6.2 0   284.6 0   962.6 0
 2019   9  1  9 11 17 11.283 104.61    -1.1 0     0.3 0     0.4 0     0.4 0   289.1 0   275.39 0   275.15 0   318.5 0   274.93 0   274.88 0     0.0 0     0.0 0     0.0 0   -29.4 0   -29.4 0     2.0 0    68.7 0     6.1 0   280.0 0   962.6 0
 2019   9  1  9 11 18 11.300 104.43    -1.1 0     0.3 0     0.4 0     0.4 0   288.8 0   275.37 0   275.13 0   318.8 0   274.93 0   274.86 0     0.0 0     0.0 0     0.0 0   -30.0 0   -30.0 0     1.9 0    68.6 0     7.1 0   279.1 0   962.6 0
 2019   9  1  9 11 19 11.317 104.25    -1.1 0     0.3 0     0.4 0     0.4 0   289.2 0   275.35 0   275.13 0   318.9 0   274.91 0   274.85 0     0.0 0     0.0 0     0.0 0   -29.7 0   -29.7 0     1.9 0    68.1 0     6.6 0   274.4 0   962.6 0
 2019   9  1  9 11 20 11.333 104.07    -1.1 0     0.3 0     0.4 0     0.4 0   289.7 0   275.33 0   275.12 0   319.0 0   274.90 0   274.83 0     0.0 0     0.0 0     0.0 0   -29.3 0   -29.3 0     1.9 0    67.4 0     8.5 0   279.5 0   962.6 0
 2019   9  1  9 11 21 11.350 103.89    -1.1 0     0.1 0     0.2 0     0.4 0   289.9 0   275.32 0   275.12 0   319.2 0   274.88 0   274.83 0     0.0 0     0.0 0     0.0 0   -29.4 0   -29.4 0     1.9 0    66.4 0     9.3 0   279.3 0   962.6 0
 2019   9  1  9 11 22 11.367 103.71    -1.1 0     0.0 0     0.1 0     0.3 0   289.3 0   275.32 0   275.11 0   318.6 0   274.88 0   274.83 0     0.0 0     0.0 0     0.0 0   -29.3 0   -29.3 0     2.0 0    66.8 0     7.2 0   278.7 0   962.5 0
 2019   9  1  9 11 23 11.383 103.53    -1.1 0     0.3 0     0.4 0     0.3 0   288.6 0   275.32 0   275.09 0   318.8 0   274.88 0   274.81 0     0.0 0     0.0 0     0.0 0   -30.2 0   -30.2 0     1.9 0    67.3 0     8.2 0   281.3 0   962.6 0
 2019   9  1  9 11 24 11.400 103.35    -1.1 0     0.3 0     0.2 0     0.3 0   289.1 0   275.32 0   275.09 0   318.9 0   274.86 0   274.81 0     0.0 0     0.0 0     0.0 0   -29.8 0   -29.8 0     1.9 0    67.1 0     7.2 0   285.7 0   962.6 0
 2019   9  1  9 11 25 11.417 103.17    -1.2 0     0.3 0     0.1 0     0.4 0   289.9 0   275.30 0   275.08 0   318.9 0   274.86 0   274.80 0     0.0 0     0.0 0     0.0 0   -29.1 0   -29.1 0     1.9 0    66.9 0     7.8 0   282.5 0   962.6 0
 2019   9  1  9 11 26 11.433 102.98    -1.1 0     0.1 0     0.2 0     0.4 0   291.0 0   275.30 0   275.08 0   319.1 0   274.84 0   274.79 0     0.0 0     0.0 0     0.0 0   -28.1 0   -28.1 0     1.9 0    66.0 0     9.1 0   278.8 0   962.5 0
 2019   9  1  9 11 27 11.450 102.80    -1.2 0    -0.2 0     0.0 0     0.4 0   291.6 0   275.28 0   275.08 0   318.9 0   274.84 0   274.79 0     0.0 0     0.0 0     0.0 0   -27.3 0   -27.3 0     1.9 0    65.9 0     8.4 0   280.8 0   962.5 0
 2019   9  1  9 11 28 11.467 102.62    -1.3 0    -0.1 0     0.0 0     0.3 0   290.9 0   275.27 0   275.08 0   318.9 0   274.84 0   274.79 0     0.0 0     0.0 0     0.0 0   -28.0 0   -28.0 0     1.9 0    65.9 0     8.1 0   288.4 0   962.6 0
 2019   9  1  9 11 29 11.483 102.45    -1.5 0     0.0 0     0.0 0     0.4 0   291.1 0   275.27 0   275.08 0   318.4 0   274.84 0   274.78 0     0.0 0     0.0 0     0.0 0   -27.3 0   -27.3 0     1.9 0    66.6 0     6.6 0   280.0 0   962.5 0
 2019   9  1  9 11 30 11.500 102.27    -1.5 0     0.2 0     0.2 0     0.4 0   291.5 0   275.27 0   275.06 0   319.1 0   274.84 0   274.77 0     0.0 0     0.0 0     0.0 0   -27.6 0   -27.6 0     1.9 0    66.8 0     6.1 0   282.0 0   962.5 0
 2019   9  1  9 11 31 11.517 102.09    -1.2 0     0.1 0     0.4 0     0.4 0   292.0 0   275.27 0   275.04 0   318.2 0   274.82 0   274.76 0     0.0 0     0.0 0     0.0 0   -26.2 0   -26.2 0     1.9 0    66.9 0     7.2 0   280.2 0   962.5 0
 2019   9  1  9 11 32 11.533 101.91    -1.1 0     0.3 0     0.4 0     0.4 0   291.8 0   275.25 0   275.03 0   319.0 0   274.81 0   274.74 0     0.0 0     0.0 0     0.0 0   -27.2 0   -27.2 0     1.8 0    66.8 0     6.8 0   285.6 0   962.5 0
 2019   9  1  9 11 33 11.550 101.73    -1.1 0     0.1 0     0.4 0     0.4 0   291.9 0   275.24 0   275.03 0   319.1 0   274.80 0   274.74 0     0.0 0     0.0 0     0.0 0   -27.1 0   -27.1 0     1.8 0    66.5 0     7.1 0   285.6 0   962.5 0
 2019   9  1  9 11 34 11.567 101.55    -1.1 0     0.2 0     0.4 0     0.3 0   291.8 0   275.23 0   275.02 0   318.5 0   274.79 0   274.74 0     0.0 0     0.0 0     0.0 0   -26.7 0   -26.7 0     1.8 0    66.9 0     8.0 0   275.3 0   962.5 0
 2019   9  1  9 11 35 11.583 101.37    -1.2 0     0.0 0     0.2 0     0.2 0   291.1 0   275.22 0   275.03 0   319.2 0   274.79 0   274.74 0     0.0 0     0.0 0     0.0 0   -28.1 0   -28.1 0     1.8 0    66.2 0     8.0 0   287.0 0   962.5 0
 2019   9  1  9 11 36 11.600 101.19    -1.5 0     0.0 0     0.0 0     0.3 0   290.9 0   275.22 0   275.02 0   319.0 0   274.78 0   274.73 0     0.0 0     0.0 0     0.0 0   -28.1 0   -28.1 0     1.8 0    66.8 0     6.5 0   279.5 0   962.4 0
 2019   9  1  9 11 37 11.617 101.01    -1.2 0     0.3 0     0.4 0     0.4 0   290.8 0   275.22 0   274.99 0   318.4 0   274.76 0   274.71 0     0.0 0     0.0 0     0.0 0   -27.6 0   -27.6 0     1.8 0    67.6 0     7.0 0   286.9 0   962.4 0
 2019   9  1  9 11 38 11.633 100.84    -1.1 0     0.3 0     0.4 0     0.4 0   290.1 0   275.20 0   274.97 0   318.3 0   274.75 0   274.69 0     0.0 0     0.0 0     0.0 0   -28.2 0   -28.2 0     1.8 0    68.3 0     6.6 0   280.3 0   962.4 0
 2019   9  1  9 11 39 11.650 100.66    -1.1 0     0.3 0     0.4 0     0.4 0   290.8 0   275.19 0   274.96 0   318.2 0   274.74 0   274.69 0     0.0 0     0.0 0     0.0 0   -27.4 0   -27.4 0     1.8 0    67.1 0     8.8 0   269.3 0   962.4 0
 2019   9  1  9 11 40 11.667 100.48    -1.1 0     0.1 0     0.4 0     0.3 0   291.6 0   275.18 0   274.96 0   318.9 0   274.74 0   274.69 0     0.0 0     0.0 0     0.0 0   -27.2 0   -27.2 0     1.8 0    66.7 0     9.2 0   282.7 0   962.5 0
 2019   9  1  9 11 41 11.683 100.30    -1.2 0     0.0 0     0.4 0     0.3 0   291.9 0   275.18 0   274.96 0   318.7 0   274.73 0   274.67 0     0.0 0     0.0 0     0.0 0   -26.7 0   -26.7 0     1.8 0    67.2 0     7.8 0   286.9 0   962.5 0
 2019   9  1  9 11 42 11.700 100.12    -1.3 0     0.0 0     0.2 0     0.3 0   290.8 0   275.17 0   274.95 0   318.7 0   274.72 0   274.66 0     0.0 0     0.0 0     0.0 0   -27.9 0   -27.9 0     1.8 0    67.0 0     7.6 0   285.4 0   962.5 0
 2019   9  1  9 11 43 11.717  99.95    -1.2 0     0.0 0     0.3 0     0.4 0   290.6 0   275.15 0   274.93 0   318.5 0   274.71 0   274.66 0     0.0 0     0.0 0     0.0 0   -27.9 0   -27.9 0     1.8 0    67.1 0     7.1 0   281.2 0   962.5 0
 2019   9  1  9 11 44 11.733  99.77    -1.1 0     0.2 0     0.4 0     0.4 0   289.2 0   275.15 0   274.92 0   318.0 0   274.70 0   274.64 0     0.0 0     0.0 0     0.0 0   -28.8 0   -28.8 0     1.8 0    68.2 0     6.3 0   279.5 0   962.5 0
 2019   9  1  9 11 45 11.750  99.59    -1.1 0     0.3 0     0.4 0     0.4 0   285.6 0   275.13 0   274.89 0   318.1 0   274.69 0   274.64 0     0.0 0     0.0 0     0.0 0   -32.5 0   -32.5 0     1.7 0    68.3 0     6.0 0   287.3 0   962.5 0
 2019   9  1  9 11 46 11.767  99.42    -1.1 0     0.2 0     0.4 0     0.4 0   280.7 0   275.13 0   274.91 0   317.5 0   274.68 0   274.64 0     0.0 0     0.0 0     0.0 0   -36.8 0   -36.8 0     1.7 0    67.2 0     6.4 0   280.4 0   962.5 0
 2019   9  1  9 11 47 11.783  99.24    -1.2 0     0.0 0     0.2 0     0.4 0   280.2 0   275.13 0   274.90 0   318.1 0   274.67 0   274.62 0     0.0 0     0.0 0     0.0 0   -37.9 0   -37.9 0     1.7 0    66.9 0     7.4 0   285.8 0   962.5 0
 2019   9  1  9 11 48 11.800  99.06    -1.4 0     0.0 0     0.3 0     0.4 0   283.3 0   275.12 0   274.88 0   317.6 0   274.66 0   274.62 0     0.0 0     0.0 0     0.0 0   -34.3 0   -34.3 0     1.8 0    67.0 0     6.8 0   287.5 0   962.5 0
 2019   9  1  9 11 49 11.817  98.89    -1.4 0     0.0 0     0.3 0     0.4 0   282.6 0   275.11 0   274.88 0   317.9 0   274.66 0   274.61 0     0.0 0     0.0 0     0.0 0   -35.3 0   -35.3 0     1.8 0    67.0 0     6.1 0   290.9 0   962.5 0
 2019   9  1  9 11 50 11.833  98.71    -1.2 0     0.3 0     0.4 0     0.4 0   279.9 0   275.10 0   274.85 0   317.3 0   274.65 0   274.59 0     0.0 0     0.0 0     0.0 0   -37.4 0   -37.4 0     1.7 0    67.6 0     6.1 0   288.9 0   962.6 0
 2019   9  1  9 11 51 11.850  98.53    -1.1 0     0.1 0     0.4 0     0.4 0   282.5 0   275.08 0   274.84 0   317.7 0   274.64 0   274.59 0     0.0 0     0.0 0     0.0 0   -35.2 0   -35.2 0     1.7 0    67.1 0     6.6 0   283.6 0   962.5 0
 2019   9  1  9 11 52 11.867  98.36    -1.1 0     0.2 0     0.4 0     0.4 0   285.5 0   275.07 0   274.84 0   317.6 0   274.64 0   274.58 0     0.0 0     0.0 0     0.0 0   -32.2 0   -32.2 0     1.7 0    67.7 0     5.9 0   281.4 0   962.6 0
 2019   9  1  9 11 53 11.883  98.18    -1.2 0     0.2 0     0.4 0     0.4 0   284.5 0   275.05 0   274.84 0   317.8 0   274.63 0   274.57 0     0.0 0     0.0 0     0.0 0   -33.3 0   -33.3 0     1.7 0    67.3 0     6.0 0   289.4 0   962.5 0
 2019   9  1  9 11 54 11.900  98.01    -1.3 0     0.0 0     0.2 0     0.4 0   284.3 0   275.05 0   274.85 0   317.8 0   274.62 0   274.57 0     0.0 0     0.0 0     0.0 0   -33.5 0   -33.5 0     1.7 0    66.9 0     5.9 0   283.9 0   962.5 0
 2019   9  1  9 11 55 11.917  97.83    -1.3 0     0.1 0     0.2 0     0.4 0   283.6 0   275.05 0   274.83 0   317.6 0   274.62 0   274.55 0     0.0 0     0.0 0     0.0 0   -34.0 0   -34.0 0     1.7 0    68.1 0     4.2 0   289.8 0   962.5 0
 2019   9  1  9 11 56 11.933  97.66    -1.1 0     0.3 0     0.4 0     0.4 0   284.2 0   275.04 0   274.81 0   316.7 0   274.60 0   274.54 0     0.0 0     0.0 0     0.0 0   -32.6 0   -32.6 0     1.6 0    68.6 0     3.1 0   297.8 0   962.5 0
 2019   9  1  9 11 57 11.950  97.48    -1.1 0     0.3 0     0.3 0     0.4 0   283.1 0   275.03 0   274.81 0   317.4 0   274.59 0   274.53 0     0.0 0     0.0 0     0.0 0   -34.3 0   -34.3 0     1.6 0    67.9 0     5.6 0   292.8 0   962.6 0
 2019   9  1  9 11 58 11.967  97.31    -1.1 0     0.0 0     0.1 0     0.4 0   281.8 0   275.03 0   274.81 0   317.3 0   274.58 0   274.54 0     0.0 0     0.0 0     0.0 0   -35.4 0   -35.4 0     1.7 0    67.0 0     6.4 0   294.3 0   962.6 0
 2019   9  1  9 11 59 11.983  97.13    -1.1 0     0.0 0     0.0 0     0.4 0   282.2 0   275.02 0   274.80 0   317.6 0   274.57 0   274.52 0     0.0 0     0.0 0     0.0 0   -35.3 0   -35.3 0     1.7 0    67.2 0     5.4 0   297.0 0   962.6 0
 2019   9  1  9 12  0 12.000  96.96    -1.1 0     0.0 0     0.0 0     0.4 0   282.2 0   275.00 0   274.79 0   317.4 0   274.57 0   274.52 0     0.0 0     0.0 0     0.0 0   -35.2 0   -35.2 0     1.7 0    67.4 0     4.6 0   301.3 0   962.6 0
 2019   9  1  9 12  1 12.017  96.79    -1.1 0     0.2 0     0.2 0     0.4 0   283.7 0   275.00 0   274.77 0   316.8 0   274.56 0   274.50 0     0.0 0     0.0 0     0.0 0   -33.1 0   -33.1 0     1.6 0    68.1 0     4.1 0   284.5 0   962.6 0
 2019   9  1  9 12  2 12.033  96.61    -1.1 0     0.3 0     0.4 0     0.4 0   284.2 0   274.98 0   274.76 0   317.3 0   274.54 0   274.49 0     0.0 0     0.0 0     0.0 0   -33.1 0   -33.1 0     1.6 0    68.0 0     6.1 0   287.0 0   962.7 0
 2019   9  1  9 12  3 12.050  96.44    -1.1 0     0.0 0     0.4 0     0.4 0   283.8 0   274.98 0   274.77 0   317.3 0   274.54 0   274.49 0     0.0 0     0.0 0     0.0 0   -33.5 0   -33.5 0     1.6 0    67.3 0     5.1 0   281.7 0   962.6 0
 2019   9  1  9 12  4 12.067  96.26    -1.1 0    -0.2 0     0.4 0     0.4 0   281.0 0   274.98 0   274.79 0   317.4 0   274.54 0   274.50 0     0.0 0     0.0 0     0.0 0   -36.4 0   -36.4 0     1.7 0    66.8 0     5.8 0   280.5 0   962.6 0
 2019   9  1  9 12  5 12.083  96.09    -1.1 0     0.0 0     0.4 0     0.4 0   278.1 0   274.98 0   274.77 0   316.8 0   274.54 0   274.48 0     0.0 0     0.0 0     0.0 0   -38.7 0   -38.7 0     1.6 0    67.5 0     4.9 0   287.1 0   962.6 0
 2019   9  1  9 12  6 12.100  95.92    -1.1 0     0.0 0     0.4 0     0.4 0   277.9 0   274.98 0   274.76 0   316.9 0   274.53 0   274.47 0     0.0 0     0.0 0     0.4 0   -39.1 0   -38.7 0     1.6 0    67.4 0     4.2 0   279.2 0   962.6 0
 2019   9  1  9 12  7 12.117  95.75    -1.1 0     0.0 0     0.4 0     0.4 0   274.3 0   274.98 0   274.74 0   316.9 0   274.52 0   274.45 0     0.0 0     0.0 0     0.4 0   -42.5 0   -42.2 0     1.6 0    67.6 0     4.4 0   288.5 0   962.6 0
 2019   9  1  9 12  8 12.133  95.57    -1.1 0     0.1 0     0.4 0     0.4 0   270.5 0   274.96 0   274.72 0   315.9 0   274.50 0   274.45 0     0.0 0     0.1 0     0.3 0   -45.5 0   -45.1 0     1.6 0    67.6 0     4.6 0   288.7 0   962.6 0
 2019   9  1  9 12  9 12.150  95.40    -1.1 0     0.3 0     0.7 0     0.4 0   269.8 0   274.94 0   274.68 0   315.7 0   274.50 0   274.44 0     0.0 0     0.1 0     0.1 0   -45.8 0   -45.7 0     1.6 0    68.0 0     5.3 0   282.6 0   962.6 0
 2019   9  1  9 12 10 12.167  95.23    -1.1 0     0.2 0     0.6 0     0.4 0   265.8 0   274.93 0   274.69 0   316.5 0   274.48 0   274.43 0     0.0 0     0.1 0     0.2 0   -50.7 0   -50.6 0     1.6 0    67.2 0     6.6 0   292.2 0   962.6 0
 2019   9  1  9 12 11 12.183  95.06    -1.1 0     0.0 0     0.4 0     0.4 0   266.8 0   274.93 0   274.69 0   316.3 0   274.47 0   274.42 0     0.0 0     0.1 0     0.4 0   -49.5 0   -49.1 0     1.6 0    66.8 0     6.8 0   284.3 0   962.6 0
 2019   9  1  9 12 12 12.200  94.88    -1.4 0    -0.1 0     0.4 0     0.4 0   274.9 0   274.93 0   274.70 0   317.2 0   274.47 0   274.42 0     0.0 0     0.2 0     0.4 0   -42.3 0   -41.9 0     1.6 0    66.4 0     6.3 0   303.3 0   962.6 0
 2019   9  1  9 12 13 12.217  94.71    -1.4 0     0.0 0     0.3 0     0.4 0   280.8 0   274.93 0   274.69 0   316.6 0   274.47 0   274.42 0     0.0 0     0.2 0     0.4 0   -35.8 0   -35.4 0     1.6 0    66.8 0     4.8 0   310.0 0   962.6 0
 2019   9  1  9 12 14 12.233  94.54    -1.1 0     0.0 0     0.1 0     0.4 0   276.7 0   274.91 0   274.69 0   317.1 0   274.46 0   274.42 0     0.0 0     0.2 0     0.4 0   -40.4 0   -40.0 0     1.6 0    66.7 0     5.3 0   303.6 0   962.6 0
 2019   9  1  9 12 15 12.250  94.37    -1.1 0     0.0 0     0.0 0     0.4 0   277.7 0   274.91 0   274.69 0   316.0 0   274.45 0   274.41 0     0.0 0     0.2 0     0.4 0   -38.3 0   -37.9 0     1.6 0    66.7 0     3.9 0   289.4 0   962.6 0
 2019   9  1  9 12 16 12.267  94.20    -1.1 0     0.1 0     0.0 0     0.4 0   285.3 0   274.91 0   274.69 0   316.7 0   274.45 0   274.40 0     0.0 0     0.2 0     0.3 0   -31.4 0   -31.1 0     1.6 0    67.0 0     4.0 0   290.8 0   962.6 0
 2019   9  1  9 12 17 12.283  94.03    -1.1 0     0.2 0     0.0 0     0.4 0   289.0 0   274.89 0   274.69 0   317.0 0   274.45 0   274.40 0     0.0 0     0.2 0     0.1 0   -28.0 0   -27.9 0     1.6 0    66.9 0     4.5 0   284.5 0   962.6 0
 2019   9  1  9 12 18 12.300  93.86    -1.1 0     0.1 0     0.0 0     0.4 0   294.1 0   274.88 0   274.71 0   317.6 0   274.44 0   274.40 0     0.0 0     0.2 0     0.3 0   -23.5 0   -23.1 0     1.6 0    66.7 0     6.0 0   289.4 0   962.6 0
 2019   9  1  9 12 19 12.317  93.69    -1.1 0     0.0 0     0.0 0     0.4 0   295.6 0   274.90 0   274.73 0   317.5 0   274.44 0   274.40 0     0.0 0     0.2 0     0.4 0   -21.9 0   -21.6 0     1.6 0    66.7 0     5.3 0   290.4 0   962.6 0
 2019   9  1  9 12 20 12.333  93.52    -1.0 0     0.0 0     0.0 0     0.4 0   292.8 0   274.91 0   274.73 0   316.9 0   274.45 0   274.40 0     0.0 0     0.2 0     0.4 0   -24.1 0   -23.8 0     1.6 0    66.8 0     4.1 0   291.6 0   962.6 0
 2019   9  1  9 12 21 12.350  93.35    -0.8 0     0.1 0     0.0 0     0.4 0   291.3 0   274.91 0   274.71 0   317.1 0   274.44 0   274.39 0     0.0 0     0.2 0     0.3 0   -25.8 0   -25.5 0     1.6 0    66.9 0     4.0 0   296.0 0   962.6 0
 2019   9  1  9 12 22 12.367  93.18    -0.8 0     0.1 0     0.2 0     0.4 0   289.0 0   274.91 0   274.71 0   318.2 0   274.43 0   274.38 0     0.0 0     0.2 0     0.3 0   -29.2 0   -28.8 0     1.6 0    66.7 0     4.4 0   287.1 0   962.6 0
 2019   9  1  9 12 23 12.383  93.01    -0.6 0     0.3 0     0.4 0     1.0 0   287.2 0   274.91 0   274.71 0   316.6 0   274.43 0   274.37 0     0.0 0     0.2 0     0.7 0   -29.4 0   -28.8 0     1.6 0    67.1 0     4.3 0   295.0 0   962.7 0
 2019   9  1  9 12 24 12.400  92.84    -0.4 0     0.3 0     0.4 0     1.1 0   286.3 0   274.91 0   274.70 0   317.4 0   274.42 0   274.37 0     0.0 0     0.3 0     0.8 0   -31.1 0   -30.3 0     1.5 0    66.8 0     5.0 0   281.7 0   962.6 0
 2019   9  1  9 12 25 12.417  92.67    -0.4 0     0.3 0     0.4 0     1.1 0   285.4 0   274.90 0   274.69 0   316.6 0   274.42 0   274.37 0     0.0 0     0.5 0     0.8 0   -31.2 0   -30.5 0     1.5 0    67.2 0     3.9 0   293.2 0   962.6 0
 2019   9  1  9 12 26 12.433  92.51    -0.1 0     0.3 0     0.4 0     1.1 0   282.1 0   274.88 0   274.69 0   316.6 0   274.41 0   274.37 0     0.0 0     0.6 0     0.8 0   -34.5 0   -33.7 0     1.6 0    66.7 0     5.6 0   305.9 0   962.6 0
 2019   9  1  9 12 27 12.450  92.34     0.0 0     0.3 0     0.4 0     1.1 0   278.9 0   274.88 0   274.68 0   317.5 0   274.41 0   274.36 0     0.0 0     0.6 0     0.8 0   -38.6 0   -37.8 0     1.6 0    67.1 0     4.6 0   305.1 0   962.7 0
 2019   9  1  9 12 28 12.467  92.17     0.1 0     0.3 0     0.4 0     1.6 0   275.3 0   274.88 0   274.65 0   315.5 0   274.40 0   274.35 0     0.0 0     0.6 0     1.2 0   -40.2 0   -39.0 0     1.5 0    68.1 0     3.1 0   295.0 0   962.7 0
 2019   9  1  9 12 29 12.483  92.00     0.4 0     0.3 0     0.4 0     1.9 0   277.2 0   274.87 0   274.64 0   316.1 0   274.39 0   274.35 0     0.0 0     0.9 0     1.5 0   -38.9 0   -37.3 0     1.5 0    67.4 0     3.3 0   295.8 0   962.6 0
 2019   9  1  9 12 30 12.500  91.83     0.8 0     0.3 0     0.4 0     1.9 0   274.1 0   274.86 0   274.64 0   316.1 0   274.39 0   274.34 0     0.0 0     1.0 0     1.5 0   -42.0 0   -40.5 0     1.5 0    67.4 0     2.5 0   281.4 0   962.6 0
 2019   9  1  9 12 31 12.517  91.67     0.8 0     0.3 0     0.4 0     2.0 0   265.2 0   274.84 0   274.60 0   314.9 0   274.38 0   274.32 0     0.0 0     1.0 0     1.6 0   -49.7 0   -48.1 0     1.5 0    67.7 0     3.3 0   285.7 0   962.6 0
 2019   9  1  9 12 32 12.533  91.50     1.1 0     0.3 0     0.4 0     2.6 0   257.5 0   274.83 0   274.57 0   313.3 0   274.36 0   274.30 0     0.0 0     1.1 0     2.3 0   -55.8 0   -53.5 0     1.5 0    67.9 0     3.4 0   285.5 0   962.6 0
 2019   9  1  9 12 33 12.550  91.33     1.6 0     0.3 0     0.4 0     2.8 0   259.8 0   274.82 0   274.54 0   313.8 0   274.35 0   274.30 0     0.0 0     1.4 0     2.4 0   -54.0 0   -51.6 0     1.4 0    68.4 0     2.3 0   310.4 0   962.6 0
 2019   9  1  9 12 34 12.567  91.17     1.9 0     0.3 0     0.4 0     3.4 0   258.8 0   274.79 0   274.54 0   314.0 0   274.35 0   274.28 0     0.0 0     1.6 0     3.0 0   -55.2 0   -52.2 0     1.4 0    67.6 0     3.3 0   305.3 0   962.7 0
 2019   9  1  9 12 35 12.583  91.00     2.1 0     0.3 0     0.3 0     3.4 0   257.2 0   274.78 0   274.54 0   316.0 0   274.33 0   274.28 0     0.0 0     1.8 0     3.1 0   -58.9 0   -55.8 0     1.5 0    66.4 0     6.2 0   301.3 0   962.7 0
 2019   9  1  9 12 36 12.600  90.83     2.3 0     0.3 0     0.0 0     3.7 0   259.1 0   274.76 0   274.54 0   315.8 0   274.32 0   274.28 0     0.0 0     1.9 0     3.3 0   -56.7 0   -53.4 0     1.5 0    65.0 0     6.0 0   300.7 0   962.7 0
 2019   9  1  9 12 37 12.617  89.93     2.3 0     0.3 0     0.0 0     4.2 0   261.5 0   274.76 0   274.53 0   314.4 0   274.32 0   274.26 0     0.2 0     2.1 0     3.8 0   -52.9 0   -49.1 0     1.5 0    65.6 0     4.7 0   293.0 0   962.7 0
 2019   9  1  9 12 38 12.633  89.82     2.7 0     0.6 0     0.0 0     4.2 0   267.2 0   274.76 0   274.54 0   315.9 0   274.30 0   274.25 0     0.2 0     2.2 0     3.5 0   -48.8 0   -45.2 0     1.4 0    64.5 0     6.1 0   301.5 0   962.8 0
 2019   9  1  9 12 39 12.650  89.70     2.6 0     0.4 0     0.0 0     4.2 0   266.8 0   274.76 0   274.54 0   315.4 0   274.30 0   274.26 0     0.2 0     2.2 0     3.8 0   -48.6 0   -44.8 0     1.5 0    62.5 0     6.8 0   299.5 0   962.8 0
 2019   9  1  9 12 40 12.667  89.57     2.6 0     0.3 0     0.0 0     4.2 0   262.8 0   274.76 0   274.54 0   315.6 0   274.30 0   274.27 0     0.3 0     2.3 0     3.8 0   -52.8 0   -49.0 0     1.5 0    62.3 0     6.4 0   282.1 0   962.8 0
 2019   9  1  9 12 41 12.683  89.45     3.0 0     0.4 0     0.0 0     4.6 0   263.3 0   274.76 0   274.54 0   316.0 0   274.30 0   274.25 0     0.3 0     2.6 0     4.2 0   -52.7 0   -48.5 0     1.5 0    62.0 0     6.3 0   305.3 0   962.8 0
 2019   9  1  9 12 42 12.700  89.32     3.0 0     0.7 0     0.0 0     4.9 0   265.7 0   274.76 0   274.54 0   315.3 0   274.30 0   274.25 0     0.4 0     2.6 0     4.2 0   -49.6 0   -45.4 0     1.4 0    61.5 0     6.2 0   302.6 0   962.8 0
 2019   9  1  9 12 43 12.717  89.18     3.4 0     0.7 0     0.0 0     4.9 0   265.3 0   274.76 0   274.54 0   315.4 0   274.30 0   274.25 0     0.4 0     2.7 0     4.2 0   -50.1 0   -45.9 0     1.4 0    61.0 0     6.5 0   282.2 0   962.9 0
 2019   9  1  9 12 44 12.733  89.05     3.6 0     0.7 0     0.0 0     5.1 0   262.3 0   274.76 0   274.54 0   314.9 0   274.29 0   274.25 0     0.4 0     2.9 0     4.4 0   -52.6 0   -48.2 0     1.4 0    61.0 0     7.8 0   301.0 0   962.9 0
 2019   9  1  9 12 45 12.750  88.91     3.8 0     0.9 0     0.0 0     5.7 0   270.1 0   274.76 0   274.54 0   316.0 0   274.29 0   274.25 0     0.4 0     3.0 0     4.8 0   -45.8 0   -41.0 0     1.4 0    61.4 0     6.0 0   291.7 0   962.9 0
 2019   9  1  9 12 46 12.767  88.77     3.8 0     0.9 0     0.0 0     5.7 0   275.2 0   274.76 0   274.54 0   316.9 0   274.28 0   274.25 0     0.4 0     3.1 0     4.8 0   -41.6 0   -36.9 0     1.4 0    61.4 0     8.3 0   295.0 0   962.9 0
 2019   9  1  9 12 47 12.783  88.63     4.3 0     1.0 0     0.0 0     5.8 0   275.8 0   274.76 0   274.54 0   316.2 0   274.28 0   274.23 0     0.4 0     3.4 0     4.8 0   -40.4 0   -35.6 0     1.4 0    61.8 0     6.4 0   281.0 0   963.0 0
 2019   9  1  9 12 48 12.800  88.48     4.6 0     1.0 0     0.0 0     6.4 0   276.6 0   274.76 0   274.54 0   316.6 0   274.27 0   274.23 0     0.5 0     3.4 0     5.4 0   -40.0 0   -34.7 0     1.4 0    62.1 0     6.5 0   294.5 0   963.0 0
 2019   9  1  9 12 49 12.817  88.34     4.7 0     1.0 0     0.0 0     6.4 0   281.4 0   274.76 0   274.56 0   316.7 0   274.27 0   274.23 0     0.5 0     3.4 0     5.4 0   -35.3 0   -29.9 0     1.4 0    61.9 0     5.2 0   297.5 0   963.0 0
 2019   9  1  9 12 50 12.833  88.19     4.5 0     1.0 0     0.0 0     6.4 0   284.8 0   274.76 0   274.56 0   316.4 0   274.26 0   274.22 0     0.4 0     3.4 0     5.4 0   -31.6 0   -26.2 0     1.4 0    62.2 0     5.5 0   283.4 0   963.0 0
 2019   9  1  9 12 51 12.850  88.05     4.5 0     1.0 0     0.0 0     6.4 0   288.1 0   274.76 0   274.54 0   317.3 0   274.26 0   274.20 0     0.5 0     3.4 0     5.4 0   -29.2 0   -23.8 0     1.3 0    62.7 0     5.1 0   300.3 0   963.0 0
 2019   9  1  9 12 52 12.867  87.90     4.8 0     1.0 0     0.0 0     6.4 0   288.7 0   274.75 0   274.55 0   316.8 0   274.25 0   274.20 0     0.5 0     3.5 0     5.4 0   -28.1 0   -22.7 0     1.3 0    62.6 0     5.9 0   299.9 0   963.0 0
 2019   9  1  9 12 53 12.883  87.75     4.5 0     1.0 0     0.0 0     6.3 0   292.0 0   274.74 0   274.55 0   316.7 0   274.25 0   274.20 0     0.5 0     3.4 0     5.3 0   -24.7 0   -19.4 0     1.3 0    63.1 0     4.8 0   288.9 0   963.1 0
 2019   9  1  9 12 54 12.900  87.60     4.8 0     1.0 0     0.2 0     6.4 0   292.7 0   274.73 0   274.54 0   316.6 0   274.24 0   274.19 0     0.5 0     3.4 0     5.4 0   -23.9 0   -18.5 0     1.3 0    63.5 0     4.0 0   301.3 0   963.1 0
 2019   9  1  9 12 55 12.917  87.45     5.3 0     1.0 0     0.3 0     6.7 0   291.4 0   274.73 0   274.54 0   316.1 0   274.23 0   274.18 0     0.5 0     3.7 0     5.7 0   -24.6 0   -18.9 0     1.3 0    63.5 0     3.1 0   291.9 0   963.1 0
 2019   9  1  9 12 56 12.933  87.30     5.7 0     1.0 0     0.3 0     7.1 0   293.9 0   274.73 0   274.54 0   316.9 0   274.23 0   274.17 0     0.6 0     3.9 0     6.1 0   -23.1 0   -16.9 0     1.3 0    63.1 0     3.5 0   287.9 0   963.1 0
 2019   9  1  9 12 57 12.950  87.15     5.1 0     1.0 0     0.3 0     6.4 0   296.6 0   274.73 0   274.54 0   317.6 0   274.22 0   274.17 0     0.5 0     3.5 0     5.4 0   -21.0 0   -15.6 0     1.3 0    63.1 0     6.0 0   291.7 0   963.1 0
 2019   9  1  9 12 58 12.967  87.00     5.1 0     1.0 0     0.4 0     6.4 0   295.9 0   274.73 0   274.54 0   317.6 0   274.21 0   274.15 0     0.5 0     3.5 0     5.4 0   -21.7 0   -16.3 0     1.3 0    63.6 0     5.8 0   293.9 0   963.1 0
 2019   9  1  9 12 59 12.983  86.85     5.6 0     1.0 0     0.4 0     7.0 0   294.8 0   274.71 0   274.54 0   316.1 0   274.20 0   274.15 0     0.6 0     3.9 0     6.0 0   -21.3 0   -15.3 0     1.3 0    63.9 0     4.4 0   292.4 0   963.1 0
 2019   9  1  9 13  0 13.000  86.70     5.6 0     1.0 0     0.4 0     7.2 0   296.5 0   274.71 0   274.53 0   316.8 0   274.20 0   274.15 0     0.6 0     3.8 0     6.2 0   -20.3 0   -14.1 0     1.3 0    64.6 0     4.3 0   286.1 0   963.2 0
 2019   9  1  9 13  1 13.017  86.55     5.3 0     1.0 0     0.4 0     6.7 0   298.3 0   274.71 0   274.52 0   317.4 0   274.19 0   274.14 0     0.5 0     3.5 0     5.7 0   -19.0 0   -13.4 0     1.2 0    64.5 0     3.9 0   285.0 0   963.2 0
 2019   9  1  9 13  2 13.033  86.40     5.1 0     1.0 0     0.4 0     6.4 0   298.5 0   274.69 0   274.50 0   316.6 0   274.18 0   274.13 0     0.5 0     3.4 0     5.4 0   -18.1 0   -12.7 0     1.2 0    64.6 0     4.5 0   314.0 0   963.2 0
 2019   9  1  9 13  3 13.050  86.25     5.3 0     1.0 0     0.4 0     6.4 0   298.4 0   274.69 0   274.49 0   316.5 0   274.17 0   274.12 0     0.6 0     3.6 0     5.4 0   -18.1 0   -12.7 0     1.2 0    64.5 0     5.9 0   304.1 0   963.3 0
 2019   9  1  9 13  4 13.067  86.10     6.5 0     1.2 0     0.4 0     7.6 0   297.9 0   274.69 0   274.49 0   317.2 0   274.16 0   274.13 0     0.6 0     3.9 0     6.4 0   -19.3 0   -12.9 0     1.2 0    64.1 0     8.1 0   311.2 0   963.3 0
 2019   9  1  9 13  5 13.083  85.94     7.8 0     1.7 0     0.4 0     8.5 0   296.9 0   274.68 0   274.49 0   317.2 0   274.15 0   274.11 0     0.7 0     4.3 0     6.8 0   -20.3 0   -13.5 0     1.2 0    64.0 0     6.5 0   315.1 0   963.3 0
 2019   9  1  9 13  6 13.100  85.79     7.5 0     1.4 0     0.4 0     8.3 0   296.9 0   274.66 0   274.49 0   317.8 0   274.15 0   274.10 0     0.8 0     4.3 0     7.0 0   -20.9 0   -14.0 0     1.2 0    64.0 0     5.9 0   311.8 0   963.3 0
 2019   9  1  9 13  7 13.117  85.64     7.1 0     1.2 0     0.4 0     8.2 0   296.8 0   274.66 0   274.49 0   317.2 0   274.15 0   274.10 0     0.7 0     4.3 0     7.0 0   -20.4 0   -13.4 0     1.2 0    64.0 0     6.2 0   314.8 0   963.4 0
 2019   9  1  9 13  8 13.133  85.49     7.6 0     1.5 0     0.4 0     8.5 0   297.5 0   274.66 0   274.49 0   317.5 0   274.15 0   274.10 0     0.8 0     4.4 0     7.0 0   -20.0 0   -13.0 0     1.2 0    63.9 0     5.1 0   297.7 0   963.4 0
 2019   9  1  9 13  9 13.150  85.34     7.9 0     1.7 0     0.4 0     9.1 0   298.6 0   274.66 0   274.49 0   316.9 0   274.15 0   274.10 0     0.8 0     4.5 0     7.4 0   -18.2 0   -10.9 0     1.2 0    64.3 0     5.7 0   315.2 0   963.4 0
 2019   9  1  9 13 10 13.167  85.19     7.9 0     1.7 0     0.4 0     9.1 0   298.6 0   274.66 0   274.47 0   316.8 0   274.13 0   274.08 0     0.7 0     4.6 0     7.4 0   -18.1 0   -10.8 0     1.2 0    65.0 0     4.0 0   296.5 0   963.4 0
 2019   9  1  9 13 11 13.183  85.03     8.2 0     1.7 0     0.4 0     9.4 0   298.5 0   274.64 0   274.46 0   317.1 0   274.13 0   274.08 0     0.7 0     4.7 0     7.7 0   -18.5 0   -10.8 0     1.2 0    65.3 0     3.7 0   300.2 0   963.4 0
 2019   9  1  9 13 12 13.200  84.88     9.5 0     2.0 0     0.4 0    10.6 0   298.8 0   274.64 0   274.47 0   317.2 0   274.11 0   274.07 0     0.7 0     5.1 0     8.6 0   -18.4 0    -9.8 0     1.2 0    65.0 0     3.2 0   303.8 0   963.4 0
 2019   9  1  9 13 13 13.217  84.73    11.2 0     2.4 0     0.4 0    12.2 0   298.2 0   274.64 0   274.45 0   316.4 0   274.11 0   274.06 0     0.8 0     5.9 0     9.8 0   -18.1 0    -8.3 0     1.1 0    65.8 0     3.1 0   301.0 0   963.5 0
 2019   9  1  9 13 14 13.233  84.58    12.4 0     2.4 0     0.4 0    13.5 0   296.8 0   274.62 0   274.45 0   317.0 0   274.11 0   274.06 0     0.8 0     6.3 0    11.1 0   -20.3 0    -9.2 0     1.1 0    65.3 0     5.1 0   282.2 0   963.5 0
 2019   9  1  9 13 15 13.250  84.43    12.1 0     2.4 0     0.4 0    13.4 0   295.8 0   274.61 0   274.44 0   316.5 0   274.10 0   274.06 0     0.9 0     6.4 0    11.0 0   -20.7 0    -9.7 0     1.1 0    65.5 0     3.6 0   284.4 0   963.5 0
 2019   9  1  9 13 16 13.267  84.28    13.2 0     2.4 0     0.4 0    14.3 0   293.9 0   274.61 0   274.42 0   316.6 0   274.08 0   274.04 0     1.1 0     7.0 0    11.9 0   -22.7 0   -10.9 0     1.1 0    65.6 0     4.5 0   298.4 0   963.5 0
 2019   9  1  9 13 17 13.283  84.13    14.6 0     2.9 0     0.4 0    15.6 0   293.8 0   274.59 0   274.42 0   316.9 0   274.08 0   274.03 0     1.2 0     7.7 0    12.8 0   -23.1 0   -10.3 0     1.1 0    65.6 0     4.3 0   297.1 0   963.6 0
 2019   9  1  9 13 18 13.300  83.98    15.5 0     3.1 0     0.4 0    16.6 0   294.3 0   274.59 0   274.42 0   316.6 0   274.07 0   274.03 0     1.2 0     8.1 0    13.5 0   -22.3 0    -8.8 0     1.1 0    65.6 0     5.0 0   295.6 0   963.6 0
 2019   9  1  9 13 19 13.317  83.83    16.5 0     3.1 0     0.4 0    17.6 0   294.7 0   274.59 0   274.42 0   316.8 0   274.06 0   274.03 0     1.2 0     8.4 0    14.5 0   -22.1 0    -7.6 0     1.1 0    65.1 0     5.7 0   299.2 0   963.6 0
 2019   9  1  9 13 20 13.333  83.68    17.5 0     3.5 0     0.4 0    18.6 0   293.4 0   274.59 0   274.42 0   316.7 0   274.05 0   274.03 0     1.2 0     8.9 0    15.1 0   -23.3 0    -8.1 0     1.1 0    65.1 0     4.2 0   290.1 0   963.6 0
 2019   9  1  9 13 21 13.350  83.53    20.6 0     4.0 0     0.4 0    21.6 0   290.8 0   274.59 0   274.42 0   316.5 0   274.05 0   274.02 0     1.5 0    10.4 0    17.6 0   -25.8 0    -8.2 0     1.1 0    65.4 0     5.4 0   292.7 0   963.6 0
 2019   9  1  9 13 22 13.367  83.38    21.8 0     4.5 0     0.4 0    23.0 0   291.6 0   274.59 0   274.42 0   316.9 0   274.05 0   274.01 0     1.6 0    10.8 0    18.5 0   -25.3 0    -6.8 0     1.1 0    65.7 0     5.0 0   301.3 0   963.6 0
 2019   9  1  9 13 23 13.383  83.23    24.0 0     4.9 0     0.4 0    24.9 0   293.2 0   274.59 0   274.42 0   316.8 0   274.05 0   274.00 0     1.7 0    11.5 0    20.0 0   -23.6 0    -3.6 0     1.1 0    66.1 0     4.2 0   293.9 0   963.6 0
 2019   9  1  9 13 24 13.400  83.08    27.6 0     5.9 0     0.4 0    28.5 0   296.0 0   274.58 0   274.42 0   317.4 0   274.05 0   274.01 0     1.5 0    12.6 0    22.6 0   -21.5 0     1.1 0     1.1 0    66.2 0     3.6 0   301.0 0   963.6 0
 2019   9  1  9 13 25 13.417  82.93    25.8 0     5.6 0     0.3 0    27.1 0   297.3 0   274.56 0   274.42 0   317.3 0   274.05 0   274.01 0     1.3 0    11.7 0    21.5 0   -20.0 0     1.5 0     1.1 0    66.4 0     2.5 0   307.0 0   963.6 0
 2019   9  1  9 13 26 13.433  82.78    22.8 0     4.8 0     0.4 0    24.0 0   296.0 0   274.57 0   274.41 0   317.0 0   274.04 0   274.01 0     1.3 0    10.8 0    19.2 0   -21.0 0    -1.7 0     1.1 0    66.1 0     2.9 0   294.1 0   963.6 0
 2019   9  1  9 13 27 13.450  82.64    25.7 0     5.3 0     0.4 0    26.5 0   292.9 0   274.57 0   274.40 0   316.8 0   274.03 0   274.01 0     1.7 0    12.4 0    21.2 0   -23.9 0    -2.7 0     1.1 0    66.6 0     2.8 0   313.7 0   963.7 0
 2019   9  1  9 13 28 13.467  82.49    32.2 0     6.4 0     0.2 0    32.6 0   290.3 0   274.56 0   274.41 0   317.1 0   274.03 0   274.01 0     2.1 0    15.0 0    26.2 0   -26.7 0    -0.6 0     1.1 0    66.4 0     5.8 0   316.7 0   963.6 0
 2019   9  1  9 13 29 13.483  82.34    39.3 0     7.7 0     0.1 0    39.5 0   290.5 0   274.56 0   274.42 0   317.6 0   274.03 0   274.01 0     2.3 0    17.7 0    31.8 0   -27.1 0     4.6 0     1.1 0    66.2 0     4.5 0   311.5 0   963.6 0
 2019   9  1  9 13 30 13.500  82.19    47.6 0     9.8 0     0.2 0    47.5 0   291.7 0   274.56 0   274.44 0   317.2 0   274.03 0   274.00 0     2.4 0    20.7 0    37.8 0   -25.5 0    12.3 0     1.1 0    67.1 0     3.3 0   281.8 0   963.6 0
 2019   9  1  9 13 31 13.517  82.05    56.1 0    12.0 0     0.1 0    56.1 0   293.4 0   274.56 0   274.44 0   318.1 0   274.03 0   274.00 0     2.2 0    23.5 0    44.1 0   -24.6 0    19.5 0     1.1 0    67.8 0     3.1 0   289.6 0   963.6 0
 2019   9  1  9 13 32 13.533  81.90    60.4 0    13.0 0     0.0 0    60.4 0   293.4 0   274.57 0   274.46 0   317.8 0   274.03 0   274.00 0     2.2 0    25.4 0    47.4 0   -24.4 0    23.0 0     1.1 0    67.3 0     2.9 0   294.6 0   963.6 0
 2019   9  1  9 13 33 13.550  81.75    66.8 0    14.3 0     0.0 0    66.7 0   291.9 0   274.59 0   274.48 0   317.9 0   274.03 0   274.02 0     2.3 0    27.8 0    52.4 0   -26.0 0    26.3 0     1.1 0    66.9 0     3.1 0   280.5 0   963.6 0
 2019   9  1  9 13 34 13.567  81.61    63.1 0    13.2 0     0.0 0    63.9 0   289.3 0   274.59 0   274.49 0   318.3 0   274.03 0   274.02 0     2.5 0    26.8 0    50.7 0   -29.0 0    21.6 0     1.1 0    66.8 0     3.5 0   314.8 0   963.6 0
 2019   9  1  9 13 35 13.583  81.46    62.6 0    12.9 0     0.0 0    62.9 0   288.0 0   274.60 0   274.49 0   318.3 0   274.04 0   274.03 0     2.7 0    26.9 0    49.9 0   -30.3 0    19.7 0     1.1 0    66.1 0     3.2 0   313.2 0   963.6 0
 2019   9  1  9 13 36 13.600  81.32    67.3 0    13.9 0     0.0 0    67.5 0   286.7 0   274.61 0   274.50 0   318.1 0   274.04 0   274.03 0     2.9 0    28.8 0    53.6 0   -31.4 0    22.2 0     1.1 0    65.9 0     4.4 0   293.0 0   963.6 0
 2019   9  1  9 13 37 13.617  81.17    71.8 0    14.9 0     0.0 0    71.7 0   285.4 0   274.61 0   274.52 0   318.3 0   274.05 0   274.04 0     3.1 0    30.5 0    56.8 0   -32.9 0    23.9 0     1.1 0    65.9 0     4.8 0   290.9 0   963.6 0
 2019   9  1  9 13 38 13.633  81.03    81.4 0    17.1 0     0.0 0    81.0 0   284.7 0   274.64 0   274.54 0   318.3 0   274.05 0   274.05 0     3.3 0    34.1 0    63.9 0   -33.5 0    30.4 0     1.1 0    65.1 0     4.3 0   284.9 0   963.6 0
 2019   9  1  9 13 39 13.650  80.88    86.8 0    18.4 0     0.0 0    86.7 0   283.4 0   274.64 0   274.56 0   318.8 0   274.05 0   274.05 0     3.4 0    36.2 0    68.4 0   -35.4 0    32.9 0     1.2 0    65.2 0     3.6 0   281.9 0   963.6 0
 2019   9  1  9 13 40 13.667  80.74    91.5 0    19.4 0     0.0 0    91.3 0   283.6 0   274.66 0   274.59 0   318.7 0   274.07 0   274.08 0     3.6 0    38.0 0    71.9 0   -35.1 0    36.8 0     1.2 0    64.7 0     3.7 0   288.5 0   963.6 0
 2019   9  1  9 13 41 13.683  80.59    98.2 0    20.9 0     0.0 0    98.0 0   284.3 0   274.68 0   274.62 0   319.1 0   274.08 0   274.10 0     3.7 0    40.7 0    77.1 0   -34.8 0    42.3 0     1.2 0    64.4 0     4.2 0   284.3 0   963.6 0
 2019   9  1  9 13 42 13.700  80.45   105.8 0    22.9 0     0.0 0   105.5 0   285.5 0   274.70 0   274.65 0   319.7 0   274.10 0   274.11 0     3.7 0    44.0 0    82.7 0   -34.2 0    48.4 0     1.2 0    64.4 0     3.9 0   284.2 0   963.7 0
 2019   9  1  9 13 43 13.717  80.31   112.2 0    24.4 0     0.0 0   112.4 0   287.0 0   274.73 0   274.68 0   320.0 0   274.11 0   274.13 0     3.6 0    46.3 0    88.0 0   -33.0 0    55.0 0     1.2 0    63.8 0     4.9 0   282.8 0   963.7 0
 2019   9  1  9 13 44 13.733  80.16   113.4 0    24.7 0     0.0 0   113.6 0   288.2 0   274.74 0   274.72 0   320.4 0   274.13 0   274.15 0     3.6 0    46.6 0    88.9 0   -32.2 0    56.8 0     1.2 0    63.3 0     5.5 0   292.5 0   963.8 0
 2019   9  1  9 13 45 13.750  80.02   105.6 0    22.8 0     0.0 0   106.6 0   289.9 0   274.77 0   274.74 0   319.6 0   274.15 0   274.16 0     3.5 0    43.7 0    83.8 0   -29.7 0    54.2 0     1.3 0    61.7 0     6.3 0   287.0 0   963.8 0
 2019   9  1  9 13 46 13.767  79.88    99.1 0    21.2 0     0.0 0    99.9 0   290.8 0   274.80 0   274.74 0   319.9 0   274.16 0   274.18 0     3.5 0    41.5 0    78.7 0   -29.0 0    49.6 0     1.3 0    62.6 0     5.0 0   279.5 0   963.8 0
 2019   9  1  9 13 47 13.783  79.74    94.8 0    20.4 0     0.1 0    95.9 0   291.4 0   274.82 0   274.74 0   320.1 0   274.17 0   274.18 0     3.5 0    40.0 0    75.5 0   -28.7 0    46.8 0     1.2 0    63.4 0     5.4 0   279.9 0   963.8 0
 2019   9  1  9 13 48 13.800  79.60    93.6 0    19.9 0     0.2 0    93.8 0   291.4 0   274.83 0   274.74 0   319.7 0   274.18 0   274.19 0     3.6 0    39.6 0    73.9 0   -28.2 0    45.7 0     1.2 0    63.5 0     6.1 0   279.3 0   963.8 0
 2019   9  1  9 13 49 13.817  79.46   102.2 0    22.0 0     0.4 0   101.9 0   290.8 0   274.83 0   274.77 0   319.9 0   274.20 0   274.20 0     3.7 0    42.8 0    80.0 0   -29.1 0    50.9 0     1.2 0    62.9 0     5.7 0   282.3 0   963.8 0
 2019   9  1  9 13 50 13.833  79.32   102.2 0    21.8 0     0.3 0   102.5 0   290.6 0   274.86 0   274.79 0   319.5 0   274.21 0   274.21 0     3.9 0    43.0 0    80.8 0   -28.9 0    51.8 0     1.2 0    63.7 0     5.1 0   282.2 0   963.8 0
 2019   9  1  9 13 51 13.850  79.18   110.1 0    23.6 0     0.3 0   109.5 0   290.1 0   274.86 0   274.79 0   319.6 0   274.21 0   274.22 0     4.0 0    46.3 0    86.0 0   -29.5 0    56.5 0     1.2 0    64.6 0     4.2 0   289.8 0   963.9 0
 2019   9  1  9 13 52 13.867  79.04   116.3 0    25.0 0     0.1 0   116.1 0   289.3 0   274.87 0   274.82 0   320.0 0   274.22 0   274.23 0     4.3 0    48.5 0    91.1 0   -30.7 0    60.4 0     1.2 0    63.9 0     4.4 0   279.1 0   963.9 0
 2019   9  1  9 13 53 13.883  78.90   118.3 0    25.3 0     0.2 0   118.1 0 -9999.9 1 -9999.90 1   274.83 0   322.4 0   274.23 0   274.25 0     4.5 0    49.4 0    92.8 0 -9999.9 1 -9999.9 1     1.2 0    62.6 0     5.1 0   281.0 0   963.8 0
 2019   9  1  9 13 54 13.900  78.76   123.5 0    26.6 0     0.3 0   123.4 0   288.1 0   274.89 0   274.84 0   320.7 0   274.24 0   274.25 0     4.6 0    51.6 0    96.9 0   -32.6 0    64.3 0     1.2 0    62.2 0     5.5 0   282.3 0   963.8 0
 2019   9  1  9 13 55 13.917  78.62   123.8 0    26.5 0     0.2 0   124.1 0   288.3 0   274.91 0   274.86 0   320.7 0   274.25 0   274.26 0     4.7 0    51.9 0    97.6 0   -32.4 0    65.2 0     1.2 0    61.0 0     7.0 0   287.2 0   963.8 0
 2019   9  1  9 13 56 13.933  78.48   124.7 0    26.8 0     0.4 0   125.0 0   288.5 0   274.93 0   274.88 0   321.2 0   274.25 0   274.28 0     4.7 0    52.4 0    98.3 0   -32.7 0    65.6 0     1.2 0    61.3 0     6.1 0   288.5 0   963.8 0
 2019   9  1  9 13 57 13.950  78.34   124.3 0    26.7 0     0.4 0   124.6 0   289.2 0   274.93 0   274.89 0   321.2 0   274.26 0   274.29 0     4.7 0    52.2 0    98.0 0   -32.0 0    66.0 0     1.3 0    61.4 0     4.7 0   300.9 0   963.9 0
 2019   9  1  9 13 58 13.967  78.21   120.3 0    25.6 0     0.4 0   121.0 0   288.8 0   274.94 0   274.90 0   320.7 0   274.28 0   274.30 0     4.9 0    50.8 0    95.5 0   -31.9 0    63.5 0     1.3 0    61.5 0     5.8 0   316.0 0   963.8 0
 2019   9  1  9 13 59 13.983  78.07   120.4 0    25.5 0     0.4 0   120.6 0   287.2 0   274.96 0   274.90 0   320.6 0   274.29 0   274.30 0     5.3 0    51.1 0    95.2 0   -33.4 0    61.8 0     1.3 0    62.0 0     4.9 0   282.9 0   963.8 0
 2019   9  1  9 14  0 14.000  77.93   126.7 0    26.9 0     0.4 0   126.6 0   284.1 0   274.97 0   274.91 0   320.7 0   274.29 0   274.30 0     5.8 0    53.5 0    99.8 0   -36.6 0    63.1 0     1.2 0    60.8 0     5.9 0   282.4 0   963.9 0
 2019   9  1  9 14  1 14.017  77.80   139.7 0    29.8 0     0.4 0   139.0 0   280.9 0   274.98 0   274.93 0   320.2 0   274.30 0   274.32 0     6.2 0    58.1 0   109.3 0   -39.3 0    70.0 0     1.3 0    60.9 0     4.8 0   281.4 0   963.8 0
 2019   9  1  9 14  2 14.033  77.66   150.2 0    32.2 0     0.4 0   150.2 0   280.8 0   274.99 0   274.95 0   320.7 0   274.31 0   274.34 0     6.3 0    62.2 0   118.0 0   -39.9 0    78.1 0     1.3 0    61.6 0     3.3 0   288.7 0   963.9 0
 2019   9  1  9 14  3 14.050  77.52   150.8 0    32.4 0     0.3 0   151.4 0   280.2 0   275.00 0   274.98 0   321.4 0   274.32 0   274.35 0     6.3 0    62.5 0   119.1 0   -41.2 0    77.9 0     1.3 0    61.0 0     4.8 0   291.1 0   963.9 0
 2019   9  1  9 14  4 14.067  77.39   154.1 0    33.1 0     0.4 0   154.0 0   280.3 0   275.02 0   275.00 0   321.2 0   274.34 0   274.37 0     6.5 0    63.6 0   121.0 0   -40.9 0    80.2 0     1.3 0    61.0 0     3.7 0   298.8 0   963.9 0
 2019   9  1  9 14  5 14.083  77.26   151.7 0    32.3 0     0.4 0   152.6 0   277.9 0   275.03 0   275.02 0   321.5 0   274.35 0   274.37 0     6.9 0    62.5 0   120.4 0   -43.6 0    76.8 0     1.3 0    61.2 0     4.3 0   291.4 0   963.9 0
 2019   9  1  9 14  6 14.100  77.12   141.4 0    30.1 0     0.4 0   142.6 0   274.0 0   275.05 0   275.00 0   321.4 0   274.35 0   274.38 0     7.1 0    58.7 0   112.5 0   -47.3 0    65.2 0     1.3 0    61.4 0     3.3 0   306.4 0   963.8 0
 2019   9  1  9 14  7 14.117  76.99   142.9 0    30.1 0     0.4 0   143.2 0   274.1 0   275.05 0   275.01 0   321.4 0   274.37 0   274.40 0     7.3 0    59.2 0   113.2 0   -47.3 0    66.0 0     1.3 0    61.8 0     4.0 0   301.3 0   963.8 0
 2019   9  1  9 14  8 14.133  76.85   148.1 0    31.1 0     0.4 0   148.1 0   274.9 0   275.07 0   275.02 0   321.8 0   274.38 0   274.40 0     7.4 0    61.4 0   117.1 0   -46.9 0    70.2 0     1.3 0    61.8 0     4.3 0   286.3 0   963.9 0
 2019   9  1  9 14  9 14.150  76.72   146.6 0    31.0 0     0.7 0   147.7 0   273.7 0   275.08 0   275.03 0   321.8 0   274.39 0   274.40 0     7.6 0    60.9 0   116.9 0   -48.1 0    68.8 0     1.3 0    61.5 0     4.3 0   303.1 0   963.9 0
 2019   9  1  9 14 10 14.167  76.59   130.6 0    27.7 0     0.7 0   132.8 0   266.5 0   275.08 0   275.01 0   319.1 0   274.40 0   274.40 0     7.7 0    54.7 0   105.3 0   -52.6 0    52.7 0     1.3 0    60.9 0     5.9 0   278.8 0   963.9 0
 2019   9  1  9 14 11 14.183  76.46   127.1 0    26.8 0     0.8 0   128.0 0   266.5 0   275.08 0   274.98 0   320.3 0   274.40 0   274.40 0     7.9 0    53.6 0   101.3 0   -53.8 0    47.6 0     1.3 0    60.7 0     4.1 0   313.7 0   963.8 0
 2019   9  1  9 14 12 14.200  76.33   133.0 0    27.8 0     0.8 0   133.6 0   269.5 0   275.08 0   275.00 0   320.3 0   274.40 0   274.40 0     8.0 0    55.9 0   105.9 0   -50.9 0    55.1 0     1.3 0    61.1 0     3.2 0   305.2 0   963.8 0
 2019   9  1  9 14 13 14.217  76.20   136.8 0    28.6 0     0.8 0   137.3 0   269.7 0   275.08 0   275.00 0   319.9 0   274.40 0   274.42 0     8.2 0    57.7 0   108.8 0   -50.2 0    58.6 0     1.3 0    60.7 0     4.8 0   301.7 0   963.8 0
 2019   9  1  9 14 14 14.233  76.06   142.4 0    30.2 0     0.8 0   143.1 0   269.5 0   275.08 0   275.01 0   320.7 0   274.41 0   274.42 0     8.4 0    60.0 0   113.1 0   -51.2 0    61.9 0     1.3 0    60.9 0     5.0 0   304.1 0   963.8 0
 2019   9  1  9 14 15 14.250  75.93   141.1 0    30.2 0     0.8 0   142.6 0   268.3 0   275.08 0   275.02 0   320.3 0   274.41 0   274.42 0     8.5 0    59.3 0   112.7 0   -52.0 0    60.7 0     1.3 0    60.8 0     4.7 0   313.6 0   963.8 0
 2019   9  1  9 14 16 14.267  75.81   135.9 0    28.7 0     0.8 0   137.4 0   268.8 0   275.09 0   275.03 0   321.1 0   274.41 0   274.42 0     8.5 0    57.5 0   108.8 0   -52.3 0    56.6 0     1.3 0    61.6 0     3.9 0   296.2 0   963.8 0
 2019   9  1  9 14 17 14.283  75.68   133.9 0    28.0 0     0.8 0   135.3 0   270.2 0   275.10 0   275.03 0   321.3 0   274.42 0   274.43 0     8.7 0    56.7 0   107.5 0   -51.0 0    56.4 0     1.3 0    62.0 0     3.3 0   304.6 0   963.8 0
 2019   9  1  9 14 18 14.300  75.55   129.3 0    26.8 0     0.6 0   130.5 0   267.8 0   275.10 0   275.03 0   320.9 0   274.42 0   274.45 0     8.8 0    55.2 0   103.9 0   -53.2 0    50.7 0     1.3 0    62.1 0     3.1 0   296.3 0   963.8 0
 2019   9  1  9 14 19 14.317  75.42   130.5 0    27.0 0     0.6 0   131.7 0   268.5 0   275.11 0   275.03 0   321.2 0   274.43 0   274.44 0     9.0 0    55.7 0   104.8 0   -52.8 0    52.0 0     1.3 0    61.2 0     4.5 0   286.8 0   963.8 0
 2019   9  1  9 14 20 14.333  75.29   121.9 0    25.4 0     0.7 0   124.0 0   263.8 0   275.10 0   275.00 0   319.4 0   274.43 0   274.43 0     9.0 0    52.6 0    98.7 0   -55.6 0    43.2 0     1.3 0    61.3 0     4.6 0   308.9 0   963.8 0
 2019   9  1  9 14 21 14.350  75.16   120.8 0    25.1 0     0.8 0   122.0 0   264.4 0   275.10 0   274.98 0   320.0 0   274.42 0   274.42 0     9.1 0    52.4 0    97.1 0   -55.7 0    41.4 0     1.3 0    61.1 0     5.1 0   311.5 0   963.8 0
 2019   9  1  9 14 22 14.367  75.04   118.2 0    24.4 0     0.9 0   120.1 0   265.0 0   275.10 0   274.98 0   319.6 0   274.42 0   274.42 0     9.4 0    51.4 0    96.0 0   -54.6 0    41.5 0     1.3 0    61.2 0     4.3 0   294.2 0   963.9 0
 2019   9  1  9 14 23 14.383  74.91   105.2 0    21.6 0     0.8 0   108.0 0   256.5 0   275.08 0   274.94 0   319.5 0   274.42 0   274.40 0     9.5 0    46.6 0    86.6 0   -62.9 0    23.6 0     1.3 0    61.3 0     5.2 0   310.1 0   963.8 0
 2019   9  1  9 14 24 14.400  74.79   102.1 0    21.1 0     1.0 0   104.1 0   254.8 0   275.08 0   274.93 0   318.7 0   274.41 0   274.40 0     9.7 0    45.7 0    83.3 0   -64.0 0    19.4 0     1.3 0    62.2 0     3.7 0   293.8 0   963.8 0
 2019   9  1  9 14 25 14.417  74.66   113.4 0    23.4 0     0.9 0   114.2 0   258.6 0   275.08 0   274.93 0   318.8 0   274.40 0   274.40 0     9.8 0    50.0 0    91.0 0   -60.2 0    30.8 0     1.3 0    62.5 0     3.6 0   302.5 0   963.8 0
 2019   9  1  9 14 26 14.433  74.54   119.4 0    24.5 0     0.8 0   120.4 0   264.4 0   275.06 0   274.93 0   319.4 0   274.40 0   274.40 0     9.8 0    51.9 0    96.1 0   -55.0 0    41.1 0     1.3 0    61.5 0     4.0 0   301.2 0   963.8 0
 2019   9  1  9 14 27 14.450  74.41   111.5 0    22.6 0     0.5 0   113.4 0   263.1 0   275.05 0   274.93 0   319.6 0   274.40 0   274.40 0     9.9 0    48.8 0    91.0 0   -56.5 0    34.5 0     1.3 0    61.7 0     4.9 0   306.2 0   963.9 0
 2019   9  1  9 14 28 14.467  74.29   107.6 0    21.9 0     0.5 0   109.1 0   259.1 0   275.05 0   274.92 0   318.7 0   274.40 0   274.38 0     9.9 0    47.4 0    87.4 0   -59.6 0    27.7 0     1.3 0    60.8 0     5.4 0   306.5 0   963.8 0
 2019   9  1  9 14 29 14.483  74.16   106.0 0    21.6 0     0.8 0   107.5 0   262.1 0   275.03 0   274.91 0   319.5 0   274.39 0   274.37 0    10.0 0    46.7 0    86.1 0   -57.4 0    28.7 0     1.3 0    61.7 0     4.4 0   300.3 0   963.8 0
 2019   9  1  9 14 30 14.500  74.04   101.6 0    20.2 0     0.8 0   103.1 0   264.5 0   275.03 0   274.90 0   319.3 0   274.38 0   274.37 0    10.2 0    44.9 0    83.1 0   -54.8 0    28.3 0     1.3 0    61.7 0     3.8 0   301.8 0   963.9 0
 2019   9  1  9 14 31 14.517  73.92    96.2 0    18.8 0     0.6 0    97.9 0   260.7 0   275.03 0   274.88 0   318.9 0   274.37 0   274.37 0    10.3 0    43.0 0    79.3 0   -58.2 0    21.1 0     1.3 0    62.1 0     3.3 0   286.7 0   963.9 0
 2019   9  1  9 14 32 14.533  73.80    89.6 0    17.3 0     0.4 0    91.4 0   256.1 0   275.02 0   274.85 0   318.6 0   274.37 0   274.35 0    10.5 0    40.6 0    74.2 0   -62.5 0    11.7 0     1.3 0    61.4 0     3.6 0   299.6 0   963.9 0
 2019   9  1  9 14 33 14.550  73.68    83.7 0    16.1 0     0.4 0    85.8 0   252.4 0   275.00 0   274.82 0   318.1 0   274.37 0   274.34 0    10.5 0    38.4 0    69.9 0   -65.8 0     4.1 0     1.3 0    61.0 0     5.8 0   288.6 0   963.9 0
 2019   9  1  9 14 34 14.567  73.56    73.8 0    13.9 0     0.5 0    76.3 0   250.3 0   274.99 0   274.78 0   317.3 0   274.35 0   274.32 0    10.6 0    34.6 0    62.6 0   -67.0 0    -4.4 0     1.2 0    60.6 0     6.3 0   285.9 0   963.9 0
 2019   9  1  9 14 35 14.583  73.44    73.7 0    13.9 0     0.8 0    75.3 0   251.8 0   274.97 0   274.76 0   317.3 0   274.34 0   274.30 0    10.7 0    34.7 0    61.6 0   -65.5 0    -3.9 0     1.2 0    60.7 0     5.4 0   299.6 0   963.9 0
 2019   9  1  9 14 36 14.600  73.32    76.4 0    14.5 0     0.8 0    78.2 0   255.4 0   274.94 0   274.74 0   317.8 0   274.32 0   274.28 0    10.6 0    35.8 0    64.0 0   -62.4 0     1.6 0     1.2 0    61.0 0     4.9 0   304.0 0   963.9 0
 2019   9  1  9 14 37 14.617  73.20    77.0 0    14.6 0     1.3 0    78.3 0   255.2 0   274.93 0   274.74 0   317.2 0   274.30 0   274.27 0    10.8 0    36.0 0    64.0 0   -62.0 0     2.0 0     1.2 0    61.5 0     5.0 0   306.0 0   964.0 0
 2019   9  1  9 14 38 14.633  73.08    91.1 0    17.7 0     1.8 0    91.2 0   254.4 0   274.92 0   274.74 0   317.9 0   274.30 0   274.26 0    11.3 0    41.9 0    74.0 0   -63.5 0    10.5 0     1.2 0    60.8 0     5.2 0   311.9 0   963.9 0
 2019   9  1  9 14 39 14.650  72.96   106.5 0    21.0 0     1.4 0   106.8 0   256.9 0   274.90 0   274.74 0   318.3 0   274.28 0   274.25 0    11.6 0    48.4 0    86.2 0   -61.4 0    24.8 0     1.2 0    60.5 0     5.7 0   312.3 0   963.9 0
 2019   9  1  9 14 40 14.667  72.84   106.9 0    21.2 0     1.3 0   108.2 0   259.5 0   274.88 0   274.76 0   318.9 0   274.28 0   274.25 0    11.6 0    48.6 0    87.4 0   -59.5 0    27.9 0     1.2 0    61.3 0     4.7 0   298.2 0   964.0 0
 2019   9  1  9 14 41 14.683  72.72   125.9 0    26.3 0    60.3 0   109.3 0   260.0 0   274.88 0   274.76 0   319.5 0   274.27 0   274.26 0    11.7 0    56.4 0   100.9 0   -59.5 0    41.4 0     1.2 0    61.4 0     4.4 0   304.8 0   964.0 0
 2019   9  1  9 14 42 14.700  72.61   118.2 0    24.2 0     6.7 0   117.1 0   260.7 0   274.88 0   274.79 0   319.1 0   274.26 0   274.26 0    11.8 0    53.5 0    94.9 0   -58.4 0    36.6 0     1.2 0    60.8 0     4.5 0   287.3 0   964.0 0
 2019   9  1  9 14 43 14.717  72.49   142.7 0    30.2 0    15.4 0   138.5 0   263.4 0   274.90 0   274.83 0   320.2 0   274.26 0   274.28 0    12.4 0    63.2 0   112.9 0   -56.8 0    56.1 0     1.2 0    61.3 0     4.6 0   282.1 0   964.0 0
 2019   9  1  9 14 44 14.733  72.38   174.8 0    38.2 0    94.6 0   147.5 0   265.7 0   274.92 0   274.88 0   321.5 0   274.27 0   274.31 0    12.9 0    76.3 0   137.9 0   -55.8 0    82.2 0     1.2 0    61.9 0     4.3 0   284.5 0   964.0 0
 2019   9  1  9 14 45 14.750  72.26   172.6 0    36.4 0    11.6 0   168.9 0   267.8 0   274.94 0   274.92 0   321.4 0   274.28 0   274.32 0    13.2 0    75.9 0   136.0 0   -53.6 0    82.3 0     1.2 0    60.5 0     6.3 0   286.5 0   964.1 0
 2019   9  1  9 14 46 14.767  72.15   233.2 0    53.3 0   117.0 0   200.1 0   270.5 0   274.97 0   275.01 0   323.3 0   274.30 0   274.36 0    13.8 0   100.3 0   182.7 0   -52.8 0   129.9 0     1.2 0    60.6 0     5.9 0   290.0 0   964.1 0
 2019   9  1  9 14 47 14.783  72.03   260.5 0    60.1 0   143.1 0   219.7 0   273.9 0   275.02 0   275.12 0   325.3 0   274.32 0   274.42 0    14.1 0   110.8 0   203.8 0   -51.4 0   152.4 0     1.3 0    60.4 0     5.6 0   285.0 0   964.1 0
 2019   9  1  9 14 48 14.800  71.92   364.5 0    87.8 0   417.3 0   239.3 0   280.4 0   275.09 0   275.24 0   328.3 0   274.36 0   274.51 0    14.6 0   148.1 0   281.1 0   -47.8 0   233.2 0     1.4 0    59.6 0     5.7 0   296.5 0   964.1 0
 2019   9  1  9 14 49 14.817  71.81   389.7 0    95.1 0   445.0 0   259.1 0   285.2 0   275.19 0   275.37 0   330.0 0   274.41 0   274.59 0    14.8 0   160.6 0   303.0 0   -44.7 0   258.3 0     1.4 0    59.9 0     5.0 0   311.1 0   964.0 0
 2019   9  1  9 14 50 14.833  71.70   456.0 0   111.9 0   630.1 0   265.0 0   286.5 0   275.31 0   275.54 0   332.2 0   274.47 0   274.71 0    15.2 0   183.2 0   351.1 0   -45.6 0   305.4 0     1.5 0    59.4 0     7.7 0   309.2 0   964.0 0
 2019   9  1  9 14 51 14.850  71.58   371.3 0    88.3 0   390.0 0   254.6 0   285.1 0   275.46 0   275.66 0   331.9 0   274.55 0   274.77 0    14.9 0   153.9 0   289.4 0   -46.7 0   242.7 0     1.6 0    60.0 0     5.3 0   299.3 0   964.0 0
 2019   9  1  9 14 52 14.867  71.47   316.2 0    72.8 0   287.4 0   227.9 0   282.8 0   275.59 0   275.74 0   331.2 0   274.62 0   274.81 0    14.5 0   128.5 0   246.4 0   -48.4 0   198.0 0     1.7 0    59.3 0     5.4 0   283.5 0   964.0 0
 2019   9  1  9 14 53 14.883  71.36   196.2 0    41.6 0     3.3 0   199.7 0   283.6 0   275.68 0   275.72 0   326.9 0   274.66 0   274.75 0    13.6 0    84.7 0   159.1 0   -43.3 0   115.8 0     1.6 0    59.4 0     6.5 0   282.8 0   964.0 0
 2019   9  1  9 14 54 14.900  71.25   241.0 0    54.1 0   173.6 0   188.1 0   287.7 0   275.71 0   275.70 0   327.7 0   274.69 0   274.77 0    13.3 0   102.2 0   189.8 0   -40.1 0   149.8 0     1.5 0    60.5 0     4.6 0   298.2 0   964.0 0
 2019   9  1  9 14 55 14.917  71.14   167.4 0    35.0 0     4.9 0   168.0 0   291.4 0   275.73 0   275.73 0   327.4 0   274.71 0   274.78 0    12.0 0    72.5 0   134.6 0   -36.1 0    98.6 0     1.6 0    60.7 0     4.5 0   285.9 0   964.0 0
 2019   9  1  9 14 56 14.933  71.04   166.8 0    34.8 0     0.8 0   167.3 0   294.1 0   275.76 0   275.70 0   326.0 0   274.74 0   274.76 0    11.8 0    72.5 0   132.8 0   -31.9 0   100.8 0     1.6 0    59.9 0     5.2 0   294.2 0   964.0 0
 2019   9  1  9 14 57 14.950  70.93   182.4 0    38.3 0     7.4 0   179.8 0   294.3 0   275.74 0   275.68 0   325.3 0   274.74 0   274.76 0    12.3 0    79.3 0   143.9 0   -31.0 0   112.9 0     1.5 0    59.8 0     5.1 0   287.3 0   964.0 0
 2019   9  1  9 14 58 14.967  70.82   214.5 0    46.3 0    68.0 0   190.9 0   293.2 0   275.72 0   275.67 0   326.4 0   274.74 0   274.77 0    12.9 0    93.0 0   166.9 0   -33.2 0   133.7 0     1.5 0    59.3 0     5.9 0   299.9 0   964.0 0
 2019   9  1  9 14 59 14.983  70.71   202.2 0    43.9 0    40.7 0   188.8 0   291.0 0   275.71 0   275.70 0   327.1 0   274.74 0   274.79 0    12.9 0    86.1 0   158.3 0   -36.1 0   122.2 0     1.5 0    61.1 0     4.7 0   286.2 0   964.1 0
 2019   9  1  9 15  0 15.000  70.61   195.8 0    43.8 0   121.3 0   159.4 0   289.8 0   275.71 0   275.70 0   327.3 0   274.75 0   274.81 0    12.6 0    83.4 0   155.9 0   -37.5 0   118.4 0     1.5 0    60.6 0     5.3 0   278.4 0   964.1 0
 2019   9  1  9 15  1 15.017  70.50   130.2 0    26.8 0     1.2 0   131.7 0   292.3 0   275.71 0   275.62 0   325.0 0   274.76 0   274.78 0    11.5 0    57.1 0   105.3 0   -32.7 0    72.6 0     1.5 0    60.6 0     4.4 0   292.8 0   964.1 0
 2019   9  1  9 15  2 15.033  70.40   123.9 0    25.3 0     0.8 0   124.7 0   296.6 0   275.70 0   275.61 0   324.6 0   274.76 0   274.77 0    10.6 0    54.2 0    99.6 0   -28.0 0    71.6 0     1.5 0    61.6 0     4.0 0   295.7 0   964.1 0
 2019   9  1  9 15  3 15.050  70.29   116.6 0    23.9 0     0.8 0   116.9 0   297.9 0   275.68 0   275.55 0   324.1 0   274.76 0   274.75 0     9.9 0    51.1 0    93.3 0   -26.2 0    67.1 0     1.5 0    59.8 0     6.0 0   295.0 0   964.1 0
 2019   9  1  9 15  4 15.067  70.19   111.3 0    22.8 0     0.8 0   111.5 0   298.6 0   275.65 0   275.51 0   323.5 0   274.76 0   274.74 0     9.5 0    48.9 0    89.0 0   -24.9 0    64.1 0     1.5 0    60.7 0     5.5 0   291.4 0   964.1 0
 2019   9  1  9 15  5 15.083  70.08   109.9 0    22.4 0     0.8 0   109.8 0   296.9 0   275.61 0   275.45 0   322.9 0   274.74 0   274.72 0    10.2 0    48.4 0    87.7 0   -25.9 0    61.7 0     1.4 0    60.9 0     5.1 0   293.9 0   964.2 0
 2019   9  1  9 15  6 15.100  69.98   119.1 0    24.2 0     0.8 0   118.1 0   294.9 0   275.57 0   275.42 0   323.4 0   274.73 0   274.70 0    11.7 0    52.4 0    94.2 0   -28.6 0    65.7 0     1.4 0    60.8 0     5.7 0   295.0 0   964.1 0
 2019   9  1  9 15  7 15.117  69.88   130.3 0    26.3 0     0.8 0   129.4 0   292.7 0   275.53 0   275.40 0   322.5 0   274.71 0   274.68 0    12.8 0    57.2 0   103.4 0   -29.8 0    73.6 0     1.4 0    59.9 0     7.7 0   296.4 0   964.1 0
 2019   9  1  9 15  8 15.133  69.78   136.6 0    27.8 0     1.3 0   135.7 0   291.3 0   275.50 0   275.36 0   322.8 0   274.69 0   274.66 0    13.6 0    59.9 0   108.4 0   -31.5 0    76.8 0     1.3 0    60.4 0     8.4 0   281.3 0   964.1 0
 2019   9  1  9 15  9 15.150  69.68   147.0 0    30.1 0     0.9 0   145.9 0   290.8 0   275.46 0   275.33 0   322.5 0   274.65 0   274.63 0    14.2 0    64.3 0   116.2 0   -31.7 0    84.5 0     1.3 0    60.4 0     8.5 0   287.2 0   964.1 0
 2019   9  1  9 15 10 15.167  69.58   155.8 0    32.0 0     1.1 0   155.1 0   289.5 0   275.43 0   275.32 0   322.7 0   274.63 0   274.61 0    14.6 0    67.9 0   123.5 0   -33.2 0    90.4 0     1.2 0    59.5 0     9.2 0   282.4 0   964.1 0
 2019   9  1  9 15 11 15.183  69.48   154.6 0    32.1 0     0.8 0   154.8 0   290.4 0   275.41 0   275.32 0   322.2 0   274.61 0   274.59 0    14.3 0    67.2 0   123.0 0   -31.8 0    91.1 0     1.2 0    60.1 0     8.1 0   280.6 0   964.1 0
 2019   9  1  9 15 12 15.200  69.38   146.3 0    30.4 0     1.7 0   146.7 0   293.0 0   275.38 0   275.28 0   322.6 0   274.58 0   274.57 0    13.4 0    63.7 0   116.9 0   -29.7 0    87.2 0     1.2 0    60.9 0     7.4 0   287.9 0   964.1 0
 2019   9  1  9 15 13 15.217  69.28   134.8 0    27.7 0     0.8 0   135.5 0   295.8 0   275.36 0   275.26 0   323.2 0   274.56 0   274.55 0    12.5 0    59.0 0   108.1 0   -27.4 0    80.7 0     1.2 0    61.2 0     6.2 0   294.0 0   964.1 0
 2019   9  1  9 15 14 15.233  69.18   118.6 0    24.1 0     0.8 0   119.9 0   295.9 0   275.33 0   275.22 0   322.2 0   274.55 0   274.54 0    11.9 0    52.3 0    96.1 0   -26.3 0    69.7 0     1.2 0    61.7 0     6.8 0   289.2 0   964.1 0
 2019   9  1  9 15 15 15.250  69.08   113.4 0    22.8 0     0.8 0   113.6 0   294.1 0   275.31 0   275.18 0   321.3 0   274.53 0   274.50 0    12.6 0    50.3 0    91.1 0   -27.2 0    63.9 0     1.2 0    61.0 0     7.6 0   284.5 0   964.1 0
 2019   9  1  9 15 16 15.267  68.99   118.0 0    23.7 0     0.8 0   117.7 0   292.8 0   275.27 0   275.13 0   321.4 0   274.51 0   274.48 0    13.4 0    52.3 0    94.3 0   -28.6 0    65.7 0     1.2 0    61.1 0     6.3 0   292.3 0   964.1 0
 2019   9  1  9 15 17 15.283  68.89   131.2 0    26.4 0     0.7 0   130.3 0   293.4 0   275.24 0   275.14 0   323.0 0   274.49 0   274.47 0    14.1 0    57.9 0   104.2 0   -29.6 0    74.5 0     1.2 0    62.0 0     4.2 0   285.2 0   964.1 0
 2019   9  1  9 15 18 15.300  68.80   142.7 0    28.7 0     0.4 0   141.8 0   294.6 0   275.22 0   275.14 0   323.8 0   274.49 0   274.49 0    14.4 0    62.6 0   113.2 0   -29.1 0    84.1 0     1.2 0    61.7 0     4.4 0   301.8 0   964.0 0
 2019   9  1  9 15 19 15.317  68.70   153.1 0    30.9 0     0.5 0   152.4 0   295.1 0   275.22 0   275.17 0   323.9 0   274.49 0   274.49 0    14.7 0    67.0 0   121.6 0   -28.8 0    92.8 0     1.2 0    61.1 0     6.1 0   289.8 0   964.0 0
 2019   9  1  9 15 20 15.333  68.61   149.6 0    30.1 0     0.4 0   150.1 0   293.2 0   275.21 0   275.18 0   324.2 0   274.48 0   274.49 0    14.8 0    65.6 0   120.2 0   -31.0 0    89.1 0     1.2 0    61.4 0     5.4 0   291.0 0   964.0 0
 2019   9  1  9 15 21 15.350  68.51   151.2 0    30.5 0     0.4 0   151.1 0   291.8 0   275.20 0   275.15 0   323.2 0   274.47 0   274.47 0    15.4 0    66.3 0   120.7 0   -31.3 0    89.4 0     1.2 0    62.0 0     5.0 0   297.6 0   964.1 0
 2019   9  1  9 15 22 15.367  68.42   151.8 0    30.3 0     0.4 0   152.6 0   293.3 0   275.20 0   275.16 0   324.7 0   274.47 0   274.47 0    15.2 0    66.6 0   122.4 0   -31.4 0    91.0 0     1.2 0    62.1 0     4.1 0   299.9 0   964.1 0
 2019   9  1  9 15 23 15.383  68.33   127.4 0    25.1 0     0.4 0   129.7 0   293.2 0   275.18 0   275.12 0   323.2 0   274.47 0   274.46 0    14.1 0    56.5 0   104.8 0   -30.1 0    74.7 0     1.2 0    61.6 0     5.0 0   306.7 0   964.1 0
 2019   9  1  9 15 24 15.400  68.24   104.5 0    20.4 0     2.0 0   106.3 0   289.9 0   275.18 0   275.08 0   322.7 0   274.46 0   274.44 0    13.7 0    47.3 0    86.6 0   -32.8 0    53.8 0     1.2 0    62.0 0     5.1 0   305.6 0   964.1 0
 2019   9  1  9 15 25 15.417  68.15   103.1 0    20.1 0     0.8 0   104.0 0   283.8 0   275.16 0   275.02 0   323.3 0   274.45 0   274.42 0    14.6 0    47.0 0    84.2 0   -39.4 0    44.8 0     1.2 0    61.9 0     6.0 0   318.1 0   964.1 0
 2019   9  1  9 15 26 15.433  68.06   117.6 0    23.1 0     1.0 0   117.1 0   280.2 0   275.14 0   275.01 0   322.3 0   274.44 0   274.40 0    15.7 0    53.4 0    94.4 0   -42.0 0    52.3 0     1.1 0    62.8 0     5.3 0   319.6 0   964.1 0
 2019   9  1  9 15 27 15.450  67.97   140.3 0    27.7 0     0.8 0   139.5 0   282.5 0   275.13 0   275.03 0   322.4 0   274.42 0   274.41 0    16.3 0    62.8 0   112.1 0   -39.9 0    72.2 0     1.2 0    62.8 0     4.3 0   307.9 0   964.1 0
 2019   9  1  9 15 28 15.467  67.88   147.9 0    29.5 0     3.4 0   146.9 0   285.4 0   275.11 0   275.05 0   323.9 0   274.41 0   274.42 0    16.2 0    65.9 0   118.6 0   -38.5 0    80.2 0     1.2 0    62.9 0     3.8 0   308.2 0   964.1 0
 2019   9  1  9 15 29 15.483  67.79   139.3 0    27.8 0     1.3 0   140.2 0   283.9 0   275.10 0   275.05 0   323.0 0   274.41 0   274.42 0    16.0 0    62.0 0   112.8 0   -39.1 0    73.8 0     1.2 0    61.8 0     4.5 0   311.5 0   964.1 0
 2019   9  1  9 15 30 15.500  67.70   149.0 0    29.9 0     0.7 0   148.8 0   282.6 0   275.10 0   275.06 0   323.2 0   274.41 0   274.42 0    16.9 0    65.9 0   119.1 0   -40.6 0    78.6 0     1.2 0    62.8 0     4.8 0   299.8 0   964.1 0
 2019   9  1  9 15 31 15.517  67.62   177.3 0    36.1 0     0.6 0   175.6 0   286.7 0   275.11 0   275.11 0   324.0 0   274.41 0   274.44 0    17.6 0    77.5 0   139.8 0   -37.4 0   102.4 0     1.2 0    63.0 0     4.3 0   297.2 0   964.1 0
 2019   9  1  9 15 32 15.533  67.53   192.3 0    39.4 0     0.9 0   193.0 0   288.6 0   275.13 0   275.18 0   325.4 0   274.42 0   274.47 0    17.2 0    83.6 0   153.9 0   -36.9 0   117.1 0     1.3 0    62.8 0     3.2 0   286.6 0   964.1 0
 2019   9  1  9 15 33 15.550  67.45   198.5 0    41.5 0    27.6 0   188.1 0   287.4 0   275.15 0   275.22 0   327.5 0   274.44 0   274.49 0    17.7 0    87.0 0   157.1 0   -40.1 0   117.1 0     1.3 0    63.0 0     3.7 0   275.7 0   964.1 0
 2019   9  1  9 15 34 15.567  67.36   201.9 0    42.4 0    42.6 0   185.9 0   285.5 0   275.18 0   275.25 0   327.8 0   274.45 0   274.53 0    18.5 0    87.1 0   159.9 0   -42.3 0   117.6 0     1.3 0    64.2 0     3.5 0   283.6 0   964.1 0
 2019   9  1  9 15 35 15.583  67.28   200.1 0    41.2 0     0.5 0   199.4 0   284.6 0   275.22 0   275.30 0   327.8 0   274.48 0   274.55 0    19.5 0    87.1 0   158.5 0   -43.3 0   115.2 0     1.4 0    63.7 0     2.8 0   300.5 0   964.1 0
 2019   9  1  9 15 36 15.600  67.20   248.9 0    51.9 0     0.5 0   246.3 0   287.8 0   275.25 0   275.38 0   329.3 0   274.50 0   274.58 0    20.5 0   107.8 0   194.7 0   -41.5 0   153.1 0     1.4 0    62.5 0     4.0 0   287.4 0   964.1 0
 2019   9  1  9 15 37 15.617  67.11   312.2 0    66.6 0    12.5 0   304.5 0   291.8 0   275.30 0   275.52 0   331.5 0   274.53 0   274.64 0    20.4 0   133.8 0   242.7 0   -39.7 0   203.0 0     1.4 0    62.4 0     3.8 0   283.5 0   964.1 0
 2019   9  1  9 15 38 15.633  67.03   425.2 0    98.0 0   325.0 0   303.0 0   292.7 0   275.37 0   275.63 0   334.6 0   274.57 0   274.74 0    21.7 0   178.8 0   331.8 0   -41.9 0   289.9 0     1.5 0    62.7 0     5.6 0   283.5 0   964.0 0
 2019   9  1  9 15 39 15.650  66.95   410.8 0    94.6 0   351.0 0   275.7 0   293.9 0   275.46 0   275.67 0   333.8 0   274.62 0   274.82 0    21.3 0   170.4 0   318.6 0   -39.9 0   278.6 0     1.5 0    61.3 0     6.2 0   302.1 0   963.9 0
 2019   9  1  9 15 40 15.667  66.87   267.1 0    57.5 0    29.9 0   257.6 0   295.0 0   275.54 0   275.70 0   330.9 0   274.67 0   274.79 0    18.6 0   115.2 0   211.8 0   -35.9 0   175.9 0     1.5 0    61.5 0     6.3 0   284.1 0   964.0 0
 2019   9  1  9 15 41 15.683  66.79   217.6 0    46.3 0     3.0 0   220.3 0   294.3 0   275.59 0   275.64 0   329.7 0   274.70 0   274.77 0    17.5 0    94.0 0   175.3 0   -35.4 0   139.8 0     1.4 0    60.8 0     6.7 0   281.8 0   964.0 0
 2019   9  1  9 15 42 15.700  66.71   221.7 0    46.5 0     1.0 0   221.8 0   293.3 0   275.61 0   275.63 0   327.9 0   274.71 0   274.76 0    18.7 0    96.5 0   175.7 0   -34.6 0   141.1 0     1.4 0    61.3 0     5.9 0   297.7 0   964.0 0
 2019   9  1  9 15 43 15.717  66.63   259.3 0    54.1 0     0.8 0   257.3 0   293.4 0   275.61 0   275.70 0   329.5 0   274.72 0   274.79 0    20.1 0   112.5 0   203.5 0   -36.1 0   167.5 0     1.4 0    62.6 0     4.4 0   300.2 0   963.9 0
 2019   9  1  9 15 44 15.733  66.55   379.8 0    86.2 0   260.1 0   282.8 0   294.2 0   275.63 0   275.78 0   333.0 0   274.74 0   274.85 0    21.2 0   163.3 0   300.1 0   -38.9 0   261.2 0     1.5 0    61.8 0     4.6 0   283.5 0   963.9 0
 2019   9  1  9 15 45 15.750  66.48   316.0 0    68.5 0   131.5 0   262.9 0   295.0 0   275.68 0   275.85 0   335.0 0   274.78 0   274.94 0    19.8 0   130.0 0   246.9 0   -40.0 0   206.9 0     1.5 0    60.2 0     3.7 0   296.6 0   963.9 0
 2019   9  1  9 15 46 15.767  66.40   249.1 0    54.3 0    52.9 0   233.2 0   295.9 0   275.73 0   275.87 0   333.0 0   274.81 0   274.91 0    18.1 0   107.8 0   200.1 0   -37.1 0   163.0 0     1.6 0    61.7 0     5.1 0   320.5 0   963.9 0
 2019   9  1  9 15 47 15.783  66.33   214.4 0    44.9 0     1.3 0   216.0 0   294.6 0   275.77 0   275.82 0   330.0 0   274.84 0   274.91 0    18.0 0    93.0 0   171.6 0   -35.4 0   136.2 0     1.6 0    61.7 0     4.2 0   295.6 0   963.9 0
 2019   9  1  9 15 48 15.800  66.25   226.3 0    46.9 0     0.8 0   226.3 0   291.8 0   275.78 0   275.82 0   328.2 0   274.86 0   274.92 0    19.9 0    98.3 0   179.7 0   -36.4 0   143.3 0     1.6 0    61.2 0     7.0 0   283.0 0   963.9 0
 2019   9  1  9 15 49 15.817  66.18   284.8 0    60.6 0   102.1 0   241.0 0   293.4 0   275.80 0   275.86 0   329.9 0   274.87 0   274.94 0    20.3 0   123.0 0   221.7 0   -36.6 0   185.2 0     1.6 0    61.7 0     6.4 0   297.6 0   963.9 0
 2019   9  1  9 15 50 15.833  66.10   200.6 0    42.4 0     3.8 0   202.5 0   296.2 0   275.81 0   275.81 0   328.5 0   274.88 0   274.92 0    16.5 0    85.8 0   161.7 0   -32.3 0   129.3 0     1.6 0    60.3 0     5.4 0   303.4 0   963.9 0
 2019   9  1  9 15 51 15.850  66.03   166.3 0    35.0 0     1.6 0   169.0 0   295.8 0   275.81 0   275.77 0   327.3 0   274.88 0   274.91 0    15.4 0    72.4 0   134.7 0   -31.4 0   103.2 0     1.6 0    60.6 0     5.9 0   302.2 0   963.9 0
 2019   9  1  9 15 52 15.867  65.96   158.4 0    33.1 0     2.3 0   158.7 0   294.9 0   275.79 0   275.68 0   326.2 0   274.87 0   274.85 0    15.6 0    69.1 0   126.5 0   -31.3 0    95.2 0     1.5 0    60.5 0     6.9 0   307.9 0   963.8 0
 2019   9  1  9 15 53 15.883  65.89   154.4 0    32.3 0    11.3 0   151.0 0   295.5 0   275.76 0   275.64 0   325.9 0   274.85 0   274.84 0    14.8 0    67.7 0   123.3 0   -30.4 0    92.9 0     1.4 0    61.7 0     5.4 0   298.6 0   963.9 0
 2019   9  1  9 15 54 15.900  65.82   147.2 0    31.2 0    12.4 0   143.5 0   297.6 0   275.72 0   275.64 0   326.9 0   274.84 0   274.83 0    13.5 0    64.6 0   117.4 0   -29.3 0    88.1 0     1.4 0    62.8 0     5.2 0   288.6 0   963.9 0
 2019   9  1  9 15 55 15.917  65.75   142.2 0    29.7 0     0.8 0   142.8 0   297.2 0   275.70 0   275.60 0   325.9 0   274.82 0   274.81 0    13.4 0    62.4 0   113.4 0   -28.7 0    84.7 0     1.4 0    60.9 0     5.9 0   292.5 0   963.9 0
 2019   9  1  9 15 56 15.933  65.68   156.0 0    32.4 0     1.7 0   154.7 0   293.7 0   275.67 0   275.57 0   325.3 0   274.81 0   274.79 0    16.2 0    68.4 0   123.0 0   -31.6 0    91.5 0     1.4 0    61.2 0     6.6 0   282.6 0   963.9 0
 2019   9  1  9 15 57 15.950  65.61   203.2 0    41.5 0     2.0 0   198.6 0   292.2 0   275.64 0   275.59 0   327.0 0   274.79 0   274.80 0    19.5 0    88.5 0   158.0 0   -34.7 0   123.2 0     1.4 0    62.1 0     5.7 0   282.6 0   963.9 0
 2019   9  1  9 15 58 15.967  65.54   211.7 0    43.4 0     2.6 0   211.0 0   291.7 0   275.62 0   275.64 0   328.6 0   274.79 0   274.81 0    19.3 0    91.4 0   168.6 0   -36.9 0   131.8 0     1.4 0    63.0 0     5.1 0   277.8 0   963.9 0
 2019   9  1  9 15 59 15.983  65.48   198.8 0    40.4 0     0.4 0   198.2 0   286.2 0   275.61 0   275.61 0   328.6 0   274.79 0   274.81 0    20.9 0    86.3 0   157.9 0   -42.4 0   115.5 0     1.4 0    63.4 0     6.2 0   277.7 0   964.0 0
 2019   9  1  9 16  0 16.000  65.41   242.5 0    49.5 0     1.2 0   238.8 0   283.0 0   275.61 0   275.61 0   326.4 0   274.78 0   274.78 0    23.9 0   104.6 0   189.8 0   -43.3 0   146.5 0     1.4 0    61.1 0    10.3 0   280.7 0   964.0 0
 2019   9  1  9 16  1 16.017  65.35   262.7 0    54.3 0     1.3 0   260.8 0   282.2 0   275.61 0   275.61 0   326.1 0   274.75 0   274.75 0    25.0 0   112.8 0   207.0 0   -43.9 0   163.1 0     1.3 0    60.9 0     9.5 0   283.3 0   964.0 0
 2019   9  1  9 16  2 16.033  65.28   272.5 0    56.3 0     1.0 0   271.6 0   283.2 0   275.59 0   275.62 0   327.4 0   274.73 0   274.75 0    25.5 0   117.1 0   215.7 0   -44.2 0   171.4 0     1.3 0    61.8 0     8.7 0   285.2 0   964.0 0
 2019   9  1  9 16  3 16.050  65.22   273.3 0    56.6 0     1.4 0   273.1 0   284.9 0   275.59 0   275.64 0   327.0 0   274.71 0   274.74 0    25.2 0   117.6 0   217.1 0   -42.1 0   175.0 0     1.2 0    61.0 0     8.8 0   284.2 0   963.9 0
 2019   9  1  9 16  4 16.067  65.16   247.3 0    51.4 0     1.3 0   249.6 0   286.5 0   275.58 0   275.62 0   328.3 0   274.69 0   274.74 0    23.6 0   106.3 0   198.8 0   -41.7 0   157.0 0     1.2 0    62.5 0     5.9 0   287.3 0   963.9 0
 2019   9  1  9 16  5 16.083  65.09   218.4 0    44.8 0     0.7 0   220.3 0   288.3 0   275.57 0   275.61 0   328.8 0   274.69 0   274.74 0    22.3 0    94.4 0   175.8 0   -40.5 0   135.3 0     1.3 0    62.3 0     5.6 0   284.0 0   963.9 0
 2019   9  1  9 16  6 16.100  65.03   204.2 0    41.9 0     2.8 0   204.3 0   289.3 0   275.56 0   275.58 0   327.7 0   274.69 0   274.72 0    21.4 0    88.5 0   163.6 0   -38.4 0   125.2 0     1.3 0    62.0 0     5.7 0   293.6 0   963.8 0
 2019   9  1  9 16  7 16.117  64.97   207.1 0    42.6 0     0.4 0   206.5 0   288.6 0   275.56 0   275.59 0   328.3 0   274.69 0   274.72 0    21.8 0    89.6 0   164.0 0   -39.8 0   124.3 0     1.3 0    63.4 0     5.6 0   287.0 0   963.8 0
 2019   9  1  9 16  8 16.133  64.91   241.6 0    49.8 0     0.3 0   239.1 0   289.5 0   275.57 0   275.62 0   328.1 0   274.69 0   274.74 0    22.9 0   103.8 0   189.4 0   -38.6 0   150.9 0     1.4 0    63.4 0     5.5 0   277.9 0   963.8 0
 2019   9  1  9 16  9 16.150  64.85   241.8 0    50.2 0     0.3 0   242.2 0   292.9 0   275.57 0   275.64 0   329.9 0   274.69 0   274.75 0    20.8 0   103.3 0   192.2 0   -37.0 0   155.2 0     1.4 0    62.4 0     4.5 0   280.0 0   963.8 0
 2019   9  1  9 16 10 16.167  64.80   208.9 0    43.4 0     0.0 0   210.7 0   293.5 0   275.57 0   275.66 0   329.4 0   274.71 0   274.76 0    19.3 0    90.1 0   167.3 0   -35.9 0   131.4 0     1.4 0    62.8 0     4.8 0   286.5 0   963.8 0
 2019   9  1  9 16 11 16.183  64.74   214.5 0    44.1 0     0.3 0   214.0 0   291.2 0   275.59 0   275.61 0   329.0 0   274.72 0   274.77 0    21.3 0    93.2 0   170.0 0   -37.8 0   132.2 0     1.4 0    61.6 0     6.4 0   286.3 0   963.8 0
 2019   9  1  9 16 12 16.200  64.68   231.2 0    47.4 0     0.5 0   230.3 0   288.8 0   275.59 0   275.60 0   328.9 0   274.72 0   274.76 0    23.3 0   100.6 0   183.1 0   -40.1 0   143.0 0     1.4 0    61.4 0     6.2 0   312.5 0   963.7 0
 2019   9  1  9 16 13 16.217  64.63   243.6 0    49.9 0     0.8 0   243.2 0   286.7 0   275.58 0   275.64 0   328.2 0   274.73 0   274.76 0    24.7 0   105.7 0   193.6 0   -41.5 0   152.0 0     1.4 0    62.1 0     6.3 0   293.5 0   963.6 0
 2019   9  1  9 16 14 16.233  64.57   256.4 0    52.6 0    16.5 0   248.3 0   285.0 0   275.59 0   275.68 0   329.9 0   274.74 0   274.80 0    25.4 0   111.2 0   202.8 0   -44.8 0   157.9 0     1.5 0    62.2 0     5.5 0   290.0 0   963.7 0
 2019   9  1  9 16 15 16.250  64.52   253.3 0    51.9 0     1.4 0   252.2 0   284.4 0   275.61 0   275.67 0   328.2 0   274.74 0   274.80 0    25.5 0   108.8 0   200.9 0   -43.8 0   157.1 0     1.5 0    59.1 0     6.6 0   303.4 0   963.7 0
 2019   9  1  9 16 16 16.267  64.46   259.5 0    53.5 0     0.8 0   258.7 0   284.0 0   275.61 0   275.68 0   328.3 0   274.75 0   274.79 0    25.9 0   111.6 0   205.5 0   -44.3 0   161.2 0     1.4 0    59.4 0     7.5 0   280.5 0   963.6 0
 2019   9  1  9 16 17 16.283  64.41   290.5 0    60.4 0     0.3 0   288.5 0   285.1 0   275.61 0   275.73 0   328.8 0   274.74 0   274.82 0    27.3 0   124.8 0   228.3 0   -43.6 0   184.6 0     1.4 0    60.8 0     7.2 0   283.2 0   963.6 0
 2019   9  1  9 16 18 16.300  64.36   322.7 0    68.3 0    11.5 0   317.3 0   287.2 0   275.63 0   275.83 0   330.9 0   274.76 0   274.86 0    27.6 0   138.6 0   254.0 0   -43.7 0   210.3 0     1.5 0    61.2 0     6.0 0   293.2 0   963.6 0
 2019   9  1  9 16 19 16.317  64.31   432.9 0    95.2 0   288.3 0   305.3 0   290.7 0   275.68 0   275.94 0   336.6 0   274.80 0   274.97 0    28.0 0   182.6 0   335.0 0   -45.9 0   289.1 0     1.6 0    61.1 0     4.5 0   307.4 0   963.6 0
 2019   9  1  9 16 20 16.333  64.26   248.8 0    51.6 0     1.0 0   252.3 0   291.3 0   275.75 0   275.95 0   332.0 0   274.84 0   274.96 0    23.6 0   106.6 0   201.1 0   -40.7 0   160.4 0     1.7 0    59.5 0     7.5 0   291.3 0   963.6 0
 2019   9  1  9 16 21 16.350  64.21   244.4 0    50.5 0     0.4 0   245.2 0   289.2 0   275.80 0   275.89 0   328.6 0   274.86 0   274.90 0    24.4 0   105.6 0   194.8 0   -39.4 0   155.5 0     1.6 0    58.8 0    10.3 0   279.1 0   963.5 0
 2019   9  1  9 16 22 16.367  64.16   257.2 0    53.5 0     0.9 0   257.1 0   288.5 0   275.81 0   275.88 0   328.9 0   274.85 0   274.90 0    25.3 0   111.0 0   204.0 0   -40.5 0   163.5 0     1.5 0    60.7 0     6.3 0   297.1 0   963.5 0
 2019   9  1  9 16 23 16.383  64.11   276.2 0    57.8 0     1.9 0   274.8 0   288.7 0   275.83 0   275.95 0   330.3 0   274.86 0   274.93 0    26.0 0   119.1 0   217.9 0   -41.6 0   176.3 0     1.6 0    60.3 0     6.1 0   290.4 0   963.5 0
 2019   9  1  9 16 24 16.400  64.06   351.9 0    75.7 0   120.4 0   296.1 0   289.5 0   275.85 0   275.99 0   331.9 0   274.88 0   274.98 0    27.4 0   150.2 0   273.1 0   -42.4 0   230.7 0     1.6 0    59.3 0     6.7 0   296.9 0   963.5 0
 2019   9  1  9 16 25 16.417  64.02   288.6 0    60.7 0     4.0 0   288.2 0   289.9 0   275.89 0   276.03 0   331.7 0   274.90 0   275.00 0    26.1 0   123.9 0   229.4 0   -41.8 0   187.5 0     1.6 0    59.4 0     5.6 0   296.9 0   963.5 0
 2019   9  1  9 16 26 16.433  63.97   311.3 0    65.7 0    23.3 0   298.6 0   289.5 0   275.91 0   276.08 0   332.5 0   274.93 0   275.03 0    27.2 0   133.4 0   243.1 0   -43.0 0   200.1 0     1.7 0    59.5 0     6.3 0   283.6 0   963.5 0
 2019   9  1  9 16 27 16.450  63.93   328.6 0    68.9 0     1.6 0   327.2 0   288.7 0   275.95 0   276.15 0   333.2 0   274.94 0   275.06 0    28.7 0   140.8 0   259.0 0   -44.4 0   214.6 0     1.7 0    60.3 0     6.1 0   292.8 0   963.4 0
 2019   9  1  9 16 28 16.467  63.88   417.3 0    97.2 0   209.4 0   342.3 0   288.6 0   275.99 0   276.25 0   336.0 0   274.99 0   275.15 0    30.7 0   181.5 0   337.2 0   -47.4 0   289.8 0     1.8 0    59.6 0     6.3 0   311.7 0   963.4 0
 2019   9  1  9 16 29 16.483  63.84   628.2 0   144.3 0   703.5 0   323.4 0   290.2 0   276.07 0   276.39 0   344.0 0   275.04 0   275.32 0    32.8 0   258.2 0   489.3 0   -53.7 0   435.5 0     1.9 0    59.2 0     5.4 0   294.1 0   963.4 0
 2019   9  1  9 16 30 16.500  63.80   301.6 0    63.6 0    74.4 0   271.3 0   287.9 0   276.20 0   276.41 0   337.4 0   275.11 0   275.30 0    26.8 0   126.7 0   240.6 0   -49.5 0   191.0 0     1.9 0    58.2 0     6.4 0   285.2 0   963.4 0
 2019   9  1  9 16 31 16.517  63.76   253.1 0    53.0 0     2.5 0   256.5 0   284.5 0   276.27 0   276.37 0   334.0 0   275.15 0   275.26 0    26.5 0   109.5 0   204.6 0   -49.4 0   155.2 0     1.9 0    60.1 0     5.3 0   291.3 0   963.3 0
 2019   9  1  9 16 32 16.533  63.72   268.6 0    56.3 0     2.6 0   269.0 0   284.2 0   276.29 0   276.40 0   333.2 0   275.18 0   275.27 0    27.1 0   116.1 0   213.9 0   -49.0 0   164.9 0     1.9 0    59.5 0     5.6 0   291.7 0   963.3 0
 2019   9  1  9 16 33 16.550  63.68   398.2 0    87.9 0   270.7 0   278.5 0   282.1 0   276.32 0   276.45 0   336.5 0   275.20 0   275.34 0    29.7 0   168.3 0   310.7 0   -54.5 0   256.2 0     1.9 0    62.5 0     6.1 0   274.7 0   963.3 0
 2019   9  1  9 16 34 16.567  63.64   353.0 0    77.4 0   124.4 0   297.1 0   279.1 0   276.38 0   276.51 0   334.8 0   275.24 0   275.35 0    29.6 0   151.6 0   275.0 0   -55.8 0   219.3 0     1.9 0    61.0 0     7.8 0   272.6 0   963.4 0
 2019   9  1  9 16 35 16.583  63.60   313.9 0    68.2 0    45.8 0   295.3 0   278.4 0   276.41 0   276.53 0   333.5 0   275.25 0   275.35 0    28.5 0   134.4 0   247.6 0   -55.1 0   192.5 0     1.8 0    61.8 0     7.6 0   268.0 0   963.3 0
 2019   9  1  9 16 36 16.600  63.56   282.8 0    60.1 0    18.2 0   276.9 0   281.0 0   276.44 0   276.49 0   332.0 0   275.25 0   275.30 0    27.0 0   120.1 0   224.9 0   -51.0 0   174.0 0     1.7 0    62.5 0     8.1 0   270.1 0   963.3 0
 2019   9  1  9 16 37 16.617  63.53   253.1 0    53.1 0     1.4 0   256.7 0   283.5 0   276.43 0   276.42 0   331.1 0   275.24 0   275.28 0    25.6 0   107.8 0   204.2 0   -47.5 0   156.6 0     1.7 0    62.1 0     6.2 0   287.1 0   963.4 0
 2019   9  1  9 16 38 16.633  63.49   200.2 0    41.7 0     1.2 0   205.4 0   273.5 0   276.40 0   276.30 0   329.3 0   275.23 0   275.24 0    25.0 0    86.2 0   164.3 0   -55.7 0   108.6 0     1.7 0    61.0 0     7.5 0   289.0 0   963.4 0
 2019   9  1  9 16 39 16.650  63.46   177.8 0    36.6 0     2.7 0   179.6 0   262.4 0   276.35 0   276.19 0   326.5 0   275.21 0   275.20 0    26.3 0    77.7 0   144.1 0   -64.1 0    80.0 0     1.7 0    60.4 0     7.2 0   288.1 0   963.4 0
 2019   9  1  9 16 40 16.667  63.42   197.1 0    40.3 0     1.0 0   196.8 0   263.0 0   276.29 0   276.10 0   324.8 0   275.17 0   275.14 0    27.8 0    86.2 0   157.0 0   -61.8 0    95.2 0     1.6 0    59.6 0     8.2 0   287.7 0   963.3 0
 2019   9  1  9 16 41 16.683  63.39   208.7 0    42.3 0     1.0 0   209.6 0   269.6 0   276.22 0   276.09 0   327.3 0   275.14 0   275.13 0    27.2 0    90.6 0   167.7 0   -57.7 0   110.0 0     1.6 0    60.4 0     5.5 0   304.8 0   963.3 0
 2019   9  1  9 16 42 16.700  63.36   192.2 0    38.8 0     0.9 0   194.0 0   273.6 0   276.17 0   276.06 0   326.6 0   275.12 0   275.11 0    25.7 0    84.0 0   155.6 0   -52.9 0   102.7 0     1.6 0    59.8 0     5.3 0   296.5 0   963.3 0
 2019   9  1  9 16 43 16.717  63.33   209.2 0    42.5 0     0.8 0   208.2 0   275.0 0   276.12 0   276.01 0   327.2 0   275.09 0   275.09 0    26.3 0    91.2 0   166.1 0   -52.2 0   113.9 0     1.6 0    59.0 0     4.5 0   292.5 0   963.2 0
 2019   9  1  9 16 44 16.733  63.30   223.2 0    45.4 0     1.1 0   223.6 0   275.6 0   276.08 0   276.01 0   328.1 0   275.08 0   275.10 0    26.9 0    96.6 0   178.6 0   -52.5 0   126.2 0     1.6 0    59.4 0     6.7 0   285.6 0   963.2 0
 2019   9  1  9 16 45 16.750  63.27   215.1 0    44.2 0     0.8 0   216.7 0   271.9 0   276.04 0   275.97 0   328.3 0   275.07 0   275.08 0    26.7 0    93.6 0   172.9 0   -56.3 0   116.6 0     1.6 0    59.8 0     6.1 0   284.9 0   963.2 0
 2019   9  1  9 16 46 16.767  63.24   295.8 0    63.4 0   132.4 0   234.8 0   270.2 0   276.00 0   275.97 0   328.8 0   275.05 0   275.10 0    28.6 0   128.6 0   231.1 0   -58.6 0   172.4 0     1.6 0    61.1 0     5.2 0   279.8 0   963.1 0
 2019   9  1  9 16 47 16.783  63.21   216.7 0    44.9 0    10.7 0   213.8 0   266.4 0   276.00 0   276.02 0   330.1 0   275.05 0   275.12 0    26.8 0    93.9 0   173.7 0   -63.7 0   110.1 0     1.7 0    61.4 0     4.3 0   295.6 0   963.1 0
 2019   9  1  9 16 48 16.800  63.18   213.9 0    45.5 0    17.0 0   210.3 0   262.4 0   276.00 0   275.94 0   326.7 0   275.06 0   275.09 0    27.6 0    96.9 0   172.5 0   -64.3 0   108.2 0     1.7 0    60.2 0     6.6 0   284.7 0   963.1 0
 2019   9  1  9 16 49 16.817  63.15   358.4 0    81.2 0   245.1 0   254.3 0   265.6 0   276.00 0   275.97 0   330.6 0   275.05 0   275.14 0    31.3 0   154.8 0   283.8 0   -65.0 0   218.8 0     1.6 0    60.6 0     5.9 0   298.1 0   963.1 0
 2019   9  1  9 16 50 16.833  63.13   371.6 0    81.1 0   200.7 0   280.1 0   267.2 0   276.00 0   276.10 0   334.4 0   275.07 0   275.19 0    32.2 0   163.2 0   289.7 0   -67.2 0   222.5 0     1.7 0    62.3 0     4.7 0   285.8 0   963.1 0
 2019   9  1  9 16 51 16.850  63.10   412.5 0    90.4 0   225.7 0   305.4 0   266.5 0   276.06 0   276.25 0   336.4 0   275.09 0   275.26 0    33.4 0   174.6 0   317.1 0   -69.9 0   247.2 0     1.8 0    62.3 0     6.9 0   272.0 0   963.0 0
 2019   9  1  9 16 52 16.867  63.08   333.5 0    71.2 0    85.2 0   296.6 0   269.3 0   276.14 0   276.31 0   335.6 0   275.13 0   275.28 0    31.9 0   142.6 0   264.0 0   -66.3 0   197.7 0     1.9 0    63.1 0     6.9 0   280.6 0   963.0 0
 2019   9  1  9 16 53 16.883  63.06   307.2 0    64.2 0     0.7 0   308.7 0   271.9 0   276.20 0   276.34 0   334.2 0   275.16 0   275.29 0    31.9 0   132.1 0   244.8 0   -62.3 0   182.5 0     1.9 0    63.0 0     5.8 0   287.0 0   963.0 0
 2019   9  1  9 16 54 16.900  63.04   504.9 0   112.2 0   366.1 0   339.2 0   270.8 0   276.25 0   276.47 0   337.9 0   275.20 0   275.40 0    37.2 0   215.7 0   393.0 0   -67.1 0   325.9 0     2.1 0    62.3 0     5.7 0   285.1 0   963.0 0
 2019   9  1  9 16 55 16.917  63.01   367.3 0    78.7 0    88.3 0   327.4 0   270.2 0   276.33 0   276.57 0   339.8 0   275.26 0   275.46 0    34.5 0   156.1 0   288.8 0   -69.6 0   219.2 0     2.1 0    61.2 0     4.7 0   296.1 0   963.0 0
 2019   9  1  9 16 56 16.933  62.99   321.8 0    68.7 0    29.5 0   313.2 0   270.6 0   276.40 0   276.57 0   336.9 0   275.31 0   275.45 0    33.1 0   140.1 0   257.9 0   -66.3 0   191.5 0     2.1 0    60.1 0     4.9 0   291.2 0   962.9 0
 2019   9  1  9 16 57 16.950  62.97   426.6 0    92.9 0   228.3 0   320.8 0   274.9 0   276.45 0   276.63 0   337.9 0   275.35 0   275.52 0    34.3 0   178.9 0   331.7 0   -63.0 0   268.7 0     2.1 0    58.1 0     7.1 0   287.9 0   962.9 0
 2019   9  1  9 16 58 16.967  62.95   290.9 0    60.6 0     2.2 0   293.2 0   277.1 0   276.49 0   276.59 0   334.7 0   275.37 0   275.47 0    30.4 0   125.3 0   233.6 0   -57.6 0   176.0 0     2.0 0    57.9 0     5.4 0   292.5 0   962.9 0
 2019   9  1  9 16 59 16.983  62.94   294.2 0    61.6 0    25.1 0   285.1 0   279.7 0   276.51 0   276.62 0   334.3 0   275.39 0   275.49 0    29.4 0   126.8 0   234.9 0   -54.6 0   180.3 0     2.0 0    58.9 0     7.4 0   283.7 0   963.0 0
 2019   9  1  9 17  0 17.000  62.92   328.5 0    71.3 0    93.2 0   285.9 0   280.2 0   276.54 0   276.61 0   333.9 0   275.40 0   275.48 0    29.8 0   144.0 0   257.0 0   -53.8 0   203.3 0     2.0 0    60.7 0     7.2 0   276.6 0   962.9 0
 2019   9  1  9 17  1 17.017  62.90   405.3 0    88.9 0   158.0 0   328.1 0   279.9 0   276.55 0   276.69 0   336.7 0   275.42 0   275.53 0    32.1 0   174.5 0   311.1 0   -56.8 0   254.3 0     2.0 0    57.5 0     7.1 0   281.2 0   962.9 0
 2019   9  1  9 17  2 17.033  62.89   440.8 0    96.9 0   200.3 0   344.3 0   279.3 0   276.58 0   276.76 0   338.0 0   275.43 0   275.59 0    33.6 0   188.9 0   338.7 0   -58.6 0   280.0 0     2.0 0    57.7 0     6.1 0   288.2 0   962.9 0
 2019   9  1  9 17  3 17.050  62.87   413.1 0    90.3 0   166.0 0   336.8 0   279.0 0   276.64 0   276.85 0   338.9 0   275.47 0   275.66 0    33.3 0   175.9 0   322.1 0   -59.9 0   262.2 0     2.2 0    58.2 0     6.6 0   290.4 0   962.9 0
 2019   9  1  9 17  4 17.067  62.86   366.4 0    79.2 0   115.6 0   315.0 0   277.7 0   276.70 0   276.86 0   337.7 0   275.52 0   275.69 0    31.9 0   157.1 0   288.5 0   -59.9 0   228.6 0     2.3 0    57.5 0     4.9 0   292.6 0   962.9 0
 2019   9  1  9 17  5 17.083  62.85   304.6 0    64.5 0    38.3 0   288.7 0   278.0 0   276.73 0   276.80 0   335.9 0   275.55 0   275.65 0    29.7 0   130.3 0   241.6 0   -57.8 0   183.8 0     2.2 0    56.0 0     5.9 0   310.4 0   962.8 0
 2019   9  1  9 17  6 17.100  62.84   286.6 0    61.0 0    14.4 0   282.7 0   281.3 0   276.73 0   276.78 0   335.2 0   275.56 0   275.63 0    28.5 0   123.0 0   228.2 0   -53.9 0   174.3 0     2.2 0    57.3 0     5.2 0   298.8 0   962.8 0
 2019   9  1  9 17  7 17.117  62.82   313.4 0    68.5 0    49.7 0   295.4 0   279.5 0   276.73 0   276.77 0   334.2 0   275.57 0   275.62 0    29.6 0   136.3 0   249.6 0   -54.8 0   194.9 0     2.1 0    55.6 0     6.4 0   313.4 0   962.8 0
 2019   9  1  9 17  8 17.133  62.81   373.7 0    80.7 0   101.9 0   321.9 0   276.1 0   276.73 0   276.79 0   335.5 0   275.57 0   275.66 0    32.5 0   158.2 0   287.8 0   -59.3 0   228.5 0     2.1 0    56.2 0     5.9 0   301.7 0   962.8 0
 2019   9  1  9 17  9 17.150  62.80   369.8 0    79.5 0    45.1 0   348.2 0   278.2 0   276.73 0   276.86 0   337.2 0   275.57 0   275.68 0    32.7 0   157.3 0   289.3 0   -59.0 0   230.3 0     2.1 0    57.2 0     5.4 0   283.8 0   962.8 0
 2019   9  1  9 17 10 17.167  62.80   399.2 0    85.8 0    94.2 0   355.5 0   281.3 0   276.74 0   276.91 0   338.0 0   275.58 0   275.70 0    32.2 0   170.9 0   312.7 0   -56.7 0   256.0 0     2.1 0    57.1 0     6.5 0   278.5 0   962.8 0
 2019   9  1  9 17 11 17.183  62.79   344.1 0    73.2 0    18.4 0   335.8 0   281.5 0   276.76 0   276.90 0   337.7 0   275.60 0   275.71 0    30.3 0   146.3 0   271.0 0   -56.2 0   214.8 0     2.1 0    58.4 0     7.2 0   279.5 0   962.8 0
 2019   9  1  9 17 12 17.200  62.78   381.2 0    83.3 0   117.9 0   327.6 0   285.0 0   276.76 0   276.86 0   336.1 0   275.61 0   275.71 0    30.5 0   164.5 0   298.3 0   -51.1 0   247.1 0     2.1 0    58.6 0     8.2 0   287.2 0   962.8 0
 2019   9  1  9 17 13 17.217  62.78   308.6 0    65.6 0     1.6 0   310.4 0   286.4 0   276.77 0   276.79 0   333.3 0   275.61 0   275.65 0    28.0 0   131.9 0   245.5 0   -47.0 0   198.5 0     2.1 0    58.5 0    10.9 0   275.7 0   962.8 0
 2019   9  1  9 17 14 17.233  62.77   301.7 0    64.3 0     3.7 0   301.6 0   283.8 0   276.74 0   276.68 0   330.8 0   275.57 0   275.55 0    28.5 0   129.8 0   238.9 0   -46.9 0   192.0 0     1.8 0    57.9 0    10.9 0   280.4 0   962.8 0
 2019   9  1  9 17 15 17.250  62.77   313.7 0    67.1 0     2.8 0   312.6 0   282.1 0   276.68 0   276.60 0   330.4 0   275.50 0   275.49 0    29.7 0   135.1 0   246.8 0   -48.3 0   198.5 0     1.6 0    58.5 0    10.0 0   281.6 0   962.8 0
 2019   9  1  9 17 16 17.267  62.76   344.8 0    74.3 0    24.5 0   333.2 0   281.2 0   276.62 0   276.61 0   331.6 0   275.44 0   275.47 0    31.0 0   148.9 0   270.1 0   -50.4 0   219.7 0     1.6 0    59.4 0     8.7 0   285.3 0   962.7 0
 2019   9  1  9 17 17 17.283  62.76   344.1 0    73.7 0    17.6 0   336.2 0   280.2 0   276.58 0   276.60 0   332.9 0   275.40 0   275.44 0    31.1 0   147.9 0   270.5 0   -52.7 0   217.8 0     1.6 0    60.0 0     7.8 0   285.4 0   962.6 0
 2019   9  1  9 17 18 17.300  62.76   337.4 0    72.0 0    15.2 0   331.3 0   278.4 0   276.53 0   276.56 0   330.5 0   275.37 0   275.41 0    31.3 0   144.9 0   266.3 0   -52.1 0   214.1 0     1.6 0    58.5 0     7.8 0   295.8 0   962.5 0
 2019   9  1  9 17 19 17.317  62.76   333.6 0    71.1 0     7.8 0   330.8 0   278.7 0   276.49 0   276.55 0   332.1 0   275.34 0   275.39 0    31.1 0   143.1 0   263.3 0   -53.4 0   209.9 0     1.6 0    58.8 0     9.2 0   283.9 0   962.6 0
 2019   9  1  9 17 20 17.333  62.76   335.8 0    71.5 0    12.3 0   330.2 0   280.8 0   276.47 0   276.53 0   332.3 0   275.31 0   275.36 0    30.5 0   144.4 0   264.3 0   -51.5 0   212.8 0     1.6 0    59.9 0     9.3 0   283.6 0   962.6 0
 2019   9  1  9 17 21 17.350  62.76   345.0 0    74.3 0    39.4 0   327.0 0   283.8 0   276.44 0   276.48 0   332.0 0   275.28 0   275.32 0    29.7 0   148.8 0   270.7 0   -48.2 0   222.5 0     1.6 0    60.0 0     9.9 0   283.6 0   962.6 0
 2019   9  1  9 17 22 17.367  62.76   306.9 0    65.6 0    18.6 0   299.9 0   285.3 0   276.41 0   276.43 0   331.6 0   275.24 0   275.29 0    27.9 0   132.4 0   242.9 0   -46.3 0   196.6 0     1.5 0    61.2 0     9.1 0   286.0 0   962.7 0
 2019   9  1  9 17 23 17.383  62.76   350.5 0    75.9 0    54.1 0   322.5 0   283.5 0   276.38 0   276.43 0   333.2 0   275.22 0   275.29 0    30.1 0   152.9 0   271.3 0   -49.7 0   221.6 0     1.6 0    60.0 0     6.8 0   290.9 0   962.7 0
 2019   9  1  9 17 24 17.400  62.77   393.6 0    85.1 0    69.9 0   357.5 0   283.4 0   276.37 0   276.53 0   336.5 0   275.21 0   275.34 0    32.0 0   169.9 0   304.4 0   -53.1 0   251.4 0     1.7 0    61.3 0     6.4 0   284.6 0   962.7 0
 2019   9  1  9 17 25 17.417  62.77   395.7 0    84.8 0    88.1 0   353.4 0   283.0 0   276.39 0   276.59 0   336.3 0   275.24 0   275.38 0    32.3 0   171.4 0   308.9 0   -53.3 0   255.5 0     1.8 0    59.7 0     8.4 0   284.4 0   962.7 0
 2019   9  1  9 17 26 17.433  62.78   378.9 0    82.3 0    64.3 0   351.8 0   281.0 0   276.42 0   276.59 0   335.4 0   275.25 0   275.36 0    32.5 0   164.5 0   298.9 0   -54.4 0   244.5 0     1.8 0    59.2 0     8.6 0   281.3 0   962.7 0
 2019   9  1  9 17 27 17.450  62.78   451.4 0    98.1 0   170.2 0   368.3 0   279.4 0   276.44 0   276.59 0   335.0 0   275.26 0   275.36 0    34.7 0   195.7 0   348.0 0   -55.6 0   292.4 0     1.7 0    58.3 0     9.2 0   281.3 0   962.7 0
 2019   9  1  9 17 28 17.467  62.79   442.3 0    96.7 0   127.1 0   379.3 0   278.7 0   276.45 0   276.60 0   334.4 0   275.25 0   275.36 0    34.6 0   191.1 0   340.8 0   -55.7 0   285.1 0     1.7 0    57.6 0    10.8 0   282.1 0   962.7 0
 2019   9  1  9 17 29 17.483  62.80   479.0 0   107.2 0   235.6 0   371.7 0   279.6 0   276.48 0   276.62 0   336.7 0   275.23 0   275.38 0    34.9 0   207.1 0   372.2 0   -57.0 0   315.2 0     1.6 0    57.8 0     7.1 0   289.9 0   962.6 0
 2019   9  1  9 17 30 17.500  62.81   380.4 0    81.7 0   114.6 0   328.5 0   281.5 0   276.50 0   276.66 0   337.2 0   275.25 0   275.42 0    31.6 0   162.8 0   299.2 0   -55.8 0   243.5 0     1.8 0    58.8 0     6.1 0   285.7 0   962.6 0
 2019   9  1  9 17 31 17.517  62.82   324.2 0    68.8 0    25.7 0   314.4 0   280.2 0   276.52 0   276.61 0   334.4 0   275.28 0   275.38 0    30.9 0   140.1 0   257.3 0   -54.2 0   203.2 0     1.8 0    58.0 0     7.6 0   283.0 0   962.6 0
 2019   9  1  9 17 32 17.533  62.83   398.5 0    86.1 0    87.0 0   355.6 0   278.5 0   276.52 0   276.60 0   334.4 0   275.28 0   275.40 0    33.5 0   172.0 0   309.2 0   -55.9 0   253.3 0     1.8 0    58.6 0     7.2 0   293.3 0   962.7 0
 2019   9  1  9 17 33 17.550  62.84   384.1 0    82.7 0    45.7 0   363.3 0   278.1 0   276.50 0   276.59 0   332.8 0   275.28 0   275.36 0    33.3 0   165.1 0   301.4 0   -54.7 0   246.8 0     1.7 0    56.9 0    10.4 0   277.0 0   962.7 0
 2019   9  1  9 17 34 17.567  62.85   388.3 0    83.3 0    65.0 0   356.0 0   281.2 0   276.49 0   276.60 0   334.4 0   275.27 0   275.34 0    32.5 0   167.5 0   302.4 0   -53.2 0   249.1 0     1.6 0    58.2 0     8.6 0   286.1 0   962.6 0
 2019   9  1  9 17 35 17.583  62.86   309.2 0    64.7 0     6.1 0   308.9 0   283.7 0   276.49 0   276.58 0   333.6 0   275.26 0   275.33 0    29.3 0   132.9 0   247.0 0   -49.9 0   197.1 0     1.7 0    58.5 0     8.8 0   272.8 0   962.7 0
 2019   9  1  9 17 36 17.600  62.88   283.1 0    58.9 0     0.9 0   284.1 0   282.6 0   276.47 0   276.45 0   331.5 0   275.24 0   275.26 0    28.4 0   121.4 0   225.5 0   -48.9 0   176.6 0     1.6 0    58.7 0    10.7 0   277.2 0   962.6 0
 2019   9  1  9 17 37 17.617  62.89   272.0 0    56.5 0     0.8 0   271.8 0   281.9 0   276.43 0   276.40 0   330.2 0   275.21 0   275.23 0    28.2 0   116.8 0   215.7 0   -48.3 0   167.4 0     1.7 0    59.0 0     9.1 0   287.2 0   962.6 0
 2019   9  1  9 17 38 17.633  62.91   277.5 0    57.5 0     0.8 0   276.3 0   282.9 0   276.39 0   276.36 0   330.4 0   275.19 0   275.22 0    28.3 0   119.4 0   219.1 0   -47.5 0   171.6 0     1.6 0    58.0 0     8.5 0   280.5 0   962.6 0
 2019   9  1  9 17 39 17.650  62.92   283.6 0    58.6 0     2.6 0   281.8 0   284.3 0   276.34 0   276.33 0   330.9 0   275.16 0   275.20 0    28.1 0   122.2 0   224.4 0   -46.6 0   177.8 0     1.6 0    57.9 0     7.2 0   286.6 0   962.6 0
 2019   9  1  9 17 40 17.667  62.94   264.9 0    54.5 0     0.8 0   265.2 0   286.8 0   276.30 0   276.30 0   332.1 0   275.15 0   275.21 0    26.6 0   114.2 0   211.1 0   -45.3 0   165.8 0     1.6 0    58.2 0     6.4 0   286.3 0   962.6 0
 2019   9  1  9 17 41 17.683  62.96   240.6 0    49.2 0     0.8 0   241.6 0   290.3 0   276.26 0   276.26 0   331.9 0   275.14 0   275.22 0    24.2 0   104.0 0   192.8 0   -41.6 0   151.2 0     1.7 0    59.0 0     3.9 0   309.4 0   962.6 0
 2019   9  1  9 17 42 17.700  62.98   206.8 0    42.1 0     0.5 0   208.3 0   292.6 0   276.23 0   276.23 0   331.8 0   275.16 0   275.21 0    21.3 0    89.7 0   166.5 0   -39.2 0   127.3 0     1.8 0    57.5 0     4.8 0   304.3 0   962.5 0
 2019   9  1  9 17 43 17.717  63.00   186.7 0    38.2 0     0.4 0   186.9 0   293.2 0   276.20 0   276.11 0   329.7 0   275.16 0   275.16 0    19.7 0    81.2 0   148.9 0   -36.4 0   112.4 0     1.7 0    56.5 0     6.9 0   284.4 0   962.5 0
 2019   9  1  9 17 44 17.733  63.02   173.1 0    35.6 0     0.7 0   173.2 0   294.5 0   276.15 0   276.04 0   328.1 0   275.13 0   275.12 0    17.9 0    75.4 0   137.9 0   -33.7 0   104.3 0     1.7 0    58.0 0     8.7 0   280.5 0   962.5 0
 2019   9  1  9 17 45 17.750  63.04   140.2 0    29.3 0     0.8 0   142.0 0   296.1 0   276.10 0   275.97 0   327.4 0   275.11 0   275.10 0    14.4 0    61.4 0   113.0 0   -31.3 0    81.7 0     1.7 0    58.0 0     6.7 0   303.1 0   962.5 0
 2019   9  1  9 17 46 17.767  63.06   123.2 0    26.3 0     0.8 0   123.8 0   296.5 0   276.05 0   275.88 0   326.6 0   275.08 0   275.05 0    12.7 0    54.4 0    97.8 0   -30.2 0    67.7 0     1.6 0    57.9 0     7.2 0   285.3 0   962.5 0
 2019   9  1  9 17 47 17.783  63.08   141.0 0    30.2 0     0.8 0   139.0 0   295.1 0   275.99 0   275.81 0   325.5 0   275.05 0   275.00 0    14.9 0    62.3 0   109.1 0   -30.4 0    78.7 0     1.5 0    56.4 0     9.7 0   281.2 0   962.6 0
 2019   9  1  9 17 48 17.800  63.11   181.0 0    38.1 0     0.8 0   177.4 0   293.5 0   275.93 0   275.77 0   325.4 0   275.00 0   274.95 0    18.6 0    79.6 0   139.6 0   -31.9 0   107.7 0     1.4 0    56.6 0    10.2 0   283.3 0   962.5 0
 2019   9  1  9 17 49 17.817  63.13   187.6 0    39.4 0     1.0 0   187.3 0   294.8 0   275.88 0   275.77 0   326.6 0   274.95 0   274.94 0    18.1 0    82.4 0   148.3 0   -31.8 0   116.5 0     1.4 0    58.0 0     7.4 0   286.7 0   962.5 0
 2019   9  1  9 17 50 17.833  63.16   163.6 0    34.7 0     1.5 0   164.3 0   295.6 0   275.83 0   275.73 0   326.7 0   274.93 0   274.91 0    16.2 0    71.8 0   130.3 0   -31.2 0    99.1 0     1.4 0    58.0 0     8.3 0   283.6 0   962.5 0
 2019   9  1  9 17 51 17.850  63.18   151.4 0    32.4 0     0.9 0   152.0 0   296.2 0   275.79 0   275.67 0   326.2 0   274.89 0   274.86 0    15.2 0    66.3 0   120.0 0   -30.0 0    90.0 0     1.4 0    57.9 0     9.9 0   282.9 0   962.5 0
 2019   9  1  9 17 52 17.867  63.21   140.3 0    30.3 0     1.6 0   140.4 0   297.3 0   275.74 0   275.62 0   325.8 0   274.85 0   274.84 0    14.1 0    61.4 0   110.8 0   -28.6 0    82.2 0     1.4 0    59.4 0     5.2 0   297.6 0   962.5 0
 2019   9  1  9 17 53 17.883  63.24   142.4 0    30.8 0     0.8 0   142.0 0   297.0 0   275.71 0   275.57 0   325.2 0   274.83 0   274.81 0    14.2 0    62.5 0   111.6 0   -28.2 0    83.4 0     1.4 0    59.3 0     8.2 0   289.9 0   962.6 0
 2019   9  1  9 17 54 17.900  63.27   157.4 0    34.0 0     3.7 0   155.1 0   296.5 0   275.66 0   275.52 0   326.1 0   274.80 0   274.77 0    15.4 0    69.3 0   122.8 0   -29.6 0    93.2 0     1.3 0    60.3 0     6.7 0   290.4 0   962.6 0
 2019   9  1  9 17 55 17.917  63.30   175.0 0    37.5 0     1.1 0   173.2 0   295.2 0   275.62 0   275.49 0   325.1 0   274.77 0   274.74 0    17.3 0    76.9 0   136.2 0   -30.0 0   106.2 0     1.3 0    59.7 0     8.5 0   298.0 0   962.6 0
 2019   9  1  9 17 56 17.933  63.33   214.2 0    45.6 0     3.6 0   209.7 0   292.1 0   275.58 0   275.49 0   326.0 0   274.74 0   274.72 0    20.7 0    94.1 0   165.7 0   -33.9 0   131.8 0     1.2 0    59.9 0     7.8 0   300.9 0   962.6 0
 2019   9  1  9 17 57 17.950  63.36   257.7 0    54.4 0    13.8 0   248.9 0   290.7 0   275.54 0   275.53 0   327.7 0   274.70 0   274.73 0    23.3 0   113.1 0   200.7 0   -37.0 0   163.7 0     1.2 0    61.2 0     6.3 0   291.6 0   962.6 0
 2019   9  1  9 17 58 17.967  63.39   254.4 0    53.4 0     3.7 0   252.9 0   290.5 0   275.52 0   275.59 0   329.9 0   274.70 0   274.75 0    22.9 0   111.0 0   201.2 0   -39.4 0   161.7 0     1.3 0    61.9 0     5.7 0   295.2 0   962.5 0
 2019   9  1  9 17 59 17.983  63.43   256.9 0    53.8 0     3.6 0   254.9 0   288.3 0   275.52 0   275.61 0   330.7 0   274.70 0   274.78 0    23.7 0   112.4 0   202.7 0   -42.3 0   160.4 0     1.4 0    62.6 0     4.5 0   292.4 0   962.5 0
 2019   9  1  9 18  0 18.000  63.46   278.7 0    58.1 0     4.6 0   275.2 0   285.3 0   275.53 0   275.67 0   332.3 0   274.72 0   274.82 0    25.8 0   121.6 0   219.2 0   -47.0 0   172.2 0     1.4 0    62.5 0     3.3 0   299.6 0   962.5 0
 2019   9  1  9 18  1 18.017  63.50   294.4 0    61.2 0     7.5 0   290.3 0   283.2 0   275.57 0   275.75 0   334.9 0   274.75 0   274.86 0    27.1 0   128.1 0   232.5 0   -51.6 0   180.9 0     1.5 0    62.5 0     4.2 0   291.8 0   962.5 0
 2019   9  1  9 18  2 18.033  63.53   299.8 0    62.5 0    10.1 0   294.8 0   282.8 0   275.61 0   275.76 0   333.4 0   274.78 0   274.86 0    27.4 0   130.5 0   236.8 0   -50.6 0   186.2 0     1.5 0    60.9 0     7.4 0   282.5 0   962.5 0
 2019   9  1  9 18  3 18.050  63.57   291.9 0    61.2 0    12.1 0   286.7 0   283.1 0   275.63 0   275.75 0   330.4 0   274.79 0   274.84 0    26.8 0   126.9 0   231.0 0   -47.3 0   183.7 0     1.4 0    60.5 0    10.0 0   278.6 0   962.5 0
 2019   9  1  9 18  4 18.067  63.61   287.2 0    60.2 0    11.5 0   281.9 0   285.1 0   275.65 0   275.76 0   330.1 0   274.79 0   274.85 0    26.3 0   125.1 0   226.8 0   -44.9 0   181.8 0     1.4 0    61.6 0     7.7 0   287.6 0   962.6 0
 2019   9  1  9 18  5 18.083  63.64   276.1 0    57.5 0     3.1 0   275.8 0   287.8 0   275.67 0   275.80 0   331.8 0   274.79 0   274.88 0    25.1 0   120.1 0   219.6 0   -44.0 0   175.6 0     1.4 0    61.7 0     6.0 0   292.5 0   962.6 0
 2019   9  1  9 18  6 18.100  63.68   259.8 0    54.3 0     6.2 0   258.9 0   290.0 0   275.68 0   275.78 0   329.8 0   274.80 0   274.88 0    23.0 0   113.3 0   207.4 0   -39.8 0   167.5 0     1.5 0    60.6 0     4.6 0   302.5 0   962.5 0
 2019   9  1  9 18  7 18.117  63.72   238.7 0    49.5 0    11.7 0   234.5 0   290.2 0   275.69 0   275.75 0   331.8 0   274.82 0   274.86 0    22.4 0   104.6 0   190.2 0   -41.6 0   148.6 0     1.5 0    59.5 0     6.0 0   311.6 0   962.6 0
 2019   9  1  9 18  8 18.133  63.76   216.5 0    44.5 0     1.8 0   216.8 0   290.9 0   275.69 0   275.69 0   328.3 0   274.81 0   274.82 0    21.7 0    94.5 0   173.2 0   -37.4 0   135.8 0     1.4 0    59.5 0     7.4 0   312.7 0   962.6 0
 2019   9  1  9 18  9 18.150  63.80   193.9 0    39.9 0     0.8 0   195.2 0   292.2 0   275.67 0   275.64 0   326.9 0   274.80 0   274.79 0    19.8 0    84.7 0   155.6 0   -34.7 0   120.9 0     1.4 0    59.7 0     7.6 0   294.6 0   962.6 0
 2019   9  1  9 18 10 18.167  63.85   172.4 0    35.8 0     0.8 0   173.2 0   293.3 0   275.65 0   275.59 0   325.4 0   274.77 0   274.75 0    18.0 0    75.4 0   137.8 0   -32.1 0   105.7 0     1.3 0    60.2 0     9.3 0   278.7 0   962.6 0
 2019   9  1  9 18 11 18.183  63.89   167.1 0    34.8 0     0.8 0   166.4 0   293.3 0   275.62 0   275.50 0   326.9 0   274.74 0   274.71 0    17.7 0    73.2 0   131.9 0   -33.6 0    98.3 0     1.2 0    60.1 0     8.8 0   287.8 0   962.6 0
 2019   9  1  9 18 12 18.200  63.93   174.0 0    35.9 0     0.8 0   172.6 0   293.0 0   275.58 0   275.49 0   326.9 0   274.71 0   274.70 0    18.4 0    76.3 0   137.0 0   -33.9 0   103.1 0     1.2 0    60.8 0     5.6 0   289.2 0   962.7 0
 2019   9  1  9 18 13 18.217  63.98   172.8 0    35.2 0     0.7 0   172.0 0   293.5 0   275.54 0   275.47 0   327.3 0   274.70 0   274.70 0    18.0 0    76.0 0   137.2 0   -33.7 0   103.4 0     1.3 0    61.7 0     4.9 0   300.6 0   962.6 0
 2019   9  1  9 18 14 18.233  64.02   160.5 0    32.5 0     0.4 0   160.8 0   293.9 0   275.51 0   275.46 0   326.3 0   274.68 0   274.69 0    16.5 0    71.0 0   128.5 0   -32.4 0    96.1 0     1.3 0    61.4 0     5.0 0   300.8 0   962.6 0
 2019   9  1  9 18 15 18.250  64.07   132.1 0    26.8 0     0.4 0   133.5 0   294.8 0   275.49 0   275.41 0   326.0 0   274.67 0   274.66 0    13.7 0    58.8 0   106.8 0   -31.2 0    75.6 0     1.3 0    61.3 0     6.2 0   287.1 0   962.6 0
 2019   9  1  9 18 16 18.267  64.12   104.2 0    21.5 0     0.6 0   105.5 0   296.0 0   275.46 0   275.30 0   325.4 0   274.65 0   274.61 0    10.8 0    46.7 0    84.3 0   -29.4 0    54.8 0     1.3 0    60.8 0     6.9 0   302.8 0   962.6 0
 2019   9  1  9 18 17 18.283  64.17    82.4 0    17.2 0     0.8 0    83.5 0   297.5 0   275.41 0   275.23 0   324.0 0   274.63 0   274.58 0     8.5 0    37.2 0    66.6 0   -26.5 0    40.1 0     1.2 0    61.1 0     5.5 0   297.4 0   962.6 0
 2019   9  1  9 18 18 18.300  64.21    68.6 0    14.5 0     0.8 0    69.3 0   298.5 0   275.36 0   275.13 0   322.8 0   274.59 0   274.53 0     7.1 0    31.3 0    55.1 0   -24.3 0    30.8 0     1.1 0    60.9 0     6.9 0   300.7 0   962.7 0
 2019   9  1  9 18 19 18.317  64.26    60.2 0    13.0 0     0.8 0    60.6 0   299.4 0   275.30 0   275.04 0   321.6 0   274.55 0   274.47 0     6.2 0    27.7 0    47.9 0   -22.1 0    25.8 0     1.0 0    61.5 0     7.5 0   294.5 0   962.6 0
 2019   9  1  9 18 20 18.333  64.32    53.1 0    11.4 0     0.8 0    53.4 0   299.9 0   275.23 0   274.97 0   321.5 0   274.50 0   274.43 0     5.5 0    24.6 0    42.3 0   -21.6 0    20.7 0     1.0 0    62.9 0     5.2 0   316.6 0   962.6 0
 2019   9  1  9 18 21 18.350  64.37    49.4 0    10.8 0     0.8 0    49.5 0   300.0 0   275.16 0   274.89 0   320.8 0   274.46 0   274.36 0     5.1 0    23.2 0    39.0 0   -20.9 0    18.1 0     0.9 0    63.3 0     6.4 0   306.8 0   962.6 0
 2019   9  1  9 18 22 18.367  64.42    50.1 0    10.9 0     0.8 0    49.7 0   301.1 0   275.10 0   274.83 0   321.2 0   274.41 0   274.33 0     5.2 0    23.5 0    39.2 0   -20.1 0    19.1 0     0.9 0    64.5 0     4.2 0   297.9 0   962.7 0
 2019   9  1  9 18 23 18.383  64.47    56.1 0    11.8 0     0.8 0    55.2 0   301.8 0   275.03 0   274.79 0   321.6 0   274.37 0   274.30 0     5.9 0    26.5 0    43.8 0   -19.8 0    24.0 0     0.9 0    65.1 0     5.7 0   281.1 0   962.6 0
 2019   9  1  9 18 24 18.400  64.52    64.0 0    13.3 0     0.8 0    63.0 0   300.9 0   274.97 0   274.73 0   320.7 0   274.34 0   274.25 0     6.8 0    30.3 0    50.1 0   -19.8 0    30.2 0     0.9 0    65.8 0     6.3 0   291.9 0   962.6 0
 2019   9  1  9 18 25 18.417  64.58    63.9 0    13.1 0     0.5 0    63.5 0   300.4 0   274.92 0   274.70 0   319.2 0   274.29 0   274.22 0     6.8 0    30.3 0    50.6 0   -18.8 0    31.7 0     0.8 0    66.9 0     5.6 0   291.7 0   962.6 0
 2019   9  1  9 18 26 18.433  64.63    63.1 0    12.9 0     0.4 0    62.7 0   300.4 0   274.86 0   274.65 0   321.8 0   274.25 0   274.19 0     6.7 0    30.1 0    49.9 0   -21.4 0    28.5 0     0.8 0    66.8 0     5.2 0   287.5 0   962.7 0
 2019   9  1  9 18 27 18.450  64.69    66.0 0    13.4 0     0.4 0    65.3 0   300.3 0   274.82 0   274.61 0   320.6 0   274.22 0   274.15 0     7.0 0    31.4 0    52.1 0   -20.3 0    31.8 0     0.7 0    67.3 0     6.6 0   282.7 0   962.7 0
 2019   9  1  9 18 28 18.467  64.75    68.4 0    13.9 0     0.4 0    67.8 0   300.6 0   274.77 0   274.57 0   320.6 0   274.17 0   274.11 0     7.3 0    32.5 0    54.1 0   -20.0 0    34.1 0     0.7 0    67.6 0     6.2 0   298.3 0   962.7 0
 2019   9  1  9 18 29 18.483  64.80    62.4 0    12.6 0     0.4 0    62.6 0   301.0 0   274.73 0   274.55 0   319.9 0   274.14 0   274.08 0     6.6 0    29.7 0    50.2 0   -18.9 0    31.4 0     0.7 0    67.9 0     6.0 0   284.5 0   962.7 0
 2019   9  1  9 18 30 18.500  64.86    52.7 0    10.8 0     0.4 0    53.0 0   301.8 0   274.69 0   274.48 0   319.6 0   274.10 0   274.03 0     5.5 0    25.1 0    42.3 0   -17.8 0    24.5 0     0.7 0    67.3 0     9.1 0   284.6 0   962.8 0
 2019   9  1  9 18 31 18.517  64.92    49.9 0    10.4 0     0.4 0    49.9 0   301.5 0   274.65 0   274.42 0   317.9 0   274.06 0   273.97 0     5.3 0    23.9 0    39.6 0   -16.5 0    23.1 0     0.6 0    67.7 0     9.0 0   286.5 0   962.8 0
 2019   9  1  9 18 32 18.533  64.98    49.0 0    10.5 0     0.6 0    48.9 0   300.9 0   274.60 0   274.36 0   319.2 0   274.00 0   273.91 0     5.3 0    23.6 0    38.7 0   -18.3 0    20.3 0     0.5 0    68.6 0     8.9 0   280.1 0   962.8 0
 2019   9  1  9 18 33 18.550  65.04    50.8 0    10.8 0     0.7 0    50.4 0   300.3 0   274.55 0   274.32 0   318.6 0   273.95 0   273.86 0     5.5 0    24.4 0    40.0 0   -18.3 0    21.7 0     0.5 0    69.5 0     7.1 0   287.7 0   962.9 0
 2019   9  1  9 18 34 18.567  65.10    50.8 0    10.6 0     0.4 0    50.6 0   300.3 0   274.50 0   274.27 0   318.5 0   273.91 0   273.83 0     5.5 0    24.3 0    40.2 0   -18.2 0    22.0 0     0.4 0    69.5 0     7.6 0   283.8 0   962.9 0
 2019   9  1  9 18 35 18.583  65.17    51.4 0    11.0 0     0.6 0    51.2 0   300.8 0   274.45 0   274.20 0   318.0 0   273.86 0   273.77 0     5.5 0    24.7 0    40.5 0   -17.2 0    23.3 0     0.4 0    69.1 0     8.0 0   291.9 0   962.9 0
 2019   9  1  9 18 36 18.600  65.23    49.3 0    10.6 0     0.8 0    49.5 0   302.7 0   274.40 0   274.16 0   319.1 0   273.80 0   273.72 0     5.2 0    23.4 0    39.3 0   -16.4 0    22.9 0     0.3 0    70.3 0     6.4 0   284.3 0   962.9 0
 2019   9  1  9 18 37 18.617  65.29    43.1 0     9.8 0     0.8 0    43.2 0   304.3 0   274.34 0   274.04 0   316.4 0   273.74 0   273.62 0     4.5 0    20.3 0    33.7 0   -12.1 0    21.6 0     0.2 0    71.1 0    12.5 0   282.0 0   963.0 0
 2019   9  1  9 18 38 18.633  65.36    35.5 0     9.1 0     0.8 0    35.5 0   305.9 0   274.27 0   273.92 0   316.6 0   273.66 0   273.51 0     3.5 0    16.4 0    26.8 0   -10.7 0    16.1 0     0.0 0    74.2 0     8.9 0   278.2 0   963.0 0
 2019   9  1  9 18 39 18.650  65.42    39.8 0    10.6 0     1.4 0    38.8 0   304.9 0   274.18 0   273.75 0   314.3 0   273.56 0   273.39 0     3.9 0    18.4 0    28.8 0    -9.4 0    19.4 0    -0.3 0    76.4 0     9.7 0   283.8 0   963.0 0
 2019   9  1  9 18 40 18.667  65.49    44.8 0    12.1 0     1.6 0    43.6 0   304.7 0   274.07 0   273.63 0   314.9 0   273.45 0   273.30 0     4.4 0    20.7 0    32.2 0   -10.2 0    22.0 0    -0.4 0    77.9 0     9.3 0   282.9 0   963.0 0
 2019   9  1  9 18 41 18.683  65.55    54.6 0    14.1 0     1.2 0    53.3 0   304.5 0   273.97 0   273.58 0   314.9 0   273.36 0   273.24 0     5.5 0    25.2 0    39.7 0   -10.4 0    29.3 0    -0.5 0    79.8 0     5.9 0   288.9 0   963.1 0
 2019   9  1  9 18 42 18.700  65.62    73.8 0    18.4 0     0.8 0    71.4 0   303.6 0   273.88 0   273.53 0   315.8 0   273.28 0   273.19 0     7.7 0    34.1 0    53.3 0   -12.2 0    41.1 0    -0.5 0    79.2 0     7.5 0   286.6 0   963.1 0
 2019   9  1  9 18 43 18.717  65.69    98.6 0    23.4 0     0.7 0    96.3 0   301.3 0   273.80 0   273.53 0   315.6 0   273.23 0   273.17 0    10.6 0    45.4 0    73.1 0   -14.3 0    58.9 0    -0.5 0    79.9 0     4.9 0   295.7 0   963.1 0
 2019   9  1  9 18 44 18.733  65.76    98.8 0    22.8 0     0.4 0    98.6 0   301.1 0   273.75 0   273.52 0   316.2 0   273.19 0   273.14 0    10.5 0    45.2 0    76.0 0   -15.2 0    60.8 0    -0.5 0    80.2 0     5.7 0   289.1 0   963.1 0
 2019   9  1  9 18 45 18.750  65.83    75.9 0    17.7 0     0.4 0    76.9 0   303.2 0   273.69 0   273.48 0   316.6 0   273.15 0   273.10 0     7.8 0    34.6 0    59.3 0   -13.3 0    46.0 0    -0.4 0    79.7 0     6.6 0   291.9 0   963.1 0
 2019   9  1  9 18 46 18.767  65.90    54.9 0    13.5 0     0.4 0    55.9 0   304.8 0   273.65 0   273.38 0   315.3 0   273.12 0   273.04 0     5.5 0    25.0 0    42.6 0   -10.5 0    32.0 0    -0.4 0    79.5 0     8.6 0   280.6 0   963.2 0
 2019   9  1  9 18 47 18.783  65.97    52.8 0    14.2 0     0.8 0    52.5 0   305.5 0   273.60 0   273.31 0   314.4 0   273.06 0   272.96 0     5.2 0    23.9 0    38.6 0    -8.9 0    29.7 0    -0.5 0    80.9 0     9.8 0   278.5 0   963.2 0
 2019   9  1  9 18 48 18.800  66.04    73.3 0    21.6 0     0.8 0    71.1 0   305.5 0   273.54 0   273.24 0   313.4 0   272.98 0   272.85 0     6.9 0    32.7 0    49.9 0    -8.0 0    41.9 0    -0.7 0    83.3 0     9.8 0   273.4 0   963.2 0
 2019   9  1  9 18 49 18.817  66.11   118.5 0    34.8 0     0.8 0   114.3 0   300.4 0   273.46 0   273.18 0   313.8 0   272.89 0   272.78 0    11.5 0    53.1 0    79.8 0   -13.4 0    66.4 0    -1.0 0    85.6 0     8.2 0   281.6 0   963.2 0
 2019   9  1  9 18 50 18.833  66.19   153.5 0    43.2 0     0.8 0   150.8 0   293.9 0   273.38 0   273.19 0   315.1 0   272.82 0   272.77 0    15.0 0    68.3 0   108.0 0   -21.1 0    86.9 0    -1.1 0    87.0 0     5.5 0   288.5 0   963.2 0
 2019   9  1  9 18 51 18.850  66.26   160.8 0    43.6 0     0.6 0   159.5 0   291.7 0   273.33 0   273.21 0   316.0 0   272.77 0   272.77 0    15.8 0    71.2 0   116.2 0   -24.3 0    91.9 0    -1.0 0    87.4 0     5.6 0   292.1 0   963.1 0
 2019   9  1  9 18 52 18.867  66.34   158.8 0    42.1 0     0.4 0   158.4 0   291.4 0   273.30 0   273.21 0   315.7 0   272.75 0   272.77 0    15.6 0    70.2 0   116.5 0   -24.3 0    92.2 0    -1.0 0    86.2 0     6.2 0   294.3 0   963.1 0
 2019   9  1  9 18 53 18.883  66.41   153.8 0    40.1 0     0.2 0   153.7 0   291.6 0   273.28 0   273.23 0   316.4 0   272.74 0   272.77 0    15.1 0    68.0 0   113.6 0   -24.8 0    88.8 0    -0.9 0    85.2 0     5.8 0   298.7 0   963.1 0
 2019   9  1  9 18 54 18.900  66.49   150.7 0    38.7 0     0.0 0   150.7 0   292.0 0   273.28 0   273.26 0   316.8 0   272.74 0   272.78 0    14.9 0    66.8 0   112.0 0   -24.8 0    87.1 0    -0.8 0    84.6 0     4.4 0   287.6 0   963.1 0
 2019   9  1  9 18 55 18.917  66.56   150.3 0    37.9 0     0.0 0   150.2 0   292.0 0   273.29 0   273.29 0   317.2 0   272.74 0   272.79 0    14.9 0    66.6 0   112.2 0   -25.2 0    87.0 0    -0.7 0    84.2 0     3.9 0   294.2 0   963.1 0
 2019   9  1  9 18 56 18.933  66.64   148.0 0    36.8 0     0.0 0   148.0 0   292.6 0   273.31 0   273.31 0   317.6 0   272.74 0   272.79 0    14.6 0    65.6 0   111.2 0   -25.0 0    86.2 0    -0.6 0    83.4 0     4.3 0   300.1 0   963.1 0
 2019   9  1  9 18 57 18.950  66.72   143.4 0    35.1 0     0.0 0   143.5 0   293.6 0   273.33 0   273.33 0   317.5 0   272.76 0   272.79 0    14.0 0    63.8 0   108.4 0   -24.0 0    84.4 0    -0.5 0    82.5 0     5.6 0   284.0 0   963.1 0
 2019   9  1  9 18 58 18.967  66.80   133.4 0    32.4 0     0.0 0   134.0 0   294.9 0   273.35 0   273.33 0   317.3 0   272.77 0   272.81 0    12.9 0    59.6 0   101.6 0   -22.4 0    79.2 0    -0.5 0    81.3 0     4.9 0   299.0 0   963.1 0
 2019   9  1  9 18 59 18.983  66.88   122.6 0    29.5 0     0.0 0   123.6 0   295.9 0   273.37 0   273.35 0   318.0 0   272.79 0   272.83 0    12.0 0    55.1 0    94.1 0   -22.1 0    72.0 0    -0.4 0    80.7 0     4.2 0   304.4 0   963.1 0
 2019   9  1  9 19  0 19.000  66.96   103.3 0    24.6 0     0.0 0   105.2 0   297.7 0   273.38 0   273.38 0   317.5 0   272.80 0   272.84 0    10.0 0    46.6 0    80.6 0   -19.8 0    60.8 0    -0.3 0    79.3 0     4.4 0   308.5 0   963.1 0
 2019   9  1  9 19  1 19.017  67.04    79.6 0    19.1 0     0.1 0    81.8 0   300.2 0   273.42 0   273.38 0   317.4 0   272.83 0   272.86 0     7.6 0    36.3 0    62.7 0   -17.1 0    45.6 0    -0.2 0    77.5 0     4.4 0   298.0 0   963.1 0
 2019   9  1  9 19  2 19.033  67.12    66.1 0    15.8 0     0.0 0    67.5 0   302.3 0   273.44 0   273.38 0   317.0 0   272.84 0   272.87 0     6.3 0    30.6 0    51.8 0   -14.7 0    37.1 0    -0.2 0    76.7 0     4.5 0   305.2 0   963.2 0
 2019   9  1  9 19  3 19.050  67.21    64.0 0    15.3 0     0.2 0    64.7 0   302.9 0   273.47 0   273.38 0   317.3 0   272.86 0   272.86 0     6.1 0    30.0 0    49.5 0   -14.4 0    35.1 0    -0.2 0    76.4 0     4.0 0   317.4 0   963.2 0
 2019   9  1  9 19  4 19.067  67.29    60.0 0    15.0 0     0.4 0    61.0 0   303.8 0   273.47 0   273.33 0   315.4 0   272.87 0   272.85 0     5.7 0    27.9 0    46.2 0   -11.6 0    34.7 0    -0.2 0    77.9 0     6.5 0   319.1 0   963.2 0
 2019   9  1  9 19  5 19.083  67.37    51.5 0    14.3 0     0.7 0    52.4 0   305.3 0   273.47 0   273.23 0   314.1 0   272.85 0   272.78 0     4.7 0    23.9 0    38.4 0    -8.9 0    29.5 0    -0.4 0    81.2 0     5.9 0   316.2 0   963.2 0
 2019   9  1  9 19  6 19.100  67.46    49.7 0    14.7 0     0.8 0    50.3 0   304.2 0   273.41 0   273.13 0   313.4 0   272.81 0   272.69 0     4.6 0    23.3 0    36.0 0    -9.1 0    26.9 0    -0.7 0    83.8 0     5.6 0   329.6 0   963.2 0
 2019   9  1  9 19  7 19.117  67.54    42.2 0    13.2 0     1.1 0    42.8 0   303.9 0   273.34 0   273.01 0   313.0 0   272.75 0   272.62 0     3.9 0    20.0 0    30.0 0    -9.1 0    20.9 0    -0.9 0    85.6 0     6.4 0   325.6 0   963.3 0
 2019   9  1  9 19  8 19.133  67.63    34.1 0    11.5 0     1.2 0    34.6 0   304.5 0   273.25 0   272.91 0   312.4 0   272.68 0   272.54 0     3.0 0    16.1 0    23.6 0    -7.8 0    15.8 0    -1.1 0    86.8 0     7.7 0   318.4 0   963.3 0
 2019   9  1  9 19  9 19.150  67.72    38.3 0    14.0 0     1.2 0    37.5 0   304.7 0   273.15 0   272.80 0   311.8 0   272.59 0   272.45 0     3.5 0    18.4 0    23.9 0    -7.2 0    16.8 0    -1.2 0    88.0 0     7.4 0   321.3 0   963.3 0
 2019   9  1  9 19 10 19.167  67.80    49.5 0    18.1 0     1.1 0    48.6 0   304.7 0   273.06 0   272.74 0   311.9 0   272.51 0   272.40 0     4.6 0    23.3 0    30.9 0    -7.2 0    23.7 0    -1.3 0    89.2 0     6.0 0   317.1 0   963.3 0
 2019   9  1  9 19 11 19.183  67.89    68.7 0    25.8 0     0.8 0    67.0 0   304.9 0   272.97 0   272.69 0   312.3 0   272.45 0   272.36 0     6.5 0    31.8 0    41.5 0    -7.4 0    34.1 0    -1.4 0    90.1 0     5.1 0   320.0 0   963.4 0
 2019   9  1  9 19 12 19.200  67.98    85.1 0    31.6 0     0.8 0    84.0 0   304.4 0   272.89 0   272.69 0   312.8 0   272.40 0   272.35 0     8.0 0    38.9 0    52.7 0    -8.5 0    44.2 0    -1.4 0    90.8 0     3.9 0   310.7 0   963.4 0
 2019   9  1  9 19 13 19.217  68.07    85.6 0    32.3 0     0.6 0    85.5 0   303.7 0   272.83 0   272.65 0   312.9 0   272.36 0   272.32 0     8.0 0    38.9 0    53.4 0    -9.1 0    44.3 0    -1.4 0    91.0 0     4.7 0   306.7 0   963.5 0
 2019   9  1  9 19 14 19.233  68.16    81.3 0    31.6 0     0.4 0    81.3 0   302.8 0   272.77 0   272.58 0   312.3 0   272.32 0   272.30 0     7.5 0    36.9 0    49.8 0    -9.4 0    40.3 0    -1.4 0    91.3 0     4.4 0   308.3 0   963.5 0
 2019   9  1  9 19 15 19.250  68.25    98.1 0    38.3 0     0.4 0    96.0 0   301.5 0   272.71 0   272.55 0   312.5 0   272.29 0   272.28 0     9.0 0    44.3 0    57.8 0   -11.0 0    46.7 0    -1.4 0    91.6 0     4.1 0   306.4 0   963.5 0
 2019   9  1  9 19 16 19.267  68.34   134.1 0    51.9 0     0.3 0   131.6 0   296.9 0   272.67 0   272.58 0   312.8 0   272.27 0   272.29 0    12.3 0    59.6 0    79.8 0   -15.8 0    63.9 0    -1.4 0    91.8 0     4.1 0   293.3 0   963.5 0
 2019   9  1  9 19 17 19.283  68.43   147.8 0    57.1 0     0.0 0   146.7 0   294.2 0   272.64 0   272.60 0   313.1 0   272.25 0   272.31 0    13.3 0    65.3 0    89.6 0   -18.9 0    70.6 0    -1.4 0    91.9 0     4.1 0   291.0 0   963.5 0
 2019   9  1  9 19 18 19.300  68.53   153.5 0    58.9 0     0.0 0   153.2 0   291.3 0   272.64 0   272.63 0   314.0 0   272.26 0   272.33 0    13.7 0    67.7 0    94.3 0   -22.7 0    71.6 0    -1.3 0    92.1 0     2.6 0   306.0 0   963.5 0
 2019   9  1  9 19 19 19.317  68.62   154.8 0    58.7 0     0.0 0   154.6 0   289.8 0   272.64 0   272.65 0   314.3 0   272.27 0   272.35 0    13.8 0    68.2 0    95.9 0   -24.5 0    71.4 0    -1.3 0    92.0 0     3.0 0   292.8 0   963.5 0
 2019   9  1  9 19 20 19.333  68.71   158.3 0    59.4 0     0.0 0   158.0 0   287.4 0   272.64 0   272.66 0   314.3 0   272.28 0   272.36 0    14.3 0    69.7 0    98.6 0   -26.9 0    71.7 0    -1.3 0    91.7 0     3.7 0   302.4 0   963.5 0
 2019   9  1  9 19 21 19.350  68.81   160.7 0    59.7 0     0.0 0   160.4 0   285.9 0   272.65 0   272.69 0   313.2 0   272.30 0   272.39 0    14.5 0    70.6 0   100.7 0   -27.3 0    73.4 0    -1.3 0    91.6 0     3.9 0   283.9 0   963.5 0
 2019   9  1  9 19 22 19.367  68.90   160.8 0    59.1 0     0.0 0   160.8 0   285.4 0   272.68 0   272.73 0   313.2 0   272.31 0   272.40 0    14.5 0    70.6 0   101.7 0   -27.9 0    73.8 0    -1.2 0    91.2 0     5.4 0   283.0 0   963.5 0
 2019   9  1  9 19 23 19.383  69.00   158.4 0    57.8 0     0.0 0   158.6 0   285.0 0   272.70 0   272.74 0   313.9 0   272.33 0   272.42 0    14.2 0    69.5 0   100.8 0   -28.9 0    71.9 0    -1.1 0    90.6 0     4.8 0   292.1 0   963.5 0
 2019   9  1  9 19 24 19.400  69.10   153.7 0    55.8 0     0.0 0   154.3 0   285.6 0   272.73 0   272.77 0   313.3 0   272.35 0   272.44 0    13.7 0    67.6 0    98.5 0   -27.7 0    70.8 0    -1.1 0    90.3 0     3.6 0   281.5 0   963.5 0
 2019   9  1  9 19 25 19.417  69.19   146.1 0    52.9 0     0.0 0   147.0 0   286.4 0   272.75 0   272.79 0   313.5 0   272.37 0   272.45 0    13.0 0    64.7 0    94.1 0   -27.1 0    67.0 0    -1.0 0    89.8 0     4.5 0   283.2 0   963.5 0
 2019   9  1  9 19 26 19.433  69.29   143.1 0    51.4 0     0.0 0   143.6 0   286.4 0   272.79 0   272.82 0   314.2 0   272.40 0   272.47 0    12.8 0    63.6 0    92.1 0   -27.8 0    64.3 0    -1.0 0    89.4 0     3.2 0   283.1 0   963.5 0
 2019   9  1  9 19 27 19.450  69.39   143.4 0    50.9 0     0.0 0   143.7 0   285.2 0   272.81 0   272.84 0   314.8 0   272.41 0   272.50 0    12.9 0    63.7 0    92.8 0   -29.6 0    63.2 0    -0.9 0    88.6 0     4.7 0   306.7 0   963.5 0
 2019   9  1  9 19 28 19.467  69.49   144.1 0    50.8 0     0.0 0   144.3 0   284.3 0   272.84 0   272.86 0   314.3 0   272.43 0   272.50 0    13.1 0    63.8 0    93.5 0   -29.9 0    63.6 0    -0.9 0    87.6 0     5.0 0   304.9 0   963.6 0
 2019   9  1  9 19 29 19.483  69.59   138.5 0    48.5 0     0.0 0   139.3 0   285.3 0   272.87 0   272.88 0   313.0 0   272.46 0   272.52 0    12.5 0    61.2 0    90.8 0   -27.7 0    63.0 0    -0.9 0    86.8 0     4.5 0   299.3 0   963.5 0
 2019   9  1  9 19 30 19.500  69.69   123.7 0    43.3 0     0.2 0   125.1 0   287.6 0   272.89 0   272.90 0   313.5 0   272.47 0   272.54 0    11.3 0    54.7 0    81.9 0   -26.0 0    55.9 0    -0.9 0    85.7 0     5.6 0   273.2 0   963.5 0
 2019   9  1  9 19 31 19.517  69.79   112.8 0    39.6 0     0.3 0   113.9 0   288.6 0   272.92 0   272.90 0   313.9 0   272.49 0   272.55 0    10.4 0    50.2 0    74.4 0   -25.3 0    49.1 0    -0.8 0    83.6 0     5.8 0   285.8 0   963.5 0
 2019   9  1  9 19 32 19.533  69.89   110.1 0    38.6 0     0.4 0   110.7 0   288.4 0   272.94 0   272.91 0   313.5 0   272.50 0   272.55 0    10.1 0    49.1 0    72.2 0   -25.2 0    47.1 0    -0.7 0    82.5 0     5.4 0   290.4 0   963.6 0
 2019   9  1  9 19 33 19.550  69.99   105.0 0    36.7 0     0.4 0   106.0 0   288.9 0   272.96 0   272.94 0   315.0 0   272.52 0   272.57 0     9.4 0    46.7 0    69.4 0   -26.1 0    43.3 0    -0.7 0    82.1 0     4.3 0   286.6 0   963.5 0
 2019   9  1  9 19 34 19.567  70.10    99.9 0    35.2 0     0.3 0   100.7 0   289.1 0   272.98 0   272.95 0   314.0 0   272.54 0   272.58 0     8.9 0    44.6 0    65.6 0   -24.9 0    40.7 0    -0.6 0    81.1 0     4.8 0   298.5 0   963.5 0
 2019   9  1  9 19 35 19.583  70.20   106.5 0    37.3 0     0.1 0   106.7 0   287.1 0   273.00 0   272.98 0   313.3 0   272.55 0   272.59 0     9.4 0    47.8 0    69.5 0   -26.2 0    43.3 0    -0.6 0    80.6 0     4.2 0   301.1 0   963.6 0
 2019   9  1  9 19 36 19.600  70.30   107.6 0    37.5 0     0.2 0   108.2 0   285.9 0   273.03 0   273.00 0   313.9 0   272.57 0   272.61 0     9.4 0    48.2 0    70.8 0   -28.0 0    42.8 0    -0.6 0    80.1 0     4.1 0   286.2 0   963.6 0
 2019   9  1  9 19 37 19.617  70.41   105.4 0    36.7 0     0.4 0   106.2 0   285.2 0   273.05 0   273.03 0   313.2 0   272.59 0   272.63 0     9.3 0    47.3 0    69.5 0   -28.0 0    41.5 0    -0.5 0    78.3 0     6.7 0   273.8 0   963.6 0
 2019   9  1  9 19 38 19.633  70.51   106.0 0    37.0 0     0.4 0   106.7 0   284.9 0   273.08 0   273.05 0   313.2 0   272.60 0   272.65 0     9.3 0    47.5 0    69.9 0   -28.3 0    41.6 0    -0.5 0    75.3 0     8.6 0   288.9 0   963.6 0
 2019   9  1  9 19 39 19.650  70.62   108.5 0    37.6 0     0.4 0   109.0 0   284.3 0   273.10 0   273.07 0   313.1 0   272.62 0   272.67 0     9.4 0    48.4 0    71.6 0   -28.8 0    42.8 0    -0.5 0    72.5 0     8.5 0   287.9 0   963.6 0
 2019   9  1  9 19 40 19.667  70.73   109.2 0    37.6 0     0.4 0   109.9 0   284.3 0   273.13 0   273.09 0   312.6 0   272.64 0   272.69 0     9.4 0    48.6 0    72.4 0   -28.3 0    44.0 0    -0.4 0    71.4 0     8.4 0   295.3 0   963.5 0
 2019   9  1  9 19 41 19.683  70.83   106.8 0    36.8 0     0.4 0   107.8 0   284.2 0   273.16 0   273.11 0   313.2 0   272.66 0   272.69 0     9.2 0    47.6 0    71.1 0   -29.1 0    42.1 0    -0.4 0    72.9 0     5.4 0   305.7 0   963.6 0
 2019   9  1  9 19 42 19.700  70.94   102.4 0    35.3 0     0.4 0   103.7 0   284.3 0   273.18 0   273.14 0   313.6 0   272.68 0   272.72 0     8.9 0    45.8 0    68.6 0   -29.3 0    39.3 0    -0.4 0    72.8 0     4.9 0   294.7 0   963.6 0
 2019   9  1  9 19 43 19.717  71.05    99.0 0    34.2 0     0.4 0   100.4 0   283.9 0   273.20 0   273.17 0   313.5 0   272.69 0   272.74 0     8.7 0    44.5 0    66.3 0   -29.6 0    36.8 0    -0.3 0    70.9 0     5.9 0   295.5 0   963.6 0
 2019   9  1  9 19 44 19.733  71.16    99.3 0    34.3 0     0.4 0   100.4 0   283.3 0   273.23 0   273.18 0   313.1 0   272.71 0   272.75 0     8.7 0    44.7 0    66.3 0   -29.8 0    36.5 0    -0.3 0    66.8 0     7.2 0   291.2 0   963.6 0
 2019   9  1  9 19 45 19.750  71.27   101.5 0    35.1 0     0.4 0   102.6 0   283.1 0   273.25 0   273.20 0   313.0 0   272.73 0   272.77 0     8.8 0    45.6 0    67.6 0   -29.9 0    37.7 0    -0.3 0    64.5 0     6.6 0   293.1 0   963.6 0
 2019   9  1  9 19 46 19.767  71.38   105.9 0    36.7 0     0.4 0   106.9 0   283.3 0   273.27 0   273.24 0   313.1 0   272.74 0   272.79 0     8.7 0    47.5 0    70.3 0   -29.8 0    40.5 0    -0.3 0    65.4 0     5.7 0   285.9 0   963.6 0
 2019   9  1  9 19 47 19.783  71.49   113.0 0    39.1 0     0.3 0   113.8 0   283.3 0   273.30 0   273.27 0   313.2 0   272.77 0   272.81 0     8.9 0    50.4 0    74.7 0   -29.9 0    44.8 0    -0.2 0    65.1 0     5.5 0   301.9 0   963.6 0
 2019   9  1  9 19 48 19.800  71.60   120.3 0    41.5 0     0.0 0   121.1 0   283.1 0   273.33 0   273.31 0   313.4 0   272.79 0   272.84 0     9.2 0    53.3 0    79.6 0   -30.3 0    49.3 0    -0.2 0    64.9 0     4.6 0   297.4 0   963.6 0
 2019   9  1  9 19 49 19.817  71.71   125.0 0    42.8 0     0.0 0   125.8 0   282.4 0   273.36 0   273.35 0   313.7 0   272.81 0   272.87 0     9.5 0    55.0 0    83.0 0   -31.3 0    51.7 0    -0.2 0    64.3 0     4.5 0   298.7 0   963.6 0
 2019   9  1  9 19 50 19.833  71.82   124.9 0    42.5 0     0.0 0   126.0 0   280.8 0   273.38 0   273.37 0   313.4 0   272.84 0   272.88 0     9.8 0    54.8 0    83.5 0   -32.7 0    50.8 0    -0.2 0    63.1 0     5.9 0   303.8 0   963.7 0
 2019   9  1  9 19 51 19.850  71.94   123.4 0    41.8 0     0.4 0   124.5 0   279.9 0   273.41 0   273.37 0   313.4 0   272.85 0   272.89 0    10.0 0    54.1 0    82.8 0   -33.5 0    49.3 0    -0.2 0    61.0 0     8.7 0   294.7 0   963.7 0
 2019   9  1  9 19 52 19.867  72.05   121.0 0    40.9 0     0.4 0   122.3 0   278.7 0   273.43 0   273.38 0   311.9 0   272.87 0   272.91 0    10.1 0    53.0 0    81.6 0   -33.2 0    48.4 0    -0.2 0    61.1 0     6.9 0   296.4 0   963.6 0
 2019   9  1  9 19 53 19.883  72.16   119.8 0    40.5 0     0.4 0   121.2 0   276.7 0   273.45 0   273.40 0   313.5 0   272.88 0   272.93 0    10.2 0    52.6 0    80.9 0   -36.8 0    44.0 0    -0.2 0    61.5 0     5.5 0   286.5 0   963.7 0
 2019   9  1  9 19 54 19.900  72.28   123.6 0    41.7 0     0.4 0   124.7 0   275.8 0   273.47 0   273.42 0   313.4 0   272.90 0   272.94 0    10.4 0    54.2 0    83.0 0   -37.6 0    45.4 0    -0.1 0    61.2 0     6.9 0   282.4 0   963.7 0
 2019   9  1  9 19 55 19.917  72.39   128.5 0    43.2 0     0.4 0   129.5 0   275.8 0   273.49 0   273.44 0   312.9 0   272.91 0   272.96 0    10.6 0    56.1 0    86.4 0   -37.1 0    49.3 0    -0.1 0    59.7 0     6.5 0   285.9 0   963.7 0
 2019   9  1  9 19 56 19.933  72.51   130.8 0    43.8 0     0.6 0   131.8 0   275.1 0   273.51 0   273.44 0   311.8 0   272.93 0   272.97 0    10.7 0    56.8 0    88.1 0   -36.7 0    51.5 0    -0.2 0    58.8 0     7.5 0   285.6 0   963.7 0
 2019   9  1  9 19 57 19.950  72.62   128.7 0    42.8 0     0.6 0   129.9 0   273.5 0   273.52 0   273.45 0   312.8 0   272.94 0   272.98 0    10.6 0    55.9 0    87.3 0   -39.3 0    48.0 0    -0.2 0    60.1 0     4.7 0   312.6 0   963.7 0
 2019   9  1  9 19 58 19.967  72.74   125.7 0    41.6 0     0.4 0   126.7 0   273.1 0   273.52 0   273.47 0   313.3 0   272.95 0   272.98 0    10.4 0    54.5 0    85.2 0   -40.2 0    45.0 0    -0.1 0    61.0 0     4.8 0   301.7 0   963.7 0
 2019   9  1  9 19 59 19.983  72.86   123.7 0    40.8 0     0.4 0   124.5 0   275.0 0   273.54 0   273.47 0   312.4 0   272.96 0   272.98 0    10.1 0    53.5 0    83.8 0   -37.4 0    46.4 0    -0.1 0    59.4 0     6.7 0   309.9 0   963.7 0
 2019   9  1  9 20  0 20.000  72.98   118.5 0    39.1 0     0.4 0   119.5 0   276.4 0   273.54 0   273.47 0   312.8 0   272.97 0   272.98 0     9.6 0    51.3 0    80.5 0   -36.4 0    44.2 0    -0.2 0    57.7 0     7.1 0   304.0 0   963.7 0
 2019   9  1  9 20  1 20.017  73.09   112.8 0    37.3 0     0.4 0   113.8 0   277.8 0   273.54 0   273.45 0   312.5 0   272.97 0   272.98 0     9.2 0    49.1 0    76.6 0   -34.7 0    41.9 0    -0.2 0    57.6 0     6.4 0   298.2 0   963.7 0
 2019   9  1  9 20  2 20.033  73.21   108.9 0    35.9 0     0.4 0   109.8 0   278.5 0   273.54 0   273.47 0   312.7 0   272.98 0   272.99 0     8.8 0    47.6 0    74.1 0   -34.2 0    39.8 0    -0.2 0    58.5 0     4.9 0   288.8 0   963.7 0
 2019   9  1  9 20  3 20.050  73.33   105.8 0    34.6 0     0.3 0   106.5 0   279.1 0   273.55 0   273.47 0   312.6 0   272.98 0   273.00 0     8.6 0    46.3 0    72.0 0   -33.5 0    38.5 0    -0.1 0    58.9 0     4.7 0   285.9 0   963.7 0
 2019   9  1  9 20  4 20.067  73.45   102.2 0    33.4 0     0.4 0   102.8 0   280.1 0   273.56 0   273.45 0   312.6 0   272.98 0   272.98 0     8.3 0    44.7 0    69.6 0   -32.5 0    37.0 0    -0.2 0    59.0 0     7.7 0   283.3 0   963.7 0
 2019   9  1  9 20  5 20.083  73.57    95.7 0    31.2 0     0.4 0    96.5 0   281.2 0   273.55 0   273.43 0   312.2 0   272.98 0   272.98 0     7.8 0    42.1 0    65.4 0   -31.0 0    34.4 0    -0.2 0    58.8 0     6.3 0   293.3 0   963.7 0
 2019   9  1  9 20  6 20.100  73.69    90.4 0    29.5 0     0.4 0    91.2 0   282.8 0   273.54 0   273.42 0   312.7 0   272.98 0   272.98 0     7.4 0    39.9 0    61.8 0   -29.9 0    31.9 0    -0.2 0    58.3 0     6.0 0   301.8 0   963.7 0
 2019   9  1  9 20  7 20.117  73.81    86.4 0    28.2 0     0.4 0    87.1 0   284.8 0   273.54 0   273.42 0   312.3 0   272.98 0   272.98 0     7.0 0    38.2 0    59.0 0   -27.5 0    31.5 0    -0.2 0    59.6 0     5.0 0   283.0 0   963.7 0
 2019   9  1  9 20  8 20.133  73.94    84.5 0    27.7 0     0.4 0    85.0 0   286.0 0   273.52 0   273.42 0   312.6 0   272.98 0   272.98 0     6.7 0    37.4 0    57.4 0   -26.6 0    30.8 0    -0.2 0    59.7 0     4.7 0   306.7 0   963.7 0
 2019   9  1  9 20  9 20.150  74.06    86.5 0    28.2 0     0.2 0    86.6 0   286.3 0   273.52 0   273.42 0   312.8 0   272.98 0   272.97 0     6.7 0    38.2 0    58.4 0   -26.5 0    31.9 0    -0.2 0    60.0 0     3.6 0   302.8 0   963.7 0
 2019   9  1  9 20 10 20.167  74.18    86.8 0    28.2 0     0.2 0    87.0 0   287.2 0   273.52 0   273.42 0   313.1 0   272.98 0   272.98 0     6.6 0    38.2 0    58.8 0   -25.8 0    32.9 0    -0.2 0    60.1 0     4.3 0   293.5 0   963.7 0
 2019   9  1  9 20 11 20.183  74.30    85.1 0    27.9 0     0.4 0    85.4 0   288.6 0   273.51 0   273.40 0   312.7 0   272.96 0   272.96 0     6.3 0    37.4 0    57.6 0   -24.2 0    33.4 0    -0.2 0    60.0 0     7.2 0   280.6 0   963.7 0
 2019   9  1  9 20 12 20.200  74.43    86.3 0    28.2 0     0.4 0    86.4 0   289.1 0   273.51 0   273.39 0   312.4 0   272.95 0   272.95 0     6.3 0    38.0 0    58.3 0   -23.3 0    35.0 0    -0.2 0    61.6 0     5.9 0   286.0 0   963.8 0
 2019   9  1  9 20 13 20.217  74.55    89.1 0    29.0 0     0.4 0    89.0 0   288.3 0   273.50 0   273.39 0   313.2 0   272.95 0   272.95 0     6.5 0    39.0 0    60.1 0   -24.9 0    35.2 0    -0.2 0    62.4 0     4.6 0   286.4 0   963.8 0
 2019   9  1  9 20 14 20.233  74.68    90.6 0    29.3 0     0.4 0    90.5 0   287.9 0   273.49 0   273.38 0   312.9 0   272.95 0   272.94 0     6.5 0    39.6 0    61.3 0   -25.0 0    36.3 0    -0.2 0    60.6 0     6.4 0   291.8 0   963.8 0
 2019   9  1  9 20 15 20.250  74.80    91.2 0    29.8 0     0.4 0    91.2 0   287.8 0   273.48 0   273.36 0   312.1 0   272.93 0   272.92 0     6.4 0    39.9 0    61.5 0   -24.3 0    37.2 0    -0.3 0    60.2 0     8.3 0   283.1 0   963.8 0
 2019   9  1  9 20 16 20.267  74.93    91.0 0    29.6 0     0.5 0    91.0 0   287.8 0   273.47 0   273.34 0   312.7 0   272.93 0   272.91 0     6.3 0    39.8 0    61.6 0   -24.9 0    36.7 0    -0.3 0    61.4 0     5.0 0   293.1 0   963.8 0
 2019   9  1  9 20 17 20.283  75.05    89.0 0    28.8 0     0.4 0    89.1 0   288.7 0   273.47 0   273.36 0   312.7 0   272.91 0   272.91 0     6.1 0    39.0 0    60.4 0   -24.0 0    36.4 0    -0.3 0    62.8 0     4.4 0   312.2 0   963.8 0
 2019   9  1  9 20 18 20.300  75.18    89.3 0    29.0 0     0.4 0    89.2 0   288.2 0   273.46 0   273.32 0   312.2 0   272.90 0   272.89 0     6.0 0    39.2 0    60.2 0   -24.0 0    36.3 0    -0.3 0    61.5 0     6.8 0   315.4 0   963.8 0
 2019   9  1  9 20 19 20.317  75.31    89.6 0    29.1 0     0.4 0    89.5 0   287.9 0   273.44 0   273.30 0   311.7 0   272.89 0   272.88 0     5.9 0    39.3 0    60.5 0   -23.9 0    36.6 0    -0.4 0    61.3 0     6.3 0   313.0 0   963.8 0
 2019   9  1  9 20 20 20.333  75.44    83.8 0    27.3 0     0.4 0    84.2 0   289.1 0   273.41 0   273.27 0   311.8 0   272.88 0   272.87 0     5.3 0    36.8 0    57.0 0   -22.7 0    34.3 0    -0.4 0    61.5 0     5.8 0   294.3 0   963.8 0
 2019   9  1  9 20 21 20.350  75.56    75.8 0    24.6 0     0.4 0    76.2 0   290.2 0   273.39 0   273.27 0   312.3 0   272.86 0   272.85 0     4.8 0    33.4 0    51.7 0   -22.1 0    29.6 0    -0.4 0    62.3 0     4.5 0   306.4 0   963.9 0
 2019   9  1  9 20 22 20.367  75.69    71.6 0    23.1 0     0.4 0    71.8 0   290.6 0   273.37 0   273.25 0   312.6 0   272.85 0   272.83 0     4.6 0    31.6 0    48.8 0   -22.0 0    26.7 0    -0.4 0    62.6 0     4.0 0   304.8 0   963.9 0
 2019   9  1  9 20 23 20.383  75.82    66.4 0    21.3 0     0.1 0    66.8 0   291.4 0   273.37 0   273.24 0   313.1 0   272.84 0   272.83 0     4.3 0    29.5 0    45.5 0   -21.7 0    23.8 0    -0.4 0    64.0 0     4.6 0   310.5 0   964.0 0
 2019   9  1  9 20 24 20.400  75.95    59.1 0    19.1 0     0.3 0    59.7 0   292.0 0   273.36 0   273.20 0   312.1 0   272.83 0   272.80 0     3.9 0    26.4 0    40.6 0   -20.2 0    20.4 0    -0.4 0    63.5 0     6.0 0   316.2 0   964.0 0
 2019   9  1  9 20 25 20.417  76.08    53.7 0    17.6 0     0.4 0    54.2 0   292.2 0   273.33 0   273.16 0   312.0 0   272.81 0   272.77 0     3.7 0    24.2 0    36.6 0   -19.9 0    16.8 0    -0.4 0    64.4 0     6.0 0   313.3 0   964.0 0
 2019   9  1  9 20 26 20.433  76.21    48.6 0    16.0 0     0.5 0    49.2 0   293.3 0   273.31 0   273.13 0   311.4 0   272.79 0   272.74 0     3.3 0    21.9 0    33.4 0   -18.1 0    15.2 0    -0.5 0    64.7 0     6.4 0   294.1 0   964.1 0
 2019   9  1  9 20 27 20.450  76.34    38.6 0    12.9 0     0.6 0    39.6 0   295.8 0   273.28 0   273.09 0   311.7 0   272.77 0   272.71 0     2.5 0    17.4 0    26.9 0   -15.9 0    10.9 0    -0.5 0    65.5 0     6.5 0   304.4 0   964.1 0
 2019   9  1  9 20 28 20.467  76.48    35.5 0    12.2 0     0.7 0    35.9 0   296.0 0   273.26 0   273.04 0   311.2 0   272.73 0   272.66 0     2.4 0    16.2 0    23.9 0   -15.2 0     8.7 0    -0.6 0    65.9 0     4.5 0   338.6 0   964.1 0
 2019   9  1  9 20 29 20.483  76.61    37.3 0    12.7 0     0.8 0    37.5 0   293.8 0   273.22 0   272.99 0   310.9 0   272.70 0   272.61 0     2.5 0    17.1 0    25.0 0   -17.1 0     7.9 0    -0.6 0    65.7 0     7.8 0   313.6 0   964.2 0
 2019   9  1  9 20 30 20.500  76.74    35.9 0    12.5 0     0.8 0    36.4 0   293.4 0   273.18 0   272.94 0   311.1 0   272.66 0   272.58 0     2.4 0    16.4 0    24.1 0   -17.8 0     6.3 0    -0.7 0    65.3 0     6.7 0   312.7 0   964.2 0
 2019   9  1  9 20 31 20.517  76.87    38.1 0    13.3 0     0.8 0    38.1 0   293.5 0   273.14 0   272.91 0   310.5 0   272.62 0   272.55 0     2.6 0    17.4 0    25.0 0   -17.0 0     8.1 0    -0.7 0    64.6 0     7.2 0   316.7 0   964.2 0
 2019   9  1  9 20 32 20.533  77.00    47.1 0    16.0 0     0.8 0    46.7 0   291.0 0   273.10 0   272.88 0   310.4 0   272.59 0   272.52 0     3.2 0    21.4 0    30.9 0   -19.4 0    11.6 0    -0.8 0    65.6 0     6.2 0   320.3 0   964.2 0
 2019   9  1  9 20 33 20.550  77.14    54.0 0    18.0 0     0.5 0    53.6 0   288.7 0   273.07 0   272.88 0   310.6 0   272.56 0   272.50 0     3.6 0    24.3 0    35.7 0   -21.9 0    13.8 0    -0.8 0    65.4 0     7.0 0   302.9 0   964.3 0
 2019   9  1  9 20 34 20.567  77.27    61.1 0    20.1 0     0.4 0    60.6 0   287.3 0   273.04 0   272.86 0   310.6 0   272.53 0   272.48 0     4.0 0    27.3 0    40.6 0   -23.3 0    17.3 0    -0.8 0    63.8 0     6.7 0   284.1 0   964.2 0
 2019   9  1  9 20 35 20.583  77.41    64.3 0    21.0 0     0.4 0    64.0 0   287.3 0   273.02 0   272.84 0   310.3 0   272.50 0   272.46 0     4.0 0    28.5 0    43.1 0   -23.0 0    20.1 0    -0.8 0    65.0 0     8.2 0   302.4 0   964.3 0
 2019   9  1  9 20 36 20.600  77.54    66.4 0    21.7 0     0.4 0    66.1 0   286.8 0   272.99 0   272.83 0   310.6 0   272.48 0   272.44 0     4.1 0    29.3 0    44.5 0   -23.8 0    20.7 0    -0.8 0    65.1 0     5.8 0   297.8 0   964.3 0
 2019   9  1  9 20 37 20.617  77.68    69.4 0    22.4 0     0.4 0    69.1 0   286.1 0   272.98 0   272.83 0   310.9 0   272.46 0   272.43 0     4.2 0    30.4 0    46.8 0   -24.7 0    22.1 0    -0.8 0    66.1 0     5.6 0   287.9 0   964.4 0
 2019   9  1  9 20 38 20.633  77.81    70.7 0    22.8 0     0.2 0    70.5 0   284.8 0   272.95 0   272.80 0   310.9 0   272.44 0   272.41 0     4.3 0    30.8 0    47.8 0   -26.0 0    21.8 0    -0.8 0    65.9 0     5.6 0   300.9 0   964.4 0
 2019   9  1  9 20 39 20.650  77.95    70.6 0    22.6 0     0.3 0    70.5 0   283.0 0   272.93 0   272.77 0   309.9 0   272.42 0   272.39 0     4.4 0    30.7 0    47.9 0   -26.8 0    21.1 0    -0.9 0    64.4 0     6.7 0   301.0 0   964.4 0
 2019   9  1  9 20 40 20.667  78.09    68.1 0    21.8 0     0.4 0    68.2 0   282.5 0   272.92 0   272.75 0   309.8 0   272.39 0   272.36 0     4.3 0    29.7 0    46.5 0   -27.4 0    19.1 0    -0.9 0    65.2 0     4.8 0   310.8 0   964.4 0
 2019   9  1  9 20 41 20.683  78.22    65.0 0    20.7 0     0.4 0    65.2 0   282.2 0   272.89 0   272.73 0   310.3 0   272.38 0   272.34 0     4.1 0    28.3 0    44.6 0   -28.0 0    16.5 0    -0.9 0    65.1 0     5.6 0   290.2 0   964.4 0
 2019   9  1  9 20 42 20.700  78.36    60.4 0    19.4 0     0.4 0    60.9 0   283.4 0   272.88 0   272.70 0   309.6 0   272.35 0   272.31 0     3.8 0    26.5 0    41.6 0   -26.2 0    15.3 0    -0.9 0    63.5 0     8.0 0   298.7 0   964.5 0
 2019   9  1  9 20 43 20.717  78.50    57.3 0    18.8 0     0.5 0    57.7 0   284.8 0   272.85 0   272.65 0   309.6 0   272.33 0   272.27 0     3.6 0    25.2 0    39.0 0   -24.8 0    14.2 0    -1.0 0    62.9 0     7.7 0   297.1 0   964.5 0
 2019   9  1  9 20 44 20.733  78.64    58.9 0    19.2 0     0.7 0    58.8 0   283.9 0   272.82 0   272.62 0   309.2 0   272.29 0   272.24 0     3.6 0    25.9 0    39.8 0   -25.3 0    14.5 0    -1.0 0    63.0 0     7.7 0   301.0 0   964.5 0
 2019   9  1  9 20 45 20.750  78.78    60.4 0    19.5 0     0.8 0    60.5 0   283.8 0   272.79 0   272.59 0   309.3 0   272.26 0   272.21 0     3.6 0    26.5 0    41.1 0   -25.5 0    15.6 0    -1.1 0    63.9 0     5.9 0   291.2 0   964.5 0
 2019   9  1  9 20 46 20.767  78.91    59.1 0    19.1 0     0.5 0    59.4 0   285.0 0   272.76 0   272.58 0   309.7 0   272.23 0   272.19 0     3.4 0    25.8 0    40.4 0   -24.7 0    15.8 0    -1.1 0    64.6 0     5.6 0   301.2 0   964.5 0
 2019   9  1  9 20 47 20.783  79.05    56.1 0    18.3 0     0.4 0    56.6 0   286.7 0   272.74 0   272.55 0   309.8 0   272.21 0   272.16 0     3.1 0    24.4 0    38.4 0   -23.1 0    15.3 0    -1.1 0    64.9 0     6.8 0   305.2 0   964.5 0
 2019   9  1  9 20 48 20.800  79.19    54.6 0    17.9 0     0.4 0    54.9 0   287.4 0   272.70 0   272.52 0   310.6 0   272.18 0   272.13 0     3.0 0    23.8 0    37.1 0   -23.1 0    13.9 0    -1.1 0    65.7 0     5.8 0   300.5 0   964.6 0
 2019   9  1  9 20 49 20.817  79.33    58.3 0    18.9 0     0.4 0    58.2 0   286.2 0   272.68 0   272.49 0   308.8 0   272.15 0   272.11 0     3.3 0    25.3 0    39.4 0   -22.6 0    16.8 0    -1.2 0    66.7 0     5.2 0   311.8 0   964.5 0
 2019   9  1  9 20 50 20.833  79.47    61.6 0    19.7 0     0.4 0    61.5 0   284.4 0   272.65 0   272.49 0   309.4 0   272.13 0   272.10 0     3.4 0    26.7 0    41.8 0   -25.0 0    16.8 0    -1.2 0    66.9 0     4.2 0   295.3 0   964.5 0
 2019   9  1  9 20 51 20.850  79.62    61.8 0    19.7 0     0.4 0    61.9 0   284.5 0   272.63 0   272.47 0   309.8 0   272.11 0   272.08 0     3.4 0    26.7 0    42.2 0   -25.3 0    17.0 0    -1.2 0    65.9 0     4.6 0   307.8 0   964.5 0
 2019   9  1  9 20 52 20.867  79.76    61.7 0    19.5 0     0.1 0    61.9 0   284.2 0   272.61 0   272.46 0   309.0 0   272.09 0   272.07 0     3.4 0    26.6 0    42.4 0   -24.8 0    17.6 0    -1.2 0    66.3 0     4.6 0   313.9 0   964.5 0
 2019   9  1  9 20 53 20.883  79.90    61.2 0    19.5 0     0.1 0    61.4 0   284.9 0   272.58 0   272.44 0   309.3 0   272.08 0   272.05 0     3.2 0    26.3 0    41.9 0   -24.4 0    17.5 0    -1.2 0    65.2 0     5.4 0   306.3 0   964.6 0
 2019   9  1  9 20 54 20.900  80.04    58.4 0    18.7 0     0.0 0    59.0 0   288.1 0   272.58 0   272.44 0   309.7 0   272.07 0   272.05 0     2.9 0    25.1 0    40.2 0   -21.7 0    18.5 0    -1.2 0    65.9 0     4.2 0   308.1 0   964.6 0
 2019   9  1  9 20 55 20.917  80.18    54.0 0    17.5 0     0.0 0    54.5 0   289.3 0   272.56 0   272.41 0   309.3 0   272.06 0   272.03 0     2.5 0    23.2 0    37.0 0   -20.0 0    17.0 0    -1.1 0    65.2 0     5.8 0   315.5 0   964.6 0
 2019   9  1  9 20 56 20.933  80.33    53.0 0    17.3 0     0.0 0    53.4 0   290.0 0   272.54 0   272.39 0   310.2 0   272.04 0   272.02 0     2.4 0    22.7 0    36.1 0   -20.2 0    15.9 0    -1.2 0    65.6 0     4.4 0   312.4 0   964.7 0
 2019   9  1  9 20 57 20.950  80.47    51.0 0    16.7 0     0.0 0    51.5 0   290.6 0   272.53 0   272.39 0   309.9 0   272.03 0   272.00 0     2.2 0    21.8 0    34.8 0   -19.3 0    15.5 0    -1.1 0    65.4 0     4.1 0   308.0 0   964.7 0
 2019   9  1  9 20 58 20.967  80.61    54.3 0    17.8 0     0.0 0    54.3 0   290.3 0   272.53 0   272.39 0   307.7 0   272.02 0   272.00 0     2.3 0    23.2 0    36.4 0   -17.5 0    19.0 0    -1.1 0    65.5 0     5.1 0   323.8 0   964.7 0
 2019   9  1  9 20 59 20.983  80.76    63.7 0    20.8 0     0.0 0    63.4 0   288.9 0   272.51 0   272.39 0   309.1 0   272.01 0   272.00 0     2.6 0    26.9 0    42.6 0   -20.3 0    22.4 0    -1.1 0    65.9 0     4.8 0   303.0 0   964.7 0
 2019   9  1  9 21  0 21.000  80.90    67.8 0    22.2 0     0.0 0    67.8 0   288.1 0   272.51 0   272.39 0   308.3 0   272.00 0   272.00 0     2.6 0    28.4 0    45.7 0   -20.2 0    25.5 0    -1.2 0    66.2 0     4.0 0   308.6 0   964.7 0
 2019   9  1  9 21  1 21.017  81.04    66.8 0    21.9 0     0.0 0    67.3 0   288.2 0   272.50 0   272.39 0   309.3 0   272.00 0   271.99 0     2.5 0    27.8 0    45.4 0   -21.1 0    24.3 0    -1.2 0    66.1 0     4.2 0   312.7 0   964.8 0
 2019   9  1  9 21  2 21.033  81.19    70.0 0    23.3 0     0.0 0    70.2 0   287.6 0   272.49 0   272.37 0   309.7 0   271.99 0   271.97 0     2.4 0    28.8 0    46.9 0   -22.1 0    24.8 0    -1.2 0    65.6 0     5.2 0   307.6 0   964.8 0
 2019   9  1  9 21  3 21.050  81.34    78.5 0    26.0 0     0.0 0    78.4 0   284.7 0   272.49 0   272.39 0   310.7 0   271.99 0   271.97 0     2.6 0    31.8 0    52.4 0   -26.1 0    26.3 0    -1.2 0    66.6 0     3.3 0   303.7 0   964.8 0
 2019   9  1  9 21  4 21.067  81.48    82.8 0    27.0 0     0.0 0    82.9 0   284.9 0   272.49 0   272.39 0   310.3 0   271.99 0   271.99 0     2.6 0    33.1 0    55.9 0   -25.4 0    30.5 0    -1.2 0    67.7 0     2.3 0   305.9 0   964.8 0
 2019   9  1  9 21  5 21.083  81.63    74.5 0    24.2 0     0.0 0    75.6 0   286.1 0   272.49 0   272.40 0   310.2 0   271.99 0   271.98 0     2.4 0    29.9 0    51.4 0   -24.2 0    27.2 0    -1.2 0    67.7 0     3.5 0   311.0 0   964.8 0
 2019   9  1  9 21  6 21.100  81.77    63.0 0    20.4 0     0.0 0    64.3 0   282.9 0   272.49 0   272.36 0   309.6 0   271.97 0   271.95 0     2.5 0    25.9 0    43.9 0   -26.7 0    17.2 0    -1.2 0    67.3 0     4.1 0   303.3 0   964.9 0
 2019   9  1  9 21  7 21.117  81.92    58.2 0    18.6 0     0.2 0    59.1 0   273.7 0   272.49 0   272.33 0   308.8 0   271.97 0   271.95 0     2.7 0    24.3 0    40.4 0   -35.1 0     5.3 0    -1.2 0    67.9 0     3.3 0   290.3 0   964.9 0
 2019   9  1  9 21  8 21.133  82.07    57.6 0    18.3 0     0.4 0    58.3 0   267.4 0   272.47 0   272.30 0   308.2 0   271.95 0   271.92 0     2.9 0    24.1 0    40.1 0   -40.8 0    -0.7 0    -1.3 0    67.6 0     4.8 0   298.6 0   964.9 0
 2019   9  1  9 21  9 21.150  82.21    56.5 0    18.1 0     0.5 0    57.3 0   268.8 0   272.46 0   272.26 0   307.8 0   271.94 0   271.89 0     2.8 0    23.7 0    39.2 0   -38.9 0     0.3 0    -1.3 0    66.0 0     6.4 0   281.8 0   964.9 0
 2019   9  1  9 21 10 21.167  82.36    55.9 0    18.2 0     0.8 0    56.8 0   273.2 0   272.43 0   272.23 0   307.4 0   271.91 0   271.85 0     2.6 0    23.3 0    38.7 0   -34.3 0     4.5 0    -1.4 0    65.7 0     6.5 0   304.5 0   964.9 0
 2019   9  1  9 21 11 21.183  82.51    51.9 0    17.1 0     0.8 0    52.9 0   273.8 0   272.40 0   272.18 0   307.3 0   271.88 0   271.81 0     2.5 0    21.7 0    35.9 0   -33.5 0     2.3 0    -1.5 0    65.1 0     8.8 0   293.5 0   965.0 0
 2019   9  1  9 21 12 21.200  82.66    47.2 0    15.6 0     0.8 0    48.3 0   269.5 0   272.37 0   272.14 0   306.9 0   271.84 0   271.77 0     2.5 0    19.9 0    32.8 0   -37.3 0    -4.5 0    -1.5 0    65.5 0     7.6 0   287.6 0   965.1 0
 2019   9  1  9 21 13 21.217  82.80    43.0 0    14.1 0     0.8 0    44.0 0   262.8 0   272.33 0   272.08 0   306.3 0   271.80 0   271.72 0     2.5 0    18.5 0    30.0 0   -43.6 0   -13.6 0    -1.6 0    66.2 0     8.8 0   284.6 0   965.0 0
 2019   9  1  9 21 14 21.233  82.95    41.1 0    13.5 0     0.8 0    41.9 0   266.7 0   272.30 0   272.05 0   306.3 0   271.75 0   271.68 0     2.4 0    17.8 0    28.5 0   -39.6 0   -11.1 0    -1.6 0    66.8 0     7.9 0   281.7 0   965.0 0
 2019   9  1  9 21 15 21.250  83.10    39.7 0    12.9 0     0.8 0    40.3 0   266.8 0   272.26 0   272.01 0   306.3 0   271.71 0   271.66 0     2.3 0    17.3 0    27.5 0   -39.6 0   -12.1 0    -1.6 0    68.0 0     4.4 0   305.9 0   965.0 0
 2019   9  1  9 21 16 21.267  83.25    39.8 0    12.7 0     0.5 0    40.4 0   265.9 0   272.23 0   272.00 0   306.3 0   271.69 0   271.64 0     2.2 0    17.1 0    27.7 0   -40.4 0   -12.7 0    -1.6 0    67.6 0     4.1 0   306.1 0   965.1 0
 2019   9  1  9 21 17 21.283  83.40    39.8 0    12.6 0     0.4 0    40.2 0   262.4 0   272.19 0   271.95 0   305.9 0   271.67 0   271.61 0     2.2 0    17.0 0    27.6 0   -43.5 0   -15.9 0    -1.6 0    66.3 0     6.9 0   290.4 0   965.1 0
 2019   9  1  9 21 18 21.300  83.55    39.2 0    12.6 0     0.4 0    39.7 0   264.9 0   272.16 0   271.91 0   305.9 0   271.64 0   271.57 0     2.1 0    16.6 0    27.2 0   -41.0 0   -13.9 0    -1.7 0    65.3 0     7.5 0   298.0 0   965.1 0
 2019   9  1  9 21 19 21.317  83.70    37.3 0    12.1 0     0.4 0    37.8 0   269.8 0   272.12 0   271.89 0   306.0 0   271.61 0   271.55 0     1.9 0    15.9 0    25.8 0   -36.2 0   -10.4 0    -1.7 0    64.7 0     7.4 0   302.6 0   965.1 0
 2019   9  1  9 21 20 21.333  83.85    37.0 0    12.1 0     0.4 0    37.5 0   271.2 0   272.09 0   271.86 0   306.0 0   271.57 0   271.52 0     1.8 0    15.8 0    25.5 0   -34.7 0    -9.2 0    -1.7 0    64.8 0     6.3 0   305.7 0   965.1 0
 2019   9  1  9 21 21 21.350  84.00    37.4 0    12.2 0     0.4 0    37.8 0   271.4 0   272.06 0   271.84 0   305.9 0   271.54 0   271.50 0     1.7 0    15.8 0    25.7 0   -34.5 0    -8.8 0    -1.7 0    65.1 0     6.4 0   315.9 0   965.1 0
 2019   9  1  9 21 22 21.367  84.15    36.7 0    12.0 0     0.4 0    37.2 0   275.7 0   272.03 0   271.82 0   306.2 0   271.52 0   271.46 0     1.6 0    15.2 0    25.3 0   -30.5 0    -5.2 0    -1.7 0    66.3 0     6.9 0   296.7 0   965.2 0
 2019   9  1  9 21 23 21.383  84.30    34.5 0    11.4 0     0.4 0    35.1 0   279.5 0   272.01 0   271.80 0   306.2 0   271.50 0   271.45 0     1.4 0    14.2 0    23.8 0   -26.6 0    -2.9 0    -1.7 0    64.6 0     6.9 0   292.6 0   965.1 0
 2019   9  1  9 21 24 21.400  84.45    31.2 0    10.3 0     0.4 0    31.9 0   280.8 0   271.99 0   271.79 0   306.4 0   271.47 0   271.41 0     1.3 0    12.8 0    21.7 0   -25.6 0    -3.9 0    -1.7 0    65.4 0     5.0 0   308.0 0   965.1 0
 2019   9  1  9 21 25 21.417  84.60    27.8 0     9.1 0     0.3 0    28.6 0   281.7 0   271.97 0   271.78 0   306.5 0   271.45 0   271.41 0     1.2 0    11.5 0    19.5 0   -24.8 0    -5.2 0    -1.7 0    66.7 0     4.9 0   279.5 0   965.1 0
 2019   9  1  9 21 26 21.433  84.75    25.5 0     8.3 0     0.3 0    26.2 0   281.5 0   271.95 0   271.75 0   306.3 0   271.43 0   271.37 0     1.1 0    10.7 0    17.9 0   -24.8 0    -6.9 0    -1.8 0    67.5 0     7.1 0   283.2 0   965.1 0
 2019   9  1  9 21 27 21.450  84.90    24.1 0     7.8 0     0.4 0    24.7 0   280.4 0   271.93 0   271.72 0   306.1 0   271.41 0   271.35 0     1.1 0    10.1 0    16.9 0   -25.7 0    -8.7 0    -1.8 0    68.0 0     6.9 0   290.1 0   965.1 0
 2019   9  1  9 21 28 21.467  85.05    23.3 0     7.7 0     0.4 0    24.1 0   280.8 0   271.90 0   271.70 0   306.2 0   271.39 0   271.33 0     1.1 0     9.9 0    16.5 0   -25.3 0    -8.9 0    -1.8 0    67.9 0     5.6 0   289.6 0   965.1 0
 2019   9  1  9 21 29 21.483  85.21    23.0 0     7.6 0     0.3 0    23.6 0   280.8 0   271.89 0   271.70 0   306.2 0   271.36 0   271.31 0     1.0 0     9.6 0    16.0 0   -25.4 0    -9.4 0    -1.8 0    67.9 0     4.0 0   294.4 0   965.1 0
 2019   9  1  9 21 30 21.500  85.36    22.0 0     7.0 0     0.1 0    22.6 0   281.6 0   271.87 0   271.67 0   306.1 0   271.35 0   271.30 0     1.0 0     9.2 0    15.6 0   -24.5 0    -8.9 0    -1.8 0    68.3 0     5.1 0   290.4 0   965.1 0
 2019   9  1  9 21 31 21.517  85.51    21.2 0     7.0 0     0.0 0    21.9 0   280.8 0   271.85 0   271.65 0   306.0 0   271.33 0   271.28 0     1.0 0     9.0 0    15.0 0   -25.2 0   -10.2 0    -1.8 0    68.1 0     5.9 0   290.8 0   965.2 0
 2019   9  1  9 21 32 21.533  85.66    21.2 0     7.0 0     0.1 0    21.9 0   279.9 0   271.84 0   271.63 0   305.8 0   271.31 0   271.26 0     1.0 0     9.0 0    15.0 0   -25.9 0   -10.9 0    -1.9 0    68.3 0     6.0 0   283.8 0   965.2 0
 2019   9  1  9 21 33 21.550  85.81    21.9 0     7.0 0     0.2 0    22.5 0   278.7 0   271.81 0   271.62 0   305.8 0   271.30 0   271.26 0     0.9 0     9.1 0    15.5 0   -27.2 0   -11.6 0    -1.9 0    68.4 0     4.1 0   291.9 0   965.2 0
 2019   9  1  9 21 34 21.567  85.96    22.5 0     7.2 0     0.0 0    23.0 0   278.4 0   271.80 0   271.60 0   305.8 0   271.28 0   271.23 0     0.9 0     9.3 0    15.8 0   -27.4 0   -11.6 0    -1.9 0    67.5 0     6.8 0   282.2 0   965.2 0
 2019   9  1  9 21 35 21.583  86.12    22.5 0     7.3 0     0.0 0    23.3 0   278.7 0   271.79 0   271.59 0   305.8 0   271.26 0   271.22 0     0.8 0     9.2 0    16.0 0   -27.0 0   -11.0 0    -1.9 0    66.7 0     7.4 0   312.3 0   965.2 0
 2019   9  1  9 21 36 21.600  86.27    21.5 0     7.1 0     0.0 0    22.3 0   278.2 0   271.77 0   271.56 0   305.5 0   271.25 0   271.21 0     0.8 0     8.8 0    15.2 0   -27.3 0   -12.1 0    -1.9 0    65.6 0     7.6 0   304.4 0   965.3 0
 2019   9  1  9 21 37 21.617  86.42    19.3 0     6.6 0     0.0 0    20.2 0   275.6 0   271.75 0   271.55 0   305.2 0   271.23 0   271.19 0     0.8 0     8.0 0    13.5 0   -29.5 0   -16.0 0    -1.8 0    64.8 0     5.8 0   308.9 0   965.2 0
 2019   9  1  9 21 38 21.633  86.57    17.5 0     6.0 0     0.0 0    18.4 0   273.9 0   271.74 0   271.55 0   304.9 0   271.21 0   271.18 0     0.9 0     7.5 0    12.5 0   -31.0 0   -18.5 0    -1.8 0    65.7 0     5.4 0   287.0 0   965.3 0
 2019   9  1  9 21 39 21.650  86.72    16.7 0     5.9 0     0.0 0    17.6 0   272.4 0   271.72 0   271.53 0   305.2 0   271.21 0   271.16 0     0.9 0     7.3 0    11.7 0   -32.7 0   -21.0 0    -1.9 0    65.9 0     6.1 0   301.9 0   965.3 0
 2019   9  1  9 21 40 21.667  86.87    16.1 0     5.4 0     0.0 0    17.1 0   269.5 0   271.72 0   271.51 0   304.8 0   271.20 0   271.16 0     0.8 0     7.1 0    11.7 0   -35.3 0   -23.7 0    -1.9 0    65.2 0     5.0 0   290.1 0   965.4 0
 2019   9  1  9 21 41 21.683  87.02    15.2 0     5.2 0     0.0 0    16.3 0   263.7 0   271.70 0   271.49 0   304.5 0   271.18 0   271.14 0     0.8 0     6.8 0    11.0 0   -40.8 0   -29.7 0    -1.9 0    65.4 0     5.1 0   297.4 0   965.4 0
 2019   9  1  9 21 42 21.700  87.17    13.9 0     4.7 0     0.0 0    15.0 0   259.6 0   271.70 0   271.47 0   304.1 0   271.17 0   271.12 0     0.8 0     6.4 0    10.4 0   -44.5 0   -34.1 0    -1.9 0    65.4 0     4.7 0   306.4 0   965.4 0
 2019   9  1  9 21 43 21.717  87.32    12.0 0     4.1 0     0.0 0    13.2 0   258.8 0   271.68 0   271.45 0   303.8 0   271.16 0   271.11 0     0.8 0     5.8 0     9.1 0   -45.0 0   -35.9 0    -1.9 0    64.9 0     5.9 0   280.1 0   965.4 0
 2019   9  1  9 21 44 21.733  87.47    10.3 0     3.6 0     0.0 0    11.6 0   258.8 0   271.67 0   271.44 0   303.8 0   271.15 0   271.10 0     0.7 0     5.2 0     7.9 0   -45.0 0   -37.0 0    -1.9 0    64.6 0     6.8 0   285.7 0   965.4 0
 2019   9  1  9 21 45 21.750  87.62     8.9 0     3.1 0     0.0 0    10.2 0   260.1 0   271.65 0   271.43 0   303.8 0   271.13 0   271.08 0     0.7 0     4.8 0     7.1 0   -43.6 0   -36.6 0    -1.9 0    65.1 0     6.0 0   284.6 0   965.4 0
 2019   9  1  9 21 46 21.767  87.77     8.1 0     2.9 0     0.0 0     9.3 0   262.2 0   271.65 0   271.40 0   303.6 0   271.11 0   271.07 0     0.7 0     4.4 0     6.4 0   -41.4 0   -35.0 0    -1.9 0    64.9 0     6.8 0   289.1 0   965.5 0
 2019   9  1  9 21 47 21.783  87.92     7.5 0     2.5 0     0.0 0     8.4 0   265.2 0   271.62 0   271.40 0   303.8 0   271.11 0   271.06 0     0.6 0     4.1 0     6.0 0   -38.7 0   -32.7 0    -1.9 0    62.1 0     6.0 0   293.2 0   965.4 0
 2019   9  1  9 21 48 21.800  88.07     6.4 0     2.2 0     0.0 0     7.6 0   266.6 0   271.62 0   271.40 0   303.9 0   271.11 0   271.06 0     0.5 0     3.8 0     5.4 0   -37.3 0   -31.9 0    -1.9 0    62.1 0     6.6 0   299.0 0   965.4 0
 2019   9  1  9 21 49 21.817  88.21     5.7 0     1.8 0     0.0 0     7.1 0   269.0 0   271.61 0   271.40 0   304.1 0   271.11 0   271.06 0     0.5 0     3.6 0     5.3 0   -35.1 0   -29.8 0    -1.9 0    61.7 0     6.3 0   296.5 0   965.4 0
 2019   9  1  9 21 50 21.833  88.36     5.1 0     1.7 0     0.0 0     6.4 0   269.9 0   271.60 0   271.40 0   303.9 0   271.09 0   271.06 0     0.4 0     3.3 0     4.7 0   -34.0 0   -29.4 0    -1.9 0    59.5 0     9.1 0   304.5 0   965.4 0
 2019   9  1  9 21 51 21.850  88.50     4.3 0     1.7 0     0.0 0     5.7 0   272.5 0   271.60 0   271.40 0   304.0 0   271.08 0   271.05 0     0.4 0     3.0 0     4.1 0   -31.5 0   -27.4 0    -1.9 0    58.8 0     8.3 0   302.9 0   965.4 0
 2019   9  1  9 21 52 21.867  88.65     3.8 0     1.4 0     0.0 0     5.1 0   275.2 0   271.60 0   271.40 0   304.2 0   271.08 0   271.04 0     0.4 0     2.6 0     3.7 0   -29.0 0   -25.3 0    -1.8 0    59.5 0     6.8 0   306.9 0   965.4 0
 2019   9  1  9 21 53 21.883  88.79     3.3 0     1.1 0     0.0 0     4.7 0   275.4 0   271.60 0   271.40 0   304.1 0   271.08 0   271.04 0     0.3 0     2.4 0     3.6 0   -28.7 0   -25.0 0    -1.8 0    60.7 0     4.5 0   299.7 0   965.4 0
 2019   9  1  9 21 54 21.900  88.93     2.9 0     1.0 0     0.0 0     4.2 0   277.1 0   271.60 0   271.40 0   304.1 0   271.08 0   271.04 0     0.3 0     2.2 0     3.1 0   -27.0 0   -23.9 0    -1.8 0    60.8 0     4.8 0   292.3 0   965.4 0
 2019   9  1  9 21 55 21.917  89.06     2.6 0     1.0 0     0.0 0     4.1 0   278.6 0   271.60 0   271.40 0   304.3 0   271.07 0   271.02 0     0.2 0     2.0 0     3.1 0   -25.8 0   -22.7 0    -1.9 0    60.0 0     6.5 0   286.5 0   965.4 0
 2019   9  1  9 21 56 21.933  89.20     2.6 0     1.0 0     0.0 0     3.8 0   278.8 0   271.60 0   271.40 0   304.3 0   271.06 0   271.01 0     0.2 0     1.8 0     2.8 0   -25.4 0   -22.7 0    -1.9 0    59.1 0     6.7 0   299.2 0   965.5 0
 2019   9  1  9 21 57 21.950  89.33     2.4 0     1.0 0     0.0 0     3.5 0   278.4 0   271.60 0   271.40 0   304.3 0   271.06 0   271.01 0     0.2 0     1.8 0     2.4 0   -25.9 0   -23.5 0    -1.9 0    60.1 0     6.8 0   281.0 0   965.4 0
 2019   9  1  9 21 58 21.967  89.46     2.1 0     1.0 0     0.0 0     3.4 0   277.9 0   271.60 0   271.40 0   304.3 0   271.06 0   271.01 0     0.2 0     1.7 0     2.4 0   -26.3 0   -24.0 0    -1.9 0    60.0 0     7.0 0   285.3 0   965.4 0
 2019   9  1  9 21 59 21.983  89.59     1.6 0     0.8 0     0.0 0     2.9 0   280.2 0   271.58 0   271.40 0   304.5 0   271.06 0   271.01 0     0.2 0     1.4 0     2.1 0   -24.3 0   -22.2 0    -1.9 0    62.0 0     5.3 0   285.7 0   965.5 0
 2019   9  1  9 22  0 22.000  89.71     1.1 0     0.6 0     0.0 0     2.5 0   282.3 0   271.58 0   271.40 0   304.6 0   271.06 0   271.01 0     0.1 0     1.2 0     1.9 0   -22.3 0   -20.4 0    -1.9 0    60.3 0     6.5 0   289.7 0   965.5 0
 2019   9  1  9 22  1 22.017  89.83     0.7 0     0.3 0     0.0 0     1.9 0   283.1 0   271.58 0   271.40 0   304.4 0   271.05 0   271.01 0     0.1 0     1.0 0     1.5 0   -21.3 0   -19.7 0    -1.9 0    60.2 0     6.2 0   286.0 0   965.5 0
 2019   9  1  9 22  2 22.033  89.95     0.4 0     0.3 0     0.0 0     1.7 0   283.8 0   271.58 0   271.39 0   304.1 0   271.04 0   271.01 0     0.1 0     0.8 0     1.4 0   -20.3 0   -18.9 0    -1.9 0    59.5 0     6.6 0   308.1 0   965.5 0
 2019   9  1  9 22  3 22.050  90.86     0.0 0     0.3 0     0.0 0     1.2 0   283.5 0   271.58 0   271.38 0   304.1 0   271.04 0   271.00 0     0.0 0     0.6 0     0.8 0   -20.6 0   -19.7 0    -1.9 0    59.1 0     6.5 0   297.4 0   965.5 0
 2019   9  1  9 22  4 22.067  91.02     0.0 0     0.3 0     0.0 0     1.1 0   281.7 0   271.58 0   271.38 0   304.1 0   271.04 0   270.99 0     0.0 0     0.6 0     0.8 0   -22.4 0   -21.6 0    -1.9 0    59.8 0     5.6 0   289.7 0   965.5 0
 2019   9  1  9 22  5 22.083  91.19     0.0 0     0.3 0     0.0 0     1.1 0   280.9 0   271.56 0   271.36 0   303.9 0   271.02 0   270.98 0     0.0 0     0.6 0     0.8 0   -23.0 0   -22.2 0    -1.9 0    60.3 0     5.9 0   292.4 0   965.5 0
 2019   9  1  9 22  6 22.100  91.35    -0.1 0     0.3 0     0.1 0     1.1 0   280.2 0   271.55 0   271.34 0   303.9 0   271.01 0   270.96 0     0.0 0     0.6 0     0.8 0   -23.7 0   -22.9 0    -2.0 0    62.8 0     6.8 0   279.8 0   965.5 0
 2019   9  1  9 22  7 22.117  91.52    -0.4 0     0.3 0     0.4 0     1.1 0   279.9 0   271.55 0   271.33 0   304.2 0   271.01 0   270.94 0     0.0 0     0.4 0     0.8 0   -24.3 0   -23.5 0    -2.0 0    63.0 0     7.9 0   285.2 0   965.5 0
 2019   9  1  9 22  8 22.133  91.69    -0.4 0     0.3 0     0.4 0     0.9 0   279.7 0   271.53 0   271.31 0   303.9 0   270.99 0   270.93 0     0.0 0     0.4 0     0.5 0   -24.1 0   -23.6 0    -2.1 0    62.2 0     7.4 0   292.3 0   965.5 0
 2019   9  1  9 22  9 22.150  91.86    -0.4 0     0.3 0     0.4 0     0.8 0   279.3 0   271.52 0   271.30 0   303.6 0   270.97 0   270.91 0     0.0 0     0.2 0     0.4 0   -24.3 0   -23.9 0    -2.1 0    62.7 0     5.9 0   293.4 0   965.5 0
 2019   9  1  9 22 10 22.167  92.02    -0.4 0     0.3 0     0.4 0     0.6 0   278.8 0   271.50 0   271.28 0   303.7 0   270.96 0   270.90 0     0.0 0     0.2 0     0.2 0   -24.9 0   -24.7 0    -2.1 0    63.7 0     6.5 0   274.9 0   965.5 0
 2019   9  1  9 22 11 22.183  92.19    -0.4 0     0.3 0     0.6 0     0.4 0   278.7 0   271.49 0   271.26 0   303.7 0   270.94 0   270.88 0     0.0 0     0.2 0     0.0 0   -25.0 0   -25.0 0    -2.1 0    64.0 0     6.8 0   286.7 0   965.6 0
 2019   9  1  9 22 12 22.200  92.36    -0.4 0     0.3 0     0.6 0     0.4 0   278.6 0   271.47 0   271.25 0   303.6 0   270.91 0   270.86 0     0.0 0     0.2 0     0.0 0   -25.0 0   -25.0 0    -2.1 0    63.3 0     6.6 0   280.6 0   965.6 0
 2019   9  1  9 22 13 22.217  92.53    -0.4 0     0.3 0     0.5 0     0.4 0   278.6 0   271.45 0   271.23 0   303.8 0   270.91 0   270.86 0     0.0 0     0.2 0     0.0 0   -25.2 0   -25.1 0    -2.1 0    62.5 0     7.8 0   286.6 0   965.5 0
 2019   9  1  9 22 14 22.233  92.70    -0.7 0     0.3 0     0.4 0     0.4 0   278.6 0   271.44 0   271.22 0   303.8 0   270.89 0   270.84 0     0.0 0     0.2 0     0.0 0   -25.2 0   -25.2 0    -2.1 0    62.2 0     7.0 0   283.9 0   965.6 0
 2019   9  1  9 22 15 22.250  92.86    -0.8 0     0.3 0     0.4 0     0.4 0   278.5 0   271.43 0   271.21 0   303.7 0   270.89 0   270.83 0     0.0 0     0.2 0     0.0 0   -25.2 0   -25.1 0    -2.1 0    62.1 0     8.2 0   287.3 0   965.5 0
 2019   9  1  9 22 16 22.267  93.03    -0.8 0     0.3 0     0.4 0     0.4 0   278.4 0   271.42 0   271.21 0   303.9 0   270.88 0   270.81 0     0.0 0     0.2 0     0.0 0   -25.5 0   -25.5 0    -2.1 0    64.2 0     6.4 0   283.1 0   965.6 0
 2019   9  1  9 22 17 22.283  93.20    -0.8 0     0.3 0     0.4 0     0.4 0   277.9 0   271.40 0   271.21 0   303.7 0   270.86 0   270.81 0     0.0 0     0.2 0     0.0 0   -25.8 0   -25.7 0    -2.1 0    64.2 0     6.6 0   280.8 0   965.6 0
 2019   9  1  9 22 18 22.300  93.37    -0.8 0     0.3 0     0.4 0     0.4 0   278.0 0   271.40 0   271.19 0   303.7 0   270.86 0   270.81 0     0.0 0     0.2 0     0.0 0   -25.8 0   -25.7 0    -2.1 0    63.8 0     8.4 0   280.8 0   965.6 0
 2019   9  1  9 22 19 22.317  93.54    -0.9 0     0.3 0     0.4 0     0.4 0   278.5 0   271.40 0   271.18 0   303.3 0   270.84 0   270.81 0     0.0 0     0.2 0     0.0 0   -24.8 0   -24.8 0    -2.1 0    62.8 0     7.5 0   290.8 0   965.6 0
 2019   9  1  9 22 20 22.333  93.71    -1.1 0     0.3 0     0.4 0     0.4 0   279.0 0   271.39 0   271.18 0   303.6 0   270.84 0   270.80 0     0.0 0     0.2 0     0.0 0   -24.6 0   -24.6 0    -2.1 0    63.1 0     8.2 0   283.5 0   965.6 0
 2019   9  1  9 22 21 22.350  93.88    -1.1 0     0.3 0     0.4 0     0.4 0   279.2 0   271.38 0   271.18 0   303.8 0   270.83 0   270.79 0     0.0 0     0.2 0     0.0 0   -24.6 0   -24.6 0    -2.1 0    63.7 0     7.4 0   280.7 0   965.6 0
 2019   9  1  9 22 22 22.367  94.05    -1.1 0     0.3 0     0.4 0     0.4 0   280.1 0   271.38 0   271.18 0   303.4 0   270.82 0   270.79 0     0.0 0     0.1 0     0.1 0   -23.3 0   -23.2 0    -2.1 0    62.1 0     7.4 0   289.9 0   965.6 0
 2019   9  1  9 22 23 22.383  94.22    -1.1 0     0.1 0     0.0 0     0.4 0   280.6 0   271.38 0   271.18 0   303.4 0   270.81 0   270.79 0     0.0 0     0.0 0     0.3 0   -22.8 0   -22.5 0    -2.1 0    61.8 0     7.2 0   296.4 0   965.6 0
 2019   9  1  9 22 24 22.400  94.39    -1.1 0     0.0 0     0.0 0     0.4 0   280.1 0   271.36 0   271.18 0   303.5 0   270.81 0   270.79 0     0.0 0     0.0 0     0.4 0   -23.3 0   -23.0 0    -2.1 0    61.3 0     8.1 0   286.8 0   965.6 0
 2019   9  1  9 22 25 22.417  94.56    -1.1 0     0.0 0     0.0 0     0.4 0   280.1 0   271.36 0   271.17 0   303.3 0   270.81 0   270.79 0     0.0 0     0.0 0     0.4 0   -23.2 0   -22.8 0    -2.1 0    61.8 0     6.5 0   296.8 0   965.6 0
 2019   9  1  9 22 26 22.433  94.74    -1.1 0     0.0 0     0.0 0     0.4 0   280.4 0   271.35 0   271.16 0   303.6 0   270.81 0   270.77 0     0.0 0     0.0 0     0.4 0   -23.2 0   -22.8 0    -2.1 0    61.9 0     6.4 0   290.6 0   965.6 0
 2019   9  1  9 22 27 22.450  94.91    -1.1 0     0.0 0     0.0 0     0.4 0   280.9 0   271.35 0   271.16 0   303.7 0   270.81 0   270.76 0     0.0 0     0.0 0     0.3 0   -22.8 0   -22.4 0    -2.1 0    62.3 0     5.9 0   289.0 0   965.6 0
 2019   9  1  9 22 28 22.467  95.08    -1.1 0     0.1 0     0.1 0     0.4 0   281.5 0   271.35 0   271.16 0   303.8 0   270.81 0   270.76 0     0.0 0     0.0 0     0.3 0   -22.3 0   -22.0 0    -2.1 0    62.8 0     7.8 0   284.2 0   965.7 0
 2019   9  1  9 22 29 22.483  95.25    -1.1 0     0.0 0     0.4 0     0.4 0   281.6 0   271.35 0   271.16 0   303.8 0   270.81 0   270.76 0     0.0 0     0.0 0     0.3 0   -22.3 0   -21.9 0    -2.1 0    62.9 0     6.9 0   288.1 0   965.7 0
 2019   9  1  9 22 30 22.500  95.42    -1.1 0     0.1 0     0.4 0     0.4 0   281.3 0   271.35 0   271.16 0   303.7 0   270.81 0   270.76 0     0.0 0     0.0 0     0.3 0   -22.4 0   -22.1 0    -2.2 0    62.2 0     6.6 0   302.1 0   965.6 0
 2019   9  1  9 22 31 22.517  95.60    -1.1 0     0.2 0     0.1 0     0.4 0   281.5 0   271.35 0   271.16 0   303.5 0   270.80 0   270.76 0     0.0 0     0.0 0     0.2 0   -22.0 0   -21.8 0    -2.1 0    63.0 0     5.6 0   299.1 0   965.6 0
 2019   9  1  9 22 32 22.533  95.77    -1.1 0     0.3 0     0.0 0     0.4 0   281.6 0   271.33 0   271.13 0   303.7 0   270.79 0   270.74 0     0.0 0     0.0 0     0.1 0   -22.1 0   -22.0 0    -2.2 0    62.8 0     6.1 0   305.2 0   965.7 0
 2019   9  1  9 22 33 22.550  95.94    -1.1 0     0.1 0     0.1 0     0.4 0   281.6 0   271.33 0   271.13 0   303.8 0   270.79 0   270.74 0     0.0 0     0.0 0     0.3 0   -22.2 0   -21.9 0    -2.1 0    64.0 0     6.4 0   277.0 0   965.7 0
 2019   9  1  9 22 34 22.567  96.11    -1.1 0     0.1 0     0.4 0     0.3 0   281.7 0   271.33 0   271.13 0   303.9 0   270.79 0   270.74 0     0.0 0     0.0 0     0.0 0   -22.2 0   -22.2 0    -2.2 0    64.2 0     6.3 0   293.0 0   965.7 0
 2019   9  1  9 22 35 22.583  96.29    -1.1 0     0.0 0     0.4 0     0.3 0   281.9 0   271.33 0   271.13 0   303.6 0   270.78 0   270.74 0     0.0 0     0.0 0     0.0 0   -21.7 0   -21.7 0    -2.2 0    63.7 0     8.4 0   288.3 0   965.8 0
 2019   9  1  9 22 36 22.600  96.46    -1.1 0     0.1 0     0.5 0     0.3 0   282.9 0   271.32 0   271.12 0   303.6 0   270.76 0   270.72 0     0.0 0     0.0 0     0.0 0   -20.7 0   -20.7 0    -2.2 0    63.7 0     6.5 0   289.1 0   965.7 0
 2019   9  1  9 22 37 22.617  96.63    -1.1 0     0.2 0     0.4 0     0.3 0   284.3 0   271.31 0   271.11 0   303.7 0   270.76 0   270.71 0     0.0 0     0.0 0     0.0 0   -19.4 0   -19.4 0    -2.2 0    63.0 0     8.2 0   289.3 0   965.8 0
 2019   9  1  9 22 38 22.633  96.81    -1.1 0     0.0 0     0.4 0     0.3 0   284.8 0   271.31 0   271.11 0   303.9 0   270.76 0   270.71 0     0.0 0     0.0 0     0.0 0   -19.0 0   -19.0 0    -2.2 0    63.8 0     6.3 0   282.7 0   965.8 0
 2019   9  1  9 22 39 22.650  96.98    -1.1 0     0.1 0     0.4 0     0.4 0   283.1 0   271.31 0   271.11 0   303.8 0   270.76 0   270.71 0     0.0 0     0.0 0     0.0 0   -20.7 0   -20.7 0    -2.2 0    65.2 0     5.9 0   293.0 0   965.8 0
 2019   9  1  9 22 40 22.667  97.16    -1.1 0     0.3 0     0.4 0     0.4 0   283.1 0   271.31 0   271.10 0   303.5 0   270.76 0   270.71 0     0.0 0     0.0 0     0.0 0   -20.5 0   -20.5 0    -2.2 0    64.8 0     6.8 0   301.8 0   965.8 0
 2019   9  1  9 22 41 22.683  97.33    -1.1 0     0.3 0     0.4 0     0.2 0   283.3 0   271.30 0   271.06 0   303.3 0   270.74 0   270.68 0     0.0 0     0.0 0     0.0 0   -20.0 0   -20.0 0    -2.3 0    64.2 0     8.6 0   298.0 0   965.8 0
 2019   9  1  9 22 42 22.700  97.50    -1.1 0     0.3 0     0.4 0     0.1 0   283.6 0   271.28 0   271.04 0   303.1 0   270.72 0   270.66 0     0.0 0     0.0 0     0.0 0   -19.5 0   -19.5 0    -2.3 0    64.3 0     8.1 0   299.5 0   965.9 0
 2019   9  1  9 22 43 22.717  97.68    -1.1 0     0.3 0     0.6 0     0.1 0   284.8 0   271.26 0   271.04 0   303.5 0   270.71 0   270.64 0     0.0 0     0.0 0     0.0 0   -18.8 0   -18.8 0    -2.4 0    65.1 0     6.7 0   290.6 0   965.9 0
 2019   9  1  9 22 44 22.733  97.85    -1.1 0     0.3 0     0.8 0     0.1 0   285.4 0   271.24 0   271.02 0   303.5 0   270.69 0   270.62 0     0.0 0     0.0 0     0.0 0   -18.2 0   -18.2 0    -2.4 0    64.8 0     7.0 0   289.2 0   965.9 0
 2019   9  1  9 22 45 22.750  98.03    -1.1 0     0.3 0     0.8 0     0.1 0   286.5 0   271.23 0   271.01 0   303.4 0   270.67 0   270.62 0     0.0 0     0.0 0     0.0 0   -16.9 0   -16.9 0    -2.4 0    65.6 0     7.6 0   290.7 0   965.9 0
 2019   9  1  9 22 46 22.767  98.20    -1.1 0     0.3 0     0.5 0     0.1 0   287.4 0   271.21 0   270.99 0   303.1 0   270.66 0   270.60 0     0.0 0     0.0 0     0.0 0   -15.7 0   -15.7 0    -2.4 0    64.0 0     8.4 0   306.5 0   965.9 0
 2019   9  1  9 22 47 22.783  98.38    -1.1 0     0.3 0     0.7 0     0.0 0   289.1 0   271.20 0   270.96 0   303.0 0   270.63 0   270.56 0     0.0 0     0.0 0     0.0 0   -13.8 0   -13.8 0    -2.5 0    64.1 0     9.5 0   295.8 0   965.9 0
 2019   9  1  9 22 48 22.800  98.56    -1.1 0     0.4 0     0.8 0     0.0 0   288.9 0   271.17 0   270.92 0   302.9 0   270.61 0   270.53 0     0.0 0     0.0 0     0.0 0   -14.0 0   -14.0 0    -2.5 0    65.1 0     8.3 0   296.6 0   966.0 0
 2019   9  1  9 22 49 22.817  98.73    -1.0 0     0.4 0     0.8 0     0.1 0   285.9 0   271.14 0   270.89 0   302.6 0   270.58 0   270.51 0     0.0 0     0.0 0     0.0 0   -16.7 0   -16.7 0    -2.6 0    67.3 0     6.0 0   311.3 0   965.9 0
 2019   9  1  9 22 50 22.833  98.91    -0.8 0     0.7 0     0.5 0     0.3 0   282.9 0   271.11 0   270.84 0   302.4 0   270.55 0   270.46 0     0.0 0     0.0 0     0.0 0   -19.5 0   -19.5 0    -2.7 0    69.7 0     7.1 0   312.4 0   966.0 0
 2019   9  1  9 22 51 22.850  99.08    -0.8 0     0.5 0     0.6 0     0.2 0   277.5 0   271.07 0   270.81 0   302.3 0   270.52 0   270.44 0     0.0 0     0.0 0     0.0 0   -24.7 0   -24.7 0    -2.7 0    70.2 0     4.7 0   284.9 0   966.0 0
 2019   9  1  9 22 52 22.867  99.26    -0.8 0     0.3 0     0.8 0     0.2 0   274.6 0   271.02 0   270.77 0   301.9 0   270.49 0   270.42 0     0.0 0     0.0 0     0.0 0   -27.3 0   -27.3 0    -2.7 0    70.6 0     4.0 0   298.8 0   966.0 0
 2019   9  1  9 22 53 22.883  99.44    -0.8 0     0.3 0     0.7 0     0.1 0   273.7 0   271.00 0   270.74 0   301.9 0   270.46 0   270.39 0     0.0 0     0.0 0     0.0 0   -28.3 0   -28.3 0    -2.7 0    69.7 0     5.9 0   299.9 0   966.0 0
 2019   9  1  9 22 54 22.900  99.61    -0.8 0     0.3 0     0.4 0     0.0 0   273.7 0   270.96 0   270.72 0   302.0 0   270.44 0   270.38 0     0.0 0     0.0 0     0.0 0   -28.3 0   -28.3 0    -2.7 0    69.3 0     4.2 0   289.1 0   966.0 0
 2019   9  1  9 22 55 22.917  99.79    -0.8 0     0.3 0     0.4 0     0.2 0   273.5 0   270.94 0   270.72 0   301.8 0   270.42 0   270.37 0     0.0 0     0.0 0     0.0 0   -28.3 0   -28.3 0    -2.7 0    69.3 0     3.6 0   299.4 0   966.0 0
 2019   9  1  9 22 56 22.933  99.97    -0.8 0     0.3 0     0.4 0     0.2 0   273.7 0   270.92 0   270.70 0   302.0 0   270.42 0   270.36 0     0.0 0     0.0 0     0.0 0   -28.3 0   -28.3 0    -2.7 0    68.9 0     5.0 0   297.7 0   966.0 0
 2019   9  1  9 22 57 22.950 100.15    -0.8 0     0.3 0     0.4 0     0.2 0   275.2 0   270.91 0   270.69 0   302.0 0   270.39 0   270.34 0     0.0 0     0.0 0     0.0 0   -26.8 0   -26.8 0    -2.7 0    68.4 0     4.6 0   290.5 0   966.0 0
 2019   9  1  9 22 58 22.967 100.32    -0.8 0     0.3 0     0.4 0     0.3 0   276.0 0   270.89 0   270.68 0   302.1 0   270.38 0   270.32 0     0.0 0     0.0 0     0.0 0   -26.2 0   -26.2 0    -2.6 0    68.4 0     4.4 0   297.3 0   966.0 0
 2019   9  1  9 22 59 22.983 100.50    -0.8 0     0.3 0     0.4 0     0.3 0   276.3 0   270.88 0   270.67 0   302.1 0   270.37 0   270.32 0     0.0 0     0.0 0     0.0 0   -25.8 0   -25.8 0    -2.6 0    67.9 0     4.5 0   296.9 0   966.0 0
 2019   9  1  9 23  0 23.000 100.68    -1.1 0     0.3 0     0.4 0     0.3 0   275.9 0   270.86 0   270.67 0   302.1 0   270.37 0   270.32 0     0.0 0     0.0 0     0.0 0   -26.2 0   -26.2 0    -2.6 0    68.1 0     4.3 0   297.2 0   966.0 0
 2019   9  1  9 23  1 23.017 100.86    -1.1 0     0.3 0     0.4 0     0.2 0   275.8 0   270.86 0   270.67 0   301.8 0   270.35 0   270.32 0     0.0 0     0.0 0     0.0 0   -26.0 0   -26.0 0    -2.6 0    66.2 0     6.6 0   295.0 0   966.0 0
 2019   9  1  9 23  2 23.033 101.03    -1.1 0     0.0 0     0.4 0     0.1 0   275.5 0   270.86 0   270.67 0   301.9 0   270.34 0   270.32 0     0.0 0     0.0 0     0.0 0   -26.4 0   -26.4 0    -2.6 0    65.2 0     7.4 0   303.6 0   966.0 0
 2019   9  1  9 23  3 23.050 101.21    -1.1 0     0.0 0     0.0 0     0.1 0   275.7 0   270.86 0   270.67 0   302.0 0   270.34 0   270.31 0     0.0 0     0.0 0     0.0 0   -26.3 0   -26.3 0    -2.6 0    65.3 0     5.6 0   308.2 0   966.0 0
 2019   9  1  9 23  4 23.067 101.39    -1.1 0     0.0 0     0.1 0     0.3 0   276.0 0   270.86 0   270.67 0   302.1 0   270.34 0   270.30 0     0.0 0     0.0 0     0.0 0   -26.1 0   -26.1 0    -2.6 0    66.1 0     4.1 0   304.9 0   966.0 0
 2019   9  1  9 23  5 23.083 101.57    -1.1 0     0.0 0     0.0 0     0.4 0   275.9 0   270.86 0   270.67 0   301.7 0   270.33 0   270.30 0     0.0 0     0.0 0     0.0 0   -25.9 0   -25.9 0    -2.6 0    66.2 0     3.4 0   296.3 0   966.0 0
 2019   9  1  9 23  6 23.100 101.75    -1.1 0     0.0 0     0.0 0     0.4 0   276.7 0   270.85 0   270.67 0   301.6 0   270.32 0   270.30 0     0.0 0     0.0 0     0.0 0   -25.0 0   -25.0 0    -2.6 0    66.0 0     4.2 0   305.7 0   966.0 0
 2019   9  1  9 23  7 23.117 101.93    -1.1 0     0.1 0     0.0 0     0.4 0   278.4 0   270.84 0   270.66 0   301.8 0   270.32 0   270.29 0     0.0 0     0.0 0     0.0 0   -23.4 0   -23.4 0    -2.6 0    65.3 0     5.2 0   308.2 0   966.0 0
 2019   9  1  9 23  8 23.133 102.11    -1.1 0     0.0 0     0.0 0     0.3 0   279.2 0   270.84 0   270.66 0   302.1 0   270.32 0   270.29 0     0.0 0     0.0 0     0.0 0   -22.9 0   -22.9 0    -2.6 0    65.7 0     5.8 0   302.0 0   966.0 0
 2019   9  1  9 23  9 23.150 102.29    -1.1 0     0.0 0     0.0 0     0.1 0   278.9 0   270.84 0   270.66 0   302.3 0   270.32 0   270.28 0     0.0 0     0.0 0     0.0 0   -23.4 0   -23.4 0    -2.6 0    64.9 0     7.7 0   305.1 0   966.1 0
 2019   9  1  9 23 10 23.167 102.47    -1.1 0     0.0 0     0.0 0     0.1 0   278.1 0   270.84 0   270.67 0   302.3 0   270.32 0   270.28 0     0.0 0     0.0 0     0.0 0   -24.3 0   -24.3 0    -2.6 0    65.4 0     8.6 0   309.2 0   966.0 0
 2019   9  1  9 23 11 23.183 102.65    -1.1 0     0.0 0     0.1 0     0.1 0   276.0 0   270.84 0   270.66 0   302.2 0   270.32 0   270.27 0     0.0 0     0.0 0     0.0 0   -26.2 0   -26.2 0    -2.6 0    64.9 0     7.8 0   307.7 0   966.1 0
 2019   9  1  9 23 12 23.200 102.83    -1.1 0     0.0 0     0.1 0     0.1 0   274.4 0   270.84 0   270.65 0   302.1 0   270.32 0   270.27 0     0.0 0     0.0 0     0.0 0   -27.6 0   -27.6 0    -2.6 0    65.2 0     5.7 0   320.0 0   966.1 0
 2019   9  1  9 23 13 23.217 103.01    -1.1 0     0.0 0     0.0 0     0.2 0   273.8 0   270.84 0   270.64 0   302.0 0   270.32 0   270.27 0     0.0 0     0.0 0     0.0 0   -28.1 0   -28.1 0    -2.6 0    64.8 0     6.8 0   311.9 0   966.1 0
 2019   9  1  9 23 14 23.233 103.19    -1.1 0     0.0 0     0.0 0     0.1 0   273.1 0   270.84 0   270.64 0   301.9 0   270.32 0   270.27 0     0.0 0     0.0 0     0.0 0   -28.8 0   -28.8 0    -2.6 0    65.0 0     5.3 0   298.6 0   966.1 0
 2019   9  1  9 23 15 23.250 103.37    -1.1 0     0.0 0     0.2 0     0.3 0   273.0 0   270.84 0   270.64 0   301.4 0   270.30 0   270.27 0     0.0 0     0.0 0     0.0 0   -28.5 0   -28.5 0    -2.6 0    66.0 0     4.0 0   302.4 0   966.1 0
 2019   9  1  9 23 16 23.267 103.55    -1.1 0     0.1 0     0.1 0     0.4 0   273.3 0   270.84 0   270.62 0   301.6 0   270.30 0   270.25 0     0.0 0     0.0 0     0.0 0   -28.3 0   -28.3 0    -2.6 0    65.7 0     5.1 0   319.1 0   966.1 0
 2019   9  1  9 23 17 23.283 103.73    -1.1 0     0.3 0     0.0 0     0.3 0   272.7 0   270.82 0   270.62 0   301.7 0   270.30 0   270.25 0     0.0 0     0.0 0     0.0 0   -29.0 0   -29.0 0    -2.7 0    66.0 0     5.4 0   309.3 0   966.1 0
 2019   9  1  9 23 18 23.300 103.91    -1.1 0     0.2 0     0.0 0     0.3 0   272.0 0   270.81 0   270.62 0   301.7 0   270.29 0   270.25 0     0.0 0     0.0 0     0.0 0   -29.7 0   -29.7 0    -2.7 0    65.7 0     6.2 0   306.9 0   966.2 0
 2019   9  1  9 23 19 23.317 104.09    -1.1 0     0.0 0     0.0 0     0.2 0   272.0 0   270.81 0   270.62 0   301.7 0   270.29 0   270.24 0     0.0 0     0.0 0     0.0 0   -29.7 0   -29.7 0    -2.7 0    66.0 0     5.0 0   306.2 0   966.2 0
 2019   9  1  9 23 20 23.333 104.27    -1.1 0     0.0 0     0.2 0     0.2 0   272.8 0   270.81 0   270.62 0   301.8 0   270.27 0   270.22 0     0.0 0     0.0 0     0.0 0   -28.9 0   -28.9 0    -2.7 0    65.7 0     6.1 0   290.6 0   966.2 0
 2019   9  1  9 23 21 23.350 104.45    -1.1 0     0.0 0     0.4 0     0.4 0   273.5 0   270.81 0   270.61 0   301.7 0   270.27 0   270.22 0     0.0 0     0.0 0     0.0 0   -28.2 0   -28.2 0    -2.7 0    66.3 0     3.4 0   301.5 0   966.2 0
 2019   9  1  9 23 22 23.367 104.63    -1.1 0     0.0 0     0.4 0     0.4 0   275.4 0   270.81 0   270.61 0   301.8 0   270.27 0   270.22 0     0.0 0     0.0 0     0.0 0   -26.4 0   -26.4 0    -2.6 0    66.5 0     2.7 0   297.2 0   966.2 0
 2019   9  1  9 23 23 23.383 104.81    -1.1 0     0.0 0     0.1 0     0.3 0   277.0 0   270.79 0   270.61 0   302.0 0   270.27 0   270.22 0     0.0 0     0.0 0     0.0 0   -25.0 0   -25.0 0    -2.6 0    66.3 0     3.6 0   315.8 0   966.2 0
 2019   9  1  9 23 24 23.400 105.00    -1.1 0     0.0 0     0.0 0     0.3 0   278.0 0   270.79 0   270.60 0   302.1 0   270.26 0   270.22 0     0.0 0     0.0 0     0.0 0   -24.0 0   -24.0 0    -2.6 0    66.2 0     4.1 0   317.5 0   966.2 0
 2019   9  1  9 23 25 23.417 105.18    -1.1 0     0.0 0     0.0 0     0.3 0   279.6 0   270.79 0   270.61 0   301.9 0   270.25 0   270.22 0     0.0 0     0.0 0     0.0 0   -22.3 0   -22.3 0    -2.6 0    64.7 0     6.4 0   315.3 0   966.2 0
 2019   9  1  9 23 26 23.433 105.36    -1.1 0     0.0 0     0.0 0     0.1 0   280.9 0   270.79 0   270.62 0   302.0 0   270.25 0   270.22 0     0.0 0     0.0 0     0.0 0   -21.2 0   -21.2 0    -2.6 0    64.4 0     5.4 0   307.2 0   966.2 0
 2019   9  1  9 23 27 23.450 105.54    -1.1 0     0.0 0     0.0 0     0.2 0   281.6 0   270.79 0   270.62 0   302.0 0   270.25 0   270.22 0     0.0 0     0.0 0     0.0 0   -20.5 0   -20.5 0    -2.6 0    64.6 0     4.8 0   307.0 0   966.2 0
 2019   9  1  9 23 28 23.467 105.72    -1.1 0     0.0 0     0.0 0     0.3 0   282.4 0   270.79 0   270.62 0   302.0 0   270.25 0   270.22 0     0.0 0     0.0 0     0.0 0   -19.6 0   -19.6 0    -2.6 0    64.9 0     5.5 0   303.1 0   966.2 0
 2019   9  1  9 23 29 23.483 105.91    -1.1 0     0.0 0     0.0 0     0.3 0   283.4 0   270.81 0   270.62 0   302.1 0   270.25 0   270.22 0     0.0 0     0.0 0     0.0 0   -18.7 0   -18.7 0    -2.6 0    65.8 0     4.1 0   309.4 0   966.2 0
 2019   9  1  9 23 30 23.500 106.09    -1.1 0     0.0 0     0.0 0     0.4 0   283.4 0   270.81 0   270.62 0   302.2 0   270.25 0   270.22 0     0.0 0     0.0 0     0.0 0   -18.8 0   -18.8 0    -2.6 0    66.1 0     4.0 0   308.1 0   966.3 0
 2019   9  1  9 23 31 23.517 106.27    -1.1 0     0.0 0     0.0 0     0.4 0   282.8 0   270.81 0   270.62 0   302.1 0   270.25 0   270.22 0     0.0 0     0.0 0     0.0 0   -19.4 0   -19.4 0    -2.6 0    66.6 0     3.0 0   315.7 0   966.3 0
 2019   9  1  9 23 32 23.533 106.45    -1.1 0     0.0 0     0.0 0     0.3 0   282.6 0   270.81 0   270.62 0   302.0 0   270.25 0   270.22 0     0.0 0     0.0 0     0.0 0   -19.4 0   -19.4 0    -2.6 0    66.1 0     4.6 0   309.9 0   966.3 0
 2019   9  1  9 23 33 23.550 106.64    -1.1 0     0.0 0     0.0 0     0.2 0   282.9 0   270.80 0   270.61 0   302.2 0   270.25 0   270.20 0     0.0 0     0.0 0     0.0 0   -19.3 0   -19.3 0    -2.7 0    66.6 0     4.6 0   316.3 0   966.3 0
 2019   9  1  9 23 34 23.567 106.82    -1.1 0     0.3 0     0.1 0     0.2 0   283.0 0   270.79 0   270.59 0   302.3 0   270.25 0   270.20 0     0.0 0     0.0 0     0.0 0   -19.3 0   -19.3 0    -2.7 0    67.2 0     4.4 0   318.6 0   966.3 0
 2019   9  1  9 23 35 23.583 107.00    -1.1 0     0.3 0     0.2 0     0.3 0   283.0 0   270.79 0   270.58 0   301.9 0   270.23 0   270.18 0     0.0 0     0.0 0     0.0 0   -18.9 0   -18.9 0    -2.8 0    67.7 0     5.7 0   311.7 0   966.3 0
 2019   9  1  9 23 36 23.600 107.19    -1.1 0     0.3 0     0.4 0     0.1 0   283.0 0   270.76 0   270.53 0   301.9 0   270.22 0   270.14 0     0.0 0     0.0 0     0.0 0   -18.9 0   -18.9 0    -2.9 0    68.3 0     7.5 0   322.6 0   966.2 0
 2019   9  1  9 23 37 23.617 107.37    -1.1 0     0.3 0     0.4 0     0.0 0   283.5 0   270.75 0   270.51 0   301.8 0   270.19 0   270.12 0     0.0 0     0.0 0     0.0 0   -18.3 0   -18.3 0    -3.0 0    69.1 0     5.4 0   318.3 0   966.3 0
 2019   9  1  9 23 38 23.633 107.55    -1.1 0     0.3 0     0.4 0     0.1 0   283.8 0   270.72 0   270.49 0   301.9 0   270.17 0   270.11 0     0.0 0     0.0 0     0.0 0   -18.1 0   -18.1 0    -3.0 0    69.9 0     4.8 0   314.1 0   966.3 0
 2019   9  1  9 23 39 23.650 107.74    -1.1 0     0.3 0     0.4 0     0.0 0   284.5 0   270.70 0   270.47 0   301.9 0   270.15 0   270.09 0     0.0 0     0.0 0     0.0 0   -17.4 0   -17.4 0    -3.0 0    70.9 0     3.8 0   319.2 0   966.4 0
 2019   9  1  9 23 40 23.667 107.92    -0.8 0     0.3 0     0.4 0     0.1 0   283.9 0   270.67 0   270.44 0   301.8 0   270.13 0   270.06 0     0.0 0     0.0 0     0.0 0   -17.9 0   -17.9 0    -3.0 0    71.0 0     5.1 0   314.2 0   966.4 0
 2019   9  1  9 23 41 23.683 108.10    -0.8 0     0.3 0     0.4 0     0.0 0   283.1 0   270.65 0   270.41 0   301.8 0   270.11 0   270.03 0     0.0 0     0.0 0     0.0 0   -18.7 0   -18.7 0    -3.1 0    70.9 0     6.5 0   316.2 0   966.4 0
 2019   9  1  9 23 42 23.700 108.29    -0.8 0     0.3 0     0.5 0     0.0 0   283.1 0   270.62 0   270.38 0   301.6 0   270.09 0   270.01 0     0.0 0     0.0 0     0.0 0   -18.5 0   -18.5 0    -3.1 0    71.5 0     6.1 0   321.9 0   966.4 0
 2019   9  1  9 23 43 23.717 108.47    -0.8 0     0.3 0     0.5 0     0.0 0   283.5 0   270.60 0   270.35 0   301.6 0   270.06 0   269.98 0     0.0 0     0.0 0     0.0 0   -18.1 0   -18.1 0    -3.1 0    72.4 0     5.1 0   316.5 0   966.4 0
 2019   9  1  9 23 44 23.733 108.66    -0.8 0     0.3 0     0.4 0     0.0 0   283.3 0   270.57 0   270.32 0   301.5 0   270.03 0   269.96 0     0.0 0     0.0 0     0.0 0   -18.2 0   -18.2 0    -3.2 0    72.7 0     5.4 0   320.4 0   966.4 0
 2019   9  1  9 23 45 23.750 108.84    -0.8 0     0.4 0     0.4 0     0.0 0   284.0 0   270.53 0   270.30 0   301.6 0   270.01 0   269.93 0     0.0 0     0.0 0     0.0 0   -17.6 0   -17.6 0    -3.2 0    72.5 0     7.8 0   324.7 0   966.4 0
 2019   9  1  9 23 46 23.767 109.02    -0.8 0     0.6 0     0.5 0     0.0 0   284.3 0   270.52 0   270.27 0   301.4 0   269.98 0   269.91 0     0.0 0     0.0 0     0.0 0   -17.2 0   -17.2 0    -3.2 0    73.2 0     6.8 0   312.5 0   966.4 0
 2019   9  1  9 23 47 23.783 109.21    -0.8 0     0.4 0     0.6 0     0.0 0   283.5 0   270.48 0   270.24 0   301.4 0   269.95 0   269.89 0     0.0 0     0.0 0     0.0 0   -17.9 0   -17.9 0    -3.2 0    73.8 0     5.2 0   312.8 0   966.4 0
 2019   9  1  9 23 48 23.800 109.39    -0.8 0     0.3 0     0.6 0     0.0 0   283.7 0   270.46 0   270.22 0   301.2 0   269.92 0   269.86 0     0.0 0     0.0 0     0.0 0   -17.5 0   -17.5 0    -3.3 0    74.2 0     5.5 0   317.5 0   966.4 0
 2019   9  1  9 23 49 23.817 109.58    -0.8 0     0.3 0     0.6 0     0.0 0   284.5 0   270.43 0   270.20 0   301.4 0   269.91 0   269.83 0     0.0 0     0.0 0     0.0 0   -16.9 0   -16.9 0    -3.3 0    74.9 0     5.6 0   313.7 0   966.5 0
 2019   9  1  9 23 50 23.833 109.76    -0.8 0     0.3 0     0.4 0     0.0 0   284.6 0   270.41 0   270.17 0   301.2 0   269.88 0   269.81 0     0.0 0     0.0 0     0.0 0   -16.7 0   -16.7 0    -3.3 0    75.3 0     4.8 0   319.8 0   966.5 0
 2019   9  1  9 23 51 23.850 109.95    -0.8 0     0.5 0     0.4 0     0.0 0   284.3 0   270.37 0   270.13 0   301.1 0   269.85 0   269.77 0     0.0 0     0.0 0     0.0 0   -16.8 0   -16.8 0    -3.4 0    75.5 0     7.0 0   325.0 0   966.4 0
 2019   9  1  9 23 52 23.867 110.13    -0.8 0     0.4 0     0.4 0     0.0 0   283.7 0   270.34 0   270.11 0   301.2 0   269.82 0   269.74 0     0.0 0     0.0 0     0.0 0   -17.5 0   -17.5 0    -3.4 0    76.0 0     5.4 0   326.4 0   966.4 0
 2019   9  1  9 23 53 23.883 110.32    -0.8 0     0.3 0     0.4 0     0.0 0   284.1 0   270.32 0   270.08 0   301.1 0   269.80 0   269.73 0     0.0 0     0.0 0     0.0 0   -17.0 0   -17.0 0    -3.4 0    76.7 0     4.8 0   319.2 0   966.5 0
 2019   9  1  9 23 54 23.900 110.50    -0.8 0     0.3 0     0.4 0     0.0 0   284.9 0   270.29 0   270.06 0   301.0 0   269.77 0   269.71 0     0.0 0     0.0 0     0.0 0   -16.0 0   -16.0 0    -3.5 0    76.2 0     5.8 0   322.0 0   966.5 0
 2019   9  1  9 23 55 23.917 110.69    -0.8 0     0.3 0     0.4 0     0.0 0   284.7 0   270.26 0   270.04 0   300.9 0   269.75 0   269.68 0     0.0 0     0.0 0     0.0 0   -16.2 0   -16.2 0    -3.4 0    76.1 0     5.9 0   317.1 0   966.6 0
 2019   9  1  9 23 56 23.933 110.87    -0.8 0     0.3 0     0.4 0     0.0 0   283.0 0   270.23 0   270.02 0   300.7 0   269.73 0   269.66 0     0.0 0     0.0 0     0.0 0   -17.8 0   -17.8 0    -3.5 0    76.0 0     5.6 0   315.5 0   966.5 0
 2019   9  1  9 23 57 23.950 111.06    -0.8 0     0.3 0     0.5 0     0.0 0   283.3 0   270.22 0   269.99 0   300.8 0   269.71 0   269.63 0     0.0 0     0.0 0     0.0 0   -17.5 0   -17.5 0    -3.5 0    76.0 0     5.8 0   312.5 0   966.5 0
 2019   9  1  9 23 58 23.967 111.24    -0.8 0     0.3 0     0.4 0     0.0 0   282.9 0   270.19 0   269.97 0   300.6 0   269.68 0   269.63 0     0.0 0     0.0 0     0.0 0   -17.7 0   -17.7 0    -3.5 0    76.0 0     5.8 0   323.4 0   966.5 0
 2019   9  1  9 23 59 23.983 111.43    -0.8 0     0.3 0     0.4 0     0.0 0   282.5 0   270.17 0   269.97 0   300.6 0   269.67 0   269.62 0     0.0 0     0.0 0     0.0 0   -18.1 0   -18.1 0    -3.5 0    75.4 0     5.6 0   308.8 0   966.5 0
