 Fort Peck
   48.31 -105.10  634 m version 1
 2019   2  1  2  0  0  0.000  96.95    -1.5 0     0.0 0     0.4 0     0.1 0   279.2 0   267.31 0   267.20 0   281.7 0   266.36 0   266.39 0     0.0 0     0.0 0     0.0 0    -2.5 0    -2.5 0    -6.7 0    73.2 0     4.6 0   214.6 0   940.9 0
 2019   2  1  2  0  1  0.017  97.10    -1.4 0     0.0 0     0.4 0     0.1 0   278.9 0   267.33 0   267.20 0   281.6 0   266.36 0   266.39 0     0.0 0     0.0 0     0.0 0    -2.7 0    -2.7 0    -6.7 0    73.4 0     4.3 0   216.8 0   940.9 0
 2019   2  1  2  0  2  0.033  97.25    -1.1 0     0.0 0     0.4 0     0.0 0   279.4 0   267.33 0   267.20 0   281.8 0   266.38 0   266.39 0     0.0 0     0.0 0     0.0 0    -2.4 0    -2.4 0    -6.7 0    73.6 0     3.7 0   216.1 0   940.9 0
 2019   2  1  2  0  3  0.050  97.39    -1.0 0     0.0 0     0.4 0     0.1 0   280.8 0   267.35 0   267.22 0   281.9 0   266.39 0   266.40 0     0.0 0     0.0 0     0.0 0    -1.1 0    -1.1 0    -6.7 0    73.6 0     3.8 0   216.3 0   940.9 0
 2019   2  1  2  0  4  0.067  97.54    -1.0 0     0.0 0     0.4 0     0.1 0   281.7 0   267.35 0   267.23 0   281.9 0   266.39 0   266.41 0     0.0 0     0.0 0     0.0 0    -0.1 0    -0.1 0    -6.7 0    73.7 0     4.1 0   211.7 0   941.0 0
 2019   2  1  2  0  5  0.083  97.69    -1.0 0     0.0 0     0.4 0     0.0 0   282.4 0   267.36 0   267.25 0   281.9 0   266.39 0   266.42 0     0.0 0     0.0 0     0.0 0     0.0 0     0.0 0    -6.7 0    73.7 0     3.8 0   213.7 0   941.1 0
 2019   2  1  2  0  6  0.100  97.84    -1.0 0     0.0 0     0.4 0     0.0 0   283.2 0   267.37 0   267.26 0   282.1 0   266.41 0   266.44 0     0.0 0     0.0 0     0.0 0     0.0 0     0.0 0    -6.6 0    73.6 0     3.4 0   220.4 0   941.2 0
 2019   2  1  2  0  7  0.117  97.99    -1.0 0     0.0 0     0.3 0     0.0 0   283.6 0   267.38 0   267.28 0   282.2 0   266.42 0   266.44 0     0.0 0     0.0 0     0.0 0     0.0 0     0.0 0    -6.6 0    73.8 0     2.9 0   212.9 0   941.2 0
 2019   2  1  2  0  8  0.133  98.14    -1.0 0     0.0 0     0.1 0     0.0 0   283.5 0   267.40 0   267.28 0   282.1 0   266.42 0   266.44 0     0.0 0     0.0 0     0.0 0     0.0 0     0.0 0    -6.6 0    73.8 0     2.8 0   201.3 0   941.1 0
 2019   2  1  2  0  9  0.150  98.29    -1.0 0     0.0 0     0.2 0     0.0 0   282.8 0   267.41 0   267.31 0   282.5 0   266.44 0   266.46 0     0.0 0     0.0 0     0.0 0     0.0 0     0.0 0    -6.6 0    72.9 0     2.9 0   218.8 0   941.1 0
 2019   2  1  2  0 10  0.167  98.44    -1.0 0     0.0 0     0.3 0     0.0 0   282.6 0   267.42 0   267.32 0   282.4 0   266.44 0   266.47 0     0.0 0     0.0 0     0.0 0     0.0 0     0.0 0    -6.6 0    72.8 0     3.5 0   210.7 0   941.2 0
 2019   2  1  2  0 11  0.183  98.59    -1.0 0     0.0 0     0.3 0     0.0 0   283.0 0   267.44 0   267.33 0   282.2 0   266.44 0   266.47 0     0.0 0     0.0 0     0.0 0     0.0 0     0.0 0    -6.5 0    73.1 0     3.0 0   209.7 0   941.2 0
 2019   2  1  2  0 12  0.200  98.74    -1.0 0     0.0 0     0.3 0     0.0 0   282.9 0   267.46 0   267.34 0   282.0 0   266.45 0   266.49 0     0.0 0     0.0 0     0.0 0     0.0 0     0.0 0    -6.5 0    73.2 0     3.5 0   205.0 0   941.1 0
 2019   2  1  2  0 13  0.217  98.89    -1.0 0     0.0 0     0.3 0     0.0 0   281.9 0   267.46 0   267.35 0   282.4 0   266.47 0   266.50 0     0.0 0     0.0 0     0.0 0    -0.5 0    -0.5 0    -6.5 0    73.0 0     3.6 0   213.9 0   941.1 0
 2019   2  1  2  0 14  0.233  99.04    -1.0 0     0.0 0     0.4 0     0.1 0   281.4 0   267.47 0   267.36 0   282.3 0   266.48 0   266.51 0     0.0 0     0.0 0     0.0 0    -1.0 0    -1.0 0    -6.5 0    72.8 0     4.6 0   213.7 0   941.0 0
 2019   2  1  2  0 15  0.250  99.20    -1.0 0     0.0 0     0.4 0     0.2 0   280.0 0   267.49 0   267.36 0   282.4 0   266.50 0   266.52 0     0.0 0     0.0 0     0.0 0    -2.4 0    -2.4 0    -6.5 0    72.7 0     4.3 0   217.2 0   940.9 0
 2019   2  1  2  0 16  0.267  99.35    -1.0 0     0.0 0     0.4 0     0.1 0   278.5 0   267.49 0   267.36 0   282.2 0   266.50 0   266.54 0     0.0 0     0.0 0     0.0 0    -3.6 0    -3.6 0    -6.5 0    72.6 0     5.1 0   214.7 0   940.9 0
 2019   2  1  2  0 17  0.283  99.50    -1.0 0     0.0 0     0.4 0     0.2 0   277.8 0   267.51 0   267.36 0   282.1 0   266.52 0   266.55 0     0.0 0     0.0 0     0.0 0    -4.3 0    -4.3 0    -6.5 0    73.0 0     4.5 0   206.6 0   940.8 0
 2019   2  1  2  0 18  0.300  99.65    -1.2 0    -0.1 0     0.4 0     0.2 0   275.5 0   267.51 0   267.38 0   282.3 0   266.53 0   266.56 0     0.0 0     0.0 0     0.0 0    -6.8 0    -6.8 0    -6.4 0    72.5 0     6.2 0   212.4 0   940.8 0
 2019   2  1  2  0 19  0.317  99.80    -1.1 0    -0.1 0     0.4 0     0.2 0   273.6 0   267.51 0   267.36 0   282.0 0   266.55 0   266.58 0     0.0 0     0.0 0     0.0 0    -8.4 0    -8.4 0    -6.4 0    72.7 0     4.8 0   205.1 0   940.8 0
 2019   2  1  2  0 20  0.333  99.96    -1.0 0     0.0 0     0.4 0     0.3 0   271.9 0   267.51 0   267.36 0   281.7 0   266.55 0   266.58 0     0.0 0     0.0 0     0.0 0    -9.8 0    -9.8 0    -6.5 0    72.8 0     4.5 0   205.1 0   940.8 0
 2019   2  1  2  0 21  0.350 100.11    -1.0 0     0.0 0     0.4 0     0.2 0   269.8 0   267.52 0   267.36 0   281.3 0   266.55 0   266.58 0     0.0 0     0.0 0     0.0 0   -11.5 0   -11.5 0    -6.5 0    73.2 0     3.5 0   206.5 0   940.8 0
 2019   2  1  2  0 22  0.367 100.26    -1.0 0     0.0 0     0.4 0     0.2 0   272.7 0   267.53 0   267.36 0   281.5 0   266.57 0   266.58 0     0.0 0     0.0 0     0.0 0    -8.9 0    -8.9 0    -6.5 0    73.2 0     3.2 0   213.4 0   940.9 0
 2019   2  1  2  0 23  0.383 100.41    -1.0 0     0.0 0     0.4 0     0.1 0   275.8 0   267.54 0   267.37 0   281.7 0   266.58 0   266.58 0     0.0 0     0.0 0     0.0 0    -5.9 0    -5.9 0    -6.5 0    73.2 0     3.4 0   214.8 0   940.9 0
 2019   2  1  2  0 24  0.400 100.57    -1.0 0     0.0 0     0.4 0     0.1 0   274.5 0   267.54 0   267.39 0   281.7 0   266.58 0   266.60 0     0.0 0     0.0 0     0.0 0    -7.2 0    -7.2 0    -6.5 0    72.7 0     3.9 0   207.3 0   940.9 0
 2019   2  1  2  0 25  0.417 100.72    -1.0 0     0.0 0     0.4 0     0.2 0   270.6 0   267.54 0   267.39 0   281.7 0   266.58 0   266.61 0     0.0 0     0.0 0     0.0 0   -11.1 0   -11.1 0    -6.4 0    72.3 0     4.6 0   205.4 0   940.9 0
 2019   2  1  2  0 26  0.433 100.87    -1.0 0    -0.1 0     0.1 0     0.3 0   268.1 0   267.54 0   267.39 0   281.6 0   266.60 0   266.63 0     0.0 0     0.0 0     0.0 0   -13.6 0   -13.6 0    -6.4 0    71.9 0     4.3 0   202.1 0   940.9 0
 2019   2  1  2  0 27  0.450 101.03    -1.2 0    -0.3 0     0.0 0     0.2 0   265.5 0   267.56 0   267.38 0   281.1 0   266.60 0   266.65 0     0.0 0     0.0 0     0.0 0   -15.6 0   -15.6 0    -6.3 0    71.5 0     4.3 0   196.5 0   940.9 0
 2019   2  1  2  0 28  0.467 101.18    -1.6 0    -0.3 0     0.0 0     0.1 0   265.9 0   267.56 0   267.41 0   281.5 0   266.63 0   266.65 0     0.0 0     0.0 0     0.0 0   -15.6 0   -15.6 0    -6.3 0    71.4 0     3.8 0   207.7 0   940.8 0
 2019   2  1  2  0 29  0.483 101.33    -1.7 0     0.0 0     0.1 0     0.0 0   262.0 0   267.56 0   267.39 0   281.0 0   266.64 0   266.65 0     0.0 0     0.0 0     0.0 0   -19.0 0   -19.0 0    -6.3 0    71.7 0     3.9 0   199.6 0   940.9 0
 2019   2  1  2  0 30  0.500 101.49    -1.1 0     0.0 0     0.4 0     0.3 0   260.0 0   267.56 0   267.38 0   280.7 0   266.65 0   266.65 0     0.0 0     0.0 0     0.0 0   -20.7 0   -20.7 0    -6.3 0    72.1 0     3.5 0   208.4 0   940.9 0
 2019   2  1  2  0 31  0.517 101.64    -1.0 0     0.0 0     0.3 0     0.3 0   258.9 0   267.56 0   267.37 0   280.4 0   266.65 0   266.65 0     0.0 0     0.0 0     0.0 0   -21.4 0   -21.4 0    -6.4 0    72.2 0     3.6 0   201.4 0   940.9 0
 2019   2  1  2  0 32  0.533 101.80    -1.2 0     0.0 0     0.4 0     0.4 0   258.4 0   267.56 0   267.39 0   280.9 0   266.65 0   266.68 0     0.0 0     0.0 0     0.0 0   -22.4 0   -22.4 0    -6.3 0    71.4 0     4.7 0   218.0 0   940.8 0
 2019   2  1  2  0 33  0.550 101.95    -1.7 0     0.0 0     0.1 0     0.3 0   258.5 0   267.57 0   267.41 0   280.6 0   266.65 0   266.70 0     0.0 0     0.0 0     0.0 0   -22.1 0   -22.1 0    -6.3 0    71.2 0     4.7 0   224.9 0   940.8 0
 2019   2  1  2  0 34  0.567 102.11    -1.9 0    -0.1 0     0.3 0     0.3 0   258.8 0   267.57 0   267.40 0   280.6 0   266.68 0   266.70 0     0.0 0     0.0 0     0.0 0   -21.8 0   -21.8 0    -6.3 0    71.1 0     4.0 0   208.0 0   940.8 0
 2019   2  1  2  0 35  0.583 102.26    -1.6 0     0.0 0     0.4 0     0.3 0   259.2 0   267.57 0   267.39 0   280.2 0   266.68 0   266.70 0     0.0 0     0.0 0     0.0 0   -21.1 0   -21.1 0    -6.3 0    71.5 0     4.2 0   212.2 0   940.7 0
 2019   2  1  2  0 36  0.600 102.42    -1.7 0     0.0 0     0.4 0     0.4 0   259.8 0   267.57 0   267.38 0   280.3 0   266.68 0   266.70 0     0.0 0     0.0 0     0.0 0   -20.5 0   -20.5 0    -6.3 0    71.4 0     3.9 0   201.6 0   940.7 0
 2019   2  1  2  0 37  0.617 102.57    -1.9 0     0.0 0     0.4 0     0.4 0   262.1 0   267.57 0   267.41 0   280.5 0   266.70 0   266.71 0     0.0 0     0.0 0     0.0 0   -18.4 0   -18.4 0    -6.3 0    71.7 0     3.8 0   216.4 0   940.6 0
 2019   2  1  2  0 38  0.633 102.73    -1.9 0     0.0 0     0.4 0     0.4 0   263.6 0   267.57 0   267.42 0   281.0 0   266.70 0   266.71 0     0.0 0     0.0 0     0.0 0   -17.4 0   -17.4 0    -6.3 0    71.5 0     4.7 0   216.3 0   940.7 0
 2019   2  1  2  0 39  0.650 102.89    -1.9 0     0.0 0     0.2 0     0.3 0   265.3 0   267.57 0   267.43 0   281.1 0   266.71 0   266.73 0     0.0 0     0.0 0     0.0 0   -15.8 0   -15.8 0    -6.3 0    71.2 0     4.3 0   210.2 0   940.7 0
 2019   2  1  2  0 40  0.667 103.04    -2.0 0     0.0 0     0.0 0     0.2 0   266.4 0   267.59 0   267.46 0   281.0 0   266.71 0   266.75 0     0.0 0     0.0 0     0.0 0   -14.6 0   -14.6 0    -6.2 0    71.1 0     3.8 0   218.1 0   940.7 0
 2019   2  1  2  0 41  0.683 103.20    -2.0 0     0.0 0     0.0 0     0.1 0   265.3 0   267.59 0   267.44 0   280.9 0   266.73 0   266.76 0     0.0 0     0.0 0     0.0 0   -15.6 0   -15.6 0    -6.2 0    71.3 0     3.4 0   212.6 0   940.8 0
 2019   2  1  2  0 42  0.700 103.35    -1.7 0     0.0 0     0.1 0     0.2 0   266.4 0   267.61 0   267.45 0   281.3 0   266.74 0   266.76 0     0.0 0     0.0 0     0.0 0   -14.9 0   -14.9 0    -6.2 0    71.2 0     3.9 0   216.5 0   940.8 0
 2019   2  1  2  0 43  0.717 103.51    -2.0 0     0.0 0     0.0 0     0.1 0   259.7 0   267.62 0   267.47 0   281.3 0   266.76 0   266.78 0     0.0 0     0.0 0     0.0 0   -21.6 0   -21.6 0    -6.1 0    70.6 0     4.1 0   209.7 0   940.7 0
 2019   2  1  2  0 44  0.733 103.67    -2.0 0    -0.2 0     0.0 0     0.2 0   253.5 0   267.62 0   267.47 0   280.7 0   266.76 0   266.81 0     0.0 0     0.0 0     0.0 0   -27.2 0   -27.2 0    -6.1 0    70.2 0     4.1 0   217.9 0   940.7 0
 2019   2  1  2  0 45  0.750 103.82    -2.0 0    -0.4 0     0.0 0     0.2 0   251.5 0   267.65 0   267.49 0   280.7 0   266.78 0   266.83 0     0.0 0     0.0 0     0.0 0   -29.2 0   -29.2 0    -6.0 0    69.9 0     4.4 0   217.8 0   940.6 0
 2019   2  1  2  0 46  0.767 103.98    -2.0 0    -0.7 0     0.0 0     0.1 0   256.8 0   267.66 0   267.54 0   281.4 0   266.82 0   266.88 0     0.0 0     0.0 0     0.0 0   -24.5 0   -24.5 0    -5.9 0    69.3 0     4.6 0   225.8 0   940.7 0
 2019   2  1  2  0 47  0.783 104.14    -2.0 0    -0.8 0    -0.4 0     0.0 0   258.9 0   267.68 0   267.61 0   282.0 0   266.85 0   266.93 0     0.0 0     0.0 0     0.0 0   -23.1 0   -23.1 0    -5.7 0    68.3 0     4.1 0   218.5 0   940.5 0
 2019   2  1  2  0 48  0.800 104.30    -2.0 0    -0.8 0    -0.3 0     0.0 0   257.9 0   267.72 0   267.62 0   281.7 0   266.89 0   266.95 0     0.0 0     0.0 0     0.0 0   -23.8 0   -23.8 0    -5.7 0    68.3 0     4.3 0   221.9 0   940.5 0
 2019   2  1  2  0 49  0.817 104.45    -2.0 0    -0.5 0     0.0 0     0.3 0   258.0 0   267.75 0   267.61 0   281.3 0   266.92 0   266.97 0     0.0 0     0.0 0     0.0 0   -23.3 0   -23.3 0    -5.7 0    68.9 0     4.4 0   215.5 0   940.5 0
 2019   2  1  2  0 50  0.833 104.61    -2.0 0     0.0 0     0.0 0     0.3 0   254.6 0   267.77 0   267.58 0   280.8 0   266.94 0   266.97 0     0.0 0     0.0 0     0.0 0   -26.2 0   -26.2 0    -5.8 0    69.6 0     4.4 0   203.6 0   940.5 0
 2019   2  1  2  0 51  0.850 104.77    -2.0 0     0.0 0     0.1 0     0.4 0   247.1 0   267.77 0   267.57 0   280.7 0   266.97 0   266.98 0     0.0 0     0.0 0     0.0 0   -33.6 0   -33.6 0    -5.9 0    70.0 0     4.5 0   206.7 0   940.5 0
 2019   2  1  2  0 52  0.867 104.93    -2.0 0     0.0 0     0.4 0     0.4 0   246.4 0   267.77 0   267.56 0   280.0 0   266.97 0   266.97 0     0.0 0     0.0 0     0.0 0   -33.6 0   -33.6 0    -5.9 0    70.4 0     3.8 0   223.0 0   940.5 0
 2019   2  1  2  0 53  0.883 105.09    -2.0 0     0.0 0     0.3 0     0.4 0   243.7 0   267.78 0   267.59 0   280.0 0   266.97 0   267.00 0     0.0 0     0.0 0     0.0 0   -36.3 0   -36.3 0    -5.9 0    70.3 0     4.7 0   230.7 0   940.5 0
 2019   2  1  2  0 54  0.900 105.24    -2.0 0    -0.1 0     0.3 0     0.4 0   232.9 0   267.80 0   267.58 0   279.5 0   266.99 0   267.02 0     0.0 0     0.0 0     0.0 0   -46.7 0   -46.7 0    -5.9 0    70.1 0     4.3 0   230.7 0   940.5 0
 2019   2  1  2  0 55  0.917 105.40    -2.0 0     0.0 0     0.4 0     0.4 0   226.0 0   267.80 0   267.55 0   278.7 0   266.99 0   267.02 0     0.0 0     0.0 0     0.0 0   -52.7 0   -52.7 0    -5.9 0    70.3 0     4.2 0   234.6 0   940.5 0
 2019   2  1  2  0 56  0.933 105.56    -2.0 0     0.0 0     0.4 0     0.4 0   223.3 0   267.79 0   267.53 0   278.4 0   267.02 0   267.02 0     0.0 0     0.0 0     0.0 0   -55.1 0   -55.1 0    -5.8 0    70.2 0     4.1 0   231.3 0   940.4 0
 2019   2  1  2  0 57  0.950 105.72    -2.0 0     0.0 0     0.4 0     0.4 0   219.5 0   267.78 0   267.50 0   277.7 0   267.02 0   267.03 0     0.0 0     0.0 0     0.0 0   -58.2 0   -58.2 0    -5.8 0    70.3 0     4.4 0   235.5 0   940.5 0
 2019   2  1  2  0 58  0.967 105.88    -2.0 0    -0.2 0     0.4 0     0.4 0   218.1 0   267.78 0   267.51 0   278.0 0   267.02 0   267.07 0     0.0 0     0.0 0     0.0 0   -59.9 0   -59.9 0    -5.7 0    70.0 0     5.2 0   237.7 0   940.5 0
 2019   2  1  2  0 59  0.983 106.04    -2.0 0    -0.5 0     0.4 0     0.4 0   215.5 0   267.78 0   267.50 0   277.9 0   267.06 0   267.10 0     0.0 0     0.0 0     0.0 0   -62.4 0   -62.4 0    -5.6 0    69.5 0     5.1 0   226.5 0   940.3 0
 2019   2  1  2  1  0  1.000 106.20    -2.0 0    -0.5 0     0.4 0     0.4 0   212.6 0   267.77 0   267.48 0   277.4 0   267.08 0   267.11 0     0.0 0     0.0 0     0.0 0   -64.8 0   -64.8 0    -5.6 0    69.2 0     5.1 0   225.4 0   940.3 0
 2019   2  1  2  1  1  1.017 106.36    -2.0 0    -0.1 0     0.4 0     0.4 0   210.8 0   267.76 0   267.47 0   277.1 0   267.10 0   267.12 0     0.0 0     0.0 0     0.0 0   -66.3 0   -66.3 0    -5.6 0    69.4 0     5.5 0   224.8 0   940.3 0
 2019   2  1  2  1  2  1.033 106.52    -2.0 0     0.0 0     0.4 0     0.4 0   209.9 0   267.75 0   267.46 0   277.1 0   267.12 0   267.12 0     0.0 0     0.0 0     0.0 0   -67.2 0   -67.2 0    -5.7 0    69.7 0     5.4 0   221.3 0   940.3 0
 2019   2  1  2  1  3  1.050 106.68    -2.0 0     0.0 0     0.4 0     0.4 0   210.1 0   267.75 0   267.44 0   277.0 0   267.12 0   267.12 0     0.0 0     0.0 0     0.0 0   -66.8 0   -66.8 0    -5.8 0    69.9 0     5.3 0   221.8 0   940.2 0
 2019   2  1  2  1  4  1.067 106.84    -2.0 0     0.0 0     0.4 0     0.4 0   209.4 0   267.73 0   267.38 0   275.9 0   267.12 0   267.10 0     0.0 0     0.0 0     0.0 0   -66.5 0   -66.5 0    -5.9 0    70.5 0     4.8 0   216.6 0   940.2 0
 2019   2  1  2  1  5  1.083 107.00    -2.0 0     0.0 0     0.7 0     0.4 0   209.1 0   267.70 0   267.34 0   275.9 0   267.11 0   267.07 0     0.0 0     0.0 0     0.0 0   -66.8 0   -66.8 0    -6.0 0    71.3 0     5.5 0   214.6 0   940.2 0
 2019   2  1  2  1  6  1.100 107.16    -2.0 0     0.0 0     0.8 0     0.4 0   209.1 0   267.67 0   267.29 0   275.6 0   267.09 0   267.06 0     0.0 0     0.0 0     0.0 0   -66.4 0   -66.4 0    -6.0 0    71.5 0     4.9 0   219.2 0   940.2 0
 2019   2  1  2  1  7  1.117 107.32    -2.0 0     0.0 0     0.8 0     0.4 0   208.6 0   267.64 0   267.26 0   275.5 0   267.07 0   267.04 0     0.0 0     0.0 0     0.0 0   -66.9 0   -66.9 0    -6.1 0    71.9 0     4.7 0   215.0 0   940.2 0
 2019   2  1  2  1  8  1.133 107.48    -2.0 0     0.0 0     0.8 0     0.4 0   208.0 0   267.60 0   267.24 0   275.3 0   267.05 0   267.02 0     0.0 0     0.0 0     0.0 0   -67.3 0   -67.3 0    -6.1 0    72.1 0     4.7 0   213.6 0   940.2 0
 2019   2  1  2  1  9  1.150 107.64    -2.0 0     0.0 0     0.8 0     0.4 0   207.4 0   267.57 0   267.18 0   274.4 0   267.03 0   266.99 0     0.0 0     0.0 0     0.0 0   -67.0 0   -67.0 0    -6.2 0    72.2 0     4.0 0   208.9 0   940.2 0
 2019   2  1  2  1 10  1.167 107.80    -1.8 0     0.0 0     0.8 0     0.4 0   207.4 0   267.53 0   267.10 0   273.8 0   267.00 0   266.95 0     0.0 0     0.0 0     0.0 0   -66.4 0   -66.4 0    -6.3 0    72.8 0     4.2 0   199.3 0   940.1 0
 2019   2  1  2  1 11  1.183 107.96    -1.0 0     0.0 0     0.8 0     0.4 0   207.4 0   267.48 0   267.05 0   274.1 0   266.96 0   266.92 0     0.0 0     0.0 0     0.0 0   -66.7 0   -66.7 0    -6.4 0    73.3 0     4.8 0   203.0 0   940.2 0
 2019   2  1  2  1 12  1.200 108.12    -1.0 0     0.0 0     0.8 0     0.4 0   207.3 0   267.43 0   266.99 0   273.7 0   266.93 0   266.88 0     0.0 0     0.0 0     0.0 0   -66.4 0   -66.4 0    -6.5 0    73.5 0     4.2 0   202.5 0   940.2 0
 2019   2  1  2  1 13  1.217 108.28    -1.0 0     0.0 0     0.8 0     0.4 0   207.4 0   267.37 0   266.95 0   273.6 0   266.89 0   266.86 0     0.0 0     0.0 0     0.0 0   -66.2 0   -66.2 0    -6.5 0    73.7 0     4.1 0   200.9 0   940.2 0
 2019   2  1  2  1 14  1.233 108.44    -1.3 0     0.0 0     0.6 0     0.4 0   207.9 0   267.32 0   266.94 0   274.0 0   266.87 0   266.83 0     0.0 0     0.0 0     0.0 0   -66.1 0   -66.1 0    -6.4 0    73.9 0     4.7 0   205.1 0   940.1 0
 2019   2  1  2  1 15  1.250 108.60    -1.8 0     0.0 0     0.6 0     0.4 0   208.7 0   267.28 0   266.89 0   273.6 0   266.83 0   266.81 0     0.0 0     0.0 0     0.0 0   -64.9 0   -64.9 0    -6.4 0    73.4 0     4.0 0   193.7 0   940.1 0
 2019   2  1  2  1 16  1.267 108.76    -1.4 0     0.0 0     0.6 0     0.4 0   209.7 0   267.24 0   266.84 0   273.3 0   266.81 0   266.78 0     0.0 0     0.0 0     0.0 0   -63.6 0   -63.6 0    -6.4 0    73.5 0     3.6 0   185.3 0   940.0 0
 2019   2  1  2  1 17  1.283 108.92    -1.0 0     0.0 0     0.8 0     0.4 0   208.8 0   267.19 0   266.79 0   272.8 0   266.78 0   266.75 0     0.0 0     0.0 0     0.0 0   -64.0 0   -64.0 0    -6.5 0    73.5 0     3.6 0   181.5 0   940.0 0
 2019   2  1  2  1 18  1.300 109.09    -1.0 0     0.3 0     0.8 0     0.4 0   208.7 0   267.14 0   266.69 0   272.1 0   266.75 0   266.68 0     0.0 0     0.0 0     0.0 0   -63.3 0   -63.3 0    -6.6 0    73.9 0     3.8 0   171.4 0   940.0 0
 2019   2  1  2  1 19  1.317 109.25    -1.0 0     0.1 0     0.6 0     0.4 0   208.7 0   267.08 0   266.68 0   272.5 0   266.70 0   266.66 0     0.0 0     0.0 0     0.0 0   -63.7 0   -63.7 0    -6.7 0    74.8 0     3.4 0   171.9 0   940.0 0
 2019   2  1  2  1 20  1.333 109.41    -1.3 0     0.0 0     0.4 0     0.3 0   207.7 0   267.04 0   266.73 0   273.1 0   266.67 0   266.66 0     0.0 0     0.0 0     0.0 0   -65.3 0   -65.3 0    -6.6 0    74.2 0     2.6 0   162.4 0   940.0 0
 2019   2  1  2  1 21  1.350 109.57    -1.2 0     0.0 0     0.4 0     0.4 0   206.9 0   267.01 0   266.66 0   272.8 0   266.65 0   266.61 0     0.0 0     0.0 0     0.0 0   -65.8 0   -65.8 0    -6.7 0    74.3 0     3.0 0   169.8 0   939.9 0
 2019   2  1  2  1 22  1.367 109.73    -1.0 0     0.0 0     0.4 0     0.4 0   206.2 0   266.98 0   266.60 0   272.2 0   266.61 0   266.55 0     0.0 0     0.0 0     0.0 0   -66.0 0   -66.0 0    -6.8 0    74.7 0     3.3 0   165.0 0   940.0 0
 2019   2  1  2  1 23  1.383 109.90    -1.0 0     0.3 0     0.5 0     0.4 0   206.3 0   266.93 0   266.51 0   271.5 0   266.57 0   266.49 0     0.0 0     0.0 0     0.0 0   -65.2 0   -65.2 0    -7.0 0    75.5 0     3.3 0   178.3 0   940.0 0
 2019   2  1  2  1 24  1.400 110.06    -1.0 0     0.6 0     0.6 0     0.4 0   205.8 0   266.88 0   266.47 0   271.7 0   266.52 0   266.45 0     0.0 0     0.0 0     0.0 0   -65.8 0   -65.8 0    -7.1 0    76.2 0     4.0 0   154.2 0   940.0 0
 2019   2  1  2  1 25  1.417 110.22    -1.0 0     0.1 0     0.4 0     0.4 0   205.7 0   266.83 0   266.46 0   271.7 0   266.47 0   266.40 0     0.0 0     0.0 0     0.0 0   -66.0 0   -66.0 0    -7.1 0    76.3 0     3.6 0   160.1 0   939.9 0
 2019   2  1  2  1 26  1.433 110.38    -1.0 0     0.0 0     0.4 0     0.4 0   205.5 0   266.79 0   266.44 0   271.9 0   266.42 0   266.37 0     0.0 0     0.0 0     0.0 0   -66.4 0   -66.4 0    -7.1 0    76.5 0     3.6 0   159.9 0   940.0 0
 2019   2  1  2  1 27  1.450 110.55    -1.0 0     0.0 0     0.4 0     0.4 0   206.0 0   266.76 0   266.41 0   271.6 0   266.39 0   266.35 0     0.0 0     0.0 0     0.0 0   -65.6 0   -65.6 0    -7.1 0    76.1 0     3.1 0   153.9 0   940.1 0
 2019   2  1  2  1 28  1.467 110.71    -1.0 0     0.0 0     0.4 0     0.4 0   206.8 0   266.72 0   266.39 0   271.9 0   266.36 0   266.32 0     0.0 0     0.0 0     0.0 0   -65.1 0   -65.1 0    -7.0 0    76.0 0     3.7 0   156.4 0   940.1 0
 2019   2  1  2  1 29  1.483 110.87    -1.0 0     0.0 0     0.3 0     0.4 0   206.4 0   266.70 0   266.37 0   272.0 0   266.33 0   266.30 0     0.0 0     0.0 0     0.0 0   -65.6 0   -65.6 0    -7.0 0    75.6 0     3.7 0   150.6 0   940.1 0
 2019   2  1  2  1 30  1.500 111.03    -1.0 0     0.0 0     0.4 0     0.4 0   206.0 0   266.67 0   266.32 0   271.5 0   266.30 0   266.27 0     0.0 0     0.0 0     0.0 0   -65.5 0   -65.5 0    -7.0 0    75.4 0     3.7 0   151.4 0   940.1 0
 2019   2  1  2  1 31  1.517 111.20    -1.1 0     0.0 0     0.2 0     0.4 0   207.6 0   266.65 0   266.32 0   272.4 0   266.28 0   266.26 0     0.0 0     0.0 0     0.0 0   -64.9 0   -64.9 0    -7.0 0    75.8 0     4.7 0   152.2 0   940.0 0
 2019   2  1  2  1 32  1.533 111.36    -1.0 0     0.0 0     0.4 0     0.4 0   208.8 0   266.62 0   266.28 0   272.3 0   266.26 0   266.24 0     0.0 0     0.0 0     0.0 0   -63.5 0   -63.5 0    -6.9 0    75.2 0     4.6 0   148.4 0   940.0 0
 2019   2  1  2  1 33  1.550 111.52    -1.2 0     0.0 0     0.4 0     0.4 0   208.8 0   266.59 0   266.25 0   272.1 0   266.24 0   266.22 0     0.0 0     0.0 0     0.0 0   -63.2 0   -63.2 0    -6.9 0    74.5 0     4.3 0   149.6 0   940.1 0
 2019   2  1  2  1 34  1.567 111.69    -1.0 0     0.0 0     0.4 0     0.4 0   208.5 0   266.56 0   266.21 0   271.8 0   266.21 0   266.20 0     0.0 0     0.0 0     0.0 0   -63.3 0   -63.3 0    -7.0 0    75.3 0     4.3 0   161.3 0   940.1 0
 2019   2  1  2  1 35  1.583 111.85    -1.0 0     0.0 0     0.4 0     0.4 0   208.5 0   266.52 0   266.16 0   271.8 0   266.21 0   266.19 0     0.0 0     0.0 0     0.0 0   -63.3 0   -63.3 0    -6.9 0    74.6 0     4.6 0   159.5 0   940.1 0
 2019   2  1  2  1 36  1.600 112.01    -1.0 0     0.0 0     0.4 0     0.4 0   211.6 0   266.49 0   266.14 0   272.0 0   266.19 0   266.18 0     0.0 0     0.0 0     0.0 0   -60.4 0   -60.4 0    -6.9 0    75.0 0     4.9 0   163.7 0   940.0 0
 2019   2  1  2  1 37  1.617 112.18    -1.0 0     0.0 0     0.4 0     0.4 0   213.4 0   266.46 0   266.10 0   272.1 0   266.18 0   266.19 0     0.0 0     0.0 0     0.0 0   -58.7 0   -58.7 0    -6.8 0    74.6 0     4.8 0   166.3 0   940.0 0
 2019   2  1  2  1 38  1.633 112.34    -1.0 0     0.0 0     0.4 0     0.4 0   215.8 0   266.42 0   266.08 0   272.5 0   266.18 0   266.18 0     0.0 0     0.0 0     0.0 0   -56.7 0   -56.7 0    -6.7 0    74.2 0     5.0 0   165.6 0   940.0 0
 2019   2  1  2  1 39  1.650 112.50    -1.1 0    -0.1 0     0.2 0     0.4 0   219.7 0   266.39 0   266.12 0   273.5 0   266.18 0   266.20 0     0.0 0     0.0 0     0.0 0   -53.8 0   -53.8 0    -6.7 0    74.4 0     4.8 0   162.0 0   940.0 0
 2019   2  1  2  1 40  1.667 112.67    -2.0 0    -0.1 0     0.0 0     0.1 0   220.5 0   266.38 0   266.15 0   273.9 0   266.20 0   266.20 0     0.0 0     0.0 0     0.0 0   -53.3 0   -53.3 0    -6.7 0    73.9 0     4.9 0   163.9 0   940.0 0
 2019   2  1  2  1 41  1.683 112.83    -2.0 0     0.0 0     0.0 0     0.4 0   221.1 0   266.38 0   266.13 0   273.9 0   266.20 0   266.21 0     0.0 0     0.0 0     0.0 0   -52.8 0   -52.8 0    -6.7 0    74.6 0     4.8 0   168.2 0   940.0 0
 2019   2  1  2  1 42  1.700 113.00    -2.0 0    -0.1 0    -0.2 0     0.1 0   226.4 0   266.37 0   266.18 0   274.9 0   266.21 0   266.21 0     0.0 0     0.0 0     0.0 0   -48.4 0   -48.4 0    -6.7 0    74.4 0     4.5 0   169.6 0   940.0 0
 2019   2  1  2  1 43  1.717 113.16    -2.0 0     0.0 0    -0.3 0     0.0 0   220.1 0   266.39 0   266.19 0   274.1 0   266.21 0   266.21 0     0.0 0     0.0 0     0.0 0   -54.0 0   -54.0 0    -6.7 0    74.2 0     3.3 0   180.7 0   940.0 0
 2019   2  1  2  1 44  1.733 113.32    -2.0 0     0.0 0     0.0 0     0.1 0   218.6 0   266.41 0   266.16 0   273.0 0   266.21 0   266.20 0     0.0 0     0.0 0     0.0 0   -54.4 0   -54.4 0    -6.8 0    74.4 0     2.8 0   173.4 0   940.0 0
 2019   2  1  2  1 45  1.750 113.49    -2.0 0     0.0 0     0.0 0     0.4 0   223.1 0   266.41 0   266.13 0   272.8 0   266.20 0   266.18 0     0.0 0     0.0 0     0.0 0   -49.7 0   -49.7 0    -6.8 0    74.6 0     2.8 0   173.5 0   940.0 0
 2019   2  1  2  1 46  1.767 113.65    -2.0 0     0.0 0     0.2 0     0.4 0   223.8 0   266.39 0   266.10 0   272.4 0   266.18 0   266.17 0     0.0 0     0.0 0     0.0 0   -48.6 0   -48.6 0    -6.8 0    74.6 0     3.2 0   168.5 0   940.0 0
 2019   2  1  2  1 47  1.783 113.82    -1.7 0     0.0 0     0.4 0     0.4 0   221.9 0   266.37 0   266.05 0   272.0 0   266.17 0   266.15 0     0.0 0     0.0 0     0.0 0   -50.0 0   -50.0 0    -6.9 0    74.8 0     3.3 0   173.6 0   939.9 0
 2019   2  1  2  1 48  1.800 113.98    -1.2 0     0.0 0     0.4 0     0.4 0   218.6 0   266.35 0   265.99 0   271.7 0   266.15 0   266.13 0     0.0 0     0.0 0     0.0 0   -53.1 0   -53.1 0    -7.0 0    75.1 0     3.4 0   172.9 0   939.9 0
 2019   2  1  2  1 49  1.817 114.15    -1.0 0     0.0 0     0.7 0     0.4 0   216.1 0   266.31 0   265.90 0   270.9 0   266.13 0   266.10 0     0.0 0     0.0 0     0.0 0   -54.8 0   -54.8 0    -7.1 0    75.7 0     4.4 0   175.4 0   939.8 0
 2019   2  1  2  1 50  1.833 114.31    -1.0 0     0.0 0     0.6 0     0.4 0   223.2 0   266.27 0   265.92 0   272.2 0   266.10 0   266.11 0     0.0 0     0.0 0     0.0 0   -49.0 0   -49.0 0    -7.0 0    76.1 0     4.7 0   174.6 0   939.8 0
 2019   2  1  2  1 51  1.850 114.48    -1.1 0    -0.1 0     0.4 0     0.4 0   229.5 0   266.24 0   265.93 0   273.1 0   266.10 0   266.13 0     0.0 0     0.0 0     0.0 0   -43.6 0   -43.6 0    -6.8 0    75.0 0     4.4 0   177.3 0   939.8 0
 2019   2  1  2  1 52  1.867 114.64    -1.1 0    -0.1 0     0.4 0     0.4 0   225.2 0   266.21 0   265.90 0   272.8 0   266.10 0   266.11 0     0.0 0     0.0 0     0.0 0   -47.6 0   -47.6 0    -6.8 0    74.6 0     4.2 0   175.6 0   939.8 0
 2019   2  1  2  1 53  1.883 114.80    -1.0 0     0.0 0     0.4 0     0.4 0   214.2 0   266.18 0   265.85 0   271.7 0   266.10 0   266.10 0     0.0 0     0.0 0     0.0 0   -57.5 0   -57.5 0    -6.8 0    74.9 0     3.8 0   173.4 0   939.8 0
 2019   2  1  2  1 54  1.900 114.97    -1.0 0     0.0 0     0.4 0     0.4 0   212.8 0   266.15 0   265.86 0   271.7 0   266.10 0   266.08 0     0.0 0     0.0 0     0.0 0   -58.9 0   -58.9 0    -6.9 0    75.2 0     3.7 0   171.4 0   939.8 0
 2019   2  1  2  1 55  1.917 115.13    -1.2 0     0.0 0     0.4 0     0.3 0   210.3 0   266.15 0   265.85 0   271.3 0   266.08 0   266.06 0     0.0 0     0.0 0     0.0 0   -60.9 0   -60.9 0    -6.9 0    75.2 0     3.6 0   165.9 0   939.8 0
 2019   2  1  2  1 56  1.933 115.30    -1.2 0     0.0 0     0.2 0     0.4 0   209.6 0   266.13 0   265.85 0   271.5 0   266.07 0   266.05 0     0.0 0     0.0 0     0.0 0   -61.9 0   -61.9 0    -6.9 0    75.6 0     4.4 0   162.7 0   939.7 0
 2019   2  1  2  1 57  1.950 115.47    -1.5 0    -0.2 0     0.1 0     0.4 0   209.9 0   266.13 0   265.85 0   272.0 0   266.05 0   266.08 0     0.0 0     0.0 0     0.0 0   -62.1 0   -62.1 0    -6.8 0    75.6 0     4.8 0   161.2 0   939.6 0
 2019   2  1  2  1 58  1.967 115.63    -2.0 0     0.0 0     0.0 0     0.3 0   212.0 0   266.12 0   265.85 0   271.7 0   266.07 0   266.07 0     0.0 0     0.0 0     0.0 0   -59.7 0   -59.7 0    -6.8 0    74.6 0     3.9 0   161.5 0   939.7 0
 2019   2  1  2  1 59  1.983 115.80    -1.9 0     0.0 0     0.1 0     0.3 0   211.4 0   266.11 0   265.84 0   270.4 0   266.05 0   266.04 0     0.0 0     0.0 0     0.0 0   -58.9 0   -58.9 0    -6.9 0    74.9 0     3.3 0   159.0 0   939.8 0
 2019   2  1  2  2  0  2.000 115.96    -1.4 0     0.0 0     0.3 0     0.3 0   209.6 0   266.10 0   265.81 0   270.4 0   266.05 0   266.04 0     0.0 0     0.0 0     0.0 0   -60.8 0   -60.8 0    -6.9 0    75.8 0     3.3 0   164.6 0   939.8 0
 2019   2  1  2  2  1  2.017 116.13    -1.8 0     0.0 0     0.3 0     0.4 0   208.7 0   266.10 0   265.81 0   269.9 0   266.04 0   266.02 0     0.0 0     0.0 0     0.0 0   -61.2 0   -61.2 0    -6.9 0    74.8 0     2.7 0   160.3 0   939.8 0
 2019   2  1  2  2  2  2.033 116.29    -1.4 0     0.0 0     0.4 0     0.4 0   209.1 0   266.08 0   265.78 0   269.8 0   266.02 0   266.00 0     0.0 0     0.0 0     0.0 0   -60.8 0   -60.8 0    -6.9 0    75.9 0     3.3 0   165.9 0   939.7 0
 2019   2  1  2  2  3  2.050 116.46    -1.6 0     0.0 0     0.4 0     0.4 0   209.0 0   266.06 0   265.73 0   269.9 0   266.00 0   266.01 0     0.0 0     0.0 0     0.0 0   -60.9 0   -60.9 0    -6.9 0    75.4 0     3.6 0   163.1 0   939.7 0
 2019   2  1  2  2  4  2.067 116.62    -1.2 0     0.0 0     0.4 0     0.4 0   209.0 0   266.04 0   265.69 0   269.2 0   266.00 0   266.00 0     0.0 0     0.0 0     0.0 0   -60.3 0   -60.3 0    -6.8 0    75.6 0     3.3 0   173.2 0   939.7 0
 2019   2  1  2  2  5  2.083 116.79    -1.0 0     0.0 0     0.4 0     0.4 0   209.0 0   266.01 0   265.65 0   268.7 0   266.00 0   265.97 0     0.0 0     0.0 0     0.0 0   -59.6 0   -59.6 0    -6.9 0    75.5 0     3.5 0   174.4 0   939.7 0
 2019   2  1  2  2  6  2.100 116.95    -1.2 0     0.0 0     0.4 0     0.4 0   209.7 0   265.98 0   265.67 0   270.0 0   265.98 0   265.98 0     0.0 0     0.0 0     0.0 0   -60.3 0   -60.3 0    -6.9 0    75.8 0     4.3 0   172.1 0   939.6 0
 2019   2  1  2  2  7  2.117 117.12    -2.0 0     0.0 0     0.1 0     0.3 0   209.5 0   265.95 0   265.69 0   271.1 0   265.98 0   265.98 0     0.0 0     0.0 0     0.0 0   -61.6 0   -61.6 0    -6.9 0    75.7 0     4.8 0   172.4 0   939.5 0
 2019   2  1  2  2  8  2.133 117.28    -2.0 0     0.0 0     0.4 0     0.4 0   209.1 0   265.95 0   265.66 0   270.7 0   265.98 0   265.95 0     0.0 0     0.0 0     0.0 0   -61.6 0   -61.6 0    -7.0 0    75.9 0     4.2 0   177.1 0   939.6 0
 2019   2  1  2  2  9  2.150 117.45    -2.0 0     0.0 0     0.4 0     0.4 0   209.3 0   265.95 0   265.63 0   269.7 0   265.95 0   265.94 0     0.0 0     0.0 0     0.0 0   -60.4 0   -60.4 0    -7.0 0    76.3 0     3.4 0   169.7 0   939.7 0
 2019   2  1  2  2 10  2.167 117.62    -2.0 0     0.0 0     0.1 0     0.2 0   209.3 0   265.93 0   265.69 0   271.0 0   265.95 0   265.95 0     0.0 0     0.0 0     0.0 0   -61.6 0   -61.6 0    -6.9 0    76.3 0     4.1 0   176.6 0   939.7 0
 2019   2  1  2  2 11  2.183 117.78    -2.0 0     0.0 0     0.0 0     0.1 0   209.1 0   265.94 0   265.68 0   270.9 0   265.95 0   265.95 0     0.0 0     0.0 0     0.0 0   -61.7 0   -61.7 0    -6.9 0    76.2 0     3.7 0   173.7 0   939.8 0
 2019   2  1  2  2 12  2.200 117.95    -2.0 0     0.0 0     0.0 0     0.2 0   209.7 0   265.95 0   265.70 0   271.0 0   265.95 0   265.95 0     0.0 0     0.0 0     0.0 0   -61.3 0   -61.3 0    -6.9 0    76.4 0     3.9 0   166.5 0   939.7 0
 2019   2  1  2  2 13  2.217 118.11    -2.0 0     0.0 0     0.1 0     0.3 0   209.2 0   265.95 0   265.66 0   270.5 0   265.94 0   265.92 0     0.0 0     0.0 0     0.0 0   -61.3 0   -61.3 0    -7.0 0    76.3 0     3.3 0   177.2 0   939.8 0
 2019   2  1  2  2 14  2.233 118.28    -2.0 0     0.0 0     0.4 0     0.4 0   209.1 0   265.95 0   265.64 0   269.3 0   265.92 0   265.90 0     0.0 0     0.0 0     0.0 0   -60.2 0   -60.2 0    -7.0 0    76.3 0     2.8 0   166.0 0   939.7 0
 2019   2  1  2  2 15  2.250 118.44    -1.4 0     0.0 0     0.4 0     0.4 0   208.9 0   265.92 0   265.59 0   269.2 0   265.90 0   265.90 0     0.0 0     0.0 0     0.0 0   -60.2 0   -60.2 0    -7.0 0    77.2 0     3.5 0   167.3 0   939.7 0
 2019   2  1  2  2 16  2.267 118.61    -1.0 0     0.0 0     0.4 0     0.4 0   208.7 0   265.90 0   265.58 0   268.1 0   265.90 0   265.89 0     0.0 0     0.0 0     0.0 0   -59.4 0   -59.4 0    -6.9 0    76.2 0     2.7 0   175.6 0   939.9 0
 2019   2  1  2  2 17  2.283 118.78    -1.0 0     0.0 0     0.4 0     0.4 0   208.7 0   265.87 0   265.56 0   267.4 0   265.90 0   265.87 0     0.0 0     0.0 0     0.0 0   -58.7 0   -58.7 0    -7.0 0    76.4 0     2.4 0   174.9 0   939.8 0
 2019   2  1  2  2 18  2.300 118.94    -1.0 0     0.0 0     0.4 0     0.4 0   208.0 0   265.85 0   265.54 0   265.8 0   265.87 0   265.84 0     0.0 0     0.0 0     0.0 0   -57.8 0   -57.8 0    -7.0 0    76.2 0     1.5 0   182.0 0   939.9 0
 2019   2  1  2  2 19  2.317 119.11    -1.0 0     0.0 0     0.4 0     0.4 0   208.1 0   265.82 0   265.49 0   265.0 0   265.85 0   265.80 0     0.0 0     0.0 0     0.0 0   -56.9 0   -56.9 0    -7.2 0    76.6 0     1.8 0   189.4 0   940.0 0
 2019   2  1  2  2 20  2.333 119.27    -1.0 0     0.0 0     0.4 0     0.4 0   208.8 0   265.79 0   265.46 0   266.4 0   265.82 0   265.81 0     0.0 0     0.0 0     0.0 0   -57.5 0   -57.5 0    -7.1 0    78.6 0     2.8 0   199.8 0   939.9 0
 2019   2  1  2  2 21  2.350 119.44    -1.0 0    -0.2 0     0.4 0     0.3 0   209.2 0   265.75 0   265.47 0   267.7 0   265.80 0   265.83 0     0.0 0     0.0 0     0.0 0   -58.5 0   -58.5 0    -6.9 0    76.7 0     2.9 0   175.8 0   939.9 0
 2019   2  1  2  2 22  2.367 119.61    -1.2 0    -0.3 0     0.4 0     0.2 0   208.8 0   265.74 0   265.47 0   267.8 0   265.80 0   265.80 0     0.0 0     0.0 0     0.0 0   -59.0 0   -59.0 0    -6.9 0    75.8 0     2.0 0   174.9 0   939.9 0
 2019   2  1  2  2 23  2.383 119.77    -1.7 0    -0.1 0     0.4 0     0.2 0   208.9 0   265.74 0   265.48 0   266.8 0   265.79 0   265.79 0     0.0 0     0.0 0     0.0 0   -57.9 0   -57.9 0    -6.9 0    76.2 0     2.2 0   172.2 0   939.9 0
 2019   2  1  2  2 24  2.400 119.94    -2.0 0     0.0 0     0.4 0     0.2 0   208.7 0   265.74 0   265.48 0   266.8 0   265.79 0   265.76 0     0.0 0     0.0 0     0.0 0   -58.1 0   -58.1 0    -7.0 0    75.9 0     2.1 0   177.5 0   939.9 0
 2019   2  1  2  2 25  2.417 120.10    -1.9 0     0.0 0     0.4 0     0.4 0   208.3 0   265.72 0   265.44 0   265.6 0   265.77 0   265.74 0     0.0 0     0.0 0     0.0 0   -57.3 0   -57.3 0    -7.0 0    76.3 0     2.3 0   180.2 0   939.7 0
 2019   2  1  2  2 26  2.433 120.27    -1.1 0     0.0 0     0.4 0     0.4 0   208.4 0   265.70 0   265.39 0   265.1 0   265.74 0   265.72 0     0.0 0     0.0 0     0.0 0   -56.8 0   -56.8 0    -7.1 0    76.8 0     2.8 0   181.0 0   939.7 0
 2019   2  1  2  2 27  2.450 120.44    -1.0 0    -0.3 0     0.6 0     0.4 0   208.9 0   265.68 0   265.32 0   267.0 0   265.74 0   265.75 0     0.0 0     0.0 0     0.0 0   -58.0 0   -58.0 0    -6.9 0    78.9 0     3.0 0   186.8 0   939.6 0
 2019   2  1  2  2 28  2.467 120.60    -1.0 0    -0.4 0     0.7 0     0.4 0   208.2 0   265.64 0   265.30 0   267.6 0   265.74 0   265.75 0     0.0 0     0.0 0     0.0 0   -59.3 0   -59.3 0    -6.7 0    75.8 0     3.4 0   187.9 0   939.6 0
 2019   2  1  2  2 29  2.483 120.77    -1.0 0     0.0 0     0.8 0     0.4 0   208.2 0   265.61 0   265.21 0   266.9 0   265.74 0   265.74 0     0.0 0     0.0 0     0.0 0   -58.7 0   -58.7 0    -6.9 0    76.4 0     3.4 0   190.9 0   939.6 0
 2019   2  1  2  2 30  2.500 120.94    -1.0 0     0.0 0     0.8 0     0.4 0   208.6 0   265.56 0   265.19 0   267.1 0   265.74 0   265.73 0     0.0 0     0.0 0     0.0 0   -58.5 0   -58.5 0    -6.9 0    77.4 0     2.5 0   181.9 0   939.5 0
 2019   2  1  2  2 31  2.517 121.10    -1.0 0     0.0 0     0.8 0     0.4 0   208.8 0   265.52 0   265.19 0   265.8 0   265.73 0   265.70 0     0.0 0     0.0 0     0.0 0   -57.0 0   -57.0 0    -6.9 0    77.4 0     2.1 0   190.9 0   939.6 0
 2019   2  1  2  2 32  2.533 121.27    -1.0 0     0.0 0     0.8 0     0.4 0   207.7 0   265.47 0   265.13 0   265.6 0   265.70 0   265.64 0     0.0 0     0.0 0     0.0 0   -58.0 0   -58.0 0    -7.1 0    76.1 0     1.5 0   260.9 0   939.6 0
 2019   2  1  2  2 33  2.550 121.43    -1.0 0     0.0 0     0.5 0     0.4 0   208.7 0   265.44 0   265.12 0   266.0 0   265.68 0   265.65 0     0.0 0     0.0 0     0.0 0   -57.3 0   -57.3 0    -7.2 0    79.6 0     1.3 0   290.1 0   939.6 0
 2019   2  1  2  2 34  2.567 121.60    -1.0 0    -0.6 0     0.4 0     0.1 0   209.6 0   265.41 0   265.19 0   266.8 0   265.66 0   265.72 0     0.0 0     0.0 0     0.0 0   -57.2 0   -57.2 0    -7.0 0    80.7 0     2.0 0   293.2 0   939.6 0
 2019   2  1  2  2 35  2.583 121.77    -1.4 0    -0.8 0     0.1 0     0.0 0   209.5 0   265.41 0   265.20 0   266.9 0   265.68 0   265.69 0     0.0 0     0.0 0     0.0 0   -57.4 0   -57.4 0    -6.8 0    78.8 0     1.1 0   283.8 0   939.6 0
 2019   2  1  2  2 36  2.600 121.93    -1.9 0    -0.7 0     0.0 0     0.0 0   210.2 0   265.43 0   265.21 0   267.4 0   265.67 0   265.73 0     0.0 0     0.0 0     0.0 0   -57.2 0   -57.2 0    -6.8 0    79.9 0     2.4 0   269.6 0   939.6 0
 2019   2  1  2  2 37  2.617 122.10    -2.0 0    -0.8 0     0.0 0     0.0 0   210.8 0   265.43 0   265.23 0   268.8 0   265.70 0   265.80 0     0.0 0     0.0 0     0.0 0   -58.0 0   -58.0 0    -6.5 0    80.0 0     2.7 0   281.6 0   939.6 0
 2019   2  1  2  2 38  2.633 122.26    -2.0 0    -0.8 0     0.0 0     0.0 0   210.9 0   265.43 0   265.24 0   269.1 0   265.73 0   265.78 0     0.0 0     0.0 0     0.0 0   -58.2 0   -58.2 0    -6.4 0    78.1 0     2.2 0   237.1 0   939.5 0
 2019   2  1  2  2 39  2.650 122.43    -2.2 0    -1.2 0    -0.3 0    -0.2 0   212.6 0   265.46 0   265.41 0   272.7 0   265.77 0   265.96 0     0.0 0     0.0 0     0.0 0   -60.1 0   -60.1 0    -6.1 0    80.0 0     4.1 0   298.1 0   939.4 0
 2019   2  1  2  2 40  2.667 122.60    -2.9 0    -1.6 0    -1.2 0    -0.4 0   212.9 0   265.55 0   265.60 0   274.5 0   265.87 0   266.05 0     0.0 0     0.0 0     0.0 0   -61.6 0   -61.6 0    -5.8 0    78.2 0     4.0 0   263.5 0   939.4 0
 2019   2  1  2  2 41  2.683 122.76    -2.9 0    -1.4 0    -1.4 0    -0.4 0   212.3 0   265.66 0   265.68 0   272.5 0   265.96 0   266.05 0     0.0 0     0.0 0     0.0 0   -60.2 0   -60.2 0    -5.7 0    76.6 0     2.5 0   250.9 0   939.4 0
 2019   2  1  2  2 42  2.700 122.93    -2.9 0    -0.8 0    -0.9 0    -0.2 0   211.6 0   265.75 0   265.67 0   271.6 0   266.00 0   266.06 0     0.0 0     0.0 0     0.0 0   -60.1 0   -60.1 0    -5.9 0    76.3 0     2.8 0   241.7 0   939.5 0
 2019   2  1  2  2 43  2.717 123.10    -2.8 0    -0.8 0    -0.1 0     0.3 0   211.5 0   265.81 0   265.63 0   271.1 0   266.04 0   266.06 0     0.0 0     0.0 0     0.0 0   -59.6 0   -59.6 0    -6.1 0    77.8 0     2.8 0   234.6 0   939.4 0
 2019   2  1  2  2 44  2.733 123.26    -2.9 0    -0.7 0    -0.5 0    -0.1 0   212.6 0   265.86 0   265.83 0   270.9 0   266.06 0   266.11 0     0.0 0     0.0 0     0.0 0   -58.3 0   -58.3 0    -6.0 0    77.7 0     1.5 0   247.2 0   939.4 0
 2019   2  1  2  2 45  2.750 123.43    -2.9 0    -0.3 0    -0.3 0     0.0 0   211.8 0   265.94 0   265.84 0   271.0 0   266.09 0   266.13 0     0.0 0     0.0 0     0.0 0   -59.2 0   -59.2 0    -5.9 0    77.8 0     2.0 0   258.0 0   939.4 0
 2019   2  1  2  2 46  2.767 123.59    -2.9 0    -0.7 0    -0.4 0     0.0 0   212.2 0   266.01 0   265.91 0   271.5 0   266.12 0   266.19 0     0.0 0     0.0 0     0.0 0   -59.3 0   -59.3 0    -5.9 0    77.6 0     3.0 0   281.1 0   939.4 0
 2019   2  1  2  2 47  2.783 123.76    -2.9 0    -0.7 0    -0.6 0     0.0 0   212.6 0   266.07 0   265.99 0   271.3 0   266.15 0   266.22 0     0.0 0     0.0 0     0.0 0   -58.7 0   -58.7 0    -5.9 0    78.8 0     2.9 0   282.8 0   939.4 0
 2019   2  1  2  2 48  2.800 123.93    -2.9 0    -0.8 0    -0.6 0     0.0 0   212.8 0   266.15 0   266.08 0   272.3 0   266.19 0   266.28 0     0.0 0     0.0 0     0.0 0   -59.5 0   -59.5 0    -5.8 0    78.9 0     3.1 0   284.4 0   939.3 0
 2019   2  1  2  2 49  2.817 124.09    -2.9 0    -0.8 0    -0.8 0    -0.1 0   212.7 0   266.23 0   266.17 0   272.5 0   266.24 0   266.32 0     0.0 0     0.0 0     0.0 0   -59.8 0   -59.8 0    -5.6 0    78.4 0     2.8 0   290.4 0   939.3 0
 2019   2  1  2  2 50  2.833 124.26    -2.9 0    -0.8 0    -0.8 0     0.0 0   213.0 0   266.31 0   266.27 0   272.7 0   266.28 0   266.37 0     0.0 0     0.0 0     0.0 0   -59.7 0   -59.7 0    -5.5 0    77.8 0     2.1 0   297.9 0   939.3 0
 2019   2  1  2  2 51  2.850 124.42    -2.9 0    -0.8 0    -0.7 0     0.0 0   212.6 0   266.40 0   266.34 0   271.6 0   266.33 0   266.40 0     0.0 0     0.0 0     0.0 0   -59.1 0   -59.1 0    -5.5 0    77.4 0     1.5 0   300.5 0   939.3 0
 2019   2  1  2  2 52  2.867 124.59    -2.9 0    -0.8 0    -0.4 0     0.0 0   212.7 0   266.48 0   266.43 0   270.6 0   266.36 0   266.44 0     0.0 0     0.0 0     0.0 0   -57.9 0   -57.9 0    -5.5 0    77.7 0     2.0 0   311.7 0   939.3 0
 2019   2  1  2  2 53  2.883 124.76    -2.9 0    -0.8 0    -0.4 0     0.0 0   212.7 0   266.57 0   266.50 0   271.0 0   266.40 0   266.49 0     0.0 0     0.0 0     0.0 0   -58.3 0   -58.3 0    -5.4 0    77.6 0     1.8 0   330.9 0   939.3 0
 2019   2  1  2  2 54  2.900 124.92    -2.9 0    -0.8 0    -0.4 0     0.0 0   212.8 0   266.65 0   266.60 0   271.4 0   266.44 0   266.54 0     0.0 0     0.0 0     0.0 0   -58.6 0   -58.6 0    -5.4 0    77.3 0     1.8 0   308.4 0   939.2 0
 2019   2  1  2  2 55  2.917 125.09    -2.9 0    -0.8 0    -0.2 0     0.0 0   212.4 0   266.74 0   266.66 0   271.0 0   266.48 0   266.55 0     0.0 0     0.0 0     0.0 0   -58.6 0   -58.6 0    -5.4 0    77.0 0     1.4 0   329.1 0   939.2 0
 2019   2  1  2  2 56  2.933 125.25    -2.9 0    -0.8 0    -0.2 0     0.0 0   212.6 0   266.81 0   266.73 0   271.9 0   266.51 0   266.58 0     0.0 0     0.0 0     0.0 0   -59.3 0   -59.3 0    -5.4 0    77.2 0     1.3 0   321.9 0   939.3 0
 2019   2  1  2  2 57  2.950 125.42    -2.9 0    -0.8 0    -0.3 0     0.0 0   212.4 0   266.89 0   266.80 0   272.4 0   266.54 0   266.62 0     0.0 0     0.0 0     0.0 0   -60.0 0   -60.0 0    -5.4 0    77.5 0     2.6 0   329.5 0   939.3 0
 2019   2  1  2  2 58  2.967 125.58    -2.9 0    -0.8 0    -0.4 0     0.0 0   212.4 0   266.96 0   266.85 0   273.4 0   266.58 0   266.65 0     0.0 0     0.0 0     0.0 0   -61.0 0   -61.0 0    -5.4 0    77.8 0     3.4 0   328.1 0   939.3 0
 2019   2  1  2  2 59  2.983 125.75    -2.9 0    -0.8 0    -0.2 0     0.1 0   212.4 0   267.02 0   266.88 0   272.8 0   266.62 0   266.68 0     0.0 0     0.0 0     0.0 0   -60.3 0   -60.3 0    -5.5 0    78.2 0     2.6 0   332.7 0   939.3 0
 2019   2  1  2  3  0  3.000 125.92    -2.9 0    -0.8 0     0.0 0     0.4 0   212.5 0   267.07 0   266.92 0   272.4 0   266.65 0   266.72 0     0.0 0     0.0 0     0.0 0   -59.9 0   -59.9 0    -5.5 0    78.5 0     3.0 0   322.8 0   939.3 0
 2019   2  1  2  3  1  3.017 126.08    -2.9 0    -0.8 0     0.0 0     0.4 0   212.4 0   267.12 0   266.94 0   272.9 0   266.69 0   266.75 0     0.0 0     0.0 0     0.0 0   -60.5 0   -60.5 0    -5.4 0    78.7 0     2.4 0   315.6 0   939.3 0
 2019   2  1  2  3  2  3.033 126.25    -2.9 0    -0.8 0     0.0 0     0.4 0   212.6 0   267.16 0   266.98 0   272.1 0   266.73 0   266.80 0     0.0 0     0.0 0     0.0 0   -59.5 0   -59.5 0    -5.4 0    78.5 0     2.1 0   303.7 0   939.3 0
 2019   2  1  2  3  3  3.050 126.41    -2.9 0    -0.8 0     0.0 0     0.3 0   212.7 0   267.20 0   267.03 0   271.1 0   266.75 0   266.81 0     0.0 0     0.0 0     0.0 0   -58.3 0   -58.3 0    -5.3 0    78.6 0     1.5 0   298.8 0   939.3 0
 2019   2  1  2  3  4  3.067 126.58    -2.9 0    -0.8 0     0.0 0     0.1 0   212.4 0   267.24 0   267.07 0   271.4 0   266.79 0   266.86 0     0.0 0     0.0 0     0.0 0   -58.9 0   -58.9 0    -5.2 0    78.3 0     2.3 0   289.8 0   939.2 0
 2019   2  1  2  3  5  3.083 126.74    -2.1 0    -0.8 0     0.4 0     0.4 0   211.2 0   267.26 0   266.95 0   271.3 0   266.81 0   266.83 0     0.0 0     0.0 0     0.0 0   -60.2 0   -60.2 0    -5.3 0    77.0 0     1.4 0   212.6 0   939.2 0
 2019   2  1  2  3  6  3.100 126.91    -2.0 0    -0.5 0     0.6 0     0.4 0   210.7 0   267.26 0   266.93 0   270.7 0   266.83 0   266.82 0     0.0 0     0.0 0     0.0 0   -60.0 0   -60.0 0    -5.5 0    78.1 0     1.0 0   196.7 0   939.3 0
 2019   2  1  2  3  7  3.117 127.07    -2.0 0    -0.1 0     0.8 0     0.4 0   210.3 0   267.23 0   266.86 0   269.8 0   266.81 0   266.78 0     0.0 0     0.0 0     0.0 0   -59.5 0   -59.5 0    -5.7 0    76.0 0     1.8 0   175.6 0   939.3 0
 2019   2  1  2  3  8  3.133 127.24    -2.0 0    -0.1 0     0.8 0     0.4 0   210.6 0   267.20 0   266.83 0   270.4 0   266.80 0   266.78 0     0.0 0     0.0 0     0.0 0   -59.8 0   -59.8 0    -5.9 0    78.7 0     2.2 0   179.0 0   939.3 0
 2019   2  1  2  3  9  3.150 127.40    -1.7 0     0.0 0     0.9 0     0.4 0   209.8 0   267.16 0   266.75 0   269.8 0   266.78 0   266.73 0     0.0 0     0.0 0     0.0 0   -60.1 0   -60.1 0    -6.0 0    75.8 0     2.3 0   183.4 0   939.3 0
 2019   2  1  2  3 10  3.167 127.57    -1.0 0     0.2 0     1.4 0     0.4 0   209.1 0   267.09 0   266.56 0   268.9 0   266.74 0   266.65 0     0.0 0     0.0 0     0.0 0   -59.8 0   -59.8 0    -6.5 0    76.7 0     2.7 0   185.9 0   939.4 0
 2019   2  1  2  3 11  3.183 127.73    -1.0 0     0.0 0     1.5 0     0.4 0   209.6 0   267.00 0   266.50 0   268.7 0   266.68 0   266.62 0     0.0 0     0.0 0     0.0 0   -59.1 0   -59.1 0    -6.7 0    79.3 0     2.5 0   185.7 0   939.4 0
 2019   2  1  2  3 12  3.200 127.90    -1.0 0     0.0 0     1.2 0     0.4 0   210.0 0   266.93 0   266.53 0   268.9 0   266.65 0   266.60 0     0.0 0     0.0 0     0.0 0   -58.9 0   -58.9 0    -6.6 0    79.8 0     2.0 0   178.4 0   939.4 0
 2019   2  1  2  3 13  3.217 128.06    -1.0 0     0.0 0     1.2 0     0.4 0   210.0 0   266.87 0   266.42 0   268.9 0   266.61 0   266.55 0     0.0 0     0.0 0     0.0 0   -58.9 0   -58.9 0    -6.7 0    79.9 0     2.5 0   196.4 0   939.4 0
 2019   2  1  2  3 14  3.233 128.23    -1.0 0    -0.4 0     0.9 0     0.4 0   210.2 0   266.80 0   266.42 0   270.6 0   266.58 0   266.61 0     0.0 0     0.0 0     0.0 0   -60.4 0   -60.4 0    -6.5 0    82.9 0     2.1 0   210.9 0   939.4 0
 2019   2  1  2  3 15  3.250 128.39    -1.0 0    -0.6 0     0.7 0     0.3 0   210.8 0   266.76 0   266.44 0   269.9 0   266.57 0   266.58 0     0.0 0     0.0 0     0.0 0   -59.1 0   -59.1 0    -6.3 0    79.5 0     0.9 0   162.3 0   939.4 0
 2019   2  1  2  3 16  3.267 128.55    -1.0 0    -0.8 0     0.4 0     0.0 0   211.1 0   266.73 0   266.46 0   271.3 0   266.57 0   266.59 0     0.0 0     0.0 0     0.0 0   -60.2 0   -60.2 0    -6.2 0    81.7 0     0.7 0   310.1 0   939.4 0
 2019   2  1  2  3 17  3.283 128.72    -1.6 0    -0.8 0     0.2 0     0.0 0   211.2 0   266.71 0   266.48 0   270.5 0   266.57 0   266.58 0     0.0 0     0.0 0     0.0 0   -59.3 0   -59.3 0    -6.1 0    80.6 0     0.9 0   319.5 0   939.6 0
 2019   2  1  2  3 18  3.300 128.88    -2.0 0    -0.7 0     0.0 0     0.0 0   211.5 0   266.71 0   266.51 0   269.0 0   266.55 0   266.59 0     0.0 0     0.0 0     0.0 0   -57.5 0   -57.5 0    -6.0 0    82.0 0     1.2 0   271.5 0   939.6 0
 2019   2  1  2  3 19  3.317 129.05    -2.0 0    -0.8 0     0.0 0    -0.1 0   212.1 0   266.73 0   266.57 0   269.0 0   266.56 0   266.61 0     0.0 0     0.0 0     0.0 0   -56.9 0   -56.9 0    -5.8 0    81.2 0     1.1 0   298.9 0   939.6 0
 2019   2  1  2  3 20  3.333 129.21    -2.0 0    -0.8 0     0.0 0     0.0 0   212.1 0   266.76 0   266.61 0   269.2 0   266.57 0   266.60 0     0.0 0     0.0 0     0.0 0   -57.2 0   -57.2 0    -5.7 0    81.7 0     0.8 0   233.6 0   939.6 0
 2019   2  1  2  3 21  3.350 129.38    -2.0 0    -0.8 0     0.0 0     0.0 0   211.7 0   266.79 0   266.61 0   270.3 0   266.58 0   266.64 0     0.0 0     0.0 0     0.0 0   -58.6 0   -58.6 0    -5.6 0    80.8 0     1.5 0   244.3 0   939.6 0
 2019   2  1  2  3 22  3.367 129.54    -2.0 0    -0.8 0     0.0 0     0.3 0   210.3 0   266.80 0   266.56 0   270.6 0   266.60 0   266.62 0     0.0 0     0.0 0     0.0 0   -60.3 0   -60.3 0    -5.6 0    79.9 0     1.0 0   240.6 0   939.6 0
 2019   2  1  2  3 23  3.383 129.70    -2.0 0    -0.2 0     0.3 0     0.4 0   209.7 0   266.80 0   266.49 0   269.4 0   266.59 0   266.56 0     0.0 0     0.0 0     0.0 0   -59.7 0   -59.7 0    -5.8 0    75.0 0     1.9 0   174.8 0   939.6 0
 2019   2  1  2  3 24  3.400 129.87    -1.5 0     0.0 0     0.5 0     0.4 0   209.4 0   266.77 0   266.41 0   268.3 0   266.56 0   266.50 0     0.0 0     0.0 0     0.0 0   -59.0 0   -59.0 0    -6.3 0    77.0 0     2.1 0   177.8 0   939.6 0
 2019   2  1  2  3 25  3.417 130.03    -1.0 0     0.0 0     0.8 0     0.4 0   209.2 0   266.74 0   266.35 0   268.4 0   266.52 0   266.44 0     0.0 0     0.0 0     0.0 0   -59.2 0   -59.2 0    -6.6 0    78.4 0     2.0 0   185.9 0   939.6 0
 2019   2  1  2  3 26  3.433 130.19    -1.0 0     0.1 0     0.9 0     0.4 0   208.9 0   266.69 0   266.27 0   268.1 0   266.47 0   266.38 0     0.0 0     0.0 0     0.0 0   -59.2 0   -59.2 0    -6.8 0    79.0 0     2.3 0   181.6 0   939.6 0
 2019   2  1  2  3 27  3.450 130.36    -1.0 0     0.2 0     1.0 0     0.4 0   209.4 0   266.63 0   266.22 0   268.4 0   266.41 0   266.34 0     0.0 0     0.0 0     0.0 0   -58.9 0   -58.9 0    -7.0 0    82.1 0     2.7 0   183.1 0   939.5 0
 2019   2  1  2  3 28  3.467 130.52    -1.0 0     0.0 0     0.9 0     0.4 0   209.3 0   266.58 0   266.17 0   269.7 0   266.38 0   266.36 0     0.0 0     0.0 0     0.0 0   -60.4 0   -60.4 0    -6.8 0    82.5 0     3.2 0   177.8 0   939.4 0
 2019   2  1  2  3 29  3.483 130.68    -1.0 0     0.0 0     0.8 0     0.4 0   209.5 0   266.54 0   266.19 0   270.5 0   266.36 0   266.35 0     0.0 0     0.0 0     0.0 0   -61.0 0   -61.0 0    -6.7 0    81.1 0     3.2 0   177.4 0   939.4 0
 2019   2  1  2  3 30  3.500 130.85    -1.9 0    -0.4 0     0.7 0     0.4 0   209.2 0   266.50 0   266.19 0   270.5 0   266.35 0   266.35 0     0.0 0     0.0 0     0.0 0   -61.2 0   -61.2 0    -6.6 0    81.0 0     2.7 0   170.5 0   939.4 0
 2019   2  1  2  3 31  3.517 131.01    -1.6 0    -0.1 0     0.6 0     0.4 0   208.9 0   266.48 0   266.15 0   268.7 0   266.35 0   266.31 0     0.0 0     0.0 0     0.0 0   -59.8 0   -59.8 0    -6.6 0    79.1 0     1.5 0   170.2 0   939.5 0
 2019   2  1  2  3 32  3.533 131.17    -1.0 0     0.0 0     0.4 0     0.4 0   208.4 0   266.44 0   266.08 0   266.9 0   266.31 0   266.27 0     0.0 0     0.0 0     0.0 0   -58.5 0   -58.5 0    -6.7 0    79.7 0     0.9 0   184.3 0   939.5 0
 2019   2  1  2  3 33  3.550 131.34    -1.0 0     0.0 0     0.4 0     0.4 0   209.4 0   266.40 0   266.08 0   267.1 0   266.29 0   266.26 0     0.0 0     0.0 0     0.0 0   -57.6 0   -57.6 0    -6.8 0    82.3 0     1.4 0   197.5 0   939.5 0
 2019   2  1  2  3 34  3.567 131.50    -1.7 0    -0.6 0     0.0 0    -0.1 0   211.2 0   266.38 0   266.25 0   270.7 0   266.27 0   266.32 0     0.0 0     0.0 0     0.0 0   -59.4 0   -59.4 0    -6.5 0    84.7 0     1.3 0   291.0 0   939.4 0
 2019   2  1  2  3 35  3.583 131.66    -2.8 0    -0.8 0    -0.5 0    -0.4 0   211.8 0   266.43 0   266.41 0   271.4 0   266.29 0   266.35 0     0.0 0     0.0 0     0.0 0   -59.6 0   -59.6 0    -6.3 0    83.8 0     0.3 0   104.6 0   939.4 0
 2019   2  1  2  3 36  3.600 131.82    -2.9 0    -0.8 0    -0.8 0    -0.4 0   211.8 0   266.52 0   266.51 0   270.7 0   266.30 0   266.36 0     0.0 0     0.0 0     0.0 0   -59.0 0   -59.0 0    -6.1 0    83.3 0     0.1 0    96.6 0   939.4 0
 2019   2  1  2  3 37  3.617 131.99    -2.9 0    -0.8 0    -0.8 0    -0.4 0   211.4 0   266.60 0   266.57 0   271.1 0   266.31 0   266.39 0     0.0 0     0.0 0     0.0 0   -59.7 0   -59.7 0    -5.9 0    82.5 0     1.2 0   138.9 0   939.4 0
 2019   2  1  2  3 38  3.633 132.15    -2.9 0    -0.8 0    -0.7 0     0.0 0   211.2 0   266.68 0   266.61 0   271.8 0   266.34 0   266.41 0     0.0 0     0.0 0     0.0 0   -60.6 0   -60.6 0    -5.8 0    81.3 0     1.2 0   167.3 0   939.4 0
 2019   2  1  2  3 39  3.650 132.31    -2.9 0    -0.8 0    -0.4 0     0.0 0   211.0 0   266.75 0   266.65 0   272.2 0   266.35 0   266.40 0     0.0 0     0.0 0     0.0 0   -61.2 0   -61.2 0    -5.8 0    81.0 0     1.1 0   176.6 0   939.4 0
 2019   2  1  2  3 40  3.667 132.47    -2.9 0    -0.6 0    -0.4 0     0.0 0   211.4 0   266.81 0   266.72 0   272.1 0   266.36 0   266.43 0     0.0 0     0.0 0     0.0 0   -60.7 0   -60.7 0    -5.7 0    81.4 0     0.7 0   192.7 0   939.3 0
 2019   2  1  2  3 41  3.683 132.63    -2.9 0    -0.4 0    -0.2 0     0.0 0   210.7 0   266.87 0   266.74 0   271.2 0   266.39 0   266.45 0     0.0 0     0.0 0     0.0 0   -60.4 0   -60.4 0    -5.6 0    79.9 0     1.5 0   197.6 0   939.3 0
 2019   2  1  2  3 42  3.700 132.79    -2.9 0     0.0 0     0.0 0     0.3 0   210.8 0   266.92 0   266.72 0   270.0 0   266.40 0   266.44 0     0.0 0     0.0 0     0.0 0   -59.3 0   -59.3 0    -5.7 0    80.7 0     0.9 0   267.2 0   939.3 0
 2019   2  1  2  3 43  3.717 132.95    -2.9 0     0.0 0     0.2 0     0.4 0   210.9 0   266.95 0   266.74 0   270.2 0   266.40 0   266.44 0     0.0 0     0.0 0     0.0 0   -59.3 0   -59.3 0    -5.7 0    81.8 0     0.3 0   255.6 0   939.3 0
 2019   2  1  2  3 44  3.733 133.12    -2.9 0     0.0 0     0.0 0     0.1 0   211.2 0   266.97 0   266.81 0   269.2 0   266.40 0   266.44 0     0.0 0     0.0 0     0.0 0   -58.0 0   -58.0 0    -5.6 0    82.0 0     0.2 0     9.2 0   939.2 0
 2019   2  1  2  3 45  3.750 133.28    -2.9 0     0.0 0     0.0 0     0.0 0   211.4 0   267.02 0   266.87 0   269.9 0   266.41 0   266.49 0     0.0 0     0.0 0     0.0 0   -58.4 0   -58.4 0    -5.5 0    82.0 0     1.6 0   275.1 0   939.2 0
 2019   2  1  2  3 46  3.767 133.44    -2.9 0    -0.5 0    -0.2 0     0.0 0   211.7 0   267.07 0   266.94 0   270.9 0   266.44 0   266.51 0     0.0 0     0.0 0     0.0 0   -59.2 0   -59.2 0    -5.4 0    81.4 0     1.2 0   270.4 0   939.2 0
 2019   2  1  2  3 47  3.783 133.60    -2.9 0     0.0 0    -0.2 0     0.0 0   211.7 0   267.13 0   267.03 0   269.7 0   266.45 0   266.51 0     0.0 0     0.0 0     0.0 0   -58.0 0   -58.0 0    -5.3 0    80.9 0     1.1 0   253.6 0   939.1 0
 2019   2  1  2  3 48  3.800 133.76    -2.9 0    -0.2 0    -0.4 0     0.0 0   211.6 0   267.19 0   267.07 0   270.2 0   266.48 0   266.53 0     0.0 0     0.0 0     0.0 0   -58.6 0   -58.6 0    -5.3 0    80.5 0     1.1 0   246.4 0   939.1 0
 2019   2  1  2  3 49  3.817 133.92    -2.9 0    -0.3 0     0.0 0     0.1 0   211.4 0   267.24 0   267.08 0   269.7 0   266.50 0   266.57 0     0.0 0     0.0 0     0.0 0   -58.2 0   -58.2 0    -5.2 0    80.7 0     0.6 0   243.8 0   939.1 0
 2019   2  1  2  3 50  3.833 134.08    -2.9 0     0.0 0     0.0 0     0.3 0   211.3 0   267.28 0   267.11 0   268.7 0   266.52 0   266.55 0     0.0 0     0.0 0     0.0 0   -57.4 0   -57.4 0    -5.2 0    80.0 0     0.1 0   271.9 0   939.1 0
 2019   2  1  2  3 51  3.850 134.24    -2.1 0     0.0 0     0.2 0     0.3 0   210.9 0   267.31 0   267.08 0   269.3 0   266.53 0   266.56 0     0.0 0     0.0 0     0.0 0   -58.4 0   -58.4 0    -5.2 0    80.4 0     0.1 0     4.7 0   939.1 0
 2019   2  1  2  3 52  3.867 134.40    -2.0 0     0.0 0     0.4 0     0.4 0   210.7 0   267.32 0   267.09 0   268.3 0   266.53 0   266.57 0     0.0 0     0.0 0     0.0 0   -57.5 0   -57.5 0    -5.2 0    79.9 0     0.5 0   217.8 0   939.1 0
 2019   2  1  2  3 53  3.883 134.56    -2.4 0     0.0 0     0.1 0     0.3 0   211.2 0   267.34 0   267.15 0   268.5 0   266.54 0   266.58 0     0.0 0     0.0 0     0.0 0   -57.3 0   -57.3 0    -5.2 0    80.4 0     0.5 0   328.6 0   939.1 0
 2019   2  1  2  3 54  3.900 134.72    -2.0 0     0.0 0     0.2 0     0.0 0   211.3 0   267.36 0   267.18 0   268.1 0   266.55 0   266.58 0     0.0 0     0.0 0     0.0 0   -56.8 0   -56.8 0    -5.2 0    80.1 0     0.4 0    23.1 0   939.1 0
 2019   2  1  2  3 55  3.917 134.88    -2.0 0    -0.1 0     0.2 0     0.1 0   211.3 0   267.39 0   267.18 0   269.1 0   266.55 0   266.59 0     0.0 0     0.0 0     0.0 0   -57.8 0   -57.8 0    -5.3 0    80.7 0     1.7 0   326.6 0   939.1 0
 2019   2  1  2  3 56  3.933 135.03    -2.1 0    -0.6 0     0.0 0     0.0 0   211.8 0   267.41 0   267.23 0   271.4 0   266.56 0   266.64 0     0.0 0     0.0 0     0.0 0   -59.6 0   -59.6 0    -5.3 0    81.2 0     1.2 0   314.6 0   939.1 0
 2019   2  1  2  3 57  3.950 135.19    -2.1 0    -0.8 0     0.0 0     0.0 0   211.8 0   267.44 0   267.26 0   271.5 0   266.59 0   266.68 0     0.0 0     0.0 0     0.0 0   -59.8 0   -59.8 0    -5.3 0    81.2 0     2.4 0   328.4 0   939.1 0
 2019   2  1  2  3 58  3.967 135.35    -2.0 0    -0.8 0     0.0 0     0.1 0   211.8 0   267.47 0   267.27 0   272.7 0   266.63 0   266.73 0     0.0 0     0.0 0     0.0 0   -60.9 0   -60.9 0    -5.2 0    81.3 0     3.2 0   331.6 0   939.0 0
 2019   2  1  2  3 59  3.983 135.51    -2.0 0    -0.8 0     0.0 0     0.0 0   211.8 0   267.50 0   267.31 0   273.5 0   266.68 0   266.81 0     0.0 0     0.0 0     0.0 0   -61.7 0   -61.7 0    -5.2 0    81.2 0     3.1 0   334.7 0   938.9 0
 2019   2  1  2  4  0  4.000 135.67    -2.0 0    -0.8 0     0.0 0     0.1 0   211.8 0   267.52 0   267.33 0   273.7 0   266.74 0   266.84 0     0.0 0     0.0 0     0.0 0   -61.9 0   -61.9 0    -5.2 0    81.3 0     3.3 0   326.3 0   939.0 0
 2019   2  1  2  4  1  4.017 135.83    -2.0 0    -0.8 0    -0.1 0     0.1 0   212.1 0   267.56 0   267.37 0   274.3 0   266.79 0   266.91 0     0.0 0     0.0 0     0.0 0   -62.2 0   -62.2 0    -5.2 0    81.3 0     4.0 0   322.6 0   938.9 0
 2019   2  1  2  4  2  4.033 135.98    -2.6 0    -1.3 0    -0.4 0     0.0 0   212.3 0   267.58 0   267.42 0   275.7 0   266.86 0   267.01 0     0.0 0     0.0 0     0.0 0   -63.4 0   -63.4 0    -5.1 0    81.0 0     4.5 0   323.9 0   938.9 0
 2019   2  1  2  4  3  4.050 136.14    -2.9 0    -1.6 0    -0.4 0     0.0 0   212.5 0   267.63 0   267.49 0   276.6 0   266.94 0   267.09 0     0.0 0     0.0 0     0.0 0   -64.2 0   -64.2 0    -5.0 0    80.7 0     5.4 0   333.0 0   938.9 0
 2019   2  1  2  4  4  4.067 136.30    -2.9 0    -1.6 0    -0.4 0     0.1 0   212.6 0   267.68 0   267.55 0   277.9 0   267.04 0   267.20 0     0.0 0     0.0 0     0.0 0   -65.3 0   -65.3 0    -4.9 0    80.6 0     6.5 0   325.3 0   938.9 0
 2019   2  1  2  4  5  4.083 136.46    -2.9 0    -1.6 0    -0.4 0     0.0 0   212.6 0   267.74 0   267.61 0   277.7 0   267.14 0   267.28 0     0.0 0     0.0 0     0.0 0   -65.0 0   -65.0 0    -4.9 0    80.1 0     5.3 0   329.3 0   938.9 0
 2019   2  1  2  4  6  4.100 136.61    -2.9 0    -1.6 0    -0.4 0     0.0 0   212.8 0   267.79 0   267.66 0   278.1 0   267.23 0   267.37 0     0.0 0     0.0 0     0.0 0   -65.3 0   -65.3 0    -4.8 0    80.3 0     5.9 0   329.1 0   938.9 0
 2019   2  1  2  4  7  4.117 136.77    -2.9 0    -1.6 0    -0.4 0     0.0 0   213.0 0   267.85 0   267.74 0   278.4 0   267.32 0   267.47 0     0.0 0     0.0 0     0.0 0   -65.4 0   -65.4 0    -4.8 0    80.1 0     5.6 0   337.6 0   938.8 0
 2019   2  1  2  4  8  4.133 136.92    -2.9 0    -1.6 0    -0.4 0     0.0 0   212.9 0   267.92 0   267.77 0   277.9 0   267.41 0   267.52 0     0.0 0     0.0 0     0.0 0   -65.1 0   -65.1 0    -4.8 0    79.7 0     4.9 0   332.2 0   938.9 0
 2019   2  1  2  4  9  4.150 137.08    -2.9 0    -0.9 0    -0.3 0     0.2 0   212.5 0   267.97 0   267.80 0   276.8 0   267.47 0   267.52 0     0.0 0     0.0 0     0.0 0   -64.3 0   -64.3 0    -4.8 0    79.7 0     4.0 0   330.1 0   938.8 0
 2019   2  1  2  4 10  4.167 137.24    -2.9 0    -0.8 0     0.0 0     0.4 0   212.2 0   268.00 0   267.77 0   275.9 0   267.51 0   267.52 0     0.0 0     0.0 0     0.0 0   -63.7 0   -63.7 0    -5.0 0    80.2 0     3.9 0   332.7 0   938.8 0
 2019   2  1  2  4 11  4.183 137.39    -2.4 0    -0.5 0     0.2 0     0.4 0   211.8 0   268.02 0   267.73 0   275.5 0   267.52 0   267.53 0     0.0 0     0.0 0     0.0 0   -63.7 0   -63.7 0    -5.1 0    81.1 0     4.1 0   329.4 0   938.8 0
 2019   2  1  2  4 12  4.200 137.55    -2.0 0    -0.7 0     0.4 0     0.4 0   212.2 0   268.02 0   267.73 0   275.7 0   267.52 0   267.56 0     0.0 0     0.0 0     0.0 0   -63.5 0   -63.5 0    -5.2 0    81.6 0     4.7 0   326.9 0   938.8 0
 2019   2  1  2  4 13  4.217 137.70    -2.0 0    -0.8 0     0.4 0     0.4 0   212.0 0   268.00 0   267.74 0   276.0 0   267.55 0   267.57 0     0.0 0     0.0 0     0.0 0   -64.0 0   -64.0 0    -5.2 0    81.5 0     4.6 0   328.8 0   938.8 0
 2019   2  1  2  4 14  4.233 137.86    -2.0 0    -0.6 0     0.4 0     0.4 0   211.8 0   268.00 0   267.72 0   275.4 0   267.56 0   267.56 0     0.0 0     0.0 0     0.0 0   -63.6 0   -63.6 0    -5.2 0    81.2 0     3.7 0   325.0 0   938.8 0
 2019   2  1  2  4 15  4.250 138.01    -2.0 0     0.0 0     0.4 0     0.4 0   211.8 0   267.99 0   267.71 0   275.1 0   267.55 0   267.54 0     0.0 0     0.0 0     0.0 0   -63.4 0   -63.4 0    -5.3 0    81.9 0     4.1 0   329.5 0   938.8 0
 2019   2  1  2  4 16  4.267 138.17    -2.0 0     0.0 0     0.4 0     0.4 0   211.7 0   267.98 0   267.69 0   275.0 0   267.55 0   267.53 0     0.0 0     0.0 0     0.0 0   -63.3 0   -63.3 0    -5.4 0    81.8 0     3.4 0   323.3 0   938.8 0
 2019   2  1  2  4 17  4.283 138.32    -2.0 0     0.0 0     0.4 0     0.4 0   211.7 0   267.97 0   267.65 0   274.3 0   267.53 0   267.51 0     0.0 0     0.0 0     0.0 0   -62.6 0   -62.6 0    -5.5 0    82.5 0     4.2 0   325.4 0   938.8 0
 2019   2  1  2  4 18  4.300 138.47    -2.0 0    -0.6 0     0.4 0     0.4 0   212.6 0   267.95 0   267.68 0   275.9 0   267.52 0   267.55 0     0.0 0     0.0 0     0.0 0   -63.3 0   -63.3 0    -5.4 0    83.0 0     4.6 0   328.8 0   938.8 0
 2019   2  1  2  4 19  4.317 138.63    -2.0 0    -0.8 0     0.2 0     0.3 0   212.8 0   267.94 0   267.69 0   276.0 0   267.53 0   267.57 0     0.0 0     0.0 0     0.0 0   -63.3 0   -63.3 0    -5.2 0    82.3 0     4.8 0   332.7 0   938.7 0
 2019   2  1  2  4 20  4.333 138.78    -2.0 0    -0.8 0     0.1 0     0.3 0   212.9 0   267.95 0   267.70 0   276.4 0   267.55 0   267.59 0     0.0 0     0.0 0     0.0 0   -63.5 0   -63.5 0    -5.2 0    82.5 0     4.6 0   325.3 0   938.7 0
 2019   2  1  2  4 21  4.350 138.93    -2.0 0    -0.8 0     0.0 0     0.4 0   212.6 0   267.95 0   267.70 0   276.1 0   267.57 0   267.58 0     0.0 0     0.0 0     0.0 0   -63.6 0   -63.6 0    -5.2 0    82.0 0     4.9 0   334.2 0   938.7 0
 2019   2  1  2  4 22  4.367 139.08    -2.0 0    -0.6 0     0.3 0     0.4 0   212.1 0   267.95 0   267.67 0   275.3 0   267.57 0   267.57 0     0.0 0     0.0 0     0.0 0   -63.3 0   -63.3 0    -5.3 0    81.8 0     4.8 0   335.2 0   938.7 0
 2019   2  1  2  4 23  4.383 139.24    -2.0 0    -0.3 0     0.4 0     0.4 0   211.7 0   267.93 0   267.66 0   275.6 0   267.57 0   267.57 0     0.0 0     0.0 0     0.0 0   -63.8 0   -63.8 0    -5.3 0    82.0 0     4.8 0   331.6 0   938.7 0
 2019   2  1  2  4 24  4.400 139.39    -2.0 0     0.0 0     0.4 0     0.4 0   212.0 0   267.92 0   267.63 0   275.4 0   267.57 0   267.54 0     0.0 0     0.0 0     0.0 0   -63.3 0   -63.3 0    -5.5 0    82.5 0     4.9 0   331.3 0   938.6 0
 2019   2  1  2  4 25  4.417 139.54    -2.0 0     0.0 0     0.4 0     0.4 0   211.9 0   267.90 0   267.59 0   274.9 0   267.54 0   267.52 0     0.0 0     0.0 0     0.0 0   -63.0 0   -63.0 0    -5.5 0    82.6 0     4.4 0   331.9 0   938.6 0
 2019   2  1  2  4 26  4.433 139.69    -2.0 0     0.0 0     0.4 0     0.4 0   211.7 0   267.88 0   267.55 0   274.1 0   267.52 0   267.47 0     0.0 0     0.0 0     0.0 0   -62.3 0   -62.3 0    -5.7 0    82.8 0     3.5 0   322.6 0   938.6 0
 2019   2  1  2  4 27  4.450 139.84    -2.0 0     0.0 0     0.4 0     0.4 0   212.2 0   267.85 0   267.52 0   274.0 0   267.49 0   267.47 0     0.0 0     0.0 0     0.0 0   -61.7 0   -61.7 0    -5.7 0    83.6 0     3.8 0   328.1 0   938.5 0
 2019   2  1  2  4 28  4.467 139.99    -1.9 0     0.0 0     0.4 0     0.4 0   212.7 0   267.81 0   267.48 0   274.4 0   267.47 0   267.46 0     0.0 0     0.0 0     0.0 0   -61.8 0   -61.8 0    -5.7 0    84.4 0     4.4 0   313.6 0   938.5 0
 2019   2  1  2  4 29  4.483 140.14    -1.9 0    -1.0 0     0.1 0     0.2 0   215.1 0   267.78 0   267.62 0   278.2 0   267.48 0   267.65 0     0.0 0     0.0 0     0.0 0   -63.1 0   -63.1 0    -5.1 0    85.6 0     5.5 0   302.6 0   938.5 0
 2019   2  1  2  4 30  4.500 140.29    -2.7 0    -1.9 0    -0.8 0    -0.4 0   216.1 0   267.84 0   267.83 0   280.0 0   267.56 0   267.81 0     0.0 0     0.0 0     0.0 0   -63.9 0   -63.9 0    -4.6 0    83.3 0     6.9 0   301.6 0   938.5 0
 2019   2  1  2  4 31  4.517 140.44    -2.9 0    -2.8 0    -1.3 0    -0.4 0   216.7 0   267.93 0   267.95 0   281.8 0   267.69 0   267.97 0     0.0 0     0.0 0     0.0 0   -65.1 0   -65.1 0    -4.2 0    81.3 0     7.5 0   296.7 0   938.4 0
 2019   2  1  2  4 32  4.533 140.59    -2.9 0    -3.2 0    -1.3 0    -0.4 0   216.9 0   268.03 0   268.05 0   282.1 0   267.83 0   268.09 0     0.0 0     0.0 0     0.0 0   -65.2 0   -65.2 0    -4.0 0    80.2 0     6.9 0   293.6 0   938.3 0
 2019   2  1  2  4 33  4.550 140.74    -2.9 0    -3.2 0    -1.5 0    -0.4 0   217.2 0   268.15 0   268.17 0   282.5 0   267.97 0   268.21 0     0.0 0     0.0 0     0.0 0   -65.3 0   -65.3 0    -3.8 0    79.5 0     6.9 0   294.5 0   938.3 0
 2019   2  1  2  4 34  4.567 140.89    -3.6 0    -3.2 0    -1.5 0    -0.2 0   217.5 0   268.26 0   268.28 0   283.5 0   268.10 0   268.34 0     0.0 0     0.0 0     0.0 0   -66.0 0   -66.0 0    -3.7 0    79.4 0     8.3 0   293.9 0   938.2 0
 2019   2  1  2  4 35  4.583 141.04    -3.9 0    -3.2 0    -1.5 0    -0.2 0   217.6 0   268.38 0   268.41 0   283.7 0   268.24 0   268.47 0     0.0 0     0.0 0     0.0 0   -66.0 0   -66.0 0    -3.5 0    78.5 0     7.8 0   295.5 0   938.2 0
 2019   2  1  2  4 36  4.600 141.18    -3.9 0    -2.7 0    -1.4 0     0.0 0   217.6 0   268.50 0   268.50 0   283.2 0   268.37 0   268.55 0     0.0 0     0.0 0     0.0 0   -65.6 0   -65.6 0    -3.6 0    78.6 0     7.6 0   298.1 0   938.3 0
 2019   2  1  2  4 37  4.617 141.33    -3.9 0    -2.4 0    -1.1 0     0.0 0   217.4 0   268.61 0   268.57 0   283.0 0   268.48 0   268.64 0     0.0 0     0.0 0     0.0 0   -65.7 0   -65.7 0    -3.6 0    78.6 0     7.4 0   301.7 0   938.3 0
 2019   2  1  2  4 38  4.633 141.48    -3.9 0    -2.1 0    -0.8 0     0.1 0   217.3 0   268.71 0   268.63 0   283.0 0   268.56 0   268.70 0     0.0 0     0.0 0     0.0 0   -65.7 0   -65.7 0    -3.7 0    78.8 0     7.4 0   306.9 0   938.4 0
 2019   2  1  2  4 39  4.650 141.62    -3.9 0    -1.6 0    -0.5 0     0.3 0   216.8 0   268.79 0   268.69 0   282.7 0   268.64 0   268.75 0     0.0 0     0.0 0     0.0 0   -65.9 0   -65.9 0    -3.7 0    78.8 0     7.2 0   311.9 0   938.3 0
 2019   2  1  2  4 40  4.667 141.77    -3.9 0    -1.6 0    -0.4 0     0.4 0   216.5 0   268.87 0   268.74 0   282.2 0   268.70 0   268.78 0     0.0 0     0.0 0     0.0 0   -65.7 0   -65.7 0    -3.8 0    78.9 0     6.7 0   314.3 0   938.3 0
 2019   2  1  2  4 41  4.683 141.92    -3.6 0    -1.2 0    -0.1 0     0.4 0   216.3 0   268.94 0   268.77 0   282.4 0   268.75 0   268.80 0     0.0 0     0.0 0     0.0 0   -66.1 0   -66.1 0    -3.9 0    79.5 0     7.2 0   312.8 0   938.2 0
 2019   2  1  2  4 42  4.700 142.06    -3.4 0    -0.9 0     0.0 0     0.4 0   216.5 0   268.98 0   268.80 0   282.3 0   268.78 0   268.85 0     0.0 0     0.0 0     0.0 0   -65.8 0   -65.8 0    -3.9 0    79.6 0     7.2 0   310.6 0   938.2 0
 2019   2  1  2  4 43  4.717 142.21    -3.0 0    -0.8 0     0.0 0     0.4 0   216.6 0   269.03 0   268.84 0   282.9 0   268.82 0   268.90 0     0.0 0     0.0 0     0.0 0   -66.3 0   -66.3 0    -3.8 0    79.7 0     7.7 0   309.4 0   938.3 0
 2019   2  1  2  4 44  4.733 142.35    -3.0 0    -1.3 0     0.0 0     0.4 0   216.6 0   269.07 0   268.88 0   283.1 0   268.87 0   268.95 0     0.0 0     0.0 0     0.0 0   -66.5 0   -66.5 0    -3.8 0    79.4 0     7.7 0   308.9 0   938.2 0
 2019   2  1  2  4 45  4.750 142.49    -2.9 0    -0.9 0     0.0 0     0.4 0   216.5 0   269.11 0   268.91 0   282.4 0   268.91 0   268.97 0     0.0 0     0.0 0     0.0 0   -65.9 0   -65.9 0    -3.8 0    79.4 0     6.4 0   312.2 0   938.2 0
 2019   2  1  2  4 46  4.767 142.64    -2.9 0    -0.8 0     0.0 0     0.4 0   216.4 0   269.15 0   268.93 0   281.9 0   268.93 0   268.96 0     0.0 0     0.0 0     0.0 0   -65.4 0   -65.4 0    -3.9 0    79.6 0     6.5 0   304.0 0   938.2 0
 2019   2  1  2  4 47  4.783 142.78    -2.9 0    -0.8 0     0.0 0     0.4 0   216.5 0   269.17 0   268.94 0   281.9 0   268.95 0   268.97 0     0.0 0     0.0 0     0.0 0   -65.4 0   -65.4 0    -3.9 0    79.6 0     6.7 0   308.8 0   938.2 0
 2019   2  1  2  4 48  4.800 142.92    -2.9 0    -0.8 0     0.0 0     0.4 0   216.2 0   269.19 0   268.95 0   281.6 0   268.95 0   268.98 0     0.0 0     0.0 0     0.0 0   -65.5 0   -65.5 0    -3.9 0    79.5 0     6.2 0   309.7 0   938.2 0
 2019   2  1  2  4 49  4.817 143.07    -2.9 0    -0.8 0     0.0 0     0.4 0   216.5 0   269.20 0   268.95 0   281.8 0   268.97 0   269.00 0     0.0 0     0.0 0     0.0 0   -65.3 0   -65.3 0    -3.9 0    79.9 0     6.8 0   308.5 0   938.3 0
 2019   2  1  2  4 50  4.833 143.21    -2.9 0    -0.8 0     0.0 0     0.4 0   216.1 0   269.22 0   268.97 0   281.1 0   268.98 0   269.00 0     0.0 0     0.0 0     0.0 0   -64.9 0   -64.9 0    -3.8 0    78.8 0     6.2 0   305.9 0   938.3 0
 2019   2  1  2  4 51  4.850 143.35    -2.9 0    -0.8 0     0.3 0     0.4 0   216.0 0   269.22 0   268.94 0   280.7 0   268.98 0   268.99 0     0.0 0     0.0 0     0.0 0   -64.7 0   -64.7 0    -3.9 0    79.2 0     6.5 0   301.8 0   938.3 0
 2019   2  1  2  4 52  4.867 143.49    -2.9 0    -0.7 0     0.3 0     0.4 0   216.6 0   269.22 0   268.95 0   281.2 0   268.98 0   269.02 0     0.0 0     0.0 0     0.0 0   -64.6 0   -64.6 0    -3.9 0    80.1 0     6.8 0   298.7 0   938.2 0
 2019   2  1  2  4 53  4.883 143.63    -2.8 0    -0.8 0     0.4 0     0.4 0   216.3 0   269.22 0   268.95 0   281.0 0   269.00 0   269.01 0     0.0 0     0.0 0     0.0 0   -64.6 0   -64.6 0    -3.8 0    78.8 0     6.4 0   294.6 0   938.2 0
 2019   2  1  2  4 54  4.900 143.77    -2.0 0    -0.8 0     0.4 0     0.4 0   216.5 0   269.22 0   268.92 0   280.9 0   269.00 0   269.02 0     0.0 0     0.0 0     0.0 0   -64.3 0   -64.3 0    -3.8 0    79.4 0     6.6 0   293.1 0   938.1 0
 2019   2  1  2  4 55  4.917 143.91    -2.0 0    -0.8 0     0.4 0     0.4 0   216.3 0   269.21 0   268.92 0   280.8 0   269.00 0   269.02 0     0.0 0     0.0 0     0.0 0   -64.4 0   -64.4 0    -3.8 0    79.1 0     6.3 0   291.2 0   938.1 0
 2019   2  1  2  4 56  4.933 144.05    -2.0 0    -0.8 0     0.4 0     0.4 0   216.3 0   269.20 0   268.89 0   280.7 0   269.02 0   269.01 0     0.0 0     0.0 0     0.0 0   -64.3 0   -64.3 0    -3.8 0    79.0 0     6.0 0   296.2 0   938.2 0
 2019   2  1  2  4 57  4.950 144.19    -2.0 0    -0.8 0     0.2 0     0.4 0   216.6 0   269.18 0   268.93 0   281.3 0   269.02 0   269.04 0     0.0 0     0.0 0     0.0 0   -64.7 0   -64.7 0    -3.7 0    79.2 0     6.0 0   294.8 0   938.1 0
 2019   2  1  2  4 58  4.967 144.33    -2.0 0    -0.8 0     0.0 0     0.4 0   216.1 0   269.18 0   268.92 0   280.7 0   269.03 0   269.01 0     0.0 0     0.0 0     0.0 0   -64.6 0   -64.6 0    -3.8 0    78.9 0     6.3 0   290.6 0   938.2 0
 2019   2  1  2  4 59  4.983 144.46    -2.0 0    -0.8 0     0.0 0     0.4 0   216.4 0   269.18 0   268.93 0   281.9 0   269.03 0   269.05 0     0.0 0     0.0 0     0.0 0   -65.5 0   -65.5 0    -3.8 0    79.3 0     6.5 0   293.7 0   938.2 0
 2019   2  1  2  5  0  5.000 144.60    -2.0 0    -0.8 0     0.0 0     0.4 0   216.4 0   269.18 0   268.92 0   281.7 0   269.03 0   269.08 0     0.0 0     0.0 0     0.0 0   -65.3 0   -65.3 0    -3.7 0    79.1 0     6.8 0   294.9 0   938.2 0
 2019   2  1  2  5  1  5.017 144.74    -2.5 0    -1.3 0    -0.5 0     0.2 0   217.3 0   269.20 0   269.01 0   283.7 0   269.06 0   269.15 0     0.0 0     0.0 0     0.0 0   -66.4 0   -66.4 0    -3.5 0    78.8 0     7.5 0   293.4 0   938.2 0
 2019   2  1  2  5  2  5.033 144.87    -2.9 0    -1.2 0    -0.6 0     0.1 0   217.0 0   269.23 0   269.03 0   282.4 0   269.10 0   269.16 0     0.0 0     0.0 0     0.0 0   -65.4 0   -65.4 0    -3.5 0    78.2 0     6.4 0   297.8 0   938.2 0
 2019   2  1  2  5  3  5.050 145.01    -2.9 0    -0.8 0    -0.5 0     0.3 0   217.1 0   269.26 0   269.05 0   282.3 0   269.13 0   269.17 0     0.0 0     0.0 0     0.0 0   -65.1 0   -65.1 0    -3.6 0    78.6 0     6.9 0   292.7 0   938.2 0
 2019   2  1  2  5  4  5.067 145.14    -2.8 0    -0.8 0    -0.3 0     0.3 0   216.5 0   269.27 0   269.03 0   281.9 0   269.15 0   269.18 0     0.0 0     0.0 0     0.0 0   -65.4 0   -65.4 0    -3.6 0    78.8 0     6.8 0   296.5 0   938.2 0
 2019   2  1  2  5  5  5.083 145.28    -2.0 0    -0.8 0     0.1 0     0.4 0   216.3 0   269.27 0   268.99 0   281.3 0   269.17 0   269.14 0     0.0 0     0.0 0     0.0 0   -65.0 0   -65.0 0    -3.6 0    78.0 0     6.0 0   291.4 0   938.3 0
 2019   2  1  2  5  6  5.100 145.41    -2.0 0    -0.8 0     0.0 0     0.4 0   216.7 0   269.27 0   269.03 0   281.7 0   269.15 0   269.16 0     0.0 0     0.0 0     0.0 0   -65.0 0   -65.0 0    -3.7 0    79.2 0     6.1 0   289.8 0   938.3 0
 2019   2  1  2  5  7  5.117 145.54    -2.2 0    -0.8 0    -0.1 0     0.4 0   216.6 0   269.29 0   269.04 0   281.4 0   269.15 0   269.15 0     0.0 0     0.0 0     0.0 0   -64.9 0   -64.9 0    -3.7 0    79.1 0     6.4 0   291.7 0   938.2 0
 2019   2  1  2  5  8  5.133 145.68    -2.0 0    -0.7 0     0.1 0     0.4 0   216.5 0   269.30 0   269.00 0   280.9 0   269.15 0   269.14 0     0.0 0     0.0 0     0.0 0   -64.5 0   -64.5 0    -3.7 0    79.1 0     6.0 0   291.9 0   938.3 0
 2019   2  1  2  5  9  5.150 145.81    -2.0 0    -0.4 0     0.2 0     0.4 0   215.8 0   269.28 0   269.00 0   280.3 0   269.14 0   269.10 0     0.0 0     0.0 0     0.0 0   -64.5 0   -64.5 0    -3.8 0    78.8 0     5.5 0   296.6 0   938.3 0
 2019   2  1  2  5 10  5.167 145.94    -2.0 0     0.0 0     0.4 0     0.4 0   215.9 0   269.27 0   268.92 0   279.4 0   269.11 0   269.06 0     0.0 0     0.0 0     0.0 0   -63.4 0   -63.4 0    -4.0 0    80.2 0     5.4 0   295.6 0   938.3 0
 2019   2  1  2  5 11  5.183 146.07    -2.0 0     0.0 0     0.4 0     0.4 0   216.1 0   269.24 0   268.92 0   279.6 0   269.08 0   269.06 0     0.0 0     0.0 0     0.0 0   -63.5 0   -63.5 0    -4.0 0    80.3 0     5.2 0   293.5 0   938.3 0
 2019   2  1  2  5 12  5.200 146.20    -2.0 0     0.0 0     0.4 0     0.4 0   215.9 0   269.22 0   268.90 0   279.1 0   269.06 0   269.02 0     0.0 0     0.0 0     0.0 0   -63.2 0   -63.2 0    -4.0 0    79.8 0     5.2 0   304.4 0   938.4 0
 2019   2  1  2  5 13  5.217 146.33    -2.0 0     0.0 0     0.4 0     0.4 0   215.7 0   269.19 0   268.85 0   278.7 0   269.03 0   269.02 0     0.0 0     0.0 0     0.0 0   -63.0 0   -63.0 0    -3.9 0    79.8 0     4.9 0   305.3 0   938.4 0
 2019   2  1  2  5 14  5.233 146.46    -2.0 0     0.0 0     0.4 0     0.4 0   215.4 0   269.16 0   268.79 0   278.1 0   269.02 0   268.97 0     0.0 0     0.0 0     0.0 0   -62.7 0   -62.7 0    -4.0 0    80.1 0     4.6 0   302.0 0   938.4 0
 2019   2  1  2  5 15  5.250 146.59    -2.0 0     0.0 0     0.4 0     0.4 0   215.7 0   269.11 0   268.74 0   277.7 0   268.98 0   268.97 0     0.0 0     0.0 0     0.0 0   -62.0 0   -62.0 0    -4.0 0    80.7 0     4.7 0   304.1 0   938.4 0
 2019   2  1  2  5 16  5.267 146.72    -2.0 0    -0.1 0     0.4 0     0.4 0   215.9 0   269.07 0   268.73 0   278.5 0   268.98 0   268.98 0     0.0 0     0.0 0     0.0 0   -62.6 0   -62.6 0    -3.9 0    80.6 0     4.7 0   299.7 0   938.4 0
 2019   2  1  2  5 17  5.283 146.84    -2.0 0    -0.8 0     0.4 0     0.4 0   216.1 0   269.03 0   268.74 0   279.1 0   268.97 0   268.99 0     0.0 0     0.0 0     0.0 0   -62.9 0   -62.9 0    -3.8 0    80.2 0     4.5 0   304.8 0   938.5 0
 2019   2  1  2  5 18  5.300 146.97    -2.0 0    -0.8 0     0.1 0     0.3 0   216.0 0   269.02 0   268.75 0   279.0 0   268.98 0   269.00 0     0.0 0     0.0 0     0.0 0   -63.0 0   -63.0 0    -3.8 0    79.9 0     4.6 0   303.6 0   938.5 0
 2019   2  1  2  5 19  5.317 147.09    -2.0 0    -0.8 0     0.1 0     0.4 0   215.8 0   269.00 0   268.71 0   278.6 0   268.98 0   268.98 0     0.0 0     0.0 0     0.0 0   -62.8 0   -62.8 0    -3.8 0    79.8 0     4.1 0   299.3 0   938.5 0
 2019   2  1  2  5 20  5.333 147.22    -2.0 0    -0.8 0     0.4 0     0.4 0   215.5 0   268.98 0   268.68 0   277.9 0   268.98 0   268.98 0     0.0 0     0.0 0     0.0 0   -62.4 0   -62.4 0    -3.8 0    79.9 0     3.9 0   298.1 0   938.5 0
 2019   2  1  2  5 21  5.350 147.34    -2.0 0    -0.8 0     0.4 0     0.4 0   215.7 0   268.96 0   268.67 0   277.9 0   268.97 0   268.98 0     0.0 0     0.0 0     0.0 0   -62.2 0   -62.2 0    -3.7 0    80.1 0     3.8 0   301.1 0   938.5 0
 2019   2  1  2  5 22  5.367 147.47    -2.0 0    -0.8 0     0.4 0     0.4 0   215.3 0   268.94 0   268.64 0   277.3 0   268.97 0   268.97 0     0.0 0     0.0 0     0.0 0   -62.0 0   -62.0 0    -3.8 0    79.6 0     3.3 0   301.5 0   938.5 0
 2019   2  1  2  5 23  5.383 147.59    -2.0 0    -0.8 0     0.4 0     0.4 0   215.4 0   268.92 0   268.61 0   276.4 0   268.96 0   268.95 0     0.0 0     0.0 0     0.0 0   -61.0 0   -61.0 0    -3.8 0    80.5 0     3.1 0   306.6 0   938.5 0
 2019   2  1  2  5 24  5.400 147.71    -2.0 0    -0.8 0     0.4 0     0.4 0   215.1 0   268.89 0   268.58 0   276.1 0   268.95 0   268.93 0     0.0 0     0.0 0     0.0 0   -61.0 0   -61.0 0    -3.8 0    80.4 0     2.9 0   303.5 0   938.4 0
 2019   2  1  2  5 25  5.417 147.83    -2.0 0    -0.7 0     0.3 0     0.4 0   215.0 0   268.88 0   268.59 0   275.5 0   268.93 0   268.92 0     0.0 0     0.0 0     0.0 0   -60.5 0   -60.5 0    -3.9 0    81.0 0     2.8 0   313.4 0   938.4 0
 2019   2  1  2  5 26  5.433 147.96    -1.6 0    -0.8 0     0.4 0     0.4 0   214.8 0   268.85 0   268.56 0   274.3 0   268.93 0   268.91 0     0.0 0     0.0 0     0.0 0   -59.4 0   -59.4 0    -3.9 0    80.9 0     2.1 0   310.3 0   938.4 0
 2019   2  1  2  5 27  5.450 148.08    -1.0 0    -0.4 0     0.4 0     0.4 0   214.2 0   268.82 0   268.49 0   272.1 0   268.90 0   268.85 0     0.0 0     0.0 0     0.0 0   -57.8 0   -57.8 0    -4.0 0    80.0 0     1.2 0   311.8 0   938.3 0
 2019   2  1  2  5 28  5.467 148.19    -1.0 0     0.0 0     0.4 0     0.4 0   214.2 0   268.77 0   268.40 0   271.4 0   268.87 0   268.79 0     0.0 0     0.0 0     0.0 0   -57.2 0   -57.2 0    -4.1 0    80.9 0     1.5 0   319.5 0   938.4 0
 2019   2  1  2  5 29  5.483 148.31    -1.0 0    -0.1 0     0.4 0     0.4 0   214.8 0   268.72 0   268.39 0   272.0 0   268.83 0   268.78 0     0.0 0     0.0 0     0.0 0   -57.2 0   -57.2 0    -4.3 0    82.5 0     2.2 0   312.7 0   938.4 0
 2019   2  1  2  5 30  5.500 148.43    -1.0 0    -0.8 0     0.4 0     0.4 0   215.6 0   268.69 0   268.37 0   273.8 0   268.80 0   268.82 0     0.0 0     0.0 0     0.0 0   -58.2 0   -58.2 0    -4.1 0    83.7 0     2.7 0   314.7 0   938.3 0
 2019   2  1  2  5 31  5.517 148.55    -1.2 0    -1.3 0     0.3 0     0.2 0   216.8 0   268.66 0   268.44 0   277.2 0   268.81 0   268.93 0     0.0 0     0.0 0     0.0 0   -60.4 0   -60.4 0    -3.7 0    82.9 0     4.1 0   312.2 0   938.3 0
 2019   2  1  2  5 32  5.533 148.66    -2.0 0    -1.6 0    -0.1 0    -0.2 0   217.8 0   268.68 0   268.58 0   279.8 0   268.86 0   269.03 0     0.0 0     0.0 0     0.0 0   -62.1 0   -62.1 0    -3.3 0    80.6 0     4.8 0   313.9 0   938.4 0
 2019   2  1  2  5 33  5.550 148.78    -2.3 0    -2.2 0    -0.5 0    -0.4 0   218.5 0   268.74 0   268.73 0   281.7 0   268.95 0   269.16 0     0.0 0     0.0 0     0.0 0   -63.2 0   -63.2 0    -3.0 0    79.3 0     5.5 0   316.7 0   938.3 0
 2019   2  1  2  5 34  5.567 148.89    -2.9 0    -2.4 0    -0.9 0    -0.4 0   218.8 0   268.84 0   268.87 0   282.8 0   269.06 0   269.26 0     0.0 0     0.0 0     0.0 0   -64.0 0   -64.0 0    -2.7 0    77.7 0     5.2 0   318.7 0   938.3 0
 2019   2  1  2  5 35  5.583 149.01    -2.9 0    -2.4 0    -1.0 0    -0.4 0   219.2 0   268.95 0   268.98 0   283.2 0   269.17 0   269.36 0     0.0 0     0.0 0     0.0 0   -64.0 0   -64.0 0    -2.6 0    77.4 0     4.7 0   311.2 0   938.3 0
 2019   2  1  2  5 36  5.600 149.12    -2.9 0    -1.6 0    -1.0 0    -0.3 0   219.0 0   269.07 0   269.07 0   282.4 0   269.26 0   269.40 0     0.0 0     0.0 0     0.0 0   -63.4 0   -63.4 0    -2.7 0    77.6 0     5.2 0   315.8 0   938.3 0
 2019   2  1  2  5 37  5.617 149.23    -2.9 0    -1.5 0    -0.7 0    -0.1 0   218.3 0   269.17 0   269.12 0   281.2 0   269.33 0   269.40 0     0.0 0     0.0 0     0.0 0   -62.9 0   -62.9 0    -2.7 0    76.3 0     3.9 0   324.7 0   938.4 0
 2019   2  1  2  5 38  5.633 149.34    -2.9 0    -0.8 0    -0.4 0     0.3 0   218.3 0   269.25 0   269.10 0   281.5 0   269.37 0   269.40 0     0.0 0     0.0 0     0.0 0   -63.2 0   -63.2 0    -3.0 0    78.4 0     5.0 0   317.9 0   938.4 0
 2019   2  1  2  5 39  5.650 149.45    -2.9 0    -1.5 0    -0.4 0     0.1 0   219.5 0   269.31 0   269.26 0   283.8 0   269.41 0   269.57 0     0.0 0     0.0 0     0.0 0   -64.3 0   -64.3 0    -2.8 0    78.7 0     6.0 0   316.2 0   938.4 0
 2019   2  1  2  5 40  5.667 149.56    -3.0 0    -1.9 0    -0.7 0    -0.1 0   219.5 0   269.41 0   269.40 0   284.9 0   269.50 0   269.69 0     0.0 0     0.0 0     0.0 0   -65.4 0   -65.4 0    -2.5 0    76.8 0     6.6 0   318.5 0   938.3 0
 2019   2  1  2  5 41  5.683 149.67    -3.3 0    -1.6 0    -0.7 0     0.0 0   218.8 0   269.52 0   269.47 0   284.3 0   269.59 0   269.69 0     0.0 0     0.0 0     0.0 0   -65.5 0   -65.5 0    -2.6 0    75.9 0     5.8 0   331.0 0   938.3 0
 2019   2  1  2  5 42  5.700 149.78    -2.9 0    -0.9 0    -0.2 0     0.3 0   217.3 0   269.59 0   269.39 0   281.5 0   269.64 0   269.61 0     0.0 0     0.0 0     0.0 0   -64.1 0   -64.1 0    -3.0 0    76.8 0     4.7 0   331.6 0   938.3 0
 2019   2  1  2  5 43  5.717 149.89    -2.9 0    -0.3 0     0.2 0     0.4 0   217.2 0   269.62 0   269.37 0   280.5 0   269.63 0   269.58 0     0.0 0     0.0 0     0.0 0   -63.2 0   -63.2 0    -3.3 0    78.3 0     4.2 0   325.8 0   938.3 0
 2019   2  1  2  5 44  5.733 149.99    -2.9 0     0.0 0     0.4 0     0.4 0   217.3 0   269.62 0   269.38 0   280.3 0   269.61 0   269.57 0     0.0 0     0.0 0     0.0 0   -63.0 0   -63.0 0    -3.3 0    79.1 0     4.3 0   328.3 0   938.3 0
 2019   2  1  2  5 45  5.750 150.10    -2.4 0     0.0 0     0.4 0     0.4 0   216.5 0   269.63 0   269.33 0   279.7 0   269.58 0   269.54 0     0.0 0     0.0 0     0.0 0   -63.2 0   -63.2 0    -3.4 0    78.6 0     4.7 0   336.9 0   938.3 0
 2019   2  1  2  5 46  5.767 150.20    -2.3 0     0.0 0     0.4 0     0.4 0   216.8 0   269.62 0   269.32 0   280.7 0   269.57 0   269.54 0     0.0 0     0.0 0     0.0 0   -63.9 0   -63.9 0    -3.5 0    79.8 0     5.3 0   334.0 0   938.3 0
 2019   2  1  2  5 47  5.783 150.30    -2.0 0     0.0 0     0.4 0     0.4 0   216.6 0   269.60 0   269.29 0   280.2 0   269.54 0   269.51 0     0.0 0     0.0 0     0.0 0   -63.6 0   -63.6 0    -3.5 0    79.2 0     5.3 0   339.5 0   938.3 0
 2019   2  1  2  5 48  5.800 150.41    -2.0 0     0.0 0     0.6 0     0.4 0   216.0 0   269.58 0   269.25 0   279.5 0   269.52 0   269.45 0     0.0 0     0.0 0     0.0 0   -63.4 0   -63.4 0    -3.7 0    79.6 0     4.8 0   340.3 0   938.3 0
 2019   2  1  2  5 49  5.817 150.51    -2.0 0     0.0 0     0.7 0     0.4 0   216.2 0   269.55 0   269.21 0   279.3 0   269.48 0   269.41 0     0.0 0     0.0 0     0.0 0   -63.1 0   -63.1 0    -3.8 0    80.5 0     4.8 0   338.2 0   938.2 0
 2019   2  1  2  5 50  5.833 150.61    -2.0 0     0.0 0     0.7 0     0.4 0   215.9 0   269.51 0   269.18 0   279.2 0   269.43 0   269.36 0     0.0 0     0.0 0     0.0 0   -63.3 0   -63.3 0    -3.9 0    80.8 0     4.5 0   341.7 0   938.2 0
 2019   2  1  2  5 51  5.850 150.71    -2.0 0     0.0 0     0.7 0     0.4 0   215.8 0   269.48 0   269.13 0   278.7 0   269.39 0   269.32 0     0.0 0     0.0 0     0.0 0   -62.9 0   -62.9 0    -4.0 0    81.3 0     4.6 0   339.2 0   938.2 0
 2019   2  1  2  5 52  5.867 150.81    -2.0 0     0.0 0     0.8 0     0.4 0   215.8 0   269.43 0   269.09 0   278.9 0   269.34 0   269.28 0     0.0 0     0.0 0     0.0 0   -63.1 0   -63.1 0    -4.0 0    81.4 0     4.7 0   341.5 0   938.1 0
 2019   2  1  2  5 53  5.883 150.90    -2.0 0     0.0 0     0.8 0     0.4 0   215.7 0   269.39 0   269.03 0   278.7 0   269.30 0   269.27 0     0.0 0     0.0 0     0.0 0   -63.0 0   -63.0 0    -3.9 0    81.4 0     4.6 0   342.7 0   938.1 0
 2019   2  1  2  5 54  5.900 151.00    -2.0 0     0.0 0     0.7 0     0.4 0   215.6 0   269.35 0   269.01 0   278.3 0   269.27 0   269.22 0     0.0 0     0.0 0     0.0 0   -62.8 0   -62.8 0    -3.9 0    80.9 0     4.0 0   344.1 0   938.0 0
 2019   2  1  2  5 55  5.917 151.10    -1.6 0     0.0 0     0.8 0     0.4 0   215.1 0   269.30 0   268.94 0   277.3 0   269.23 0   269.15 0     0.0 0     0.0 0     0.0 0   -62.2 0   -62.2 0    -4.1 0    81.4 0     3.8 0   348.4 0   938.0 0
 2019   2  1  2  5 56  5.933 151.19    -1.0 0     0.0 0     0.8 0     0.4 0   215.5 0   269.25 0   268.88 0   277.6 0   269.18 0   269.15 0     0.0 0     0.0 0     0.0 0   -62.1 0   -62.1 0    -4.1 0    82.1 0     4.2 0   347.0 0   938.0 0
 2019   2  1  2  5 57  5.950 151.28    -1.1 0     0.0 0     0.6 0     0.4 0   215.4 0   269.19 0   268.87 0   278.4 0   269.16 0   269.11 0     0.0 0     0.0 0     0.0 0   -63.0 0   -63.0 0    -4.0 0    81.2 0     3.7 0   346.2 0   938.0 0
 2019   2  1  2  5 58  5.967 151.38    -1.4 0     0.0 0     0.5 0     0.4 0   215.1 0   269.15 0   268.81 0   277.5 0   269.12 0   269.07 0     0.0 0     0.0 0     0.0 0   -62.4 0   -62.4 0    -4.1 0    81.3 0     3.7 0   352.0 0   938.0 0
 2019   2  1  2  5 59  5.983 151.47    -1.0 0     0.0 0     0.8 0     0.4 0   214.6 0   269.10 0   268.73 0   276.0 0   269.08 0   269.00 0     0.0 0     0.0 0     0.0 0   -61.4 0   -61.4 0    -4.2 0    81.8 0     3.9 0   353.9 0   938.0 0
 2019   2  1  2  6  0  6.000 151.56    -1.0 0     0.0 0     0.8 0     0.4 0   214.7 0   269.04 0   268.66 0   276.1 0   269.04 0   268.97 0     0.0 0     0.0 0     0.0 0   -61.4 0   -61.4 0    -4.3 0    82.2 0     3.7 0   345.8 0   938.0 0
 2019   2  1  2  6  1  6.017 151.65    -1.0 0     0.0 0     0.8 0     0.4 0   214.9 0   268.98 0   268.62 0   276.1 0   268.99 0   268.91 0     0.0 0     0.0 0     0.0 0   -61.2 0   -61.2 0    -4.4 0    82.1 0     3.3 0   341.3 0   938.1 0
 2019   2  1  2  6  2  6.033 151.73    -1.0 0     0.0 0     0.8 0     0.4 0   214.6 0   268.92 0   268.56 0   275.3 0   268.93 0   268.83 0     0.0 0     0.0 0     0.0 0   -60.8 0   -60.8 0    -4.6 0    82.6 0     3.5 0   354.0 0   938.1 0
 2019   2  1  2  6  3  6.050 151.82    -1.0 0     0.0 0     0.8 0     0.4 0   214.7 0   268.86 0   268.48 0   276.1 0   268.88 0   268.82 0     0.0 0     0.0 0     0.0 0   -61.3 0   -61.3 0    -4.6 0    84.3 0     4.2 0   346.8 0   938.2 0
 2019   2  1  2  6  4  6.067 151.91    -1.0 0     0.0 0     0.7 0     0.4 0   214.8 0   268.80 0   268.46 0   276.2 0   268.84 0   268.79 0     0.0 0     0.0 0     0.0 0   -61.4 0   -61.4 0    -4.5 0    82.5 0     3.4 0   349.4 0   938.2 0
 2019   2  1  2  6  5  6.083 151.99    -1.0 0     0.0 0     0.7 0     0.4 0   215.2 0   268.75 0   268.41 0   276.2 0   268.80 0   268.75 0     0.0 0     0.0 0     0.0 0   -61.0 0   -61.0 0    -4.5 0    83.6 0     3.8 0   347.0 0   938.2 0
 2019   2  1  2  6  6  6.100 152.07    -1.0 0     0.0 0     0.4 0     0.4 0   215.1 0   268.71 0   268.41 0   276.7 0   268.77 0   268.70 0     0.0 0     0.0 0     0.0 0   -61.6 0   -61.6 0    -4.5 0    82.3 0     3.4 0   347.9 0   938.2 0
 2019   2  1  2  6  7  6.117 152.16    -1.0 0     0.0 0     0.4 0     0.4 0   214.8 0   268.67 0   268.34 0   275.5 0   268.71 0   268.63 0     0.0 0     0.0 0     0.0 0   -60.7 0   -60.7 0    -4.7 0    83.6 0     3.1 0   348.6 0   938.2 0
 2019   2  1  2  6  8  6.133 152.24    -1.0 0     0.0 0     0.6 0     0.4 0   214.7 0   268.62 0   268.26 0   274.9 0   268.66 0   268.58 0     0.0 0     0.0 0     0.0 0   -60.2 0   -60.2 0    -4.8 0    84.0 0     3.3 0   345.1 0   938.2 0
 2019   2  1  2  6  9  6.150 152.32    -1.0 0     0.0 0     0.8 0     0.4 0   215.0 0   268.57 0   268.22 0   274.9 0   268.61 0   268.56 0     0.0 0     0.0 0     0.0 0   -59.8 0   -59.8 0    -4.8 0    84.2 0     4.0 0   350.4 0   938.2 0
 2019   2  1  2  6 10  6.167 152.39    -1.0 0     0.0 0     0.6 0     0.4 0   215.0 0   268.52 0   268.19 0   275.6 0   268.57 0   268.51 0     0.0 0     0.0 0     0.0 0   -60.7 0   -60.7 0    -4.8 0    83.7 0     4.0 0   346.3 0   938.3 0
 2019   2  1  2  6 11  6.183 152.47    -1.0 0     0.0 0     0.5 0     0.4 0   214.8 0   268.47 0   268.12 0   275.4 0   268.53 0   268.46 0     0.0 0     0.0 0     0.0 0   -60.6 0   -60.6 0    -4.8 0    83.8 0     3.7 0   342.4 0   938.3 0
 2019   2  1  2  6 12  6.200 152.55    -1.0 0     0.0 0     0.6 0     0.4 0   214.7 0   268.42 0   268.08 0   275.5 0   268.48 0   268.41 0     0.0 0     0.0 0     0.0 0   -60.8 0   -60.8 0    -4.9 0    84.1 0     4.1 0   346.7 0   938.3 0
 2019   2  1  2  6 13  6.217 152.62    -1.0 0     0.0 0     0.4 0     0.4 0   214.7 0   268.37 0   268.06 0   276.2 0   268.44 0   268.41 0     0.0 0     0.0 0     0.0 0   -61.5 0   -61.5 0    -4.8 0    84.2 0     4.2 0   343.4 0   938.3 0
 2019   2  1  2  6 14  6.233 152.70    -1.0 0     0.0 0     0.4 0     0.4 0   215.0 0   268.34 0   268.03 0   275.9 0   268.41 0   268.37 0     0.0 0     0.0 0     0.0 0   -60.9 0   -60.9 0    -4.8 0    83.5 0     3.9 0   345.1 0   938.3 0
 2019   2  1  2  6 15  6.250 152.77    -1.0 0     0.0 0     0.4 0     0.4 0   215.0 0   268.30 0   268.00 0   275.4 0   268.38 0   268.33 0     0.0 0     0.0 0     0.0 0   -60.4 0   -60.4 0    -4.8 0    83.7 0     3.8 0   345.0 0   938.3 0
 2019   2  1  2  6 16  6.267 152.84    -1.0 0     0.0 0     0.4 0     0.4 0   215.1 0   268.27 0   267.94 0   274.6 0   268.34 0   268.28 0     0.0 0     0.0 0     0.0 0   -59.5 0   -59.5 0    -4.9 0    83.0 0     3.5 0   333.4 0   938.3 0
 2019   2  1  2  6 17  6.283 152.91    -1.0 0     0.0 0     0.4 0     0.4 0   215.8 0   268.22 0   267.87 0   274.0 0   268.30 0   268.25 0     0.0 0     0.0 0     0.0 0   -58.1 0   -58.1 0    -5.0 0    84.9 0     3.8 0   338.1 0   938.2 0
 2019   2  1  2  6 18  6.300 152.98    -1.0 0    -0.5 0     0.4 0     0.4 0   216.9 0   268.18 0   267.88 0   275.6 0   268.28 0   268.32 0     0.0 0     0.0 0     0.0 0   -58.7 0   -58.7 0    -4.5 0    84.8 0     4.4 0   329.2 0   938.2 0
 2019   2  1  2  6 19  6.317 153.05    -1.4 0    -0.8 0     0.4 0     0.1 0   217.7 0   268.15 0   267.92 0   276.6 0   268.28 0   268.32 0     0.0 0     0.0 0     0.0 0   -58.9 0   -58.9 0    -4.3 0    82.7 0     4.1 0   324.1 0   938.2 0
 2019   2  1  2  6 20  6.333 153.11    -2.0 0    -1.1 0     0.1 0     0.0 0   219.9 0   268.16 0   268.00 0   278.2 0   268.31 0   268.42 0     0.0 0     0.0 0     0.0 0   -58.4 0   -58.4 0    -4.0 0    83.4 0     5.1 0   327.4 0   938.2 0
 2019   2  1  2  6 21  6.350 153.18    -2.0 0    -1.6 0    -0.1 0    -0.2 0   221.3 0   268.19 0   268.08 0   279.5 0   268.39 0   268.52 0     0.0 0     0.0 0     0.0 0   -58.2 0   -58.2 0    -3.6 0    80.7 0     5.3 0   324.0 0   938.2 0
 2019   2  1  2  6 22  6.367 153.24    -2.0 0    -1.6 0    -0.4 0    -0.3 0   222.6 0   268.24 0   268.16 0   279.8 0   268.47 0   268.55 0     0.0 0     0.0 0     0.0 0   -57.1 0   -57.1 0    -3.5 0    79.9 0     4.7 0   321.3 0   938.2 0
 2019   2  1  2  6 23  6.383 153.30    -2.0 0    -1.6 0    -0.4 0     0.0 0   224.2 0   268.30 0   268.22 0   280.2 0   268.53 0   268.63 0     0.0 0     0.0 0     0.0 0   -56.0 0   -56.0 0    -3.5 0    80.4 0     4.8 0   315.1 0   938.2 0
 2019   2  1  2  6 24  6.400 153.37    -2.7 0    -1.6 0    -0.5 0    -0.2 0   225.4 0   268.37 0   268.33 0   281.4 0   268.60 0   268.74 0     0.0 0     0.0 0     0.0 0   -56.0 0   -56.0 0    -3.4 0    80.0 0     5.4 0   316.9 0   938.1 0
 2019   2  1  2  6 25  6.417 153.42    -2.9 0    -1.6 0    -0.7 0    -0.2 0   226.5 0   268.45 0   268.46 0   282.5 0   268.69 0   268.84 0     0.0 0     0.0 0     0.0 0   -56.0 0   -56.0 0    -3.2 0    79.5 0     5.6 0   316.4 0   938.1 0
 2019   2  1  2  6 26  6.433 153.48    -2.9 0    -2.2 0    -1.0 0    -0.4 0   227.2 0   268.56 0   268.61 0   284.0 0   268.80 0   269.00 0     0.0 0     0.0 0     0.0 0   -56.8 0   -56.8 0    -3.0 0    78.8 0     5.9 0   311.1 0   938.1 0
 2019   2  1  2  6 27  6.450 153.54    -2.9 0    -2.1 0    -1.0 0    -0.3 0   226.7 0   268.68 0   268.70 0   283.4 0   268.91 0   269.07 0     0.0 0     0.0 0     0.0 0   -56.7 0   -56.7 0    -2.9 0    77.7 0     5.3 0   316.4 0   938.1 0
 2019   2  1  2  6 28  6.467 153.60    -2.9 0    -1.6 0    -0.8 0     0.0 0   225.6 0   268.78 0   268.76 0   282.6 0   269.00 0   269.09 0     0.0 0     0.0 0     0.0 0   -57.0 0   -57.0 0    -3.0 0    77.9 0     4.8 0   318.3 0   938.1 0
 2019   2  1  2  6 29  6.483 153.65    -2.9 0    -1.6 0    -0.4 0     0.0 0   224.9 0   268.87 0   268.81 0   282.7 0   269.07 0   269.16 0     0.0 0     0.0 0     0.0 0   -57.8 0   -57.8 0    -3.0 0    78.3 0     5.3 0   319.0 0   938.1 0
 2019   2  1  2  6 30  6.500 153.70    -2.9 0    -1.6 0    -0.4 0     0.0 0   224.3 0   268.96 0   268.91 0   282.9 0   269.14 0   269.25 0     0.0 0     0.0 0     0.0 0   -58.6 0   -58.6 0    -2.9 0    77.8 0     5.1 0   315.2 0   938.1 0
 2019   2  1  2  6 31  6.517 153.75    -2.9 0    -1.4 0    -0.4 0     0.0 0   224.1 0   269.04 0   268.96 0   282.2 0   269.20 0   269.27 0     0.0 0     0.0 0     0.0 0   -58.1 0   -58.1 0    -3.0 0    78.3 0     4.6 0   313.3 0   938.1 0
 2019   2  1  2  6 32  6.533 153.80    -2.9 0    -1.4 0    -0.4 0     0.0 0   223.4 0   269.11 0   269.01 0   282.3 0   269.25 0   269.33 0     0.0 0     0.0 0     0.0 0   -58.9 0   -58.9 0    -3.0 0    78.0 0     4.9 0   316.4 0   938.1 0
 2019   2  1  2  6 33  6.550 153.85    -2.9 0    -1.4 0    -0.4 0     0.0 0   223.3 0   269.18 0   269.08 0   283.0 0   269.30 0   269.37 0     0.0 0     0.0 0     0.0 0   -59.7 0   -59.7 0    -3.0 0    78.1 0     5.2 0   315.9 0   938.1 0
 2019   2  1  2  6 34  6.567 153.90    -2.9 0    -1.4 0    -0.4 0     0.0 0   222.7 0   269.25 0   269.15 0   282.9 0   269.35 0   269.42 0     0.0 0     0.0 0     0.0 0   -60.2 0   -60.2 0    -3.0 0    77.9 0     5.2 0   316.9 0   938.1 0
 2019   2  1  2  6 35  6.583 153.95    -2.9 0    -1.4 0    -0.3 0     0.1 0   222.3 0   269.31 0   269.17 0   282.7 0   269.39 0   269.46 0     0.0 0     0.0 0     0.0 0   -60.3 0   -60.3 0    -3.0 0    78.2 0     5.3 0   320.5 0   938.2 0
 2019   2  1  2  6 36  6.600 153.99    -2.9 0    -0.9 0     0.0 0     0.3 0   222.0 0   269.37 0   269.19 0   282.1 0   269.43 0   269.47 0     0.0 0     0.0 0     0.0 0   -60.1 0   -60.1 0    -3.0 0    78.0 0     4.4 0   322.4 0   938.2 0
 2019   2  1  2  6 37  6.617 154.03    -2.9 0    -0.8 0     0.0 0     0.4 0   221.8 0   269.40 0   269.20 0   281.1 0   269.46 0   269.45 0     0.0 0     0.0 0     0.0 0   -59.3 0   -59.3 0    -3.2 0    78.4 0     4.0 0   327.5 0   938.1 0
 2019   2  1  2  6 38  6.633 154.07    -2.9 0    -0.8 0     0.0 0     0.4 0   221.8 0   269.42 0   269.21 0   280.9 0   269.46 0   269.44 0     0.0 0     0.0 0     0.0 0   -59.1 0   -59.1 0    -3.3 0    79.2 0     4.2 0   325.4 0   938.2 0
 2019   2  1  2  6 39  6.650 154.11    -2.9 0    -0.8 0     0.0 0     0.4 0   222.2 0   269.44 0   269.24 0   281.2 0   269.45 0   269.46 0     0.0 0     0.0 0     0.0 0   -59.0 0   -59.0 0    -3.3 0    79.6 0     4.7 0   331.5 0   938.2 0
 2019   2  1  2  6 40  6.667 154.15    -2.9 0    -0.8 0     0.0 0     0.2 0   222.8 0   269.47 0   269.29 0   282.2 0   269.47 0   269.49 0     0.0 0     0.0 0     0.0 0   -59.4 0   -59.4 0    -3.2 0    79.2 0     5.2 0   329.7 0   938.2 0
 2019   2  1  2  6 41  6.683 154.19    -2.9 0    -0.8 0     0.0 0     0.1 0   222.9 0   269.50 0   269.32 0   282.2 0   269.48 0   269.52 0     0.0 0     0.0 0     0.0 0   -59.3 0   -59.3 0    -3.1 0    78.8 0     4.8 0   327.9 0   938.1 0
 2019   2  1  2  6 42  6.700 154.22    -2.9 0    -0.8 0     0.0 0     0.1 0   223.0 0   269.53 0   269.36 0   282.6 0   269.50 0   269.53 0     0.0 0     0.0 0     0.0 0   -59.7 0   -59.7 0    -3.1 0    78.7 0     5.2 0   328.0 0   938.1 0
 2019   2  1  2  6 43  6.717 154.26    -2.9 0    -0.8 0     0.0 0     0.0 0   223.5 0   269.56 0   269.38 0   282.5 0   269.52 0   269.56 0     0.0 0     0.0 0     0.0 0   -59.1 0   -59.1 0    -3.1 0    78.5 0     5.3 0   331.5 0   938.1 0
 2019   2  1  2  6 44  6.733 154.29    -2.9 0    -0.8 0     0.0 0     0.1 0   223.9 0   269.58 0   269.41 0   283.0 0   269.55 0   269.58 0     0.0 0     0.0 0     0.0 0   -59.1 0   -59.1 0    -3.1 0    78.6 0     5.7 0   329.1 0   938.2 0
 2019   2  1  2  6 45  6.750 154.32    -2.9 0    -0.8 0     0.0 0     0.2 0   224.5 0   269.62 0   269.45 0   283.0 0   269.57 0   269.62 0     0.0 0     0.0 0     0.0 0   -58.5 0   -58.5 0    -3.0 0    78.0 0     5.6 0   329.5 0   938.1 0
 2019   2  1  2  6 46  6.767 154.35    -2.9 0    -0.8 0     0.0 0     0.2 0   225.0 0   269.65 0   269.47 0   282.9 0   269.60 0   269.62 0     0.0 0     0.0 0     0.0 0   -57.9 0   -57.9 0    -3.0 0    78.1 0     5.6 0   328.3 0   938.1 0
 2019   2  1  2  6 47  6.783 154.38    -2.9 0    -0.8 0     0.0 0     0.4 0   225.6 0   269.67 0   269.47 0   283.2 0   269.62 0   269.63 0     0.0 0     0.0 0     0.0 0   -57.6 0   -57.6 0    -3.1 0    78.4 0     5.6 0   325.3 0   938.1 0
 2019   2  1  2  6 48  6.800 154.41    -2.9 0    -0.8 0     0.0 0     0.3 0   226.6 0   269.69 0   269.50 0   283.1 0   269.63 0   269.64 0     0.0 0     0.0 0     0.0 0   -56.6 0   -56.6 0    -3.1 0    78.2 0     5.2 0   324.5 0   938.0 0
 2019   2  1  2  6 49  6.817 154.43    -2.9 0    -0.8 0     0.0 0     0.2 0   227.7 0   269.71 0   269.55 0   284.0 0   269.65 0   269.68 0     0.0 0     0.0 0     0.0 0   -56.3 0   -56.3 0    -3.1 0    78.2 0     5.2 0   329.1 0   938.0 0
 2019   2  1  2  6 50  6.833 154.45    -2.9 0    -0.8 0     0.0 0     0.1 0   228.8 0   269.75 0   269.55 0   283.5 0   269.67 0   269.67 0     0.0 0     0.0 0     0.0 0   -54.6 0   -54.6 0    -3.1 0    78.3 0     5.3 0   325.3 0   938.0 0
 2019   2  1  2  6 51  6.850 154.48    -2.9 0    -0.8 0     0.0 0     0.3 0   229.9 0   269.77 0   269.56 0   283.5 0   269.67 0   269.68 0     0.0 0     0.0 0     0.0 0   -53.5 0   -53.5 0    -3.1 0    78.1 0     4.8 0   321.4 0   938.1 0
 2019   2  1  2  6 52  6.867 154.50    -2.4 0    -0.3 0     0.2 0     0.4 0   230.5 0   269.77 0   269.53 0   282.5 0   269.67 0   269.64 0     0.0 0     0.0 0     0.0 0   -52.0 0   -52.0 0    -3.2 0    78.4 0     4.3 0   317.7 0   938.1 0
 2019   2  1  2  6 53  6.883 154.52    -2.0 0     0.0 0     0.4 0     0.4 0   231.5 0   269.77 0   269.48 0   281.3 0   269.66 0   269.59 0     0.0 0     0.0 0     0.0 0   -49.8 0   -49.8 0    -3.4 0    78.8 0     3.5 0   313.3 0   938.1 0
 2019   2  1  2  6 54  6.900 154.53    -2.0 0     0.0 0     0.4 0     0.4 0   233.1 0   269.75 0   269.45 0   280.9 0   269.62 0   269.55 0     0.0 0     0.0 0     0.0 0   -47.8 0   -47.8 0    -3.6 0    80.1 0     4.0 0   314.2 0   938.0 0
 2019   2  1  2  6 55  6.917 154.55    -2.0 0     0.0 0     0.4 0     0.4 0   234.1 0   269.72 0   269.46 0   281.5 0   269.58 0   269.52 0     0.0 0     0.0 0     0.0 0   -47.3 0   -47.3 0    -3.7 0    80.1 0     3.7 0   317.9 0   938.0 0
 2019   2  1  2  6 56  6.933 154.56    -2.0 0     0.0 0     0.4 0     0.4 0   236.1 0   269.71 0   269.46 0   282.5 0   269.54 0   269.52 0     0.0 0     0.0 0     0.0 0   -46.4 0   -46.4 0    -3.7 0    81.3 0     5.5 0   310.9 0   938.0 0
 2019   2  1  2  6 57  6.950 154.58    -2.2 0    -1.2 0    -0.3 0     0.0 0   238.8 0   269.72 0   269.64 0   286.5 0   269.55 0   269.73 0     0.0 0     0.0 0     0.0 0   -47.7 0   -47.7 0    -3.2 0    80.2 0     7.0 0   306.5 0   938.0 0
 2019   2  1  2  6 58  6.967 154.59    -2.9 0    -1.8 0    -1.0 0    -0.4 0   239.9 0   269.78 0   269.79 0   287.6 0   269.63 0   269.85 0     0.0 0     0.0 0     0.0 0   -47.7 0   -47.7 0    -2.7 0    77.9 0     6.7 0   306.0 0   938.0 0
 2019   2  1  2  6 59  6.983 154.60    -2.9 0    -2.3 0    -1.2 0    -0.4 0   240.0 0   269.88 0   269.90 0   288.3 0   269.73 0   269.95 0     0.0 0     0.0 0     0.0 0   -48.3 0   -48.3 0    -2.4 0    76.7 0     7.5 0   302.2 0   938.0 0
 2019   2  1  2  7  0  7.000 154.60    -2.9 0    -2.4 0    -1.4 0    -0.3 0   240.0 0   269.98 0   270.00 0   289.6 0   269.84 0   270.07 0     0.0 0     0.0 0     0.0 0   -49.6 0   -49.6 0    -2.2 0    75.8 0     8.7 0   298.7 0   937.9 0
 2019   2  1  2  7  1  7.017 154.61    -2.9 0    -2.6 0    -1.6 0    -0.2 0   239.6 0   270.08 0   270.11 0   290.2 0   269.96 0   270.17 0     0.0 0     0.0 0     0.0 0   -50.6 0   -50.6 0    -2.1 0    75.0 0     9.1 0   294.9 0   937.9 0
 2019   2  1  2  7  2  7.033 154.62    -3.0 0    -2.7 0    -1.7 0    -0.1 0   238.7 0   270.19 0   270.21 0   290.4 0   270.08 0   270.26 0     0.0 0     0.0 0     0.0 0   -51.7 0   -51.7 0    -2.0 0    74.5 0     8.6 0   295.8 0   937.9 0
 2019   2  1  2  7  3  7.050 154.62    -3.1 0    -2.4 0    -1.7 0     0.0 0   238.0 0   270.30 0   270.30 0   290.4 0   270.19 0   270.33 0     0.0 0     0.0 0     0.0 0   -52.4 0   -52.4 0    -2.0 0    74.7 0     8.7 0   290.5 0   937.9 0
 2019   2  1  2  7  4  7.067 154.62    -3.1 0    -2.4 0    -1.3 0     0.0 0   237.1 0   270.40 0   270.35 0   290.5 0   270.28 0   270.39 0     0.0 0     0.0 0     0.0 0   -53.4 0   -53.4 0    -2.0 0    74.7 0     8.8 0   293.4 0   937.8 0
 2019   2  1  2  7  5  7.083 154.62    -3.1 0    -2.4 0    -1.2 0     0.0 0   236.1 0   270.48 0   270.42 0   290.7 0   270.35 0   270.48 0     0.0 0     0.0 0     0.0 0   -54.6 0   -54.6 0    -2.0 0    74.5 0     9.2 0   292.1 0   937.9 0
 2019   2  1  2  7  6  7.100 154.62    -3.4 0    -2.0 0    -0.8 0     0.1 0   234.7 0   270.57 0   270.48 0   290.7 0   270.43 0   270.54 0     0.0 0     0.0 0     0.0 0   -56.0 0   -56.0 0    -2.0 0    74.4 0     8.8 0   294.3 0   937.9 0
 2019   2  1  2  7  7  7.117 154.62    -3.4 0    -1.7 0    -0.8 0     0.2 0   233.2 0   270.64 0   270.55 0   290.6 0   270.50 0   270.61 0     0.0 0     0.0 0     0.0 0   -57.5 0   -57.5 0    -2.0 0    74.4 0     9.5 0   293.7 0   937.9 0
 2019   2  1  2  7  8  7.133 154.61    -3.9 0    -1.9 0    -0.8 0     0.1 0   231.2 0   270.72 0   270.63 0   290.9 0   270.58 0   270.69 0     0.0 0     0.0 0     0.0 0   -59.6 0   -59.6 0    -1.9 0    74.1 0     9.8 0   294.2 0   937.9 0
 2019   2  1  2  7  9  7.150 154.61    -3.6 0    -1.6 0    -0.8 0     0.2 0   229.1 0   270.80 0   270.69 0   290.6 0   270.65 0   270.73 0     0.0 0     0.0 0     0.0 0   -61.5 0   -61.5 0    -1.9 0    74.0 0     9.2 0   293.7 0   937.9 0
 2019   2  1  2  7 10  7.167 154.60    -3.7 0    -1.6 0    -0.8 0     0.3 0   227.1 0   270.87 0   270.76 0   290.4 0   270.70 0   270.78 0     0.0 0     0.0 0     0.0 0   -63.3 0   -63.3 0    -1.9 0    74.2 0     9.2 0   297.0 0   938.0 0
 2019   2  1  2  7 11  7.183 154.59    -3.7 0    -1.6 0    -0.7 0     0.4 0   224.7 0   270.94 0   270.80 0   290.2 0   270.75 0   270.81 0     0.0 0     0.0 0     0.0 0   -65.5 0   -65.5 0    -1.9 0    74.2 0     8.7 0   295.3 0   938.0 0
 2019   2  1  2  7 12  7.200 154.58    -3.3 0    -1.6 0    -0.4 0     0.4 0   223.6 0   270.99 0   270.82 0   290.3 0   270.78 0   270.85 0     0.0 0     0.0 0     0.0 0   -66.7 0   -66.7 0    -1.9 0    74.1 0     9.1 0   296.8 0   938.0 0
 2019   2  1  2  7 13  7.217 154.57    -3.4 0    -1.5 0    -0.4 0     0.4 0   222.8 0   271.05 0   270.88 0   290.1 0   270.82 0   270.88 0     0.0 0     0.0 0     0.0 0   -67.3 0   -67.3 0    -1.9 0    74.1 0     8.4 0   300.4 0   938.0 0
 2019   2  1  2  7 14  7.233 154.55    -3.1 0    -1.6 0    -0.3 0     0.4 0   222.0 0   271.10 0   270.91 0   290.0 0   270.86 0   270.94 0     0.0 0     0.0 0     0.0 0   -67.9 0   -67.9 0    -1.8 0    73.9 0     8.3 0   298.4 0   938.0 0
 2019   2  1  2  7 15  7.250 154.54    -2.9 0    -1.2 0    -0.1 0     0.4 0   221.8 0   271.14 0   270.94 0   289.8 0   270.90 0   270.96 0     0.0 0     0.0 0     0.0 0   -68.0 0   -68.0 0    -1.8 0    73.8 0     7.6 0   298.0 0   938.0 0
 2019   2  1  2  7 16  7.267 154.52    -3.0 0    -1.0 0    -0.4 0     0.4 0   221.4 0   271.18 0   271.00 0   289.5 0   270.93 0   270.99 0     0.0 0     0.0 0     0.0 0   -68.1 0   -68.1 0    -1.8 0    73.7 0     7.5 0   301.5 0   938.0 0
 2019   2  1  2  7 17  7.283 154.50    -2.9 0    -1.4 0    -0.2 0     0.4 0   221.1 0   271.23 0   271.02 0   290.2 0   270.97 0   271.05 0     0.0 0     0.0 0     0.0 0   -69.1 0   -69.1 0    -1.7 0    73.4 0     8.5 0   303.6 0   938.0 0
 2019   2  1  2  7 18  7.300 154.48    -2.9 0    -1.1 0    -0.2 0     0.4 0   220.8 0   271.26 0   271.05 0   289.3 0   271.01 0   271.07 0     0.0 0     0.0 0     0.0 0   -68.6 0   -68.6 0    -1.7 0    73.1 0     7.4 0   304.3 0   938.1 0
 2019   2  1  2  7 19  7.317 154.46    -2.9 0    -0.8 0    -0.2 0     0.4 0   220.7 0   271.30 0   271.08 0   289.4 0   271.04 0   271.10 0     0.0 0     0.0 0     0.0 0   -68.8 0   -68.8 0    -1.7 0    73.2 0     7.2 0   305.8 0   938.1 0
 2019   2  1  2  7 20  7.333 154.44    -2.9 0    -0.8 0     0.0 0     0.4 0   220.3 0   271.33 0   271.09 0   289.5 0   271.07 0   271.13 0     0.0 0     0.0 0     0.0 0   -69.3 0   -69.3 0    -1.6 0    73.2 0     7.7 0   302.7 0   938.1 0
 2019   2  1  2  7 21  7.350 154.41    -2.9 0    -0.8 0     0.0 0     0.4 0   220.3 0   271.35 0   271.10 0   289.3 0   271.10 0   271.15 0     0.0 0     0.0 0     0.0 0   -69.0 0   -69.0 0    -1.6 0    73.0 0     7.2 0   303.6 0   938.1 0
 2019   2  1  2  7 22  7.367 154.39    -2.9 0    -0.8 0     0.0 0     0.4 0   219.9 0   271.37 0   271.14 0   289.1 0   271.12 0   271.17 0     0.0 0     0.0 0     0.0 0   -69.1 0   -69.1 0    -1.6 0    72.8 0     6.9 0   303.0 0   938.1 0
 2019   2  1  2  7 23  7.383 154.36    -2.9 0    -0.8 0     0.0 0     0.4 0   219.8 0   271.40 0   271.16 0   289.3 0   271.15 0   271.19 0     0.0 0     0.0 0     0.0 0   -69.5 0   -69.5 0    -1.6 0    72.9 0     6.9 0   301.5 0   938.1 0
 2019   2  1  2  7 24  7.400 154.33    -2.9 0    -0.8 0    -0.1 0     0.4 0   220.0 0   271.42 0   271.19 0   289.2 0   271.17 0   271.22 0     0.0 0     0.0 0     0.0 0   -69.2 0   -69.2 0    -1.5 0    72.6 0     7.0 0   306.2 0   938.2 0
 2019   2  1  2  7 25  7.417 154.30    -2.9 0    -0.8 0     0.0 0     0.4 0   219.9 0   271.45 0   271.18 0   288.6 0   271.19 0   271.21 0     0.0 0     0.0 0     0.0 0   -68.7 0   -68.7 0    -1.6 0    72.7 0     6.2 0   305.2 0   938.2 0
 2019   2  1  2  7 26  7.433 154.27    -2.9 0    -0.8 0     0.0 0     0.4 0   219.7 0   271.46 0   271.18 0   288.0 0   271.19 0   271.20 0     0.0 0     0.0 0     0.0 0   -68.3 0   -68.3 0    -1.7 0    73.0 0     5.6 0   303.7 0   938.2 0
 2019   2  1  2  7 27  7.450 154.24    -2.9 0    -0.5 0     0.1 0     0.4 0   219.3 0   271.46 0   271.17 0   287.2 0   271.19 0   271.17 0     0.0 0     0.0 0     0.0 0   -67.8 0   -67.8 0    -1.7 0    73.3 0     5.4 0   298.7 0   938.2 0
 2019   2  1  2  7 28  7.467 154.20    -2.8 0     0.0 0     0.4 0     0.4 0   218.9 0   271.46 0   271.14 0   286.5 0   271.17 0   271.13 0     0.0 0     0.0 0     0.0 0   -67.6 0   -67.6 0    -1.9 0    73.6 0     4.7 0   291.8 0   938.3 0
 2019   2  1  2  7 29  7.483 154.16    -2.0 0     0.0 0     0.4 0     0.4 0   218.8 0   271.45 0   271.10 0   285.8 0   271.15 0   271.09 0     0.0 0     0.0 0     0.0 0   -67.0 0   -67.0 0    -2.0 0    74.2 0     5.3 0   289.1 0   938.3 0
 2019   2  1  2  7 30  7.500 154.13    -2.0 0     0.0 0     0.7 0     0.4 0   218.4 0   271.42 0   271.04 0   286.0 0   271.11 0   271.03 0     0.0 0     0.0 0     0.0 0   -67.5 0   -67.5 0    -2.2 0    74.5 0     6.0 0   289.3 0   938.2 0
 2019   2  1  2  7 31  7.517 154.09    -2.0 0     0.3 0     0.8 0     0.4 0   218.1 0   271.38 0   270.97 0   285.9 0   271.06 0   270.97 0     0.0 0     0.0 0     0.0 0   -67.8 0   -67.8 0    -2.4 0    75.1 0     6.2 0   289.3 0   938.2 0
 2019   2  1  2  7 32  7.533 154.05    -2.0 0     0.8 0     0.9 0     0.4 0   217.9 0   271.33 0   270.91 0   286.0 0   271.00 0   270.90 0     0.0 0     0.0 0     0.0 0   -68.1 0   -68.1 0    -2.5 0    75.5 0     6.6 0   292.2 0   938.2 0
 2019   2  1  2  7 33  7.550 154.00    -2.0 0     0.8 0     0.8 0     0.4 0   217.5 0   271.27 0   270.85 0   285.5 0   270.94 0   270.83 0     0.0 0     0.0 0     0.0 0   -68.0 0   -68.0 0    -2.6 0    75.9 0     6.1 0   297.4 0   938.2 0
 2019   2  1  2  7 34  7.567 153.96    -2.0 0     0.8 0     0.8 0     0.4 0   217.2 0   271.21 0   270.78 0   284.8 0   270.87 0   270.74 0     0.0 0     0.0 0     0.0 0   -67.6 0   -67.6 0    -2.8 0    76.4 0     5.8 0   301.1 0   938.2 0
 2019   2  1  2  7 35  7.583 153.92    -2.0 0     0.8 0     0.8 0     0.4 0   216.8 0   271.15 0   270.72 0   284.6 0   270.79 0   270.66 0     0.0 0     0.0 0     0.0 0   -67.8 0   -67.8 0    -2.9 0    76.7 0     5.5 0   300.6 0   938.2 0
 2019   2  1  2  7 36  7.600 153.87    -2.0 0     0.8 0     0.8 0     0.4 0   216.5 0   271.09 0   270.66 0   284.1 0   270.71 0   270.59 0     0.0 0     0.0 0     0.0 0   -67.6 0   -67.6 0    -3.0 0    77.1 0     5.0 0   303.3 0   938.1 0
 2019   2  1  2  7 37  7.617 153.82    -1.7 0     0.8 0     0.8 0     0.4 0   216.2 0   271.02 0   270.58 0   284.1 0   270.64 0   270.51 0     0.0 0     0.0 0     0.0 0   -67.9 0   -67.9 0    -3.1 0    77.6 0     5.5 0   300.4 0   938.1 0
 2019   2  1  2  7 38  7.633 153.77    -1.5 0     0.8 0     0.8 0     0.4 0   215.9 0   270.95 0   270.51 0   283.7 0   270.56 0   270.43 0     0.0 0     0.0 0     0.0 0   -67.7 0   -67.7 0    -3.2 0    77.7 0     5.4 0   303.4 0   938.1 0
 2019   2  1  2  7 39  7.650 153.72    -1.2 0     0.8 0     0.8 0     0.4 0   215.6 0   270.88 0   270.44 0   283.3 0   270.48 0   270.36 0     0.0 0     0.0 0     0.0 0   -67.7 0   -67.7 0    -3.2 0    78.1 0     5.1 0   302.8 0   938.1 0
 2019   2  1  2  7 40  7.667 153.67    -1.0 0     0.8 0     0.8 0     0.4 0   215.3 0   270.81 0   270.37 0   282.6 0   270.41 0   270.30 0     0.0 0     0.0 0     0.0 0   -67.2 0   -67.2 0    -3.3 0    78.4 0     4.8 0   304.0 0   938.1 0
 2019   2  1  2  7 41  7.683 153.61    -1.0 0     0.8 0     0.7 0     0.4 0   215.1 0   270.74 0   270.31 0   282.3 0   270.34 0   270.23 0     0.0 0     0.0 0     0.0 0   -67.2 0   -67.2 0    -3.4 0    78.6 0     4.6 0   303.0 0   938.1 0
 2019   2  1  2  7 42  7.700 153.56    -1.0 0     0.8 0     0.7 0     0.4 0   214.9 0   270.67 0   270.24 0   282.1 0   270.27 0   270.17 0     0.0 0     0.0 0     0.0 0   -67.1 0   -67.1 0    -3.4 0    79.0 0     4.6 0   303.6 0   938.1 0
 2019   2  1  2  7 43  7.717 153.50    -1.0 0     0.8 0     0.5 0     0.4 0   215.0 0   270.60 0   270.18 0   281.7 0   270.21 0   270.11 0     0.0 0     0.0 0     0.0 0   -66.7 0   -66.7 0    -3.4 0    79.0 0     4.6 0   303.8 0   938.1 0
 2019   2  1  2  7 44  7.733 153.45    -1.0 0     0.1 0     0.4 0     0.4 0   214.9 0   270.53 0   270.11 0   281.6 0   270.15 0   270.06 0     0.0 0     0.0 0     0.0 0   -66.7 0   -66.7 0    -3.4 0    79.0 0     4.5 0   306.2 0   938.0 0
 2019   2  1  2  7 45  7.750 153.39    -1.0 0     0.0 0     0.4 0     0.4 0   214.9 0   270.46 0   270.05 0   281.7 0   270.09 0   270.00 0     0.0 0     0.0 0     0.0 0   -66.9 0   -66.9 0    -3.5 0    79.2 0     4.9 0   302.0 0   938.0 0
 2019   2  1  2  7 46  7.767 153.33    -1.0 0     0.0 0     0.4 0     0.4 0   214.9 0   270.40 0   269.99 0   281.3 0   270.04 0   269.96 0     0.0 0     0.0 0     0.0 0   -66.5 0   -66.5 0    -3.5 0    79.2 0     4.4 0   302.1 0   938.0 0
 2019   2  1  2  7 47  7.783 153.26    -1.0 0     0.0 0     0.4 0     0.4 0   214.6 0   270.33 0   269.92 0   280.9 0   269.99 0   269.91 0     0.0 0     0.0 0     0.0 0   -66.3 0   -66.3 0    -3.5 0    79.3 0     4.3 0   297.3 0   938.0 0
 2019   2  1  2  7 48  7.800 153.20    -1.0 0     0.0 0     0.7 0     0.4 0   214.9 0   270.27 0   269.85 0   280.6 0   269.93 0   269.85 0     0.0 0     0.0 0     0.0 0   -65.7 0   -65.7 0    -3.5 0    79.5 0     4.3 0   296.2 0   938.0 0
 2019   2  1  2  7 49  7.817 153.14    -1.0 0     0.0 0     0.4 0     0.4 0   215.3 0   270.20 0   269.84 0   282.1 0   269.89 0   269.84 0     0.0 0     0.0 0     0.0 0   -66.8 0   -66.8 0    -3.5 0    79.8 0     5.7 0   290.8 0   937.9 0
 2019   2  1  2  7 50  7.833 153.07    -1.0 0     0.0 0     0.4 0     0.4 0   215.8 0   270.16 0   269.84 0   283.2 0   269.85 0   269.83 0     0.0 0     0.0 0     0.0 0   -67.4 0   -67.4 0    -3.4 0    79.3 0     5.9 0   286.6 0   937.8 0
 2019   2  1  2  7 51  7.850 153.00    -1.3 0     0.0 0     0.4 0     0.4 0   216.3 0   270.13 0   269.82 0   284.3 0   269.84 0   269.83 0     0.0 0     0.0 0     0.0 0   -68.0 0   -68.0 0    -3.3 0    78.8 0     6.4 0   279.1 0   937.9 0
 2019   2  1  2  7 52  7.867 152.94    -1.6 0     0.0 0     0.3 0     0.4 0   216.6 0   270.11 0   269.82 0   284.2 0   269.81 0   269.79 0     0.0 0     0.0 0     0.0 0   -67.6 0   -67.6 0    -3.3 0    78.8 0     6.4 0   277.1 0   937.9 0
 2019   2  1  2  7 53  7.883 152.87    -2.0 0     0.0 0     0.0 0     0.3 0   216.7 0   270.09 0   269.82 0   284.5 0   269.80 0   269.79 0     0.0 0     0.0 0     0.0 0   -67.8 0   -67.8 0    -3.3 0    78.7 0     6.8 0   276.7 0   937.8 0
 2019   2  1  2  7 54  7.900 152.79    -2.0 0     0.0 0     0.2 0     0.4 0   216.8 0   270.09 0   269.80 0   284.2 0   269.79 0   269.77 0     0.0 0     0.0 0     0.0 0   -67.3 0   -67.3 0    -3.3 0    78.7 0     6.1 0   275.2 0   937.8 0
 2019   2  1  2  7 55  7.917 152.72    -2.0 0     0.0 0     0.4 0     0.4 0   217.1 0   270.08 0   269.79 0   284.7 0   269.78 0   269.76 0     0.0 0     0.0 0     0.0 0   -67.6 0   -67.6 0    -3.3 0    78.9 0     7.1 0   271.2 0   937.8 0
 2019   2  1  2  7 56  7.933 152.65    -2.0 0     0.0 0     0.4 0     0.4 0   217.3 0   270.06 0   269.79 0   285.1 0   269.76 0   269.75 0     0.0 0     0.0 0     0.0 0   -67.8 0   -67.8 0    -3.3 0    78.8 0     7.3 0   270.9 0   937.8 0
 2019   2  1  2  7 57  7.950 152.57    -2.0 0     0.0 0     0.4 0     0.4 0   217.3 0   270.06 0   269.79 0   285.4 0   269.76 0   269.75 0     0.0 0     0.0 0     0.0 0   -68.0 0   -68.0 0    -3.3 0    78.9 0     7.0 0   270.7 0   937.8 0
 2019   2  1  2  7 58  7.967 152.50    -2.0 0     0.0 0     0.2 0     0.4 0   217.3 0   270.06 0   269.80 0   284.6 0   269.74 0   269.72 0     0.0 0     0.0 0     0.0 0   -67.3 0   -67.3 0    -3.4 0    79.3 0     6.7 0   267.6 0   937.9 0
 2019   2  1  2  7 59  7.983 152.42    -2.0 0     0.0 0     0.3 0     0.4 0   217.8 0   270.06 0   269.80 0   285.0 0   269.74 0   269.71 0     0.0 0     0.0 0     0.0 0   -67.2 0   -67.2 0    -3.4 0    79.6 0     6.9 0   267.9 0   937.8 0
 2019   2  1  2  8  0  8.000 152.34    -2.0 0     0.0 0     0.2 0     0.4 0   218.7 0   270.06 0   269.81 0   285.6 0   269.72 0   269.73 0     0.0 0     0.0 0     0.0 0   -66.9 0   -66.9 0    -3.3 0    79.6 0     8.0 0   268.6 0   937.8 0
 2019   2  1  2  8  1  8.017 152.26    -2.0 0    -0.5 0     0.3 0     0.4 0   219.9 0   270.07 0   269.81 0   285.6 0   269.72 0   269.73 0     0.0 0     0.0 0     0.0 0   -65.7 0   -65.7 0    -3.3 0    79.3 0     8.0 0   269.8 0   937.8 0
 2019   2  1  2  8  2  8.033 152.18    -2.0 0    -0.2 0     0.3 0     0.4 0   222.2 0   270.08 0   269.81 0   285.9 0   269.73 0   269.74 0     0.0 0     0.0 0     0.0 0   -63.7 0   -63.7 0    -3.3 0    79.4 0     7.3 0   273.0 0   937.8 0
 2019   2  1  2  8  3  8.050 152.10    -2.0 0    -0.2 0     0.0 0     0.4 0   225.4 0   270.08 0   269.85 0   286.5 0   269.74 0   269.74 0     0.0 0     0.0 0     0.0 0   -61.0 0   -61.0 0    -3.2 0    79.4 0     6.9 0   275.8 0   937.9 0
 2019   2  1  2  8  4  8.067 152.02    -2.0 0    -0.7 0    -0.4 0     0.2 0   227.8 0   270.08 0   269.89 0   287.1 0   269.74 0   269.78 0     0.0 0     0.0 0     0.0 0   -59.3 0   -59.3 0    -3.2 0    79.5 0     7.3 0   275.9 0   937.9 0
 2019   2  1  2  8  5  8.083 151.93    -2.0 0    -0.8 0    -0.4 0     0.1 0   230.4 0   270.10 0   269.91 0   287.5 0   269.76 0   269.81 0     0.0 0     0.0 0     0.0 0   -57.1 0   -57.1 0    -3.0 0    79.1 0     7.6 0   277.8 0   937.9 0
 2019   2  1  2  8  6  8.100 151.85    -2.0 0    -0.8 0    -0.4 0     0.0 0   234.5 0   270.12 0   269.94 0   287.5 0   269.79 0   269.82 0     0.0 0     0.0 0     0.0 0   -53.0 0   -53.0 0    -3.0 0    78.9 0     7.4 0   276.1 0   937.9 0
 2019   2  1  2  8  7  8.117 151.76    -2.1 0    -0.8 0    -0.4 0     0.0 0   238.1 0   270.14 0   269.98 0   288.0 0   269.81 0   269.85 0     0.0 0     0.0 0     0.0 0   -49.9 0   -49.9 0    -2.9 0    78.6 0     7.0 0   279.9 0   938.0 0
 2019   2  1  2  8  8  8.133 151.68    -2.2 0    -0.8 0    -0.4 0     0.0 0   240.7 0   270.17 0   270.02 0   287.5 0   269.83 0   269.85 0     0.0 0     0.0 0     0.0 0   -46.8 0   -46.8 0    -3.0 0    78.7 0     5.6 0   281.0 0   938.0 0
 2019   2  1  2  8  9  8.150 151.59    -2.0 0    -0.8 0    -0.4 0     0.0 0   243.0 0   270.19 0   270.03 0   287.6 0   269.84 0   269.88 0     0.0 0     0.0 0     0.0 0   -44.6 0   -44.6 0    -3.0 0    78.8 0     6.1 0   282.7 0   938.1 0
 2019   2  1  2  8 10  8.167 151.50    -2.0 0    -0.8 0    -0.2 0     0.2 0   245.9 0   270.22 0   270.05 0   287.6 0   269.86 0   269.88 0     0.0 0     0.0 0     0.0 0   -41.7 0   -41.7 0    -3.0 0    78.8 0     5.7 0   281.8 0   938.1 0
 2019   2  1  2  8 11  8.183 151.41    -2.0 0    -0.7 0     0.0 0     0.1 0   248.5 0   270.23 0   270.07 0   287.2 0   269.86 0   269.88 0     0.0 0     0.0 0     0.0 0   -38.8 0   -38.8 0    -3.0 0    78.8 0     4.7 0   290.7 0   938.1 0
 2019   2  1  2  8 12  8.200 151.31    -2.0 0    -0.2 0     0.0 0     0.2 0   249.7 0   270.25 0   270.08 0   287.0 0   269.88 0   269.88 0     0.0 0     0.0 0     0.0 0   -37.3 0   -37.3 0    -3.1 0    79.0 0     4.1 0   295.4 0   938.2 0
 2019   2  1  2  8 13  8.217 151.22    -2.0 0     0.0 0     0.0 0     0.2 0   249.6 0   270.28 0   270.09 0   286.7 0   269.87 0   269.87 0     0.0 0     0.0 0     0.0 0   -37.1 0   -37.1 0    -3.1 0    78.9 0     3.9 0   299.2 0   938.3 0
 2019   2  1  2  8 14  8.233 151.13    -2.0 0     0.0 0     0.0 0     0.3 0   247.6 0   270.28 0   270.08 0   285.8 0   269.86 0   269.84 0     0.0 0     0.0 0     0.0 0   -38.2 0   -38.2 0    -3.2 0    79.1 0     2.7 0   316.4 0   938.3 0
 2019   2  1  2  8 15  8.250 151.03    -2.0 0     0.0 0     0.0 0     0.4 0   245.0 0   270.28 0   270.08 0   284.8 0   269.84 0   269.81 0     0.0 0     0.0 0     0.0 0   -39.8 0   -39.8 0    -3.3 0    79.4 0     2.7 0   321.1 0   938.3 0
 2019   2  1  2  8 16  8.267 150.94    -2.0 0     0.0 0     0.1 0     0.4 0   241.9 0   270.28 0   270.08 0   284.2 0   269.82 0   269.80 0     0.0 0     0.0 0     0.0 0   -42.3 0   -42.3 0    -3.3 0    79.7 0     2.6 0   330.2 0   938.3 0
 2019   2  1  2  8 17  8.283 150.84    -1.9 0     0.0 0     0.4 0     0.4 0   238.4 0   270.28 0   270.02 0   282.7 0   269.80 0   269.76 0     0.0 0     0.0 0     0.0 0   -44.3 0   -44.3 0    -3.4 0    79.8 0     1.8 0   356.4 0   938.3 0
 2019   2  1  2  8 18  8.300 150.74    -1.1 0     0.0 0     0.4 0     0.4 0   234.4 0   270.26 0   269.97 0   281.8 0   269.78 0   269.73 0     0.0 0     0.0 0     0.0 0   -47.4 0   -47.4 0    -3.4 0    80.3 0     1.8 0   339.5 0   938.3 0
 2019   2  1  2  8 19  8.317 150.64    -1.2 0     0.0 0     0.4 0     0.4 0   229.6 0   270.23 0   269.95 0   281.4 0   269.74 0   269.72 0     0.0 0     0.0 0     0.0 0   -51.8 0   -51.8 0    -3.4 0    80.3 0     2.0 0   331.6 0   938.3 0
 2019   2  1  2  8 20  8.333 150.54    -1.5 0     0.0 0     0.4 0     0.4 0   224.9 0   270.20 0   269.90 0   280.5 0   269.72 0   269.68 0     0.0 0     0.0 0     0.0 0   -55.6 0   -55.6 0    -3.4 0    79.9 0     2.0 0   314.4 0   938.4 0
 2019   2  1  2  8 21  8.350 150.44    -1.0 0     0.0 0     0.4 0     0.4 0   221.2 0   270.17 0   269.83 0   279.2 0   269.69 0   269.65 0     0.0 0     0.0 0     0.0 0   -58.0 0   -58.0 0    -3.5 0    80.3 0     2.1 0   321.1 0   938.5 0
 2019   2  1  2  8 22  8.367 150.34    -1.0 0     0.0 0     0.4 0     0.4 0   218.6 0   270.13 0   269.77 0   277.7 0   269.66 0   269.61 0     0.0 0     0.0 0     0.0 0   -59.1 0   -59.1 0    -3.6 0    80.1 0     1.5 0   345.3 0   938.5 0
 2019   2  1  2  8 23  8.383 150.24    -1.0 0     0.0 0     0.4 0     0.4 0   217.3 0   270.09 0   269.75 0   276.7 0   269.63 0   269.58 0     0.0 0     0.0 0     0.0 0   -59.4 0   -59.4 0    -3.6 0    80.7 0     1.5 0   329.1 0   938.5 0
 2019   2  1  2  8 24  8.400 150.13    -1.0 0    -0.6 0     0.4 0     0.4 0   216.3 0   270.06 0   269.73 0   276.0 0   269.59 0   269.57 0     0.0 0     0.0 0     0.0 0   -59.7 0   -59.7 0    -3.6 0    80.4 0     0.4 0   320.4 0   938.4 0
 2019   2  1  2  8 25  8.417 150.03    -1.0 0    -0.8 0     0.6 0     0.4 0   215.3 0   270.02 0   269.68 0   275.2 0   269.57 0   269.53 0     0.0 0     0.0 0     0.0 0   -60.0 0   -60.0 0    -3.6 0    79.8 0     0.3 0   295.4 0   938.5 0
 2019   2  1  2  8 26  8.433 149.92    -1.0 0    -0.5 0     0.9 0     0.4 0   214.4 0   269.98 0   269.59 0   275.3 0   269.53 0   269.47 0     0.0 0     0.0 0     0.0 0   -61.0 0   -61.0 0    -3.7 0    79.9 0     1.3 0   249.9 0   938.5 0
 2019   2  1  2  8 27  8.450 149.82    -1.0 0    -0.5 0     1.0 0     0.4 0   213.8 0   269.92 0   269.50 0   276.0 0   269.49 0   269.43 0     0.0 0     0.0 0     0.0 0   -62.1 0   -62.1 0    -3.8 0    80.7 0     1.1 0   234.8 0   938.5 0
 2019   2  1  2  8 28  8.467 149.71    -0.8 0    -0.6 0     1.4 0     0.4 0   213.2 0   269.85 0   269.34 0   275.8 0   269.45 0   269.39 0     0.0 0     0.0 0     0.0 0   -62.6 0   -62.6 0    -3.9 0    81.0 0     0.8 0   246.0 0   938.5 0
 2019   2  1  2  8 29  8.483 149.60    -0.6 0    -0.8 0     1.4 0     0.4 0   213.2 0   269.75 0   269.27 0   274.9 0   269.41 0   269.34 0     0.0 0     0.0 0     0.0 0   -61.7 0   -61.7 0    -3.9 0    80.9 0     0.7 0   279.2 0   938.4 0
 2019   2  1  2  8 30  8.500 149.49    -1.0 0    -0.8 0     1.2 0     0.4 0   213.1 0   269.66 0   269.24 0   273.4 0   269.37 0   269.30 0     0.0 0     0.0 0     0.0 0   -60.3 0   -60.3 0    -4.0 0    81.1 0     0.8 0   301.0 0   938.5 0
 2019   2  1  2  8 31  8.517 149.38    -0.7 0    -0.8 0     1.2 0     0.4 0   212.2 0   269.59 0   269.12 0   272.7 0   269.32 0   269.25 0     0.0 0     0.0 0     0.0 0   -60.5 0   -60.5 0    -4.1 0    81.2 0     0.6 0   253.2 0   938.4 0
 2019   2  1  2  8 32  8.533 149.27     0.0 0    -0.8 0     1.2 0     0.4 0   211.8 0   269.50 0   269.03 0   273.9 0   269.27 0   269.19 0     0.0 0     0.0 0     0.0 0   -62.1 0   -62.1 0    -4.2 0    81.2 0     0.5 0   256.6 0   938.4 0
 2019   2  1  2  8 33  8.550 149.16     0.0 0    -0.7 0     1.2 0     0.4 0   211.2 0   269.41 0   268.90 0   272.9 0   269.22 0   269.13 0     0.0 0     0.0 0     0.0 0   -61.6 0   -61.6 0    -4.4 0    81.3 0     0.8 0   228.6 0   938.4 0
 2019   2  1  2  8 34  8.567 149.05     0.0 0    -0.6 0     1.4 0     0.4 0   210.8 0   269.30 0   268.78 0   272.3 0   269.16 0   269.06 0     0.0 0     0.0 0     0.0 0   -61.5 0   -61.5 0    -4.6 0    82.3 0     0.8 0   214.7 0   938.4 0
 2019   2  1  2  8 35  8.583 148.93     0.0 0    -0.8 0     1.2 0     0.4 0   211.1 0   269.19 0   268.73 0   271.1 0   269.10 0   269.00 0     0.0 0     0.0 0     0.0 0   -60.0 0   -60.0 0    -4.7 0    82.6 0     0.1 0   216.3 0   938.4 0
 2019   2  1  2  8 36  8.600 148.82     0.0 0    -0.8 0     1.0 0     0.4 0   211.0 0   269.09 0   268.61 0   270.3 0   269.04 0   268.96 0     0.0 0     0.0 0     0.0 0   -59.3 0   -59.3 0    -4.8 0    82.3 0     0.0 0     0.0 0   938.3 0
 2019   2  1  2  8 37  8.617 148.70     0.0 0    -0.8 0     0.9 0     0.4 0   211.2 0   268.99 0   268.53 0   269.5 0   268.99 0   268.91 0     0.0 0     0.0 0     0.0 0   -58.3 0   -58.3 0    -4.9 0    83.2 0     0.5 0   323.8 0   938.4 0
 2019   2  1  2  8 38  8.633 148.59     0.0 0    -0.8 0     0.8 0     0.4 0   211.5 0   268.90 0   268.47 0   269.1 0   268.93 0   268.84 0     0.0 0     0.0 0     0.0 0   -57.5 0   -57.5 0    -5.0 0    84.3 0     0.9 0   357.2 0   938.4 0
 2019   2  1  2  8 39  8.650 148.47     0.0 0    -0.8 0     0.8 0     0.4 0   211.4 0   268.82 0   268.41 0   269.0 0   268.87 0   268.78 0     0.0 0     0.0 0     0.0 0   -57.6 0   -57.6 0    -5.1 0    84.6 0     1.1 0   339.7 0   938.5 0
 2019   2  1  2  8 40  8.667 148.35     0.0 0    -0.8 0     0.9 0     0.4 0   211.1 0   268.75 0   268.32 0   268.4 0   268.81 0   268.72 0     0.0 0     0.0 0     0.0 0   -57.3 0   -57.3 0    -5.1 0    84.3 0     0.5 0   293.4 0   938.4 0
 2019   2  1  2  8 41  8.683 148.24     0.0 0    -0.8 0     0.8 0     0.4 0   211.3 0   268.67 0   268.25 0   269.0 0   268.75 0   268.68 0     0.0 0     0.0 0     0.0 0   -57.7 0   -57.7 0    -5.2 0    84.9 0     0.2 0   264.6 0   938.4 0
 2019   2  1  2  8 42  8.700 148.12     0.0 0    -0.8 0     0.9 0     0.4 0   211.0 0   268.59 0   268.15 0   268.8 0   268.70 0   268.63 0     0.0 0     0.0 0     0.0 0   -57.8 0   -57.8 0    -5.2 0    85.2 0     0.2 0   177.8 0   938.5 0
 2019   2  1  2  8 43  8.717 148.00     0.0 0    -0.8 0     0.9 0     0.3 0   211.5 0   268.52 0   268.15 0   268.1 0   268.64 0   268.58 0     0.0 0     0.0 0     0.0 0   -56.6 0   -56.6 0    -5.2 0    85.5 0     0.1 0   192.0 0   938.5 0
 2019   2  1  2  8 44  8.733 147.88    -0.5 0    -0.8 0     0.7 0     0.0 0   211.8 0   268.47 0   268.13 0   268.2 0   268.59 0   268.53 0     0.0 0     0.0 0     0.0 0   -56.4 0   -56.4 0    -5.2 0    86.0 0     0.9 0   325.0 0   938.5 0
 2019   2  1  2  8 45  8.750 147.75    -0.8 0    -0.8 0     0.8 0     0.1 0   211.3 0   268.42 0   268.07 0   268.2 0   268.54 0   268.48 0     0.0 0     0.0 0     0.0 0   -56.8 0   -56.8 0    -5.2 0    85.7 0     0.7 0   282.9 0   938.5 0
 2019   2  1  2  8 46  8.767 147.63    -0.8 0    -0.8 0     0.8 0     0.3 0   211.5 0   268.37 0   268.02 0   268.1 0   268.49 0   268.43 0     0.0 0     0.0 0     0.0 0   -56.6 0   -56.6 0    -5.2 0    85.6 0     0.7 0   240.8 0   938.6 0
 2019   2  1  2  8 47  8.783 147.51    -1.0 0    -0.8 0     0.8 0     0.1 0   212.1 0   268.33 0   268.04 0   268.2 0   268.44 0   268.39 0     0.0 0     0.0 0     0.0 0   -56.1 0   -56.1 0    -5.2 0    86.1 0     0.5 0   270.2 0   938.6 0
 2019   2  1  2  8 48  8.800 147.39    -1.2 0    -0.8 0     0.4 0     0.0 0   212.3 0   268.31 0   268.06 0   268.2 0   268.40 0   268.35 0     0.0 0     0.0 0     0.0 0   -55.9 0   -55.9 0    -5.1 0    86.1 0     0.7 0   263.8 0   938.6 0
 2019   2  1  2  8 49  8.817 147.26    -1.3 0    -0.8 0     0.4 0     0.0 0   212.3 0   268.29 0   268.04 0   268.1 0   268.35 0   268.31 0     0.0 0     0.0 0     0.0 0   -55.9 0   -55.9 0    -5.0 0    85.9 0     0.3 0   320.2 0   938.5 0
 2019   2  1  2  8 50  8.833 147.14    -1.0 0    -0.8 0     0.4 0     0.0 0   212.2 0   268.29 0   268.03 0   267.9 0   268.31 0   268.27 0     0.0 0     0.0 0     0.0 0   -55.7 0   -55.7 0    -4.9 0    85.3 0     0.6 0    20.2 0   938.5 0
 2019   2  1  2  8 51  8.850 147.01    -1.0 0    -0.8 0     0.4 0     0.0 0   212.2 0   268.29 0   268.02 0   267.9 0   268.28 0   268.24 0     0.0 0     0.0 0     0.0 0   -55.8 0   -55.8 0    -4.9 0    84.8 0     0.8 0     0.6 0   938.6 0
 2019   2  1  2  8 52  8.867 146.89    -1.0 0    -0.8 0     0.4 0     0.0 0   212.1 0   268.27 0   268.01 0   268.1 0   268.23 0   268.20 0     0.0 0     0.0 0     0.0 0   -56.0 0   -56.0 0    -4.9 0    85.0 0     2.1 0     0.5 0   938.6 0
 2019   2  1  2  8 53  8.883 146.76    -1.0 0    -0.8 0     0.4 0     0.3 0   211.7 0   268.25 0   267.94 0   268.2 0   268.20 0   268.17 0     0.0 0     0.0 0     0.0 0   -56.4 0   -56.4 0    -4.8 0    84.0 0     1.9 0   342.5 0   938.7 0
 2019   2  1  2  8 54  8.900 146.63    -1.0 0    -0.8 0     0.4 0     0.4 0   211.9 0   268.22 0   267.89 0   268.1 0   268.16 0   268.13 0     0.0 0     0.0 0     0.0 0   -56.2 0   -56.2 0    -4.8 0    84.0 0     1.9 0     0.7 0   938.5 0
 2019   2  1  2  8 55  8.917 146.50    -1.0 0    -0.8 0     0.4 0     0.4 0   212.2 0   268.18 0   267.83 0   268.1 0   268.13 0   268.11 0     0.0 0     0.0 0     0.0 0   -55.8 0   -55.8 0    -4.7 0    83.9 0     2.2 0   329.6 0   938.6 0
 2019   2  1  2  8 56  8.933 146.38    -1.0 0    -0.8 0     0.4 0     0.4 0   212.4 0   268.13 0   267.81 0   269.2 0   268.10 0   268.09 0     0.0 0     0.0 0     0.0 0   -56.8 0   -56.8 0    -4.7 0    83.4 0     2.4 0   340.9 0   938.5 0
 2019   2  1  2  8 57  8.950 146.25    -1.0 0    -0.8 0     0.4 0     0.3 0   212.3 0   268.10 0   267.81 0   271.4 0   268.09 0   268.09 0     0.0 0     0.0 0     0.0 0   -59.0 0   -59.0 0    -4.6 0    83.0 0     3.4 0   329.2 0   938.6 0
 2019   2  1  2  8 58  8.967 146.12    -1.1 0    -0.8 0     0.4 0     0.4 0   212.6 0   268.08 0   267.78 0   273.8 0   268.08 0   268.09 0     0.0 0     0.0 0     0.0 0   -61.3 0   -61.3 0    -4.6 0    82.6 0     3.7 0   321.8 0   938.6 0
 2019   2  1  2  8 59  8.983 145.99    -1.6 0    -0.8 0     0.4 0     0.1 0   212.8 0   268.05 0   267.79 0   274.9 0   268.09 0   268.10 0     0.0 0     0.0 0     0.0 0   -62.1 0   -62.1 0    -4.5 0    82.6 0     3.5 0   322.1 0   938.6 0
 2019   2  1  2  9  0  9.000 145.85    -1.9 0    -0.8 0     0.4 0     0.1 0   213.7 0   268.04 0   267.83 0   276.5 0   268.09 0   268.13 0     0.0 0     0.0 0     0.0 0   -62.8 0   -62.8 0    -4.5 0    82.6 0     4.7 0   321.1 0   938.5 0
 2019   2  1  2  9  1  9.017 145.72    -2.0 0    -0.8 0     0.0 0     0.0 0   213.8 0   268.06 0   267.88 0   276.9 0   268.10 0   268.16 0     0.0 0     0.0 0     0.0 0   -63.1 0   -63.1 0    -4.4 0    81.9 0     4.7 0   314.1 0   938.6 0
 2019   2  1  2  9  2  9.033 145.59    -2.0 0    -0.8 0     0.0 0     0.0 0   214.2 0   268.09 0   267.91 0   277.6 0   268.13 0   268.20 0     0.0 0     0.0 0     0.0 0   -63.4 0   -63.4 0    -4.3 0    81.5 0     5.0 0   310.9 0   938.5 0
 2019   2  1  2  9  3  9.050 145.46    -2.0 0    -0.8 0     0.0 0     0.0 0   214.4 0   268.11 0   267.92 0   278.0 0   268.16 0   268.21 0     0.0 0     0.0 0     0.0 0   -63.6 0   -63.6 0    -4.4 0    81.6 0     5.8 0   307.5 0   938.5 0
 2019   2  1  2  9  4  9.067 145.32    -2.0 0    -0.8 0     0.0 0     0.1 0   214.8 0   268.14 0   267.97 0   278.7 0   268.19 0   268.24 0     0.0 0     0.0 0     0.0 0   -63.9 0   -63.9 0    -4.4 0    81.8 0     5.7 0   305.5 0   938.5 0
 2019   2  1  2  9  5  9.083 145.19    -2.5 0    -0.8 0     0.0 0     0.0 0   214.8 0   268.17 0   267.99 0   278.7 0   268.20 0   268.25 0     0.0 0     0.0 0     0.0 0   -63.8 0   -63.8 0    -4.4 0    81.9 0     5.3 0   302.9 0   938.5 0
 2019   2  1  2  9  6  9.100 145.05    -2.5 0    -0.8 0     0.0 0     0.0 0   214.5 0   268.20 0   268.01 0   278.7 0   268.22 0   268.25 0     0.0 0     0.0 0     0.0 0   -64.2 0   -64.2 0    -4.5 0    82.1 0     5.0 0   302.4 0   938.5 0
 2019   2  1  2  9  7  9.117 144.92    -2.6 0    -0.8 0     0.0 0     0.1 0   215.0 0   268.23 0   268.04 0   279.2 0   268.24 0   268.29 0     0.0 0     0.0 0     0.0 0   -64.2 0   -64.2 0    -4.4 0    82.4 0     5.9 0   304.3 0   938.5 0
 2019   2  1  2  9  8  9.133 144.78    -2.9 0    -0.8 0     0.0 0     0.0 0   215.3 0   268.26 0   268.10 0   279.7 0   268.26 0   268.34 0     0.0 0     0.0 0     0.0 0   -64.4 0   -64.4 0    -4.3 0    81.6 0     5.7 0   305.5 0   938.5 0
 2019   2  1  2  9  9  9.150 144.65    -2.9 0    -0.8 0     0.0 0     0.0 0   215.8 0   268.30 0   268.16 0   280.2 0   268.30 0   268.40 0     0.0 0     0.0 0     0.0 0   -64.4 0   -64.4 0    -4.2 0    81.2 0     6.2 0   308.1 0   938.5 0
 2019   2  1  2  9 10  9.167 144.51    -2.9 0    -0.8 0    -0.4 0     0.0 0   216.6 0   268.35 0   268.24 0   280.5 0   268.35 0   268.45 0     0.0 0     0.0 0     0.0 0   -63.9 0   -63.9 0    -4.1 0    80.9 0     5.6 0   308.9 0   938.5 0
 2019   2  1  2  9 11  9.183 144.37    -2.9 0    -0.8 0    -0.4 0     0.0 0   216.7 0   268.41 0   268.27 0   280.2 0   268.39 0   268.49 0     0.0 0     0.0 0     0.0 0   -63.5 0   -63.5 0    -4.1 0    80.6 0     5.5 0   305.5 0   938.5 0
 2019   2  1  2  9 12  9.200 144.24    -2.9 0    -1.3 0    -0.3 0     0.0 0   217.6 0   268.46 0   268.33 0   281.0 0   268.44 0   268.55 0     0.0 0     0.0 0     0.0 0   -63.4 0   -63.4 0    -4.0 0    80.3 0     6.1 0   302.9 0   938.5 0
 2019   2  1  2  9 13  9.217 144.10    -2.9 0    -1.6 0    -0.4 0     0.0 0   218.6 0   268.51 0   268.42 0   281.8 0   268.50 0   268.64 0     0.0 0     0.0 0     0.0 0   -63.2 0   -63.2 0    -3.8 0    79.7 0     6.6 0   309.1 0   938.5 0
 2019   2  1  2  9 14  9.233 143.96    -2.9 0    -1.6 0    -0.4 0     0.0 0   220.6 0   268.59 0   268.52 0   282.6 0   268.57 0   268.73 0     0.0 0     0.0 0     0.0 0   -62.0 0   -62.0 0    -3.7 0    79.1 0     6.2 0   310.4 0   938.5 0
 2019   2  1  2  9 15  9.250 143.82    -2.9 0    -1.6 0    -0.4 0     0.0 0   223.4 0   268.67 0   268.61 0   282.9 0   268.65 0   268.78 0     0.0 0     0.0 0     0.0 0   -59.4 0   -59.4 0    -3.6 0    78.8 0     6.2 0   314.0 0   938.4 0
 2019   2  1  2  9 16  9.267 143.68    -2.9 0    -1.6 0    -0.4 0     0.0 0   227.2 0   268.74 0   268.70 0   283.0 0   268.73 0   268.85 0     0.0 0     0.0 0     0.0 0   -55.8 0   -55.8 0    -3.5 0    78.3 0     5.5 0   312.7 0   938.5 0
 2019   2  1  2  9 17  9.283 143.54    -2.9 0    -1.6 0    -0.4 0     0.0 0   233.8 0   268.82 0   268.76 0   283.6 0   268.79 0   268.91 0     0.0 0     0.0 0     0.0 0   -49.7 0   -49.7 0    -3.5 0    78.6 0     6.4 0   311.1 0   938.4 0
 2019   2  1  2  9 18  9.300 143.40    -2.9 0    -1.6 0    -0.7 0     0.0 0   241.2 0   268.91 0   268.90 0   285.0 0   268.86 0   269.01 0     0.0 0     0.0 0     0.0 0   -43.9 0   -43.9 0    -3.4 0    77.8 0     6.9 0   318.1 0   938.5 0
 2019   2  1  2  9 19  9.317 143.26    -3.0 0    -1.6 0    -0.7 0     0.0 0   245.3 0   269.00 0   268.98 0   285.7 0   268.95 0   269.08 0     0.0 0     0.0 0     0.0 0   -40.4 0   -40.4 0    -3.3 0    77.5 0     6.9 0   315.7 0   938.5 0
 2019   2  1  2  9 20  9.333 143.11    -2.9 0    -1.6 0    -0.7 0     0.0 0   246.9 0   269.08 0   269.07 0   286.1 0   269.03 0   269.14 0     0.0 0     0.0 0     0.0 0   -39.2 0   -39.2 0    -3.3 0    77.4 0     7.1 0   319.6 0   938.5 0
 2019   2  1  2  9 21  9.350 142.97    -2.9 0    -1.5 0    -0.4 0     0.0 0   244.9 0   269.16 0   269.10 0   285.0 0   269.09 0   269.14 0     0.0 0     0.0 0     0.0 0   -40.1 0   -40.1 0    -3.4 0    77.4 0     5.3 0   323.0 0   938.5 0
 2019   2  1  2  9 22  9.367 142.83    -2.9 0    -0.8 0    -0.4 0     0.3 0   241.3 0   269.23 0   269.11 0   284.6 0   269.13 0   269.15 0     0.0 0     0.0 0     0.0 0   -43.3 0   -43.3 0    -3.6 0    78.5 0     5.5 0   313.2 0   938.5 0
 2019   2  1  2  9 23  9.383 142.69    -2.9 0    -0.8 0    -0.4 0     0.2 0   236.6 0   269.28 0   269.18 0   284.9 0   269.15 0   269.22 0     0.0 0     0.0 0     0.0 0   -48.4 0   -48.4 0    -3.5 0    78.3 0     6.0 0   305.2 0   938.5 0
 2019   2  1  2  9 24  9.400 142.54    -2.9 0    -0.8 0    -0.4 0     0.1 0   231.8 0   269.35 0   269.24 0   285.1 0   269.18 0   269.27 0     0.0 0     0.0 0     0.0 0   -53.2 0   -53.2 0    -3.4 0    78.1 0     6.3 0   305.4 0   938.4 0
 2019   2  1  2  9 25  9.417 142.40    -2.9 0    -0.8 0    -0.4 0     0.3 0   227.2 0   269.40 0   269.26 0   284.4 0   269.22 0   269.28 0     0.0 0     0.0 0     0.0 0   -57.2 0   -57.2 0    -3.4 0    77.9 0     5.5 0   307.4 0   938.3 0
 2019   2  1  2  9 26  9.433 142.25    -2.9 0    -0.8 0    -0.1 0     0.4 0   222.9 0   269.45 0   269.29 0   283.1 0   269.25 0   269.28 0     0.0 0     0.0 0     0.0 0   -60.2 0   -60.2 0    -3.5 0    77.9 0     4.2 0   306.5 0   938.3 0
 2019   2  1  2  9 27  9.450 142.11    -2.9 0    -0.8 0     0.0 0     0.4 0   219.5 0   269.49 0   269.28 0   281.8 0   269.25 0   269.26 0     0.0 0     0.0 0     0.0 0   -62.4 0   -62.4 0    -3.6 0    78.3 0     4.3 0   308.9 0   938.3 0
 2019   2  1  2  9 28  9.467 141.96    -2.9 0    -0.8 0     0.0 0     0.4 0   218.1 0   269.52 0   269.29 0   282.1 0   269.25 0   269.27 0     0.0 0     0.0 0     0.0 0   -64.0 0   -64.0 0    -3.6 0    78.7 0     5.0 0   302.5 0   938.3 0
 2019   2  1  2  9 29  9.483 141.82    -2.9 0    -0.8 0     0.0 0     0.4 0   217.9 0   269.54 0   269.33 0   283.0 0   269.26 0   269.28 0     0.0 0     0.0 0     0.0 0   -65.0 0   -65.0 0    -3.6 0    79.0 0     5.6 0   293.1 0   938.2 0
 2019   2  1  2  9 30  9.500 141.67    -2.9 0    -0.8 0    -0.2 0     0.4 0   217.7 0   269.57 0   269.39 0   283.4 0   269.27 0   269.32 0     0.0 0     0.0 0     0.0 0   -65.7 0   -65.7 0    -3.4 0    78.9 0     5.8 0   290.5 0   938.2 0
 2019   2  1  2  9 31  9.517 141.53    -2.9 0    -0.8 0    -0.1 0     0.4 0   217.9 0   269.61 0   269.41 0   282.6 0   269.29 0   269.33 0     0.0 0     0.0 0     0.0 0   -64.7 0   -64.7 0    -3.4 0    78.3 0     5.0 0   288.5 0   938.1 0
 2019   2  1  2  9 32  9.533 141.38    -2.9 0    -0.8 0    -0.4 0     0.2 0   217.6 0   269.64 0   269.47 0   282.7 0   269.31 0   269.34 0     0.0 0     0.0 0     0.0 0   -65.1 0   -65.1 0    -3.3 0    78.2 0     4.7 0   293.7 0   938.1 0
 2019   2  1  2  9 33  9.550 141.23    -2.9 0    -0.8 0     0.0 0     0.4 0   217.1 0   269.67 0   269.44 0   281.8 0   269.32 0   269.33 0     0.0 0     0.0 0     0.0 0   -64.7 0   -64.7 0    -3.4 0    78.3 0     4.5 0   294.3 0   938.1 0
 2019   2  1  2  9 34  9.567 141.09    -2.9 0    -0.8 0     0.2 0     0.4 0   216.6 0   269.68 0   269.42 0   281.5 0   269.32 0   269.33 0     0.0 0     0.0 0     0.0 0   -64.9 0   -64.9 0    -3.4 0    78.5 0     4.5 0   287.6 0   938.0 0
 2019   2  1  2  9 35  9.583 140.94    -2.9 0    -0.8 0     0.4 0     0.4 0   216.7 0   269.69 0   269.43 0   282.5 0   269.33 0   269.36 0     0.0 0     0.0 0     0.0 0   -65.7 0   -65.7 0    -3.4 0    78.8 0     5.6 0   292.8 0   938.0 0
 2019   2  1  2  9 36  9.600 140.79    -2.8 0    -0.8 0     0.4 0     0.4 0   216.8 0   269.70 0   269.43 0   281.8 0   269.33 0   269.35 0     0.0 0     0.0 0     0.0 0   -65.0 0   -65.0 0    -3.4 0    78.2 0     4.8 0   292.3 0   938.0 0
 2019   2  1  2  9 37  9.617 140.64    -2.6 0    -0.8 0     0.3 0     0.4 0   216.7 0   269.70 0   269.44 0   281.6 0   269.34 0   269.34 0     0.0 0     0.0 0     0.0 0   -65.0 0   -65.0 0    -3.5 0    78.4 0     4.7 0   283.3 0   937.8 0
 2019   2  1  2  9 38  9.633 140.49    -2.1 0    -0.8 0     0.2 0     0.4 0   216.4 0   269.70 0   269.44 0   282.4 0   269.34 0   269.36 0     0.0 0     0.0 0     0.0 0   -66.0 0   -66.0 0    -3.5 0    79.1 0     5.8 0   287.3 0   937.8 0
 2019   2  1  2  9 39  9.650 140.34    -2.6 0    -1.0 0    -0.3 0     0.3 0   217.0 0   269.71 0   269.50 0   284.7 0   269.36 0   269.43 0     0.0 0     0.0 0     0.0 0   -67.7 0   -67.7 0    -3.3 0    78.6 0     7.6 0   282.1 0   937.8 0
 2019   2  1  2  9 40  9.667 140.19    -2.9 0    -1.6 0    -0.7 0     0.1 0   217.1 0   269.73 0   269.56 0   285.3 0   269.40 0   269.49 0     0.0 0     0.0 0     0.0 0   -68.2 0   -68.2 0    -3.1 0    78.1 0     7.9 0   283.8 0   937.8 0
 2019   2  1  2  9 41  9.683 140.04    -2.9 0    -1.6 0    -1.1 0     0.0 0   217.2 0   269.77 0   269.62 0   285.8 0   269.46 0   269.56 0     0.0 0     0.0 0     0.0 0   -68.6 0   -68.6 0    -3.0 0    77.4 0     8.4 0   282.9 0   937.8 0
 2019   2  1  2  9 42  9.700 139.89    -2.9 0    -1.6 0    -0.8 0     0.2 0   216.8 0   269.81 0   269.63 0   285.4 0   269.52 0   269.58 0     0.0 0     0.0 0     0.0 0   -68.7 0   -68.7 0    -3.0 0    77.3 0     7.4 0   286.4 0   937.8 0
 2019   2  1  2  9 43  9.717 139.74    -2.9 0    -1.6 0    -0.8 0     0.1 0   217.4 0   269.86 0   269.69 0   286.0 0   269.57 0   269.64 0     0.0 0     0.0 0     0.0 0   -68.6 0   -68.6 0    -3.0 0    77.7 0     7.9 0   286.5 0   937.8 0
 2019   2  1  2  9 44  9.733 139.59    -2.9 0    -1.6 0    -0.9 0     0.1 0   217.3 0   269.90 0   269.73 0   286.0 0   269.62 0   269.70 0     0.0 0     0.0 0     0.0 0   -68.8 0   -68.8 0    -2.8 0    77.0 0     7.8 0   288.9 0   937.8 0
 2019   2  1  2  9 45  9.750 139.44    -2.9 0    -1.6 0    -0.7 0     0.3 0   216.8 0   269.95 0   269.77 0   285.8 0   269.67 0   269.72 0     0.0 0     0.0 0     0.0 0   -68.9 0   -68.9 0    -2.9 0    77.1 0     7.5 0   284.1 0   937.8 0
 2019   2  1  2  9 46  9.767 139.29    -2.9 0    -1.6 0    -0.7 0     0.3 0   217.1 0   269.99 0   269.82 0   286.7 0   269.71 0   269.79 0     0.0 0     0.0 0     0.0 0   -69.6 0   -69.6 0    -2.8 0    77.3 0     8.8 0   284.9 0   937.8 0
 2019   2  1  2  9 47  9.783 139.13    -2.9 0    -1.6 0    -0.8 0     0.2 0   216.8 0   270.04 0   269.86 0   286.1 0   269.76 0   269.82 0     0.0 0     0.0 0     0.0 0   -69.3 0   -69.3 0    -2.8 0    76.7 0     6.8 0   289.1 0   937.8 0
 2019   2  1  2  9 48  9.800 138.98    -2.9 0    -0.8 0    -0.4 0     0.4 0   216.4 0   270.08 0   269.87 0   285.2 0   269.79 0   269.83 0     0.0 0     0.0 0     0.0 0   -68.8 0   -68.8 0    -2.9 0    77.3 0     6.1 0   298.7 0   937.9 0
 2019   2  1  2  9 49  9.817 138.83    -2.9 0    -0.8 0    -0.4 0     0.4 0   216.7 0   270.11 0   269.89 0   285.5 0   269.82 0   269.86 0     0.0 0     0.0 0     0.0 0   -68.8 0   -68.8 0    -2.9 0    77.5 0     6.6 0   300.1 0   937.8 0
 2019   2  1  2  9 50  9.833 138.68    -2.9 0    -0.8 0    -0.4 0     0.4 0   216.7 0   270.14 0   269.93 0   285.4 0   269.84 0   269.88 0     0.0 0     0.0 0     0.0 0   -68.7 0   -68.7 0    -2.9 0    77.3 0     6.8 0   299.5 0   937.8 0
 2019   2  1  2  9 51  9.850 138.52    -2.9 0    -0.8 0    -0.4 0     0.4 0   216.8 0   270.17 0   269.96 0   285.5 0   269.87 0   269.91 0     0.0 0     0.0 0     0.0 0   -68.7 0   -68.7 0    -2.9 0    77.4 0     6.4 0   305.0 0   938.0 0
 2019   2  1  2  9 52  9.867 138.37    -2.9 0    -0.8 0    -0.1 0     0.4 0   216.3 0   270.20 0   269.95 0   285.0 0   269.88 0   269.91 0     0.0 0     0.0 0     0.0 0   -68.7 0   -68.7 0    -2.9 0    77.3 0     5.9 0   307.0 0   938.0 0
 2019   2  1  2  9 53  9.883 138.22    -2.9 0    -0.8 0     0.0 0     0.4 0   216.1 0   270.22 0   269.97 0   284.7 0   269.90 0   269.92 0     0.0 0     0.0 0     0.0 0   -68.6 0   -68.6 0    -3.0 0    77.7 0     5.8 0   306.8 0   938.0 0
 2019   2  1  2  9 54  9.900 138.06    -2.9 0    -0.8 0     0.0 0     0.4 0   216.1 0   270.22 0   269.96 0   284.4 0   269.90 0   269.91 0     0.0 0     0.0 0     0.0 0   -68.3 0   -68.3 0    -3.0 0    77.8 0     5.7 0   308.4 0   938.1 0
 2019   2  1  2  9 55  9.917 137.91    -2.9 0    -0.8 0     0.0 0     0.4 0   216.3 0   270.24 0   269.97 0   284.0 0   269.89 0   269.91 0     0.0 0     0.0 0     0.0 0   -67.7 0   -67.7 0    -3.0 0    77.6 0     4.8 0   310.1 0   938.1 0
 2019   2  1  2  9 56  9.933 137.75    -2.5 0    -0.8 0     0.0 0     0.4 0   216.2 0   270.24 0   269.97 0   284.0 0   269.89 0   269.91 0     0.0 0     0.0 0     0.0 0   -67.8 0   -67.8 0    -3.0 0    77.9 0     5.1 0   309.9 0   938.1 0
 2019   2  1  2  9 57  9.950 137.60    -2.5 0    -0.7 0     0.0 0     0.4 0   216.0 0   270.24 0   269.97 0   284.0 0   269.89 0   269.91 0     0.0 0     0.0 0     0.0 0   -68.0 0   -68.0 0    -3.0 0    78.1 0     5.6 0   310.1 0   938.2 0
 2019   2  1  2  9 58  9.967 137.44    -2.8 0    -0.8 0     0.0 0     0.4 0   216.2 0   270.24 0   269.97 0   284.5 0   269.90 0   269.92 0     0.0 0     0.0 0     0.0 0   -68.3 0   -68.3 0    -3.0 0    77.9 0     5.7 0   307.4 0   938.3 0
 2019   2  1  2  9 59  9.983 137.29    -2.7 0    -0.8 0     0.0 0     0.4 0   216.1 0   270.24 0   269.97 0   283.7 0   269.92 0   269.91 0     0.0 0     0.0 0     0.0 0   -67.7 0   -67.7 0    -3.0 0    77.7 0     4.5 0   324.2 0   938.2 0
 2019   2  1  2 10  0 10.000 137.13    -2.3 0    -0.5 0     0.3 0     0.4 0   215.9 0   270.24 0   269.95 0   282.9 0   269.90 0   269.89 0     0.0 0     0.0 0     0.0 0   -67.0 0   -67.0 0    -3.1 0    77.7 0     4.0 0   325.9 0   938.2 0
 2019   2  1  2 10  1 10.017 136.98    -2.0 0     0.0 0     0.4 0     0.4 0   215.7 0   270.23 0   269.93 0   282.0 0   269.89 0   269.86 0     0.0 0     0.0 0     0.0 0   -66.3 0   -66.3 0    -3.2 0    77.7 0     3.4 0   325.3 0   938.2 0
 2019   2  1  2 10  2 10.033 136.82    -2.0 0     0.0 0     0.4 0     0.4 0   215.2 0   270.21 0   269.87 0   280.2 0   269.86 0   269.81 0     0.0 0     0.0 0     0.0 0   -64.9 0   -64.9 0    -3.3 0    78.1 0     3.3 0   329.7 0   938.2 0
 2019   2  1  2 10  3 10.050 136.66    -2.0 0     0.0 0     0.4 0     0.4 0   215.0 0   270.18 0   269.79 0   279.0 0   269.83 0   269.75 0     0.0 0     0.0 0     0.0 0   -64.0 0   -64.0 0    -3.5 0    78.7 0     3.3 0   325.3 0   938.2 0
 2019   2  1  2 10  4 10.067 136.51    -1.5 0     0.0 0     0.6 0     0.4 0   214.8 0   270.12 0   269.72 0   279.0 0   269.78 0   269.70 0     0.0 0     0.0 0     0.0 0   -64.2 0   -64.2 0    -3.6 0    79.5 0     3.2 0   323.6 0   938.2 0
 2019   2  1  2 10  5 10.083 136.35    -1.6 0     0.0 0     0.4 0     0.4 0   215.0 0   270.07 0   269.70 0   280.2 0   269.73 0   269.66 0     0.0 0     0.0 0     0.0 0   -65.2 0   -65.2 0    -3.7 0    79.9 0     3.2 0   328.0 0   938.3 0
 2019   2  1  2 10  6 10.100 136.19    -1.6 0     0.0 0     0.4 0     0.4 0   214.6 0   270.02 0   269.64 0   279.1 0   269.68 0   269.60 0     0.0 0     0.0 0     0.0 0   -64.5 0   -64.5 0    -3.8 0    79.8 0     3.2 0   331.3 0   938.3 0
 2019   2  1  2 10  7 10.117 136.03    -1.0 0     0.0 0     0.7 0     0.4 0   214.2 0   269.96 0   269.55 0   278.3 0   269.62 0   269.52 0     0.0 0     0.0 0     0.0 0   -64.0 0   -64.0 0    -4.0 0    80.5 0     3.5 0   333.0 0   938.3 0
 2019   2  1  2 10  8 10.133 135.88    -1.0 0     0.0 0     0.7 0     0.4 0   214.7 0   269.90 0   269.50 0   279.2 0   269.56 0   269.49 0     0.0 0     0.0 0     0.0 0   -64.4 0   -64.4 0    -4.0 0    81.6 0     4.1 0   327.1 0   938.4 0
 2019   2  1  2 10  9 10.150 135.72    -1.0 0     0.0 0     0.6 0     0.4 0   215.0 0   269.84 0   269.48 0   280.0 0   269.51 0   269.49 0     0.0 0     0.0 0     0.0 0   -64.9 0   -64.9 0    -3.8 0    81.6 0     4.4 0   316.4 0   938.3 0
 2019   2  1  2 10 10 10.167 135.56    -1.4 0    -0.1 0     0.4 0     0.4 0   215.5 0   269.79 0   269.46 0   280.5 0   269.49 0   269.48 0     0.0 0     0.0 0     0.0 0   -65.0 0   -65.0 0    -3.7 0    80.3 0     4.2 0   320.8 0   938.2 0
 2019   2  1  2 10 11 10.183 135.40    -1.6 0     0.0 0     0.4 0     0.4 0   215.7 0   269.76 0   269.44 0   280.2 0   269.47 0   269.42 0     0.0 0     0.0 0     0.0 0   -64.5 0   -64.5 0    -3.7 0    79.8 0     2.9 0   312.6 0   938.2 0
 2019   2  1  2 10 12 10.200 135.24    -1.6 0    -0.1 0     0.4 0     0.4 0   216.0 0   269.73 0   269.42 0   280.4 0   269.44 0   269.42 0     0.0 0     0.0 0     0.0 0   -64.3 0   -64.3 0    -3.8 0    81.5 0     4.4 0   314.7 0   938.2 0
 2019   2  1  2 10 13 10.217 135.09    -2.0 0    -0.8 0     0.1 0     0.2 0   216.7 0   269.71 0   269.47 0   282.5 0   269.43 0   269.50 0     0.0 0     0.0 0     0.0 0   -65.7 0   -65.7 0    -3.4 0    80.4 0     4.8 0   304.7 0   938.1 0
 2019   2  1  2 10 14 10.233 134.93    -2.0 0    -0.8 0     0.0 0     0.0 0   216.8 0   269.72 0   269.49 0   282.6 0   269.45 0   269.50 0     0.0 0     0.0 0     0.0 0   -65.8 0   -65.8 0    -3.3 0    79.1 0     4.6 0   317.1 0   938.2 0
 2019   2  1  2 10 15 10.250 134.77    -2.0 0    -0.3 0     0.2 0     0.3 0   216.3 0   269.73 0   269.44 0   280.0 0   269.45 0   269.42 0     0.0 0     0.0 0     0.0 0   -63.7 0   -63.7 0    -3.5 0    78.8 0     3.0 0   339.0 0   938.2 0
 2019   2  1  2 10 16 10.267 134.61    -1.3 0     0.0 0     0.4 0     0.4 0   215.7 0   269.69 0   269.36 0   278.3 0   269.43 0   269.37 0     0.0 0     0.0 0     0.0 0   -62.7 0   -62.7 0    -3.7 0    79.8 0     2.7 0   336.7 0   938.2 0
 2019   2  1  2 10 17 10.283 134.45    -1.0 0     0.0 0     0.4 0     0.4 0   215.5 0   269.66 0   269.30 0   277.4 0   269.39 0   269.31 0     0.0 0     0.0 0     0.0 0   -61.9 0   -61.9 0    -3.9 0    80.5 0     3.2 0   339.1 0   938.2 0
 2019   2  1  2 10 18 10.300 134.29    -1.0 0     0.0 0     0.7 0     0.4 0   215.5 0   269.60 0   269.21 0   276.5 0   269.34 0   269.26 0     0.0 0     0.0 0     0.0 0   -61.0 0   -61.0 0    -4.1 0    81.5 0     2.6 0   341.1 0   938.1 0
 2019   2  1  2 10 19 10.317 134.13    -1.0 0     0.0 0     0.8 0     0.4 0   215.6 0   269.54 0   269.14 0   277.1 0   269.29 0   269.21 0     0.0 0     0.0 0     0.0 0   -61.4 0   -61.4 0    -4.1 0    81.7 0     2.5 0   320.7 0   938.2 0
 2019   2  1  2 10 20 10.333 133.97    -1.0 0     0.0 0     0.7 0     0.4 0   216.0 0   269.48 0   269.13 0   277.3 0   269.24 0   269.18 0     0.0 0     0.0 0     0.0 0   -61.2 0   -61.2 0    -4.2 0    81.9 0     2.2 0   328.2 0   938.2 0
 2019   2  1  2 10 21 10.350 133.81    -1.0 0     0.0 0     0.7 0     0.4 0   215.7 0   269.43 0   269.08 0   276.6 0   269.20 0   269.15 0     0.0 0     0.0 0     0.0 0   -60.9 0   -60.9 0    -4.1 0    82.0 0     2.6 0   345.8 0   938.2 0
 2019   2  1  2 10 22 10.367 133.65    -1.0 0     0.0 0     0.7 0     0.4 0   216.1 0   269.38 0   269.03 0   276.0 0   269.17 0   269.12 0     0.0 0     0.0 0     0.0 0   -59.9 0   -59.9 0    -4.1 0    81.4 0     2.2 0   349.5 0   938.3 0
 2019   2  1  2 10 23 10.383 133.49    -1.0 0     0.0 0     0.6 0     0.4 0   215.8 0   269.33 0   268.99 0   275.9 0   269.13 0   269.09 0     0.0 0     0.0 0     0.0 0   -60.2 0   -60.2 0    -4.1 0    81.5 0     2.3 0   332.5 0   938.2 0
 2019   2  1  2 10 24 10.400 133.33    -1.0 0     0.0 0     0.5 0     0.4 0   216.0 0   269.29 0   268.98 0   276.3 0   269.10 0   269.06 0     0.0 0     0.0 0     0.0 0   -60.3 0   -60.3 0    -4.1 0    81.4 0     1.8 0   351.7 0   938.2 0
 2019   2  1  2 10 25 10.417 133.17    -1.0 0     0.0 0     0.4 0     0.4 0   215.9 0   269.25 0   268.95 0   275.9 0   269.07 0   269.02 0     0.0 0     0.0 0     0.0 0   -60.0 0   -60.0 0    -4.2 0    81.5 0     1.7 0   323.4 0   938.2 0
 2019   2  1  2 10 26 10.433 133.01    -1.0 0     0.0 0     0.4 0     0.2 0   216.3 0   269.24 0   268.96 0   275.4 0   269.03 0   268.98 0     0.0 0     0.0 0     0.0 0   -59.0 0   -59.0 0    -4.2 0    81.4 0     1.3 0   332.2 0   938.2 0
 2019   2  1  2 10 27 10.450 132.84    -1.0 0    -0.2 0     0.4 0     0.3 0   215.9 0   269.21 0   268.90 0   275.2 0   268.99 0   268.97 0     0.0 0     0.0 0     0.0 0   -59.3 0   -59.3 0    -4.2 0    82.8 0     2.4 0   359.1 0   938.2 0
 2019   2  1  2 10 28 10.467 132.68    -1.0 0    -0.5 0     0.4 0     0.4 0   216.2 0   269.18 0   268.87 0   276.4 0   268.97 0   268.95 0     0.0 0     0.0 0     0.0 0   -60.2 0   -60.2 0    -4.1 0    81.2 0     1.9 0   355.9 0   938.2 0
 2019   2  1  2 10 29 10.483 132.52    -1.0 0     0.0 0     0.4 0     0.4 0   215.9 0   269.15 0   268.83 0   276.3 0   268.94 0   268.89 0     0.0 0     0.0 0     0.0 0   -60.4 0   -60.4 0    -4.2 0    82.0 0     1.7 0   294.3 0   938.2 0
 2019   2  1  2 10 30 10.500 132.36    -1.3 0    -0.1 0     0.4 0     0.2 0   216.7 0   269.13 0   268.87 0   275.8 0   268.90 0   268.88 0     0.0 0     0.0 0     0.0 0   -59.1 0   -59.1 0    -4.2 0    82.3 0     1.0 0   344.6 0   938.2 0
 2019   2  1  2 10 31 10.517 132.20    -1.7 0    -0.6 0     0.4 0     0.0 0   216.6 0   269.11 0   268.86 0   274.5 0   268.88 0   268.86 0     0.0 0     0.0 0     0.0 0   -57.9 0   -57.9 0    -4.2 0    82.3 0     1.2 0   355.6 0   938.2 0
 2019   2  1  2 10 32 10.533 132.04    -1.5 0    -0.5 0     0.4 0     0.0 0   216.8 0   269.11 0   268.84 0   273.1 0   268.85 0   268.82 0     0.0 0     0.0 0     0.0 0   -56.3 0   -56.3 0    -4.2 0    82.0 0     1.3 0    19.5 0   938.2 0
 2019   2  1  2 10 33 10.550 131.87    -1.3 0    -0.2 0     0.4 0     0.3 0   216.4 0   269.09 0   268.81 0   272.3 0   268.82 0   268.78 0     0.0 0     0.0 0     0.0 0   -55.8 0   -55.8 0    -4.2 0    82.1 0     1.5 0     3.7 0   938.2 0
 2019   2  1  2 10 34 10.567 131.71    -1.0 0    -0.5 0     0.4 0     0.4 0   216.6 0   269.07 0   268.74 0   271.5 0   268.79 0   268.76 0     0.0 0     0.0 0     0.0 0   -54.8 0   -54.8 0    -4.2 0    82.8 0     1.5 0     9.2 0   938.2 0
 2019   2  1  2 10 35 10.583 131.55    -1.0 0    -0.8 0     0.4 0     0.4 0   216.6 0   269.03 0   268.71 0   271.3 0   268.76 0   268.74 0     0.0 0     0.0 0     0.0 0   -54.6 0   -54.6 0    -4.2 0    82.2 0     0.7 0     6.7 0   938.2 0
 2019   2  1  2 10 36 10.600 131.39    -1.0 0    -0.8 0     0.4 0     0.3 0   216.6 0   269.00 0   268.69 0   270.9 0   268.74 0   268.71 0     0.0 0     0.0 0     0.0 0   -54.3 0   -54.3 0    -4.2 0    82.4 0     0.8 0   338.4 0   938.3 0
 2019   2  1  2 10 37 10.617 131.22    -1.0 0    -0.8 0     0.4 0     0.2 0   216.8 0   268.97 0   268.66 0   270.4 0   268.71 0   268.68 0     0.0 0     0.0 0     0.0 0   -53.6 0   -53.6 0    -4.2 0    82.1 0     0.6 0   351.0 0   938.3 0
 2019   2  1  2 10 38 10.633 131.06    -1.3 0    -0.8 0     0.4 0     0.0 0   216.9 0   268.94 0   268.68 0   270.7 0   268.68 0   268.65 0     0.0 0     0.0 0     0.0 0   -53.8 0   -53.8 0    -4.2 0    82.5 0     0.9 0     7.7 0   938.3 0
 2019   2  1  2 10 39 10.650 130.90    -1.8 0    -0.8 0     0.4 0     0.0 0   217.8 0   268.94 0   268.68 0   271.1 0   268.65 0   268.64 0     0.0 0     0.0 0     0.0 0   -53.3 0   -53.3 0    -4.2 0    82.8 0     1.0 0   334.4 0   938.3 0
 2019   2  1  2 10 40 10.667 130.74    -2.0 0    -0.8 0     0.4 0     0.0 0   218.9 0   268.94 0   268.69 0   271.4 0   268.63 0   268.61 0     0.0 0     0.0 0     0.0 0   -52.5 0   -52.5 0    -4.2 0    82.8 0     1.0 0   327.0 0   938.3 0
 2019   2  1  2 10 41 10.683 130.57    -2.0 0    -0.8 0     0.4 0     0.0 0   220.0 0   268.94 0   268.70 0   272.6 0   268.61 0   268.63 0     0.0 0     0.0 0     0.0 0   -52.6 0   -52.6 0    -4.0 0    83.5 0     1.1 0   340.2 0   938.3 0
 2019   2  1  2 10 42 10.700 130.41    -2.0 0    -0.8 0     0.4 0     0.0 0   219.2 0   268.94 0   268.70 0   272.0 0   268.59 0   268.62 0     0.0 0     0.0 0     0.0 0   -52.7 0   -52.7 0    -3.9 0    81.9 0     1.4 0   350.1 0   938.3 0
 2019   2  1  2 10 43 10.717 130.25    -1.9 0    -0.8 0     0.4 0     0.3 0   219.1 0   268.92 0   268.65 0   273.7 0   268.59 0   268.62 0     0.0 0     0.0 0     0.0 0   -54.7 0   -54.7 0    -3.9 0    81.7 0     2.2 0   322.5 0   938.3 0
 2019   2  1  2 10 44 10.733 130.08    -1.9 0    -0.8 0     0.1 0     0.1 0   220.1 0   268.91 0   268.73 0   276.1 0   268.59 0   268.68 0     0.0 0     0.0 0     0.0 0   -55.9 0   -55.9 0    -3.7 0    82.1 0     3.2 0   311.7 0   938.3 0
 2019   2  1  2 10 45 10.750 129.92    -2.0 0    -1.1 0     0.0 0     0.0 0   220.4 0   268.93 0   268.75 0   278.2 0   268.62 0   268.74 0     0.0 0     0.0 0     0.0 0   -57.8 0   -57.8 0    -3.5 0    81.4 0     3.9 0   315.5 0   938.3 0
 2019   2  1  2 10 46 10.767 129.76    -2.3 0    -1.9 0    -0.5 0    -0.1 0   222.5 0   268.96 0   268.91 0   282.3 0   268.67 0   268.90 0     0.0 0     0.0 0     0.0 0   -59.8 0   -59.8 0    -3.2 0    80.9 0     5.2 0   291.1 0   938.2 0
 2019   2  1  2 10 47 10.783 129.59    -2.9 0    -2.9 0    -1.6 0    -0.4 0   222.9 0   269.06 0   269.15 0   285.3 0   268.79 0   269.12 0     0.0 0     0.0 0     0.0 0   -62.4 0   -62.4 0    -2.6 0    78.2 0     6.5 0   293.5 0   938.3 0
 2019   2  1  2 10 48 10.800 129.43    -2.9 0    -3.2 0    -1.7 0    -0.4 0   222.3 0   269.18 0   269.22 0   285.7 0   268.95 0   269.22 0     0.0 0     0.0 0     0.0 0   -63.4 0   -63.4 0    -2.4 0    76.6 0     6.8 0   286.1 0   938.2 0
 2019   2  1  2 10 49 10.817 129.26    -3.0 0    -3.2 0    -1.8 0    -0.4 0   222.3 0   269.30 0   269.34 0   285.9 0   269.10 0   269.32 0     0.0 0     0.0 0     0.0 0   -63.6 0   -63.6 0    -2.3 0    76.3 0     5.9 0   283.7 0   938.2 0
 2019   2  1  2 10 50 10.833 129.10    -3.3 0    -2.8 0    -1.6 0    -0.1 0   221.7 0   269.41 0   269.42 0   285.7 0   269.23 0   269.41 0     0.0 0     0.0 0     0.0 0   -64.0 0   -64.0 0    -2.3 0    76.1 0     5.7 0   287.1 0   938.2 0
 2019   2  1  2 10 51 10.850 128.93    -3.6 0    -2.4 0    -1.3 0     0.0 0   221.4 0   269.52 0   269.50 0   286.4 0   269.35 0   269.52 0     0.0 0     0.0 0     0.0 0   -65.0 0   -65.0 0    -2.3 0    76.3 0     6.3 0   281.9 0   938.2 0
 2019   2  1  2 10 52 10.867 128.77    -3.6 0    -2.4 0    -1.1 0     0.0 0   221.2 0   269.62 0   269.57 0   285.5 0   269.45 0   269.58 0     0.0 0     0.0 0     0.0 0   -64.3 0   -64.3 0    -2.4 0    76.4 0     5.3 0   283.4 0   938.2 0
 2019   2  1  2 10 53 10.883 128.61    -3.8 0    -1.9 0    -1.1 0     0.0 0   221.7 0   269.71 0   269.66 0   286.0 0   269.54 0   269.65 0     0.0 0     0.0 0     0.0 0   -64.3 0   -64.3 0    -2.4 0    76.7 0     5.4 0   277.7 0   938.2 0
 2019   2  1  2 10 54 10.900 128.44    -3.9 0    -1.6 0    -0.9 0     0.0 0   221.4 0   269.80 0   269.73 0   286.5 0   269.61 0   269.74 0     0.0 0     0.0 0     0.0 0   -65.1 0   -65.1 0    -2.3 0    76.6 0     6.3 0   278.1 0   938.2 0
 2019   2  1  2 10 55 10.917 128.28    -3.9 0    -1.6 0    -0.9 0     0.0 0   221.6 0   269.89 0   269.81 0   286.1 0   269.70 0   269.81 0     0.0 0     0.0 0     0.0 0   -64.6 0   -64.6 0    -2.4 0    76.6 0     5.3 0   289.0 0   938.2 0
 2019   2  1  2 10 56 10.933 128.11    -3.8 0    -1.6 0    -0.9 0     0.0 0   221.4 0   269.97 0   269.89 0   285.6 0   269.76 0   269.85 0     0.0 0     0.0 0     0.0 0   -64.2 0   -64.2 0    -2.4 0    76.9 0     4.5 0   284.6 0   938.2 0
 2019   2  1  2 10 57 10.950 127.95    -3.7 0    -1.6 0    -0.6 0     0.0 0   221.3 0   270.05 0   269.95 0   285.6 0   269.81 0   269.91 0     0.0 0     0.0 0     0.0 0   -64.2 0   -64.2 0    -2.4 0    77.0 0     4.9 0   291.5 0   938.2 0
 2019   2  1  2 10 58 10.967 127.78    -3.5 0    -1.2 0    -0.4 0     0.0 0   220.9 0   270.12 0   269.98 0   285.2 0   269.87 0   269.93 0     0.0 0     0.0 0     0.0 0   -64.3 0   -64.3 0    -2.4 0    76.8 0     3.5 0   297.5 0   938.2 0
 2019   2  1  2 10 59 10.983 127.62    -3.0 0    -0.8 0    -0.2 0     0.2 0   220.9 0   270.18 0   270.02 0   283.8 0   269.89 0   269.93 0     0.0 0     0.0 0     0.0 0   -62.9 0   -62.9 0    -2.5 0    77.6 0     3.8 0   291.7 0   938.3 0
 2019   2  1  2 11  0 11.000 127.45    -3.0 0    -0.8 0    -0.3 0     0.1 0   221.0 0   270.24 0   270.08 0   284.4 0   269.92 0   269.98 0     0.0 0     0.0 0     0.0 0   -63.4 0   -63.4 0    -2.5 0    77.7 0     3.9 0   293.7 0   938.2 0
 2019   2  1  2 11  1 11.017 127.29    -3.0 0    -0.8 0    -0.4 0     0.1 0   220.8 0   270.29 0   270.13 0   284.6 0   269.94 0   270.01 0     0.0 0     0.0 0     0.0 0   -63.7 0   -63.7 0    -2.5 0    77.9 0     4.5 0   296.0 0   938.2 0
 2019   2  1  2 11  2 11.033 127.12    -2.9 0    -0.8 0    -0.4 0     0.2 0   221.0 0   270.34 0   270.15 0   284.7 0   269.98 0   270.04 0     0.0 0     0.0 0     0.0 0   -63.7 0   -63.7 0    -2.5 0    78.1 0     4.4 0   292.7 0   938.2 0
 2019   2  1  2 11  3 11.050 126.96    -2.9 0    -0.8 0    -0.2 0     0.2 0   220.8 0   270.38 0   270.20 0   284.0 0   270.00 0   270.06 0     0.0 0     0.0 0     0.0 0   -63.2 0   -63.2 0    -2.4 0    77.9 0     3.6 0   296.3 0   938.2 0
 2019   2  1  2 11  4 11.067 126.79    -2.9 0    -0.8 0    -0.1 0     0.2 0   220.7 0   270.42 0   270.22 0   284.3 0   270.03 0   270.08 0     0.0 0     0.0 0     0.0 0   -63.6 0   -63.6 0    -2.5 0    78.3 0     4.2 0   298.6 0   938.2 0
 2019   2  1  2 11  5 11.083 126.63    -2.9 0    -0.8 0    -0.1 0     0.3 0   220.8 0   270.46 0   270.26 0   284.9 0   270.05 0   270.12 0     0.0 0     0.0 0     0.0 0   -64.0 0   -64.0 0    -2.4 0    78.4 0     4.3 0   301.6 0   938.2 0
 2019   2  1  2 11  6 11.100 126.46    -2.9 0    -0.8 0    -0.1 0     0.3 0   220.5 0   270.48 0   270.28 0   284.1 0   270.08 0   270.11 0     0.0 0     0.0 0     0.0 0   -63.7 0   -63.7 0    -2.5 0    78.6 0     3.5 0   293.6 0   938.2 0
 2019   2  1  2 11  7 11.117 126.30    -2.9 0    -0.8 0     0.0 0     0.4 0   220.6 0   270.51 0   270.30 0   284.0 0   270.08 0   270.12 0     0.0 0     0.0 0     0.0 0   -63.4 0   -63.4 0    -2.5 0    79.1 0     3.6 0   300.3 0   938.2 0
 2019   2  1  2 11  8 11.133 126.13    -2.9 0    -0.8 0     0.0 0     0.3 0   220.4 0   270.54 0   270.30 0   284.1 0   270.10 0   270.12 0     0.0 0     0.0 0     0.0 0   -63.6 0   -63.6 0    -2.5 0    79.2 0     4.1 0   309.5 0   938.2 0
 2019   2  1  2 11  9 11.150 125.97    -2.9 0    -0.7 0     0.0 0     0.4 0   220.4 0   270.55 0   270.31 0   282.9 0   270.10 0   270.10 0     0.0 0     0.0 0     0.0 0   -62.6 0   -62.6 0    -2.6 0    78.8 0     2.4 0   320.8 0   938.2 0
 2019   2  1  2 11 10 11.167 125.80    -2.8 0     0.0 0     0.2 0     0.4 0   220.1 0   270.57 0   270.28 0   281.8 0   270.10 0   270.06 0     0.0 0     0.0 0     0.0 0   -61.7 0   -61.7 0    -2.8 0    79.0 0     3.1 0   335.9 0   938.2 0
 2019   2  1  2 11 11 11.183 125.63    -2.0 0     0.0 0     0.4 0     0.4 0   219.7 0   270.55 0   270.23 0   281.1 0   270.08 0   270.03 0     0.0 0     0.0 0     0.0 0   -61.3 0   -61.3 0    -3.0 0    79.8 0     2.2 0   353.5 0   938.3 0
 2019   2  1  2 11 12 11.200 125.47    -2.0 0     0.0 0     0.4 0     0.4 0   220.0 0   270.52 0   270.21 0   279.9 0   270.05 0   270.02 0     0.0 0     0.0 0     0.0 0   -59.9 0   -59.9 0    -3.0 0    79.6 0     1.2 0     7.1 0   938.2 0
 2019   2  1  2 11 13 11.217 125.30    -2.0 0     0.0 0     0.4 0     0.4 0   220.1 0   270.50 0   270.22 0   280.6 0   270.03 0   270.00 0     0.0 0     0.0 0     0.0 0   -60.4 0   -60.4 0    -3.0 0    81.2 0     1.6 0   339.9 0   938.3 0
 2019   2  1  2 11 14 11.233 125.14    -2.0 0    -0.6 0     0.4 0     0.4 0   220.3 0   270.48 0   270.20 0   281.7 0   270.01 0   270.01 0     0.0 0     0.0 0     0.0 0   -61.4 0   -61.4 0    -3.0 0    82.0 0     2.1 0   311.4 0   938.3 0
 2019   2  1  2 11 15 11.250 124.97    -2.0 0    -0.8 0     0.4 0     0.4 0   220.1 0   270.47 0   270.18 0   279.5 0   269.99 0   269.98 0     0.0 0     0.0 0     0.0 0   -59.4 0   -59.4 0    -2.9 0    81.0 0     1.1 0    11.0 0   938.2 0
 2019   2  1  2 11 16 11.267 124.81    -2.0 0    -0.5 0     0.4 0     0.4 0   219.9 0   270.46 0   270.14 0   278.1 0   269.98 0   269.95 0     0.0 0     0.0 0     0.0 0   -58.2 0   -58.2 0    -2.9 0    80.2 0     0.6 0    50.0 0   938.2 0
 2019   2  1  2 11 17 11.283 124.64    -1.5 0     0.0 0     0.4 0     0.4 0   219.8 0   270.42 0   270.07 0   277.9 0   269.95 0   269.90 0     0.0 0     0.0 0     0.0 0   -58.1 0   -58.1 0    -3.0 0    79.9 0     1.3 0    56.8 0   938.3 0
 2019   2  1  2 11 18 11.300 124.47    -1.1 0     0.0 0     0.7 0     0.4 0   219.6 0   270.38 0   270.01 0   277.1 0   269.92 0   269.88 0     0.0 0     0.0 0     0.0 0   -57.6 0   -57.6 0    -3.1 0    80.6 0     0.9 0    33.0 0   938.3 0
 2019   2  1  2 11 19 11.317 124.31    -1.0 0    -0.1 0     0.8 0     0.4 0   219.7 0   270.32 0   269.97 0   275.9 0   269.88 0   269.84 0     0.0 0     0.0 0     0.0 0   -56.2 0   -56.2 0    -3.1 0    80.5 0     0.8 0    41.2 0   938.3 0
 2019   2  1  2 11 20 11.333 124.14    -1.0 0    -0.6 0     0.4 0     0.4 0   220.2 0   270.28 0   269.95 0   274.6 0   269.85 0   269.80 0     0.0 0     0.0 0     0.0 0   -54.4 0   -54.4 0    -3.2 0    80.7 0     0.8 0    58.3 0   938.3 0
 2019   2  1  2 11 21 11.350 123.97    -1.0 0    -0.8 0     0.4 0     0.2 0   220.1 0   270.24 0   269.90 0   273.7 0   269.82 0   269.77 0     0.0 0     0.0 0     0.0 0   -53.5 0   -53.5 0    -3.2 0    80.8 0     1.0 0    50.9 0   938.3 0
 2019   2  1  2 11 22 11.367 123.81    -1.0 0    -0.8 0     0.4 0     0.3 0   220.6 0   270.19 0   269.84 0   273.1 0   269.78 0   269.74 0     0.0 0     0.0 0     0.0 0   -52.5 0   -52.5 0    -3.2 0    81.0 0     1.1 0    24.2 0   938.2 0
 2019   2  1  2 11 23 11.383 123.64    -1.0 0    -0.8 0     0.4 0     0.2 0   220.7 0   270.15 0   269.82 0   273.1 0   269.75 0   269.70 0     0.0 0     0.0 0     0.0 0   -52.4 0   -52.4 0    -3.2 0    81.0 0     1.2 0    52.2 0   938.2 0
 2019   2  1  2 11 24 11.400 123.48    -1.0 0    -0.8 0     0.4 0     0.4 0   220.7 0   270.10 0   269.73 0   273.0 0   269.72 0   269.68 0     0.0 0     0.0 0     0.0 0   -52.2 0   -52.2 0    -3.2 0    81.4 0     1.1 0    12.4 0   938.3 0
 2019   2  1  2 11 25 11.417 123.31    -1.0 0    -0.8 0     0.4 0     0.4 0   221.3 0   270.04 0   269.65 0   272.5 0   269.69 0   269.65 0     0.0 0     0.0 0     0.0 0   -51.2 0   -51.2 0    -3.2 0    81.3 0     0.1 0    59.8 0   938.2 0
 2019   2  1  2 11 26 11.433 123.14    -1.0 0    -0.8 0     0.4 0     0.3 0   222.5 0   269.97 0   269.62 0   272.3 0   269.66 0   269.63 0     0.0 0     0.0 0     0.0 0   -49.9 0   -49.9 0    -3.2 0    81.6 0     0.0 0   327.5 0   938.2 0
 2019   2  1  2 11 27 11.450 122.98    -1.0 0    -0.8 0     0.4 0     0.4 0   223.8 0   269.92 0   269.56 0   272.8 0   269.63 0   269.61 0     0.0 0     0.0 0     0.0 0   -49.0 0   -49.0 0    -3.2 0    82.4 0     0.4 0    15.6 0   938.2 0
 2019   2  1  2 11 28 11.467 122.81    -1.0 0    -0.8 0     0.4 0     0.4 0   225.6 0   269.87 0   269.53 0   273.5 0   269.61 0   269.60 0     0.0 0     0.0 0     0.0 0   -47.9 0   -47.9 0    -3.2 0    83.0 0     0.7 0    15.6 0   938.2 0
 2019   2  1  2 11 29 11.483 122.65    -1.0 0    -0.8 0     0.4 0     0.2 0   227.4 0   269.82 0   269.50 0   273.5 0   269.59 0   269.56 0     0.0 0     0.0 0     0.0 0   -46.1 0   -46.1 0    -3.2 0    82.5 0     1.1 0     3.1 0   938.3 0
 2019   2  1  2 11 30 11.500 122.48    -1.0 0    -0.8 0     0.4 0     0.0 0   228.8 0   269.78 0   269.51 0   273.9 0   269.55 0   269.54 0     0.0 0     0.0 0     0.0 0   -45.1 0   -45.1 0    -3.1 0    82.8 0     1.5 0     3.4 0   938.3 0
 2019   2  1  2 11 31 11.517 122.31    -1.1 0    -0.8 0     0.4 0     0.0 0   229.6 0   269.76 0   269.53 0   275.4 0   269.54 0   269.56 0     0.0 0     0.0 0     0.0 0   -45.8 0   -45.8 0    -3.1 0    83.8 0     2.1 0   352.3 0   938.2 0
 2019   2  1  2 11 32 11.533 122.15    -1.8 0    -0.8 0     0.3 0     0.0 0   229.0 0   269.76 0   269.57 0   277.6 0   269.54 0   269.59 0     0.0 0     0.0 0     0.0 0   -48.6 0   -48.6 0    -2.9 0    84.0 0     2.6 0   322.3 0   938.2 0
 2019   2  1  2 11 33 11.550 121.98    -1.6 0    -0.8 0     0.2 0     0.0 0   227.6 0   269.76 0   269.56 0   277.7 0   269.54 0   269.58 0     0.0 0     0.0 0     0.0 0   -50.1 0   -50.1 0    -2.9 0    82.7 0     1.7 0   318.8 0   938.3 0
 2019   2  1  2 11 34 11.567 121.82    -1.9 0    -0.8 0     0.0 0     0.0 0   226.0 0   269.77 0   269.56 0   277.8 0   269.54 0   269.57 0     0.0 0     0.0 0     0.0 0   -51.8 0   -51.8 0    -2.9 0    82.9 0     2.0 0   307.3 0   938.2 0
 2019   2  1  2 11 35 11.583 121.65    -1.9 0    -0.8 0    -0.2 0     0.0 0   225.7 0   269.79 0   269.63 0   281.3 0   269.54 0   269.60 0     0.0 0     0.0 0     0.0 0   -55.6 0   -55.6 0    -2.9 0    85.1 0     3.6 0   295.1 0   938.2 0
 2019   2  1  2 11 36 11.600 121.48    -2.0 0    -1.2 0    -0.2 0     0.0 0   225.9 0   269.81 0   269.67 0   283.2 0   269.57 0   269.67 0     0.0 0     0.0 0     0.0 0   -57.3 0   -57.3 0    -2.7 0    85.8 0     4.6 0   280.2 0   938.1 0
 2019   2  1  2 11 37 11.617 121.32    -2.3 0    -1.6 0    -0.9 0     0.0 0   226.3 0   269.86 0   269.78 0   284.0 0   269.62 0   269.75 0     0.0 0     0.0 0     0.0 0   -57.6 0   -57.6 0    -2.5 0    84.1 0     4.3 0   300.5 0   938.1 0
 2019   2  1  2 11 38 11.633 121.15    -2.7 0    -1.6 0    -0.6 0     0.0 0   227.0 0   269.92 0   269.81 0   285.1 0   269.68 0   269.81 0     0.0 0     0.0 0     0.0 0   -58.1 0   -58.1 0    -2.4 0    83.8 0     4.5 0   286.9 0   938.1 0
 2019   2  1  2 11 39 11.650 120.98    -2.9 0    -1.6 0    -0.4 0     0.0 0   227.8 0   269.97 0   269.86 0   284.8 0   269.74 0   269.86 0     0.0 0     0.0 0     0.0 0   -57.0 0   -57.0 0    -2.3 0    84.2 0     4.9 0   293.3 0   938.1 0
 2019   2  1  2 11 40 11.667 120.82    -2.9 0    -1.6 0    -0.5 0     0.0 0   229.2 0   270.03 0   269.94 0   286.6 0   269.81 0   269.96 0     0.0 0     0.0 0     0.0 0   -57.4 0   -57.4 0    -2.2 0    83.7 0     5.9 0   292.7 0   938.1 0
 2019   2  1  2 11 41 11.683 120.65    -2.9 0    -1.6 0    -0.9 0     0.0 0   229.6 0   270.10 0   270.06 0   287.6 0   269.89 0   270.02 0     0.0 0     0.0 0     0.0 0   -57.9 0   -57.9 0    -2.0 0    82.8 0     5.1 0   286.0 0   938.1 0
 2019   2  1  2 11 42 11.700 120.48    -2.9 0    -1.6 0    -0.9 0     0.0 0   228.2 0   270.18 0   270.12 0   286.7 0   269.96 0   270.04 0     0.0 0     0.0 0     0.0 0   -58.5 0   -58.5 0    -2.0 0    82.1 0     4.3 0   285.5 0   938.1 0
 2019   2  1  2 11 43 11.717 120.32    -2.9 0    -1.6 0    -0.6 0     0.0 0   227.7 0   270.25 0   270.15 0   285.6 0   270.02 0   270.07 0     0.0 0     0.0 0     0.0 0   -58.0 0   -58.0 0    -2.1 0    82.5 0     4.8 0   282.3 0   938.1 0
 2019   2  1  2 11 44 11.733 120.15    -2.9 0    -1.6 0    -0.6 0     0.0 0   227.9 0   270.32 0   270.24 0   287.8 0   270.07 0   270.20 0     0.0 0     0.0 0     0.0 0   -59.9 0   -59.9 0    -2.1 0    82.2 0     6.2 0   282.6 0   938.0 0
 2019   2  1  2 11 45 11.750 119.99    -2.9 0    -1.6 0    -1.1 0     0.0 0   228.0 0   270.40 0   270.36 0   287.7 0   270.15 0   270.24 0     0.0 0     0.0 0     0.0 0   -59.7 0   -59.7 0    -2.0 0    81.4 0     5.1 0   282.0 0   938.0 0
 2019   2  1  2 11 46 11.767 119.82    -2.9 0    -1.6 0    -0.6 0     0.1 0   227.4 0   270.48 0   270.36 0   287.4 0   270.20 0   270.27 0     0.0 0     0.0 0     0.0 0   -60.0 0   -60.0 0    -2.1 0    81.8 0     5.7 0   286.3 0   938.0 0
 2019   2  1  2 11 47 11.783 119.65    -2.9 0    -1.6 0    -0.4 0     0.3 0   227.8 0   270.54 0   270.40 0   288.7 0   270.26 0   270.37 0     0.0 0     0.0 0     0.0 0   -60.9 0   -60.9 0    -1.9 0    80.9 0     6.9 0   286.0 0   938.0 0
 2019   2  1  2 11 48 11.800 119.49    -2.9 0    -1.6 0    -0.6 0     0.1 0   228.4 0   270.59 0   270.49 0   288.9 0   270.33 0   270.45 0     0.0 0     0.0 0     0.0 0   -60.5 0   -60.5 0    -1.8 0    80.3 0     6.2 0   287.7 0   937.9 0
 2019   2  1  2 11 49 11.817 119.32    -2.9 0    -1.6 0    -0.5 0     0.0 0   228.6 0   270.66 0   270.53 0   288.7 0   270.40 0   270.50 0     0.0 0     0.0 0     0.0 0   -60.1 0   -60.1 0    -1.8 0    79.9 0     6.3 0   289.5 0   937.8 0
 2019   2  1  2 11 50 11.833 119.15    -2.9 0    -1.6 0    -0.4 0     0.2 0   228.9 0   270.71 0   270.58 0   288.7 0   270.46 0   270.55 0     0.0 0     0.0 0     0.0 0   -59.7 0   -59.7 0    -1.8 0    80.1 0     6.6 0   284.6 0   937.8 0
 2019   2  1  2 11 51 11.850 118.99    -2.9 0    -1.6 0    -0.6 0     0.1 0   229.0 0   270.77 0   270.66 0   289.9 0   270.52 0   270.61 0     0.0 0     0.0 0     0.0 0   -60.9 0   -60.9 0    -1.8 0    80.2 0     7.5 0   276.5 0   937.8 0
 2019   2  1  2 11 52 11.867 118.82    -2.9 0    -1.6 0    -0.9 0     0.0 0   228.8 0   270.84 0   270.74 0   290.2 0   270.59 0   270.68 0     0.0 0     0.0 0     0.0 0   -61.4 0   -61.4 0    -1.7 0    79.4 0     6.6 0   279.2 0   937.8 0
 2019   2  1  2 11 53 11.883 118.66    -2.9 0    -1.6 0    -0.8 0     0.0 0   229.1 0   270.90 0   270.79 0   290.0 0   270.65 0   270.74 0     0.0 0     0.0 0     0.0 0   -60.9 0   -60.9 0    -1.6 0    79.2 0     6.6 0   279.1 0   937.8 0
 2019   2  1  2 11 54 11.900 118.49    -2.9 0    -1.6 0    -0.6 0     0.1 0   229.0 0   270.96 0   270.83 0   289.6 0   270.71 0   270.78 0     0.0 0     0.0 0     0.0 0   -60.6 0   -60.6 0    -1.6 0    79.1 0     6.7 0   279.4 0   937.9 0
 2019   2  1  2 11 55 11.917 118.33    -2.9 0    -1.6 0    -0.5 0     0.1 0   229.5 0   271.02 0   270.89 0   290.6 0   270.77 0   270.85 0     0.0 0     0.0 0     0.0 0   -61.1 0   -61.1 0    -1.6 0    79.2 0     7.7 0   279.4 0   937.9 0
 2019   2  1  2 11 56 11.933 118.16    -3.0 0    -1.6 0    -1.1 0     0.0 0   229.9 0   271.08 0   271.00 0   291.0 0   270.83 0   270.91 0     0.0 0     0.0 0     0.0 0   -61.1 0   -61.1 0    -1.5 0    78.8 0     6.6 0   282.7 0   938.0 0
 2019   2  1  2 11 57 11.950 117.99    -2.9 0    -1.6 0    -0.5 0     0.1 0   230.6 0   271.14 0   271.00 0   290.0 0   270.88 0   270.95 0     0.0 0     0.0 0     0.0 0   -59.4 0   -59.4 0    -1.6 0    79.4 0     6.4 0   300.6 0   938.0 0
 2019   2  1  2 11 58 11.967 117.83    -2.9 0    -1.6 0    -0.3 0     0.3 0   233.3 0   271.19 0   271.03 0   290.5 0   270.92 0   271.01 0     0.0 0     0.0 0     0.0 0   -57.2 0   -57.2 0    -1.5 0    79.2 0     6.5 0   297.6 0   938.0 0
 2019   2  1  2 11 59 11.983 117.66    -2.9 0    -1.6 0    -0.2 0     0.3 0   239.3 0   271.23 0   271.09 0   290.9 0   270.97 0   271.05 0     0.0 0     0.0 0     0.0 0   -51.6 0   -51.6 0    -1.5 0    79.3 0     6.6 0   296.2 0   938.1 0
 2019   2  1  2 12  0 12.000 117.50    -2.9 0    -0.9 0    -0.1 0     0.1 0   250.4 0   271.27 0   271.14 0   290.9 0   271.01 0   271.07 0     0.0 0     0.0 0     0.0 0   -40.5 0   -40.5 0    -1.6 0    79.3 0     4.5 0   299.0 0   938.0 0
 2019   2  1  2 12  1 12.017 117.33    -2.9 0    -0.8 0     0.0 0     0.1 0   261.4 0   271.31 0   271.17 0   291.5 0   271.05 0   271.08 0     0.0 0     0.0 0     0.0 0   -30.1 0   -30.1 0    -1.6 0    79.4 0     4.4 0   295.4 0   938.0 0
 2019   2  1  2 12  2 12.033 117.16    -2.9 0    -0.8 0    -0.3 0     0.0 0   265.3 0   271.35 0   271.23 0   292.7 0   271.07 0   271.11 0     0.0 0     0.0 0     0.0 0   -27.4 0   -27.4 0    -1.6 0    79.9 0     4.6 0   308.2 0   938.0 0
 2019   2  1  2 12  3 12.050 117.00    -2.9 0    -0.8 0    -0.3 0     0.0 0   265.6 0   271.38 0   271.27 0   292.9 0   271.09 0   271.12 0     0.0 0     0.0 0     0.0 0   -27.3 0   -27.3 0    -1.7 0    79.8 0     4.3 0   305.6 0   938.0 0
 2019   2  1  2 12  4 12.067 116.83    -2.9 0    -0.8 0    -0.7 0     0.0 0   267.2 0   271.42 0   271.36 0   293.9 0   271.12 0   271.18 0     0.0 0     0.0 0     0.0 0   -26.6 0   -26.6 0    -1.6 0    80.3 0     6.6 0   294.3 0   937.9 0
 2019   2  1  2 12  5 12.083 116.67    -2.9 0    -1.6 0    -0.9 0     0.0 0   266.8 0   271.47 0   271.43 0   295.1 0   271.16 0   271.24 0     0.0 0     0.0 0     0.0 0   -28.3 0   -28.3 0    -1.5 0    79.9 0     8.4 0   282.1 0   937.8 0
 2019   2  1  2 12  6 12.100 116.50    -2.9 0    -1.4 0    -0.9 0     0.0 0   264.4 0   271.53 0   271.46 0   294.6 0   271.20 0   271.26 0     0.0 0     0.0 0     0.0 0   -30.2 0   -30.2 0    -1.5 0    79.6 0     7.7 0   284.7 0   937.8 0
 2019   2  1  2 12  7 12.117 116.34    -2.9 0    -1.4 0    -0.6 0     0.0 0   262.9 0   271.57 0   271.48 0   295.5 0   271.24 0   271.32 0     0.0 0     0.0 0     0.0 0   -32.5 0   -32.5 0    -1.4 0    80.2 0     9.8 0   285.7 0   937.8 0
 2019   2  1  2 12  8 12.133 116.17    -2.9 0    -1.4 0    -0.8 0     0.0 0   261.5 0   271.63 0   271.54 0   294.8 0   271.29 0   271.34 0     0.0 0     0.0 0     0.0 0   -33.3 0   -33.3 0    -1.4 0    79.7 0     7.5 0   284.0 0   937.8 0
 2019   2  1  2 12  9 12.150 116.01    -2.9 0    -1.2 0    -0.5 0     0.2 0   255.9 0   271.67 0   271.55 0   295.6 0   271.33 0   271.41 0     0.0 0     0.0 0     0.0 0   -39.7 0   -39.7 0    -1.4 0    80.6 0     8.7 0   288.4 0   937.7 0
 2019   2  1  2 12 10 12.167 115.84    -2.9 0    -1.6 0    -0.6 0     0.1 0   248.2 0   271.72 0   271.61 0   295.2 0   271.38 0   271.46 0     0.0 0     0.0 0     0.0 0   -47.0 0   -47.0 0    -1.3 0    79.6 0     8.7 0   283.7 0   937.7 0
 2019   2  1  2 12 11 12.183 115.67    -2.9 0    -1.5 0    -0.5 0     0.2 0   241.6 0   271.77 0   271.63 0   294.7 0   271.43 0   271.49 0     0.0 0     0.0 0     0.0 0   -53.1 0   -53.1 0    -1.3 0    79.7 0     9.3 0   281.9 0   937.7 0
 2019   2  1  2 12 12 12.200 115.51    -2.9 0    -1.6 0    -0.6 0     0.3 0   237.4 0   271.81 0   271.66 0   294.8 0   271.47 0   271.52 0     0.0 0     0.0 0     0.0 0   -57.4 0   -57.4 0    -1.2 0    79.4 0     8.7 0   285.2 0   937.7 0
 2019   2  1  2 12 13 12.217 115.34    -2.9 0    -0.8 0    -0.4 0     0.4 0   235.0 0   271.85 0   271.67 0   294.0 0   271.50 0   271.54 0     0.0 0     0.0 0     0.0 0   -59.0 0   -59.0 0    -1.2 0    79.6 0     8.3 0   283.7 0   937.6 0
 2019   2  1  2 12 14 12.233 115.18    -2.9 0    -0.8 0    -0.3 0     0.4 0   233.2 0   271.89 0   271.69 0   293.7 0   271.53 0   271.55 0     0.0 0     0.0 0     0.0 0   -60.4 0   -60.4 0    -1.3 0    79.8 0     8.6 0   280.5 0   937.6 0
 2019   2  1  2 12 15 12.250 115.01    -2.9 0    -0.8 0    -0.4 0     0.4 0   232.1 0   271.91 0   271.73 0   294.6 0   271.55 0   271.59 0     0.0 0     0.0 0     0.0 0   -62.5 0   -62.5 0    -1.3 0    80.1 0     9.4 0   285.4 0   937.6 0
 2019   2  1  2 12 16 12.267 114.85    -2.9 0    -0.8 0     0.0 0     0.4 0   231.1 0   271.95 0   271.72 0   293.7 0   271.57 0   271.60 0     0.0 0     0.0 0     0.0 0   -62.5 0   -62.5 0    -1.3 0    79.6 0     8.3 0   277.4 0   937.6 0
 2019   2  1  2 12 17 12.283 114.68    -2.9 0    -0.8 0     0.2 0     0.4 0   230.3 0   271.96 0   271.73 0   293.5 0   271.59 0   271.60 0     0.0 0     0.0 0     0.0 0   -63.2 0   -63.2 0    -1.3 0    80.3 0     8.5 0   274.9 0   937.6 0
 2019   2  1  2 12 18 12.300 114.52    -2.9 0    -0.8 0     0.0 0     0.4 0   230.1 0   271.98 0   271.75 0   294.1 0   271.61 0   271.63 0     0.0 0     0.0 0     0.0 0   -64.0 0   -64.0 0    -1.3 0    79.9 0     9.1 0   279.6 0   937.8 0
 2019   2  1  2 12 19 12.317 114.35    -2.9 0    -0.8 0     0.0 0     0.4 0   229.6 0   272.00 0   271.76 0   293.3 0   271.61 0   271.61 0     0.0 0     0.0 0     0.0 0   -63.7 0   -63.7 0    -1.3 0    80.1 0     8.6 0   282.6 0   937.9 0
 2019   2  1  2 12 20 12.333 114.19    -2.8 0    -0.7 0     0.4 0     0.4 0   228.9 0   272.00 0   271.73 0   293.0 0   271.61 0   271.61 0     0.0 0     0.0 0     0.0 0   -64.1 0   -64.1 0    -1.4 0    80.2 0     8.0 0   284.9 0   938.1 0
 2019   2  1  2 12 21 12.350 114.03    -2.6 0    -0.5 0     0.2 0     0.4 0   229.8 0   272.00 0   271.75 0   293.1 0   271.61 0   271.62 0     0.0 0     0.0 0     0.0 0   -63.2 0   -63.2 0    -1.4 0    80.5 0     8.3 0   281.3 0   938.1 0
 2019   2  1  2 12 22 12.367 113.86    -2.9 0    -0.8 0     0.0 0     0.4 0   231.1 0   272.02 0   271.77 0   292.8 0   271.61 0   271.62 0     0.0 0     0.0 0     0.0 0   -61.8 0   -61.8 0    -1.4 0    80.1 0     7.7 0   288.9 0   938.1 0
 2019   2  1  2 12 23 12.383 113.70    -2.7 0    -0.1 0     0.0 0     0.4 0   231.9 0   272.02 0   271.77 0   292.1 0   271.61 0   271.60 0     0.0 0     0.0 0     0.0 0   -60.2 0   -60.2 0    -1.4 0    80.2 0     6.6 0   288.5 0   938.1 0
 2019   2  1  2 12 24 12.400 113.53    -2.2 0     0.0 0     0.0 0     0.4 0   232.4 0   272.02 0   271.76 0   292.5 0   271.61 0   271.59 0     0.0 0     0.0 0     0.0 0   -60.1 0   -60.1 0    -1.5 0    80.8 0     7.8 0   289.9 0   938.1 0
 2019   2  1  2 12 25 12.417 113.37    -2.3 0     0.0 0     0.2 0     0.4 0   234.1 0   272.02 0   271.75 0   292.2 0   271.60 0   271.58 0     0.0 0     0.0 0     0.0 0   -58.1 0   -58.1 0    -1.5 0    80.3 0     6.6 0   286.8 0   938.1 0
 2019   2  1  2 12 26 12.433 113.20    -2.0 0     0.0 0     0.4 0     0.4 0   237.7 0   272.02 0   271.73 0   292.2 0   271.58 0   271.56 0     0.0 0     0.0 0     0.0 0   -54.5 0   -54.5 0    -1.6 0    81.0 0     7.0 0   290.3 0   938.1 0
 2019   2  1  2 12 27 12.450 113.04    -2.0 0     0.0 0     0.2 0     0.4 0   243.2 0   272.00 0   271.75 0   292.2 0   271.56 0   271.55 0     0.0 0     0.0 0     0.0 0   -49.0 0   -49.0 0    -1.5 0    80.7 0     6.2 0   293.4 0   938.1 0
 2019   2  1  2 12 28 12.467 112.87    -2.0 0     0.0 0     0.3 0     0.4 0   247.2 0   272.00 0   271.75 0   292.4 0   271.55 0   271.52 0     0.0 0     0.0 0     0.0 0   -45.2 0   -45.2 0    -1.6 0    80.9 0     6.4 0   295.4 0   938.1 0
 2019   2  1  2 12 29 12.483 112.71    -2.0 0     0.0 0     0.4 0     0.4 0   253.8 0   271.99 0   271.75 0   292.6 0   271.54 0   271.52 0     0.0 0     0.0 0     0.0 0   -38.8 0   -38.8 0    -1.6 0    80.9 0     5.8 0   299.3 0   938.0 0
 2019   2  1  2 12 30 12.500 112.55    -2.0 0     0.0 0     0.3 0     0.4 0   260.4 0   271.98 0   271.76 0   292.4 0   271.52 0   271.49 0     0.0 0     0.0 0     0.0 0   -31.9 0   -31.9 0    -1.7 0    80.8 0     4.8 0   295.1 0   938.1 0
 2019   2  1  2 12 31 12.517 112.38    -2.0 0     0.0 0     0.4 0     0.4 0   267.3 0   271.96 0   271.75 0   292.3 0   271.50 0   271.46 0     0.0 0     0.0 0     0.0 0   -24.9 0   -24.9 0    -1.8 0    81.5 0     4.6 0   301.8 0   938.0 0
 2019   2  1  2 12 32 12.533 112.22    -2.0 0     0.0 0     0.4 0     0.4 0   271.0 0   271.95 0   271.73 0   292.5 0   271.47 0   271.43 0     0.0 0     0.0 0     0.0 0   -21.5 0   -21.5 0    -1.8 0    81.6 0     4.5 0   307.7 0   938.0 0
 2019   2  1  2 12 33 12.550 112.06    -2.0 0     0.0 0     0.3 0     0.4 0   269.7 0   271.94 0   271.71 0   292.8 0   271.45 0   271.41 0     0.0 0     0.0 0     0.0 0   -23.1 0   -23.1 0    -1.8 0    81.9 0     4.5 0   304.0 0   938.0 0
 2019   2  1  2 12 34 12.567 111.89    -1.7 0     0.0 0     0.2 0     0.3 0   266.4 0   271.91 0   271.70 0   292.7 0   271.42 0   271.40 0     0.0 0     0.0 0     0.0 0   -26.3 0   -26.3 0    -1.9 0    81.9 0     5.1 0   304.4 0   938.0 0
 2019   2  1  2 12 35 12.583 111.73    -1.7 0     0.0 0     0.3 0     0.4 0   265.6 0   271.90 0   271.68 0   293.2 0   271.40 0   271.38 0     0.0 0     0.0 0     0.0 0   -27.5 0   -27.5 0    -1.8 0    82.0 0     5.7 0   308.6 0   938.0 0
 2019   2  1  2 12 36 12.600 111.56    -2.0 0     0.0 0     0.0 0     0.2 0   268.0 0   271.88 0   271.69 0   293.8 0   271.39 0   271.38 0     0.0 0     0.0 0     0.0 0   -25.8 0   -25.8 0    -1.8 0    81.6 0     5.6 0   297.9 0   938.0 0
 2019   2  1  2 12 37 12.617 111.40    -2.0 0     0.0 0     0.0 0     0.0 0   266.6 0   271.88 0   271.70 0   293.4 0   271.37 0   271.38 0     0.0 0     0.0 0     0.0 0   -26.9 0   -26.9 0    -1.8 0    81.4 0     4.9 0   298.4 0   938.0 0
 2019   2  1  2 12 38 12.633 111.24    -2.0 0     0.0 0     0.0 0     0.0 0   264.1 0   271.88 0   271.70 0   293.9 0   271.36 0   271.37 0     0.0 0     0.0 0     0.0 0   -29.8 0   -29.8 0    -1.7 0    81.4 0     6.0 0   286.5 0   938.0 0
 2019   2  1  2 12 39 12.650 111.08    -2.0 0    -0.6 0    -0.3 0     0.0 0   263.2 0   271.88 0   271.72 0   294.7 0   271.36 0   271.41 0     0.0 0     0.0 0     0.0 0   -31.4 0   -31.4 0    -1.6 0    80.8 0     7.5 0   287.3 0   938.0 0
 2019   2  1  2 12 40 12.667 110.91    -2.0 0    -0.8 0    -0.4 0     0.0 0   261.4 0   271.89 0   271.75 0   295.1 0   271.38 0   271.43 0     0.0 0     0.0 0     0.0 0   -33.6 0   -33.6 0    -1.5 0    80.0 0     7.3 0   290.4 0   938.0 0
 2019   2  1  2 12 41 12.683 110.75    -2.0 0    -0.8 0    -0.4 0     0.0 0   259.0 0   271.90 0   271.76 0   294.7 0   271.41 0   271.45 0     0.0 0     0.0 0     0.0 0   -35.7 0   -35.7 0    -1.5 0    79.6 0     6.6 0   292.6 0   938.0 0
 2019   2  1  2 12 42 12.700 110.59    -2.0 0    -0.8 0    -0.2 0     0.1 0   260.1 0   271.93 0   271.76 0   294.1 0   271.42 0   271.45 0     0.0 0     0.0 0     0.0 0   -34.1 0   -34.1 0    -1.5 0    79.8 0     6.0 0   298.9 0   938.0 0
 2019   2  1  2 12 43 12.717 110.42    -2.0 0    -0.8 0     0.0 0     0.2 0   265.5 0   271.95 0   271.79 0   294.7 0   271.44 0   271.46 0     0.0 0     0.0 0     0.0 0   -29.2 0   -29.2 0    -1.5 0    79.7 0     6.4 0   299.4 0   938.0 0
 2019   2  1  2 12 44 12.733 110.26    -2.0 0    -0.8 0     0.0 0     0.1 0   269.0 0   271.95 0   271.80 0   294.9 0   271.45 0   271.46 0     0.0 0     0.0 0     0.0 0   -25.9 0   -25.9 0    -1.5 0    79.6 0     5.6 0   308.7 0   938.0 0
 2019   2  1  2 12 45 12.750 110.10    -2.0 0    -0.8 0     0.0 0     0.1 0   268.7 0   271.96 0   271.81 0   294.9 0   271.46 0   271.48 0     0.0 0     0.0 0     0.0 0   -26.2 0   -26.2 0    -1.5 0    79.7 0     6.2 0   317.5 0   938.0 0
 2019   2  1  2 12 46 12.767 109.94    -2.0 0    -0.7 0     0.0 0     0.2 0   266.9 0   271.98 0   271.82 0   294.3 0   271.46 0   271.47 0     0.0 0     0.0 0     0.0 0   -27.3 0   -27.3 0    -1.5 0    79.6 0     5.4 0   314.4 0   937.9 0
 2019   2  1  2 12 47 12.783 109.77    -2.0 0    -0.1 0     0.0 0     0.4 0   264.3 0   271.99 0   271.80 0   294.1 0   271.46 0   271.47 0     0.0 0     0.0 0     0.0 0   -29.8 0   -29.8 0    -1.6 0    79.9 0     5.3 0   323.3 0   937.8 0
 2019   2  1  2 12 48 12.800 109.61    -2.0 0     0.0 0     0.2 0     0.4 0   262.0 0   272.00 0   271.80 0   293.4 0   271.46 0   271.45 0     0.0 0     0.0 0     0.0 0   -31.4 0   -31.4 0    -1.6 0    80.0 0     4.8 0   323.3 0   937.9 0
 2019   2  1  2 12 49 12.817 109.45    -2.0 0     0.0 0     0.2 0     0.3 0   262.3 0   272.00 0   271.81 0   293.8 0   271.46 0   271.46 0     0.0 0     0.0 0     0.0 0   -31.5 0   -31.5 0    -1.6 0    80.3 0     5.4 0   326.1 0   937.9 0
 2019   2  1  2 12 50 12.833 109.29    -2.0 0    -0.4 0     0.1 0     0.3 0   265.1 0   272.00 0   271.83 0   294.3 0   271.46 0   271.46 0     0.0 0     0.0 0     0.0 0   -29.2 0   -29.2 0    -1.6 0    79.9 0     5.4 0   329.5 0   937.9 0
 2019   2  1  2 12 51 12.850 109.13    -2.0 0     0.0 0     0.3 0     0.3 0   267.3 0   272.00 0   271.83 0   293.5 0   271.46 0   271.45 0     0.0 0     0.0 0     0.0 0   -26.2 0   -26.2 0    -1.6 0    80.7 0     4.9 0   341.7 0   937.9 0
 2019   2  1  2 12 52 12.867 108.96    -2.0 0     0.0 0     0.4 0     0.4 0   269.2 0   272.00 0   271.80 0   293.7 0   271.45 0   271.43 0     0.0 0     0.0 0     0.0 0   -24.6 0   -24.6 0    -1.7 0    80.5 0     5.8 0   332.1 0   938.0 0
 2019   2  1  2 12 53 12.883 108.80    -2.0 0     0.0 0     0.4 0     0.4 0   271.5 0   271.99 0   271.79 0   293.9 0   271.44 0   271.42 0     0.0 0     0.0 0     0.0 0   -22.4 0   -22.4 0    -1.7 0    80.2 0     5.2 0   326.0 0   938.0 0
 2019   2  1  2 12 54 12.900 108.64    -2.0 0     0.0 0     0.4 0     0.4 0   274.6 0   271.98 0   271.79 0   293.7 0   271.42 0   271.41 0     0.0 0     0.0 0     0.0 0   -19.0 0   -19.0 0    -1.8 0    80.5 0     5.2 0   323.6 0   938.0 0
 2019   2  1  2 12 55 12.917 108.48    -1.7 0     0.0 0     0.4 0     0.4 0   278.3 0   271.96 0   271.77 0   293.6 0   271.41 0   271.37 0     0.0 0     0.0 0     0.0 0   -15.3 0   -15.3 0    -1.8 0    80.5 0     4.2 0   322.2 0   938.0 0
 2019   2  1  2 12 56 12.933 108.32    -1.4 0     0.0 0     0.4 0     0.4 0   281.5 0   271.95 0   271.76 0   293.7 0   271.38 0   271.36 0     0.0 0     0.0 0     0.0 0   -12.2 0   -12.2 0    -1.9 0    80.5 0     4.8 0   317.4 0   938.0 0
 2019   2  1  2 12 57 12.950 108.16    -1.4 0    -0.1 0     0.4 0     0.2 0   285.0 0   271.93 0   271.76 0   295.1 0   271.36 0   271.40 0     0.0 0     0.0 0     0.0 0   -10.1 0   -10.1 0    -1.8 0    78.7 0     6.3 0   308.9 0   938.0 0
 2019   2  1  2 12 58 12.967 108.00    -1.9 0    -0.8 0     0.0 0     0.0 0   286.3 0   271.93 0   271.83 0   295.8 0   271.38 0   271.43 0     0.0 0     0.0 0     0.0 0    -9.5 0    -9.5 0    -1.6 0    77.5 0     5.6 0   319.5 0   938.0 0
 2019   2  1  2 12 59 12.983 107.83    -2.0 0    -0.8 0    -0.1 0     0.0 0   287.9 0   271.95 0   271.85 0   296.8 0   271.40 0   271.49 0     0.0 0     0.0 0     0.0 0    -8.9 0    -8.9 0    -1.5 0    76.4 0     6.9 0   304.0 0   938.0 0
 2019   2  1  2 13  0 13.000 107.67    -2.0 0    -1.6 0    -0.7 0    -0.1 0   288.2 0   271.97 0   271.99 0   298.6 0   271.46 0   271.62 0     0.0 0     0.0 0     0.0 0   -10.4 0   -10.4 0    -1.1 0    73.4 0     7.9 0   294.3 0   937.9 0
 2019   2  1  2 13  1 13.017 107.51    -2.0 0    -1.8 0    -0.8 0    -0.3 0   286.3 0   272.03 0   272.06 0   299.2 0   271.54 0   271.72 0     0.0 0     0.0 0     0.0 0   -12.9 0   -12.9 0    -0.9 0    72.0 0     8.6 0   292.5 0   937.8 0
 2019   2  1  2 13  2 13.033 107.35    -2.0 0    -2.3 0    -1.1 0     0.0 0   283.7 0   272.10 0   272.12 0   299.4 0   271.63 0   271.78 0     0.0 0     0.0 0     0.0 0   -15.7 0   -15.7 0    -0.8 0    71.5 0     8.3 0   287.7 0   937.8 0
 2019   2  1  2 13  3 13.050 107.19    -2.2 0    -2.4 0    -1.2 0     0.0 0   284.2 0   272.17 0   272.20 0   299.8 0   271.72 0   271.87 0     0.0 0     0.0 0     0.0 0   -15.6 0   -15.6 0    -0.6 0    70.6 0    10.0 0   280.7 0   937.6 0
 2019   2  1  2 13  4 13.067 107.03    -2.6 0    -2.4 0    -1.3 0     0.0 0   287.9 0   272.25 0   272.29 0   300.3 0   271.82 0   271.94 0     0.0 0     0.0 0     0.0 0   -12.4 0   -12.4 0    -0.6 0    70.4 0     9.8 0   277.3 0   937.4 0
 2019   2  1  2 13  5 13.083 106.87    -2.8 0    -2.4 0    -1.2 0     0.0 0   291.7 0   272.32 0   272.35 0   300.4 0   271.90 0   272.02 0     0.0 0     0.0 0     0.0 0    -8.8 0    -8.8 0    -0.6 0    70.2 0    10.3 0   278.4 0   937.6 0
 2019   2  1  2 13  6 13.100 106.71    -2.6 0    -1.8 0    -1.0 0     0.0 0   292.1 0   272.40 0   272.42 0   300.8 0   271.98 0   272.09 0     0.0 0     0.0 0     0.0 0    -8.7 0    -8.7 0    -0.6 0    69.8 0    10.3 0   274.8 0   937.6 0
 2019   2  1  2 13  7 13.117 106.55    -2.9 0    -1.6 0    -0.9 0     0.0 0   290.8 0   272.47 0   272.48 0   300.9 0   272.06 0   272.15 0     0.0 0     0.0 0     0.0 0   -10.2 0   -10.2 0    -0.5 0    69.6 0    11.2 0   271.5 0   937.6 0
 2019   2  1  2 13  8 13.133 106.39    -2.9 0    -1.6 0    -0.7 0     0.0 0   290.6 0   272.54 0   272.53 0   301.2 0   272.12 0   272.21 0     0.0 0     0.0 0     0.0 0   -10.6 0   -10.6 0    -0.5 0    69.6 0    11.1 0   269.9 0   937.5 0
 2019   2  1  2 13  9 13.150 106.23    -2.8 0    -1.6 0    -0.4 0     0.0 0   288.7 0   272.60 0   272.58 0   301.3 0   272.18 0   272.27 0     0.0 0     0.0 0     0.0 0   -12.6 0   -12.6 0    -0.5 0    69.4 0    11.6 0   272.0 0   937.6 0
 2019   2  1  2 13 10 13.167 106.07    -2.8 0    -1.6 0    -0.4 0     0.0 0   289.4 0   272.66 0   272.63 0   301.8 0   272.25 0   272.33 0     0.0 0     0.0 0     0.0 0   -12.4 0   -12.4 0    -0.5 0    68.8 0    12.4 0   272.4 0   937.6 0
 2019   2  1  2 13 11 13.183 105.91    -2.9 0    -1.6 0    -0.6 0     0.0 0   290.2 0   272.72 0   272.70 0   302.2 0   272.31 0   272.40 0     0.0 0     0.0 0     0.0 0   -12.0 0   -12.0 0    -0.4 0    68.2 0    12.7 0   272.9 0   937.6 0
 2019   2  1  2 13 12 13.200 105.76    -2.8 0    -1.6 0    -0.4 0     0.0 0   287.2 0   272.78 0   272.73 0   301.7 0   272.37 0   272.44 0     0.0 0     0.0 0     0.0 0   -14.5 0   -14.5 0    -0.4 0    68.9 0    11.7 0   272.8 0   937.6 0
 2019   2  1  2 13 13 13.217 105.60    -2.9 0    -1.6 0    -0.4 0     0.0 0   283.4 0   272.83 0   272.77 0   301.8 0   272.43 0   272.50 0     0.0 0     0.0 0     0.0 0   -18.3 0   -18.3 0    -0.3 0    68.8 0    12.0 0   274.6 0   937.6 0
 2019   2  1  2 13 14 13.233 105.44    -2.9 0    -1.6 0    -0.5 0     0.0 0   279.5 0   272.88 0   272.83 0   301.8 0   272.48 0   272.57 0     0.0 0     0.0 0     0.0 0   -22.4 0   -22.4 0    -0.2 0    67.9 0    11.9 0   272.5 0   937.6 0
 2019   2  1  2 13 15 13.250 105.28    -2.9 0    -1.6 0    -0.5 0     0.0 0   275.9 0   272.94 0   272.87 0   301.3 0   272.54 0   272.59 0     0.0 0     0.0 0     0.0 0   -25.4 0   -25.4 0    -0.3 0    68.0 0    11.5 0   272.6 0   937.6 0
 2019   2  1  2 13 16 13.267 105.12    -2.9 0    -1.3 0    -0.4 0     0.1 0   274.5 0   272.99 0   272.89 0   301.2 0   272.58 0   272.61 0     0.0 0     0.0 0     0.0 0   -26.7 0   -26.7 0    -0.3 0    68.0 0    10.9 0   274.0 0   937.6 0
 2019   2  1  2 13 17 13.283 104.96    -2.7 0    -0.8 0    -0.1 0     0.3 0   273.3 0   273.03 0   272.89 0   300.8 0   272.60 0   272.62 0     0.0 0     0.0 0     0.0 0   -27.5 0   -27.5 0    -0.4 0    68.3 0    11.3 0   274.2 0   937.5 0
 2019   2  1  2 13 18 13.300 104.80    -2.4 0    -0.8 0     0.4 0     0.4 0   270.8 0   273.06 0   272.89 0   300.9 0   272.62 0   272.64 0     0.0 0     0.0 0     0.0 0   -30.0 0   -30.0 0    -0.4 0    68.2 0    11.5 0   271.2 0   937.6 0
 2019   2  1  2 13 19 13.317 104.65    -2.5 0    -0.8 0     0.4 0     0.4 0   269.1 0   273.07 0   272.91 0   300.6 0   272.63 0   272.65 0     0.0 0     0.0 0     0.0 0   -31.6 0   -31.6 0    -0.4 0    68.1 0    12.2 0   271.2 0   937.5 0
 2019   2  1  2 13 20 13.333 104.49    -2.4 0    -0.8 0     0.4 0     0.4 0   269.6 0   273.10 0   272.92 0   300.6 0   272.64 0   272.66 0     0.0 0     0.0 0     0.0 0   -31.0 0   -31.0 0    -0.4 0    68.2 0    12.1 0   271.6 0   937.5 0
 2019   2  1  2 13 21 13.350 104.33    -2.2 0    -0.6 0     0.2 0     0.4 0   271.3 0   273.12 0   272.93 0   300.4 0   272.66 0   272.65 0     0.0 0     0.0 0     0.0 0   -29.1 0   -29.1 0    -0.4 0    68.5 0    10.4 0   271.3 0   937.5 0
 2019   2  1  2 13 22 13.367 104.17    -2.0 0     0.0 0     0.4 0     0.4 0   271.8 0   273.12 0   272.93 0   300.3 0   272.65 0   272.63 0     0.0 0     0.0 0     0.0 0   -28.5 0   -28.5 0    -0.5 0    68.7 0    11.1 0   270.6 0   937.4 0
 2019   2  1  2 13 23 13.383 104.01    -2.0 0     0.0 0     0.3 0     0.4 0   270.2 0   273.12 0   272.93 0   300.2 0   272.64 0   272.64 0     0.0 0     0.0 0     0.0 0   -30.0 0   -30.0 0    -0.5 0    68.6 0    10.7 0   272.0 0   937.4 0
 2019   2  1  2 13 24 13.400 103.86    -2.0 0     0.0 0     0.1 0     0.4 0   265.2 0   273.14 0   272.95 0   300.2 0   272.63 0   272.63 0     0.0 0     0.0 0     0.0 0   -34.9 0   -34.9 0    -0.5 0    68.7 0    10.6 0   271.9 0   937.3 0
 2019   2  1  2 13 25 13.417 103.70    -2.0 0     0.0 0     0.4 0     0.4 0   258.7 0   273.15 0   272.92 0   299.8 0   272.63 0   272.63 0     0.0 0     0.0 0     0.0 0   -41.1 0   -41.1 0    -0.5 0    68.7 0    10.3 0   273.4 0   937.3 0
 2019   2  1  2 13 26 13.433 103.54    -2.0 0     0.0 0     0.4 0     0.4 0   253.6 0   273.15 0   272.89 0   299.0 0   272.63 0   272.62 0     0.0 0     0.0 0     0.0 0   -45.4 0   -45.4 0    -0.5 0    69.0 0     9.5 0   272.9 0   937.2 0
 2019   2  1  2 13 27 13.450 103.39    -2.0 0     0.0 0     0.4 0     0.4 0   252.3 0   273.15 0   272.89 0   299.5 0   272.63 0   272.63 0     0.0 0     0.0 0     0.0 0   -47.2 0   -47.2 0    -0.5 0    68.6 0    10.6 0   274.4 0   937.2 0
 2019   2  1  2 13 28 13.467 103.23    -2.0 0     0.0 0     0.4 0     0.4 0   252.8 0   273.14 0   272.88 0   298.8 0   272.63 0   272.61 0     0.0 0     0.0 0     0.0 0   -46.0 0   -46.0 0    -0.5 0    68.7 0     9.1 0   274.2 0   937.2 0
 2019   2  1  2 13 29 13.483 103.07    -2.0 0     0.0 0     0.4 0     0.4 0   250.5 0   273.12 0   272.88 0   298.4 0   272.61 0   272.59 0     0.0 0     0.0 0     0.0 0   -47.9 0   -47.9 0    -0.6 0    69.2 0     9.6 0   273.5 0   937.1 0
 2019   2  1  2 13 30 13.500 102.92    -2.0 0     0.0 0     0.4 0     0.4 0   248.7 0   273.12 0   272.86 0   298.9 0   272.61 0   272.61 0     0.0 0     0.0 0     0.0 0   -50.2 0   -50.2 0    -0.5 0    68.5 0    10.4 0   272.6 0   937.1 0
 2019   2  1  2 13 31 13.517 102.76    -2.0 0     0.0 0     0.1 0     0.4 0   248.9 0   273.12 0   272.86 0   298.5 0   272.61 0   272.60 0     0.0 0     0.0 0     0.0 0   -49.6 0   -49.6 0    -0.5 0    68.6 0     9.2 0   272.0 0   937.2 0
 2019   2  1  2 13 32 13.533 102.61    -2.0 0     0.0 0     0.2 0     0.4 0   248.7 0   273.12 0   272.83 0   297.8 0   272.59 0   272.57 0     0.0 0     0.0 0     0.0 0   -49.0 0   -49.0 0    -0.6 0    68.8 0     9.5 0   271.9 0   937.1 0
 2019   2  1  2 13 33 13.550 102.45    -2.0 0     0.0 0     0.4 0     0.4 0   249.5 0   273.10 0   272.83 0   297.9 0   272.58 0   272.56 0     0.0 0     0.0 0     0.0 0   -48.4 0   -48.4 0    -0.6 0    68.8 0     9.5 0   271.5 0   937.2 0
 2019   2  1  2 13 34 13.567 102.29    -2.0 0     0.0 0     0.3 0     0.4 0   251.0 0   273.09 0   272.83 0   298.2 0   272.56 0   272.56 0     0.0 0     0.0 0     0.0 0   -47.2 0   -47.2 0    -0.6 0    68.7 0    11.1 0   272.9 0   937.4 0
 2019   2  1  2 13 35 13.583 102.14    -2.0 0     0.0 0     0.0 0     0.4 0   252.1 0   273.07 0   272.83 0   298.4 0   272.56 0   272.55 0     0.0 0     0.0 0     0.0 0   -46.4 0   -46.4 0    -0.6 0    68.6 0     9.6 0   277.4 0   937.4 0
 2019   2  1  2 13 36 13.600 101.98    -2.0 0     0.0 0     0.3 0     0.4 0   248.3 0   273.07 0   272.81 0   297.8 0   272.55 0   272.54 0     0.0 0     0.0 0     0.0 0   -49.5 0   -49.5 0    -0.6 0    68.7 0     9.2 0   272.9 0   937.4 0
 2019   2  1  2 13 37 13.617 101.83    -2.0 0     0.0 0     0.4 0     0.4 0   245.2 0   273.07 0   272.78 0   297.6 0   272.54 0   272.53 0     0.0 0     0.0 0     0.0 0   -52.4 0   -52.4 0    -0.6 0    68.6 0     9.6 0   270.5 0   937.4 0
 2019   2  1  2 13 38 13.633 101.67    -2.0 0     0.0 0     0.4 0     0.4 0   241.1 0   273.05 0   272.77 0   297.6 0   272.54 0   272.52 0     0.0 0     0.0 0     0.0 0   -56.5 0   -56.5 0    -0.6 0    68.4 0     9.8 0   273.7 0   937.7 0
 2019   2  1  2 13 39 13.650 101.52    -2.0 0     0.0 0     0.4 0     0.4 0   236.1 0   273.04 0   272.73 0   297.0 0   272.52 0   272.50 0     0.0 0     0.0 0     0.0 0   -60.9 0   -60.9 0    -0.6 0    68.5 0     8.9 0   271.9 0   937.7 0
 2019   2  1  2 13 40 13.667 101.36    -2.0 0     0.0 0     0.4 0     0.4 0   233.0 0   273.03 0   272.70 0   296.2 0   272.50 0   272.47 0     0.0 0     0.0 0     0.0 0   -63.2 0   -63.2 0    -0.7 0    68.8 0     8.6 0   272.2 0   937.8 0
 2019   2  1  2 13 41 13.683 101.21    -2.0 0     0.0 0     0.4 0     0.4 0   231.6 0   273.01 0   272.67 0   296.6 0   272.49 0   272.45 0     0.0 0     0.0 0     0.0 0   -65.1 0   -65.1 0    -0.7 0    68.9 0     9.7 0   273.3 0   937.9 0
 2019   2  1  2 13 42 13.700 101.06    -2.0 0     0.0 0     0.5 0     0.4 0   230.7 0   272.98 0   272.64 0   295.7 0   272.46 0   272.42 0     0.0 0     0.0 0     0.0 0   -64.9 0   -64.9 0    -0.8 0    69.1 0     7.8 0   273.7 0   937.9 0
 2019   2  1  2 13 43 13.717 100.90    -2.0 0     0.0 0     0.4 0     0.4 0   230.5 0   272.96 0   272.63 0   295.4 0   272.44 0   272.38 0     0.0 0     0.0 0     0.0 0   -64.9 0   -64.9 0    -0.9 0    69.5 0     7.9 0   275.2 0   938.0 0
 2019   2  1  2 13 44 13.733 100.75    -2.0 0     0.6 0     0.4 0     0.4 0   230.0 0   272.94 0   272.58 0   294.5 0   272.40 0   272.33 0     0.0 0     0.0 0     0.0 0   -64.5 0   -64.5 0    -1.0 0    70.0 0     7.6 0   278.3 0   938.0 0
 2019   2  1  2 13 45 13.750 100.60    -2.0 0     0.2 0     0.4 0     0.4 0   230.0 0   272.90 0   272.54 0   294.9 0   272.35 0   272.32 0     0.0 0     0.0 0     0.0 0   -64.9 0   -64.9 0    -1.0 0    69.7 0     8.4 0   280.0 0   938.1 0
 2019   2  1  2 13 46 13.767 100.44    -2.0 0     0.0 0     0.4 0     0.4 0   229.8 0   272.87 0   272.53 0   294.6 0   272.33 0   272.28 0     0.0 0     0.0 0     0.0 0   -64.7 0   -64.7 0    -1.0 0    69.6 0     7.1 0   281.3 0   938.1 0
 2019   2  1  2 13 47 13.783 100.29    -2.0 0     0.0 0     0.4 0     0.4 0   229.6 0   272.84 0   272.49 0   293.7 0   272.29 0   272.24 0     0.0 0     0.0 0     0.0 0   -64.1 0   -64.1 0    -1.0 0    69.9 0     6.1 0   283.0 0   938.2 0
 2019   2  1  2 13 48 13.800 100.14    -2.0 0     0.0 0     0.4 0     0.4 0   229.7 0   272.81 0   272.45 0   293.7 0   272.26 0   272.21 0     0.0 0     0.0 0     0.0 0   -64.1 0   -64.1 0    -1.1 0    69.9 0     6.6 0   290.0 0   938.3 0
 2019   2  1  2 13 49 13.817  99.98    -2.0 0     0.0 0     0.4 0     0.4 0   229.4 0   272.78 0   272.43 0   293.6 0   272.23 0   272.18 0     0.0 0     0.0 0     0.0 0   -64.1 0   -64.1 0    -1.1 0    69.9 0     5.9 0   296.8 0   938.3 0
 2019   2  1  2 13 50 13.833  99.83    -2.0 0     0.0 0     0.4 0     0.4 0   229.4 0   272.74 0   272.40 0   292.9 0   272.19 0   272.15 0     0.0 0     0.0 0     0.0 0   -63.5 0   -63.5 0    -1.1 0    69.8 0     5.4 0   299.9 0   938.3 0
 2019   2  1  2 13 51 13.850  99.68    -2.0 0     0.0 0     0.4 0     0.4 0   229.7 0   272.71 0   272.37 0   292.9 0   272.16 0   272.13 0     0.0 0     0.0 0     0.0 0   -63.3 0   -63.3 0    -1.1 0    69.7 0     5.8 0   295.8 0   938.3 0
 2019   2  1  2 13 52 13.867  99.53    -2.0 0     0.0 0     0.4 0     0.4 0   229.9 0   272.68 0   272.35 0   293.0 0   272.14 0   272.11 0     0.0 0     0.0 0     0.0 0   -63.1 0   -63.1 0    -1.1 0    69.6 0     5.7 0   306.1 0   938.3 0
 2019   2  1  2 13 53 13.883  99.37    -2.0 0     0.0 0     0.4 0     0.4 0   230.3 0   272.65 0   272.33 0   292.7 0   272.12 0   272.10 0     0.0 0     0.0 0     0.0 0   -62.4 0   -62.4 0    -1.1 0    69.5 0     5.2 0   287.0 0   938.3 0
 2019   2  1  2 13 54 13.900  99.22    -2.0 0     0.0 0     0.4 0     0.4 0   230.7 0   272.62 0   272.30 0   292.8 0   272.10 0   272.06 0     0.0 0     0.0 0     0.0 0   -62.1 0   -62.1 0    -1.1 0    69.5 0     5.6 0   291.4 0   938.3 0
 2019   2  1  2 13 55 13.917  99.07    -2.0 0     0.0 0     0.0 0     0.4 0   231.0 0   272.59 0   272.30 0   292.7 0   272.07 0   272.06 0     0.0 0     0.0 0     0.0 0   -61.7 0   -61.7 0    -1.1 0    69.3 0     5.2 0   297.8 0   938.3 0
 2019   2  1  2 13 56 13.933  98.92    -2.0 0     0.0 0     0.1 0     0.4 0   231.5 0   272.58 0   272.26 0   292.0 0   272.06 0   272.04 0     0.0 0     0.0 0     0.0 0   -60.5 0   -60.5 0    -1.1 0    69.3 0     4.8 0   306.9 0   938.3 0
 2019   2  1  2 13 57 13.950  98.77    -2.0 0     0.0 0     0.4 0     0.4 0   231.8 0   272.55 0   272.24 0   291.0 0   272.04 0   271.98 0     0.0 0     0.0 0     0.0 0   -59.2 0   -59.2 0    -1.2 0    69.6 0     3.6 0   323.8 0   938.3 0
 2019   2  1  2 13 58 13.967  98.62    -2.0 0     0.0 0     0.4 0     0.4 0   232.1 0   272.52 0   272.18 0   291.0 0   272.01 0   271.96 0     0.0 0     0.0 0     0.0 0   -58.9 0   -58.9 0    -1.3 0    70.1 0     4.3 0   304.7 0   938.3 0
 2019   2  1  2 13 59 13.983  98.47    -2.0 0     0.0 0     0.4 0     0.4 0   232.4 0   272.48 0   272.15 0   290.5 0   271.97 0   271.91 0     0.0 0     0.0 0     0.0 0   -58.2 0   -58.2 0    -1.3 0    70.2 0     3.8 0   322.1 0   938.2 0
 2019   2  1  2 14  0 14.000  98.32    -1.9 0     0.0 0     0.4 0     0.4 0   232.3 0   272.45 0   272.11 0   290.3 0   271.94 0   271.88 0     0.0 0     0.0 0     0.0 0   -58.0 0   -58.0 0    -1.4 0    70.4 0     4.0 0   319.9 0   938.2 0
 2019   2  1  2 14  1 14.017  98.17    -1.5 0     0.0 0     0.4 0     0.4 0   230.9 0   272.41 0   272.06 0   288.7 0   271.90 0   271.82 0     0.0 0     0.0 0     0.0 0   -57.8 0   -57.8 0    -1.5 0    70.8 0     2.3 0   346.4 0   938.2 0
 2019   2  1  2 14  2 14.033  98.02    -1.0 0     0.0 0     0.4 0     0.4 0   229.7 0   272.35 0   271.97 0   286.7 0   271.85 0   271.77 0     0.0 0     0.0 0     0.0 0   -57.0 0   -57.0 0    -1.7 0    72.3 0     2.3 0   341.0 0   938.2 0
 2019   2  1  2 14  3 14.050  97.87    -1.0 0     0.0 0     0.8 0     0.4 0   229.2 0   272.29 0   271.90 0   286.6 0   271.81 0   271.73 0     0.0 0     0.0 0     0.0 0   -57.4 0   -57.4 0    -1.7 0    72.4 0     2.8 0   348.7 0   938.0 0
 2019   2  1  2 14  4 14.067  97.72    -1.0 0     0.0 0     0.6 0     0.4 0   228.7 0   272.23 0   271.87 0   286.7 0   271.77 0   271.70 0     0.0 0     0.0 0     0.0 0   -58.0 0   -58.0 0    -1.7 0    72.1 0     2.0 0   357.3 0   938.2 0
 2019   2  1  2 14  5 14.083  97.57    -1.0 0     0.0 0     0.4 0     0.4 0   228.2 0   272.17 0   271.81 0   286.2 0   271.73 0   271.66 0     0.0 0     0.0 0     0.0 0   -58.0 0   -58.0 0    -1.7 0    72.3 0     3.1 0   342.4 0   938.3 0
 2019   2  1  2 14  6 14.100  97.42    -1.0 0     0.0 0     0.6 0     0.4 0   227.7 0   272.12 0   271.74 0   285.9 0   271.68 0   271.60 0     0.0 0     0.0 0     0.0 0   -58.1 0   -58.1 0    -1.7 0    72.2 0     3.3 0   340.9 0   938.2 0
 2019   2  1  2 14  7 14.117  97.27    -1.0 0     0.0 0     0.8 0     0.4 0   227.6 0   272.05 0   271.65 0   285.8 0   271.63 0   271.55 0     0.0 0     0.0 0     0.0 0   -58.2 0   -58.2 0    -1.8 0    72.8 0     3.7 0   336.8 0   938.2 0
 2019   2  1  2 14  8 14.133  97.12    -1.0 0     0.0 0     0.8 0     0.4 0   227.5 0   271.98 0   271.58 0   286.2 0   271.58 0   271.53 0     0.0 0     0.0 0     0.0 0   -58.7 0   -58.7 0    -1.8 0    72.3 0     3.7 0   346.1 0   938.1 0
 2019   2  1  2 14  9 14.150  96.97    -1.0 0     0.0 0     0.8 0     0.4 0   227.2 0   271.90 0   271.49 0   285.4 0   271.54 0   271.46 0     0.0 0     0.0 0     0.0 0   -58.2 0   -58.2 0    -1.8 0    72.3 0     3.0 0   346.1 0   938.1 0
 2019   2  1  2 14 10 14.167  96.82    -1.0 0     0.0 0     0.8 0     0.4 0   227.4 0   271.83 0   271.45 0   286.1 0   271.49 0   271.42 0     0.0 0     0.0 0     0.0 0   -58.7 0   -58.7 0    -1.9 0    72.9 0     4.2 0   340.6 0   938.2 0
 2019   2  1  2 14 11 14.183  96.68    -1.0 0     0.0 0     0.5 0     0.4 0   228.0 0   271.77 0   271.44 0   287.3 0   271.46 0   271.44 0     0.0 0     0.0 0     0.0 0   -59.3 0   -59.3 0    -1.7 0    71.9 0     4.3 0   340.9 0   938.2 0
 2019   2  1  2 14 12 14.200  96.53    -1.0 0     0.0 0     0.4 0     0.4 0   227.9 0   271.72 0   271.40 0   287.2 0   271.43 0   271.42 0     0.0 0     0.0 0     0.0 0   -59.2 0   -59.2 0    -1.6 0    71.4 0     4.2 0   339.7 0   938.2 0
 2019   2  1  2 14 13 14.217  96.38    -1.0 0     0.0 0     0.4 0     0.4 0   228.1 0   271.68 0   271.38 0   287.6 0   271.42 0   271.40 0     0.0 0     0.0 0     0.0 0   -59.5 0   -59.5 0    -1.6 0    71.3 0     4.6 0   332.4 0   938.3 0
 2019   2  1  2 14 14 14.233  96.23    -1.0 0     0.0 0     0.4 0     0.4 0   228.1 0   271.65 0   271.35 0   287.4 0   271.39 0   271.37 0     0.0 0     0.0 0     0.0 0   -59.3 0   -59.3 0    -1.6 0    71.3 0     4.2 0   332.6 0   938.3 0
 2019   2  1  2 14 15 14.250  96.09    -1.0 0     0.0 0     0.4 0     0.4 0   228.5 0   271.62 0   271.34 0   287.6 0   271.38 0   271.37 0     0.0 0     0.0 0     0.0 0   -59.2 0   -59.2 0    -1.7 0    71.7 0     3.8 0   325.5 0   938.3 0
 2019   2  1  2 14 16 14.267  95.94    -1.0 0     0.0 0     0.4 0     0.4 0   228.2 0   271.60 0   271.30 0   287.1 0   271.36 0   271.32 0     0.0 0     0.0 0     0.4 0   -58.9 0   -58.5 0    -1.7 0    71.5 0     2.9 0   315.6 0   938.3 0
 2019   2  1  2 14 17 14.283  95.79    -1.0 0     0.0 0     0.4 0     0.4 0   228.5 0   271.57 0   271.26 0   286.5 0   271.33 0   271.28 0     0.0 0     0.0 0     0.4 0   -58.0 0   -57.6 0    -1.8 0    72.2 0     3.3 0   323.3 0   938.3 0
 2019   2  1  2 14 18 14.300  95.65    -1.0 0     0.0 0     0.4 0     0.4 0   228.8 0   271.54 0   271.23 0   286.9 0   271.30 0   271.28 0     0.0 0     0.0 0     0.4 0   -58.0 0   -57.7 0    -1.8 0    71.8 0     3.8 0   310.2 0   938.2 0
 2019   2  1  2 14 19 14.317  95.50    -1.1 0     0.0 0     0.4 0     0.4 0   229.1 0   271.51 0   271.23 0   287.4 0   271.28 0   271.26 0     0.0 0     0.0 0     0.4 0   -58.3 0   -57.9 0    -1.8 0    71.9 0     3.9 0   316.1 0   938.2 0
 2019   2  1  2 14 20 14.333  95.36    -1.2 0     0.0 0     0.4 0     0.4 0   229.1 0   271.48 0   271.19 0   287.2 0   271.26 0   271.23 0     0.0 0     0.0 0     0.4 0   -58.1 0   -57.7 0    -1.8 0    71.9 0     4.1 0   305.7 0   938.3 0
 2019   2  1  2 14 21 14.350  95.21    -1.4 0     0.0 0     0.4 0     0.4 0   230.1 0   271.47 0   271.19 0   287.7 0   271.23 0   271.25 0     0.0 0     0.0 0     0.4 0   -57.6 0   -57.2 0    -1.7 0    71.8 0     4.3 0   304.8 0   938.2 0
 2019   2  1  2 14 22 14.367  95.06    -1.6 0    -0.2 0     0.4 0     0.4 0   230.1 0   271.46 0   271.22 0   287.7 0   271.23 0   271.24 0     0.0 0     0.0 0     0.4 0   -57.6 0   -57.3 0    -1.7 0    71.5 0     4.0 0   311.3 0   938.2 0
 2019   2  1  2 14 23 14.383  94.92    -1.7 0    -0.8 0     0.4 0     0.4 0   230.3 0   271.45 0   271.20 0   288.5 0   271.23 0   271.26 0     0.0 0     0.0 0     0.4 0   -58.2 0   -57.8 0    -1.6 0    71.1 0     4.6 0   299.5 0   938.2 0
 2019   2  1  2 14 24 14.400  94.77    -2.0 0    -0.7 0     0.2 0     0.4 0   230.8 0   271.45 0   271.21 0   287.7 0   271.23 0   271.26 0     0.0 0     0.0 0     0.4 0   -56.9 0   -56.5 0    -1.6 0    71.0 0     3.8 0   306.2 0   938.2 0
 2019   2  1  2 14 25 14.417  94.63    -1.8 0    -0.2 0     0.3 0     0.4 0   231.3 0   271.45 0   271.20 0   287.4 0   271.23 0   271.25 0     0.0 0     0.0 0     0.4 0   -56.1 0   -55.7 0    -1.6 0    71.1 0     4.0 0   300.4 0   938.1 0
 2019   2  1  2 14 26 14.433  94.49    -1.9 0     0.0 0     0.3 0     0.4 0   232.0 0   271.45 0   271.20 0   287.5 0   271.23 0   271.22 0     0.0 0     0.0 0     0.4 0   -55.5 0   -55.2 0    -1.6 0    71.2 0     4.0 0   307.7 0   938.2 0
 2019   2  1  2 14 27 14.450  94.34    -1.7 0     0.0 0     0.3 0     0.4 0   233.0 0   271.44 0   271.20 0   288.6 0   271.22 0   271.23 0     0.0 0     0.0 0     0.4 0   -55.6 0   -55.2 0    -1.7 0    71.5 0     5.1 0   300.2 0   938.2 0
 2019   2  1  2 14 28 14.467  94.20    -2.0 0    -0.6 0     0.0 0     0.4 0   234.4 0   271.45 0   271.26 0   289.7 0   271.23 0   271.25 0     0.0 0     0.1 0     0.4 0   -55.3 0   -54.9 0    -1.6 0    70.9 0     4.7 0   305.8 0   938.2 0
 2019   2  1  2 14 29 14.483  94.06    -2.0 0     0.0 0     0.0 0     0.4 0   235.8 0   271.47 0   271.27 0   289.5 0   271.23 0   271.24 0     0.0 0     0.3 0     0.4 0   -53.6 0   -53.2 0    -1.6 0    71.2 0     4.2 0   304.9 0   938.2 0
 2019   2  1  2 14 30 14.500  93.91    -2.0 0    -0.2 0    -0.1 0     0.7 0   237.3 0   271.48 0   271.30 0   290.3 0   271.23 0   271.28 0     0.0 0     0.4 0     0.7 0   -52.9 0   -52.2 0    -1.6 0    71.1 0     5.1 0   302.2 0   938.2 0
 2019   2  1  2 14 31 14.517  93.77    -1.9 0    -0.4 0    -0.3 0     0.8 0   237.6 0   271.50 0   271.34 0   289.9 0   271.24 0   271.28 0     0.0 0     0.4 0     0.8 0   -52.3 0   -51.5 0    -1.5 0    70.9 0     4.8 0   298.8 0   938.2 0
 2019   2  1  2 14 32 14.533  93.63    -1.8 0    -0.5 0    -0.4 0     0.8 0   236.6 0   271.53 0   271.36 0   290.0 0   271.26 0   271.28 0     0.0 0     0.4 0     0.8 0   -53.5 0   -52.7 0    -1.5 0    70.8 0     4.8 0   302.3 0   938.2 0
 2019   2  1  2 14 33 14.550  93.48    -1.3 0     0.0 0     0.0 0     1.1 0   235.4 0   271.55 0   271.35 0   289.6 0   271.26 0   271.28 0     0.0 0     0.4 0     1.1 0   -54.2 0   -53.1 0    -1.5 0    70.9 0     4.4 0   311.3 0   938.1 0
 2019   2  1  2 14 34 14.567  93.34    -1.0 0     0.0 0     0.1 0     1.2 0   234.1 0   271.57 0   271.33 0   288.3 0   271.26 0   271.23 0     0.0 0     0.4 0     1.2 0   -54.2 0   -53.0 0    -1.7 0    71.3 0     3.5 0   321.9 0   938.1 0
 2019   2  1  2 14 35 14.583  93.20    -1.0 0     0.2 0     0.4 0     1.5 0   232.7 0   271.57 0   271.28 0   287.2 0   271.24 0   271.19 0     0.0 0     0.4 0     1.3 0   -54.4 0   -53.2 0    -1.9 0    72.2 0     3.0 0   321.5 0   938.1 0
 2019   2  1  2 14 36 14.600  93.06    -0.4 0     0.8 0     0.4 0     1.8 0   231.7 0   271.54 0   271.21 0   286.1 0   271.21 0   271.14 0     0.0 0     0.5 0     1.0 0   -54.4 0   -53.4 0    -2.0 0    73.0 0     3.2 0   313.3 0   938.1 0
 2019   2  1  2 14 37 14.617  92.92     0.0 0     0.8 0     0.4 0     2.0 0   231.7 0   271.51 0   271.19 0   286.2 0   271.17 0   271.11 0     0.0 0     0.7 0     1.2 0   -54.6 0   -53.4 0    -2.1 0    73.2 0     3.1 0   315.4 0   938.1 0
 2019   2  1  2 14 38 14.633  92.78     0.2 0     0.8 0     0.4 0     2.3 0   231.1 0   271.48 0   271.18 0   286.2 0   271.13 0   271.09 0     0.0 0     0.7 0     1.5 0   -55.2 0   -53.6 0    -2.1 0    73.2 0     2.7 0   311.5 0   938.0 0
 2019   2  1  2 14 39 14.650  92.64     0.9 0     0.8 0     0.4 0     2.6 0   230.4 0   271.46 0   271.18 0   286.0 0   271.10 0   271.06 0     0.0 0     0.7 0     1.8 0   -55.5 0   -53.7 0    -2.2 0    73.2 0     2.7 0   315.8 0   938.1 0
 2019   2  1  2 14 40 14.667  92.50     1.0 0     0.8 0     0.4 0     2.8 0   229.4 0   271.43 0   271.11 0   285.0 0   271.08 0   271.02 0     0.0 0     0.9 0     2.0 0   -55.6 0   -53.6 0    -2.2 0    73.4 0     2.9 0   318.9 0   938.2 0
 2019   2  1  2 14 41 14.683  92.36     1.5 0     0.8 0     0.4 0     3.3 0   229.3 0   271.39 0   271.04 0   284.5 0   271.03 0   270.99 0     0.0 0     1.1 0     2.5 0   -55.1 0   -52.6 0    -2.2 0    73.7 0     3.0 0   319.5 0   938.1 0
 2019   2  1  2 14 42 14.700  92.21     2.0 0     0.8 0     0.4 0     3.5 0   230.0 0   271.35 0   271.04 0   285.5 0   271.00 0   271.00 0     0.0 0     1.1 0     2.7 0   -55.5 0   -52.8 0    -2.1 0    73.4 0     3.1 0   319.7 0   938.1 0
 2019   2  1  2 14 43 14.717  92.08     2.0 0     0.8 0     0.4 0     3.6 0   230.5 0   271.33 0   271.06 0   287.1 0   270.99 0   271.04 0     0.0 0     1.4 0     2.8 0   -56.6 0   -53.8 0    -1.9 0    72.8 0     3.8 0   327.4 0   938.1 0
 2019   2  1  2 14 44 14.733  91.94     2.0 0     0.8 0     0.4 0     4.0 0   230.4 0   271.31 0   271.06 0   287.0 0   270.99 0   271.03 0     0.0 0     1.5 0     3.2 0   -56.6 0   -53.4 0    -1.8 0    72.1 0     3.5 0   326.0 0   938.1 0
 2019   2  1  2 14 45 14.750  91.80     2.2 0     1.0 0     0.4 0     4.3 0   230.2 0   271.30 0   271.01 0   285.1 0   270.99 0   270.98 0     0.0 0     1.6 0     3.3 0   -54.9 0   -51.6 0    -1.9 0    71.9 0     1.8 0   328.0 0   938.2 0
 2019   2  1  2 14 46 14.767  91.66     2.9 0     1.6 0     0.4 0     4.5 0   230.5 0   271.28 0   270.98 0   285.2 0   270.99 0   270.96 0     0.0 0     1.9 0     2.9 0   -54.8 0   -51.8 0    -2.0 0    72.7 0     2.5 0   332.5 0   938.2 0
 2019   2  1  2 14 47 14.783  91.52     2.9 0     1.6 0     0.4 0     4.8 0   230.6 0   271.25 0   270.96 0   284.3 0   270.96 0   270.92 0     0.0 0     1.9 0     3.2 0   -53.7 0   -50.5 0    -2.0 0    72.6 0     1.9 0   331.5 0   938.2 0
 2019   2  1  2 14 48 14.800  91.38     3.0 0     1.6 0     0.4 0     5.1 0   230.6 0   271.22 0   270.91 0   283.1 0   270.93 0   270.88 0     0.0 0     2.1 0     3.5 0   -52.5 0   -49.0 0    -2.2 0    73.3 0     1.4 0   332.4 0   938.2 0
 2019   2  1  2 14 49 14.817  91.24     3.8 0     1.6 0     0.4 0     5.1 0   231.0 0   271.18 0   270.88 0   283.4 0   270.90 0   270.86 0     0.0 0     2.1 0     3.5 0   -52.4 0   -48.9 0    -2.2 0    73.8 0     1.8 0   344.1 0   938.2 0
 2019   2  1  2 14 50 14.833  91.11     3.9 0     1.6 0     0.4 0     5.2 0   231.9 0   271.14 0   270.87 0   284.7 0   270.87 0   270.84 0     0.0 0     2.4 0     3.6 0   -52.7 0   -49.1 0    -2.2 0    73.9 0     1.5 0   336.8 0   938.2 0
 2019   2  1  2 14 51 14.850  90.97     3.9 0     1.6 0     0.4 0     5.5 0   232.1 0   271.13 0   270.87 0   283.4 0   270.84 0   270.81 0     0.0 0     2.5 0     3.9 0   -51.3 0   -47.4 0    -2.3 0    73.3 0     0.8 0    33.9 0   938.2 0
 2019   2  1  2 14 52 14.867  90.83     4.6 0     2.3 0     0.4 0     6.1 0   232.4 0   271.10 0   270.80 0   282.5 0   270.81 0   270.77 0     0.0 0     2.8 0     3.8 0   -50.1 0   -46.2 0    -2.4 0    73.9 0     0.9 0    53.6 0   938.2 0
 2019   2  1  2 14 53 14.883  89.95     5.3 0     2.4 0     0.5 0     6.7 0   233.8 0   271.06 0   270.75 0   282.2 0   270.78 0   270.73 0     0.4 0     3.0 0     4.3 0   -48.4 0   -44.1 0    -2.4 0    74.0 0     0.7 0    29.8 0   938.2 0
 2019   2  1  2 14 54 14.900  89.86     5.9 0     2.4 0     0.7 0     7.3 0   235.2 0   271.01 0   270.67 0   282.4 0   270.75 0   270.70 0     0.4 0     3.2 0     4.9 0   -47.2 0   -42.4 0    -2.5 0    74.3 0     1.0 0    38.8 0   938.2 0
 2019   2  1  2 14 55 14.917  89.76     6.6 0     2.7 0     0.9 0     8.1 0   237.0 0   270.96 0   270.59 0   282.5 0   270.71 0   270.67 0     0.4 0     3.6 0     5.4 0   -45.5 0   -40.1 0    -2.6 0    75.3 0     1.4 0    41.8 0   938.2 0
 2019   2  1  2 14 56 14.933  89.66     7.6 0     3.2 0     1.2 0     9.1 0   238.2 0   270.88 0   270.54 0   281.6 0   270.68 0   270.64 0     0.5 0     3.9 0     5.9 0   -43.5 0   -37.6 0    -2.6 0    74.8 0     1.0 0    15.3 0   938.3 0
 2019   2  1  2 14 57 14.950  89.56     8.4 0     3.5 0     5.5 0     9.9 0   237.8 0   270.82 0   270.48 0   281.0 0   270.64 0   270.60 0     0.5 0     4.3 0     6.4 0   -43.2 0   -36.8 0    -2.7 0    74.8 0     1.1 0    40.7 0   938.3 0
 2019   2  1  2 14 58 14.967  89.45     9.4 0     4.1 0    38.3 0    10.5 0   237.6 0   270.76 0   270.42 0   280.2 0   270.61 0   270.60 0     0.5 0     4.6 0     6.7 0   -42.6 0   -35.9 0    -2.7 0    75.6 0     1.2 0    30.6 0   938.3 0
 2019   2  1  2 14 59 14.983  89.35    10.3 0     4.8 0    94.8 0    11.1 0   236.8 0   270.71 0   270.40 0   279.9 0   270.57 0   270.59 0     0.5 0     4.9 0     7.4 0   -43.1 0   -35.7 0    -2.7 0    75.6 0     1.2 0    22.8 0   938.4 0
 2019   2  1  2 15  0 15.000  89.24    10.9 0     5.5 0   148.8 0    11.7 0   236.8 0   270.69 0   270.40 0   279.8 0   270.54 0   270.59 0     0.6 0     5.3 0     8.1 0   -43.0 0   -34.8 0    -2.7 0    75.3 0     0.8 0    23.3 0   938.3 0
 2019   2  1  2 15  1 15.017  89.13    11.3 0     6.1 0   178.6 0    12.0 0   237.2 0   270.67 0   270.41 0   280.0 0   270.51 0   270.57 0     0.6 0     5.6 0     8.7 0   -42.8 0   -34.1 0    -2.7 0    74.8 0     0.6 0    36.5 0   938.3 0
 2019   2  1  2 15  2 15.033  89.02    12.1 0     6.6 0   193.7 0    12.8 0   237.3 0   270.66 0   270.36 0   280.7 0   270.48 0   270.53 0     0.6 0     6.0 0     9.5 0   -43.4 0   -33.9 0    -2.8 0    75.1 0     1.2 0     2.6 0   938.3 0
 2019   2  1  2 15  3 15.050  88.90    12.9 0     7.1 0   208.1 0    13.5 0   237.7 0   270.64 0   270.32 0   281.3 0   270.44 0   270.50 0     0.7 0     6.4 0    10.4 0   -43.6 0   -33.2 0    -2.9 0    75.9 0     1.0 0   336.1 0   938.4 0
 2019   2  1  2 15  4 15.067  88.79    13.2 0     7.7 0   218.3 0    14.1 0   237.8 0   270.62 0   270.35 0   281.6 0   270.40 0   270.52 0     0.8 0     6.8 0    11.1 0   -43.8 0   -32.7 0    -2.8 0    76.6 0     1.7 0     2.1 0   938.4 0
 2019   2  1  2 15  5 15.083  88.67    13.2 0     7.7 0   221.7 0    14.2 0   237.8 0   270.62 0   270.39 0   282.2 0   270.40 0   270.51 0     0.8 0     7.1 0    11.6 0   -44.3 0   -32.7 0    -2.6 0    75.0 0     1.1 0    10.4 0   938.4 0
 2019   2  1  2 15  6 15.100  88.56    13.2 0     7.1 0   174.3 0    14.7 0   239.0 0   270.62 0   270.36 0   282.1 0   270.38 0   270.49 0     0.8 0     7.3 0    12.0 0   -43.1 0   -31.1 0    -2.5 0    74.9 0     0.7 0     8.8 0   938.4 0
 2019   2  1  2 15  7 15.117  88.44    13.4 0     6.1 0    80.3 0    15.7 0   242.3 0   270.62 0   270.40 0   282.2 0   270.35 0   270.43 0     0.8 0     7.6 0    11.8 0   -40.0 0   -28.2 0    -2.4 0    74.7 0     0.3 0    67.0 0   938.5 0
 2019   2  1  2 15  8 15.133  88.32    15.0 0     5.8 0    25.1 0    17.3 0   246.5 0   270.61 0   270.34 0   282.6 0   270.35 0   270.38 0     0.8 0     8.1 0    12.3 0   -36.1 0   -23.8 0    -2.4 0    74.3 0     0.6 0   122.8 0   938.6 0
 2019   2  1  2 15  9 15.150  88.21    18.0 0     7.9 0    90.0 0    19.4 0   253.6 0   270.59 0   270.37 0   283.6 0   270.32 0   270.38 0     0.8 0     9.2 0    14.3 0   -30.0 0   -15.7 0    -2.4 0    74.3 0     1.0 0   138.2 0   938.6 0
 2019   2  1  2 15 10 15.167  88.09    21.1 0    10.7 0   190.1 0    21.8 0   260.8 0   270.59 0   270.39 0   285.7 0   270.32 0   270.43 0     0.8 0    10.4 0    17.4 0   -24.9 0    -7.4 0    -2.3 0    74.2 0     1.0 0   147.0 0   938.6 0
 2019   2  1  2 15 11 15.183  87.97    23.0 0    12.8 0   266.3 0    23.3 0   264.9 0   270.59 0   270.42 0   286.7 0   270.32 0   270.48 0     1.0 0 -9999.9 1    20.0 0   -21.8 0    -1.9 0    -2.2 0    73.8 0     0.9 0   165.2 0   938.6 0
 2019   2  1  2 15 12 15.200  87.85    23.4 0    13.9 0   300.2 0    24.0 0   268.3 0   270.63 0   270.50 0   288.4 0   270.32 0   270.52 0     1.0 0 -9999.9 1    21.4 0   -20.0 0     1.3 0    -2.1 0    73.6 0     1.0 0   185.2 0   938.5 0
 2019   2  1  2 15 13 15.217  87.73    25.6 0    15.2 0   315.3 0    26.2 0   273.9 0   270.68 0   270.58 0   289.8 0   270.34 0   270.56 0     1.0 0 -9999.9 1    23.4 0   -15.9 0     7.5 0    -2.0 0    73.1 0     0.7 0   141.4 0   938.5 0
 2019   2  1  2 15 14 15.233  87.61    29.0 0    17.0 0   326.2 0    29.5 0   280.7 0   270.74 0   270.68 0   290.8 0   270.35 0   270.60 0     1.0 0 -9999.9 1    26.0 0   -10.2 0    15.9 0    -1.8 0    72.4 0     1.0 0   152.6 0   938.4 0
 2019   2  1  2 15 15 15.250  87.49    30.9 0    18.3 0   333.1 0    31.8 0   286.6 0   270.82 0   270.82 0   292.2 0   270.38 0   270.63 0     1.0 0 -9999.9 1    28.1 0    -5.6 0    22.5 0    -1.7 0    72.2 0     1.3 0   157.1 0   938.4 0
 2019   2  1  2 15 16 15.267  87.37    31.1 0    19.0 0   340.3 0    32.5 0   290.4 0   270.93 0   270.97 0   293.5 0   270.40 0   270.68 0     1.1 0 -9999.9 1    29.1 0    -3.1 0    26.0 0    -1.6 0    71.9 0     0.8 0   159.3 0   938.3 0
 2019   2  1  2 15 17 15.283  87.25    31.8 0    19.5 0   347.4 0    33.1 0   292.3 0   271.04 0   271.02 0   294.2 0   270.44 0   270.71 0     1.1 0 -9999.9 1    30.2 0    -1.9 0    28.3 0    -1.5 0    71.1 0     1.4 0   140.2 0   938.3 0
 2019   2  1  2 15 18 15.300  87.13    31.7 0    19.8 0   354.9 0    32.9 0   293.0 0   271.13 0   271.11 0   294.8 0   270.49 0   270.76 0     1.1 0 -9999.9 1    30.9 0    -1.7 0    29.2 0    -1.4 0    70.7 0     1.5 0   136.8 0   938.3 0
 2019   2  1  2 15 19 15.317  87.01    31.2 0    20.0 0   365.9 0    32.3 0   293.7 0   271.22 0   271.18 0   294.7 0   270.53 0   270.79 0     1.1 0 -9999.9 1    31.3 0    -1.0 0    30.3 0    -1.4 0    70.5 0     1.7 0   143.5 0   938.3 0
 2019   2  1  2 15 20 15.333  86.89    33.2 0    21.1 0   376.6 0    33.4 0   295.7 0   271.31 0   271.26 0   295.3 0   270.56 0   270.81 0     1.2 0 -9999.9 1    32.8 0     0.0 0    32.8 0    -1.5 0    70.9 0     1.5 0   142.5 0   938.3 0
 2019   2  1  2 15 21 15.350  86.77    35.3 0    22.1 0   383.1 0    34.6 0   297.1 0   271.39 0   271.36 0   295.5 0   270.59 0   270.84 0     1.2 0 -9999.9 1    34.0 0     0.0 0    34.0 0    -1.6 0    71.0 0     1.0 0   164.6 0   938.3 0
 2019   2  1  2 15 22 15.367  86.65    36.4 0    22.5 0   390.7 0    34.6 0   298.7 0   271.49 0   271.45 0   296.1 0   270.62 0   270.86 0     1.2 0 -9999.9 1    34.9 0     0.0 0    34.9 0    -1.6 0    71.6 0     1.2 0   143.3 0   938.4 0
 2019   2  1  2 15 23 15.383  86.53    38.5 0    23.0 0   399.7 0    34.6 0   300.2 0   271.58 0   271.55 0   296.8 0   270.66 0   270.92 0     1.2 0 -9999.9 1    35.8 0     0.0 0    35.8 0    -1.5 0    71.1 0     1.3 0   124.7 0   938.3 0
 2019   2  1  2 15 24 15.400  86.41    40.8 0    23.6 0   404.8 0    34.6 0   301.7 0   271.67 0   271.65 0   297.6 0   270.70 0   270.97 0     1.2 0 -9999.9 1    36.4 0     0.0 0    36.4 0    -1.4 0    71.4 0     1.4 0   133.1 0   938.3 0
 2019   2  1  2 15 25 15.417  86.29    43.5 0    23.8 0   415.2 0    35.1 0   303.5 0   271.77 0   271.83 0   298.9 0   270.75 0   271.06 0     1.2 0 -9999.9 1    38.2 0     0.0 0    38.2 0    -1.2 0    71.6 0     1.6 0   199.1 0   938.3 0
 2019   2  1  2 15 26 15.433  86.17    45.6 0    24.4 0   423.6 0    35.2 0   304.3 0   271.90 0   272.01 0   300.1 0   270.81 0   271.14 0     1.2 0 -9999.9 1    39.1 0     0.0 0    39.1 0    -1.0 0    70.6 0     1.5 0   208.5 0   938.3 0
 2019   2  1  2 15 27 15.450  86.05    46.7 0    24.6 0   430.5 0    34.0 0   304.7 0   272.05 0   272.16 0   300.5 0   270.89 0   271.22 0     1.2 0 -9999.9 1    39.0 0     0.0 0    39.0 0    -0.8 0    69.9 0     1.4 0   269.2 0   938.3 0
 2019   2  1  2 15 28 15.467  85.93    48.4 0    24.6 0   436.3 0    33.0 0   305.1 0   272.20 0   272.26 0   300.4 0   270.96 0   271.27 0     1.3 0 -9999.9 1    39.4 0     0.0 0    39.4 0    -0.7 0    69.8 0     1.6 0   294.2 0   938.4 0
 2019   2  1  2 15 29 15.483  85.81    51.1 0    24.7 0   443.8 0    33.0 0   306.5 0   272.34 0   272.48 0   301.8 0   271.04 0   271.42 0     1.3 0 -9999.9 1    40.8 0     0.0 0    40.8 0    -0.5 0    69.7 0     2.7 0   299.5 0   938.4 0
 2019   2  1  2 15 30 15.500  85.69    53.4 0    25.5 0   451.7 0    33.1 0   305.8 0   272.51 0   272.60 0   301.3 0   271.14 0   271.47 0     1.3 0 -9999.9 1    41.6 0     0.0 0    41.6 0    -0.4 0    68.1 0     1.9 0   337.2 0   938.4 0
 2019   2  1  2 15 31 15.517  85.57    55.4 0    26.2 0   460.1 0    33.0 0   305.2 0   272.65 0   272.65 0   300.8 0   271.22 0   271.51 0     1.3 0 -9999.9 1    42.3 0     0.0 0    42.3 0    -0.5 0    68.0 0     1.5 0   358.3 0   938.5 0
 2019   2  1  2 15 32 15.533  85.45    54.7 0    25.5 0   440.9 0    32.2 0   305.9 0   272.77 0   272.77 0   301.4 0   271.28 0   271.56 0     1.4 0 -9999.9 1    41.7 0     0.0 0    41.7 0    -0.5 0    69.2 0     2.0 0   334.9 0   938.5 0
 2019   2  1  2 15 33 15.550  85.33    42.5 0    19.1 0   263.7 0    30.7 0   306.9 0   272.89 0   272.94 0   302.7 0   271.36 0   271.70 0     1.4 0    19.2 0    33.1 0     0.0 0    33.1 0    -0.3 0    69.9 0     3.2 0   300.4 0   938.5 0
 2019   2  1  2 15 34 15.567  85.21    34.8 0    15.0 0   152.3 0    29.3 0   307.0 0   273.01 0   273.10 0   302.9 0   271.47 0   271.79 0     1.5 0    17.0 0    27.0 0     0.0 0    27.0 0    -0.1 0    68.9 0     2.9 0   284.2 0   938.4 0
 2019   2  1  2 15 35 15.583  85.09    25.6 0    10.0 0    38.0 0    28.0 0   306.7 0   273.12 0   273.21 0   302.9 0   271.59 0   271.87 0     1.6 0    13.9 0    21.3 0     0.0 0    21.3 0     0.1 0    68.1 0     4.5 0   295.5 0   938.4 0
 2019   2  1  2 15 36 15.600  84.97    24.2 0     8.9 0     3.9 0    28.2 0   305.6 0   273.21 0   273.24 0   301.6 0   271.70 0   271.89 0     1.6 0    13.4 0    19.6 0     0.0 0    19.6 0     0.0 0    67.4 0     3.0 0   343.8 0   938.4 0
 2019   2  1  2 15 37 15.617  84.85    25.7 0    10.0 0     2.7 0    29.3 0   305.2 0   273.27 0   273.22 0   300.9 0   271.78 0   271.90 0     1.8 0    13.8 0    19.5 0     0.0 0    19.5 0    -0.3 0    68.9 0     2.1 0   329.5 0   938.6 0
 2019   2  1  2 15 38 15.633  84.74    26.0 0    10.1 0     1.9 0    29.3 0   304.5 0   273.30 0   273.22 0   299.8 0   271.83 0   271.92 0     1.7 0    13.9 0    19.4 0     0.0 0    19.4 0    -0.4 0    68.5 0     1.7 0     7.3 0   938.8 0
 2019   2  1  2 15 39 15.650  84.62    26.4 0    10.2 0     1.6 0    29.3 0   304.3 0   273.31 0   273.22 0   299.9 0   271.87 0   271.94 0     1.8 0    14.0 0    19.2 0     0.0 0    19.2 0    -0.6 0    69.9 0     2.7 0   332.9 0   938.9 0
 2019   2  1  2 15 40 15.667  84.50    26.9 0    10.1 0     1.1 0    29.8 0   305.5 0   273.33 0   273.32 0   302.2 0   271.91 0   272.07 0     1.9 0    14.1 0    19.8 0     0.0 0    19.8 0    -0.4 0    69.8 0     4.1 0   296.8 0   938.7 0
 2019   2  1  2 15 41 15.683  84.38    26.9 0    10.1 0     0.6 0    29.9 0   305.5 0   273.37 0   273.40 0   302.1 0   271.99 0   272.15 0     1.9 0    14.3 0    19.8 0     0.0 0    19.8 0    -0.2 0    69.0 0     2.9 0   301.0 0   938.9 0
 2019   2  1  2 15 42 15.700  84.27    27.3 0    10.4 0     0.4 0    30.3 0   305.0 0   273.42 0   273.41 0   301.4 0   272.05 0   272.17 0     2.0 0    14.5 0    19.9 0     0.0 0    19.9 0    -0.2 0    68.6 0     3.0 0   329.5 0   939.0 0
 2019   2  1  2 15 43 15.717  84.15    27.9 0    10.9 0     0.4 0    30.6 0   305.2 0   273.46 0   273.43 0   301.2 0   272.10 0   272.18 0     2.0 0    14.7 0    19.8 0     0.0 0    19.8 0    -0.3 0    69.0 0     1.5 0   330.6 0   939.0 0
 2019   2  1  2 15 44 15.733  84.04    27.9 0    10.8 0     0.4 0    30.6 0   305.8 0   273.49 0   273.47 0   302.0 0   272.14 0   272.27 0     2.0 0    14.6 0    19.9 0     0.0 0    19.9 0    -0.2 0    69.3 0     3.2 0   313.1 0   939.2 0
 2019   2  1  2 15 45 15.750  83.92    27.9 0    10.9 0     0.4 0    30.6 0   305.9 0   273.53 0   273.51 0   302.1 0   272.19 0   272.30 0     2.0 0    14.7 0    19.8 0     0.0 0    19.8 0    -0.2 0    68.8 0     2.2 0   288.9 0   939.3 0
 2019   2  1  2 15 46 15.767  83.80    27.9 0    10.8 0     0.4 0    30.6 0   306.3 0   273.57 0   273.58 0   302.9 0   272.24 0   272.38 0     1.9 0    14.7 0    19.9 0     0.0 0    19.9 0     0.0 0    68.6 0     3.3 0   277.9 0   939.2 0
 2019   2  1  2 15 47 15.783  83.69    27.9 0    10.1 0     0.4 0    30.6 0   306.4 0   273.62 0   273.63 0   303.6 0   272.31 0   272.47 0     2.0 0    14.7 0    20.6 0     0.0 0    20.6 0     0.1 0    67.9 0     5.0 0   281.8 0   939.3 0
 2019   2  1  2 15 48 15.800  83.58    27.9 0    10.3 0     0.4 0    30.9 0   306.4 0   273.66 0   273.66 0   303.4 0   272.38 0   272.51 0     2.1 0    15.0 0    20.6 0     0.0 0    20.6 0     0.1 0    68.1 0     3.0 0   277.3 0   939.3 0
 2019   2  1  2 15 49 15.817  83.46    28.9 0    10.9 0     0.4 0    31.5 0   306.5 0   273.71 0   273.70 0   303.4 0   272.44 0   272.56 0     2.1 0    15.3 0    20.7 0     0.0 0    20.7 0     0.1 0    68.1 0     3.2 0   268.1 0   939.2 0
 2019   2  1  2 15 50 15.833  83.35    29.1 0    10.9 0     0.4 0    32.2 0   306.6 0   273.75 0   273.74 0   303.4 0   272.49 0   272.61 0     2.2 0    15.5 0    21.3 0     0.0 0    21.3 0     0.1 0    68.1 0     3.8 0   270.4 0   939.1 0
 2019   2  1  2 15 51 15.850  83.23    29.9 0    10.9 0     0.4 0    32.4 0   306.6 0   273.80 0   273.77 0   303.7 0   272.55 0   272.68 0     2.2 0    15.7 0    21.5 0     0.0 0    21.5 0     0.2 0    67.9 0     5.1 0   262.8 0   939.1 0
 2019   2  1  2 15 52 15.867  83.12    30.5 0    11.5 0     0.4 0    33.3 0   306.4 0   273.83 0   273.80 0   304.0 0   272.61 0   272.73 0     2.3 0    16.1 0    21.8 0     0.0 0    21.8 0     0.2 0    67.7 0     4.8 0   264.5 0   939.1 0
 2019   2  1  2 15 53 15.883  83.01    31.6 0    11.7 0     0.4 0    34.2 0   306.5 0   273.87 0   273.84 0   304.2 0   272.66 0   272.79 0     2.3 0    16.5 0    22.6 0     0.0 0    22.6 0     0.2 0    67.6 0     5.6 0   261.5 0   939.1 0
 2019   2  1  2 15 54 15.900  82.89    31.8 0    11.7 0     0.4 0    34.8 0   306.5 0   273.91 0   273.87 0   304.4 0   272.72 0   272.85 0     2.4 0    16.8 0    23.1 0     0.0 0    23.1 0     0.2 0    67.5 0     5.9 0   259.8 0   939.1 0
 2019   2  1  2 15 55 15.917  82.78    31.8 0    11.9 0     0.4 0    35.0 0   306.4 0   273.95 0   273.89 0   304.5 0   272.78 0   272.89 0     2.4 0    17.0 0    23.1 0     0.0 0    23.1 0     0.2 0    67.7 0     5.1 0   257.4 0   939.1 0
 2019   2  1  2 15 56 15.933  82.67    32.4 0    12.5 0     0.4 0    35.2 0   306.4 0   273.98 0   273.91 0   304.4 0   272.83 0   272.92 0     2.5 0    17.1 0    22.7 0     0.0 0    22.7 0     0.2 0    68.0 0     5.2 0   254.0 0   939.0 0
 2019   2  1  2 15 57 15.950  82.56    33.4 0    12.8 0     0.4 0    36.1 0   306.5 0   274.01 0   273.94 0   304.4 0   272.87 0   272.96 0     2.5 0    17.5 0    23.4 0     0.0 0    23.4 0     0.2 0    68.3 0     5.1 0   255.2 0   939.1 0
 2019   2  1  2 15 58 15.967  82.45    34.5 0    13.3 0     0.4 0    37.1 0   306.4 0   274.03 0   273.95 0   304.4 0   272.91 0   272.99 0     2.6 0    18.0 0    23.9 0     0.0 0    23.9 0     0.1 0    68.5 0     5.2 0   258.9 0   939.0 0
 2019   2  1  2 15 59 15.983  82.34    35.0 0    13.3 0     0.4 0    37.8 0   306.5 0   274.06 0   273.96 0   304.7 0   272.94 0   273.03 0     2.7 0    18.3 0    24.5 0     0.0 0    24.5 0     0.1 0    68.4 0     6.8 0   256.2 0   939.0 0
 2019   2  1  2 16  0 16.000  82.23    35.7 0    13.3 0     0.4 0    38.1 0   306.7 0   274.07 0   273.98 0   305.2 0   272.98 0   273.06 0     2.7 0    18.5 0    24.8 0     0.0 0    24.8 0     0.1 0    68.3 0     7.6 0   256.3 0   939.0 0
 2019   2  1  2 16  1 16.017  82.12    35.8 0    13.8 0     0.4 0    38.6 0   306.8 0   274.09 0   274.00 0   304.9 0   273.01 0   273.09 0     2.8 0    18.7 0    24.8 0     0.0 0    24.8 0     0.1 0    68.6 0     6.8 0   259.4 0   938.9 0
 2019   2  1  2 16  2 16.033  82.01    37.8 0    14.6 0     0.4 0    40.5 0   307.0 0   274.11 0   274.01 0   305.1 0   273.05 0   273.12 0     3.0 0    19.7 0    25.9 0     0.0 0    25.9 0     0.1 0    68.5 0     7.4 0   259.8 0   938.9 0
 2019   2  1  2 16  3 16.050  81.90    40.2 0    15.6 0     0.4 0    42.8 0   307.1 0   274.12 0   274.03 0   305.3 0   273.08 0   273.15 0     3.1 0    20.7 0    27.3 0     0.0 0    27.3 0     0.1 0    68.6 0     7.3 0   261.9 0   938.9 0
 2019   2  1  2 16  4 16.067  81.79    41.3 0    16.0 0     0.4 0    44.2 0   307.2 0   274.14 0   274.05 0   305.5 0   273.10 0   273.18 0     3.2 0    21.3 0    28.3 0     0.0 0    28.3 0     0.1 0    68.3 0     8.0 0   263.1 0   938.8 0
 2019   2  1  2 16  5 16.083  81.68    43.0 0    16.7 0     0.1 0    45.7 0   307.2 0   274.16 0   274.07 0   305.7 0   273.13 0   273.22 0     3.3 0    22.1 0    29.1 0     0.0 0    29.1 0     0.2 0    67.9 0     7.2 0   262.0 0   938.7 0
 2019   2  1  2 16  6 16.100  81.57    45.1 0    17.5 0     0.0 0    47.9 0   307.3 0   274.17 0   274.09 0   305.7 0   273.16 0   273.24 0     3.4 0    23.0 0    30.4 0     0.0 0    30.4 0     0.2 0    68.1 0     6.3 0   265.4 0   938.7 0
 2019   2  1  2 16  7 16.117  81.46    45.5 0    18.2 0     0.0 0    48.7 0   307.4 0   274.19 0   274.11 0   305.6 0   273.19 0   273.26 0     3.5 0    23.3 0    30.6 0     0.0 0    30.6 0     0.2 0    68.2 0     6.7 0   265.2 0   938.7 0
 2019   2  1  2 16  8 16.133  81.36    45.9 0    18.2 0     0.0 0    49.1 0   307.6 0   274.21 0   274.14 0   306.3 0   273.22 0   273.30 0     3.6 0    23.6 0    31.0 0     0.0 0    31.0 0     0.2 0    67.5 0     7.8 0   263.2 0   938.6 0
 2019   2  1  2 16  9 16.150  81.25    46.8 0    18.2 0     0.0 0    49.8 0   307.4 0   274.23 0   274.16 0   306.2 0   273.24 0   273.34 0     3.8 0    23.9 0    31.7 0     0.0 0    31.7 0     0.3 0    67.3 0     8.1 0   265.1 0   938.6 0
 2019   2  1  2 16 10 16.167  81.15    48.2 0    18.6 0     0.0 0    51.2 0   307.3 0   274.25 0   274.18 0   306.5 0   273.28 0   273.37 0     3.9 0    24.7 0    32.6 0     0.0 0    32.6 0     0.3 0    66.9 0     8.6 0   267.7 0   938.6 0
 2019   2  1  2 16 11 16.183  81.04    50.0 0    19.4 0     0.0 0    53.0 0   307.0 0   274.27 0   274.20 0   306.5 0   273.31 0   273.38 0     4.0 0    25.4 0    33.6 0     0.0 0    33.6 0     0.3 0    67.4 0     7.8 0   265.4 0   938.6 0
 2019   2  1  2 16 12 16.200  80.93    50.4 0    19.8 0     0.0 0    53.8 0   307.4 0   274.29 0   274.21 0   306.5 0   273.34 0   273.42 0     4.1 0    25.9 0    34.0 0     0.0 0    34.0 0     0.3 0    67.2 0     8.0 0   264.2 0   938.6 0
 2019   2  1  2 16 13 16.217  80.83    50.6 0    19.8 0     0.0 0    54.0 0   307.3 0   274.30 0   274.23 0   306.5 0   273.37 0   273.44 0     4.2 0    26.0 0    34.3 0     0.0 0    34.3 0     0.3 0    67.4 0     7.7 0   263.8 0   938.6 0
 2019   2  1  2 16 14 16.233  80.72    52.9 0    20.7 0     0.0 0    55.9 0   307.3 0   274.32 0   274.25 0   306.4 0   273.38 0   273.45 0     4.3 0    26.9 0    35.2 0     0.0 0    35.2 0     0.3 0    67.7 0     6.8 0   262.0 0   938.6 0
 2019   2  1  2 16 15 16.250  80.62    55.3 0    21.7 0    -0.2 0    58.5 0   307.7 0   274.35 0   274.30 0   306.6 0   273.40 0   273.48 0     4.4 0    28.0 0    36.8 0     0.0 0    36.8 0     0.3 0    67.6 0     6.3 0   265.2 0   938.6 0
 2019   2  1  2 16 16 16.267  80.52    55.4 0    21.7 0    -0.2 0    58.9 0   308.0 0   274.37 0   274.32 0   307.1 0   273.43 0   273.52 0     4.4 0    28.1 0    37.2 0     0.0 0    37.2 0     0.4 0    66.9 0     8.4 0   260.9 0   938.6 0
 2019   2  1  2 16 17 16.283  80.41    55.3 0    21.4 0    -0.1 0    58.9 0   308.0 0   274.40 0   274.34 0   307.0 0   273.45 0   273.53 0     4.4 0    28.1 0    37.5 0     0.0 0    37.5 0     0.4 0    67.2 0     6.8 0   261.6 0   938.6 0
 2019   2  1  2 16 18 16.300  80.31    55.3 0    21.4 0     0.0 0    58.9 0   307.6 0   274.41 0   274.35 0   307.1 0   273.48 0   273.55 0     4.5 0    28.1 0    37.5 0     0.0 0    37.5 0     0.4 0    67.2 0     7.1 0   271.8 0   938.6 0
 2019   2  1  2 16 19 16.317  80.21    54.8 0    21.4 0     0.0 0    58.3 0   307.8 0   274.44 0   274.36 0   306.8 0   273.50 0   273.58 0     4.6 0    28.1 0    36.9 0     0.0 0    36.9 0     0.4 0    67.4 0     6.5 0   269.3 0   938.7 0
 2019   2  1  2 16 20 16.333  80.11    55.1 0    21.6 0     0.0 0    58.5 0   307.5 0   274.45 0   274.39 0   307.0 0   273.52 0   273.58 0     4.8 0    28.3 0    36.9 0     0.0 0    36.9 0     0.4 0    67.4 0     6.4 0   261.6 0   938.7 0
 2019   2  1  2 16 21 16.350  80.01    57.3 0    22.4 0     0.0 0    60.6 0   307.3 0   274.48 0   274.41 0   307.1 0   273.53 0   273.61 0     5.0 0    29.3 0    38.2 0     0.0 0    38.2 0     0.4 0    67.0 0     7.1 0   257.5 0   938.7 0
 2019   2  1  2 16 22 16.367  79.90    59.3 0    23.3 0     0.0 0    62.6 0   306.3 0   274.50 0   274.42 0   306.9 0   273.55 0   273.63 0     5.2 0    30.3 0    39.4 0    -0.6 0    38.8 0     0.4 0    67.6 0     6.0 0   259.8 0   938.7 0
 2019   2  1  2 16 23 16.383  79.80    60.2 0    23.8 0     0.0 0    63.8 0   304.4 0   274.52 0   274.45 0   307.1 0   273.57 0   273.64 0     5.4 0    30.9 0    40.0 0    -2.7 0    37.3 0     0.4 0    67.6 0     5.3 0   266.4 0   938.8 0
 2019   2  1  2 16 24 16.400  79.70    60.5 0    23.8 0     0.0 0    64.2 0   301.6 0   274.54 0   274.47 0   306.8 0   273.58 0   273.67 0     5.7 0    31.1 0    40.4 0    -5.2 0    35.1 0     0.5 0    67.2 0     5.8 0   262.3 0   938.8 0
 2019   2  1  2 16 25 16.417  79.60    64.8 0    25.2 0     0.0 0    67.8 0   299.4 0   274.56 0   274.49 0   307.1 0   273.60 0   273.68 0     6.1 0    32.9 0    42.6 0    -7.6 0    35.0 0     0.5 0    67.2 0     6.1 0   267.2 0   938.8 0
 2019   2  1  2 16 26 16.433  79.51    73.2 0    28.6 0     0.0 0    76.0 0   299.8 0   274.58 0   274.50 0   307.0 0   273.62 0   273.70 0     6.3 0    36.5 0    47.4 0    -7.1 0    40.3 0     0.5 0    67.7 0     5.3 0   266.9 0   938.8 0
 2019   2  1  2 16 27 16.450  79.41    78.3 0    30.8 0     0.0 0    81.8 0   300.5 0   274.60 0   274.53 0   306.8 0   273.63 0   273.72 0     6.4 0    38.7 0    51.1 0    -6.3 0    44.8 0     0.4 0    67.8 0     4.7 0   268.7 0   938.9 0
 2019   2  1  2 16 28 16.467  79.31    79.8 0    31.1 0    -0.1 0    83.8 0   302.2 0   274.62 0   274.57 0   307.6 0   273.65 0   273.75 0     6.5 0    39.4 0    52.8 0    -5.4 0    47.4 0     0.5 0    67.4 0     7.6 0   262.9 0   938.9 0
 2019   2  1  2 16 29 16.483  79.21    78.5 0    30.4 0    -0.4 0    83.3 0   302.6 0   274.65 0   274.64 0   308.5 0   273.68 0   273.82 0     6.6 0    39.2 0    52.9 0    -5.9 0    47.0 0     0.7 0    65.9 0     7.8 0   264.5 0   938.8 0
 2019   2  1  2 16 30 16.500  79.11    80.5 0    31.3 0    -0.3 0    85.0 0   302.3 0   274.69 0   274.64 0   308.2 0   273.73 0   273.84 0     6.7 0    40.3 0    53.7 0    -5.9 0    47.8 0     0.7 0    65.9 0     7.8 0   256.3 0   938.7 0
 2019   2  1  2 16 31 16.517  79.02    84.3 0    33.2 0     1.4 0    88.6 0   302.4 0   274.71 0   274.65 0   308.3 0   273.76 0   273.86 0     6.8 0    42.0 0    55.7 0    -5.9 0    49.8 0     0.7 0    66.4 0     8.6 0   251.8 0   938.7 0
 2019   2  1  2 16 32 16.533  78.92    90.6 0    36.0 0    25.0 0    91.4 0   303.2 0   274.74 0   274.70 0   308.8 0   273.78 0   273.90 0     6.9 0    45.4 0    60.2 0    -5.6 0    54.5 0     0.7 0    66.1 0     8.8 0   257.0 0   938.6 0
 2019   2  1  2 16 33 16.550  78.83    90.6 0    35.9 0     4.5 0    95.1 0   302.8 0   274.78 0   274.74 0   308.9 0   273.82 0   273.94 0     7.0 0    45.1 0    60.1 0    -6.1 0    54.0 0     0.7 0    65.8 0     8.6 0   259.6 0   938.6 0
 2019   2  1  2 16 34 16.567  78.73    91.0 0    36.2 0     0.4 0    96.5 0   302.9 0   274.80 0   274.75 0   308.7 0   273.85 0   273.94 0     7.1 0    45.1 0    60.4 0    -5.8 0    54.6 0     0.7 0    66.7 0     7.0 0   265.6 0   938.6 0
 2019   2  1  2 16 35 16.583  78.64    98.1 0    39.2 0     9.4 0   101.6 0   304.6 0   274.84 0   274.79 0   308.8 0   273.87 0   273.96 0     7.3 0    48.4 0    64.3 0    -4.2 0    60.1 0     0.6 0    66.7 0     7.3 0   255.1 0   938.5 0
 2019   2  1  2 16 36 16.600  78.54   101.7 0    40.6 0    12.2 0   105.4 0   306.3 0   274.87 0   274.83 0   309.3 0   273.88 0   273.99 0     7.4 0    50.1 0    67.2 0    -3.0 0    64.2 0     0.6 0    66.3 0     8.8 0   258.4 0   938.6 0
 2019   2  1  2 16 37 16.617  78.45   105.7 0    42.5 0    48.0 0   104.5 0   305.7 0   274.90 0   274.88 0   309.9 0   273.91 0   274.03 0     7.6 0    52.6 0    71.5 0    -4.2 0    67.3 0     0.7 0    66.3 0     7.5 0   257.6 0   938.5 0
 2019   2  1  2 16 38 16.633  78.35   124.6 0    52.0 0   189.0 0   100.8 0   303.7 0   274.94 0   274.92 0   309.8 0   273.93 0   274.07 0     7.8 0    63.2 0    87.0 0    -6.1 0    80.9 0     0.8 0    66.1 0     8.3 0   258.4 0   938.5 0
 2019   2  1  2 16 39 16.650  78.26   160.9 0    70.2 0   393.5 0   102.2 0   303.8 0   275.00 0   274.98 0   311.3 0   273.97 0   274.15 0     8.0 0    81.1 0   112.0 0    -7.4 0   104.6 0     0.8 0    65.9 0     8.6 0   260.4 0   938.5 0
 2019   2  1  2 16 40 16.667  78.17   166.1 0    71.5 0   413.4 0   104.9 0   301.0 0   275.09 0   275.05 0   311.6 0   274.01 0   274.21 0     8.2 0    84.0 0   118.2 0   -10.6 0   107.5 0     0.8 0    65.9 0     8.0 0   258.1 0   938.5 0
 2019   2  1  2 16 41 16.683  78.08   117.2 0    48.3 0   109.4 0   106.9 0   294.4 0   275.17 0   275.10 0   310.5 0   274.05 0   274.21 0     8.4 0    59.2 0    81.2 0   -16.1 0    65.1 0     0.9 0    65.6 0     9.0 0   257.3 0   938.4 0
 2019   2  1  2 16 42 16.700  77.99   112.6 0    47.3 0   150.3 0    96.0 0   282.5 0   275.22 0   275.12 0   310.4 0   274.09 0   274.25 0     8.6 0    58.8 0    80.0 0   -27.9 0    52.2 0     1.0 0    65.2 0     9.3 0   257.5 0   938.4 0
 2019   2  1  2 16 43 16.717  77.90   111.9 0    47.1 0   210.5 0    84.8 0   272.5 0   275.28 0   275.17 0   309.8 0   274.13 0   274.30 0     8.9 0    58.0 0    81.8 0   -37.3 0    44.5 0     1.1 0    64.8 0     7.6 0   264.2 0   938.4 0
 2019   2  1  2 16 44 16.733  77.81    88.2 0    36.2 0    63.8 0    84.8 0   269.2 0   275.32 0   275.15 0   307.8 0   274.16 0   274.26 0     9.2 0    47.0 0    62.1 0   -38.6 0    23.5 0     1.0 0    65.5 0     7.3 0   265.7 0   938.3 0
 2019   2  1  2 16 45 16.750  77.72    98.7 0    40.3 0    58.0 0    94.8 0   274.0 0   275.35 0   275.15 0   307.9 0   274.18 0   274.25 0     9.5 0    50.8 0    66.9 0   -33.9 0    33.0 0     0.9 0    65.6 0     8.5 0   264.6 0   938.3 0
 2019   2  1  2 16 46 16.767  77.63   115.3 0    46.7 0    34.8 0   114.2 0   282.7 0   275.36 0   275.16 0   308.2 0   274.16 0   274.24 0     9.8 0    57.5 0    75.0 0   -25.5 0    49.5 0     0.8 0    66.1 0     9.3 0   257.3 0   938.3 0
 2019   2  1  2 16 47 16.783  77.54   169.5 0    71.7 0   266.3 0   128.6 0   286.0 0   275.37 0   275.23 0   309.9 0   274.17 0   274.31 0     9.9 0    84.7 0   114.4 0   -23.9 0    90.5 0     0.9 0    65.7 0     8.4 0   256.2 0   938.3 0
 2019   2  1  2 16 48 16.800  77.45   124.8 0    50.9 0    42.2 0   126.7 0   282.5 0   275.40 0   275.25 0   309.1 0   274.18 0   274.30 0     9.9 0    62.4 0    85.0 0   -26.6 0    58.4 0     0.8 0    66.1 0     8.8 0   256.6 0   938.3 0
 2019   2  1  2 16 49 16.817  77.36   105.1 0    42.8 0    20.1 0   111.9 0   270.5 0   275.42 0   275.21 0   308.3 0   274.18 0   274.26 0    10.0 0    53.6 0    73.5 0   -37.9 0    35.6 0     0.7 0    66.6 0     8.9 0   260.2 0   938.3 0
 2019   2  1  2 16 50 16.833  77.28    94.9 0    38.5 0    13.9 0   101.6 0   262.8 0   275.41 0   275.17 0   307.4 0   274.18 0   274.24 0    10.2 0    49.1 0    66.2 0   -44.7 0    21.5 0     0.7 0    66.7 0     8.7 0   260.8 0   938.3 0
 2019   2  1  2 16 51 16.850  77.19    93.2 0    37.7 0     4.5 0   100.9 0   262.7 0   275.39 0   275.13 0   306.8 0   274.16 0   274.20 0    10.4 0    48.2 0    64.3 0   -44.1 0    20.1 0     0.7 0    67.2 0     7.5 0   260.1 0   938.3 0
 2019   2  1  2 16 52 16.867  77.10   101.2 0    40.8 0     5.7 0   107.6 0   266.9 0   275.37 0   275.12 0   306.8 0   274.13 0   274.18 0    10.6 0    51.8 0    68.1 0   -39.9 0    28.1 0     0.6 0    67.5 0     7.5 0   262.9 0   938.3 0
 2019   2  1  2 16 53 16.883  77.02   122.8 0    50.1 0    49.5 0   120.4 0   271.9 0   275.36 0   275.13 0   307.4 0   274.11 0   274.19 0    10.8 0    62.8 0    81.4 0   -35.5 0    45.9 0     0.6 0    67.0 0     9.0 0   261.3 0   938.3 0
 2019   2  1  2 16 54 16.900  76.93   129.7 0    52.5 0    40.4 0   129.6 0   275.7 0   275.35 0   275.19 0   308.5 0   274.11 0   274.24 0    11.0 0    64.8 0    86.3 0   -32.9 0    53.4 0     0.8 0    66.3 0     8.9 0   263.6 0   938.3 0
 2019   2  1  2 16 55 16.917  76.85   140.5 0    57.3 0    77.8 0   134.3 0   272.2 0   275.37 0   275.18 0   308.5 0   274.13 0   274.25 0    11.1 0    70.9 0    94.7 0   -36.3 0    58.3 0     0.8 0    66.4 0     8.9 0   262.6 0   938.3 0
 2019   2  1  2 16 56 16.933  76.77   131.4 0    53.8 0    72.6 0   127.8 0   264.5 0   275.37 0   275.19 0   308.3 0   274.13 0   274.26 0    11.1 0    66.7 0    90.6 0   -43.8 0    46.8 0     0.8 0    66.5 0     8.4 0   264.2 0   938.3 0
 2019   2  1  2 16 57 16.950  76.68   140.7 0    58.9 0   161.3 0   119.8 0   263.7 0   275.38 0   275.19 0   308.2 0   274.13 0   274.27 0    11.2 0    72.3 0    98.1 0   -44.5 0    53.6 0     0.7 0    66.6 0     7.9 0   261.8 0   938.3 0
 2019   2  1  2 16 58 16.967  76.60   121.5 0    49.7 0    48.1 0   121.1 0   267.4 0   275.39 0   275.19 0   308.2 0   274.15 0   274.26 0    11.3 0    61.9 0    82.5 0   -40.9 0    41.7 0     0.8 0    66.7 0     9.3 0   260.1 0   938.3 0
 2019   2  1  2 16 59 16.983  76.52   153.5 0    64.2 0   165.0 0   129.3 0   275.0 0   275.41 0   275.25 0   309.2 0   274.16 0   274.29 0    11.4 0    78.4 0   103.5 0   -34.2 0    69.4 0     0.8 0    66.5 0     8.6 0   259.5 0   938.3 0
 2019   2  1  2 17  0 17.000  76.44   172.2 0    71.7 0   209.5 0   139.5 0   285.2 0   275.44 0   275.31 0   310.1 0   274.16 0   274.32 0    11.6 0    86.5 0   116.9 0   -24.8 0    92.1 0     0.8 0    66.3 0     9.6 0   259.3 0   938.3 0
 2019   2  1  2 17  1 17.017  76.36   153.4 0    62.4 0    77.0 0   146.7 0   291.3 0   275.47 0   275.37 0   310.6 0   274.18 0   274.34 0    11.5 0    76.8 0   102.5 0   -19.3 0    83.2 0     0.8 0    66.2 0    10.3 0   255.1 0   938.3 0
 2019   2  1  2 17  2 17.033  76.27   159.6 0    64.9 0   112.7 0   146.4 0   293.5 0   275.51 0   275.40 0   311.2 0   274.21 0   274.36 0    11.5 0    79.6 0   108.2 0   -17.8 0    90.4 0     0.9 0    66.2 0     8.3 0   256.4 0   938.3 0
 2019   2  1  2 17  3 17.050  76.19   150.7 0    60.9 0    80.9 0   143.9 0   294.9 0   275.54 0   275.45 0   311.3 0   274.22 0   274.39 0    11.5 0    75.0 0   102.4 0   -16.4 0    86.0 0     0.9 0    66.1 0     8.9 0   254.3 0   938.2 0
 2019   2  1  2 17  4 17.067  76.12   140.6 0    55.9 0    27.7 0   143.7 0   297.5 0   275.57 0   275.49 0   311.5 0   274.25 0   274.40 0    11.5 0    69.7 0    94.4 0   -14.0 0    80.3 0     1.0 0    66.3 0     7.2 0   253.9 0   938.2 0
 2019   2  1  2 17  5 17.083  76.04   139.7 0    55.8 0    36.4 0   141.5 0   296.9 0   275.60 0   275.51 0   311.3 0   274.27 0   274.42 0    11.6 0    69.4 0    94.5 0   -14.4 0    80.1 0     1.0 0    65.8 0     9.2 0   253.4 0   938.3 0
 2019   2  1  2 17  6 17.100  75.96   129.8 0    51.9 0    38.6 0   131.7 0   292.7 0   275.61 0   275.52 0   311.3 0   274.30 0   274.43 0    11.6 0    65.4 0    89.2 0   -18.6 0    70.6 0     1.0 0    65.9 0     8.6 0   252.9 0   938.3 0
 2019   2  1  2 17  7 17.117  75.88   122.1 0    48.4 0    10.0 0   128.5 0   290.7 0   275.63 0   275.52 0   310.7 0   274.31 0   274.45 0    11.7 0    61.2 0    82.5 0   -20.1 0    62.4 0     1.0 0    66.2 0     7.6 0   254.4 0   938.3 0
 2019   2  1  2 17  8 17.133  75.80   130.4 0    51.6 0    12.1 0   135.5 0   289.2 0   275.66 0   275.53 0   310.8 0   274.33 0   274.45 0    12.0 0    65.1 0    86.9 0   -21.6 0    65.3 0     1.0 0    65.8 0     8.7 0   251.7 0   938.3 0
 2019   2  1  2 17  9 17.150  75.73   127.7 0    50.7 0    15.0 0   133.9 0   282.8 0   275.66 0   275.53 0   310.6 0   274.35 0   274.47 0    12.0 0    63.8 0    86.8 0   -27.8 0    59.0 0     1.0 0    66.1 0     7.1 0   247.8 0   938.3 0
 2019   2  1  2 17 10 17.167  75.65   112.6 0    44.8 0     5.9 0   121.9 0   274.6 0   275.67 0   275.50 0   309.8 0   274.35 0   274.46 0    12.1 0    57.1 0    78.6 0   -35.1 0    43.5 0     1.0 0    66.1 0     7.6 0   252.4 0   938.3 0
 2019   2  1  2 17 11 17.183  75.58   115.4 0    46.7 0    37.8 0   116.7 0   270.2 0   275.68 0   275.48 0   309.1 0   274.35 0   274.45 0    12.3 0    59.7 0    79.4 0   -38.9 0    40.5 0     1.0 0    66.2 0     8.1 0   251.5 0   938.3 0
 2019   2  1  2 17 12 17.200  75.50   125.0 0    50.7 0    54.3 0   121.9 0   269.3 0   275.69 0   275.47 0   308.9 0   274.35 0   274.45 0    12.5 0    64.4 0    84.8 0   -39.6 0    45.2 0     0.9 0    66.2 0     8.2 0   252.5 0   938.3 0
 2019   2  1  2 17 13 17.217  75.43   136.6 0    55.2 0    49.8 0   134.3 0   275.4 0   275.69 0   275.50 0   309.4 0   274.35 0   274.45 0    12.6 0    68.8 0    91.6 0   -34.0 0    57.6 0     0.9 0    66.6 0     7.5 0   250.9 0   938.3 0
 2019   2  1  2 17 14 17.233  75.35   150.4 0    60.3 0    18.1 0   153.8 0   287.4 0   275.69 0   275.54 0   310.0 0   274.35 0   274.45 0    12.8 0    74.5 0    98.1 0   -22.6 0    75.5 0     0.8 0    66.9 0     7.6 0   252.9 0   938.3 0
 2019   2  1  2 17 15 17.250  75.28   181.6 0    72.6 0    28.1 0   182.3 0   298.9 0   275.71 0   275.62 0   311.3 0   274.35 0   274.49 0    13.0 0    88.0 0   116.8 0   -12.5 0   104.4 0     0.8 0    67.2 0     7.7 0   252.4 0   938.3 0
 2019   2  1  2 17 16 17.267  75.21   221.6 0    90.3 0   167.3 0   193.3 0   304.5 0   275.73 0   275.71 0   312.9 0   274.35 0   274.55 0    13.0 0   109.1 0   145.7 0    -8.3 0   137.4 0     0.8 0    66.9 0     7.5 0   248.2 0   938.3 0
 2019   2  1  2 17 17 17.283  75.14   213.7 0    86.9 0   153.7 0   189.7 0   307.7 0   275.78 0   275.76 0   313.7 0   274.38 0   274.60 0    12.8 0   105.4 0   142.3 0    -6.0 0   136.2 0     0.9 0    66.7 0     7.9 0   250.7 0   938.3 0
 2019   2  1  2 17 18 17.300  75.06   179.8 0    71.8 0    37.0 0   181.8 0   309.5 0   275.82 0   275.82 0   313.8 0   274.40 0   274.60 0    12.5 0    88.2 0   119.6 0    -4.2 0   115.3 0     0.9 0    66.8 0     7.1 0   250.8 0   938.3 0
 2019   2  1  2 17 19 17.317  74.99   161.8 0    64.0 0     2.8 0   172.0 0   308.6 0   275.86 0   275.82 0   313.6 0   274.43 0   274.60 0    12.4 0    79.9 0   108.7 0    -5.0 0   103.7 0     1.0 0    66.7 0     7.5 0   245.7 0   938.3 0
 2019   2  1  2 17 20 17.333  74.92   151.1 0    59.6 0     1.0 0   161.2 0   304.8 0   275.88 0   275.81 0   313.2 0   274.45 0   274.60 0    12.7 0    75.2 0   101.9 0    -8.5 0    93.4 0     1.0 0    66.7 0     7.6 0   258.7 0   938.4 0
 2019   2  1  2 17 21 17.350  74.85   153.4 0    60.3 0     0.8 0   161.4 0   302.0 0   275.90 0   275.82 0   313.0 0   274.47 0   274.62 0    13.0 0    75.9 0   101.3 0   -11.0 0    90.3 0     1.1 0    67.1 0     6.5 0   250.7 0   938.4 0
 2019   2  1  2 17 22 17.367  74.78   170.3 0    66.7 0     0.7 0   176.7 0   303.8 0   275.90 0   275.85 0   313.2 0   274.49 0   274.64 0    13.2 0    82.9 0   110.1 0    -9.4 0   100.7 0     1.1 0    66.3 0     8.1 0   249.5 0   938.4 0
 2019   2  1  2 17 23 17.383  74.72   180.7 0    70.7 0     0.4 0   188.3 0   308.9 0   275.93 0   275.91 0   313.7 0   274.50 0   274.67 0    13.1 0    87.2 0   117.7 0    -4.8 0   112.9 0     1.1 0    66.7 0     6.7 0   252.9 0   938.3 0
 2019   2  1  2 17 24 17.400  74.65   168.9 0    66.2 0     0.2 0   178.8 0   311.4 0   275.95 0   275.95 0   314.2 0   274.53 0   274.69 0    12.6 0    82.3 0   112.7 0    -2.8 0   109.9 0     1.1 0    66.7 0     7.0 0   250.7 0   938.4 0
 2019   2  1  2 17 25 17.417  74.58   146.7 0    57.5 0     1.2 0   156.8 0   310.8 0   275.97 0   275.93 0   313.9 0   274.55 0   274.69 0    12.4 0    72.7 0    99.5 0    -3.0 0    96.5 0     1.1 0    67.0 0     6.3 0   261.7 0   938.4 0
 2019   2  1  2 17 26 17.433  74.51   135.5 0    53.2 0     1.4 0   144.0 0   310.2 0   275.99 0   275.91 0   313.4 0   274.56 0   274.69 0    12.4 0    67.9 0    91.2 0    -3.2 0    87.9 0     1.1 0    66.7 0     7.3 0   260.3 0   938.4 0
 2019   2  1  2 17 27 17.450  74.45   131.0 0    51.4 0     0.4 0   138.5 0   308.2 0   276.00 0   275.90 0   313.0 0   274.57 0   274.69 0    12.7 0    65.6 0    87.2 0    -4.9 0    82.4 0     1.1 0    66.8 0     6.1 0   257.5 0   938.4 0
 2019   2  1  2 17 28 17.467  74.38   133.8 0    52.3 0     0.4 0   140.1 0   304.5 0   276.00 0   275.89 0   312.8 0   274.57 0   274.69 0    13.1 0    66.5 0    87.9 0    -8.3 0    79.6 0     1.0 0    67.2 0     5.5 0   253.5 0   938.4 0
 2019   2  1  2 17 29 17.483  74.32   143.4 0    55.9 0     0.4 0   148.7 0   302.2 0   276.00 0   275.90 0   313.0 0   274.57 0   274.69 0    13.5 0    70.2 0    92.9 0   -10.8 0    82.2 0     1.1 0    67.0 0     6.2 0   254.0 0   938.4 0
 2019   2  1  2 17 30 17.500  74.25   150.6 0    58.6 0     0.4 0   156.6 0   301.8 0   276.00 0   275.90 0   313.1 0   274.59 0   274.70 0    13.7 0    73.0 0    98.1 0   -11.3 0    86.8 0     1.1 0    66.6 0     6.8 0   256.9 0   938.4 0
 2019   2  1  2 17 31 17.517  74.19   155.5 0    60.6 0     0.4 0   161.4 0   304.2 0   276.00 0   275.91 0   313.2 0   274.59 0   274.71 0    13.6 0    75.1 0   100.9 0    -9.0 0    91.9 0     1.1 0    66.7 0     7.2 0   254.1 0   938.4 0
 2019   2  1  2 17 32 17.533  74.13   157.2 0    61.4 0     0.4 0   164.5 0   308.1 0   276.00 0   275.93 0   313.6 0   274.60 0   274.72 0    13.4 0    75.9 0   103.2 0    -5.4 0    97.7 0     1.0 0    66.7 0     6.8 0   254.0 0   938.4 0
 2019   2  1  2 17 33 17.550  74.07   144.5 0    56.4 0     0.8 0   153.2 0   309.7 0   276.02 0   275.95 0   313.5 0   274.60 0   274.74 0    13.1 0    70.4 0    97.0 0    -3.8 0    93.2 0     1.1 0    66.3 0     7.4 0   260.4 0   938.4 0
 2019   2  1  2 17 34 17.567  74.00   131.3 0    51.3 0     1.2 0   139.9 0   308.1 0   276.03 0   275.95 0   313.3 0   274.60 0   274.74 0    13.1 0    64.6 0    88.9 0    -5.2 0    83.7 0     1.1 0    66.1 0     7.8 0   250.5 0   938.4 0
 2019   2  1  2 17 35 17.583  73.94   123.8 0    48.3 0     0.8 0   131.3 0   304.0 0   276.03 0   275.93 0   313.1 0   274.62 0   274.74 0    13.3 0    61.1 0    83.3 0    -9.1 0    74.2 0     1.2 0    66.1 0     6.0 0   258.8 0   938.4 0
 2019   2  1  2 17 36 17.600  73.88   125.6 0    48.7 0     0.4 0   132.0 0   301.9 0   276.03 0   275.91 0   312.7 0   274.62 0   274.74 0    13.6 0    61.8 0    83.4 0   -10.9 0    72.6 0     1.2 0    66.2 0     5.6 0   261.9 0   938.4 0
 2019   2  1  2 17 37 17.617  73.82   120.1 0    46.8 0     0.4 0   127.9 0   301.1 0   276.03 0   275.90 0   312.5 0   274.62 0   274.73 0    13.8 0    59.6 0    81.3 0   -11.4 0    69.9 0     1.1 0    66.0 0     6.7 0   259.8 0   938.4 0
 2019   2  1  2 17 38 17.633  73.76   104.9 0    40.9 0     0.4 0   113.7 0   298.2 0   276.03 0   275.87 0   312.2 0   274.62 0   274.72 0    13.9 0    53.2 0    72.8 0   -14.1 0    58.8 0     1.2 0    65.8 0     6.7 0   252.2 0   938.2 0
 2019   2  1  2 17 39 17.650  73.71    86.5 0    33.7 0     0.8 0    95.3 0   290.9 0   276.02 0   275.83 0   311.6 0   274.63 0   274.71 0    14.0 0    45.4 0    61.8 0   -20.7 0    41.1 0     1.2 0    65.3 0     8.1 0   260.6 0   938.3 0
 2019   2  1  2 17 40 17.667  73.65    88.3 0    34.5 0     1.1 0    93.9 0   286.4 0   276.01 0   275.78 0   310.8 0   274.63 0   274.69 0    14.3 0    46.4 0    59.7 0   -24.4 0    35.2 0     1.2 0    65.7 0     7.3 0   259.6 0   938.2 0
 2019   2  1  2 17 41 17.683  73.59   108.2 0    42.3 0     0.8 0   113.2 0   287.3 0   275.99 0   275.78 0   311.2 0   274.63 0   274.71 0    14.9 0    55.0 0    71.1 0   -23.8 0    47.3 0     1.2 0    65.4 0     7.7 0   253.9 0   938.2 0
 2019   2  1  2 17 42 17.700  73.53   106.8 0    41.7 0     0.7 0   114.3 0   281.5 0   275.97 0   275.77 0   310.6 0   274.63 0   274.70 0    15.1 0    54.4 0    72.8 0   -29.1 0    43.7 0     1.2 0    66.1 0     6.8 0   248.8 0   938.2 0
 2019   2  1  2 17 43 17.717  73.48    95.5 0    37.4 0     0.8 0   104.1 0   270.5 0   275.96 0   275.72 0   309.8 0   274.61 0   274.67 0    15.2 0    49.7 0    66.9 0   -39.4 0    27.5 0     1.1 0    66.2 0     7.4 0   256.0 0   938.2 0
 2019   2  1  2 17 44 17.733  73.42   104.4 0    41.1 0     1.2 0   111.1 0   266.7 0   275.94 0   275.67 0   309.2 0   274.60 0   274.65 0    15.6 0    54.0 0    70.3 0   -42.6 0    27.7 0     1.1 0    66.5 0     7.1 0   254.4 0   938.1 0
 2019   2  1  2 17 45 17.750  73.37   113.1 0    44.5 0     1.6 0   120.6 0   268.0 0   275.91 0   275.67 0   309.3 0   274.58 0   274.65 0    15.9 0    58.0 0    76.5 0   -41.3 0    35.2 0     1.0 0    66.7 0     7.5 0   252.4 0   938.2 0
 2019   2  1  2 17 46 17.767  73.31   132.9 0    52.1 0     1.9 0   138.7 0   273.9 0   275.90 0   275.69 0   309.6 0   274.56 0   274.64 0    16.4 0    66.8 0    87.1 0   -35.7 0    51.4 0     1.0 0    67.0 0     5.8 0   255.0 0   938.1 0
 2019   2  1  2 17 47 17.783  73.26   169.4 0    66.4 0     3.2 0   174.2 0   280.8 0   275.89 0   275.76 0   311.0 0   274.55 0   274.68 0    16.9 0    82.8 0   108.8 0   -30.2 0    78.6 0     1.0 0    66.7 0     6.4 0   256.9 0   938.1 0
 2019   2  1  2 17 48 17.800  73.21   182.7 0    71.9 0     2.5 0   191.9 0   283.7 0   275.91 0   275.83 0   311.9 0   274.56 0   274.71 0    16.9 0    88.6 0   120.7 0   -28.1 0    92.6 0     1.1 0    66.8 0     6.1 0   256.3 0   938.1 0
 2019   2  1  2 17 49 17.817  73.15   177.9 0    70.2 0     6.3 0   188.4 0   282.0 0   275.92 0   275.87 0   312.2 0   274.58 0   274.74 0    16.7 0    86.8 0   120.1 0   -30.2 0    89.9 0     1.1 0    66.8 0     7.3 0   252.1 0   938.1 0
 2019   2  1  2 17 50 17.833  73.10   166.6 0    66.4 0    28.7 0   171.5 0   278.2 0   275.95 0   275.86 0   312.3 0   274.59 0   274.75 0    16.4 0    83.0 0   113.5 0   -34.1 0    79.4 0     1.1 0    66.8 0     6.9 0   259.6 0   938.2 0
 2019   2  1  2 17 51 17.850  73.05   175.1 0    70.7 0   126.6 0   154.5 0   277.1 0   275.97 0   275.89 0   312.8 0   274.61 0   274.80 0    16.5 0    89.2 0   120.7 0   -35.8 0    84.9 0     1.2 0    66.8 0     6.8 0   259.7 0   938.2 0
 2019   2  1  2 17 52 17.867  73.00   144.2 0    56.7 0    12.4 0   150.9 0   280.2 0   276.02 0   275.95 0   312.8 0   274.64 0   274.83 0    16.5 0    72.3 0    97.8 0   -32.7 0    65.1 0     1.4 0    66.4 0     5.9 0   260.8 0   938.1 0
 2019   2  1  2 17 53 17.883  72.95   170.5 0    66.4 0     5.5 0   174.8 0   288.4 0   276.05 0   276.03 0   313.6 0   274.68 0   274.87 0    17.1 0    83.9 0   110.0 0   -25.2 0    84.8 0     1.5 0    65.9 0     5.2 0   260.6 0   938.0 0
 2019   2  1  2 17 54 17.900  72.90   213.2 0    83.4 0    29.7 0   211.6 0   296.4 0   276.10 0   276.13 0   314.9 0   274.72 0   274.96 0    17.4 0   103.6 0   136.9 0   -18.5 0   118.4 0     1.6 0    65.4 0     6.4 0   261.4 0   938.0 0
 2019   2  1  2 17 55 17.917  72.85   221.0 0    87.3 0    41.5 0   219.6 0   300.2 0   276.16 0   276.21 0   315.4 0   274.78 0   275.01 0    17.1 0   107.6 0   144.6 0   -15.3 0   129.4 0     1.6 0    65.1 0     8.4 0   260.4 0   937.9 0
 2019   2  1  2 17 56 17.933  72.81   223.1 0    88.8 0    83.9 0   211.5 0   302.1 0   276.22 0   276.28 0   316.0 0   274.83 0   275.07 0    16.9 0   109.8 0   147.5 0   -14.0 0   133.6 0     1.6 0    65.3 0     7.4 0   260.2 0   938.0 0
 2019   2  1  2 17 57 17.950  72.76   208.6 0    82.6 0    53.6 0   205.2 0   302.7 0   276.28 0   276.31 0   316.2 0   274.88 0   275.10 0    16.6 0   102.4 0   138.5 0   -13.5 0   125.0 0     1.6 0    64.9 0     8.6 0   262.4 0   938.0 0
 2019   2  1  2 17 58 17.967  72.71   198.6 0    78.5 0    35.7 0   199.7 0   303.9 0   276.33 0   276.36 0   316.2 0   274.91 0   275.13 0    16.4 0    97.5 0   131.8 0   -12.3 0   119.6 0     1.6 0    65.3 0     7.8 0   261.0 0   938.0 0
 2019   2  1  2 17 59 17.983  72.67   184.2 0    72.3 0     9.2 0   192.5 0   305.5 0   276.38 0   276.37 0   316.1 0   274.95 0   275.14 0    15.9 0    90.1 0   122.9 0   -10.6 0   112.3 0     1.6 0    65.2 0     8.6 0   260.8 0   937.9 0
 2019   2  1  2 18  0 18.000  72.62   176.7 0    69.1 0     2.4 0   186.1 0   307.3 0   276.41 0   276.38 0   316.1 0   274.98 0   275.16 0    15.4 0    86.8 0   117.8 0    -8.8 0   109.0 0     1.6 0    65.3 0     7.8 0   261.2 0   937.9 0
 2019   2  1  2 18  1 18.017  72.58   171.0 0    66.9 0     2.4 0   180.0 0   308.8 0   276.44 0   276.41 0   316.1 0   275.01 0   275.18 0    15.0 0    84.3 0   113.8 0    -7.3 0   106.5 0     1.7 0    65.3 0     8.1 0   261.3 0   937.8 0
 2019   2  1  2 18  2 18.033  72.53   162.8 0    63.8 0     6.0 0   170.6 0   309.4 0   276.46 0   276.43 0   316.1 0   275.04 0   275.20 0    14.6 0    81.0 0   108.6 0    -6.7 0   101.9 0     1.7 0    64.7 0     9.9 0   262.0 0   937.8 0
 2019   2  1  2 18  3 18.050  72.49   153.3 0    60.1 0     2.7 0   162.0 0   310.0 0   276.49 0   276.43 0   315.9 0   275.06 0   275.21 0    14.5 0    76.5 0   102.7 0    -5.9 0    96.8 0     1.7 0    65.3 0     8.4 0   262.7 0   937.7 0
 2019   2  1  2 18  4 18.067  72.45   145.3 0    56.9 0     0.6 0   154.2 0   309.6 0   276.50 0   276.44 0   315.8 0   275.08 0   275.23 0    14.5 0    72.8 0    97.5 0    -6.2 0    91.3 0     1.7 0    65.4 0     8.8 0   255.7 0   937.6 0
 2019   2  1  2 18  5 18.083  72.41   139.2 0    54.3 0     0.4 0   147.4 0   309.0 0   276.52 0   276.44 0   316.0 0   275.10 0   275.25 0    14.8 0    69.9 0    93.2 0    -7.0 0    86.3 0     1.8 0    64.8 0     9.8 0   259.4 0   937.6 0
 2019   2  1  2 18  6 18.100  72.37   138.7 0    53.9 0     0.4 0   145.7 0   307.4 0   276.54 0   276.46 0   315.8 0   275.13 0   275.27 0    15.3 0    69.3 0    91.9 0    -8.5 0    83.5 0     1.8 0    64.8 0     9.3 0   261.2 0   937.4 0
 2019   2  1  2 18  7 18.117  72.32   147.4 0    57.0 0     0.4 0   152.9 0   306.3 0   276.54 0   276.47 0   316.0 0   275.15 0   275.30 0    15.8 0    72.9 0    96.1 0    -9.7 0    86.4 0     1.8 0    64.7 0     9.6 0   262.7 0   937.4 0
 2019   2  1  2 18  8 18.133  72.29   159.9 0    61.7 0     0.3 0   165.0 0   306.5 0   276.56 0   276.50 0   316.0 0   275.18 0   275.33 0    16.2 0    78.3 0   103.4 0    -9.5 0    93.9 0     1.9 0    64.7 0     9.6 0   260.8 0   937.4 0
 2019   2  1  2 18  9 18.150  72.25   172.8 0    66.8 0     0.7 0   177.9 0   307.5 0   276.57 0   276.52 0   316.2 0   275.19 0   275.35 0    16.5 0    84.1 0   111.3 0    -8.7 0   102.6 0     1.8 0    65.4 0     7.9 0   264.3 0   937.4 0
 2019   2  1  2 18 10 18.167  72.21   181.9 0    70.5 0     1.6 0   187.8 0   308.9 0   276.59 0   276.57 0   316.8 0   275.22 0   275.39 0    16.6 0    88.4 0   117.8 0    -7.9 0   109.9 0     1.8 0    65.2 0     9.3 0   261.6 0   937.5 0
 2019   2  1  2 18 11 18.183  72.17   188.3 0    73.3 0    21.3 0   189.4 0   309.7 0   276.62 0   276.62 0   317.5 0   275.26 0   275.45 0    16.5 0    92.5 0   122.6 0    -7.8 0   114.9 0     2.0 0    64.4 0     9.5 0   259.1 0   937.4 0
 2019   2  1  2 18 12 18.200  72.13   192.5 0    75.9 0    53.7 0   185.0 0   310.3 0   276.65 0   276.65 0   317.5 0   275.29 0   275.48 0    16.4 0    96.2 0   125.6 0    -7.2 0   118.4 0     2.0 0    64.6 0     9.5 0   263.4 0   937.4 0
 2019   2  1  2 18 13 18.217  72.10   188.3 0    74.3 0    60.5 0   179.7 0   310.9 0   276.69 0   276.69 0   317.8 0   275.33 0   275.52 0    16.1 0    94.2 0   124.0 0    -6.9 0   117.1 0     2.0 0    65.0 0     8.4 0   260.2 0   937.3 0
 2019   2  1  2 18 14 18.233  72.06   174.4 0    68.7 0    29.3 0   174.6 0   311.0 0   276.73 0   276.69 0   317.4 0   275.36 0   275.52 0    15.8 0    87.2 0   114.9 0    -6.4 0   108.5 0     2.0 0    64.6 0     9.9 0   261.9 0   937.3 0
 2019   2  1  2 18 15 18.250  72.03   165.5 0    65.0 0    10.1 0   170.7 0   311.1 0   276.75 0   276.69 0   317.2 0   275.38 0   275.52 0    15.6 0    82.3 0   108.8 0    -6.0 0   102.8 0     1.9 0    65.1 0     9.2 0   261.4 0   937.2 0
 2019   2  1  2 18 16 18.267  71.99   161.1 0    63.0 0     2.3 0   168.1 0   311.3 0   276.77 0   276.70 0   316.9 0   275.38 0   275.52 0    15.5 0    79.8 0   105.8 0    -5.7 0   100.2 0     1.9 0    65.3 0     8.7 0   262.0 0   937.2 0
 2019   2  1  2 18 17 18.283  71.96   158.1 0    61.7 0     0.8 0   165.3 0   311.3 0   276.78 0   276.73 0   317.2 0   275.39 0   275.52 0    15.4 0    78.4 0   103.8 0    -5.9 0    97.9 0     1.9 0    65.3 0     9.2 0   256.8 0   937.1 0
 2019   2  1  2 18 18 18.300  71.92   154.0 0    60.1 0     0.4 0   161.4 0   311.1 0   276.78 0   276.71 0   317.1 0   275.40 0   275.52 0    15.2 0    76.4 0   101.3 0    -6.0 0    95.4 0     1.9 0    65.4 0     9.0 0   262.2 0   937.1 0
 2019   2  1  2 18 19 18.317  71.89   150.1 0    58.6 0     0.4 0   157.2 0   311.5 0   276.80 0   276.71 0   317.0 0   275.40 0   275.53 0    15.0 0    74.6 0    98.8 0    -5.5 0    93.3 0     1.9 0    65.8 0     8.0 0   258.0 0   937.0 0
 2019   2  1  2 18 20 18.333  71.86   146.5 0    57.2 0     0.5 0   153.4 0   311.9 0   276.80 0   276.68 0   316.6 0   275.41 0   275.52 0    14.7 0    72.9 0    96.3 0    -4.6 0    91.7 0     1.9 0    65.6 0     9.5 0   255.4 0   937.0 0
 2019   2  1  2 18 21 18.350  71.83   138.1 0    54.0 0     0.5 0   145.3 0   312.1 0   276.79 0   276.67 0   316.6 0   275.40 0   275.51 0    14.3 0    69.1 0    91.5 0    -4.5 0    87.1 0     1.9 0    66.4 0     7.4 0   259.2 0   937.0 0
 2019   2  1  2 18 22 18.367  71.80   129.4 0    50.6 0     0.8 0   136.1 0   312.7 0   276.78 0   276.64 0   316.4 0   275.40 0   275.49 0    13.9 0    65.2 0    85.8 0    -3.7 0    82.0 0     1.8 0    66.0 0     9.5 0   259.8 0   937.0 0
 2019   2  1  2 18 23 18.383  71.77   127.8 0    49.8 0     0.6 0   133.5 0   313.0 0   276.77 0   276.63 0   316.5 0   275.40 0   275.48 0    13.8 0    64.3 0    83.9 0    -3.5 0    80.5 0     1.8 0    66.3 0     9.3 0   256.7 0   936.9 0
 2019   2  1  2 18 24 18.400  71.74   127.3 0    49.7 0     0.4 0   132.9 0   313.3 0   276.75 0   276.61 0   316.1 0   275.38 0   275.47 0    13.8 0    64.1 0    83.3 0    -2.9 0    80.5 0     1.8 0    66.6 0     8.9 0   256.7 0   936.9 0
 2019   2  1  2 18 25 18.417  71.71   126.6 0    49.6 0     0.4 0   131.9 0   313.3 0   276.73 0   276.59 0   316.4 0   275.38 0   275.45 0    13.6 0    63.9 0    82.3 0    -3.2 0    79.2 0     1.8 0    66.5 0     9.2 0   260.6 0   936.9 0
 2019   2  1  2 18 26 18.433  71.68   126.8 0    49.6 0     0.4 0   132.0 0   313.5 0   276.73 0   276.59 0   316.4 0   275.37 0   275.45 0    13.6 0    64.0 0    82.4 0    -2.9 0    79.5 0     1.8 0    66.7 0     8.8 0   259.7 0   936.9 0
 2019   2  1  2 18 27 18.450  71.66   127.5 0    49.8 0     0.4 0   132.6 0   313.1 0   276.71 0   276.58 0   316.1 0   275.35 0   275.44 0    13.6 0    64.5 0    82.9 0    -3.0 0    79.9 0     1.8 0    66.5 0     9.7 0   260.3 0   936.9 0
 2019   2  1  2 18 28 18.467  71.63   129.3 0    50.6 0     0.4 0   134.2 0   313.1 0   276.70 0   276.56 0   316.2 0   275.35 0   275.43 0    13.6 0    65.4 0    83.7 0    -3.1 0    80.6 0     1.8 0    66.4 0    10.4 0   261.0 0   936.9 0
 2019   2  1  2 18 29 18.483  71.61   132.0 0    51.7 0     0.4 0   136.7 0   313.4 0   276.69 0   276.56 0   316.0 0   275.33 0   275.43 0    13.7 0    66.7 0    85.1 0    -2.6 0    82.5 0     1.8 0    66.6 0     9.1 0   259.7 0   936.8 0
 2019   2  1  2 18 30 18.500  71.58   136.2 0    53.2 0     0.4 0   140.8 0   313.3 0   276.67 0   276.55 0   316.2 0   275.33 0   275.43 0    14.1 0    68.7 0    87.7 0    -2.9 0    84.9 0     1.8 0    66.8 0     9.1 0   259.2 0   936.8 0
 2019   2  1  2 18 31 18.517  71.56   140.8 0    54.9 0     0.4 0   145.3 0   313.1 0   276.66 0   276.56 0   316.4 0   275.33 0   275.43 0    14.6 0    70.7 0    90.6 0    -3.3 0    87.3 0     1.8 0    66.7 0    10.1 0   260.1 0   936.8 0
 2019   2  1  2 18 32 18.533  71.53   144.6 0    56.3 0     0.4 0   149.3 0   312.6 0   276.65 0   276.56 0   316.6 0   275.33 0   275.43 0    14.9 0    72.4 0    93.1 0    -4.0 0    89.1 0     1.8 0    66.8 0     9.4 0   259.5 0   936.8 0
 2019   2  1  2 18 33 18.550  71.51   148.3 0    57.6 0     0.2 0   153.2 0   312.8 0   276.64 0   276.57 0   316.9 0   275.33 0   275.43 0    15.1 0    74.2 0    95.6 0    -4.0 0    91.6 0     1.8 0    66.8 0     9.5 0   261.7 0   936.8 0
 2019   2  1  2 18 34 18.567  71.49   151.5 0    58.8 0     0.0 0   156.5 0   312.9 0   276.64 0   276.59 0   317.1 0   275.33 0   275.45 0    15.3 0    75.6 0    97.8 0    -4.2 0    93.6 0     1.8 0    66.4 0    10.6 0   257.7 0   936.8 0
 2019   2  1  2 18 35 18.583  71.47   154.1 0    59.7 0     0.0 0   159.2 0   312.8 0   276.65 0   276.59 0   316.9 0   275.33 0   275.47 0    15.5 0    76.8 0    99.6 0    -4.1 0    95.4 0     1.9 0    66.6 0    10.0 0   260.5 0   936.9 0
 2019   2  1  2 18 36 18.600  71.45   157.0 0    60.7 0     0.0 0   162.2 0   312.5 0   276.66 0   276.61 0   317.2 0   275.35 0   275.48 0    15.7 0    78.1 0   101.5 0    -4.8 0    96.7 0     1.9 0    66.5 0     9.6 0   263.8 0   936.9 0
 2019   2  1  2 18 37 18.617  71.43   158.9 0    61.5 0    -0.1 0   164.3 0   312.9 0   276.67 0   276.64 0   317.5 0   275.37 0   275.51 0    15.7 0    79.0 0   102.8 0    -4.6 0    98.2 0     1.9 0    66.4 0     9.3 0   263.2 0   936.9 0
 2019   2  1  2 18 38 18.633  71.41   155.5 0    60.0 0    -0.4 0   161.6 0   313.3 0   276.69 0   276.66 0   317.6 0   275.38 0   275.54 0    15.5 0    77.5 0   101.6 0    -4.3 0    97.3 0     2.0 0    66.2 0     9.2 0   263.4 0   936.9 0
 2019   2  1  2 18 39 18.650  71.39   150.5 0    58.0 0    -0.4 0   156.8 0   312.8 0   276.71 0   276.68 0   317.8 0   275.41 0   275.57 0    15.5 0    75.3 0    98.8 0    -4.9 0    93.9 0     2.1 0    65.9 0     8.9 0   263.0 0   936.9 0
 2019   2  1  2 18 40 18.667  71.37   150.0 0    57.7 0    -0.4 0   155.9 0   312.0 0   276.73 0   276.72 0   317.8 0   275.44 0   275.60 0    15.7 0    74.9 0    98.2 0    -5.9 0    92.3 0     2.2 0    65.4 0     8.5 0   264.2 0   936.9 0
 2019   2  1  2 18 41 18.683  71.35   152.1 0    58.2 0    -0.4 0   157.6 0   311.7 0   276.75 0   276.74 0   318.1 0   275.48 0   275.65 0    16.0 0    75.6 0    99.3 0    -6.4 0    93.0 0     2.3 0    65.2 0     8.6 0   268.2 0   936.8 0
 2019   2  1  2 18 42 18.700  71.34   152.8 0    58.4 0    -0.4 0   158.5 0   311.6 0   276.78 0   276.78 0   318.3 0   275.52 0   275.68 0    16.2 0    75.7 0   100.0 0    -6.7 0    93.3 0     2.3 0    65.1 0     8.4 0   263.3 0   936.8 0
 2019   2  1  2 18 43 18.717  71.32   150.1 0    57.4 0    -0.4 0   156.4 0   311.5 0   276.81 0   276.78 0   318.2 0   275.56 0   275.72 0    16.2 0    74.5 0    99.0 0    -6.7 0    92.3 0     2.3 0    65.2 0     9.6 0   262.1 0   936.8 0
 2019   2  1  2 18 44 18.733  71.31   145.0 0    55.5 0    -0.3 0   151.7 0   311.1 0   276.83 0   276.80 0   318.0 0   275.59 0   275.74 0    16.0 0    72.1 0    96.2 0    -6.9 0    89.2 0     2.3 0    65.3 0     9.9 0   263.4 0   936.7 0
 2019   2  1  2 18 45 18.750  71.29   136.0 0    52.2 0     0.0 0   143.2 0   310.1 0   276.85 0   276.80 0   318.0 0   275.62 0   275.75 0    15.8 0    68.1 0    91.0 0    -7.9 0    83.1 0     2.3 0    65.5 0    10.1 0   263.3 0   936.7 0
 2019   2  1  2 18 46 18.767  71.28   128.9 0    49.5 0     0.0 0   135.8 0   308.2 0   276.88 0   276.81 0   317.8 0   275.64 0   275.77 0    15.7 0    64.9 0    86.3 0    -9.5 0    76.8 0     2.3 0    65.2 0    10.7 0   262.2 0   936.7 0
 2019   2  1  2 18 47 18.783  71.26   124.5 0    47.7 0     0.0 0   131.2 0   306.3 0   276.88 0   276.81 0   317.8 0   275.67 0   275.78 0    15.7 0    62.8 0    83.5 0   -11.5 0    72.0 0     2.4 0    65.5 0     9.9 0   261.4 0   936.7 0
 2019   2  1  2 18 48 18.800  71.25   124.6 0    47.7 0     0.0 0   130.6 0   305.7 0   276.90 0   276.83 0   317.5 0   275.67 0   275.79 0    15.9 0    62.7 0    82.9 0   -11.8 0    71.1 0     2.4 0    65.1 0    10.3 0   265.1 0   936.8 0
 2019   2  1  2 18 49 18.817  71.24   129.5 0    49.6 0     0.1 0   134.8 0   307.4 0   276.92 0   276.85 0   317.7 0   275.69 0   275.82 0    16.0 0    64.8 0    85.2 0   -10.4 0    74.8 0     2.4 0    65.5 0     8.3 0   267.8 0   936.8 0
 2019   2  1  2 18 50 18.833  71.23   134.5 0    51.4 0     0.0 0   139.8 0   309.5 0   276.93 0   276.89 0   318.1 0   275.72 0   275.85 0    16.0 0    67.0 0    88.4 0    -8.6 0    79.8 0     2.4 0    65.4 0     8.4 0   261.6 0   936.7 0
 2019   2  1  2 18 51 18.850  71.22   134.4 0    51.3 0    -0.1 0   140.4 0   310.9 0   276.96 0   276.92 0   318.4 0   275.74 0   275.88 0    15.9 0    67.0 0    89.1 0    -7.6 0    81.5 0     2.5 0    64.8 0     9.1 0   266.4 0   936.7 0
 2019   2  1  2 18 52 18.867  71.21   132.0 0    50.4 0    -0.1 0   138.2 0   311.1 0   276.98 0   276.95 0   318.4 0   275.77 0   275.91 0    15.7 0    65.9 0    87.8 0    -7.3 0    80.5 0     2.5 0    64.8 0     8.5 0   266.1 0   936.6 0
 2019   2  1  2 18 53 18.883  71.20   130.7 0    49.6 0    -0.1 0   136.8 0   311.5 0   277.01 0   276.98 0   318.5 0   275.80 0   275.94 0    15.6 0    65.4 0    87.1 0    -7.0 0    80.1 0     2.5 0    64.9 0     8.4 0   261.7 0   936.5 0
 2019   2  1  2 18 54 18.900  71.19   131.8 0    50.4 0     0.0 0   137.7 0   312.2 0   277.03 0   277.00 0   318.5 0   275.83 0   275.96 0    15.5 0    66.0 0    87.3 0    -6.3 0    80.9 0     2.6 0    64.8 0    10.1 0   261.9 0   936.4 0
 2019   2  1  2 18 55 18.917  71.19   132.9 0    51.0 0     0.0 0   139.0 0   313.3 0   277.06 0   277.02 0   318.9 0   275.85 0   275.97 0    15.4 0    66.6 0    88.0 0    -5.5 0    82.4 0     2.6 0    65.1 0     9.2 0   263.4 0   936.4 0
 2019   2  1  2 18 56 18.933  71.18   132.3 0    50.7 0    -0.2 0   138.7 0   314.0 0   277.08 0   277.05 0   318.9 0   275.87 0   276.02 0    15.1 0    66.4 0    88.0 0    -4.9 0    83.1 0     2.6 0    64.4 0    10.1 0   260.3 0   936.4 0
 2019   2  1  2 18 57 18.950  71.17   129.7 0    49.6 0    -0.3 0   136.3 0   314.0 0   277.11 0   277.07 0   319.0 0   275.91 0   276.05 0    14.9 0    65.4 0    86.7 0    -4.9 0    81.7 0     2.7 0    64.7 0     8.4 0   261.2 0   936.4 0
 2019   2  1  2 18 58 18.967  71.17   127.9 0    48.8 0     0.0 0   134.5 0   313.6 0   277.13 0   277.09 0   319.0 0   275.93 0   276.06 0    15.0 0    64.7 0    85.6 0    -5.4 0    80.2 0     2.7 0    64.5 0    10.1 0   260.2 0   936.4 0
 2019   2  1  2 18 59 18.983  71.16   128.6 0    49.1 0     0.0 0   134.7 0   312.6 0   277.16 0   277.11 0   318.8 0   275.96 0   276.08 0    15.4 0    64.8 0    85.6 0    -6.2 0    79.4 0     2.7 0    64.6 0    10.2 0   260.0 0   936.3 0
 2019   2  1  2 19  0 19.000  71.16   130.5 0    49.7 0     0.0 0   136.4 0   311.8 0   277.17 0   277.12 0   318.8 0   275.97 0   276.09 0    15.8 0    65.4 0    86.7 0    -7.1 0    79.6 0     2.7 0    65.2 0     8.7 0   261.8 0   936.3 0
 2019   2  1  2 19  1 19.017  71.16   133.1 0    50.8 0     0.0 0   138.9 0   311.4 0   277.20 0   277.14 0   318.7 0   275.99 0   276.11 0    16.0 0    66.6 0    88.1 0    -7.3 0    80.8 0     2.7 0    65.2 0     8.9 0   259.6 0   936.3 0
 2019   2  1  2 19  2 19.033  71.15   136.9 0    52.1 0     0.0 0   142.6 0   311.6 0   277.22 0   277.16 0   319.2 0   276.01 0   276.13 0    16.3 0    68.3 0    90.5 0    -7.6 0    82.9 0     2.7 0    65.1 0     9.6 0   262.8 0   936.3 0
 2019   2  1  2 19  3 19.050  71.15   140.2 0    53.3 0     0.0 0   146.1 0   312.0 0   277.23 0   277.20 0   319.3 0   276.02 0   276.16 0    16.4 0    69.8 0    92.7 0    -7.3 0    85.5 0     2.7 0    64.9 0     9.3 0   264.3 0   936.2 0
 2019   2  1  2 19  4 19.067  71.15   141.3 0    53.7 0    -0.1 0   147.2 0   312.2 0   277.26 0   277.23 0   319.5 0   276.05 0   276.18 0    16.5 0    70.3 0    93.5 0    -7.3 0    86.2 0     2.8 0    64.6 0    10.1 0   267.6 0   936.2 0
 2019   2  1  2 19  5 19.083  71.15   141.0 0    53.6 0     0.0 0   147.1 0   311.8 0   277.29 0   277.25 0   319.6 0   276.07 0   276.21 0    16.6 0    70.1 0    93.6 0    -7.8 0    85.8 0     2.8 0    64.7 0     9.3 0   262.7 0   936.2 0
 2019   2  1  2 19  6 19.100  71.15   139.3 0    52.9 0     0.2 0   145.7 0   311.4 0   277.31 0   277.25 0   319.6 0   276.10 0   276.22 0    16.7 0    69.4 0    92.9 0    -8.2 0    84.8 0     2.8 0    64.8 0    10.7 0   262.4 0   936.2 0
 2019   2  1  2 19  7 19.117  71.15   138.5 0    52.7 0     0.3 0   144.5 0   310.6 0   277.32 0   277.27 0   319.4 0   276.11 0   276.24 0    16.7 0    69.1 0    91.9 0    -8.8 0    83.1 0     2.8 0    64.9 0    10.3 0   257.9 0   936.2 0
 2019   2  1  2 19  8 19.133  71.15   136.7 0    51.9 0     0.3 0   143.5 0   309.9 0   277.34 0   277.27 0   319.4 0   276.13 0   276.25 0    16.6 0    68.5 0    91.7 0    -9.5 0    82.2 0     2.8 0    65.0 0    10.5 0   256.3 0   936.2 0
 2019   2  1  2 19  9 19.150  71.16   131.0 0    50.0 0     0.4 0   138.3 0   309.1 0   277.36 0   277.27 0   319.3 0   276.15 0   276.25 0    16.4 0    66.1 0    88.4 0   -10.2 0    78.2 0     2.8 0    65.3 0     9.9 0   259.2 0   936.2 0
 2019   2  1  2 19 10 19.167  71.16   123.5 0    47.1 0     0.4 0   131.0 0   306.4 0   277.37 0   277.27 0   319.0 0   276.15 0   276.25 0    16.4 0    62.8 0    84.0 0   -12.6 0    71.4 0     2.8 0    65.5 0     9.8 0   257.9 0   936.2 0
 2019   2  1  2 19 11 19.183  71.16   117.5 0    44.7 0     0.4 0   124.7 0   301.7 0   277.37 0   277.26 0   318.6 0   276.15 0   276.22 0    16.7 0    60.0 0    80.0 0   -16.9 0    63.1 0     2.7 0    66.0 0     9.7 0   253.2 0   936.1 0
 2019   2  1  2 19 12 19.200  71.17   117.0 0    44.4 0     0.4 0   123.3 0   297.4 0   277.38 0   277.23 0   318.1 0   276.14 0   276.21 0    17.2 0    59.6 0    79.0 0   -20.8 0    58.2 0     2.7 0    66.5 0     8.3 0   254.2 0   936.1 0
 2019   2  1  2 19 13 19.217  71.17   126.1 0    47.7 0     0.4 0   131.2 0   295.1 0   277.39 0   277.24 0   318.0 0   276.13 0   276.20 0    18.1 0    63.7 0    83.5 0   -22.9 0    60.7 0     2.7 0    67.0 0     6.7 0   251.7 0   936.1 0
 2019   2  1  2 19 14 19.233  71.18   140.1 0    52.9 0     0.4 0   144.7 0   293.9 0   277.39 0   277.25 0   318.0 0   276.13 0   276.20 0    18.9 0    69.8 0    91.9 0   -24.1 0    67.9 0     2.6 0    67.4 0     7.0 0   252.8 0   936.1 0
 2019   2  1  2 19 15 19.250  71.18   152.0 0    57.3 0     0.3 0   157.1 0   291.8 0   277.39 0   277.27 0   317.9 0   276.11 0   276.21 0    19.4 0    75.0 0    99.9 0   -26.1 0    73.8 0     2.6 0    67.5 0     7.2 0   256.5 0   936.1 0
 2019   2  1  2 19 16 19.267  71.19   157.9 0    59.3 0     0.0 0   164.1 0   287.8 0   277.39 0   277.29 0   317.8 0   276.11 0   276.24 0    19.9 0    77.6 0   104.8 0   -30.0 0    74.8 0     2.6 0    67.4 0     6.9 0   258.7 0   936.3 0
 2019   2  1  2 19 17 19.283  71.20   158.6 0    59.5 0     0.0 0   165.7 0   282.3 0   277.41 0   277.29 0   317.9 0   276.13 0   276.25 0    20.2 0    77.9 0   106.2 0   -35.6 0    70.6 0     2.6 0    67.2 0     7.3 0   266.9 0   936.5 0
 2019   2  1  2 19 18 19.300  71.21   161.5 0    60.7 0     0.0 0   168.9 0   276.8 0   277.41 0   277.31 0   317.8 0   276.13 0   276.26 0    20.6 0    79.2 0   108.2 0   -41.0 0    67.2 0     2.7 0    67.0 0     6.6 0   273.2 0   936.6 0
 2019   2  1  2 19 19 19.317  71.22   161.7 0    61.0 0     0.0 0   170.3 0   272.1 0   277.43 0   277.32 0   317.7 0   276.15 0   276.28 0    20.8 0    79.4 0   109.4 0   -45.6 0    63.8 0     2.7 0    66.9 0     6.7 0   275.2 0   936.7 0
 2019   2  1  2 19 20 19.333  71.23   163.3 0    61.6 0     1.3 0   171.0 0   268.9 0   277.45 0   277.32 0   317.3 0   276.16 0   276.30 0    20.9 0    80.0 0   109.9 0   -48.4 0    61.4 0     2.8 0    67.0 0     4.5 0   274.6 0   936.7 0
 2019   2  1  2 19 21 19.350  71.24   171.9 0    65.1 0    17.1 0   173.7 0   266.6 0   277.47 0   277.36 0   317.4 0   276.18 0   276.34 0    21.1 0    84.5 0   114.2 0   -50.8 0    63.4 0     2.8 0    66.8 0     4.7 0   279.4 0   936.7 0
 2019   2  1  2 19 22 19.367  71.25   176.3 0    66.9 0    30.1 0   174.3 0   263.8 0   277.50 0   277.38 0   317.5 0   276.20 0   276.36 0    21.2 0    87.1 0   117.1 0   -53.7 0    63.4 0     2.9 0    66.5 0     4.8 0   286.2 0   936.6 0
 2019   2  1  2 19 23 19.383  71.26   203.2 0    78.2 0   146.3 0   168.7 0   260.0 0   277.53 0   277.42 0   318.0 0   276.22 0   276.42 0    21.5 0   101.6 0   137.4 0   -58.1 0    79.3 0     3.0 0    66.6 0     3.2 0   289.8 0   936.6 0
 2019   2  1  2 19 24 19.400  71.28   178.5 0    68.7 0    97.4 0   159.1 0   257.2 0   277.57 0   277.45 0   317.4 0   276.26 0   276.44 0    21.2 0    90.6 0   121.7 0   -60.2 0    61.5 0     3.0 0    66.2 0     4.3 0   298.5 0   936.6 0
 2019   2  1  2 19 25 19.417  71.29   169.1 0    64.9 0    83.9 0   152.9 0   256.0 0   277.62 0   277.48 0   317.3 0   276.29 0   276.45 0    21.1 0    85.8 0   115.0 0   -61.3 0    53.7 0     3.1 0    66.1 0     3.6 0   304.8 0   936.5 0
 2019   2  1  2 19 26 19.433  71.30   180.6 0    69.7 0   129.3 0   150.9 0   255.6 0   277.66 0   277.51 0   317.2 0   276.31 0   276.48 0    21.1 0    92.6 0   122.7 0   -61.6 0    61.1 0     3.1 0    66.1 0     4.0 0   306.4 0   936.5 0
 2019   2  1  2 19 27 19.450  71.32   217.5 0    84.8 0   258.9 0   152.0 0   255.8 0   277.70 0   277.56 0   318.1 0   276.34 0   276.55 0    21.4 0   109.3 0   150.1 0   -62.4 0    87.8 0     3.1 0    65.8 0     4.2 0   312.3 0   936.5 0
 2019   2  1  2 19 28 19.467  71.33   251.8 0    98.7 0   369.2 0   156.1 0   256.5 0   277.76 0   277.64 0   319.4 0   276.38 0   276.63 0    21.7 0   124.3 0   175.6 0   -63.0 0   112.6 0     3.2 0    65.6 0     4.1 0   311.8 0   936.5 0
 2019   2  1  2 19 29 19.483  71.35   229.7 0    89.6 0   272.6 0   161.1 0   256.9 0   277.84 0   277.70 0   319.5 0   276.43 0   276.66 0    21.6 0   114.5 0   158.6 0   -62.6 0    96.0 0     3.2 0    65.5 0     4.1 0   303.9 0   936.4 0
 2019   2  1  2 19 30 19.500  71.37   277.9 0   109.3 0   446.1 0   161.7 0   257.2 0   277.91 0   277.79 0   320.9 0   276.48 0   276.76 0    22.0 0   137.7 0   194.9 0   -63.8 0   131.1 0     3.3 0    65.2 0     3.5 0   318.9 0   936.4 0
 2019   2  1  2 19 31 19.517  71.39   275.5 0   108.3 0   449.2 0   159.3 0   257.0 0   278.01 0   277.91 0   321.5 0   276.54 0   276.84 0    21.9 0   135.6 0   194.4 0   -64.5 0   129.9 0     3.4 0    64.9 0     3.8 0   313.2 0   936.4 0
 2019   2  1  2 19 32 19.533  71.41   261.3 0   102.8 0   415.4 0   154.8 0   257.0 0   278.10 0   277.98 0   321.4 0   276.60 0   276.89 0    21.8 0   129.1 0   184.5 0   -64.4 0   120.1 0     3.5 0    64.4 0     5.4 0   304.9 0   936.3 0
 2019   2  1  2 19 33 19.550  71.42   234.2 0    91.5 0   323.6 0   153.2 0   257.6 0   278.20 0   278.07 0   321.2 0   276.66 0   276.94 0    21.5 0   115.8 0   164.8 0   -63.5 0   101.2 0     3.6 0    63.4 0     6.7 0   291.6 0   936.2 0
 2019   2  1  2 19 34 19.567  71.44   261.9 0   102.7 0   414.2 0   155.6 0   258.2 0   278.29 0   278.16 0   321.7 0   276.73 0   277.02 0    21.8 0   129.7 0   184.6 0   -63.5 0   121.1 0     3.7 0    63.3 0     5.5 0   290.9 0   936.2 0
 2019   2  1  2 19 35 19.583  71.46   244.9 0    95.7 0   355.2 0   155.8 0   258.3 0   278.39 0   278.24 0   321.8 0   276.80 0   277.08 0    21.6 0   121.6 0   173.0 0   -63.5 0   109.5 0     3.7 0    63.0 0     5.6 0   289.6 0   936.2 0
 2019   2  1  2 19 36 19.600  71.49   235.1 0    91.4 0   326.2 0   154.1 0   257.6 0   278.47 0   278.31 0   321.7 0   276.86 0   277.13 0    21.5 0   116.7 0   166.4 0   -64.1 0   102.2 0     3.8 0    62.9 0     5.2 0   287.8 0   936.3 0
 2019   2  1  2 19 37 19.617  71.51   221.1 0    85.9 0   281.9 0   153.2 0   257.2 0   278.55 0   278.37 0   321.2 0   276.92 0   277.15 0    21.4 0   109.6 0   156.7 0   -64.0 0    92.7 0     3.8 0    63.0 0     6.7 0   287.3 0   936.4 0
 2019   2  1  2 19 38 19.633  71.53   227.2 0    88.5 0   299.7 0   154.0 0   257.1 0   278.61 0   278.41 0   321.0 0   276.96 0   277.18 0    21.4 0   113.0 0   160.4 0   -63.9 0    96.4 0     3.7 0    63.2 0     7.2 0   293.1 0   936.4 0
 2019   2  1  2 19 39 19.650  71.55   211.7 0    81.9 0   235.3 0   155.8 0   257.2 0   278.67 0   278.44 0   320.8 0   277.00 0   277.21 0    21.3 0   105.2 0   148.3 0   -63.6 0    84.8 0     3.7 0    63.3 0     7.6 0   288.0 0   936.5 0
 2019   2  1  2 19 40 19.667  71.58   191.8 0    73.8 0   159.8 0   157.0 0   257.3 0   278.72 0   278.47 0   320.3 0   277.03 0   277.22 0    21.1 0    96.9 0   133.7 0   -63.0 0    70.7 0     3.7 0    63.3 0     7.6 0   288.0 0   936.7 0
 2019   2  1  2 19 41 19.683  71.60   187.3 0    72.4 0   137.7 0   158.9 0   257.4 0   278.74 0   278.49 0   320.0 0   277.05 0   277.23 0    21.0 0    95.9 0   129.9 0   -62.6 0    67.4 0     3.7 0    63.6 0     6.7 0   285.4 0   936.7 0
 2019   2  1  2 19 42 19.700  71.63   288.9 0   113.4 0   499.3 0   160.2 0   257.6 0   278.77 0   278.53 0   321.8 0   277.08 0   277.33 0    21.8 0   141.2 0   204.1 0   -64.2 0   139.9 0     3.7 0    63.5 0     7.6 0   287.8 0   936.7 0
 2019   2  1  2 19 43 19.717  71.66   290.9 0   114.1 0   506.7 0   161.1 0   257.7 0   278.83 0   278.60 0   322.8 0   277.12 0   277.40 0    21.8 0   141.6 0   206.5 0   -65.0 0   141.4 0     3.8 0    63.5 0     7.2 0   288.8 0   936.7 0
 2019   2  1  2 19 44 19.733  71.68   288.1 0   112.8 0   495.6 0   161.9 0   257.7 0   278.91 0   278.69 0   323.3 0   277.17 0   277.46 0    21.7 0   140.3 0   204.8 0   -65.6 0   139.2 0     3.8 0    63.1 0     6.5 0   297.1 0   936.6 0
 2019   2  1  2 19 45 19.750  71.71   258.9 0   100.9 0   391.0 0   162.0 0   257.9 0   278.98 0   278.76 0   323.0 0   277.22 0   277.48 0    21.4 0   127.0 0   183.8 0   -65.2 0   118.6 0     3.9 0    62.9 0     6.3 0   296.1 0   936.6 0
 2019   2  1  2 19 46 19.767  71.74   283.4 0   110.9 0   477.1 0   162.6 0   258.1 0   279.05 0   278.81 0   323.2 0   277.26 0   277.52 0    21.4 0   138.1 0   201.2 0   -65.1 0   136.1 0     3.9 0    62.8 0     6.4 0   296.5 0   936.5 0
 2019   2  1  2 19 47 19.783  71.77   269.6 0   105.1 0   428.2 0   162.7 0   258.4 0   279.11 0   278.87 0   323.4 0   277.31 0   277.57 0    21.1 0   131.2 0   191.6 0   -65.0 0   126.6 0     3.9 0    62.9 0     6.1 0   286.8 0   936.5 0
 2019   2  1  2 19 48 19.800  71.80   242.2 0    93.9 0   328.7 0   162.7 0   258.5 0   279.18 0   278.93 0   322.8 0   277.34 0   277.59 0    20.7 0   118.5 0   171.5 0   -64.3 0   107.2 0     3.9 0    62.9 0     6.2 0   280.2 0   936.5 0
 2019   2  1  2 19 49 19.817  71.83   235.6 0    91.2 0   300.4 0   163.7 0   258.9 0   279.22 0   278.95 0   322.6 0   277.37 0   277.61 0    20.5 0   115.7 0   166.2 0   -63.6 0   102.6 0     3.9 0    62.9 0     5.7 0   280.0 0   936.4 0
 2019   2  1  2 19 50 19.833  71.86   238.8 0    92.3 0   306.7 0   164.8 0   259.4 0   279.26 0   279.01 0   323.1 0   277.41 0   277.65 0    20.4 0   116.5 0   168.1 0   -63.7 0   104.3 0     4.0 0    62.9 0     5.0 0   274.2 0   936.3 0
 2019   2  1  2 19 51 19.850  71.89   221.4 0    85.1 0   242.7 0   164.9 0   259.5 0   279.30 0   279.05 0   322.6 0   277.44 0   277.67 0    20.1 0   107.9 0   155.3 0   -63.1 0    92.2 0     4.0 0    62.7 0     5.3 0   275.5 0   936.3 0
 2019   2  1  2 19 52 19.867  71.92   219.1 0    84.2 0   236.8 0   164.1 0   259.3 0   279.33 0   279.05 0   322.2 0   277.47 0   277.67 0    20.1 0   107.9 0   153.3 0   -63.0 0    90.4 0     4.0 0    62.8 0     5.6 0   275.4 0   936.2 0
 2019   2  1  2 19 53 19.883  71.95   234.7 0    90.5 0   295.4 0   163.4 0   259.6 0   279.36 0   279.08 0   322.5 0   277.49 0   277.70 0    20.1 0   115.0 0   164.4 0   -62.9 0   101.5 0     4.0 0    63.0 0     5.3 0   281.6 0   936.3 0
 2019   2  1  2 19 54 19.900  71.99   237.9 0    91.8 0   306.2 0   164.0 0   259.3 0   279.38 0   279.12 0   322.6 0   277.52 0   277.72 0    20.1 0   116.1 0   167.0 0   -63.3 0   103.6 0     4.1 0    62.7 0     6.1 0   262.5 0   936.2 0
 2019   2  1  2 19 55 19.917  72.02   235.4 0    90.6 0   297.8 0   164.1 0   259.3 0   279.41 0   279.12 0   322.7 0   277.53 0   277.75 0    20.0 0   114.7 0   165.4 0   -63.3 0   102.1 0     4.0 0    63.2 0     5.1 0   271.4 0   936.2 0
 2019   2  1  2 19 56 19.933  72.06   229.0 0    88.1 0   280.5 0   162.6 0   259.4 0   279.43 0   279.15 0   322.8 0   277.56 0   277.77 0    19.9 0   112.0 0   160.9 0   -63.4 0    97.5 0     4.1 0    63.3 0     4.4 0   282.0 0   936.2 0
 2019   2  1  2 19 57 19.950  72.09   231.2 0    88.9 0   295.0 0   161.1 0   259.3 0   279.46 0   279.16 0   322.8 0   277.58 0   277.80 0    19.8 0   113.0 0   162.9 0   -63.5 0    99.4 0     4.1 0    63.0 0     3.7 0   280.9 0   936.2 0
 2019   2  1  2 19 58 19.967  72.13   232.5 0    89.3 0   305.4 0   159.8 0   259.1 0   279.47 0   279.19 0   323.0 0   277.61 0   277.82 0    19.7 0   113.2 0   164.1 0   -63.9 0   100.2 0     4.1 0    62.9 0     4.0 0   281.3 0   936.3 0
 2019   2  1  2 19 59 19.983  72.17   217.9 0    83.6 0   259.7 0   157.9 0   259.1 0   279.50 0   279.20 0   322.6 0   277.63 0   277.84 0    19.5 0   106.3 0   153.9 0   -63.6 0    90.3 0     4.2 0    62.9 0     3.8 0   283.9 0   936.3 0
 2019   2  1  2 20  0 20.000  72.20   194.1 0    74.0 0   179.8 0   155.6 0   258.7 0   279.52 0   279.21 0   322.0 0   277.65 0   277.83 0    19.2 0    95.0 0   136.6 0   -63.2 0    73.3 0     4.2 0    62.9 0     4.0 0   289.2 0   936.5 0
 2019   2  1  2 20  1 20.017  72.24   201.8 0    77.2 0   216.0 0   153.6 0   258.3 0   279.52 0   279.22 0   322.0 0   277.67 0   277.83 0    19.2 0    99.3 0   142.2 0   -63.7 0    78.5 0     4.2 0    63.0 0     4.6 0   288.2 0   936.5 0
 2019   2  1  2 20  2 20.033  72.28   207.7 0    79.7 0   246.4 0   151.7 0   258.2 0   279.53 0   279.20 0   321.9 0   277.68 0   277.86 0    19.2 0   101.9 0   147.0 0   -63.7 0    83.3 0     4.2 0    63.0 0     5.5 0   281.8 0   936.5 0
 2019   2  1  2 20  3 20.050  72.32   208.2 0    80.0 0   256.5 0   149.8 0   258.3 0   279.54 0   279.21 0   322.3 0   277.70 0   277.88 0    19.2 0   102.3 0   147.7 0   -63.9 0    83.7 0     4.2 0    63.2 0     4.1 0   275.0 0   936.5 0
 2019   2  1  2 20  4 20.067  72.36   199.8 0    76.6 0   231.6 0   147.9 0   258.2 0   279.54 0   279.23 0   322.4 0   277.72 0   277.89 0    19.1 0    98.4 0   141.5 0   -64.1 0    77.4 0     4.3 0    63.0 0     4.9 0   270.9 0   936.4 0
 2019   2  1  2 20  5 20.083  72.40   219.4 0    84.6 0   310.9 0   146.4 0   258.3 0   279.56 0   279.25 0   322.5 0   277.73 0   277.92 0    19.3 0   108.4 0   155.8 0   -64.2 0    91.5 0     4.3 0    62.1 0     8.2 0   271.0 0   936.4 0
 2019   2  1  2 20  6 20.100  72.45   231.1 0    89.4 0   362.4 0   144.9 0   258.1 0   279.57 0   279.26 0   323.0 0   277.75 0   277.96 0    19.4 0   113.8 0   164.8 0   -64.9 0    99.9 0     4.3 0    61.9 0     7.6 0   267.5 0   936.3 0
 2019   2  1  2 20  7 20.117  72.49   226.1 0    87.5 0   350.6 0   143.3 0   258.4 0   279.59 0   279.28 0   323.1 0   277.78 0   277.99 0    19.3 0   111.4 0   161.3 0   -64.7 0    96.6 0     4.4 0    62.1 0     6.9 0   270.9 0   936.2 0
 2019   2  1  2 20  8 20.133  72.53   207.3 0    79.9 0   286.0 0   141.8 0   258.4 0   279.62 0   279.32 0   323.0 0   277.81 0   278.01 0    19.2 0   102.8 0   147.7 0   -64.6 0    83.1 0     4.4 0    62.0 0     6.4 0   273.3 0   936.2 0
 2019   2  1  2 20  9 20.150  72.57   199.4 0    76.9 0   258.4 0   141.4 0   258.4 0   279.64 0   279.33 0   322.6 0   277.82 0   278.01 0    19.1 0    99.5 0   141.9 0   -64.2 0    77.8 0     4.4 0    61.6 0     7.0 0   269.4 0   936.1 0
 2019   2  1  2 20 10 20.167  72.62   212.9 0    82.3 0   307.6 0   142.1 0   258.5 0   279.66 0   279.34 0   322.8 0   277.84 0   278.02 0    19.3 0   105.6 0   151.8 0   -64.3 0    87.5 0     4.4 0    62.0 0     7.1 0   268.1 0   936.1 0
 2019   2  1  2 20 11 20.183  72.66   223.1 0    86.4 0   341.9 0   143.4 0   258.7 0   279.67 0   279.36 0   323.2 0   277.86 0   278.05 0    19.5 0   111.0 0   159.0 0   -64.6 0    94.4 0     4.4 0    62.3 0     6.3 0   274.0 0   936.1 0
 2019   2  1  2 20 12 20.200  72.71   249.0 0    96.4 0   434.1 0   145.3 0   259.4 0   279.70 0   279.42 0   323.8 0   277.88 0   278.11 0    19.8 0   122.9 0   178.0 0   -64.5 0   113.5 0     4.5 0    61.9 0     6.2 0   271.2 0   936.2 0
 2019   2  1  2 20 13 20.217  72.76   250.2 0    96.8 0   432.3 0   147.5 0   259.8 0   279.74 0   279.46 0   324.4 0   277.91 0   278.15 0    19.9 0   123.7 0   178.9 0   -64.6 0   114.3 0     4.5 0    61.7 0     5.7 0   274.3 0   936.1 0
 2019   2  1  2 20 14 20.233  72.80   238.0 0    91.7 0   378.1 0   149.8 0   260.2 0   279.79 0   279.51 0   324.3 0   277.94 0   278.17 0    19.9 0   118.0 0   169.9 0   -64.1 0   105.8 0     4.5 0    61.5 0     6.2 0   268.8 0   936.0 0
 2019   2  1  2 20 15 20.250  72.85   235.0 0    90.4 0   357.7 0   152.8 0   260.4 0   279.83 0   279.54 0   324.2 0   277.97 0   278.20 0    19.9 0   116.7 0   167.8 0   -63.8 0   104.0 0     4.6 0    61.4 0     5.9 0   276.6 0   936.1 0
 2019   2  1  2 20 16 20.267  72.90   263.4 0   101.8 0   456.9 0   156.6 0   260.9 0   279.86 0   279.59 0   324.9 0   278.00 0   278.24 0    20.1 0   130.6 0   189.2 0   -64.0 0   125.2 0     4.6 0    61.2 0     5.5 0   279.8 0   936.2 0
 2019   2  1  2 20 17 20.283  72.95   288.2 0   111.3 0   543.2 0   160.2 0   261.3 0   279.92 0   279.66 0   325.8 0   278.04 0   278.33 0    20.3 0   141.2 0   208.2 0   -64.4 0   143.7 0     4.7 0    60.7 0     5.7 0   279.8 0   936.3 0
 2019   2  1  2 20 18 20.300  73.00   283.7 0   109.4 0   517.9 0   163.1 0   261.7 0   279.98 0   279.72 0   326.0 0   278.09 0   278.37 0    20.2 0   139.6 0   205.1 0   -64.3 0   140.8 0     4.7 0    61.0 0     5.2 0   278.0 0   936.3 0
 2019   2  1  2 20 19 20.317  73.05   285.9 0   110.4 0   519.0 0   165.5 0   262.5 0   280.05 0   279.83 0   326.5 0   278.13 0   278.41 0    20.1 0   140.9 0   206.4 0   -64.0 0   142.4 0     4.8 0    60.7 0     4.6 0   287.2 0   936.3 0
 2019   2  1  2 20 20 20.333  73.10   304.6 0   117.5 0   585.6 0   168.0 0   262.9 0   280.13 0   279.93 0   327.3 0   278.18 0   278.50 0    20.1 0   149.0 0   220.8 0   -64.4 0   156.4 0     4.9 0    60.5 0     3.5 0   285.2 0   936.4 0
 2019   2  1  2 20 21 20.350  73.15   319.4 0   123.0 0   638.4 0   170.3 0   263.5 0   280.22 0   280.02 0   328.1 0   278.24 0   278.58 0    20.1 0   155.5 0   232.4 0   -64.6 0   167.7 0     5.0 0    59.9 0     3.5 0   288.5 0   936.5 0
 2019   2  1  2 20 22 20.367  73.20   333.9 0   128.5 0   692.0 0   172.3 0   263.7 0   280.32 0   280.09 0   329.0 0   278.31 0   278.67 0    20.0 0   162.3 0   243.8 0   -65.3 0   178.4 0     5.1 0    59.6 0     3.3 0   292.6 0   936.6 0
 2019   2  1  2 20 23 20.383  73.26   343.6 0   132.0 0   727.0 0   174.3 0   264.6 0   280.41 0   280.19 0   330.1 0   278.39 0   278.76 0    19.9 0   166.3 0   251.8 0   -65.5 0   186.3 0     5.3 0    59.1 0     2.4 0   301.0 0   936.6 0
 2019   2  1  2 20 24 20.400  73.31   349.5 0   134.0 0   747.6 0   176.4 0   264.9 0   280.52 0   280.29 0   330.1 0   278.47 0   278.84 0    19.8 0   168.9 0   257.1 0   -65.2 0   192.0 0     5.4 0    58.7 0     3.8 0   304.2 0   936.6 0
 2019   2  1  2 20 25 20.417  73.36   350.3 0   134.3 0   747.3 0   178.6 0   265.6 0   280.63 0   280.37 0   329.3 0   278.54 0   278.88 0    19.6 0   169.3 0   258.3 0   -63.6 0   194.6 0     5.3 0    58.9 0     4.3 0   288.3 0   936.6 0
 2019   2  1  2 20 26 20.433  73.42   341.2 0   130.3 0   708.7 0   179.8 0   266.8 0   280.73 0   280.51 0   330.7 0   278.61 0   278.97 0    19.2 0   164.8 0   251.7 0   -63.9 0   187.8 0     5.4 0    59.1 0     2.8 0   295.6 0   936.5 0
 2019   2  1  2 20 27 20.450  73.47   305.1 0   116.0 0   561.7 0   180.1 0   266.9 0   280.84 0   280.62 0   329.6 0   278.68 0   279.00 0    18.7 0   148.7 0   223.9 0   -62.8 0   161.2 0     5.5 0    58.4 0     3.9 0   288.8 0   936.6 0
 2019   2  1  2 20 28 20.467  73.53   316.2 0   120.3 0   604.8 0   181.0 0   267.0 0   280.93 0   280.65 0   329.0 0   278.74 0   279.04 0    18.4 0   153.1 0   232.3 0   -62.1 0   170.2 0     5.4 0    58.7 0     4.3 0   289.1 0   936.7 0
 2019   2  1  2 20 29 20.483  73.59   311.8 0   118.3 0   584.7 0   181.8 0   267.6 0   281.00 0   280.70 0   329.9 0   278.79 0   279.09 0    18.2 0   151.1 0   228.7 0   -62.3 0   166.4 0     5.4 0    58.9 0     2.9 0   288.9 0   936.6 0
 2019   2  1  2 20 30 20.500  73.64   310.3 0   117.3 0   574.8 0   182.8 0   267.9 0   281.07 0   280.77 0   329.9 0   278.85 0   279.16 0    17.9 0   149.8 0   227.4 0   -62.0 0   165.4 0     5.5 0    58.3 0     3.4 0   274.7 0   936.5 0
 2019   2  1  2 20 31 20.517  73.70   300.9 0   113.1 0   533.1 0   183.2 0   268.7 0   281.13 0   280.86 0   330.1 0   278.91 0   279.22 0    17.6 0   144.0 0   219.7 0   -61.4 0   158.3 0     5.5 0    58.6 0     3.3 0   289.1 0   936.6 0
 2019   2  1  2 20 32 20.533  73.76   264.9 0    99.4 0   383.7 0   183.3 0   268.6 0   281.19 0   280.87 0   328.5 0   278.95 0   279.19 0    17.2 0   128.7 0   191.3 0   -59.8 0   131.4 0     5.5 0    58.3 0     5.1 0   276.7 0   936.6 0
 2019   2  1  2 20 33 20.550  73.82   264.1 0    98.8 0   377.0 0   183.8 0   268.9 0   281.22 0   280.86 0   328.1 0   278.99 0   279.19 0    17.0 0   127.4 0   190.1 0   -59.3 0   130.8 0     5.3 0    59.1 0     5.0 0   271.3 0   936.5 0
 2019   2  1  2 20 34 20.567  73.88   221.0 0    82.1 0   204.6 0   182.2 0   269.1 0   281.23 0   280.85 0   326.7 0   278.99 0   279.17 0    16.4 0   106.7 0   156.9 0   -57.6 0    99.3 0     5.2 0    59.9 0     4.4 0   270.4 0   936.4 0
 2019   2  1  2 20 35 20.583  73.94   209.7 0    77.9 0   168.5 0   180.0 0   268.8 0   281.20 0   280.79 0   326.0 0   278.99 0   279.12 0    16.0 0   101.6 0   148.7 0   -57.1 0    91.5 0     5.1 0    60.0 0     5.7 0   267.3 0   936.5 0
 2019   2  1  2 20 36 20.600  74.00   193.9 0    71.7 0   111.9 0   177.6 0   268.7 0   281.16 0   280.71 0   325.7 0   278.97 0   279.09 0    15.6 0    93.4 0   136.7 0   -57.0 0    79.7 0     5.0 0    60.5 0     4.2 0   273.7 0   936.5 0
 2019   2  1  2 20 37 20.617  74.06   185.5 0    68.3 0    89.1 0   174.0 0   268.5 0   281.09 0   280.65 0   325.1 0   278.94 0   279.05 0    15.3 0    89.6 0   130.1 0   -56.6 0    73.5 0     5.0 0    60.6 0     3.4 0   270.5 0   936.4 0
 2019   2  1  2 20 38 20.633  74.12   185.4 0    68.2 0   103.9 0   169.8 0   268.3 0   281.03 0   280.64 0   325.1 0   278.93 0   279.04 0    15.0 0    89.7 0   130.1 0   -56.8 0    73.3 0     5.0 0    60.8 0     2.6 0   288.5 0   936.4 0
 2019   2  1  2 20 39 20.650  74.19   175.8 0    64.3 0    79.9 0   165.5 0   268.0 0   280.97 0   280.59 0   324.7 0   278.92 0   279.02 0    14.8 0    84.6 0   123.0 0   -56.7 0    66.2 0     5.0 0    60.8 0     2.7 0   282.9 0   936.4 0
 2019   2  1  2 20 40 20.667  74.25   168.7 0    61.4 0    65.7 0   161.7 0   267.4 0   280.91 0   280.49 0   324.3 0   278.90 0   279.00 0    14.5 0    81.4 0   118.1 0   -56.9 0    61.2 0     5.0 0    60.8 0     2.7 0   281.5 0   936.4 0
 2019   2  1  2 20 41 20.683  74.31   172.6 0    63.1 0    97.7 0   158.0 0   266.8 0   280.85 0   280.48 0   324.3 0   278.89 0   278.96 0    14.4 0    83.5 0   121.3 0   -57.5 0    63.9 0     5.0 0    60.8 0     2.5 0   292.7 0   936.3 0
 2019   2  1  2 20 42 20.700  74.38   172.0 0    62.8 0   111.1 0   154.2 0   266.1 0   280.79 0   280.45 0   324.1 0   278.87 0   278.97 0    14.3 0    83.1 0   121.3 0   -57.9 0    63.4 0     5.0 0    61.1 0     2.3 0   264.2 0   936.3 0
 2019   2  1  2 20 43 20.717  74.44   167.1 0    60.8 0   105.7 0   150.7 0   265.1 0   280.74 0   280.35 0   323.8 0   278.85 0   278.96 0    14.1 0    80.7 0   118.3 0   -58.7 0    59.6 0     5.0 0    61.1 0     2.5 0   243.5 0   936.3 0
 2019   2  1  2 20 44 20.733  74.51   159.4 0    57.8 0    85.8 0   147.7 0   264.2 0   280.67 0   280.26 0   323.4 0   278.85 0   278.94 0    14.0 0    76.8 0   112.8 0   -59.2 0    53.7 0     4.9 0    61.2 0     3.3 0   249.5 0   936.3 0
 2019   2  1  2 20 45 20.750  74.58   150.9 0    54.6 0    61.6 0   144.9 0   263.6 0   280.61 0   280.19 0   323.0 0   278.82 0   278.91 0    13.9 0    72.8 0   106.7 0   -59.4 0    47.2 0     4.9 0    61.4 0     2.5 0   271.9 0   936.3 0
 2019   2  1  2 20 46 20.767  74.64   147.5 0    53.3 0    56.2 0   142.5 0   262.9 0   280.54 0   280.14 0   322.5 0   278.80 0   278.89 0    13.8 0    71.3 0   104.0 0   -59.6 0    44.4 0     4.9 0    61.3 0     2.9 0   256.7 0   936.3 0
 2019   2  1  2 20 47 20.783  74.71   149.4 0    54.2 0    71.1 0   141.0 0   262.4 0   280.48 0   280.08 0   322.5 0   278.78 0   278.85 0    13.8 0    72.6 0   105.6 0   -60.2 0    45.4 0     4.8 0    61.4 0     3.1 0   271.0 0   936.3 0
 2019   2  1  2 20 48 20.800  74.78   151.1 0    54.9 0    82.0 0   140.2 0   262.2 0   280.42 0   280.03 0   322.4 0   278.75 0   278.83 0    13.9 0    73.6 0   106.9 0   -60.1 0    46.8 0     4.8 0    61.5 0     2.8 0   276.0 0   936.4 0
 2019   2  1  2 20 49 20.817  74.85   155.7 0    56.7 0   101.8 0   140.5 0   262.2 0   280.37 0   280.02 0   322.5 0   278.73 0   278.83 0    14.0 0    76.1 0   110.4 0   -60.3 0    50.1 0     4.8 0    61.6 0     2.3 0   254.1 0   936.4 0
 2019   2  1  2 20 50 20.833  74.92   163.2 0    59.4 0   128.9 0   141.8 0   262.4 0   280.32 0   279.99 0   322.6 0   278.71 0   278.83 0    14.2 0    79.6 0   115.9 0   -60.2 0    55.7 0     4.9 0    61.4 0     2.6 0   263.7 0   936.4 0
 2019   2  1  2 20 51 20.850  74.99   174.2 0    63.6 0   169.3 0   143.9 0   262.6 0   280.28 0   279.97 0   323.1 0   278.70 0   278.84 0    14.4 0    85.4 0   124.1 0   -60.5 0    63.6 0     4.9 0    61.3 0     1.8 0   262.0 0   936.3 0
 2019   2  1  2 20 52 20.867  75.06   190.2 0    69.7 0   235.2 0   146.0 0   263.1 0   280.26 0   279.98 0   324.1 0   278.70 0   278.85 0    14.6 0    93.3 0   137.0 0   -61.0 0    76.0 0     5.0 0    61.0 0     1.2 0   245.6 0   936.2 0
 2019   2  1  2 20 53 20.883  75.13   207.0 0    76.2 0   308.8 0   147.8 0   263.5 0   280.26 0   280.00 0   324.4 0   278.70 0   278.89 0    14.7 0   101.3 0   150.8 0   -60.9 0    89.9 0     5.1 0    60.4 0     0.8 0   240.7 0   936.2 0
 2019   2  1  2 20 54 20.900  75.20   210.5 0    77.5 0   322.1 0   149.2 0   263.1 0   280.26 0   280.06 0   325.3 0   278.73 0   278.92 0    14.7 0   102.9 0   154.0 0   -62.2 0    91.8 0     5.3 0    59.9 0     0.4 0   201.7 0   936.2 0
 2019   2  1  2 20 55 20.917  75.27   208.3 0    76.5 0   311.0 0   149.8 0   263.4 0   280.28 0   280.09 0   325.4 0   278.75 0   278.96 0    14.6 0   101.9 0   152.4 0   -62.0 0    90.4 0     5.5 0    59.0 0     0.9 0   178.9 0   936.2 0
 2019   2  1  2 20 56 20.933  75.35   199.2 0    72.9 0   270.3 0   150.2 0   263.3 0   280.31 0   280.11 0   325.0 0   278.78 0   278.97 0    14.4 0    97.6 0   145.7 0   -61.7 0    83.9 0     5.6 0    58.8 0     1.7 0   204.5 0   936.2 0
 2019   2  1  2 20 57 20.950  75.42   205.5 0    75.5 0   304.2 0   150.1 0   263.0 0   280.32 0   280.11 0   325.1 0   278.80 0   278.99 0    14.3 0   100.8 0   151.2 0   -62.1 0    89.1 0     5.5 0    59.1 0     1.8 0   199.9 0   936.2 0
 2019   2  1  2 20 58 20.967  75.50   203.2 0    74.8 0   300.2 0   149.1 0   263.0 0   280.34 0   280.12 0   324.8 0   278.82 0   279.00 0    14.0 0    99.9 0   149.5 0   -61.8 0    87.7 0     5.5 0    59.3 0     3.0 0   192.2 0   936.0 0
 2019   2  1  2 20 59 20.983  75.57   204.4 0    75.7 0   317.6 0   147.6 0   262.4 0   280.36 0   280.07 0   324.6 0   278.83 0   279.00 0    13.8 0   100.5 0   151.0 0   -62.1 0    88.9 0     5.3 0    59.6 0     2.8 0   199.9 0   936.0 0
 2019   2  1  2 21  0 21.000  75.65   188.5 0    69.6 0   253.9 0   145.3 0   262.2 0   280.36 0   280.06 0   324.4 0   278.85 0   278.99 0    13.5 0    92.4 0   138.7 0   -62.2 0    76.5 0     5.2 0    60.0 0     3.6 0   223.6 0   935.8 0
 2019   2  1  2 21  1 21.017  75.72   178.6 0    65.9 0   219.6 0   142.6 0   261.7 0   280.36 0   280.04 0   323.7 0   278.83 0   278.95 0    13.2 0    88.0 0   130.9 0   -61.9 0    69.0 0     5.1 0    60.4 0     4.2 0   209.2 0   935.7 0
 2019   2  1  2 21  2 21.033  75.80   172.4 0    63.7 0   203.6 0   140.0 0   261.1 0   280.33 0   280.00 0   323.2 0   278.82 0   278.92 0    13.0 0    85.0 0   126.3 0   -62.1 0    64.2 0     5.0 0    60.9 0     3.8 0   209.6 0   935.6 0
 2019   2  1  2 21  3 21.050  75.88   172.5 0    63.8 0   216.9 0   137.6 0   260.7 0   280.31 0   279.97 0   323.2 0   278.80 0   278.91 0    12.8 0    85.0 0   126.7 0   -62.5 0    64.2 0     4.9 0    61.0 0     4.1 0   216.2 0   935.6 0
 2019   2  1  2 21  4 21.067  75.95   185.9 0    69.6 0   296.5 0   135.7 0   260.1 0   280.29 0   279.94 0   323.2 0   278.79 0   278.90 0    12.7 0    92.0 0   138.1 0   -63.1 0    74.9 0     4.9 0    61.9 0     4.1 0   204.8 0   935.6 0
 2019   2  1  2 21  5 21.083  76.03   211.7 0    80.1 0   438.3 0   134.7 0   259.4 0   280.26 0   279.91 0   323.6 0   278.76 0   278.90 0    12.6 0   104.5 0   160.4 0   -64.3 0    96.1 0     4.8 0    61.6 0     3.4 0   202.0 0   935.7 0
 2019   2  1  2 21  6 21.100  76.11   211.5 0    80.2 0   447.1 0   133.6 0   259.2 0   280.26 0   279.88 0   323.7 0   278.75 0   278.88 0    12.6 0   104.2 0   160.7 0   -64.5 0    96.2 0     4.7 0    62.6 0     3.4 0   204.9 0   935.8 0
 2019   2  1  2 21  7 21.117  76.19   196.7 0    74.5 0   380.1 0   132.7 0   259.1 0   280.25 0   279.83 0   322.8 0   278.72 0   278.82 0    12.4 0    97.4 0   148.9 0   -63.7 0    85.2 0     4.6 0    63.1 0     3.4 0   204.8 0   935.9 0
 2019   2  1  2 21  8 21.133  76.27   187.3 0    70.7 0   336.3 0   132.2 0   258.8 0   280.22 0   279.79 0   322.3 0   278.69 0   278.77 0    12.3 0    93.0 0   141.3 0   -63.5 0    77.8 0     4.4 0    63.8 0     3.8 0   200.4 0   935.8 0
 2019   2  1  2 21  9 21.150  76.35   195.9 0    74.2 0   380.6 0   132.5 0   258.7 0   280.18 0   279.74 0   322.2 0   278.65 0   278.73 0    12.2 0    97.2 0   148.1 0   -63.5 0    84.6 0     4.3 0    64.5 0     2.7 0   195.8 0   935.8 0
 2019   2  1  2 21 10 21.167  76.43   184.7 0    69.4 0   321.4 0   132.4 0   259.1 0   280.13 0   279.72 0   322.0 0   278.61 0   278.70 0    12.2 0    91.1 0   138.5 0   -62.9 0    75.6 0     4.3 0    64.6 0     2.5 0   198.2 0   935.8 0
 2019   2  1  2 21 11 21.183  76.51   173.4 0    64.8 0   260.3 0   132.6 0   259.0 0   280.09 0   279.68 0   321.4 0   278.58 0   278.63 0    12.1 0    85.7 0   128.6 0   -62.4 0    66.1 0     4.2 0    64.8 0     3.4 0   200.6 0   935.8 0
 2019   2  1  2 21 12 21.200  76.59   167.1 0    62.1 0   224.3 0   133.1 0   259.1 0   280.03 0   279.62 0   321.0 0   278.53 0   278.60 0    12.0 0    82.3 0   123.0 0   -62.0 0    61.0 0     4.1 0    65.3 0     3.0 0   190.7 0   936.0 0
 2019   2  1  2 21 13 21.217  76.68   167.3 0    62.2 0   223.3 0   133.4 0   259.1 0   279.97 0   279.55 0   320.9 0   278.49 0   278.56 0    11.9 0    82.4 0   122.8 0   -61.8 0    60.9 0     4.1 0    65.6 0     3.1 0   197.1 0   936.0 0
 2019   2  1  2 21 14 21.233  76.76   185.0 0    69.5 0   320.1 0   133.9 0   259.2 0   279.90 0   279.49 0   321.1 0   278.45 0   278.53 0    11.9 0    91.7 0   137.7 0   -62.0 0    75.7 0     4.0 0    65.3 0     3.3 0   189.9 0   936.0 0
 2019   2  1  2 21 15 21.250  76.84   208.7 0    79.1 0   454.1 0   133.8 0   259.3 0   279.85 0   279.47 0   322.0 0   278.42 0   278.53 0    11.9 0   102.9 0   158.1 0   -62.7 0    95.3 0     4.1 0    65.2 0     3.3 0   189.0 0   935.9 0
 2019   2  1  2 21 16 21.267  76.93   221.6 0    84.6 0   535.9 0   133.4 0   259.6 0   279.82 0   279.45 0   322.9 0   278.39 0   278.55 0    11.9 0   109.7 0   170.1 0   -63.4 0   106.7 0     4.1 0    65.2 0     2.7 0   185.8 0   936.0 0
 2019   2  1  2 21 17 21.283  77.01   227.1 0    86.8 0   578.4 0   132.9 0   259.8 0   279.82 0   279.45 0   323.5 0   278.37 0   278.56 0    11.9 0   112.4 0   176.1 0   -63.7 0   112.4 0     4.2 0    64.8 0     2.9 0   191.5 0   936.0 0
 2019   2  1  2 21 18 21.300  77.10   221.4 0    84.4 0   557.9 0   131.9 0   259.7 0   279.82 0   279.48 0   323.8 0   278.37 0   278.56 0    11.7 0   110.0 0   172.0 0   -64.0 0   108.0 0     4.3 0    64.4 0     2.6 0   191.0 0   936.0 0
 2019   2  1  2 21 19 21.317  77.18   230.1 0    88.2 0   620.9 0   131.1 0   259.6 0   279.82 0   279.47 0   323.9 0   278.37 0   278.56 0    11.6 0   114.6 0   180.6 0   -64.3 0   116.3 0     4.4 0    64.2 0     2.7 0   194.1 0   936.0 0
 2019   2  1  2 21 20 21.333  77.27   229.1 0    87.8 0   629.8 0   129.6 0   260.0 0   279.84 0   279.51 0   324.1 0   278.37 0   278.57 0    11.5 0   114.0 0   180.6 0   -64.1 0   116.4 0     4.4 0    63.8 0     3.1 0   203.6 0   936.0 0
 2019   2  1  2 21 21 21.350  77.36   226.2 0    86.8 0   629.3 0   127.7 0   260.0 0   279.87 0   279.55 0   324.3 0   278.37 0   278.58 0    11.3 0   112.9 0   178.7 0   -64.3 0   114.4 0     4.4 0    63.9 0     2.3 0   193.3 0   936.0 0
 2019   2  1  2 21 22 21.367  77.44   214.3 0    81.8 0   576.9 0   125.6 0   259.9 0   279.90 0   279.56 0   324.3 0   278.39 0   278.60 0    11.2 0   107.3 0   169.2 0   -64.4 0   104.8 0     4.6 0    63.4 0     2.2 0   182.9 0   935.9 0
 2019   2  1  2 21 23 21.383  77.53   192.9 0    73.0 0   470.5 0   122.8 0   260.0 0   279.92 0   279.58 0   324.0 0   278.40 0   278.58 0    10.9 0    97.2 0   151.4 0   -64.0 0    87.3 0     4.6 0    63.4 0     2.3 0   171.4 0   935.7 0
 2019   2  1  2 21 24 21.400  77.62   182.7 0    69.0 0   430.3 0   119.9 0   259.6 0   279.92 0   279.58 0   323.6 0   278.41 0   278.56 0    10.7 0    92.6 0   143.1 0   -64.1 0    79.1 0     4.6 0    63.0 0     2.4 0   194.2 0   935.8 0
 2019   2  1  2 21 25 21.417  77.71   194.8 0    74.1 0   523.7 0   116.9 0   259.4 0   279.92 0   279.60 0   323.8 0   278.41 0   278.58 0    10.5 0    98.6 0   154.2 0   -64.4 0    89.8 0     4.7 0    62.8 0     1.8 0   179.3 0   936.0 0
 2019   2  1  2 21 26 21.433  77.80   194.2 0    73.7 0   543.8 0   113.6 0   259.0 0   279.94 0   279.62 0   323.6 0   278.42 0   278.60 0    10.3 0    97.5 0   154.8 0   -64.6 0    90.2 0     4.7 0    62.8 0     2.0 0   154.3 0   936.0 0
 2019   2  1  2 21 27 21.450  77.89   186.2 0    70.8 0   521.8 0   110.0 0   258.4 0   279.95 0   279.60 0   323.3 0   278.44 0   278.61 0    10.1 0    94.0 0   148.7 0   -64.9 0    83.8 0     4.6 0    63.0 0     2.0 0   171.5 0   936.1 0
 2019   2  1  2 21 28 21.467  77.98   166.8 0    62.8 0   428.1 0   106.3 0   258.5 0   279.96 0   279.59 0   322.7 0   278.44 0   278.60 0     9.9 0    84.2 0   132.6 0   -64.2 0    68.4 0     4.7 0    63.0 0     1.6 0   175.0 0   936.2 0
 2019   2  1  2 21 29 21.483  78.07   166.6 0    63.2 0   453.7 0   102.4 0   257.8 0   279.95 0   279.59 0   322.4 0   278.46 0   278.58 0     9.7 0    85.5 0   133.0 0   -64.6 0    68.3 0     4.7 0    63.0 0     1.6 0   166.5 0   936.3 0
 2019   2  1  2 21 30 21.500  78.16   198.3 0    76.0 0   676.2 0    99.1 0   257.1 0   279.95 0   279.58 0   323.3 0   278.46 0   278.62 0     9.5 0    99.3 0   161.8 0   -66.2 0    95.6 0     4.6 0    63.1 0     1.6 0   146.0 0   936.3 0
 2019   2  1  2 21 31 21.517  78.26   184.4 0    70.6 0   623.3 0    94.7 0   256.8 0   279.95 0   279.58 0   323.0 0   278.47 0   278.64 0     9.4 0    93.2 0   151.0 0   -66.2 0    84.8 0     4.6 0    63.4 0     1.1 0   156.3 0   936.3 0
 2019   2  1  2 21 32 21.533  78.35   192.3 0    73.8 0   704.1 0    90.8 0   256.9 0   279.97 0   279.58 0   323.5 0   278.49 0   278.67 0     9.2 0    97.0 0   159.2 0   -66.6 0    92.6 0     4.7 0    62.9 0     1.0 0   142.3 0   936.3 0
 2019   2  1  2 21 33 21.550  78.44   188.1 0    72.2 0   709.0 0    86.9 0   257.2 0   279.98 0   279.62 0   324.0 0   278.51 0   278.70 0     9.1 0    95.0 0   156.8 0   -66.8 0    90.0 0     4.8 0    62.7 0     2.3 0   182.4 0   936.3 0
 2019   2  1  2 21 34 21.567  78.53   178.1 0    68.2 0   675.9 0    83.2 0   257.8 0   280.01 0   279.68 0   324.7 0   278.54 0   278.76 0     9.0 0    90.7 0   149.3 0   -66.8 0    82.5 0     5.1 0    60.6 0     3.4 0   230.5 0   936.4 0
 2019   2  1  2 21 35 21.583  78.63   172.5 0    66.3 0   668.5 0    79.8 0   258.0 0   280.07 0   279.79 0   325.1 0   278.58 0   278.81 0     8.8 0    88.3 0   145.3 0   -67.1 0    78.2 0     5.3 0    59.7 0     2.3 0   231.2 0   936.4 0
 2019   2  1  2 21 36 21.600  78.72   173.4 0    67.0 0   698.5 0    77.2 0   257.8 0   280.14 0   279.83 0   325.1 0   278.63 0   278.85 0     8.7 0    89.2 0   146.8 0   -67.4 0    79.5 0     5.5 0    59.0 0     2.1 0   243.0 0   936.5 0
 2019   2  1  2 21 37 21.617  78.82   155.3 0    59.6 0   598.0 0    74.5 0   257.5 0   280.21 0   279.88 0   324.5 0   278.67 0   278.87 0     8.6 0    80.5 0   130.8 0   -67.0 0    63.9 0     5.6 0    58.9 0     3.4 0   258.7 0   936.5 0
 2019   2  1  2 21 38 21.633  78.91   144.1 0    55.5 0   548.8 0    71.4 0   257.4 0   280.27 0   279.92 0   323.9 0   278.71 0   278.86 0     8.5 0    76.0 0   121.4 0   -66.5 0    54.9 0     5.6 0    59.0 0     2.8 0   265.0 0   936.4 0
 2019   2  1  2 21 39 21.650  79.01   148.6 0    57.3 0   597.9 0    69.1 0   257.3 0   280.32 0   279.98 0   324.0 0   278.73 0   278.89 0     8.4 0    77.5 0   125.7 0   -66.7 0    59.1 0     5.6 0    59.0 0     1.9 0   249.9 0   936.1 0
 2019   2  1  2 21 40 21.667  79.11   117.4 0    44.6 0   406.9 0    66.2 0   257.1 0   280.37 0   280.04 0   323.3 0   278.76 0   278.90 0     8.2 0    62.5 0    98.5 0   -66.1 0    32.3 0     5.7 0    58.6 0     1.8 0   231.8 0   936.3 0
 2019   2  1  2 21 41 21.683  79.20   106.1 0    40.1 0   343.8 0    64.0 0   256.5 0   280.40 0   280.01 0   322.3 0   278.77 0   278.88 0     8.1 0    57.1 0    88.3 0   -65.7 0    22.6 0     5.7 0    58.5 0     2.0 0   241.0 0   936.5 0
 2019   2  1  2 21 42 21.700  79.30    92.6 0    34.5 0   261.9 0    61.9 0   256.4 0   280.41 0   280.01 0   321.2 0   278.78 0   278.88 0     7.9 0    50.4 0    76.1 0   -64.8 0    11.2 0     5.7 0    58.8 0     1.8 0   237.0 0   936.5 0
 2019   2  1  2 21 43 21.717  79.40    86.6 0    32.1 0   230.9 0    60.1 0   255.8 0   280.39 0   280.02 0   320.4 0   278.80 0   278.86 0     7.8 0    47.7 0    70.5 0   -64.6 0     5.9 0     5.7 0    58.8 0     1.1 0   290.0 0   936.4 0
 2019   2  1  2 21 44 21.733  79.50    90.4 0    33.4 0   266.3 0    58.8 0   254.8 0   280.38 0   279.97 0   319.8 0   278.80 0   278.85 0     7.7 0    49.2 0    73.9 0   -65.0 0     8.9 0     5.7 0    58.6 0     0.9 0   229.9 0   936.4 0
 2019   2  1  2 21 45 21.750  79.60    87.6 0    32.4 0   253.2 0    57.9 0   253.3 0   280.34 0   279.82 0   318.0 0   278.79 0   278.78 0     7.6 0    47.9 0    71.2 0   -64.7 0     6.5 0     5.5 0    59.8 0     1.5 0   202.6 0   936.5 0
 2019   2  1  2 21 46 21.767  79.70   118.6 0    44.9 0   475.7 0    58.3 0   253.2 0   280.27 0   279.75 0   318.3 0   278.76 0   278.78 0     7.5 0    63.0 0    98.5 0   -65.1 0    33.4 0     5.2 0    61.1 0     1.1 0   206.2 0   936.4 0
 2019   2  1  2 21 47 21.783  79.80   135.9 0    51.7 0   606.0 0    58.5 0   253.5 0   280.22 0   279.72 0   319.3 0   278.73 0   278.80 0     7.4 0    70.8 0   114.2 0   -65.8 0    48.4 0     5.1 0    61.5 0     1.3 0   201.3 0   936.4 0
 2019   2  1  2 21 48 21.800  79.90   141.8 0    54.2 0   658.4 0    58.5 0   253.6 0   280.18 0   279.70 0   319.6 0   278.72 0   278.81 0     7.3 0    73.4 0   119.8 0   -66.0 0    53.8 0     5.0 0    61.7 0     1.8 0   167.0 0   936.5 0
 2019   2  1  2 21 49 21.817  80.00   141.2 0    54.3 0   665.7 0    58.2 0   253.5 0   280.17 0   279.69 0   319.9 0   278.71 0   278.79 0     7.2 0    73.1 0   119.6 0   -66.4 0    53.2 0     4.9 0    62.4 0     2.1 0   148.7 0   936.6 0
 2019   2  1  2 21 50 21.833  80.10   140.6 0    53.9 0   669.9 0    58.1 0   253.0 0   280.15 0   279.64 0   319.7 0   278.69 0   278.77 0     7.1 0    72.6 0   119.4 0   -66.8 0    52.6 0     4.7 0    63.3 0     1.9 0   153.9 0   936.5 0
 2019   2  1  2 21 51 21.850  80.20   139.1 0    53.2 0   668.5 0    57.8 0   253.3 0   280.12 0   279.63 0   319.9 0   278.67 0   278.76 0     7.0 0    71.9 0   118.4 0   -66.6 0    51.8 0     4.7 0    63.5 0     1.9 0   159.0 0   936.6 0
 2019   2  1  2 21 52 21.867  80.30   136.8 0    52.0 0   663.5 0    57.1 0   253.6 0   280.10 0   279.62 0   320.3 0   278.66 0   278.77 0     6.8 0    70.7 0   116.9 0   -66.7 0    50.2 0     4.8 0    63.2 0     1.1 0   173.9 0   936.7 0
 2019   2  1  2 21 53 21.883  80.41   134.0 0    50.5 0   660.0 0    55.4 0   254.0 0   280.08 0   279.64 0   320.5 0   278.66 0   278.79 0     6.7 0    69.3 0   114.9 0   -66.5 0    48.4 0     5.0 0    62.3 0     0.6 0   201.0 0   936.7 0
 2019   2  1  2 21 54 21.900  80.51   130.9 0    49.1 0   656.0 0    53.8 0   254.1 0   280.09 0   279.66 0   320.3 0   278.67 0   278.80 0     6.6 0    68.0 0   112.9 0   -66.1 0    46.7 0     5.3 0    61.1 0     0.0 0     0.0 0   936.7 0
 2019   2  1  2 21 55 21.917  80.61   128.5 0    47.8 0   652.7 0    52.6 0   254.1 0   280.10 0   279.66 0   320.2 0   278.69 0   278.80 0     6.5 0    66.7 0   111.2 0   -66.0 0    45.2 0     5.5 0    59.9 0     0.0 0     0.0 0   936.6 0
 2019   2  1  2 21 56 21.933  80.72   126.7 0    47.0 0   649.2 0    51.8 0   254.1 0   280.10 0   279.66 0   320.1 0   278.71 0   278.82 0     6.3 0    65.7 0   109.5 0   -66.0 0    43.5 0     5.7 0    59.3 0     0.1 0   225.8 0   936.6 0
 2019   2  1  2 21 57 21.950  80.82   125.1 0    46.4 0   648.3 0    51.1 0   254.7 0   280.12 0   279.66 0   319.8 0   278.72 0   278.83 0     6.2 0    64.8 0   108.2 0   -65.1 0    43.0 0     5.9 0    58.7 0     0.2 0   155.9 0   936.6 0
 2019   2  1  2 21 58 21.967  80.93   123.5 0    45.3 0   643.4 0    50.5 0   255.2 0   280.13 0   279.70 0   319.7 0   278.73 0   278.86 0     6.1 0    63.7 0   106.7 0   -64.6 0    42.1 0     6.0 0    58.0 0     0.6 0   166.6 0   936.6 0
 2019   2  1  2 21 59 21.983  81.03   121.5 0    44.4 0   634.6 0    50.2 0   255.1 0   280.13 0   279.73 0   319.9 0   278.75 0   278.85 0     6.0 0    62.6 0   104.7 0   -64.8 0    39.9 0     6.0 0    57.9 0     0.4 0   157.6 0   936.6 0
 2019   2  1  2 22  0 22.000  81.14   115.8 0    42.0 0   593.6 0    49.9 0   255.9 0   280.15 0   279.74 0   319.7 0   278.77 0   278.84 0     5.9 0    59.8 0    99.3 0   -63.7 0    35.6 0     6.2 0    57.3 0     0.2 0    27.5 0   936.5 0
 2019   2  1  2 22  1 22.017  81.24   110.3 0    39.8 0   553.4 0    49.9 0   256.1 0   280.15 0   279.71 0   319.1 0   278.77 0   278.85 0     5.8 0    57.1 0    94.4 0   -63.0 0    31.4 0     6.1 0    57.7 0     1.1 0    33.3 0   936.5 0
 2019   2  1  2 22  2 22.033  81.35   117.0 0    42.6 0   610.7 0    50.4 0   257.0 0   280.15 0   279.71 0   319.8 0   278.79 0   278.84 0     5.7 0    59.8 0    99.6 0   -62.8 0    36.8 0     5.8 0    58.7 0     1.6 0   339.8 0   936.5 0
 2019   2  1  2 22  3 22.050  81.46   117.8 0    43.1 0   619.4 0    50.7 0   257.7 0   280.16 0   279.73 0   320.2 0   278.79 0   278.86 0     5.5 0    59.8 0    99.7 0   -62.5 0    37.2 0     5.7 0    59.1 0     2.3 0   317.9 0   936.6 0
 2019   2  1  2 22  4 22.067  81.56   116.6 0    42.4 0   611.1 0    51.5 0   258.4 0   280.18 0   279.73 0   320.7 0   278.81 0   278.87 0     5.4 0    59.3 0    98.7 0   -62.3 0    36.4 0     5.7 0    59.3 0     2.0 0   303.0 0   936.5 0
 2019   2  1  2 22  5 22.083  81.67   117.5 0    42.9 0   613.5 0    52.8 0   259.2 0   280.20 0   279.80 0   320.7 0   278.82 0   278.88 0     5.3 0    59.4 0    98.7 0   -61.4 0    37.3 0     5.7 0    59.2 0     2.0 0   297.4 0   936.6 0
 2019   2  1  2 22  6 22.100  81.78   119.2 0    43.3 0   613.0 0    55.1 0   260.1 0   280.23 0   279.82 0   320.6 0   278.82 0   278.90 0     5.2 0    59.8 0    99.4 0   -60.5 0    38.9 0     5.6 0    59.3 0     2.3 0   282.9 0   936.5 0
 2019   2  1  2 22  7 22.117  81.89   121.0 0    44.0 0   609.0 0    58.0 0   261.0 0   280.26 0   279.84 0   320.8 0   278.82 0   278.91 0     5.1 0    60.1 0    99.9 0   -59.8 0    40.1 0     5.6 0    59.8 0     2.9 0   266.4 0   936.5 0
 2019   2  1  2 22  8 22.133  82.00   122.6 0    44.6 0   605.9 0    60.5 0   262.1 0   280.28 0   279.86 0   321.2 0   278.84 0   278.91 0     5.0 0    60.3 0   100.2 0   -59.1 0    41.1 0     5.5 0    60.0 0     2.2 0   282.3 0   936.6 0
 2019   2  1  2 22  9 22.150  82.11   124.0 0    44.8 0   606.0 0    62.2 0   263.3 0   280.31 0   279.89 0   321.4 0   278.84 0   278.93 0     4.9 0    60.5 0   100.7 0   -58.0 0    42.6 0     5.5 0    59.9 0     2.6 0   261.0 0   936.6 0
 2019   2  1  2 22 10 22.167  82.22   124.3 0    44.8 0   605.8 0    63.5 0   264.2 0   280.33 0   279.91 0   321.4 0   278.84 0   278.94 0     4.8 0    60.4 0   100.7 0   -57.2 0    43.6 0     5.5 0    60.0 0     3.1 0   270.8 0   936.5 0
 2019   2  1  2 22 11 22.183  82.33   122.7 0    44.3 0   592.6 0    64.0 0   265.0 0   280.36 0   279.93 0   321.5 0   278.84 0   278.94 0     4.6 0    59.4 0    98.8 0   -56.5 0    42.4 0     5.4 0    60.1 0     3.7 0   269.2 0   936.5 0
 2019   2  1  2 22 12 22.200  82.44   109.1 0    39.4 0   464.7 0    64.7 0   265.8 0   280.37 0   279.94 0   321.3 0   278.84 0   278.92 0     4.5 0    53.3 0    86.5 0   -55.5 0    31.0 0     5.4 0    60.3 0     3.4 0   256.4 0   936.4 0
 2019   2  1  2 22 13 22.217  82.55    86.1 0    30.9 0   235.1 0    66.5 0   266.9 0   280.37 0   279.93 0   320.5 0   278.82 0   278.88 0     4.4 0    42.5 0    66.1 0   -53.5 0    12.6 0     5.3 0    60.6 0     3.0 0   266.0 0   936.4 0
 2019   2  1  2 22 14 22.233  82.66    79.0 0    28.4 0   144.2 0    69.2 0   268.6 0   280.34 0   279.89 0   319.9 0   278.81 0   278.82 0     4.3 0    39.5 0    59.2 0   -51.3 0     7.9 0     5.3 0    61.0 0     4.0 0   260.0 0   936.3 0
 2019   2  1  2 22 15 22.250  82.77    82.4 0    29.5 0   144.9 0    72.2 0   270.5 0   280.29 0   279.83 0   319.9 0   278.78 0   278.80 0     4.2 0    39.9 0    61.0 0   -49.4 0    11.6 0     5.2 0    61.2 0     4.5 0   263.8 0   936.3 0
 2019   2  1  2 22 16 22.267  82.88    72.0 0    25.7 0    22.8 0    74.6 0   272.7 0   280.23 0   279.77 0   319.8 0   278.75 0   278.75 0     4.1 0    34.9 0    51.8 0   -47.1 0     4.8 0     5.1 0    61.5 0     4.4 0   272.2 0   936.3 0
 2019   2  1  2 22 17 22.283  83.00    74.2 0    26.4 0    14.0 0    77.2 0   275.2 0   280.15 0   279.72 0   320.5 0   278.72 0   278.72 0     3.9 0    35.4 0    52.5 0   -45.4 0     7.1 0     5.1 0    61.3 0     5.6 0   269.4 0   936.4 0
 2019   2  1  2 22 18 22.300  83.11    77.2 0    27.5 0    15.4 0    79.6 0   278.1 0   280.08 0   279.69 0   320.8 0   278.68 0   278.70 0     3.8 0    36.3 0    54.0 0   -42.7 0    11.3 0     5.1 0    61.3 0     5.0 0   264.5 0   936.3 0
 2019   2  1  2 22 19 22.317  83.22    79.7 0    28.3 0     7.9 0    82.4 0   281.3 0   280.01 0   279.65 0   320.7 0   278.66 0   278.67 0     3.7 0    37.0 0    55.0 0   -39.4 0    15.6 0     5.1 0    61.6 0     3.9 0   270.7 0   936.3 0
 2019   2  1  2 22 20 22.333  83.34    84.0 0    29.8 0     5.5 0    86.3 0   284.7 0   279.95 0   279.58 0   320.6 0   278.63 0   278.64 0     3.7 0    38.4 0    57.1 0   -35.9 0    21.2 0     5.0 0    61.8 0     4.2 0   262.4 0   936.2 0
 2019   2  1  2 22 21 22.350  83.45    87.9 0    31.2 0     3.8 0    90.2 0   287.9 0   279.89 0   279.54 0   321.4 0   278.61 0   278.62 0     3.6 0    39.7 0    59.4 0   -33.5 0    26.0 0     5.1 0    61.6 0     4.5 0   257.3 0   936.2 0
 2019   2  1  2 22 22 22.367  83.57    90.6 0    32.1 0     2.9 0    93.0 0   290.4 0   279.82 0   279.51 0   321.4 0   278.58 0   278.62 0     3.4 0    40.6 0    61.1 0   -31.0 0    30.1 0     5.1 0    61.8 0     4.2 0   259.2 0   936.3 0
 2019   2  1  2 22 23 22.383  83.68    91.9 0    32.7 0     2.3 0    94.3 0   292.3 0   279.77 0   279.47 0   321.7 0   278.56 0   278.60 0     3.3 0    40.8 0    61.9 0   -29.4 0    32.5 0     5.0 0    61.9 0     3.5 0   252.5 0   936.3 0
 2019   2  1  2 22 24 22.400  83.80    92.5 0    32.7 0     1.9 0    94.9 0   293.9 0   279.71 0   279.43 0   321.7 0   278.54 0   278.58 0     3.2 0    40.8 0    62.4 0   -27.8 0    34.6 0     5.0 0    62.2 0     3.2 0   260.9 0   936.3 0
 2019   2  1  2 22 25 22.417  83.91    92.4 0    32.7 0     1.9 0    94.8 0   295.3 0   279.66 0   279.39 0   321.6 0   278.53 0   278.57 0     3.1 0    40.8 0    62.3 0   -26.2 0    36.1 0     5.0 0    62.4 0     3.0 0   268.1 0   936.4 0
 2019   2  1  2 22 26 22.433  84.03    91.2 0    32.4 0     1.9 0    93.6 0   296.7 0   279.62 0   279.36 0   321.9 0   278.51 0   278.55 0     3.0 0    40.3 0    61.4 0   -25.2 0    36.2 0     5.0 0    62.2 0     3.1 0   271.2 0   936.3 0
 2019   2  1  2 22 27 22.450  84.14    89.1 0    31.6 0     1.9 0    91.6 0   297.3 0   279.58 0   279.35 0   321.9 0   278.49 0   278.54 0     2.9 0    39.3 0    60.2 0   -24.6 0    35.6 0     5.0 0    62.0 0     2.2 0   281.4 0   936.3 0
 2019   2  1  2 22 28 22.467  84.26    86.4 0    30.6 0     1.9 0    88.9 0   297.5 0   279.55 0   279.33 0   321.6 0   278.48 0   278.53 0     2.8 0    38.1 0    58.5 0   -24.1 0    34.4 0     5.0 0    62.2 0     2.0 0   270.4 0   936.3 0
 2019   2  1  2 22 29 22.483  84.38    83.0 0    29.3 0     2.6 0    85.5 0   297.7 0   279.51 0   279.29 0   321.5 0   278.47 0   278.51 0     2.7 0    36.6 0    56.4 0   -23.8 0    32.7 0     5.0 0    62.4 0     2.4 0   261.4 0   936.3 0
 2019   2  1  2 22 30 22.500  84.49    79.1 0    27.9 0     2.8 0    81.7 0   298.2 0   279.49 0   279.30 0   321.4 0   278.45 0   278.50 0     2.6 0    35.0 0    54.1 0   -23.2 0    30.9 0     5.0 0    62.2 0     1.8 0   251.4 0   936.3 0
 2019   2  1  2 22 31 22.517  84.61    74.9 0    26.4 0     3.4 0    77.6 0   298.7 0   279.46 0   279.26 0   321.2 0   278.44 0   278.49 0     2.4 0    33.3 0    51.5 0   -22.5 0    29.0 0     5.0 0    62.0 0     1.7 0   249.4 0   936.3 0
 2019   2  1  2 22 32 22.533  84.73    70.6 0    24.8 0     4.1 0    73.2 0   299.3 0   279.43 0   279.24 0   320.9 0   278.43 0   278.47 0     2.4 0    31.5 0    48.7 0   -21.7 0    27.0 0     5.0 0    62.0 0     2.7 0   218.2 0   936.3 0
 2019   2  1  2 22 33 22.550  84.85    66.1 0    23.3 0     5.1 0    68.7 0   300.1 0   279.40 0   279.21 0   321.5 0   278.43 0   278.45 0     2.3 0    29.7 0    45.9 0   -21.3 0    24.5 0     5.1 0    62.0 0     2.0 0   234.2 0   936.4 0
 2019   2  1  2 22 34 22.567  84.96    61.9 0    21.8 0     5.4 0    64.6 0   300.8 0   279.38 0   279.21 0   321.5 0   278.41 0   278.43 0     2.1 0    27.9 0    43.3 0   -20.8 0    22.5 0     5.1 0    61.8 0     2.4 0   226.1 0   936.4 0
 2019   2  1  2 22 35 22.583  85.08    58.3 0    20.6 0     5.7 0    61.0 0   300.8 0   279.36 0   279.20 0   321.5 0   278.40 0   278.43 0     2.1 0    26.4 0    40.8 0   -20.6 0    20.2 0     5.1 0    61.9 0     2.5 0   213.1 0   936.4 0
 2019   2  1  2 22 36 22.600  85.20    55.5 0    19.7 0     6.8 0    58.1 0   301.1 0   279.35 0   279.17 0   320.8 0   278.38 0   278.40 0     2.0 0    25.2 0    39.0 0   -19.7 0    19.3 0     5.1 0    62.2 0     1.1 0   231.7 0   936.4 0
 2019   2  1  2 22 37 22.617  85.32    53.3 0    19.0 0     8.1 0    55.8 0   300.9 0   279.33 0   279.12 0   320.6 0   278.37 0   278.38 0     1.9 0    24.1 0    37.5 0   -19.7 0    17.8 0     5.0 0    62.2 0     2.1 0   259.3 0   936.4 0
 2019   2  1  2 22 38 22.633  85.44    51.5 0    18.2 0     9.8 0    53.9 0   300.3 0   279.31 0   279.10 0   320.2 0   278.35 0   278.36 0     1.9 0    23.2 0    36.4 0   -19.9 0    16.5 0     5.0 0    62.4 0     0.8 0   289.4 0   936.3 0
 2019   2  1  2 22 39 22.650  85.56    49.9 0    17.6 0    12.8 0    52.0 0   299.5 0   279.29 0   279.07 0   319.6 0   278.33 0   278.34 0     1.8 0    22.3 0    35.4 0   -20.2 0    15.2 0     5.0 0    62.5 0     1.5 0     8.6 0   936.3 0
 2019   2  1  2 22 40 22.667  85.68    48.1 0    16.9 0    14.2 0    50.1 0   298.4 0   279.26 0   279.01 0   319.2 0   278.32 0   278.33 0     1.8 0    21.4 0    34.3 0   -20.8 0    13.4 0     4.9 0    62.6 0     0.9 0    11.2 0   936.3 0
 2019   2  1  2 22 41 22.683  85.80    45.9 0    16.0 0    15.6 0    47.7 0   296.9 0   279.22 0   278.96 0   318.7 0   278.30 0   278.32 0     1.7 0    20.3 0    32.9 0   -21.8 0    11.1 0     5.0 0    62.5 0     0.7 0    19.5 0   936.3 0
 2019   2  1  2 22 42 22.700  85.92    43.6 0    15.1 0    18.2 0    45.2 0   294.8 0   279.18 0   278.94 0   318.5 0   278.28 0   278.29 0     1.7 0    19.3 0    31.4 0   -23.7 0     7.7 0     4.9 0    62.6 0     1.2 0   295.7 0   936.3 0
 2019   2  1  2 22 43 22.717  86.04    41.6 0    14.3 0    20.5 0    43.0 0   293.0 0   279.15 0   278.94 0   318.1 0   278.27 0   278.28 0     1.7 0    18.4 0    30.1 0   -25.1 0     5.0 0     5.0 0    62.7 0     1.0 0   280.6 0   936.2 0
 2019   2  1  2 22 44 22.733  86.16    39.3 0    13.4 0    12.3 0    41.2 0   290.5 0   279.12 0   278.91 0   317.4 0   278.24 0   278.26 0     1.6 0    17.4 0    28.6 0   -26.9 0     1.7 0     5.0 0    62.7 0     0.6 0   267.1 0   936.2 0
 2019   2  1  2 22 45 22.750  86.28    37.8 0    12.8 0    15.0 0    39.5 0   288.1 0   279.11 0   278.91 0   316.8 0   278.24 0   278.24 0     1.6 0    16.7 0    27.7 0   -28.7 0    -1.1 0     5.0 0    62.8 0     1.0 0   251.5 0   936.1 0
 2019   2  1  2 22 46 22.767  86.40    36.6 0    12.5 0    27.1 0    37.7 0   286.1 0   279.09 0   278.88 0   316.2 0   278.21 0   278.23 0     1.6 0    16.1 0    26.9 0   -30.1 0    -3.1 0     5.0 0    62.8 0     0.8 0   226.3 0   936.1 0
 2019   2  1  2 22 47 22.783  86.52    35.8 0    12.0 0    54.7 0    35.7 0   284.7 0   279.07 0   278.87 0   315.8 0   278.19 0   278.21 0     1.5 0    15.7 0    27.0 0   -31.1 0    -4.2 0     5.0 0    62.7 0     1.0 0   240.3 0   936.0 0
 2019   2  1  2 22 48 22.800  86.64    35.1 0    11.7 0    82.2 0    33.6 0   283.9 0   279.06 0   278.82 0   315.8 0   278.18 0   278.19 0     1.5 0    15.2 0    26.7 0   -31.9 0    -5.2 0     5.0 0    62.8 0     1.0 0   238.3 0   936.0 0
 2019   2  1  2 22 49 22.817  86.76    33.1 0    11.2 0    93.6 0    31.3 0   282.9 0   279.03 0   278.76 0   315.2 0   278.15 0   278.18 0     1.4 0    14.4 0    25.4 0   -32.3 0    -6.9 0     4.9 0    62.9 0     1.2 0   247.5 0   935.9 0
 2019   2  1  2 22 50 22.833  86.88    30.5 0    10.4 0    95.0 0    28.9 0   281.9 0   279.01 0   278.69 0   316.1 0   278.13 0   278.15 0     1.3 0    13.5 0    23.7 0   -34.2 0   -10.5 0     4.9 0    63.2 0     2.9 0   254.7 0   935.9 0
 2019   2  1  2 22 51 22.850  87.00    26.8 0     9.1 0    72.4 0    26.5 0   280.0 0   278.97 0   278.69 0   316.4 0   278.11 0   278.13 0     1.3 0    12.3 0    21.2 0   -36.4 0   -15.2 0     4.9 0    63.2 0     2.8 0   256.2 0   935.8 0
 2019   2  1  2 22 52 22.867  87.12    24.1 0     8.2 0    51.0 0    24.7 0   278.0 0   278.95 0   278.62 0   316.9 0   278.09 0   278.09 0     1.2 0    11.3 0    19.1 0   -38.8 0   -19.7 0     4.9 0    63.2 0     4.0 0   255.0 0   935.8 0
 2019   2  1  2 22 53 22.883  87.24    21.6 0     7.3 0    19.9 0    23.6 0   276.8 0   278.92 0   278.59 0   316.8 0   278.07 0   278.07 0     1.2 0    10.3 0    17.2 0   -40.0 0   -22.7 0     4.9 0    63.3 0     3.2 0   262.7 0   935.8 0
 2019   2  1  2 22 54 22.900  87.36    20.9 0     6.9 0    13.1 0    22.8 0   275.7 0   278.88 0   278.53 0   315.8 0   278.04 0   278.04 0     1.2 0     9.9 0    16.5 0   -40.1 0   -23.5 0     4.9 0    63.6 0     2.6 0   257.6 0   936.0 0
 2019   2  1  2 22 55 22.917  87.48    20.5 0     7.0 0    25.2 0    22.3 0   274.9 0   278.83 0   278.47 0   314.7 0   278.03 0   278.00 0     1.1 0     9.6 0    16.4 0   -39.8 0   -23.4 0     4.8 0    63.9 0     2.8 0   263.0 0   936.0 0
 2019   2  1  2 22 56 22.933  87.60    21.0 0     7.7 0    79.6 0    22.0 0   273.5 0   278.78 0   278.38 0   313.9 0   277.99 0   277.98 0     1.1 0     9.9 0    17.6 0   -40.4 0   -22.8 0     4.7 0    64.1 0     2.9 0   235.0 0   936.1 0
 2019   2  1  2 22 57 22.950  87.72    21.0 0     8.4 0   125.6 0    21.4 0   273.0 0   278.71 0   278.31 0   313.6 0   277.95 0   277.95 0     1.1 0     9.9 0    17.9 0   -40.7 0   -22.7 0     4.5 0    64.8 0     2.3 0   202.7 0   936.1 0
 2019   2  1  2 22 58 22.967  87.84    20.1 0     8.1 0   129.7 0    20.6 0   272.4 0   278.64 0   278.23 0   312.6 0   277.91 0   277.91 0     1.0 0     9.4 0    17.4 0   -40.2 0   -22.9 0     4.4 0    65.2 0     2.7 0   198.0 0   936.0 0
 2019   2  1  2 22 59 22.983  87.96    18.4 0     7.1 0    68.6 0    19.7 0   271.1 0   278.56 0   278.12 0   312.2 0   277.86 0   277.83 0     1.0 0     8.6 0    15.0 0   -41.0 0   -26.0 0     4.3 0    65.5 0     3.4 0   205.3 0   936.0 0
 2019   2  1  2 23  0 23.000  88.08    17.0 0     6.2 0    30.3 0    18.6 0   270.2 0   278.47 0   278.01 0   312.3 0   277.80 0   277.73 0     0.9 0     7.8 0    13.4 0   -42.1 0   -28.7 0     4.1 0    66.6 0     4.1 0   196.0 0   936.0 0
 2019   2  1  2 23  1 23.017  88.20    15.9 0     6.1 0    21.6 0    17.6 0   268.4 0   278.37 0   277.88 0   312.0 0   277.73 0   277.66 0     0.8 0     7.3 0    12.2 0   -43.6 0   -31.4 0     4.0 0    67.0 0     4.3 0   197.9 0   936.0 0
 2019   2  1  2 23  2 23.033  88.31    15.1 0     5.5 0    31.0 0    16.5 0   267.0 0   278.25 0   277.77 0   311.9 0   277.66 0   277.60 0     0.8 0     6.8 0    11.9 0   -44.9 0   -33.0 0     4.0 0    67.2 0     4.3 0   201.9 0   936.0 0
 2019   2  1  2 23  3 23.050  88.43    14.1 0     5.2 0    42.7 0    15.4 0   266.2 0   278.15 0   277.69 0   311.7 0   277.60 0   277.54 0     0.8 0     6.4 0    11.3 0   -45.5 0   -34.2 0     3.9 0    67.7 0     3.9 0   202.7 0   936.0 0
 2019   2  1  2 23  4 23.067  88.55    13.0 0     4.9 0    39.9 0    14.3 0   265.8 0   278.05 0   277.59 0   311.5 0   277.53 0   277.48 0     0.8 0     6.0 0    10.4 0   -45.7 0   -35.3 0     3.9 0    67.9 0     4.2 0   211.1 0   935.9 0
 2019   2  1  2 23  5 23.083  88.66    11.9 0     4.4 0    25.7 0    13.3 0   265.7 0   277.94 0   277.48 0   311.8 0   277.47 0   277.41 0     0.8 0     5.6 0     9.5 0   -46.2 0   -36.6 0     3.8 0    68.4 0     4.6 0   208.1 0   935.8 0
 2019   2  1  2 23  6 23.100  88.78    10.7 0     4.0 0     8.9 0    12.3 0   266.5 0   277.84 0   277.42 0   312.4 0   277.42 0   277.39 0     0.7 0     5.1 0     8.5 0   -45.9 0   -37.4 0     4.1 0    67.1 0     4.4 0   217.6 0   935.8 0
 2019   2  1  2 23  7 23.117  88.89     9.9 0     3.5 0     4.6 0    11.4 0   267.6 0   277.75 0   277.34 0   312.1 0   277.38 0   277.34 0     0.6 0     4.7 0     8.0 0   -44.5 0   -36.5 0     4.1 0    67.1 0     4.1 0   224.3 0   935.7 0
 2019   2  1  2 23  8 23.133  89.01     9.2 0     3.2 0     3.0 0    10.6 0   268.9 0   277.66 0   277.26 0   312.0 0   277.34 0   277.29 0     0.6 0     4.4 0     7.4 0   -43.1 0   -35.7 0     4.0 0    67.5 0     4.2 0   219.7 0   935.7 0
 2019   2  1  2 23  9 23.150  89.12     8.4 0     3.2 0     2.0 0     9.8 0   270.7 0   277.58 0   277.21 0   311.9 0   277.30 0   277.26 0     0.6 0     4.1 0     6.6 0   -41.2 0   -34.6 0     4.1 0    67.2 0     4.2 0   219.5 0   935.7 0
 2019   2  1  2 23 10 23.167  89.23     7.7 0     2.6 0     1.8 0     9.0 0   272.2 0   277.50 0   277.14 0   311.3 0   277.27 0   277.22 0     0.5 0     3.9 0     6.4 0   -39.1 0   -32.7 0     4.1 0    67.0 0     4.1 0   221.3 0   935.7 0
 2019   2  1  2 23 11 23.183  89.34     6.9 0     2.4 0     1.2 0     8.2 0   273.7 0   277.43 0   277.10 0   312.1 0   277.24 0   277.21 0     0.5 0     3.5 0     5.8 0   -38.4 0   -32.6 0     4.2 0    66.8 0     4.0 0   220.5 0   935.7 0
 2019   2  1  2 23 12 23.200  89.44     6.1 0     2.1 0     1.1 0     7.4 0   274.3 0   277.37 0   277.06 0   312.1 0   277.21 0   277.18 0     0.5 0     3.3 0     5.3 0   -37.8 0   -32.5 0     4.2 0    66.6 0     3.9 0   216.2 0   935.8 0
 2019   2  1  2 23 13 23.217  89.55     5.9 0     2.3 0     0.7 0     6.8 0   275.1 0   277.31 0   276.98 0   311.8 0   277.19 0   277.14 0     0.5 0     3.1 0     4.5 0   -36.7 0   -32.2 0     4.1 0    67.6 0     4.0 0   211.2 0   935.8 0
 2019   2  1  2 23 14 23.233  89.65     5.3 0     2.0 0     0.4 0     6.3 0   275.5 0   277.25 0   276.91 0   311.6 0   277.15 0   277.09 0     0.4 0     2.8 0     4.2 0   -36.1 0   -31.8 0     4.0 0    67.9 0     4.2 0   200.1 0   935.8 0
 2019   2  1  2 23 15 23.250  89.75     4.9 0     2.4 0     0.7 0     6.0 0   275.3 0   277.18 0   276.82 0   311.0 0   277.10 0   277.02 0     0.4 0     2.8 0     3.5 0   -35.7 0   -32.2 0     3.8 0    69.1 0     4.1 0   197.4 0   935.9 0
 2019   2  1  2 23 16 23.267  89.85     4.9 0     2.4 0     0.8 0     5.9 0   275.6 0   277.11 0   276.74 0   310.1 0   277.04 0   276.95 0     0.4 0     2.4 0     3.5 0   -34.6 0   -31.1 0     3.5 0    70.2 0     3.4 0   193.5 0   936.0 0
 2019   2  1  2 23 17 23.283  89.94     4.9 0     2.4 0     0.5 0     5.5 0   275.7 0   277.03 0   276.67 0   308.9 0   276.97 0   276.86 0     0.4 0     2.4 0     3.1 0   -33.2 0   -30.1 0     3.2 0    71.2 0     2.6 0   184.3 0   936.0 0
 2019   2  1  2 23 18 23.300  90.82     4.9 0     2.4 0     0.4 0     5.1 0   275.1 0   276.95 0   276.58 0   307.5 0   276.90 0   276.78 0     0.0 0     2.3 0     2.7 0   -32.4 0   -29.7 0     2.9 0    72.2 0     2.0 0   175.5 0   936.0 0
 2019   2  1  2 23 19 23.317  90.96     5.0 0     2.1 0     0.4 0     5.1 0   273.5 0   276.86 0   276.44 0   306.4 0   276.82 0   276.70 0     0.0 0     2.0 0     3.1 0   -32.9 0   -29.8 0     2.7 0    73.0 0     1.5 0   157.0 0   936.0 0
 2019   2  1  2 23 20 23.333  91.09     5.7 0     2.1 0     0.6 0     5.5 0   270.8 0   276.76 0   276.33 0   305.4 0   276.74 0   276.61 0     0.0 0     2.0 0     3.4 0   -34.6 0   -31.2 0     2.4 0    74.0 0     1.4 0   143.7 0   936.0 0
 2019   2  1  2 23 21 23.350  91.23     5.9 0     2.4 0     1.1 0     5.7 0   268.6 0   276.65 0   276.17 0   304.8 0   276.66 0   276.52 0     0.0 0     2.0 0     3.3 0   -36.2 0   -32.8 0     2.1 0    75.2 0     1.7 0   141.7 0   935.9 0
 2019   2  1  2 23 22 23.367  91.37     5.9 0     2.4 0     1.3 0     5.6 0   267.0 0   276.53 0   275.99 0   304.7 0   276.57 0   276.43 0     0.0 0     1.9 0     3.2 0   -37.7 0   -34.5 0     1.9 0    76.5 0     2.0 0   138.5 0   935.8 0
 2019   2  1  2 23 23 23.383  91.51     5.9 0     2.4 0     1.6 0     5.5 0   266.0 0   276.40 0   275.84 0   304.6 0   276.47 0   276.33 0     0.0 0     1.9 0     3.1 0   -38.5 0   -35.5 0     1.7 0    77.3 0     2.4 0   129.1 0   935.8 0
 2019   2  1  2 23 24 23.400  91.65     6.1 0     2.4 0     1.8 0     5.8 0   265.6 0   276.27 0   275.72 0   304.3 0   276.36 0   276.24 0     0.0 0     1.9 0     3.4 0   -38.7 0   -35.3 0     1.6 0    78.1 0     2.7 0   127.7 0   935.8 0
 2019   2  1  2 23 25 23.417  91.79     6.4 0     2.4 0     1.6 0     6.2 0   265.3 0   276.14 0   275.62 0   304.0 0   276.26 0   276.13 0     0.0 0     1.9 0     3.8 0   -38.7 0   -35.0 0     1.5 0    78.5 0     2.8 0   122.7 0   935.8 0
 2019   2  1  2 23 26 23.433  91.92     6.8 0     2.4 0     1.5 0     6.5 0   265.6 0   276.02 0   275.50 0   304.4 0   276.16 0   276.04 0     0.0 0     1.8 0     4.1 0   -38.8 0   -34.7 0     1.5 0    78.6 0     2.8 0   125.4 0   935.7 0
 2019   2  1  2 23 27 23.450  92.06     7.3 0     2.4 0     1.2 0     6.7 0   265.7 0   275.90 0   275.42 0   304.9 0   276.06 0   275.94 0     0.0 0     1.6 0     4.3 0   -39.3 0   -35.0 0     1.5 0    78.5 0     2.8 0   124.8 0   935.7 0
 2019   2  1  2 23 28 23.467  92.20     7.3 0     2.6 0     1.2 0     7.1 0   265.9 0   275.80 0   275.34 0   304.5 0   275.97 0   275.86 0     0.0 0     1.5 0     4.5 0   -38.5 0   -34.1 0     1.5 0    78.5 0     2.4 0   132.8 0   935.7 0
 2019   2  1  2 23 29 23.483  92.34     7.3 0     2.4 0     1.1 0     7.1 0   266.1 0   275.70 0   275.29 0   304.2 0   275.88 0   275.78 0     0.0 0     1.5 0     4.6 0   -38.0 0   -33.4 0     1.5 0    78.4 0     2.1 0   138.6 0   935.7 0
 2019   2  1  2 23 30 23.500  92.48     7.2 0     2.4 0     0.6 0     7.1 0   266.3 0   275.62 0   275.25 0   304.3 0   275.81 0   275.72 0     0.0 0     1.5 0     4.7 0   -38.0 0   -33.3 0     1.6 0    77.9 0     1.9 0   137.7 0   935.7 0
 2019   2  1  2 23 31 23.517  92.62     6.4 0     2.4 0     0.4 0     6.8 0   266.1 0   275.54 0   275.20 0   303.9 0   275.74 0   275.65 0     0.0 0     1.2 0     4.4 0   -37.8 0   -33.4 0     1.6 0    77.6 0     1.8 0   127.7 0   935.8 0
 2019   2  1  2 23 32 23.533  92.76     5.9 0     2.0 0     0.4 0     6.1 0   266.1 0   275.47 0   275.11 0   303.6 0   275.67 0   275.57 0     0.0 0     1.1 0     4.1 0   -37.4 0   -33.4 0     1.6 0    78.0 0     2.3 0   151.5 0   935.8 0
 2019   2  1  2 23 33 23.550  92.90     5.1 0     1.6 0     0.4 0     5.2 0   266.6 0   275.40 0   275.09 0   304.5 0   275.61 0   275.54 0     0.0 0     0.8 0     3.6 0   -37.9 0   -34.3 0     1.7 0    78.3 0     2.5 0   163.2 0   935.7 0
 2019   2  1  2 23 34 23.567  93.05     4.0 0     1.0 0     0.4 0     4.6 0   266.3 0   275.35 0   275.05 0   304.7 0   275.56 0   275.50 0     0.0 0     0.7 0     3.6 0   -38.4 0   -34.8 0     1.9 0    77.3 0     2.6 0   172.7 0   935.7 0
 2019   2  1  2 23 35 23.583  93.19     3.0 0     0.8 0     0.4 0     3.9 0   265.8 0   275.31 0   275.02 0   304.2 0   275.51 0   275.46 0     0.0 0     0.7 0     3.1 0   -38.3 0   -35.3 0     1.9 0    76.8 0     2.5 0   176.4 0   935.7 0
 2019   2  1  2 23 36 23.600  93.33     2.1 0     0.8 0     0.4 0     3.0 0   265.1 0   275.26 0   274.94 0   303.5 0   275.46 0   275.41 0     0.0 0     0.4 0     2.2 0   -38.4 0   -36.2 0     1.9 0    76.8 0     2.5 0   185.9 0   935.7 0
 2019   2  1  2 23 37 23.617  93.47     1.2 0     0.5 0     0.4 0     2.2 0   264.6 0   275.22 0   274.88 0   303.1 0   275.42 0   275.36 0     0.0 0     0.4 0     1.7 0   -38.5 0   -36.8 0     1.9 0    76.9 0     2.5 0   190.9 0   935.7 0
 2019   2  1  2 23 38 23.633  93.61     0.5 0     0.0 0     0.4 0     1.4 0   263.9 0   275.17 0   274.87 0   303.1 0   275.38 0   275.33 0     0.0 0     0.4 0     1.4 0   -39.1 0   -37.7 0     2.0 0    76.9 0     3.0 0   195.5 0   935.7 0
 2019   2  1  2 23 39 23.650  93.76     0.0 0     0.0 0     0.4 0     1.0 0   262.8 0   275.13 0   274.81 0   303.4 0   275.35 0   275.31 0     0.0 0     0.4 0     1.0 0   -40.6 0   -39.6 0     2.2 0    76.2 0     3.2 0   195.1 0   935.7 0
 2019   2  1  2 23 40 23.667  93.90     0.0 0     0.0 0     0.4 0     0.8 0   261.8 0   275.09 0   274.75 0   303.0 0   275.31 0   275.27 0     0.0 0     0.3 0     0.8 0   -41.3 0   -40.5 0     2.2 0    76.0 0     3.1 0   185.2 0   935.7 0
 2019   2  1  2 23 41 23.683  94.04     0.0 0    -0.1 0     0.4 0     0.7 0   260.9 0   275.04 0   274.71 0   302.7 0   275.28 0   275.26 0     0.0 0     0.0 0     0.7 0   -41.8 0   -41.1 0     2.3 0    75.8 0     3.3 0   182.5 0   935.8 0
 2019   2  1  2 23 42 23.700  94.19    -0.5 0    -0.8 0     0.4 0     0.4 0   259.7 0   275.00 0   274.69 0   302.9 0   275.27 0   275.26 0     0.0 0     0.0 0     0.4 0   -43.2 0   -42.8 0     2.5 0    74.6 0     2.9 0   179.6 0   935.8 0
 2019   2  1  2 23 43 23.717  94.33    -0.8 0    -0.4 0     0.4 0     0.4 0   258.0 0   274.96 0   274.67 0   302.3 0   275.26 0   275.22 0     0.0 0     0.0 0     0.4 0   -44.3 0   -43.9 0     2.5 0    74.0 0     2.2 0   188.5 0   935.9 0
 2019   2  1  2 23 44 23.733  94.47    -1.0 0     0.0 0     0.4 0     0.4 0   256.9 0   274.93 0   274.65 0   301.5 0   275.23 0   275.18 0     0.0 0     0.0 0     0.4 0   -44.5 0   -44.1 0     2.3 0    75.0 0     2.2 0   186.0 0   936.0 0
 2019   2  1  2 23 45 23.750  94.62    -1.0 0     0.0 0     0.4 0     0.4 0   255.6 0   274.90 0   274.64 0   300.5 0   275.21 0   275.15 0     0.0 0     0.0 0     0.4 0   -44.8 0   -44.4 0     2.2 0    75.5 0     1.8 0   194.8 0   936.0 0
 2019   2  1  2 23 46 23.767  94.76    -1.0 0     0.0 0     0.4 0     0.4 0   254.7 0   274.88 0   274.61 0   299.4 0   275.17 0   275.10 0     0.0 0     0.0 0     0.4 0   -44.7 0   -44.3 0     2.1 0    75.8 0     1.4 0   202.9 0   936.0 0
 2019   2  1  2 23 47 23.783  94.91    -1.0 0     0.0 0     0.4 0     0.4 0   254.0 0   274.85 0   274.59 0   299.0 0   275.13 0   275.07 0     0.0 0     0.0 0     0.4 0   -45.0 0   -44.6 0     2.0 0    76.9 0     1.6 0   196.6 0   936.0 0
 2019   2  1  2 23 48 23.800  95.05    -1.0 0    -0.4 0     0.4 0     0.1 0   253.6 0   274.83 0   274.59 0   298.5 0   275.09 0   275.04 0     0.0 0     0.0 0     0.1 0   -45.0 0   -44.8 0     2.0 0    76.7 0     1.8 0   191.3 0   936.0 0
 2019   2  1  2 23 49 23.817  95.20    -1.2 0    -0.7 0     0.4 0     0.1 0   253.2 0   274.82 0   274.56 0   298.4 0   275.06 0   275.01 0     0.0 0     0.0 0     0.1 0   -45.2 0   -45.1 0     2.0 0    76.9 0     1.8 0   194.1 0   936.0 0
 2019   2  1  2 23 50 23.833  95.34    -1.1 0    -0.8 0     0.4 0     0.2 0   252.6 0   274.79 0   274.52 0   297.9 0   275.02 0   274.96 0     0.0 0     0.0 0     0.2 0   -45.3 0   -45.1 0     1.9 0    76.6 0     1.4 0   193.5 0   936.0 0
 2019   2  1  2 23 51 23.850  95.49    -1.0 0    -0.8 0     0.4 0     0.2 0   252.3 0   274.77 0   274.49 0   297.4 0   274.98 0   274.92 0     0.0 0     0.0 0     0.2 0   -45.0 0   -44.8 0     1.9 0    77.3 0     1.6 0   183.2 0   936.0 0
 2019   2  1  2 23 52 23.867  95.63    -1.0 0    -0.8 0     0.4 0     0.3 0   251.7 0   274.74 0   274.42 0   297.2 0   274.94 0   274.88 0     0.0 0     0.0 0     0.3 0   -45.5 0   -45.1 0     1.9 0    77.1 0     1.7 0   185.1 0   936.0 0
 2019   2  1  2 23 53 23.883  95.78    -1.0 0    -0.8 0     0.4 0     0.4 0   251.7 0   274.70 0   274.38 0   298.0 0   274.90 0   274.86 0     0.0 0     0.0 0     0.4 0   -46.3 0   -45.9 0     1.9 0    77.8 0     2.2 0   196.9 0   936.0 0
 2019   2  1  2 23 54 23.900  95.93    -1.0 0    -0.8 0     0.4 0     0.3 0   251.8 0   274.66 0   274.36 0   298.5 0   274.88 0   274.84 0     0.0 0     0.0 0     0.3 0   -46.8 0   -46.4 0     1.9 0    77.8 0     2.0 0   188.8 0   936.0 0
 2019   2  1  2 23 55 23.917  96.07    -1.0 0    -0.8 0     0.4 0     0.0 0   251.8 0   274.64 0   274.37 0   298.4 0   274.85 0   274.83 0     0.0 0     0.0 0     0.0 0   -46.7 0   -46.7 0     2.0 0    77.7 0     1.9 0   177.3 0   936.0 0
 2019   2  1  2 23 56 23.933  96.22    -1.0 0    -0.8 0     0.4 0     0.0 0   251.7 0   274.62 0   274.36 0   298.0 0   274.83 0   274.82 0     0.0 0     0.0 0     0.0 0   -46.2 0   -46.2 0     2.1 0    77.1 0     1.5 0   158.1 0   936.0 0
 2019   2  1  2 23 57 23.950  96.37    -1.2 0    -0.8 0     0.4 0     0.0 0   251.2 0   274.60 0   274.32 0   297.8 0   274.83 0   274.80 0     0.0 0     0.0 0     0.0 0   -46.5 0   -46.5 0     2.2 0    76.8 0     1.0 0   146.3 0   936.0 0
 2019   2  1  2 23 58 23.967  96.52    -1.1 0    -0.8 0     0.3 0     0.2 0   251.6 0   274.57 0   274.31 0   298.0 0   274.81 0   274.80 0     0.0 0     0.0 0     0.0 0   -46.4 0   -46.4 0     2.3 0    76.7 0     1.0 0   148.1 0   936.0 0
 2019   2  1  2 23 59 23.983  96.66    -1.7 0    -0.8 0     0.0 0     0.0 0   251.8 0   274.57 0   274.41 0   298.7 0   274.81 0   274.80 0     0.0 0     0.0 0     0.0 0   -46.9 0   -46.9 0     2.4 0    76.2 0     0.8 0   162.1 0   936.0 0
