 Fort Peck
   48.31 -105.10  634 m version 1
 2019   8  1  8  0  0  0.000  96.05    -2.0 0    -0.3 0    -0.3 0     0.4 0   239.6 0   271.73 0   271.50 0   301.1 0   271.17 0   271.17 0     0.0 0     0.0 0     0.0 0   -61.5 0   -61.5 0    -1.9 0    76.8 0     9.9 0   290.6 0   937.0 0
 2019   8  1  8  0  1  0.017  96.20    -2.0 0     0.0 0     0.0 0     0.4 0   228.8 0   271.73 0   271.47 0   300.5 0   271.17 0   271.19 0     0.0 0     0.0 0     0.0 0   -71.8 0   -71.8 0    -1.9 0    76.7 0    10.5 0   289.4 0   937.0 0
 2019   8  1  8  0  2  0.033  96.35    -2.0 0     0.0 0     0.1 0     0.4 0   222.8 0   271.73 0   271.45 0   299.9 0   271.17 0   271.18 0     0.0 0     0.0 0     0.0 0   -77.1 0   -77.1 0    -1.9 0    77.0 0     9.1 0   291.6 0   937.0 0
 2019   8  1  8  0  3  0.050  96.49    -2.0 0     0.0 0     0.3 0     0.4 0   220.6 0   271.73 0   271.43 0   299.9 0   271.17 0   271.17 0     0.0 0     0.0 0     0.0 0   -79.3 0   -79.3 0    -2.0 0    77.0 0     9.9 0   288.5 0   937.0 0
 2019   8  1  8  0  4  0.067  96.64    -2.0 0     0.0 0     0.4 0     0.4 0   220.2 0   271.72 0   271.42 0   299.8 0   271.17 0   271.17 0     0.0 0     0.0 0     0.0 0   -79.5 0   -79.5 0    -2.0 0    77.1 0    11.0 0   287.7 0   937.0 0
 2019   8  1  8  0  5  0.083  96.79    -2.0 0     0.0 0     0.1 0     0.4 0   220.6 0   271.71 0   271.42 0   300.0 0   271.17 0   271.17 0     0.0 0     0.0 0     0.0 0   -79.4 0   -79.4 0    -2.0 0    76.7 0    11.8 0   288.9 0   937.1 0
 2019   8  1  8  0  6  0.100  96.94    -2.3 0     0.0 0     0.0 0     0.4 0   220.7 0   271.71 0   271.43 0   299.9 0   271.17 0   271.18 0     0.0 0     0.0 0     0.0 0   -79.3 0   -79.3 0    -2.0 0    76.4 0    11.4 0   290.2 0   937.1 0
 2019   8  1  8  0  7  0.117  97.09    -2.4 0     0.0 0     0.0 0     0.4 0   222.2 0   271.71 0   271.43 0   299.9 0   271.17 0   271.19 0     0.0 0     0.0 0     0.0 0   -77.8 0   -77.8 0    -1.9 0    76.3 0    11.3 0   291.0 0   937.2 0
 2019   8  1  8  0  8  0.133  97.24    -2.4 0     0.0 0     0.0 0     0.4 0   225.1 0   271.71 0   271.43 0   299.9 0   271.17 0   271.18 0     0.0 0     0.0 0     0.0 0   -74.9 0   -74.9 0    -2.0 0    76.7 0    11.3 0   289.4 0   937.2 0
 2019   8  1  8  0  9  0.150  97.39    -2.4 0     0.0 0     0.0 0     0.4 0   226.5 0   271.71 0   271.44 0   299.9 0   271.17 0   271.19 0     0.0 0     0.0 0     0.0 0   -73.4 0   -73.4 0    -2.0 0    76.7 0    10.9 0   290.2 0   937.2 0
 2019   8  1  8  0 10  0.167  97.54    -2.5 0     0.0 0     0.0 0     0.4 0   228.3 0   271.71 0   271.46 0   300.2 0   271.17 0   271.20 0     0.0 0     0.0 0     0.0 0   -71.9 0   -71.9 0    -1.9 0    76.4 0    11.7 0   289.5 0   937.3 0
 2019   8  1  8  0 11  0.183  97.69    -2.4 0     0.0 0    -0.1 0     0.4 0   226.9 0   271.72 0   271.46 0   300.2 0   271.19 0   271.19 0     0.0 0     0.0 0     0.0 0   -73.3 0   -73.3 0    -2.0 0    76.7 0     9.4 0   293.3 0   937.3 0
 2019   8  1  8  0 12  0.200  97.84    -2.4 0     0.0 0     0.0 0     0.4 0   230.0 0   271.73 0   271.46 0   299.9 0   271.18 0   271.17 0     0.0 0     0.0 0     0.0 0   -69.9 0   -69.9 0    -2.0 0    77.3 0     8.6 0   292.0 0   937.4 0
 2019   8  1  8  0 13  0.217  97.99    -2.3 0     0.0 0     0.0 0     0.4 0   231.9 0   271.73 0   271.46 0   299.8 0   271.17 0   271.17 0     0.0 0     0.0 0     0.0 0   -67.8 0   -67.8 0    -2.0 0    77.3 0     8.4 0   293.7 0   937.4 0
 2019   8  1  8  0 14  0.233  98.14    -2.1 0     0.0 0     0.0 0     0.4 0   230.6 0   271.73 0   271.46 0   299.9 0   271.17 0   271.17 0     0.0 0     0.0 0     0.0 0   -69.3 0   -69.3 0    -2.1 0    77.3 0    10.0 0   297.2 0   937.4 0
 2019   8  1  8  0 15  0.250  98.29    -2.2 0     0.0 0     0.0 0     0.4 0   229.3 0   271.71 0   271.46 0   300.4 0   271.17 0   271.19 0     0.0 0     0.0 0     0.0 0   -71.1 0   -71.1 0    -2.0 0    76.3 0    11.3 0   294.8 0   937.4 0
 2019   8  1  8  0 16  0.267  98.45    -2.4 0     0.0 0     0.0 0     0.4 0   227.3 0   271.71 0   271.45 0   299.9 0   271.17 0   271.19 0     0.0 0     0.0 0     0.0 0   -72.6 0   -72.6 0    -1.9 0    76.5 0     9.5 0   295.2 0   937.5 0
 2019   8  1  8  0 17  0.283  98.60    -2.4 0     0.0 0     0.0 0     0.4 0   228.3 0   271.71 0   271.44 0   299.9 0   271.17 0   271.19 0     0.0 0     0.0 0     0.0 0   -71.6 0   -71.6 0    -1.9 0    76.5 0    10.5 0   294.5 0   937.5 0
 2019   8  1  8  0 18  0.300  98.75    -2.4 0     0.0 0     0.0 0     0.4 0   228.5 0   271.71 0   271.46 0   299.9 0   271.17 0   271.21 0     0.0 0     0.0 0     0.0 0   -71.4 0   -71.4 0    -1.9 0    76.3 0    10.5 0   296.3 0   937.5 0
 2019   8  1  8  0 19  0.317  98.90    -2.3 0     0.0 0     0.0 0     0.4 0   230.7 0   271.71 0   271.45 0   299.9 0   271.19 0   271.19 0     0.0 0     0.0 0     0.0 0   -69.2 0   -69.2 0    -2.0 0    76.9 0     8.6 0   292.7 0   937.5 0
 2019   8  1  8  0 20  0.333  99.05    -2.1 0     0.0 0     0.0 0     0.4 0   236.6 0   271.71 0   271.46 0   300.1 0   271.18 0   271.19 0     0.0 0     0.0 0     0.0 0   -63.5 0   -63.5 0    -2.0 0    76.9 0    10.0 0   290.9 0   937.5 0
 2019   8  1  8  0 21  0.350  99.21    -2.0 0     0.0 0     0.0 0     0.4 0   233.7 0   271.71 0   271.44 0   299.8 0   271.17 0   271.18 0     0.0 0     0.0 0     0.0 0   -66.1 0   -66.1 0    -2.0 0    77.3 0     8.9 0   290.4 0   937.5 0
 2019   8  1  8  0 22  0.367  99.36    -2.0 0     0.0 0     0.0 0     0.4 0   235.0 0   271.71 0   271.44 0   299.7 0   271.17 0   271.17 0     0.0 0     0.0 0     0.0 0   -64.7 0   -64.7 0    -2.0 0    77.7 0     8.4 0   288.2 0   937.6 0
 2019   8  1  8  0 23  0.383  99.51    -2.0 0     0.0 0     0.0 0     0.4 0   234.7 0   271.71 0   271.44 0   299.8 0   271.17 0   271.17 0     0.0 0     0.0 0     0.0 0   -65.1 0   -65.1 0    -2.1 0    77.8 0     8.5 0   288.7 0   937.6 0
 2019   8  1  8  0 24  0.400  99.66    -2.0 0     0.0 0     0.0 0     0.4 0   231.7 0   271.71 0   271.41 0   299.7 0   271.16 0   271.14 0     0.0 0     0.0 0     0.0 0   -68.0 0   -68.0 0    -2.1 0    78.0 0     8.2 0   290.8 0   937.6 0
 2019   8  1  8  0 25  0.417  99.82    -2.0 0     0.0 0     0.0 0     0.4 0   228.4 0   271.68 0   271.41 0   299.7 0   271.14 0   271.15 0     0.0 0     0.0 0     0.0 0   -71.4 0   -71.4 0    -2.1 0    77.3 0    10.0 0   287.7 0   937.7 0
 2019   8  1  8  0 26  0.433  99.97    -2.0 0     0.0 0     0.0 0     0.4 0   236.9 0   271.68 0   271.41 0   299.9 0   271.14 0   271.14 0     0.0 0     0.0 0     0.0 0   -63.1 0   -63.1 0    -2.0 0    77.1 0     9.1 0   287.1 0   937.7 0
 2019   8  1  8  0 27  0.450 100.12    -2.0 0     0.0 0     0.0 0     0.4 0   247.1 0   271.68 0   271.44 0   300.6 0   271.14 0   271.15 0     0.0 0     0.0 0     0.0 0   -53.6 0   -53.6 0    -2.0 0    76.8 0    10.1 0   289.0 0   937.7 0
 2019   8  1  8  0 28  0.467 100.28    -2.0 0     0.0 0     0.0 0     0.4 0   253.4 0   271.68 0   271.46 0   300.7 0   271.14 0   271.14 0     0.0 0     0.0 0     0.0 0   -47.3 0   -47.3 0    -2.0 0    77.0 0     8.6 0   289.8 0   937.7 0
 2019   8  1  8  0 29  0.483 100.43    -2.0 0     0.0 0     0.0 0     0.3 0   257.7 0   271.68 0   271.46 0   300.7 0   271.13 0   271.12 0     0.0 0     0.0 0     0.0 0   -42.9 0   -42.9 0    -2.1 0    77.6 0     8.0 0   290.1 0   937.8 0
 2019   8  1  8  0 30  0.500 100.59    -2.0 0     0.0 0    -0.3 0     0.3 0   254.1 0   271.68 0   271.46 0   300.7 0   271.12 0   271.14 0     0.0 0     0.0 0     0.0 0   -46.6 0   -46.6 0    -2.1 0    77.0 0     9.6 0   287.8 0   937.7 0
 2019   8  1  8  0 31  0.517 100.74    -2.0 0     0.0 0    -0.3 0     0.3 0   252.7 0   271.68 0   271.46 0   300.7 0   271.12 0   271.14 0     0.0 0     0.0 0     0.0 0   -48.0 0   -48.0 0    -2.0 0    76.9 0     9.1 0   289.1 0   937.7 0
 2019   8  1  8  0 32  0.533 100.90    -2.0 0     0.0 0    -0.3 0     0.4 0   253.9 0   271.68 0   271.47 0   301.0 0   271.13 0   271.15 0     0.0 0     0.0 0     0.0 0   -47.1 0   -47.1 0    -2.0 0    76.5 0    10.7 0   289.1 0   937.8 0
 2019   8  1  8  0 33  0.550 101.05    -2.0 0     0.0 0    -0.4 0     0.3 0   259.0 0   271.69 0   271.50 0   301.3 0   271.14 0   271.17 0     0.0 0     0.0 0     0.0 0   -42.4 0   -42.4 0    -2.0 0    76.1 0    10.1 0   290.2 0   937.8 0
 2019   8  1  8  0 34  0.567 101.21    -2.0 0    -0.1 0    -0.4 0     0.2 0   261.3 0   271.71 0   271.52 0   301.5 0   271.15 0   271.17 0     0.0 0     0.0 0     0.0 0   -40.2 0   -40.2 0    -2.0 0    76.1 0    11.1 0   286.4 0   937.8 0
 2019   8  1  8  0 35  0.583 101.36    -2.0 0    -0.2 0    -0.4 0     0.3 0   263.1 0   271.71 0   271.54 0   301.8 0   271.17 0   271.18 0     0.0 0     0.0 0     0.0 0   -38.7 0   -38.7 0    -1.9 0    75.8 0    10.8 0   289.9 0   937.8 0
 2019   8  1  8  0 36  0.600 101.52    -2.0 0    -0.3 0    -0.4 0     0.3 0   265.2 0   271.73 0   271.56 0   301.6 0   271.17 0   271.19 0     0.0 0     0.0 0     0.0 0   -36.4 0   -36.4 0    -1.9 0    76.0 0    10.7 0   287.6 0   937.9 0
 2019   8  1  8  0 37  0.617 101.67    -2.0 0    -0.3 0    -0.4 0     0.2 0   267.6 0   271.75 0   271.57 0   301.7 0   271.18 0   271.22 0     0.0 0     0.0 0     0.0 0   -34.1 0   -34.1 0    -1.9 0    75.7 0    10.6 0   291.4 0   937.8 0
 2019   8  1  8  0 38  0.633 101.83    -2.0 0    -0.2 0    -0.4 0     0.2 0   261.4 0   271.76 0   271.58 0   301.8 0   271.20 0   271.22 0     0.0 0     0.0 0     0.0 0   -40.4 0   -40.4 0    -1.9 0    75.6 0    10.6 0   291.7 0   937.9 0
 2019   8  1  8  0 39  0.650 101.98    -2.0 0    -0.1 0    -0.4 0     0.4 0   246.0 0   271.77 0   271.57 0   301.4 0   271.22 0   271.24 0     0.0 0     0.0 0     0.0 0   -55.4 0   -55.4 0    -1.9 0    75.3 0    10.8 0   291.6 0   937.8 0
 2019   8  1  8  0 40  0.667 102.14    -2.0 0     0.0 0    -0.2 0     0.4 0   244.9 0   271.78 0   271.56 0   300.9 0   271.22 0   271.23 0     0.0 0     0.0 0     0.0 0   -56.0 0   -56.0 0    -1.9 0    75.6 0     9.8 0   290.0 0   937.9 0
 2019   8  1  8  0 41  0.683 102.30    -2.0 0     0.0 0     0.0 0     0.4 0   242.0 0   271.79 0   271.56 0   300.8 0   271.22 0   271.24 0     0.0 0     0.0 0     0.0 0   -58.7 0   -58.7 0    -1.9 0    75.7 0    11.4 0   291.3 0   938.0 0
 2019   8  1  8  0 42  0.700 102.45    -2.0 0     0.0 0     0.0 0     0.4 0   231.6 0   271.80 0   271.54 0   300.4 0   271.23 0   271.24 0     0.0 0     0.0 0     0.0 0   -68.8 0   -68.8 0    -1.9 0    75.8 0    10.6 0   289.6 0   938.0 0
 2019   8  1  8  0 43  0.717 102.61    -2.0 0     0.0 0     0.3 0     0.4 0   225.8 0   271.80 0   271.51 0   299.7 0   271.23 0   271.22 0     0.0 0     0.0 0     0.0 0   -74.0 0   -74.0 0    -2.0 0    76.4 0     8.6 0   290.7 0   938.0 0
 2019   8  1  8  0 44  0.733 102.76    -2.0 0     0.0 0     0.4 0     0.4 0   221.9 0   271.80 0   271.48 0   299.1 0   271.22 0   271.20 0     0.0 0     0.0 0     0.0 0   -77.2 0   -77.2 0    -2.0 0    76.9 0     8.0 0   296.1 0   938.0 0
 2019   8  1  8  0 45  0.750 102.92    -2.0 0     0.0 0     0.4 0     0.4 0   217.9 0   271.78 0   271.44 0   298.9 0   271.21 0   271.18 0     0.0 0     0.0 0     0.0 0   -81.0 0   -81.0 0    -2.1 0    77.2 0     7.6 0   296.6 0   938.0 0
 2019   8  1  8  0 46  0.767 103.08    -2.0 0     0.0 0     0.4 0     0.4 0   215.4 0   271.76 0   271.42 0   298.9 0   271.18 0   271.18 0     0.0 0     0.0 0     0.0 0   -83.4 0   -83.4 0    -2.1 0    76.8 0    10.4 0   297.9 0   938.0 0
 2019   8  1  8  0 47  0.783 103.24    -2.4 0     0.0 0     0.4 0     0.4 0   214.4 0   271.75 0   271.40 0   298.7 0   271.17 0   271.17 0     0.0 0     0.0 0     0.0 0   -84.3 0   -84.3 0    -2.0 0    76.6 0     9.1 0   296.7 0   938.1 0
 2019   8  1  8  0 48  0.800 103.39    -2.4 0     0.0 0     0.4 0     0.4 0   214.0 0   271.73 0   271.38 0   298.5 0   271.17 0   271.15 0     0.0 0     0.0 0     0.0 0   -84.5 0   -84.5 0    -2.1 0    76.7 0     8.4 0   301.1 0   938.1 0
 2019   8  1  8  0 49  0.817 103.55    -2.1 0     0.0 0     0.4 0     0.4 0   213.5 0   271.71 0   271.35 0   298.4 0   271.16 0   271.14 0     0.0 0     0.0 0     0.0 0   -84.9 0   -84.9 0    -2.1 0    76.8 0     9.1 0   297.8 0   938.2 0
 2019   8  1  8  0 50  0.833 103.71    -2.1 0     0.0 0     0.4 0     0.4 0   213.5 0   271.69 0   271.32 0   298.3 0   271.13 0   271.12 0     0.0 0     0.0 0     0.0 0   -84.8 0   -84.8 0    -2.1 0    76.7 0     8.7 0   296.2 0   938.1 0
 2019   8  1  8  0 51  0.850 103.87    -2.0 0     0.0 0     0.4 0     0.4 0   213.3 0   271.66 0   271.29 0   297.9 0   271.12 0   271.09 0     0.0 0     0.0 0     0.0 0   -84.7 0   -84.7 0    -2.1 0    77.1 0     8.0 0   299.0 0   938.2 0
 2019   8  1  8  0 52  0.867 104.03    -2.0 0     0.0 0     0.4 0     0.4 0   213.4 0   271.64 0   271.26 0   297.6 0   271.09 0   271.05 0     0.0 0     0.0 0     0.0 0   -84.2 0   -84.2 0    -2.2 0    77.7 0     7.8 0   298.1 0   938.2 0
 2019   8  1  8  0 53  0.883 104.18    -2.0 0     0.0 0     0.4 0     0.4 0   213.5 0   271.61 0   271.24 0   298.1 0   271.07 0   271.04 0     0.0 0     0.0 0     0.0 0   -84.7 0   -84.7 0    -2.2 0    77.3 0    10.1 0   296.7 0   938.2 0
 2019   8  1  8  0 54  0.900 104.34    -2.0 0     0.0 0     0.4 0     0.4 0   213.5 0   271.58 0   271.22 0   297.7 0   271.04 0   271.01 0     0.0 0     0.0 0     0.0 0   -84.2 0   -84.2 0    -2.3 0    77.4 0     8.6 0   298.9 0   938.3 0
 2019   8  1  8  0 55  0.917 104.50    -2.0 0     0.0 0     0.4 0     0.4 0   213.9 0   271.56 0   271.19 0   297.8 0   271.02 0   270.99 0     0.0 0     0.0 0     0.0 0   -83.9 0   -83.9 0    -2.3 0    77.4 0     9.4 0   297.8 0   938.3 0
 2019   8  1  8  0 56  0.933 104.66    -2.0 0     0.0 0     0.2 0     0.4 0   214.4 0   271.54 0   271.18 0   298.1 0   271.00 0   270.98 0     0.0 0     0.0 0     0.0 0   -83.8 0   -83.8 0    -2.3 0    76.8 0    11.0 0   296.9 0   938.4 0
 2019   8  1  8  0 57  0.950 104.82    -2.0 0     0.0 0     0.0 0     0.4 0   214.3 0   271.51 0   271.18 0   298.3 0   270.99 0   271.00 0     0.0 0     0.0 0     0.0 0   -84.0 0   -84.0 0    -2.2 0    76.2 0    10.6 0   299.2 0   938.4 0
 2019   8  1  8  0 58  0.967 104.98    -2.0 0     0.0 0     0.0 0     0.4 0   214.4 0   271.51 0   271.16 0   297.8 0   270.98 0   270.98 0     0.0 0     0.0 0     0.0 0   -83.5 0   -83.5 0    -2.2 0    76.4 0    10.4 0   301.2 0   938.5 0
 2019   8  1  8  0 59  0.983 105.14    -2.0 0     0.0 0     0.1 0     0.4 0   214.5 0   271.49 0   271.14 0   297.9 0   270.97 0   270.97 0     0.0 0     0.0 0     0.0 0   -83.4 0   -83.4 0    -2.2 0    76.1 0    10.6 0   297.6 0   938.5 0
 2019   8  1  8  1  0  1.000 105.29    -2.0 0     0.0 0     0.0 0     0.4 0   214.8 0   271.46 0   271.13 0   297.9 0   270.97 0   270.96 0     0.0 0     0.0 0     0.0 0   -83.0 0   -83.0 0    -2.2 0    75.8 0    10.3 0   300.6 0   938.5 0
 2019   8  1  8  1  1  1.017 105.45    -2.0 0     0.0 0     0.0 0     0.4 0   216.1 0   271.46 0   271.12 0   297.9 0   270.96 0   270.94 0     0.0 0     0.0 0     0.0 0   -81.8 0   -81.8 0    -2.3 0    76.0 0     9.5 0   299.4 0   938.5 0
 2019   8  1  8  1  2  1.033 105.61    -2.0 0     0.0 0     0.1 0     0.4 0   217.7 0   271.44 0   271.11 0   297.6 0   270.94 0   270.92 0     0.0 0     0.0 0     0.0 0   -79.8 0   -79.8 0    -2.3 0    76.2 0     9.9 0   300.4 0   938.6 0
 2019   8  1  8  1  3  1.050 105.77    -2.0 0     0.0 0     0.0 0     0.4 0   219.0 0   271.43 0   271.10 0   297.8 0   270.92 0   270.92 0     0.0 0     0.0 0     0.0 0   -78.8 0   -78.8 0    -2.3 0    75.2 0    10.0 0   300.9 0   938.6 0
 2019   8  1  8  1  4  1.067 105.93    -2.0 0     0.0 0     0.0 0     0.4 0   220.1 0   271.41 0   271.09 0   298.0 0   270.92 0   270.92 0     0.0 0     0.0 0     0.0 0   -77.9 0   -77.9 0    -2.3 0    75.2 0    10.7 0   302.6 0   938.6 0
 2019   8  1  8  1  5  1.083 106.09    -2.2 0     0.0 0     0.0 0     0.4 0   220.8 0   271.41 0   271.10 0   297.9 0   270.90 0   270.92 0     0.0 0     0.0 0     0.0 0   -77.1 0   -77.1 0    -2.3 0    74.9 0    10.4 0   303.5 0   938.7 0
 2019   8  1  8  1  6  1.100 106.25    -2.4 0     0.0 0     0.0 0     0.4 0   220.6 0   271.41 0   271.10 0   298.1 0   270.90 0   270.92 0     0.0 0     0.0 0     0.0 0   -77.5 0   -77.5 0    -2.2 0    74.4 0    11.4 0   303.1 0   938.7 0
 2019   8  1  8  1  7  1.117 106.41    -2.4 0     0.0 0     0.0 0     0.4 0   220.5 0   271.39 0   271.09 0   297.8 0   270.90 0   270.91 0     0.0 0     0.0 0     0.0 0   -77.3 0   -77.3 0    -2.2 0    74.9 0     9.3 0   301.3 0   938.7 0
 2019   8  1  8  1  8  1.133 106.57    -2.3 0     0.0 0     0.0 0     0.4 0   221.2 0   271.39 0   271.09 0   298.1 0   270.90 0   270.91 0     0.0 0     0.0 0     0.0 0   -76.8 0   -76.8 0    -2.2 0    74.6 0    11.0 0   302.0 0   938.7 0
 2019   8  1  8  1  9  1.150 106.73    -2.4 0     0.0 0     0.0 0     0.4 0   223.6 0   271.39 0   271.09 0   298.1 0   270.90 0   270.90 0     0.0 0     0.0 0     0.0 0   -74.6 0   -74.6 0    -2.2 0    74.6 0     9.9 0   301.6 0   938.8 0
 2019   8  1  8  1 10  1.167 106.89    -2.4 0     0.0 0     0.0 0     0.4 0   228.2 0   271.39 0   271.10 0   298.1 0   270.90 0   270.90 0     0.0 0     0.0 0     0.0 0   -69.9 0   -69.9 0    -2.3 0    75.1 0     9.0 0   301.0 0   938.8 0
 2019   8  1  8  1 11  1.183 107.05    -2.1 0     0.0 0     0.0 0     0.4 0   234.7 0   271.38 0   271.10 0   298.4 0   270.89 0   270.87 0     0.0 0     0.0 0     0.0 0   -63.6 0   -63.6 0    -2.3 0    75.2 0     9.1 0   299.8 0   938.9 0
 2019   8  1  8  1 12  1.200 107.22    -2.1 0     0.0 0     0.0 0     0.4 0   243.9 0   271.36 0   271.12 0   298.6 0   270.87 0   270.87 0     0.0 0     0.0 0     0.0 0   -54.7 0   -54.7 0    -2.3 0    75.2 0     8.8 0   300.2 0   939.0 0
 2019   8  1  8  1 13  1.217 107.38    -2.0 0     0.0 0     0.0 0     0.4 0   243.4 0   271.36 0   271.12 0   298.6 0   270.87 0   270.87 0     0.0 0     0.0 0     0.0 0   -55.2 0   -55.2 0    -2.3 0    75.7 0     8.6 0   298.2 0   939.0 0
 2019   8  1  8  1 14  1.233 107.54    -2.0 0     0.0 0     0.0 0     0.4 0   243.1 0   271.36 0   271.12 0   299.1 0   270.87 0   270.87 0     0.0 0     0.0 0     0.0 0   -56.0 0   -56.0 0    -2.3 0    75.1 0    10.1 0   297.5 0   939.0 0
 2019   8  1  8  1 15  1.250 107.70    -2.0 0     0.0 0     0.0 0     0.4 0   244.7 0   271.36 0   271.14 0   299.2 0   270.87 0   270.87 0     0.0 0     0.0 0     0.0 0   -54.5 0   -54.5 0    -2.3 0    74.9 0     9.5 0   298.4 0   939.0 0
 2019   8  1  8  1 16  1.267 107.86    -2.0 0     0.0 0     0.0 0     0.4 0   247.9 0   271.36 0   271.14 0   299.1 0   270.87 0   270.87 0     0.0 0     0.0 0     0.0 0   -51.2 0   -51.2 0    -2.3 0    75.2 0     8.1 0   297.2 0   939.0 0
 2019   8  1  8  1 17  1.283 108.02    -2.0 0     0.0 0     0.0 0     0.4 0   257.7 0   271.36 0   271.16 0   299.5 0   270.87 0   270.87 0     0.0 0     0.0 0     0.0 0   -41.8 0   -41.8 0    -2.3 0    75.4 0     9.2 0   300.7 0   939.1 0
 2019   8  1  8  1 18  1.300 108.18    -2.0 0     0.0 0     0.0 0     0.3 0   259.6 0   271.39 0   271.17 0   299.7 0   270.87 0   270.87 0     0.0 0     0.0 0     0.0 0   -40.1 0   -40.1 0    -2.3 0    75.4 0     8.6 0   300.3 0   939.1 0
 2019   8  1  8  1 19  1.317 108.35    -2.0 0     0.0 0     0.0 0     0.3 0   262.0 0   271.39 0   271.17 0   299.7 0   270.87 0   270.87 0     0.0 0     0.0 0     0.0 0   -37.7 0   -37.7 0    -2.3 0    75.5 0     8.7 0   296.7 0   939.2 0
 2019   8  1  8  1 20  1.333 108.51    -2.0 0     0.0 0     0.0 0     0.3 0   259.8 0   271.39 0   271.19 0   299.4 0   270.85 0   270.87 0     0.0 0     0.0 0     0.0 0   -39.6 0   -39.6 0    -2.3 0    75.6 0     8.8 0   296.5 0   939.2 0
 2019   8  1  8  1 21  1.350 108.67    -2.0 0     0.0 0     0.0 0     0.4 0   244.0 0   271.39 0   271.17 0   299.1 0   270.85 0   270.85 0     0.0 0     0.0 0     0.0 0   -55.1 0   -55.1 0    -2.3 0    75.7 0     8.0 0   296.8 0   939.2 0
 2019   8  1  8  1 22  1.367 108.83    -2.0 0     0.0 0     0.1 0     0.4 0   236.7 0   271.39 0   271.14 0   298.6 0   270.85 0   270.83 0     0.0 0     0.0 0     0.0 0   -61.9 0   -61.9 0    -2.4 0    76.1 0     6.8 0   294.9 0   939.2 0
 2019   8  1  8  1 23  1.383 108.99    -2.0 0     0.0 0     0.3 0     0.4 0   235.0 0   271.39 0   271.12 0   298.3 0   270.83 0   270.82 0     0.0 0     0.0 0     0.0 0   -63.3 0   -63.3 0    -2.4 0    75.9 0     8.1 0   295.7 0   939.2 0
 2019   8  1  8  1 24  1.400 109.16    -2.0 0     0.0 0     0.4 0     0.4 0   232.5 0   271.38 0   271.10 0   298.0 0   270.82 0   270.82 0     0.0 0     0.0 0     0.0 0   -65.5 0   -65.5 0    -2.4 0    76.1 0     6.8 0   291.0 0   939.2 0
 2019   8  1  8  1 25  1.417 109.32    -2.0 0     0.0 0     0.4 0     0.4 0   226.4 0   271.36 0   271.07 0   297.8 0   270.81 0   270.78 0     0.0 0     0.0 0     0.0 0   -71.3 0   -71.3 0    -2.5 0    76.5 0     7.2 0   293.3 0   939.2 0
 2019   8  1  8  1 26  1.433 109.48    -2.0 0     0.0 0     0.4 0     0.4 0   226.0 0   271.36 0   271.05 0   297.7 0   270.79 0   270.78 0     0.0 0     0.0 0     0.0 0   -71.7 0   -71.7 0    -2.5 0    76.3 0     8.0 0   291.9 0   939.2 0
 2019   8  1  8  1 27  1.450 109.64    -2.0 0     0.0 0     0.4 0     0.4 0   224.2 0   271.34 0   271.03 0   297.4 0   270.78 0   270.77 0     0.0 0     0.0 0     0.0 0   -73.1 0   -73.1 0    -2.5 0    76.3 0     7.9 0   293.0 0   939.3 0
 2019   8  1  8  1 28  1.467 109.81    -2.0 0     0.0 0     0.4 0     0.4 0   221.2 0   271.32 0   271.00 0   297.4 0   270.77 0   270.75 0     0.0 0     0.0 0     0.0 0   -76.2 0   -76.2 0    -2.5 0    76.5 0     8.1 0   287.5 0   939.3 0
 2019   8  1  8  1 29  1.483 109.97    -2.0 0     0.0 0     0.4 0     0.4 0   221.6 0   271.31 0   270.98 0   297.4 0   270.75 0   270.74 0     0.0 0     0.0 0     0.0 0   -75.8 0   -75.8 0    -2.5 0    76.3 0     8.3 0   285.6 0   939.3 0
 2019   8  1  8  1 30  1.500 110.13    -2.0 0     0.0 0     0.4 0     0.4 0   222.3 0   271.29 0   270.97 0   297.1 0   270.73 0   270.72 0     0.0 0     0.0 0     0.0 0   -74.8 0   -74.8 0    -2.5 0    76.6 0     7.8 0   286.8 0   939.3 0
 2019   8  1  8  1 31  1.517 110.29    -2.0 0     0.0 0     0.4 0     0.4 0   221.4 0   271.27 0   270.95 0   297.4 0   270.72 0   270.70 0     0.0 0     0.0 0     0.0 0   -76.0 0   -76.0 0    -2.5 0    76.6 0     9.0 0   282.1 0   939.3 0
 2019   8  1  8  1 32  1.533 110.46    -2.0 0     0.0 0     0.4 0     0.4 0   221.1 0   271.26 0   270.95 0   297.2 0   270.70 0   270.69 0     0.0 0     0.0 0     0.0 0   -76.0 0   -76.0 0    -2.5 0    76.7 0     8.6 0   281.8 0   939.4 0
 2019   8  1  8  1 33  1.550 110.62    -2.0 0     0.0 0     0.4 0     0.4 0   221.2 0   271.24 0   270.92 0   297.2 0   270.69 0   270.69 0     0.0 0     0.0 0     0.0 0   -76.1 0   -76.1 0    -2.5 0    76.7 0     8.2 0   282.6 0   939.4 0
 2019   8  1  8  1 34  1.567 110.78    -2.0 0     0.0 0     0.4 0     0.4 0   220.9 0   271.22 0   270.90 0   296.6 0   270.68 0   270.66 0     0.0 0     0.0 0     0.0 0   -75.7 0   -75.7 0    -2.6 0    77.3 0     6.8 0   280.6 0   939.4 0
 2019   8  1  8  1 35  1.583 110.95    -2.0 0     0.0 0     0.4 0     0.4 0   220.4 0   271.21 0   270.88 0   296.8 0   270.66 0   270.64 0     0.0 0     0.0 0     0.0 0   -76.3 0   -76.3 0    -2.6 0    77.4 0     7.8 0   279.8 0   939.4 0
 2019   8  1  8  1 36  1.600 111.11    -2.0 0     0.0 0     0.4 0     0.4 0   218.7 0   271.19 0   270.87 0   296.6 0   270.64 0   270.62 0     0.0 0     0.0 0     0.0 0   -77.9 0   -77.9 0    -2.6 0    77.6 0     7.7 0   276.6 0   939.4 0
 2019   8  1  8  1 37  1.617 111.27    -2.0 0     0.0 0     0.4 0     0.4 0   217.4 0   271.17 0   270.85 0   296.4 0   270.63 0   270.59 0     0.0 0     0.0 0     0.0 0   -79.0 0   -79.0 0    -2.6 0    77.9 0     6.4 0   277.1 0   939.4 0
 2019   8  1  8  1 38  1.633 111.44    -2.0 0     0.0 0     0.4 0     0.4 0   217.2 0   271.16 0   270.83 0   296.1 0   270.60 0   270.58 0     0.0 0     0.0 0     0.0 0   -78.9 0   -78.9 0    -2.7 0    78.1 0     7.0 0   274.3 0   939.5 0
 2019   8  1  8  1 39  1.650 111.60    -2.0 0     0.0 0     0.4 0     0.4 0   217.0 0   271.14 0   270.81 0   296.0 0   270.58 0   270.56 0     0.0 0     0.0 0     0.0 0   -79.0 0   -79.0 0    -2.7 0    78.4 0     7.2 0   275.1 0   939.5 0
 2019   8  1  8  1 40  1.667 111.77    -2.0 0     0.0 0     0.4 0     0.4 0   215.6 0   271.12 0   270.77 0   295.9 0   270.56 0   270.53 0     0.0 0     0.0 0     0.0 0   -80.3 0   -80.3 0    -2.7 0    78.5 0     7.0 0   273.6 0   939.5 0
 2019   8  1  8  1 41  1.683 111.93    -2.0 0     0.0 0     0.4 0     0.4 0   213.8 0   271.10 0   270.75 0   295.6 0   270.53 0   270.50 0     0.0 0     0.0 0     0.0 0   -81.9 0   -81.9 0    -2.7 0    78.7 0     6.7 0   274.7 0   939.5 0
 2019   8  1  8  1 42  1.700 112.09    -2.0 0     0.0 0     0.5 0     0.4 0   213.3 0   271.07 0   270.71 0   295.4 0   270.50 0   270.48 0     0.0 0     0.0 0     0.0 0   -82.1 0   -82.1 0    -2.8 0    78.9 0     7.7 0   269.6 0   939.5 0
 2019   8  1  8  1 43  1.717 112.26    -2.0 0     0.0 0     0.4 0     0.4 0   213.3 0   271.05 0   270.70 0   295.6 0   270.48 0   270.47 0     0.0 0     0.0 0     0.0 0   -82.3 0   -82.3 0    -2.8 0    78.7 0     7.8 0   274.1 0   939.5 0
 2019   8  1  8  1 44  1.733 112.42    -2.0 0     0.0 0     0.4 0     0.4 0   212.9 0   271.02 0   270.67 0   295.5 0   270.47 0   270.44 0     0.0 0     0.0 0     0.0 0   -82.6 0   -82.6 0    -2.8 0    79.0 0     7.1 0   272.7 0   939.5 0
 2019   8  1  8  1 45  1.750 112.59    -2.0 0     0.0 0     0.4 0     0.4 0   212.5 0   270.99 0   270.63 0   295.2 0   270.44 0   270.40 0     0.0 0     0.0 0     0.0 0   -82.7 0   -82.7 0    -2.9 0    79.3 0     7.2 0   272.2 0   939.6 0
 2019   8  1  8  1 46  1.767 112.75    -2.0 0     0.1 0     0.5 0     0.4 0   212.4 0   270.97 0   270.60 0   294.9 0   270.41 0   270.37 0     0.0 0     0.0 0     0.0 0   -82.5 0   -82.5 0    -2.9 0    79.7 0     7.3 0   269.6 0   939.6 0
 2019   8  1  8  1 47  1.783 112.91    -2.0 0     0.1 0     0.5 0     0.4 0   212.0 0   270.93 0   270.57 0   295.1 0   270.38 0   270.34 0     0.0 0     0.0 0     0.0 0   -83.0 0   -83.0 0    -3.0 0    79.7 0     7.5 0   274.2 0   939.6 0
 2019   8  1  8  1 48  1.800 113.08    -2.0 0     0.0 0     0.4 0     0.4 0   211.9 0   270.90 0   270.53 0   295.1 0   270.35 0   270.32 0     0.0 0     0.0 0     0.0 0   -83.1 0   -83.1 0    -3.0 0    79.8 0     7.5 0   274.7 0   939.6 0
 2019   8  1  8  1 49  1.817 113.24    -2.0 0     0.1 0     0.4 0     0.4 0   211.8 0   270.87 0   270.51 0   294.9 0   270.33 0   270.30 0     0.0 0     0.0 0     0.0 0   -83.1 0   -83.1 0    -3.0 0    79.7 0     7.3 0   270.5 0   939.6 0
 2019   8  1  8  1 50  1.833 113.41    -2.0 0     0.2 0     0.4 0     0.4 0   211.6 0   270.84 0   270.48 0   294.9 0   270.30 0   270.28 0     0.0 0     0.0 0     0.0 0   -83.3 0   -83.3 0    -3.0 0    79.9 0     8.7 0   272.8 0   939.6 0
 2019   8  1  8  1 51  1.850 113.57    -2.0 0     0.0 0     0.4 0     0.4 0   211.5 0   270.82 0   270.46 0   295.0 0   270.28 0   270.25 0     0.0 0     0.0 0     0.0 0   -83.5 0   -83.5 0    -3.0 0    79.8 0     8.1 0   271.8 0   939.6 0
 2019   8  1  8  1 52  1.867 113.74    -2.0 0     0.0 0     0.4 0     0.4 0   211.5 0   270.79 0   270.43 0   294.7 0   270.25 0   270.22 0     0.0 0     0.0 0     0.0 0   -83.3 0   -83.3 0    -3.0 0    80.1 0     7.4 0   272.6 0   939.6 0
 2019   8  1  8  1 53  1.883 113.90    -2.0 0     0.0 0     0.2 0     0.4 0   211.5 0   270.77 0   270.42 0   295.1 0   270.23 0   270.21 0     0.0 0     0.0 0     0.0 0   -83.6 0   -83.6 0    -3.0 0    79.8 0     8.9 0   275.5 0   939.6 0
 2019   8  1  8  1 54  1.900 114.07    -2.0 0     0.0 0     0.1 0     0.4 0   211.1 0   270.74 0   270.40 0   294.9 0   270.21 0   270.20 0     0.0 0     0.0 0     0.0 0   -83.8 0   -83.8 0    -3.0 0    79.6 0     8.0 0   270.7 0   939.7 0
 2019   8  1  8  1 55  1.917 114.23    -2.0 0     0.0 0     0.4 0     0.4 0   210.9 0   270.73 0   270.38 0   294.6 0   270.19 0   270.17 0     0.0 0     0.0 0     0.0 0   -83.8 0   -83.8 0    -3.1 0    80.0 0     8.7 0   269.3 0   939.7 0
 2019   8  1  8  1 56  1.933 114.40    -2.0 0     0.0 0     0.4 0     0.4 0   210.9 0   270.70 0   270.35 0   294.9 0   270.18 0   270.16 0     0.0 0     0.0 0     0.0 0   -84.0 0   -84.0 0    -3.1 0    79.9 0     9.1 0   270.1 0   939.7 0
 2019   8  1  8  1 57  1.950 114.56    -2.0 0     0.0 0     0.4 0     0.4 0   210.8 0   270.68 0   270.33 0   294.7 0   270.15 0   270.14 0     0.0 0     0.0 0     0.0 0   -83.9 0   -83.9 0    -3.1 0    80.1 0     8.9 0   269.8 0   939.7 0
 2019   8  1  8  1 58  1.967 114.73    -2.0 0     0.0 0     0.4 0     0.4 0   210.8 0   270.66 0   270.31 0   294.6 0   270.14 0   270.12 0     0.0 0     0.0 0     0.0 0   -83.7 0   -83.7 0    -3.1 0    80.0 0     8.6 0   271.6 0   939.7 0
 2019   8  1  8  1 59  1.983 114.89    -2.0 0     0.0 0     0.4 0     0.4 0   211.0 0   270.64 0   270.29 0   294.7 0   270.12 0   270.09 0     0.0 0     0.0 0     0.0 0   -83.6 0   -83.6 0    -3.1 0    80.2 0     9.0 0   273.9 0   939.7 0
 2019   8  1  8  2  0  2.000 115.06    -2.0 0     0.0 0     0.3 0     0.4 0   210.9 0   270.62 0   270.28 0   294.7 0   270.10 0   270.09 0     0.0 0     0.0 0     0.0 0   -83.8 0   -83.8 0    -3.1 0    79.9 0     8.9 0   273.1 0   939.7 0
 2019   8  1  8  2  1  2.017 115.22    -2.0 0     0.0 0     0.4 0     0.4 0   210.5 0   270.60 0   270.25 0   294.3 0   270.09 0   270.07 0     0.0 0     0.0 0     0.0 0   -83.9 0   -83.9 0    -3.1 0    80.1 0     8.4 0   275.4 0   939.7 0
 2019   8  1  8  2  2  2.033 115.39    -2.0 0     0.0 0     0.4 0     0.4 0   210.3 0   270.58 0   270.22 0   294.2 0   270.07 0   270.04 0     0.0 0     0.0 0     0.0 0   -83.9 0   -83.9 0    -3.2 0    80.5 0     7.4 0   275.4 0   939.7 0
 2019   8  1  8  2  3  2.050 115.55    -2.0 0     0.1 0     0.4 0     0.4 0   210.4 0   270.55 0   270.18 0   294.1 0   270.04 0   270.00 0     0.0 0     0.0 0     0.0 0   -83.7 0   -83.7 0    -3.3 0    80.9 0     8.2 0   272.6 0   939.7 0
 2019   8  1  8  2  4  2.067 115.72    -2.0 0     0.0 0     0.4 0     0.4 0   210.4 0   270.53 0   270.18 0   294.4 0   270.02 0   269.99 0     0.0 0     0.0 0     0.0 0   -84.0 0   -84.0 0    -3.3 0    80.6 0     8.7 0   279.8 0   939.8 0
 2019   8  1  8  2  5  2.083 115.88    -2.0 0     0.0 0     0.3 0     0.4 0   210.3 0   270.51 0   270.16 0   294.1 0   269.99 0   269.99 0     0.0 0     0.0 0     0.0 0   -83.8 0   -83.8 0    -3.3 0    80.4 0     8.6 0   275.8 0   939.8 0
 2019   8  1  8  2  6  2.100 116.05    -2.0 0     0.0 0     0.2 0     0.4 0   210.4 0   270.48 0   270.13 0   294.0 0   269.98 0   269.96 0     0.0 0     0.0 0     0.0 0   -83.6 0   -83.6 0    -3.3 0    80.7 0     7.7 0   277.2 0   939.9 0
 2019   8  1  8  2  7  2.117 116.22    -2.0 0     0.0 0     0.0 0     0.4 0   210.6 0   270.48 0   270.13 0   294.3 0   269.96 0   269.94 0     0.0 0     0.0 0     0.0 0   -83.7 0   -83.7 0    -3.3 0    80.6 0     8.4 0   279.4 0   939.9 0
 2019   8  1  8  2  8  2.133 116.38    -2.0 0     0.0 0     0.0 0     0.4 0   210.5 0   270.45 0   270.11 0   294.2 0   269.94 0   269.94 0     0.0 0     0.0 0     0.0 0   -83.7 0   -83.7 0    -3.3 0    80.4 0     8.6 0   281.1 0   939.9 0
 2019   8  1  8  2  9  2.150 116.55    -2.0 0     0.0 0     0.0 0     0.4 0   210.5 0   270.43 0   270.11 0   294.1 0   269.94 0   269.93 0     0.0 0     0.0 0     0.0 0   -83.6 0   -83.6 0    -3.3 0    80.3 0     8.4 0   278.0 0   939.9 0
 2019   8  1  8  2 10  2.167 116.71    -2.0 0     0.0 0     0.0 0     0.4 0   210.5 0   270.43 0   270.11 0   294.4 0   269.93 0   269.94 0     0.0 0     0.0 0     0.0 0   -83.9 0   -83.9 0    -3.2 0    79.9 0     9.5 0   278.7 0   939.9 0
 2019   8  1  8  2 11  2.183 116.88    -2.0 0     0.0 0     0.0 0     0.4 0   210.6 0   270.42 0   270.08 0   294.1 0   269.92 0   269.92 0     0.0 0     0.0 0     0.0 0   -83.5 0   -83.5 0    -3.2 0    80.0 0     8.9 0   280.9 0   939.9 0
 2019   8  1  8  2 12  2.200 117.04    -2.0 0     0.0 0     0.0 0     0.4 0   210.3 0   270.41 0   270.08 0   294.0 0   269.91 0   269.91 0     0.0 0     0.0 0     0.0 0   -83.6 0   -83.6 0    -3.3 0    80.2 0     8.4 0   279.0 0   939.9 0
 2019   8  1  8  2 13  2.217 117.21    -2.0 0     0.0 0     0.4 0     0.4 0   210.1 0   270.39 0   270.05 0   293.7 0   269.90 0   269.88 0     0.0 0     0.0 0     0.0 0   -83.5 0   -83.5 0    -3.3 0    80.6 0     7.6 0   279.9 0   939.9 0
 2019   8  1  8  2 14  2.233 117.38    -2.0 0     0.0 0     0.4 0     0.4 0   210.4 0   270.38 0   270.03 0   293.8 0   269.89 0   269.87 0     0.0 0     0.0 0     0.0 0   -83.4 0   -83.4 0    -3.4 0    80.7 0     8.0 0   282.7 0   939.9 0
 2019   8  1  8  2 15  2.250 117.54    -2.0 0     0.0 0     0.1 0     0.4 0   210.5 0   270.36 0   270.03 0   294.2 0   269.88 0   269.87 0     0.0 0     0.0 0     0.0 0   -83.7 0   -83.7 0    -3.3 0    80.3 0     8.6 0   282.2 0   939.9 0
 2019   8  1  8  2 16  2.267 117.71    -2.0 0     0.0 0     0.0 0     0.4 0   210.4 0   270.34 0   270.01 0   293.8 0   269.86 0   269.86 0     0.0 0     0.0 0     0.0 0   -83.3 0   -83.3 0    -3.3 0    80.3 0     8.5 0   282.8 0   939.9 0
 2019   8  1  8  2 17  2.283 117.87    -2.0 0     0.0 0     0.0 0     0.4 0   210.6 0   270.33 0   269.99 0   293.9 0   269.86 0   269.84 0     0.0 0     0.0 0     0.0 0   -83.2 0   -83.2 0    -3.3 0    80.4 0     8.2 0   286.9 0   939.9 0
 2019   8  1  8  2 18  2.300 118.04    -2.0 0     0.0 0     0.0 0     0.4 0   210.5 0   270.31 0   269.99 0   293.8 0   269.84 0   269.84 0     0.0 0     0.0 0     0.0 0   -83.3 0   -83.3 0    -3.3 0    80.4 0     9.0 0   286.0 0   940.0 0
 2019   8  1  8  2 19  2.317 118.20    -2.0 0     0.0 0     0.0 0     0.4 0   210.6 0   270.31 0   269.98 0   293.8 0   269.84 0   269.84 0     0.0 0     0.0 0     0.0 0   -83.2 0   -83.2 0    -3.3 0    80.3 0     8.5 0   284.2 0   940.0 0
 2019   8  1  8  2 20  2.333 118.37    -2.0 0     0.0 0     0.0 0     0.4 0   210.6 0   270.29 0   269.97 0   293.7 0   269.84 0   269.82 0     0.0 0     0.0 0     0.0 0   -83.1 0   -83.1 0    -3.4 0    80.4 0     7.3 0   288.9 0   940.0 0
 2019   8  1  8  2 21  2.350 118.54    -2.0 0     0.0 0     0.0 0     0.4 0   210.6 0   270.28 0   269.95 0   293.5 0   269.81 0   269.79 0     0.0 0     0.0 0     0.0 0   -83.0 0   -83.0 0    -3.4 0    80.9 0     7.8 0   287.3 0   940.0 0
 2019   8  1  8  2 22  2.367 118.70    -2.0 0     0.0 0     0.1 0     0.4 0   210.6 0   270.27 0   269.93 0   293.0 0   269.79 0   269.77 0     0.0 0     0.0 0     0.0 0   -82.4 0   -82.4 0    -3.5 0    81.2 0     6.5 0   284.1 0   940.0 0
 2019   8  1  8  2 23  2.383 118.87    -2.0 0     0.0 0     0.2 0     0.4 0   210.5 0   270.25 0   269.91 0   293.3 0   269.78 0   269.74 0     0.0 0     0.0 0     0.0 0   -82.8 0   -82.8 0    -3.5 0    81.4 0     7.2 0   285.6 0   940.0 0
 2019   8  1  8  2 24  2.400 119.04    -2.0 0     0.0 0     0.1 0     0.4 0   210.4 0   270.23 0   269.91 0   293.1 0   269.75 0   269.74 0     0.0 0     0.0 0     0.0 0   -82.8 0   -82.8 0    -3.5 0    81.4 0     7.8 0   286.2 0   940.1 0
 2019   8  1  8  2 25  2.417 119.20    -2.0 0     0.0 0     0.1 0     0.4 0   210.6 0   270.23 0   269.88 0   293.2 0   269.74 0   269.73 0     0.0 0     0.0 0     0.0 0   -82.6 0   -82.6 0    -3.5 0    81.0 0     8.4 0   283.9 0   940.0 0
 2019   8  1  8  2 26  2.433 119.37    -2.0 0     0.0 0     0.0 0     0.4 0   210.6 0   270.20 0   269.88 0   293.7 0   269.73 0   269.73 0     0.0 0     0.0 0     0.0 0   -83.1 0   -83.1 0    -3.5 0    80.6 0     9.0 0   288.3 0   940.1 0
 2019   8  1  8  2 27  2.450 119.53    -2.0 0     0.0 0     0.2 0     0.4 0   210.3 0   270.19 0   269.87 0   293.1 0   269.72 0   269.70 0     0.0 0     0.0 0     0.0 0   -82.8 0   -82.8 0    -3.5 0    80.9 0     7.3 0   284.5 0   940.1 0
 2019   8  1  8  2 28  2.467 119.70    -2.0 0     0.0 0     0.1 0     0.4 0   210.5 0   270.18 0   269.84 0   293.2 0   269.70 0   269.68 0     0.0 0     0.0 0     0.0 0   -82.7 0   -82.7 0    -3.5 0    81.2 0     8.3 0   284.6 0   940.1 0
 2019   8  1  8  2 29  2.483 119.87    -2.0 0     0.0 0     0.4 0     0.4 0   210.4 0   270.17 0   269.83 0   292.7 0   269.68 0   269.67 0     0.0 0     0.0 0     0.0 0   -82.2 0   -82.2 0    -3.6 0    81.6 0     6.8 0   282.9 0   940.0 0
 2019   8  1  8  2 30  2.500 120.03    -2.0 0     0.0 0     0.2 0     0.4 0   210.4 0   270.15 0   269.81 0   292.9 0   269.67 0   269.64 0     0.0 0     0.0 0     0.0 0   -82.5 0   -82.5 0    -3.6 0    81.7 0     7.3 0   284.1 0   940.0 0
 2019   8  1  8  2 31  2.517 120.20    -2.0 0     0.0 0     0.0 0     0.4 0   210.3 0   270.13 0   269.81 0   292.7 0   269.64 0   269.62 0     0.0 0     0.0 0     0.0 0   -82.3 0   -82.3 0    -3.6 0    81.6 0     7.3 0   285.6 0   940.0 0
 2019   8  1  8  2 32  2.533 120.36    -2.0 0     0.0 0     0.0 0     0.4 0   210.4 0   270.13 0   269.79 0   292.8 0   269.62 0   269.61 0     0.0 0     0.0 0     0.0 0   -82.4 0   -82.4 0    -3.6 0    81.6 0     7.8 0   287.0 0   940.1 0
 2019   8  1  8  2 33  2.550 120.53    -2.0 0     0.0 0     0.3 0     0.4 0   210.0 0   270.10 0   269.77 0   292.8 0   269.60 0   269.58 0     0.0 0     0.0 0     0.0 0   -82.8 0   -82.8 0    -3.6 0    81.6 0     7.9 0   286.9 0   940.1 0
 2019   8  1  8  2 34  2.567 120.70    -2.0 0     0.0 0     0.2 0     0.4 0   210.0 0   270.08 0   269.75 0   292.5 0   269.58 0   269.58 0     0.0 0     0.0 0     0.0 0   -82.5 0   -82.5 0    -3.6 0    81.6 0     7.6 0   284.5 0   940.1 0
 2019   8  1  8  2 35  2.583 120.86    -2.0 0     0.0 0     0.3 0     0.4 0   210.1 0   270.08 0   269.73 0   292.7 0   269.58 0   269.56 0     0.0 0     0.0 0     0.0 0   -82.6 0   -82.6 0    -3.7 0    81.7 0     7.6 0   289.5 0   940.1 0
 2019   8  1  8  2 36  2.600 121.03    -2.0 0     0.0 0     0.4 0     0.4 0   209.9 0   270.06 0   269.70 0   292.4 0   269.55 0   269.53 0     0.0 0     0.0 0     0.0 0   -82.5 0   -82.5 0    -3.7 0    81.9 0     7.6 0   287.4 0   940.1 0
 2019   8  1  8  2 37  2.617 121.20    -2.0 0     0.0 0     0.4 0     0.4 0   209.7 0   270.03 0   269.68 0   292.2 0   269.53 0   269.51 0     0.0 0     0.0 0     0.0 0   -82.5 0   -82.5 0    -3.7 0    82.1 0     7.6 0   290.1 0   940.1 0
 2019   8  1  8  2 38  2.633 121.36    -2.0 0     0.0 0     0.4 0     0.4 0   209.7 0   270.01 0   269.65 0   292.2 0   269.51 0   269.49 0     0.0 0     0.0 0     0.0 0   -82.5 0   -82.5 0    -3.8 0    82.1 0     7.5 0   289.8 0   940.1 0
 2019   8  1  8  2 39  2.650 121.53    -2.0 0     0.0 0     0.4 0     0.4 0   209.6 0   269.98 0   269.62 0   291.9 0   269.49 0   269.45 0     0.0 0     0.0 0     0.0 0   -82.3 0   -82.3 0    -3.8 0    82.4 0     6.6 0   291.6 0   940.1 0
 2019   8  1  8  2 40  2.667 121.69    -2.0 0     0.0 0     0.4 0     0.4 0   209.9 0   269.96 0   269.59 0   292.0 0   269.46 0   269.43 0     0.0 0     0.0 0     0.0 0   -82.2 0   -82.2 0    -3.8 0    82.5 0     7.4 0   291.2 0   940.1 0
 2019   8  1  8  2 41  2.683 121.86    -2.0 0     0.0 0     0.4 0     0.4 0   209.7 0   269.93 0   269.58 0   292.0 0   269.43 0   269.40 0     0.0 0     0.0 0     0.0 0   -82.3 0   -82.3 0    -3.9 0    82.6 0     7.0 0   290.5 0   940.1 0
 2019   8  1  8  2 42  2.700 122.03    -2.0 0     0.0 0     0.2 0     0.4 0   209.7 0   269.91 0   269.57 0   292.1 0   269.41 0   269.39 0     0.0 0     0.0 0     0.0 0   -82.5 0   -82.5 0    -3.9 0    82.5 0     7.6 0   292.5 0   940.1 0
 2019   8  1  8  2 43  2.717 122.19    -2.0 0     0.0 0     0.3 0     0.4 0   209.7 0   269.88 0   269.54 0   291.6 0   269.39 0   269.37 0     0.0 0     0.0 0     0.0 0   -81.9 0   -81.9 0    -3.9 0    82.8 0     6.9 0   292.6 0   940.1 0
 2019   8  1  8  2 44  2.733 122.36    -2.0 0     0.0 0     0.0 0     0.4 0   209.9 0   269.87 0   269.53 0   292.0 0   269.37 0   269.35 0     0.0 0     0.0 0     0.0 0   -82.1 0   -82.1 0    -3.9 0    82.7 0     7.1 0   295.5 0   940.2 0
 2019   8  1  8  2 45  2.750 122.52    -2.0 0     0.0 0     0.0 0     0.4 0   209.8 0   269.85 0   269.51 0   291.6 0   269.35 0   269.33 0     0.0 0     0.0 0     0.0 0   -81.8 0   -81.8 0    -3.9 0    83.0 0     7.0 0   293.7 0   940.3 0
 2019   8  1  8  2 46  2.767 122.69    -2.0 0     0.0 0     0.0 0     0.4 0   209.7 0   269.83 0   269.51 0   292.1 0   269.33 0   269.31 0     0.0 0     0.0 0     0.0 0   -82.4 0   -82.4 0    -3.9 0    82.9 0     7.8 0   291.2 0   940.3 0
 2019   8  1  8  2 47  2.783 122.86    -2.0 0     0.0 0     0.0 0     0.4 0   209.9 0   269.82 0   269.49 0   291.9 0   269.31 0   269.31 0     0.0 0     0.0 0     0.0 0   -82.0 0   -82.0 0    -3.9 0    82.5 0     7.4 0   290.3 0   940.3 0
 2019   8  1  8  2 48  2.800 123.02    -2.0 0     0.0 0     0.0 0     0.4 0   209.8 0   269.80 0   269.48 0   291.9 0   269.30 0   269.29 0     0.0 0     0.0 0     0.0 0   -82.1 0   -82.1 0    -3.9 0    82.7 0     8.1 0   289.2 0   940.3 0
 2019   8  1  8  2 49  2.817 123.19    -2.0 0     0.0 0     0.0 0     0.4 0   209.8 0   269.79 0   269.48 0   292.0 0   269.28 0   269.30 0     0.0 0     0.0 0     0.0 0   -82.2 0   -82.2 0    -3.8 0    82.2 0     8.3 0   290.0 0   940.3 0
 2019   8  1  8  2 50  2.833 123.35    -2.0 0     0.0 0     0.0 0     0.4 0   209.8 0   269.78 0   269.48 0   292.2 0   269.28 0   269.30 0     0.0 0     0.0 0     0.0 0   -82.3 0   -82.3 0    -3.8 0    82.2 0     9.5 0   289.8 0   940.3 0
 2019   8  1  8  2 51  2.850 123.52    -2.0 0     0.0 0    -0.1 0     0.4 0   209.9 0   269.78 0   269.48 0   292.2 0   269.28 0   269.31 0     0.0 0     0.0 0     0.0 0   -82.3 0   -82.3 0    -3.8 0    81.8 0     9.2 0   286.4 0   940.3 0
 2019   8  1  8  2 52  2.867 123.69    -2.0 0     0.0 0     0.0 0     0.4 0   209.8 0   269.78 0   269.48 0   292.1 0   269.28 0   269.29 0     0.0 0     0.0 0     0.0 0   -82.3 0   -82.3 0    -3.8 0    81.9 0     9.3 0   287.2 0   940.3 0
 2019   8  1  8  2 53  2.883 123.85    -2.0 0     0.0 0     0.0 0     0.4 0   210.1 0   269.78 0   269.46 0   292.1 0   269.28 0   269.28 0     0.0 0     0.0 0     0.0 0   -82.0 0   -82.0 0    -3.8 0    81.9 0     8.7 0   286.0 0   940.3 0
 2019   8  1  8  2 54  2.900 124.02    -2.0 0     0.0 0     0.0 0     0.4 0   210.2 0   269.78 0   269.46 0   292.2 0   269.28 0   269.28 0     0.0 0     0.0 0     0.0 0   -82.0 0   -82.0 0    -3.8 0    82.0 0     9.9 0   288.8 0   940.4 0
 2019   8  1  8  2 55  2.917 124.18    -2.0 0     0.0 0     0.0 0     0.4 0   210.4 0   269.76 0   269.45 0   292.4 0   269.28 0   269.28 0     0.0 0     0.0 0     0.0 0   -82.0 0   -82.0 0    -3.8 0    81.7 0     9.8 0   285.1 0   940.4 0
 2019   8  1  8  2 56  2.933 124.35    -2.0 0     0.0 0     0.0 0     0.4 0   210.3 0   269.76 0   269.46 0   292.3 0   269.28 0   269.30 0     0.0 0     0.0 0     0.0 0   -82.1 0   -82.1 0    -3.8 0    81.5 0    10.0 0   287.6 0   940.4 0
 2019   8  1  8  2 57  2.950 124.51    -2.4 0     0.0 0    -0.1 0     0.4 0   210.3 0   269.76 0   269.47 0   292.3 0   269.28 0   269.31 0     0.0 0     0.0 0     0.0 0   -82.0 0   -82.0 0    -3.8 0    81.3 0    10.1 0   285.6 0   940.4 0
 2019   8  1  8  2 58  2.967 124.68    -2.4 0     0.0 0    -0.1 0     0.4 0   210.4 0   269.78 0   269.48 0   292.4 0   269.30 0   269.32 0     0.0 0     0.0 0     0.0 0   -82.0 0   -82.0 0    -3.8 0    81.1 0    10.4 0   286.2 0   940.4 0
 2019   8  1  8  2 59  2.983 124.85    -2.4 0     0.0 0     0.0 0     0.4 0   210.3 0   269.78 0   269.48 0   292.4 0   269.31 0   269.31 0     0.0 0     0.0 0     0.0 0   -82.1 0   -82.1 0    -3.8 0    81.2 0    10.1 0   284.0 0   940.4 0
 2019   8  1  8  3  0  3.000 125.01    -2.4 0     0.0 0     0.0 0     0.4 0   210.0 0   269.78 0   269.48 0   292.1 0   269.31 0   269.31 0     0.0 0     0.0 0     0.0 0   -82.2 0   -82.2 0    -3.8 0    81.4 0     9.1 0   285.3 0   940.4 0
 2019   8  1  8  3  1  3.017 125.18    -2.4 0     0.0 0     0.0 0     0.4 0   210.1 0   269.78 0   269.48 0   292.3 0   269.31 0   269.32 0     0.0 0     0.0 0     0.0 0   -82.3 0   -82.3 0    -3.8 0    81.2 0    10.8 0   284.9 0   940.4 0
 2019   8  1  8  3  2  3.033 125.34    -2.4 0     0.0 0     0.0 0     0.4 0   209.7 0   269.78 0   269.48 0   292.0 0   269.31 0   269.31 0     0.0 0     0.0 0     0.0 0   -82.3 0   -82.3 0    -3.8 0    81.4 0     9.2 0   286.6 0   940.5 0
 2019   8  1  8  3  3  3.050 125.51    -2.3 0     0.0 0     0.2 0     0.4 0   209.6 0   269.78 0   269.45 0   291.7 0   269.30 0   269.28 0     0.0 0     0.0 0     0.0 0   -82.1 0   -82.1 0    -3.9 0    81.8 0     8.4 0   288.1 0   940.5 0
 2019   8  1  8  3  4  3.067 125.67    -2.1 0     0.0 0     0.3 0     0.4 0   209.6 0   269.78 0   269.45 0   291.6 0   269.28 0   269.27 0     0.0 0     0.0 0     0.0 0   -82.0 0   -82.0 0    -3.9 0    82.0 0     8.5 0   287.0 0   940.5 0
 2019   8  1  8  3  5  3.083 125.84    -2.0 0     0.0 0     0.4 0     0.4 0   209.7 0   269.77 0   269.43 0   291.6 0   269.27 0   269.24 0     0.0 0     0.0 0     0.0 0   -81.9 0   -81.9 0    -4.0 0    82.2 0     7.9 0   284.9 0   940.5 0
 2019   8  1  8  3  6  3.100 126.00    -2.0 0     0.0 0     0.4 0     0.4 0   209.4 0   269.75 0   269.43 0   291.5 0   269.24 0   269.22 0     0.0 0     0.0 0     0.0 0   -82.1 0   -82.1 0    -4.0 0    82.3 0     9.0 0   284.4 0   940.5 0
 2019   8  1  8  3  7  3.117 126.17    -2.0 0     0.0 0     0.4 0     0.4 0   209.5 0   269.74 0   269.42 0   291.8 0   269.23 0   269.22 0     0.0 0     0.0 0     0.0 0   -82.3 0   -82.3 0    -4.0 0    82.0 0    10.0 0   282.1 0   940.5 0
 2019   8  1  8  3  8  3.133 126.33    -2.0 0     0.0 0     0.4 0     0.4 0   209.5 0   269.73 0   269.40 0   291.7 0   269.21 0   269.20 0     0.0 0     0.0 0     0.0 0   -82.3 0   -82.3 0    -4.0 0    81.9 0     9.8 0   282.8 0   940.6 0
 2019   8  1  8  3  9  3.150 126.50    -2.0 0     0.0 0     0.4 0     0.4 0   209.6 0   269.72 0   269.40 0   291.8 0   269.20 0   269.19 0     0.0 0     0.0 0     0.0 0   -82.2 0   -82.2 0    -4.0 0    81.9 0    10.1 0   280.1 0   940.6 0
 2019   8  1  8  3 10  3.167 126.66    -2.0 0     0.0 0     0.4 0     0.4 0   209.8 0   269.72 0   269.38 0   291.7 0   269.19 0   269.18 0     0.0 0     0.0 0     0.0 0   -82.0 0   -82.0 0    -4.0 0    81.7 0    10.0 0   280.2 0   940.6 0
 2019   8  1  8  3 11  3.183 126.83    -2.0 0     0.0 0     0.4 0     0.4 0   209.5 0   269.70 0   269.38 0   291.4 0   269.18 0   269.18 0     0.0 0     0.0 0     0.0 0   -81.9 0   -81.9 0    -4.0 0    81.8 0     9.6 0   279.7 0   940.6 0
 2019   8  1  8  3 12  3.200 126.99    -2.0 0     0.0 0     0.4 0     0.4 0   209.6 0   269.69 0   269.37 0   291.6 0   269.18 0   269.17 0     0.0 0     0.0 0     0.0 0   -82.1 0   -82.1 0    -4.0 0    81.7 0    10.3 0   280.6 0   940.6 0
 2019   8  1  8  3 13  3.217 127.16    -2.0 0     0.0 0     0.3 0     0.4 0   209.7 0   269.67 0   269.36 0   291.8 0   269.17 0   269.17 0     0.0 0     0.0 0     0.0 0   -82.1 0   -82.1 0    -4.0 0    81.4 0    11.2 0   282.0 0   940.6 0
 2019   8  1  8  3 14  3.233 127.32    -2.0 0     0.0 0     0.3 0     0.4 0   209.6 0   269.67 0   269.34 0   291.5 0   269.15 0   269.15 0     0.0 0     0.0 0     0.0 0   -81.9 0   -81.9 0    -4.0 0    81.5 0     9.3 0   282.4 0   940.6 0
 2019   8  1  8  3 15  3.250 127.49    -2.0 0     0.0 0     0.1 0     0.4 0   209.9 0   269.67 0   269.34 0   291.7 0   269.15 0   269.14 0     0.0 0     0.0 0     0.0 0   -81.8 0   -81.8 0    -4.0 0    81.6 0    10.1 0   281.6 0   940.6 0
 2019   8  1  8  3 16  3.267 127.65    -2.0 0     0.0 0     0.0 0     0.4 0   209.8 0   269.65 0   269.34 0   291.6 0   269.13 0   269.15 0     0.0 0     0.0 0     0.0 0   -81.8 0   -81.8 0    -4.0 0    81.3 0    10.5 0   282.6 0   940.6 0
 2019   8  1  8  3 17  3.283 127.81    -2.3 0     0.0 0    -0.1 0     0.4 0   209.6 0   269.65 0   269.36 0   291.6 0   269.13 0   269.15 0     0.0 0     0.0 0     0.0 0   -82.1 0   -82.1 0    -4.0 0    81.2 0    10.6 0   286.7 0   940.6 0
 2019   8  1  8  3 18  3.300 127.98    -2.4 0     0.0 0     0.0 0     0.4 0   209.5 0   269.65 0   269.35 0   291.7 0   269.14 0   269.15 0     0.0 0     0.0 0     0.0 0   -82.2 0   -82.2 0    -4.0 0    81.0 0    10.4 0   286.5 0   940.7 0
 2019   8  1  8  3 19  3.317 128.14    -2.6 0     0.0 0    -0.1 0     0.4 0   209.6 0   269.65 0   269.35 0   291.8 0   269.15 0   269.15 0     0.0 0     0.0 0     0.0 0   -82.3 0   -82.3 0    -3.9 0    80.9 0    10.3 0   288.4 0   940.7 0
 2019   8  1  8  3 20  3.333 128.31    -2.4 0     0.0 0     0.0 0     0.4 0   209.4 0   269.65 0   269.35 0   291.7 0   269.15 0   269.17 0     0.0 0     0.0 0     0.0 0   -82.3 0   -82.3 0    -3.9 0    80.9 0    10.3 0   289.1 0   940.7 0
 2019   8  1  8  3 21  3.350 128.47    -2.5 0     0.0 0     0.0 0     0.4 0   209.5 0   269.65 0   269.35 0   291.7 0   269.15 0   269.17 0     0.0 0     0.0 0     0.0 0   -82.1 0   -82.1 0    -3.9 0    80.9 0    10.1 0   290.7 0   940.8 0
 2019   8  1  8  3 22  3.367 128.64    -2.5 0     0.0 0    -0.4 0     0.4 0   209.6 0   269.66 0   269.37 0   291.7 0   269.16 0   269.18 0     0.0 0     0.0 0     0.0 0   -82.1 0   -82.1 0    -3.9 0    80.9 0     9.2 0   292.1 0   940.8 0
 2019   8  1  8  3 23  3.383 128.80    -2.5 0     0.0 0    -0.1 0     0.4 0   209.5 0   269.67 0   269.36 0   291.6 0   269.17 0   269.17 0     0.0 0     0.0 0     0.0 0   -82.1 0   -82.1 0    -4.0 0    81.1 0     9.3 0   291.7 0   940.8 0
 2019   8  1  8  3 24  3.400 128.96    -2.5 0     0.0 0    -0.1 0     0.4 0   209.5 0   269.67 0   269.37 0   291.5 0   269.16 0   269.18 0     0.0 0     0.0 0     0.0 0   -82.0 0   -82.0 0    -4.0 0    81.0 0     9.5 0   290.9 0   940.8 0
 2019   8  1  8  3 25  3.417 129.13    -2.9 0     0.0 0    -0.4 0     0.4 0   209.7 0   269.67 0   269.38 0   292.0 0   269.17 0   269.19 0     0.0 0     0.0 0     0.0 0   -82.2 0   -82.2 0    -3.9 0    80.4 0    10.6 0   291.7 0   940.9 0
 2019   8  1  8  3 26  3.433 129.29    -2.7 0     0.0 0    -0.1 0     0.4 0   209.5 0   269.67 0   269.37 0   291.7 0   269.18 0   269.18 0     0.0 0     0.0 0     0.0 0   -82.3 0   -82.3 0    -3.9 0    80.7 0     9.1 0   293.3 0   940.9 0
 2019   8  1  8  3 27  3.450 129.45    -2.5 0     0.0 0     0.0 0     0.4 0   209.4 0   269.67 0   269.37 0   291.7 0   269.18 0   269.18 0     0.0 0     0.0 0     0.0 0   -82.2 0   -82.2 0    -3.9 0    80.8 0     9.2 0   293.1 0   941.0 0
 2019   8  1  8  3 28  3.467 129.62    -2.6 0     0.0 0     0.0 0     0.4 0   209.3 0   269.67 0   269.37 0   291.5 0   269.18 0   269.18 0     0.0 0     0.0 0     0.0 0   -82.2 0   -82.2 0    -4.0 0    80.9 0     8.6 0   293.7 0   941.0 0
 2019   8  1  8  3 29  3.483 129.78    -2.8 0     0.0 0    -0.2 0     0.4 0   209.2 0   269.67 0   269.37 0   291.7 0   269.18 0   269.18 0     0.0 0     0.0 0     0.0 0   -82.5 0   -82.5 0    -4.0 0    80.7 0     9.2 0   296.6 0   941.1 0
 2019   8  1  8  3 30  3.500 129.94    -2.6 0     0.0 0     0.0 0     0.4 0   208.9 0   269.67 0   269.36 0   291.5 0   269.18 0   269.17 0     0.0 0     0.0 0     0.0 0   -82.6 0   -82.6 0    -4.0 0    80.8 0     9.6 0   296.1 0   941.1 0
 2019   8  1  8  3 31  3.517 130.11    -2.6 0     0.0 0     0.0 0     0.4 0   208.9 0   269.67 0   269.36 0   291.5 0   269.17 0   269.18 0     0.0 0     0.0 0     0.0 0   -82.6 0   -82.6 0    -4.0 0    80.8 0     8.7 0   299.6 0   941.2 0
 2019   8  1  8  3 32  3.533 130.27    -2.5 0     0.0 0     0.0 0     0.4 0   209.0 0   269.67 0   269.35 0   291.5 0   269.17 0   269.18 0     0.0 0     0.0 0     0.0 0   -82.5 0   -82.5 0    -4.0 0    80.8 0     9.5 0   300.9 0   941.2 0
 2019   8  1  8  3 33  3.550 130.43    -2.8 0     0.0 0     0.0 0     0.4 0   209.1 0   269.67 0   269.37 0   291.8 0   269.17 0   269.19 0     0.0 0     0.0 0     0.0 0   -82.7 0   -82.7 0    -3.9 0    80.5 0     9.7 0   299.0 0   941.3 0
 2019   8  1  8  3 34  3.567 130.59    -2.9 0     0.0 0    -0.1 0     0.4 0   208.9 0   269.67 0   269.37 0   291.5 0   269.18 0   269.20 0     0.0 0     0.0 0     0.0 0   -82.6 0   -82.6 0    -3.9 0    80.4 0     8.8 0   300.2 0   941.2 0
 2019   8  1  8  3 35  3.583 130.76    -2.9 0     0.0 0     0.0 0     0.4 0   208.7 0   269.67 0   269.37 0   291.1 0   269.18 0   269.18 0     0.0 0     0.0 0     0.0 0   -82.5 0   -82.5 0    -3.9 0    80.8 0     7.7 0   298.9 0   941.3 0
 2019   8  1  8  3 36  3.600 130.92    -2.7 0     0.0 0     0.0 0     0.4 0   208.7 0   269.67 0   269.36 0   291.5 0   269.18 0   269.18 0     0.0 0     0.0 0     0.0 0   -82.8 0   -82.8 0    -4.0 0    80.6 0     9.4 0   297.1 0   941.4 0
 2019   8  1  8  3 37  3.617 131.08    -2.8 0     0.0 0    -0.1 0     0.4 0   208.8 0   269.67 0   269.37 0   291.5 0   269.18 0   269.19 0     0.0 0     0.0 0     0.0 0   -82.8 0   -82.8 0    -3.9 0    80.5 0     9.5 0   295.7 0   941.4 0
 2019   8  1  8  3 38  3.633 131.24    -2.9 0     0.0 0    -0.1 0     0.4 0   208.7 0   269.67 0   269.37 0   291.2 0   269.18 0   269.18 0     0.0 0     0.0 0     0.0 0   -82.5 0   -82.5 0    -4.0 0    80.7 0     8.4 0   296.7 0   941.4 0
 2019   8  1  8  3 39  3.650 131.40    -2.9 0     0.0 0    -0.2 0     0.4 0   208.9 0   269.67 0   269.37 0   291.6 0   269.18 0   269.20 0     0.0 0     0.0 0     0.0 0   -82.7 0   -82.7 0    -3.9 0    80.5 0     9.6 0   298.8 0   941.4 0
 2019   8  1  8  3 40  3.667 131.56    -2.9 0     0.0 0    -0.1 0     0.4 0   208.8 0   269.67 0   269.37 0   291.2 0   269.18 0   269.20 0     0.0 0     0.0 0     0.0 0   -82.4 0   -82.4 0    -3.9 0    80.4 0     8.6 0   296.1 0   941.4 0
 2019   8  1  8  3 41  3.683 131.73    -2.9 0     0.0 0    -0.2 0     0.4 0   209.0 0   269.67 0   269.37 0   291.3 0   269.18 0   269.20 0     0.0 0     0.0 0     0.0 0   -82.3 0   -82.3 0    -3.9 0    80.4 0     9.2 0   295.8 0   941.4 0
 2019   8  1  8  3 42  3.700 131.89    -2.9 0     0.0 0    -0.1 0     0.4 0   208.7 0   269.67 0   269.37 0   291.1 0   269.18 0   269.20 0     0.0 0     0.0 0     0.0 0   -82.5 0   -82.5 0    -3.9 0    80.3 0     8.9 0   298.3 0   941.4 0
 2019   8  1  8  3 43  3.717 132.05    -2.9 0    -0.2 0     0.0 0     0.4 0   208.6 0   269.67 0   269.37 0   291.5 0   269.19 0   269.22 0     0.0 0     0.0 0     0.0 0   -82.9 0   -82.9 0    -3.8 0    80.0 0     8.6 0   294.2 0   941.5 0
 2019   8  1  8  3 44  3.733 132.21    -2.8 0     0.0 0    -0.2 0     0.4 0   208.5 0   269.67 0   269.39 0   291.5 0   269.20 0   269.23 0     0.0 0     0.0 0     0.0 0   -83.0 0   -83.0 0    -3.9 0    80.2 0     9.1 0   296.0 0   941.5 0
 2019   8  1  8  3 45  3.750 132.37    -2.7 0     0.0 0    -0.1 0     0.4 0   208.5 0   269.67 0   269.39 0   291.5 0   269.22 0   269.23 0     0.0 0     0.0 0     0.0 0   -83.0 0   -83.0 0    -3.8 0    80.2 0     8.4 0   293.8 0   941.5 0
 2019   8  1  8  3 46  3.767 132.53    -2.5 0     0.0 0     0.0 0     0.4 0   208.3 0   269.67 0   269.37 0   291.5 0   269.22 0   269.24 0     0.0 0     0.0 0     0.0 0   -83.2 0   -83.2 0    -3.8 0    80.2 0     8.8 0   295.4 0   941.6 0
 2019   8  1  8  3 47  3.783 132.69    -2.6 0    -0.2 0     0.0 0     0.4 0   208.1 0   269.68 0   269.40 0   291.3 0   269.22 0   269.26 0     0.0 0     0.0 0     0.0 0   -83.2 0   -83.2 0    -3.8 0    80.0 0     8.4 0   294.9 0   941.6 0
 2019   8  1  8  3 48  3.800 132.85    -2.7 0     0.0 0     0.0 0     0.4 0   208.5 0   269.69 0   269.40 0   291.2 0   269.23 0   269.26 0     0.0 0     0.0 0     0.0 0   -82.8 0   -82.8 0    -3.8 0    80.2 0     8.1 0   293.7 0   941.7 0
 2019   8  1  8  3 49  3.817 133.01    -2.8 0    -0.7 0    -0.3 0     0.4 0   209.0 0   269.70 0   269.43 0   292.2 0   269.25 0   269.30 0     0.0 0     0.0 0     0.0 0   -83.2 0   -83.2 0    -3.7 0    79.4 0    10.5 0   291.0 0   941.7 0
 2019   8  1  8  3 50  3.833 133.17    -2.9 0    -0.8 0    -0.4 0     0.4 0   208.8 0   269.71 0   269.45 0   291.6 0   269.27 0   269.32 0     0.0 0     0.0 0     0.0 0   -82.8 0   -82.8 0    -3.6 0    79.1 0     8.3 0   289.9 0   941.7 0
 2019   8  1  8  3 51  3.850 133.33    -2.9 0    -0.6 0    -0.4 0     0.4 0   208.6 0   269.72 0   269.45 0   291.5 0   269.30 0   269.30 0     0.0 0     0.0 0     0.0 0   -82.9 0   -82.9 0    -3.7 0    79.7 0     7.6 0   289.2 0   941.8 0
 2019   8  1  8  3 52  3.867 133.49    -2.9 0     0.0 0    -0.3 0     0.4 0   208.8 0   269.73 0   269.45 0   291.5 0   269.30 0   269.30 0     0.0 0     0.0 0     0.0 0   -82.7 0   -82.7 0    -3.8 0    79.8 0     7.9 0   290.1 0   941.9 0
 2019   8  1  8  3 53  3.883 133.65    -2.9 0     0.0 0    -0.2 0     0.4 0   208.8 0   269.75 0   269.45 0   291.5 0   269.30 0   269.29 0     0.0 0     0.0 0     0.0 0   -82.7 0   -82.7 0    -3.8 0    80.0 0     7.7 0   289.2 0   941.9 0
 2019   8  1  8  3 54  3.900 133.81    -2.9 0     0.0 0    -0.1 0     0.4 0   208.4 0   269.75 0   269.45 0   291.2 0   269.28 0   269.29 0     0.0 0     0.0 0     0.0 0   -82.8 0   -82.8 0    -3.8 0    79.9 0     8.3 0   288.1 0   941.9 0
 2019   8  1  8  3 55  3.917 133.97    -2.9 0     0.0 0     0.0 0     0.4 0   208.1 0   269.75 0   269.46 0   291.1 0   269.27 0   269.29 0     0.0 0     0.0 0     0.0 0   -83.0 0   -83.0 0    -3.8 0    79.7 0     8.3 0   288.5 0   942.0 0
 2019   8  1  8  3 56  3.933 134.13    -2.9 0     0.0 0    -0.1 0     0.4 0   208.5 0   269.77 0   269.47 0   291.2 0   269.27 0   269.30 0     0.0 0     0.0 0     0.0 0   -82.7 0   -82.7 0    -3.8 0    79.5 0     9.0 0   289.1 0   942.0 0
 2019   8  1  8  3 57  3.950 134.29    -2.9 0     0.0 0     0.0 0     0.4 0   208.3 0   269.77 0   269.47 0   291.2 0   269.28 0   269.30 0     0.0 0     0.0 0     0.0 0   -82.9 0   -82.9 0    -3.8 0    79.5 0     7.9 0   290.6 0   942.1 0
 2019   8  1  8  3 58  3.967 134.45    -2.9 0     0.0 0     0.0 0     0.4 0   208.0 0   269.77 0   269.47 0   291.3 0   269.28 0   269.30 0     0.0 0     0.0 0     0.0 0   -83.3 0   -83.3 0    -3.8 0    79.6 0     9.5 0   290.8 0   942.1 0
 2019   8  1  8  3 59  3.983 134.60    -2.9 0     0.0 0     0.0 0     0.4 0   207.8 0   269.77 0   269.47 0   291.2 0   269.30 0   269.30 0     0.0 0     0.0 0     0.0 0   -83.5 0   -83.5 0    -3.8 0    79.5 0     7.8 0   288.4 0   942.1 0
 2019   8  1  8  4  0  4.000 134.76    -2.6 0     0.0 0     0.0 0     0.4 0   207.5 0   269.77 0   269.46 0   291.1 0   269.29 0   269.28 0     0.0 0     0.0 0     0.0 0   -83.6 0   -83.6 0    -3.8 0    79.7 0     8.3 0   289.9 0   942.1 0
 2019   8  1  8  4  1  4.017 134.92    -2.6 0     0.0 0     0.0 0     0.4 0   207.5 0   269.77 0   269.46 0   291.2 0   269.27 0   269.28 0     0.0 0     0.0 0     0.0 0   -83.6 0   -83.6 0    -3.8 0    79.5 0     9.1 0   291.2 0   942.2 0
 2019   8  1  8  4  2  4.033 135.08    -2.6 0     0.0 0     0.0 0     0.4 0   207.5 0   269.77 0   269.45 0   290.8 0   269.27 0   269.27 0     0.0 0     0.0 0     0.0 0   -83.3 0   -83.3 0    -3.9 0    79.7 0     8.0 0   289.6 0   942.2 0
 2019   8  1  8  4  3  4.050 135.24    -2.5 0     0.0 0     0.1 0     0.4 0   207.4 0   269.77 0   269.45 0   291.1 0   269.27 0   269.27 0     0.0 0     0.0 0     0.0 0   -83.7 0   -83.7 0    -3.9 0    79.4 0     8.4 0   291.2 0   942.2 0
 2019   8  1  8  4  4  4.067 135.39    -2.5 0     0.0 0     0.1 0     0.4 0   207.7 0   269.77 0   269.44 0   291.5 0   269.27 0   269.29 0     0.0 0     0.0 0     0.0 0   -83.9 0   -83.9 0    -3.8 0    78.9 0     9.9 0   291.2 0   942.2 0
 2019   8  1  8  4  5  4.083 135.55    -2.5 0     0.0 0     0.0 0     0.4 0   207.6 0   269.77 0   269.44 0   291.2 0   269.27 0   269.27 0     0.0 0     0.0 0     0.0 0   -83.6 0   -83.6 0    -3.8 0    78.9 0     8.7 0   289.3 0   942.3 0
 2019   8  1  8  4  6  4.100 135.71    -2.5 0     0.0 0     0.0 0     0.4 0   207.7 0   269.76 0   269.44 0   291.4 0   269.27 0   269.28 0     0.0 0     0.0 0     0.0 0   -83.7 0   -83.7 0    -3.8 0    78.8 0     9.6 0   290.9 0   942.3 0
 2019   8  1  8  4  7  4.117 135.86    -2.8 0     0.0 0     0.0 0     0.4 0   207.5 0   269.76 0   269.47 0   291.2 0   269.27 0   269.28 0     0.0 0     0.0 0     0.0 0   -83.7 0   -83.7 0    -3.8 0    78.6 0     8.1 0   289.2 0   942.4 0
 2019   8  1  8  4  8  4.133 136.02    -2.5 0     0.0 0     0.0 0     0.4 0   207.5 0   269.77 0   269.44 0   290.8 0   269.27 0   269.27 0     0.0 0     0.0 0     0.0 0   -83.3 0   -83.3 0    -3.9 0    78.8 0     8.3 0   291.2 0   942.4 0
 2019   8  1  8  4  9  4.150 136.17    -2.4 0     0.0 0     0.0 0     0.4 0   207.2 0   269.75 0   269.43 0   290.9 0   269.27 0   269.27 0     0.0 0     0.0 0     0.0 0   -83.7 0   -83.7 0    -3.9 0    78.8 0     8.4 0   292.4 0   942.4 0
 2019   8  1  8  4 10  4.167 136.33    -2.4 0     0.0 0     0.2 0     0.4 0   207.2 0   269.75 0   269.42 0   291.3 0   269.27 0   269.28 0     0.0 0     0.0 0     0.0 0   -84.1 0   -84.1 0    -3.9 0    78.3 0     9.6 0   294.7 0   942.4 0
 2019   8  1  8  4 11  4.183 136.49    -2.7 0     0.0 0     0.0 0     0.4 0   207.2 0   269.75 0   269.43 0   291.2 0   269.27 0   269.29 0     0.0 0     0.0 0     0.0 0   -84.0 0   -84.0 0    -3.8 0    78.0 0     8.6 0   290.7 0   942.4 0
 2019   8  1  8  4 12  4.200 136.64    -2.6 0     0.0 0     0.0 0     0.4 0   207.2 0   269.75 0   269.43 0   291.3 0   269.27 0   269.28 0     0.0 0     0.0 0     0.0 0   -84.1 0   -84.1 0    -3.8 0    78.1 0     9.6 0   293.7 0   942.4 0
 2019   8  1  8  4 13  4.217 136.80    -2.8 0     0.0 0     0.0 0     0.4 0   207.1 0   269.75 0   269.43 0   291.1 0   269.27 0   269.29 0     0.0 0     0.0 0     0.0 0   -84.0 0   -84.0 0    -3.8 0    78.0 0     9.3 0   291.3 0   942.4 0
 2019   8  1  8  4 14  4.233 136.95    -2.6 0     0.0 0     0.0 0     0.4 0   207.3 0   269.75 0   269.43 0   291.1 0   269.27 0   269.29 0     0.0 0     0.0 0     0.0 0   -83.8 0   -83.8 0    -3.8 0    78.0 0     9.1 0   290.4 0   942.4 0
 2019   8  1  8  4 15  4.250 137.11    -2.9 0     0.0 0     0.0 0     0.4 0   207.2 0   269.75 0   269.45 0   291.1 0   269.27 0   269.30 0     0.0 0     0.0 0     0.0 0   -83.9 0   -83.9 0    -3.8 0    77.7 0     9.1 0   290.5 0   942.4 0
 2019   8  1  8  4 16  4.267 137.26    -2.9 0     0.0 0     0.0 0     0.4 0   207.0 0   269.75 0   269.44 0   291.1 0   269.29 0   269.32 0     0.0 0     0.0 0     0.0 0   -84.1 0   -84.1 0    -3.8 0    77.5 0     9.4 0   293.4 0   942.4 0
 2019   8  1  8  4 17  4.283 137.41    -2.6 0     0.0 0     0.0 0     0.4 0   206.8 0   269.75 0   269.42 0   291.0 0   269.30 0   269.30 0     0.0 0     0.0 0     0.0 0   -84.2 0   -84.2 0    -3.8 0    77.9 0     8.2 0   291.0 0   942.4 0
 2019   8  1  8  4 18  4.300 137.57    -2.5 0     0.0 0     0.0 0     0.4 0   206.9 0   269.75 0   269.42 0   291.1 0   269.30 0   269.30 0     0.0 0     0.0 0     0.0 0   -84.2 0   -84.2 0    -3.8 0    77.6 0     8.7 0   289.7 0   942.4 0
 2019   8  1  8  4 19  4.317 137.72    -2.5 0     0.0 0     0.2 0     0.4 0   206.6 0   269.74 0   269.42 0   290.8 0   269.29 0   269.28 0     0.0 0     0.0 0     0.0 0   -84.2 0   -84.2 0    -3.8 0    77.7 0     7.9 0   291.7 0   942.5 0
 2019   8  1  8  4 20  4.333 137.87    -2.5 0     0.0 0     0.2 0     0.4 0   206.6 0   269.72 0   269.42 0   290.8 0   269.27 0   269.28 0     0.0 0     0.0 0     0.0 0   -84.2 0   -84.2 0    -3.9 0    77.3 0     8.2 0   288.8 0   942.5 0
 2019   8  1  8  4 21  4.350 138.03    -2.6 0     0.0 0     0.0 0     0.4 0   206.6 0   269.72 0   269.42 0   291.0 0   269.27 0   269.29 0     0.0 0     0.0 0     0.0 0   -84.4 0   -84.4 0    -3.8 0    76.7 0     8.9 0   290.5 0   942.5 0
 2019   8  1  8  4 22  4.367 138.18    -2.5 0     0.0 0     0.1 0     0.4 0   206.4 0   269.72 0   269.40 0   290.8 0   269.27 0   269.28 0     0.0 0     0.0 0     0.0 0   -84.5 0   -84.5 0    -3.9 0    76.7 0     8.9 0   287.8 0   942.6 0
 2019   8  1  8  4 23  4.383 138.33    -2.4 0     0.0 0     0.4 0     0.4 0   206.3 0   269.72 0   269.39 0   290.5 0   269.27 0   269.27 0     0.0 0     0.0 0     0.0 0   -84.2 0   -84.2 0    -3.9 0    76.9 0     7.9 0   290.4 0   942.6 0
 2019   8  1  8  4 24  4.400 138.48    -2.4 0     0.0 0     0.1 0     0.4 0   206.5 0   269.72 0   269.39 0   290.6 0   269.27 0   269.27 0     0.0 0     0.0 0     0.0 0   -84.2 0   -84.2 0    -3.9 0    76.8 0     9.1 0   290.0 0   942.6 0
 2019   8  1  8  4 25  4.417 138.63    -2.4 0     0.0 0     0.2 0     0.4 0   206.1 0   269.70 0   269.37 0   290.7 0   269.26 0   269.25 0     0.0 0     0.0 0     0.0 0   -84.6 0   -84.6 0    -3.9 0    76.9 0     8.7 0   292.6 0   942.6 0
 2019   8  1  8  4 26  4.433 138.78    -2.3 0     0.0 0     0.4 0     0.4 0   206.1 0   269.69 0   269.35 0   290.6 0   269.25 0   269.24 0     0.0 0     0.0 0     0.0 0   -84.5 0   -84.5 0    -3.9 0    77.1 0     9.3 0   293.6 0   942.6 0
 2019   8  1  8  4 27  4.450 138.94    -2.4 0     0.0 0     0.4 0     0.4 0   206.0 0   269.67 0   269.33 0   290.5 0   269.24 0   269.23 0     0.0 0     0.0 0     0.0 0   -84.5 0   -84.5 0    -4.0 0    77.3 0     8.8 0   294.3 0   942.6 0
 2019   8  1  8  4 28  4.467 139.09    -2.1 0     0.0 0     0.4 0     0.4 0   206.0 0   269.67 0   269.31 0   290.1 0   269.22 0   269.19 0     0.0 0     0.0 0     0.0 0   -84.0 0   -84.0 0    -4.0 0    78.1 0     7.6 0   294.1 0   942.6 0
 2019   8  1  8  4 29  4.483 139.24    -2.0 0     0.0 0     0.4 0     0.4 0   205.9 0   269.64 0   269.28 0   289.7 0   269.20 0   269.17 0     0.0 0     0.0 0     0.0 0   -83.9 0   -83.9 0    -4.1 0    78.3 0     7.3 0   294.6 0   942.6 0
 2019   8  1  8  4 30  4.500 139.39    -2.0 0     0.0 0     0.4 0     0.4 0   205.8 0   269.62 0   269.27 0   290.0 0   269.17 0   269.16 0     0.0 0     0.0 0     0.0 0   -84.2 0   -84.2 0    -4.1 0    78.3 0     8.2 0   296.5 0   942.6 0
 2019   8  1  8  4 31  4.517 139.54    -2.0 0     0.0 0     0.3 0     0.4 0   205.7 0   269.60 0   269.26 0   289.8 0   269.16 0   269.12 0     0.0 0     0.0 0     0.0 0   -84.1 0   -84.1 0    -4.2 0    78.5 0     7.1 0   293.9 0   942.6 0
 2019   8  1  8  4 32  4.533 139.69    -2.0 0     0.0 0     0.4 0     0.4 0   205.6 0   269.58 0   269.22 0   289.7 0   269.13 0   269.09 0     0.0 0     0.0 0     0.0 0   -84.1 0   -84.1 0    -4.2 0    79.0 0     8.3 0   292.5 0   942.7 0
 2019   8  1  8  4 33  4.550 139.83    -2.0 0     0.0 0     0.4 0     0.4 0   205.8 0   269.56 0   269.20 0   289.6 0   269.10 0   269.07 0     0.0 0     0.0 0     0.0 0   -83.8 0   -83.8 0    -4.2 0    79.1 0     8.3 0   291.8 0   942.7 0
 2019   8  1  8  4 34  4.567 139.98    -2.0 0     0.0 0     0.4 0     0.4 0   205.7 0   269.53 0   269.18 0   289.7 0   269.07 0   269.04 0     0.0 0     0.0 0     0.0 0   -84.0 0   -84.0 0    -4.3 0    79.3 0     7.7 0   292.6 0   942.7 0
 2019   8  1  8  4 35  4.583 140.13    -2.0 0     0.0 0     0.3 0     0.4 0   205.8 0   269.52 0   269.17 0   289.8 0   269.05 0   269.03 0     0.0 0     0.0 0     0.0 0   -84.1 0   -84.1 0    -4.2 0    79.1 0     9.0 0   291.0 0   942.7 0
 2019   8  1  8  4 36  4.600 140.28    -2.0 0     0.0 0     0.3 0     0.4 0   205.7 0   269.50 0   269.15 0   289.9 0   269.03 0   269.03 0     0.0 0     0.0 0     0.0 0   -84.2 0   -84.2 0    -4.2 0    78.7 0     8.9 0   289.4 0   942.7 0
 2019   8  1  8  4 37  4.617 140.43    -2.0 0     0.0 0     0.4 0     0.4 0   205.6 0   269.47 0   269.13 0   289.8 0   269.03 0   269.01 0     0.0 0     0.0 0     0.0 0   -84.2 0   -84.2 0    -4.2 0    78.9 0     8.1 0   287.7 0   942.7 0
 2019   8  1  8  4 38  4.633 140.57    -2.0 0     0.0 0     0.4 0     0.4 0   205.7 0   269.46 0   269.09 0   289.4 0   269.00 0   268.98 0     0.0 0     0.0 0     0.0 0   -83.7 0   -83.7 0    -4.3 0    79.4 0     7.9 0   289.7 0   942.7 0
 2019   8  1  8  4 39  4.650 140.72    -2.0 0     0.0 0     0.4 0     0.4 0   205.5 0   269.43 0   269.08 0   289.3 0   268.98 0   268.96 0     0.0 0     0.0 0     0.0 0   -83.8 0   -83.8 0    -4.3 0    79.4 0     8.4 0   289.1 0   942.7 0
 2019   8  1  8  4 40  4.667 140.87    -2.0 0     0.0 0     0.1 0     0.4 0   205.6 0   269.41 0   269.07 0   289.3 0   268.96 0   268.93 0     0.0 0     0.0 0     0.0 0   -83.8 0   -83.8 0    -4.3 0    79.4 0     7.7 0   289.7 0   942.7 0
 2019   8  1  8  4 41  4.683 141.01    -2.0 0     0.0 0     0.1 0     0.4 0   205.5 0   269.39 0   269.04 0   289.3 0   268.93 0   268.92 0     0.0 0     0.0 0     0.0 0   -83.8 0   -83.8 0    -4.3 0    79.5 0     8.8 0   290.0 0   942.7 0
 2019   8  1  8  4 42  4.700 141.16    -2.0 0     0.0 0     0.3 0     0.4 0   205.4 0   269.37 0   269.02 0   289.4 0   268.92 0   268.90 0     0.0 0     0.0 0     0.0 0   -84.1 0   -84.1 0    -4.3 0    79.6 0     7.7 0   290.4 0   942.7 0
 2019   8  1  8  4 43  4.717 141.30    -2.0 0     0.0 0     0.4 0     0.4 0   205.3 0   269.35 0   268.99 0   288.9 0   268.89 0   268.87 0     0.0 0     0.0 0     0.0 0   -83.6 0   -83.6 0    -4.4 0    80.1 0     7.3 0   291.6 0   942.7 0
 2019   8  1  8  4 44  4.733 141.45    -2.0 0     0.0 0     0.4 0     0.4 0   205.3 0   269.33 0   268.98 0   289.3 0   268.88 0   268.85 0     0.0 0     0.0 0     0.0 0   -84.0 0   -84.0 0    -4.4 0    79.9 0     8.4 0   290.2 0   942.7 0
 2019   8  1  8  4 45  4.750 141.59    -2.0 0     0.0 0     0.1 0     0.4 0   205.3 0   269.31 0   268.98 0   289.3 0   268.86 0   268.85 0     0.0 0     0.0 0     0.0 0   -84.0 0   -84.0 0    -4.4 0    79.5 0     8.3 0   292.7 0   942.7 0
 2019   8  1  8  4 46  4.767 141.73    -2.0 0     0.0 0     0.0 0     0.4 0   205.3 0   269.29 0   268.95 0   289.4 0   268.85 0   268.84 0     0.0 0     0.0 0     0.0 0   -84.1 0   -84.1 0    -4.4 0    79.0 0     8.3 0   295.3 0   942.7 0
 2019   8  1  8  4 47  4.783 141.88    -2.0 0     0.0 0     0.0 0     0.4 0   205.3 0   269.27 0   268.94 0   289.0 0   268.83 0   268.82 0     0.0 0     0.0 0     0.0 0   -83.7 0   -83.7 0    -4.4 0    79.3 0     7.6 0   290.5 0   942.7 0
 2019   8  1  8  4 48  4.800 142.02    -2.0 0     0.0 0     0.0 0     0.4 0   205.7 0   269.27 0   268.95 0   289.3 0   268.83 0   268.82 0     0.0 0     0.0 0     0.0 0   -83.6 0   -83.6 0    -4.4 0    78.8 0     7.9 0   291.3 0   942.7 0
 2019   8  1  8  4 49  4.817 142.16    -2.0 0     0.0 0    -0.2 0     0.4 0   205.5 0   269.26 0   268.95 0   289.1 0   268.81 0   268.80 0     0.0 0     0.0 0     0.0 0   -83.6 0   -83.6 0    -4.4 0    78.7 0     8.7 0   289.6 0   942.7 0
 2019   8  1  8  4 50  4.833 142.31    -2.0 0     0.0 0    -0.3 0     0.4 0   205.3 0   269.25 0   268.95 0   289.2 0   268.80 0   268.79 0     0.0 0     0.0 0     0.0 0   -83.9 0   -83.9 0    -4.4 0    78.4 0     7.7 0   292.5 0   942.7 0
 2019   8  1  8  4 51  4.850 142.45    -2.0 0     0.0 0     0.0 0     0.4 0   205.3 0   269.25 0   268.93 0   288.8 0   268.78 0   268.78 0     0.0 0     0.0 0     0.0 0   -83.5 0   -83.5 0    -4.4 0    78.7 0     8.3 0   293.5 0   942.8 0
 2019   8  1  8  4 52  4.867 142.59    -2.0 0     0.0 0     0.0 0     0.4 0   205.1 0   269.25 0   268.93 0   289.0 0   268.78 0   268.78 0     0.0 0     0.0 0     0.0 0   -83.8 0   -83.8 0    -4.4 0    78.4 0     7.9 0   291.9 0   942.8 0
 2019   8  1  8  4 53  4.883 142.73    -2.0 0     0.0 0     0.1 0     0.4 0   204.9 0   269.23 0   268.89 0   289.0 0   268.77 0   268.76 0     0.0 0     0.0 0     0.0 0   -84.1 0   -84.1 0    -4.4 0    78.4 0     8.3 0   295.2 0   942.8 0
 2019   8  1  8  4 54  4.900 142.87    -2.0 0     0.0 0     0.0 0     0.4 0   205.2 0   269.22 0   268.88 0   289.0 0   268.75 0   268.76 0     0.0 0     0.0 0     0.0 0   -83.8 0   -83.8 0    -4.4 0    78.2 0     9.4 0   293.1 0   942.8 0
 2019   8  1  8  4 55  4.917 143.01    -2.0 0     0.0 0     0.0 0     0.4 0   204.9 0   269.21 0   268.88 0   288.8 0   268.75 0   268.73 0     0.0 0     0.0 0     0.0 0   -83.8 0   -83.8 0    -4.5 0    78.5 0     7.1 0   293.3 0   942.9 0
 2019   8  1  8  4 56  4.933 143.15    -2.0 0     0.0 0     0.0 0     0.4 0   204.6 0   269.20 0   268.87 0   288.6 0   268.73 0   268.71 0     0.0 0     0.0 0     0.0 0   -84.0 0   -84.0 0    -4.5 0    78.7 0     8.1 0   294.1 0   942.9 0
 2019   8  1  8  4 57  4.950 143.29    -2.0 0     0.0 0     0.1 0     0.4 0   204.5 0   269.18 0   268.84 0   288.5 0   268.71 0   268.68 0     0.0 0     0.0 0     0.0 0   -84.0 0   -84.0 0    -4.6 0    78.8 0     7.8 0   297.4 0   942.9 0
 2019   8  1  8  4 58  4.967 143.43    -2.0 0     0.0 0     0.0 0     0.4 0   204.6 0   269.17 0   268.83 0   288.5 0   268.69 0   268.67 0     0.0 0     0.0 0     0.0 0   -83.9 0   -83.9 0    -4.6 0    78.5 0     7.7 0   297.1 0   942.9 0
 2019   8  1  8  4 59  4.983 143.56    -2.0 0     0.0 0     0.1 0     0.4 0   204.4 0   269.16 0   268.82 0   288.5 0   268.67 0   268.65 0     0.0 0     0.0 0     0.0 0   -84.1 0   -84.1 0    -4.6 0    78.3 0     8.8 0   297.1 0   943.0 0
 2019   8  1  8  5  0  5.000 143.70    -2.0 0     0.0 0     0.0 0     0.4 0   204.4 0   269.15 0   268.81 0   288.4 0   268.65 0   268.64 0     0.0 0     0.0 0     0.0 0   -84.0 0   -84.0 0    -4.6 0    77.8 0     7.5 0   298.6 0   943.0 0
 2019   8  1  8  5  1  5.017 143.84    -2.0 0     0.0 0     0.0 0     0.4 0   204.2 0   269.13 0   268.80 0   288.2 0   268.63 0   268.62 0     0.0 0     0.0 0     0.0 0   -84.0 0   -84.0 0    -4.6 0    78.0 0     8.1 0   300.0 0   943.1 0
 2019   8  1  8  5  2  5.033 143.97    -2.0 0     0.0 0     0.3 0     0.4 0   204.1 0   269.12 0   268.77 0   288.1 0   268.62 0   268.59 0     0.0 0     0.0 0     0.0 0   -84.1 0   -84.1 0    -4.7 0    78.4 0     6.9 0   299.0 0   943.1 0
 2019   8  1  8  5  3  5.050 144.11    -2.0 0     0.0 0     0.4 0     0.4 0   204.0 0   269.10 0   268.74 0   288.1 0   268.59 0   268.58 0     0.0 0     0.0 0     0.0 0   -84.1 0   -84.1 0    -4.7 0    78.2 0     8.0 0   302.1 0   943.1 0
 2019   8  1  8  5  4  5.067 144.24    -2.0 0     0.0 0     0.4 0     0.4 0   204.0 0   269.08 0   268.72 0   288.0 0   268.58 0   268.55 0     0.0 0     0.0 0     0.0 0   -84.0 0   -84.0 0    -4.7 0    78.2 0     7.0 0   299.7 0   943.2 0
 2019   8  1  8  5  5  5.083 144.38    -2.0 0     0.0 0     0.4 0     0.4 0   204.0 0   269.06 0   268.70 0   288.2 0   268.56 0   268.55 0     0.0 0     0.0 0     0.0 0   -84.2 0   -84.2 0    -4.7 0    77.6 0     9.1 0   302.8 0   943.1 0
 2019   8  1  8  5  6  5.100 144.51    -2.0 0     0.0 0     0.0 0     0.4 0   204.0 0   269.03 0   268.70 0   288.2 0   268.55 0   268.54 0     0.0 0     0.0 0     0.0 0   -84.1 0   -84.1 0    -4.7 0    77.3 0     7.8 0   301.4 0   943.2 0
 2019   8  1  8  5  7  5.117 144.65    -2.0 0     0.0 0     0.2 0     0.4 0   203.9 0   269.02 0   268.67 0   287.6 0   268.53 0   268.49 0     0.0 0     0.0 0     0.0 0   -83.7 0   -83.7 0    -4.8 0    78.3 0     6.7 0   304.0 0   943.3 0
 2019   8  1  8  5  8  5.133 144.78    -2.0 0     0.0 0     0.2 0     0.4 0   204.0 0   269.00 0   268.66 0   287.9 0   268.50 0   268.48 0     0.0 0     0.0 0     0.0 0   -83.9 0   -83.9 0    -4.8 0    77.8 0     8.0 0   301.2 0   943.4 0
 2019   8  1  8  5  9  5.150 144.91    -2.0 0     0.0 0     0.0 0     0.4 0   203.9 0   268.98 0   268.64 0   287.6 0   268.48 0   268.47 0     0.0 0     0.0 0     0.0 0   -83.6 0   -83.6 0    -4.8 0    77.6 0     7.3 0   302.5 0   943.4 0
 2019   8  1  8  5 10  5.167 145.04    -2.0 0     0.0 0     0.1 0     0.4 0   204.0 0   268.97 0   268.62 0   287.7 0   268.47 0   268.45 0     0.0 0     0.0 0     0.0 0   -83.7 0   -83.7 0    -4.8 0    77.6 0     7.5 0   303.5 0   943.5 0
 2019   8  1  8  5 11  5.183 145.17    -2.0 0     0.0 0     0.1 0     0.4 0   203.9 0   268.95 0   268.61 0   287.9 0   268.45 0   268.46 0     0.0 0     0.0 0     0.0 0   -83.9 0   -83.9 0    -4.8 0    77.1 0     8.2 0   304.1 0   943.6 0
 2019   8  1  8  5 12  5.200 145.31    -2.0 0     0.0 0     0.3 0     0.4 0   203.7 0   268.93 0   268.58 0   287.6 0   268.44 0   268.44 0     0.0 0     0.0 0     0.0 0   -83.9 0   -83.9 0    -4.7 0    77.0 0     7.9 0   304.0 0   943.7 0
 2019   8  1  8  5 13  5.217 145.43    -2.0 0     0.0 0     0.1 0     0.4 0   203.7 0   268.92 0   268.58 0   287.6 0   268.43 0   268.43 0     0.0 0     0.0 0     0.0 0   -83.9 0   -83.9 0    -4.8 0    76.9 0     7.8 0   307.8 0   943.7 0
 2019   8  1  8  5 14  5.233 145.56    -2.0 0     0.0 0     0.3 0     0.4 0   203.4 0   268.90 0   268.56 0   287.4 0   268.43 0   268.40 0     0.0 0     0.0 0     0.0 0   -84.0 0   -84.0 0    -4.8 0    77.3 0     6.3 0   306.6 0   943.7 0
 2019   8  1  8  5 15  5.250 145.69    -2.0 0     0.0 0     0.1 0     0.4 0   203.3 0   268.88 0   268.55 0   287.4 0   268.40 0   268.38 0     0.0 0     0.0 0     0.0 0   -84.1 0   -84.1 0    -4.9 0    77.5 0     6.9 0   305.5 0   943.7 0
 2019   8  1  8  5 16  5.267 145.82    -2.0 0     0.0 0     0.3 0     0.4 0   203.4 0   268.87 0   268.52 0   286.9 0   268.38 0   268.37 0     0.0 0     0.0 0     0.0 0   -83.6 0   -83.6 0    -4.9 0    77.7 0     6.6 0   308.2 0   943.8 0
 2019   8  1  8  5 17  5.283 145.95    -2.0 0     0.0 0     0.0 0     0.4 0   203.3 0   268.85 0   268.52 0   287.5 0   268.38 0   268.37 0     0.0 0     0.0 0     0.0 0   -84.2 0   -84.2 0    -4.8 0    77.0 0     8.2 0   305.8 0   943.7 0
 2019   8  1  8  5 18  5.300 146.08    -2.0 0     0.0 0     0.0 0     0.4 0   203.3 0   268.83 0   268.51 0   287.6 0   268.36 0   268.38 0     0.0 0     0.0 0     0.0 0   -84.3 0   -84.3 0    -4.8 0    76.6 0     8.4 0   306.5 0   943.8 0
 2019   8  1  8  5 19  5.317 146.20    -2.0 0     0.0 0     0.0 0     0.4 0   203.3 0   268.83 0   268.50 0   287.4 0   268.35 0   268.37 0     0.0 0     0.0 0     0.0 0   -84.0 0   -84.0 0    -4.8 0    76.5 0     7.5 0   305.3 0   943.8 0
 2019   8  1  8  5 20  5.333 146.33    -2.0 0     0.0 0     0.0 0     0.4 0   203.3 0   268.82 0   268.48 0   287.2 0   268.35 0   268.33 0     0.0 0     0.0 0     0.0 0   -83.9 0   -83.9 0    -4.8 0    77.0 0     6.6 0   307.3 0   943.9 0
 2019   8  1  8  5 21  5.350 146.45    -2.0 0     0.0 0     0.0 0     0.4 0   203.3 0   268.80 0   268.48 0   287.4 0   268.33 0   268.34 0     0.0 0     0.0 0     0.0 0   -84.1 0   -84.1 0    -4.8 0    76.6 0     7.9 0   302.8 0   943.9 0
 2019   8  1  8  5 22  5.367 146.58    -2.0 0     0.0 0     0.0 0     0.4 0   203.0 0   268.78 0   268.48 0   287.2 0   268.33 0   268.34 0     0.0 0     0.0 0     0.0 0   -84.1 0   -84.1 0    -4.8 0    76.5 0     7.1 0   307.1 0   943.9 0
 2019   8  1  8  5 23  5.383 146.70    -2.0 0     0.0 0     0.1 0     0.4 0   202.8 0   268.78 0   268.45 0   287.1 0   268.33 0   268.31 0     0.0 0     0.0 0     0.0 0   -84.3 0   -84.3 0    -4.9 0    76.8 0     6.8 0   308.0 0   944.0 0
 2019   8  1  8  5 24  5.400 146.82    -2.0 0     0.0 0     0.3 0     0.4 0   203.2 0   268.78 0   268.43 0   287.1 0   268.31 0   268.30 0     0.0 0     0.0 0     0.0 0   -83.9 0   -83.9 0    -4.9 0    76.9 0     7.7 0   305.3 0   944.0 0
 2019   8  1  8  5 25  5.417 146.94    -2.0 0     0.0 0     0.0 0     0.4 0   203.3 0   268.77 0   268.45 0   287.3 0   268.30 0   268.31 0     0.0 0     0.0 0     0.0 0   -84.0 0   -84.0 0    -4.9 0    76.3 0     7.0 0   308.7 0   944.0 0
 2019   8  1  8  5 26  5.433 147.07    -2.0 0     0.0 0     0.0 0     0.4 0   203.0 0   268.76 0   268.44 0   287.3 0   268.29 0   268.30 0     0.0 0     0.0 0     0.0 0   -84.3 0   -84.3 0    -4.9 0    76.1 0     8.6 0   304.3 0   944.0 0
 2019   8  1  8  5 27  5.450 147.19    -2.0 0     0.0 0     0.0 0     0.4 0   203.1 0   268.75 0   268.44 0   287.1 0   268.28 0   268.30 0     0.0 0     0.0 0     0.0 0   -84.0 0   -84.0 0    -4.9 0    75.7 0     7.7 0   306.3 0   944.0 0
 2019   8  1  8  5 28  5.467 147.31    -2.1 0     0.0 0     0.0 0     0.4 0   203.0 0   268.75 0   268.43 0   287.2 0   268.28 0   268.29 0     0.0 0     0.0 0     0.0 0   -84.2 0   -84.2 0    -4.8 0    75.6 0     9.1 0   305.0 0   944.0 0
 2019   8  1  8  5 29  5.483 147.43    -2.2 0     0.0 0     0.0 0     0.4 0   202.8 0   268.75 0   268.43 0   287.1 0   268.28 0   268.29 0     0.0 0     0.0 0     0.0 0   -84.3 0   -84.3 0    -4.9 0    75.3 0     8.4 0   306.3 0   944.0 0
 2019   8  1  8  5 30  5.500 147.54    -2.3 0     0.0 0     0.0 0     0.4 0   202.3 0   268.73 0   268.43 0   287.1 0   268.28 0   268.28 0     0.0 0     0.0 0     0.0 0   -84.7 0   -84.7 0    -4.9 0    75.3 0     7.8 0   306.0 0   944.1 0
 2019   8  1  8  5 31  5.517 147.66    -2.1 0     0.0 0     0.2 0     0.4 0   202.4 0   268.73 0   268.40 0   287.2 0   268.28 0   268.28 0     0.0 0     0.0 0     0.0 0   -84.8 0   -84.8 0    -4.9 0    74.9 0     8.9 0   301.8 0   944.1 0
 2019   8  1  8  5 32  5.533 147.78    -2.3 0     0.0 0     0.0 0     0.4 0   202.5 0   268.73 0   268.42 0   287.4 0   268.28 0   268.30 0     0.0 0     0.0 0     0.0 0   -84.9 0   -84.9 0    -4.8 0    74.1 0     9.3 0   303.3 0   944.2 0
 2019   8  1  8  5 33  5.550 147.89    -2.4 0     0.0 0     0.0 0     0.4 0   202.2 0   268.73 0   268.40 0   287.0 0   268.28 0   268.28 0     0.0 0     0.0 0     0.0 0   -84.8 0   -84.8 0    -4.9 0    74.5 0     7.6 0   308.8 0   944.2 0
 2019   8  1  8  5 34  5.567 148.01    -2.2 0     0.0 0     0.3 0     0.4 0   202.3 0   268.73 0   268.38 0   287.1 0   268.28 0   268.28 0     0.0 0     0.0 0     0.0 0   -84.8 0   -84.8 0    -4.9 0    74.3 0     8.1 0   307.6 0   944.3 0
 2019   8  1  8  5 35  5.583 148.13    -2.1 0     0.0 0     0.3 0     0.4 0   202.1 0   268.70 0   268.38 0   287.2 0   268.28 0   268.28 0     0.0 0     0.0 0     0.0 0   -85.1 0   -85.1 0    -4.9 0    73.8 0     8.2 0   307.3 0   944.3 0
 2019   8  1  8  5 36  5.600 148.24    -2.3 0     0.0 0     0.2 0     0.4 0   202.3 0   268.70 0   268.38 0   287.1 0   268.28 0   268.28 0     0.0 0     0.0 0     0.0 0   -84.8 0   -84.8 0    -4.8 0    73.6 0     7.9 0   306.8 0   944.4 0
 2019   8  1  8  5 37  5.617 148.35    -2.3 0     0.0 0     0.0 0     0.4 0   202.2 0   268.70 0   268.38 0   287.0 0   268.28 0   268.28 0     0.0 0     0.0 0     0.0 0   -84.8 0   -84.8 0    -4.9 0    73.7 0     8.2 0   307.1 0   944.4 0
 2019   8  1  8  5 38  5.633 148.46    -2.3 0     0.0 0     0.1 0     0.4 0   202.1 0   268.69 0   268.37 0   287.1 0   268.27 0   268.28 0     0.0 0     0.0 0     0.0 0   -85.0 0   -85.0 0    -4.9 0    73.5 0     8.8 0   306.7 0   944.4 0
 2019   8  1  8  5 39  5.650 148.58    -2.4 0     0.0 0     0.0 0     0.4 0   202.0 0   268.68 0   268.37 0   287.1 0   268.27 0   268.28 0     0.0 0     0.0 0     0.0 0   -85.1 0   -85.1 0    -4.9 0    73.4 0     8.3 0   304.3 0   944.4 0
 2019   8  1  8  5 40  5.667 148.69    -2.5 0     0.0 0     0.0 0     0.4 0   202.0 0   268.68 0   268.37 0   287.3 0   268.27 0   268.28 0     0.0 0     0.0 0     0.0 0   -85.3 0   -85.3 0    -4.8 0    73.0 0     8.9 0   306.9 0   944.4 0
 2019   8  1  8  5 41  5.683 148.79    -2.4 0     0.0 0     0.1 0     0.4 0   202.0 0   268.68 0   268.35 0   286.8 0   268.27 0   268.26 0     0.0 0     0.0 0     0.0 0   -84.8 0   -84.8 0    -4.9 0    73.6 0     7.2 0   308.6 0   944.5 0
 2019   8  1  8  5 42  5.700 148.90    -2.2 0     0.0 0     0.3 0     0.4 0   202.1 0   268.67 0   268.33 0   286.8 0   268.25 0   268.26 0     0.0 0     0.0 0     0.0 0   -84.7 0   -84.7 0    -4.9 0    73.6 0     8.4 0   307.3 0   944.5 0
 2019   8  1  8  5 43  5.717 149.01    -2.4 0     0.0 0     0.0 0     0.4 0   202.0 0   268.65 0   268.34 0   286.8 0   268.25 0   268.25 0     0.0 0     0.0 0     0.0 0   -84.8 0   -84.8 0    -4.9 0    73.4 0     7.6 0   310.8 0   944.5 0
 2019   8  1  8  5 44  5.733 149.12    -2.4 0     0.0 0     0.0 0     0.4 0   202.1 0   268.65 0   268.33 0   286.8 0   268.23 0   268.25 0     0.0 0     0.0 0     0.0 0   -84.7 0   -84.7 0    -4.9 0    73.2 0     9.2 0   306.2 0   944.6 0
 2019   8  1  8  5 45  5.750 149.23    -2.4 0     0.0 0     0.0 0     0.4 0   202.2 0   268.65 0   268.33 0   286.7 0   268.23 0   268.23 0     0.0 0     0.0 0     0.0 0   -84.5 0   -84.5 0    -4.9 0    73.2 0     8.6 0   305.9 0   944.6 0
 2019   8  1  8  5 46  5.767 149.33    -2.5 0     0.0 0     0.0 0     0.4 0   202.4 0   268.65 0   268.33 0   286.9 0   268.23 0   268.25 0     0.0 0     0.0 0     0.0 0   -84.6 0   -84.6 0    -4.9 0    72.6 0     9.0 0   302.5 0   944.6 0
 2019   8  1  8  5 47  5.783 149.43    -2.7 0     0.0 0     0.0 0     0.4 0   202.3 0   268.65 0   268.35 0   287.0 0   268.23 0   268.26 0     0.0 0     0.0 0     0.0 0   -84.7 0   -84.7 0    -4.9 0    72.1 0     9.9 0   312.3 0   944.6 0
 2019   8  1  8  5 48  5.800 149.54    -2.8 0     0.0 0     0.0 0     0.4 0   202.3 0   268.65 0   268.34 0   286.9 0   268.24 0   268.26 0     0.0 0     0.0 0     0.0 0   -84.6 0   -84.6 0    -4.9 0    72.4 0     7.7 0   307.2 0   944.6 0
 2019   8  1  8  5 49  5.817 149.64    -2.8 0     0.0 0     0.0 0     0.4 0   202.3 0   268.65 0   268.35 0   287.2 0   268.24 0   268.26 0     0.0 0     0.0 0     0.0 0   -84.8 0   -84.8 0    -4.9 0    72.0 0     9.4 0   305.6 0   944.6 0
 2019   8  1  8  5 50  5.833 149.74    -2.9 0     0.0 0     0.0 0     0.4 0   202.2 0   268.65 0   268.35 0   287.0 0   268.25 0   268.26 0     0.0 0     0.0 0     0.0 0   -84.8 0   -84.8 0    -4.9 0    72.2 0     8.6 0   307.5 0   944.7 0
 2019   8  1  8  5 51  5.850 149.84    -2.9 0     0.0 0     0.0 0     0.4 0   202.2 0   268.65 0   268.36 0   287.0 0   268.25 0   268.28 0     0.0 0     0.0 0     0.0 0   -84.7 0   -84.7 0    -4.9 0    71.9 0     9.1 0   312.6 0   944.7 0
 2019   8  1  8  5 52  5.867 149.94    -2.9 0     0.0 0     0.0 0     0.4 0   202.4 0   268.66 0   268.36 0   286.9 0   268.25 0   268.27 0     0.0 0     0.0 0     0.0 0   -84.6 0   -84.6 0    -4.8 0    72.0 0     9.1 0   307.1 0   944.7 0
 2019   8  1  8  5 53  5.883 150.04    -2.9 0     0.0 0     0.0 0     0.4 0   202.4 0   268.67 0   268.36 0   286.6 0   268.25 0   268.26 0     0.0 0     0.0 0     0.0 0   -84.2 0   -84.2 0    -4.9 0    72.6 0     7.9 0   311.5 0   944.8 0
 2019   8  1  8  5 54  5.900 150.14    -2.9 0     0.0 0     0.0 0     0.4 0   202.5 0   268.68 0   268.35 0   286.7 0   268.25 0   268.25 0     0.0 0     0.0 0     0.0 0   -84.2 0   -84.2 0    -4.9 0    72.4 0     7.9 0   307.1 0   944.8 0
 2019   8  1  8  5 55  5.917 150.23    -2.8 0     0.0 0     0.0 0     0.4 0   202.4 0   268.67 0   268.34 0   286.6 0   268.24 0   268.23 0     0.0 0     0.0 0     0.0 0   -84.2 0   -84.2 0    -4.9 0    72.8 0     6.8 0   307.4 0   944.8 0
 2019   8  1  8  5 56  5.933 150.33    -2.4 0     0.0 0     0.0 0     0.4 0   201.9 0   268.65 0   268.32 0   286.2 0   268.23 0   268.21 0     0.0 0     0.0 0     0.0 0   -84.3 0   -84.3 0    -5.0 0    73.2 0     7.2 0   306.0 0   944.9 0
 2019   8  1  8  5 57  5.950 150.43    -2.2 0     0.0 0     0.1 0     0.4 0   202.1 0   268.64 0   268.30 0   286.4 0   268.22 0   268.21 0     0.0 0     0.0 0     0.0 0   -84.4 0   -84.4 0    -5.0 0    73.2 0     7.2 0   304.6 0   944.9 0
 2019   8  1  8  5 58  5.967 150.52    -2.2 0     0.0 0     0.0 0     0.4 0   201.8 0   268.63 0   268.30 0   286.2 0   268.20 0   268.19 0     0.0 0     0.0 0     0.0 0   -84.4 0   -84.4 0    -5.0 0    73.4 0     6.8 0   302.4 0   945.0 0
 2019   8  1  8  5 59  5.983 150.61    -2.0 0     0.0 0     0.2 0     0.4 0   201.8 0   268.63 0   268.29 0   285.9 0   268.18 0   268.18 0     0.0 0     0.0 0     0.0 0   -84.1 0   -84.1 0    -5.0 0    73.7 0     6.8 0   299.9 0   945.0 0
 2019   8  1  8  6  0  6.000 150.70    -2.0 0     0.0 0     0.2 0     0.4 0   201.6 0   268.61 0   268.28 0   286.2 0   268.18 0   268.16 0     0.0 0     0.0 0     0.0 0   -84.6 0   -84.6 0    -5.1 0    73.5 0     7.2 0   302.2 0   945.0 0
 2019   8  1  8  6  1  6.017 150.79    -2.0 0     0.0 0     0.0 0     0.4 0   201.8 0   268.60 0   268.27 0   286.2 0   268.16 0   268.16 0     0.0 0     0.0 0     0.0 0   -84.4 0   -84.4 0    -5.0 0    73.2 0     7.9 0   303.6 0   945.0 0
 2019   8  1  8  6  2  6.033 150.88    -2.0 0     0.0 0     0.0 0     0.4 0   201.6 0   268.58 0   268.26 0   286.2 0   268.15 0   268.13 0     0.0 0     0.0 0     0.0 0   -84.6 0   -84.6 0    -5.1 0    73.5 0     7.0 0   305.2 0   945.0 0
 2019   8  1  8  6  3  6.050 150.97    -2.0 0     0.0 0     0.0 0     0.4 0   201.8 0   268.58 0   268.26 0   286.1 0   268.13 0   268.13 0     0.0 0     0.0 0     0.0 0   -84.3 0   -84.3 0    -5.1 0    73.3 0     7.9 0   304.9 0   945.0 0
 2019   8  1  8  6  4  6.067 151.06    -2.1 0     0.0 0     0.0 0     0.4 0   201.8 0   268.58 0   268.26 0   286.5 0   268.13 0   268.13 0     0.0 0     0.0 0     0.0 0   -84.7 0   -84.7 0    -5.0 0    72.9 0     9.2 0   308.1 0   945.0 0
 2019   8  1  8  6  5  6.083 151.14    -2.1 0     0.0 0     0.0 0     0.4 0   201.9 0   268.58 0   268.25 0   286.4 0   268.13 0   268.13 0     0.0 0     0.0 0     0.0 0   -84.6 0   -84.6 0    -5.0 0    72.9 0     8.6 0   305.7 0   945.0 0
 2019   8  1  8  6  6  6.100 151.23    -2.3 0     0.0 0     0.0 0     0.4 0   202.1 0   268.58 0   268.26 0   286.6 0   268.13 0   268.13 0     0.0 0     0.0 0     0.0 0   -84.5 0   -84.5 0    -5.0 0    72.5 0     8.5 0   304.5 0   945.0 0
 2019   8  1  8  6  7  6.117 151.31    -2.5 0     0.0 0     0.0 0     0.4 0   202.1 0   268.58 0   268.27 0   286.4 0   268.12 0   268.13 0     0.0 0     0.0 0     0.0 0   -84.3 0   -84.3 0    -5.0 0    72.3 0     8.2 0   307.1 0   945.1 0
 2019   8  1  8  6  8  6.133 151.40    -2.5 0     0.0 0     0.0 0     0.4 0   202.0 0   268.58 0   268.25 0   286.6 0   268.12 0   268.13 0     0.0 0     0.0 0     0.0 0   -84.6 0   -84.6 0    -5.0 0    72.1 0     8.3 0   305.3 0   945.1 0
 2019   8  1  8  6  9  6.150 151.48    -2.5 0     0.0 0     0.0 0     0.4 0   202.0 0   268.58 0   268.25 0   286.2 0   268.12 0   268.12 0     0.0 0     0.0 0     0.0 0   -84.3 0   -84.3 0    -5.0 0    72.6 0     7.9 0   304.9 0   945.0 0
 2019   8  1  8  6 10  6.167 151.56    -2.5 0     0.0 0     0.0 0     0.4 0   201.7 0   268.56 0   268.24 0   286.0 0   268.10 0   268.10 0     0.0 0     0.0 0     0.0 0   -84.2 0   -84.2 0    -5.1 0    72.9 0     7.9 0   305.6 0   945.0 0
 2019   8  1  8  6 11  6.183 151.64    -2.4 0     0.0 0     0.0 0     0.4 0   201.6 0   268.55 0   268.25 0   286.1 0   268.10 0   268.10 0     0.0 0     0.0 0     0.0 0   -84.5 0   -84.5 0    -5.1 0    72.8 0     8.1 0   303.5 0   945.0 0
 2019   8  1  8  6 12  6.200 151.72    -2.4 0     0.0 0     0.0 0     0.4 0   201.6 0   268.55 0   268.23 0   285.8 0   268.08 0   268.08 0     0.0 0     0.0 0     0.0 0   -84.2 0   -84.2 0    -5.1 0    73.1 0     7.7 0   304.0 0   945.1 0
 2019   8  1  8  6 13  6.217 151.79    -2.4 0     0.0 0     0.0 0     0.4 0   201.4 0   268.55 0   268.22 0   285.6 0   268.08 0   268.06 0     0.0 0     0.0 0     0.0 0   -84.2 0   -84.2 0    -5.1 0    73.5 0     6.9 0   306.8 0   945.1 0
 2019   8  1  8  6 14  6.233 151.87    -2.3 0     0.0 0     0.0 0     0.4 0   201.4 0   268.53 0   268.20 0   285.7 0   268.06 0   268.03 0     0.0 0     0.0 0     0.0 0   -84.3 0   -84.3 0    -5.2 0    73.8 0     6.9 0   301.1 0   945.1 0
 2019   8  1  8  6 15  6.250 151.94    -2.3 0     0.0 0     0.0 0     0.4 0   201.5 0   268.53 0   268.20 0   285.5 0   268.03 0   268.01 0     0.0 0     0.0 0     0.0 0   -84.0 0   -84.0 0    -5.2 0    73.9 0     7.2 0   305.3 0   945.2 0
 2019   8  1  8  6 16  6.267 152.02    -2.3 0     0.0 0     0.0 0     0.4 0   201.7 0   268.53 0   268.20 0   286.3 0   268.03 0   268.03 0     0.0 0     0.0 0     0.0 0   -84.7 0   -84.7 0    -5.2 0    72.8 0     9.6 0   305.4 0   945.2 0
 2019   8  1  8  6 17  6.283 152.09    -2.4 0     0.0 0     0.0 0     0.4 0   201.5 0   268.51 0   268.21 0   286.4 0   268.03 0   268.05 0     0.0 0     0.0 0     0.0 0   -84.9 0   -84.9 0    -5.1 0    71.8 0    10.0 0   305.5 0   945.2 0
 2019   8  1  8  6 18  6.300 152.16    -2.5 0     0.0 0     0.0 0     0.4 0   201.4 0   268.50 0   268.20 0   286.0 0   268.03 0   268.04 0     0.0 0     0.0 0     0.0 0   -84.6 0   -84.6 0    -5.1 0    72.1 0     8.7 0   302.1 0   945.3 0
 2019   8  1  8  6 19  6.317 152.23    -2.5 0     0.0 0     0.0 0     0.4 0   201.4 0   268.50 0   268.20 0   285.9 0   268.03 0   268.03 0     0.0 0     0.0 0     0.0 0   -84.6 0   -84.6 0    -5.1 0    72.1 0     8.4 0   306.0 0   945.3 0
 2019   8  1  8  6 20  6.333 152.30    -2.4 0     0.0 0     0.0 0     0.4 0   201.6 0   268.50 0   268.19 0   286.2 0   268.03 0   268.04 0     0.0 0     0.0 0     0.0 0   -84.5 0   -84.5 0    -5.1 0    71.7 0     9.2 0   304.6 0   945.3 0
 2019   8  1  8  6 21  6.350 152.37    -2.5 0     0.0 0     0.0 0     0.4 0   201.8 0   268.50 0   268.19 0   286.1 0   268.03 0   268.04 0     0.0 0     0.0 0     0.0 0   -84.4 0   -84.4 0    -5.1 0    71.5 0     9.1 0   306.6 0   945.3 0
 2019   8  1  8  6 22  6.367 152.43    -2.4 0     0.0 0     0.0 0     0.4 0   201.9 0   268.50 0   268.18 0   286.1 0   268.03 0   268.04 0     0.0 0     0.0 0     0.0 0   -84.1 0   -84.1 0    -5.1 0    71.6 0     9.0 0   307.7 0   945.3 0
 2019   8  1  8  6 23  6.383 152.50    -2.4 0     0.0 0     0.0 0     0.4 0   202.0 0   268.50 0   268.18 0   285.9 0   268.03 0   268.03 0     0.0 0     0.0 0     0.0 0   -83.9 0   -83.9 0    -5.1 0    72.0 0     8.1 0   306.5 0   945.3 0
 2019   8  1  8  6 24  6.400 152.56    -2.5 0     0.0 0     0.0 0     0.4 0   201.9 0   268.50 0   268.18 0   285.9 0   268.03 0   268.03 0     0.0 0     0.0 0     0.0 0   -84.0 0   -84.0 0    -5.1 0    72.2 0     8.4 0   309.2 0   945.3 0
 2019   8  1  8  6 25  6.417 152.62    -2.4 0     0.0 0     0.1 0     0.4 0   201.6 0   268.48 0   268.17 0   286.2 0   268.03 0   268.04 0     0.0 0     0.0 0     0.0 0   -84.5 0   -84.5 0    -5.1 0    71.9 0     9.1 0   309.2 0   945.3 0
 2019   8  1  8  6 26  6.433 152.68    -2.5 0     0.0 0     0.0 0     0.4 0   201.7 0   268.48 0   268.17 0   286.0 0   268.03 0   268.03 0     0.0 0     0.0 0     0.0 0   -84.2 0   -84.2 0    -5.1 0    72.2 0     8.0 0   306.3 0   945.3 0
 2019   8  1  8  6 27  6.450 152.74    -2.4 0     0.0 0     0.0 0     0.4 0   201.9 0   268.48 0   268.15 0   285.7 0   268.03 0   268.02 0     0.0 0     0.0 0     0.0 0   -83.8 0   -83.8 0    -5.2 0    72.8 0     7.8 0   307.1 0   945.3 0
 2019   8  1  8  6 28  6.467 152.80    -2.1 0     0.0 0     0.0 0     0.4 0   202.2 0   268.47 0   268.13 0   285.6 0   268.01 0   268.00 0     0.0 0     0.0 0     0.0 0   -83.4 0   -83.4 0    -5.2 0    73.3 0     7.9 0   304.3 0   945.3 0
 2019   8  1  8  6 29  6.483 152.86    -2.1 0     0.0 0     0.0 0     0.4 0   201.9 0   268.45 0   268.13 0   285.5 0   268.00 0   267.98 0     0.0 0     0.0 0     0.0 0   -83.6 0   -83.6 0    -5.2 0    73.8 0     7.8 0   303.6 0   945.3 0
 2019   8  1  8  6 30  6.500 152.91    -2.0 0     0.0 0     0.2 0     0.4 0   201.8 0   268.44 0   268.11 0   285.4 0   267.98 0   267.98 0     0.0 0     0.0 0     0.0 0   -83.6 0   -83.6 0    -5.2 0    74.4 0     7.8 0   303.0 0   945.3 0
 2019   8  1  8  6 31  6.517 152.97    -2.0 0     0.0 0     0.0 0     0.4 0   201.7 0   268.43 0   268.10 0   285.5 0   267.98 0   267.97 0     0.0 0     0.0 0     0.0 0   -83.8 0   -83.8 0    -5.3 0    74.6 0     8.5 0   306.3 0   945.4 0
 2019   8  1  8  6 32  6.533 153.02    -2.0 0     0.0 0     0.0 0     0.4 0   201.9 0   268.43 0   268.09 0   285.6 0   267.96 0   267.95 0     0.0 0     0.0 0     0.0 0   -83.7 0   -83.7 0    -5.3 0    75.0 0     8.3 0   304.1 0   945.4 0
 2019   8  1  8  6 33  6.550 153.07    -2.0 0     0.0 0     0.0 0     0.4 0   201.6 0   268.41 0   268.08 0   285.7 0   267.95 0   267.94 0     0.0 0     0.0 0     0.0 0   -84.1 0   -84.1 0    -5.3 0    75.1 0     8.7 0   308.2 0   945.4 0
 2019   8  1  8  6 34  6.567 153.12    -2.0 0     0.0 0     0.0 0     0.4 0   201.3 0   268.40 0   268.08 0   285.3 0   267.93 0   267.93 0     0.0 0     0.0 0     0.0 0   -84.0 0   -84.0 0    -5.3 0    75.4 0     8.3 0   302.9 0   945.5 0
 2019   8  1  8  6 35  6.583 153.17    -2.0 0     0.0 0     0.0 0     0.4 0   201.2 0   268.39 0   268.08 0   285.8 0   267.93 0   267.93 0     0.0 0     0.0 0     0.0 0   -84.6 0   -84.6 0    -5.3 0    75.0 0     9.6 0   305.6 0   945.5 0
 2019   8  1  8  6 36  6.600 153.22    -2.2 0     0.0 0     0.0 0     0.4 0   201.1 0   268.38 0   268.07 0   285.6 0   267.93 0   267.92 0     0.0 0     0.0 0     0.0 0   -84.5 0   -84.5 0    -5.3 0    75.0 0     7.8 0   300.3 0   945.5 0
 2019   8  1  8  6 37  6.617 153.26    -2.2 0     0.0 0     0.0 0     0.4 0   201.3 0   268.38 0   268.06 0   285.4 0   267.90 0   267.90 0     0.0 0     0.0 0     0.0 0   -84.2 0   -84.2 0    -5.3 0    75.2 0     8.1 0   304.8 0   945.5 0
 2019   8  1  8  6 38  6.633 153.31    -2.2 0     0.0 0     0.0 0     0.4 0   201.4 0   268.38 0   268.05 0   285.7 0   267.90 0   267.90 0     0.0 0     0.0 0     0.0 0   -84.3 0   -84.3 0    -5.3 0    74.9 0     8.8 0   305.8 0   945.5 0
 2019   8  1  8  6 39  6.650 153.35    -2.3 0     0.0 0     0.0 0     0.4 0   201.5 0   268.38 0   268.05 0   285.6 0   267.89 0   267.90 0     0.0 0     0.0 0     0.0 0   -84.1 0   -84.1 0    -5.3 0    74.8 0     8.8 0   305.8 0   945.5 0
 2019   8  1  8  6 40  6.667 153.39    -2.4 0     0.0 0     0.0 0     0.4 0   201.8 0   268.38 0   268.05 0   285.6 0   267.88 0   267.92 0     0.0 0     0.0 0     0.0 0   -83.8 0   -83.8 0    -5.2 0    74.2 0     9.6 0   306.9 0   945.5 0
 2019   8  1  8  6 41  6.683 153.43    -2.5 0     0.0 0     0.0 0     0.4 0   201.8 0   268.37 0   268.05 0   285.5 0   267.89 0   267.90 0     0.0 0     0.0 0     0.0 0   -83.7 0   -83.7 0    -5.2 0    74.4 0     8.5 0   307.6 0   945.6 0
 2019   8  1  8  6 42  6.700 153.47    -2.4 0     0.0 0     0.0 0     0.4 0   201.6 0   268.36 0   268.05 0   285.4 0   267.88 0   267.89 0     0.0 0     0.0 0     0.0 0   -83.9 0   -83.9 0    -5.3 0    74.4 0     8.1 0   307.0 0   945.6 0
 2019   8  1  8  6 43  6.717 153.51    -2.5 0     0.0 0     0.0 0     0.4 0   201.3 0   268.35 0   268.03 0   285.4 0   267.88 0   267.90 0     0.0 0     0.0 0     0.0 0   -84.1 0   -84.1 0    -5.3 0    74.4 0     9.0 0   311.3 0   945.7 0
 2019   8  1  8  6 44  6.733 153.54    -2.4 0     0.0 0     0.0 0     0.4 0   201.4 0   268.35 0   268.04 0   285.4 0   267.88 0   267.89 0     0.0 0     0.0 0     0.0 0   -84.0 0   -84.0 0    -5.3 0    74.5 0     9.1 0   307.1 0   945.7 0
 2019   8  1  8  6 45  6.750 153.58    -2.5 0     0.0 0     0.0 0     0.4 0   201.2 0   268.35 0   268.04 0   285.3 0   267.88 0   267.88 0     0.0 0     0.0 0     0.0 0   -84.0 0   -84.0 0    -5.3 0    74.7 0     8.1 0   310.8 0   945.7 0
 2019   8  1  8  6 46  6.767 153.61    -2.2 0     0.0 0     0.3 0     0.4 0   201.2 0   268.35 0   268.02 0   285.1 0   267.88 0   267.87 0     0.0 0     0.0 0     0.0 0   -83.9 0   -83.9 0    -5.3 0    75.1 0     8.3 0   311.6 0   945.7 0
 2019   8  1  8  6 47  6.783 153.64    -2.1 0     0.0 0     0.3 0     0.4 0   201.1 0   268.33 0   268.01 0   285.2 0   267.87 0   267.85 0     0.0 0     0.0 0     0.0 0   -84.1 0   -84.1 0    -5.3 0    75.3 0     7.1 0   310.9 0   945.8 0
 2019   8  1  8  6 48  6.800 153.67    -2.0 0     0.0 0     0.4 0     0.4 0   201.3 0   268.33 0   267.99 0   285.3 0   267.85 0   267.85 0     0.0 0     0.0 0     0.0 0   -83.9 0   -83.9 0    -5.4 0    75.3 0     8.5 0   314.6 0   945.8 0
 2019   8  1  8  6 49  6.817 153.70    -2.2 0     0.0 0     0.1 0     0.4 0   201.6 0   268.33 0   268.00 0   285.3 0   267.85 0   267.86 0     0.0 0     0.0 0     0.0 0   -83.7 0   -83.7 0    -5.3 0    75.2 0     7.5 0   308.6 0   945.8 0
 2019   8  1  8  6 50  6.833 153.73    -2.4 0     0.0 0     0.1 0     0.4 0   201.4 0   268.32 0   267.98 0   285.1 0   267.84 0   267.83 0     0.0 0     0.0 0     0.0 0   -83.7 0   -83.7 0    -5.4 0    75.5 0     7.5 0   309.4 0   945.9 0
 2019   8  1  8  6 51  6.850 153.75    -2.2 0     0.0 0     0.0 0     0.4 0   201.4 0   268.30 0   267.98 0   285.2 0   267.83 0   267.83 0     0.0 0     0.0 0     0.0 0   -83.9 0   -83.9 0    -5.3 0    75.4 0     7.6 0   309.2 0   945.9 0
 2019   8  1  8  6 52  6.867 153.78    -2.1 0     0.0 0     0.3 0     0.4 0   201.1 0   268.30 0   267.97 0   284.7 0   267.83 0   267.81 0     0.0 0     0.0 0     0.0 0   -83.6 0   -83.6 0    -5.4 0    75.8 0     6.5 0   306.0 0   945.9 0
 2019   8  1  8  6 53  6.883 153.80    -2.0 0     0.0 0     0.2 0     0.4 0   201.0 0   268.28 0   267.97 0   284.9 0   267.81 0   267.80 0     0.0 0     0.0 0     0.0 0   -83.9 0   -83.9 0    -5.4 0    76.1 0     7.2 0   305.4 0   945.9 0
 2019   8  1  8  6 54  6.900 153.82    -2.0 0     0.0 0     0.1 0     0.4 0   201.2 0   268.28 0   267.95 0   285.0 0   267.80 0   267.78 0     0.0 0     0.0 0     0.0 0   -83.7 0   -83.7 0    -5.4 0    76.2 0     7.8 0   303.7 0   945.9 0
 2019   8  1  8  6 55  6.917 153.84    -2.0 0     0.0 0     0.1 0     0.4 0   201.4 0   268.28 0   267.93 0   284.8 0   267.78 0   267.78 0     0.0 0     0.0 0     0.0 0   -83.4 0   -83.4 0    -5.4 0    76.1 0     8.4 0   304.7 0   945.9 0
 2019   8  1  8  6 56  6.933 153.86    -2.0 0     0.0 0     0.0 0     0.4 0   201.2 0   268.26 0   267.93 0   285.0 0   267.78 0   267.78 0     0.0 0     0.0 0     0.0 0   -83.8 0   -83.8 0    -5.4 0    76.1 0     7.7 0   304.8 0   946.0 0
 2019   8  1  8  6 57  6.950 153.87    -2.0 0     0.0 0     0.4 0     0.4 0   201.0 0   268.25 0   267.91 0   284.9 0   267.77 0   267.76 0     0.0 0     0.0 0     0.0 0   -83.8 0   -83.8 0    -5.4 0    76.3 0     7.9 0   301.0 0   946.0 0
 2019   8  1  8  6 58  6.967 153.89    -2.0 0     0.0 0     0.2 0     0.4 0   200.8 0   268.23 0   267.90 0   284.7 0   267.76 0   267.74 0     0.0 0     0.0 0     0.0 0   -83.9 0   -83.9 0    -5.4 0    76.5 0     7.4 0   303.3 0   946.0 0
 2019   8  1  8  6 59  6.983 153.90    -2.0 0     0.0 0     0.4 0     0.4 0   200.6 0   268.23 0   267.88 0   284.3 0   267.74 0   267.72 0     0.0 0     0.0 0     0.0 0   -83.6 0   -83.6 0    -5.5 0    77.0 0     6.5 0   303.5 0   946.0 0
 2019   8  1  8  7  0  7.000 153.91    -2.0 0     0.0 0     0.4 0     0.4 0   200.5 0   268.20 0   267.86 0   284.5 0   267.72 0   267.69 0     0.0 0     0.0 0     0.0 0   -84.0 0   -84.0 0    -5.5 0    77.1 0     6.8 0   302.1 0   946.0 0
 2019   8  1  8  7  1  7.017 153.93    -2.0 0     0.0 0     0.4 0     0.4 0   200.3 0   268.18 0   267.84 0   284.2 0   267.69 0   267.67 0     0.0 0     0.0 0     0.0 0   -83.9 0   -83.9 0    -5.6 0    77.3 0     7.1 0   300.9 0   946.0 0
 2019   8  1  8  7  2  7.033 153.93    -2.0 0     0.0 0     0.2 0     0.4 0   200.6 0   268.18 0   267.83 0   284.4 0   267.68 0   267.67 0     0.0 0     0.0 0     0.0 0   -83.8 0   -83.8 0    -5.6 0    77.1 0     8.0 0   305.0 0   946.1 0
 2019   8  1  8  7  3  7.050 153.94    -2.0 0     0.0 0     0.0 0     0.4 0   200.5 0   268.16 0   267.83 0   284.8 0   267.67 0   267.67 0     0.0 0     0.0 0     0.0 0   -84.3 0   -84.3 0    -5.5 0    76.8 0     7.9 0   302.2 0   946.1 0
 2019   8  1  8  7  4  7.067 153.95    -2.0 0     0.0 0     0.0 0     0.4 0   200.3 0   268.15 0   267.83 0   284.3 0   267.65 0   267.66 0     0.0 0     0.0 0     0.0 0   -84.0 0   -84.0 0    -5.5 0    76.9 0     6.9 0   306.5 0   946.0 0
 2019   8  1  8  7  5  7.083 153.95    -2.0 0     0.0 0     0.0 0     0.4 0   200.1 0   268.14 0   267.80 0   284.4 0   267.65 0   267.64 0     0.0 0     0.0 0     0.0 0   -84.4 0   -84.4 0    -5.5 0    76.7 0     7.5 0   309.5 0   946.0 0
 2019   8  1  8  7  6  7.100 153.95    -2.0 0     0.0 0     0.1 0     0.4 0   200.1 0   268.13 0   267.79 0   284.2 0   267.63 0   267.63 0     0.0 0     0.0 0     0.0 0   -84.0 0   -84.0 0    -5.5 0    76.6 0     6.9 0   303.8 0   946.0 0
 2019   8  1  8  7  7  7.117 153.96    -2.0 0     0.0 0     0.0 0     0.4 0   200.5 0   268.12 0   267.78 0   284.5 0   267.63 0   267.64 0     0.0 0     0.0 0     0.0 0   -84.0 0   -84.0 0    -5.5 0    76.2 0     7.9 0   305.1 0   946.0 0
 2019   8  1  8  7  8  7.133 153.96    -2.0 0     0.0 0     0.0 0     0.4 0   200.5 0   268.10 0   267.80 0   284.6 0   267.63 0   267.64 0     0.0 0     0.0 0     0.0 0   -84.2 0   -84.2 0    -5.5 0    75.8 0     8.7 0   303.9 0   946.1 0
 2019   8  1  8  7  9  7.150 153.95    -2.4 0     0.0 0     0.0 0     0.4 0   200.4 0   268.10 0   267.81 0   284.6 0   267.63 0   267.65 0     0.0 0     0.0 0     0.0 0   -84.3 0   -84.3 0    -5.5 0    75.5 0     8.5 0   306.9 0   946.1 0
 2019   8  1  8  7 10  7.167 153.95    -2.4 0     0.0 0     0.0 0     0.4 0   200.3 0   268.10 0   267.80 0   284.5 0   267.63 0   267.64 0     0.0 0     0.0 0     0.0 0   -84.2 0   -84.2 0    -5.5 0    75.6 0     7.9 0   309.3 0   946.1 0
 2019   8  1  8  7 11  7.183 153.95    -2.4 0     0.0 0     0.0 0     0.4 0   200.4 0   268.10 0   267.80 0   284.4 0   267.63 0   267.64 0     0.0 0     0.0 0     0.0 0   -84.0 0   -84.0 0    -5.5 0    75.5 0     7.1 0   308.8 0   946.2 0
 2019   8  1  8  7 12  7.200 153.94    -2.3 0     0.0 0     0.0 0     0.4 0   200.6 0   268.10 0   267.80 0   284.7 0   267.63 0   267.65 0     0.0 0     0.0 0     0.0 0   -84.1 0   -84.1 0    -5.5 0    75.0 0     8.8 0   309.9 0   946.2 0
 2019   8  1  8  7 13  7.217 153.93    -2.4 0     0.0 0     0.0 0     0.4 0   200.5 0   268.10 0   267.80 0   284.5 0   267.63 0   267.65 0     0.0 0     0.0 0     0.0 0   -84.0 0   -84.0 0    -5.4 0    74.9 0     8.2 0   308.6 0   946.2 0
 2019   8  1  8  7 14  7.233 153.92    -2.4 0     0.0 0     0.0 0     0.4 0   200.4 0   268.10 0   267.80 0   284.5 0   267.63 0   267.66 0     0.0 0     0.0 0     0.0 0   -84.1 0   -84.1 0    -5.4 0    74.7 0     8.2 0   308.0 0   946.2 0
 2019   8  1  8  7 15  7.250 153.91    -2.4 0     0.0 0     0.0 0     0.4 0   200.3 0   268.10 0   267.78 0   284.3 0   267.64 0   267.64 0     0.0 0     0.0 0     0.0 0   -84.0 0   -84.0 0    -5.5 0    75.1 0     7.1 0   308.6 0   946.3 0
 2019   8  1  8  7 16  7.267 153.90    -2.1 0     0.0 0     0.0 0     0.4 0   200.3 0   268.10 0   267.78 0   284.0 0   267.63 0   267.63 0     0.0 0     0.0 0     0.0 0   -83.7 0   -83.7 0    -5.5 0    75.4 0     7.2 0   310.1 0   946.3 0
 2019   8  1  8  7 17  7.283 153.88    -2.0 0     0.0 0     0.0 0     0.4 0   200.1 0   268.09 0   267.78 0   284.3 0   267.63 0   267.63 0     0.0 0     0.0 0     0.0 0   -84.2 0   -84.2 0    -5.5 0    75.2 0     7.6 0   308.8 0   946.4 0
 2019   8  1  8  7 18  7.300 153.87    -2.2 0     0.0 0     0.0 0     0.4 0   200.1 0   268.08 0   267.78 0   284.2 0   267.63 0   267.63 0     0.0 0     0.0 0     0.0 0   -84.1 0   -84.1 0    -5.5 0    75.3 0     7.3 0   305.5 0   946.4 0
 2019   8  1  8  7 19  7.317 153.85    -2.4 0     0.0 0     0.0 0     0.4 0   200.3 0   268.08 0   267.78 0   284.4 0   267.62 0   267.62 0     0.0 0     0.0 0     0.0 0   -84.1 0   -84.1 0    -5.5 0    75.3 0     7.3 0   307.2 0   946.4 0
 2019   8  1  8  7 20  7.333 153.83    -2.4 0     0.0 0     0.0 0     0.4 0   200.5 0   268.08 0   267.78 0   284.8 0   267.62 0   267.63 0     0.0 0     0.0 0     0.0 0   -84.3 0   -84.3 0    -5.5 0    74.7 0     9.2 0   304.7 0   946.4 0
 2019   8  1  8  7 21  7.350 153.81    -2.8 0    -0.2 0    -0.1 0     0.4 0   200.5 0   268.08 0   267.80 0   284.8 0   267.63 0   267.66 0     0.0 0     0.0 0     0.0 0   -84.3 0   -84.3 0    -5.4 0    74.2 0     8.6 0   306.0 0   946.4 0
 2019   8  1  8  7 22  7.367 153.79    -2.5 0     0.0 0     0.0 0     0.4 0   200.5 0   268.08 0   267.78 0   284.2 0   267.63 0   267.64 0     0.0 0     0.0 0     0.0 0   -83.8 0   -83.8 0    -5.4 0    74.8 0     7.3 0   306.4 0   946.5 0
 2019   8  1  8  7 23  7.383 153.77    -2.4 0     0.0 0     0.0 0     0.4 0   200.6 0   268.08 0   267.78 0   284.5 0   267.63 0   267.64 0     0.0 0     0.0 0     0.0 0   -83.9 0   -83.9 0    -5.5 0    74.9 0     8.6 0   304.8 0   946.6 0
 2019   8  1  8  7 24  7.400 153.74    -2.5 0     0.0 0     0.0 0     0.4 0   200.4 0   268.08 0   267.78 0   284.3 0   267.63 0   267.63 0     0.0 0     0.0 0     0.0 0   -83.9 0   -83.9 0    -5.5 0    75.1 0     7.5 0   304.0 0   946.6 0
 2019   8  1  8  7 25  7.417 153.72    -2.5 0     0.0 0     0.0 0     0.4 0   200.6 0   268.08 0   267.78 0   284.5 0   267.63 0   267.63 0     0.0 0     0.0 0     0.0 0   -83.9 0   -83.9 0    -5.5 0    75.1 0     8.6 0   302.4 0   946.6 0
 2019   8  1  8  7 26  7.433 153.69    -2.5 0     0.0 0     0.0 0     0.4 0   200.6 0   268.08 0   267.77 0   284.6 0   267.63 0   267.64 0     0.0 0     0.0 0     0.0 0   -84.0 0   -84.0 0    -5.5 0    74.9 0     8.3 0   304.4 0   946.7 0
 2019   8  1  8  7 27  7.450 153.66    -2.6 0     0.0 0     0.0 0     0.4 0   200.5 0   268.08 0   267.76 0   284.3 0   267.63 0   267.63 0     0.0 0     0.0 0     0.0 0   -83.8 0   -83.8 0    -5.5 0    75.5 0     7.7 0   301.3 0   946.7 0
 2019   8  1  8  7 28  7.467 153.63    -2.2 0     0.0 0     0.0 0     0.4 0   200.6 0   268.08 0   267.74 0   284.3 0   267.63 0   267.62 0     0.0 0     0.0 0     0.0 0   -83.7 0   -83.7 0    -5.5 0    75.7 0     7.8 0   294.6 0   946.7 0
 2019   8  1  8  7 29  7.483 153.60    -2.2 0     0.0 0     0.0 0     0.4 0   200.6 0   268.06 0   267.73 0   284.3 0   267.60 0   267.61 0     0.0 0     0.0 0     0.0 0   -83.6 0   -83.6 0    -5.6 0    75.8 0     8.1 0   301.5 0   946.8 0
 2019   8  1  8  7 30  7.500 153.57    -2.4 0     0.0 0     0.0 0     0.4 0   200.7 0   268.05 0   267.74 0   284.3 0   267.60 0   267.63 0     0.0 0     0.0 0     0.0 0   -83.6 0   -83.6 0    -5.5 0    75.5 0     8.8 0   301.0 0   946.9 0
 2019   8  1  8  7 31  7.517 153.53    -2.3 0     0.0 0     0.0 0     0.4 0   200.8 0   268.05 0   267.73 0   284.5 0   267.60 0   267.63 0     0.0 0     0.0 0     0.0 0   -83.7 0   -83.7 0    -5.5 0    75.3 0     9.4 0   295.7 0   946.9 0
 2019   8  1  8  7 32  7.533 153.50    -2.5 0     0.0 0     0.0 0     0.4 0   201.0 0   268.05 0   267.73 0   284.2 0   267.60 0   267.62 0     0.0 0     0.0 0     0.0 0   -83.2 0   -83.2 0    -5.5 0    75.6 0     8.7 0   296.7 0   947.0 0
 2019   8  1  8  7 33  7.550 153.46    -2.5 0     0.0 0     0.0 0     0.4 0   200.6 0   268.04 0   267.73 0   284.3 0   267.60 0   267.61 0     0.0 0     0.0 0     0.0 0   -83.6 0   -83.6 0    -5.5 0    75.6 0     8.4 0   296.5 0   947.0 0
 2019   8  1  8  7 34  7.567 153.42    -2.2 0     0.0 0     0.0 0     0.4 0   200.6 0   268.03 0   267.71 0   284.3 0   267.60 0   267.59 0     0.0 0     0.0 0     0.0 0   -83.8 0   -83.8 0    -5.6 0    75.7 0     8.4 0   298.0 0   947.0 0
 2019   8  1  8  7 35  7.583 153.38    -2.2 0     0.0 0     0.0 0     0.4 0   200.6 0   268.03 0   267.72 0   284.2 0   267.59 0   267.59 0     0.0 0     0.0 0     0.0 0   -83.6 0   -83.6 0    -5.6 0    75.7 0     8.6 0   296.7 0   947.1 0
 2019   8  1  8  7 36  7.600 153.34    -2.4 0     0.0 0     0.0 0     0.4 0   200.7 0   268.03 0   267.72 0   284.3 0   267.58 0   267.59 0     0.0 0     0.0 0     0.0 0   -83.6 0   -83.6 0    -5.6 0    75.4 0     9.3 0   296.5 0   947.1 0
 2019   8  1  8  7 37  7.617 153.29    -2.3 0     0.0 0     0.0 0     0.4 0   200.9 0   268.03 0   267.71 0   284.3 0   267.57 0   267.58 0     0.0 0     0.0 0     0.0 0   -83.5 0   -83.5 0    -5.6 0    75.3 0     8.8 0   294.5 0   947.1 0
 2019   8  1  8  7 38  7.633 153.25    -2.1 0     0.0 0     0.0 0     0.4 0   200.8 0   268.03 0   267.69 0   284.0 0   267.57 0   267.57 0     0.0 0     0.0 0     0.0 0   -83.2 0   -83.2 0    -5.6 0    75.7 0     8.4 0   296.0 0   947.2 0
 2019   8  1  8  7 39  7.650 153.20    -2.0 0     0.0 0     0.1 0     0.4 0   200.5 0   268.00 0   267.69 0   284.2 0   267.57 0   267.57 0     0.0 0     0.0 0     0.0 0   -83.7 0   -83.7 0    -5.6 0    75.6 0     9.6 0   292.0 0   947.2 0
 2019   8  1  8  7 40  7.667 153.15    -2.0 0     0.0 0     0.0 0     0.4 0   200.6 0   268.00 0   267.70 0   284.3 0   267.57 0   267.57 0     0.0 0     0.0 0     0.0 0   -83.7 0   -83.7 0    -5.6 0    75.5 0     8.2 0   293.9 0   947.2 0
 2019   8  1  8  7 41  7.683 153.10    -2.0 0     0.0 0     0.0 0     0.4 0   200.7 0   268.00 0   267.68 0   284.0 0   267.55 0   267.55 0     0.0 0     0.0 0     0.0 0   -83.4 0   -83.4 0    -5.6 0    75.7 0     8.8 0   296.0 0   947.2 0
 2019   8  1  8  7 42  7.700 153.05    -2.0 0     0.0 0     0.2 0     0.4 0   200.3 0   267.99 0   267.67 0   283.9 0   267.54 0   267.53 0     0.0 0     0.0 0     0.0 0   -83.7 0   -83.7 0    -5.7 0    75.8 0     8.0 0   292.9 0   947.2 0
 2019   8  1  8  7 43  7.717 153.00    -2.0 0     0.0 0     0.4 0     0.4 0   200.1 0   267.98 0   267.65 0   283.9 0   267.52 0   267.52 0     0.0 0     0.0 0     0.0 0   -83.7 0   -83.7 0    -5.7 0    75.8 0     7.9 0   293.8 0   947.3 0
 2019   8  1  8  7 44  7.733 152.95    -2.0 0     0.0 0     0.4 0     0.4 0   200.4 0   267.98 0   267.63 0   283.8 0   267.51 0   267.50 0     0.0 0     0.0 0     0.0 0   -83.3 0   -83.3 0    -5.7 0    76.1 0     8.5 0   293.7 0   947.3 0
 2019   8  1  8  7 45  7.750 152.89    -2.0 0     0.0 0     0.4 0     0.4 0   200.2 0   267.96 0   267.63 0   283.9 0   267.50 0   267.48 0     0.0 0     0.0 0     0.0 0   -83.6 0   -83.6 0    -5.7 0    76.1 0     8.1 0   289.2 0   947.3 0
 2019   8  1  8  7 46  7.767 152.84    -2.0 0     0.0 0     0.1 0     0.4 0   200.5 0   267.95 0   267.63 0   283.7 0   267.48 0   267.47 0     0.0 0     0.0 0     0.0 0   -83.2 0   -83.2 0    -5.7 0    76.1 0     8.5 0   291.8 0   947.4 0
 2019   8  1  8  7 47  7.783 152.78    -2.0 0     0.0 0     0.4 0     0.4 0   200.0 0   267.93 0   267.61 0   283.7 0   267.47 0   267.46 0     0.0 0     0.0 0     0.0 0   -83.8 0   -83.8 0    -5.7 0    76.2 0     7.9 0   293.1 0   947.4 0
 2019   8  1  8  7 48  7.800 152.72    -2.0 0     0.0 0     0.4 0     0.4 0   199.9 0   267.93 0   267.58 0   283.6 0   267.46 0   267.44 0     0.0 0     0.0 0     0.0 0   -83.7 0   -83.7 0    -5.8 0    76.2 0     8.0 0   289.4 0   947.5 0
 2019   8  1  8  7 49  7.817 152.66    -2.0 0     0.0 0     0.4 0     0.4 0   199.9 0   267.90 0   267.57 0   283.7 0   267.44 0   267.42 0     0.0 0     0.0 0     0.0 0   -83.8 0   -83.8 0    -5.8 0    76.4 0     9.0 0   289.1 0   947.5 0
 2019   8  1  8  7 50  7.833 152.60    -2.0 0     0.0 0     0.4 0     0.4 0   199.9 0   267.89 0   267.57 0   283.4 0   267.42 0   267.42 0     0.0 0     0.0 0     0.0 0   -83.6 0   -83.6 0    -5.8 0    76.3 0     8.0 0   291.3 0   947.6 0
 2019   8  1  8  7 51  7.850 152.54    -2.0 0     0.0 0     0.3 0     0.4 0   199.6 0   267.88 0   267.54 0   283.4 0   267.41 0   267.39 0     0.0 0     0.0 0     0.0 0   -83.8 0   -83.8 0    -5.8 0    76.4 0     7.5 0   289.2 0   947.7 0
 2019   8  1  8  7 52  7.867 152.48    -2.0 0     0.0 0     0.2 0     0.4 0   199.9 0   267.87 0   267.54 0   284.0 0   267.40 0   267.40 0     0.0 0     0.0 0     0.0 0   -84.1 0   -84.1 0    -5.8 0    75.5 0     9.8 0   288.4 0   947.7 0
 2019   8  1  8  7 53  7.883 152.41    -2.0 0     0.0 0     0.0 0     0.4 0   199.6 0   267.85 0   267.54 0   283.7 0   267.40 0   267.40 0     0.0 0     0.0 0     0.0 0   -84.1 0   -84.1 0    -5.8 0    75.7 0     8.5 0   290.3 0   947.7 0
 2019   8  1  8  7 54  7.900 152.34    -2.0 0     0.0 0     0.0 0     0.4 0   199.9 0   267.85 0   267.55 0   284.0 0   267.40 0   267.40 0     0.0 0     0.0 0     0.0 0   -84.2 0   -84.2 0    -5.7 0    74.9 0     9.4 0   290.6 0   947.8 0
 2019   8  1  8  7 55  7.917 152.28    -2.0 0     0.0 0    -0.3 0     0.4 0   199.7 0   267.85 0   267.57 0   284.1 0   267.40 0   267.42 0     0.0 0     0.0 0     0.0 0   -84.3 0   -84.3 0    -5.7 0    74.7 0     9.9 0   293.0 0   947.8 0
 2019   8  1  8  7 56  7.933 152.21    -2.1 0     0.0 0    -0.1 0     0.4 0   199.7 0   267.87 0   267.56 0   283.7 0   267.40 0   267.39 0     0.0 0     0.0 0     0.0 0   -84.0 0   -84.0 0    -5.7 0    75.2 0     7.7 0   292.8 0   947.8 0
 2019   8  1  8  7 57  7.950 152.14    -2.0 0     0.0 0     0.3 0     0.4 0   199.4 0   267.86 0   267.53 0   283.4 0   267.39 0   267.37 0     0.0 0     0.0 0     0.0 0   -84.0 0   -84.0 0    -5.8 0    75.6 0     8.2 0   298.3 0   947.8 0
 2019   8  1  8  7 58  7.967 152.07    -2.0 0     0.0 0     0.0 0     0.4 0   199.6 0   267.85 0   267.54 0   283.5 0   267.37 0   267.40 0     0.0 0     0.0 0     0.0 0   -83.9 0   -83.9 0    -5.8 0    74.4 0     9.5 0   293.6 0   947.9 0
 2019   8  1  8  7 59  7.983 151.99    -2.2 0     0.0 0     0.0 0     0.4 0   199.4 0   267.85 0   267.55 0   283.5 0   267.37 0   267.39 0     0.0 0     0.0 0     0.0 0   -84.2 0   -84.2 0    -5.7 0    74.0 0     8.9 0   297.7 0   947.9 0
 2019   8  1  8  8  0  8.000 151.92    -2.1 0     0.0 0     0.0 0     0.4 0   199.4 0   267.85 0   267.52 0   283.2 0   267.37 0   267.37 0     0.0 0     0.0 0     0.0 0   -83.8 0   -83.8 0    -5.8 0    74.5 0     7.9 0   299.4 0   947.9 0
 2019   8  1  8  8  1  8.017 151.84    -2.1 0     0.0 0     0.0 0     0.4 0   199.5 0   267.84 0   267.53 0   283.7 0   267.37 0   267.38 0     0.0 0     0.0 0     0.0 0   -84.2 0   -84.2 0    -5.8 0    73.4 0     9.6 0   303.1 0   947.9 0
 2019   8  1  8  8  2  8.033 151.77    -2.5 0     0.0 0     0.0 0     0.4 0   199.5 0   267.84 0   267.55 0   283.9 0   267.37 0   267.42 0     0.0 0     0.0 0     0.0 0   -84.3 0   -84.3 0    -5.7 0    72.2 0    10.2 0   300.8 0   948.0 0
 2019   8  1  8  8  3  8.050 151.69    -2.8 0    -0.2 0     0.0 0     0.4 0   199.6 0   267.85 0   267.56 0   283.8 0   267.38 0   267.42 0     0.0 0     0.0 0     0.0 0   -84.2 0   -84.2 0    -5.7 0    71.7 0    10.0 0   303.3 0   948.0 0
 2019   8  1  8  8  4  8.067 151.61    -2.7 0    -0.1 0     0.0 0     0.4 0   199.3 0   267.85 0   267.55 0   283.4 0   267.40 0   267.41 0     0.0 0     0.0 0     0.0 0   -84.0 0   -84.0 0    -5.7 0    72.5 0     7.7 0   310.4 0   948.1 0
 2019   8  1  8  8  5  8.083 151.53    -2.3 0     0.0 0     0.0 0     0.4 0   199.0 0   267.85 0   267.52 0   283.1 0   267.39 0   267.37 0     0.0 0     0.0 0     0.0 0   -84.0 0   -84.0 0    -5.8 0    73.4 0     7.3 0   307.4 0   948.1 0
 2019   8  1  8  8  6  8.100 151.45    -2.0 0     0.0 0     0.0 0     0.4 0   199.0 0   267.84 0   267.52 0   283.1 0   267.37 0   267.37 0     0.0 0     0.0 0     0.0 0   -84.1 0   -84.1 0    -5.8 0    73.2 0     8.1 0   308.3 0   948.1 0
 2019   8  1  8  8  7  8.117 151.37    -2.1 0     0.0 0     0.0 0     0.4 0   198.8 0   267.83 0   267.50 0   283.1 0   267.37 0   267.36 0     0.0 0     0.0 0     0.0 0   -84.3 0   -84.3 0    -5.8 0    73.1 0     7.6 0   307.7 0   948.2 0
 2019   8  1  8  8  8  8.133 151.29    -2.3 0     0.0 0     0.4 0     0.4 0   198.7 0   267.83 0   267.48 0   283.0 0   267.36 0   267.34 0     0.0 0     0.0 0     0.0 0   -84.3 0   -84.3 0    -5.9 0    73.3 0     7.4 0   309.4 0   948.2 0
 2019   8  1  8  8  9  8.150 151.20    -2.0 0     0.0 0     0.3 0     0.4 0   198.7 0   267.81 0   267.47 0   283.0 0   267.33 0   267.33 0     0.0 0     0.0 0     0.0 0   -84.3 0   -84.3 0    -5.9 0    73.1 0     9.1 0   310.3 0   948.2 0
 2019   8  1  8  8 10  8.167 151.12    -2.1 0     0.0 0     0.0 0     0.4 0   198.8 0   267.80 0   267.48 0   283.2 0   267.32 0   267.34 0     0.0 0     0.0 0     0.0 0   -84.4 0   -84.4 0    -5.9 0    72.4 0     8.8 0   312.4 0   948.2 0
 2019   8  1  8  8 11  8.183 151.03    -2.3 0     0.0 0     0.0 0     0.4 0   198.4 0   267.80 0   267.47 0   282.9 0   267.32 0   267.32 0     0.0 0     0.0 0     0.0 0   -84.5 0   -84.5 0    -5.9 0    73.0 0     6.9 0   311.8 0   948.3 0
 2019   8  1  8  8 12  8.200 150.94    -2.0 0     0.0 0     0.4 0     0.4 0   197.9 0   267.78 0   267.43 0   282.8 0   267.31 0   267.29 0     0.0 0     0.0 0     0.0 0   -84.8 0   -84.8 0    -5.9 0    73.4 0     7.8 0   310.7 0   948.3 0
 2019   8  1  8  8 13  8.217 150.85    -2.0 0     0.0 0     0.4 0     0.4 0   198.1 0   267.77 0   267.42 0   282.8 0   267.29 0   267.28 0     0.0 0     0.0 0     0.0 0   -84.7 0   -84.7 0    -6.0 0    73.1 0     7.7 0   309.9 0   948.3 0
 2019   8  1  8  8 14  8.233 150.76    -2.0 0     0.0 0     0.2 0     0.4 0   197.8 0   267.75 0   267.42 0   282.7 0   267.27 0   267.27 0     0.0 0     0.0 0     0.0 0   -84.8 0   -84.8 0    -6.0 0    73.0 0     8.3 0   302.4 0   948.4 0
 2019   8  1  8  8 15  8.250 150.67    -2.0 0     0.0 0     0.3 0     0.4 0   197.8 0   267.74 0   267.39 0   282.6 0   267.27 0   267.23 0     0.0 0     0.0 0     0.0 0   -84.8 0   -84.8 0    -6.0 0    73.5 0     7.5 0   308.6 0   948.4 0
 2019   8  1  8  8 16  8.267 150.58    -2.0 0     0.0 0     0.1 0     0.4 0   197.8 0   267.73 0   267.39 0   282.9 0   267.25 0   267.23 0     0.0 0     0.0 0     0.0 0   -85.1 0   -85.1 0    -6.0 0    72.3 0    10.0 0   304.9 0   948.4 0
 2019   8  1  8  8 17  8.283 150.49    -2.0 0     0.0 0     0.0 0     0.4 0   197.8 0   267.72 0   267.37 0   282.7 0   267.22 0   267.22 0     0.0 0     0.0 0     0.0 0   -84.9 0   -84.9 0    -6.0 0    72.2 0     9.5 0   307.3 0   948.5 0
 2019   8  1  8  8 18  8.300 150.39    -2.0 0     0.0 0     0.0 0     0.4 0   197.3 0   267.70 0   267.37 0   282.8 0   267.22 0   267.21 0     0.0 0     0.0 0     0.0 0   -85.5 0   -85.5 0    -6.0 0    71.7 0     9.6 0   311.2 0   948.5 0
 2019   8  1  8  8 19  8.317 150.30    -2.0 0     0.0 0     0.1 0     0.4 0   197.3 0   267.70 0   267.36 0   282.5 0   267.20 0   267.18 0     0.0 0     0.0 0     0.0 0   -85.1 0   -85.1 0    -6.1 0    71.9 0     8.0 0   312.5 0   948.5 0
 2019   8  1  8  8 20  8.333 150.20    -2.0 0     0.0 0     0.3 0     0.4 0   197.1 0   267.68 0   267.33 0   282.1 0   267.18 0   267.16 0     0.0 0     0.0 0     0.0 0   -85.0 0   -85.0 0    -6.1 0    72.0 0     7.8 0   311.3 0   948.6 0
 2019   8  1  8  8 21  8.350 150.11    -2.0 0     0.1 0     0.4 0     0.4 0   197.0 0   267.67 0   267.30 0   282.1 0   267.16 0   267.12 0     0.0 0     0.0 0     0.0 0   -85.0 0   -85.0 0    -6.2 0    72.1 0     7.7 0   312.1 0   948.6 0
 2019   8  1  8  8 22  8.367 150.01    -2.0 0     0.3 0     0.4 0     0.4 0   196.7 0   267.64 0   267.27 0   281.9 0   267.13 0   267.08 0     0.0 0     0.0 0     0.0 0   -85.2 0   -85.2 0    -6.2 0    72.1 0     8.2 0   312.9 0   948.7 0
 2019   8  1  8  8 23  8.383 149.91    -2.0 0     0.4 0     0.4 0     0.4 0   196.6 0   267.62 0   267.24 0   281.9 0   267.10 0   267.07 0     0.0 0     0.0 0     0.0 0   -85.3 0   -85.3 0    -6.3 0    71.1 0     9.2 0   312.2 0   948.7 0
 2019   8  1  8  8 24  8.400 149.81    -2.0 0     0.1 0     0.3 0     0.4 0   196.6 0   267.59 0   267.23 0   282.2 0   267.07 0   267.07 0     0.0 0     0.0 0     0.0 0   -85.7 0   -85.7 0    -6.2 0    68.6 0    11.8 0   306.4 0   948.7 0
 2019   8  1  8  8 25  8.417 149.71    -2.0 0     0.0 0     0.3 0     0.4 0   196.3 0   267.58 0   267.22 0   282.2 0   267.06 0   267.03 0     0.0 0     0.0 0     0.0 0   -85.9 0   -85.9 0    -6.2 0    68.9 0    10.4 0   305.7 0   948.8 0
 2019   8  1  8  8 26  8.433 149.61    -2.0 0     0.0 0     0.1 0     0.4 0   196.2 0   267.56 0   267.21 0   281.9 0   267.03 0   267.01 0     0.0 0     0.0 0     0.0 0   -85.7 0   -85.7 0    -6.3 0    68.0 0    10.3 0   307.1 0   948.8 0
 2019   8  1  8  8 27  8.450 149.50    -2.0 0     0.0 0     0.1 0     0.4 0   196.3 0   267.55 0   267.19 0   282.2 0   267.02 0   267.00 0     0.0 0     0.0 0     0.0 0   -85.9 0   -85.9 0    -6.3 0    66.9 0    12.7 0   305.5 0   948.8 0
 2019   8  1  8  8 28  8.467 149.40    -2.0 0     0.0 0     0.2 0     0.4 0   195.9 0   267.53 0   267.17 0   281.9 0   266.99 0   266.98 0     0.0 0     0.0 0     0.0 0   -85.9 0   -85.9 0    -6.3 0    66.3 0    11.6 0   304.5 0   948.8 0
 2019   8  1  8  8 29  8.483 149.30    -2.0 0     0.0 0     0.0 0     0.4 0   195.8 0   267.52 0   267.16 0   281.8 0   266.97 0   266.96 0     0.0 0     0.0 0     0.0 0   -86.0 0   -86.0 0    -6.3 0    65.5 0    12.6 0   303.9 0   948.9 0
 2019   8  1  8  8 30  8.500 149.19    -2.0 0     0.4 0     0.3 0     0.4 0   195.5 0   267.50 0   267.12 0   281.7 0   266.96 0   266.91 0     0.0 0     0.0 0     0.0 0   -86.1 0   -86.1 0    -6.4 0    67.1 0    10.5 0   312.3 0   948.9 0
 2019   8  1  8  8 31  8.517 149.08    -2.0 0     0.5 0     0.4 0     0.4 0   195.4 0   267.47 0   267.10 0   281.6 0   266.93 0   266.89 0     0.0 0     0.0 0     0.0 0   -86.2 0   -86.2 0    -6.4 0    65.2 0    12.7 0   306.1 0   949.0 0
 2019   8  1  8  8 32  8.533 148.98    -2.0 0     0.3 0     0.4 0     0.4 0   195.4 0   267.46 0   267.08 0   281.7 0   266.90 0   266.88 0     0.0 0     0.0 0     0.0 0   -86.3 0   -86.3 0    -6.4 0    64.7 0    13.4 0   306.6 0   949.0 0
 2019   8  1  8  8 33  8.550 148.87    -2.0 0     0.4 0     0.4 0     0.4 0   195.1 0   267.43 0   267.06 0   281.3 0   266.88 0   266.85 0     0.0 0     0.0 0     0.0 0   -86.3 0   -86.3 0    -6.5 0    66.0 0    12.0 0   313.3 0   949.1 0
 2019   8  1  8  8 34  8.567 148.76    -2.0 0     0.5 0     0.4 0     0.4 0   195.1 0   267.41 0   267.02 0   281.5 0   266.86 0   266.82 0     0.0 0     0.0 0     0.0 0   -86.3 0   -86.3 0    -6.5 0    65.9 0    12.7 0   311.5 0   949.1 0
 2019   8  1  8  8 35  8.583 148.65    -2.0 0     0.5 0     0.4 0     0.4 0   194.9 0   267.38 0   267.00 0   281.2 0   266.82 0   266.80 0     0.0 0     0.0 0     0.0 0   -86.3 0   -86.3 0    -6.5 0    65.9 0    11.1 0   309.0 0   949.2 0
 2019   8  1  8  8 36  8.600 148.54    -2.0 0     0.7 0     0.4 0     0.4 0   195.0 0   267.36 0   266.97 0   281.2 0   266.80 0   266.76 0     0.0 0     0.0 0     0.0 0   -86.2 0   -86.2 0    -6.6 0    65.7 0    10.9 0   306.8 0   949.1 0
 2019   8  1  8  8 37  8.617 148.43    -2.0 0     0.7 0     0.4 0     0.4 0   194.6 0   267.33 0   266.96 0   281.1 0   266.77 0   266.74 0     0.0 0     0.0 0     0.0 0   -86.5 0   -86.5 0    -6.6 0    65.1 0    13.3 0   307.8 0   949.1 0
 2019   8  1  8  8 38  8.633 148.31    -2.0 0     0.4 0     0.1 0     0.4 0   194.8 0   267.31 0   266.94 0   281.2 0   266.75 0   266.72 0     0.0 0     0.0 0     0.0 0   -86.4 0   -86.4 0    -6.6 0    64.9 0    12.0 0   305.6 0   949.1 0
 2019   8  1  8  8 39  8.650 148.20    -2.0 0     0.5 0     0.3 0     0.4 0   194.7 0   267.28 0   266.91 0   280.8 0   266.72 0   266.69 0     0.0 0     0.0 0     0.0 0   -86.1 0   -86.1 0    -6.6 0    65.7 0    10.4 0   305.8 0   949.2 0
 2019   8  1  8  8 40  8.667 148.09    -2.0 0     0.8 0     0.3 0     0.4 0   195.0 0   267.27 0   266.89 0   280.8 0   266.70 0   266.66 0     0.0 0     0.0 0     0.0 0   -85.9 0   -85.9 0    -6.7 0    65.9 0    11.5 0   307.2 0   949.2 0
 2019   8  1  8  8 41  8.683 147.97    -2.0 0     0.6 0     0.4 0     0.4 0   194.7 0   267.23 0   266.85 0   280.5 0   266.67 0   266.63 0     0.0 0     0.0 0     0.0 0   -85.8 0   -85.8 0    -6.7 0    66.2 0     9.8 0   306.2 0   949.2 0
 2019   8  1  8  8 42  8.700 147.86    -2.0 0     0.8 0     0.4 0     0.4 0   194.6 0   267.21 0   266.81 0   280.4 0   266.64 0   266.59 0     0.0 0     0.0 0     0.0 0   -85.8 0   -85.8 0    -6.8 0    66.6 0    10.5 0   309.2 0   949.3 0
 2019   8  1  8  8 43  8.717 147.74    -2.0 0     0.8 0     0.4 0     0.4 0   194.6 0   267.17 0   266.79 0   280.6 0   266.60 0   266.56 0     0.0 0     0.0 0     0.0 0   -86.0 0   -86.0 0    -6.8 0    66.2 0    11.1 0   308.1 0   949.3 0
 2019   8  1  8  8 44  8.733 147.62    -2.0 0     0.8 0     0.4 0     0.4 0   194.7 0   267.15 0   266.76 0   280.1 0   266.57 0   266.52 0     0.0 0     0.0 0     0.0 0   -85.4 0   -85.4 0    -6.8 0    67.2 0     8.6 0   304.6 0   949.3 0
 2019   8  1  8  8 45  8.750 147.51    -2.0 0     0.8 0     0.4 0     0.4 0   194.6 0   267.11 0   266.72 0   280.2 0   266.54 0   266.49 0     0.0 0     0.0 0     0.0 0   -85.6 0   -85.6 0    -6.9 0    67.6 0     9.3 0   307.7 0   949.4 0
 2019   8  1  8  8 46  8.767 147.39    -2.0 0     0.8 0     0.4 0     0.4 0   194.5 0   267.08 0   266.70 0   280.1 0   266.50 0   266.46 0     0.0 0     0.0 0     0.0 0   -85.6 0   -85.6 0    -6.9 0    67.4 0     9.7 0   307.9 0   949.4 0
 2019   8  1  8  8 47  8.783 147.27    -2.0 0     0.8 0     0.4 0     0.4 0   194.9 0   267.06 0   266.68 0   280.1 0   266.47 0   266.45 0     0.0 0     0.0 0     0.0 0   -85.2 0   -85.2 0    -6.9 0    67.2 0    10.4 0   308.1 0   949.4 0
 2019   8  1  8  8 48  8.800 147.15    -2.0 0     0.8 0     0.4 0     0.4 0   194.7 0   267.02 0   266.65 0   280.0 0   266.45 0   266.41 0     0.0 0     0.0 0     0.0 0   -85.4 0   -85.4 0    -6.9 0    68.0 0     9.1 0   306.2 0   949.5 0
 2019   8  1  8  8 49  8.817 147.03    -2.0 0     0.7 0     0.3 0     0.4 0   194.9 0   267.00 0   266.62 0   280.0 0   266.41 0   266.38 0     0.0 0     0.0 0     0.0 0   -85.1 0   -85.1 0    -7.0 0    67.7 0    10.2 0   306.7 0   949.4 0
 2019   8  1  8  8 50  8.833 146.90    -2.0 0     0.2 0     0.0 0     0.4 0   195.1 0   266.97 0   266.61 0   280.4 0   266.40 0   266.39 0     0.0 0     0.0 0     0.0 0   -85.3 0   -85.3 0    -6.9 0    66.7 0    12.7 0   307.0 0   949.4 0
 2019   8  1  8  8 51  8.850 146.78    -2.0 0     0.0 0     0.0 0     0.4 0   195.2 0   266.96 0   266.60 0   280.0 0   266.37 0   266.37 0     0.0 0     0.0 0     0.0 0   -84.8 0   -84.8 0    -6.9 0    67.1 0     9.6 0   308.1 0   949.5 0
 2019   8  1  8  8 52  8.867 146.66    -2.0 0     0.2 0     0.1 0     0.4 0   195.1 0   266.94 0   266.56 0   279.6 0   266.36 0   266.33 0     0.0 0     0.0 0     0.0 0   -84.4 0   -84.4 0    -7.0 0    68.1 0     8.2 0   308.1 0   949.5 0
 2019   8  1  8  8 53  8.883 146.54    -2.0 0     0.4 0     0.2 0     0.4 0   195.0 0   266.91 0   266.55 0   280.0 0   266.34 0   266.30 0     0.0 0     0.0 0     0.0 0   -85.0 0   -85.0 0    -7.0 0    67.8 0    11.1 0   308.0 0   949.5 0
 2019   8  1  8  8 54  8.900 146.41    -2.0 0     0.0 0     0.0 0     0.4 0   195.0 0   266.89 0   266.55 0   280.0 0   266.31 0   266.30 0     0.0 0     0.0 0     0.0 0   -85.0 0   -85.0 0    -7.0 0    67.5 0    10.6 0   306.4 0   949.6 0
 2019   8  1  8  8 55  8.917 146.29    -2.0 0     0.0 0     0.0 0     0.4 0   195.1 0   266.87 0   266.52 0   279.7 0   266.30 0   266.28 0     0.0 0     0.0 0     0.0 0   -84.6 0   -84.6 0    -7.0 0    67.9 0     9.3 0   308.6 0   949.8 0
 2019   8  1  8  8 56  8.933 146.16    -2.0 0     0.0 0     0.2 0     0.4 0   195.1 0   266.85 0   266.49 0   279.6 0   266.28 0   266.25 0     0.0 0     0.0 0     0.0 0   -84.5 0   -84.5 0    -7.0 0    68.4 0     9.2 0   306.1 0   949.8 0
 2019   8  1  8  8 57  8.950 146.03    -2.0 0     0.2 0     0.3 0     0.4 0   194.9 0   266.83 0   266.46 0   279.4 0   266.25 0   266.23 0     0.0 0     0.0 0     0.0 0   -84.5 0   -84.5 0    -7.1 0    68.8 0     9.1 0   309.2 0   949.9 0
 2019   8  1  8  8 58  8.967 145.91    -2.0 0     0.1 0     0.4 0     0.4 0   194.6 0   266.80 0   266.45 0   279.7 0   266.24 0   266.22 0     0.0 0     0.0 0     0.0 0   -85.1 0   -85.1 0    -7.1 0    68.1 0    10.1 0   304.9 0   950.0 0
 2019   8  1  8  8 59  8.983 145.78    -2.0 0     0.0 0     0.2 0     0.4 0   194.6 0   266.79 0   266.43 0   279.5 0   266.21 0   266.20 0     0.0 0     0.0 0     0.0 0   -84.9 0   -84.9 0    -7.1 0    68.7 0     9.3 0   308.0 0   950.1 0
 2019   8  1  8  9  0  9.000 145.65    -2.0 0     0.0 0     0.4 0     0.4 0   194.5 0   266.76 0   266.40 0   279.3 0   266.19 0   266.18 0     0.0 0     0.0 0     0.0 0   -84.9 0   -84.9 0    -7.1 0    69.2 0     9.4 0   304.4 0   950.1 0
 2019   8  1  8  9  1  9.017 145.52    -2.0 0     0.0 0     0.2 0     0.4 0   194.6 0   266.75 0   266.39 0   279.5 0   266.18 0   266.17 0     0.0 0     0.0 0     0.0 0   -84.8 0   -84.8 0    -7.1 0    69.5 0     9.3 0   301.8 0   950.2 0
 2019   8  1  8  9  2  9.033 145.39    -2.0 0     0.0 0     0.2 0     0.4 0   194.6 0   266.73 0   266.37 0   279.2 0   266.16 0   266.14 0     0.0 0     0.0 0     0.0 0   -84.6 0   -84.6 0    -7.1 0    69.9 0     8.4 0   299.4 0   950.2 0
 2019   8  1  8  9  3  9.050 145.26    -2.0 0     0.1 0     0.4 0     0.4 0   194.3 0   266.70 0   266.34 0   279.0 0   266.14 0   266.11 0     0.0 0     0.0 0     0.0 0   -84.6 0   -84.6 0    -7.2 0    70.6 0     7.6 0   302.4 0   950.2 0
 2019   8  1  8  9  4  9.067 145.13    -2.0 0     0.3 0     0.4 0     0.4 0   194.2 0   266.68 0   266.31 0   279.1 0   266.12 0   266.09 0     0.0 0     0.0 0     0.0 0   -84.9 0   -84.9 0    -7.2 0    70.6 0     9.0 0   303.8 0   950.2 0
 2019   8  1  8  9  5  9.083 145.00    -2.0 0     0.0 0     0.4 0     0.4 0   193.9 0   266.66 0   266.29 0   279.1 0   266.09 0   266.09 0     0.0 0     0.0 0     0.0 0   -85.2 0   -85.2 0    -7.2 0    70.1 0     9.3 0   301.4 0   950.2 0
 2019   8  1  8  9  6  9.100 144.87    -2.0 0     0.1 0     0.4 0     0.4 0   193.9 0   266.64 0   266.27 0   279.0 0   266.08 0   266.05 0     0.0 0     0.0 0     0.0 0   -85.1 0   -85.1 0    -7.2 0    70.1 0     8.5 0   301.4 0   950.3 0
 2019   8  1  8  9  7  9.117 144.73    -2.0 0     0.3 0     0.4 0     0.4 0   193.9 0   266.61 0   266.25 0   278.9 0   266.05 0   266.04 0     0.0 0     0.0 0     0.0 0   -85.1 0   -85.1 0    -7.3 0    69.5 0     9.6 0   294.1 0   950.3 0
 2019   8  1  8  9  8  9.133 144.60    -2.0 0     0.0 0     0.1 0     0.4 0   194.0 0   266.60 0   266.25 0   279.2 0   266.04 0   266.04 0     0.0 0     0.0 0     0.0 0   -85.2 0   -85.2 0    -7.2 0    67.7 0    11.1 0   295.7 0   950.3 0
 2019   8  1  8  9  9  9.150 144.47    -2.0 0     0.0 0     0.0 0     0.4 0   193.6 0   266.58 0   266.24 0   279.3 0   266.04 0   266.04 0     0.0 0     0.0 0     0.0 0   -85.8 0   -85.8 0    -7.2 0    67.5 0    12.4 0   301.3 0   950.4 0
 2019   8  1  8  9 10  9.167 144.33    -2.0 0     0.0 0     0.0 0     0.4 0   193.6 0   266.57 0   266.24 0   279.1 0   266.02 0   266.02 0     0.0 0     0.0 0     0.0 0   -85.5 0   -85.5 0    -7.2 0    67.7 0    10.2 0   297.7 0   950.4 0
 2019   8  1  8  9 11  9.183 144.20    -2.0 0     0.0 0     0.1 0     0.4 0   193.5 0   266.56 0   266.22 0   279.1 0   266.01 0   266.00 0     0.0 0     0.0 0     0.0 0   -85.6 0   -85.6 0    -7.2 0    67.4 0    10.8 0   298.0 0   950.4 0
 2019   8  1  8  9 12  9.200 144.06    -2.0 0     0.0 0     0.2 0     0.4 0   193.4 0   266.55 0   266.19 0   278.7 0   265.99 0   265.98 0     0.0 0     0.0 0     0.0 0   -85.3 0   -85.3 0    -7.3 0    67.7 0    10.9 0   295.8 0   950.5 0
 2019   8  1  8  9 13  9.217 143.93    -2.0 0     0.0 0     0.4 0     0.4 0   193.3 0   266.54 0   266.18 0   278.8 0   265.98 0   265.96 0     0.0 0     0.0 0     0.0 0   -85.5 0   -85.5 0    -7.3 0    67.9 0     9.6 0   296.6 0   950.6 0
 2019   8  1  8  9 14  9.233 143.79    -2.0 0     0.0 0     0.4 0     0.4 0   193.2 0   266.51 0   266.16 0   278.9 0   265.96 0   265.93 0     0.0 0     0.0 0     0.0 0   -85.7 0   -85.7 0    -7.3 0    67.7 0    10.7 0   299.5 0   950.7 0
 2019   8  1  8  9 15  9.250 143.65    -2.0 0     0.0 0     0.4 0     0.4 0   193.0 0   266.49 0   266.14 0   278.3 0   265.93 0   265.93 0     0.0 0     0.0 0     0.0 0   -85.3 0   -85.3 0    -7.4 0    68.2 0     8.8 0   295.7 0   950.7 0
 2019   8  1  8  9 16  9.267 143.52    -2.0 0     0.2 0     0.4 0     0.4 0   192.9 0   266.48 0   266.11 0   278.5 0   265.93 0   265.90 0     0.0 0     0.0 0     0.0 0   -85.6 0   -85.6 0    -7.4 0    68.3 0     9.8 0   295.7 0   950.7 0
 2019   8  1  8  9 17  9.283 143.38    -2.0 0     0.0 0     0.4 0     0.4 0   192.5 0   266.45 0   266.09 0   278.4 0   265.90 0   265.88 0     0.0 0     0.0 0     0.0 0   -85.9 0   -85.9 0    -7.4 0    68.3 0     9.7 0   298.5 0   950.8 0
 2019   8  1  8  9 18  9.300 143.24    -2.0 0     0.1 0     0.1 0     0.4 0   193.0 0   266.44 0   266.08 0   278.5 0   265.88 0   265.87 0     0.0 0     0.0 0     0.0 0   -85.5 0   -85.5 0    -7.4 0    68.1 0    10.2 0   301.2 0   950.7 0
 2019   8  1  8  9 19  9.317 143.10    -2.0 0     0.0 0     0.1 0     0.4 0   193.1 0   266.42 0   266.07 0   278.5 0   265.86 0   265.84 0     0.0 0     0.0 0     0.0 0   -85.4 0   -85.4 0    -7.4 0    68.3 0     9.9 0   299.1 0   950.8 0
 2019   8  1  8  9 20  9.333 142.96    -2.0 0     0.1 0     0.3 0     0.4 0   192.9 0   266.40 0   266.04 0   278.2 0   265.84 0   265.82 0     0.0 0     0.0 0     0.0 0   -85.2 0   -85.2 0    -7.5 0    68.7 0     9.5 0   297.8 0   950.8 0
 2019   8  1  8  9 21  9.350 142.82    -2.0 0     0.2 0     0.3 0     0.4 0   192.8 0   266.39 0   266.03 0   278.4 0   265.83 0   265.81 0     0.0 0     0.0 0     0.0 0   -85.6 0   -85.6 0    -7.5 0    68.5 0    11.4 0   299.2 0   950.8 0
 2019   8  1  8  9 22  9.367 142.68    -2.0 0     0.0 0     0.0 0     0.4 0   192.6 0   266.36 0   266.03 0   278.3 0   265.80 0   265.80 0     0.0 0     0.0 0     0.0 0   -85.8 0   -85.8 0    -7.4 0    68.1 0     9.6 0   295.8 0   950.8 0
 2019   8  1  8  9 23  9.383 142.54    -2.0 0     0.0 0     0.3 0     0.4 0   192.4 0   266.34 0   265.99 0   277.9 0   265.79 0   265.76 0     0.0 0     0.0 0     0.0 0   -85.5 0   -85.5 0    -7.5 0    69.2 0     8.7 0   303.7 0   950.9 0
 2019   8  1  8  9 24  9.400 142.40    -2.0 0     0.0 0     0.4 0     0.4 0   192.7 0   266.33 0   265.96 0   278.2 0   265.78 0   265.77 0     0.0 0     0.0 0     0.0 0   -85.5 0   -85.5 0    -7.5 0    68.7 0     9.9 0   298.4 0   950.9 0
 2019   8  1  8  9 25  9.417 142.26    -2.0 0     0.0 0     0.4 0     0.4 0   192.6 0   266.31 0   265.94 0   277.9 0   265.75 0   265.73 0     0.0 0     0.0 0     0.0 0   -85.3 0   -85.3 0    -7.5 0    69.3 0     8.9 0   297.1 0   951.0 0
 2019   8  1  8  9 26  9.433 142.12    -2.0 0     0.0 0     0.2 0     0.4 0   192.7 0   266.29 0   265.93 0   278.0 0   265.73 0   265.72 0     0.0 0     0.0 0     0.0 0   -85.3 0   -85.3 0    -7.5 0    68.7 0    10.1 0   295.4 0   951.0 0
 2019   8  1  8  9 27  9.450 141.97    -2.0 0     0.0 0     0.1 0     0.4 0   192.7 0   266.27 0   265.93 0   278.1 0   265.72 0   265.72 0     0.0 0     0.0 0     0.0 0   -85.5 0   -85.5 0    -7.5 0    68.5 0    11.7 0   299.7 0   951.0 0
 2019   8  1  8  9 28  9.467 141.83    -2.0 0     0.0 0     0.0 0     0.4 0   192.8 0   266.26 0   265.93 0   278.5 0   265.72 0   265.72 0     0.0 0     0.0 0     0.0 0   -85.7 0   -85.7 0    -7.5 0    67.8 0    11.4 0   297.8 0   951.1 0
 2019   8  1  8  9 29  9.483 141.69    -2.0 0     0.0 0     0.0 0     0.4 0   192.7 0   266.26 0   265.91 0   278.1 0   265.72 0   265.72 0     0.0 0     0.0 0     0.0 0   -85.5 0   -85.5 0    -7.5 0    68.4 0    11.0 0   301.0 0   951.1 0
 2019   8  1  8  9 30  9.500 141.54    -2.0 0     0.0 0     0.0 0     0.4 0   192.8 0   266.24 0   265.89 0   278.0 0   265.70 0   265.70 0     0.0 0     0.0 0     0.0 0   -85.2 0   -85.2 0    -7.5 0    68.5 0    10.4 0   300.3 0   951.1 0
 2019   8  1  8  9 31  9.517 141.40    -2.0 0     0.0 0     0.0 0     0.4 0   192.9 0   266.23 0   265.88 0   277.9 0   265.69 0   265.67 0     0.0 0     0.0 0     0.0 0   -84.9 0   -84.9 0    -7.6 0    69.0 0    10.2 0   300.1 0   951.1 0
 2019   8  1  8  9 32  9.533 141.25    -2.0 0     0.0 0     0.0 0     0.4 0   192.7 0   266.21 0   265.88 0   278.0 0   265.67 0   265.67 0     0.0 0     0.0 0     0.0 0   -85.2 0   -85.2 0    -7.6 0    68.5 0    11.0 0   298.6 0   951.1 0
 2019   8  1  8  9 33  9.550 141.11    -2.0 0     0.0 0     0.0 0     0.4 0   192.6 0   266.21 0   265.86 0   277.9 0   265.67 0   265.66 0     0.0 0     0.0 0     0.0 0   -85.3 0   -85.3 0    -7.6 0    69.0 0     9.6 0   304.5 0   951.1 0
 2019   8  1  8  9 34  9.567 140.96    -2.0 0     0.0 0     0.1 0     0.4 0   192.2 0   266.19 0   265.84 0   277.7 0   265.65 0   265.63 0     0.0 0     0.0 0     0.0 0   -85.5 0   -85.5 0    -7.6 0    69.5 0     9.2 0   299.0 0   951.1 0
 2019   8  1  8  9 35  9.583 140.82    -2.0 0     0.0 0     0.0 0     0.4 0   192.5 0   266.18 0   265.83 0   277.6 0   265.63 0   265.62 0     0.0 0     0.0 0     0.0 0   -85.1 0   -85.1 0    -7.6 0    69.3 0     9.5 0   303.6 0   951.2 0
 2019   8  1  8  9 36  9.600 140.67    -2.0 0     0.0 0     0.0 0     0.4 0   192.3 0   266.16 0   265.82 0   277.5 0   265.62 0   265.60 0     0.0 0     0.0 0     0.0 0   -85.2 0   -85.2 0    -7.7 0    69.7 0     8.9 0   302.0 0   951.1 0
 2019   8  1  8  9 37  9.617 140.52    -2.0 0     0.0 0     0.0 0     0.4 0   192.4 0   266.14 0   265.80 0   277.7 0   265.61 0   265.60 0     0.0 0     0.0 0     0.0 0   -85.4 0   -85.4 0    -7.7 0    69.4 0    10.4 0   304.1 0   951.1 0
 2019   8  1  8  9 38  9.633 140.38    -2.0 0     0.0 0     0.0 0     0.4 0   192.5 0   266.13 0   265.80 0   277.7 0   265.60 0   265.59 0     0.0 0     0.0 0     0.0 0   -85.2 0   -85.2 0    -7.7 0    69.3 0     9.8 0   302.4 0   951.2 0
 2019   8  1  8  9 39  9.650 140.23    -2.0 0     0.0 0     0.0 0     0.4 0   192.8 0   266.13 0   265.78 0   277.5 0   265.58 0   265.57 0     0.0 0     0.0 0     0.0 0   -84.7 0   -84.7 0    -7.7 0    69.4 0    10.0 0   301.1 0   951.2 0
 2019   8  1  8  9 40  9.667 140.08    -2.0 0     0.0 0     0.0 0     0.4 0   192.3 0   266.11 0   265.78 0   277.5 0   265.57 0   265.57 0     0.0 0     0.0 0     0.0 0   -85.2 0   -85.2 0    -7.7 0    69.3 0     8.8 0   303.1 0   951.2 0
 2019   8  1  8  9 41  9.683 139.93    -2.0 0     0.0 0     0.0 0     0.4 0   192.3 0   266.10 0   265.75 0   277.4 0   265.56 0   265.53 0     0.0 0     0.0 0     0.0 0   -85.1 0   -85.1 0    -7.7 0    70.0 0     9.1 0   304.1 0   951.1 0
 2019   8  1  8  9 42  9.700 139.78    -2.0 0     0.0 0     0.0 0     0.4 0   192.3 0   266.08 0   265.74 0   277.4 0   265.54 0   265.53 0     0.0 0     0.0 0     0.0 0   -85.2 0   -85.2 0    -7.7 0    69.4 0     9.8 0   301.4 0   951.1 0
 2019   8  1  8  9 43  9.717 139.63    -2.0 0     0.0 0     0.2 0     0.4 0   192.3 0   266.07 0   265.72 0   277.3 0   265.52 0   265.52 0     0.0 0     0.0 0     0.0 0   -85.0 0   -85.0 0    -7.7 0    69.7 0     9.5 0   307.0 0   951.2 0
 2019   8  1  8  9 44  9.733 139.48    -2.0 0     0.0 0     0.1 0     0.4 0   192.3 0   266.06 0   265.72 0   277.4 0   265.52 0   265.52 0     0.0 0     0.0 0     0.0 0   -85.1 0   -85.1 0    -7.7 0    69.6 0    10.6 0   305.3 0   951.2 0
 2019   8  1  8  9 45  9.750 139.33    -2.0 0     0.0 0     0.0 0     0.4 0   192.3 0   266.03 0   265.72 0   277.6 0   265.52 0   265.52 0     0.0 0     0.0 0     0.0 0   -85.3 0   -85.3 0    -7.7 0    69.1 0    10.0 0   301.3 0   951.2 0
 2019   8  1  8  9 46  9.767 139.18    -2.0 0     0.0 0     0.0 0     0.4 0   192.4 0   266.03 0   265.70 0   277.4 0   265.51 0   265.51 0     0.0 0     0.0 0     0.0 0   -85.0 0   -85.0 0    -7.7 0    69.5 0    10.3 0   304.1 0   951.2 0
 2019   8  1  8  9 47  9.783 139.03    -2.0 0     0.0 0     0.0 0     0.4 0   192.3 0   266.03 0   265.68 0   277.3 0   265.49 0   265.50 0     0.0 0     0.0 0     0.0 0   -85.0 0   -85.0 0    -7.7 0    69.4 0    10.2 0   301.7 0   951.3 0
 2019   8  1  8  9 48  9.800 138.88    -2.0 0     0.0 0     0.0 0     0.4 0   192.0 0   266.01 0   265.67 0   277.3 0   265.49 0   265.48 0     0.0 0     0.0 0     0.0 0   -85.3 0   -85.3 0    -7.8 0    69.9 0     9.1 0   301.8 0   951.3 0
 2019   8  1  8  9 49  9.817 138.73    -2.0 0     0.0 0     0.0 0     0.4 0   192.3 0   266.00 0   265.67 0   277.1 0   265.47 0   265.49 0     0.0 0     0.0 0     0.0 0   -84.9 0   -84.9 0    -7.7 0    69.4 0    11.1 0   302.7 0   951.4 0
 2019   8  1  8  9 50  9.833 138.58    -2.0 0     0.0 0     0.0 0     0.4 0   192.1 0   265.98 0   265.67 0   277.3 0   265.47 0   265.49 0     0.0 0     0.0 0     0.0 0   -85.2 0   -85.2 0    -7.7 0    69.2 0    11.1 0   298.4 0   951.4 0
 2019   8  1  8  9 51  9.850 138.43    -2.0 0     0.0 0     0.0 0     0.4 0   191.9 0   265.98 0   265.67 0   277.1 0   265.47 0   265.47 0     0.0 0     0.0 0     0.0 0   -85.2 0   -85.2 0    -7.7 0    70.0 0     9.2 0   300.6 0   951.5 0
 2019   8  1  8  9 52  9.867 138.28    -2.0 0     0.0 0     0.0 0     0.4 0   192.0 0   265.98 0   265.65 0   277.2 0   265.47 0   265.46 0     0.0 0     0.0 0     0.0 0   -85.2 0   -85.2 0    -7.8 0    70.1 0    10.1 0   301.2 0   951.5 0
 2019   8  1  8  9 53  9.883 138.12    -2.0 0     0.0 0     0.0 0     0.4 0   192.3 0   265.98 0   265.65 0   277.2 0   265.45 0   265.45 0     0.0 0     0.0 0     0.0 0   -84.9 0   -84.9 0    -7.8 0    69.8 0    10.1 0   299.4 0   951.5 0
 2019   8  1  8  9 54  9.900 137.97    -2.0 0     0.0 0     0.0 0     0.4 0   192.1 0   265.97 0   265.63 0   276.9 0   265.44 0   265.44 0     0.0 0     0.0 0     0.0 0   -84.8 0   -84.8 0    -7.8 0    70.4 0     9.2 0   299.9 0   951.5 0
 2019   8  1  8  9 55  9.917 137.82    -2.0 0     0.0 0     0.0 0     0.4 0   192.0 0   265.95 0   265.62 0   277.0 0   265.43 0   265.42 0     0.0 0     0.0 0     0.0 0   -85.1 0   -85.1 0    -7.8 0    70.4 0     9.2 0   298.8 0   951.6 0
 2019   8  1  8  9 56  9.933 137.67    -2.0 0     0.0 0     0.0 0     0.4 0   191.9 0   265.94 0   265.62 0   277.0 0   265.42 0   265.42 0     0.0 0     0.0 0     0.0 0   -85.1 0   -85.1 0    -7.8 0    70.3 0    10.3 0   298.6 0   951.6 0
 2019   8  1  8  9 57  9.950 137.51    -2.0 0     0.0 0     0.0 0     0.4 0   191.8 0   265.93 0   265.62 0   277.0 0   265.41 0   265.41 0     0.0 0     0.0 0     0.0 0   -85.2 0   -85.2 0    -7.8 0    70.4 0     9.4 0   299.9 0   951.6 0
 2019   8  1  8  9 58  9.967 137.36    -2.0 0     0.0 0     0.0 0     0.4 0   191.8 0   265.93 0   265.61 0   277.0 0   265.40 0   265.39 0     0.0 0     0.0 0     0.0 0   -85.2 0   -85.2 0    -7.9 0    70.6 0     9.1 0   301.0 0   951.6 0
 2019   8  1  8  9 59  9.983 137.20    -2.0 0     0.0 0     0.0 0     0.4 0   192.0 0   265.93 0   265.60 0   276.9 0   265.39 0   265.39 0     0.0 0     0.0 0     0.0 0   -84.9 0   -84.9 0    -7.9 0    70.4 0     9.4 0   299.4 0   951.6 0
 2019   8  1  8 10  0 10.000 137.05    -2.0 0     0.0 0     0.1 0     0.4 0   191.9 0   265.93 0   265.58 0   276.5 0   265.37 0   265.37 0     0.0 0     0.0 0     0.0 0   -84.6 0   -84.6 0    -7.9 0    71.1 0     7.6 0   300.1 0   951.6 0
 2019   8  1  8 10  1 10.017 136.90    -2.0 0     0.0 0     0.4 0     0.4 0   191.6 0   265.90 0   265.56 0   276.5 0   265.36 0   265.33 0     0.0 0     0.0 0     0.0 0   -84.9 0   -84.9 0    -8.0 0    71.7 0     7.2 0   298.2 0   951.6 0
 2019   8  1  8 10  2 10.033 136.74    -2.0 0     0.0 0     0.3 0     0.4 0   191.8 0   265.88 0   265.54 0   276.6 0   265.34 0   265.32 0     0.0 0     0.0 0     0.0 0   -84.8 0   -84.8 0    -8.0 0    71.3 0     8.8 0   299.8 0   951.6 0
 2019   8  1  8 10  3 10.050 136.59    -2.0 0     0.0 0     0.0 0     0.4 0   192.0 0   265.88 0   265.54 0   276.7 0   265.31 0   265.32 0     0.0 0     0.0 0     0.0 0   -84.8 0   -84.8 0    -7.9 0    70.8 0     8.6 0   300.3 0   951.7 0
 2019   8  1  8 10  4 10.067 136.43    -2.0 0     0.0 0     0.0 0     0.4 0   192.1 0   265.88 0   265.54 0   276.9 0   265.31 0   265.33 0     0.0 0     0.0 0     0.0 0   -84.8 0   -84.8 0    -7.9 0    70.3 0    10.4 0   303.4 0   951.7 0
 2019   8  1  8 10  5 10.083 136.27    -2.0 0     0.0 0     0.0 0     0.4 0   192.1 0   265.87 0   265.54 0   276.8 0   265.31 0   265.33 0     0.0 0     0.0 0     0.0 0   -84.6 0   -84.6 0    -7.9 0    70.3 0     9.4 0   298.5 0   951.7 0
 2019   8  1  8 10  6 10.100 136.12    -2.0 0     0.0 0     0.0 0     0.4 0   192.0 0   265.85 0   265.52 0   276.7 0   265.31 0   265.33 0     0.0 0     0.0 0     0.0 0   -84.7 0   -84.7 0    -7.9 0    70.4 0     9.1 0   307.4 0   951.8 0
 2019   8  1  8 10  7 10.117 135.96    -2.0 0     0.0 0     0.0 0     0.4 0   191.9 0   265.85 0   265.52 0   276.4 0   265.31 0   265.31 0     0.0 0     0.0 0     0.0 0   -84.5 0   -84.5 0    -7.9 0    71.1 0     8.3 0   304.9 0   951.8 0
 2019   8  1  8 10  8 10.133 135.81    -2.0 0     0.0 0     0.0 0     0.4 0   191.5 0   265.84 0   265.52 0   276.7 0   265.31 0   265.31 0     0.0 0     0.0 0     0.0 0   -85.2 0   -85.2 0    -7.9 0    70.6 0     8.8 0   303.6 0   951.8 0
 2019   8  1  8 10  9 10.150 135.65    -2.0 0     0.0 0     0.0 0     0.4 0   191.6 0   265.83 0   265.52 0   276.7 0   265.30 0   265.30 0     0.0 0     0.0 0     0.0 0   -85.1 0   -85.1 0    -7.9 0    71.1 0     8.8 0   300.6 0   951.8 0
 2019   8  1  8 10 10 10.167 135.49    -2.0 0     0.0 0     0.0 0     0.4 0   191.7 0   265.83 0   265.52 0   276.5 0   265.29 0   265.31 0     0.0 0     0.0 0     0.0 0   -84.8 0   -84.8 0    -7.9 0    70.7 0     9.2 0   299.2 0   951.8 0
 2019   8  1  8 10 11 10.183 135.34    -2.0 0     0.0 0     0.0 0     0.4 0   191.6 0   265.83 0   265.50 0   276.3 0   265.29 0   265.28 0     0.0 0     0.0 0     0.0 0   -84.7 0   -84.7 0    -7.9 0    71.0 0     7.8 0   302.3 0   951.8 0
 2019   8  1  8 10 12 10.200 135.18    -2.0 0     0.0 0     0.0 0     0.4 0   191.7 0   265.82 0   265.49 0   276.4 0   265.28 0   265.28 0     0.0 0     0.0 0     0.0 0   -84.7 0   -84.7 0    -7.9 0    70.8 0     8.6 0   299.9 0   951.8 0
 2019   8  1  8 10 13 10.217 135.02    -2.0 0     0.0 0     0.0 0     0.4 0   191.7 0   265.81 0   265.48 0   276.3 0   265.26 0   265.28 0     0.0 0     0.0 0     0.0 0   -84.6 0   -84.6 0    -7.9 0    70.8 0     8.8 0   304.7 0   951.8 0
 2019   8  1  8 10 14 10.233 134.86    -2.0 0     0.0 0     0.0 0     0.4 0   191.8 0   265.80 0   265.47 0   276.4 0   265.26 0   265.28 0     0.0 0     0.0 0     0.0 0   -84.6 0   -84.6 0    -7.9 0    70.6 0     9.4 0   300.0 0   951.8 0
 2019   8  1  8 10 15 10.250 134.71    -2.0 0     0.0 0     0.0 0     0.4 0   191.8 0   265.80 0   265.46 0   276.5 0   265.26 0   265.28 0     0.0 0     0.0 0     0.0 0   -84.7 0   -84.7 0    -7.9 0    70.3 0     8.7 0   299.4 0   951.9 0
 2019   8  1  8 10 16 10.267 134.55    -2.0 0     0.0 0     0.0 0     0.4 0   191.4 0   265.78 0   265.46 0   276.4 0   265.26 0   265.26 0     0.0 0     0.0 0     0.0 0   -84.9 0   -84.9 0    -7.9 0    70.7 0     8.4 0   298.0 0   951.8 0
 2019   8  1  8 10 17 10.283 134.39    -2.0 0     0.0 0     0.0 0     0.4 0   191.5 0   265.77 0   265.45 0   276.3 0   265.26 0   265.26 0     0.0 0     0.0 0     0.0 0   -84.8 0   -84.8 0    -7.9 0    70.9 0     8.8 0   302.3 0   951.8 0
 2019   8  1  8 10 18 10.300 134.23    -2.0 0     0.0 0     0.0 0     0.4 0   191.7 0   265.77 0   265.46 0   276.6 0   265.26 0   265.26 0     0.0 0     0.0 0     0.0 0   -84.9 0   -84.9 0    -7.9 0    70.5 0     8.9 0   300.1 0   951.8 0
 2019   8  1  8 10 19 10.317 134.07    -2.0 0     0.0 0     0.0 0     0.4 0   191.4 0   265.77 0   265.46 0   276.7 0   265.26 0   265.26 0     0.0 0     0.0 0     0.0 0   -85.3 0   -85.3 0    -7.9 0    70.6 0     9.6 0   296.1 0   951.8 0
 2019   8  1  8 10 20 10.333 133.91    -2.0 0     0.0 0     0.0 0     0.4 0   191.5 0   265.77 0   265.46 0   276.9 0   265.26 0   265.26 0     0.0 0     0.0 0     0.0 0   -85.4 0   -85.4 0    -7.9 0    70.2 0    10.2 0   298.8 0   951.9 0
 2019   8  1  8 10 21 10.350 133.75    -2.0 0     0.0 0     0.0 0     0.4 0   191.7 0   265.77 0   265.46 0   276.7 0   265.26 0   265.27 0     0.0 0     0.0 0     0.0 0   -85.0 0   -85.0 0    -7.9 0    70.0 0     9.2 0   297.7 0   951.9 0
 2019   8  1  8 10 22 10.367 133.59    -2.0 0     0.0 0     0.0 0     0.4 0   191.8 0   265.77 0   265.45 0   276.6 0   265.26 0   265.26 0     0.0 0     0.0 0     0.0 0   -84.8 0   -84.8 0    -7.9 0    70.3 0    10.0 0   299.3 0   952.0 0
 2019   8  1  8 10 23 10.383 133.43    -2.0 0     0.0 0     0.0 0     0.4 0   191.8 0   265.77 0   265.44 0   276.4 0   265.26 0   265.26 0     0.0 0     0.0 0     0.0 0   -84.6 0   -84.6 0    -7.9 0    70.6 0     8.2 0   299.0 0   952.0 0
 2019   8  1  8 10 24 10.400 133.27    -2.0 0     0.0 0     0.0 0     0.4 0   191.3 0   265.76 0   265.44 0   276.3 0   265.25 0   265.25 0     0.0 0     0.0 0     0.0 0   -85.0 0   -85.0 0    -8.0 0    70.8 0     8.8 0   297.4 0   952.1 0
 2019   8  1  8 10 25 10.417 133.11    -2.0 0     0.0 0     0.0 0     0.4 0   191.3 0   265.75 0   265.44 0   276.2 0   265.23 0   265.25 0     0.0 0     0.0 0     0.0 0   -84.9 0   -84.9 0    -8.0 0    70.5 0     8.5 0   297.6 0   952.2 0
 2019   8  1  8 10 26 10.433 132.95    -2.0 0     0.0 0     0.0 0     0.4 0   191.5 0   265.75 0   265.43 0   276.3 0   265.23 0   265.24 0     0.0 0     0.0 0     0.0 0   -84.7 0   -84.7 0    -8.0 0    70.5 0     8.9 0   304.4 0   952.2 0
 2019   8  1  8 10 27 10.450 132.79    -2.0 0     0.0 0     0.0 0     0.4 0   191.7 0   265.75 0   265.42 0   276.4 0   265.23 0   265.26 0     0.0 0     0.0 0     0.0 0   -84.7 0   -84.7 0    -7.9 0    70.0 0     9.8 0   299.3 0   952.2 0
 2019   8  1  8 10 28 10.467 132.63    -2.0 0     0.0 0     0.0 0     0.4 0   191.4 0   265.75 0   265.43 0   276.2 0   265.23 0   265.24 0     0.0 0     0.0 0     0.0 0   -84.9 0   -84.9 0    -7.9 0    70.3 0     8.3 0   299.0 0   952.3 0
 2019   8  1  8 10 29 10.483 132.47    -2.0 0     0.0 0     0.0 0     0.4 0   191.0 0   265.73 0   265.41 0   276.3 0   265.23 0   265.24 0     0.0 0     0.0 0     0.0 0   -85.3 0   -85.3 0    -8.0 0    70.2 0     9.1 0   298.6 0   952.3 0
 2019   8  1  8 10 30 10.500 132.31    -2.0 0     0.0 0     0.0 0     0.4 0   191.0 0   265.72 0   265.41 0   276.1 0   265.23 0   265.23 0     0.0 0     0.0 0     0.0 0   -85.1 0   -85.1 0    -8.0 0    70.5 0     7.7 0   300.2 0   952.3 0
 2019   8  1  8 10 31 10.517 132.15    -2.0 0     0.0 0     0.0 0     0.4 0   191.2 0   265.72 0   265.40 0   276.0 0   265.21 0   265.21 0     0.0 0     0.0 0     0.0 0   -84.8 0   -84.8 0    -8.0 0    70.7 0     8.1 0   297.4 0   952.3 0
 2019   8  1  8 10 32 10.533 131.99    -2.0 0     0.0 0     0.0 0     0.4 0   191.3 0   265.72 0   265.41 0   276.2 0   265.21 0   265.21 0     0.0 0     0.0 0     0.0 0   -85.0 0   -85.0 0    -8.0 0    70.4 0     9.2 0   297.3 0   952.3 0
 2019   8  1  8 10 33 10.550 131.83    -2.0 0     0.0 0     0.0 0     0.4 0   191.5 0   265.72 0   265.39 0   276.1 0   265.21 0   265.21 0     0.0 0     0.0 0     0.0 0   -84.6 0   -84.6 0    -8.0 0    70.3 0     8.2 0   300.0 0   952.4 0
 2019   8  1  8 10 34 10.567 131.67    -2.1 0     0.0 0     0.0 0     0.4 0   191.5 0   265.71 0   265.39 0   276.2 0   265.21 0   265.21 0     0.0 0     0.0 0     0.0 0   -84.7 0   -84.7 0    -8.0 0    70.3 0     9.0 0   298.5 0   952.4 0
 2019   8  1  8 10 35 10.583 131.51    -2.0 0     0.0 0     0.0 0     0.4 0   191.4 0   265.70 0   265.39 0   276.4 0   265.21 0   265.21 0     0.0 0     0.0 0     0.0 0   -84.9 0   -84.9 0    -7.9 0    69.7 0     8.9 0   298.1 0   952.3 0
 2019   8  1  8 10 36 10.600 131.34    -2.0 0     0.0 0     0.0 0     0.4 0   191.1 0   265.70 0   265.39 0   276.1 0   265.21 0   265.21 0     0.0 0     0.0 0     0.0 0   -85.0 0   -85.0 0    -8.0 0    70.1 0     8.3 0   298.2 0   952.3 0
 2019   8  1  8 10 37 10.617 131.18    -2.0 0     0.0 0     0.0 0     0.4 0   191.0 0   265.70 0   265.37 0   276.0 0   265.21 0   265.20 0     0.0 0     0.0 0     0.0 0   -85.0 0   -85.0 0    -8.0 0    70.4 0     8.2 0   299.5 0   952.3 0
 2019   8  1  8 10 38 10.633 131.02    -2.0 0     0.0 0     0.0 0     0.4 0   191.3 0   265.69 0   265.36 0   276.3 0   265.20 0   265.20 0     0.0 0     0.0 0     0.0 0   -85.0 0   -85.0 0    -8.0 0    70.1 0     9.4 0   297.1 0   952.4 0
 2019   8  1  8 10 39 10.650 130.86    -2.0 0     0.0 0     0.0 0     0.4 0   191.2 0   265.68 0   265.38 0   276.3 0   265.19 0   265.21 0     0.0 0     0.0 0     0.0 0   -85.1 0   -85.1 0    -8.0 0    69.5 0    10.0 0   299.4 0   952.4 0
 2019   8  1  8 10 40 10.667 130.69    -2.0 0     0.0 0     0.0 0     0.4 0   191.2 0   265.67 0   265.36 0   276.1 0   265.20 0   265.20 0     0.0 0     0.0 0     0.0 0   -84.8 0   -84.8 0    -8.0 0    70.1 0     9.0 0   296.8 0   952.5 0
 2019   8  1  8 10 41 10.683 130.53    -2.0 0     0.0 0     0.0 0     0.4 0   191.2 0   265.67 0   265.36 0   275.9 0   265.18 0   265.20 0     0.0 0     0.0 0     0.0 0   -84.7 0   -84.7 0    -8.0 0    70.1 0     9.3 0   298.0 0   952.5 0
 2019   8  1  8 10 42 10.700 130.37    -2.0 0     0.0 0     0.0 0     0.4 0   191.1 0   265.67 0   265.36 0   275.8 0   265.18 0   265.19 0     0.0 0     0.0 0     0.0 0   -84.7 0   -84.7 0    -8.0 0    70.2 0     8.1 0   299.7 0   952.6 0
 2019   8  1  8 10 43 10.717 130.21    -2.0 0     0.0 0     0.0 0     0.4 0   191.1 0   265.67 0   265.34 0   275.9 0   265.18 0   265.17 0     0.0 0     0.0 0     0.0 0   -84.8 0   -84.8 0    -8.0 0    70.8 0     8.4 0   297.9 0   952.6 0
 2019   8  1  8 10 44 10.733 130.04    -2.0 0     0.0 0     0.1 0     0.4 0   191.1 0   265.67 0   265.33 0   275.6 0   265.16 0   265.16 0     0.0 0     0.0 0     0.0 0   -84.5 0   -84.5 0    -8.1 0    71.0 0     7.9 0   302.5 0   952.7 0
 2019   8  1  8 10 45 10.750 129.88    -2.0 0     0.0 0     0.2 0     0.4 0   190.8 0   265.65 0   265.31 0   275.6 0   265.16 0   265.15 0     0.0 0     0.0 0     0.0 0   -84.8 0   -84.8 0    -8.1 0    70.9 0     8.2 0   299.3 0   952.7 0
 2019   8  1  8 10 46 10.767 129.72    -2.0 0     0.0 0     0.0 0     0.4 0   191.0 0   265.64 0   265.33 0   276.0 0   265.15 0   265.16 0     0.0 0     0.0 0     0.0 0   -85.0 0   -85.0 0    -8.1 0    70.3 0    10.3 0   299.5 0   952.7 0
 2019   8  1  8 10 47 10.783 129.56    -2.0 0     0.0 0     0.0 0     0.4 0   191.0 0   265.64 0   265.32 0   275.8 0   265.13 0   265.15 0     0.0 0     0.0 0     0.0 0   -84.8 0   -84.8 0    -8.1 0    70.4 0     9.4 0   300.0 0   952.8 0
 2019   8  1  8 10 48 10.800 129.39    -2.0 0     0.0 0     0.0 0     0.4 0   191.1 0   265.64 0   265.34 0   276.2 0   265.14 0   265.17 0     0.0 0     0.0 0     0.0 0   -85.1 0   -85.1 0    -8.0 0    69.3 0    10.7 0   303.4 0   952.8 0
 2019   8  1  8 10 49 10.817 129.23    -2.1 0     0.0 0     0.0 0     0.4 0   191.0 0   265.64 0   265.33 0   276.2 0   265.16 0   265.16 0     0.0 0     0.0 0     0.0 0   -85.2 0   -85.2 0    -8.0 0    70.0 0    10.3 0   294.1 0   952.9 0
 2019   8  1  8 10 50 10.833 129.06    -2.0 0     0.0 0     0.0 0     0.4 0   191.0 0   265.64 0   265.31 0   276.0 0   265.16 0   265.16 0     0.0 0     0.0 0     0.0 0   -85.1 0   -85.1 0    -8.0 0    70.1 0     9.5 0   299.0 0   952.9 0
 2019   8  1  8 10 51 10.850 128.90    -2.0 0     0.0 0     0.0 0     0.4 0   190.5 0   265.63 0   265.31 0   275.8 0   265.14 0   265.14 0     0.0 0     0.0 0     0.0 0   -85.2 0   -85.2 0    -8.1 0    70.4 0     8.6 0   302.0 0   952.9 0
 2019   8  1  8 10 52 10.867 128.74    -2.0 0     0.0 0     0.0 0     0.4 0   190.4 0   265.62 0   265.30 0   275.5 0   265.13 0   265.11 0     0.0 0     0.0 0     0.0 0   -85.0 0   -85.0 0    -8.1 0    71.0 0     7.9 0   306.9 0   952.9 0
 2019   8  1  8 10 53 10.883 128.57    -2.0 0     0.0 0     0.0 0     0.4 0   190.8 0   265.62 0   265.29 0   275.7 0   265.11 0   265.11 0     0.0 0     0.0 0     0.0 0   -84.9 0   -84.9 0    -8.1 0    70.8 0     9.7 0   301.9 0   952.9 0
 2019   8  1  8 10 54 10.900 128.41    -2.0 0     0.0 0     0.0 0     0.4 0   190.8 0   265.62 0   265.31 0   275.7 0   265.10 0   265.12 0     0.0 0     0.0 0     0.0 0   -84.9 0   -84.9 0    -8.1 0    70.1 0     8.9 0   301.9 0   953.0 0
 2019   8  1  8 10 55 10.917 128.25    -2.0 0     0.0 0     0.0 0     0.4 0   190.7 0   265.62 0   265.29 0   275.6 0   265.10 0   265.10 0     0.0 0     0.0 0     0.0 0   -84.8 0   -84.8 0    -8.1 0    70.6 0     9.7 0   300.0 0   953.0 0
 2019   8  1  8 10 56 10.933 128.08    -2.0 0     0.0 0     0.0 0     0.4 0   190.8 0   265.62 0   265.30 0   276.0 0   265.10 0   265.11 0     0.0 0     0.0 0     0.0 0   -85.2 0   -85.2 0    -8.1 0    69.8 0    10.9 0   294.9 0   953.1 0
 2019   8  1  8 10 57 10.950 127.92    -2.0 0     0.0 0     0.0 0     0.4 0   190.7 0   265.62 0   265.30 0   275.8 0   265.10 0   265.11 0     0.0 0     0.0 0     0.0 0   -85.1 0   -85.1 0    -8.1 0    69.8 0     9.5 0   305.2 0   953.1 0
 2019   8  1  8 10 58 10.967 127.75    -2.0 0     0.0 0     0.0 0     0.4 0   190.8 0   265.62 0   265.28 0   275.7 0   265.10 0   265.10 0     0.0 0     0.0 0     0.0 0   -84.8 0   -84.8 0    -8.1 0    70.2 0     9.6 0   295.4 0   953.1 0
 2019   8  1  8 10 59 10.983 127.59    -2.0 0     0.0 0     0.0 0     0.4 0   190.6 0   265.61 0   265.28 0   275.6 0   265.10 0   265.10 0     0.0 0     0.0 0     0.0 0   -84.9 0   -84.9 0    -8.1 0    70.4 0     9.4 0   302.3 0   953.2 0
 2019   8  1  8 11  0 11.000 127.42    -2.0 0     0.0 0     0.1 0     0.4 0   190.4 0   265.59 0   265.26 0   275.2 0   265.08 0   265.08 0     0.0 0     0.0 0     0.0 0   -84.8 0   -84.8 0    -8.2 0    70.8 0     7.6 0   293.2 0   953.2 0
 2019   8  1  8 11  1 11.017 127.26    -2.0 0     0.0 0     0.3 0     0.4 0   190.2 0   265.58 0   265.25 0   275.4 0   265.07 0   265.05 0     0.0 0     0.0 0     0.0 0   -85.3 0   -85.3 0    -8.2 0    71.0 0     9.3 0   305.7 0   953.2 0
 2019   8  1  8 11  2 11.033 127.09    -2.0 0     0.0 0     0.4 0     0.4 0   190.2 0   265.57 0   265.23 0   275.3 0   265.05 0   265.05 0     0.0 0     0.0 0     0.0 0   -85.2 0   -85.2 0    -8.2 0    70.8 0    10.1 0   295.6 0   953.2 0
 2019   8  1  8 11  3 11.050 126.93    -2.0 0     0.0 0     0.1 0     0.4 0   190.5 0   265.57 0   265.25 0   275.8 0   265.05 0   265.06 0     0.0 0     0.0 0     0.0 0   -85.3 0   -85.3 0    -8.2 0    69.8 0    10.1 0   298.4 0   953.2 0
 2019   8  1  8 11  4 11.067 126.76    -2.0 0     0.0 0     0.2 0     0.4 0   190.4 0   265.57 0   265.22 0   275.3 0   265.05 0   265.04 0     0.0 0     0.0 0     0.0 0   -84.9 0   -84.9 0    -8.2 0    70.9 0     7.9 0   297.4 0   953.3 0
 2019   8  1  8 11  5 11.083 126.60    -2.0 0     0.0 0     0.4 0     0.4 0   189.8 0   265.54 0   265.20 0   275.0 0   265.03 0   265.02 0     0.0 0     0.0 0     0.0 0   -85.2 0   -85.2 0    -8.3 0    71.2 0     8.5 0   301.1 0   953.3 0
 2019   8  1  8 11  6 11.100 126.43    -2.0 0     0.0 0     0.4 0     0.4 0   189.8 0   265.52 0   265.19 0   275.2 0   265.02 0   265.00 0     0.0 0     0.0 0     0.0 0   -85.5 0   -85.5 0    -8.3 0    70.9 0     9.3 0   302.4 0   953.3 0
 2019   8  1  8 11  7 11.117 126.27    -2.0 0     0.0 0     0.1 0     0.4 0   189.9 0   265.52 0   265.20 0   275.3 0   265.00 0   265.03 0     0.0 0     0.0 0     0.0 0   -85.4 0   -85.4 0    -8.2 0    70.0 0    11.3 0   295.6 0   953.3 0
 2019   8  1  8 11  8 11.133 126.10    -2.0 0     0.0 0     0.0 0     0.4 0   190.2 0   265.52 0   265.20 0   275.4 0   265.00 0   265.02 0     0.0 0     0.0 0     0.0 0   -85.2 0   -85.2 0    -8.2 0    69.6 0    10.6 0   302.4 0   953.3 0
 2019   8  1  8 11  9 11.150 125.94    -2.0 0     0.0 0     0.0 0     0.4 0   190.1 0   265.52 0   265.21 0   275.4 0   265.00 0   265.02 0     0.0 0     0.0 0     0.0 0   -85.2 0   -85.2 0    -8.2 0    69.7 0    11.1 0   304.4 0   953.3 0
 2019   8  1  8 11 10 11.167 125.77    -2.0 0     0.0 0     0.0 0     0.4 0   190.1 0   265.52 0   265.20 0   275.4 0   265.00 0   265.01 0     0.0 0     0.0 0     0.0 0   -85.3 0   -85.3 0    -8.2 0    69.7 0    11.5 0   301.5 0   953.3 0
 2019   8  1  8 11 11 11.183 125.61    -2.0 0     0.0 0     0.0 0     0.4 0   190.4 0   265.52 0   265.21 0   275.4 0   265.00 0   265.03 0     0.0 0     0.0 0     0.0 0   -85.0 0   -85.0 0    -8.2 0    69.2 0    12.3 0   300.8 0   953.2 0
 2019   8  1  8 11 12 11.200 125.44    -2.0 0     0.0 0     0.0 0     0.4 0   190.2 0   265.51 0   265.20 0   275.3 0   265.00 0   265.02 0     0.0 0     0.0 0     0.0 0   -85.1 0   -85.1 0    -8.2 0    69.2 0    11.6 0   307.0 0   953.2 0
 2019   8  1  8 11 13 11.217 125.28    -2.0 0     0.0 0     0.0 0     0.4 0   190.1 0   265.51 0   265.20 0   275.3 0   265.00 0   265.02 0     0.0 0     0.0 0     0.0 0   -85.1 0   -85.1 0    -8.2 0    69.2 0    11.7 0   307.3 0   953.2 0
 2019   8  1  8 11 14 11.233 125.11    -2.0 0     0.0 0     0.0 0     0.4 0   190.1 0   265.51 0   265.19 0   275.1 0   265.00 0   265.01 0     0.0 0     0.0 0     0.0 0   -85.0 0   -85.0 0    -8.2 0    69.6 0     9.5 0   303.5 0   953.3 0
 2019   8  1  8 11 15 11.250 124.95    -2.0 0     0.0 0     0.0 0     0.4 0   190.2 0   265.51 0   265.16 0   275.0 0   265.00 0   264.97 0     0.0 0     0.0 0     0.0 0   -84.8 0   -84.8 0    -8.3 0    70.4 0     9.2 0   299.0 0   953.3 0
 2019   8  1  8 11 16 11.267 124.78    -2.0 0     0.0 0     0.1 0     0.4 0   190.0 0   265.49 0   265.15 0   275.1 0   264.98 0   264.97 0     0.0 0     0.0 0     0.0 0   -85.1 0   -85.1 0    -8.3 0    70.2 0    10.1 0   298.8 0   953.4 0
 2019   8  1  8 11 17 11.283 124.61    -2.0 0     0.0 0     0.1 0     0.4 0   190.0 0   265.49 0   265.15 0   275.2 0   264.97 0   264.95 0     0.0 0     0.0 0     0.0 0   -85.2 0   -85.2 0    -8.3 0    70.0 0    10.5 0   303.8 0   953.4 0
 2019   8  1  8 11 18 11.300 124.45    -2.0 0     0.0 0     0.2 0     0.4 0   189.8 0   265.46 0   265.12 0   275.1 0   264.94 0   264.95 0     0.0 0     0.0 0     0.0 0   -85.2 0   -85.2 0    -8.3 0    69.5 0    11.9 0   305.1 0   953.4 0
 2019   8  1  8 11 19 11.317 124.28    -2.0 0     0.0 0     0.1 0     0.4 0   189.7 0   265.46 0   265.12 0   275.1 0   264.94 0   264.95 0     0.0 0     0.0 0     0.0 0   -85.3 0   -85.3 0    -8.3 0    69.4 0    11.1 0   304.0 0   953.5 0
 2019   8  1  8 11 20 11.333 124.12    -2.0 0     0.0 0     0.0 0     0.4 0   189.7 0   265.46 0   265.11 0   275.1 0   264.94 0   264.94 0     0.0 0     0.0 0     0.0 0   -85.3 0   -85.3 0    -8.3 0    69.6 0    11.2 0   302.1 0   953.5 0
 2019   8  1  8 11 21 11.350 123.95    -2.0 0     0.0 0     0.0 0     0.4 0   189.5 0   265.43 0   265.10 0   274.8 0   264.94 0   264.92 0     0.0 0     0.0 0     0.0 0   -85.3 0   -85.3 0    -8.3 0    70.2 0     9.6 0   305.0 0   953.6 0
 2019   8  1  8 11 22 11.367 123.79    -2.0 0     0.0 0     0.0 0     0.4 0   189.7 0   265.43 0   265.10 0   274.9 0   264.91 0   264.90 0     0.0 0     0.0 0     0.0 0   -85.3 0   -85.3 0    -8.4 0    70.0 0    10.8 0   302.7 0   953.6 0
 2019   8  1  8 11 23 11.383 123.62    -2.0 0     0.0 0     0.0 0     0.4 0   189.8 0   265.43 0   265.10 0   274.9 0   264.89 0   264.90 0     0.0 0     0.0 0     0.0 0   -85.1 0   -85.1 0    -8.4 0    69.3 0    12.6 0   303.2 0   953.6 0
 2019   8  1  8 11 24 11.400 123.45    -2.0 0     0.0 0     0.0 0     0.4 0   189.3 0   265.41 0   265.09 0   274.8 0   264.89 0   264.89 0     0.0 0     0.0 0     0.0 0   -85.5 0   -85.5 0    -8.4 0    69.6 0    11.1 0   303.7 0   953.6 0
 2019   8  1  8 11 25 11.417 123.29    -2.0 0     0.0 0     0.0 0     0.4 0   189.4 0   265.41 0   265.07 0   274.7 0   264.89 0   264.89 0     0.0 0     0.0 0     0.0 0   -85.3 0   -85.3 0    -8.4 0    69.4 0    11.6 0   304.1 0   953.7 0
 2019   8  1  8 11 26 11.433 123.12    -2.0 0     0.0 0     0.0 0     0.4 0   189.6 0   265.41 0   265.05 0   274.7 0   264.88 0   264.85 0     0.0 0     0.0 0     0.0 0   -85.2 0   -85.2 0    -8.4 0    70.0 0    10.1 0   302.7 0   953.7 0
 2019   8  1  8 11 27 11.450 122.96    -2.0 0     0.0 0     0.2 0     0.4 0   189.4 0   265.39 0   265.05 0   274.9 0   264.86 0   264.85 0     0.0 0     0.0 0     0.0 0   -85.5 0   -85.5 0    -8.4 0    69.1 0    14.2 0   306.8 0   953.7 0
 2019   8  1  8 11 28 11.467 122.79    -2.0 0     0.0 0     0.0 0     0.4 0   189.8 0   265.38 0   265.05 0   274.8 0   264.84 0   264.86 0     0.0 0     0.0 0     0.0 0   -84.9 0   -84.9 0    -8.4 0    68.5 0    14.2 0   306.2 0   953.6 0
 2019   8  1  8 11 29 11.483 122.62    -2.0 0     0.0 0     0.0 0     0.4 0   189.9 0   265.38 0   265.05 0   274.7 0   264.84 0   264.84 0     0.0 0     0.0 0     0.0 0   -84.8 0   -84.8 0    -8.4 0    69.0 0    12.6 0   302.1 0   953.6 0
 2019   8  1  8 11 30 11.500 122.46    -2.0 0     0.0 0     0.0 0     0.4 0   189.8 0   265.36 0   265.03 0   274.6 0   264.84 0   264.84 0     0.0 0     0.0 0     0.0 0   -84.8 0   -84.8 0    -8.4 0    69.2 0    12.7 0   307.1 0   953.6 0
 2019   8  1  8 11 31 11.517 122.29    -2.0 0     0.0 0     0.0 0     0.4 0   190.1 0   265.36 0   265.01 0   274.5 0   264.83 0   264.80 0     0.0 0     0.0 0     0.0 0   -84.4 0   -84.4 0    -8.5 0    69.8 0     9.8 0   307.8 0   953.6 0
 2019   8  1  8 11 32 11.533 122.12    -2.0 0     0.0 0     0.3 0     0.4 0   190.0 0   265.35 0   264.99 0   274.2 0   264.80 0   264.79 0     0.0 0     0.0 0     0.0 0   -84.2 0   -84.2 0    -8.5 0    70.2 0    10.6 0   305.7 0   953.7 0
 2019   8  1  8 11 33 11.550 121.96    -2.0 0     0.0 0     0.1 0     0.4 0   189.8 0   265.33 0   264.99 0   274.5 0   264.79 0   264.77 0     0.0 0     0.0 0     0.0 0   -84.7 0   -84.7 0    -8.5 0    69.7 0    12.0 0   302.4 0   953.7 0
 2019   8  1  8 11 34 11.567 121.79    -2.0 0     0.0 0     0.3 0     0.4 0   189.9 0   265.31 0   264.96 0   274.4 0   264.77 0   264.75 0     0.0 0     0.0 0     0.0 0   -84.4 0   -84.4 0    -8.6 0    70.1 0    10.6 0   302.4 0   953.8 0
 2019   8  1  8 11 35 11.583 121.63    -2.0 0     0.0 0     0.4 0     0.4 0   189.9 0   265.30 0   264.94 0   274.4 0   264.75 0   264.73 0     0.0 0     0.0 0     0.0 0   -84.5 0   -84.5 0    -8.6 0    69.8 0    13.3 0   301.1 0   953.8 0
 2019   8  1  8 11 36 11.600 121.46    -2.0 0     0.0 0     0.3 0     0.4 0   189.6 0   265.28 0   264.93 0   274.2 0   264.73 0   264.71 0     0.0 0     0.0 0     0.0 0   -84.6 0   -84.6 0    -8.6 0    70.1 0    10.5 0   306.7 0   953.8 0
 2019   8  1  8 11 37 11.617 121.29    -2.0 0     0.2 0     0.3 0     0.4 0   189.3 0   265.26 0   264.91 0   274.3 0   264.71 0   264.68 0     0.0 0     0.0 0     0.0 0   -85.0 0   -85.0 0    -8.6 0    70.1 0    12.8 0   302.2 0   953.8 0
 2019   8  1  8 11 38 11.633 121.13    -2.0 0     0.0 0     0.1 0     0.4 0   189.4 0   265.25 0   264.89 0   274.0 0   264.68 0   264.68 0     0.0 0     0.0 0     0.0 0   -84.5 0   -84.5 0    -8.6 0    69.6 0    12.7 0   300.0 0   953.8 0
 2019   8  1  8 11 39 11.650 120.96    -2.0 0     0.2 0     0.2 0     0.4 0   189.1 0   265.23 0   264.89 0   274.1 0   264.68 0   264.65 0     0.0 0     0.0 0     0.0 0   -85.1 0   -85.1 0    -8.6 0    70.0 0    11.8 0   300.8 0   953.8 0
 2019   8  1  8 11 40 11.667 120.79    -2.0 0     0.2 0     0.0 0     0.4 0   189.0 0   265.22 0   264.87 0   274.2 0   264.65 0   264.63 0     0.0 0     0.0 0     0.0 0   -85.1 0   -85.1 0    -8.6 0    69.8 0    13.3 0   304.3 0   953.8 0
 2019   8  1  8 11 41 11.683 120.63    -2.0 0     0.0 0     0.0 0     0.4 0   189.0 0   265.20 0   264.87 0   273.9 0   264.63 0   264.63 0     0.0 0     0.0 0     0.0 0   -85.0 0   -85.0 0    -8.6 0    69.6 0    12.1 0   306.5 0   953.8 0
 2019   8  1  8 11 42 11.700 120.46    -2.0 0     0.2 0     0.2 0     0.4 0   189.0 0   265.20 0   264.83 0   273.8 0   264.62 0   264.59 0     0.0 0     0.0 0     0.0 0   -84.8 0   -84.8 0    -8.7 0    70.8 0    10.6 0   313.5 0   953.8 0
 2019   8  1  8 11 43 11.717 120.30    -2.0 0     0.4 0     0.4 0     0.4 0   189.0 0   265.18 0   264.80 0   273.7 0   264.60 0   264.57 0     0.0 0     0.0 0     0.0 0   -84.7 0   -84.7 0    -8.8 0    70.8 0    11.0 0   310.6 0   953.9 0
 2019   8  1  8 11 44 11.733 120.13    -2.0 0     0.4 0     0.4 0     0.4 0   188.7 0   265.15 0   264.79 0   273.7 0   264.58 0   264.54 0     0.0 0     0.0 0     0.0 0   -85.0 0   -85.0 0    -8.8 0    71.1 0    10.6 0   310.1 0   953.9 0
 2019   8  1  8 11 45 11.750 119.96    -2.0 0     0.4 0     0.4 0     0.4 0   188.7 0   265.13 0   264.76 0   273.6 0   264.55 0   264.52 0     0.0 0     0.0 0     0.0 0   -84.9 0   -84.9 0    -8.8 0    71.1 0    10.9 0   305.5 0   953.9 0
 2019   8  1  8 11 46 11.767 119.80    -2.0 0     0.4 0     0.3 0     0.4 0   188.6 0   265.10 0   264.75 0   273.6 0   264.52 0   264.51 0     0.0 0     0.0 0     0.0 0   -85.0 0   -85.0 0    -8.8 0    71.0 0    11.2 0   307.4 0   954.0 0
 2019   8  1  8 11 47 11.783 119.63    -2.0 0     0.2 0     0.0 0     0.4 0   188.8 0   265.09 0   264.73 0   273.7 0   264.51 0   264.48 0     0.0 0     0.0 0     0.0 0   -84.8 0   -84.8 0    -8.8 0    70.9 0    11.2 0   308.5 0   954.0 0
 2019   8  1  8 11 48 11.800 119.46    -2.0 0     0.3 0     0.2 0     0.4 0   188.6 0   265.07 0   264.71 0   273.4 0   264.48 0   264.47 0     0.0 0     0.0 0     0.0 0   -84.8 0   -84.8 0    -8.8 0    70.9 0    11.4 0   302.7 0   954.1 0
 2019   8  1  8 11 49 11.817 119.30    -2.0 0     0.1 0     0.1 0     0.4 0   188.6 0   265.05 0   264.70 0   273.5 0   264.47 0   264.47 0     0.0 0     0.0 0     0.0 0   -84.9 0   -84.9 0    -8.8 0    70.3 0    12.6 0   305.2 0   954.1 0
 2019   8  1  8 11 50 11.833 119.13    -2.0 0     0.1 0     0.0 0     0.4 0   188.7 0   265.04 0   264.68 0   273.5 0   264.46 0   264.43 0     0.0 0     0.0 0     0.0 0   -84.9 0   -84.9 0    -8.9 0    70.8 0    10.7 0   308.1 0   954.1 0
 2019   8  1  8 11 51 11.850 118.97    -2.0 0     0.0 0     0.0 0     0.4 0   188.5 0   265.02 0   264.68 0   273.6 0   264.44 0   264.42 0     0.0 0     0.0 0     0.0 0   -85.1 0   -85.1 0    -8.9 0    70.3 0    12.3 0   303.9 0   954.2 0
 2019   8  1  8 11 52 11.867 118.80    -2.0 0     0.0 0     0.0 0     0.4 0   188.4 0   265.01 0   264.68 0   273.4 0   264.42 0   264.42 0     0.0 0     0.0 0     0.0 0   -85.0 0   -85.0 0    -8.9 0    69.7 0    13.3 0   303.6 0   954.2 0
 2019   8  1  8 11 53 11.883 118.63    -2.0 0     0.0 0     0.1 0     0.4 0   188.1 0   264.99 0   264.64 0   273.2 0   264.41 0   264.39 0     0.0 0     0.0 0     0.0 0   -85.2 0   -85.2 0    -8.9 0    70.7 0     9.6 0   302.1 0   954.2 0
 2019   8  1  8 11 54 11.900 118.47    -2.0 0     0.4 0     0.4 0     0.4 0   187.9 0   264.99 0   264.62 0   272.9 0   264.38 0   264.36 0     0.0 0     0.0 0     0.0 0   -84.9 0   -84.9 0    -8.9 0    71.2 0    10.1 0   308.1 0   954.2 0
 2019   8  1  8 11 55 11.917 118.30    -2.0 0     0.2 0     0.2 0     0.4 0   188.1 0   264.96 0   264.60 0   273.1 0   264.36 0   264.36 0     0.0 0     0.0 0     0.0 0   -85.0 0   -85.0 0    -8.9 0    70.0 0    12.2 0   305.1 0   954.2 0
 2019   8  1  8 11 56 11.933 118.14    -2.0 0     0.2 0     0.3 0     0.4 0   187.8 0   264.94 0   264.58 0   273.0 0   264.35 0   264.32 0     0.0 0     0.0 0     0.0 0   -85.2 0   -85.2 0    -9.0 0    70.9 0    10.3 0   307.0 0   954.3 0
 2019   8  1  8 11 57 11.950 117.97    -2.0 0     0.4 0     0.4 0     0.4 0   187.7 0   264.92 0   264.57 0   272.8 0   264.32 0   264.30 0     0.0 0     0.0 0     0.0 0   -85.2 0   -85.2 0    -9.0 0    70.5 0     9.6 0   304.7 0   954.3 0
 2019   8  1  8 11 58 11.967 117.80    -2.0 0     0.4 0     0.4 0     0.4 0   187.7 0   264.90 0   264.54 0   272.8 0   264.30 0   264.27 0     0.0 0     0.0 0     0.0 0   -85.1 0   -85.1 0    -9.0 0    70.4 0    10.3 0   307.9 0   954.3 0
 2019   8  1  8 11 59 11.983 117.64    -2.0 0     0.3 0     0.4 0     0.4 0   187.7 0   264.88 0   264.52 0   272.8 0   264.28 0   264.26 0     0.0 0     0.0 0     0.0 0   -85.1 0   -85.1 0    -9.0 0    70.2 0    10.7 0   303.0 0   954.3 0
 2019   8  1  8 12  0 12.000 117.47    -2.0 0     0.1 0     0.3 0     0.4 0   187.6 0   264.87 0   264.50 0   272.6 0   264.25 0   264.25 0     0.0 0     0.0 0     0.0 0   -85.0 0   -85.0 0    -9.0 0    70.1 0    11.3 0   306.2 0   954.3 0
 2019   8  1  8 12  1 12.017 117.30    -2.0 0     0.2 0     0.4 0     0.4 0   187.5 0   264.84 0   264.48 0   272.8 0   264.25 0   264.22 0     0.0 0     0.0 0     0.0 0   -85.3 0   -85.3 0    -9.1 0    70.4 0    11.0 0   304.6 0   954.3 0
 2019   8  1  8 12  2 12.033 117.14    -2.0 0     0.2 0     0.4 0     0.4 0   187.5 0   264.83 0   264.46 0   272.7 0   264.22 0   264.20 0     0.0 0     0.0 0     0.0 0   -85.2 0   -85.2 0    -9.1 0    70.0 0    10.7 0   306.7 0   954.3 0
 2019   8  1  8 12  3 12.050 116.97    -2.0 0     0.3 0     0.2 0     0.4 0   187.5 0   264.80 0   264.44 0   272.6 0   264.20 0   264.18 0     0.0 0     0.0 0     0.0 0   -85.1 0   -85.1 0    -9.1 0    70.0 0    11.3 0   303.9 0   954.3 0
 2019   8  1  8 12  4 12.067 116.81    -2.0 0     0.1 0     0.1 0     0.4 0   187.4 0   264.78 0   264.43 0   272.6 0   264.18 0   264.17 0     0.0 0     0.0 0     0.0 0   -85.2 0   -85.2 0    -9.1 0    69.3 0    11.8 0   303.6 0   954.3 0
 2019   8  1  8 12  5 12.083 116.64    -2.0 0     0.0 0     0.0 0     0.4 0   187.6 0   264.77 0   264.41 0   272.6 0   264.17 0   264.15 0     0.0 0     0.0 0     0.0 0   -85.0 0   -85.0 0    -9.1 0    69.5 0    11.7 0   305.9 0   954.4 0
 2019   8  1  8 12  6 12.100 116.48    -2.0 0     0.0 0     0.0 0     0.4 0   187.4 0   264.76 0   264.40 0   272.3 0   264.15 0   264.15 0     0.0 0     0.0 0     0.0 0   -84.9 0   -84.9 0    -9.1 0    69.4 0    11.3 0   303.6 0   954.4 0
 2019   8  1  8 12  7 12.117 116.31    -2.0 0     0.0 0     0.0 0     0.4 0   187.4 0   264.74 0   264.39 0   272.6 0   264.15 0   264.14 0     0.0 0     0.0 0     0.0 0   -85.2 0   -85.2 0    -9.1 0    68.8 0    13.3 0   302.4 0   954.4 0
 2019   8  1  8 12  8 12.133 116.14    -2.0 0     0.0 0     0.1 0     0.4 0   187.2 0   264.72 0   264.37 0   272.4 0   264.13 0   264.11 0     0.0 0     0.0 0     0.0 0   -85.2 0   -85.2 0    -9.2 0    69.5 0    11.5 0   307.1 0   954.4 0
 2019   8  1  8 12  9 12.150 115.98    -2.0 0     0.0 0     0.2 0     0.4 0   187.1 0   264.71 0   264.36 0   272.3 0   264.11 0   264.10 0     0.0 0     0.0 0     0.0 0   -85.1 0   -85.1 0    -9.2 0    69.4 0    11.7 0   306.7 0   954.4 0
 2019   8  1  8 12 10 12.167 115.81    -2.0 0     0.2 0     0.4 0     0.4 0   187.1 0   264.68 0   264.33 0   272.1 0   264.10 0   264.07 0     0.0 0     0.0 0     0.0 0   -85.0 0   -85.0 0    -9.2 0    70.0 0    10.6 0   310.1 0   954.4 0
 2019   8  1  8 12 11 12.183 115.65    -2.0 0     0.3 0     0.3 0     0.4 0   187.3 0   264.67 0   264.30 0   272.3 0   264.07 0   264.05 0     0.0 0     0.0 0     0.0 0   -85.0 0   -85.0 0    -9.2 0    69.5 0    12.8 0   308.1 0   954.4 0
 2019   8  1  8 12 12 12.200 115.48    -2.0 0     0.0 0     0.1 0     0.4 0   187.2 0   264.65 0   264.30 0   272.1 0   264.05 0   264.04 0     0.0 0     0.0 0     0.0 0   -84.8 0   -84.8 0    -9.2 0    69.0 0    12.1 0   311.7 0   954.4 0
 2019   8  1  8 12 13 12.217 115.32    -2.0 0     0.2 0     0.3 0     0.4 0   187.2 0   264.63 0   264.27 0   272.1 0   264.04 0   264.01 0     0.0 0     0.0 0     0.0 0   -84.9 0   -84.9 0    -9.3 0    69.8 0    10.8 0   308.2 0   954.4 0
 2019   8  1  8 12 14 12.233 115.15    -2.0 0     0.4 0     0.3 0     0.4 0   187.1 0   264.62 0   264.25 0   271.8 0   264.02 0   263.99 0     0.0 0     0.0 0     0.0 0   -84.8 0   -84.8 0    -9.3 0    70.0 0    10.3 0   308.5 0   954.4 0
 2019   8  1  8 12 15 12.250 114.98    -2.0 0     0.4 0     0.3 0     0.4 0   187.0 0   264.59 0   264.23 0   271.8 0   263.99 0   263.96 0     0.0 0     0.0 0     0.0 0   -84.8 0   -84.8 0    -9.4 0    69.7 0    10.3 0   311.0 0   954.4 0
 2019   8  1  8 12 16 12.267 114.82    -2.0 0     0.4 0     0.4 0     0.4 0   186.9 0   264.57 0   264.20 0   271.8 0   263.96 0   263.94 0     0.0 0     0.0 0     0.0 0   -84.9 0   -84.9 0    -9.4 0    69.7 0    11.8 0   312.5 0   954.4 0
 2019   8  1  8 12 17 12.283 114.65    -2.0 0     0.4 0     0.4 0     0.4 0   186.9 0   264.55 0   264.19 0   271.6 0   263.94 0   263.93 0     0.0 0     0.0 0     0.0 0   -84.7 0   -84.7 0    -9.4 0    69.1 0    11.8 0   315.2 0   954.5 0
 2019   8  1  8 12 18 12.300 114.49    -2.0 0     0.1 0     0.0 0     0.4 0   187.0 0   264.53 0   264.18 0   272.0 0   263.93 0   263.92 0     0.0 0     0.0 0     0.0 0   -85.0 0   -85.0 0    -9.4 0    68.7 0    12.7 0   309.7 0   954.5 0
 2019   8  1  8 12 19 12.317 114.32    -2.0 0     0.0 0     0.0 0     0.4 0   187.0 0   264.51 0   264.17 0   271.8 0   263.91 0   263.91 0     0.0 0     0.0 0     0.0 0   -84.8 0   -84.8 0    -9.4 0    68.4 0    11.9 0   310.5 0   954.6 0
 2019   8  1  8 12 20 12.333 114.16    -2.0 0     0.0 0     0.0 0     0.4 0   187.2 0   264.51 0   264.15 0   271.6 0   263.90 0   263.89 0     0.0 0     0.0 0     0.0 0   -84.4 0   -84.4 0    -9.4 0    69.1 0    11.1 0   316.2 0   954.6 0
 2019   8  1  8 12 21 12.350 113.99    -2.0 0     0.0 0     0.0 0     0.4 0   186.9 0   264.49 0   264.15 0   271.7 0   263.88 0   263.88 0     0.0 0     0.0 0     0.0 0   -84.7 0   -84.7 0    -9.4 0    68.7 0    12.0 0   313.5 0   954.6 0
 2019   8  1  8 12 22 12.367 113.83    -2.0 0     0.0 0     0.1 0     0.4 0   187.0 0   264.47 0   264.12 0   271.6 0   263.87 0   263.86 0     0.0 0     0.0 0     0.0 0   -84.6 0   -84.6 0    -9.4 0    69.0 0    11.9 0   313.3 0   954.6 0
 2019   8  1  8 12 23 12.383 113.66    -2.0 0     0.0 0     0.0 0     0.4 0   187.0 0   264.46 0   264.11 0   271.7 0   263.85 0   263.84 0     0.0 0     0.0 0     0.0 0   -84.7 0   -84.7 0    -9.4 0    68.7 0    12.6 0   313.5 0   954.5 0
 2019   8  1  8 12 24 12.400 113.50    -2.0 0     0.0 0     0.0 0     0.4 0   187.3 0   264.45 0   264.10 0   271.5 0   263.83 0   263.84 0     0.0 0     0.0 0     0.0 0   -84.2 0   -84.2 0    -9.4 0    68.2 0    12.8 0   315.0 0   954.5 0
 2019   8  1  8 12 25 12.417 113.33    -2.0 0     0.0 0     0.0 0     0.4 0   187.2 0   264.43 0   264.09 0   271.5 0   263.83 0   263.83 0     0.0 0     0.0 0     0.0 0   -84.3 0   -84.3 0    -9.4 0    68.3 0    13.9 0   317.8 0   954.4 0
 2019   8  1  8 12 26 12.433 113.17    -2.0 0     0.0 0     0.0 0     0.4 0   187.2 0   264.42 0   264.08 0   271.5 0   263.83 0   263.83 0     0.0 0     0.0 0     0.0 0   -84.4 0   -84.4 0    -9.5 0    68.3 0    13.9 0   314.9 0   954.4 0
 2019   8  1  8 12 27 12.450 113.00    -2.0 0     0.0 0     0.0 0     0.4 0   187.4 0   264.41 0   264.07 0   271.6 0   263.83 0   263.83 0     0.0 0     0.0 0     0.0 0   -84.3 0   -84.3 0    -9.4 0    67.7 0    15.1 0   318.2 0   954.4 0
 2019   8  1  8 12 28 12.467 112.84    -2.0 0     0.0 0     0.0 0     0.4 0   187.4 0   264.41 0   264.06 0   271.5 0   263.81 0   263.81 0     0.0 0     0.0 0     0.0 0   -84.1 0   -84.1 0    -9.4 0    67.8 0    14.2 0   315.8 0   954.4 0
 2019   8  1  8 12 29 12.483 112.68    -2.0 0     0.0 0     0.0 0     0.4 0   187.4 0   264.39 0   264.04 0   271.5 0   263.80 0   263.78 0     0.0 0     0.0 0     0.0 0   -84.1 0   -84.1 0    -9.5 0    68.5 0    12.4 0   317.0 0   954.5 0
 2019   8  1  8 12 30 12.500 112.51    -2.0 0     0.0 0     0.0 0     0.4 0   187.3 0   264.38 0   264.04 0   271.3 0   263.78 0   263.78 0     0.0 0     0.0 0     0.0 0   -84.0 0   -84.0 0    -9.5 0    68.4 0    13.2 0   315.6 0   954.5 0
 2019   8  1  8 12 31 12.517 112.35    -2.0 0     0.0 0     0.0 0     0.4 0   187.1 0   264.36 0   264.02 0   271.3 0   263.78 0   263.76 0     0.0 0     0.0 0     0.0 0   -84.2 0   -84.2 0    -9.6 0    69.0 0    12.8 0   313.6 0   954.6 0
 2019   8  1  8 12 32 12.533 112.18    -2.0 0     0.0 0     0.0 0     0.4 0   187.3 0   264.36 0   264.02 0   271.2 0   263.75 0   263.75 0     0.0 0     0.0 0     0.0 0   -84.0 0   -84.0 0    -9.5 0    68.1 0    13.6 0   314.2 0   954.5 0
 2019   8  1  8 12 33 12.550 112.02    -2.0 0     0.0 0     0.0 0     0.4 0   187.5 0   264.35 0   264.00 0   271.3 0   263.75 0   263.75 0     0.0 0     0.0 0     0.0 0   -83.7 0   -83.7 0    -9.5 0    68.3 0    12.9 0   314.5 0   954.5 0
 2019   8  1  8 12 34 12.567 111.85    -2.0 0     0.0 0     0.2 0     0.4 0   187.2 0   264.33 0   263.98 0   271.0 0   263.73 0   263.73 0     0.0 0     0.0 0     0.0 0   -83.8 0   -83.8 0    -9.6 0    69.1 0    12.3 0   317.1 0   954.6 0
 2019   8  1  8 12 35 12.583 111.69    -2.0 0     0.0 0     0.1 0     0.4 0   187.1 0   264.31 0   263.96 0   271.3 0   263.73 0   263.71 0     0.0 0     0.0 0     0.0 0   -84.2 0   -84.2 0    -9.6 0    68.4 0    13.3 0   315.6 0   954.6 0
 2019   8  1  8 12 36 12.600 111.53    -2.0 0     0.0 0     0.0 0     0.4 0   187.3 0   264.30 0   263.96 0   271.1 0   263.70 0   263.70 0     0.0 0     0.0 0     0.0 0   -83.8 0   -83.8 0    -9.6 0    68.3 0    13.0 0   314.0 0   954.7 0
 2019   8  1  8 12 37 12.617 111.36    -2.0 0     0.0 0     0.0 0     0.4 0   187.3 0   264.29 0   263.94 0   271.1 0   263.70 0   263.68 0     0.0 0     0.0 0     0.0 0   -83.8 0   -83.8 0    -9.6 0    68.8 0    13.3 0   316.1 0   954.7 0
 2019   8  1  8 12 38 12.633 111.20    -2.0 0     0.0 0     0.0 0     0.4 0   187.2 0   264.28 0   263.94 0   271.2 0   263.68 0   263.68 0     0.0 0     0.0 0     0.0 0   -83.9 0   -83.9 0    -9.6 0    67.8 0    14.8 0   313.8 0   954.7 0
 2019   8  1  8 12 39 12.650 111.03    -2.0 0     0.0 0     0.0 0     0.4 0   187.1 0   264.27 0   263.94 0   271.1 0   263.68 0   263.68 0     0.0 0     0.0 0     0.0 0   -84.0 0   -84.0 0    -9.6 0    67.7 0    14.4 0   316.3 0   954.7 0
 2019   8  1  8 12 40 12.667 110.87    -2.0 0     0.0 0     0.0 0     0.4 0   186.9 0   264.25 0   263.94 0   271.1 0   263.68 0   263.68 0     0.0 0     0.0 0     0.0 0   -84.2 0   -84.2 0    -9.6 0    67.6 0    14.0 0   315.5 0   954.7 0
 2019   8  1  8 12 41 12.683 110.71    -2.0 0     0.0 0     0.0 0     0.4 0   187.0 0   264.25 0   263.93 0   271.1 0   263.68 0   263.68 0     0.0 0     0.0 0     0.0 0   -84.1 0   -84.1 0    -9.6 0    67.6 0    13.9 0   315.8 0   954.7 0
 2019   8  1  8 12 42 12.700 110.54    -2.0 0     0.0 0     0.0 0     0.4 0   187.1 0   264.25 0   263.92 0   270.9 0   263.66 0   263.66 0     0.0 0     0.0 0     0.0 0   -83.8 0   -83.8 0    -9.6 0    67.7 0    13.4 0   315.5 0   954.7 0
 2019   8  1  8 12 43 12.717 110.38    -2.0 0     0.0 0     0.0 0     0.4 0   187.1 0   264.25 0   263.89 0   270.8 0   263.65 0   263.63 0     0.0 0     0.0 0     0.0 0   -83.7 0   -83.7 0    -9.6 0    68.5 0    12.2 0   316.2 0   954.7 0
 2019   8  1  8 12 44 12.733 110.22    -2.0 0     0.0 0     0.1 0     0.4 0   186.8 0   264.23 0   263.88 0   270.7 0   263.63 0   263.62 0     0.0 0     0.0 0     0.0 0   -83.9 0   -83.9 0    -9.7 0    68.3 0    13.8 0   317.4 0   954.7 0
 2019   8  1  8 12 45 12.750 110.05    -2.0 0     0.0 0     0.0 0     0.4 0   186.7 0   264.21 0   263.89 0   270.9 0   263.62 0   263.62 0     0.0 0     0.0 0     0.0 0   -84.2 0   -84.2 0    -9.6 0    67.5 0    14.4 0   317.6 0   954.7 0
 2019   8  1  8 12 46 12.767 109.89    -2.0 0     0.0 0     0.0 0     0.4 0   186.7 0   264.20 0   263.88 0   271.0 0   263.62 0   263.62 0     0.0 0     0.0 0     0.0 0   -84.2 0   -84.2 0    -9.6 0    67.3 0    13.9 0   316.9 0   954.6 0
 2019   8  1  8 12 47 12.783 109.73    -2.0 0     0.0 0     0.0 0     0.4 0   186.9 0   264.20 0   263.86 0   270.9 0   263.62 0   263.62 0     0.0 0     0.0 0     0.0 0   -84.0 0   -84.0 0    -9.6 0    67.3 0    13.4 0   319.2 0   954.6 0
 2019   8  1  8 12 48 12.800 109.57    -2.0 0     0.0 0     0.0 0     0.4 0   186.9 0   264.20 0   263.85 0   270.8 0   263.62 0   263.60 0     0.0 0     0.0 0     0.0 0   -83.9 0   -83.9 0    -9.6 0    67.5 0    13.4 0   317.5 0   954.7 0
 2019   8  1  8 12 49 12.817 109.40    -2.0 0     0.0 0     0.0 0     0.4 0   186.8 0   264.17 0   263.84 0   270.7 0   263.60 0   263.60 0     0.0 0     0.0 0     0.0 0   -83.9 0   -83.9 0    -9.7 0    66.9 0    13.9 0   317.0 0   954.6 0
 2019   8  1  8 12 50 12.833 109.24    -2.0 0     0.0 0     0.0 0     0.4 0   186.7 0   264.17 0   263.83 0   270.8 0   263.60 0   263.60 0     0.0 0     0.0 0     0.0 0   -84.0 0   -84.0 0    -9.6 0    66.7 0    14.1 0   318.7 0   954.7 0
 2019   8  1  8 12 51 12.850 109.08    -2.0 0     0.0 0     0.0 0     0.4 0   186.5 0   264.17 0   263.83 0   270.6 0   263.58 0   263.58 0     0.0 0     0.0 0     0.0 0   -84.2 0   -84.2 0    -9.7 0    66.8 0    13.8 0   319.9 0   954.7 0
 2019   8  1  8 12 52 12.867 108.92    -2.0 0     0.0 0     0.0 0     0.4 0   186.1 0   264.15 0   263.83 0   270.5 0   263.57 0   263.57 0     0.0 0     0.0 0     0.0 0   -84.4 0   -84.4 0    -9.7 0    66.8 0    13.1 0   319.2 0   954.7 0
 2019   8  1  8 12 53 12.883 108.75    -2.0 0     0.0 0     0.0 0     0.4 0   186.2 0   264.15 0   263.81 0   270.4 0   263.57 0   263.57 0     0.0 0     0.0 0     0.0 0   -84.2 0   -84.2 0    -9.7 0    67.1 0    12.5 0   320.0 0   954.7 0
 2019   8  1  8 12 54 12.900 108.59    -2.0 0     0.0 0     0.0 0     0.4 0   186.3 0   264.15 0   263.80 0   270.5 0   263.56 0   263.55 0     0.0 0     0.0 0     0.0 0   -84.2 0   -84.2 0    -9.7 0    67.0 0    12.1 0   318.1 0   954.7 0
 2019   8  1  8 12 55 12.917 108.43    -2.0 0     0.0 0     0.1 0     0.4 0   186.3 0   264.14 0   263.78 0   270.5 0   263.54 0   263.52 0     0.0 0     0.0 0     0.0 0   -84.2 0   -84.2 0    -9.8 0    67.6 0    12.7 0   318.5 0   954.7 0
 2019   8  1  8 12 56 12.933 108.27    -2.0 0     0.0 0     0.0 0     0.4 0   186.3 0   264.12 0   263.78 0   270.3 0   263.52 0   263.54 0     0.0 0     0.0 0     0.0 0   -84.0 0   -84.0 0    -9.7 0    66.0 0    14.1 0   321.1 0   954.7 0
 2019   8  1  8 12 57 12.950 108.11    -2.0 0     0.0 0     0.0 0     0.4 0   186.1 0   264.11 0   263.78 0   270.4 0   263.52 0   263.53 0     0.0 0     0.0 0     0.0 0   -84.4 0   -84.4 0    -9.7 0    66.0 0    14.1 0   315.5 0   954.8 0
 2019   8  1  8 12 58 12.967 107.94    -2.0 0     0.0 0     0.0 0     0.4 0   185.9 0   264.10 0   263.78 0   270.5 0   263.52 0   263.52 0     0.0 0     0.0 0     0.0 0   -84.6 0   -84.6 0    -9.7 0    66.1 0    14.1 0   315.9 0   954.9 0
 2019   8  1  8 12 59 12.983 107.78    -2.0 0     0.0 0     0.0 0     0.4 0   186.0 0   264.10 0   263.77 0   270.4 0   263.52 0   263.52 0     0.0 0     0.0 0     0.0 0   -84.4 0   -84.4 0    -9.7 0    65.9 0    14.1 0   319.4 0   955.0 0
 2019   8  1  8 13  0 13.000 107.62    -2.0 0     0.0 0     0.0 0     0.4 0   186.2 0   264.10 0   263.75 0   270.3 0   263.52 0   263.52 0     0.0 0     0.0 0     0.0 0   -84.1 0   -84.1 0    -9.7 0    66.2 0    13.6 0   318.3 0   955.0 0
 2019   8  1  8 13  1 13.017 107.46    -2.0 0     0.0 0     0.0 0     0.4 0   186.3 0   264.09 0   263.75 0   270.5 0   263.52 0   263.51 0     0.0 0     0.0 0     0.0 0   -84.2 0   -84.2 0    -9.8 0    65.7 0    14.3 0   316.8 0   955.1 0
 2019   8  1  8 13  2 13.033 107.30    -2.0 0     0.0 0     0.0 0     0.4 0   185.9 0   264.07 0   263.75 0   270.6 0   263.51 0   263.52 0     0.0 0     0.0 0     0.0 0   -84.6 0   -84.6 0    -9.7 0    65.2 0    14.7 0   312.7 0   955.2 0
 2019   8  1  8 13  3 13.050 107.14    -2.0 0     0.0 0     0.0 0     0.4 0   185.8 0   264.07 0   263.75 0   270.5 0   263.51 0   263.52 0     0.0 0     0.0 0     0.0 0   -84.7 0   -84.7 0    -9.7 0    65.5 0    13.8 0   313.8 0   955.3 0
 2019   8  1  8 13  4 13.067 106.98    -2.0 0     0.0 0     0.0 0     0.4 0   185.8 0   264.07 0   263.75 0   270.4 0   263.51 0   263.51 0     0.0 0     0.0 0     0.0 0   -84.6 0   -84.6 0    -9.7 0    65.4 0    14.5 0   313.3 0   955.4 0
 2019   8  1  8 13  5 13.083 106.81    -2.0 0     0.0 0     0.0 0     0.4 0   185.9 0   264.07 0   263.75 0   270.2 0   263.50 0   263.51 0     0.0 0     0.0 0     0.0 0   -84.3 0   -84.3 0    -9.7 0    65.4 0    14.1 0   312.3 0   955.5 0
 2019   8  1  8 13  6 13.100 106.65    -2.0 0     0.0 0     0.0 0     0.4 0   186.1 0   264.07 0   263.75 0   270.1 0   263.49 0   263.51 0     0.0 0     0.0 0     0.0 0   -84.0 0   -84.0 0    -9.7 0    65.3 0    14.1 0   313.2 0   955.5 0
 2019   8  1  8 13  7 13.117 106.49    -2.0 0     0.0 0     0.0 0     0.4 0   186.1 0   264.06 0   263.73 0   270.0 0   263.49 0   263.49 0     0.0 0     0.0 0     0.0 0   -83.9 0   -83.9 0    -9.8 0    65.9 0    11.8 0   312.8 0   955.6 0
 2019   8  1  8 13  8 13.133 106.33    -2.0 0     0.0 0     0.0 0     0.4 0   185.8 0   264.04 0   263.73 0   270.2 0   263.49 0   263.48 0     0.0 0     0.0 0     0.0 0   -84.3 0   -84.3 0    -9.8 0    65.9 0    13.2 0   312.9 0   955.7 0
 2019   8  1  8 13  9 13.150 106.17    -2.0 0     0.0 0     0.0 0     0.4 0   186.0 0   264.04 0   263.71 0   270.1 0   263.47 0   263.46 0     0.0 0     0.0 0     0.0 0   -84.1 0   -84.1 0    -9.8 0    66.2 0    12.3 0   312.2 0   955.7 0
 2019   8  1  8 13 10 13.167 106.01    -2.0 0     0.0 0     0.0 0     0.4 0   186.2 0   264.04 0   263.70 0   270.0 0   263.46 0   263.46 0     0.0 0     0.0 0     0.0 0   -83.8 0   -83.8 0    -9.8 0    66.1 0    13.2 0   313.6 0   955.7 0
 2019   8  1  8 13 11 13.183 105.85    -2.0 0     0.0 0     0.0 0     0.4 0   186.3 0   264.04 0   263.70 0   270.1 0   263.46 0   263.46 0     0.0 0     0.0 0     0.0 0   -83.8 0   -83.8 0    -9.8 0    65.7 0    13.6 0   314.9 0   955.8 0
 2019   8  1  8 13 12 13.200 105.69    -2.0 0     0.0 0     0.0 0     0.4 0   186.1 0   264.02 0   263.69 0   270.3 0   263.46 0   263.46 0     0.0 0     0.0 0     0.0 0   -84.2 0   -84.2 0    -9.8 0    65.4 0    14.4 0   310.7 0   955.8 0
 2019   8  1  8 13 13 13.217 105.53    -2.0 0     0.0 0     0.0 0     0.4 0   186.2 0   264.02 0   263.70 0   270.4 0   263.46 0   263.46 0     0.0 0     0.0 0     0.0 0   -84.2 0   -84.2 0    -9.8 0    64.8 0    15.4 0   311.8 0   955.7 0
 2019   8  1  8 13 14 13.233 105.37    -2.0 0     0.0 0     0.0 0     0.4 0   186.3 0   264.02 0   263.69 0   270.3 0   263.46 0   263.46 0     0.0 0     0.0 0     0.0 0   -84.0 0   -84.0 0    -9.8 0    64.9 0    14.4 0   312.7 0   955.7 0
 2019   8  1  8 13 15 13.250 105.21    -2.0 0     0.0 0     0.0 0     0.4 0   186.3 0   264.01 0   263.68 0   270.0 0   263.46 0   263.44 0     0.0 0     0.0 0     0.0 0   -83.7 0   -83.7 0    -9.8 0    65.7 0    13.1 0   312.5 0   955.8 0
 2019   8  1  8 13 16 13.267 105.05    -2.0 0     0.0 0     0.0 0     0.4 0   186.1 0   263.99 0   263.67 0   269.9 0   263.44 0   263.44 0     0.0 0     0.0 0     0.0 0   -83.8 0   -83.8 0    -9.8 0    65.6 0    14.0 0   317.0 0   955.7 0
 2019   8  1  8 13 17 13.283 104.89    -2.0 0     0.0 0     0.0 0     0.4 0   186.1 0   263.99 0   263.67 0   270.0 0   263.43 0   263.43 0     0.0 0     0.0 0     0.0 0   -83.9 0   -83.9 0    -9.8 0    65.6 0    13.1 0   311.1 0   955.8 0
 2019   8  1  8 13 18 13.300 104.74    -2.0 0     0.0 0     0.0 0     0.4 0   186.2 0   263.99 0   263.65 0   269.6 0   263.41 0   263.41 0     0.0 0     0.0 0     0.0 0   -83.4 0   -83.4 0    -9.9 0    66.0 0    12.5 0   314.0 0   955.8 0
 2019   8  1  8 13 19 13.317 104.58    -2.0 0     0.0 0     0.0 0     0.4 0   186.3 0   263.98 0   263.64 0   269.6 0   263.41 0   263.40 0     0.0 0     0.0 0     0.0 0   -83.3 0   -83.3 0    -9.9 0    66.4 0    11.9 0   317.3 0   955.7 0
 2019   8  1  8 13 20 13.333 104.42    -2.0 0     0.0 0     0.0 0     0.4 0   186.2 0   263.96 0   263.62 0   269.9 0   263.40 0   263.40 0     0.0 0     0.0 0     0.0 0   -83.7 0   -83.7 0    -9.9 0    66.1 0    13.6 0   316.1 0   955.7 0
 2019   8  1  8 13 21 13.350 104.26    -2.0 0     0.0 0     0.0 0     0.4 0   186.2 0   263.95 0   263.63 0   269.8 0   263.38 0   263.41 0     0.0 0     0.0 0     0.0 0   -83.5 0   -83.5 0    -9.9 0    65.0 0    14.6 0   312.8 0   955.7 0
 2019   8  1  8 13 22 13.367 104.10    -2.0 0     0.0 0     0.0 0     0.4 0   186.1 0   263.94 0   263.62 0   269.6 0   263.38 0   263.40 0     0.0 0     0.0 0     0.0 0   -83.5 0   -83.5 0    -9.9 0    65.3 0    13.1 0   314.7 0   955.7 0
 2019   8  1  8 13 23 13.383 103.94    -2.0 0     0.0 0     0.0 0     0.4 0   185.8 0   263.94 0   263.62 0   269.7 0   263.38 0   263.37 0     0.0 0     0.0 0     0.0 0   -83.9 0   -83.9 0    -9.9 0    66.2 0    12.1 0   317.6 0   955.7 0
 2019   8  1  8 13 24 13.400 103.78    -2.0 0     0.0 0     0.0 0     0.4 0   186.0 0   263.94 0   263.62 0   269.7 0   263.37 0   263.37 0     0.0 0     0.0 0     0.0 0   -83.7 0   -83.7 0    -9.9 0    65.4 0    14.6 0   316.6 0   955.7 0
 2019   8  1  8 13 25 13.417 103.63    -2.0 0     0.0 0     0.0 0     0.4 0   186.1 0   263.94 0   263.62 0   269.6 0   263.36 0   263.38 0     0.0 0     0.0 0     0.0 0   -83.5 0   -83.5 0    -9.9 0    65.2 0    14.4 0   316.4 0   955.7 0
 2019   8  1  8 13 26 13.433 103.47    -2.0 0     0.0 0     0.0 0     0.4 0   186.2 0   263.94 0   263.62 0   269.6 0   263.36 0   263.38 0     0.0 0     0.0 0     0.0 0   -83.4 0   -83.4 0    -9.8 0    65.2 0    12.5 0   313.6 0   955.7 0
 2019   8  1  8 13 27 13.450 103.31    -2.0 0     0.0 0     0.0 0     0.4 0   186.2 0   263.94 0   263.62 0   269.6 0   263.36 0   263.36 0     0.0 0     0.0 0     0.0 0   -83.5 0   -83.5 0    -9.9 0    65.6 0    13.1 0   316.0 0   955.7 0
 2019   8  1  8 13 28 13.467 103.15    -2.0 0     0.0 0     0.0 0     0.4 0   186.2 0   263.94 0   263.61 0   269.6 0   263.36 0   263.36 0     0.0 0     0.0 0     0.0 0   -83.4 0   -83.4 0    -9.9 0    65.4 0    14.1 0   318.5 0   955.7 0
 2019   8  1  8 13 29 13.483 103.00    -2.0 0     0.0 0     0.0 0     0.4 0   186.4 0   263.94 0   263.59 0   269.6 0   263.36 0   263.36 0     0.0 0     0.0 0     0.0 0   -83.2 0   -83.2 0    -9.9 0    65.6 0    13.8 0   319.4 0   955.7 0
 2019   8  1  8 13 30 13.500 102.84    -2.0 0     0.0 0     0.0 0     0.4 0   186.0 0   263.91 0   263.59 0   269.8 0   263.36 0   263.36 0     0.0 0     0.0 0     0.0 0   -83.7 0   -83.7 0    -9.9 0    65.1 0    14.7 0   317.2 0   955.7 0
 2019   8  1  8 13 31 13.517 102.68    -2.0 0     0.0 0     0.0 0     0.4 0   186.0 0   263.91 0   263.59 0   269.5 0   263.34 0   263.34 0     0.0 0     0.0 0     0.0 0   -83.5 0   -83.5 0    -9.9 0    65.7 0    13.1 0   319.0 0   955.8 0
 2019   8  1  8 13 32 13.533 102.53    -2.0 0     0.0 0     0.0 0     0.4 0   186.1 0   263.91 0   263.58 0   269.6 0   263.33 0   263.33 0     0.0 0     0.0 0     0.0 0   -83.5 0   -83.5 0    -9.9 0    65.3 0    14.2 0   314.5 0   955.9 0
 2019   8  1  8 13 33 13.550 102.37    -2.0 0     0.0 0     0.0 0     0.4 0   186.2 0   263.91 0   263.57 0   269.7 0   263.33 0   263.33 0     0.0 0     0.0 0     0.0 0   -83.4 0   -83.4 0    -9.9 0    65.4 0    14.4 0   314.3 0   956.0 0
 2019   8  1  8 13 34 13.567 102.21    -2.0 0     0.0 0     0.0 0     0.4 0   186.0 0   263.90 0   263.57 0   269.5 0   263.33 0   263.33 0     0.0 0     0.0 0     0.0 0   -83.5 0   -83.5 0    -9.9 0    65.7 0    13.3 0   311.0 0   956.2 0
 2019   8  1  8 13 35 13.583 102.06    -2.0 0     0.0 0     0.0 0     0.4 0   186.1 0   263.88 0   263.57 0   269.8 0   263.33 0   263.33 0     0.0 0     0.0 0     0.0 0   -83.8 0   -83.8 0    -9.9 0    65.1 0    15.0 0   310.9 0   956.2 0
 2019   8  1  8 13 36 13.600 101.90    -2.0 0     0.0 0     0.0 0     0.4 0   185.9 0   263.88 0   263.57 0   269.5 0   263.32 0   263.32 0     0.0 0     0.0 0     0.0 0   -83.6 0   -83.6 0    -9.9 0    65.9 0    12.6 0   310.3 0   956.2 0
 2019   8  1  8 13 37 13.617 101.74    -2.0 0     0.0 0     0.0 0     0.4 0   185.8 0   263.88 0   263.57 0   269.2 0   263.30 0   263.30 0     0.0 0     0.0 0     0.0 0   -83.4 0   -83.4 0    -9.9 0    66.2 0    12.1 0   313.4 0   956.2 0
 2019   8  1  8 13 38 13.633 101.59    -2.0 0     0.0 0     0.0 0     0.4 0   185.9 0   263.88 0   263.54 0   269.2 0   263.30 0   263.28 0     0.0 0     0.0 0     0.0 0   -83.3 0   -83.3 0   -10.0 0    67.0 0    11.0 0   312.9 0   956.2 0
 2019   8  1  8 13 39 13.650 101.43    -2.0 0     0.0 0     0.0 0     0.4 0   185.9 0   263.87 0   263.51 0   269.2 0   263.29 0   263.27 0     0.0 0     0.0 0     0.0 0   -83.3 0   -83.3 0   -10.0 0    67.1 0    11.6 0   313.4 0   956.2 0
 2019   8  1  8 13 40 13.667 101.28    -2.0 0     0.0 0     0.0 0     0.4 0   185.8 0   263.86 0   263.51 0   269.3 0   263.27 0   263.27 0     0.0 0     0.0 0     0.0 0   -83.5 0   -83.5 0   -10.0 0    66.5 0    13.6 0   309.6 0   956.3 0
 2019   8  1  8 13 41 13.683 101.12    -2.0 0     0.0 0     0.0 0     0.4 0   185.5 0   263.83 0   263.51 0   269.2 0   263.25 0   263.26 0     0.0 0     0.0 0     0.0 0   -83.7 0   -83.7 0   -10.0 0    66.4 0    12.1 0   309.8 0   956.4 0
 2019   8  1  8 13 42 13.700 100.97    -2.0 0     0.0 0     0.0 0     0.4 0   185.5 0   263.83 0   263.51 0   269.2 0   263.25 0   263.25 0     0.0 0     0.0 0     0.0 0   -83.7 0   -83.7 0   -10.0 0    66.5 0    12.3 0   311.7 0   956.4 0
 2019   8  1  8 13 43 13.717 100.81    -2.0 0     0.0 0     0.0 0     0.4 0   185.5 0   263.83 0   263.51 0   269.4 0   263.25 0   263.25 0     0.0 0     0.0 0     0.0 0   -83.8 0   -83.8 0   -10.0 0    66.2 0    13.3 0   310.5 0   956.5 0
 2019   8  1  8 13 44 13.733 100.66    -2.0 0     0.0 0     0.0 0     0.4 0   185.8 0   263.83 0   263.49 0   269.3 0   263.25 0   263.25 0     0.0 0     0.0 0     0.0 0   -83.5 0   -83.5 0   -10.0 0    66.4 0    12.4 0   310.0 0   956.6 0
 2019   8  1  8 13 45 13.750 100.50    -2.0 0     0.0 0     0.0 0     0.4 0   185.7 0   263.82 0   263.48 0   269.1 0   263.24 0   263.23 0     0.0 0     0.0 0     0.0 0   -83.5 0   -83.5 0   -10.0 0    67.2 0    10.7 0   312.4 0   956.6 0
 2019   8  1  8 13 46 13.767 100.35    -2.0 0     0.0 0     0.0 0     0.4 0   185.7 0   263.80 0   263.46 0   269.1 0   263.22 0   263.22 0     0.0 0     0.0 0     0.0 0   -83.4 0   -83.4 0   -10.1 0    66.8 0    12.7 0   311.8 0   956.6 0
 2019   8  1  8 13 47 13.783 100.19    -2.0 0     0.0 0     0.0 0     0.4 0   185.7 0   263.80 0   263.47 0   269.3 0   263.22 0   263.24 0     0.0 0     0.0 0     0.0 0   -83.6 0   -83.6 0   -10.0 0    65.9 0    13.8 0   315.1 0   956.6 0
 2019   8  1  8 13 48 13.800 100.04    -2.0 0     0.0 0     0.0 0     0.4 0   185.6 0   263.78 0   263.47 0   269.2 0   263.22 0   263.25 0     0.0 0     0.0 0     0.0 0   -83.7 0   -83.7 0   -10.0 0    65.8 0    12.8 0   313.6 0   956.6 0
 2019   8  1  8 13 49 13.817  99.89    -2.0 0     0.0 0     0.0 0     0.4 0   185.5 0   263.78 0   263.46 0   269.2 0   263.22 0   263.22 0     0.0 0     0.0 0     0.0 0   -83.7 0   -83.7 0   -10.0 0    66.3 0    12.3 0   312.0 0   956.7 0
 2019   8  1  8 13 50 13.833  99.73    -2.0 0     0.0 0     0.0 0     0.4 0   185.6 0   263.78 0   263.46 0   269.2 0   263.22 0   263.23 0     0.0 0     0.0 0     0.0 0   -83.6 0   -83.6 0   -10.0 0    66.3 0    12.1 0   309.2 0   956.7 0
 2019   8  1  8 13 51 13.850  99.58    -2.0 0     0.0 0     0.0 0     0.4 0   185.6 0   263.78 0   263.46 0   269.2 0   263.22 0   263.22 0     0.0 0     0.0 0     0.0 0   -83.5 0   -83.5 0   -10.0 0    66.6 0    11.7 0   311.3 0   956.7 0
 2019   8  1  8 13 52 13.867  99.42    -2.0 0     0.0 0     0.0 0     0.4 0   185.7 0   263.78 0   263.44 0   269.1 0   263.21 0   263.21 0     0.0 0     0.0 0     0.0 0   -83.4 0   -83.4 0   -10.0 0    66.7 0    12.0 0   315.4 0   956.7 0
 2019   8  1  8 13 53 13.883  99.27    -2.0 0     0.0 0     0.0 0     0.4 0   185.8 0   263.78 0   263.46 0   268.9 0   263.20 0   263.22 0     0.0 0     0.0 0     0.0 0   -83.1 0   -83.1 0   -10.0 0    66.6 0    10.9 0   314.5 0   956.8 0
 2019   8  1  8 13 54 13.900  99.12    -2.0 0     0.0 0     0.0 0     0.4 0   185.7 0   263.76 0   263.43 0   268.7 0   263.20 0   263.20 0     0.0 0     0.0 0     0.0 0   -83.1 0   -83.1 0   -10.0 0    67.3 0    10.1 0   313.5 0   956.8 0
 2019   8  1  8 13 55 13.917  98.97    -2.0 0     0.0 0     0.0 0     0.4 0   185.8 0   263.75 0   263.41 0   268.9 0   263.20 0   263.20 0     0.0 0     0.0 0     0.0 0   -83.2 0   -83.2 0   -10.1 0    67.3 0    11.9 0   315.9 0   956.8 0
 2019   8  1  8 13 56 13.933  98.81    -2.0 0     0.0 0     0.0 0     0.4 0   186.0 0   263.75 0   263.44 0   269.3 0   263.20 0   263.22 0     0.0 0     0.0 0     0.0 0   -83.3 0   -83.3 0   -10.0 0    66.1 0    13.6 0   313.2 0   956.7 0
 2019   8  1  8 13 57 13.950  98.66    -2.0 0     0.0 0     0.0 0     0.4 0   186.0 0   263.75 0   263.43 0   269.1 0   263.20 0   263.22 0     0.0 0     0.0 0     0.0 0   -83.1 0   -83.1 0   -10.0 0    66.3 0    12.3 0   313.4 0   956.7 0
 2019   8  1  8 13 58 13.967  98.51    -2.0 0     0.0 0     0.0 0     0.4 0   186.0 0   263.75 0   263.43 0   268.9 0   263.20 0   263.22 0     0.0 0     0.0 0     0.0 0   -82.9 0   -82.9 0   -10.0 0    66.5 0    12.0 0   313.6 0   956.8 0
 2019   8  1  8 13 59 13.983  98.36    -2.0 0     0.0 0     0.0 0     0.4 0   186.1 0   263.75 0   263.44 0   269.0 0   263.20 0   263.23 0     0.0 0     0.0 0     0.0 0   -82.9 0   -82.9 0   -10.0 0    66.3 0    12.1 0   311.0 0   956.8 0
 2019   8  1  8 14  0 14.000  98.21    -2.0 0     0.0 0     0.0 0     0.4 0   186.1 0   263.75 0   263.44 0   269.0 0   263.20 0   263.22 0     0.0 0     0.0 0     0.0 0   -82.9 0   -82.9 0   -10.0 0    66.3 0    11.7 0   310.7 0   956.9 0
 2019   8  1  8 14  1 14.017  98.05    -2.0 0     0.0 0     0.0 0     0.4 0   185.9 0   263.75 0   263.43 0   268.7 0   263.20 0   263.21 0     0.0 0     0.0 0     0.0 0   -82.8 0   -82.8 0   -10.0 0    67.1 0    10.0 0   311.9 0   957.0 0
 2019   8  1  8 14  2 14.033  97.90    -2.0 0     0.0 0     0.0 0     0.4 0   186.0 0   263.75 0   263.43 0   269.0 0   263.20 0   263.22 0     0.0 0     0.0 0     0.0 0   -83.0 0   -83.0 0   -10.0 0    66.5 0    12.8 0   311.3 0   957.0 0
 2019   8  1  8 14  3 14.050  97.75    -2.0 0     0.0 0     0.0 0     0.4 0   185.9 0   263.75 0   263.44 0   268.9 0   263.20 0   263.22 0     0.0 0     0.0 0     0.0 0   -83.0 0   -83.0 0   -10.0 0    66.3 0    11.8 0   311.9 0   957.0 0
 2019   8  1  8 14  4 14.067  97.60    -2.1 0     0.0 0     0.0 0     0.4 0   186.0 0   263.75 0   263.43 0   269.0 0   263.20 0   263.22 0     0.0 0     0.0 0     0.0 0   -83.0 0   -83.0 0   -10.0 0    66.3 0    11.7 0   315.1 0   957.0 0
 2019   8  1  8 14  5 14.083  97.45    -2.0 0     0.0 0     0.0 0     0.4 0   186.1 0   263.75 0   263.42 0   268.8 0   263.20 0   263.21 0     0.0 0     0.0 0     0.0 0   -82.6 0   -82.6 0   -10.0 0    66.8 0    10.6 0   314.5 0   957.0 0
 2019   8  1  8 14  6 14.100  97.30    -2.0 0     0.0 0     0.0 0     0.4 0   186.2 0   263.75 0   263.41 0   268.8 0   263.20 0   263.22 0     0.0 0     0.0 0     0.0 0   -82.6 0   -82.6 0   -10.0 0    66.6 0    11.4 0   315.1 0   957.0 0
 2019   8  1  8 14  7 14.117  97.15    -2.0 0     0.0 0     0.0 0     0.4 0   186.0 0   263.73 0   263.41 0   268.8 0   263.20 0   263.21 0     0.0 0     0.0 0     0.0 0   -82.9 0   -82.9 0   -10.0 0    66.6 0    11.3 0   311.5 0   957.0 0
 2019   8  1  8 14  8 14.133  97.00    -2.0 0     0.0 0     0.0 0     0.4 0   185.8 0   263.73 0   263.41 0   268.9 0   263.20 0   263.20 0     0.0 0     0.0 0     0.0 0   -83.1 0   -83.1 0   -10.0 0    66.9 0    11.4 0   312.4 0   957.0 0
 2019   8  1  8 14  9 14.150  96.85    -2.0 0     0.0 0     0.0 0     0.4 0   186.0 0   263.73 0   263.41 0   269.0 0   263.20 0   263.21 0     0.0 0     0.0 0     0.0 0   -83.0 0   -83.0 0   -10.0 0    66.3 0    12.3 0   311.8 0   957.0 0
 2019   8  1  8 14 10 14.167  96.70    -2.0 0     0.0 0     0.0 0     0.4 0   186.0 0   263.73 0   263.43 0   269.1 0   263.20 0   263.22 0     0.0 0     0.0 0     0.0 0   -83.1 0   -83.1 0   -10.0 0    65.7 0    13.9 0   311.9 0   957.0 0
 2019   8  1  8 14 11 14.183  96.55    -2.0 0     0.0 0     0.0 0     0.4 0   185.9 0   263.73 0   263.42 0   268.9 0   263.20 0   263.22 0     0.0 0     0.0 0     0.0 0   -83.0 0   -83.0 0   -10.0 0    65.7 0    12.8 0   315.7 0   957.0 0
 2019   8  1  8 14 12 14.200  96.40    -2.0 0     0.0 0     0.0 0     0.4 0   186.0 0   263.73 0   263.42 0   268.9 0   263.20 0   263.22 0     0.0 0     0.0 0     0.0 0   -82.9 0   -82.9 0   -10.0 0    65.8 0    13.4 0   311.2 0   957.1 0
 2019   8  1  8 14 13 14.217  96.26    -2.0 0     0.0 0     0.0 0     0.4 0   185.9 0   263.73 0   263.44 0   268.9 0   263.20 0   263.23 0     0.0 0     0.0 0     0.0 0   -83.0 0   -83.0 0   -10.0 0    65.4 0    13.8 0   310.0 0   957.2 0
 2019   8  1  8 14 14 14.233  96.11    -2.0 0     0.0 0     0.0 0     0.4 0   186.3 0   263.75 0   263.44 0   269.1 0   263.21 0   263.23 0     0.0 0     0.0 0     0.0 0   -82.8 0   -82.8 0   -10.0 0    65.0 0    14.0 0   309.3 0   957.2 0
 2019   8  1  8 14 15 14.250  95.96    -2.0 0     0.0 0     0.0 0     0.4 0   186.3 0   263.75 0   263.42 0   269.0 0   263.23 0   263.22 0     0.0 0     0.0 0     0.4 0   -82.7 0   -82.3 0   -10.0 0    65.5 0    12.1 0   311.0 0   957.2 0
 2019   8  1  8 14 16 14.267  95.81    -2.0 0     0.0 0     0.0 0     0.4 0   186.2 0   263.74 0   263.41 0   268.5 0   263.20 0   263.20 0     0.0 0     0.0 0     0.4 0   -82.3 0   -81.9 0   -10.1 0    66.7 0    10.4 0   309.3 0   957.3 0
 2019   8  1  8 14 17 14.283  95.66    -2.0 0     0.0 0     0.0 0     0.4 0   185.8 0   263.73 0   263.41 0   268.6 0   263.20 0   263.18 0     0.0 0     0.0 0     0.4 0   -82.9 0   -82.5 0   -10.1 0    66.6 0    10.8 0   309.5 0   957.3 0
 2019   8  1  8 14 18 14.300  95.52    -2.0 0     0.0 0     0.0 0     0.4 0   186.0 0   263.73 0   263.39 0   268.7 0   263.18 0   263.17 0     0.0 0     0.0 0     0.4 0   -82.7 0   -82.3 0   -10.1 0    66.2 0    12.0 0   308.8 0   957.3 0
 2019   8  1  8 14 19 14.317  95.37    -2.0 0     0.0 0     0.0 0     0.4 0   186.0 0   263.72 0   263.38 0   268.7 0   263.17 0   263.16 0     0.0 0     0.0 0     0.4 0   -82.7 0   -82.3 0   -10.1 0    66.2 0    11.3 0   308.7 0   957.3 0
 2019   8  1  8 14 20 14.333  95.22    -2.0 0     0.0 0     0.0 0     0.4 0   185.8 0   263.70 0   263.38 0   268.6 0   263.15 0   263.15 0     0.0 0     0.0 0     0.4 0   -82.7 0   -82.4 0   -10.1 0    66.2 0    11.1 0   311.3 0   957.3 0
 2019   8  1  8 14 21 14.350  95.07    -2.0 0     0.0 0     0.0 0     0.4 0   185.9 0   263.70 0   263.36 0   268.4 0   263.15 0   263.15 0     0.0 0     0.0 0     0.4 0   -82.5 0   -82.1 0   -10.1 0    66.6 0    11.2 0   307.6 0   957.3 0
 2019   8  1  8 14 22 14.367  94.93    -2.0 0     0.0 0     0.0 0     0.4 0   185.8 0   263.68 0   263.36 0   268.6 0   263.14 0   263.13 0     0.0 0     0.0 0     0.4 0   -82.8 0   -82.5 0   -10.1 0    66.4 0    11.2 0   310.3 0   957.4 0
 2019   8  1  8 14 23 14.383  94.78    -2.0 0     0.0 0     0.0 0     0.4 0   185.8 0   263.67 0   263.36 0   268.6 0   263.12 0   263.12 0     0.0 0     0.0 0     0.4 0   -82.8 0   -82.4 0   -10.2 0    66.1 0    11.4 0   306.8 0   957.4 0
 2019   8  1  8 14 24 14.400  94.64    -2.0 0     0.0 0     0.0 0     0.4 0   185.7 0   263.67 0   263.36 0   268.5 0   263.12 0   263.11 0     0.0 0     0.0 0     0.4 0   -82.8 0   -82.4 0   -10.1 0    66.6 0    10.6 0   306.7 0   957.4 0
 2019   8  1  8 14 25 14.417  94.49    -2.0 0     0.0 0     0.0 0     0.4 0   185.9 0   263.67 0   263.34 0   268.4 0   263.09 0   263.11 0     0.0 0     0.0 0     0.4 0   -82.5 0   -82.1 0   -10.1 0    66.3 0    11.9 0   308.6 0   957.4 0
 2019   8  1  8 14 26 14.433  94.34    -2.0 0     0.0 0     0.0 0     0.5 0   185.9 0   263.67 0   263.33 0   268.5 0   263.09 0   263.09 0     0.0 0     0.1 0     0.5 0   -82.6 0   -82.1 0   -10.1 0    66.3 0    12.1 0   303.5 0   957.5 0
 2019   8  1  8 14 27 14.450  94.20    -2.0 0     0.0 0     0.0 0     0.8 0   185.6 0   263.65 0   263.33 0   268.4 0   263.09 0   263.09 0     0.0 0     0.2 0     0.8 0   -82.8 0   -82.1 0   -10.2 0    66.5 0    10.7 0   305.7 0   957.5 0
 2019   8  1  8 14 28 14.467  94.05    -2.0 0     0.0 0     0.0 0     0.8 0   185.7 0   263.65 0   263.30 0   268.3 0   263.09 0   263.08 0     0.0 0     0.2 0     0.8 0   -82.6 0   -81.8 0   -10.2 0    67.0 0    10.6 0   303.8 0   957.5 0
 2019   8  1  8 14 29 14.483  93.91    -2.0 0     0.3 0     0.0 0     1.1 0   185.5 0   263.62 0   263.28 0   268.3 0   263.07 0   263.05 0     0.0 0     0.2 0     0.8 0   -82.8 0   -82.0 0   -10.2 0    67.3 0    11.5 0   302.6 0   957.5 0
 2019   8  1  8 14 30 14.500  93.76    -2.0 0     0.4 0     0.0 0     1.2 0   185.7 0   263.62 0   263.28 0   268.0 0   263.04 0   263.04 0     0.0 0     0.3 0     0.8 0   -82.3 0   -81.5 0   -10.3 0    67.5 0    10.8 0   301.0 0   957.5 0
 2019   8  1  8 14 31 14.517  93.62    -1.4 0     0.4 0     0.0 0     1.2 0   185.8 0   263.62 0   263.28 0   268.4 0   263.04 0   263.04 0     0.0 0     0.4 0     0.8 0   -82.6 0   -81.8 0   -10.3 0    66.6 0    13.7 0   300.6 0   957.5 0
 2019   8  1  8 14 32 14.533  93.48    -1.0 0     0.4 0     0.0 0     1.2 0   185.6 0   263.59 0   263.27 0   268.3 0   263.02 0   263.02 0     0.0 0     0.4 0     0.8 0   -82.7 0   -81.9 0   -10.2 0    66.9 0    11.7 0   300.5 0   957.5 0
 2019   8  1  8 14 33 14.550  93.33    -1.0 0     0.4 0     0.1 0     1.2 0   185.5 0   263.59 0   263.25 0   268.1 0   263.01 0   262.99 0     0.0 0     0.4 0     0.8 0   -82.6 0   -81.8 0   -10.3 0    67.6 0    11.2 0   301.1 0   957.5 0
 2019   8  1  8 14 34 14.567  93.19    -1.0 0     0.7 0     0.2 0     1.3 0   185.6 0   263.57 0   263.23 0   267.8 0   262.99 0   262.98 0     0.0 0     0.4 0     0.6 0   -82.3 0   -81.7 0   -10.3 0    67.7 0    11.1 0   300.2 0   957.4 0
 2019   8  1  8 14 35 14.583  93.05    -1.0 0     0.8 0     0.4 0     1.6 0   185.7 0   263.57 0   263.22 0   268.2 0   262.98 0   262.96 0     0.0 0     0.5 0     0.8 0   -82.5 0   -81.7 0   -10.4 0    67.7 0    11.8 0   304.0 0   957.4 0
 2019   8  1  8 14 36 14.600  92.90    -1.0 0     0.8 0     0.5 0     1.9 0   185.5 0   263.54 0   263.21 0   267.9 0   262.96 0   262.94 0     0.0 0     0.7 0     1.1 0   -82.5 0   -81.3 0   -10.4 0    68.0 0    10.8 0   299.7 0   957.4 0
 2019   8  1  8 14 37 14.617  92.76    -1.0 0     0.8 0     0.7 0     2.0 0   185.6 0   263.54 0   263.20 0   267.9 0   262.94 0   262.93 0     0.0 0     0.7 0     1.2 0   -82.3 0   -81.2 0   -10.4 0    68.0 0    11.1 0   303.1 0   957.4 0
 2019   8  1  8 14 38 14.633  92.62    -0.7 0     0.8 0     0.4 0     2.0 0   185.5 0   263.51 0   263.20 0   268.1 0   262.93 0   262.93 0     0.0 0     0.7 0     1.2 0   -82.7 0   -81.5 0   -10.4 0    67.6 0    12.9 0   301.2 0   957.4 0
 2019   8  1  8 14 39 14.650  92.48     0.0 0     0.5 0     0.4 0     2.2 0   185.5 0   263.51 0   263.20 0   268.3 0   262.93 0   262.93 0     0.0 0     0.8 0     1.7 0   -82.8 0   -81.1 0   -10.3 0    67.1 0    13.3 0   301.2 0   957.4 0
 2019   8  1  8 14 40 14.667  92.33     0.0 0     0.7 0     0.4 0     2.6 0   185.7 0   263.51 0   263.19 0   268.0 0   262.91 0   262.92 0     0.0 0     1.0 0     1.9 0   -82.3 0   -80.4 0   -10.3 0    67.3 0    12.3 0   302.0 0   957.5 0
 2019   8  1  8 14 41 14.683  92.19     0.0 0     0.8 0     0.4 0     2.8 0   185.7 0   263.51 0   263.17 0   267.8 0   262.90 0   262.90 0     0.0 0     1.1 0     1.9 0   -82.1 0   -80.2 0   -10.4 0    67.8 0    11.0 0   303.1 0   957.5 0
 2019   8  1  8 14 42 14.700  92.05     0.0 0     0.8 0     0.4 0     2.8 0   185.7 0   263.49 0   263.16 0   268.0 0   262.90 0   262.89 0     0.0 0     1.2 0     2.0 0   -82.4 0   -80.4 0   -10.4 0    67.6 0    12.7 0   301.1 0   957.5 0
 2019   8  1  8 14 43 14.717  91.91 -9999.9 1     0.8 0     0.0 0     3.4 0   185.8 0   263.49 0   263.17 0   267.9 0   262.88 0   262.90 0     0.0 0     1.4 0     2.6 0   -82.1 0   -79.5 0   -10.4 0    67.0 0    12.7 0   303.2 0   957.5 0
 2019   8  1  8 14 44 14.733  91.77 -9999.9 1     0.8 0     0.0 0     3.5 0   185.7 0   263.49 0   263.17 0   267.8 0   262.88 0   262.90 0     0.0 0     1.5 0     2.7 0   -82.2 0   -79.4 0   -10.4 0    67.0 0    12.7 0   303.5 0   957.6 0
 2019   8  1  8 14 45 14.750  91.63 -9999.9 1     0.8 0     0.0 0     3.7 0   185.6 0   263.48 0   263.15 0   267.9 0   262.88 0   262.89 0     0.0 0     1.7 0     2.9 0   -82.3 0   -79.4 0   -10.4 0    66.9 0    13.1 0   302.5 0   957.6 0
 2019   8  1  8 14 46 14.767  91.49 -9999.9 1     0.8 0     0.2 0     4.3 0   185.6 0   263.47 0   263.14 0   267.9 0   262.88 0   262.88 0     0.0 0     1.9 0     3.5 0   -82.4 0   -78.9 0   -10.4 0    67.1 0    12.1 0   305.1 0   957.7 0
 2019   8  1  8 14 47 14.783  91.35 -9999.9 1     0.8 0     0.1 0     4.3 0   185.5 0   263.46 0   263.14 0   268.0 0   262.88 0   262.88 0     0.0 0     2.0 0     3.5 0   -82.6 0   -79.1 0   -10.4 0    67.1 0    11.9 0   302.8 0   957.8 0
 2019   8  1  8 14 48 14.800  91.21 -9999.9 1     0.8 0     0.0 0     4.9 0   185.6 0   263.46 0   263.15 0   268.2 0   262.88 0   262.89 0     0.0 0     2.1 0     4.0 0   -82.6 0   -78.5 0   -10.4 0    66.5 0    13.1 0   299.9 0   957.8 0
 2019   8  1  8 14 49 14.817  91.07 -9999.9 1     0.8 0     0.2 0     5.1 0   185.3 0   263.46 0   263.14 0   267.9 0   262.88 0   262.87 0     0.0 0     2.2 0     4.3 0   -82.5 0   -78.2 0   -10.4 0    67.4 0    11.0 0   299.9 0   957.9 0
 2019   8  1  8 14 50 14.833  90.93 -9999.9 1     1.0 0     0.4 0     5.2 0   185.3 0   263.46 0   263.14 0   267.8 0   262.87 0   262.86 0     0.0 0     2.4 0     4.2 0   -82.5 0   -78.3 0   -10.4 0    67.5 0    11.7 0   300.0 0   957.9 0
 2019   8  1  8 14 51 14.850  90.79 -9999.9 1     1.1 0     0.4 0     5.5 0   185.4 0   263.46 0   263.13 0   267.8 0   262.85 0   262.84 0     0.0 0     2.7 0     4.4 0   -82.4 0   -78.0 0   -10.4 0    67.7 0    10.8 0   301.7 0   958.1 0
 2019   8  1  8 14 52 14.867  89.92 -9999.9 1     1.5 0     0.4 0     5.8 0   185.1 0   263.44 0   263.10 0   267.5 0   262.83 0   262.82 0     0.2 0     2.9 0     4.3 0   -82.4 0   -78.1 0   -10.5 0    68.3 0    10.6 0   300.7 0   958.1 0
 2019   8  1  8 14 53 14.883  89.83 -9999.9 1     1.6 0     0.5 0     6.3 0   185.1 0   263.43 0   263.09 0   267.7 0   262.82 0   262.80 0     0.3 0     3.1 0     4.7 0   -82.6 0   -78.0 0   -10.5 0    68.1 0    11.8 0   303.1 0   958.1 0
 2019   8  1  8 14 54 14.900  89.73 -9999.9 1     1.6 0     0.7 0     6.5 0   184.8 0   263.41 0   263.09 0   267.5 0   262.80 0   262.80 0     0.3 0     3.3 0     4.9 0   -82.7 0   -77.8 0   -10.5 0    68.1 0    11.0 0   301.5 0   958.2 0
 2019   8  1  8 14 55 14.917  89.62 -9999.9 1     1.6 0     0.8 0     7.1 0   184.8 0   263.41 0   263.09 0   267.5 0   262.79 0   262.78 0     0.4 0     3.6 0     5.5 0   -82.6 0   -77.2 0   -10.5 0    68.4 0    10.2 0   304.6 0   958.2 0
 2019   8  1  8 14 56 14.933  89.52 -9999.9 1     1.9 0    19.2 0     7.3 0   185.0 0   263.40 0   263.07 0   267.6 0   262.77 0   262.77 0     0.4 0     3.9 0     5.6 0   -82.7 0   -77.0 0   -10.6 0    68.5 0    11.5 0   302.2 0   958.2 0
 2019   8  1  8 14 57 14.950  89.41 -9999.9 1     2.7 0    76.3 0     7.9 0   184.9 0   263.38 0   263.05 0   267.8 0   262.76 0   262.77 0     0.4 0     4.2 0     5.9 0   -82.8 0   -76.9 0   -10.6 0    69.1 0    10.0 0   300.2 0   958.2 0
 2019   8  1  8 14 58 14.967  89.30 -9999.9 1     3.7 0   146.8 0     8.3 0   185.1 0   263.38 0   263.04 0   267.9 0   262.75 0   262.80 0     0.4 0     4.4 0     6.4 0   -82.8 0   -76.4 0   -10.6 0    68.5 0    11.1 0   298.2 0   958.2 0
 2019   8  1  8 14 59 14.983  89.19 -9999.9 1     4.2 0   190.9 0     8.7 0   184.9 0   263.38 0   263.05 0   267.9 0   262.73 0   262.80 0     0.5 0     4.7 0     7.2 0   -82.9 0   -75.7 0   -10.6 0    68.8 0    10.4 0   302.5 0   958.2 0
 2019   8  1  8 15  0 15.000  89.08 -9999.9 1     4.4 0   204.4 0     9.3 0   185.2 0   263.41 0   263.07 0   267.8 0   262.72 0   262.82 0     0.5 0     5.1 0     8.1 0   -82.6 0   -74.5 0   -10.6 0    68.3 0    11.4 0   300.0 0   958.2 0
 2019   8  1  8 15  1 15.017  88.97 -9999.9 1     4.4 0   213.7 0     9.5 0   185.1 0   263.41 0   263.07 0   268.0 0   262.72 0   262.81 0     0.5 0     5.4 0     8.9 0   -82.9 0   -74.0 0   -10.5 0    68.5 0    10.5 0   301.4 0   958.1 0
 2019   8  1  8 15  2 15.033  88.85 -9999.9 1     4.6 0   228.5 0    10.2 0   184.8 0   263.41 0   263.09 0   268.1 0   262.72 0   262.80 0     0.5 0     5.8 0    10.2 0   -83.3 0   -73.2 0   -10.6 0    68.9 0     9.9 0   301.2 0   958.1 0
 2019   8  1  8 15  3 15.050  88.74 -9999.9 1     5.0 0   237.5 0    10.4 0   185.1 0   263.44 0   263.09 0   267.9 0   262.70 0   262.80 0     0.5 0     6.1 0    10.6 0   -82.8 0   -72.2 0   -10.6 0    69.0 0     9.6 0   301.6 0   958.2 0
 2019   8  1  8 15  4 15.067  88.62 -9999.9 1     5.3 0   250.4 0    11.0 0   185.2 0   263.45 0   263.09 0   268.0 0   262.69 0   262.80 0     0.6 0     6.5 0    11.8 0   -82.8 0   -71.0 0   -10.6 0    69.1 0    10.1 0   302.1 0   958.2 0
 2019   8  1  8 15  5 15.083  88.50 -9999.9 1     5.6 0   263.7 0    11.4 0   185.4 0   263.46 0   263.10 0   268.0 0   262.69 0   262.80 0     0.6 0     6.9 0    12.8 0   -82.7 0   -69.9 0   -10.6 0    68.9 0    10.2 0   301.6 0   958.2 0
 2019   8  1  8 15  6 15.100  88.38 -9999.9 1     6.0 0   276.8 0    11.8 0   185.1 0   263.47 0   263.12 0   267.8 0   262.67 0   262.80 0     0.6 0     7.4 0    13.6 0   -82.7 0   -69.1 0   -10.6 0    68.9 0    10.1 0   299.6 0   958.2 0
 2019   8  1  8 15  7 15.117  88.26 -9999.9 1     6.2 0   287.7 0    12.4 0   185.3 0   263.49 0   263.13 0   268.0 0   262.67 0   262.80 0     0.7 0     7.8 0    15.0 0   -82.7 0   -67.7 0   -10.6 0    68.9 0    10.6 0   300.8 0   958.2 0
 2019   8  1  8 15  8 15.133  88.14 -9999.9 1     6.6 0   301.3 0    12.7 0   185.5 0   263.51 0   263.14 0   268.1 0   262.67 0   262.82 0     0.8 0     8.2 0    15.8 0   -82.6 0   -66.8 0   -10.5 0    68.1 0    11.7 0   299.3 0   958.3 0
 2019   8  1  8 15  9 15.150  88.02 -9999.9 1     6.9 0   311.9 0    13.4 0   185.2 0   263.52 0   263.17 0   268.0 0   262.67 0   262.83 0     0.8 0     8.7 0    17.2 0   -82.8 0   -65.6 0   -10.5 0    68.4 0    10.7 0   301.9 0   958.4 0
 2019   8  1  8 15 10 15.167  87.90 -9999.9 1     7.5 0   327.2 0    13.7 0   185.3 0   263.54 0   263.18 0   268.0 0   262.67 0   262.83 0     0.8 0 -9999.9 1    18.2 0   -82.7 0   -64.6 0   -10.5 0    68.7 0    10.4 0   298.6 0   958.5 0
 2019   8  1  8 15 11 15.183  87.78 -9999.9 1     7.7 0   334.7 0    14.2 0   185.4 0   263.57 0   263.20 0   268.0 0   262.67 0   262.83 0     0.8 0 -9999.9 1    19.5 0   -82.7 0   -63.2 0   -10.6 0    69.0 0     9.9 0   301.3 0   958.5 0
 2019   8  1  8 15 12 15.200  87.66 -9999.9 1     8.0 0   338.4 0    14.6 0   185.4 0   263.58 0   263.20 0   268.1 0   262.66 0   262.82 0     0.8 0 -9999.9 1    20.5 0   -82.6 0   -62.2 0   -10.6 0    68.8 0    10.4 0   298.4 0   958.6 0
 2019   8  1  8 15 13 15.217  87.53 -9999.9 1     8.5 0   342.7 0    14.9 0   185.4 0   263.60 0   263.22 0   268.1 0   262.66 0   262.82 0     0.8 0 -9999.9 1    21.2 0   -82.7 0   -61.5 0   -10.6 0    68.6 0    10.8 0   299.8 0   958.6 0
 2019   8  1  8 15 14 15.233  87.41 -9999.9 1     8.7 0   354.2 0    15.6 0   185.3 0   263.62 0   263.23 0   268.1 0   262.66 0   262.81 0     0.9 0 -9999.9 1    22.9 0   -82.8 0   -59.9 0   -10.6 0    69.5 0     9.5 0   296.8 0   958.7 0
 2019   8  1  8 15 15 15.250  87.29 -9999.9 1     9.3 0   366.9 0    15.8 0   185.2 0   263.62 0   263.25 0   268.3 0   262.66 0   262.81 0     0.9 0 -9999.9 1    23.9 0   -83.1 0   -59.2 0   -10.6 0    69.3 0     9.5 0   298.7 0   958.8 0
 2019   8  1  8 15 16 15.267  87.17 -9999.9 1     9.6 0   377.0 0    16.5 0   185.3 0   263.65 0   263.27 0   268.5 0   262.66 0   262.82 0     0.9 0 -9999.9 1    25.6 0   -83.2 0   -57.6 0   -10.6 0    69.0 0    10.6 0   294.5 0   958.9 0
 2019   8  1  8 15 17 15.283  87.04 -9999.9 1    10.0 0   386.6 0    16.8 0   185.3 0   263.67 0   263.28 0   268.6 0   262.66 0   262.82 0     1.0 0 -9999.9 1    26.7 0   -83.2 0   -56.5 0   -10.5 0    68.5 0    10.5 0   297.8 0   958.9 0
 2019   8  1  8 15 18 15.300  86.92 -9999.9 1    10.3 0   395.8 0    17.3 0   185.3 0   263.69 0   263.30 0   268.5 0   262.66 0   262.82 0     1.1 0 -9999.9 1    28.2 0   -83.3 0   -55.0 0   -10.5 0    68.8 0    10.3 0   296.4 0   958.9 0
 2019   8  1  8 15 19 15.317  86.80 -9999.9 1    10.8 0   403.3 0    17.7 0   185.3 0   263.71 0   263.32 0   268.5 0   262.66 0   262.83 0     1.1 0 -9999.9 1    29.4 0   -83.2 0   -53.8 0   -10.5 0    68.6 0    10.8 0   296.9 0   959.0 0
 2019   8  1  8 15 20 15.333  86.68 -9999.9 1    11.0 0   413.3 0    18.1 0   185.3 0   263.73 0   263.35 0   268.5 0   262.67 0   262.85 0     1.1 0 -9999.9 1    31.0 0   -83.2 0   -52.2 0   -10.5 0    68.2 0    11.2 0   297.1 0   959.0 0
 2019   8  1  8 15 21 15.350  86.55 -9999.9 1    11.6 0   421.1 0    18.6 0   185.3 0   263.75 0   263.36 0   268.8 0   262.69 0   262.85 0     1.2 0 -9999.9 1    32.3 0   -83.5 0   -51.2 0   -10.5 0    67.8 0    12.0 0   297.5 0   959.1 0
 2019   8  1  8 15 22 15.367  86.43 -9999.9 1    11.8 0   431.3 0    18.9 0   185.1 0   263.78 0   263.39 0   268.6 0   262.69 0   262.87 0     1.2 0 -9999.9 1    33.9 0   -83.5 0   -49.6 0   -10.5 0    67.9 0    11.1 0   297.2 0   959.1 0
 2019   8  1  8 15 23 15.383  86.31 -9999.9 1    12.4 0   437.5 0    19.4 0   185.2 0   263.80 0   263.40 0   268.9 0   262.71 0   262.87 0     1.3 0 -9999.9 1    35.2 0   -83.7 0   -48.5 0   -10.4 0    67.7 0    11.3 0   298.5 0   959.2 0
 2019   8  1  8 15 24 15.400  86.19 -9999.9 1    12.7 0   445.9 0    19.7 0   185.1 0   263.83 0   263.44 0   268.9 0   262.71 0   262.87 0     1.3 0 -9999.9 1    36.6 0   -83.8 0   -47.1 0   -10.4 0    67.6 0    11.1 0   300.5 0   959.2 0
 2019   8  1  8 15 25 15.417  86.06 -9999.9 1    13.3 0   452.5 0    20.3 0   185.1 0   263.85 0   263.46 0   268.8 0   262.73 0   262.90 0     1.4 0 -9999.9 1    38.1 0   -83.6 0   -45.6 0   -10.4 0    67.7 0    10.6 0   301.0 0   959.3 0
 2019   8  1  8 15 26 15.433  85.94 -9999.9 1    13.6 0   459.4 0    20.5 0   185.1 0   263.88 0   263.49 0   269.0 0   262.74 0   262.90 0     1.4 0 -9999.9 1    39.4 0   -83.9 0   -44.5 0   -10.4 0    67.2 0    11.6 0   299.9 0   959.3 0
 2019   8  1  8 15 27 15.450  85.82 -9999.9 1    14.1 0   467.4 0    21.1 0   185.2 0   263.91 0   263.51 0   269.2 0   262.76 0   262.91 0     1.5 0 -9999.9 1    41.1 0   -84.0 0   -42.9 0   -10.4 0    67.3 0    10.1 0   304.1 0   959.3 0
 2019   8  1  8 15 28 15.467  85.70 -9999.9 1    14.5 0   474.5 0    21.3 0   185.1 0   263.93 0   263.53 0   269.1 0   262.77 0   262.93 0     1.5 0    20.5 0    42.4 0   -84.0 0   -41.6 0   -10.4 0    67.4 0    10.3 0   303.9 0   959.3 0
 2019   8  1  8 15 29 15.483  85.57 -9999.9 1    15.0 0   482.6 0    22.0 0   185.2 0   263.96 0   263.55 0   269.0 0   262.76 0   262.92 0     1.6 0 -9999.9 1    44.2 0   -83.8 0   -39.6 0   -10.4 0    66.7 0    10.8 0   303.2 0   959.2 0
 2019   8  1  8 15 30 15.500  85.45 -9999.9 1    15.5 0   489.1 0    22.0 0   185.1 0   263.99 0   263.59 0   269.3 0   262.79 0   262.93 0     1.7 0    22.0 0    45.3 0   -84.2 0   -38.9 0   -10.4 0    66.7 0    10.5 0   305.1 0   959.3 0
 2019   8  1  8 15 31 15.517  85.33 -9999.9 1    15.8 0   496.4 0    22.7 0   185.1 0   264.03 0   263.61 0   269.1 0   262.79 0   262.95 0     1.7 0    22.9 0    47.3 0   -84.0 0   -36.8 0   -10.4 0    66.7 0    10.7 0   300.2 0   959.3 0
 2019   8  1  8 15 32 15.533  85.21 -9999.9 1    16.4 0   503.8 0    22.8 0   185.2 0   264.05 0   263.63 0   269.4 0   262.82 0   262.97 0     1.8 0    23.7 0    48.5 0   -84.3 0   -35.8 0   -10.3 0    66.6 0    10.4 0   299.5 0   959.3 0
 2019   8  1  8 15 33 15.550  85.09 -9999.9 1    16.7 0   510.2 0    23.5 0   185.2 0   264.08 0   263.66 0   269.3 0   262.82 0   262.98 0     1.8 0    24.6 0    50.4 0   -84.1 0   -33.7 0   -10.3 0    66.5 0     9.9 0   300.8 0   959.4 0
 2019   8  1  8 15 34 15.567  84.97 -9999.9 1    17.3 0   516.4 0    23.6 0   185.2 0   264.11 0   263.70 0   269.6 0   262.84 0   262.98 0     1.9 0    25.5 0    51.6 0   -84.5 0   -32.8 0   -10.3 0    66.2 0    10.3 0   301.1 0   959.5 0
 2019   8  1  8 15 35 15.583  84.85 -9999.9 1    17.6 0   524.1 0    24.2 0   185.2 0   264.14 0   263.74 0   269.7 0   262.85 0   262.99 0     1.9 0    26.4 0    53.6 0   -84.5 0   -30.8 0   -10.3 0    66.3 0    10.1 0   298.4 0   959.6 0
 2019   8  1  8 15 36 15.600  84.73 -9999.9 1    18.1 0   530.5 0    24.4 0   185.1 0   264.17 0   263.75 0   269.8 0   262.87 0   263.01 0     2.0 0    27.3 0    55.0 0   -84.7 0   -29.7 0   -10.3 0    66.4 0     9.8 0   296.7 0   959.7 0
 2019   8  1  8 15 37 15.617  84.61 -9999.9 1    18.6 0   536.6 0    24.8 0   185.0 0   264.20 0   263.78 0   269.5 0   262.87 0   263.03 0     2.0 0    28.2 0    56.7 0   -84.5 0   -27.8 0   -10.3 0    66.8 0     9.3 0   293.8 0   959.8 0
 2019   8  1  8 15 38 15.633  84.49 -9999.9 1    19.0 0   542.8 0    25.2 0   185.0 0   264.23 0   263.80 0   269.9 0   262.90 0   263.03 0     2.1 0    29.1 0    58.3 0   -84.9 0   -26.7 0   -10.3 0    66.9 0     9.3 0   293.9 0   959.8 0
 2019   8  1  8 15 39 15.650  84.37 -9999.9 1    19.6 0   550.9 0    25.5 0   184.8 0   264.26 0   263.84 0   269.8 0   262.90 0   263.04 0     2.2 0    30.1 0    59.9 0   -84.9 0   -25.0 0   -10.3 0    66.8 0     9.5 0   290.9 0   959.9 0
 2019   8  1  8 15 40 15.667  84.25 -9999.9 1    19.9 0   556.2 0    26.0 0   184.8 0   264.29 0   263.87 0   270.0 0   262.93 0   263.06 0     2.2 0    31.1 0    61.7 0   -85.2 0   -23.5 0   -10.3 0    66.9 0     9.6 0   291.9 0   959.9 0
 2019   8  1  8 15 41 15.683  84.13 -9999.9 1    20.5 0   561.9 0    26.1 0   184.7 0   264.32 0   263.88 0   269.9 0   262.93 0   263.06 0     2.3 0    32.0 0    63.1 0   -85.2 0   -22.1 0   -10.2 0    66.4 0    10.6 0   291.7 0   960.0 0
 2019   8  1  8 15 42 15.700  84.01 -9999.9 1    20.9 0   568.0 0    26.7 0   184.7 0   264.35 0   263.90 0   269.8 0   262.93 0   263.07 0     2.4 0    33.0 0    65.1 0   -85.1 0   -20.0 0   -10.3 0    66.1 0    10.3 0   289.9 0   959.9 0
 2019   8  1  8 15 43 15.717  83.89 -9999.9 1    21.4 0   573.1 0    26.8 0   184.6 0   264.37 0   263.93 0   270.0 0   262.95 0   263.09 0     2.4 0    34.0 0    66.3 0   -85.4 0   -19.1 0   -10.2 0    66.9 0     9.1 0   296.9 0   960.0 0
 2019   8  1  8 15 44 15.733  83.78 -9999.9 1    21.7 0   576.1 0    27.5 0   184.7 0   264.40 0   263.95 0   269.9 0   262.95 0   263.08 0     2.5 0    34.9 0    68.2 0   -85.1 0   -16.9 0   -10.3 0    66.7 0    10.2 0   297.4 0   960.0 0
 2019   8  1  8 15 45 15.750  83.66 -9999.9 1    22.2 0   581.6 0    27.5 0   184.6 0   264.43 0   263.94 0   269.8 0   262.95 0   263.06 0     2.6 0    35.9 0    69.5 0   -85.2 0   -15.7 0   -10.3 0    65.8 0    11.4 0   298.5 0   960.0 0
 2019   8  1  8 15 46 15.767  83.54 -9999.9 1    22.8 0   587.3 0    28.1 0   184.5 0   264.45 0   263.95 0   269.8 0   262.96 0   263.06 0     2.7 0    37.0 0    71.4 0   -85.3 0   -14.0 0   -10.3 0    65.8 0    11.5 0   300.6 0   960.0 0
 2019   8  1  8 15 47 15.783  83.42    79.3 0    23.2 0   594.2 0    28.3 0   184.3 0   264.46 0   263.97 0   270.0 0   262.96 0   263.06 0     2.7 0    38.0 0    73.1 0   -85.7 0   -12.5 0   -10.3 0    65.5 0    10.8 0   300.0 0   960.1 0
 2019   8  1  8 15 48 15.800  83.31    81.2 0    23.8 0   601.9 0    28.6 0   184.2 0   264.47 0   263.98 0   270.1 0   262.97 0   263.06 0     2.8 0    39.1 0    75.0 0   -86.0 0   -11.0 0   -10.3 0    65.3 0    11.0 0   303.9 0   960.2 0
 2019   8  1  8 15 49 15.817  83.19    82.6 0    24.2 0   605.4 0    29.1 0   184.2 0   264.48 0   263.99 0   270.3 0   262.97 0   263.05 0     2.9 0    40.0 0    76.6 0   -86.1 0    -9.5 0   -10.3 0    65.6 0    11.0 0   304.5 0   960.1 0
 2019   8  1  8 15 50 15.833  83.07    84.4 0    24.7 0   610.7 0    29.1 0   184.2 0   264.50 0   264.01 0   270.3 0   262.97 0   263.05 0     2.9 0    41.1 0    78.1 0   -86.1 0    -8.0 0   -10.3 0    66.1 0     9.3 0   303.2 0   960.1 0
 2019   8  1  8 15 51 15.850  82.96    85.9 0    25.1 0   615.9 0    29.8 0   184.0 0   264.51 0   264.03 0   270.7 0   262.98 0   263.06 0     3.0 0    42.1 0    80.2 0   -86.7 0    -6.5 0   -10.3 0    67.0 0     8.0 0   307.2 0   960.1 0
 2019   8  1  8 15 52 15.867  82.84    87.3 0    25.5 0   619.9 0    29.9 0   184.1 0   264.53 0   264.06 0   270.6 0   262.98 0   263.06 0     3.1 0    43.0 0    81.6 0   -86.5 0    -4.8 0   -10.2 0    65.9 0    10.3 0   309.8 0   960.1 0
 2019   8  1  8 15 53 15.883  82.73    89.0 0    26.0 0   625.3 0    30.2 0   184.2 0   264.56 0   264.06 0   270.4 0   262.98 0   263.07 0     3.1 0    44.1 0    83.4 0   -86.2 0    -2.8 0   -10.3 0    65.0 0    10.5 0   304.0 0   960.1 0
 2019   8  1  8 15 54 15.900  82.61    91.0 0    26.4 0   632.9 0    30.7 0   183.8 0   264.56 0   264.07 0   270.3 0   262.98 0   263.08 0     3.2 0    45.1 0    85.6 0   -86.5 0    -0.9 0   -10.3 0    65.1 0     9.9 0   305.0 0   960.1 0
 2019   8  1  8 15 55 15.917  82.50    92.3 0    26.9 0   636.5 0    30.7 0   183.9 0   264.58 0   264.13 0   270.5 0   262.99 0   263.09 0     3.3 0    46.0 0    86.8 0   -86.5 0     0.3 0   -10.2 0    65.5 0     9.0 0   305.5 0   960.1 0
 2019   8  1  8 15 56 15.933  82.39    93.8 0    27.2 0   640.1 0    31.3 0   183.9 0   264.61 0   264.14 0   270.6 0   262.99 0   263.09 0     3.4 0    46.9 0    88.9 0   -86.7 0     2.3 0   -10.2 0    65.3 0     9.9 0   312.6 0   960.1 0
 2019   8  1  8 15 57 15.950  82.27    95.3 0    27.8 0   644.1 0    31.5 0   183.7 0   264.63 0   264.14 0   270.8 0   263.01 0   263.09 0     3.4 0    47.8 0    90.3 0   -87.1 0     3.2 0   -10.2 0    64.2 0    11.1 0   312.2 0   960.2 0
 2019   8  1  8 15 58 15.967  82.16    96.7 0    28.0 0   648.6 0    31.6 0   183.9 0   264.65 0   264.15 0   270.6 0   263.01 0   263.09 0     3.5 0    48.7 0    92.0 0   -86.8 0     5.3 0   -10.2 0    63.8 0    10.5 0   310.9 0   960.2 0
 2019   8  1  8 15 59 15.983  82.05    98.5 0    28.7 0   656.0 0    32.2 0   183.8 0   264.67 0   264.17 0   270.9 0   263.02 0   263.11 0     3.6 0    49.8 0    94.3 0   -87.1 0     7.2 0   -10.2 0    64.4 0     9.6 0   310.9 0   960.2 0
 2019   8  1  8 16  0 16.000  81.93    99.8 0    28.9 0   657.2 0    32.2 0   183.7 0   264.68 0   264.20 0   271.0 0   263.04 0   263.12 0     3.7 0    50.5 0    95.6 0   -87.4 0     8.2 0   -10.2 0    64.1 0    10.5 0   315.5 0   960.2 0
 2019   8  1  8 16  1 16.017  81.82   101.1 0    29.4 0   660.7 0    32.5 0   183.9 0   264.71 0   264.22 0   271.0 0   263.04 0   263.13 0     3.8 0    51.3 0    97.0 0   -87.1 0     9.9 0   -10.2 0    64.7 0     8.9 0   312.1 0   960.3 0
 2019   8  1  8 16  2 16.033  81.71   102.8 0    29.6 0   666.9 0    33.0 0   183.9 0   264.73 0   264.29 0   271.3 0   263.05 0   263.16 0     3.8 0    52.3 0    99.5 0   -87.5 0    12.1 0   -10.1 0    65.2 0     8.8 0   311.0 0   960.3 0
 2019   8  1  8 16  3 16.050  81.60   104.3 0    30.2 0   671.2 0    33.0 0   183.6 0   264.77 0   264.27 0   271.2 0   263.07 0   263.16 0     3.9 0    53.2 0   100.9 0   -87.5 0    13.4 0   -10.1 0    63.3 0    10.6 0   309.3 0   960.4 0
 2019   8  1  8 16  4 16.067  81.49   105.8 0    30.7 0   675.4 0    33.6 0   183.3 0   264.77 0   264.26 0   271.3 0   263.09 0   263.16 0     4.0 0    54.0 0   102.8 0   -87.9 0    14.9 0   -10.1 0    63.5 0    10.9 0   313.9 0   960.4 0
 2019   8  1  8 16  5 16.083  81.38   107.2 0    31.1 0   678.9 0    33.8 0   183.6 0   264.80 0   264.32 0   271.3 0   263.09 0   263.18 0     4.1 0    54.9 0   104.5 0   -87.7 0    16.7 0   -10.1 0    63.9 0     8.9 0   313.0 0   960.5 0
 2019   8  1  8 16  6 16.100  81.27   108.7 0    31.3 0   683.1 0    33.8 0   183.4 0   264.83 0   264.34 0   271.2 0   263.09 0   263.19 0     4.2 0    55.7 0   106.2 0   -87.8 0    18.3 0   -10.1 0    64.0 0    10.3 0   309.4 0   960.5 0
 2019   8  1  8 16  7 16.117  81.16   110.1 0    31.9 0   686.2 0    34.5 0   183.5 0   264.85 0   264.34 0   271.4 0   263.10 0   263.19 0     4.2 0    56.5 0   108.0 0   -87.9 0    20.2 0   -10.1 0    63.6 0    10.4 0   313.6 0   960.5 0
 2019   8  1  8 16  8 16.133  81.05   111.4 0    32.2 0   688.7 0    34.6 0   183.7 0   264.87 0   264.36 0   271.5 0   263.12 0   263.20 0     4.3 0    57.3 0   109.5 0   -87.9 0    21.7 0   -10.1 0    63.4 0    10.6 0   316.5 0   960.5 0
 2019   8  1  8 16  9 16.150  80.94   112.9 0    32.7 0   692.8 0    34.6 0   183.6 0   264.89 0   264.41 0   271.7 0   263.12 0   263.22 0     4.4 0    58.2 0   111.0 0   -88.1 0    22.9 0   -10.1 0    63.9 0     9.0 0   311.0 0   960.5 0
 2019   8  1  8 16 10 16.167  80.83   114.5 0    32.8 0   697.0 0    35.3 0   183.8 0   264.92 0   264.42 0   272.1 0   263.14 0   263.24 0     4.5 0    59.1 0   113.4 0   -88.3 0    25.2 0   -10.1 0    64.0 0     9.5 0   307.8 0   960.6 0
 2019   8  1  8 16 11 16.183  80.73   115.9 0    33.3 0   701.2 0    35.4 0   183.5 0   264.93 0   264.41 0   271.5 0   263.14 0   263.24 0     4.6 0    59.9 0   115.1 0   -88.0 0    27.0 0   -10.1 0    62.6 0    11.3 0   313.0 0   960.6 0
 2019   8  1  8 16 12 16.200  80.62   117.3 0    33.7 0   704.0 0    35.5 0   183.7 0   264.95 0   264.44 0   272.0 0   263.16 0   263.25 0     4.6 0    60.8 0   116.5 0   -88.3 0    28.2 0   -10.1 0    63.0 0     9.3 0   311.7 0   960.6 0
 2019   8  1  8 16 13 16.217  80.51   118.6 0    34.1 0   705.5 0    36.1 0   183.7 0   264.97 0   264.45 0   271.9 0   263.17 0   263.25 0     4.7 0    61.5 0   118.3 0   -88.3 0    30.0 0   -10.1 0    62.5 0    11.8 0   309.4 0   960.8 0
 2019   8  1  8 16 14 16.233  80.41   120.1 0    34.4 0   708.7 0    36.2 0   183.6 0   264.98 0   264.46 0   272.0 0   263.18 0   263.27 0     4.8 0    62.3 0   119.9 0   -88.4 0    31.5 0   -10.1 0    62.7 0    10.5 0   311.4 0   960.7 0
 2019   8  1  8 16 15 16.250  80.30   121.1 0    34.7 0   709.9 0    36.2 0   183.8 0   265.00 0   264.51 0   272.6 0   263.20 0   263.31 0     4.9 0    62.9 0   121.1 0   -88.7 0    32.4 0   -10.0 0    63.8 0     8.6 0   312.7 0   960.8 0
 2019   8  1  8 16 16 16.267  80.19   122.5 0    35.0 0   713.0 0    36.7 0   183.6 0   265.03 0   264.52 0   272.2 0   263.20 0   263.30 0     5.0 0    63.8 0   123.1 0   -88.6 0    34.5 0   -10.0 0    62.4 0     9.4 0   310.5 0   960.7 0
 2019   8  1  8 16 17 16.283  80.09   124.0 0    35.2 0   715.4 0    37.0 0   183.4 0   265.04 0   264.53 0   272.5 0   263.22 0   263.32 0     5.1 0    64.6 0   124.9 0   -89.1 0    35.7 0   -10.0 0    62.9 0    10.8 0   305.0 0   960.8 0
 2019   8  1  8 16 18 16.300  79.98   125.7 0    35.9 0   719.1 0    37.0 0   183.5 0   265.06 0   264.53 0   272.4 0   263.23 0   263.33 0     5.2 0    65.4 0   126.2 0   -89.0 0    37.2 0   -10.0 0    63.1 0     9.7 0   307.9 0   960.8 0
 2019   8  1  8 16 19 16.317  79.88   127.1 0    36.1 0   722.4 0    37.1 0   183.6 0   265.08 0   264.58 0   272.7 0   263.25 0   263.35 0     5.3 0    66.3 0   128.0 0   -89.1 0    38.9 0   -10.0 0    62.7 0     9.7 0   304.9 0   960.8 0
 2019   8  1  8 16 20 16.333  79.78   128.5 0    36.6 0   725.9 0    37.7 0   183.5 0   265.10 0   264.63 0   272.6 0   263.25 0   263.36 0     5.4 0    67.1 0   130.0 0   -89.1 0    40.9 0   -10.0 0    62.7 0     9.6 0   309.0 0   960.9 0
 2019   8  1  8 16 21 16.350  79.67   130.2 0    36.8 0   728.5 0    37.7 0   183.4 0   265.13 0   264.64 0   272.9 0   263.27 0   263.37 0     5.5 0    67.9 0   131.6 0   -89.4 0    42.1 0    -9.9 0    62.8 0    10.1 0   303.5 0   960.9 0
 2019   8  1  8 16 22 16.367  79.57   132.0 0    37.3 0   732.1 0    38.0 0   183.1 0   265.15 0   264.60 0   272.5 0   263.28 0   263.36 0     5.5 0    68.8 0   133.2 0   -89.4 0    43.8 0   -10.0 0    62.1 0    12.6 0   304.1 0   961.0 0
 2019   8  1  8 16 23 16.383  79.47   133.4 0    37.8 0   735.3 0    38.5 0   183.3 0   265.16 0   264.60 0   272.5 0   263.28 0   263.35 0     5.6 0    69.6 0   135.2 0   -89.2 0    45.9 0   -10.0 0    62.2 0    10.5 0   307.9 0   961.0 0
 2019   8  1  8 16 24 16.400  79.36   134.8 0    38.3 0   737.3 0    38.5 0   183.4 0   265.18 0   264.64 0   272.8 0   263.28 0   263.36 0     5.7 0    70.4 0   136.3 0   -89.4 0    46.9 0   -10.0 0    62.6 0    10.4 0   305.6 0   961.0 0
 2019   8  1  8 16 25 16.417  79.26   136.4 0    38.5 0   741.6 0    38.5 0   183.3 0   265.19 0   264.65 0   272.9 0   263.28 0   263.38 0     5.8 0    71.3 0   138.2 0   -89.6 0    48.6 0   -10.0 0    62.4 0    10.2 0   306.8 0   961.0 0
 2019   8  1  8 16 26 16.433  79.16   138.2 0    38.9 0   745.2 0    38.9 0   183.2 0   265.19 0   264.67 0   273.2 0   263.30 0   263.40 0     5.9 0    72.2 0   140.2 0   -90.0 0    50.1 0   -10.0 0    62.5 0    10.8 0   305.2 0   961.0 0
 2019   8  1  8 16 27 16.450  79.06   139.6 0    39.2 0   747.4 0    39.3 0   183.4 0   265.21 0   264.68 0   273.2 0   263.30 0   263.41 0     6.0 0    73.0 0   141.9 0   -89.8 0    52.1 0   -10.0 0    62.0 0    10.1 0   301.6 0   961.0 0
 2019   8  1  8 16 28 16.467  78.96   141.1 0    39.3 0   749.4 0    39.3 0   183.7 0   265.24 0   264.75 0   273.6 0   263.31 0   263.44 0     6.1 0    73.8 0   143.5 0   -89.9 0    53.6 0    -9.9 0    62.7 0     9.4 0   311.0 0   961.1 0
 2019   8  1  8 16 29 16.483  78.86   142.4 0    39.9 0   752.4 0    39.4 0   183.3 0   265.27 0   264.75 0   273.3 0   263.33 0   263.44 0     6.2 0    74.7 0   144.9 0   -90.0 0    54.8 0    -9.9 0    61.8 0    10.9 0   310.8 0   961.1 0
 2019   8  1  8 16 30 16.500  78.76   144.1 0    40.2 0   754.5 0    40.1 0   183.2 0   265.29 0   264.72 0   273.3 0   263.35 0   263.42 0     6.3 0    75.4 0   146.9 0   -90.1 0    56.8 0    -9.9 0    61.5 0    12.3 0   309.6 0   961.2 0
 2019   8  1  8 16 31 16.517  78.66   145.8 0    40.8 0   757.2 0    40.1 0   183.3 0   265.29 0   264.75 0   273.7 0   263.35 0   263.43 0     6.4 0    76.2 0   148.2 0   -90.4 0    57.8 0   -10.0 0    62.1 0    10.3 0   305.0 0   961.2 0
 2019   8  1  8 16 32 16.533  78.57   147.1 0    40.8 0   759.0 0    40.1 0   183.4 0   265.30 0   264.79 0   273.9 0   263.36 0   263.47 0     6.5 0    77.0 0   149.8 0   -90.6 0    59.2 0    -9.9 0    62.4 0     9.6 0   304.5 0   961.2 0
 2019   8  1  8 16 33 16.550  78.47   148.6 0    40.9 0   761.3 0    40.3 0   183.4 0   265.33 0   264.81 0   274.0 0   263.37 0   263.50 0     6.6 0    77.8 0   151.6 0   -90.6 0    61.0 0    -9.8 0    62.3 0     9.5 0   304.0 0   961.3 0
 2019   8  1  8 16 34 16.567  78.37   150.1 0    41.5 0   763.0 0    40.9 0   183.4 0   265.35 0   264.87 0   274.4 0   263.40 0   263.53 0     6.7 0    78.6 0   153.2 0   -91.0 0    62.2 0    -9.8 0    62.4 0     8.9 0   310.0 0   961.4 0
 2019   8  1  8 16 35 16.583  78.27   151.7 0    41.7 0   765.2 0    40.9 0   183.5 0   265.39 0   264.88 0   274.2 0   263.41 0   263.54 0     6.8 0    79.4 0   154.8 0   -90.7 0    64.1 0    -9.8 0    62.0 0     9.6 0   308.0 0   961.5 0
 2019   8  1  8 16 36 16.600  78.18   153.1 0    42.1 0   768.0 0    40.9 0   183.3 0   265.41 0   264.91 0   274.2 0   263.43 0   263.55 0     6.9 0    80.2 0   156.2 0   -90.9 0    65.3 0    -9.8 0    61.8 0    10.7 0   309.1 0   961.5 0
 2019   8  1  8 16 37 16.617  78.08   154.9 0    42.4 0   770.3 0    41.5 0   183.5 0   265.44 0   264.94 0   274.7 0   263.46 0   263.61 0     7.0 0    81.0 0   158.1 0   -91.2 0    66.9 0    -9.7 0    62.4 0     9.1 0   304.6 0   961.5 0
 2019   8  1  8 16 38 16.633  77.99   156.5 0    42.5 0   772.4 0    41.7 0   183.4 0   265.47 0   264.96 0   274.5 0   263.48 0   263.62 0     7.1 0    81.8 0   159.9 0   -91.1 0    68.9 0    -9.7 0    61.4 0    11.3 0   303.9 0   961.6 0
 2019   8  1  8 16 39 16.650  77.89   157.9 0    43.0 0   774.1 0    41.7 0   183.6 0   265.50 0   264.99 0   274.9 0   263.52 0   263.65 0     7.2 0    82.5 0   161.1 0   -91.3 0    69.8 0    -9.7 0    61.9 0    10.1 0   303.8 0   961.6 0
 2019   8  1  8 16 40 16.667  77.80   159.3 0    43.2 0   775.4 0    41.7 0   183.4 0   265.53 0   265.03 0   275.0 0   263.54 0   263.69 0     7.3 0    83.2 0   162.4 0   -91.6 0    70.8 0    -9.6 0    61.5 0    11.0 0   307.6 0   961.6 0
 2019   8  1  8 16 41 16.683  77.70   160.9 0    43.5 0   777.9 0    42.4 0   183.1 0   265.55 0   264.99 0   274.3 0   263.57 0   263.67 0     7.4 0    84.0 0   164.5 0   -91.2 0    73.3 0    -9.7 0    60.3 0    13.1 0   310.7 0   961.6 0
 2019   8  1  8 16 42 16.700  77.61   162.6 0    44.0 0   780.3 0    42.5 0   183.3 0   265.57 0   265.00 0   274.5 0   263.57 0   263.68 0     7.5 0    84.8 0   165.8 0   -91.2 0    74.6 0    -9.7 0    61.0 0    11.5 0   307.9 0   961.6 0
 2019   8  1  8 16 43 16.717  77.52   164.1 0    44.2 0   781.9 0    42.5 0   183.5 0   265.58 0   265.06 0   275.1 0   263.59 0   263.71 0     7.6 0    85.5 0   167.3 0   -91.6 0    75.7 0    -9.7 0    61.7 0     9.8 0   309.4 0   961.6 0
 2019   8  1  8 16 44 16.733  77.43   165.5 0    44.5 0   783.7 0    42.6 0   183.6 0   265.61 0   265.14 0   275.5 0   263.61 0   263.75 0     7.7 0    86.3 0   168.8 0   -91.9 0    76.8 0    -9.6 0    61.8 0     9.9 0   310.1 0   961.7 0
 2019   8  1  8 16 45 16.750  77.33   167.0 0    44.8 0   785.2 0    43.1 0   183.6 0   265.65 0   265.16 0   275.4 0   263.63 0   263.77 0     7.8 0    87.0 0   170.5 0   -91.8 0    78.7 0    -9.6 0    61.7 0    11.4 0   305.0 0   961.7 0
 2019   8  1  8 16 46 16.767  77.24   169.1 0    45.0 0   788.7 0    43.3 0   183.6 0   265.69 0   265.15 0   275.6 0   263.66 0   263.78 0     7.9 0    87.9 0   172.4 0   -92.0 0    80.4 0    -9.6 0    61.5 0    11.2 0   305.4 0   961.7 0
 2019   8  1  8 16 47 16.783  77.15   170.7 0    45.4 0   790.1 0    43.3 0   183.5 0   265.70 0   265.17 0   275.4 0   263.68 0   263.80 0     8.0 0    88.6 0   173.5 0   -91.9 0    81.6 0    -9.6 0    61.5 0    11.3 0   306.7 0   961.8 0
 2019   8  1  8 16 48 16.800  77.06   172.3 0    45.7 0   792.4 0    43.7 0   183.5 0   265.73 0   265.19 0   275.6 0   263.70 0   263.81 0     8.2 0    89.4 0   175.4 0   -92.0 0    83.3 0    -9.6 0    61.3 0    11.8 0   306.8 0   961.8 0
 2019   8  1  8 16 49 16.817  76.97   173.9 0    46.0 0   795.1 0    44.0 0   183.9 0   265.75 0   265.25 0   276.1 0   263.72 0   263.85 0     8.3 0    90.2 0   177.2 0   -92.2 0    85.0 0    -9.5 0    62.3 0     9.6 0   306.8 0   961.8 0
 2019   8  1  8 16 50 16.833  76.88   175.6 0    46.3 0   797.1 0    44.0 0   183.7 0   265.78 0   265.25 0   276.0 0   263.74 0   263.88 0     8.4 0    90.9 0   178.6 0   -92.3 0    86.3 0    -9.5 0    61.5 0    12.0 0   302.2 0   961.9 0
 2019   8  1  8 16 51 16.850  76.79   177.4 0    46.5 0   798.8 0    44.0 0   183.8 0   265.81 0   265.25 0   275.7 0   263.76 0   263.88 0     8.5 0    91.7 0   180.0 0   -92.0 0    88.1 0    -9.5 0    61.4 0    11.6 0   306.0 0   961.8 0
 2019   8  1  8 16 52 16.867  76.71   179.1 0    46.9 0   801.0 0    44.2 0   183.5 0   265.82 0   265.27 0   275.8 0   263.78 0   263.90 0     8.6 0    92.5 0   181.5 0   -92.2 0    89.3 0    -9.4 0    61.1 0    13.1 0   299.5 0   961.9 0
 2019   8  1  8 16 53 16.883  76.62   180.7 0    47.2 0   802.8 0    44.7 0   183.6 0   265.84 0   265.28 0   275.9 0   263.80 0   263.94 0     8.7 0    93.2 0   183.3 0   -92.3 0    91.0 0    -9.4 0    61.0 0    12.5 0   302.9 0   961.9 0
 2019   8  1  8 16 54 16.900  76.53   182.3 0    47.3 0   804.5 0    44.8 0   183.6 0   265.86 0   265.34 0   276.5 0   263.83 0   263.97 0     8.8 0    93.9 0   184.9 0   -92.9 0    92.0 0    -9.4 0    61.8 0    10.7 0   303.9 0   961.9 0
 2019   8  1  8 16 55 16.917  76.44   183.9 0    47.8 0   806.5 0    44.8 0   183.8 0   265.89 0   265.36 0   276.3 0   263.85 0   263.98 0     8.9 0    94.7 0   186.1 0   -92.5 0    93.6 0    -9.4 0    61.5 0    10.4 0   305.1 0   961.8 0
 2019   8  1  8 16 56 16.933  76.36   185.2 0    48.1 0   808.2 0    44.8 0   183.9 0   265.91 0   265.41 0   276.9 0   263.88 0   264.03 0     9.0 0    95.4 0   187.3 0   -92.9 0    94.4 0    -9.3 0    62.0 0     9.9 0   305.2 0   961.8 0
 2019   8  1  8 16 57 16.950  76.27   187.1 0    48.2 0   810.4 0    44.9 0   183.9 0   265.95 0   265.42 0   276.9 0   263.91 0   264.04 0     9.1 0    96.1 0   189.0 0   -93.0 0    95.9 0    -9.3 0    61.4 0    11.1 0   306.5 0   961.8 0
 2019   8  1  8 16 58 16.967  76.19   188.7 0    48.7 0   811.8 0    45.5 0   183.7 0   265.97 0   265.43 0   277.0 0   263.94 0   264.06 0     9.2 0    96.9 0   190.6 0   -93.3 0    97.3 0    -9.3 0    61.5 0    10.3 0   305.4 0   961.9 0
 2019   8  1  8 16 59 16.983  76.10   190.3 0    48.9 0   814.2 0    45.6 0   183.7 0   266.00 0   265.47 0   276.8 0   263.95 0   264.08 0     9.3 0    97.6 0   192.2 0   -93.1 0    99.2 0    -9.3 0    61.3 0    11.2 0   307.7 0   961.8 0
 2019   8  1  8 17  0 17.000  76.02   191.9 0    49.4 0   815.8 0    45.6 0   183.5 0   266.01 0   265.45 0   276.8 0   263.97 0   264.08 0     9.4 0    98.3 0   193.3 0   -93.3 0   100.0 0    -9.3 0    61.4 0    11.3 0   302.1 0   961.9 0
 2019   8  1  8 17  1 17.017  75.94   193.8 0    49.7 0   816.8 0    45.6 0   183.8 0   266.04 0   265.50 0   277.3 0   263.99 0   264.12 0     9.5 0    99.0 0   194.4 0   -93.5 0   100.9 0    -9.3 0    61.8 0    10.7 0   303.1 0   961.9 0
 2019   8  1  8 17  2 17.033  75.85   195.2 0    49.7 0   818.1 0    45.7 0   183.7 0   266.06 0   265.52 0   277.3 0   264.00 0   264.14 0     9.6 0    99.6 0   195.9 0   -93.6 0   102.4 0    -9.2 0    61.7 0    10.8 0   314.0 0   961.9 0
 2019   8  1  8 17  3 17.050  75.77   196.9 0    50.1 0   820.0 0    46.2 0   183.6 0   266.09 0   265.52 0   277.3 0   264.03 0   264.14 0     9.7 0   100.4 0   197.6 0   -93.6 0   103.9 0    -9.3 0    61.4 0    10.6 0   308.2 0   961.9 0
 2019   8  1  8 17  4 17.067  75.69   198.1 0    50.4 0   821.1 0    46.4 0   183.9 0   266.11 0   265.58 0   278.0 0   264.04 0   264.18 0     9.8 0   101.0 0   198.9 0   -94.1 0   104.8 0    -9.2 0    62.2 0     9.8 0   305.8 0   962.0 0
 2019   8  1  8 17  5 17.083  75.61   199.8 0    50.5 0   821.7 0    46.4 0   183.8 0   266.13 0   265.60 0   277.7 0   264.05 0   264.19 0    10.0 0   101.6 0   200.1 0   -94.0 0   106.1 0    -9.2 0    61.8 0    10.3 0   305.9 0   962.0 0
 2019   8  1  8 17  6 17.100  75.53   201.4 0    50.5 0   824.2 0    46.4 0   183.9 0   266.16 0   265.66 0   278.4 0   264.08 0   264.24 0    10.1 0   102.4 0   201.8 0   -94.5 0   107.3 0    -9.1 0    62.3 0     9.3 0   303.6 0   962.0 0
 2019   8  1  8 17  7 17.117  75.45   203.4 0    51.0 0   827.0 0    46.4 0   183.6 0   266.20 0   265.65 0   277.7 0   264.11 0   264.23 0    10.2 0   103.1 0   203.2 0   -94.0 0   109.1 0    -9.1 0    61.0 0    11.6 0   303.9 0   962.0 0
 2019   8  1  8 17  8 17.133  75.37   205.2 0    51.3 0   829.1 0    46.8 0   183.6 0   266.22 0   265.67 0   277.9 0   264.13 0   264.25 0    10.3 0   103.8 0   204.9 0   -94.3 0   110.6 0    -9.1 0    61.2 0    11.5 0   301.8 0   962.0 0
 2019   8  1  8 17  9 17.150  75.29   207.0 0    51.5 0   831.0 0    47.2 0   183.5 0   266.24 0   265.70 0   278.2 0   264.15 0   264.27 0    10.4 0   104.5 0   206.6 0   -94.7 0   111.9 0    -9.1 0    61.5 0    10.6 0   303.3 0   962.0 0
 2019   8  1  8 17 10 17.167  75.21   208.7 0    51.8 0   832.6 0    47.2 0   183.5 0   266.26 0   265.72 0   278.1 0   264.16 0   264.29 0    10.5 0   105.2 0   207.9 0   -94.6 0   113.3 0    -9.1 0    61.2 0    11.9 0   303.4 0   962.0 0
 2019   8  1  8 17 11 17.183  75.14   210.5 0    52.2 0   834.6 0    47.2 0   183.2 0   266.29 0   265.71 0   277.7 0   264.17 0   264.26 0    10.6 0   105.9 0   209.1 0   -94.5 0   114.5 0    -9.2 0    60.4 0    12.9 0   303.2 0   962.0 0
 2019   8  1  8 17 12 17.200  75.06   212.1 0    52.4 0   836.0 0    47.2 0   183.5 0   266.31 0   265.75 0   278.3 0   264.17 0   264.31 0    10.7 0   106.5 0   210.3 0   -94.7 0   115.6 0    -9.1 0    61.8 0    11.2 0   301.4 0   962.1 0
 2019   8  1  8 17 13 17.217  74.98   213.7 0    52.5 0   836.9 0    47.2 0   183.3 0   266.32 0   265.78 0   278.5 0   264.20 0   264.33 0    10.8 0   107.1 0   211.6 0   -95.2 0   116.4 0    -9.1 0    61.2 0    10.8 0   301.9 0   962.1 0
 2019   8  1  8 17 14 17.233  74.91   214.9 0    52.9 0   837.6 0    47.5 0   183.2 0   266.36 0   265.79 0   278.2 0   264.22 0   264.34 0    10.9 0   107.7 0   212.7 0   -95.0 0   117.7 0    -9.0 0    60.8 0    12.6 0   306.0 0   962.0 0
 2019   8  1  8 17 15 17.250  74.83   217.1 0    53.3 0   840.1 0    48.0 0   183.1 0   266.37 0   265.76 0   278.1 0   264.22 0   264.33 0    11.0 0   108.4 0   214.5 0   -95.0 0   119.4 0    -9.1 0    60.5 0    12.1 0   300.8 0   962.1 0
 2019   8  1  8 17 16 17.267  74.76   218.4 0    53.7 0   841.4 0    48.0 0   183.2 0   266.38 0   265.83 0   278.7 0   264.23 0   264.35 0    11.1 0   109.1 0   215.5 0   -95.5 0   120.0 0    -9.1 0    61.5 0    10.7 0   305.5 0   962.1 0
 2019   8  1  8 17 17 17.283  74.68   220.0 0    53.7 0   843.1 0    48.0 0   183.3 0   266.41 0   265.83 0   279.0 0   264.25 0   264.37 0    11.3 0   109.7 0   216.9 0   -95.7 0   121.3 0    -9.1 0    61.4 0    10.3 0   307.0 0   962.1 0
 2019   8  1  8 17 18 17.300  74.61   221.4 0    53.7 0   844.6 0    48.0 0   183.2 0   266.42 0   265.89 0   279.2 0   264.25 0   264.41 0    11.4 0   110.4 0   218.4 0   -96.0 0   122.4 0    -9.0 0    61.6 0    10.6 0   304.0 0   962.1 0
 2019   8  1  8 17 19 17.317  74.54   223.2 0    54.0 0   845.8 0    48.1 0   183.0 0   266.45 0   265.87 0   279.0 0   264.28 0   264.41 0    11.5 0   111.0 0   219.6 0   -96.0 0   123.6 0    -9.0 0    60.9 0    10.8 0   306.1 0   962.2 0
 2019   8  1  8 17 20 17.333  74.46   224.7 0    54.5 0   846.8 0    48.4 0   183.4 0   266.47 0   265.91 0   279.6 0   264.30 0   264.43 0    11.6 0   111.6 0   220.7 0   -96.2 0   124.5 0    -9.0 0    61.5 0     9.6 0   300.9 0   962.2 0
 2019   8  1  8 17 21 17.350  74.39   226.1 0    54.5 0   847.4 0    48.6 0   183.3 0   266.49 0   265.96 0   279.4 0   264.32 0   264.47 0    11.7 0   112.1 0   222.1 0   -96.0 0   126.0 0    -8.9 0    60.6 0    11.4 0   296.6 0   962.2 0
 2019   8  1  8 17 22 17.367  74.32   227.6 0    54.6 0   849.0 0    48.8 0   183.3 0   266.53 0   266.00 0   279.7 0   264.35 0   264.50 0    11.8 0   112.8 0   223.6 0   -96.4 0   127.2 0    -8.9 0    60.8 0    10.8 0   305.2 0   962.2 0
 2019   8  1  8 17 23 17.383  74.25   229.1 0    54.9 0   850.3 0    48.8 0   182.9 0   266.56 0   265.97 0   279.2 0   264.36 0   264.48 0    11.9 0   113.3 0   224.6 0   -96.2 0   128.4 0    -8.9 0    60.0 0    11.7 0   309.7 0   962.2 0
 2019   8  1  8 17 24 17.400  74.18   230.5 0    55.4 0   851.3 0    48.8 0   182.9 0   266.57 0   265.98 0   279.4 0   264.38 0   264.50 0    12.0 0   113.9 0   225.5 0   -96.5 0   129.0 0    -9.0 0    60.3 0    11.4 0   302.8 0   962.2 0
 2019   8  1  8 17 25 17.417  74.11   232.0 0    55.4 0   853.1 0    48.8 0   183.0 0   266.59 0   266.03 0   279.9 0   264.39 0   264.54 0    12.1 0   114.5 0   226.9 0   -96.9 0   130.1 0    -8.9 0    60.6 0    10.8 0   301.6 0   962.2 0
 2019   8  1  8 17 26 17.433  74.04   233.6 0    55.4 0   854.6 0    48.9 0   182.7 0   266.62 0   266.03 0   280.1 0   264.42 0   264.59 0    12.2 0   115.2 0   228.5 0   -97.4 0   131.2 0    -8.8 0    60.4 0    10.7 0   296.0 0   962.2 0
 2019   8  1  8 17 27 17.450  73.97   235.4 0    55.8 0   856.9 0    49.3 0   182.4 0   266.62 0   266.04 0   279.7 0   264.45 0   264.59 0    12.3 0   115.8 0   230.1 0   -97.3 0   132.8 0    -8.8 0    59.2 0    12.4 0   298.0 0   962.3 0
 2019   8  1  8 17 28 17.467  73.91   236.9 0    56.2 0   857.5 0    49.5 0   182.4 0   266.65 0   266.05 0   279.4 0   264.46 0   264.58 0    12.5 0   116.4 0   231.1 0   -97.0 0   134.0 0    -8.9 0    59.3 0    12.9 0   304.6 0   962.4 0
 2019   8  1  8 17 29 17.483  73.84   238.1 0    56.6 0   858.6 0    49.5 0   182.2 0   266.66 0   266.06 0   279.2 0   264.46 0   264.57 0    12.6 0   116.9 0   232.0 0   -97.0 0   134.9 0    -8.9 0    59.3 0    13.3 0   305.8 0   962.3 0
 2019   8  1  8 17 30 17.500  73.77   239.6 0    57.0 0   859.9 0    49.5 0   182.1 0   266.67 0   266.02 0   279.2 0   264.46 0   264.54 0    12.7 0   117.4 0   232.9 0   -97.1 0   135.8 0    -9.0 0    59.5 0    12.8 0   303.8 0   962.3 0
 2019   8  1  8 17 31 17.517  73.71   241.2 0    57.2 0   861.7 0    49.5 0   182.3 0   266.67 0   266.06 0   279.9 0   264.46 0   264.56 0    12.8 0   118.1 0   234.1 0   -97.6 0   136.6 0    -9.0 0    60.2 0    11.9 0   301.6 0   962.3 0
 2019   8  1  8 17 32 17.533  73.64   242.2 0    57.0 0   862.3 0    49.5 0   182.5 0   266.68 0   266.12 0   280.1 0   264.46 0   264.61 0    12.9 0   118.6 0   235.4 0   -97.7 0   137.7 0    -8.9 0    60.4 0    12.2 0   298.6 0   962.3 0
 2019   8  1  8 17 33 17.550  73.58   244.1 0    57.6 0   864.5 0    49.5 0   182.2 0   266.70 0   266.08 0   279.6 0   264.46 0   264.59 0    13.0 0   119.3 0   236.3 0   -97.4 0   139.0 0    -8.9 0    59.5 0    12.7 0   297.1 0   962.3 0
 2019   8  1  8 17 34 17.567  73.51   245.4 0    57.8 0   866.0 0    49.6 0   182.6 0   266.71 0   266.17 0   280.5 0   264.48 0   264.63 0    13.1 0   119.9 0   237.6 0   -97.8 0   139.7 0    -8.9 0    60.3 0    11.9 0   292.1 0   962.4 0
 2019   8  1  8 17 35 17.583  73.45   246.9 0    57.8 0   867.6 0    49.8 0   182.3 0   266.73 0   266.17 0   280.2 0   264.50 0   264.65 0    13.2 0   120.5 0   239.1 0   -98.0 0   141.1 0    -8.8 0    59.8 0    11.9 0   296.4 0   962.4 0
 2019   8  1  8 17 36 17.600  73.39   248.1 0    58.0 0   868.3 0    50.3 0   182.3 0   266.76 0   266.16 0   280.4 0   264.52 0   264.66 0    13.3 0   121.0 0   240.5 0   -98.1 0   142.4 0    -8.8 0    59.5 0    11.6 0   293.2 0   962.4 0
 2019   8  1  8 17 37 17.617  73.33   249.4 0    58.2 0   868.8 0    50.3 0   182.5 0   266.78 0   266.21 0   280.8 0   264.53 0   264.71 0    13.4 0   121.5 0   241.5 0   -98.3 0   143.2 0    -8.8 0    59.8 0    11.3 0   295.0 0   962.5 0
 2019   8  1  8 17 38 17.633  73.26   250.5 0    58.2 0   868.7 0    50.3 0   182.8 0   266.81 0   266.28 0   281.6 0   264.56 0   264.74 0    13.5 0   122.0 0   242.3 0   -98.7 0   143.5 0    -8.7 0    60.4 0     9.6 0   302.2 0   962.5 0
 2019   8  1  8 17 39 17.650  73.20   251.6 0    58.2 0   869.4 0    50.3 0   182.6 0   266.84 0   266.33 0   281.4 0   264.60 0   264.77 0    13.6 0   122.5 0   243.4 0   -98.9 0   144.5 0    -8.6 0    59.7 0    10.6 0   310.1 0   962.6 0
 2019   8  1  8 17 40 17.667  73.14   252.8 0    58.6 0   870.4 0    50.4 0   182.1 0   266.88 0   266.32 0   281.1 0   264.63 0   264.77 0    13.7 0   123.0 0   244.2 0   -99.0 0   145.3 0    -8.6 0    59.1 0    11.1 0   312.4 0   962.7 0
 2019   8  1  8 17 41 17.683  73.08   253.8 0    58.9 0   870.6 0    51.0 0   182.0 0   266.91 0   266.31 0   281.4 0   264.65 0   264.77 0    13.8 0   123.4 0   245.5 0   -99.4 0   146.1 0    -8.7 0    59.5 0    10.4 0   308.8 0   962.8 0
 2019   8  1  8 17 42 17.700  73.02   255.1 0    59.1 0   871.8 0    51.1 0   182.1 0   266.93 0   266.34 0   281.5 0   264.65 0   264.78 0    13.9 0   123.9 0   246.5 0   -99.3 0   147.2 0    -8.7 0    59.7 0    10.6 0   311.1 0   962.8 0
 2019   8  1  8 17 43 17.717  72.97   256.1 0    59.3 0   872.3 0    51.1 0   181.9 0   266.94 0   266.41 0   281.8 0   264.67 0   264.82 0    14.0 0   124.3 0   247.3 0   -99.9 0   147.4 0    -8.6 0    59.6 0     9.7 0   314.5 0   962.8 0
 2019   8  1  8 17 44 17.733  72.91   257.1 0    59.4 0   872.9 0    51.1 0   181.7 0   266.97 0   266.40 0   281.6 0   264.67 0   264.83 0    14.1 0   124.7 0   248.3 0   -99.9 0   148.3 0    -8.6 0    59.6 0    10.1 0   314.2 0   962.8 0
 2019   8  1  8 17 45 17.750  72.85   258.1 0    59.4 0   873.4 0    51.1 0   181.9 0   266.99 0   266.44 0   282.1 0   264.70 0   264.86 0    14.2 0   125.1 0   249.2 0  -100.3 0   149.0 0    -8.6 0    59.8 0     9.8 0   313.2 0   962.9 0
 2019   8  1  8 17 46 17.767  72.80   259.6 0    59.7 0   875.4 0    51.1 0   181.9 0   267.03 0   266.45 0   282.1 0   264.73 0   264.88 0    14.3 0   125.7 0   250.3 0  -100.2 0   150.1 0    -8.6 0    59.5 0    10.2 0   315.6 0   962.8 0
 2019   8  1  8 17 47 17.783  72.74   260.6 0    59.9 0   876.1 0    51.1 0   182.0 0   267.04 0   266.50 0   282.5 0   264.74 0   264.90 0    14.4 0   126.2 0   251.2 0  -100.5 0   150.7 0    -8.6 0    60.0 0    10.0 0   311.5 0   962.8 0
 2019   8  1  8 17 48 17.800  72.68   262.0 0    60.2 0   878.4 0    51.1 0   181.8 0   267.08 0   266.51 0   282.1 0   264.77 0   264.90 0    14.5 0   126.8 0   252.4 0  -100.3 0   152.0 0    -8.6 0    59.2 0    10.8 0   314.4 0   962.7 0
 2019   8  1  8 17 49 17.817  72.63   263.5 0    60.4 0   881.3 0    51.1 0   182.2 0   267.10 0   266.58 0   283.0 0   264.78 0   264.94 0    14.6 0   127.4 0   253.8 0  -100.8 0   153.0 0    -8.6 0    60.8 0     8.7 0   312.0 0   962.7 0
 2019   8  1  8 17 50 17.833  72.58   264.8 0    60.4 0   882.8 0    51.1 0   182.2 0   267.14 0   266.62 0   282.8 0   264.79 0   264.97 0    14.7 0   128.0 0   255.0 0  -100.7 0   154.4 0    -8.4 0    59.9 0    10.0 0   312.7 0   962.7 0
 2019   8  1  8 17 51 17.850  72.52   266.3 0    60.7 0   884.9 0    51.1 0   182.5 0   267.18 0   266.66 0   283.4 0   264.83 0   265.01 0    14.8 0   128.5 0   256.2 0  -100.9 0   155.3 0    -8.4 0    60.4 0     8.6 0   310.3 0   962.7 0
 2019   8  1  8 17 52 17.867  72.47   267.1 0    60.4 0   885.2 0    51.1 0   182.7 0   267.23 0   266.72 0   284.2 0   264.87 0   265.09 0    14.9 0   128.9 0   257.3 0  -101.5 0   155.8 0    -8.3 0    60.8 0     8.3 0   311.9 0   962.6 0
 2019   8  1  8 17 53 17.883  72.42   268.6 0    60.9 0   886.5 0    51.3 0   182.3 0   267.27 0   266.72 0   283.1 0   264.91 0   265.06 0    15.0 0   129.4 0   258.2 0  -100.8 0   157.4 0    -8.3 0    58.9 0    10.2 0   311.6 0   962.6 0
 2019   8  1  8 17 54 17.900  72.37   269.5 0    61.3 0   887.0 0    51.7 0   182.5 0   267.30 0   266.74 0   283.6 0   264.93 0   265.06 0    15.1 0   129.7 0   259.1 0  -101.1 0   158.0 0    -8.4 0    59.8 0     9.0 0   308.5 0   962.6 0
 2019   8  1  8 17 55 17.917  72.32   270.7 0    61.3 0   888.2 0    51.8 0   182.8 0   267.34 0   266.81 0   284.0 0   264.95 0   265.13 0    15.2 0   130.3 0   260.3 0  -101.2 0   159.1 0    -8.3 0    60.2 0     9.9 0   311.8 0   962.5 0
 2019   8  1  8 17 56 17.933  72.27   271.9 0    61.7 0   889.4 0    51.9 0   182.2 0   267.37 0   266.78 0   283.4 0   264.98 0   265.11 0    15.3 0   130.7 0   261.1 0  -101.1 0   160.0 0    -8.3 0    58.8 0    11.4 0   308.1 0   962.5 0
 2019   8  1  8 17 57 17.950  72.22   273.1 0    61.8 0   890.5 0    51.9 0   182.5 0   267.40 0   266.81 0   283.4 0   264.99 0   265.13 0    15.3 0   131.2 0   262.0 0  -100.9 0   161.1 0    -8.4 0    59.2 0    11.0 0   313.0 0   962.5 0
 2019   8  1  8 17 58 17.967  72.17   274.1 0    61.9 0   891.2 0    51.9 0   182.4 0   267.41 0   266.83 0   283.3 0   265.00 0   265.15 0    15.4 0   131.7 0   262.9 0  -100.9 0   162.1 0    -8.3 0    59.2 0    10.8 0   311.5 0   962.5 0
 2019   8  1  8 17 59 17.983  72.12   275.1 0    62.3 0   891.6 0    51.9 0   182.4 0   267.44 0   266.83 0   283.2 0   265.02 0   265.14 0    15.5 0   131.9 0   263.3 0  -100.8 0   162.6 0    -8.4 0    58.8 0    11.8 0   307.6 0   962.6 0
 2019   8  1  8 18  0 18.000  72.07   276.3 0    62.6 0   892.3 0    51.9 0   182.3 0   267.45 0   266.83 0   283.0 0   265.02 0   265.13 0    15.6 0   132.3 0   263.9 0  -100.7 0   163.2 0    -8.4 0    58.7 0    12.4 0   304.9 0   962.6 0
 2019   8  1  8 18  1 18.017  72.03   277.4 0    62.6 0   893.0 0    51.9 0   182.1 0   267.45 0   266.81 0   283.0 0   265.02 0   265.15 0    15.7 0   132.8 0   264.8 0  -100.9 0   163.9 0    -8.4 0    58.8 0    11.9 0   309.0 0   962.6 0
 2019   8  1  8 18  2 18.033  71.98   278.5 0    62.6 0   893.7 0    51.9 0   182.4 0   267.45 0   266.82 0   283.4 0   265.02 0   265.16 0    15.8 0   133.2 0   265.7 0  -101.0 0   164.7 0    -8.4 0    59.4 0    11.3 0   310.7 0   962.6 0
 2019   8  1  8 18  3 18.050  71.94   279.0 0    62.6 0   894.1 0    51.9 0   182.6 0   267.47 0   266.85 0   283.6 0   265.05 0   265.19 0    15.9 0   133.6 0   266.5 0  -101.0 0   165.5 0    -8.3 0    59.4 0    11.7 0   313.9 0   962.6 0
 2019   8  1  8 18  4 18.067  71.89   280.2 0    62.8 0   894.4 0    51.9 0   182.6 0   267.48 0   266.87 0   283.5 0   265.05 0   265.20 0    15.9 0   134.0 0   267.1 0  -100.9 0   166.2 0    -8.3 0    59.5 0    11.7 0   310.9 0   962.6 0
 2019   8  1  8 18  5 18.083  71.85   281.0 0    62.8 0   894.8 0    51.9 0   182.6 0   267.50 0   266.86 0   283.5 0   265.07 0   265.21 0    16.0 0   134.2 0   267.8 0  -101.0 0   166.9 0    -8.3 0    59.0 0    12.6 0   308.2 0   962.7 0
 2019   8  1  8 18  6 18.100  71.80   282.1 0    63.4 0   895.3 0    52.0 0   182.3 0   267.50 0   266.84 0   283.1 0   265.07 0   265.18 0    16.1 0   134.5 0   268.2 0  -100.7 0   167.4 0    -8.4 0    58.5 0    13.3 0   305.0 0   962.7 0
 2019   8  1  8 18  7 18.117  71.76   283.4 0    63.4 0   896.8 0    52.4 0   182.1 0   267.50 0   266.80 0   283.1 0   265.07 0   265.20 0    16.2 0   135.0 0   269.6 0  -101.1 0   168.6 0    -8.4 0    58.7 0    12.6 0   304.1 0   962.7 0
 2019   8  1  8 18  8 18.133  71.72   284.4 0    63.4 0   896.4 0    52.6 0   182.1 0   267.48 0   266.80 0   283.7 0   265.09 0   265.22 0    16.2 0   135.2 0   270.4 0  -101.6 0   168.8 0    -8.3 0    59.0 0    11.8 0   302.9 0   962.6 0
 2019   8  1  8 18  9 18.150  71.68   285.4 0    63.7 0   898.0 0    52.4 0   182.1 0   267.47 0   266.83 0   283.7 0   265.10 0   265.23 0    16.3 0   135.7 0   270.9 0  -101.6 0   169.3 0    -8.3 0    58.3 0    13.0 0   305.3 0   962.6 0
 2019   8  1  8 18 10 18.167  71.64   286.3 0    64.2 0   898.5 0    52.5 0   182.1 0   267.47 0   266.83 0   283.5 0   265.10 0   265.22 0    16.4 0   136.0 0   271.3 0  -101.4 0   169.9 0    -8.3 0    58.4 0    12.5 0   302.8 0   962.6 0
 2019   8  1  8 18 11 18.183  71.60   286.7 0    64.0 0   897.9 0    52.3 0   182.6 0   267.49 0   266.90 0   284.1 0   265.11 0   265.27 0    16.5 0   136.3 0   271.8 0  -101.5 0   170.3 0    -8.2 0    59.5 0    11.4 0   307.4 0   962.6 0
 2019   8  1  8 18 12 18.200  71.56   287.8 0    64.2 0   899.5 0    52.4 0   182.1 0   267.50 0   266.88 0   283.8 0   265.13 0   265.25 0    16.6 0   136.7 0   272.7 0  -101.7 0   171.0 0    -8.3 0    59.3 0    11.6 0   312.8 0   962.5 0
 2019   8  1  8 18 13 18.217  71.52   288.6 0    64.2 0   900.7 0    52.4 0   182.3 0   267.51 0   266.91 0   284.1 0   265.13 0   265.28 0    16.7 0   137.1 0   273.6 0  -101.9 0   171.8 0    -8.3 0    59.8 0    11.7 0   311.9 0   962.5 0
 2019   8  1  8 18 14 18.233  71.48   289.4 0    64.2 0   900.8 0    52.6 0   182.4 0   267.53 0   266.93 0   284.0 0   265.15 0   265.28 0    16.7 0   137.3 0   274.4 0  -101.7 0   172.8 0    -8.3 0    59.6 0    13.0 0   314.1 0   962.4 0
 2019   8  1  8 18 15 18.250  71.44   290.3 0    64.2 0   902.4 0    52.7 0   182.1 0   267.55 0   266.92 0   284.2 0   265.15 0   265.28 0    16.8 0   137.8 0   275.6 0  -102.1 0   173.5 0    -8.3 0    59.8 0    12.3 0   312.1 0   962.4 0
 2019   8  1  8 18 16 18.267  71.41   291.5 0    64.6 0   903.3 0    52.7 0   181.5 0   267.55 0   266.91 0   283.9 0   265.15 0   265.24 0    16.9 0   138.1 0   276.1 0  -102.4 0   173.8 0    -8.3 0    59.3 0    12.4 0   311.6 0   962.3 0
 2019   8  1  8 18 17 18.283  71.37   292.1 0    64.9 0   904.4 0    52.7 0   181.5 0   267.55 0   266.91 0   283.7 0   265.14 0   265.24 0    17.0 0   138.5 0   276.7 0  -102.2 0   174.5 0    -8.4 0    59.6 0    13.2 0   312.0 0   962.2 0
 2019   8  1  8 18 18 18.300  71.34   293.4 0    65.1 0   905.8 0    52.7 0   181.4 0   267.55 0   266.89 0   284.1 0   265.13 0   265.25 0    17.1 0   138.8 0   277.5 0  -102.7 0   174.8 0    -8.4 0    60.1 0    12.2 0   309.3 0   962.2 0
 2019   8  1  8 18 19 18.317  71.30   294.2 0    65.1 0   906.5 0    52.7 0   181.3 0   267.55 0   266.89 0   284.0 0   265.13 0   265.26 0    17.1 0   139.1 0   278.2 0  -102.7 0   175.5 0    -8.3 0    59.1 0    13.7 0   304.6 0   962.2 0
 2019   8  1  8 18 20 18.333  71.27   295.3 0    65.0 0   907.6 0    52.7 0   181.8 0   267.55 0   266.97 0   285.0 0   265.15 0   265.32 0    17.2 0   139.5 0   279.1 0  -103.2 0   175.9 0    -8.2 0    59.9 0    11.3 0   307.3 0   962.2 0
 2019   8  1  8 18 21 18.350  71.23   296.1 0    65.1 0   909.1 0    52.7 0   181.5 0   267.59 0   266.98 0   284.2 0   265.17 0   265.29 0    17.3 0   139.9 0   280.0 0  -102.7 0   177.3 0    -8.2 0    59.4 0    13.1 0   308.4 0   962.1 0
 2019   8  1  8 18 22 18.367  71.20   297.2 0    65.7 0   910.5 0    52.7 0   181.2 0   267.60 0   266.93 0   283.9 0   265.17 0   265.26 0    17.4 0   140.2 0   280.4 0  -102.7 0   177.6 0    -8.3 0    58.8 0    14.2 0   304.4 0   962.1 0
 2019   8  1  8 18 23 18.383  71.17   298.1 0    65.9 0   911.5 0    52.7 0   181.1 0   267.60 0   266.90 0   283.8 0   265.16 0   265.25 0    17.4 0   140.5 0   281.0 0  -102.7 0   178.3 0    -8.4 0    59.0 0    13.6 0   307.7 0   962.1 0
 2019   8  1  8 18 24 18.400  71.14   299.1 0    66.0 0   912.9 0    52.7 0   181.2 0   267.60 0   266.91 0   284.0 0   265.15 0   265.23 0    17.5 0   141.0 0   281.8 0  -102.7 0   179.0 0    -8.4 0    58.8 0    14.4 0   308.0 0   962.1 0
 2019   8  1  8 18 25 18.417  71.11   300.0 0    66.4 0   913.8 0    53.0 0   180.9 0   267.58 0   266.88 0   283.5 0   265.12 0   265.21 0    17.6 0   141.2 0   282.5 0  -102.7 0   179.8 0    -8.5 0    58.5 0    14.6 0   310.0 0   962.0 0
 2019   8  1  8 18 26 18.433  71.08   300.9 0    66.6 0   914.7 0    53.5 0   181.1 0   267.58 0   266.88 0   284.1 0   265.10 0   265.23 0    17.6 0   141.6 0   283.5 0  -103.0 0   180.5 0    -8.4 0    59.4 0    12.8 0   307.9 0   962.0 0
 2019   8  1  8 18 27 18.450  71.05   301.5 0    65.9 0   914.9 0    53.5 0   181.6 0   267.57 0   266.97 0   284.8 0   265.11 0   265.30 0    17.7 0   142.0 0   284.6 0  -103.2 0   181.4 0    -8.2 0    59.7 0    11.7 0   309.9 0   962.1 0
 2019   8  1  8 18 28 18.467  71.02   302.6 0    66.6 0   915.2 0    53.5 0   181.5 0   267.60 0   266.95 0   284.2 0   265.13 0   265.26 0    17.8 0   142.3 0   284.6 0  -102.7 0   181.9 0    -8.3 0    59.0 0    13.2 0   311.6 0   962.1 0
 2019   8  1  8 18 29 18.483  70.99   303.3 0    66.7 0   915.0 0    54.1 0   181.8 0   267.60 0   267.00 0   285.2 0   265.15 0   265.32 0    17.9 0   142.7 0   285.4 0  -103.4 0   182.0 0    -8.2 0    60.3 0    11.7 0   312.5 0   962.1 0
 2019   8  1  8 18 30 18.500  70.97   304.2 0    67.1 0   915.2 0    54.5 0   181.4 0   267.63 0   267.01 0   284.1 0   265.16 0   265.29 0    17.9 0   143.1 0   285.8 0  -102.7 0   183.1 0    -8.2 0    58.5 0    14.4 0   312.2 0   962.2 0
 2019   8  1  8 18 31 18.517  70.94   305.7 0    67.8 0   915.9 0    55.3 0   181.1 0   267.63 0   266.93 0   284.0 0   265.16 0   265.25 0    18.0 0   143.5 0   286.6 0  -102.8 0   183.7 0    -8.4 0    58.6 0    14.0 0   310.6 0   962.2 0
 2019   8  1  8 18 32 18.533  70.92   307.0 0    68.3 0   916.0 0    56.1 0   181.7 0   267.62 0   266.94 0   284.8 0   265.15 0   265.27 0    18.1 0   144.0 0   287.3 0  -103.1 0   184.2 0    -8.4 0    60.1 0    12.0 0   318.2 0   962.2 0
 2019   8  1  8 18 33 18.550  70.89   307.7 0    68.0 0   915.5 0    56.7 0   182.0 0   267.62 0   267.00 0   285.3 0   265.16 0   265.31 0    18.2 0   144.4 0   288.4 0  -103.3 0   185.2 0    -8.3 0    60.8 0    11.6 0   316.5 0   962.2 0
 2019   8  1  8 18 34 18.567  70.87   309.2 0    67.9 0   915.9 0    57.8 0   182.3 0   267.63 0   267.01 0   285.3 0   265.16 0   265.34 0    18.3 0   145.1 0   290.2 0  -103.1 0   187.1 0    -8.2 0    60.9 0    11.6 0   318.6 0   962.3 0
 2019   8  1  8 18 35 18.583  70.84   310.8 0    68.2 0   915.0 0    59.1 0   181.9 0   267.65 0   267.00 0   284.7 0   265.18 0   265.32 0    18.3 0   145.7 0   291.2 0  -102.8 0   188.3 0    -8.3 0    59.7 0    13.2 0   317.7 0   962.2 0
 2019   8  1  8 18 36 18.600  70.82   312.6 0    69.0 0   914.6 0    60.8 0   182.0 0   267.65 0   266.94 0   284.4 0   265.16 0   265.27 0    18.4 0   146.3 0   292.2 0  -102.5 0   189.8 0    -8.4 0    59.6 0    13.0 0   315.3 0   962.3 0
 2019   8  1  8 18 37 18.617  70.80   314.6 0    69.1 0   914.6 0    62.2 0   182.2 0   267.63 0   266.98 0   284.9 0   265.15 0   265.28 0    18.4 0   147.0 0   293.9 0  -102.7 0   191.2 0    -8.4 0    60.1 0    13.4 0   319.5 0   962.3 0
 2019   8  1  8 18 38 18.633  70.78   316.7 0    69.1 0   915.4 0    63.7 0   182.0 0   267.63 0   266.95 0   284.8 0   265.13 0   265.26 0    18.5 0   147.8 0   295.9 0  -102.8 0   193.1 0    -8.4 0    59.5 0    13.0 0   318.1 0   962.4 0
 2019   8  1  8 18 39 18.650  70.76   317.4 0    69.0 0   911.9 0    64.7 0   182.4 0   267.63 0   266.97 0   285.4 0   265.13 0   265.28 0    18.5 0   147.9 0   296.4 0  -103.0 0   193.4 0    -8.4 0    59.8 0    11.9 0   313.4 0   962.4 0
 2019   8  1  8 18 40 18.667  70.74   313.7 0    67.8 0   896.5 0    65.3 0   182.8 0   267.63 0   267.01 0   285.8 0   265.14 0   265.32 0    18.5 0   146.4 0   293.2 0  -103.0 0   190.2 0    -8.2 0    59.5 0    12.4 0   310.1 0   962.4 0
 2019   8  1  8 18 41 18.683  70.72   319.8 0    69.1 0   915.6 0    65.7 0   182.7 0   267.64 0   267.01 0   285.4 0   265.16 0   265.32 0    18.7 0   148.9 0   299.0 0  -102.6 0   196.4 0    -8.2 0    58.1 0    12.5 0   313.4 0   962.4 0
 2019   8  1  8 18 42 18.700  70.70   320.1 0    69.1 0   915.4 0    66.0 0   183.0 0   267.65 0   267.03 0   285.5 0   265.18 0   265.34 0    18.7 0   149.1 0   299.5 0  -102.5 0   197.0 0    -8.2 0    58.3 0    12.9 0   312.6 0   962.4 0
 2019   8  1  8 18 43 18.717  70.68   320.1 0    69.3 0   912.6 0    66.1 0   182.8 0   267.65 0   267.02 0   285.3 0   265.21 0   265.32 0    18.7 0   149.0 0   298.7 0  -102.5 0   196.3 0    -8.3 0    58.3 0    13.2 0   311.0 0   962.4 0
 2019   8  1  8 18 44 18.733  70.66   320.1 0    69.2 0   909.5 0    66.8 0   183.1 0   267.66 0   267.04 0   286.1 0   265.21 0   265.35 0    18.8 0   149.0 0   298.7 0  -103.0 0   195.7 0    -8.2 0    59.0 0    11.8 0   314.1 0   962.4 0
 2019   8  1  8 18 45 18.750  70.65   321.1 0    69.6 0   908.5 0    67.6 0   183.5 0   267.68 0   267.06 0   286.0 0   265.21 0   265.33 0    18.9 0   149.5 0   299.1 0  -102.5 0   196.6 0    -8.3 0    59.2 0    11.2 0   311.4 0   962.4 0
 2019   8  1  8 18 46 18.767  70.63   320.9 0    69.5 0   900.8 0    69.0 0   183.6 0   267.70 0   267.07 0   285.9 0   265.21 0   265.33 0    19.0 0   149.1 0   298.3 0  -102.3 0   196.0 0    -8.3 0    60.4 0    12.1 0   313.5 0   962.4 0
 2019   8  1  8 18 47 18.783  70.62   315.9 0    68.1 0   876.4 0    70.7 0   183.7 0   267.70 0   267.08 0   285.9 0   265.20 0   265.32 0    19.0 0   147.3 0   293.4 0  -102.2 0   191.2 0    -8.3 0    59.8 0    11.3 0   311.6 0   962.5 0
 2019   8  1  8 18 48 18.800  70.60   318.9 0    68.3 0   877.8 0    72.9 0   183.9 0   267.71 0   267.11 0   286.6 0   265.21 0   265.37 0    19.1 0   147.9 0   296.1 0  -102.6 0   193.5 0    -8.3 0    60.9 0    10.5 0   309.5 0   962.5 0
 2019   8  1  8 18 49 18.817  70.59   318.3 0    67.9 0   866.1 0    75.5 0   184.4 0   267.72 0   267.13 0   286.4 0   265.22 0   265.39 0    19.1 0   148.2 0   295.5 0  -102.0 0   193.5 0    -8.2 0    60.7 0    10.6 0   313.8 0   962.5 0
 2019   8  1  8 18 50 18.833  70.58   322.3 0    68.5 0   867.4 0    78.5 0   184.8 0   267.75 0   267.20 0   286.8 0   265.25 0   265.43 0    19.1 0   149.4 0   298.5 0  -102.0 0   196.5 0    -8.1 0    60.3 0    10.8 0   317.8 0   962.5 0
 2019   8  1  8 18 51 18.850  70.56   334.8 0    71.3 0   896.6 0    82.0 0   184.1 0   267.76 0   267.14 0   286.2 0   265.26 0   265.41 0    19.2 0   153.7 0   309.1 0  -102.1 0   207.1 0    -8.2 0    59.7 0    11.7 0   316.5 0   962.6 0
 2019   8  1  8 18 52 18.867  70.55   306.8 0    65.0 0   797.0 0    82.4 0   184.2 0   267.76 0   267.15 0   285.7 0   265.26 0   265.39 0    19.1 0   143.7 0   282.8 0  -101.5 0   181.2 0    -8.3 0    60.0 0    11.3 0   318.1 0   962.5 0
 2019   8  1  8 18 53 18.883  70.54   341.0 0    72.7 0   917.5 0    82.9 0   184.3 0   267.77 0   267.16 0   286.6 0   265.26 0   265.41 0    19.4 0   156.9 0   315.9 0  -102.3 0   213.6 0    -8.3 0    59.9 0    12.0 0   316.7 0   962.6 0
 2019   8  1  8 18 54 18.900  70.53   337.7 0    71.9 0   916.9 0    80.4 0   184.6 0   267.78 0   267.18 0   287.0 0   265.26 0   265.44 0    19.4 0   155.7 0   314.1 0  -102.5 0   211.7 0    -8.2 0    60.5 0    10.7 0   315.7 0   962.6 0
 2019   8  1  8 18 55 18.917  70.52   333.2 0    70.9 0   911.3 0    77.2 0   184.1 0   267.80 0   267.18 0   286.5 0   265.28 0   265.43 0    19.4 0   154.0 0   310.2 0  -102.4 0   207.9 0    -8.2 0    59.5 0    12.4 0   312.5 0   962.6 0
 2019   8  1  8 18 56 18.933  70.51   329.6 0    70.4 0   910.9 0    73.6 0   183.5 0   267.81 0   267.16 0   286.8 0   265.30 0   265.46 0    19.4 0   152.5 0   307.1 0  -103.3 0   203.8 0    -8.2 0    59.6 0    11.7 0   320.9 0   962.5 0
 2019   8  1  8 18 57 18.950  70.50   327.4 0    70.4 0   916.9 0    69.7 0   183.0 0   267.81 0   267.11 0   286.3 0   265.30 0   265.43 0    19.3 0   151.6 0   305.3 0  -103.3 0   202.0 0    -8.3 0    59.6 0    12.4 0   318.4 0   962.5 0
 2019   8  1  8 18 58 18.967  70.50   323.9 0    70.0 0   917.1 0    65.9 0   183.2 0   267.81 0   267.15 0   286.4 0   265.28 0   265.42 0    19.2 0   150.4 0   302.2 0  -103.2 0   199.0 0    -8.3 0    60.2 0    11.7 0   319.7 0   962.5 0
 2019   8  1  8 18 59 18.983  70.49   321.3 0    69.4 0   917.2 0    63.1 0   182.6 0   267.81 0   267.13 0   286.1 0   265.26 0   265.42 0    19.2 0   149.4 0   300.0 0  -103.5 0   196.5 0    -8.3 0    60.3 0    12.1 0   320.3 0   962.5 0
 2019   8  1  8 19  0 19.000  70.48   320.0 0    69.1 0   917.3 0    61.3 0   183.0 0   267.81 0   267.16 0   286.6 0   265.26 0   265.44 0    19.2 0   148.8 0   298.7 0  -103.6 0   195.1 0    -8.3 0    61.0 0    11.1 0   323.5 0   962.5 0
 2019   8  1  8 19  1 19.017  70.48   319.5 0    68.7 0   918.8 0    60.1 0   183.3 0   267.81 0   267.19 0   286.9 0   265.27 0   265.46 0    19.3 0   148.6 0   298.4 0  -103.6 0   194.8 0    -8.2 0    61.1 0    11.4 0   323.0 0   962.4 0
 2019   8  1  8 19  2 19.033  70.48   318.7 0    68.3 0   918.2 0    59.1 0   182.7 0   267.82 0   267.19 0   286.7 0   265.30 0   265.47 0    19.3 0   148.3 0   297.7 0  -104.1 0   193.6 0    -8.1 0    60.1 0    12.0 0   316.7 0   962.5 0
 2019   8  1  8 19  3 19.050  70.47   318.2 0    68.6 0   919.1 0    58.7 0   182.2 0   267.83 0   267.12 0   286.3 0   265.31 0   265.42 0    19.3 0   148.1 0   297.3 0  -104.1 0   193.2 0    -8.3 0    59.8 0    12.8 0   317.3 0   962.5 0
 2019   8  1  8 19  4 19.067  70.47   318.2 0    68.9 0   919.8 0    58.1 0   182.4 0   267.81 0   267.12 0   286.3 0   265.28 0   265.42 0    19.2 0   147.9 0   296.7 0  -103.9 0   192.8 0    -8.3 0    60.6 0    11.9 0   319.3 0   962.5 0
 2019   8  1  8 19  5 19.083  70.47   317.2 0    68.2 0   917.9 0    57.3 0   182.7 0   267.82 0   267.25 0   287.6 0   265.28 0   265.48 0    19.2 0   147.6 0   296.1 0  -104.9 0   191.2 0    -8.1 0    61.4 0    10.4 0   314.9 0   962.5 0
 2019   8  1  8 19  6 19.100  70.46   317.0 0    68.2 0   918.3 0    56.7 0   182.3 0   267.85 0   267.20 0   287.1 0   265.31 0   265.45 0    19.2 0   147.4 0   295.5 0  -104.8 0   190.7 0    -8.1 0    60.3 0    11.3 0   314.1 0   962.5 0
 2019   8  1  8 19  7 19.117  70.46   316.6 0    68.0 0   918.4 0    56.3 0   182.6 0   267.86 0   267.21 0   287.3 0   265.31 0   265.49 0    19.2 0   147.2 0   295.4 0  -104.7 0   190.8 0    -8.1 0    61.1 0    10.8 0   320.6 0   962.5 0
 2019   8  1  8 19  8 19.133  70.46   316.0 0    67.6 0   918.4 0    55.7 0   182.1 0   267.86 0   267.24 0   286.9 0   265.35 0   265.52 0    19.2 0   146.9 0   295.2 0  -104.8 0   190.4 0    -8.0 0    60.1 0    11.9 0   314.7 0   962.4 0
 2019   8  1  8 19  9 19.150  70.46   315.7 0    67.6 0   918.6 0    55.1 0   182.4 0   267.88 0   267.23 0   287.4 0   265.37 0   265.52 0    19.2 0   146.8 0   294.7 0  -105.0 0   189.7 0    -8.1 0    60.5 0    11.0 0   313.3 0   962.5 0
 2019   8  1  8 19 10 19.167  70.47   315.1 0    67.5 0   918.2 0    55.0 0   182.2 0   267.88 0   267.26 0   287.2 0   265.38 0   265.56 0    19.2 0   146.5 0   294.6 0  -105.0 0   189.6 0    -8.0 0    60.2 0    11.6 0   314.3 0   962.5 0
 2019   8  1  8 19 11 19.183  70.47   315.0 0    67.6 0   918.7 0    54.5 0   182.4 0   267.90 0   267.25 0   287.0 0   265.39 0   265.54 0    19.2 0   146.4 0   294.0 0  -104.5 0   189.5 0    -8.1 0    60.2 0    11.7 0   313.9 0   962.5 0
 2019   8  1  8 19 12 19.200  70.47   315.1 0    67.5 0   919.0 0    54.2 0   182.4 0   267.91 0   267.27 0   287.5 0   265.42 0   265.57 0    19.2 0   146.3 0   294.0 0  -105.1 0   188.9 0    -8.0 0    59.8 0    11.1 0   312.3 0   962.5 0
 2019   8  1  8 19 13 19.217  70.47   315.1 0    67.6 0   919.1 0    54.2 0   181.8 0   267.91 0   267.25 0   286.7 0   265.42 0   265.55 0    19.2 0   146.3 0   293.9 0  -104.9 0   188.9 0    -8.0 0    59.1 0    12.4 0   306.6 0   962.5 0
 2019   8  1  8 19 14 19.233  70.48   314.8 0    67.5 0   918.0 0    54.2 0   182.3 0   267.91 0   267.29 0   287.6 0   265.43 0   265.59 0    19.2 0   146.1 0   293.5 0  -105.3 0   188.2 0    -8.0 0    60.2 0    10.6 0   308.3 0   962.5 0
 2019   8  1  8 19 15 19.250  70.48   314.8 0    67.2 0   918.8 0    54.2 0   182.2 0   267.94 0   267.34 0   287.7 0   265.46 0   265.64 0    19.2 0   146.1 0   294.0 0  -105.5 0   188.5 0    -7.9 0    59.2 0    11.5 0   312.5 0   962.5 0
 2019   8  1  8 19 16 19.267  70.49   314.8 0    67.5 0   919.1 0    54.2 0   182.0 0   267.96 0   267.29 0   286.9 0   265.47 0   265.60 0    19.2 0   146.0 0   293.8 0  -104.9 0   188.9 0    -8.0 0    58.4 0    12.1 0   311.8 0   962.4 0
 2019   8  1  8 19 17 19.283  70.49   314.6 0    67.5 0   919.1 0    54.1 0   182.0 0   267.96 0   267.36 0   287.3 0   265.49 0   265.64 0    19.2 0   146.0 0   293.6 0  -105.3 0   188.2 0    -7.9 0    59.0 0    11.8 0   317.3 0   962.4 0
 2019   8  1  8 19 18 19.300  70.50   314.1 0    67.5 0   918.5 0    54.2 0   181.7 0   267.99 0   267.34 0   286.7 0   265.49 0   265.62 0    19.2 0   145.9 0   293.4 0  -105.0 0   188.4 0    -8.1 0    58.4 0    12.7 0   317.9 0   962.4 0
 2019   8  1  8 19 19 19.317  70.51   314.2 0    67.7 0   918.3 0    54.2 0   181.7 0   267.99 0   267.28 0   286.5 0   265.47 0   265.57 0    19.2 0   145.8 0   292.9 0  -104.8 0   188.1 0    -8.1 0    59.1 0    12.4 0   310.9 0   962.5 0
 2019   8  1  8 19 20 19.333  70.52   314.1 0    67.5 0   918.5 0    54.2 0   182.0 0   267.99 0   267.34 0   287.5 0   265.47 0   265.61 0    19.2 0   145.7 0   293.1 0  -105.5 0   187.6 0    -8.1 0    59.7 0    11.1 0   316.3 0   962.5 0
 2019   8  1  8 19 21 19.350  70.53   314.1 0    67.3 0   918.6 0    53.9 0   182.3 0   267.99 0   267.38 0   287.9 0   265.47 0   265.65 0    19.2 0   145.6 0   292.9 0  -105.6 0   187.3 0    -8.0 0    60.0 0    10.6 0   317.6 0   962.5 0
 2019   8  1  8 19 22 19.367  70.54   314.0 0    67.0 0   918.2 0    53.7 0   182.5 0   268.02 0   267.41 0   288.0 0   265.49 0   265.67 0    19.2 0   145.5 0   292.7 0  -105.5 0   187.2 0    -7.9 0    59.2 0     9.8 0   312.0 0   962.5 0
 2019   8  1  8 19 23 19.383  70.55   313.9 0    66.8 0   919.1 0    53.5 0   182.4 0   268.05 0   267.48 0   288.1 0   265.53 0   265.71 0    19.2 0   145.6 0   292.8 0  -105.6 0   187.2 0    -7.8 0    59.1 0    10.4 0   309.4 0   962.5 0
 2019   8  1  8 19 24 19.400  70.56   313.2 0    66.8 0   918.3 0    53.8 0   182.1 0   268.07 0   267.45 0   288.1 0   265.55 0   265.70 0    19.1 0   145.3 0   292.7 0  -106.0 0   186.7 0    -7.9 0    59.7 0    10.1 0   315.8 0   962.5 0
 2019   8  1  8 19 25 19.417  70.57   313.4 0    66.9 0   919.3 0    53.8 0   182.0 0   268.09 0   267.44 0   287.9 0   265.56 0   265.72 0    19.1 0   145.3 0   292.8 0  -106.0 0   186.8 0    -7.9 0    59.4 0    10.7 0   316.5 0   962.6 0
 2019   8  1  8 19 26 19.433  70.58   313.1 0    66.7 0   918.3 0    53.8 0   182.3 0   268.10 0   267.48 0   288.5 0   265.58 0   265.76 0    19.1 0   145.1 0   292.4 0  -106.2 0   186.2 0    -7.8 0    60.5 0     9.3 0   319.2 0   962.6 0
 2019   8  1  8 19 27 19.450  70.60   313.1 0    66.8 0   919.0 0    53.7 0   182.1 0   268.12 0   267.48 0   287.9 0   265.60 0   265.75 0    19.1 0   145.1 0   292.2 0  -105.8 0   186.4 0    -7.8 0    59.0 0    11.0 0   314.0 0   962.6 0
 2019   8  1  8 19 28 19.467  70.61   312.5 0    66.8 0   918.3 0    53.8 0   181.9 0   268.12 0   267.47 0   288.0 0   265.61 0   265.74 0    19.1 0   144.8 0   291.8 0  -106.1 0   185.7 0    -7.9 0    59.2 0    10.3 0   312.8 0   962.6 0
 2019   8  1  8 19 29 19.483  70.62   312.6 0    66.7 0   918.8 0    53.7 0   182.2 0   268.13 0   267.51 0   288.3 0   265.62 0   265.77 0    19.0 0   144.8 0   291.8 0  -106.1 0   185.7 0    -7.8 0    59.0 0    10.6 0   308.0 0   962.6 0
 2019   8  1  8 19 30 19.500  70.64   312.2 0    66.7 0   917.6 0    53.8 0   182.1 0   268.14 0   267.50 0   288.1 0   265.63 0   265.77 0    19.0 0   144.5 0   291.4 0  -106.1 0   185.3 0    -7.8 0    58.7 0    11.0 0   309.6 0   962.6 0
 2019   8  1  8 19 31 19.517  70.66   312.1 0    66.9 0   918.5 0    53.8 0   182.2 0   268.16 0   267.48 0   287.8 0   265.63 0   265.75 0    19.0 0   144.5 0   291.2 0  -105.6 0   185.6 0    -7.9 0    59.0 0    11.7 0   317.4 0   962.6 0
 2019   8  1  8 19 32 19.533  70.67   311.7 0    67.2 0   918.0 0    53.5 0   182.2 0   268.17 0   267.50 0   287.7 0   265.63 0   265.76 0    18.9 0   144.3 0   290.1 0  -105.5 0   184.6 0    -8.0 0    59.3 0    11.8 0   319.0 0   962.7 0
 2019   8  1  8 19 33 19.550  70.69   311.2 0    67.4 0   917.6 0    53.7 0   181.7 0   268.17 0   267.45 0   287.1 0   265.61 0   265.72 0    18.9 0   144.1 0   289.6 0  -105.4 0   184.2 0    -8.0 0    58.2 0    12.5 0   308.4 0   962.7 0
 2019   8  1  8 19 34 19.567  70.71   311.0 0    67.1 0   916.7 0    54.1 0   181.8 0   268.14 0   267.46 0   287.8 0   265.60 0   265.74 0    18.9 0   143.9 0   289.9 0  -106.0 0   183.9 0    -8.0 0    58.3 0    11.2 0   306.0 0   962.7 0
 2019   8  1  8 19 35 19.583  70.73   310.5 0    66.7 0   916.1 0    53.6 0   182.3 0   268.16 0   267.56 0   288.3 0   265.61 0   265.78 0    18.8 0   143.7 0   289.4 0  -106.0 0   183.4 0    -7.8 0    59.1 0    10.0 0   308.3 0   962.7 0
 2019   8  1  8 19 36 19.600  70.75   310.0 0    66.6 0   914.8 0    53.8 0   182.1 0   268.17 0   267.53 0   288.2 0   265.63 0   265.78 0    18.8 0   143.4 0   288.8 0  -106.1 0   182.7 0    -7.8 0    58.8 0    10.8 0   309.9 0   962.7 0
 2019   8  1  8 19 37 19.617  70.77   309.9 0    66.7 0   914.7 0    53.8 0   181.7 0   268.17 0   267.52 0   287.4 0   265.64 0   265.77 0    18.8 0   143.3 0   288.5 0  -105.7 0   182.8 0    -7.8 0    58.1 0    12.0 0   307.4 0   962.7 0
 2019   8  1  8 19 38 19.633  70.79   309.6 0    66.9 0   914.9 0    54.0 0   181.6 0   268.17 0   267.48 0   287.2 0   265.64 0   265.73 0    18.8 0   143.1 0   288.2 0  -105.5 0   182.6 0    -7.9 0    57.5 0    11.8 0   304.2 0   962.8 0
 2019   8  1  8 19 39 19.650  70.81   309.1 0    67.0 0   914.8 0    53.8 0   181.9 0   268.17 0   267.51 0   287.5 0   265.64 0   265.73 0    18.7 0   142.9 0   287.6 0  -105.5 0   182.1 0    -7.9 0    57.9 0    12.5 0   310.4 0   962.7 0
 2019   8  1  8 19 40 19.667  70.83   308.4 0    66.7 0   914.0 0    53.7 0   181.8 0   268.17 0   267.53 0   287.8 0   265.64 0   265.76 0    18.7 0   142.7 0   287.1 0  -105.9 0   181.2 0    -7.9 0    58.3 0    12.3 0   314.9 0   962.7 0
 2019   8  1  8 19 41 19.683  70.85   308.2 0    66.8 0   913.9 0    53.8 0   181.9 0   268.17 0   267.44 0   287.4 0   265.62 0   265.74 0    18.6 0   142.5 0   286.7 0  -105.6 0   181.2 0    -8.0 0    58.3 0    11.6 0   314.0 0   962.8 0
 2019   8  1  8 19 42 19.700  70.88   307.3 0    66.6 0   912.4 0    53.8 0   181.9 0   268.17 0   267.46 0   287.6 0   265.61 0   265.75 0    18.6 0   142.1 0   286.0 0  -105.6 0   180.4 0    -7.9 0    57.1 0    12.7 0   311.8 0   962.8 0
 2019   8  1  8 19 43 19.717  70.90   306.9 0    66.7 0   912.5 0    53.8 0   181.7 0   268.15 0   267.41 0   287.1 0   265.61 0   265.72 0    18.5 0   141.9 0   285.7 0  -105.4 0   180.2 0    -8.0 0    56.6 0    12.5 0   309.1 0   962.8 0
 2019   8  1  8 19 44 19.733  70.93   306.7 0    66.4 0   913.2 0    53.6 0   182.2 0   268.12 0   267.48 0   288.4 0   265.61 0   265.78 0    18.5 0   141.8 0   285.6 0  -106.1 0   179.4 0    -7.9 0    58.2 0     9.8 0   311.7 0   962.8 0
 2019   8  1  8 19 45 19.750  70.95   305.6 0    65.9 0   911.3 0    53.4 0   182.9 0   268.15 0   267.58 0   288.9 0   265.63 0   265.83 0    18.4 0   141.5 0   285.0 0  -106.0 0   179.0 0    -7.7 0    58.9 0     9.8 0   316.9 0   962.7 0
 2019   8  1  8 19 46 19.767  70.98   305.1 0    65.8 0   910.5 0    53.4 0   182.7 0   268.18 0   267.64 0   288.5 0   265.67 0   265.84 0    18.4 0   141.2 0   284.3 0  -105.8 0   178.5 0    -7.7 0    58.3 0    10.5 0   306.2 0   962.8 0
 2019   8  1  8 19 47 19.783  71.01   304.5 0    65.8 0   910.1 0    53.4 0   182.8 0   268.22 0   267.59 0   288.8 0   265.69 0   265.86 0    18.4 0   140.9 0   283.9 0  -105.9 0   177.9 0    -7.7 0    58.7 0     9.7 0   306.9 0   962.7 0
 2019   8  1  8 19 48 19.800  71.04   304.0 0    65.5 0   909.7 0    53.4 0   182.8 0   268.24 0   267.65 0   289.0 0   265.73 0   265.91 0    18.3 0   140.6 0   283.6 0  -106.2 0   177.4 0    -7.6 0    58.5 0    10.1 0   314.1 0   962.7 0
 2019   8  1  8 19 49 19.817  71.07   303.4 0    65.3 0   910.1 0    53.4 0   182.8 0   268.27 0   267.69 0   289.0 0   265.76 0   265.95 0    18.3 0   140.5 0   283.4 0  -106.1 0   177.3 0    -7.5 0    58.0 0    10.1 0   310.5 0   962.7 0
 2019   8  1  8 19 50 19.833  71.09   302.9 0    65.4 0   909.8 0    53.4 0   182.5 0   268.30 0   267.68 0   288.7 0   265.79 0   265.94 0    18.2 0   140.2 0   282.8 0  -106.2 0   176.6 0    -7.6 0    57.3 0    11.2 0   310.8 0   962.7 0
 2019   8  1  8 19 51 19.850  71.12   302.4 0    65.8 0   909.6 0    53.4 0   182.2 0   268.31 0   267.66 0   288.4 0   265.80 0   265.94 0    18.1 0   139.9 0   282.0 0  -106.1 0   175.8 0    -7.6 0    57.1 0    11.3 0   306.6 0   962.7 0
 2019   8  1  8 19 52 19.867  71.16   301.7 0    65.8 0   909.6 0    53.4 0   182.3 0   268.33 0   267.64 0   288.1 0   265.82 0   265.94 0    18.1 0   139.6 0   281.4 0  -105.8 0   175.6 0    -7.7 0    57.6 0    12.2 0   317.2 0   962.7 0
 2019   8  1  8 19 53 19.883  71.19   301.4 0    65.9 0   910.6 0    53.4 0   182.0 0   268.31 0   267.58 0   287.5 0   265.80 0   265.90 0    18.0 0   139.5 0   281.2 0  -105.5 0   175.7 0    -7.8 0    57.3 0    13.3 0   320.8 0   962.7 0
 2019   8  1  8 19 54 19.900  71.22   300.5 0    65.8 0   908.8 0    53.4 0   182.2 0   268.30 0   267.62 0   287.9 0   265.78 0   265.91 0    17.9 0   139.0 0   280.2 0  -105.7 0   174.5 0    -7.8 0    57.8 0    12.5 0   313.8 0   962.8 0
 2019   8  1  8 19 55 19.917  71.25   300.0 0    65.9 0   908.9 0    53.4 0   181.9 0   268.30 0   267.60 0   287.4 0   265.77 0   265.88 0    17.9 0   138.7 0   279.7 0  -105.4 0   174.3 0    -7.8 0    57.0 0    13.3 0   304.6 0   962.8 0
 2019   8  1  8 19 56 19.933  71.29   299.4 0    66.0 0   908.0 0    53.4 0   181.5 0   268.28 0   267.57 0   287.3 0   265.76 0   265.85 0    17.8 0   138.3 0   278.8 0  -105.8 0   173.0 0    -7.8 0    57.0 0    13.0 0   302.3 0   962.8 0
 2019   8  1  8 19 57 19.950  71.32   298.9 0    65.6 0   908.3 0    53.4 0   182.1 0   268.28 0   267.58 0   288.1 0   265.74 0   265.89 0    17.7 0   138.1 0   278.7 0  -106.0 0   172.8 0    -7.8 0    58.2 0    11.5 0   312.7 0   962.8 0
 2019   8  1  8 19 58 19.967  71.35   297.7 0    65.4 0   906.5 0    53.1 0   181.6 0   268.27 0   267.59 0   287.6 0   265.77 0   265.88 0    17.7 0   137.6 0   277.4 0  -106.0 0   171.4 0    -7.7 0    57.0 0    13.1 0   311.4 0   962.7 0
 2019   8  1  8 19 59 19.983  71.39   297.1 0    65.6 0   905.9 0    52.9 0   181.7 0   268.26 0   267.58 0   287.5 0   265.76 0   265.87 0    17.6 0   137.3 0   276.4 0  -105.8 0   170.6 0    -7.8 0    56.9 0    13.1 0   313.1 0   962.7 0
 2019   8  1  8 20  0 20.000  71.43   296.4 0    65.9 0   906.3 0    53.0 0   181.1 0   268.25 0   267.51 0   286.7 0   265.74 0   265.82 0    17.5 0   137.0 0   275.8 0  -105.6 0   170.2 0    -7.8 0    56.4 0    15.0 0   308.4 0   962.7 0
 2019   8  1  8 20  1 20.017  71.46   295.7 0    65.8 0   905.6 0    53.0 0   181.4 0   268.23 0   267.50 0   286.8 0   265.73 0   265.79 0    17.4 0   136.6 0   275.1 0  -105.5 0   169.6 0    -7.9 0    57.0 0    14.4 0   312.4 0   962.7 0
 2019   8  1  8 20  2 20.033  71.50   294.9 0    65.8 0   904.8 0    52.7 0   181.3 0   268.21 0   267.50 0   286.7 0   265.69 0   265.79 0    17.3 0   136.2 0   274.0 0  -105.4 0   168.5 0    -7.9 0    57.3 0    13.7 0   309.2 0   962.7 0
 2019   8  1  8 20  3 20.050  71.54   294.0 0    65.5 0   904.2 0    52.7 0   181.3 0   268.19 0   267.49 0   286.8 0   265.69 0   265.79 0    17.3 0   135.9 0   273.5 0  -105.6 0   167.9 0    -7.9 0    57.1 0    14.6 0   312.6 0   962.6 0
 2019   8  1  8 20  4 20.067  71.58   293.1 0    65.0 0   903.4 0    52.7 0   181.4 0   268.18 0   267.52 0   287.3 0   265.67 0   265.80 0    17.2 0   135.5 0   273.1 0  -105.9 0   167.2 0    -7.9 0    57.8 0    12.4 0   308.9 0   962.6 0
 2019   8  1  8 20  5 20.083  71.62   292.2 0    64.8 0   903.4 0    52.7 0   181.5 0   268.18 0   267.57 0   287.8 0   265.69 0   265.84 0    17.1 0   135.2 0   272.8 0  -106.3 0   166.5 0    -7.7 0    57.7 0    11.9 0   309.5 0   962.6 0
 2019   8  1  8 20  6 20.100  71.66   291.5 0    65.0 0   902.6 0    52.7 0   181.3 0   268.19 0   267.50 0   286.5 0   265.69 0   265.79 0    17.0 0   134.7 0   271.7 0  -105.2 0   166.5 0    -7.8 0    56.4 0    13.8 0   307.6 0   962.5 0
 2019   8  1  8 20  7 20.117  71.70   290.3 0    64.3 0   901.5 0    52.7 0   181.9 0   268.19 0   267.58 0   287.7 0   265.69 0   265.85 0    16.9 0   134.4 0   271.4 0  -105.8 0   165.6 0    -7.7 0    58.2 0    12.4 0   316.0 0   962.6 0
 2019   8  1  8 20  8 20.133  71.74   289.5 0    64.2 0   901.5 0    52.5 0   181.4 0   268.20 0   267.54 0   286.8 0   265.70 0   265.83 0    16.9 0   134.0 0   270.8 0  -105.4 0   165.3 0    -7.8 0    56.9 0    13.1 0   314.2 0   962.6 0
 2019   8  1  8 20  9 20.150  71.78   288.7 0    64.5 0   901.1 0    52.5 0   181.4 0   268.20 0   267.50 0   286.8 0   265.69 0   265.80 0    16.8 0   133.6 0   269.7 0  -105.4 0   164.4 0    -7.9 0    57.3 0    14.0 0   315.4 0   962.6 0
 2019   8  1  8 20 10 20.167  71.83   287.8 0    64.2 0   900.0 0    52.5 0   181.4 0   268.19 0   267.49 0   287.0 0   265.69 0   265.81 0    16.7 0   133.2 0   269.0 0  -105.6 0   163.4 0    -7.8 0    57.8 0    13.4 0   315.1 0   962.6 0
 2019   8  1  8 20 11 20.183  71.87   286.9 0    64.2 0   899.7 0    52.6 0   181.4 0   268.18 0   267.46 0   286.8 0   265.69 0   265.80 0    16.6 0   132.9 0   268.4 0  -105.4 0   163.0 0    -7.9 0    57.6 0    14.3 0   315.0 0   962.6 0
 2019   8  1  8 20 12 20.200  71.91   286.0 0    64.2 0   899.6 0    52.4 0   181.8 0   268.16 0   267.47 0   287.0 0   265.67 0   265.81 0    16.5 0   132.5 0   267.5 0  -105.3 0   162.3 0    -7.8 0    58.1 0    12.6 0   315.2 0   962.7 0
 2019   8  1  8 20 13 20.217  71.96   285.2 0    63.5 0   898.9 0    52.2 0   182.0 0   268.16 0   267.52 0   287.7 0   265.69 0   265.85 0    16.4 0   132.1 0   267.1 0  -105.8 0   161.3 0    -7.7 0    58.4 0    11.9 0   314.1 0   962.7 0
 2019   8  1  8 20 14 20.233  72.00   284.0 0    63.4 0   898.2 0    51.9 0   182.2 0   268.18 0   267.56 0   287.4 0   265.70 0   265.85 0    16.3 0   131.7 0   265.9 0  -105.2 0   160.8 0    -7.7 0    57.4 0    12.6 0   310.3 0   962.7 0
 2019   8  1  8 20 15 20.250  72.05   283.2 0    63.4 0   898.1 0    51.9 0   182.0 0   268.18 0   267.54 0   287.3 0   265.72 0   265.86 0    16.3 0   131.3 0   265.2 0  -105.3 0   159.9 0    -7.7 0    57.2 0    12.9 0   312.3 0   962.8 0
 2019   8  1  8 20 16 20.267  72.10   282.2 0    63.4 0   897.1 0    51.9 0   182.2 0   268.19 0   267.58 0   287.4 0   265.74 0   265.86 0    16.2 0   131.0 0   264.3 0  -105.3 0   159.0 0    -7.7 0    57.1 0    12.9 0   308.8 0   962.8 0
 2019   8  1  8 20 17 20.283  72.15   281.1 0    63.1 0   896.1 0    51.9 0   182.1 0   268.20 0   267.55 0   287.3 0   265.75 0   265.87 0    16.1 0   130.4 0   263.5 0  -105.3 0   158.2 0    -7.7 0    57.0 0    12.4 0   304.8 0   962.9 0
 2019   8  1  8 20 18 20.300  72.19   280.0 0    62.6 0   894.9 0    51.9 0   182.6 0   268.20 0   267.58 0   287.9 0   265.76 0   265.93 0    16.0 0   130.0 0   262.9 0  -105.3 0   157.6 0    -7.6 0    58.0 0    11.1 0   316.4 0   962.9 0
 2019   8  1  8 20 19 20.317  72.24   278.8 0    62.5 0   893.6 0    51.9 0   182.5 0   268.23 0   267.62 0   287.6 0   265.79 0   265.94 0    15.9 0   129.5 0   261.9 0  -105.1 0   156.8 0    -7.6 0    57.2 0    12.7 0   312.5 0   962.9 0
 2019   8  1  8 20 20 20.333  72.29   278.0 0    62.6 0   893.1 0    51.9 0   182.4 0   268.23 0   267.59 0   287.3 0   265.80 0   265.91 0    15.8 0   129.1 0   260.9 0  -104.9 0   156.0 0    -7.7 0    57.4 0    11.6 0   308.0 0   963.0 0
 2019   8  1  8 20 21 20.350  72.34   276.6 0    62.1 0   892.2 0    51.9 0   182.8 0   268.25 0   267.66 0   288.0 0   265.81 0   265.97 0    15.7 0   128.6 0   260.4 0  -105.3 0   155.2 0    -7.6 0    58.1 0    11.0 0   315.2 0   963.0 0
 2019   8  1  8 20 22 20.367  72.39   275.4 0    62.0 0   890.9 0    51.7 0   182.5 0   268.28 0   267.61 0   287.3 0   265.84 0   265.95 0    15.6 0   128.1 0   259.2 0  -104.9 0   154.3 0    -7.6 0    57.1 0    13.3 0   318.8 0   963.0 0
 2019   8  1  8 20 23 20.383  72.45   274.5 0    62.2 0   891.0 0    51.9 0   182.3 0   268.28 0   267.56 0   286.9 0   265.82 0   265.94 0    15.5 0   127.7 0   258.4 0  -104.6 0   153.8 0    -7.7 0    57.2 0    12.8 0   317.8 0   963.0 0
 2019   8  1  8 20 24 20.400  72.50   273.3 0    61.8 0   891.1 0    51.4 0   182.9 0   268.27 0   267.62 0   287.6 0   265.82 0   265.95 0    15.4 0   127.3 0   257.6 0  -104.8 0   152.8 0    -7.7 0    58.2 0    11.6 0   314.2 0   963.1 0
 2019   8  1  8 20 25 20.417  72.55   272.3 0    61.7 0   890.3 0    51.1 0   182.7 0   268.28 0   267.64 0   287.5 0   265.82 0   265.96 0    15.3 0   126.8 0   256.4 0  -104.8 0   151.6 0    -7.6 0    58.1 0    12.3 0   315.1 0   963.1 0
 2019   8  1  8 20 26 20.433  72.60   271.5 0    61.7 0   890.0 0    51.1 0   182.6 0   268.28 0   267.60 0   287.0 0   265.82 0   265.93 0    15.2 0   126.4 0   255.5 0  -104.4 0   151.1 0    -7.7 0    58.0 0    12.4 0   311.7 0   963.2 0
 2019   8  1  8 20 27 20.450  72.66   270.5 0    61.1 0   890.0 0    51.2 0   182.5 0   268.28 0   267.58 0   287.3 0   265.83 0   265.96 0    15.1 0   126.0 0   255.3 0  -104.8 0   150.5 0    -7.6 0    58.1 0    12.4 0   313.8 0   963.1 0
 2019   8  1  8 20 28 20.467  72.71   269.3 0    61.3 0   888.8 0    51.1 0   182.4 0   268.27 0   267.57 0   287.0 0   265.83 0   265.93 0    15.0 0   125.4 0   254.0 0  -104.6 0   149.4 0    -7.7 0    57.0 0    13.3 0   305.3 0   963.2 0
 2019   8  1  8 20 29 20.483  72.77   268.4 0    61.1 0   888.6 0    51.1 0   182.5 0   268.25 0   267.57 0   286.9 0   265.82 0   265.93 0    14.9 0   125.0 0   253.2 0  -104.4 0   148.8 0    -7.7 0    57.4 0    12.8 0   307.9 0   963.2 0
 2019   8  1  8 20 30 20.500  72.82   266.9 0    60.6 0   887.2 0    51.1 0   182.9 0   268.25 0   267.62 0   287.6 0   265.83 0   265.96 0    14.8 0   124.4 0   252.4 0  -104.8 0   147.7 0    -7.6 0    58.0 0    11.8 0   307.7 0   963.2 0
 2019   8  1  8 20 31 20.517  72.88   265.7 0    60.0 0   886.3 0    51.0 0   183.0 0   268.26 0   267.66 0   288.2 0   265.85 0   266.02 0    14.7 0   123.9 0   251.9 0  -105.2 0   146.7 0    -7.5 0    58.7 0     9.9 0   315.5 0   963.1 0
 2019   8  1  8 20 32 20.533  72.94   263.9 0    59.4 0   884.4 0    50.6 0   182.8 0   268.28 0   267.69 0   288.2 0   265.89 0   266.07 0    14.6 0   123.3 0   250.6 0  -105.5 0   145.2 0    -7.4 0    58.5 0    11.0 0   317.7 0   963.1 0
 2019   8  1  8 20 33 20.550  73.00   263.0 0    59.9 0   885.3 0    50.5 0   182.3 0   268.30 0   267.65 0   286.9 0   265.90 0   266.03 0    14.5 0   122.9 0   249.5 0  -104.6 0   144.9 0    -7.5 0    57.0 0    13.1 0   317.1 0   963.1 0
 2019   8  1  8 20 34 20.567  73.05   261.9 0    60.1 0   884.1 0    50.7 0   182.2 0   268.30 0   267.63 0   286.7 0   265.90 0   266.00 0    14.4 0   122.3 0   248.3 0  -104.5 0   143.7 0    -7.6 0    57.2 0    12.9 0   316.0 0   963.1 0
 2019   8  1  8 20 35 20.583  73.11   260.5 0    59.8 0   883.1 0    50.6 0   182.5 0   268.30 0   267.65 0   287.1 0   265.90 0   266.00 0    14.3 0   121.8 0   247.3 0  -104.6 0   142.6 0    -7.6 0    57.8 0    12.4 0   314.5 0   963.1 0
 2019   8  1  8 20 36 20.600  73.17   258.7 0    59.2 0   881.3 0    50.3 0   182.8 0   268.31 0   267.71 0   287.7 0   265.90 0   266.05 0    14.2 0   121.1 0   246.2 0  -104.9 0   141.3 0    -7.6 0    58.2 0    12.2 0   320.5 0   963.0 0
 2019   8  1  8 20 37 20.617  73.23   257.6 0    59.2 0   880.5 0    50.3 0   182.3 0   268.33 0   267.66 0   286.8 0   265.90 0   266.02 0    14.1 0   120.6 0   245.1 0  -104.5 0   140.6 0    -7.6 0    57.2 0    13.7 0   320.6 0   963.0 0
 2019   8  1  8 20 38 20.633  73.30   256.0 0    59.2 0   879.1 0    50.3 0   182.5 0   268.33 0   267.63 0   287.0 0   265.89 0   266.01 0    14.0 0   120.0 0   243.8 0  -104.4 0   139.3 0    -7.7 0    58.1 0    12.8 0   319.2 0   963.0 0
 2019   8  1  8 20 39 20.650  73.36   254.6 0    58.5 0   878.0 0    50.3 0   183.0 0   268.32 0   267.72 0   288.0 0   265.89 0   266.07 0    13.9 0   119.5 0   243.3 0  -105.0 0   138.3 0    -7.5 0    59.2 0    10.5 0   313.8 0   963.1 0
 2019   8  1  8 20 40 20.667  73.42   252.9 0    57.8 0   876.7 0    50.0 0   182.9 0   268.34 0   267.75 0   288.3 0   265.93 0   266.14 0    13.8 0   118.9 0   242.4 0  -105.4 0   137.0 0    -7.3 0    58.8 0     9.9 0   315.5 0   963.0 0
 2019   8  1  8 20 41 20.683  73.48   251.6 0    57.6 0   875.9 0    49.6 0   183.0 0   268.37 0   267.79 0   288.1 0   265.97 0   266.15 0    13.7 0   118.4 0   241.1 0  -105.1 0   136.0 0    -7.2 0    57.8 0    11.1 0   315.4 0   963.0 0
 2019   8  1  8 20 42 20.700  73.55   250.5 0    57.8 0   875.7 0    49.8 0   182.6 0   268.38 0   267.75 0   287.3 0   266.00 0   266.13 0    13.6 0   117.9 0   240.1 0  -104.8 0   135.3 0    -7.3 0    57.0 0    11.7 0   311.2 0   963.1 0
 2019   8  1  8 20 43 20.717  73.61   248.8 0    57.5 0   873.9 0    49.6 0   182.9 0   268.40 0   267.79 0   287.8 0   266.02 0   266.17 0    13.5 0   117.3 0   238.7 0  -104.9 0   133.8 0    -7.3 0    57.8 0    10.9 0   318.8 0   963.1 0
 2019   8  1  8 20 44 20.733  73.68   247.3 0    57.1 0   873.2 0    49.5 0   182.7 0   268.42 0   267.83 0   287.6 0   266.04 0   266.19 0    13.4 0   116.7 0   237.9 0  -104.9 0   133.0 0    -7.3 0    57.6 0    11.9 0   316.0 0   963.1 0
 2019   8  1  8 20 45 20.750  73.74   245.8 0    57.1 0   871.7 0    49.5 0   182.5 0   268.43 0   267.80 0   287.5 0   266.05 0   266.17 0    13.3 0   116.1 0   236.5 0  -105.0 0   131.5 0    -7.4 0    57.5 0    10.9 0   315.7 0   963.1 0
 2019   8  1  8 20 46 20.767  73.81   244.4 0    57.0 0   871.7 0    49.5 0   182.7 0   268.45 0   267.80 0   287.3 0   266.05 0   266.18 0    13.2 0   115.6 0   235.7 0  -104.6 0   131.1 0    -7.4 0    57.5 0    12.2 0   317.5 0   963.0 0
 2019   8  1  8 20 47 20.783  73.87   243.0 0    57.0 0   870.9 0    49.5 0   182.5 0   268.45 0   267.79 0   287.2 0   266.05 0   266.17 0    13.1 0   115.1 0   234.5 0  -104.7 0   129.8 0    -7.4 0    58.0 0    11.9 0   315.8 0   963.1 0
 2019   8  1  8 20 48 20.800  73.94   241.5 0    57.0 0   869.6 0    49.5 0   182.6 0   268.45 0   267.78 0   286.8 0   266.05 0   266.14 0    13.0 0   114.5 0   233.1 0  -104.3 0   128.9 0    -7.5 0    57.8 0    12.8 0   318.2 0   963.1 0
 2019   8  1  8 20 49 20.817  74.01   240.0 0    56.8 0   868.7 0    49.3 0   182.4 0   268.44 0   267.75 0   286.9 0   266.02 0   266.14 0    12.8 0   113.9 0   231.8 0  -104.5 0   127.3 0    -7.6 0    58.5 0    11.5 0   321.6 0   963.1 0
 2019   8  1  8 20 50 20.833  74.08   238.2 0    56.2 0   867.4 0    48.8 0   182.9 0   268.43 0   267.81 0   287.7 0   266.01 0   266.18 0    12.7 0   113.3 0   230.6 0  -104.8 0   125.7 0    -7.4 0    58.6 0     9.9 0   313.0 0   963.2 0
 2019   8  1  8 20 51 20.850  74.15   236.7 0    55.4 0   865.9 0    48.7 0   183.4 0   268.45 0   267.89 0   288.5 0   266.04 0   266.24 0    12.6 0   112.7 0   229.8 0  -105.0 0   124.8 0    -7.2 0    59.1 0     9.1 0   316.0 0   963.2 0
 2019   8  1  8 20 52 20.867  74.22   235.0 0    55.3 0   864.8 0    48.7 0   182.9 0   268.48 0   267.88 0   287.7 0   266.09 0   266.27 0    12.5 0   112.1 0   228.6 0  -104.8 0   123.9 0    -7.1 0    57.3 0    11.5 0   317.9 0   963.2 0
 2019   8  1  8 20 53 20.883  74.29   233.6 0    55.3 0   863.9 0    48.7 0   182.7 0   268.48 0   267.85 0   287.3 0   266.11 0   266.26 0    12.4 0   111.5 0   227.4 0  -104.6 0   122.8 0    -7.2 0    56.9 0    11.9 0   322.9 0   963.2 0
 2019   8  1  8 20 54 20.900  74.36   232.1 0    55.3 0   863.4 0    48.7 0   182.7 0   268.48 0   267.81 0   286.9 0   266.12 0   266.23 0    12.3 0   111.0 0   226.2 0  -104.2 0   122.0 0    -7.3 0    56.6 0    13.2 0   321.5 0   963.2 0
 2019   8  1  8 20 55 20.917  74.43   230.4 0    55.1 0   862.0 0    48.7 0   182.9 0   268.48 0   267.83 0   287.4 0   266.11 0   266.26 0    12.2 0   110.4 0   225.0 0  -104.5 0   120.6 0    -7.3 0    57.6 0    11.3 0   317.0 0   963.2 0
 2019   8  1  8 20 56 20.933  74.50   228.9 0    54.5 0   861.4 0    48.4 0   183.0 0   268.48 0   267.88 0   287.7 0   266.14 0   266.30 0    12.1 0   109.8 0   224.1 0  -104.6 0   119.4 0    -7.2 0    57.2 0    11.8 0   318.1 0   963.3 0
 2019   8  1  8 20 57 20.950  74.57   227.4 0    54.3 0   860.4 0    48.3 0   183.5 0   268.50 0   267.88 0   287.7 0   266.15 0   266.31 0    12.0 0   109.2 0   222.8 0  -104.2 0   118.6 0    -7.2 0    57.9 0    10.3 0   321.7 0   963.3 0
 2019   8  1  8 20 58 20.967  74.65   225.4 0    53.8 0   858.4 0    47.9 0   183.4 0   268.52 0   267.94 0   287.8 0   266.19 0   266.34 0    11.9 0   108.5 0   221.5 0  -104.4 0   117.1 0    -7.1 0    57.8 0    10.9 0   319.7 0   963.3 0
 2019   8  1  8 20 59 20.983  74.72   223.9 0    53.7 0   857.4 0    47.9 0   183.4 0   268.53 0   267.92 0   287.9 0   266.21 0   266.35 0    11.8 0   107.9 0   220.2 0  -104.5 0   115.6 0    -7.2 0    57.6 0     9.2 0   319.7 0   963.3 0
 2019   8  1  8 21  0 21.000  74.79   221.9 0    53.4 0   855.3 0    47.9 0   183.4 0   268.56 0   267.95 0   287.7 0   266.22 0   266.38 0    11.7 0   107.2 0   218.9 0  -104.3 0   114.6 0    -7.1 0    58.1 0    10.5 0   325.0 0   963.3 0
 2019   8  1  8 21  1 21.017  74.87   220.4 0    53.7 0   854.3 0    47.9 0   183.3 0   268.57 0   267.90 0   287.2 0   266.23 0   266.35 0    11.5 0   106.6 0   217.2 0  -103.8 0   113.4 0    -7.2 0    58.2 0    11.1 0   320.3 0   963.3 0
 2019   8  1  8 21  2 21.033  74.94   218.5 0    53.0 0   852.3 0    47.9 0   183.6 0   268.58 0   267.97 0   287.9 0   266.23 0   266.37 0    11.4 0   105.8 0   216.3 0  -104.4 0   111.9 0    -7.2 0    59.1 0     9.4 0   319.7 0   963.3 0
 2019   8  1  8 21  3 21.050  75.02   216.7 0    52.9 0   851.0 0    47.6 0   183.4 0   268.58 0   267.98 0   288.0 0   266.25 0   266.39 0    11.3 0   105.2 0   214.7 0  -104.6 0   110.1 0    -7.2 0    59.0 0     9.7 0   320.7 0   963.3 0
 2019   8  1  8 21  4 21.067  75.10   214.9 0    52.6 0   848.9 0    47.6 0   183.8 0   268.59 0   267.98 0   287.8 0   266.26 0   266.41 0    11.2 0   104.5 0   213.2 0  -104.0 0   109.2 0    -7.1 0    59.0 0     9.8 0   321.2 0   963.3 0
 2019   8  1  8 21  5 21.083  75.17   213.1 0    52.3 0   846.1 0    47.5 0   183.2 0   268.60 0   267.98 0   287.3 0   266.28 0   266.40 0    11.1 0   103.8 0   211.6 0  -104.2 0   107.5 0    -7.1 0    58.2 0    11.9 0   320.1 0   963.4 0
 2019   8  1  8 21  6 21.100  75.25   211.6 0    52.8 0   845.7 0    47.5 0   183.1 0   268.60 0   267.91 0   286.9 0   266.27 0   266.37 0    11.0 0   103.2 0   210.0 0  -103.8 0   106.2 0    -7.2 0    58.0 0    10.9 0   321.7 0   963.4 0
 2019   8  1  8 21  7 21.117  75.33   209.7 0    52.3 0   844.7 0    47.2 0   183.2 0   268.59 0   267.92 0   287.0 0   266.26 0   266.36 0    10.9 0   102.6 0   208.7 0  -103.8 0   104.9 0    -7.3 0    58.3 0    11.4 0   323.0 0   963.5 0
 2019   8  1  8 21  8 21.133  75.41   207.8 0    52.1 0   842.3 0    47.2 0   183.3 0   268.58 0   267.92 0   287.0 0   266.25 0   266.36 0    10.8 0   101.8 0   207.2 0  -103.7 0   103.5 0    -7.3 0    58.4 0    11.4 0   322.9 0   963.5 0
 2019   8  1  8 21  9 21.150  75.49   206.0 0    52.1 0   841.3 0    47.2 0   183.4 0   268.58 0   267.91 0   286.6 0   266.24 0   266.35 0    10.7 0   101.2 0   205.8 0  -103.3 0   102.6 0    -7.3 0    58.3 0    11.6 0   321.5 0   963.6 0
 2019   8  1  8 21 10 21.167  75.57   204.6 0    52.1 0   839.9 0    47.2 0   183.3 0   268.57 0   267.86 0   286.2 0   266.22 0   266.30 0    10.6 0   100.5 0   204.4 0  -102.9 0   101.5 0    -7.4 0    57.4 0    12.7 0   321.2 0   963.6 0
 2019   8  1  8 21 11 21.183  75.65   202.8 0    51.4 0   838.5 0    46.9 0   183.7 0   268.55 0   267.89 0   287.0 0   266.21 0   266.31 0    10.5 0    99.8 0   203.3 0  -103.3 0   100.0 0    -7.3 0    58.9 0    10.4 0   323.0 0   963.6 0
 2019   8  1  8 21 12 21.200  75.73   200.7 0    51.0 0   835.6 0    46.4 0   183.4 0   268.55 0   267.88 0   286.5 0   266.21 0   266.31 0    10.4 0    99.0 0   201.4 0  -103.1 0    98.3 0    -7.3 0    57.8 0    12.6 0   321.8 0   963.7 0
 2019   8  1  8 21 13 21.217  75.81   199.1 0    50.9 0   834.0 0    46.6 0   183.1 0   268.53 0   267.82 0   286.0 0   266.18 0   266.28 0    10.3 0    98.3 0   200.0 0  -102.8 0    97.2 0    -7.3 0    57.1 0    13.0 0   319.9 0   963.7 0
 2019   8  1  8 21 14 21.233  75.90   197.1 0    50.5 0   832.1 0    46.4 0   183.5 0   268.52 0   267.86 0   286.2 0   266.16 0   266.28 0    10.2 0    97.7 0   198.6 0  -102.7 0    96.0 0    -7.3 0    57.7 0    12.6 0   320.0 0   963.7 0
 2019   8  1  8 21 15 21.250  75.98   195.2 0    49.9 0   830.0 0    46.4 0   183.4 0   268.50 0   267.83 0   286.2 0   266.15 0   266.28 0    10.1 0    96.9 0   197.6 0  -102.9 0    94.7 0    -7.3 0    57.8 0    11.7 0   319.4 0   963.8 0
 2019   8  1  8 21 16 21.267  76.06   193.4 0    49.3 0   828.0 0    46.2 0   183.6 0   268.50 0   267.88 0   286.7 0   266.16 0   266.31 0    10.0 0    96.2 0   196.3 0  -103.0 0    93.2 0    -7.2 0    58.4 0    10.4 0   323.1 0   963.8 0
 2019   8  1  8 21 17 21.283  76.15   191.6 0    49.0 0   826.8 0    46.0 0   183.5 0   268.50 0   267.83 0   286.5 0   266.18 0   266.29 0     9.8 0    95.5 0   195.0 0  -103.0 0    92.0 0    -7.3 0    58.0 0    11.1 0   325.7 0   963.8 0
 2019   8  1  8 21 18 21.300  76.23   189.7 0    48.8 0   825.1 0    45.6 0   183.4 0   268.48 0   267.87 0   286.7 0   266.18 0   266.31 0     9.7 0    94.8 0   193.2 0  -103.3 0    89.9 0    -7.2 0    58.7 0     9.6 0   320.3 0   963.8 0
 2019   8  1  8 21 19 21.317  76.32   187.9 0    48.1 0   823.2 0    45.6 0   183.8 0   268.50 0   267.90 0   286.8 0   266.19 0   266.32 0     9.6 0    94.1 0   192.2 0  -103.0 0    89.2 0    -7.2 0    58.8 0    10.7 0   323.4 0   963.9 0
 2019   8  1  8 21 20 21.333  76.40   186.0 0    47.9 0   820.8 0    45.6 0   183.8 0   268.50 0   267.89 0   286.8 0   266.21 0   266.33 0     9.5 0    93.3 0   190.6 0  -103.0 0    87.6 0    -7.2 0    59.0 0     9.7 0   318.9 0   963.9 0
 2019   8  1  8 21 21 21.350  76.49   184.1 0    47.4 0   818.3 0    45.5 0   183.6 0   268.52 0   267.91 0   286.3 0   266.21 0   266.33 0     9.4 0    92.6 0   189.3 0  -102.7 0    86.6 0    -7.2 0    57.9 0    10.9 0   316.0 0   963.9 0
 2019   8  1  8 21 22 21.367  76.58   182.4 0    47.1 0   816.5 0    45.3 0   183.6 0   268.53 0   267.89 0   286.4 0   266.22 0   266.34 0     9.3 0    91.8 0   187.7 0  -102.9 0    84.9 0    -7.2 0    58.4 0    11.1 0   318.0 0   963.9 0
 2019   8  1  8 21 23 21.383  76.66   180.7 0    47.2 0   814.6 0    45.2 0   183.0 0   268.52 0   267.82 0   285.3 0   266.22 0   266.28 0     9.2 0    91.1 0   185.9 0  -102.2 0    83.6 0    -7.3 0    56.6 0    14.0 0   319.6 0   963.9 0
 2019   8  1  8 21 24 21.400  76.75   179.0 0    46.8 0   812.5 0    44.9 0   183.4 0   268.50 0   267.84 0   286.0 0   266.19 0   266.30 0     9.1 0    90.3 0   184.4 0  -102.6 0    81.7 0    -7.3 0    58.7 0     9.9 0   319.5 0   963.9 0
 2019   8  1  8 21 25 21.417  76.84   177.0 0    46.4 0   810.1 0    44.8 0   183.2 0   268.49 0   267.83 0   285.6 0   266.18 0   266.29 0     9.0 0    89.5 0   182.9 0  -102.4 0    80.4 0    -7.2 0    57.6 0    12.0 0   316.4 0   963.9 0
 2019   8  1  8 21 26 21.433  76.93   175.4 0    46.2 0   808.8 0    44.8 0   183.1 0   268.48 0   267.80 0   285.5 0   266.18 0   266.28 0     8.9 0    88.8 0   181.5 0  -102.4 0    79.2 0    -7.3 0    57.4 0    12.4 0   318.0 0   963.9 0
 2019   8  1  8 21 27 21.450  77.02   173.3 0    45.5 0   804.7 0    44.7 0   183.4 0   268.47 0   267.80 0   286.1 0   266.18 0   266.30 0     8.8 0    87.8 0   180.0 0  -102.6 0    77.4 0    -7.2 0    58.3 0    10.9 0   316.9 0   964.0 0
 2019   8  1  8 21 28 21.467  77.11   171.9 0    45.1 0   804.4 0    44.4 0   183.3 0   268.45 0   267.80 0   285.5 0   266.18 0   266.29 0     8.7 0    87.3 0   178.8 0  -102.2 0    76.6 0    -7.2 0    57.2 0    12.2 0   316.9 0   964.0 0
 2019   8  1  8 21 29 21.483  77.20   170.0 0    44.8 0   801.6 0    44.0 0   183.3 0   268.44 0   267.78 0   285.3 0   266.18 0   266.29 0     8.6 0    86.5 0   176.8 0  -102.1 0    74.8 0    -7.2 0    57.1 0    12.7 0   315.6 0   964.0 0
 2019   8  1  8 21 30 21.500  77.29   168.3 0    44.3 0   798.9 0    44.0 0   183.2 0   268.43 0   267.76 0   285.3 0   266.18 0   266.28 0     8.5 0    85.7 0   175.5 0  -102.2 0    73.3 0    -7.2 0    57.3 0    12.4 0   318.2 0   964.0 0
 2019   8  1  8 21 31 21.517  77.38   166.3 0    44.0 0   795.6 0    44.0 0   183.5 0   268.42 0   267.76 0   285.4 0   266.18 0   266.28 0     8.4 0    84.8 0   173.8 0  -101.9 0    71.9 0    -7.2 0    57.2 0    11.9 0   318.5 0   964.1 0
 2019   8  1  8 21 32 21.533  77.47   164.6 0    43.6 0   793.1 0    43.9 0   183.4 0   268.40 0   267.78 0   285.5 0   266.18 0   266.29 0     8.3 0    84.0 0   172.3 0  -102.1 0    70.2 0    -7.2 0    57.6 0    10.6 0   315.2 0   964.2 0
 2019   8  1  8 21 33 21.550  77.56   162.8 0    43.2 0   791.6 0    43.6 0   183.7 0   268.40 0   267.79 0   285.5 0   266.18 0   266.30 0     8.2 0    83.3 0   170.8 0  -101.9 0    68.9 0    -7.2 0    57.6 0     9.8 0   311.5 0   964.3 0
 2019   8  1  8 21 34 21.567  77.66   161.2 0    43.2 0   789.2 0    43.2 0   183.8 0   268.42 0   267.81 0   285.7 0   266.20 0   266.30 0     8.1 0    82.5 0   168.7 0  -101.9 0    66.8 0    -7.2 0    57.5 0    11.2 0   313.8 0   964.3 0
 2019   8  1  8 21 35 21.583  77.75   159.5 0    42.9 0   786.6 0    43.2 0   183.8 0   268.43 0   267.78 0   285.3 0   266.21 0   266.29 0     7.9 0    81.7 0   167.2 0  -101.6 0    65.6 0    -7.2 0    57.2 0    11.4 0   315.8 0   964.4 0
 2019   8  1  8 21 36 21.600  77.84   157.9 0    42.5 0   784.2 0    43.2 0   183.5 0   268.41 0   267.78 0   285.3 0   266.21 0   266.29 0     7.8 0    80.9 0   165.9 0  -101.8 0    64.1 0    -7.2 0    57.4 0    11.7 0   316.0 0   964.4 0
 2019   8  1  8 21 37 21.617  77.94   156.2 0    42.2 0   781.8 0    43.1 0   183.5 0   268.40 0   267.76 0   285.1 0   266.19 0   266.28 0     7.7 0    80.1 0   164.3 0  -101.6 0    62.7 0    -7.2 0    57.6 0    10.4 0   314.9 0   964.5 0
 2019   8  1  8 21 38 21.633  78.03   154.2 0    41.6 0   778.3 0    42.7 0   183.7 0   268.40 0   267.78 0   285.0 0   266.18 0   266.28 0     7.6 0    79.3 0   162.5 0  -101.3 0    61.2 0    -7.2 0    57.8 0    10.6 0   313.4 0   964.5 0
 2019   8  1  8 21 39 21.650  78.13   152.6 0    41.6 0   775.9 0    42.4 0   183.6 0   268.40 0   267.77 0   285.0 0   266.19 0   266.27 0     7.5 0    78.5 0   160.4 0  -101.4 0    59.0 0    -7.2 0    57.2 0    11.8 0   314.2 0   964.5 0
 2019   8  1  8 21 40 21.667  78.23   151.2 0    41.5 0   774.2 0    42.4 0   183.6 0   268.39 0   267.73 0   284.9 0   266.18 0   266.27 0     7.4 0    77.7 0   159.0 0  -101.3 0    57.6 0    -7.2 0    57.4 0    10.4 0   312.4 0   964.5 0
 2019   8  1  8 21 41 21.683  78.32   149.2 0    40.3 0   770.0 0    42.4 0   183.5 0   268.38 0   267.75 0   285.0 0   266.19 0   266.28 0     7.3 0    76.9 0   157.9 0  -101.5 0    56.4 0    -7.2 0    57.1 0    11.5 0   311.4 0   964.6 0
 2019   8  1  8 21 42 21.700  78.42   148.0 0    40.2 0   769.2 0    42.0 0   183.6 0   268.38 0   267.72 0   284.6 0   266.19 0   266.26 0     7.2 0    76.2 0   156.3 0  -101.0 0    55.2 0    -7.2 0    56.7 0    12.1 0   316.0 0   964.5 0
 2019   8  1  8 21 43 21.717  78.52   146.2 0    39.9 0   765.6 0    41.7 0   183.8 0   268.38 0   267.72 0   284.5 0   266.18 0   266.26 0     7.1 0    75.3 0   154.2 0  -100.8 0    53.4 0    -7.2 0    56.8 0    12.0 0   313.8 0   964.6 0
 2019   8  1  8 21 44 21.733  78.61   144.8 0    39.2 0   763.3 0    41.7 0   184.1 0   268.36 0   267.75 0   285.1 0   266.18 0   266.29 0     7.0 0    74.5 0   153.1 0  -101.0 0    52.1 0    -7.2 0    58.1 0     9.2 0   312.8 0   964.7 0
 2019   8  1  8 21 45 21.750  78.71   143.2 0    38.8 0   762.0 0    41.5 0   184.2 0   268.37 0   267.77 0   285.0 0   266.19 0   266.30 0     6.9 0    73.9 0   151.9 0  -100.7 0    51.2 0    -7.1 0    57.8 0     9.9 0   312.2 0   964.7 0
 2019   8  1  8 21 46 21.767  78.81   141.8 0    38.4 0   759.1 0    41.0 0   184.0 0   268.38 0   267.76 0   284.8 0   266.21 0   266.29 0     6.8 0    73.0 0   149.9 0  -100.7 0    49.2 0    -7.1 0    57.1 0    11.3 0   314.1 0   964.7 0
 2019   8  1  8 21 47 21.783  78.91   140.2 0    38.3 0   757.3 0    40.9 0   184.2 0   268.38 0   267.77 0   284.7 0   266.21 0   266.28 0     6.7 0    72.3 0   148.2 0  -100.4 0    47.8 0    -7.1 0    57.4 0    11.3 0   313.4 0   964.7 0
 2019   8  1  8 21 48 21.800  79.01   138.8 0    37.7 0   754.3 0    40.9 0   184.0 0   268.38 0   267.77 0   284.6 0   266.21 0   266.28 0     6.6 0    71.5 0   146.9 0  -100.6 0    46.3 0    -7.2 0    57.6 0    10.2 0   311.5 0   964.8 0
 2019   8  1  8 21 49 21.817  79.11   137.3 0    37.6 0   752.9 0    40.9 0   183.9 0   268.38 0   267.76 0   284.4 0   266.21 0   266.27 0     6.5 0    70.7 0   145.5 0  -100.5 0    45.0 0    -7.2 0    57.5 0    12.1 0   313.1 0   964.8 0
 2019   8  1  8 21 50 21.833  79.21   135.8 0    37.4 0   749.8 0    40.4 0   183.9 0   268.38 0   267.76 0   284.4 0   266.20 0   266.25 0     6.4 0    69.9 0   143.3 0  -100.5 0    42.8 0    -7.2 0    57.3 0    12.3 0   313.0 0   964.8 0
 2019   8  1  8 21 51 21.850  79.31   134.5 0    37.2 0   747.9 0    40.1 0   183.8 0   268.38 0   267.71 0   283.9 0   266.18 0   266.23 0     6.2 0    69.1 0   141.5 0  -100.0 0    41.5 0    -7.2 0    57.0 0    11.9 0   311.1 0   964.8 0
 2019   8  1  8 21 52 21.867  79.42   133.2 0    36.8 0   744.9 0    40.1 0   184.0 0   268.36 0   267.70 0   283.9 0   266.16 0   266.23 0     6.1 0    68.3 0   140.1 0   -99.8 0    40.3 0    -7.2 0    57.9 0    11.1 0   313.4 0   964.8 0
 2019   8  1  8 21 53 21.883  79.52   131.5 0    36.1 0   741.7 0    39.9 0   184.2 0   268.34 0   267.71 0   284.1 0   266.15 0   266.23 0     6.0 0    67.5 0   138.8 0   -99.9 0    38.9 0    -7.2 0    58.3 0    10.2 0   312.8 0   964.8 0
 2019   8  1  8 21 54 21.900  79.62   130.2 0    35.7 0   739.0 0    39.4 0   184.2 0   268.33 0   267.73 0   284.1 0   266.15 0   266.24 0     5.9 0    66.7 0   136.8 0   -99.8 0    37.0 0    -7.2 0    58.6 0    10.2 0   311.1 0   964.8 0
 2019   8  1  8 21 55 21.917  79.72   128.7 0    35.3 0   736.9 0    39.3 0   184.1 0   268.33 0   267.73 0   284.0 0   266.15 0   266.25 0     5.8 0    65.9 0   135.5 0   -99.9 0    35.6 0    -7.2 0    58.8 0     9.8 0   310.0 0   964.8 0
 2019   8  1  8 21 56 21.933  79.83   127.2 0    34.7 0   733.2 0    39.1 0   184.3 0   268.33 0   267.73 0   284.1 0   266.16 0   266.26 0     5.7 0    65.1 0   133.9 0   -99.8 0    34.1 0    -7.1 0    58.7 0     8.6 0   310.6 0   964.8 0
 2019   8  1  8 21 57 21.950  79.93   125.9 0    34.3 0   730.4 0    38.6 0   184.1 0   268.33 0   267.73 0   284.2 0   266.18 0   266.26 0     5.6 0    64.2 0   132.0 0  -100.1 0    31.9 0    -7.1 0    58.5 0     9.9 0   312.5 0   964.7 0
 2019   8  1  8 21 58 21.967  80.04   124.5 0    34.1 0   728.7 0    38.5 0   184.4 0   268.33 0   267.74 0   284.1 0   266.18 0   266.28 0     5.5 0    63.5 0   130.5 0   -99.7 0    30.8 0    -7.1 0    59.1 0     9.4 0   309.0 0   964.7 0
 2019   8  1  8 21 59 21.983  80.14   123.0 0    33.5 0   723.7 0    38.5 0   184.2 0   268.34 0   267.73 0   284.1 0   266.21 0   266.27 0     5.5 0    62.5 0   128.9 0   -99.9 0    29.0 0    -7.1 0    58.0 0    10.7 0   311.9 0   964.7 0
 2019   8  1  8 22  0 22.000  80.25   121.6 0    33.3 0   721.1 0    38.3 0   184.2 0   268.33 0   267.71 0   284.2 0   266.21 0   266.27 0     5.4 0    61.8 0   127.1 0  -100.0 0    27.1 0    -7.1 0    58.9 0     8.8 0   310.6 0   964.7 0
 2019   8  1  8 22  1 22.017  80.35   120.2 0    32.7 0   717.2 0    37.7 0   184.3 0   268.33 0   267.72 0   284.0 0   266.21 0   266.30 0     5.3 0    60.9 0   125.2 0   -99.8 0    25.4 0    -7.1 0    59.0 0     9.2 0   306.7 0   964.7 0
 2019   8  1  8 22  2 22.033  80.46   119.0 0    32.5 0   714.2 0    37.7 0   184.3 0   268.33 0   267.71 0   283.8 0   266.21 0   266.28 0     5.2 0    60.0 0   123.6 0   -99.5 0    24.1 0    -7.1 0    58.7 0     9.3 0   312.7 0   964.7 0
 2019   8  1  8 22  3 22.050  80.57   117.6 0    32.0 0   711.2 0    37.5 0   184.5 0   268.33 0   267.69 0   283.6 0   266.21 0   266.28 0     5.1 0    59.2 0   122.1 0   -99.0 0    23.0 0    -7.1 0    58.4 0    10.4 0   313.0 0   964.6 0
 2019   8  1  8 22  4 22.067  80.67   116.5 0    31.7 0   707.3 0    37.0 0   184.7 0   268.33 0   267.70 0   283.8 0   266.21 0   266.28 0     5.0 0    58.4 0   119.9 0   -99.1 0    20.9 0    -7.1 0    58.9 0     9.7 0   312.5 0   964.7 0
 2019   8  1  8 22  5 22.083  80.78   115.0 0    31.3 0   704.2 0    36.9 0   184.8 0   268.33 0   267.73 0   283.4 0   266.21 0   266.28 0     4.9 0    57.6 0   118.5 0   -98.7 0    19.8 0    -7.1 0    58.8 0     9.9 0   309.7 0   964.7 0
 2019   8  1  8 22  6 22.100  80.89   113.5 0    31.1 0   700.4 0    36.6 0   184.5 0   268.33 0   267.71 0   283.4 0   266.21 0   266.27 0     4.8 0    56.7 0   116.4 0   -98.9 0    17.5 0    -7.1 0    58.5 0    10.2 0   309.2 0   964.7 0
 2019   8  1  8 22  7 22.117  81.00   112.5 0    30.7 0   697.6 0    36.2 0   184.5 0   268.32 0   267.69 0   283.3 0   266.21 0   266.27 0     4.7 0    55.9 0   114.7 0   -98.9 0    15.8 0    -7.1 0    58.5 0    11.1 0   310.0 0   964.7 0
 2019   8  1  8 22  8 22.133  81.11   111.2 0    30.2 0   693.6 0    36.2 0   184.5 0   268.30 0   267.68 0   283.5 0   266.21 0   266.26 0     4.6 0    55.1 0   113.2 0   -99.0 0    14.2 0    -7.1 0    59.2 0     8.9 0   307.2 0   964.7 0
 2019   8  1  8 22  9 22.150  81.21   109.8 0    29.7 0   689.1 0    35.8 0   184.6 0   268.30 0   267.70 0   283.4 0   266.21 0   266.28 0     4.5 0    54.3 0   111.4 0   -98.8 0    12.6 0    -7.1 0    59.2 0     8.9 0   310.5 0   964.8 0
 2019   8  1  8 22 10 22.167  81.32   108.6 0    29.3 0   685.9 0    35.4 0   184.6 0   268.30 0   267.73 0   283.4 0   266.21 0   266.28 0     4.5 0    53.5 0   109.5 0   -98.8 0    10.7 0    -7.1 0    59.6 0     8.5 0   302.7 0   964.8 0
 2019   8  1  8 22 11 22.183  81.43   107.3 0    28.8 0   682.6 0    35.4 0   184.7 0   268.30 0   267.71 0   283.5 0   266.21 0   266.28 0     4.4 0    52.6 0   108.3 0   -98.8 0     9.5 0    -7.1 0    59.9 0     8.3 0   310.9 0   964.9 0
 2019   8  1  8 22 12 22.200  81.54   106.1 0    28.6 0   678.6 0    34.9 0   184.8 0   268.30 0   267.70 0   283.2 0   266.21 0   266.28 0     4.3 0    51.8 0   106.1 0   -98.3 0     7.8 0    -7.1 0    59.4 0     9.3 0   307.5 0   964.9 0
 2019   8  1  8 22 13 22.217  81.66   105.0 0    28.2 0   676.4 0    34.6 0   184.8 0   268.30 0   267.68 0   282.9 0   266.21 0   266.28 0     4.2 0    51.1 0   104.5 0   -98.1 0     6.4 0    -7.1 0    59.0 0     9.9 0   308.9 0   964.9 0
 2019   8  1  8 22 14 22.233  81.77   103.8 0    27.9 0   671.3 0    34.6 0   184.7 0   268.29 0   267.67 0   282.9 0   266.21 0   266.26 0     4.1 0    50.2 0   102.8 0   -98.2 0     4.6 0    -7.1 0    59.3 0    10.0 0   305.9 0   964.9 0
 2019   8  1  8 22 15 22.250  81.88   102.7 0    27.6 0   667.9 0    34.2 0   184.5 0   268.28 0   267.64 0   282.8 0   266.21 0   266.26 0     4.0 0    49.4 0   101.0 0   -98.3 0     2.7 0    -7.1 0    58.7 0    10.7 0   306.9 0   964.9 0
 2019   8  1  8 22 16 22.267  81.99   101.0 0    27.1 0   662.7 0    33.8 0   184.6 0   268.27 0   267.63 0   282.6 0   266.21 0   266.25 0     3.9 0    48.5 0    99.0 0   -98.0 0     1.0 0    -7.1 0    58.4 0     9.9 0   307.6 0   964.9 0
 2019   8  1  8 22 17 22.283  82.10    99.9 0    26.6 0   658.7 0    33.6 0   184.8 0   268.25 0   267.64 0   282.7 0   266.20 0   266.25 0     3.8 0    47.7 0    97.5 0   -97.9 0    -0.3 0    -7.1 0    59.3 0     8.7 0   311.6 0   964.9 0
 2019   8  1  8 22 18 22.300  82.22    98.7 0    26.2 0   655.1 0    33.0 0   184.7 0   268.24 0   267.62 0   282.4 0   266.18 0   266.25 0     3.8 0    46.9 0    95.5 0   -97.7 0    -2.2 0    -7.1 0    59.0 0     9.8 0   313.9 0   964.9 0
 2019   8  1  8 22 19 22.317  82.33    97.3 0    25.8 0   650.4 0    33.0 0   184.6 0   268.23 0   267.62 0   282.4 0   266.18 0   266.23 0     3.7 0    46.0 0    94.1 0   -97.8 0    -3.7 0    -7.2 0    58.8 0     9.4 0   309.7 0   964.9 0
 2019   8  1  8 22 20 22.333  82.44    96.2 0    25.5 0   646.3 0    32.9 0   184.6 0   268.22 0   267.58 0   282.2 0   266.17 0   266.21 0     3.6 0    45.2 0    92.4 0   -97.6 0    -5.2 0    -7.2 0    58.4 0    10.7 0   307.9 0   964.9 0
 2019   8  1  8 22 21 22.350  82.56    94.8 0    25.1 0   641.6 0    32.3 0   184.6 0   268.20 0   267.57 0   282.0 0   266.15 0   266.21 0     3.5 0    44.3 0    90.3 0   -97.3 0    -7.0 0    -7.2 0    58.3 0    10.2 0   310.4 0   964.9 0
 2019   8  1  8 22 22 22.367  82.67    93.5 0    24.7 0   637.4 0    32.2 0   184.5 0   268.18 0   267.53 0   282.1 0   266.15 0   266.18 0     3.4 0    43.5 0    88.9 0   -97.6 0    -8.7 0    -7.2 0    58.0 0    11.2 0   311.1 0   964.9 0
 2019   8  1  8 22 23 22.383  82.79    92.2 0    24.3 0   634.0 0    32.1 0   184.7 0   268.16 0   267.52 0   282.1 0   266.15 0   266.20 0     3.3 0    42.7 0    87.4 0   -97.4 0   -10.0 0    -7.2 0    59.1 0     8.1 0   315.8 0   964.9 0
 2019   8  1  8 22 24 22.400  82.90    90.8 0    23.8 0   628.9 0    31.5 0   184.7 0   268.14 0   267.51 0   282.0 0   266.13 0   266.18 0     3.3 0    41.8 0    85.4 0   -97.3 0   -11.9 0    -7.2 0    59.3 0     9.0 0   312.0 0   964.9 0
 2019   8  1  8 22 25 22.417  83.02    89.5 0    23.5 0   625.5 0    31.4 0   184.9 0   268.13 0   267.48 0   281.8 0   266.13 0   266.18 0     3.2 0    41.0 0    83.9 0   -96.9 0   -12.9 0    -7.2 0    58.9 0     9.2 0   309.3 0   964.9 0
 2019   8  1  8 22 26 22.433  83.13    88.1 0    23.0 0   618.5 0    31.0 0   184.7 0   268.10 0   267.47 0   281.8 0   266.12 0   266.16 0     3.1 0    40.0 0    82.0 0   -97.1 0   -15.1 0    -7.2 0    59.3 0     8.6 0   309.5 0   964.9 0
 2019   8  1  8 22 27 22.450  83.25    86.7 0    22.3 0   612.9 0    30.7 0   184.7 0   268.08 0   267.46 0   281.8 0   266.10 0   266.16 0     3.0 0    39.1 0    80.4 0   -97.1 0   -16.6 0    -7.2 0    59.7 0     7.4 0   309.4 0   964.9 0
 2019   8  1  8 22 28 22.467  83.37    85.0 0    22.0 0   606.9 0    30.5 0   185.0 0   268.07 0   267.44 0   281.7 0   266.10 0   266.17 0     3.0 0    38.1 0    78.7 0   -96.7 0   -18.0 0    -7.2 0    59.7 0     8.6 0   312.6 0   964.9 0
 2019   8  1  8 22 29 22.483  83.48    82.9 0    21.4 0   595.2 0    30.0 0   184.9 0   268.04 0   267.42 0   281.6 0   266.10 0   266.15 0     2.9 0    37.0 0    76.2 0   -96.7 0   -20.6 0    -7.2 0    59.2 0     9.5 0   305.2 0   964.9 0
 2019   8  1  8 22 30 22.500  83.60    80.4 0    20.6 0   578.8 0    29.8 0   184.8 0   268.03 0   267.41 0   281.5 0   266.10 0   266.15 0     2.8 0    35.7 0    73.7 0   -96.7 0   -23.0 0    -7.2 0    59.5 0     9.1 0   302.9 0   964.9 0
 2019   8  1  8 22 31 22.517  83.72    78.6 0    20.0 0   569.8 0    29.2 0   184.9 0   268.01 0   267.39 0   281.2 0   266.09 0   266.15 0     2.7 0    34.7 0    71.5 0   -96.4 0   -24.9 0    -7.2 0    59.6 0     8.0 0   309.9 0   964.9 0
 2019   8  1  8 22 32 22.533  83.83    77.8 0    19.8 0   571.4 0    29.0 0   184.8 0   267.98 0   267.37 0   281.2 0   266.08 0   266.15 0     2.7 0    34.0 0    70.6 0   -96.4 0   -25.8 0    -7.2 0    59.5 0     9.1 0   310.3 0   965.0 0
 2019   8  1  8 22 33 22.550  83.95    76.9 0    19.8 0   574.2 0    28.5 0   184.9 0   267.97 0   267.36 0   281.3 0   266.08 0   266.14 0     2.6 0    33.3 0    69.2 0   -96.4 0   -27.2 0    -7.2 0    59.5 0     9.0 0   310.0 0   965.0 0
 2019   8  1  8 22 34 22.567  84.07    76.2 0    19.4 0   577.5 0    28.3 0   184.9 0   267.95 0   267.34 0   281.0 0   266.06 0   266.14 0     2.5 0    32.6 0    68.5 0   -96.1 0   -27.6 0    -7.2 0    60.1 0     7.4 0   300.3 0   965.0 0
 2019   8  1  8 22 35 22.583  84.19    75.1 0    19.1 0   575.0 0    27.8 0   184.8 0   267.93 0   267.33 0   281.0 0   266.05 0   266.13 0     2.5 0    31.8 0    66.9 0   -96.2 0   -29.3 0    -7.2 0    60.2 0     8.0 0   305.1 0   965.0 0
 2019   8  1  8 22 36 22.600  84.31    73.3 0    18.5 0   566.7 0    27.5 0   184.9 0   267.92 0   267.32 0   281.0 0   266.05 0   266.13 0     2.3 0    30.9 0    65.2 0   -96.1 0   -30.9 0    -7.3 0    60.3 0     8.0 0   309.1 0   965.0 0
 2019   8  1  8 22 37 22.617  84.43    71.2 0    18.0 0   555.8 0    27.1 0   185.0 0   267.90 0   267.30 0   281.1 0   266.05 0   266.11 0     2.3 0    29.8 0    63.0 0   -96.2 0   -33.1 0    -7.3 0    60.9 0     7.0 0   303.7 0   965.0 0
 2019   8  1  8 22 38 22.633  84.55    68.4 0    17.3 0   536.2 0    26.7 0   184.6 0   267.88 0   267.27 0   280.8 0   266.03 0   266.10 0     2.2 0    28.6 0    60.4 0   -96.2 0   -35.8 0    -7.3 0    60.5 0     8.9 0   303.3 0   965.0 0
 2019   8  1  8 22 39 22.650  84.67    66.6 0    16.8 0   526.0 0    26.4 0   184.8 0   267.86 0   267.25 0   280.7 0   266.03 0   266.10 0     2.2 0    27.6 0    58.5 0   -95.9 0   -37.4 0    -7.3 0    59.7 0     9.7 0   303.1 0   965.1 0
 2019   8  1  8 22 40 22.667  84.79    64.5 0    16.3 0   515.0 0    25.9 0   184.6 0   267.83 0   267.22 0   280.4 0   266.00 0   266.09 0     2.1 0    26.6 0    56.5 0   -95.8 0   -39.4 0    -7.3 0    59.9 0     9.1 0   301.2 0   965.1 0
 2019   8  1  8 22 41 22.683  84.91    64.2 0    15.8 0   520.1 0    25.5 0   184.6 0   267.81 0   267.21 0   280.5 0   266.00 0   266.08 0     2.0 0    26.0 0    55.8 0   -95.9 0   -40.1 0    -7.3 0    60.1 0     8.5 0   305.4 0   965.1 0
 2019   8  1  8 22 42 22.700  85.03    63.7 0    16.0 0   532.9 0    25.2 0   184.6 0   267.78 0   267.18 0   280.5 0   265.99 0   266.08 0     2.0 0 -9999.9 1    55.3 0   -95.9 0   -40.6 0    -7.3 0    60.2 0     8.6 0   303.3 0   965.1 0
 2019   8  1  8 22 43 22.717  85.15    62.8 0    15.8 0   536.5 0    24.9 0   184.7 0   267.77 0   267.17 0   280.3 0   265.98 0   266.08 0     1.9 0 -9999.9 1    54.5 0   -95.6 0   -41.1 0    -7.3 0    61.0 0     7.5 0   308.3 0   965.1 0
 2019   8  1  8 22 44 22.733  85.27    61.4 0    15.6 0   534.1 0    24.4 0   184.6 0   267.74 0   267.13 0   280.3 0   265.96 0   266.06 0     1.8 0 -9999.9 1    52.8 0   -95.7 0   -42.9 0    -7.3 0    60.0 0     9.7 0   308.4 0   965.1 0
 2019   8  1  8 22 45 22.750  85.39    58.1 0    14.6 0   507.6 0    24.1 0   184.7 0   267.72 0   267.12 0   280.2 0   265.95 0   266.05 0     1.8 0 -9999.9 1    50.2 0   -95.5 0   -45.3 0    -7.4 0    59.9 0     9.4 0   307.6 0   965.1 0
 2019   8  1  8 22 46 22.767  85.51    53.5 0    13.3 0   463.2 0    23.6 0   184.6 0   267.69 0   267.10 0   280.0 0   265.95 0   266.05 0     1.7 0    21.6 0    46.5 0   -95.4 0   -49.0 0    -7.4 0    60.2 0     8.7 0   300.0 0   965.2 0
 2019   8  1  8 22 47 22.783  85.64    50.4 0    12.5 0   437.2 0    22.9 0   184.6 0   267.67 0   267.07 0   280.0 0   265.94 0   266.02 0     1.7 0    20.5 0    43.6 0   -95.5 0   -51.8 0    -7.4 0    60.3 0     8.7 0   307.5 0   965.2 0
 2019   8  1  8 22 48 22.800  85.76    47.3 0    11.6 0   409.9 0    22.5 0   184.6 0   267.63 0   267.04 0   279.7 0   265.92 0   266.00 0     1.6 0    19.5 0    41.1 0   -95.1 0   -54.0 0    -7.4 0    61.3 0     7.1 0   310.1 0   965.2 0
 2019   8  1  8 22 49 22.817  85.88    41.7 0    10.2 0   348.3 0    21.9 0   184.4 0   267.59 0   267.00 0   279.3 0   265.90 0   265.98 0     1.6 0    18.0 0    36.7 0   -94.9 0   -58.2 0    -7.4 0    60.9 0     8.0 0   307.6 0   965.2 0
 2019   8  1  8 22 50 22.833  86.00    37.9 0     9.3 0   309.8 0    21.2 0   184.4 0   267.55 0   266.96 0   279.4 0   265.89 0   265.95 0     1.5 0    16.8 0    33.5 0   -95.1 0   -61.5 0    -7.4 0    60.4 0     9.1 0   304.2 0   965.2 0
 2019   8  1  8 22 51 22.850  86.12    36.7 0     8.9 0   304.9 0    20.5 0   184.3 0   267.50 0   266.91 0   279.1 0   265.87 0   265.93 0     1.4 0    16.1 0    32.2 0   -94.8 0   -62.5 0    -7.5 0    60.9 0     8.0 0   304.3 0   965.3 0
 2019   8  1  8 22 52 22.867  86.25    36.7 0     9.0 0   321.2 0    20.1 0   184.4 0   267.45 0   266.87 0   279.0 0   265.85 0   265.92 0     1.4 0    15.8 0    32.1 0   -94.7 0   -62.5 0    -7.5 0    60.8 0     8.4 0   308.0 0   965.3 0
 2019   8  1  8 22 53 22.883  86.37    36.7 0     9.3 0   344.5 0    19.6 0   184.4 0   267.41 0   266.83 0   279.2 0   265.85 0   265.92 0     1.3 0    15.5 0    32.2 0   -94.8 0   -62.6 0    -7.5 0    60.8 0     8.1 0   307.3 0   965.3 0
 2019   8  1  8 22 54 22.900  86.49    36.7 0     9.3 0   371.5 0    19.2 0   184.4 0   267.37 0   266.80 0   279.0 0   265.82 0   265.92 0     1.3 0    15.3 0    32.7 0   -94.6 0   -61.9 0    -7.5 0    60.8 0     8.9 0   312.0 0   965.3 0
 2019   8  1  8 22 55 22.917  86.62    35.9 0     9.3 0   386.5 0    18.9 0   184.5 0   267.33 0   266.77 0   279.1 0   265.81 0   265.92 0     1.2 0 -9999.9 1    32.4 0   -94.6 0   -62.2 0    -7.5 0    60.0 0    10.1 0   310.2 0   965.3 0
 2019   8  1  8 22 56 22.933  86.74    33.3 0     8.8 0   371.4 0    18.5 0   184.5 0   267.30 0   266.75 0   279.0 0   265.80 0   265.91 0     1.2 0 -9999.9 1    30.9 0   -94.5 0   -63.7 0    -7.4 0    60.3 0     9.0 0   311.3 0   965.3 0
 2019   8  1  8 22 57 22.950  86.86    29.7 0     8.1 0   339.8 0    18.0 0   184.5 0   267.27 0   266.71 0   278.9 0   265.80 0   265.90 0     1.1 0    13.4 0    28.5 0   -94.3 0   -65.8 0    -7.5 0    60.8 0     8.6 0   312.5 0   965.3 0
 2019   8  1  8 22 58 22.967  86.98    25.7 0     7.2 0   302.5 0    17.3 0   184.4 0   267.23 0   266.68 0   278.7 0   265.79 0   265.88 0     1.1 0    12.5 0    26.0 0   -94.3 0   -68.3 0    -7.5 0    60.8 0     8.1 0   313.7 0   965.3 0
 2019   8  1  8 22 59 22.983  87.11    23.9 0     7.0 0   301.9 0    16.9 0   184.2 0   267.20 0   266.65 0   278.6 0   265.77 0   265.87 0     1.1 0    12.1 0    25.2 0   -94.4 0   -69.2 0    -7.5 0    60.8 0     9.4 0   312.7 0   965.3 0
 2019   8  1  8 23  0 23.000  87.23    22.0 0     6.9 0   308.2 0    16.5 0   184.5 0   267.16 0   266.62 0   278.7 0   265.76 0   265.87 0     1.0 0    11.6 0    24.5 0   -94.2 0   -69.7 0    -7.5 0    60.2 0     9.3 0   308.5 0   965.3 0
 2019   8  1  8 23  1 23.017  87.35    19.2 0     6.3 0   276.1 0    16.0 0   184.3 0   267.13 0   266.59 0   278.2 0   265.75 0   265.85 0     0.9 0    11.0 0    22.5 0   -94.0 0   -71.4 0    -7.5 0    60.9 0     8.2 0   310.4 0   965.3 0
 2019   8  1  8 23  2 23.033  87.47    16.7 0     5.7 0   246.3 0    15.5 0   184.2 0   267.09 0   266.55 0   278.3 0   265.75 0   265.81 0     0.9 0    10.3 0    20.7 0   -94.1 0   -73.4 0    -7.6 0    61.8 0     7.1 0   312.4 0   965.3 0
 2019   8  1  8 23  3 23.050  87.60    15.4 0     5.3 0   231.6 0    14.9 0   184.2 0   267.05 0   266.51 0   278.0 0   265.72 0   265.80 0     0.8 0     9.8 0    19.4 0   -93.8 0   -74.4 0    -7.6 0    62.2 0     8.0 0   314.9 0   965.4 0
 2019   8  1  8 23  4 23.067  87.72    14.3 0     5.3 0   230.1 0    14.3 0   184.2 0   267.01 0   266.47 0   278.0 0   265.69 0   265.77 0     0.8 0     9.4 0    18.3 0   -93.7 0   -75.5 0    -7.6 0    62.1 0     7.9 0   313.4 0   965.4 0
 2019   8  1  8 23  5 23.083  87.84    13.8 0     5.2 0   238.1 0    14.0 0   184.1 0   266.97 0   266.44 0   277.9 0   265.68 0   265.75 0     0.8 0     9.0 0    17.8 0   -93.8 0   -76.0 0    -7.7 0    62.8 0     7.3 0   314.2 0   965.4 0
 2019   8  1  8 23  6 23.100  87.96    12.9 0     4.5 0   216.1 0    13.4 0   184.1 0   266.92 0   266.39 0   277.5 0   265.66 0   265.74 0     0.8 0     8.5 0    16.5 0   -93.4 0   -76.9 0    -7.7 0    62.9 0     7.1 0   313.1 0   965.4 0
 2019   8  1  8 23  7 23.117  88.08    11.8 0     4.2 0   175.9 0    12.8 0   184.0 0   266.88 0   266.36 0   277.6 0   265.64 0   265.71 0     0.8 0     7.9 0    14.5 0   -93.6 0   -79.1 0    -7.7 0    62.6 0     8.1 0   312.4 0   965.3 0
 2019   8  1  8 23  8 23.133  88.20    11.3 0     4.0 0   163.9 0    12.5 0   183.9 0   266.83 0   266.32 0   277.5 0   265.63 0   265.68 0     0.8 0     7.5 0    13.6 0   -93.6 0   -80.0 0    -7.7 0    63.1 0     7.3 0   315.7 0   965.3 0
 2019   8  1  8 23  9 23.150  88.32    10.1 0     3.6 0   124.3 0    11.8 0   183.8 0   266.79 0   266.28 0   277.1 0   265.60 0   265.64 0     0.7 0     7.0 0    11.8 0   -93.3 0   -81.4 0    -7.7 0    63.4 0     6.9 0   315.1 0   965.3 0
 2019   8  1  8 23 10 23.167  88.44     8.9 0     2.9 0    67.5 0    11.1 0   183.7 0   266.74 0   266.22 0   276.9 0   265.58 0   265.60 0     0.6 0     6.4 0    10.1 0   -93.2 0   -83.2 0    -7.8 0    63.7 0     7.1 0   314.0 0   965.3 0
 2019   8  1  8 23 11 23.183  88.56     8.1 0     2.4 0    34.1 0    10.4 0   183.6 0   266.68 0   266.16 0   276.8 0   265.55 0   265.55 0     0.6 0     5.9 0     8.8 0   -93.2 0   -84.4 0    -7.8 0    64.0 0     7.1 0   313.3 0   965.3 0
 2019   8  1  8 23 12 23.200  88.68     7.3 0     2.2 0    13.3 0     9.7 0   183.4 0   266.61 0   266.10 0   276.6 0   265.53 0   265.51 0     0.6 0     5.5 0     7.8 0   -93.2 0   -85.4 0    -7.8 0    64.3 0     6.4 0   314.1 0   965.2 0
 2019   8  1  8 23 13 23.217  88.79     6.8 0     1.8 0     7.7 0     9.2 0   183.2 0   266.54 0   266.05 0   276.3 0   265.50 0   265.47 0     0.6 0     5.1 0     7.6 0   -93.0 0   -85.5 0    -7.9 0    64.8 0     6.5 0   315.1 0   965.2 0
 2019   8  1  8 23 14 23.233  88.91     6.4 0     1.6 0     5.9 0     8.6 0   183.2 0   266.48 0   265.98 0   276.3 0   265.47 0   265.44 0     0.5 0     4.8 0     7.1 0   -93.1 0   -86.1 0    -7.9 0    64.9 0     6.4 0   315.4 0   965.2 0
 2019   8  1  8 23 15 23.250  89.02     6.0 0     1.6 0     5.0 0     7.9 0   182.9 0   266.42 0   265.92 0   276.0 0   265.44 0   265.41 0     0.5 0     4.4 0     6.4 0   -93.1 0   -86.7 0    -8.0 0    65.6 0     5.7 0   316.4 0   965.2 0
 2019   8  1  8 23 16 23.267  89.14     5.9 0     1.6 0     4.1 0     7.5 0   182.8 0   266.35 0   265.84 0   275.6 0   265.40 0   265.36 0     0.5 0     4.1 0     5.9 0   -92.8 0   -86.8 0    -8.1 0    67.3 0     5.4 0   321.2 0   965.2 0
 2019   8  1  8 23 17 23.283  89.25     5.8 0     1.6 0     3.5 0     7.0 0   182.5 0   266.28 0   265.76 0   275.2 0   265.36 0   265.31 0     0.5 0     3.8 0     5.5 0   -92.7 0   -87.2 0    -8.2 0    68.7 0     4.9 0   319.4 0   965.2 0
 2019   8  1  8 23 18 23.300  89.36     4.9 0     1.6 0     3.0 0     6.5 0   182.5 0   266.21 0   265.69 0   275.1 0   265.32 0   265.27 0     0.4 0     3.5 0     4.9 0   -92.6 0   -87.7 0    -8.3 0    69.4 0     5.0 0   318.2 0   965.1 0
 2019   8  1  8 23 19 23.317  89.47     4.9 0     1.6 0     2.6 0     6.3 0   182.5 0   266.13 0   265.62 0   274.9 0   265.27 0   265.22 0     0.4 0     3.3 0     4.7 0   -92.4 0   -87.7 0    -8.3 0    70.0 0     4.9 0   319.5 0   965.2 0
 2019   8  1  8 23 20 23.333  89.57     4.6 0     1.6 0     2.1 0     5.8 0   182.5 0   266.07 0   265.56 0   274.8 0   265.22 0   265.17 0     0.4 0     3.1 0     4.2 0   -92.3 0   -88.0 0    -8.4 0    70.4 0     4.6 0   318.8 0   965.2 0
 2019   8  1  8 23 21 23.350  89.67     3.9 0     1.6 0     1.7 0     5.5 0   182.4 0   265.99 0   265.49 0   274.5 0   265.18 0   265.13 0     0.4 0     2.8 0     3.9 0   -92.1 0   -88.2 0    -8.4 0    70.8 0     4.1 0   322.9 0   965.2 0
 2019   8  1  8 23 22 23.367  89.78     3.9 0     1.6 0     1.3 0     5.2 0   182.4 0   265.93 0   265.42 0   274.4 0   265.13 0   265.08 0     0.4 0     2.7 0     3.6 0   -92.0 0   -88.4 0    -8.4 0    70.9 0     4.1 0   326.3 0   965.3 0
 2019   8  1  8 23 23 23.383  89.87     3.9 0     1.6 0     1.2 0     5.1 0   182.3 0   265.86 0   265.36 0   274.1 0   265.09 0   265.04 0     0.3 0     2.4 0     3.5 0   -91.8 0   -88.3 0    -8.5 0    71.6 0     3.4 0   327.7 0   965.3 0
 2019   8  1  8 23 24 23.400  89.97     3.1 0     1.0 0     1.0 0     4.9 0   182.4 0   265.79 0   265.31 0   273.8 0   265.04 0   265.01 0     0.2 0     2.3 0     3.9 0   -91.4 0   -87.6 0    -8.5 0    71.8 0     3.4 0   335.6 0   965.3 0
 2019   8  1  8 23 25 23.417  90.86     2.9 0     0.8 0     0.8 0     4.4 0   182.5 0   265.72 0   265.24 0   273.7 0   265.00 0   264.96 0     0.0 0     2.1 0     3.5 0   -91.2 0   -87.6 0    -8.6 0    72.1 0     3.0 0   335.4 0   965.4 0
 2019   8  1  8 23 26 23.433  91.00     2.9 0     0.8 0     0.6 0     4.2 0   182.5 0   265.66 0   265.20 0   273.4 0   264.96 0   264.92 0     0.0 0     2.0 0     3.4 0   -90.9 0   -87.5 0    -8.6 0    72.3 0     2.6 0   331.3 0   965.5 0
 2019   8  1  8 23 27 23.450  91.14     2.5 0     0.8 0     0.4 0     3.7 0   182.7 0   265.60 0   265.17 0   273.7 0   264.92 0   264.88 0     0.0 0     1.9 0     2.9 0   -91.0 0   -88.2 0    -8.6 0    72.0 0     3.2 0   333.5 0   965.5 0
 2019   8  1  8 23 28 23.467  91.28     2.0 0     0.8 0     0.4 0     3.5 0   182.6 0   265.54 0   265.13 0   273.3 0   264.88 0   264.85 0     0.0 0     1.8 0     2.7 0   -90.7 0   -87.9 0    -8.7 0    72.3 0     2.7 0   341.1 0   965.6 0
 2019   8  1  8 23 29 23.483  91.42     2.0 0     0.8 0     0.4 0     3.3 0   182.7 0   265.48 0   265.08 0   272.9 0   264.85 0   264.81 0     0.0 0     1.5 0     2.5 0   -90.3 0   -87.8 0    -8.7 0    72.5 0     2.6 0   343.6 0   965.6 0
 2019   8  1  8 23 30 23.500  91.56     2.0 0     0.8 0     0.3 0     2.8 0   182.7 0   265.42 0   265.02 0   272.7 0   264.81 0   264.78 0     0.0 0     1.5 0     2.0 0   -89.9 0   -87.9 0    -8.7 0    72.5 0     2.0 0   338.6 0   965.6 0
 2019   8  1  8 23 31 23.517  91.70     2.0 0     0.8 0     0.4 0     2.8 0   182.7 0   265.36 0   264.95 0   271.9 0   264.78 0   264.75 0     0.0 0     1.4 0     1.9 0   -89.3 0   -87.3 0    -8.7 0    72.9 0     1.9 0   340.4 0   965.6 0
 2019   8  1  8 23 32 23.533  91.84     1.8 0     0.8 0     0.4 0     2.8 0   182.7 0   265.30 0   264.89 0   271.3 0   264.75 0   264.71 0     0.0 0     1.1 0     1.9 0   -88.6 0   -86.7 0    -8.8 0    72.9 0     1.6 0   345.1 0   965.6 0
 2019   8  1  8 23 33 23.550  91.98     1.1 0     0.8 0     0.4 0     2.5 0   182.7 0   265.24 0   264.84 0   270.6 0   264.71 0   264.68 0     0.0 0     1.1 0     1.7 0   -87.9 0   -86.2 0    -8.8 0    73.1 0     0.9 0   338.3 0   965.6 0
 2019   8  1  8 23 34 23.567  92.12     1.0 0     0.2 0     0.4 0     2.1 0   182.9 0   265.19 0   264.78 0   270.1 0   264.69 0   264.66 0     0.0 0     1.1 0     1.9 0   -87.2 0   -85.3 0    -8.8 0    73.0 0     0.6 0   336.9 0   965.6 0
 2019   8  1  8 23 35 23.583  92.26     1.0 0     0.0 0     0.4 0     2.0 0   182.8 0   265.13 0   264.74 0   269.7 0   264.66 0   264.64 0     0.0 0     0.8 0     2.0 0   -86.8 0   -84.9 0    -8.8 0    72.8 0     1.0 0   335.7 0   965.7 0
 2019   8  1  8 23 36 23.600  92.40     1.0 0     0.0 0     0.4 0     2.0 0   182.9 0   265.09 0   264.71 0   269.6 0   264.63 0   264.61 0     0.0 0     0.7 0     2.0 0   -86.7 0   -84.8 0    -8.8 0    72.8 0     0.8 0   330.6 0   965.7 0
 2019   8  1  8 23 37 23.617  92.55     0.8 0     0.0 0     0.4 0     1.6 0   182.8 0   265.04 0   264.66 0   270.2 0   264.61 0   264.58 0     0.0 0     0.7 0     1.6 0   -87.4 0   -85.7 0    -8.8 0    72.6 0     1.4 0   328.8 0   965.8 0
 2019   8  1  8 23 38 23.633  92.69     0.0 0     0.0 0     0.4 0     1.4 0   182.9 0   265.00 0   264.62 0   270.2 0   264.57 0   264.54 0     0.0 0     0.7 0     1.4 0   -87.3 0   -85.9 0    -8.8 0    72.5 0     1.8 0   325.4 0   965.8 0
 2019   8  1  8 23 39 23.650  92.83     0.0 0     0.0 0     0.4 0     1.2 0   183.0 0   264.95 0   264.57 0   270.7 0   264.54 0   264.51 0     0.0 0     0.6 0     1.2 0   -87.6 0   -86.4 0    -8.8 0    72.3 0     1.6 0   322.7 0   965.8 0
 2019   8  1  8 23 40 23.667  92.97     0.0 0     0.0 0     0.4 0     1.2 0   182.9 0   264.91 0   264.51 0   270.1 0   264.51 0   264.50 0     0.0 0     0.4 0     1.2 0   -87.2 0   -86.0 0    -8.8 0    72.3 0     1.3 0   322.1 0   965.8 0
 2019   8  1  8 23 41 23.683  93.12     0.0 0     0.0 0     0.4 0     1.2 0   182.9 0   264.86 0   264.45 0   269.6 0   264.49 0   264.46 0     0.0 0     0.4 0     1.2 0   -86.7 0   -85.5 0    -8.8 0    72.6 0     1.1 0   331.5 0   965.8 0
 2019   8  1  8 23 42 23.700  93.26     0.0 0     0.0 0     0.4 0     1.0 0   183.0 0   264.81 0   264.43 0   268.9 0   264.45 0   264.43 0     0.0 0     0.4 0     1.0 0   -85.9 0   -84.9 0    -8.9 0    72.5 0     1.3 0   321.7 0   965.8 0
 2019   8  1  8 23 43 23.717  93.40     0.0 0     0.0 0     0.4 0     0.8 0   183.1 0   264.77 0   264.40 0   268.7 0   264.42 0   264.40 0     0.0 0     0.4 0     0.8 0   -85.6 0   -84.8 0    -8.8 0    72.5 0     1.4 0   323.7 0   965.9 0
 2019   8  1  8 23 44 23.733  93.55    -0.6 0     0.0 0     0.4 0     0.7 0   183.1 0   264.72 0   264.35 0   268.8 0   264.39 0   264.38 0     0.0 0     0.4 0     0.7 0   -85.7 0   -85.0 0    -8.9 0    72.4 0     1.7 0   313.8 0   965.9 0
 2019   8  1  8 23 45 23.750  93.69    -1.0 0     0.0 0     0.4 0     0.4 0   183.6 0   264.70 0   264.37 0   270.1 0   264.37 0   264.37 0     0.0 0     0.3 0     0.4 0   -86.4 0   -86.0 0    -8.8 0    72.1 0     1.6 0   316.1 0   965.9 0
 2019   8  1  8 23 46 23.767  93.84    -1.0 0     0.0 0     0.4 0     0.4 0   183.3 0   264.67 0   264.33 0   269.7 0   264.34 0   264.34 0     0.0 0     0.2 0     0.4 0   -86.3 0   -86.0 0    -8.8 0    71.9 0     1.8 0   317.4 0   965.9 0
 2019   8  1  8 23 47 23.783  93.98    -1.0 0     0.0 0     0.4 0     0.4 0   183.4 0   264.64 0   264.29 0   270.3 0   264.33 0   264.33 0     0.0 0     0.1 0     0.4 0   -86.9 0   -86.5 0    -8.8 0    71.9 0     2.3 0   308.4 0   965.9 0
 2019   8  1  8 23 48 23.800  94.12    -1.0 0     0.0 0     0.4 0     0.4 0   183.3 0   264.62 0   264.27 0   271.0 0   264.31 0   264.31 0     0.0 0     0.1 0     0.4 0   -87.7 0   -87.3 0    -8.8 0    71.8 0     2.7 0   303.1 0   965.9 0
 2019   8  1  8 23 49 23.817  94.27    -1.0 0     0.0 0     0.4 0     0.4 0   183.3 0   264.59 0   264.22 0   270.8 0   264.29 0   264.30 0     0.0 0     0.0 0     0.4 0   -87.5 0   -87.1 0    -8.7 0    71.8 0     2.4 0   309.2 0   965.9 0
 2019   8  1  8 23 50 23.833  94.42    -1.0 0     0.0 0     0.4 0     0.4 0   183.3 0   264.55 0   264.20 0   270.8 0   264.29 0   264.29 0     0.0 0     0.0 0     0.4 0   -87.5 0   -87.1 0    -8.7 0    71.6 0     2.7 0   312.5 0   965.9 0
 2019   8  1  8 23 51 23.850  94.56    -1.0 0     0.0 0     0.4 0     0.4 0   183.0 0   264.52 0   264.14 0   270.4 0   264.28 0   264.27 0     0.0 0     0.0 0     0.4 0   -87.4 0   -87.0 0    -8.7 0    71.9 0     2.6 0   315.0 0   965.9 0
 2019   8  1  8 23 52 23.867  94.71    -1.0 0     0.0 0     0.4 0     0.4 0   183.0 0   264.48 0   264.09 0   270.1 0   264.26 0   264.25 0     0.0 0     0.0 0     0.4 0   -87.1 0   -86.7 0    -8.8 0    72.3 0     2.4 0   315.2 0   965.9 0
 2019   8  1  8 23 53 23.883  94.85    -1.0 0     0.0 0     0.4 0     0.4 0   182.8 0   264.44 0   264.03 0   269.6 0   264.24 0   264.24 0     0.0 0     0.0 0     0.4 0   -86.7 0   -86.3 0    -8.8 0    72.4 0     2.7 0   313.0 0   965.9 0
 2019   8  1  8 23 54 23.900  95.00    -1.0 0     0.0 0     0.7 0     0.4 0   182.8 0   264.39 0   263.99 0   269.8 0   264.23 0   264.21 0     0.0 0     0.0 0     0.4 0   -87.1 0   -86.7 0    -8.9 0    72.8 0     2.7 0   308.8 0   965.9 0
 2019   8  1  8 23 55 23.917  95.15    -1.0 0     0.0 0     0.8 0     0.4 0   182.6 0   264.34 0   263.95 0   269.6 0   264.21 0   264.19 0     0.0 0     0.0 0     0.4 0   -87.0 0   -86.6 0    -8.9 0    72.9 0     2.9 0   313.2 0   965.9 0
 2019   8  1  8 23 56 23.933  95.29    -1.0 0     0.0 0     0.8 0     0.4 0   182.5 0   264.28 0   263.86 0   269.5 0   264.18 0   264.18 0     0.0 0     0.0 0     0.4 0   -86.9 0   -86.5 0    -8.9 0    72.8 0     3.1 0   312.9 0   965.9 0
 2019   8  1  8 23 57 23.950  95.44    -1.0 0     0.0 0     0.8 0     0.4 0   182.4 0   264.22 0   263.79 0   269.5 0   264.18 0   264.17 0     0.0 0     0.0 0     0.4 0   -87.1 0   -86.7 0    -8.9 0    72.6 0     3.3 0   315.4 0   965.9 0
 2019   8  1  8 23 58 23.967  95.59    -1.0 0     0.0 0     0.8 0     0.4 0   182.3 0   264.16 0   263.73 0   269.1 0   264.15 0   264.12 0     0.0 0     0.0 0     0.4 0   -86.8 0   -86.4 0    -9.0 0    72.8 0     3.1 0   312.4 0   966.0 0
 2019   8  1  8 23 59 23.983  95.73    -1.0 0     0.0 0     0.8 0     0.4 0   182.3 0   264.09 0   263.68 0   268.9 0   264.12 0   264.09 0     0.0 0     0.0 0     0.4 0   -86.6 0   -86.2 0    -9.1 0    73.2 0     3.0 0   310.3 0   966.0 0
