 Fort Peck
   48.31 -105.10  634 m version 1
 2019   4  1  4  0  0  0.000  96.67    -1.0 0     0.0 0     0.4 0     0.2 0   254.9 0   276.35 0   276.01 0   312.2 0   276.91 0   276.86 0     0.0 0     0.0 0     0.0 0   -57.3 0   -57.3 0     3.7 0    76.1 0     1.6 0   142.6 0   933.4 0
 2019   4  1  4  0  1  0.017  96.82    -1.3 0     0.0 0     0.4 0     0.0 0   255.1 0   276.31 0   276.01 0   311.9 0   276.87 0   276.82 0     0.0 0     0.0 0     0.0 0   -56.8 0   -56.8 0     3.6 0    76.4 0     1.8 0   145.5 0   933.4 0
 2019   4  1  4  0  2  0.033  96.96    -1.5 0     0.0 0     0.4 0     0.0 0   255.3 0   276.29 0   276.00 0   312.4 0   276.83 0   276.78 0     0.0 0     0.0 0     0.0 0   -57.1 0   -57.1 0     3.6 0    77.1 0     2.1 0   140.4 0   933.4 0
 2019   4  1  4  0  3  0.050  97.11    -1.4 0     0.0 0     0.4 0     0.0 0   255.1 0   276.26 0   275.96 0   312.4 0   276.79 0   276.76 0     0.0 0     0.0 0     0.0 0   -57.3 0   -57.3 0     3.7 0    76.8 0     2.3 0   146.1 0   933.4 0
 2019   4  1  4  0  4  0.067  97.26    -1.2 0    -0.1 0     0.4 0     0.0 0   255.3 0   276.24 0   275.94 0   312.6 0   276.77 0   276.73 0     0.0 0     0.0 0     0.0 0   -57.4 0   -57.4 0     3.7 0    76.4 0     2.0 0   142.0 0   933.4 0
 2019   4  1  4  0  5  0.083  97.41    -1.4 0     0.0 0     0.4 0     0.0 0   255.1 0   276.21 0   275.90 0   312.4 0   276.74 0   276.69 0     0.0 0     0.0 0     0.0 0   -57.4 0   -57.4 0     3.7 0    76.3 0     1.9 0   141.7 0   933.4 0
 2019   4  1  4  0  6  0.100  97.56    -1.3 0     0.0 0     0.4 0     0.0 0   254.8 0   276.18 0   275.85 0   311.9 0   276.71 0   276.66 0     0.0 0     0.0 0     0.0 0   -57.1 0   -57.1 0     3.6 0    76.4 0     1.9 0   135.9 0   933.3 0
 2019   4  1  4  0  7  0.117  97.71    -1.2 0     0.0 0     0.4 0     0.0 0   254.7 0   276.15 0   275.83 0   311.6 0   276.67 0   276.62 0     0.0 0     0.0 0     0.0 0   -56.9 0   -56.9 0     3.5 0    77.1 0     1.8 0   143.2 0   933.4 0
 2019   4  1  4  0  8  0.133  97.86    -1.3 0     0.0 0     0.4 0     0.0 0   254.7 0   276.11 0   275.83 0   311.2 0   276.63 0   276.58 0     0.0 0     0.0 0     0.0 0   -56.5 0   -56.5 0     3.4 0    77.7 0     2.1 0   141.8 0   933.3 0
 2019   4  1  4  0  9  0.150  98.01    -1.5 0     0.0 0     0.4 0     0.0 0   254.7 0   276.10 0   275.82 0   311.1 0   276.60 0   276.54 0     0.0 0     0.0 0     0.0 0   -56.3 0   -56.3 0     3.4 0    78.1 0     1.9 0   140.0 0   933.2 0
 2019   4  1  4  0 10  0.167  98.16    -1.5 0     0.0 0     0.4 0     0.0 0   254.6 0   276.08 0   275.78 0   310.6 0   276.55 0   276.50 0     0.0 0     0.0 0     0.0 0   -56.0 0   -56.0 0     3.3 0    78.1 0     1.5 0   157.5 0   933.2 0
 2019   4  1  4  0 11  0.183  98.31    -1.5 0     0.0 0     0.4 0     0.0 0   254.3 0   276.05 0   275.75 0   309.5 0   276.51 0   276.44 0     0.0 0     0.0 0     0.0 0   -55.2 0   -55.2 0     3.1 0    78.6 0     0.9 0   126.9 0   933.2 0
 2019   4  1  4  0 12  0.200  98.46    -1.5 0     0.0 0     0.4 0     0.0 0   254.3 0   276.02 0   275.71 0   309.3 0   276.47 0   276.39 0     0.0 0     0.0 0     0.0 0   -55.0 0   -55.0 0     3.0 0    79.7 0     0.8 0   118.7 0   933.2 0
 2019   4  1  4  0 13  0.217  98.61    -1.4 0     0.0 0     0.4 0     0.0 0   254.2 0   275.99 0   275.68 0   309.0 0   276.42 0   276.36 0     0.0 0     0.0 0     0.0 0   -54.8 0   -54.8 0     2.9 0    80.0 0     0.5 0   115.6 0   933.2 0
 2019   4  1  4  0 14  0.233  98.76    -1.5 0     0.0 0     0.4 0     0.0 0   254.0 0   275.96 0   275.65 0   308.4 0   276.37 0   276.30 0     0.0 0     0.0 0     0.0 0   -54.4 0   -54.4 0     2.7 0    80.6 0     0.8 0   107.3 0   933.2 0
 2019   4  1  4  0 15  0.250  98.91    -1.0 0     0.0 0     0.4 0     0.1 0   253.8 0   275.92 0   275.59 0   308.2 0   276.32 0   276.24 0     0.0 0     0.0 0     0.0 0   -54.4 0   -54.4 0     2.6 0    81.1 0     0.7 0    93.6 0   933.2 0
 2019   4  1  4  0 16  0.267  99.06    -1.0 0     0.0 0     0.4 0     0.0 0   254.0 0   275.88 0   275.56 0   308.4 0   276.26 0   276.19 0     0.0 0     0.0 0     0.0 0   -54.4 0   -54.4 0     2.5 0    81.7 0     0.9 0    93.2 0   933.2 0
 2019   4  1  4  0 17  0.283  99.22    -1.0 0    -0.1 0     0.4 0     0.0 0   254.2 0   275.84 0   275.51 0   309.7 0   276.21 0   276.13 0     0.0 0     0.0 0     0.0 0   -55.4 0   -55.4 0     2.4 0    82.4 0     1.4 0    92.9 0   933.2 0
 2019   4  1  4  0 18  0.300  99.37    -1.3 0    -0.4 0     0.4 0     0.0 0   254.3 0   275.79 0   275.47 0   310.5 0   276.15 0   276.08 0     0.0 0     0.0 0     0.0 0   -56.2 0   -56.2 0     2.4 0    82.6 0     1.5 0    91.1 0   933.2 0
 2019   4  1  4  0 19  0.317  99.52    -1.4 0    -0.5 0     0.4 0     0.0 0   254.0 0   275.75 0   275.43 0   311.0 0   276.10 0   276.02 0     0.0 0     0.0 0     0.0 0   -57.0 0   -57.0 0     2.4 0    82.7 0     1.7 0    88.4 0   933.2 0
 2019   4  1  4  0 20  0.333  99.67    -1.5 0    -0.7 0     0.4 0     0.0 0   254.3 0   275.71 0   275.41 0   311.2 0   276.04 0   275.99 0     0.0 0     0.0 0     0.0 0   -56.9 0   -56.9 0     2.4 0    82.5 0     2.1 0    95.3 0   933.3 0
 2019   4  1  4  0 21  0.350  99.82    -1.5 0    -0.8 0     0.4 0     0.0 0   254.6 0   275.67 0   275.40 0   311.8 0   276.00 0   275.95 0     0.0 0     0.0 0     0.0 0   -57.2 0   -57.2 0     2.5 0    82.3 0     2.3 0   102.1 0   933.4 0
 2019   4  1  4  0 22  0.367  99.98    -1.9 0    -0.8 0     0.3 0     0.0 0   255.1 0   275.66 0   275.40 0   312.1 0   275.97 0   275.93 0     0.0 0     0.0 0     0.0 0   -57.0 0   -57.0 0     2.6 0    81.7 0     2.7 0   107.0 0   933.4 0
 2019   4  1  4  0 23  0.383 100.13    -2.0 0    -0.8 0     0.1 0     0.0 0   255.4 0   275.64 0   275.41 0   312.4 0   275.94 0   275.92 0     0.0 0     0.0 0     0.0 0   -56.9 0   -56.9 0     2.8 0    80.7 0     2.4 0   102.3 0   933.4 0
 2019   4  1  4  0 24  0.400 100.28    -1.8 0    -0.8 0     0.3 0     0.0 0   256.0 0   275.63 0   275.37 0   312.0 0   275.92 0   275.90 0     0.0 0     0.0 0     0.0 0   -56.0 0   -56.0 0     2.9 0    79.9 0     2.7 0    99.6 0   933.3 0
 2019   4  1  4  0 25  0.417 100.44    -1.9 0    -0.8 0    -0.1 0     0.0 0   257.1 0   275.62 0   275.43 0   311.9 0   275.90 0   275.90 0     0.0 0     0.0 0     0.0 0   -54.7 0   -54.7 0     3.0 0    79.6 0     2.3 0    92.9 0   933.4 0
 2019   4  1  4  0 26  0.433 100.59    -2.0 0    -0.8 0    -0.2 0     0.0 0   257.9 0   275.63 0   275.44 0   311.2 0   275.90 0   275.92 0     0.0 0     0.0 0     0.0 0   -53.3 0   -53.3 0     3.2 0    78.8 0     2.3 0    88.7 0   933.3 0
 2019   4  1  4  0 27  0.450 100.74    -2.0 0    -0.8 0     0.0 0     0.0 0   258.6 0   275.63 0   275.44 0   310.1 0   275.90 0   275.92 0     0.0 0     0.0 0     0.0 0   -51.5 0   -51.5 0     3.4 0    77.6 0     2.3 0    89.5 0   933.3 0
 2019   4  1  4  0 28  0.467 100.90    -1.6 0    -0.7 0     0.3 0     0.0 0   258.4 0   275.63 0   275.37 0   309.5 0   275.90 0   275.90 0     0.0 0     0.0 0     0.0 0   -51.1 0   -51.1 0     3.5 0    77.1 0     1.8 0    88.7 0   933.4 0
 2019   4  1  4  0 29  0.483 101.05    -1.1 0    -0.1 0     0.4 0     0.4 0   258.5 0   275.61 0   275.28 0   308.9 0   275.90 0   275.85 0     0.0 0     0.0 0     0.0 0   -50.4 0   -50.4 0     3.3 0    77.1 0     1.2 0    99.4 0   933.4 0
 2019   4  1  4  0 30  0.500 101.21    -1.0 0     0.0 0     0.4 0     0.4 0   258.8 0   275.56 0   275.22 0   309.1 0   275.86 0   275.81 0     0.0 0     0.0 0     0.0 0   -50.3 0   -50.3 0     3.1 0    78.3 0     1.4 0   139.8 0   933.4 0
 2019   4  1  4  0 31  0.517 101.36    -1.0 0     0.0 0     0.4 0     0.3 0   259.7 0   275.52 0   275.19 0   309.4 0   275.84 0   275.81 0     0.0 0     0.0 0     0.0 0   -49.6 0   -49.6 0     3.1 0    79.1 0     1.3 0   122.4 0   933.4 0
 2019   4  1  4  0 32  0.533 101.52    -1.0 0    -0.2 0     0.4 0     0.1 0   259.8 0   275.47 0   275.20 0   309.5 0   275.82 0   275.79 0     0.0 0     0.0 0     0.0 0   -49.7 0   -49.7 0     3.1 0    78.8 0     1.6 0   140.7 0   933.4 0
 2019   4  1  4  0 33  0.550 101.67    -1.4 0    -0.2 0     0.4 0     0.0 0   260.1 0   275.45 0   275.22 0   309.6 0   275.80 0   275.76 0     0.0 0     0.0 0     0.0 0   -49.6 0   -49.6 0     3.0 0    79.1 0     1.5 0   153.5 0   933.4 0
 2019   4  1  4  0 34  0.567 101.83    -1.6 0     0.0 0     0.4 0     0.0 0   260.2 0   275.44 0   275.22 0   309.8 0   275.77 0   275.73 0     0.0 0     0.0 0     0.0 0   -49.7 0   -49.7 0     2.8 0    79.9 0     1.4 0   165.1 0   933.4 0
 2019   4  1  4  0 35  0.583 101.98    -1.9 0     0.0 0     0.4 0     0.0 0   260.1 0   275.44 0   275.22 0   309.6 0   275.74 0   275.69 0     0.0 0     0.0 0     0.0 0   -49.5 0   -49.5 0     2.6 0    80.7 0     1.4 0   192.5 0   933.4 0
 2019   4  1  4  0 36  0.600 102.14    -1.7 0     0.0 0     0.4 0     0.0 0   260.3 0   275.43 0   275.18 0   309.8 0   275.70 0   275.66 0     0.0 0     0.0 0     0.0 0   -49.5 0   -49.5 0     2.5 0    81.2 0     1.8 0   144.5 0   933.4 0
 2019   4  1  4  0 37  0.617 102.29    -1.5 0     0.0 0     0.4 0     0.0 0   259.7 0   275.41 0   275.18 0   309.9 0   275.67 0   275.62 0     0.0 0     0.0 0     0.0 0   -50.2 0   -50.2 0     2.4 0    81.9 0     2.3 0   152.2 0   933.4 0
 2019   4  1  4  0 38  0.633 102.45    -1.8 0     0.0 0     0.4 0     0.0 0   259.4 0   275.41 0   275.17 0   309.9 0   275.64 0   275.59 0     0.0 0     0.0 0     0.0 0   -50.5 0   -50.5 0     2.3 0    81.7 0     1.6 0   173.4 0   933.4 0
 2019   4  1  4  0 39  0.650 102.60    -1.5 0     0.0 0     0.4 0     0.0 0   259.1 0   275.41 0   275.13 0   309.3 0   275.60 0   275.55 0     0.0 0     0.0 0     0.0 0   -50.2 0   -50.2 0     2.3 0    82.4 0     1.8 0   166.1 0   933.4 0
 2019   4  1  4  0 40  0.667 102.76    -1.5 0    -0.1 0     0.4 0     0.1 0   258.9 0   275.38 0   275.07 0   309.5 0   275.56 0   275.53 0     0.0 0     0.0 0     0.0 0   -50.6 0   -50.6 0     2.3 0    83.2 0     2.3 0   153.4 0   933.4 0
 2019   4  1  4  0 41  0.683 102.91    -1.4 0    -0.6 0     0.4 0     0.0 0   258.3 0   275.35 0   275.06 0   309.3 0   275.54 0   275.52 0     0.0 0     0.0 0     0.0 0   -51.0 0   -51.0 0     2.5 0    82.0 0     1.9 0   149.2 0   933.4 0
 2019   4  1  4  0 42  0.700 103.07    -1.1 0    -0.5 0     0.4 0     0.1 0   257.6 0   275.32 0   275.03 0   308.5 0   275.51 0   275.50 0     0.0 0     0.0 0     0.0 0   -50.9 0   -50.9 0     2.6 0    81.5 0     1.5 0   157.9 0   933.5 0
 2019   4  1  4  0 43  0.717 103.23    -1.1 0    -0.4 0     0.4 0     0.0 0   257.8 0   275.29 0   275.03 0   308.8 0   275.50 0   275.49 0     0.0 0     0.0 0     0.0 0   -51.0 0   -51.0 0     2.7 0    81.6 0     1.6 0   141.2 0   933.5 0
 2019   4  1  4  0 44  0.733 103.38    -1.5 0    -0.8 0     0.4 0     0.0 0   257.4 0   275.27 0   275.02 0   308.7 0   275.49 0   275.50 0     0.0 0     0.0 0     0.0 0   -51.3 0   -51.3 0     3.0 0    80.5 0     1.7 0   134.3 0   933.5 0
 2019   4  1  4  0 45  0.750 103.54    -1.5 0    -0.8 0     0.4 0     0.0 0   257.3 0   275.25 0   275.01 0   308.3 0   275.49 0   275.48 0     0.0 0     0.0 0     0.0 0   -51.0 0   -51.0 0     3.1 0    79.7 0     1.9 0   131.6 0   933.4 0
 2019   4  1  4  0 46  0.767 103.70    -1.6 0    -0.3 0     0.4 0     0.0 0   256.4 0   275.24 0   275.02 0   308.2 0   275.48 0   275.46 0     0.0 0     0.0 0     0.0 0   -51.7 0   -51.7 0     3.0 0    78.9 0     1.5 0   146.8 0   933.5 0
 2019   4  1  4  0 47  0.783 103.86    -1.9 0     0.0 0     0.4 0     0.0 0   256.1 0   275.23 0   275.02 0   308.2 0   275.46 0   275.44 0     0.0 0     0.0 0     0.0 0   -52.2 0   -52.2 0     2.8 0    80.8 0     1.5 0   135.3 0   933.5 0
 2019   4  1  4  0 48  0.800 104.01    -2.0 0     0.0 0     0.4 0     0.0 0   255.6 0   275.22 0   275.00 0   308.3 0   275.45 0   275.44 0     0.0 0     0.0 0     0.0 0   -52.6 0   -52.6 0     2.9 0    80.1 0     1.4 0   161.1 0   933.5 0
 2019   4  1  4  0 49  0.817 104.17    -1.9 0    -0.3 0     0.4 0     0.0 0   255.7 0   275.22 0   275.00 0   308.6 0   275.44 0   275.44 0     0.0 0     0.0 0     0.0 0   -52.8 0   -52.8 0     2.9 0    80.6 0     1.9 0   140.9 0   933.5 0
 2019   4  1  4  0 50  0.833 104.33    -1.9 0    -0.7 0     0.3 0     0.0 0   255.2 0   275.22 0   275.00 0   308.2 0   275.44 0   275.43 0     0.0 0     0.0 0     0.0 0   -53.0 0   -53.0 0     3.1 0    79.4 0     1.6 0   144.1 0   933.6 0
 2019   4  1  4  0 51  0.850 104.49    -2.0 0    -0.1 0     0.3 0     0.0 0   255.5 0   275.22 0   275.00 0   307.8 0   275.43 0   275.41 0     0.0 0     0.0 0     0.0 0   -52.3 0   -52.3 0     3.0 0    79.7 0     1.3 0   150.1 0   933.6 0
 2019   4  1  4  0 52  0.867 104.64    -2.0 0     0.0 0     0.3 0     0.0 0   254.8 0   275.22 0   275.00 0   307.3 0   275.41 0   275.39 0     0.0 0     0.0 0     0.0 0   -52.5 0   -52.5 0     2.9 0    79.9 0     1.5 0   148.7 0   933.6 0
 2019   4  1  4  0 53  0.883 104.80    -1.6 0    -0.3 0     0.4 0     0.0 0   254.3 0   275.21 0   274.91 0   307.1 0   275.41 0   275.40 0     0.0 0     0.0 0     0.0 0   -52.8 0   -52.8 0     3.0 0    80.1 0     1.9 0   142.7 0   933.6 0
 2019   4  1  4  0 54  0.900 104.96    -1.5 0    -0.2 0     0.4 0     0.1 0   254.6 0   275.17 0   274.90 0   307.1 0   275.39 0   275.38 0     0.0 0     0.0 0     0.0 0   -52.5 0   -52.5 0     2.9 0    80.3 0     2.3 0   153.6 0   933.6 0
 2019   4  1  4  0 55  0.917 105.12    -1.5 0     0.0 0     0.2 0     0.0 0   254.9 0   275.17 0   274.95 0   308.2 0   275.39 0   275.36 0     0.0 0     0.0 0     0.0 0   -53.3 0   -53.3 0     2.8 0    80.4 0     2.2 0   150.0 0   933.6 0
 2019   4  1  4  0 56  0.933 105.28    -2.0 0     0.0 0     0.0 0     0.0 0   254.9 0   275.17 0   274.98 0   308.4 0   275.36 0   275.34 0     0.0 0     0.0 0     0.0 0   -53.5 0   -53.5 0     2.7 0    81.2 0     2.0 0   155.7 0   933.6 0
 2019   4  1  4  0 57  0.950 105.44    -2.0 0     0.0 0     0.0 0     0.0 0   255.1 0   275.17 0   274.97 0   308.2 0   275.35 0   275.34 0     0.0 0     0.0 0     0.0 0   -53.0 0   -53.0 0     2.6 0    81.7 0     2.0 0   149.3 0   933.7 0
 2019   4  1  4  0 58  0.967 105.60    -2.0 0     0.0 0     0.0 0     0.0 0   255.6 0   275.19 0   275.01 0   307.9 0   275.34 0   275.32 0     0.0 0     0.0 0     0.0 0   -52.3 0   -52.3 0     2.7 0    81.5 0     1.5 0   141.6 0   933.7 0
 2019   4  1  4  0 59  0.983 105.75    -2.0 0     0.0 0     0.0 0     0.0 0   255.9 0   275.20 0   275.02 0   307.2 0   275.32 0   275.30 0     0.0 0     0.0 0     0.0 0   -51.4 0   -51.4 0     2.7 0    81.3 0     1.7 0   143.3 0   933.6 0
 2019   4  1  4  1  0  1.000 105.91    -2.0 0     0.0 0     0.0 0     0.0 0   256.1 0   275.21 0   275.03 0   307.3 0   275.31 0   275.29 0     0.0 0     0.0 0     0.0 0   -51.1 0   -51.1 0     2.7 0    81.3 0     2.2 0   137.4 0   933.6 0
 2019   4  1  4  1  1  1.017 106.07    -2.0 0     0.0 0    -0.2 0     0.0 0   256.3 0   275.22 0   275.04 0   307.7 0   275.30 0   275.28 0     0.0 0     0.0 0     0.0 0   -51.4 0   -51.4 0     2.7 0    81.4 0     2.1 0   130.7 0   933.6 0
 2019   4  1  4  1  2  1.033 106.23    -2.0 0     0.0 0    -0.3 0     0.0 0   256.4 0   275.24 0   275.05 0   307.9 0   275.29 0   275.27 0     0.0 0     0.0 0     0.0 0   -51.5 0   -51.5 0     2.7 0    81.2 0     1.9 0   135.1 0   933.7 0
 2019   4  1  4  1  3  1.050 106.39    -2.0 0     0.0 0    -0.4 0     0.0 0   256.6 0   275.26 0   275.07 0   308.1 0   275.29 0   275.26 0     0.0 0     0.0 0     0.0 0   -51.5 0   -51.5 0     2.7 0    81.4 0     1.9 0   128.8 0   933.6 0
 2019   4  1  4  1  4  1.067 106.55    -2.0 0     0.0 0     0.1 0     0.0 0   255.8 0   275.26 0   275.03 0   307.3 0   275.27 0   275.26 0     0.0 0     0.0 0     0.0 0   -51.5 0   -51.5 0     2.7 0    80.9 0     1.7 0   123.5 0   933.6 0
 2019   4  1  4  1  5  1.083 106.71    -1.5 0     0.0 0     0.4 0     0.3 0   255.5 0   275.25 0   274.94 0   307.4 0   275.26 0   275.24 0     0.0 0     0.0 0     0.0 0   -51.9 0   -51.9 0     2.7 0    81.2 0     1.0 0   120.6 0   933.6 0
 2019   4  1  4  1  6  1.100 106.87    -1.6 0     0.0 0     0.4 0     0.1 0   255.9 0   275.21 0   274.98 0   307.7 0   275.25 0   275.22 0     0.0 0     0.0 0     0.0 0   -51.8 0   -51.8 0     2.6 0    81.6 0     1.0 0   135.1 0   933.5 0
 2019   4  1  4  1  7  1.117 107.03    -2.0 0    -0.1 0     0.1 0     0.0 0   256.3 0   275.21 0   275.03 0   308.2 0   275.24 0   275.22 0     0.0 0     0.0 0     0.0 0   -52.0 0   -52.0 0     2.7 0    81.8 0     0.7 0   135.0 0   933.6 0
 2019   4  1  4  1  8  1.133 107.19    -2.0 0    -0.4 0     0.0 0     0.0 0   256.1 0   275.22 0   275.04 0   307.8 0   275.22 0   275.21 0     0.0 0     0.0 0     0.0 0   -51.7 0   -51.7 0     2.7 0    81.3 0     0.7 0   162.2 0   933.6 0
 2019   4  1  4  1  9  1.150 107.35    -2.0 0    -0.4 0     0.1 0     0.0 0   256.5 0   275.24 0   275.04 0   307.1 0   275.21 0   275.20 0     0.0 0     0.0 0     0.0 0   -50.6 0   -50.6 0     2.7 0    81.2 0     0.3 0   181.7 0   933.6 0
 2019   4  1  4  1 10  1.167 107.51    -2.0 0    -0.3 0     0.4 0     0.0 0   256.5 0   275.23 0   275.02 0   306.8 0   275.20 0   275.18 0     0.0 0     0.0 0     0.0 0   -50.3 0   -50.3 0     2.7 0    81.2 0     0.2 0   207.8 0   933.6 0
 2019   4  1  4  1 11  1.183 107.67    -2.0 0    -0.5 0     0.3 0     0.0 0   257.0 0   275.23 0   275.02 0   306.7 0   275.18 0   275.18 0     0.0 0     0.0 0     0.0 0   -49.7 0   -49.7 0     2.7 0    82.0 0     0.8 0   233.2 0   933.6 0
 2019   4  1  4  1 12  1.200 107.84    -2.0 0    -0.8 0     0.0 0     0.0 0   258.3 0   275.24 0   275.06 0   307.0 0   275.16 0   275.19 0     0.0 0     0.0 0     0.0 0   -48.7 0   -48.7 0     2.8 0    81.7 0     1.9 0   246.6 0   933.5 0
 2019   4  1  4  1 13  1.217 108.00    -2.2 0    -1.4 0    -0.4 0     0.0 0   259.7 0   275.26 0   275.18 0   311.9 0   275.19 0   275.39 0     0.0 0     0.0 0     0.0 0   -52.2 0   -52.2 0     3.4 0    79.4 0     3.5 0   244.4 0   933.5 0
 2019   4  1  4  1 14  1.233 108.16    -2.9 0    -1.8 0    -1.9 0    -0.4 0   260.7 0   275.33 0   275.44 0   314.4 0   275.28 0   275.51 0     0.0 0     0.0 0     0.0 0   -53.7 0   -53.7 0     4.0 0    76.4 0     3.5 0   241.7 0   933.5 0
 2019   4  1  4  1 15  1.250 108.32    -3.6 0    -2.2 0    -3.1 0    -0.4 0   261.3 0   275.45 0   275.61 0   315.7 0   275.40 0   275.66 0     0.0 0     0.0 0     0.0 0   -54.4 0   -54.4 0     4.4 0    74.6 0     4.4 0   243.7 0   933.5 0
 2019   4  1  4  1 16  1.267 108.48    -3.9 0    -2.0 0    -3.3 0    -0.4 0   261.5 0   275.59 0   275.75 0   316.2 0   275.54 0   275.77 0     0.0 0     0.0 0     0.0 0   -54.7 0   -54.7 0     4.6 0    73.5 0     4.3 0   243.3 0   933.5 0
 2019   4  1  4  1 17  1.283 108.64    -3.9 0    -1.6 0    -3.3 0    -0.4 0   261.8 0   275.73 0   275.88 0   316.7 0   275.66 0   275.88 0     0.0 0     0.0 0     0.0 0   -54.8 0   -54.8 0     4.7 0    73.1 0     4.7 0   246.0 0   933.5 0
 2019   4  1  4  1 18  1.300 108.80    -3.9 0    -1.6 0    -2.7 0    -0.3 0   261.7 0   275.87 0   275.99 0   317.1 0   275.80 0   276.02 0     0.0 0     0.0 0     0.0 0   -55.4 0   -55.4 0     4.9 0    72.4 0     4.9 0   246.8 0   933.5 0
 2019   4  1  4  1 19  1.317 108.96    -3.9 0    -1.6 0    -2.7 0    -0.2 0   262.1 0   276.02 0   276.14 0   317.3 0   275.93 0   276.12 0     0.0 0     0.0 0     0.0 0   -55.2 0   -55.2 0     4.9 0    72.4 0     4.5 0   246.8 0   933.5 0
 2019   4  1  4  1 20  1.333 109.13    -3.9 0    -1.6 0    -2.8 0    -0.1 0   262.0 0   276.16 0   276.28 0   317.6 0   276.05 0   276.25 0     0.0 0     0.0 0     0.0 0   -55.6 0   -55.6 0     4.9 0    72.3 0     5.3 0   246.7 0   933.4 0
 2019   4  1  4  1 21  1.350 109.29    -3.9 0    -1.6 0    -2.6 0     0.0 0   262.0 0   276.30 0   276.39 0   317.9 0   276.18 0   276.38 0     0.0 0     0.0 0     0.0 0   -55.9 0   -55.9 0     5.0 0    71.9 0     5.6 0   242.9 0   933.3 0
 2019   4  1  4  1 22  1.367 109.45    -3.9 0    -1.6 0    -2.1 0     0.0 0   262.2 0   276.43 0   276.51 0   318.1 0   276.31 0   276.50 0     0.0 0     0.0 0     0.0 0   -55.9 0   -55.9 0     5.1 0    71.4 0     5.3 0   244.0 0   933.3 0
 2019   4  1  4  1 23  1.383 109.61    -3.9 0    -1.6 0    -2.3 0     0.0 0   262.2 0   276.57 0   276.65 0   318.5 0   276.44 0   276.63 0     0.0 0     0.0 0     0.0 0   -56.2 0   -56.2 0     5.1 0    71.4 0     6.1 0   246.1 0   933.3 0
 2019   4  1  4  1 24  1.400 109.77    -3.9 0    -1.6 0    -1.9 0     0.0 0   262.3 0   276.69 0   276.75 0   318.9 0   276.57 0   276.75 0     0.0 0     0.0 0     0.0 0   -56.6 0   -56.6 0     5.2 0    70.9 0     6.6 0   243.3 0   933.3 0
 2019   4  1  4  1 25  1.417 109.94    -3.9 0    -1.6 0    -1.9 0     0.0 0   262.3 0   276.82 0   276.86 0   319.1 0   276.70 0   276.87 0     0.0 0     0.0 0     0.0 0   -56.8 0   -56.8 0     5.2 0    70.8 0     6.4 0   244.6 0   933.3 0
 2019   4  1  4  1 26  1.433 110.10    -3.9 0    -1.6 0    -1.9 0     0.0 0   262.5 0   276.94 0   276.98 0   319.5 0   276.82 0   276.99 0     0.0 0     0.0 0     0.0 0   -57.0 0   -57.0 0     5.3 0    70.6 0     6.7 0   247.9 0   933.3 0
 2019   4  1  4  1 27  1.450 110.26    -3.9 0    -1.6 0    -1.9 0     0.0 0   262.9 0   277.06 0   277.10 0   319.5 0   276.94 0   277.08 0     0.0 0     0.0 0     0.0 0   -56.6 0   -56.6 0     5.3 0    70.7 0     6.2 0   246.9 0   933.2 0
 2019   4  1  4  1 28  1.467 110.42    -3.9 0    -1.6 0    -1.9 0     0.0 0   262.9 0   277.18 0   277.20 0   319.7 0   277.04 0   277.18 0     0.0 0     0.0 0     0.0 0   -56.8 0   -56.8 0     5.3 0    70.3 0     6.5 0   247.3 0   933.2 0
 2019   4  1  4  1 29  1.483 110.59    -3.9 0    -1.6 0    -1.4 0     0.0 0   262.8 0   277.29 0   277.29 0   319.7 0   277.14 0   277.26 0     0.0 0     0.0 0     0.0 0   -56.9 0   -56.9 0     5.3 0    70.2 0     6.4 0   248.2 0   933.2 0
 2019   4  1  4  1 30  1.500 110.75    -3.9 0    -1.6 0    -0.9 0     0.0 0   262.2 0   277.39 0   277.33 0   319.7 0   277.23 0   277.35 0     0.0 0     0.0 0     0.0 0   -57.5 0   -57.5 0     5.4 0    69.8 0     6.5 0   248.0 0   933.2 0
 2019   4  1  4  1 31  1.517 110.91    -3.9 0    -1.6 0    -0.4 0     0.0 0   262.3 0   277.47 0   277.38 0   319.7 0   277.32 0   277.43 0     0.0 0     0.0 0     0.0 0   -57.4 0   -57.4 0     5.4 0    69.6 0     6.2 0   247.4 0   933.2 0
 2019   4  1  4  1 32  1.533 111.08    -3.9 0    -1.6 0    -0.4 0     0.0 0   262.2 0   277.54 0   277.45 0   319.7 0   277.40 0   277.50 0     0.0 0     0.0 0     0.0 0   -57.5 0   -57.5 0     5.4 0    69.8 0     6.4 0   248.9 0   933.3 0
 2019   4  1  4  1 33  1.550 111.24    -3.8 0    -1.5 0    -0.4 0     0.0 0   262.1 0   277.61 0   277.51 0   319.7 0   277.47 0   277.56 0     0.0 0     0.0 0     0.0 0   -57.6 0   -57.6 0     5.4 0    69.7 0     6.2 0   245.9 0   933.3 0
 2019   4  1  4  1 34  1.567 111.40    -3.6 0    -1.0 0    -0.4 0     0.0 0   262.3 0   277.68 0   277.56 0   319.8 0   277.54 0   277.61 0     0.0 0     0.0 0     0.0 0   -57.5 0   -57.5 0     5.4 0    69.7 0     5.9 0   244.7 0   933.2 0
 2019   4  1  4  1 35  1.583 111.57    -3.4 0    -0.8 0    -0.4 0     0.0 0   262.1 0   277.74 0   277.62 0   319.6 0   277.60 0   277.66 0     0.0 0     0.0 0     0.0 0   -57.5 0   -57.5 0     5.4 0    69.8 0     5.4 0   246.6 0   933.2 0
 2019   4  1  4  1 36  1.600 111.73    -3.4 0    -0.8 0    -0.4 0     0.0 0   261.5 0   277.79 0   277.66 0   319.5 0   277.64 0   277.69 0     0.0 0     0.0 0     0.0 0   -57.9 0   -57.9 0     5.4 0    70.0 0     5.9 0   251.3 0   933.3 0
 2019   4  1  4  1 37  1.617 111.89    -3.1 0    -0.8 0    -0.4 0     0.0 0   261.3 0   277.84 0   277.70 0   319.3 0   277.68 0   277.72 0     0.0 0     0.0 0     0.0 0   -58.0 0   -58.0 0     5.3 0    70.1 0     5.6 0   247.3 0   933.3 0
 2019   4  1  4  1 38  1.633 112.06    -2.9 0    -0.8 0    -0.4 0     0.0 0   261.5 0   277.89 0   277.73 0   319.5 0   277.71 0   277.75 0     0.0 0     0.0 0     0.0 0   -58.0 0   -58.0 0     5.3 0    70.3 0     5.6 0   249.5 0   933.3 0
 2019   4  1  4  1 39  1.650 112.22    -2.9 0    -0.8 0    -0.4 0     0.0 0   261.4 0   277.93 0   277.77 0   319.6 0   277.74 0   277.78 0     0.0 0     0.0 0     0.0 0   -58.2 0   -58.2 0     5.3 0    70.3 0     6.2 0   248.3 0   933.3 0
 2019   4  1  4  1 40  1.667 112.38    -2.9 0    -0.8 0    -0.4 0     0.1 0   261.4 0   277.97 0   277.80 0   319.6 0   277.77 0   277.81 0     0.0 0     0.0 0     0.0 0   -58.2 0   -58.2 0     5.3 0    70.3 0     5.7 0   248.0 0   933.3 0
 2019   4  1  4  1 41  1.683 112.55    -2.9 0    -0.8 0    -0.4 0     0.0 0   261.2 0   278.01 0   277.82 0   319.7 0   277.80 0   277.82 0     0.0 0     0.0 0     0.0 0   -58.5 0   -58.5 0     5.3 0    70.4 0     6.1 0   248.4 0   933.3 0
 2019   4  1  4  1 42  1.700 112.71    -2.9 0    -0.8 0    -0.2 0     0.2 0   260.9 0   278.04 0   277.82 0   319.2 0   277.82 0   277.82 0     0.0 0     0.0 0     0.0 0   -58.3 0   -58.3 0     5.2 0    70.8 0     5.4 0   249.4 0   933.4 0
 2019   4  1  4  1 43  1.717 112.88    -2.9 0    -0.4 0     0.1 0     0.4 0   260.8 0   278.06 0   277.82 0   318.8 0   277.82 0   277.82 0     0.0 0     0.0 0     0.0 0   -58.0 0   -58.0 0     5.1 0    71.4 0     5.7 0   248.5 0   933.5 0
 2019   4  1  4  1 44  1.733 113.04    -2.9 0    -0.6 0     0.3 0     0.4 0   261.1 0   278.06 0   277.82 0   319.3 0   277.83 0   277.84 0     0.0 0     0.0 0     0.0 0   -58.2 0   -58.2 0     5.1 0    71.2 0     5.8 0   247.7 0   933.4 0
 2019   4  1  4  1 45  1.750 113.20    -2.9 0    -0.8 0    -0.2 0     0.3 0   261.4 0   278.08 0   277.87 0   319.7 0   277.84 0   277.87 0     0.0 0     0.0 0     0.0 0   -58.3 0   -58.3 0     5.2 0    70.7 0     6.3 0   247.1 0   933.5 0
 2019   4  1  4  1 46  1.767 113.37    -2.9 0    -0.8 0    -0.4 0     0.1 0   261.5 0   278.10 0   277.91 0   319.7 0   277.87 0   277.89 0     0.0 0     0.0 0     0.0 0   -58.1 0   -58.1 0     5.2 0    70.6 0     6.2 0   247.9 0   933.5 0
 2019   4  1  4  1 47  1.783 113.53    -2.9 0    -0.8 0    -0.4 0     0.0 0   261.7 0   278.12 0   277.93 0   319.6 0   277.88 0   277.91 0     0.0 0     0.0 0     0.0 0   -57.9 0   -57.9 0     5.3 0    70.4 0     6.0 0   246.5 0   933.4 0
 2019   4  1  4  1 48  1.800 113.70    -2.9 0    -0.8 0    -0.8 0     0.0 0   262.0 0   278.14 0   277.98 0   320.1 0   277.90 0   277.94 0     0.0 0     0.0 0     0.0 0   -58.1 0   -58.1 0     5.3 0    70.1 0     6.5 0   244.4 0   933.4 0
 2019   4  1  4  1 49  1.817 113.86    -2.9 0    -0.8 0    -0.8 0     0.0 0   261.9 0   278.18 0   278.01 0   320.1 0   277.93 0   277.96 0     0.0 0     0.0 0     0.0 0   -58.2 0   -58.2 0     5.4 0    69.8 0     6.5 0   245.9 0   933.4 0
 2019   4  1  4  1 50  1.833 114.03    -2.9 0    -0.8 0    -0.7 0     0.0 0   262.0 0   278.21 0   278.02 0   320.4 0   277.96 0   277.99 0     0.0 0     0.0 0     0.0 0   -58.4 0   -58.4 0     5.4 0    69.6 0     7.0 0   246.0 0   933.4 0
 2019   4  1  4  1 51  1.850 114.19    -2.9 0    -0.8 0    -0.4 0     0.0 0   262.2 0   278.24 0   278.05 0   320.5 0   277.98 0   278.03 0     0.0 0     0.0 0     0.0 0   -58.3 0   -58.3 0     5.5 0    69.2 0     7.3 0   244.5 0   933.4 0
 2019   4  1  4  1 52  1.867 114.36    -2.9 0    -0.8 0    -0.4 0     0.0 0   262.2 0   278.26 0   278.06 0   320.7 0   278.02 0   278.05 0     0.0 0     0.0 0     0.0 0   -58.4 0   -58.4 0     5.5 0    69.1 0     7.2 0   245.0 0   933.4 0
 2019   4  1  4  1 53  1.883 114.52    -2.9 0    -0.8 0    -0.4 0     0.0 0   262.4 0   278.29 0   278.10 0   320.9 0   278.05 0   278.08 0     0.0 0     0.0 0     0.0 0   -58.4 0   -58.4 0     5.5 0    69.1 0     7.0 0   243.9 0   933.3 0
 2019   4  1  4  1 54  1.900 114.69    -2.9 0    -0.8 0    -0.4 0     0.0 0   262.3 0   278.31 0   278.12 0   320.8 0   278.08 0   278.11 0     0.0 0     0.0 0     0.0 0   -58.6 0   -58.6 0     5.5 0    69.0 0     7.3 0   242.9 0   933.3 0
 2019   4  1  4  1 55  1.917 114.85    -2.9 0    -0.8 0    -0.4 0     0.1 0   262.1 0   278.33 0   278.11 0   320.6 0   278.11 0   278.12 0     0.0 0     0.0 0     0.0 0   -58.5 0   -58.5 0     5.5 0    69.1 0     7.1 0   245.7 0   933.4 0
 2019   4  1  4  1 56  1.933 115.02    -2.9 0    -0.8 0    -0.4 0     0.3 0   262.4 0   278.35 0   278.12 0   320.6 0   278.12 0   278.15 0     0.0 0     0.0 0     0.0 0   -58.2 0   -58.2 0     5.5 0    69.1 0     7.3 0   244.0 0   933.3 0
 2019   4  1  4  1 57  1.950 115.18    -2.9 0    -0.8 0    -0.2 0     0.3 0   262.3 0   278.36 0   278.13 0   320.8 0   278.15 0   278.16 0     0.0 0     0.0 0     0.0 0   -58.6 0   -58.6 0     5.5 0    69.0 0     7.5 0   241.3 0   933.2 0
 2019   4  1  4  1 58  1.967 115.35    -2.9 0    -0.8 0    -0.3 0     0.3 0   262.2 0   278.37 0   278.14 0   320.6 0   278.16 0   278.18 0     0.0 0     0.0 0     0.0 0   -58.4 0   -58.4 0     5.5 0    69.0 0     7.8 0   241.6 0   933.3 0
 2019   4  1  4  1 59  1.983 115.51    -2.7 0    -0.4 0     0.1 0     0.4 0   261.9 0   278.38 0   278.12 0   320.6 0   278.18 0   278.17 0     0.0 0     0.0 0     0.0 0   -58.6 0   -58.6 0     5.4 0    69.4 0     7.7 0   242.0 0   933.2 0
 2019   4  1  4  2  0  2.000 115.68    -2.4 0     0.0 0     0.4 0     0.4 0   261.6 0   278.38 0   278.11 0   320.5 0   278.18 0   278.17 0     0.0 0     0.0 0     0.0 0   -58.9 0   -58.9 0     5.3 0    69.7 0     8.0 0   241.9 0   933.2 0
 2019   4  1  4  2  1  2.017 115.84    -2.5 0     0.0 0     0.2 0     0.4 0   261.8 0   278.37 0   278.11 0   320.6 0   278.18 0   278.16 0     0.0 0     0.0 0     0.0 0   -58.9 0   -58.9 0     5.3 0    69.9 0     7.8 0   241.1 0   933.2 0
 2019   4  1  4  2  2  2.033 116.01    -2.4 0     0.0 0     0.2 0     0.4 0   261.5 0   278.37 0   278.10 0   320.6 0   278.18 0   278.16 0     0.0 0     0.0 0     0.0 0   -59.1 0   -59.1 0     5.3 0    70.0 0     8.0 0   243.5 0   933.2 0
 2019   4  1  4  2  3  2.050 116.17    -2.4 0     0.0 0     0.4 0     0.4 0   261.5 0   278.36 0   278.08 0   320.3 0   278.16 0   278.14 0     0.0 0     0.0 0     0.0 0   -58.8 0   -58.8 0     5.2 0    70.4 0     7.7 0   242.6 0   933.2 0
 2019   4  1  4  2  4  2.067 116.34    -2.4 0     0.0 0     0.3 0     0.3 0   261.4 0   278.35 0   278.07 0   320.7 0   278.16 0   278.14 0     0.0 0     0.0 0     0.0 0   -59.3 0   -59.3 0     5.2 0    70.4 0     7.7 0   241.3 0   933.2 0
 2019   4  1  4  2  5  2.083 116.50    -2.4 0     0.0 0     0.1 0     0.4 0   261.6 0   278.35 0   278.07 0   320.7 0   278.16 0   278.13 0     0.0 0     0.0 0     0.0 0   -59.1 0   -59.1 0     5.2 0    70.6 0     7.7 0   241.6 0   933.2 0
 2019   4  1  4  2  6  2.100 116.67    -2.4 0     0.0 0     0.1 0     0.4 0   261.4 0   278.35 0   278.06 0   320.6 0   278.14 0   278.11 0     0.0 0     0.0 0     0.0 0   -59.1 0   -59.1 0     5.1 0    70.6 0     7.9 0   240.1 0   933.2 0
 2019   4  1  4  2  7  2.117 116.83    -2.1 0     0.0 0     0.4 0     0.4 0   261.1 0   278.33 0   278.04 0   320.6 0   278.13 0   278.11 0     0.0 0     0.0 0     0.0 0   -59.5 0   -59.5 0     5.1 0    70.6 0     8.1 0   240.8 0   933.2 0
 2019   4  1  4  2  8  2.133 117.00    -2.4 0     0.0 0     0.1 0     0.4 0   261.3 0   278.32 0   278.04 0   320.6 0   278.12 0   278.11 0     0.0 0     0.0 0     0.0 0   -59.3 0   -59.3 0     5.1 0    70.5 0     8.3 0   241.6 0   933.2 0
 2019   4  1  4  2  9  2.150 117.17    -2.4 0     0.0 0    -0.1 0     0.3 0   261.1 0   278.30 0   278.04 0   320.7 0   278.11 0   278.11 0     0.0 0     0.0 0     0.0 0   -59.6 0   -59.6 0     5.2 0    70.2 0     8.1 0   241.2 0   933.1 0
 2019   4  1  4  2 10  2.167 117.33    -2.4 0     0.0 0    -0.3 0     0.3 0   261.3 0   278.30 0   278.03 0   320.6 0   278.11 0   278.11 0     0.0 0     0.0 0     0.0 0   -59.3 0   -59.3 0     5.2 0    70.4 0     7.9 0   239.6 0   933.2 0
 2019   4  1  4  2 11  2.183 117.50    -2.4 0     0.0 0    -0.1 0     0.2 0   261.2 0   278.30 0   278.02 0   320.4 0   278.11 0   278.11 0     0.0 0     0.0 0     0.0 0   -59.2 0   -59.2 0     5.2 0    70.4 0     7.9 0   240.8 0   933.1 0
 2019   4  1  4  2 12  2.200 117.66    -2.4 0     0.0 0    -0.2 0     0.3 0   261.2 0   278.30 0   278.02 0   320.2 0   278.11 0   278.09 0     0.0 0     0.0 0     0.0 0   -59.0 0   -59.0 0     5.1 0    70.7 0     7.7 0   241.6 0   933.1 0
 2019   4  1  4  2 13  2.217 117.83    -2.0 0     0.0 0     0.1 0     0.4 0   260.8 0   278.28 0   278.00 0   320.2 0   278.10 0   278.06 0     0.0 0     0.0 0     0.0 0   -59.5 0   -59.5 0     5.1 0    71.0 0     7.6 0   240.9 0   933.2 0
 2019   4  1  4  2 14  2.233 117.99    -2.0 0     0.0 0     0.4 0     0.4 0   260.9 0   278.27 0   277.96 0   320.1 0   278.08 0   278.05 0     0.0 0     0.0 0     0.0 0   -59.3 0   -59.3 0     5.0 0    71.1 0     7.8 0   241.7 0   933.2 0
 2019   4  1  4  2 15  2.250 118.16    -2.0 0     0.0 0     0.4 0     0.4 0   260.9 0   278.25 0   277.94 0   320.1 0   278.06 0   278.02 0     0.0 0     0.0 0     0.0 0   -59.2 0   -59.2 0     5.0 0    71.1 0     7.8 0   241.6 0   933.1 0
 2019   4  1  4  2 16  2.267 118.33    -2.0 0     0.0 0     0.4 0     0.4 0   260.8 0   278.23 0   277.92 0   319.8 0   278.04 0   278.00 0     0.0 0     0.0 0     0.0 0   -59.0 0   -59.0 0     4.9 0    71.4 0     7.7 0   242.6 0   933.2 0
 2019   4  1  4  2 17  2.283 118.49    -2.0 0     0.0 0     0.4 0     0.4 0   260.7 0   278.21 0   277.91 0   319.6 0   278.01 0   277.96 0     0.0 0     0.0 0     0.0 0   -58.8 0   -58.8 0     4.9 0    71.8 0     7.3 0   241.8 0   933.1 0
 2019   4  1  4  2 18  2.300 118.66    -2.0 0     0.0 0     0.4 0     0.4 0   260.9 0   278.19 0   277.88 0   319.4 0   277.98 0   277.92 0     0.0 0     0.0 0     0.0 0   -58.5 0   -58.5 0     4.7 0    72.4 0     7.4 0   241.9 0   933.2 0
 2019   4  1  4  2 19  2.317 118.82    -2.0 0     0.0 0     0.4 0     0.4 0   260.9 0   278.17 0   277.86 0   319.3 0   277.94 0   277.88 0     0.0 0     0.0 0     0.0 0   -58.4 0   -58.4 0     4.7 0    72.7 0     7.3 0   242.2 0   933.1 0
 2019   4  1  4  2 20  2.333 118.99    -2.0 0     0.0 0     0.4 0     0.4 0   260.9 0   278.15 0   277.83 0   319.4 0   277.90 0   277.84 0     0.0 0     0.0 0     0.0 0   -58.5 0   -58.5 0     4.6 0    72.9 0     7.5 0   242.0 0   933.2 0
 2019   4  1  4  2 21  2.350 119.16    -2.0 0     0.0 0     0.4 0     0.4 0   260.9 0   278.12 0   277.79 0   319.3 0   277.86 0   277.81 0     0.0 0     0.0 0     0.0 0   -58.4 0   -58.4 0     4.6 0    73.0 0     7.6 0   240.8 0   933.1 0
 2019   4  1  4  2 22  2.367 119.32    -2.0 0     0.0 0     0.4 0     0.4 0   261.5 0   278.09 0   277.76 0   319.4 0   277.83 0   277.78 0     0.0 0     0.0 0     0.0 0   -58.0 0   -58.0 0     4.6 0    72.8 0     7.9 0   242.7 0   933.1 0
 2019   4  1  4  2 23  2.383 119.49    -2.0 0     0.0 0     0.3 0     0.4 0   261.9 0   278.06 0   277.76 0   319.9 0   277.80 0   277.77 0     0.0 0     0.0 0     0.0 0   -58.0 0   -58.0 0     4.7 0    72.6 0     8.2 0   242.5 0   933.1 0
 2019   4  1  4  2 24  2.400 119.65    -2.0 0     0.0 0    -0.1 0     0.2 0   262.2 0   278.04 0   277.77 0   320.1 0   277.79 0   277.77 0     0.0 0     0.0 0     0.0 0   -57.9 0   -57.9 0     4.7 0    72.1 0     8.2 0   244.5 0   933.1 0
 2019   4  1  4  2 25  2.417 119.82    -2.0 0     0.0 0    -0.4 0     0.0 0   262.8 0   278.03 0   277.76 0   319.9 0   277.77 0   277.77 0     0.0 0     0.0 0     0.0 0   -57.1 0   -57.1 0     4.8 0    72.0 0     7.9 0   243.1 0   933.0 0
 2019   4  1  4  2 26  2.433 119.99    -2.0 0     0.0 0    -0.4 0     0.1 0   263.0 0   278.01 0   277.77 0   319.9 0   277.77 0   277.77 0     0.0 0     0.0 0     0.0 0   -56.9 0   -56.9 0     4.8 0    72.2 0     7.4 0   243.2 0   933.0 0
 2019   4  1  4  2 27  2.450 120.15    -2.1 0    -0.1 0    -0.4 0     0.0 0   263.5 0   278.01 0   277.79 0   320.4 0   277.77 0   277.79 0     0.0 0     0.0 0     0.0 0   -56.9 0   -56.9 0     4.9 0    71.8 0     7.8 0   245.1 0   933.0 0
 2019   4  1  4  2 28  2.467 120.32    -2.3 0    -0.5 0    -0.6 0     0.0 0   264.1 0   278.03 0   277.82 0   320.6 0   277.79 0   277.81 0     0.0 0     0.0 0     0.0 0   -56.5 0   -56.5 0     5.0 0    71.3 0     7.9 0   245.5 0   933.0 0
 2019   4  1  4  2 29  2.483 120.48    -2.4 0    -0.7 0    -0.4 0     0.0 0   264.4 0   278.03 0   277.82 0   320.7 0   277.81 0   277.82 0     0.0 0     0.0 0     0.0 0   -56.2 0   -56.2 0     5.0 0    71.2 0     7.4 0   244.6 0   933.0 0
 2019   4  1  4  2 30  2.500 120.65    -2.5 0    -0.6 0    -1.0 0     0.0 0   265.3 0   278.05 0   277.87 0   320.8 0   277.82 0   277.84 0     0.0 0     0.0 0     0.0 0   -55.5 0   -55.5 0     5.0 0    71.2 0     7.8 0   245.3 0   933.0 0
 2019   4  1  4  2 31  2.517 120.82    -2.5 0    -0.8 0    -0.7 0     0.0 0   265.3 0   278.07 0   277.88 0   321.1 0   277.84 0   277.88 0     0.0 0     0.0 0     0.0 0   -55.8 0   -55.8 0     5.1 0    70.6 0     8.3 0   247.0 0   933.1 0
 2019   4  1  4  2 32  2.533 120.98    -2.5 0    -0.8 0    -0.5 0     0.0 0   266.0 0   278.09 0   277.90 0   321.2 0   277.87 0   277.90 0     0.0 0     0.0 0     0.0 0   -55.2 0   -55.2 0     5.2 0    70.5 0     8.3 0   245.9 0   933.1 0
 2019   4  1  4  2 33  2.550 121.15    -2.6 0    -0.8 0    -0.5 0     0.0 0   266.2 0   278.11 0   277.91 0   321.1 0   277.89 0   277.91 0     0.0 0     0.0 0     0.0 0   -54.9 0   -54.9 0     5.2 0    70.5 0     7.6 0   246.5 0   933.1 0
 2019   4  1  4  2 34  2.567 121.32    -2.7 0    -0.7 0    -0.5 0     0.0 0   266.6 0   278.13 0   277.94 0   321.2 0   277.91 0   277.91 0     0.0 0     0.0 0     0.0 0   -54.6 0   -54.6 0     5.1 0    70.6 0     7.8 0   246.6 0   933.1 0
 2019   4  1  4  2 35  2.583 121.48    -2.9 0    -0.5 0    -0.6 0     0.0 0   266.9 0   278.15 0   277.96 0   320.9 0   277.91 0   277.92 0     0.0 0     0.0 0     0.0 0   -54.0 0   -54.0 0     5.1 0    70.8 0     7.7 0   246.8 0   933.2 0
 2019   4  1  4  2 36  2.600 121.65    -2.6 0    -0.6 0    -0.4 0     0.0 0   267.0 0   278.17 0   277.97 0   321.0 0   277.92 0   277.94 0     0.0 0     0.0 0     0.0 0   -53.9 0   -53.9 0     5.1 0    70.6 0     7.5 0   246.8 0   933.2 0
 2019   4  1  4  2 37  2.617 121.81    -2.8 0    -0.4 0    -0.4 0     0.0 0   267.3 0   278.20 0   278.01 0   321.0 0   277.94 0   277.94 0     0.0 0     0.0 0     0.0 0   -53.8 0   -53.8 0     5.1 0    70.8 0     7.6 0   245.6 0   933.2 0
 2019   4  1  4  2 38  2.633 121.98    -2.9 0    -0.4 0    -0.4 0     0.0 0   267.5 0   278.21 0   278.01 0   321.2 0   277.94 0   277.96 0     0.0 0     0.0 0     0.0 0   -53.7 0   -53.7 0     5.1 0    70.8 0     7.8 0   241.8 0   933.2 0
 2019   4  1  4  2 39  2.650 122.15    -2.9 0    -0.8 0    -0.4 0     0.0 0   267.9 0   278.23 0   278.04 0   321.6 0   277.97 0   278.01 0     0.0 0     0.0 0     0.0 0   -53.8 0   -53.8 0     5.2 0    70.0 0     8.0 0   244.5 0   933.2 0
 2019   4  1  4  2 40  2.667 122.31    -2.7 0    -0.8 0    -0.4 0     0.0 0   268.3 0   278.25 0   278.05 0   321.5 0   277.99 0   278.01 0     0.0 0     0.0 0     0.0 0   -53.2 0   -53.2 0     5.2 0    70.2 0     7.3 0   242.8 0   933.2 0
 2019   4  1  4  2 41  2.683 122.48    -2.8 0    -0.7 0    -0.4 0     0.0 0   268.6 0   278.27 0   278.06 0   321.7 0   278.01 0   278.02 0     0.0 0     0.0 0     0.0 0   -53.1 0   -53.1 0     5.2 0    70.2 0     7.5 0   243.2 0   933.2 0
 2019   4  1  4  2 42  2.700 122.64    -2.8 0    -0.4 0    -0.4 0     0.0 0   269.1 0   278.29 0   278.08 0   321.1 0   278.01 0   278.01 0     0.0 0     0.0 0     0.0 0   -52.0 0   -52.0 0     5.2 0    70.3 0     6.9 0   245.5 0   933.2 0
 2019   4  1  4  2 43  2.717 122.81    -2.5 0     0.0 0    -0.2 0     0.2 0   269.2 0   278.30 0   278.07 0   320.9 0   278.01 0   278.01 0     0.0 0     0.0 0     0.0 0   -51.7 0   -51.7 0     5.1 0    70.7 0     7.0 0   244.7 0   933.2 0
 2019   4  1  4  2 44  2.733 122.98    -2.4 0     0.0 0    -0.2 0     0.3 0   269.6 0   278.30 0   278.09 0   321.1 0   278.01 0   278.01 0     0.0 0     0.0 0     0.0 0   -51.5 0   -51.5 0     5.1 0    70.6 0     6.9 0   243.9 0   933.2 0
 2019   4  1  4  2 45  2.750 123.14    -2.5 0     0.0 0    -0.4 0     0.1 0   269.6 0   278.31 0   278.10 0   320.8 0   278.01 0   278.01 0     0.0 0     0.0 0     0.0 0   -51.1 0   -51.1 0     5.1 0    70.6 0     6.6 0   242.9 0   933.2 0
 2019   4  1  4  2 46  2.767 123.31    -2.4 0     0.0 0    -0.2 0     0.2 0   270.3 0   278.33 0   278.09 0   320.6 0   278.01 0   278.01 0     0.0 0     0.0 0     0.0 0   -50.3 0   -50.3 0     5.1 0    70.9 0     6.6 0   242.3 0   933.2 0
 2019   4  1  4  2 47  2.783 123.47    -2.4 0     0.0 0     0.1 0     0.4 0   270.5 0   278.33 0   278.08 0   320.6 0   278.01 0   277.99 0     0.0 0     0.0 0     0.0 0   -50.1 0   -50.1 0     5.0 0    71.0 0     6.7 0   241.4 0   933.2 0
 2019   4  1  4  2 48  2.800 123.64    -2.0 0     0.0 0     0.3 0     0.4 0   271.1 0   278.32 0   278.06 0   320.6 0   278.01 0   277.98 0     0.0 0     0.0 0     0.0 0   -49.6 0   -49.6 0     5.0 0    71.1 0     6.5 0   243.5 0   933.2 0
 2019   4  1  4  2 49  2.817 123.81    -2.0 0     0.0 0     0.4 0     0.4 0   271.0 0   278.31 0   278.05 0   320.5 0   277.99 0   277.96 0     0.0 0     0.0 0     0.0 0   -49.4 0   -49.4 0     5.0 0    71.0 0     6.2 0   245.7 0   933.2 0
 2019   4  1  4  2 50  2.833 123.97    -2.0 0     0.0 0     0.4 0     0.4 0   271.5 0   278.30 0   278.06 0   320.4 0   277.98 0   277.96 0     0.0 0     0.0 0     0.0 0   -48.9 0   -48.9 0     5.0 0    71.0 0     4.7 0   245.7 0   933.2 0
 2019   4  1  4  2 51  2.850 124.14    -2.0 0     0.0 0     0.3 0     0.2 0   271.6 0   278.30 0   278.06 0   319.8 0   277.96 0   277.95 0     0.0 0     0.0 0     0.0 0   -48.3 0   -48.3 0     5.0 0    71.2 0     3.9 0   247.6 0   933.2 0
 2019   4  1  4  2 52  2.867 124.30    -2.0 0     0.0 0     0.4 0     0.1 0   271.6 0   278.30 0   278.03 0   319.8 0   277.96 0   277.93 0     0.0 0     0.0 0     0.0 0   -48.2 0   -48.2 0     5.0 0    71.3 0     3.7 0   247.4 0   933.2 0
 2019   4  1  4  2 53  2.883 124.47    -2.0 0     0.0 0     0.4 0     0.0 0   271.4 0   278.28 0   278.02 0   319.2 0   277.94 0   277.92 0     0.0 0     0.0 0     0.0 0   -47.8 0   -47.8 0     5.0 0    71.3 0     3.1 0   253.1 0   933.3 0
 2019   4  1  4  2 54  2.900 124.64    -2.0 0     0.0 0     0.4 0     0.0 0   271.2 0   278.26 0   278.01 0   318.6 0   277.93 0   277.90 0     0.0 0     0.0 0     0.0 0   -47.3 0   -47.3 0     5.0 0    71.3 0     2.5 0   253.5 0   933.4 0
 2019   4  1  4  2 55  2.917 124.80    -2.0 0     0.0 0     0.4 0     0.0 0   271.6 0   278.25 0   278.01 0   318.3 0   277.91 0   277.88 0     0.0 0     0.0 0     0.0 0   -46.7 0   -46.7 0     4.9 0    71.6 0     1.8 0   252.3 0   933.4 0
 2019   4  1  4  2 56  2.933 124.97    -2.0 0     0.0 0     0.1 0     0.0 0   272.1 0   278.25 0   278.03 0   318.1 0   277.89 0   277.86 0     0.0 0     0.0 0     0.0 0   -46.0 0   -46.0 0     4.9 0    71.6 0     2.3 0   261.3 0   933.4 0
 2019   4  1  4  2 57  2.950 125.13    -2.0 0     0.0 0     0.0 0     0.0 0   271.8 0   278.25 0   278.02 0   318.1 0   277.88 0   277.86 0     0.0 0     0.0 0     0.0 0   -46.2 0   -46.2 0     4.9 0    71.4 0     2.4 0   261.4 0   933.4 0
 2019   4  1  4  2 58  2.967 125.30    -2.0 0    -0.2 0     0.3 0     0.0 0   271.4 0   278.25 0   278.00 0   317.8 0   277.86 0   277.83 0     0.0 0     0.0 0     0.0 0   -46.4 0   -46.4 0     4.9 0    71.4 0     1.8 0   251.4 0   933.4 0
 2019   4  1  4  2 59  2.983 125.46    -2.0 0    -0.3 0     0.4 0     0.0 0   270.9 0   278.23 0   277.99 0   317.1 0   277.84 0   277.82 0     0.0 0     0.0 0     0.0 0   -46.1 0   -46.1 0     4.9 0    71.4 0     1.6 0   259.9 0   933.5 0
 2019   4  1  4  3  0  3.000 125.63    -1.8 0    -0.4 0     0.4 0     0.1 0   269.2 0   278.21 0   277.90 0   316.2 0   277.82 0   277.80 0     0.0 0     0.0 0     0.0 0   -47.0 0   -47.0 0     4.9 0    71.2 0     1.2 0   264.0 0   933.5 0
 2019   4  1  4  3  1  3.017 125.80    -1.0 0    -0.1 0     0.9 0     0.4 0   266.8 0   278.16 0   277.71 0   314.1 0   277.80 0   277.71 0     0.0 0     0.0 0     0.0 0   -47.3 0   -47.3 0     4.7 0    70.6 0     1.0 0    83.0 0   933.5 0
 2019   4  1  4  3  2  3.033 125.96    -0.8 0     0.0 0     1.2 0     0.4 0   265.4 0   278.06 0   277.57 0   312.8 0   277.74 0   277.57 0     0.0 0     0.0 0     0.0 0   -47.4 0   -47.4 0     4.1 0    72.6 0     1.9 0   101.3 0   933.5 0
 2019   4  1  4  3  3  3.050 126.13     0.0 0     0.2 0     1.2 0     0.4 0   264.0 0   277.95 0   277.41 0   311.6 0   277.65 0   277.47 0     0.0 0     0.0 0     0.0 0   -47.6 0   -47.6 0     3.4 0    75.5 0     1.5 0    97.8 0   933.5 0
 2019   4  1  4  3  4  3.067 126.29     0.0 0     0.0 0     1.2 0     0.4 0   263.1 0   277.81 0   277.26 0   310.9 0   277.55 0   277.37 0     0.0 0     0.0 0     0.0 0   -47.9 0   -47.9 0     2.9 0    78.0 0     1.7 0   106.0 0   933.5 0
 2019   4  1  4  3  5  3.083 126.46     0.0 0     0.0 0     1.3 0     0.4 0   262.4 0   277.67 0   277.10 0   310.2 0   277.44 0   277.25 0     0.0 0     0.0 0     0.0 0   -47.8 0   -47.8 0     2.5 0    79.9 0     2.1 0    98.7 0   933.5 0
 2019   4  1  4  3  6  3.100 126.62     0.4 0     0.0 0     1.4 0     0.4 0   261.6 0   277.51 0   276.95 0   309.5 0   277.32 0   277.14 0     0.0 0     0.0 0     0.0 0   -47.9 0   -47.9 0     2.2 0    80.9 0     1.7 0   100.7 0   933.5 0
 2019   4  1  4  3  7  3.117 126.79     0.5 0     0.0 0     1.2 0     0.4 0   260.9 0   277.36 0   276.78 0   308.7 0   277.21 0   277.03 0     0.0 0     0.0 0     0.0 0   -47.8 0   -47.8 0     1.9 0    82.1 0     1.6 0   105.6 0   933.5 0
 2019   4  1  4  3  8  3.133 126.95     0.8 0    -0.3 0     1.2 0     0.4 0   260.6 0   277.20 0   276.63 0   308.5 0   277.10 0   276.93 0     0.0 0     0.0 0     0.0 0   -47.9 0   -47.9 0     1.8 0    83.6 0     2.0 0   116.5 0   933.5 0
 2019   4  1  4  3  9  3.150 127.12     0.6 0    -0.5 0     1.1 0     0.3 0   260.3 0   277.03 0   276.49 0   308.6 0   276.99 0   276.82 0     0.0 0     0.0 0     0.0 0   -48.3 0   -48.3 0     1.7 0    83.4 0     1.7 0   122.0 0   933.5 0
 2019   4  1  4  3 10  3.167 127.28     0.8 0    -0.7 0     1.1 0     0.1 0   260.3 0   276.88 0   276.34 0   308.3 0   276.88 0   276.71 0     0.0 0     0.0 0     0.0 0   -48.1 0   -48.1 0     1.7 0    83.9 0     2.1 0   126.6 0   933.5 0
 2019   4  1  4  3 11  3.183 127.45     0.9 0    -0.4 0     1.2 0     0.0 0   260.3 0   276.73 0   276.22 0   308.2 0   276.77 0   276.63 0     0.0 0     0.0 0     0.0 0   -47.9 0   -47.9 0     1.8 0    84.4 0     2.1 0   136.5 0   933.5 0
 2019   4  1  4  3 12  3.200 127.61     0.6 0    -0.5 0     1.1 0     0.1 0   260.6 0   276.59 0   276.08 0   308.6 0   276.67 0   276.54 0     0.0 0     0.0 0     0.0 0   -48.0 0   -48.0 0     1.9 0    84.1 0     2.3 0   129.5 0   933.5 0
 2019   4  1  4  3 13  3.217 127.78     0.5 0    -0.4 0     1.2 0     0.0 0   260.8 0   276.46 0   275.96 0   308.9 0   276.58 0   276.47 0     0.0 0     0.0 0     0.0 0   -48.1 0   -48.1 0     2.1 0    83.3 0     2.2 0   134.5 0   933.5 0
 2019   4  1  4  3 14  3.233 127.94     0.4 0    -0.7 0     1.2 0     0.0 0   260.7 0   276.34 0   275.85 0   309.3 0   276.50 0   276.43 0     0.0 0     0.0 0     0.0 0   -48.6 0   -48.6 0     2.4 0    81.7 0     1.8 0   147.9 0   933.6 0
 2019   4  1  4  3 15  3.250 128.11     0.0 0    -0.8 0     0.9 0     0.0 0   260.8 0   276.24 0   275.81 0   310.0 0   276.44 0   276.37 0     0.0 0     0.0 0     0.0 0   -49.2 0   -49.2 0     2.4 0    81.7 0     1.7 0   141.3 0   933.6 0
 2019   4  1  4  3 16  3.267 128.27     0.0 0    -0.8 0     0.9 0     0.0 0   260.5 0   276.15 0   275.72 0   310.1 0   276.38 0   276.30 0     0.0 0     0.0 0     0.0 0   -49.6 0   -49.6 0     2.5 0    81.1 0     2.4 0   147.8 0   933.6 0
 2019   4  1  4  3 17  3.283 128.43     0.0 0    -0.4 0     1.0 0     0.0 0   260.5 0   276.06 0   275.63 0   309.9 0   276.32 0   276.25 0     0.0 0     0.0 0     0.0 0   -49.4 0   -49.4 0     2.5 0    81.3 0     2.3 0   147.3 0   933.7 0
 2019   4  1  4  3 18  3.300 128.60     0.0 0    -0.3 0     1.1 0     0.0 0   260.3 0   275.97 0   275.55 0   309.9 0   276.26 0   276.20 0     0.0 0     0.0 0     0.0 0   -49.6 0   -49.6 0     2.7 0    80.6 0     2.4 0   149.6 0   933.7 0
 2019   4  1  4  3 19  3.317 128.76     0.0 0    -0.3 0     1.1 0     0.0 0   259.9 0   275.89 0   275.45 0   309.8 0   276.21 0   276.16 0     0.0 0     0.0 0     0.0 0   -49.9 0   -49.9 0     2.7 0    80.3 0     2.2 0   145.2 0   933.7 0
 2019   4  1  4  3 20  3.333 128.93     0.0 0     0.0 0     1.2 0     0.2 0   259.4 0   275.81 0   275.34 0   308.8 0   276.17 0   276.09 0     0.0 0     0.0 0     0.0 0   -49.3 0   -49.3 0     2.7 0    80.1 0     2.3 0   153.4 0   933.7 0
 2019   4  1  4  3 21  3.350 129.09     0.0 0     0.0 0     1.2 0     0.3 0   259.3 0   275.72 0   275.28 0   308.9 0   276.11 0   276.06 0     0.0 0     0.0 0     0.0 0   -49.6 0   -49.6 0     2.6 0    80.8 0     2.3 0   149.8 0   933.6 0
 2019   4  1  4  3 22  3.367 129.26     0.0 0     0.0 0     0.9 0     0.1 0   259.2 0   275.63 0   275.23 0   308.9 0   276.07 0   276.02 0     0.0 0     0.0 0     0.0 0   -49.7 0   -49.7 0     2.7 0    80.7 0     2.0 0   140.5 0   933.5 0
 2019   4  1  4  3 23  3.383 129.42     0.0 0     0.0 0     0.8 0     0.0 0   258.1 0   275.56 0   275.16 0   308.1 0   276.03 0   275.96 0     0.0 0     0.0 0     0.0 0   -50.0 0   -50.0 0     2.7 0    79.7 0     1.9 0   147.2 0   933.5 0
 2019   4  1  4  3 24  3.400 129.58     0.0 0     0.0 0     0.7 0     0.0 0   258.2 0   275.48 0   275.09 0   308.3 0   275.98 0   275.91 0     0.0 0     0.0 0     0.0 0   -50.1 0   -50.1 0     2.6 0    81.0 0     2.1 0   145.6 0   933.5 0
 2019   4  1  4  3 25  3.417 129.75     0.0 0     0.0 0     0.5 0     0.0 0   258.3 0   275.42 0   275.04 0   308.4 0   275.94 0   275.88 0     0.0 0     0.0 0     0.0 0   -50.1 0   -50.1 0     2.6 0    81.1 0     1.6 0   132.9 0   933.5 0
 2019   4  1  4  3 26  3.433 129.91     0.0 0    -0.3 0     0.4 0     0.0 0   258.0 0   275.35 0   275.00 0   307.6 0   275.91 0   275.87 0     0.0 0     0.0 0     0.0 0   -49.6 0   -49.6 0     2.8 0    79.9 0     1.4 0   129.2 0   933.5 0
 2019   4  1  4  3 27  3.450 130.07    -0.2 0     0.0 0     0.4 0     0.0 0   258.0 0   275.29 0   274.94 0   307.1 0   275.88 0   275.83 0     0.0 0     0.0 0     0.0 0   -49.1 0   -49.1 0     2.9 0    79.4 0     1.2 0   140.4 0   933.6 0
 2019   4  1  4  3 28  3.467 130.24    -0.5 0    -0.2 0     0.4 0     0.0 0   258.5 0   275.23 0   274.91 0   307.8 0   275.84 0   275.81 0     0.0 0     0.0 0     0.0 0   -49.2 0   -49.2 0     2.9 0    79.6 0     2.0 0   141.4 0   933.4 0
 2019   4  1  4  3 29  3.483 130.40    -0.6 0     0.0 0     0.4 0     0.0 0   259.0 0   275.19 0   274.86 0   308.6 0   275.82 0   275.78 0     0.0 0     0.0 0     0.0 0   -49.6 0   -49.6 0     2.8 0    79.7 0     2.3 0   140.1 0   933.4 0
 2019   4  1  4  3 30  3.500 130.56    -1.0 0    -0.2 0     0.4 0     0.0 0   259.0 0   275.14 0   274.83 0   308.9 0   275.79 0   275.76 0     0.0 0     0.0 0     0.0 0   -50.0 0   -50.0 0     2.9 0    79.7 0     2.0 0   135.7 0   933.4 0
 2019   4  1  4  3 31  3.517 130.73    -1.0 0    -0.1 0     0.4 0     0.0 0   258.8 0   275.10 0   274.80 0   308.5 0   275.77 0   275.74 0     0.0 0     0.0 0     0.0 0   -49.7 0   -49.7 0     2.9 0    79.3 0     2.0 0   145.3 0   933.4 0
 2019   4  1  4  3 32  3.533 130.89    -1.0 0     0.0 0     0.4 0     0.0 0   258.8 0   275.06 0   274.75 0   308.1 0   275.75 0   275.71 0     0.0 0     0.0 0     0.0 0   -49.3 0   -49.3 0     2.9 0    79.1 0     2.3 0   148.4 0   933.5 0
 2019   4  1  4  3 33  3.550 131.05    -1.0 0     0.0 0     0.4 0     0.0 0   259.0 0   275.02 0   274.70 0   307.3 0   275.72 0   275.66 0     0.0 0     0.0 0     0.0 0   -48.2 0   -48.2 0     2.7 0    80.1 0     2.1 0   146.9 0   933.5 0
 2019   4  1  4  3 34  3.567 131.21    -1.0 0     0.0 0     0.4 0     0.0 0   258.9 0   274.98 0   274.67 0   306.6 0   275.68 0   275.61 0     0.0 0     0.0 0     0.0 0   -47.7 0   -47.7 0     2.5 0    80.6 0     1.9 0   136.6 0   933.6 0
 2019   4  1  4  3 35  3.583 131.38    -1.0 0     0.0 0     0.4 0     0.0 0   259.6 0   274.93 0   274.60 0   306.4 0   275.64 0   275.58 0     0.0 0     0.0 0     0.0 0   -46.7 0   -46.7 0     2.5 0    81.4 0     2.2 0   120.8 0   933.5 0
 2019   4  1  4  3 36  3.600 131.54    -0.9 0     0.0 0     0.4 0     0.0 0   259.4 0   274.88 0   274.57 0   306.5 0   275.60 0   275.54 0     0.0 0     0.0 0     0.0 0   -47.1 0   -47.1 0     2.5 0    81.0 0     2.3 0   117.5 0   933.5 0
 2019   4  1  4  3 37  3.617 131.70    -1.0 0     0.0 0     0.4 0     0.0 0   259.2 0   274.84 0   274.57 0   306.2 0   275.56 0   275.50 0     0.0 0     0.0 0     0.0 0   -47.0 0   -47.0 0     2.4 0    81.0 0     2.0 0   104.2 0   933.6 0
 2019   4  1  4  3 38  3.633 131.86    -1.0 0     0.0 0     0.4 0     0.0 0   259.6 0   274.81 0   274.54 0   306.3 0   275.52 0   275.46 0     0.0 0     0.0 0     0.0 0   -46.8 0   -46.8 0     2.3 0    82.1 0     2.0 0   106.1 0   933.6 0
 2019   4  1  4  3 39  3.650 132.02    -1.0 0    -0.4 0     0.4 0     0.0 0   259.5 0   274.77 0   274.53 0   306.6 0   275.48 0   275.45 0     0.0 0     0.0 0     0.0 0   -47.0 0   -47.0 0     2.4 0    82.4 0     2.0 0   101.6 0   933.6 0
 2019   4  1  4  3 40  3.667 132.19    -1.0 0    -0.8 0     0.4 0     0.0 0   259.2 0   274.75 0   274.48 0   306.0 0   275.46 0   275.44 0     0.0 0     0.0 0     0.0 0   -46.7 0   -46.7 0     2.7 0    80.4 0     1.9 0   118.3 0   933.6 0
 2019   4  1  4  3 41  3.683 132.35    -1.0 0    -0.8 0     0.4 0     0.0 0   259.0 0   274.72 0   274.44 0   306.1 0   275.44 0   275.41 0     0.0 0     0.0 0     0.0 0   -47.1 0   -47.1 0     2.6 0    80.4 0     2.0 0   133.1 0   933.7 0
 2019   4  1  4  3 42  3.700 132.51    -1.0 0    -0.6 0     0.4 0     0.0 0   258.4 0   274.68 0   274.37 0   305.6 0   275.41 0   275.37 0     0.0 0     0.0 0     0.0 0   -47.2 0   -47.2 0     2.5 0    80.3 0     1.7 0   137.2 0   933.7 0
 2019   4  1  4  3 43  3.717 132.67    -1.0 0    -0.4 0     0.4 0     0.0 0   259.0 0   274.65 0   274.39 0   306.0 0   275.39 0   275.35 0     0.0 0     0.0 0     0.0 0   -47.0 0   -47.0 0     2.4 0    81.8 0     2.0 0   135.1 0   933.7 0
 2019   4  1  4  3 44  3.733 132.83    -1.3 0    -0.8 0     0.3 0     0.0 0   259.1 0   274.62 0   274.43 0   306.0 0   275.36 0   275.34 0     0.0 0     0.0 0     0.0 0   -47.0 0   -47.0 0     2.6 0    81.3 0     1.9 0   135.8 0   933.7 0
 2019   4  1  4  3 45  3.750 132.99    -1.5 0    -0.8 0     0.0 0     0.0 0   258.8 0   274.62 0   274.45 0   306.2 0   275.35 0   275.32 0     0.0 0     0.0 0     0.0 0   -47.4 0   -47.4 0     2.6 0    80.3 0     2.0 0   145.0 0   933.7 0
 2019   4  1  4  3 46  3.767 133.15    -1.6 0    -0.7 0     0.3 0     0.0 0   259.3 0   274.62 0   274.37 0   306.8 0   275.33 0   275.30 0     0.0 0     0.0 0     0.0 0   -47.5 0   -47.5 0     2.6 0    80.6 0     2.0 0   152.6 0   933.7 0
 2019   4  1  4  3 47  3.783 133.31    -1.6 0    -0.5 0     0.1 0     0.0 0   260.1 0   274.62 0   274.43 0   306.6 0   275.31 0   275.30 0     0.0 0     0.0 0     0.0 0   -46.6 0   -46.6 0     2.6 0    80.2 0     1.7 0   152.7 0   933.7 0
 2019   4  1  4  3 48  3.800 133.47    -1.8 0     0.0 0    -0.2 0     0.0 0   260.4 0   274.62 0   274.50 0   306.7 0   275.30 0   275.27 0     0.0 0     0.0 0     0.0 0   -46.3 0   -46.3 0     2.5 0    80.6 0     1.7 0   157.0 0   933.7 0
 2019   4  1  4  3 49  3.817 133.63    -2.0 0     0.0 0    -0.3 0     0.0 0   261.1 0   274.65 0   274.52 0   306.5 0   275.28 0   275.24 0     0.0 0     0.0 0     0.0 0   -45.4 0   -45.4 0     2.4 0    80.9 0     1.7 0   144.7 0   933.7 0
 2019   4  1  4  3 50  3.833 133.79    -2.0 0     0.0 0    -0.4 0     0.0 0   261.9 0   274.67 0   274.53 0   306.5 0   275.25 0   275.22 0     0.0 0     0.0 0     0.0 0   -44.6 0   -44.6 0     2.4 0    81.7 0     1.5 0   144.8 0   933.6 0
 2019   4  1  4  3 51  3.850 133.95    -2.0 0     0.0 0    -0.2 0     0.0 0   261.8 0   274.70 0   274.53 0   305.9 0   275.23 0   275.20 0     0.0 0     0.0 0     0.0 0   -44.1 0   -44.1 0     2.4 0    81.0 0     1.4 0   163.6 0   933.7 0
 2019   4  1  4  3 52  3.867 134.11    -2.0 0     0.0 0     0.3 0     0.0 0   262.3 0   274.71 0   274.48 0   305.5 0   275.20 0   275.16 0     0.0 0     0.0 0     0.0 0   -43.2 0   -43.2 0     2.2 0    81.4 0     1.2 0   164.5 0   933.6 0
 2019   4  1  4  3 53  3.883 134.27    -2.0 0     0.0 0     0.4 0     0.0 0   263.0 0   274.69 0   274.49 0   305.3 0   275.17 0   275.13 0     0.0 0     0.0 0     0.0 0   -42.3 0   -42.3 0     2.1 0    82.5 0     0.8 0   132.2 0   933.6 0
 2019   4  1  4  3 54  3.900 134.43    -2.0 0    -0.3 0     0.4 0     0.0 0   263.7 0   274.69 0   274.50 0   304.9 0   275.15 0   275.11 0     0.0 0     0.0 0     0.0 0   -41.2 0   -41.2 0     2.2 0    82.3 0     0.5 0   109.2 0   933.6 0
 2019   4  1  4  3 55  3.917 134.59    -2.0 0    -0.5 0     0.1 0     0.0 0   264.4 0   274.69 0   274.52 0   304.4 0   275.12 0   275.08 0     0.0 0     0.0 0     0.0 0   -40.0 0   -40.0 0     2.1 0    81.8 0     0.1 0   165.4 0   933.6 0
 2019   4  1  4  3 56  3.933 134.75    -1.8 0    -0.7 0     0.4 0     0.0 0   265.0 0   274.69 0   274.47 0   304.7 0   275.09 0   275.05 0     0.0 0     0.0 0     0.0 0   -39.7 0   -39.7 0     2.1 0    82.1 0     0.4 0   203.2 0   933.5 0
 2019   4  1  4  3 57  3.950 134.91    -1.7 0    -0.8 0     0.4 0     0.0 0   266.3 0   274.68 0   274.49 0   305.3 0   275.06 0   275.03 0     0.0 0     0.0 0     0.0 0   -39.0 0   -39.0 0     2.0 0    83.2 0     0.2 0    86.8 0   933.6 0
 2019   4  1  4  3 58  3.967 135.07    -1.9 0    -0.8 0     0.3 0     0.0 0   266.1 0   274.68 0   274.48 0   304.8 0   275.04 0   275.00 0     0.0 0     0.0 0     0.0 0   -38.7 0   -38.7 0     2.1 0    82.4 0     0.6 0   173.9 0   933.6 0
 2019   4  1  4  3 59  3.983 135.23    -1.4 0    -0.8 0     0.4 0     0.0 0   266.6 0   274.67 0   274.42 0   304.9 0   275.01 0   274.96 0     0.0 0     0.0 0     0.0 0   -38.3 0   -38.3 0     2.0 0    82.3 0     1.1 0   178.2 0   933.5 0
 2019   4  1  4  4  0  4.000 135.38    -1.3 0    -0.8 0     0.4 0     0.0 0   266.8 0   274.65 0   274.42 0   305.2 0   274.97 0   274.94 0     0.0 0     0.0 0     0.0 0   -38.4 0   -38.4 0     2.0 0    83.1 0     1.5 0   182.5 0   933.5 0
 2019   4  1  4  4  1  4.017 135.54    -1.3 0    -0.8 0     0.4 0     0.0 0   267.3 0   274.63 0   274.37 0   306.4 0   274.95 0   274.92 0     0.0 0     0.0 0     0.0 0   -39.1 0   -39.1 0     2.0 0    83.2 0     1.9 0   182.6 0   933.6 0
 2019   4  1  4  4  2  4.033 135.70    -1.3 0    -0.8 0     0.4 0     0.0 0   267.0 0   274.62 0   274.35 0   306.9 0   274.93 0   274.91 0     0.0 0     0.0 0     0.0 0   -39.8 0   -39.8 0     2.1 0    82.1 0     2.7 0   175.6 0   933.6 0
 2019   4  1  4  4  3  4.050 135.86    -1.1 0    -0.3 0     0.4 0     0.0 0   267.0 0   274.59 0   274.31 0   307.3 0   274.91 0   274.89 0     0.0 0     0.0 0     0.0 0   -40.4 0   -40.4 0     2.1 0    82.3 0     3.1 0   177.6 0   933.6 0
 2019   4  1  4  4  4  4.067 136.01    -1.1 0    -0.3 0     0.4 0     0.1 0   266.8 0   274.56 0   274.27 0   307.8 0   274.90 0   274.89 0     0.0 0     0.0 0     0.0 0   -41.1 0   -41.1 0     2.1 0    82.1 0     3.3 0   177.7 0   933.6 0
 2019   4  1  4  4  5  4.083 136.17    -1.2 0     0.0 0     0.4 0     0.0 0   266.3 0   274.53 0   274.27 0   307.6 0   274.88 0   274.84 0     0.0 0     0.0 0     0.0 0   -41.3 0   -41.3 0     2.0 0    81.4 0     3.2 0   188.3 0   933.6 0
 2019   4  1  4  4  6  4.100 136.33    -1.1 0     0.0 0     0.4 0     0.1 0   267.6 0   274.51 0   274.24 0   308.0 0   274.85 0   274.80 0     0.0 0     0.0 0     0.0 0   -40.4 0   -40.4 0     1.8 0    84.1 0     3.7 0   176.3 0   933.6 0
 2019   4  1  4  4  7  4.117 136.48    -1.6 0    -0.4 0     0.1 0     0.0 0   267.0 0   274.50 0   274.27 0   308.6 0   274.83 0   274.83 0     0.0 0     0.0 0     0.0 0   -41.5 0   -41.5 0     2.0 0    82.1 0     3.3 0   176.9 0   933.5 0
 2019   4  1  4  4  8  4.133 136.64    -1.5 0     0.0 0     0.4 0     0.0 0   266.0 0   274.48 0   274.20 0   307.9 0   274.82 0   274.78 0     0.0 0     0.0 0     0.0 0   -41.9 0   -41.9 0     1.9 0    82.4 0     3.4 0   185.3 0   933.5 0
 2019   4  1  4  4  9  4.150 136.80    -1.2 0     0.1 0     0.4 0     0.3 0   265.3 0   274.45 0   274.13 0   306.8 0   274.78 0   274.72 0     0.0 0     0.0 0     0.0 0   -41.6 0   -41.6 0     1.7 0    82.3 0     3.3 0   192.4 0   933.5 0
 2019   4  1  4  4 10  4.167 136.95    -1.0 0     0.6 0     0.6 0     0.4 0   265.8 0   274.41 0   274.05 0   307.1 0   274.73 0   274.67 0     0.0 0     0.0 0     0.0 0   -41.2 0   -41.2 0     1.4 0    85.7 0     4.1 0   176.9 0   933.5 0
 2019   4  1  4  4 11  4.183 137.11    -1.0 0    -0.1 0     0.4 0     0.3 0   265.8 0   274.37 0   274.06 0   307.9 0   274.72 0   274.71 0     0.0 0     0.0 0     0.0 0   -42.2 0   -42.2 0     1.8 0    83.7 0     3.9 0   174.8 0   933.5 0
 2019   4  1  4  4 12  4.200 137.26    -1.0 0     0.0 0     0.4 0     0.3 0   264.9 0   274.33 0   273.97 0   306.9 0   274.69 0   274.64 0     0.0 0     0.0 0     0.0 0   -42.0 0   -42.0 0     1.7 0    83.3 0     3.8 0   176.7 0   933.5 0
 2019   4  1  4  4 13  4.217 137.42    -1.0 0     0.0 0     0.4 0     0.1 0   265.8 0   274.29 0   273.99 0   308.1 0   274.67 0   274.66 0     0.0 0     0.0 0     0.0 0   -42.3 0   -42.3 0     1.8 0    84.3 0     4.0 0   170.0 0   933.5 0
 2019   4  1  4  4 14  4.233 137.57    -1.4 0    -0.4 0     0.2 0     0.0 0   264.9 0   274.26 0   274.05 0   308.6 0   274.67 0   274.67 0     0.0 0     0.0 0     0.0 0   -43.7 0   -43.7 0     2.0 0    82.2 0     3.0 0   182.4 0   933.5 0
 2019   4  1  4  4 15  4.250 137.73    -1.5 0     0.0 0     0.2 0     0.0 0   264.8 0   274.26 0   274.01 0   308.0 0   274.65 0   274.62 0     0.0 0     0.0 0     0.0 0   -43.2 0   -43.2 0     1.8 0    83.5 0     4.1 0   175.4 0   933.5 0
 2019   4  1  4  4 16  4.267 137.88    -1.5 0     0.0 0     0.0 0     0.0 0   263.8 0   274.23 0   274.02 0   307.8 0   274.63 0   274.60 0     0.0 0     0.0 0     0.0 0   -43.9 0   -43.9 0     1.7 0    83.9 0     4.0 0   189.2 0   933.6 0
 2019   4  1  4  4 17  4.283 138.03    -1.5 0     0.0 0     0.2 0     0.0 0   264.5 0   274.23 0   273.98 0   308.0 0   274.62 0   274.60 0     0.0 0     0.0 0     0.0 0   -43.5 0   -43.5 0     1.7 0    83.9 0     4.1 0   165.5 0   933.5 0
 2019   4  1  4  4 18  4.300 138.19    -1.5 0     0.0 0     0.4 0     0.0 0   264.5 0   274.22 0   273.97 0   307.8 0   274.60 0   274.59 0     0.0 0     0.0 0     0.0 0   -43.3 0   -43.3 0     1.8 0    83.3 0     4.1 0   176.3 0   933.5 0
 2019   4  1  4  4 19  4.317 138.34    -1.8 0    -0.8 0    -0.1 0     0.0 0   265.3 0   274.21 0   274.02 0   309.8 0   274.62 0   274.71 0     0.0 0     0.0 0     0.0 0   -44.5 0   -44.5 0     2.3 0    81.9 0     3.9 0   170.8 0   933.4 0
 2019   4  1  4  4 20  4.333 138.50    -1.9 0    -0.4 0     0.0 0     0.0 0   264.6 0   274.21 0   273.98 0   308.4 0   274.65 0   274.64 0     0.0 0     0.0 0     0.0 0   -43.8 0   -43.8 0     2.2 0    80.7 0     3.9 0   181.9 0   933.4 0
 2019   4  1  4  4 21  4.350 138.65    -1.7 0    -0.8 0     0.3 0     0.0 0   265.1 0   274.20 0   273.95 0   308.5 0   274.66 0   274.69 0     0.0 0     0.0 0     0.0 0   -43.4 0   -43.4 0     2.3 0    81.6 0     4.1 0   177.1 0   933.4 0
 2019   4  1  4  4 22  4.367 138.80    -1.5 0    -0.2 0     0.4 0     0.0 0   265.0 0   274.19 0   273.93 0   307.6 0   274.67 0   274.64 0     0.0 0     0.0 0     0.0 0   -42.6 0   -42.6 0     2.2 0    80.4 0     3.8 0   176.7 0   933.4 0
 2019   4  1  4  4 23  4.383 138.95    -1.5 0     0.0 0     0.4 0     0.0 0   265.5 0   274.18 0   273.89 0   307.3 0   274.65 0   274.61 0     0.0 0     0.0 0     0.0 0   -41.9 0   -41.9 0     1.9 0    82.8 0     4.0 0   175.6 0   933.4 0
 2019   4  1  4  4 24  4.400 139.10    -1.5 0     0.0 0     0.4 0     0.1 0   266.2 0   274.15 0   273.87 0   307.5 0   274.62 0   274.63 0     0.0 0     0.0 0     0.0 0   -41.4 0   -41.4 0     2.1 0    82.6 0     3.8 0   171.0 0   933.4 0
 2019   4  1  4  4 25  4.417 139.26    -1.5 0    -0.4 0     0.4 0     0.0 0   266.3 0   274.14 0   273.89 0   307.7 0   274.63 0   274.63 0     0.0 0     0.0 0     0.0 0   -41.4 0   -41.4 0     2.2 0    80.7 0     3.4 0   178.0 0   933.4 0
 2019   4  1  4  4 26  4.433 139.41    -1.4 0     0.0 0     0.4 0     0.0 0   265.9 0   274.13 0   273.86 0   306.8 0   274.62 0   274.59 0     0.0 0     0.0 0     0.0 0   -40.9 0   -40.9 0     1.9 0    81.8 0     3.4 0   175.6 0   933.4 0
 2019   4  1  4  4 27  4.450 139.56    -1.3 0    -0.1 0     0.4 0     0.0 0   266.0 0   274.10 0   273.85 0   307.7 0   274.62 0   274.61 0     0.0 0     0.0 0     0.0 0   -41.7 0   -41.7 0     2.0 0    83.0 0     3.5 0   165.0 0   933.4 0
 2019   4  1  4  4 28  4.467 139.71    -1.5 0     0.0 0     0.4 0     0.0 0   265.4 0   274.09 0   273.85 0   307.6 0   274.62 0   274.60 0     0.0 0     0.0 0     0.0 0   -42.2 0   -42.2 0     2.1 0    82.1 0     3.0 0   161.1 0   933.4 0
 2019   4  1  4  4 29  4.483 139.86    -1.5 0    -0.4 0     0.2 0     0.0 0   264.4 0   274.09 0   273.87 0   307.5 0   274.62 0   274.61 0     0.0 0     0.0 0     0.0 0   -43.1 0   -43.1 0     2.3 0    80.2 0     2.7 0   170.6 0   933.4 0
 2019   4  1  4  4 30  4.500 140.01    -1.5 0     0.0 0     0.4 0     0.0 0   263.1 0   274.07 0   273.83 0   306.6 0   274.60 0   274.55 0     0.0 0     0.0 0     0.0 0   -43.4 0   -43.4 0     1.9 0    81.8 0     2.7 0   160.3 0   933.4 0
 2019   4  1  4  4 31  4.517 140.16    -1.2 0     0.0 0     0.4 0     0.0 0   262.2 0   274.06 0   273.81 0   306.2 0   274.57 0   274.54 0     0.0 0     0.0 0     0.0 0   -43.9 0   -43.9 0     1.7 0    83.8 0     3.1 0   161.0 0   933.4 0
 2019   4  1  4  4 32  4.533 140.31    -1.0 0     0.0 0     0.4 0     0.0 0   261.4 0   274.03 0   273.79 0   305.9 0   274.55 0   274.54 0     0.0 0     0.0 0     0.0 0   -44.5 0   -44.5 0     1.8 0    83.5 0     3.2 0   152.4 0   933.4 0
 2019   4  1  4  4 33  4.550 140.46    -1.0 0     0.0 0     0.4 0     0.0 0   260.9 0   274.02 0   273.77 0   305.3 0   274.54 0   274.52 0     0.0 0     0.0 0     0.0 0   -44.4 0   -44.4 0     1.8 0    83.0 0     3.2 0   145.8 0   933.4 0
 2019   4  1  4  4 34  4.567 140.60    -1.1 0    -0.5 0     0.4 0     0.0 0   260.4 0   274.00 0   273.78 0   306.1 0   274.52 0   274.52 0     0.0 0     0.0 0     0.0 0   -45.6 0   -45.6 0     1.9 0    82.5 0     3.5 0   143.3 0   933.4 0
 2019   4  1  4  4 35  4.583 140.75    -1.3 0     0.0 0     0.4 0     0.0 0   259.3 0   273.98 0   273.76 0   305.8 0   274.52 0   274.51 0     0.0 0     0.0 0     0.0 0   -46.5 0   -46.5 0     1.8 0    82.3 0     3.5 0   145.1 0   933.4 0
 2019   4  1  4  4 36  4.600 140.90    -1.0 0     0.0 0     0.4 0     0.0 0   258.8 0   273.98 0   273.70 0   305.1 0   274.51 0   274.45 0     0.0 0     0.0 0     0.0 0   -46.3 0   -46.3 0     1.6 0    82.4 0     2.7 0   119.6 0   933.2 0
 2019   4  1  4  4 37  4.617 141.05    -1.0 0     0.0 0     0.4 0     0.0 0   257.6 0   273.95 0   273.67 0   304.6 0   274.47 0   274.39 0     0.0 0     0.0 0     0.0 0   -46.9 0   -46.9 0     1.2 0    84.3 0     2.2 0   100.7 0   933.2 0
 2019   4  1  4  4 38  4.633 141.20    -1.0 0     0.3 0     0.4 0     0.0 0   258.1 0   273.92 0   273.63 0   304.4 0   274.42 0   274.33 0     0.0 0     0.0 0     0.0 0   -46.3 0   -46.3 0     0.9 0    85.9 0     2.6 0   116.1 0   933.3 0
 2019   4  1  4  4 39  4.650 141.34    -1.0 0     0.1 0     0.4 0     0.0 0   258.6 0   273.89 0   273.64 0   305.0 0   274.36 0   274.28 0     0.0 0     0.0 0     0.0 0   -46.3 0   -46.3 0     0.7 0    87.1 0     2.8 0   125.1 0   933.3 0
 2019   4  1  4  4 40  4.667 141.49    -1.0 0     0.0 0     0.4 0     0.0 0   259.3 0   273.88 0   273.62 0   305.4 0   274.31 0   274.25 0     0.0 0     0.0 0     0.0 0   -46.1 0   -46.1 0     0.8 0    87.5 0     3.3 0   133.0 0   933.3 0
 2019   4  1  4  4 41  4.683 141.63    -1.2 0     0.0 0     0.4 0     0.0 0   259.7 0   273.86 0   273.62 0   305.2 0   274.27 0   274.22 0     0.0 0     0.0 0     0.0 0   -45.5 0   -45.5 0     0.8 0    86.9 0     3.3 0   139.7 0   933.3 0
 2019   4  1  4  4 42  4.700 141.78    -1.6 0    -0.1 0     0.0 0     0.0 0   260.8 0   273.85 0   273.67 0   306.5 0   274.24 0   274.22 0     0.0 0     0.0 0     0.0 0   -45.7 0   -45.7 0     1.1 0    86.7 0     4.3 0   136.9 0   933.3 0
 2019   4  1  4  4 43  4.717 141.92    -2.0 0    -0.6 0    -0.4 0     0.0 0   261.1 0   273.86 0   273.71 0   307.2 0   274.22 0   274.24 0     0.0 0     0.0 0     0.0 0   -46.1 0   -46.1 0     1.4 0    85.3 0     4.3 0   142.8 0   933.4 0
 2019   4  1  4  4 44  4.733 142.07    -2.0 0    -0.8 0    -0.4 0     0.0 0   261.7 0   273.88 0   273.76 0   308.0 0   274.24 0   274.29 0     0.0 0     0.0 0     0.0 0   -46.3 0   -46.3 0     1.6 0    84.3 0     4.5 0   149.7 0   933.4 0
 2019   4  1  4  4 45  4.750 142.21    -2.0 0    -1.5 0    -0.4 0     0.0 0   262.0 0   273.92 0   273.82 0   309.1 0   274.28 0   274.38 0     0.0 0     0.0 0     0.0 0   -47.1 0   -47.1 0     2.2 0    81.5 0     4.2 0   147.0 0   933.4 0
 2019   4  1  4  4 46  4.767 142.36    -2.0 0    -1.6 0    -0.4 0     0.0 0   261.5 0   273.95 0   273.85 0   308.9 0   274.34 0   274.42 0     0.0 0     0.0 0     0.0 0   -47.4 0   -47.4 0     2.5 0    79.6 0     4.5 0   146.1 0   933.3 0
 2019   4  1  4  4 47  4.783 142.50    -2.1 0    -1.6 0    -0.4 0     0.0 0   261.5 0   273.99 0   273.88 0   309.0 0   274.40 0   274.50 0     0.0 0     0.0 0     0.0 0   -47.5 0   -47.5 0     2.6 0    79.5 0     4.3 0   157.6 0   933.4 0
 2019   4  1  4  4 48  4.800 142.64    -2.4 0    -1.6 0    -0.4 0     0.0 0   262.1 0   274.03 0   273.95 0   309.8 0   274.47 0   274.60 0     0.0 0     0.0 0     0.0 0   -47.7 0   -47.7 0     2.9 0    78.2 0     4.0 0   154.6 0   933.3 0
 2019   4  1  4  4 49  4.817 142.79    -2.5 0    -1.6 0    -0.4 0     0.0 0   261.5 0   274.08 0   273.99 0   309.5 0   274.55 0   274.67 0     0.0 0     0.0 0     0.0 0   -48.0 0   -48.0 0     3.1 0    77.0 0     4.0 0   157.8 0   933.3 0
 2019   4  1  4  4 50  4.833 142.93    -2.4 0    -1.2 0    -0.4 0     0.0 0   261.2 0   274.12 0   274.02 0   309.1 0   274.63 0   274.72 0     0.0 0     0.0 0     0.0 0   -47.9 0   -47.9 0     3.2 0    76.6 0     3.6 0   151.9 0   933.3 0
 2019   4  1  4  4 51  4.850 143.07    -2.4 0    -0.8 0    -0.4 0     0.0 0   261.3 0   274.16 0   274.05 0   308.8 0   274.69 0   274.76 0     0.0 0     0.0 0     0.0 0   -47.5 0   -47.5 0     3.2 0    76.7 0     3.6 0   145.9 0   933.3 0
 2019   4  1  4  4 52  4.867 143.21    -2.4 0    -1.4 0    -0.4 0     0.0 0   261.6 0   274.21 0   274.09 0   309.4 0   274.75 0   274.83 0     0.0 0     0.0 0     0.0 0   -47.8 0   -47.8 0     3.3 0    76.3 0     3.6 0   146.4 0   933.3 0
 2019   4  1  4  4 53  4.883 143.35    -2.4 0    -0.9 0    -0.4 0     0.0 0   260.8 0   274.25 0   274.15 0   308.7 0   274.81 0   274.85 0     0.0 0     0.0 0     0.0 0   -47.9 0   -47.9 0     3.1 0    76.3 0     3.5 0   141.8 0   933.4 0
 2019   4  1  4  4 54  4.900 143.49    -2.4 0    -0.7 0    -0.4 0     0.0 0   260.9 0   274.29 0   274.15 0   308.4 0   274.84 0   274.85 0     0.0 0     0.0 0     0.0 0   -47.5 0   -47.5 0     2.9 0    77.9 0     3.6 0   141.5 0   933.3 0
 2019   4  1  4  4 55  4.917 143.63    -2.4 0    -0.4 0    -0.3 0     0.0 0   261.1 0   274.32 0   274.17 0   308.4 0   274.85 0   274.88 0     0.0 0     0.0 0     0.0 0   -47.3 0   -47.3 0     2.9 0    78.4 0     3.4 0   146.4 0   933.3 0
 2019   4  1  4  4 56  4.933 143.77    -2.3 0    -1.0 0     0.0 0     0.0 0   261.2 0   274.35 0   274.17 0   309.1 0   274.90 0   274.99 0     0.0 0     0.0 0     0.0 0   -47.9 0   -47.9 0     3.2 0    76.7 0     3.0 0   147.7 0   933.3 0
 2019   4  1  4  4 57  4.950 143.91    -2.3 0    -1.0 0    -0.1 0     0.0 0   260.5 0   274.37 0   274.23 0   308.6 0   274.95 0   275.00 0     0.0 0     0.0 0     0.0 0   -48.1 0   -48.1 0     3.3 0    75.9 0     2.9 0   144.6 0   933.4 0
 2019   4  1  4  4 58  4.967 144.05    -2.1 0    -0.8 0     0.0 0     0.0 0   260.0 0   274.40 0   274.22 0   308.1 0   275.00 0   275.02 0     0.0 0     0.0 0     0.0 0   -48.2 0   -48.2 0     3.2 0    75.8 0     3.2 0   149.3 0   933.4 0
 2019   4  1  4  4 59  4.983 144.18    -2.1 0    -0.7 0    -0.1 0     0.0 0   259.2 0   274.42 0   274.26 0   308.3 0   275.02 0   275.04 0     0.0 0     0.0 0     0.0 0   -49.1 0   -49.1 0     3.0 0    76.8 0     3.6 0   148.6 0   933.3 0
 2019   4  1  4  5  0  5.000 144.32    -2.3 0    -0.1 0    -0.1 0     0.0 0   258.5 0   274.45 0   274.29 0   308.0 0   275.04 0   275.03 0     0.0 0     0.0 0     0.0 0   -49.5 0   -49.5 0     2.8 0    77.8 0     3.8 0   146.3 0   933.4 0
 2019   4  1  4  5  1  5.017 144.46    -2.0 0     0.0 0     0.0 0     0.0 0   257.6 0   274.47 0   274.27 0   307.6 0   275.04 0   275.01 0     0.0 0     0.0 0     0.0 0   -50.0 0   -50.0 0     2.5 0    78.9 0     4.2 0   141.7 0   933.3 0
 2019   4  1  4  5  2  5.033 144.59    -2.0 0     0.5 0     0.0 0     0.0 0   256.8 0   274.49 0   274.27 0   307.1 0   275.02 0   274.95 0     0.0 0     0.0 0     0.0 0   -50.2 0   -50.2 0     2.1 0    80.3 0     3.8 0   149.8 0   933.4 0
 2019   4  1  4  5  3  5.050 144.73    -2.0 0     0.8 0     0.3 0     0.1 0   256.2 0   274.49 0   274.26 0   307.0 0   274.98 0   274.90 0     0.0 0     0.0 0     0.0 0   -50.8 0   -50.8 0     1.8 0    82.3 0     4.3 0   147.0 0   933.4 0
 2019   4  1  4  5  4  5.067 144.86    -2.0 0     0.8 0     0.4 0     0.3 0   255.8 0   274.49 0   274.22 0   307.1 0   274.93 0   274.86 0     0.0 0     0.0 0     0.0 0   -51.3 0   -51.3 0     1.6 0    83.1 0     4.8 0   151.4 0   933.3 0
 2019   4  1  4  5  5  5.083 145.00    -2.0 0     0.8 0     0.4 0     0.3 0   255.4 0   274.48 0   274.22 0   307.0 0   274.89 0   274.83 0     0.0 0     0.0 0     0.0 0   -51.6 0   -51.6 0     1.6 0    83.3 0     4.4 0   157.4 0   933.4 0
 2019   4  1  4  5  6  5.100 145.13    -2.0 0     0.2 0     0.4 0     0.0 0   255.6 0   274.48 0   274.22 0   307.3 0   274.85 0   274.80 0     0.0 0     0.0 0     0.0 0   -51.7 0   -51.7 0     1.6 0    83.4 0     4.5 0   156.5 0   933.4 0
 2019   4  1  4  5  7  5.117 145.27    -2.0 0     0.0 0     0.4 0     0.1 0   255.2 0   274.46 0   274.22 0   307.3 0   274.82 0   274.80 0     0.0 0     0.0 0     0.0 0   -52.1 0   -52.1 0     1.7 0    83.1 0     4.2 0   156.1 0   933.4 0
 2019   4  1  4  5  8  5.133 145.40    -2.0 0     0.0 0     0.4 0     0.0 0   254.9 0   274.46 0   274.22 0   307.2 0   274.80 0   274.79 0     0.0 0     0.0 0     0.0 0   -52.3 0   -52.3 0     1.9 0    82.1 0     4.0 0   159.5 0   933.4 0
 2019   4  1  4  5  9  5.150 145.53    -2.0 0     0.0 0     0.4 0     0.0 0   254.8 0   274.46 0   274.18 0   306.8 0   274.79 0   274.76 0     0.0 0     0.0 0     0.0 0   -52.0 0   -52.0 0     1.9 0    82.1 0     3.9 0   163.0 0   933.5 0
 2019   4  1  4  5 10  5.167 145.66    -2.0 0     0.0 0     0.4 0     0.1 0   254.4 0   274.45 0   274.17 0   306.8 0   274.76 0   274.74 0     0.0 0     0.0 0     0.0 0   -52.4 0   -52.4 0     1.9 0    82.0 0     4.1 0   161.4 0   933.5 0
 2019   4  1  4  5 11  5.183 145.79    -2.0 0     0.0 0     0.4 0     0.0 0   254.5 0   274.43 0   274.16 0   307.1 0   274.75 0   274.74 0     0.0 0     0.0 0     0.0 0   -52.5 0   -52.5 0     1.9 0    82.5 0     3.9 0   156.9 0   933.5 0
 2019   4  1  4  5 12  5.200 145.92    -2.0 0     0.0 0     0.4 0     0.1 0   254.0 0   274.41 0   274.13 0   306.7 0   274.74 0   274.73 0     0.0 0     0.0 0     0.0 0   -52.7 0   -52.7 0     1.9 0    82.0 0     3.4 0   164.2 0   933.6 0
 2019   4  1  4  5 13  5.217 146.05    -1.6 0     0.0 0     0.4 0     0.2 0   254.3 0   274.40 0   274.08 0   305.5 0   274.72 0   274.68 0     0.0 0     0.0 0     0.0 0   -51.2 0   -51.2 0     1.8 0    81.9 0     2.9 0   147.4 0   933.5 0
 2019   4  1  4  5 14  5.233 146.18    -1.3 0     0.2 0     0.4 0     0.2 0   253.5 0   274.36 0   274.04 0   304.4 0   274.69 0   274.61 0     0.0 0     0.0 0     0.0 0   -50.9 0   -50.9 0     1.6 0    82.6 0     2.7 0   157.2 0   933.6 0
 2019   4  1  4  5 15  5.250 146.31    -1.0 0     0.8 0     0.5 0     0.3 0   253.3 0   274.32 0   273.96 0   303.2 0   274.64 0   274.54 0     0.0 0     0.0 0     0.0 0   -49.9 0   -49.9 0     1.2 0    83.7 0     2.2 0   139.0 0   933.6 0
 2019   4  1  4  5 16  5.267 146.44    -0.9 0     0.8 0     1.1 0     0.4 0   251.7 0   274.26 0   273.82 0   302.5 0   274.58 0   274.44 0     0.0 0     0.0 0     0.0 0   -50.8 0   -50.8 0     0.7 0    84.2 0     1.9 0   109.1 0   933.6 0
 2019   4  1  4  5 17  5.283 146.57    -0.2 0     0.8 0     1.2 0     0.4 0   251.6 0   274.17 0   273.69 0   302.6 0   274.49 0   274.36 0     0.0 0     0.0 0     0.0 0   -51.0 0   -51.0 0     0.2 0    87.3 0     2.6 0   106.0 0   933.6 0
 2019   4  1  4  5 18  5.300 146.69     0.0 0     0.8 0     1.2 0     0.4 0   251.8 0   274.07 0   273.60 0   302.8 0   274.40 0   274.28 0     0.0 0     0.0 0     0.0 0   -51.0 0   -51.0 0     0.0 0    89.1 0     2.9 0   111.9 0   933.6 0
 2019   4  1  4  5 19  5.317 146.82     0.0 0     0.8 0     1.2 0     0.4 0   251.9 0   273.98 0   273.52 0   303.0 0   274.31 0   274.22 0     0.0 0     0.0 0     0.0 0   -51.1 0   -51.1 0     0.0 0    89.9 0     2.9 0   123.0 0   933.6 0
 2019   4  1  4  5 20  5.333 146.94    -0.2 0     0.6 0     1.1 0     0.4 0   253.5 0   273.89 0   273.47 0   303.5 0   274.24 0   274.16 0     0.0 0     0.0 0     0.0 0   -49.9 0   -49.9 0     0.1 0    90.0 0     3.6 0   122.5 0   933.5 0
 2019   4  1  4  5 21  5.350 147.07    -0.7 0     0.0 0     0.8 0     0.4 0   253.1 0   273.82 0   273.43 0   304.0 0   274.17 0   274.10 0     0.0 0     0.0 0     0.0 0   -50.8 0   -50.8 0     0.2 0    89.3 0     3.6 0   124.9 0   933.6 0
 2019   4  1  4  5 22  5.367 147.19    -1.0 0     0.0 0     0.4 0     0.4 0   253.4 0   273.76 0   273.38 0   304.0 0   274.12 0   274.06 0     0.0 0     0.0 0     0.0 0   -50.6 0   -50.6 0     0.4 0    88.6 0     3.5 0   127.0 0   933.6 0
 2019   4  1  4  5 23  5.383 147.32    -1.0 0     0.0 0     0.4 0     0.2 0   254.0 0   273.70 0   273.32 0   303.5 0   274.07 0   274.01 0     0.0 0     0.0 0     0.0 0   -49.6 0   -49.6 0     0.5 0    88.3 0     3.5 0   124.8 0   933.6 0
 2019   4  1  4  5 24  5.400 147.44    -1.0 0     0.0 0     0.4 0     0.2 0   254.5 0   273.64 0   273.26 0   303.5 0   274.02 0   273.97 0     0.0 0     0.0 0     0.0 0   -49.1 0   -49.1 0     0.6 0    88.0 0     3.4 0   125.6 0   933.7 0
 2019   4  1  4  5 25  5.417 147.56    -1.0 0     0.0 0     0.4 0     0.1 0   254.9 0   273.58 0   273.22 0   303.4 0   273.97 0   273.93 0     0.0 0     0.0 0     0.0 0   -48.6 0   -48.6 0     0.6 0    87.8 0     3.6 0   118.3 0   933.6 0
 2019   4  1  4  5 26  5.433 147.68    -1.0 0     0.0 0     0.4 0     0.2 0   254.8 0   273.52 0   273.15 0   303.2 0   273.93 0   273.89 0     0.0 0     0.0 0     0.0 0   -48.3 0   -48.3 0     0.6 0    87.5 0     3.3 0   128.5 0   933.8 0
 2019   4  1  4  5 27  5.450 147.80    -1.0 0     0.0 0     0.4 0     0.0 0   255.4 0   273.47 0   273.12 0   303.1 0   273.89 0   273.86 0     0.0 0     0.0 0     0.0 0   -47.7 0   -47.7 0     0.6 0    87.8 0     3.4 0   119.5 0   933.7 0
 2019   4  1  4  5 28  5.467 147.92    -1.0 0     0.0 0     0.4 0     0.2 0   255.7 0   273.41 0   273.06 0   303.2 0   273.86 0   273.81 0     0.0 0     0.0 0     0.0 0   -47.5 0   -47.5 0     0.6 0    87.5 0     3.7 0   116.4 0   933.6 0
 2019   4  1  4  5 29  5.483 148.04    -1.0 0     0.0 0     0.4 0     0.1 0   255.4 0   273.36 0   273.04 0   303.5 0   273.82 0   273.78 0     0.0 0     0.0 0     0.0 0   -48.1 0   -48.1 0     0.6 0    87.3 0     3.6 0   117.8 0   933.7 0
 2019   4  1  4  5 30  5.500 148.16    -1.0 0     0.0 0     0.4 0     0.0 0   255.6 0   273.32 0   273.01 0   303.1 0   273.78 0   273.72 0     0.0 0     0.0 0     0.0 0   -47.5 0   -47.5 0     0.4 0    87.1 0     3.4 0   115.2 0   933.6 0
 2019   4  1  4  5 31  5.517 148.28    -1.0 0     0.0 0     0.4 0     0.0 0   255.5 0   273.28 0   272.96 0   302.6 0   273.73 0   273.67 0     0.0 0     0.0 0     0.0 0   -47.1 0   -47.1 0     0.2 0    88.5 0     2.6 0   128.1 0   933.7 0
 2019   4  1  4  5 32  5.533 148.39    -1.0 0     0.0 0     0.4 0     0.0 0   256.9 0   273.24 0   272.97 0   302.8 0   273.69 0   273.64 0     0.0 0     0.0 0     0.0 0   -45.9 0   -45.9 0     0.2 0    89.7 0     3.2 0   103.6 0   933.6 0
 2019   4  1  4  5 33  5.550 148.51    -1.0 0     0.0 0     0.4 0     0.0 0   256.5 0   273.21 0   272.93 0   302.6 0   273.65 0   273.59 0     0.0 0     0.0 0     0.0 0   -46.1 0   -46.1 0     0.2 0    88.0 0     2.8 0   117.4 0   933.7 0
 2019   4  1  4  5 34  5.567 148.62    -1.0 0     0.0 0     0.3 0     0.0 0   257.8 0   273.17 0   272.91 0   303.5 0   273.60 0   273.56 0     0.0 0     0.0 0     0.0 0   -45.7 0   -45.7 0     0.2 0    89.6 0     4.0 0    95.5 0   933.5 0
 2019   4  1  4  5 35  5.583 148.74    -1.2 0     0.0 0     0.1 0     0.0 0   257.9 0   273.15 0   272.91 0   304.1 0   273.57 0   273.53 0     0.0 0     0.0 0     0.0 0   -46.2 0   -46.2 0     0.3 0    88.4 0     3.9 0    95.8 0   933.5 0
 2019   4  1  4  5 36  5.600 148.85    -1.5 0     0.0 0     0.0 0     0.0 0   258.1 0   273.13 0   272.90 0   303.7 0   273.53 0   273.48 0     0.0 0     0.0 0     0.0 0   -45.6 0   -45.6 0     0.1 0    88.3 0     2.8 0   108.0 0   933.5 0
 2019   4  1  4  5 37  5.617 148.96    -1.6 0     0.0 0    -0.2 0     0.0 0   258.8 0   273.12 0   272.94 0   304.2 0   273.50 0   273.47 0     0.0 0     0.0 0     0.0 0   -45.4 0   -45.4 0     0.2 0    89.6 0     2.6 0   115.0 0   933.6 0
 2019   4  1  4  5 38  5.633 149.07    -2.0 0     0.0 0    -0.4 0     0.0 0   259.2 0   273.13 0   272.97 0   304.1 0   273.47 0   273.45 0     0.0 0     0.0 0     0.0 0   -44.9 0   -44.9 0     0.2 0    88.7 0     2.3 0   105.5 0   933.5 0
 2019   4  1  4  5 39  5.650 149.18    -2.0 0     0.0 0    -0.4 0     0.0 0   259.1 0   273.15 0   273.00 0   304.2 0   273.45 0   273.43 0     0.0 0     0.0 0     0.0 0   -45.0 0   -45.0 0     0.3 0    89.1 0     1.8 0   106.4 0   933.6 0
 2019   4  1  4  5 40  5.667 149.29    -2.0 0     0.0 0    -0.2 0     0.0 0   259.0 0   273.15 0   272.99 0   303.6 0   273.43 0   273.40 0     0.0 0     0.0 0     0.0 0   -44.7 0   -44.7 0     0.2 0    88.5 0     2.0 0    87.3 0   933.5 0
 2019   4  1  4  5 41  5.683 149.40    -2.0 0     0.0 0     0.0 0     0.0 0   258.9 0   273.15 0   272.98 0   302.8 0   273.40 0   273.38 0     0.0 0     0.0 0     0.0 0   -43.9 0   -43.9 0     0.2 0    88.4 0     1.5 0   103.2 0   933.6 0
 2019   4  1  4  5 42  5.700 149.51    -1.9 0     0.0 0     0.0 0     0.0 0   259.7 0   273.16 0   273.00 0   302.9 0   273.38 0   273.35 0     0.0 0     0.0 0     0.0 0   -43.2 0   -43.2 0     0.2 0    89.1 0     2.1 0    99.9 0   933.5 0
 2019   4  1  4  5 43  5.717 149.62    -1.9 0     0.0 0     0.0 0     0.0 0   259.9 0   273.17 0   273.00 0   303.1 0   273.36 0   273.34 0     0.0 0     0.0 0     0.0 0   -43.2 0   -43.2 0     0.2 0    88.9 0     2.0 0   111.9 0   933.5 0
 2019   4  1  4  5 44  5.733 149.73    -2.0 0    -0.1 0     0.0 0     0.0 0   260.4 0   273.18 0   273.02 0   303.5 0   273.34 0   273.31 0     0.0 0     0.0 0     0.0 0   -43.1 0   -43.1 0     0.2 0    89.0 0     2.0 0   115.2 0   933.6 0
 2019   4  1  4  5 45  5.750 149.83    -2.0 0     0.0 0    -0.4 0     0.0 0   260.4 0   273.20 0   273.04 0   303.5 0   273.32 0   273.29 0     0.0 0     0.0 0     0.0 0   -43.2 0   -43.2 0     0.1 0    89.1 0     2.2 0   128.4 0   933.6 0
 2019   4  1  4  5 46  5.767 149.94    -2.0 0     0.0 0    -0.2 0     0.0 0   260.3 0   273.21 0   273.05 0   303.5 0   273.29 0   273.26 0     0.0 0     0.0 0     0.0 0   -43.1 0   -43.1 0     0.1 0    89.1 0     1.8 0   116.9 0   933.5 0
 2019   4  1  4  5 47  5.783 150.04    -2.0 0     0.0 0    -0.1 0     0.0 0   260.0 0   273.22 0   273.05 0   303.6 0   273.27 0   273.25 0     0.0 0     0.0 0     0.0 0   -43.6 0   -43.6 0     0.1 0    89.7 0     2.5 0   130.9 0   933.5 0
 2019   4  1  4  5 48  5.800 150.14    -2.0 0     0.0 0     0.0 0     0.0 0   259.6 0   273.24 0   273.05 0   303.2 0   273.25 0   273.24 0     0.0 0     0.0 0     0.0 0   -43.6 0   -43.6 0     0.1 0    89.3 0     2.0 0   133.3 0   933.5 0
 2019   4  1  4  5 49  5.817 150.24    -2.0 0     0.0 0     0.0 0     0.0 0   259.4 0   273.24 0   273.05 0   302.8 0   273.24 0   273.21 0     0.0 0     0.0 0     0.0 0   -43.4 0   -43.4 0     0.1 0    89.0 0     1.4 0   134.7 0   933.5 0
 2019   4  1  4  5 50  5.833 150.34    -2.0 0     0.0 0     0.0 0     0.0 0   258.7 0   273.25 0   273.05 0   303.0 0   273.21 0   273.17 0     0.0 0     0.0 0     0.0 0   -44.3 0   -44.3 0     0.0 0    89.3 0     2.1 0   110.5 0   933.4 0
 2019   4  1  4  5 51  5.850 150.44    -1.9 0     0.0 0     0.1 0     0.0 0   258.4 0   273.25 0   273.03 0   302.8 0   273.18 0   273.15 0     0.0 0     0.0 0     0.0 0   -44.4 0   -44.4 0    -0.1 0    89.8 0     1.8 0   109.5 0   933.4 0
 2019   4  1  4  5 52  5.867 150.54    -1.6 0     0.0 0     0.4 0     0.0 0   258.0 0   273.24 0   273.01 0   302.3 0   273.15 0   273.11 0     0.0 0     0.0 0     0.0 0   -44.4 0   -44.4 0    -0.2 0    90.1 0     1.5 0   119.4 0   933.5 0
 2019   4  1  4  5 53  5.883 150.64    -1.5 0     0.0 0     0.4 0     0.0 0   257.6 0   273.23 0   273.00 0   303.0 0   273.12 0   273.08 0     0.0 0     0.0 0     0.0 0   -45.4 0   -45.4 0    -0.2 0    90.3 0     1.8 0   103.0 0   933.4 0
 2019   4  1  4  5 54  5.900 150.74    -1.5 0     0.0 0     0.2 0     0.0 0   256.7 0   273.22 0   272.99 0   303.2 0   273.10 0   273.07 0     0.0 0     0.0 0     0.0 0   -46.6 0   -46.6 0    -0.2 0    90.9 0     2.4 0   124.3 0   933.5 0
 2019   4  1  4  5 55  5.917 150.83    -1.5 0     0.0 0     0.4 0     0.0 0   256.5 0   273.20 0   272.95 0   302.7 0   273.07 0   273.04 0     0.0 0     0.0 0     0.0 0   -46.2 0   -46.2 0    -0.2 0    90.1 0     2.0 0   111.6 0   933.4 0
 2019   4  1  4  5 56  5.933 150.93    -1.5 0     0.0 0     0.4 0     0.0 0   256.0 0   273.20 0   272.95 0   303.2 0   273.05 0   273.02 0     0.0 0     0.0 0     0.0 0   -47.1 0   -47.1 0    -0.2 0    90.8 0     2.5 0   127.5 0   933.4 0
 2019   4  1  4  5 57  5.950 151.02    -1.8 0    -0.2 0     0.1 0     0.0 0   256.5 0   273.18 0   272.99 0   303.7 0   273.03 0   273.03 0     0.0 0     0.0 0     0.0 0   -47.2 0   -47.2 0    -0.1 0    91.3 0     2.5 0   128.8 0   933.4 0
 2019   4  1  4  5 58  5.967 151.11    -2.0 0    -0.3 0    -0.3 0     0.0 0   257.6 0   273.19 0   273.00 0   304.1 0   273.03 0   273.03 0     0.0 0     0.0 0     0.0 0   -46.5 0   -46.5 0     0.0 0    90.0 0     3.7 0   125.8 0   933.3 0
 2019   4  1  4  5 59  5.983 151.21    -2.0 0    -0.3 0    -0.4 0     0.0 0   255.9 0   273.20 0   273.02 0   304.1 0   273.01 0   273.02 0     0.0 0     0.0 0     0.0 0   -48.1 0   -48.1 0     0.1 0    89.4 0     2.4 0   131.6 0   933.4 0
 2019   4  1  4  6  0  6.000 151.30    -2.0 0     0.0 0    -0.3 0     0.0 0   255.7 0   273.21 0   273.03 0   303.9 0   273.00 0   273.01 0     0.0 0     0.0 0     0.0 0   -48.2 0   -48.2 0     0.1 0    89.5 0     2.4 0   137.6 0   933.4 0
 2019   4  1  4  6  1  6.017 151.39    -2.0 0     0.0 0     0.0 0     0.0 0   255.7 0   273.22 0   273.03 0   303.5 0   273.00 0   273.00 0     0.0 0     0.0 0     0.0 0   -47.9 0   -47.9 0     0.1 0    89.8 0     3.1 0   141.0 0   933.3 0
 2019   4  1  4  6  2  6.033 151.48    -2.0 0     0.0 0     0.0 0     0.0 0   254.9 0   273.22 0   273.01 0   303.4 0   273.00 0   272.99 0     0.0 0     0.0 0     0.0 0   -48.4 0   -48.4 0     0.1 0    89.4 0     2.8 0   152.1 0   933.4 0
 2019   4  1  4  6  3  6.050 151.56    -2.0 0     0.0 0     0.3 0     0.0 0   254.9 0   273.22 0   273.00 0   302.6 0   272.98 0   272.96 0     0.0 0     0.0 0     0.0 0   -47.7 0   -47.7 0     0.0 0    90.0 0     3.0 0   148.1 0   933.5 0
 2019   4  1  4  6  4  6.067 151.65    -1.9 0     0.0 0     0.2 0     0.0 0   254.6 0   273.22 0   273.00 0   302.6 0   272.98 0   272.97 0     0.0 0     0.0 0     0.0 0   -48.0 0   -48.0 0     0.1 0    89.6 0     2.9 0   155.3 0   933.5 0
 2019   4  1  4  6  5  6.083 151.73    -2.0 0     0.0 0     0.4 0     0.0 0   254.4 0   273.22 0   273.00 0   302.3 0   272.96 0   272.95 0     0.0 0     0.0 0     0.0 0   -47.9 0   -47.9 0     0.1 0    89.8 0     3.0 0   161.4 0   933.5 0
 2019   4  1  4  6  6  6.100 151.82    -1.8 0     0.0 0     0.4 0     0.1 0   254.8 0   273.22 0   272.96 0   302.8 0   272.95 0   272.96 0     0.0 0     0.0 0     0.0 0   -47.9 0   -47.9 0     0.2 0    90.1 0     4.0 0   145.4 0   933.5 0
 2019   4  1  4  6  7  6.117 151.90    -1.6 0    -0.4 0     0.3 0     0.0 0   255.0 0   273.20 0   272.99 0   302.7 0   272.95 0   272.98 0     0.0 0     0.0 0     0.0 0   -47.7 0   -47.7 0     0.3 0    89.0 0     3.2 0   143.9 0   933.4 0
 2019   4  1  4  6  8  6.133 151.98    -2.0 0     0.0 0     0.2 0     0.0 0   254.8 0   273.20 0   272.98 0   302.8 0   272.95 0   272.96 0     0.0 0     0.0 0     0.0 0   -48.1 0   -48.1 0     0.2 0    88.3 0     3.0 0   167.0 0   933.6 0
 2019   4  1  4  6  9  6.150 152.06    -2.0 0     0.0 0     0.2 0     0.0 0   257.1 0   273.20 0   272.96 0   303.6 0   272.95 0   272.96 0     0.0 0     0.0 0     0.0 0   -46.5 0   -46.5 0     0.2 0    89.7 0     3.8 0   146.3 0   933.4 0
 2019   4  1  4  6 10  6.167 152.14    -2.0 0    -0.2 0     0.0 0     0.0 0   256.8 0   273.20 0   272.99 0   303.6 0   272.95 0   272.97 0     0.0 0     0.0 0     0.0 0   -46.8 0   -46.8 0     0.3 0    88.5 0     4.2 0   145.5 0   933.3 0
 2019   4  1  4  6 11  6.183 152.22    -2.0 0     0.0 0     0.0 0     0.0 0   256.6 0   273.20 0   272.98 0   303.8 0   272.95 0   272.98 0     0.0 0     0.0 0     0.0 0   -47.2 0   -47.2 0     0.3 0    88.8 0     4.6 0   157.6 0   933.5 0
 2019   4  1  4  6 12  6.200 152.30    -2.0 0    -0.6 0    -0.1 0     0.0 0   257.8 0   273.20 0   273.01 0   304.5 0   272.97 0   273.02 0     0.0 0     0.0 0     0.0 0   -46.6 0   -46.6 0     0.4 0    88.8 0     4.8 0   150.0 0   933.4 0
 2019   4  1  4  6 13  6.217 152.37    -2.0 0    -0.8 0    -0.4 0     0.0 0   257.7 0   273.21 0   273.05 0   304.9 0   273.00 0   273.06 0     0.0 0     0.0 0     0.0 0   -47.2 0   -47.2 0     0.6 0    87.5 0     4.6 0   148.1 0   933.5 0
 2019   4  1  4  6 14  6.233 152.45    -2.4 0    -1.4 0    -1.0 0     0.0 0   259.3 0   273.24 0   273.19 0   307.7 0   273.06 0   273.23 0     0.0 0     0.0 0     0.0 0   -48.3 0   -48.3 0     1.1 0    86.2 0     4.7 0   162.2 0   933.5 0
 2019   4  1  4  6 15  6.250 152.52    -2.7 0    -1.3 0    -0.7 0     0.0 0   257.5 0   273.29 0   273.19 0   306.0 0   273.15 0   273.22 0     0.0 0     0.0 0     0.0 0   -48.5 0   -48.5 0     1.2 0    84.1 0     4.7 0   153.5 0   933.6 0
 2019   4  1  4  6 16  6.267 152.59    -2.1 0    -0.8 0    -0.4 0     0.0 0   257.4 0   273.33 0   273.17 0   305.6 0   273.19 0   273.24 0     0.0 0     0.0 0     0.0 0   -48.1 0   -48.1 0     1.0 0    86.0 0     4.9 0   150.8 0   933.6 0
 2019   4  1  4  6 17  6.283 152.66    -2.0 0    -0.8 0    -0.4 0     0.0 0   257.3 0   273.36 0   273.20 0   305.6 0   273.23 0   273.27 0     0.0 0     0.0 0     0.0 0   -48.3 0   -48.3 0     1.0 0    85.7 0     4.7 0   145.4 0   933.6 0
 2019   4  1  4  6 18  6.300 152.73    -2.0 0    -0.8 0    -0.1 0     0.0 0   257.5 0   273.38 0   273.19 0   305.1 0   273.25 0   273.28 0     0.0 0     0.0 0     0.0 0   -47.6 0   -47.6 0     0.9 0    86.1 0     4.3 0   144.9 0   933.6 0
 2019   4  1  4  6 19  6.317 152.80    -2.0 0    -0.5 0     0.0 0     0.0 0   257.9 0   273.39 0   273.21 0   305.0 0   273.27 0   273.29 0     0.0 0     0.0 0     0.0 0   -47.1 0   -47.1 0     0.8 0    86.6 0     4.4 0   144.5 0   933.5 0
 2019   4  1  4  6 20  6.333 152.87    -2.0 0    -0.7 0    -0.1 0     0.0 0   259.4 0   273.41 0   273.22 0   305.9 0   273.29 0   273.34 0     0.0 0     0.0 0     0.0 0   -46.5 0   -46.5 0     1.0 0    87.0 0     4.5 0   138.5 0   933.5 0
 2019   4  1  4  6 21  6.350 152.93    -2.0 0    -1.5 0    -0.4 0     0.0 0   259.8 0   273.43 0   273.29 0   306.4 0   273.34 0   273.41 0     0.0 0     0.0 0     0.0 0   -46.6 0   -46.6 0     1.2 0    85.0 0     4.1 0   134.8 0   933.5 0
 2019   4  1  4  6 22  6.367 153.00    -2.4 0    -0.8 0    -0.4 0     0.0 0   260.5 0   273.47 0   273.35 0   306.4 0   273.38 0   273.45 0     0.0 0     0.0 0     0.0 0   -45.9 0   -45.9 0     1.3 0    84.5 0     3.1 0   134.0 0   933.4 0
 2019   4  1  4  6 23  6.383 153.06    -2.4 0    -0.8 0    -0.4 0     0.0 0   260.9 0   273.50 0   273.38 0   306.4 0   273.43 0   273.48 0     0.0 0     0.0 0     0.0 0   -45.4 0   -45.4 0     1.4 0    84.0 0     2.8 0   150.9 0   933.4 0
 2019   4  1  4  6 24  6.400 153.12    -2.6 0    -0.9 0    -0.5 0     0.0 0   262.3 0   273.54 0   273.48 0   307.4 0   273.47 0   273.58 0     0.0 0     0.0 0     0.0 0   -45.1 0   -45.1 0     1.6 0    83.2 0     3.3 0   151.8 0   933.5 0
 2019   4  1  4  6 25  6.417 153.18    -2.4 0    -0.7 0    -0.4 0     0.0 0   262.0 0   273.59 0   273.46 0   306.2 0   273.53 0   273.56 0     0.0 0     0.0 0     0.0 0   -44.2 0   -44.2 0     1.5 0    82.2 0     3.3 0   148.4 0   933.4 0
 2019   4  1  4  6 26  6.433 153.24    -2.0 0    -0.4 0    -0.4 0     0.0 0   263.1 0   273.62 0   273.45 0   306.2 0   273.55 0   273.58 0     0.0 0     0.0 0     0.0 0   -43.1 0   -43.1 0     1.3 0    84.2 0     4.0 0   151.2 0   933.4 0
 2019   4  1  4  6 27  6.450 153.30    -2.5 0    -0.8 0    -0.4 0     0.0 0   264.7 0   273.65 0   273.61 0   308.6 0   273.58 0   273.72 0     0.0 0     0.0 0     0.0 0   -43.9 0   -43.9 0     1.5 0    84.3 0     2.7 0   174.2 0   933.4 0
 2019   4  1  4  6 28  6.467 153.36    -2.8 0    -0.8 0    -0.4 0     0.0 0   263.6 0   273.71 0   273.60 0   306.6 0   273.64 0   273.70 0     0.0 0     0.0 0     0.0 0   -42.9 0   -42.9 0     1.6 0    81.9 0     3.3 0   155.7 0   933.5 0
 2019   4  1  4  6 29  6.483 153.41    -2.0 0    -0.5 0    -0.3 0     0.0 0   264.6 0   273.74 0   273.58 0   306.5 0   273.67 0   273.71 0     0.0 0     0.0 0     0.0 0   -41.9 0   -41.9 0     1.5 0    83.3 0     3.2 0   152.7 0   933.5 0
 2019   4  1  4  6 30  6.500 153.47    -2.0 0    -0.3 0     0.0 0     0.0 0   264.7 0   273.77 0   273.60 0   306.3 0   273.69 0   273.73 0     0.0 0     0.0 0     0.0 0   -41.5 0   -41.5 0     1.4 0    83.3 0     3.7 0   152.5 0   933.4 0
 2019   4  1  4  6 31  6.517 153.52    -2.0 0     0.0 0     0.0 0     0.0 0   264.4 0   273.79 0   273.62 0   306.1 0   273.71 0   273.73 0     0.0 0     0.0 0     0.0 0   -41.7 0   -41.7 0     1.3 0    83.7 0     3.6 0   153.0 0   933.3 0
 2019   4  1  4  6 32  6.533 153.57    -2.0 0     0.0 0     0.1 0     0.0 0   264.0 0   273.81 0   273.61 0   306.0 0   273.73 0   273.73 0     0.0 0     0.0 0     0.0 0   -41.9 0   -41.9 0     1.2 0    84.0 0     3.2 0   161.5 0   933.3 0
 2019   4  1  4  6 33  6.550 153.62    -2.0 0     0.0 0     0.4 0     0.0 0   264.4 0   273.83 0   273.59 0   305.8 0   273.73 0   273.73 0     0.0 0     0.0 0     0.0 0   -41.3 0   -41.3 0     1.2 0    84.3 0     3.1 0   149.4 0   933.3 0
 2019   4  1  4  6 34  6.567 153.67    -2.0 0     0.0 0     0.4 0     0.0 0   263.8 0   273.83 0   273.62 0   305.3 0   273.73 0   273.73 0     0.0 0     0.0 0     0.0 0   -41.4 0   -41.4 0     1.2 0    83.7 0     2.9 0   142.3 0   933.3 0
 2019   4  1  4  6 35  6.583 153.72    -2.0 0     0.0 0     0.4 0     0.0 0   263.3 0   273.83 0   273.60 0   304.8 0   273.73 0   273.70 0     0.0 0     0.0 0     0.0 0   -41.5 0   -41.5 0     1.0 0    84.5 0     3.1 0   138.2 0   933.3 0
 2019   4  1  4  6 36  6.600 153.76    -1.9 0     0.0 0     0.4 0     0.0 0   262.4 0   273.83 0   273.58 0   304.5 0   273.72 0   273.68 0     0.0 0     0.0 0     0.0 0   -42.1 0   -42.1 0     0.9 0    85.1 0     2.9 0   143.9 0   933.4 0
 2019   4  1  4  6 37  6.617 153.80    -1.8 0     0.0 0     0.4 0     0.0 0   261.9 0   273.81 0   273.57 0   304.3 0   273.70 0   273.67 0     0.0 0     0.0 0     0.0 0   -42.4 0   -42.4 0     0.8 0    85.8 0     2.2 0   143.3 0   933.4 0
 2019   4  1  4  6 38  6.633 153.85    -1.7 0     0.0 0     0.4 0     0.0 0   261.3 0   273.80 0   273.56 0   303.9 0   273.68 0   273.64 0     0.0 0     0.0 0     0.0 0   -42.6 0   -42.6 0     0.6 0    86.0 0     2.7 0   142.1 0   933.3 0
 2019   4  1  4  6 39  6.650 153.89    -1.5 0     0.0 0     0.4 0     0.0 0   261.4 0   273.79 0   273.53 0   303.8 0   273.65 0   273.61 0     0.0 0     0.0 0     0.0 0   -42.4 0   -42.4 0     0.6 0    86.5 0     3.0 0   142.3 0   933.3 0
 2019   4  1  4  6 40  6.667 153.93    -1.4 0     0.0 0     0.4 0     0.1 0   261.6 0   273.78 0   273.48 0   304.2 0   273.63 0   273.59 0     0.0 0     0.0 0     0.0 0   -42.6 0   -42.6 0     0.6 0    87.0 0     3.5 0   142.8 0   933.3 0
 2019   4  1  4  6 41  6.683 153.97    -1.0 0     0.0 0     0.4 0     0.3 0   260.5 0   273.75 0   273.44 0   303.7 0   273.60 0   273.55 0     0.0 0     0.0 0     0.0 0   -43.2 0   -43.2 0     0.6 0    85.8 0     4.0 0   140.9 0   933.3 0
 2019   4  1  4  6 42  6.700 154.00    -1.0 0     0.7 0     0.4 0     0.3 0   259.8 0   273.72 0   273.39 0   303.4 0   273.56 0   273.50 0     0.0 0     0.0 0     0.0 0   -43.6 0   -43.6 0     0.3 0    87.3 0     4.0 0   137.7 0   933.3 0
 2019   4  1  4  6 43  6.717 154.04    -1.0 0     0.8 0     0.5 0     0.4 0   259.4 0   273.68 0   273.34 0   303.5 0   273.51 0   273.45 0     0.0 0     0.0 0     0.0 0   -44.1 0   -44.1 0     0.1 0    88.2 0     4.0 0   128.1 0   933.4 0
 2019   4  1  4  6 44  6.733 154.07    -1.0 0     0.8 0     0.6 0     0.4 0   258.4 0   273.64 0   273.30 0   303.0 0   273.46 0   273.38 0     0.0 0     0.0 0     0.0 0   -44.7 0   -44.7 0    -0.1 0    88.4 0     2.9 0   128.2 0   933.4 0
 2019   4  1  4  6 45  6.750 154.10    -1.0 0     0.8 0     0.5 0     0.3 0   258.3 0   273.60 0   273.26 0   302.4 0   273.40 0   273.31 0     0.0 0     0.0 0     0.0 0   -44.1 0   -44.1 0    -0.3 0    89.9 0     3.1 0   121.3 0   933.4 0
 2019   4  1  4  6 46  6.767 154.13    -1.0 0     0.7 0     0.6 0     0.3 0   257.9 0   273.55 0   273.21 0   302.2 0   273.34 0   273.26 0     0.0 0     0.0 0     0.0 0   -44.3 0   -44.3 0    -0.4 0    90.6 0     3.0 0   117.9 0   933.4 0
 2019   4  1  4  6 47  6.783 154.16    -1.0 0     0.4 0     0.4 0     0.2 0   257.6 0   273.50 0   273.17 0   301.7 0   273.28 0   273.20 0     0.0 0     0.0 0     0.0 0   -44.2 0   -44.2 0    -0.5 0    90.8 0     2.6 0   112.7 0   933.5 0
 2019   4  1  4  6 48  6.800 154.19    -1.0 0     0.0 0     0.4 0     0.2 0   257.1 0   273.45 0   273.11 0   301.6 0   273.23 0   273.15 0     0.0 0     0.0 0     0.0 0   -44.6 0   -44.6 0    -0.6 0    91.7 0     3.0 0   112.1 0   933.4 0
 2019   4  1  4  6 49  6.817 154.22    -1.0 0     0.0 0     0.6 0     0.3 0   256.9 0   273.39 0   273.04 0   301.5 0   273.17 0   273.11 0     0.0 0     0.0 0     0.0 0   -44.7 0   -44.7 0    -0.6 0    91.7 0     3.1 0   116.0 0   933.4 0
 2019   4  1  4  6 50  6.833 154.24    -1.0 0     0.0 0     0.7 0     0.4 0   257.5 0   273.32 0   272.97 0   302.1 0   273.13 0   273.09 0     0.0 0     0.0 0     0.0 0   -44.7 0   -44.7 0    -0.4 0    93.0 0     3.5 0   123.1 0   933.4 0
 2019   4  1  4  6 51  6.850 154.27    -1.0 0    -0.3 0     0.4 0     0.1 0   257.9 0   273.27 0   272.96 0   302.6 0   273.10 0   273.11 0     0.0 0     0.0 0     0.0 0   -44.7 0   -44.7 0     0.0 0    91.2 0     3.2 0   129.5 0   933.3 0
 2019   4  1  4  6 52  6.867 154.29    -1.0 0    -0.8 0     0.4 0     0.0 0   257.5 0   273.23 0   272.94 0   302.9 0   273.10 0   273.12 0     0.0 0     0.0 0     0.0 0   -45.4 0   -45.4 0     0.4 0    88.1 0     3.4 0   124.8 0   933.3 0
 2019   4  1  4  6 53  6.883 154.31    -1.0 0    -0.8 0     0.4 0     0.0 0   256.9 0   273.19 0   272.91 0   302.5 0   273.10 0   273.11 0     0.0 0     0.0 0     0.0 0   -45.7 0   -45.7 0     0.5 0    87.9 0     3.4 0   120.8 0   933.3 0
 2019   4  1  4  6 54  6.900 154.33    -1.0 0    -0.6 0     0.2 0     0.0 0   257.2 0   273.16 0   272.93 0   302.8 0   273.10 0   273.10 0     0.0 0     0.0 0     0.0 0   -45.6 0   -45.6 0     0.5 0    87.7 0     2.7 0   126.4 0   933.4 0
 2019   4  1  4  6 55  6.917 154.34    -1.0 0    -0.7 0     0.0 0     0.0 0   257.2 0   273.15 0   272.93 0   303.2 0   273.10 0   273.12 0     0.0 0     0.0 0     0.0 0   -46.1 0   -46.1 0     0.6 0    87.4 0     2.5 0   121.2 0   933.4 0
 2019   4  1  4  6 56  6.933 154.36    -1.0 0    -0.3 0     0.0 0     0.0 0   256.9 0   273.14 0   272.93 0   303.0 0   273.10 0   273.10 0     0.0 0     0.0 0     0.0 0   -46.1 0   -46.1 0     0.6 0    86.8 0     2.6 0   123.5 0   933.4 0
 2019   4  1  4  6 57  6.950 154.37    -1.0 0    -0.4 0     0.0 0     0.0 0   256.8 0   273.12 0   272.91 0   303.2 0   273.10 0   273.12 0     0.0 0     0.0 0     0.0 0   -46.3 0   -46.3 0     0.6 0    87.7 0     3.0 0   119.5 0   933.5 0
 2019   4  1  4  6 58  6.967 154.39    -1.5 0    -0.8 0     0.0 0     0.0 0   257.0 0   273.12 0   272.93 0   303.5 0   273.11 0   273.14 0     0.0 0     0.0 0     0.0 0   -46.5 0   -46.5 0     0.7 0    87.1 0     3.2 0   113.0 0   933.4 0
 2019   4  1  4  6 59  6.983 154.40    -1.5 0    -0.6 0     0.0 0     0.0 0   256.4 0   273.12 0   272.92 0   302.8 0   273.12 0   273.13 0     0.0 0     0.0 0     0.0 0   -46.4 0   -46.4 0     0.7 0    86.0 0     2.3 0   118.7 0   933.5 0
 2019   4  1  4  7  0  7.000 154.41    -1.5 0    -0.1 0     0.0 0     0.0 0   256.3 0   273.11 0   272.91 0   302.7 0   273.12 0   273.12 0     0.0 0     0.0 0     0.0 0   -46.4 0   -46.4 0     0.6 0    87.8 0     3.1 0   122.0 0   933.5 0
 2019   4  1  4  7  1  7.017 154.41    -1.6 0    -0.6 0     0.0 0     0.0 0   256.3 0   273.11 0   272.93 0   302.6 0   273.12 0   273.14 0     0.0 0     0.0 0     0.0 0   -46.3 0   -46.3 0     0.7 0    87.1 0     2.8 0   124.5 0   933.5 0
 2019   4  1  4  7  2  7.033 154.42    -2.0 0    -0.7 0     0.0 0     0.0 0   256.6 0   273.12 0   272.95 0   302.8 0   273.14 0   273.15 0     0.0 0     0.0 0     0.0 0   -46.2 0   -46.2 0     0.8 0    86.5 0     2.9 0   119.0 0   933.4 0
 2019   4  1  4  7  3  7.050 154.42    -2.0 0    -0.5 0     0.0 0     0.0 0   256.8 0   273.13 0   272.96 0   302.8 0   273.15 0   273.15 0     0.0 0     0.0 0     0.0 0   -46.1 0   -46.1 0     0.7 0    87.0 0     3.1 0   126.5 0   933.5 0
 2019   4  1  4  7  4  7.067 154.43    -2.0 0    -0.8 0    -0.2 0     0.0 0   257.5 0   273.15 0   272.99 0   303.5 0   273.15 0   273.18 0     0.0 0     0.0 0     0.0 0   -45.9 0   -45.9 0     0.8 0    86.9 0     3.4 0   124.6 0   933.4 0
 2019   4  1  4  7  5  7.083 154.43    -2.0 0    -0.8 0    -0.4 0     0.0 0   257.6 0   273.16 0   273.03 0   303.9 0   273.17 0   273.20 0     0.0 0     0.0 0     0.0 0   -46.3 0   -46.3 0     0.8 0    86.1 0     2.9 0   148.2 0   933.5 0
 2019   4  1  4  7  6  7.100 154.43    -2.2 0    -0.8 0    -0.4 0     0.0 0   258.6 0   273.19 0   273.11 0   305.2 0   273.19 0   273.24 0     0.0 0     0.0 0     0.0 0   -46.6 0   -46.6 0     0.8 0    86.6 0     4.1 0   136.9 0   933.4 0
 2019   4  1  4  7  7  7.117 154.43    -2.4 0    -0.8 0    -0.4 0     0.0 0   259.2 0   273.24 0   273.15 0   305.2 0   273.22 0   273.24 0     0.0 0     0.0 0     0.0 0   -46.0 0   -46.0 0     0.8 0    86.1 0     3.7 0   144.5 0   933.5 0
 2019   4  1  4  7  8  7.133 154.43    -2.4 0    -0.8 0    -0.4 0     0.0 0   259.8 0   273.28 0   273.18 0   305.5 0   273.25 0   273.27 0     0.0 0     0.0 0     0.0 0   -45.8 0   -45.8 0     0.8 0    86.5 0     4.2 0   136.9 0   933.4 0
 2019   4  1  4  7  9  7.150 154.42    -2.3 0    -0.3 0    -0.4 0     0.0 0   260.2 0   273.32 0   273.20 0   304.8 0   273.25 0   273.26 0     0.0 0     0.0 0     0.0 0   -44.6 0   -44.6 0     0.7 0    86.7 0     2.9 0   138.0 0   933.3 0
 2019   4  1  4  7 10  7.167 154.41    -2.2 0    -0.7 0    -0.4 0     0.0 0   261.0 0   273.35 0   273.22 0   305.7 0   273.27 0   273.31 0     0.0 0     0.0 0     0.0 0   -44.7 0   -44.7 0     0.7 0    87.0 0     4.9 0   145.1 0   933.3 0
 2019   4  1  4  7 11  7.183 154.41    -2.0 0    -0.8 0    -0.2 0     0.0 0   261.4 0   273.38 0   273.21 0   305.3 0   273.29 0   273.32 0     0.0 0     0.0 0     0.0 0   -43.8 0   -43.8 0     0.8 0    86.3 0     4.7 0   142.8 0   933.3 0
 2019   4  1  4  7 12  7.200 154.40    -2.0 0    -0.7 0     0.0 0     0.1 0   262.0 0   273.39 0   273.22 0   305.4 0   273.32 0   273.34 0     0.0 0     0.0 0     0.0 0   -43.5 0   -43.5 0     0.7 0    86.6 0     5.0 0   146.7 0   933.4 0
 2019   4  1  4  7 13  7.217 154.39    -2.0 0    -0.8 0     0.0 0     0.0 0   262.1 0   273.42 0   273.25 0   305.6 0   273.34 0   273.37 0     0.0 0     0.0 0     0.0 0   -43.5 0   -43.5 0     0.8 0    86.0 0     4.6 0   140.2 0   933.4 0
 2019   4  1  4  7 14  7.233 154.37    -2.0 0    -0.4 0     0.0 0     0.0 0   262.8 0   273.44 0   273.25 0   304.9 0   273.34 0   273.35 0     0.0 0     0.0 0     0.0 0   -42.1 0   -42.1 0     0.7 0    86.4 0     4.0 0   132.0 0   933.4 0
 2019   4  1  4  7 15  7.250 154.36    -2.0 0     0.0 0     0.0 0     0.0 0   263.4 0   273.44 0   273.25 0   304.3 0   273.34 0   273.34 0     0.0 0     0.0 0     0.0 0   -40.9 0   -40.9 0     0.5 0    87.3 0     3.6 0   128.5 0   933.4 0
 2019   4  1  4  7 16  7.267 154.35    -2.0 0     0.0 0     0.1 0     0.0 0   264.8 0   273.46 0   273.25 0   304.5 0   273.34 0   273.32 0     0.0 0     0.0 0     0.0 0   -39.7 0   -39.7 0     0.4 0    87.9 0     3.5 0   125.8 0   933.5 0
 2019   4  1  4  7 17  7.283 154.33    -2.0 0     0.0 0     0.3 0     0.0 0   266.1 0   273.46 0   273.25 0   304.5 0   273.34 0   273.32 0     0.0 0     0.0 0     0.0 0   -38.4 0   -38.4 0     0.4 0    88.3 0     3.0 0   121.9 0   933.4 0
 2019   4  1  4  7 18  7.300 154.31    -2.0 0     0.0 0     0.4 0     0.0 0   267.2 0   273.46 0   273.25 0   304.4 0   273.34 0   273.33 0     0.0 0     0.0 0     0.0 0   -37.2 0   -37.2 0     0.6 0    87.5 0     2.9 0   120.3 0   933.5 0
 2019   4  1  4  7 19  7.317 154.29    -1.7 0     0.0 0     0.4 0     0.1 0   267.8 0   273.45 0   273.21 0   304.0 0   273.33 0   273.32 0     0.0 0     0.0 0     0.0 0   -36.2 0   -36.2 0     0.5 0    87.6 0     3.3 0   124.3 0   933.5 0
 2019   4  1  4  7 20  7.333 154.27    -1.4 0     0.0 0     0.4 0     0.0 0   269.0 0   273.44 0   273.20 0   304.0 0   273.32 0   273.32 0     0.0 0     0.0 0     0.0 0   -35.0 0   -35.0 0     0.5 0    87.9 0     3.5 0   128.2 0   933.5 0
 2019   4  1  4  7 21  7.350 154.25    -1.3 0    -0.1 0     0.4 0     0.1 0   270.0 0   273.43 0   273.18 0   304.2 0   273.32 0   273.32 0     0.0 0     0.0 0     0.0 0   -34.2 0   -34.2 0     0.5 0    88.0 0     3.7 0   133.8 0   933.5 0
 2019   4  1  4  7 22  7.367 154.22    -1.6 0    -0.8 0     0.1 0     0.0 0   271.3 0   273.42 0   273.22 0   305.1 0   273.32 0   273.34 0     0.0 0     0.0 0     0.0 0   -33.8 0   -33.8 0     0.6 0    87.6 0     3.8 0   135.9 0   933.4 0
 2019   4  1  4  7 23  7.383 154.20    -2.0 0    -0.8 0     0.0 0     0.0 0   271.4 0   273.42 0   273.24 0   305.5 0   273.34 0   273.36 0     0.0 0     0.0 0     0.0 0   -34.1 0   -34.1 0     0.7 0    87.0 0     3.7 0   147.3 0   933.4 0
 2019   4  1  4  7 24  7.400 154.17    -2.0 0    -0.8 0     0.0 0     0.0 0   272.0 0   273.42 0   273.25 0   305.5 0   273.36 0   273.40 0     0.0 0     0.0 0     0.0 0   -33.5 0   -33.5 0     0.8 0    86.6 0     3.4 0   149.1 0   933.4 0
 2019   4  1  4  7 25  7.417 154.14    -2.0 0    -0.8 0     0.0 0     0.0 0   272.3 0   273.44 0   273.25 0   305.7 0   273.39 0   273.44 0     0.0 0     0.0 0     0.0 0   -33.4 0   -33.4 0     1.0 0    86.0 0     3.3 0   168.2 0   933.4 0
 2019   4  1  4  7 26  7.433 154.11    -2.0 0    -0.8 0    -0.4 0     0.0 0   272.4 0   273.44 0   273.31 0   306.2 0   273.43 0   273.49 0     0.0 0     0.0 0     0.0 0   -33.9 0   -33.9 0     1.2 0    85.0 0     3.0 0   164.7 0   933.2 0
 2019   4  1  4  7 27  7.450 154.08    -2.0 0    -0.8 0    -0.4 0     0.0 0   272.1 0   273.46 0   273.32 0   306.0 0   273.46 0   273.52 0     0.0 0     0.0 0     0.0 0   -33.9 0   -33.9 0     1.3 0    84.5 0     2.9 0   177.2 0   933.2 0
 2019   4  1  4  7 28  7.467 154.04    -2.0 0    -0.8 0    -0.1 0     0.0 0   271.8 0   273.48 0   273.33 0   306.2 0   273.50 0   273.55 0     0.0 0     0.0 0     0.0 0   -34.4 0   -34.4 0     1.5 0    83.8 0     2.7 0   169.8 0   933.2 0
 2019   4  1  4  7 29  7.483 154.01    -2.0 0    -0.8 0    -0.2 0     0.0 0   271.1 0   273.50 0   273.38 0   305.8 0   273.54 0   273.58 0     0.0 0     0.0 0     0.0 0   -34.6 0   -34.6 0     1.5 0    83.3 0     2.7 0   186.9 0   933.3 0
 2019   4  1  4  7 30  7.500 153.97    -2.0 0    -0.8 0    -0.4 0     0.0 0   270.9 0   273.53 0   273.41 0   306.3 0   273.57 0   273.62 0     0.0 0     0.0 0     0.0 0   -35.4 0   -35.4 0     1.6 0    83.2 0     3.3 0   184.0 0   933.2 0
 2019   4  1  4  7 31  7.517 153.93    -2.0 0    -0.8 0    -0.4 0     0.0 0   269.9 0   273.55 0   273.46 0   306.8 0   273.62 0   273.67 0     0.0 0     0.0 0     0.0 0   -36.9 0   -36.9 0     1.6 0    82.6 0     2.8 0   176.2 0   933.2 0
 2019   4  1  4  7 32  7.533 153.90    -2.0 0    -0.8 0    -0.4 0     0.0 0   268.8 0   273.59 0   273.46 0   306.4 0   273.65 0   273.69 0     0.0 0     0.0 0     0.0 0   -37.5 0   -37.5 0     1.7 0    82.6 0     2.7 0   179.8 0   933.2 0
 2019   4  1  4  7 33  7.550 153.85    -2.0 0    -0.7 0    -0.2 0     0.0 0   267.6 0   273.62 0   273.48 0   305.7 0   273.69 0   273.72 0     0.0 0     0.0 0     0.0 0   -38.1 0   -38.1 0     1.7 0    82.0 0     2.6 0   179.8 0   933.2 0
 2019   4  1  4  7 34  7.567 153.81    -2.0 0     0.0 0     0.0 0     0.0 0   266.8 0   273.63 0   273.48 0   304.8 0   273.71 0   273.71 0     0.0 0     0.0 0     0.0 0   -38.0 0   -38.0 0     1.5 0    83.1 0     2.5 0   181.6 0   933.3 0
 2019   4  1  4  7 35  7.583 153.77    -2.0 0    -0.1 0     0.0 0     0.0 0   266.0 0   273.65 0   273.50 0   305.2 0   273.73 0   273.75 0     0.0 0     0.0 0     0.0 0   -39.2 0   -39.2 0     1.5 0    82.8 0     2.1 0   176.0 0   933.3 0
 2019   4  1  4  7 36  7.600 153.72    -2.0 0     0.0 0     0.0 0     0.0 0   265.5 0   273.68 0   273.51 0   304.4 0   273.73 0   273.73 0     0.0 0     0.0 0     0.0 0   -38.9 0   -38.9 0     1.4 0    83.7 0     2.2 0   161.5 0   933.3 0
 2019   4  1  4  7 37  7.617 153.68    -2.0 0     0.0 0     0.0 0     0.0 0   264.3 0   273.69 0   273.54 0   303.6 0   273.73 0   273.73 0     0.0 0     0.0 0     0.0 0   -39.3 0   -39.3 0     1.3 0    83.6 0     1.5 0   154.3 0   933.3 0
 2019   4  1  4  7 38  7.633 153.63    -2.0 0     0.0 0     0.0 0     0.0 0   263.3 0   273.71 0   273.54 0   303.4 0   273.73 0   273.71 0     0.0 0     0.0 0     0.0 0   -40.1 0   -40.1 0     1.1 0    84.7 0     2.1 0   140.1 0   933.3 0
 2019   4  1  4  7 39  7.650 153.58    -2.0 0     0.0 0     0.0 0     0.0 0   261.7 0   273.73 0   273.51 0   303.1 0   273.73 0   273.68 0     0.0 0     0.0 0     0.0 0   -41.4 0   -41.4 0     0.9 0    84.4 0     2.2 0   101.9 0   933.3 0
 2019   4  1  4  7 40  7.667 153.53    -1.5 0     0.1 0     0.3 0     0.2 0   259.4 0   273.72 0   273.44 0   302.6 0   273.69 0   273.59 0     0.0 0     0.0 0     0.0 0   -43.1 0   -43.1 0     0.5 0    85.9 0     2.6 0    84.7 0   933.4 0
 2019   4  1  4  7 41  7.683 153.48    -1.0 0     0.0 0     0.4 0     0.4 0   258.8 0   273.68 0   273.38 0   302.5 0   273.64 0   273.58 0     0.0 0     0.0 0     0.0 0   -43.7 0   -43.7 0     0.3 0    88.0 0     2.5 0    90.4 0   933.4 0
 2019   4  1  4  7 42  7.700 153.42    -1.0 0     0.0 0     0.4 0     0.4 0   258.2 0   273.64 0   273.34 0   303.0 0   273.60 0   273.56 0     0.0 0     0.0 0     0.0 0   -44.8 0   -44.8 0     0.3 0    88.7 0     2.5 0    90.4 0   933.5 0
 2019   4  1  4  7 43  7.717 153.37    -1.0 0     0.0 0     0.4 0     0.2 0   257.5 0   273.60 0   273.31 0   302.9 0   273.58 0   273.54 0     0.0 0     0.0 0     0.0 0   -45.4 0   -45.4 0     0.3 0    88.5 0     2.2 0    95.4 0   933.6 0
 2019   4  1  4  7 44  7.733 153.31    -1.0 0     0.0 0     0.4 0     0.1 0   258.0 0   273.57 0   273.31 0   302.4 0   273.55 0   273.53 0     0.0 0     0.0 0     0.0 0   -44.4 0   -44.4 0     0.3 0    88.6 0     1.8 0   126.3 0   933.7 0
 2019   4  1  4  7 45  7.750 153.25    -1.7 0    -0.6 0    -0.2 0     0.0 0   258.5 0   273.54 0   273.38 0   303.4 0   273.54 0   273.53 0     0.0 0     0.0 0     0.0 0   -44.9 0   -44.9 0     0.4 0    88.6 0     1.8 0   129.2 0   933.7 0
 2019   4  1  4  7 46  7.767 153.20    -1.9 0    -0.7 0    -0.1 0     0.0 0   257.9 0   273.56 0   273.34 0   303.1 0   273.52 0   273.51 0     0.0 0     0.0 0     0.0 0   -45.2 0   -45.2 0     0.5 0    87.8 0     2.1 0   131.1 0   933.8 0
 2019   4  1  4  7 47  7.783 153.14    -1.2 0     0.0 0     0.4 0     0.1 0   257.7 0   273.54 0   273.26 0   302.2 0   273.50 0   273.48 0     0.0 0     0.0 0     0.0 0   -44.5 0   -44.5 0     0.5 0    88.0 0     2.2 0   144.1 0   933.8 0
 2019   4  1  4  7 48  7.800 153.07    -1.0 0    -0.2 0     0.4 0     0.1 0   257.9 0   273.52 0   273.23 0   302.3 0   273.49 0   273.47 0     0.0 0     0.0 0     0.0 0   -44.4 0   -44.4 0     0.5 0    88.0 0     2.3 0   162.3 0   933.9 0
 2019   4  1  4  7 49  7.817 153.01    -1.0 0    -0.1 0     0.4 0     0.2 0   258.2 0   273.49 0   273.20 0   302.3 0   273.47 0   273.46 0     0.0 0     0.0 0     0.0 0   -44.0 0   -44.0 0     0.5 0    87.7 0     2.2 0   170.9 0   933.9 0
 2019   4  1  4  7 50  7.833 152.95    -1.0 0     0.0 0     0.4 0     0.3 0   258.2 0   273.46 0   273.16 0   302.0 0   273.46 0   273.44 0     0.0 0     0.0 0     0.0 0   -43.8 0   -43.8 0     0.5 0    87.9 0     2.4 0   174.9 0   933.9 0
 2019   4  1  4  7 51  7.850 152.88    -1.0 0    -0.1 0     0.4 0     0.4 0   258.9 0   273.43 0   273.09 0   301.6 0   273.44 0   273.43 0     0.0 0     0.0 0     0.0 0   -42.7 0   -42.7 0     0.6 0    88.2 0     2.9 0   178.2 0   933.8 0
 2019   4  1  4  7 52  7.867 152.81    -1.0 0    -0.4 0     0.4 0     0.4 0   260.2 0   273.38 0   273.06 0   302.3 0   273.44 0   273.44 0     0.0 0     0.0 0     0.0 0   -42.1 0   -42.1 0     0.8 0    88.1 0     3.0 0   176.1 0   933.9 0
 2019   4  1  4  7 53  7.883 152.75    -1.0 0    -0.8 0     0.4 0     0.0 0   260.7 0   273.35 0   273.06 0   302.9 0   273.44 0   273.47 0     0.0 0     0.0 0     0.0 0   -42.2 0   -42.2 0     1.1 0    86.5 0     3.4 0   183.6 0   933.8 0
 2019   4  1  4  7 54  7.900 152.68    -1.0 0    -0.8 0     0.4 0     0.0 0   261.6 0   273.32 0   273.03 0   303.1 0   273.47 0   273.50 0     0.0 0     0.0 0     0.0 0   -41.4 0   -41.4 0     1.3 0    85.3 0     3.2 0   184.7 0   933.8 0
 2019   4  1  4  7 55  7.917 152.61    -1.0 0    -0.8 0     0.4 0     0.0 0   262.5 0   273.29 0   273.03 0   303.6 0   273.50 0   273.54 0     0.0 0     0.0 0     0.0 0   -41.1 0   -41.1 0     1.5 0    84.4 0     3.4 0   181.5 0   933.7 0
 2019   4  1  4  7 56  7.933 152.53    -1.0 0    -0.8 0     0.4 0     0.0 0   263.1 0   273.27 0   273.05 0   304.3 0   273.54 0   273.58 0     0.0 0     0.0 0     0.0 0   -41.3 0   -41.3 0     1.6 0    83.9 0     3.2 0   176.6 0   933.7 0
 2019   4  1  4  7 57  7.950 152.46    -1.3 0    -0.8 0     0.3 0     0.0 0   263.1 0   273.26 0   273.05 0   303.7 0   273.58 0   273.61 0     0.0 0     0.0 0     0.0 0   -40.6 0   -40.6 0     1.6 0    83.7 0     3.3 0   176.3 0   933.7 0
 2019   4  1  4  7 58  7.967 152.39    -1.4 0    -0.8 0     0.1 0     0.0 0   263.4 0   273.25 0   273.05 0   303.6 0   273.61 0   273.63 0     0.0 0     0.0 0     0.0 0   -40.2 0   -40.2 0     1.6 0    83.7 0     3.2 0   178.3 0   933.7 0
 2019   4  1  4  7 59  7.983 152.31    -1.5 0    -0.6 0     0.0 0     0.0 0   263.8 0   273.25 0   273.05 0   303.4 0   273.63 0   273.64 0     0.0 0     0.0 0     0.0 0   -39.6 0   -39.6 0     1.6 0    83.5 0     3.0 0   178.3 0   933.7 0
 2019   4  1  4  8  0  8.000 152.23    -1.5 0    -0.1 0     0.0 0     0.0 0   264.6 0   273.25 0   273.06 0   303.2 0   273.64 0   273.65 0     0.0 0     0.0 0     0.0 0   -38.6 0   -38.6 0     1.6 0    83.8 0     2.7 0   173.6 0   933.8 0
 2019   4  1  4  8  1  8.017 152.16    -1.8 0    -0.6 0    -0.3 0     0.0 0   265.7 0   273.25 0   273.13 0   303.6 0   273.67 0   273.72 0     0.0 0     0.0 0     0.0 0   -37.8 0   -37.8 0     1.6 0    83.7 0     2.3 0   176.7 0   933.8 0
 2019   4  1  4  8  2  8.033 152.08    -1.8 0    -0.4 0    -0.1 0     0.0 0   265.5 0   273.27 0   273.09 0   302.7 0   273.68 0   273.70 0     0.0 0     0.0 0     0.0 0   -37.2 0   -37.2 0     1.5 0    83.1 0     2.2 0   160.0 0   933.8 0
 2019   4  1  4  8  3  8.050 152.00    -1.1 0     0.0 0     0.0 0     0.0 0   265.1 0   273.27 0   273.06 0   302.5 0   273.68 0   273.65 0     0.0 0     0.0 0     0.0 0   -37.4 0   -37.4 0     1.2 0    83.7 0     1.0 0   130.4 0   933.8 0
 2019   4  1  4  8  4  8.067 151.92    -1.3 0     0.0 0     0.0 0     0.0 0   265.2 0   273.25 0   273.07 0   303.1 0   273.67 0   273.63 0     0.0 0     0.0 0     0.0 0   -37.9 0   -37.9 0     1.0 0    85.0 0     1.2 0   112.7 0   933.9 0
 2019   4  1  4  8  5  8.083 151.83    -1.6 0     0.0 0     0.0 0     0.0 0   265.8 0   273.25 0   273.10 0   302.9 0   273.65 0   273.61 0     0.0 0     0.0 0     0.0 0   -37.1 0   -37.1 0     0.8 0    86.0 0     1.8 0    98.6 0   933.9 0
 2019   4  1  4  8  6  8.100 151.75    -1.9 0     0.0 0    -0.2 0     0.0 0   266.6 0   273.27 0   273.12 0   303.6 0   273.63 0   273.59 0     0.0 0     0.0 0     0.0 0   -37.0 0   -37.0 0     0.6 0    87.2 0     1.9 0   108.6 0   933.9 0
 2019   4  1  4  8  7  8.117 151.66    -2.0 0     0.0 0    -0.2 0     0.0 0   266.6 0   273.29 0   273.14 0   303.6 0   273.61 0   273.60 0     0.0 0     0.0 0     0.0 0   -37.0 0   -37.0 0     0.6 0    87.6 0     1.7 0   109.0 0   933.9 0
 2019   4  1  4  8  8  8.133 151.58    -2.0 0     0.0 0     0.0 0     0.0 0   266.5 0   273.29 0   273.12 0   303.3 0   273.59 0   273.59 0     0.0 0     0.0 0     0.0 0   -36.7 0   -36.7 0     0.6 0    87.3 0     2.2 0   111.2 0   933.8 0
 2019   4  1  4  8  9  8.150 151.49    -2.0 0     0.0 0    -0.2 0     0.0 0   266.0 0   273.31 0   273.16 0   303.5 0   273.59 0   273.57 0     0.0 0     0.0 0     0.0 0   -37.5 0   -37.5 0     0.6 0    87.5 0     2.2 0   111.1 0   933.8 0
 2019   4  1  4  8 10  8.167 151.40    -2.0 0     0.0 0     0.0 0     0.0 0   264.8 0   273.33 0   273.15 0   303.2 0   273.57 0   273.54 0     0.0 0     0.0 0     0.0 0   -38.3 0   -38.3 0     0.6 0    87.5 0     2.2 0   107.5 0   933.8 0
 2019   4  1  4  8 11  8.183 151.31    -1.6 0     0.0 0     0.1 0     0.0 0   263.4 0   273.34 0   273.13 0   302.5 0   273.55 0   273.53 0     0.0 0     0.0 0     0.0 0   -39.1 0   -39.1 0     0.5 0    87.6 0     2.0 0   116.7 0   933.8 0
 2019   4  1  4  8 12  8.200 151.22    -1.4 0     0.0 0     0.4 0     0.0 0   262.0 0   273.34 0   273.11 0   302.1 0   273.53 0   273.49 0     0.0 0     0.0 0     0.0 0   -40.0 0   -40.0 0     0.4 0    87.9 0     2.4 0   125.0 0   933.7 0
 2019   4  1  4  8 13  8.217 151.13    -1.2 0     0.0 0     0.4 0     0.0 0   260.9 0   273.32 0   273.08 0   302.1 0   273.51 0   273.49 0     0.0 0     0.0 0     0.0 0   -41.3 0   -41.3 0     0.4 0    88.1 0     2.0 0   123.5 0   933.8 0
 2019   4  1  4  8 14  8.233 151.04    -1.5 0     0.0 0     0.4 0     0.0 0   259.5 0   273.32 0   273.12 0   301.9 0   273.49 0   273.47 0     0.0 0     0.0 0     0.0 0   -42.4 0   -42.4 0     0.4 0    87.9 0     1.9 0   117.6 0   933.9 0
 2019   4  1  4  8 15  8.250 150.95    -1.5 0     0.0 0     0.4 0     0.0 0   257.8 0   273.32 0   273.10 0   301.7 0   273.47 0   273.44 0     0.0 0     0.0 0     0.0 0   -43.9 0   -43.9 0     0.3 0    88.0 0     1.9 0   119.7 0   933.8 0
 2019   4  1  4  8 16  8.267 150.85    -1.1 0     0.0 0     0.4 0     0.2 0   256.7 0   273.31 0   273.05 0   301.2 0   273.44 0   273.41 0     0.0 0     0.0 0     0.0 0   -44.5 0   -44.5 0     0.2 0    88.6 0     1.8 0   108.3 0   933.8 0
 2019   4  1  4  8 17  8.283 150.76    -1.0 0     0.0 0     0.4 0     0.3 0   255.8 0   273.29 0   273.01 0   301.8 0   273.42 0   273.39 0     0.0 0     0.0 0     0.0 0   -46.0 0   -46.0 0     0.2 0    88.6 0     2.9 0    99.7 0   933.7 0
 2019   4  1  4  8 18  8.300 150.66    -1.0 0     0.0 0     0.4 0     0.2 0   255.0 0   273.26 0   272.98 0   302.0 0   273.39 0   273.35 0     0.0 0     0.0 0     0.0 0   -47.0 0   -47.0 0     0.1 0    88.6 0     2.9 0   106.8 0   933.7 0
 2019   4  1  4  8 19  8.317 150.56    -1.2 0     0.0 0     0.4 0     0.1 0   255.0 0   273.24 0   272.99 0   302.0 0   273.36 0   273.33 0     0.0 0     0.0 0     0.0 0   -47.0 0   -47.0 0     0.1 0    88.8 0     2.3 0   105.4 0   933.7 0
 2019   4  1  4  8 20  8.333 150.46    -1.5 0     0.0 0     0.3 0     0.0 0   255.1 0   273.22 0   273.01 0   302.3 0   273.34 0   273.30 0     0.0 0     0.0 0     0.0 0   -47.2 0   -47.2 0     0.1 0    89.0 0     2.2 0    98.8 0   933.7 0
 2019   4  1  4  8 21  8.350 150.36    -1.8 0     0.0 0     0.2 0     0.0 0   254.6 0   273.22 0   273.01 0   301.9 0   273.31 0   273.27 0     0.0 0     0.0 0     0.0 0   -47.3 0   -47.3 0     0.1 0    89.2 0     2.2 0    87.3 0   933.8 0
 2019   4  1  4  8 22  8.367 150.26    -2.0 0     0.0 0     0.0 0     0.0 0   255.4 0   273.22 0   273.00 0   302.5 0   273.29 0   273.27 0     0.0 0     0.0 0     0.0 0   -47.1 0   -47.1 0     0.1 0    89.4 0     2.7 0    95.6 0   933.7 0
 2019   4  1  4  8 23  8.383 150.16    -2.0 0    -0.5 0     0.0 0     0.0 0   255.1 0   273.22 0   273.02 0   302.5 0   273.27 0   273.27 0     0.0 0     0.0 0     0.0 0   -47.4 0   -47.4 0     0.2 0    89.1 0     2.4 0    91.2 0   933.8 0
 2019   4  1  4  8 24  8.400 150.06    -2.0 0    -0.6 0     0.1 0     0.0 0   254.5 0   273.22 0   273.00 0   301.8 0   273.26 0   273.26 0     0.0 0     0.0 0     0.0 0   -47.2 0   -47.2 0     0.4 0    88.8 0     2.0 0    87.5 0   933.9 0
 2019   4  1  4  8 25  8.417 149.95    -1.5 0    -0.4 0     0.4 0     0.0 0   254.6 0   273.21 0   272.98 0   300.8 0   273.25 0   273.26 0     0.0 0     0.0 0     0.0 0   -46.2 0   -46.2 0     0.5 0    88.1 0     1.6 0    98.4 0   933.9 0
 2019   4  1  4  8 26  8.433 149.85    -1.5 0    -0.2 0     0.4 0     0.0 0   254.8 0   273.20 0   272.99 0   300.4 0   273.25 0   273.25 0     0.0 0     0.0 0     0.0 0   -45.6 0   -45.6 0     0.6 0    87.4 0     2.1 0   103.3 0   933.9 0
 2019   4  1  4  8 27  8.450 149.74    -1.5 0    -0.3 0     0.4 0     0.0 0   254.3 0   273.20 0   272.97 0   300.4 0   273.25 0   273.25 0     0.0 0     0.0 0     0.0 0   -46.1 0   -46.1 0     0.7 0    87.2 0     1.5 0   110.6 0   933.9 0
 2019   4  1  4  8 28  8.467 149.64    -1.9 0    -0.4 0     0.4 0     0.0 0   254.5 0   273.20 0   273.03 0   300.7 0   273.25 0   273.25 0     0.0 0     0.0 0     0.0 0   -46.1 0   -46.1 0     0.7 0    86.5 0     1.2 0   127.5 0   934.0 0
 2019   4  1  4  8 29  8.483 149.53    -2.0 0    -0.8 0     0.2 0     0.0 0   255.3 0   273.20 0   273.05 0   301.4 0   273.25 0   273.27 0     0.0 0     0.0 0     0.0 0   -46.1 0   -46.1 0     0.8 0    87.1 0     1.9 0   120.5 0   933.9 0
 2019   4  1  4  8 30  8.500 149.42    -2.0 0    -0.8 0     0.0 0     0.0 0   255.0 0   273.22 0   273.05 0   301.9 0   273.25 0   273.25 0     0.0 0     0.0 0     0.0 0   -46.9 0   -46.9 0     0.8 0    85.9 0     2.3 0   133.4 0   933.9 0
 2019   4  1  4  8 31  8.517 149.31    -2.0 0    -0.7 0     0.3 0     0.0 0   255.1 0   273.24 0   273.02 0   301.2 0   273.25 0   273.25 0     0.0 0     0.0 0     0.0 0   -46.1 0   -46.1 0     0.7 0    85.9 0     1.8 0   141.5 0   933.9 0
 2019   4  1  4  8 32  8.533 149.20    -1.6 0    -0.1 0     0.4 0     0.1 0   257.0 0   273.23 0   272.98 0   300.7 0   273.25 0   273.23 0     0.0 0     0.0 0     0.0 0   -43.7 0   -43.7 0     0.7 0    86.2 0     1.9 0   150.4 0   934.0 0
 2019   4  1  4  8 33  8.550 149.09    -1.5 0     0.0 0     0.4 0     0.0 0   259.6 0   273.21 0   272.97 0   300.3 0   273.24 0   273.22 0     0.0 0     0.0 0     0.0 0   -40.7 0   -40.7 0     0.6 0    86.7 0     1.8 0   145.9 0   934.0 0
 2019   4  1  4  8 34  8.567 148.98    -1.3 0     0.0 0     0.4 0     0.1 0   259.5 0   273.20 0   272.96 0   299.8 0   273.22 0   273.21 0     0.0 0     0.0 0     0.0 0   -40.3 0   -40.3 0     0.5 0    86.3 0     1.6 0   162.2 0   933.9 0
 2019   4  1  4  8 35  8.583 148.87    -1.1 0     0.0 0     0.4 0     0.0 0   258.4 0   273.18 0   272.92 0   298.7 0   273.20 0   273.15 0     0.0 0     0.0 0     0.0 0   -40.3 0   -40.3 0     0.3 0    85.5 0     1.6 0   175.1 0   933.9 0
 2019   4  1  4  8 36  8.600 148.76    -1.0 0     0.0 0     0.5 0     0.1 0   259.6 0   273.15 0   272.87 0   298.9 0   273.17 0   273.11 0     0.0 0     0.0 0     0.0 0   -39.3 0   -39.3 0     0.1 0    87.5 0     2.4 0   176.9 0   933.9 0
 2019   4  1  4  8 37  8.617 148.64    -1.0 0     0.0 0     0.9 0     0.3 0   259.1 0   273.11 0   272.78 0   299.6 0   273.13 0   273.07 0     0.0 0     0.0 0     0.0 0   -40.6 0   -40.6 0     0.0 0    88.2 0     3.3 0   180.1 0   933.8 0
 2019   4  1  4  8 38  8.633 148.53    -1.0 0     0.0 0     1.2 0     0.4 0   257.4 0   273.05 0   272.64 0   300.3 0   273.09 0   273.04 0     0.0 0     0.0 0     0.0 0   -42.8 0   -42.8 0     0.0 0    89.8 0     4.3 0   175.0 0   933.8 0
 2019   4  1  4  8 39  8.650 148.41    -1.0 0    -0.5 0     1.2 0     0.4 0   257.3 0   272.99 0   272.62 0   301.8 0   273.08 0   273.08 0     0.0 0     0.0 0     0.0 0   -44.5 0   -44.5 0     0.4 0    89.7 0     4.7 0   175.4 0   933.8 0
 2019   4  1  4  8 40  8.667 148.30    -1.0 0    -1.6 0     0.8 0     0.3 0   256.4 0   272.94 0   272.63 0   302.4 0   273.09 0   273.15 0     0.0 0     0.0 0     0.0 0   -46.0 0   -46.0 0     1.0 0    85.1 0     4.9 0   178.4 0   933.7 0
 2019   4  1  4  8 41  8.683 148.18    -1.1 0    -1.4 0     0.4 0     0.0 0   256.0 0   272.91 0   272.62 0   303.2 0   273.14 0   273.21 0     0.0 0     0.0 0     0.0 0   -47.2 0   -47.2 0     1.3 0    84.8 0     5.2 0   179.7 0   933.7 0
 2019   4  1  4  8 42  8.700 148.06    -1.5 0    -1.6 0     0.4 0     0.0 0   254.9 0   272.89 0   272.64 0   303.7 0   273.20 0   273.28 0     0.0 0     0.0 0     0.0 0   -48.8 0   -48.8 0     1.6 0    82.5 0     5.5 0   180.2 0   933.7 0
 2019   4  1  4  8 43  8.717 147.94    -1.9 0    -1.6 0     0.2 0     0.0 0   254.7 0   272.88 0   272.68 0   304.0 0   273.27 0   273.32 0     0.0 0     0.0 0     0.0 0   -49.4 0   -49.4 0     1.7 0    82.6 0     5.8 0   178.9 0   933.7 0
 2019   4  1  4  8 44  8.733 147.82    -2.0 0    -2.1 0     0.0 0     0.0 0   254.9 0   272.88 0   272.71 0   305.1 0   273.34 0   273.44 0     0.0 0     0.0 0     0.0 0   -50.2 0   -50.2 0     1.9 0    81.5 0     5.9 0   181.7 0   933.7 0
 2019   4  1  4  8 45  8.750 147.70    -2.0 0    -2.4 0    -0.3 0     0.0 0   254.5 0   272.91 0   272.74 0   305.6 0   273.44 0   273.56 0     0.0 0     0.0 0     0.0 0   -51.1 0   -51.1 0     2.1 0    80.4 0     5.8 0   181.5 0   933.7 0
 2019   4  1  4  8 46  8.767 147.58    -2.0 0    -2.4 0    -0.4 0     0.0 0   253.9 0   272.92 0   272.77 0   305.5 0   273.55 0   273.64 0     0.0 0     0.0 0     0.0 0   -51.5 0   -51.5 0     2.2 0    80.0 0     5.5 0   180.6 0   933.8 0
 2019   4  1  4  8 47  8.783 147.46    -2.3 0    -2.0 0    -0.4 0     0.0 0   253.2 0   272.95 0   272.83 0   305.4 0   273.64 0   273.72 0     0.0 0     0.0 0     0.0 0   -52.1 0   -52.1 0     2.3 0    79.2 0     5.2 0   181.8 0   933.8 0
 2019   4  1  4  8 48  8.800 147.34    -2.4 0    -1.6 0    -0.4 0     0.0 0   253.1 0   272.99 0   272.85 0   305.2 0   273.72 0   273.77 0     0.0 0     0.0 0     0.0 0   -52.1 0   -52.1 0     2.2 0    79.8 0     5.0 0   176.8 0   933.9 0
 2019   4  1  4  8 49  8.817 147.21    -2.4 0    -1.0 0    -0.3 0     0.0 0   252.4 0   273.02 0   272.86 0   304.5 0   273.77 0   273.77 0     0.0 0     0.0 0     0.0 0   -52.1 0   -52.1 0     2.0 0    80.0 0     4.5 0   178.5 0   933.9 0
 2019   4  1  4  8 50  8.833 147.09    -2.3 0    -0.4 0    -0.1 0     0.0 0   252.3 0   273.05 0   272.89 0   304.2 0   273.79 0   273.79 0     0.0 0     0.0 0     0.0 0   -51.9 0   -51.9 0     1.7 0    81.5 0     4.0 0   179.4 0   934.0 0
 2019   4  1  4  8 51  8.850 146.97    -2.0 0     0.0 0     0.0 0     0.0 0   252.4 0   273.07 0   272.91 0   303.6 0   273.80 0   273.78 0     0.0 0     0.0 0     0.0 0   -51.2 0   -51.2 0     1.4 0    82.2 0     3.0 0   177.5 0   934.0 0
 2019   4  1  4  8 52  8.867 146.84    -2.0 0     0.0 0     0.0 0     0.0 0   252.2 0   273.10 0   272.94 0   302.8 0   273.78 0   273.74 0     0.0 0     0.0 0     0.0 0   -50.6 0   -50.6 0     1.1 0    83.2 0     2.5 0   182.4 0   934.1 0
 2019   4  1  4  8 53  8.883 146.71    -2.0 0     0.0 0     0.0 0     0.0 0   252.2 0   273.13 0   272.96 0   302.2 0   273.77 0   273.73 0     0.0 0     0.0 0     0.0 0   -50.0 0   -50.0 0     0.9 0    84.8 0     2.3 0   175.8 0   934.1 0
 2019   4  1  4  8 54  8.900 146.59    -2.0 0     0.0 0     0.2 0     0.0 0   251.6 0   273.15 0   272.96 0   301.0 0   273.74 0   273.70 0     0.0 0     0.0 0     0.0 0   -49.4 0   -49.4 0     0.8 0    84.7 0     2.1 0   179.5 0   934.1 0
 2019   4  1  4  8 55  8.917 146.46    -2.0 0     0.0 0     0.4 0     0.0 0   251.5 0   273.15 0   272.97 0   300.7 0   273.72 0   273.68 0     0.0 0     0.0 0     0.0 0   -49.3 0   -49.3 0     0.7 0    86.0 0     2.4 0   159.4 0   934.1 0
 2019   4  1  4  8 56  8.933 146.33    -2.0 0     0.0 0     0.4 0     0.0 0   251.4 0   273.17 0   272.96 0   300.1 0   273.69 0   273.65 0     0.0 0     0.0 0     0.0 0   -48.7 0   -48.7 0     0.6 0    86.1 0     1.7 0   160.8 0   934.2 0
 2019   4  1  4  8 57  8.950 146.21    -2.0 0     0.0 0     0.4 0     0.0 0   251.1 0   273.17 0   272.99 0   299.4 0   273.67 0   273.63 0     0.0 0     0.0 0     0.0 0   -48.4 0   -48.4 0     0.5 0    86.1 0     1.4 0   164.5 0   934.2 0
 2019   4  1  4  8 58  8.967 146.08    -2.0 0     0.0 0     0.3 0     0.0 0   251.4 0   273.19 0   273.02 0   298.8 0   273.63 0   273.59 0     0.0 0     0.0 0     0.0 0   -47.3 0   -47.3 0     0.5 0    86.1 0     0.9 0   170.2 0   934.2 0
 2019   4  1  4  8 59  8.983 145.95    -2.0 0     0.0 0     0.3 0     0.0 0   251.6 0   273.20 0   273.02 0   298.5 0   273.61 0   273.55 0     0.0 0     0.0 0     0.0 0   -46.9 0   -46.9 0     0.4 0    86.4 0     0.8 0   151.4 0   934.2 0
 2019   4  1  4  9  0  9.000 145.82    -2.0 0    -0.3 0     0.1 0     0.0 0   252.0 0   273.21 0   273.03 0   298.4 0   273.58 0   273.54 0     0.0 0     0.0 0     0.0 0   -46.5 0   -46.5 0     0.3 0    87.3 0     1.2 0   137.5 0   934.2 0
 2019   4  1  4  9  1  9.017 145.69    -2.0 0    -0.7 0     0.0 0     0.0 0   252.6 0   273.22 0   273.05 0   299.2 0   273.54 0   273.53 0     0.0 0     0.0 0     0.0 0   -46.6 0   -46.6 0     0.5 0    87.4 0     1.5 0   132.3 0   934.1 0
 2019   4  1  4  9  2  9.033 145.55    -2.0 0    -0.8 0     0.0 0     0.0 0   252.3 0   273.23 0   273.05 0   300.6 0   273.54 0   273.53 0     0.0 0     0.0 0     0.0 0   -48.3 0   -48.3 0     0.6 0    86.5 0     1.1 0   113.8 0   934.1 0
 2019   4  1  4  9  3  9.050 145.42    -2.0 0    -0.8 0     0.0 0     0.0 0   252.0 0   273.24 0   273.03 0   301.0 0   273.52 0   273.53 0     0.0 0     0.0 0     0.0 0   -49.0 0   -49.0 0     0.8 0    85.9 0     1.3 0   106.4 0   934.1 0
 2019   4  1  4  9  4  9.067 145.29    -2.0 0    -0.8 0     0.2 0     0.0 0   251.8 0   273.24 0   273.01 0   300.6 0   273.51 0   273.51 0     0.0 0     0.0 0     0.0 0   -48.8 0   -48.8 0     0.8 0    84.8 0     1.6 0   110.9 0   934.1 0
 2019   4  1  4  9  5  9.083 145.16    -2.0 0    -0.6 0     0.4 0     0.0 0   251.8 0   273.22 0   273.00 0   300.4 0   273.50 0   273.49 0     0.0 0     0.0 0     0.0 0   -48.5 0   -48.5 0     0.8 0    84.9 0     1.8 0   110.5 0   934.2 0
 2019   4  1  4  9  6  9.100 145.02    -2.0 0    -0.8 0     0.1 0     0.0 0   253.0 0   273.22 0   273.04 0   301.0 0   273.49 0   273.48 0     0.0 0     0.0 0     0.0 0   -48.0 0   -48.0 0     0.8 0    84.8 0     1.8 0   102.6 0   934.2 0
 2019   4  1  4  9  7  9.117 144.89    -2.0 0    -0.6 0    -0.1 0     0.0 0   252.7 0   273.24 0   273.05 0   301.6 0   273.48 0   273.47 0     0.0 0     0.0 0     0.0 0   -48.9 0   -48.9 0     0.8 0    85.0 0     2.0 0    77.8 0   934.2 0
 2019   4  1  4  9  8  9.133 144.75    -2.0 0    -0.3 0     0.2 0     0.1 0   252.8 0   273.24 0   273.01 0   301.7 0   273.46 0   273.46 0     0.0 0     0.0 0     0.0 0   -49.0 0   -49.0 0     0.8 0    85.2 0     2.1 0    75.6 0   934.3 0
 2019   4  1  4  9  9  9.150 144.62    -2.0 0     0.0 0     0.0 0     0.0 0   254.4 0   273.24 0   273.08 0   302.5 0   273.46 0   273.46 0     0.0 0     0.0 0     0.0 0   -48.2 0   -48.2 0     0.7 0    85.5 0     1.8 0    76.3 0   934.3 0
 2019   4  1  4  9 10  9.167 144.48    -2.1 0    -0.1 0    -0.4 0     0.0 0   255.5 0   273.26 0   273.18 0   302.9 0   273.45 0   273.46 0     0.0 0     0.0 0     0.0 0   -47.5 0   -47.5 0     0.8 0    85.7 0     2.0 0    90.2 0   934.2 0
 2019   4  1  4  9 11  9.183 144.34    -2.5 0    -0.6 0    -0.6 0     0.0 0   256.9 0   273.31 0   273.23 0   304.1 0   273.45 0   273.51 0     0.0 0     0.0 0     0.0 0   -47.2 0   -47.2 0     0.9 0    86.3 0     2.3 0    71.7 0   934.0 0
 2019   4  1  4  9 12  9.200 144.21    -2.6 0    -0.8 0    -0.5 0     0.0 0   255.9 0   273.36 0   273.26 0   303.6 0   273.48 0   273.57 0     0.0 0     0.0 0     0.0 0   -47.7 0   -47.7 0     1.2 0    84.2 0     1.3 0    86.9 0   934.2 0
 2019   4  1  4  9 13  9.217 144.07    -2.4 0    -0.2 0    -0.4 0     0.0 0   256.7 0   273.40 0   273.30 0   302.7 0   273.51 0   273.54 0     0.0 0     0.0 0     0.0 0   -46.0 0   -46.0 0     1.1 0    84.1 0     1.3 0   133.2 0   934.1 0
 2019   4  1  4  9 14  9.233 143.93    -2.3 0     0.0 0    -0.2 0     0.0 0   256.7 0   273.44 0   273.30 0   302.0 0   273.51 0   273.52 0     0.0 0     0.0 0     0.0 0   -45.3 0   -45.3 0     1.2 0    83.8 0     1.5 0   139.0 0   934.1 0
 2019   4  1  4  9 15  9.250 143.79    -2.0 0     0.0 0     0.0 0     0.0 0   256.9 0   273.47 0   273.30 0   302.3 0   273.51 0   273.51 0     0.0 0     0.0 0     0.0 0   -45.5 0   -45.5 0     1.0 0    84.9 0     1.9 0   107.8 0   934.1 0
 2019   4  1  4  9 16  9.267 143.65    -2.0 0     0.0 0     0.0 0     0.0 0   256.5 0   273.49 0   273.34 0   301.8 0   273.51 0   273.53 0     0.0 0     0.0 0     0.0 0   -45.3 0   -45.3 0     1.1 0    84.4 0     1.4 0    93.1 0   934.2 0
 2019   4  1  4  9 17  9.283 143.51    -2.0 0     0.0 0    -0.1 0     0.0 0   256.7 0   273.52 0   273.39 0   301.8 0   273.51 0   273.53 0     0.0 0     0.0 0     0.0 0   -45.1 0   -45.1 0     1.1 0    84.5 0     2.0 0   144.7 0   934.2 0
 2019   4  1  4  9 18  9.300 143.37    -2.4 0    -0.8 0    -0.4 0     0.0 0   256.3 0   273.55 0   273.47 0   303.2 0   273.52 0   273.54 0     0.0 0     0.0 0     0.0 0   -47.0 0   -47.0 0     1.2 0    84.1 0     2.1 0   129.5 0   934.2 0
 2019   4  1  4  9 19  9.317 143.23    -2.3 0    -0.7 0    -0.4 0     0.0 0   255.6 0   273.60 0   273.48 0   302.7 0   273.54 0   273.54 0     0.0 0     0.0 0     0.0 0   -47.2 0   -47.2 0     1.3 0    83.7 0     1.9 0   122.9 0   934.3 0
 2019   4  1  4  9 20  9.333 143.09    -2.0 0    -0.2 0    -0.4 0     0.0 0   255.6 0   273.63 0   273.51 0   301.6 0   273.54 0   273.57 0     0.0 0     0.0 0     0.0 0   -46.0 0   -46.0 0     1.3 0    83.7 0     1.7 0   102.1 0   934.3 0
 2019   4  1  4  9 21  9.350 142.95    -2.4 0     0.0 0    -0.2 0     0.0 0   255.2 0   273.67 0   273.52 0   300.9 0   273.56 0   273.58 0     0.0 0     0.0 0     0.0 0   -45.8 0   -45.8 0     1.3 0    83.1 0     1.1 0    96.0 0   934.3 0
 2019   4  1  4  9 22  9.367 142.81    -2.0 0     0.0 0     0.2 0     0.2 0   253.7 0   273.68 0   273.40 0   299.5 0   273.56 0   273.54 0     0.0 0     0.0 0     0.0 0   -45.8 0   -45.8 0     1.3 0    83.0 0     0.9 0   113.6 0   934.3 0
 2019   4  1  4  9 23  9.383 142.67    -1.5 0     0.0 0     0.4 0     0.4 0   254.3 0   273.64 0   273.38 0   299.5 0   273.54 0   273.53 0     0.0 0     0.0 0     0.0 0   -45.2 0   -45.2 0     1.2 0    83.5 0     1.4 0    94.9 0   934.2 0
 2019   4  1  4  9 24  9.400 142.52    -1.6 0     0.0 0     0.4 0     0.1 0   254.2 0   273.63 0   273.37 0   299.5 0   273.54 0   273.52 0     0.0 0     0.0 0     0.0 0   -45.3 0   -45.3 0     1.2 0    83.8 0     0.7 0   133.2 0   934.3 0
 2019   4  1  4  9 25  9.417 142.38    -1.5 0     0.0 0     0.4 0     0.0 0   254.2 0   273.61 0   273.39 0   299.6 0   273.52 0   273.49 0     0.0 0     0.0 0     0.0 0   -45.4 0   -45.4 0     1.1 0    83.5 0     0.2 0    87.2 0   934.3 0
 2019   4  1  4  9 26  9.433 142.24    -2.0 0     0.0 0     0.4 0     0.0 0   254.8 0   273.61 0   273.45 0   299.5 0   273.50 0   273.49 0     0.0 0     0.0 0     0.0 0   -44.7 0   -44.7 0     1.0 0    84.5 0     1.1 0    99.2 0   934.3 0
 2019   4  1  4  9 27  9.450 142.09    -2.0 0    -0.3 0     0.4 0     0.0 0   254.7 0   273.63 0   273.45 0   299.0 0   273.49 0   273.48 0     0.0 0     0.0 0     0.0 0   -44.3 0   -44.3 0     1.0 0    84.4 0     0.5 0    95.8 0   934.3 0
 2019   4  1  4  9 28  9.467 141.95    -1.9 0    -0.2 0     0.4 0     0.0 0   254.8 0   273.63 0   273.41 0   299.2 0   273.47 0   273.44 0     0.0 0     0.0 0     0.0 0   -44.4 0   -44.4 0     0.9 0    84.0 0     0.0 0     0.0 0   934.3 0
 2019   4  1  4  9 29  9.483 141.80    -2.0 0    -0.6 0     0.3 0     0.0 0   255.9 0   273.63 0   273.48 0   299.5 0   273.45 0   273.44 0     0.0 0     0.0 0     0.0 0   -43.6 0   -43.6 0     0.9 0    85.1 0     0.5 0   150.6 0   934.2 0
 2019   4  1  4  9 30  9.500 141.66    -2.0 0    -0.8 0     0.3 0     0.0 0   256.4 0   273.65 0   273.49 0   299.9 0   273.44 0   273.44 0     0.0 0     0.0 0     0.0 0   -43.5 0   -43.5 0     0.9 0    85.9 0     0.9 0   143.3 0   934.2 0
 2019   4  1  4  9 31  9.517 141.51    -2.0 0    -0.8 0     0.4 0     0.0 0   256.9 0   273.66 0   273.45 0   299.7 0   273.44 0   273.44 0     0.0 0     0.0 0     0.0 0   -42.7 0   -42.7 0     1.0 0    85.2 0     1.2 0   136.4 0   934.1 0
 2019   4  1  4  9 32  9.533 141.37    -2.0 0    -0.8 0     0.4 0     0.0 0   257.3 0   273.66 0   273.46 0   299.6 0   273.44 0   273.44 0     0.0 0     0.0 0     0.0 0   -42.2 0   -42.2 0     1.0 0    84.9 0     1.0 0   149.6 0   934.1 0
 2019   4  1  4  9 33  9.550 141.22    -1.7 0    -0.8 0     0.3 0     0.0 0   258.9 0   273.66 0   273.45 0   299.7 0   273.42 0   273.44 0     0.0 0     0.0 0     0.0 0   -40.8 0   -40.8 0     1.0 0    85.1 0     1.6 0   208.7 0   934.1 0
 2019   4  1  4  9 34  9.567 141.07    -1.6 0    -0.8 0     0.3 0     0.0 0   259.5 0   273.66 0   273.47 0   300.7 0   273.42 0   273.47 0     0.0 0     0.0 0     0.0 0   -41.2 0   -41.2 0     1.2 0    84.8 0     1.5 0   233.7 0   934.1 0
 2019   4  1  4  9 35  9.583 140.92    -2.0 0    -0.8 0    -0.3 0     0.0 0   261.3 0   273.67 0   273.55 0   302.2 0   273.44 0   273.53 0     0.0 0     0.0 0     0.0 0   -40.9 0   -40.9 0     1.5 0    85.0 0     3.0 0   243.7 0   934.2 0
 2019   4  1  4  9 36  9.600 140.78    -2.2 0    -1.5 0    -0.8 0    -0.2 0   262.8 0   273.70 0   273.71 0   305.2 0   273.50 0   273.69 0     0.0 0     0.0 0     0.0 0   -42.4 0   -42.4 0     2.0 0    82.9 0     3.8 0   236.7 0   934.2 0
 2019   4  1  4  9 37  9.617 140.63    -2.9 0    -1.6 0    -1.7 0    -0.4 0   263.8 0   273.79 0   273.89 0   307.6 0   273.60 0   273.84 0     0.0 0     0.0 0     0.0 0   -43.9 0   -43.9 0     2.4 0    80.8 0     4.1 0   236.0 0   934.2 0
 2019   4  1  4  9 38  9.633 140.48    -3.0 0    -1.6 0    -2.2 0    -0.4 0   264.6 0   273.89 0   274.02 0   308.7 0   273.73 0   273.94 0     0.0 0     0.0 0     0.0 0   -44.2 0   -44.2 0     2.6 0    79.8 0     4.5 0   236.1 0   934.3 0
 2019   4  1  4  9 39  9.650 140.33    -3.4 0    -1.6 0    -2.7 0    -0.4 0   265.7 0   274.02 0   274.18 0   309.2 0   273.85 0   274.05 0     0.0 0     0.0 0     0.0 0   -43.4 0   -43.4 0     2.8 0    79.0 0     4.6 0   233.2 0   934.2 0
 2019   4  1  4  9 40  9.667 140.18    -3.7 0    -1.6 0    -2.7 0    -0.4 0   266.9 0   274.15 0   274.31 0   309.9 0   273.98 0   274.19 0     0.0 0     0.0 0     0.0 0   -43.0 0   -43.0 0     2.9 0    78.6 0     4.7 0   235.2 0   934.2 0
 2019   4  1  4  9 41  9.683 140.03    -3.9 0    -1.6 0    -2.7 0    -0.4 0   267.9 0   274.29 0   274.46 0   310.2 0   274.11 0   274.29 0     0.0 0     0.0 0     0.0 0   -42.4 0   -42.4 0     2.9 0    78.5 0     4.6 0   233.9 0   934.2 0
 2019   4  1  4  9 42  9.700 139.88    -3.9 0    -1.6 0    -2.5 0    -0.4 0   268.8 0   274.43 0   274.57 0   310.6 0   274.23 0   274.42 0     0.0 0     0.0 0     0.0 0   -41.8 0   -41.8 0     2.9 0    78.2 0     5.3 0   235.5 0   934.1 0
 2019   4  1  4  9 43  9.717 139.73    -3.9 0    -1.6 0    -2.4 0    -0.2 0   269.5 0   274.56 0   274.70 0   311.1 0   274.36 0   274.55 0     0.0 0     0.0 0     0.0 0   -41.5 0   -41.5 0     3.1 0    77.7 0     5.1 0   236.4 0   934.1 0
 2019   4  1  4  9 44  9.733 139.58    -3.9 0    -1.5 0    -1.9 0     0.0 0   270.1 0   274.70 0   274.80 0   311.0 0   274.48 0   274.64 0     0.0 0     0.0 0     0.0 0   -40.8 0   -40.8 0     3.1 0    77.9 0     4.7 0   238.8 0   934.0 0
 2019   4  1  4  9 45  9.750 139.43    -3.9 0    -1.2 0    -1.8 0     0.0 0   270.6 0   274.82 0   274.91 0   311.2 0   274.58 0   274.74 0     0.0 0     0.0 0     0.0 0   -40.5 0   -40.5 0     3.1 0    77.6 0     4.9 0   238.9 0   934.0 0
 2019   4  1  4  9 46  9.767 139.28    -3.9 0    -1.0 0    -1.4 0     0.0 0   270.9 0   274.94 0   275.01 0   311.1 0   274.69 0   274.83 0     0.0 0     0.0 0     0.0 0   -40.2 0   -40.2 0     3.1 0    77.5 0     4.6 0   239.4 0   934.0 0
 2019   4  1  4  9 47  9.783 139.13    -3.9 0    -0.8 0    -1.2 0     0.0 0   271.1 0   275.06 0   275.11 0   311.0 0   274.78 0   274.91 0     0.0 0     0.0 0     0.0 0   -39.9 0   -39.9 0     3.1 0    77.5 0     3.7 0   244.3 0   934.0 0
 2019   4  1  4  9 48  9.800 138.98    -3.8 0    -0.8 0    -1.0 0     0.0 0   270.9 0   275.17 0   275.18 0   310.8 0   274.86 0   274.97 0     0.0 0     0.0 0     0.0 0   -39.9 0   -39.9 0     3.1 0    77.7 0     3.2 0   253.6 0   934.1 0
 2019   4  1  4  9 49  9.817 138.83    -3.5 0    -0.8 0    -0.6 0     0.0 0   270.6 0   275.27 0   275.25 0   310.3 0   274.92 0   275.02 0     0.0 0     0.0 0     0.0 0   -39.7 0   -39.7 0     3.1 0    77.9 0     2.8 0   262.0 0   934.2 0
 2019   4  1  4  9 50  9.833 138.67    -3.4 0    -0.8 0    -0.5 0     0.0 0   270.4 0   275.36 0   275.35 0   310.1 0   274.98 0   275.07 0     0.0 0     0.0 0     0.0 0   -39.6 0   -39.6 0     3.1 0    77.9 0     2.2 0   269.2 0   934.3 0
 2019   4  1  4  9 51  9.850 138.52    -3.2 0    -0.6 0    -0.4 0     0.0 0   269.1 0   275.44 0   275.37 0   308.0 0   275.02 0   275.07 0     0.0 0     0.0 0     0.0 0   -38.9 0   -38.9 0     3.1 0    77.3 0     2.2 0   294.9 0   934.3 0
 2019   4  1  4  9 52  9.867 138.37    -2.5 0     0.0 0     0.2 0     0.4 0   266.8 0   275.48 0   275.20 0   306.1 0   275.04 0   275.00 0     0.0 0     0.0 0     0.0 0   -39.4 0   -39.4 0     2.7 0    78.0 0     2.0 0   303.7 0   934.3 0
 2019   4  1  4  9 53  9.883 138.21    -2.0 0     0.0 0     0.5 0     0.4 0   266.6 0   275.45 0   275.10 0   305.5 0   275.02 0   275.00 0     0.0 0     0.0 0     0.0 0   -38.9 0   -38.9 0     2.5 0    79.1 0     1.2 0   285.6 0   934.3 0
 2019   4  1  4  9 54  9.900 138.06    -1.6 0     0.0 0     0.4 0     0.4 0   267.5 0   275.40 0   275.10 0   306.0 0   275.02 0   275.03 0     0.0 0     0.0 0     0.0 0   -38.5 0   -38.5 0     2.5 0    80.7 0     1.8 0   257.8 0   934.3 0
 2019   4  1  4  9 55  9.917 137.91    -2.0 0    -0.4 0     0.4 0     0.0 0   268.6 0   275.38 0   275.22 0   307.7 0   275.02 0   275.05 0     0.0 0     0.0 0     0.0 0   -39.1 0   -39.1 0     2.6 0    80.4 0     2.0 0   257.6 0   934.3 0
 2019   4  1  4  9 56  9.933 137.75    -2.2 0    -0.8 0     0.0 0     0.0 0   269.0 0   275.40 0   275.29 0   308.5 0   275.04 0   275.10 0     0.0 0     0.0 0     0.0 0   -39.5 0   -39.5 0     2.7 0    79.7 0     1.8 0   251.7 0   934.3 0
 2019   4  1  4  9 57  9.950 137.60    -2.8 0    -0.8 0    -0.3 0     0.0 0   269.4 0   275.44 0   275.37 0   309.5 0   275.06 0   275.13 0     0.0 0     0.0 0     0.0 0   -40.2 0   -40.2 0     2.9 0    79.1 0     3.4 0   241.2 0   934.3 0
 2019   4  1  4  9 58  9.967 137.44    -2.9 0    -0.8 0    -0.9 0     0.0 0   269.9 0   275.49 0   275.46 0   310.3 0   275.10 0   275.18 0     0.0 0     0.0 0     0.0 0   -40.4 0   -40.4 0     3.0 0    78.5 0     3.0 0   242.1 0   934.3 0
 2019   4  1  4  9 59  9.983 137.29    -2.9 0    -0.8 0    -1.2 0     0.0 0   270.3 0   275.56 0   275.54 0   310.9 0   275.14 0   275.24 0     0.0 0     0.0 0     0.0 0   -40.7 0   -40.7 0     3.1 0    78.3 0     4.8 0   238.6 0   934.2 0
 2019   4  1  4 10  0 10.000 137.13    -2.9 0    -1.0 0    -1.2 0     0.0 0   270.6 0   275.63 0   275.61 0   311.8 0   275.20 0   275.32 0     0.0 0     0.0 0     0.0 0   -41.2 0   -41.2 0     3.2 0    77.5 0     5.6 0   243.0 0   934.2 0
 2019   4  1  4 10  1 10.017 136.98    -2.9 0    -1.4 0    -1.3 0     0.0 0   271.4 0   275.70 0   275.68 0   312.3 0   275.27 0   275.40 0     0.0 0     0.0 0     0.0 0   -40.9 0   -40.9 0     3.2 0    77.3 0     5.7 0   239.7 0   934.2 0
 2019   4  1  4 10  2 10.033 136.82    -2.9 0    -1.5 0    -1.4 0     0.0 0   271.3 0   275.78 0   275.77 0   312.9 0   275.35 0   275.48 0     0.0 0     0.0 0     0.0 0   -41.6 0   -41.6 0     3.3 0    76.9 0     6.9 0   241.3 0   934.2 0
 2019   4  1  4 10  3 10.050 136.66    -2.9 0    -1.3 0    -1.2 0     0.0 0   271.6 0   275.85 0   275.81 0   312.9 0   275.44 0   275.55 0     0.0 0     0.0 0     0.0 0   -41.2 0   -41.2 0     3.4 0    76.7 0     6.3 0   241.4 0   934.1 0
 2019   4  1  4 10  4 10.067 136.51    -2.9 0    -1.2 0    -1.2 0     0.0 0   272.2 0   275.92 0   275.88 0   313.5 0   275.51 0   275.63 0     0.0 0     0.0 0     0.0 0   -41.3 0   -41.3 0     3.4 0    76.7 0     7.2 0   240.8 0   934.1 0
 2019   4  1  4 10  5 10.083 136.35    -2.9 0    -1.5 0    -0.9 0     0.0 0   272.7 0   275.99 0   275.94 0   313.6 0   275.59 0   275.71 0     0.0 0     0.0 0     0.0 0   -40.8 0   -40.8 0     3.4 0    76.3 0     6.7 0   238.7 0   934.0 0
 2019   4  1  4 10  6 10.100 136.20    -2.9 0    -0.8 0    -1.1 0     0.0 0   273.8 0   276.06 0   276.01 0   313.9 0   275.66 0   275.75 0     0.0 0     0.0 0     0.0 0   -40.1 0   -40.1 0     3.4 0    76.7 0     6.7 0   241.2 0   934.0 0
 2019   4  1  4 10  7 10.117 136.04    -2.9 0    -0.8 0    -0.9 0     0.0 0   274.6 0   276.13 0   276.06 0   314.3 0   275.73 0   275.83 0     0.0 0     0.0 0     0.0 0   -39.7 0   -39.7 0     3.5 0    76.4 0     7.4 0   241.3 0   933.9 0
 2019   4  1  4 10  8 10.133 135.88    -2.9 0    -1.1 0    -0.5 0     0.0 0   275.2 0   276.19 0   276.11 0   314.5 0   275.80 0   275.90 0     0.0 0     0.0 0     0.0 0   -39.3 0   -39.3 0     3.5 0    75.8 0     7.2 0   240.4 0   933.9 0
 2019   4  1  4 10  9 10.150 135.72    -2.9 0    -0.9 0    -0.5 0     0.0 0   275.7 0   276.25 0   276.17 0   314.7 0   275.87 0   275.97 0     0.0 0     0.0 0     0.0 0   -39.0 0   -39.0 0     3.6 0    75.8 0     7.4 0   242.0 0   933.9 0
 2019   4  1  4 10 10 10.167 135.57    -2.9 0    -0.8 0    -0.4 0     0.0 0   276.1 0   276.30 0   276.24 0   314.8 0   275.94 0   276.04 0     0.0 0     0.0 0     0.0 0   -38.6 0   -38.6 0     3.7 0    75.5 0     7.2 0   241.0 0   933.8 0
 2019   4  1  4 10 11 10.183 135.41    -2.9 0    -0.8 0    -0.4 0     0.0 0   276.4 0   276.36 0   276.29 0   314.9 0   276.01 0   276.09 0     0.0 0     0.0 0     0.0 0   -38.4 0   -38.4 0     3.7 0    75.5 0     6.8 0   240.1 0   933.9 0
 2019   4  1  4 10 12 10.200 135.25    -2.9 0    -0.8 0    -0.4 0     0.0 0   276.5 0   276.42 0   276.31 0   314.8 0   276.07 0   276.13 0     0.0 0     0.0 0     0.0 0   -38.3 0   -38.3 0     3.7 0    75.5 0     7.3 0   240.5 0   934.0 0
 2019   4  1  4 10 13 10.217 135.09    -2.9 0    -0.8 0    -0.4 0     0.0 0   276.4 0   276.46 0   276.35 0   315.1 0   276.12 0   276.18 0     0.0 0     0.0 0     0.0 0   -38.7 0   -38.7 0     3.7 0    75.4 0     7.4 0   241.9 0   934.0 0
 2019   4  1  4 10 14 10.233 134.93    -2.9 0    -0.8 0    -0.4 0     0.0 0   276.6 0   276.50 0   276.40 0   315.1 0   276.17 0   276.23 0     0.0 0     0.0 0     0.0 0   -38.5 0   -38.5 0     3.7 0    75.3 0     6.9 0   243.5 0   934.1 0
 2019   4  1  4 10 15 10.250 134.77    -2.9 0    -0.8 0    -0.4 0     0.0 0   276.4 0   276.55 0   276.43 0   315.1 0   276.21 0   276.26 0     0.0 0     0.0 0     0.0 0   -38.7 0   -38.7 0     3.7 0    75.2 0     7.1 0   240.9 0   934.1 0
 2019   4  1  4 10 16 10.267 134.62    -2.9 0    -0.8 0    -0.3 0     0.0 0   276.3 0   276.58 0   276.46 0   314.8 0   276.25 0   276.28 0     0.0 0     0.0 0     0.0 0   -38.5 0   -38.5 0     3.7 0    75.5 0     6.3 0   240.8 0   934.1 0
 2019   4  1  4 10 17 10.283 134.46    -2.9 0    -0.8 0    -0.2 0     0.0 0   276.2 0   276.62 0   276.48 0   314.8 0   276.28 0   276.31 0     0.0 0     0.0 0     0.0 0   -38.6 0   -38.6 0     3.6 0    75.7 0     6.8 0   239.3 0   934.0 0
 2019   4  1  4 10 18 10.300 134.30    -2.9 0    -0.8 0     0.0 0     0.1 0   276.1 0   276.65 0   276.50 0   315.1 0   276.30 0   276.34 0     0.0 0     0.0 0     0.0 0   -38.9 0   -38.9 0     3.6 0    75.5 0     6.9 0   238.3 0   934.0 0
 2019   4  1  4 10 19 10.317 134.14    -2.9 0    -0.8 0     0.0 0     0.1 0   276.7 0   276.68 0   276.53 0   315.0 0   276.33 0   276.35 0     0.0 0     0.0 0     0.0 0   -38.3 0   -38.3 0     3.6 0    75.6 0     6.5 0   241.4 0   934.0 0
 2019   4  1  4 10 20 10.333 133.98    -2.9 0    -0.7 0     0.0 0     0.1 0   277.3 0   276.70 0   276.55 0   314.9 0   276.35 0   276.35 0     0.0 0     0.0 0     0.0 0   -37.6 0   -37.6 0     3.5 0    75.8 0     6.2 0   239.3 0   934.0 0
 2019   4  1  4 10 21 10.350 133.82    -2.6 0    -0.1 0     0.1 0     0.1 0   278.0 0   276.73 0   276.56 0   314.5 0   276.35 0   276.35 0     0.0 0     0.0 0     0.0 0   -36.5 0   -36.5 0     3.5 0    76.2 0     6.1 0   240.2 0   934.0 0
 2019   4  1  4 10 22 10.367 133.66    -2.4 0    -0.5 0     0.1 0     0.2 0   278.5 0   276.74 0   276.57 0   314.6 0   276.36 0   276.37 0     0.0 0     0.0 0     0.0 0   -36.1 0   -36.1 0     3.5 0    75.9 0     6.2 0   241.7 0   934.0 0
 2019   4  1  4 10 23 10.383 133.50    -2.3 0    -0.1 0     0.4 0     0.3 0   278.9 0   276.76 0   276.56 0   314.4 0   276.37 0   276.37 0     0.0 0     0.0 0     0.0 0   -35.5 0   -35.5 0     3.5 0    76.1 0     5.4 0   240.3 0   934.0 0
 2019   4  1  4 10 24 10.400 133.34    -2.0 0    -0.3 0     0.4 0     0.2 0   279.3 0   276.76 0   276.58 0   314.7 0   276.37 0   276.38 0     0.0 0     0.0 0     0.0 0   -35.4 0   -35.4 0     3.5 0    76.1 0     6.2 0   241.5 0   934.0 0
 2019   4  1  4 10 25 10.417 133.18    -2.0 0    -0.4 0     0.4 0     0.1 0   279.6 0   276.78 0   276.58 0   314.4 0   276.37 0   276.38 0     0.0 0     0.0 0     0.0 0   -34.8 0   -34.8 0     3.5 0    75.9 0     5.6 0   241.4 0   934.0 0
 2019   4  1  4 10 26 10.433 133.02    -2.0 0    -0.4 0     0.2 0     0.1 0   279.8 0   276.78 0   276.59 0   314.7 0   276.38 0   276.40 0     0.0 0     0.0 0     0.0 0   -34.9 0   -34.9 0     3.5 0    75.8 0     6.0 0   242.4 0   934.1 0
 2019   4  1  4 10 27 10.450 132.85    -2.0 0    -0.7 0     0.1 0     0.1 0   279.6 0   276.78 0   276.61 0   315.0 0   276.40 0   276.40 0     0.0 0     0.0 0     0.0 0   -35.5 0   -35.5 0     3.6 0    75.7 0     6.0 0   243.4 0   934.1 0
 2019   4  1  4 10 28 10.467 132.69    -2.0 0    -0.4 0     0.1 0     0.1 0   279.5 0   276.81 0   276.61 0   314.7 0   276.40 0   276.40 0     0.0 0     0.0 0     0.0 0   -35.2 0   -35.2 0     3.6 0    75.8 0     5.1 0   245.0 0   934.1 0
 2019   4  1  4 10 29 10.483 132.53    -2.0 0    -0.1 0     0.2 0     0.0 0   278.9 0   276.81 0   276.62 0   314.4 0   276.40 0   276.40 0     0.0 0     0.0 0     0.0 0   -35.5 0   -35.5 0     3.5 0    75.9 0     5.1 0   244.7 0   934.1 0
 2019   4  1  4 10 30 10.500 132.37    -2.0 0     0.0 0     0.2 0     0.0 0   278.5 0   276.81 0   276.62 0   314.3 0   276.40 0   276.40 0     0.0 0     0.0 0     0.0 0   -35.8 0   -35.8 0     3.5 0    75.9 0     4.7 0   242.8 0   934.1 0
 2019   4  1  4 10 31 10.517 132.21    -2.0 0    -0.2 0     0.2 0     0.0 0   277.9 0   276.83 0   276.62 0   314.2 0   276.40 0   276.40 0     0.0 0     0.0 0     0.0 0   -36.4 0   -36.4 0     3.6 0    75.9 0     4.3 0   248.0 0   934.2 0
 2019   4  1  4 10 32 10.533 132.05    -2.0 0    -0.6 0     0.0 0     0.0 0   276.3 0   276.83 0   276.64 0   314.0 0   276.40 0   276.42 0     0.0 0     0.0 0     0.0 0   -37.7 0   -37.7 0     3.6 0    75.6 0     3.8 0   250.1 0   934.3 0
 2019   4  1  4 10 33 10.550 131.89    -2.0 0    -0.3 0     0.0 0     0.0 0   273.8 0   276.83 0   276.64 0   313.5 0   276.41 0   276.42 0     0.0 0     0.0 0     0.0 0   -39.7 0   -39.7 0     3.6 0    75.5 0     2.7 0   251.7 0   934.3 0
 2019   4  1  4 10 34 10.567 131.72    -2.0 0    -0.2 0     0.2 0     0.0 0   271.0 0   276.83 0   276.64 0   313.2 0   276.41 0   276.42 0     0.0 0     0.0 0     0.0 0   -42.2 0   -42.2 0     3.6 0    75.3 0     2.9 0   256.3 0   934.3 0
 2019   4  1  4 10 35 10.583 131.56    -2.0 0    -0.3 0     0.1 0     0.0 0   267.9 0   276.84 0   276.65 0   312.7 0   276.42 0   276.41 0     0.0 0     0.0 0     0.0 0   -44.8 0   -44.8 0     3.7 0    75.0 0     1.9 0   248.4 0   934.3 0
 2019   4  1  4 10 36 10.600 131.40    -2.0 0    -0.2 0     0.2 0     0.0 0   264.8 0   276.86 0   276.66 0   311.7 0   276.40 0   276.40 0     0.0 0     0.0 0     0.0 0   -47.0 0   -47.0 0     3.7 0    75.0 0     2.0 0   245.1 0   934.2 0
 2019   4  1  4 10 37 10.617 131.24    -2.0 0    -0.1 0     0.2 0     0.0 0   262.1 0   276.87 0   276.66 0   311.1 0   276.40 0   276.40 0     0.0 0     0.0 0     0.0 0   -49.0 0   -49.0 0     3.7 0    75.0 0     2.0 0   234.5 0   934.1 0
 2019   4  1  4 10 38 10.633 131.07    -2.0 0     0.0 0     0.4 0     0.0 0   260.1 0   276.88 0   276.64 0   310.5 0   276.40 0   276.37 0     0.0 0     0.0 0     0.0 0   -50.4 0   -50.4 0     3.7 0    75.2 0     1.8 0   227.6 0   934.2 0
 2019   4  1  4 10 39 10.650 130.91    -2.0 0     0.0 0     0.4 0     0.0 0   258.4 0   276.88 0   276.62 0   310.5 0   276.39 0   276.36 0     0.0 0     0.0 0     0.0 0   -52.1 0   -52.1 0     3.6 0    75.4 0     1.9 0   234.2 0   934.2 0
 2019   4  1  4 10 40 10.667 130.75    -2.0 0     0.0 0     0.4 0     0.1 0   257.1 0   276.86 0   276.60 0   309.6 0   276.37 0   276.34 0     0.0 0     0.0 0     0.0 0   -52.6 0   -52.6 0     3.5 0    75.7 0     1.3 0   217.7 0   934.3 0
 2019   4  1  4 10 41 10.683 130.59    -2.0 0     0.0 0     0.4 0     0.0 0   256.1 0   276.85 0   276.58 0   309.2 0   276.35 0   276.31 0     0.0 0     0.0 0     0.0 0   -53.1 0   -53.1 0     3.4 0    76.1 0     1.5 0   227.4 0   934.2 0
 2019   4  1  4 10 42 10.700 130.42    -2.0 0     0.0 0     0.4 0     0.1 0   255.6 0   276.83 0   276.54 0   308.8 0   276.32 0   276.29 0     0.0 0     0.0 0     0.0 0   -53.2 0   -53.2 0     3.3 0    76.3 0     1.9 0   220.8 0   934.2 0
 2019   4  1  4 10 43 10.717 130.26    -2.0 0     0.0 0     0.4 0     0.1 0   255.4 0   276.82 0   276.51 0   309.8 0   276.30 0   276.26 0     0.0 0     0.0 0     0.0 0   -54.4 0   -54.4 0     3.3 0    76.6 0     2.6 0   220.4 0   934.1 0
 2019   4  1  4 10 44 10.733 130.10    -2.0 0     0.0 0     0.4 0     0.1 0   255.3 0   276.79 0   276.49 0   309.8 0   276.27 0   276.24 0     0.0 0     0.0 0     0.0 0   -54.5 0   -54.5 0     3.2 0    76.7 0     2.2 0   232.5 0   934.1 0
 2019   4  1  4 10 45 10.750 129.93    -2.0 0     0.0 0     0.4 0     0.0 0   255.3 0   276.77 0   276.48 0   310.1 0   276.25 0   276.21 0     0.0 0     0.0 0     0.0 0   -54.8 0   -54.8 0     3.2 0    76.9 0     2.9 0   236.2 0   934.2 0
 2019   4  1  4 10 46 10.767 129.77    -2.0 0    -0.1 0     0.4 0     0.0 0   255.2 0   276.74 0   276.45 0   310.1 0   276.22 0   276.19 0     0.0 0     0.0 0     0.0 0   -54.9 0   -54.9 0     3.2 0    76.7 0     3.1 0   237.5 0   934.2 0
 2019   4  1  4 10 47 10.783 129.61    -2.0 0     0.0 0     0.4 0     0.1 0   255.5 0   276.73 0   276.43 0   310.0 0   276.20 0   276.16 0     0.0 0     0.0 0     0.0 0   -54.5 0   -54.5 0     3.2 0    76.9 0     2.6 0   224.7 0   934.1 0
 2019   4  1  4 10 48 10.800 129.44    -2.0 0     0.0 0     0.4 0     0.1 0   255.7 0   276.70 0   276.39 0   310.2 0   276.18 0   276.15 0     0.0 0     0.0 0     0.0 0   -54.5 0   -54.5 0     3.1 0    77.0 0     3.1 0   230.6 0   934.2 0
 2019   4  1  4 10 49 10.817 129.28    -2.0 0     0.0 0     0.4 0     0.1 0   256.2 0   276.68 0   276.41 0   310.5 0   276.15 0   276.13 0     0.0 0     0.0 0     0.0 0   -54.4 0   -54.4 0     3.1 0    77.0 0     3.4 0   241.7 0   934.1 0
 2019   4  1  4 10 50 10.833 129.11    -2.0 0     0.0 0     0.4 0     0.0 0   256.2 0   276.66 0   276.37 0   310.7 0   276.14 0   276.11 0     0.0 0     0.0 0     0.0 0   -54.6 0   -54.6 0     3.1 0    76.9 0     3.4 0   237.1 0   934.1 0
 2019   4  1  4 10 51 10.850 128.95    -2.0 0    -0.2 0     0.4 0     0.2 0   256.7 0   276.64 0   276.36 0   311.2 0   276.12 0   276.11 0     0.0 0     0.0 0     0.0 0   -54.5 0   -54.5 0     3.2 0    76.7 0     4.4 0   242.0 0   934.1 0
 2019   4  1  4 10 52 10.867 128.79    -2.0 0    -0.3 0     0.4 0     0.0 0   257.1 0   276.62 0   276.34 0   311.1 0   276.11 0   276.11 0     0.0 0     0.0 0     0.0 0   -53.9 0   -53.9 0     3.2 0    76.5 0     3.9 0   243.5 0   934.1 0
 2019   4  1  4 10 53 10.883 128.62    -2.0 0    -0.3 0     0.3 0     0.0 0   257.4 0   276.60 0   276.35 0   311.2 0   276.11 0   276.11 0     0.0 0     0.0 0     0.0 0   -53.8 0   -53.8 0     3.3 0    76.4 0     3.9 0   247.5 0   934.0 0
 2019   4  1  4 10 54 10.900 128.46    -2.0 0    -0.5 0     0.1 0     0.1 0   258.1 0   276.59 0   276.34 0   311.5 0   276.11 0   276.11 0     0.0 0     0.0 0     0.0 0   -53.5 0   -53.5 0     3.3 0    76.2 0     4.5 0   249.4 0   934.0 0
 2019   4  1  4 10 55 10.917 128.29    -2.0 0    -0.5 0    -0.2 0     0.0 0   259.0 0   276.58 0   276.36 0   311.7 0   276.11 0   276.11 0     0.0 0     0.0 0     0.0 0   -52.7 0   -52.7 0     3.4 0    76.1 0     3.1 0   249.3 0   934.0 0
 2019   4  1  4 10 56 10.933 128.13    -2.0 0    -0.4 0    -0.2 0     0.0 0   259.5 0   276.57 0   276.36 0   311.6 0   276.11 0   276.13 0     0.0 0     0.0 0     0.0 0   -52.1 0   -52.1 0     3.4 0    76.0 0     3.6 0   251.6 0   934.0 0
 2019   4  1  4 10 57 10.950 127.96    -2.0 0    -0.7 0    -0.4 0     0.0 0   260.7 0   276.59 0   276.38 0   312.4 0   276.12 0   276.16 0     0.0 0     0.0 0     0.0 0   -51.7 0   -51.7 0     3.5 0    75.6 0     3.9 0   250.1 0   934.0 0
 2019   4  1  4 10 58 10.967 127.80    -2.0 0    -0.8 0    -0.4 0     0.0 0   261.2 0   276.59 0   276.41 0   312.7 0   276.14 0   276.18 0     0.0 0     0.0 0     0.0 0   -51.5 0   -51.5 0     3.6 0    75.0 0     4.0 0   252.2 0   934.0 0
 2019   4  1  4 10 59 10.983 127.63    -2.0 0    -0.8 0    -0.4 0     0.0 0   261.9 0   276.59 0   276.40 0   312.6 0   276.16 0   276.20 0     0.0 0     0.0 0     0.0 0   -50.7 0   -50.7 0     3.7 0    74.7 0     4.1 0   251.2 0   933.9 0
 2019   4  1  4 11  0 11.000 127.47    -2.0 0    -0.8 0    -0.6 0     0.0 0   263.1 0   276.62 0   276.48 0   312.8 0   276.19 0   276.23 0     0.0 0     0.0 0     0.0 0   -49.7 0   -49.7 0     3.7 0    74.6 0     4.1 0   249.9 0   933.9 0
 2019   4  1  4 11  1 11.017 127.30    -2.0 0    -0.8 0    -0.4 0     0.0 0   263.8 0   276.64 0   276.47 0   312.9 0   276.21 0   276.25 0     0.0 0     0.0 0     0.0 0   -49.1 0   -49.1 0     3.8 0    74.3 0     4.1 0   253.2 0   933.9 0
 2019   4  1  4 11  2 11.033 127.14    -2.0 0    -0.8 0    -0.4 0     0.0 0   265.2 0   276.66 0   276.48 0   313.1 0   276.24 0   276.27 0     0.0 0     0.0 0     0.0 0   -47.9 0   -47.9 0     3.8 0    74.2 0     4.4 0   255.7 0   933.8 0
 2019   4  1  4 11  3 11.050 126.97    -2.0 0    -0.8 0    -0.4 0     0.0 0   266.9 0   276.68 0   276.51 0   313.2 0   276.25 0   276.30 0     0.0 0     0.0 0     0.0 0   -46.3 0   -46.3 0     3.8 0    74.0 0     4.8 0   257.4 0   933.8 0
 2019   4  1  4 11  4 11.067 126.81    -2.0 0    -0.8 0    -0.4 0     0.0 0   268.4 0   276.70 0   276.54 0   313.2 0   276.28 0   276.30 0     0.0 0     0.0 0     0.0 0   -44.8 0   -44.8 0     3.8 0    74.1 0     4.2 0   264.0 0   933.8 0
 2019   4  1  4 11  5 11.083 126.64    -2.0 0    -0.8 0    -0.4 0     0.0 0   270.0 0   276.72 0   276.54 0   313.2 0   276.30 0   276.32 0     0.0 0     0.0 0     0.0 0   -43.2 0   -43.2 0     3.8 0    74.3 0     4.1 0   268.1 0   933.9 0
 2019   4  1  4 11  6 11.100 126.48    -2.0 0    -0.8 0    -0.4 0     0.0 0   271.4 0   276.74 0   276.56 0   313.1 0   276.31 0   276.35 0     0.0 0     0.0 0     0.0 0   -41.7 0   -41.7 0     3.8 0    74.0 0     3.7 0   269.8 0   933.9 0
 2019   4  1  4 11  7 11.117 126.31    -2.0 0    -0.8 0    -0.3 0     0.0 0   272.3 0   276.74 0   276.57 0   312.7 0   276.32 0   276.35 0     0.0 0     0.0 0     0.0 0   -40.5 0   -40.5 0     3.7 0    74.2 0     3.4 0   278.2 0   933.9 0
 2019   4  1  4 11  8 11.133 126.15    -2.0 0    -0.5 0    -0.2 0     0.0 0   273.4 0   276.76 0   276.58 0   312.2 0   276.32 0   276.34 0     0.0 0     0.0 0     0.0 0   -38.8 0   -38.8 0     3.6 0    74.6 0     2.9 0   288.3 0   933.9 0
 2019   4  1  4 11  9 11.150 125.98    -2.0 0    -0.6 0     0.0 0     0.0 0   274.6 0   276.78 0   276.58 0   312.5 0   276.33 0   276.35 0     0.0 0     0.0 0     0.0 0   -37.9 0   -37.9 0     3.6 0    74.6 0     2.7 0   288.8 0   933.9 0
 2019   4  1  4 11 10 11.167 125.82    -2.0 0    -0.5 0     0.0 0     0.0 0   275.6 0   276.78 0   276.60 0   312.2 0   276.34 0   276.34 0     0.0 0     0.0 0     0.0 0   -36.6 0   -36.6 0     3.6 0    74.7 0     2.4 0   291.9 0   933.9 0
 2019   4  1  4 11 11 11.183 125.65    -2.0 0    -0.6 0     0.0 0     0.0 0   276.0 0   276.78 0   276.59 0   312.1 0   276.33 0   276.35 0     0.0 0     0.0 0     0.0 0   -36.2 0   -36.2 0     3.6 0    74.7 0     2.6 0   282.9 0   933.9 0
 2019   4  1  4 11 12 11.200 125.49    -2.0 0    -0.7 0     0.0 0     0.0 0   276.4 0   276.79 0   276.61 0   311.7 0   276.32 0   276.34 0     0.0 0     0.0 0     0.0 0   -35.4 0   -35.4 0     3.6 0    74.7 0     1.9 0   289.8 0   933.8 0
 2019   4  1  4 11 13 11.217 125.32    -2.0 0    -0.8 0    -0.2 0     0.0 0   277.3 0   276.81 0   276.64 0   312.2 0   276.32 0   276.34 0     0.0 0     0.0 0     0.0 0   -34.9 0   -34.9 0     3.6 0    74.6 0     3.0 0   277.6 0   933.8 0
 2019   4  1  4 11 14 11.233 125.15    -2.0 0    -0.8 0    -0.3 0     0.0 0   277.5 0   276.82 0   276.64 0   311.7 0   276.32 0   276.34 0     0.0 0     0.0 0     0.0 0   -34.2 0   -34.2 0     3.7 0    74.5 0     2.0 0   279.1 0   933.8 0
 2019   4  1  4 11 15 11.250 124.99    -2.0 0    -0.8 0    -0.2 0     0.0 0   278.0 0   276.83 0   276.64 0   312.4 0   276.32 0   276.35 0     0.0 0     0.0 0     0.0 0   -34.4 0   -34.4 0     3.7 0    74.7 0     3.3 0   261.3 0   933.8 0
 2019   4  1  4 11 16 11.267 124.82    -2.0 0    -0.8 0    -0.1 0     0.0 0   278.0 0   276.83 0   276.64 0   313.0 0   276.33 0   276.35 0     0.0 0     0.0 0     0.0 0   -34.9 0   -34.9 0     3.7 0    74.6 0     4.2 0   261.6 0   933.8 0
 2019   4  1  4 11 17 11.283 124.66    -2.0 0    -0.8 0    -0.3 0     0.0 0   278.5 0   276.83 0   276.67 0   313.9 0   276.35 0   276.38 0     0.0 0     0.0 0     0.0 0   -35.3 0   -35.3 0     3.8 0    74.3 0     4.3 0   257.0 0   933.8 0
 2019   4  1  4 11 18 11.300 124.49    -2.0 0    -0.8 0    -0.4 0     0.0 0   279.2 0   276.85 0   276.70 0   313.8 0   276.35 0   276.39 0     0.0 0     0.0 0     0.0 0   -34.6 0   -34.6 0     3.8 0    74.1 0     3.9 0   256.9 0   933.8 0
 2019   4  1  4 11 19 11.317 124.33    -2.0 0    -0.8 0    -0.4 0     0.0 0   279.2 0   276.87 0   276.73 0   314.2 0   276.38 0   276.41 0     0.0 0     0.0 0     0.0 0   -35.1 0   -35.1 0     3.8 0    73.9 0     4.4 0   259.5 0   933.8 0
 2019   4  1  4 11 20 11.333 124.16    -2.0 0    -0.8 0    -0.4 0     0.0 0   279.5 0   276.89 0   276.74 0   314.3 0   276.40 0   276.43 0     0.0 0     0.0 0     0.0 0   -34.8 0   -34.8 0     3.9 0    73.8 0     4.3 0   258.9 0   933.8 0
 2019   4  1  4 11 21 11.350 123.99    -2.0 0    -0.8 0    -0.4 0     0.0 0   279.6 0   276.92 0   276.77 0   314.3 0   276.42 0   276.45 0     0.0 0     0.0 0     0.0 0   -34.6 0   -34.6 0     3.9 0    73.5 0     3.6 0   264.5 0   933.7 0
 2019   4  1  4 11 22 11.367 123.83    -2.0 0    -0.8 0    -0.4 0     0.0 0   279.7 0   276.94 0   276.81 0   314.1 0   276.44 0   276.47 0     0.0 0     0.0 0     0.0 0   -34.4 0   -34.4 0     4.0 0    73.1 0     2.8 0   274.9 0   933.6 0
 2019   4  1  4 11 23 11.383 123.66    -2.0 0    -0.8 0    -0.4 0     0.0 0   279.5 0   276.96 0   276.82 0   313.0 0   276.44 0   276.47 0     0.0 0     0.0 0     0.0 0   -33.5 0   -33.5 0     4.0 0    73.2 0     2.0 0   289.6 0   933.6 0
 2019   4  1  4 11 24 11.400 123.50    -2.0 0    -0.8 0     0.0 0     0.0 0   279.2 0   276.98 0   276.81 0   312.3 0   276.45 0   276.47 0     0.0 0     0.0 0     0.0 0   -33.1 0   -33.1 0     3.9 0    73.2 0     1.9 0   325.2 0   933.7 0
 2019   4  1  4 11 25 11.417 123.33    -1.8 0    -0.5 0     0.3 0     0.1 0   278.8 0   276.98 0   276.77 0   311.6 0   276.45 0   276.46 0     0.0 0     0.0 0     0.0 0   -32.8 0   -32.8 0     3.9 0    73.5 0     1.7 0   321.8 0   933.8 0
 2019   4  1  4 11 26 11.433 123.16    -1.5 0    -0.2 0     0.4 0     0.3 0   278.8 0   276.98 0   276.74 0   310.8 0   276.45 0   276.43 0     0.0 0     0.0 0     0.0 0   -32.0 0   -32.0 0     3.8 0    73.6 0     1.6 0   340.3 0   933.8 0
 2019   4  1  4 11 27 11.450 123.00    -1.3 0     0.0 0     0.4 0     0.4 0   277.8 0   276.95 0   276.67 0   310.5 0   276.44 0   276.40 0     0.0 0     0.0 0     0.0 0   -32.6 0   -32.6 0     3.6 0    74.2 0     1.6 0   330.6 0   933.8 0
 2019   4  1  4 11 28 11.467 122.83    -1.0 0     0.0 0     0.4 0     0.4 0   277.5 0   276.91 0   276.61 0   309.6 0   276.42 0   276.39 0     0.0 0     0.0 0     0.0 0   -32.1 0   -32.1 0     3.5 0    74.7 0     1.9 0   325.6 0   933.8 0
 2019   4  1  4 11 29 11.483 122.66    -1.0 0     0.0 0     0.4 0     0.3 0   276.7 0   276.86 0   276.55 0   309.0 0   276.40 0   276.36 0     0.0 0     0.0 0     0.0 0   -32.4 0   -32.4 0     3.5 0    74.8 0     1.7 0   314.4 0   933.8 0
 2019   4  1  4 11 30 11.500 122.50    -1.0 0    -0.3 0     0.4 0     0.1 0   276.0 0   276.81 0   276.50 0   308.2 0   276.37 0   276.34 0     0.0 0     0.0 0     0.0 0   -32.2 0   -32.2 0     3.5 0    74.8 0     1.4 0   304.1 0   933.8 0
 2019   4  1  4 11 31 11.517 122.33    -1.0 0    -0.6 0     0.4 0     0.0 0   274.7 0   276.76 0   276.47 0   307.7 0   276.35 0   276.31 0     0.0 0     0.0 0     0.0 0   -33.0 0   -33.0 0     3.4 0    74.9 0     1.1 0   322.2 0   933.8 0
 2019   4  1  4 11 32 11.533 122.17    -1.0 0    -0.8 0     0.4 0     0.0 0   273.4 0   276.72 0   276.45 0   307.3 0   276.33 0   276.30 0     0.0 0     0.0 0     0.0 0   -33.9 0   -33.9 0     3.4 0    75.1 0     0.8 0   337.8 0   933.8 0
 2019   4  1  4 11 33 11.550 122.00    -1.0 0    -0.8 0     0.4 0     0.0 0   271.8 0   276.68 0   276.42 0   307.1 0   276.30 0   276.26 0     0.0 0     0.0 0     0.0 0   -35.3 0   -35.3 0     3.3 0    75.4 0     1.1 0   336.1 0   933.8 0
 2019   4  1  4 11 34 11.567 121.83    -1.0 0    -0.8 0     0.4 0     0.2 0   269.7 0   276.64 0   276.31 0   306.6 0   276.27 0   276.25 0     0.0 0     0.0 0     0.0 0   -37.0 0   -37.0 0     3.3 0    75.4 0     1.0 0   352.7 0   933.8 0
 2019   4  1  4 11 35 11.583 121.67    -0.7 0    -0.8 0     0.8 0     0.4 0   267.4 0   276.58 0   276.19 0   306.4 0   276.25 0   276.19 0     0.0 0     0.0 0     0.0 0   -39.0 0   -39.0 0     3.2 0    75.1 0     1.0 0    35.5 0   933.8 0
 2019   4  1  4 11 36 11.600 121.50    -0.1 0    -0.5 0     1.2 0     0.4 0   265.3 0   276.49 0   276.06 0   305.8 0   276.21 0   276.13 0     0.0 0     0.0 0     0.0 0   -40.5 0   -40.5 0     3.0 0    76.1 0     1.0 0    79.2 0   933.9 0
 2019   4  1  4 11 37 11.617 121.33     0.0 0    -0.4 0     1.2 0     0.4 0   264.3 0   276.39 0   275.93 0   305.1 0   276.16 0   276.06 0     0.0 0     0.0 0     0.0 0   -40.8 0   -40.8 0     2.7 0    77.2 0     1.4 0    98.5 0   933.9 0
 2019   4  1  4 11 38 11.633 121.17     0.0 0     0.0 0     1.2 0     0.3 0   263.3 0   276.27 0   275.80 0   304.5 0   276.10 0   275.96 0     0.0 0     0.0 0     0.0 0   -41.1 0   -41.1 0     2.3 0    78.5 0     1.2 0   114.7 0   933.9 0
 2019   4  1  4 11 39 11.650 121.00     0.0 0    -0.5 0     1.2 0     0.2 0   263.7 0   276.16 0   275.71 0   304.7 0   276.03 0   275.93 0     0.0 0     0.0 0     0.0 0   -41.1 0   -41.1 0     2.2 0    81.0 0     1.3 0   114.8 0   933.9 0
 2019   4  1  4 11 40 11.667 120.84     0.0 0    -0.8 0     1.2 0     0.0 0   263.5 0   276.05 0   275.61 0   305.2 0   275.97 0   275.91 0     0.0 0     0.0 0     0.0 0   -41.7 0   -41.7 0     2.3 0    80.7 0     1.3 0    99.0 0   933.8 0
 2019   4  1  4 11 41 11.683 120.67     0.0 0    -0.8 0     1.2 0     0.1 0   264.1 0   275.94 0   275.50 0   305.7 0   275.93 0   275.89 0     0.0 0     0.0 0     0.0 0   -41.6 0   -41.6 0     2.5 0    79.6 0     1.2 0    97.1 0   933.8 0
 2019   4  1  4 11 42 11.700 120.50     0.0 0    -0.8 0     1.2 0     0.0 0   264.0 0   275.85 0   275.42 0   305.7 0   275.90 0   275.87 0     0.0 0     0.0 0     0.0 0   -41.7 0   -41.7 0     2.6 0    79.1 0     0.7 0    58.4 0   933.9 0
 2019   4  1  4 11 43 11.717 120.34     0.0 0    -0.8 0     1.2 0     0.0 0   264.2 0   275.76 0   275.34 0   305.5 0   275.88 0   275.85 0     0.0 0     0.0 0     0.0 0   -41.3 0   -41.3 0     2.7 0    78.1 0     1.1 0   117.0 0   933.9 0
 2019   4  1  4 11 44 11.733 120.17     0.0 0    -0.8 0     1.2 0     0.1 0   264.3 0   275.67 0   275.25 0   305.0 0   275.84 0   275.79 0     0.0 0     0.0 0     0.0 0   -40.8 0   -40.8 0     2.7 0    78.2 0     1.5 0   134.3 0   933.9 0
 2019   4  1  4 11 45 11.750 120.00     0.0 0    -0.8 0     0.9 0     0.1 0   264.9 0   275.59 0   275.19 0   304.7 0   275.80 0   275.74 0     0.0 0     0.0 0     0.0 0   -39.8 0   -39.8 0     2.7 0    78.5 0     1.7 0   132.6 0   933.9 0
 2019   4  1  4 11 46 11.767 119.84     0.0 0    -0.8 0     0.8 0     0.0 0   264.9 0   275.50 0   275.11 0   304.7 0   275.77 0   275.71 0     0.0 0     0.0 0     0.0 0   -39.8 0   -39.8 0     2.6 0    78.7 0     1.7 0   131.4 0   933.9 0
 2019   4  1  4 11 47 11.783 119.67     0.0 0    -0.7 0     0.8 0     0.0 0   264.9 0   275.42 0   275.02 0   304.5 0   275.73 0   275.68 0     0.0 0     0.0 0     0.0 0   -39.5 0   -39.5 0     2.7 0    78.4 0     2.1 0   136.1 0   933.9 0
 2019   4  1  4 11 48 11.800 119.51     0.0 0    -0.1 0     0.8 0     0.0 0   265.2 0   275.35 0   274.95 0   304.4 0   275.69 0   275.63 0     0.0 0     0.0 0     0.0 0   -39.1 0   -39.1 0     2.7 0    78.6 0     2.4 0   138.8 0   933.9 0
 2019   4  1  4 11 49 11.817 119.34     0.0 0    -0.7 0     0.9 0     0.1 0   265.2 0   275.27 0   274.86 0   304.5 0   275.66 0   275.62 0     0.0 0     0.0 0     0.0 0   -39.2 0   -39.2 0     2.8 0    78.3 0     2.4 0   134.0 0   933.9 0
 2019   4  1  4 11 50 11.833 119.17     0.0 0    -0.8 0     1.1 0     0.2 0   264.8 0   275.18 0   274.77 0   304.3 0   275.63 0   275.60 0     0.0 0     0.0 0     0.0 0   -39.4 0   -39.4 0     2.9 0    77.5 0     2.4 0   137.7 0   933.9 0
 2019   4  1  4 11 51 11.850 119.01     0.0 0     0.0 0     1.2 0     0.3 0   264.5 0   275.09 0   274.66 0   304.5 0   275.61 0   275.56 0     0.0 0     0.0 0     0.0 0   -40.1 0   -40.1 0     2.8 0    77.8 0     2.7 0   149.2 0   934.0 0
 2019   4  1  4 11 52 11.867 118.84     0.0 0    -0.1 0     1.2 0     0.1 0   264.6 0   275.00 0   274.58 0   305.2 0   275.58 0   275.55 0     0.0 0     0.0 0     0.0 0   -40.6 0   -40.6 0     2.8 0    77.9 0     3.0 0   155.2 0   933.9 0
 2019   4  1  4 11 53 11.883 118.67     0.0 0    -0.3 0     1.1 0     0.0 0   264.2 0   274.92 0   274.53 0   305.6 0   275.56 0   275.53 0     0.0 0     0.0 0     0.0 0   -41.4 0   -41.4 0     2.8 0    77.6 0     3.1 0   160.5 0   934.0 0
 2019   4  1  4 11 54 11.900 118.51     0.0 0     0.0 0     0.9 0     0.0 0   264.0 0   274.85 0   274.49 0   306.1 0   275.54 0   275.50 0     0.0 0     0.0 0     0.0 0   -42.1 0   -42.1 0     2.6 0    78.1 0     3.3 0   161.3 0   934.0 0
 2019   4  1  4 11 55 11.917 118.34    -0.3 0     0.0 0     0.5 0     0.0 0   263.5 0   274.79 0   274.47 0   306.3 0   275.50 0   275.45 0     0.0 0     0.0 0     0.0 0   -42.9 0   -42.9 0     2.5 0    79.2 0     3.1 0   148.6 0   934.0 0
 2019   4  1  4 11 56 11.933 118.18    -0.5 0     0.0 0     0.5 0     0.1 0   262.3 0   274.74 0   274.37 0   305.5 0   275.47 0   275.40 0     0.0 0     0.0 0     0.0 0   -43.2 0   -43.2 0     2.3 0    79.4 0     3.3 0   149.3 0   934.1 0
 2019   4  1  4 11 57 11.950 118.01    -0.4 0     0.2 0     0.8 0     0.2 0   261.8 0   274.68 0   274.29 0   304.9 0   275.42 0   275.33 0     0.0 0     0.0 0     0.0 0   -43.1 0   -43.1 0     2.1 0    79.7 0     3.3 0   148.4 0   934.1 0
 2019   4  1  4 11 58 11.967 117.84    -0.3 0     0.8 0     0.8 0     0.1 0   261.5 0   274.62 0   274.24 0   304.7 0   275.36 0   275.26 0     0.0 0     0.0 0     0.0 0   -43.2 0   -43.2 0     1.9 0    80.9 0     3.3 0   150.4 0   934.2 0
 2019   4  1  4 11 59 11.983 117.68    -0.5 0     0.8 0     0.8 0     0.1 0   261.4 0   274.55 0   274.17 0   304.6 0   275.29 0   275.19 0     0.0 0     0.0 0     0.0 0   -43.3 0   -43.3 0     1.6 0    82.6 0     3.6 0   152.9 0   934.1 0
 2019   4  1  4 12  0 12.000 117.51    -0.4 0     0.5 0     0.8 0     0.1 0   261.0 0   274.49 0   274.10 0   304.5 0   275.22 0   275.14 0     0.0 0     0.0 0     0.0 0   -43.5 0   -43.5 0     1.7 0    82.7 0     3.5 0   152.1 0   934.2 0
 2019   4  1  4 12  1 12.017 117.35    -0.1 0     0.0 0     0.8 0     0.2 0   260.8 0   274.42 0   274.04 0   304.5 0   275.17 0   275.10 0     0.0 0     0.0 0     0.0 0   -43.6 0   -43.6 0     1.7 0    82.4 0     3.4 0   153.7 0   934.2 0
 2019   4  1  4 12  2 12.033 117.18    -0.5 0     0.0 0     0.5 0     0.0 0   260.1 0   274.36 0   274.02 0   304.2 0   275.12 0   275.03 0     0.0 0     0.0 0     0.0 0   -44.1 0   -44.1 0     1.5 0    82.4 0     3.2 0   151.0 0   934.2 0
 2019   4  1  4 12  3 12.050 117.02    -0.6 0     0.3 0     0.6 0     0.0 0   259.7 0   274.31 0   273.95 0   304.0 0   275.06 0   274.96 0     0.0 0     0.0 0     0.0 0   -44.3 0   -44.3 0     1.4 0    83.2 0     3.5 0   156.6 0   934.2 0
 2019   4  1  4 12  4 12.067 116.85    -1.0 0     0.7 0     0.4 0     0.1 0   258.6 0   274.26 0   273.91 0   304.0 0   274.99 0   274.88 0     0.0 0     0.0 0     0.0 0   -45.4 0   -45.4 0     1.1 0    83.3 0     3.3 0   161.0 0   934.1 0
 2019   4  1  4 12  5 12.083 116.68    -1.0 0     0.8 0     0.6 0     0.3 0   258.0 0   274.21 0   273.81 0   303.4 0   274.90 0   274.78 0     0.0 0     0.0 0     0.0 0   -45.4 0   -45.4 0     0.8 0    84.4 0     3.0 0   168.1 0   934.1 0
 2019   4  1  4 12  6 12.100 116.52    -1.0 0     0.8 0     0.7 0     0.4 0   257.7 0   274.15 0   273.75 0   303.4 0   274.82 0   274.70 0     0.0 0     0.0 0     0.0 0   -45.8 0   -45.8 0     0.7 0    85.1 0     3.6 0   166.1 0   934.0 0
 2019   4  1  4 12  7 12.117 116.35    -1.0 0     0.9 0     0.8 0     0.4 0   257.5 0   274.08 0   273.66 0   303.3 0   274.72 0   274.61 0     0.0 0     0.0 0     0.0 0   -45.8 0   -45.8 0     0.5 0    86.2 0     3.8 0   167.3 0   934.1 0
 2019   4  1  4 12  8 12.133 116.19    -1.0 0     0.7 0     0.4 0     0.2 0   257.4 0   274.02 0   273.68 0   304.0 0   274.64 0   274.56 0     0.0 0     0.0 0     0.0 0   -46.7 0   -46.7 0     0.7 0    86.0 0     3.9 0   163.3 0   934.1 0
 2019   4  1  4 12  9 12.150 116.02    -1.0 0     0.5 0     0.4 0     0.0 0   256.5 0   273.98 0   273.67 0   304.0 0   274.57 0   274.48 0     0.0 0     0.0 0     0.0 0   -47.5 0   -47.5 0     0.6 0    85.3 0     3.2 0   159.9 0   934.2 0
 2019   4  1  4 12 10 12.167 115.86    -1.0 0     0.8 0     0.4 0     0.0 0   256.1 0   273.94 0   273.64 0   303.9 0   274.50 0   274.40 0     0.0 0     0.0 0     0.0 0   -47.8 0   -47.8 0     0.5 0    86.0 0     3.3 0   169.1 0   934.2 0
 2019   4  1  4 12 11 12.183 115.69    -1.0 0     0.8 0     0.4 0     0.0 0   255.6 0   273.91 0   273.62 0   303.7 0   274.42 0   274.30 0     0.0 0     0.0 0     0.0 0   -48.1 0   -48.1 0     0.3 0    86.6 0     4.0 0   153.5 0   934.1 0
 2019   4  1  4 12 12 12.200 115.53    -1.0 0     0.8 0     0.4 0     0.0 0   255.3 0   273.88 0   273.57 0   303.6 0   274.34 0   274.21 0     0.0 0     0.0 0     0.0 0   -48.3 0   -48.3 0     0.2 0    87.0 0     3.8 0   164.1 0   934.2 0
 2019   4  1  4 12 13 12.217 115.36    -1.0 0     0.8 0     0.4 0     0.1 0   254.9 0   273.85 0   273.51 0   303.1 0   274.25 0   274.11 0     0.0 0     0.0 0     0.0 0   -48.2 0   -48.2 0     0.0 0    87.5 0     3.3 0   163.2 0   934.2 0
 2019   4  1  4 12 14 12.233 115.19    -1.0 0     0.8 0     0.4 0     0.4 0   255.4 0   273.81 0   273.44 0   302.7 0   274.15 0   274.01 0     0.0 0     0.0 0     0.0 0   -47.3 0   -47.3 0    -0.3 0    88.4 0     3.6 0   159.7 0   934.2 0
 2019   4  1  4 12 15 12.250 115.03    -1.0 0     0.8 0     0.4 0     0.4 0   256.1 0   273.76 0   273.37 0   302.3 0   274.05 0   273.92 0     0.0 0     0.0 0     0.0 0   -46.3 0   -46.3 0    -0.4 0    89.5 0     3.6 0   163.8 0   934.2 0
 2019   4  1  4 12 16 12.267 114.86    -1.0 0     0.8 0     0.4 0     0.4 0   256.8 0   273.70 0   273.32 0   302.2 0   273.96 0   273.84 0     0.0 0     0.0 0     0.0 0   -45.4 0   -45.4 0    -0.4 0    89.3 0     3.5 0   169.8 0   934.2 0
 2019   4  1  4 12 17 12.283 114.70    -1.0 0     0.8 0     0.4 0     0.4 0   258.2 0   273.65 0   273.27 0   302.3 0   273.87 0   273.76 0     0.0 0     0.0 0     0.0 0   -44.2 0   -44.2 0    -0.4 0    89.8 0     3.7 0   161.0 0   934.1 0
 2019   4  1  4 12 18 12.300 114.53    -1.0 0     0.8 0     0.4 0     0.3 0   258.0 0   273.59 0   273.23 0   302.3 0   273.78 0   273.67 0     0.0 0     0.0 0     0.0 0   -44.3 0   -44.3 0    -0.5 0    89.7 0     3.3 0   159.1 0   934.2 0
 2019   4  1  4 12 19 12.317 114.37    -1.0 0     0.8 0     0.5 0     0.2 0   258.0 0   273.54 0   273.16 0   301.8 0   273.70 0   273.57 0     0.0 0     0.0 0     0.0 0   -43.8 0   -43.8 0    -0.6 0    90.0 0     3.0 0   169.9 0   934.2 0
 2019   4  1  4 12 20 12.333 114.20    -1.0 0     0.8 0     0.5 0     0.2 0   259.4 0   273.48 0   273.12 0   302.1 0   273.61 0   273.51 0     0.0 0     0.0 0     0.0 0   -42.7 0   -42.7 0    -0.6 0    91.0 0     3.6 0   160.2 0   934.2 0
 2019   4  1  4 12 21 12.350 114.04    -1.0 0     0.3 0     0.4 0     0.0 0   259.7 0   273.44 0   273.14 0   303.0 0   273.54 0   273.47 0     0.0 0     0.0 0     0.0 0   -43.3 0   -43.3 0    -0.5 0    90.5 0     3.8 0   163.6 0   934.2 0
 2019   4  1  4 12 22 12.367 113.88    -1.0 0     0.2 0     0.4 0     0.0 0   259.4 0   273.40 0   273.07 0   302.6 0   273.48 0   273.40 0     0.0 0     0.0 0     0.0 0   -43.2 0   -43.2 0    -0.4 0    89.7 0     3.6 0   168.7 0   934.2 0
 2019   4  1  4 12 23 12.383 113.71    -1.0 0     0.6 0     0.4 0     0.2 0   260.1 0   273.36 0   273.00 0   302.3 0   273.42 0   273.34 0     0.0 0     0.0 0     0.0 0   -42.2 0   -42.2 0    -0.4 0    89.7 0     3.9 0   164.4 0   934.2 0
 2019   4  1  4 12 24 12.400 113.55    -1.0 0     0.8 0     0.4 0     0.4 0   260.3 0   273.31 0   272.95 0   302.2 0   273.35 0   273.28 0     0.0 0     0.0 0     0.0 0   -41.9 0   -41.9 0    -0.5 0    89.7 0     4.1 0   173.4 0   934.2 0
 2019   4  1  4 12 25 12.417 113.38    -1.0 0     0.8 0     0.4 0     0.4 0   260.6 0   273.26 0   272.91 0   302.2 0   273.29 0   273.22 0     0.0 0     0.0 0     0.0 0   -41.6 0   -41.6 0    -0.5 0    89.6 0     3.9 0   174.2 0   934.2 0
 2019   4  1  4 12 26 12.433 113.22    -1.0 0     0.8 0     0.4 0     0.2 0   260.7 0   273.21 0   272.88 0   302.0 0   273.23 0   273.15 0     0.0 0     0.0 0     0.0 0   -41.3 0   -41.3 0    -0.6 0    89.4 0     3.6 0   172.8 0   934.3 0
 2019   4  1  4 12 27 12.450 113.05    -1.0 0     0.8 0     0.4 0     0.2 0   261.2 0   273.17 0   272.83 0   301.6 0   273.16 0   273.08 0     0.0 0     0.0 0     0.0 0   -40.4 0   -40.4 0    -0.7 0    90.3 0     3.8 0   167.2 0   934.3 0
 2019   4  1  4 12 28 12.467 112.89    -1.0 0     0.8 0     0.4 0     0.2 0   261.9 0   273.13 0   272.80 0   301.7 0   273.10 0   273.03 0     0.0 0     0.0 0     0.0 0   -39.8 0   -39.8 0    -0.7 0    90.4 0     3.7 0   160.5 0   934.2 0
 2019   4  1  4 12 29 12.483 112.72    -1.0 0     0.8 0     0.4 0     0.2 0   261.8 0   273.08 0   272.75 0   301.5 0   273.05 0   272.97 0     0.0 0     0.0 0     0.0 0   -39.7 0   -39.7 0    -0.8 0    90.1 0     3.5 0   167.0 0   934.2 0
 2019   4  1  4 12 30 12.500 112.56    -1.0 0     0.5 0     0.4 0     0.1 0   262.4 0   273.04 0   272.71 0   301.3 0   272.99 0   272.92 0     0.0 0     0.0 0     0.0 0   -39.0 0   -39.0 0    -0.8 0    90.9 0     3.4 0   155.9 0   934.3 0
 2019   4  1  4 12 31 12.517 112.40    -1.0 0     0.0 0     0.4 0     0.0 0   263.2 0   272.99 0   272.68 0   301.5 0   272.94 0   272.88 0     0.0 0     0.0 0     0.0 0   -38.3 0   -38.3 0    -0.8 0    90.9 0     3.0 0   149.6 0   934.3 0
 2019   4  1  4 12 32 12.533 112.23    -1.0 0     0.0 0     0.4 0     0.0 0   263.2 0   272.95 0   272.66 0   301.5 0   272.90 0   272.86 0     0.0 0     0.0 0     0.0 0   -38.3 0   -38.3 0    -0.7 0    90.6 0     2.9 0   150.2 0   934.3 0
 2019   4  1  4 12 33 12.550 112.07    -1.0 0     0.0 0     0.4 0     0.0 0   263.6 0   272.92 0   272.63 0   301.2 0   272.86 0   272.81 0     0.0 0     0.0 0     0.0 0   -37.6 0   -37.6 0    -0.7 0    90.0 0     2.5 0   145.7 0   934.3 0
 2019   4  1  4 12 34 12.567 111.91    -1.0 0     0.0 0     0.4 0     0.0 0   263.9 0   272.88 0   272.60 0   301.2 0   272.82 0   272.77 0     0.0 0     0.0 0     0.0 0   -37.3 0   -37.3 0    -0.7 0    90.4 0     2.4 0   142.4 0   934.3 0
 2019   4  1  4 12 35 12.583 111.74    -1.0 0     0.0 0     0.4 0     0.0 0   264.3 0   272.85 0   272.57 0   301.0 0   272.78 0   272.74 0     0.0 0     0.0 0     0.0 0   -36.7 0   -36.7 0    -0.8 0    90.9 0     2.7 0   136.5 0   934.2 0
 2019   4  1  4 12 36 12.600 111.58    -1.0 0     0.0 0     0.4 0     0.0 0   263.6 0   272.82 0   272.57 0   301.0 0   272.75 0   272.71 0     0.0 0     0.0 0     0.0 0   -37.4 0   -37.4 0    -0.7 0    90.7 0     2.0 0   137.5 0   934.2 0
 2019   4  1  4 12 37 12.617 111.41    -1.0 0     0.0 0     0.4 0     0.0 0   263.5 0   272.79 0   272.56 0   300.7 0   272.71 0   272.67 0     0.0 0     0.0 0     0.0 0   -37.2 0   -37.2 0    -0.8 0    90.6 0     2.3 0   132.5 0   934.3 0
 2019   4  1  4 12 38 12.633 111.25    -1.0 0     0.0 0     0.3 0     0.0 0   263.1 0   272.76 0   272.53 0   301.2 0   272.68 0   272.65 0     0.0 0     0.0 0     0.0 0   -38.1 0   -38.1 0    -0.7 0    90.9 0     3.3 0   135.2 0   934.2 0
 2019   4  1  4 12 39 12.650 111.09    -1.0 0     0.0 0     0.1 0     0.0 0   262.8 0   272.76 0   272.54 0   301.3 0   272.66 0   272.62 0     0.0 0     0.0 0     0.0 0   -38.6 0   -38.6 0    -0.7 0    90.7 0     2.2 0   127.1 0   934.3 0
 2019   4  1  4 12 40 12.667 110.92    -1.0 0     0.0 0     0.0 0     0.0 0   262.0 0   272.74 0   272.55 0   301.1 0   272.63 0   272.62 0     0.0 0     0.0 0     0.0 0   -39.1 0   -39.1 0    -0.6 0    90.7 0     2.0 0   115.2 0   934.3 0
 2019   4  1  4 12 41 12.683 110.76    -1.0 0     0.0 0     0.0 0     0.0 0   261.7 0   272.74 0   272.55 0   300.7 0   272.61 0   272.61 0     0.0 0     0.0 0     0.0 0   -38.9 0   -38.9 0    -0.5 0    90.6 0     1.9 0   117.0 0   934.3 0
 2019   4  1  4 12 42 12.700 110.60    -1.1 0    -0.2 0    -0.1 0     0.0 0   261.8 0   272.74 0   272.56 0   301.4 0   272.61 0   272.61 0     0.0 0     0.0 0     0.0 0   -39.6 0   -39.6 0    -0.4 0    90.3 0     3.2 0   106.7 0   934.2 0
 2019   4  1  4 12 43 12.717 110.43    -1.4 0    -0.5 0    -0.1 0     0.0 0   260.7 0   272.74 0   272.55 0   301.4 0   272.59 0   272.60 0     0.0 0     0.0 0     0.0 0   -40.7 0   -40.7 0    -0.3 0    89.1 0     2.0 0   123.9 0   934.3 0
 2019   4  1  4 12 44 12.733 110.27    -1.4 0    -0.3 0     0.0 0     0.0 0   260.6 0   272.74 0   272.56 0   301.6 0   272.59 0   272.61 0     0.0 0     0.0 0     0.0 0   -41.0 0   -41.0 0    -0.2 0    89.7 0     2.7 0   109.8 0   934.3 0
 2019   4  1  4 12 45 12.750 110.11    -1.5 0    -0.4 0     0.0 0     0.0 0   259.6 0   272.74 0   272.56 0   301.4 0   272.59 0   272.59 0     0.0 0     0.0 0     0.0 0   -41.8 0   -41.8 0    -0.2 0    88.9 0     2.3 0   113.9 0   934.3 0
 2019   4  1  4 12 46 12.767 109.95    -1.6 0    -0.6 0    -0.2 0     0.0 0   259.6 0   272.75 0   272.58 0   301.8 0   272.59 0   272.61 0     0.0 0     0.0 0     0.0 0   -42.2 0   -42.2 0    -0.1 0    89.0 0     3.1 0   115.6 0   934.3 0
 2019   4  1  4 12 47 12.783 109.78    -2.0 0    -0.8 0    -0.4 0     0.0 0   258.5 0   272.76 0   272.61 0   301.7 0   272.59 0   272.61 0     0.0 0     0.0 0     0.0 0   -43.3 0   -43.3 0    -0.1 0    88.7 0     2.3 0   114.1 0   934.4 0
 2019   4  1  4 12 48 12.800 109.62    -2.0 0    -0.7 0    -0.4 0     0.0 0   258.7 0   272.77 0   272.62 0   301.8 0   272.60 0   272.63 0     0.0 0     0.0 0     0.0 0   -43.1 0   -43.1 0     0.0 0    88.6 0     3.0 0   114.6 0   934.3 0
 2019   4  1  4 12 49 12.817 109.46    -2.0 0    -0.8 0    -0.4 0     0.0 0   258.6 0   272.80 0   272.66 0   302.3 0   272.62 0   272.67 0     0.0 0     0.0 0     0.0 0   -43.8 0   -43.8 0     0.3 0    87.6 0     3.3 0   120.2 0   934.3 0
 2019   4  1  4 12 50 12.833 109.30    -2.0 0    -0.8 0    -0.4 0     0.0 0   258.5 0   272.82 0   272.69 0   303.2 0   272.65 0   272.71 0     0.0 0     0.0 0     0.0 0   -44.6 0   -44.6 0     0.4 0    86.6 0     3.7 0   117.9 0   934.2 0
 2019   4  1  4 12 51 12.850 109.14    -2.0 0    -0.8 0    -0.4 0     0.0 0   258.1 0   272.85 0   272.74 0   303.3 0   272.69 0   272.73 0     0.0 0     0.0 0     0.0 0   -45.2 0   -45.2 0     0.5 0    86.2 0     3.3 0   136.4 0   934.3 0
 2019   4  1  4 12 52 12.867 108.97    -2.0 0    -0.8 0    -0.4 0     0.0 0   257.7 0   272.89 0   272.79 0   303.5 0   272.72 0   272.76 0     0.0 0     0.0 0     0.0 0   -45.8 0   -45.8 0     0.5 0    86.0 0     3.4 0   136.3 0   934.3 0
 2019   4  1  4 12 53 12.883 108.81    -2.0 0    -0.9 0    -0.4 0     0.0 0   257.9 0   272.93 0   272.81 0   303.6 0   272.76 0   272.80 0     0.0 0     0.0 0     0.0 0   -45.7 0   -45.7 0     0.6 0    85.7 0     3.6 0   137.6 0   934.3 0
 2019   4  1  4 12 54 12.900 108.65    -2.0 0    -0.8 0    -0.4 0     0.0 0   258.1 0   272.96 0   272.84 0   303.9 0   272.79 0   272.84 0     0.0 0     0.0 0     0.0 0   -45.7 0   -45.7 0     0.7 0    85.5 0     3.5 0   144.4 0   934.3 0
 2019   4  1  4 12 55 12.917 108.49    -2.4 0    -1.4 0    -0.5 0     0.0 0   259.4 0   273.00 0   272.94 0   305.0 0   272.84 0   272.96 0     0.0 0     0.0 0     0.0 0   -45.6 0   -45.6 0     1.1 0    84.8 0     3.1 0   127.9 0   934.3 0
 2019   4  1  4 12 56 12.933 108.33    -2.7 0    -1.5 0    -0.5 0     0.0 0   257.9 0   273.06 0   272.98 0   304.3 0   272.93 0   273.02 0     0.0 0     0.0 0     0.0 0   -46.5 0   -46.5 0     1.4 0    81.1 0     3.8 0   134.4 0   934.3 0
 2019   4  1  4 12 57 12.950 108.17    -2.2 0    -0.9 0    -0.4 0     0.0 0   257.6 0   273.10 0   272.96 0   303.8 0   272.98 0   273.04 0     0.0 0     0.0 0     0.0 0   -46.2 0   -46.2 0     1.1 0    82.9 0     3.5 0   132.8 0   934.3 0
 2019   4  1  4 12 58 12.967 108.00    -2.0 0    -0.6 0    -0.1 0     0.0 0   257.5 0   273.13 0   272.96 0   303.3 0   273.02 0   273.03 0     0.0 0     0.0 0     0.0 0   -45.8 0   -45.8 0     0.9 0    83.9 0     3.5 0   152.0 0   934.3 0
 2019   4  1  4 12 59 12.983 107.84    -2.0 0    -0.3 0     0.2 0     0.0 0   257.0 0   273.15 0   272.95 0   303.2 0   273.04 0   273.06 0     0.0 0     0.0 0     0.0 0   -46.2 0   -46.2 0     0.7 0    85.0 0     3.7 0   157.6 0   934.3 0
 2019   4  1  4 13  0 13.000 107.68    -2.0 0    -0.6 0     0.4 0     0.0 0   256.3 0   273.16 0   272.94 0   302.7 0   273.06 0   273.09 0     0.0 0     0.0 0     0.0 0   -46.4 0   -46.4 0     0.7 0    85.2 0     3.6 0   167.0 0   934.3 0
 2019   4  1  4 13  1 13.017 107.52    -2.0 0    -0.8 0     0.4 0     0.1 0   256.5 0   273.17 0   272.94 0   302.9 0   273.08 0   273.11 0     0.0 0     0.0 0     0.0 0   -46.5 0   -46.5 0     0.8 0    85.1 0     3.5 0   165.2 0   934.3 0
 2019   4  1  4 13  2 13.033 107.36    -2.0 0    -0.8 0     0.4 0     0.0 0   256.2 0   273.17 0   272.94 0   302.7 0   273.10 0   273.14 0     0.0 0     0.0 0     0.0 0   -46.5 0   -46.5 0     0.8 0    84.7 0     3.1 0   168.0 0   934.3 0
 2019   4  1  4 13  3 13.050 107.20    -2.0 0    -0.6 0     0.4 0     0.0 0   256.2 0   273.17 0   272.98 0   303.0 0   273.13 0   273.15 0     0.0 0     0.0 0     0.0 0   -46.8 0   -46.8 0     0.7 0    84.9 0     2.9 0   162.6 0   934.3 0
 2019   4  1  4 13  4 13.067 107.04    -2.0 0    -0.1 0     0.0 0     0.0 0   256.2 0   273.19 0   273.02 0   303.3 0   273.15 0   273.15 0     0.0 0     0.0 0     0.0 0   -47.2 0   -47.2 0     0.6 0    85.2 0     3.1 0   158.4 0   934.4 0
 2019   4  1  4 13  5 13.083 106.88    -2.0 0     0.0 0     0.0 0     0.0 0   256.5 0   273.21 0   273.01 0   303.0 0   273.15 0   273.16 0     0.0 0     0.0 0     0.0 0   -46.4 0   -46.4 0     0.6 0    85.9 0     2.9 0   159.2 0   934.4 0
 2019   4  1  4 13  6 13.100 106.72    -2.0 0     0.0 0     0.2 0     0.0 0   256.1 0   273.22 0   273.01 0   302.7 0   273.15 0   273.17 0     0.0 0     0.0 0     0.0 0   -46.6 0   -46.6 0     0.6 0    85.4 0     3.0 0   168.8 0   934.4 0
 2019   4  1  4 13  7 13.117 106.56    -2.0 0     0.0 0     0.4 0     0.1 0   255.3 0   273.22 0   272.94 0   302.2 0   273.16 0   273.15 0     0.0 0     0.0 0     0.0 0   -46.9 0   -46.9 0     0.6 0    85.6 0     3.2 0   173.7 0   934.5 0
 2019   4  1  4 13  8 13.133 106.40    -1.9 0     0.0 0     0.4 0     0.3 0   255.2 0   273.20 0   272.91 0   302.3 0   273.17 0   273.15 0     0.0 0     0.0 0     0.0 0   -47.0 0   -47.0 0     0.5 0    86.1 0     3.3 0   163.0 0   934.4 0
 2019   4  1  4 13  9 13.150 106.24    -2.0 0    -0.2 0     0.4 0     0.1 0   254.8 0   273.20 0   272.95 0   302.6 0   273.17 0   273.19 0     0.0 0     0.0 0     0.0 0   -47.8 0   -47.8 0     0.5 0    86.1 0     3.3 0   159.2 0   934.4 0
 2019   4  1  4 13 10 13.167 106.08    -1.9 0     0.0 0     0.4 0     0.1 0   254.3 0   273.19 0   272.92 0   301.8 0   273.17 0   273.18 0     0.0 0     0.0 0     0.0 0   -47.5 0   -47.5 0     0.5 0    85.9 0     3.5 0   165.3 0   934.5 0
 2019   4  1  4 13 11 13.183 105.92    -1.5 0     0.0 0     0.4 0     0.1 0   254.6 0   273.16 0   272.88 0   302.0 0   273.17 0   273.18 0     0.0 0     0.0 0     0.0 0   -47.4 0   -47.4 0     0.4 0    86.4 0     3.9 0   160.1 0   934.4 0
 2019   4  1  4 13 12 13.200 105.76    -1.7 0     0.0 0     0.4 0     0.0 0   254.2 0   273.15 0   272.87 0   302.0 0   273.17 0   273.18 0     0.0 0     0.0 0     0.0 0   -47.8 0   -47.8 0     0.4 0    86.1 0     3.6 0   178.9 0   934.5 0
 2019   4  1  4 13 13 13.217 105.60    -1.8 0    -0.2 0     0.4 0     0.0 0   255.7 0   273.14 0   272.90 0   303.0 0   273.17 0   273.19 0     0.0 0     0.0 0     0.0 0   -47.3 0   -47.3 0     0.5 0    86.9 0     3.9 0   145.8 0   934.4 0
 2019   4  1  4 13 14 13.233 105.44    -2.0 0    -0.5 0     0.3 0     0.0 0   255.3 0   273.14 0   272.93 0   303.1 0   273.20 0   273.20 0     0.0 0     0.0 0     0.0 0   -47.8 0   -47.8 0     0.6 0    85.3 0     2.9 0   174.5 0   934.5 0
 2019   4  1  4 13 15 13.250 105.28    -2.0 0     0.0 0     0.4 0     0.0 0   255.5 0   273.15 0   272.90 0   302.4 0   273.20 0   273.18 0     0.0 0     0.0 0     0.0 0   -46.8 0   -46.8 0     0.4 0    86.4 0     3.2 0   158.7 0   934.5 0
 2019   4  1  4 13 16 13.267 105.12    -1.7 0     0.0 0     0.4 0     0.2 0   255.3 0   273.12 0   272.84 0   301.8 0   273.20 0   273.18 0     0.0 0     0.0 0     0.0 0   -46.5 0   -46.5 0     0.4 0    86.4 0     3.0 0   159.9 0   934.5 0
 2019   4  1  4 13 17 13.283 104.97    -1.5 0     0.0 0     0.4 0     0.3 0   256.0 0   273.10 0   272.79 0   301.1 0   273.17 0   273.18 0     0.0 0     0.0 0     0.0 0   -45.1 0   -45.1 0     0.5 0    86.7 0     3.1 0   160.1 0   934.5 0
 2019   4  1  4 13 18 13.300 104.81    -1.3 0    -0.3 0     0.4 0     0.2 0   256.3 0   273.07 0   272.76 0   301.3 0   273.19 0   273.20 0     0.0 0     0.0 0     0.0 0   -45.0 0   -45.0 0     0.6 0    86.0 0     3.1 0   169.4 0   934.6 0
 2019   4  1  4 13 19 13.317 104.65    -1.0 0    -0.3 0     0.4 0     0.1 0   256.7 0   273.04 0   272.74 0   301.4 0   273.20 0   273.20 0     0.0 0     0.0 0     0.0 0   -44.7 0   -44.7 0     0.6 0    85.7 0     3.1 0   164.3 0   934.5 0
 2019   4  1  4 13 20 13.333 104.49    -1.0 0    -0.2 0     0.4 0     0.3 0   256.9 0   273.01 0   272.68 0   301.5 0   273.20 0   273.21 0     0.0 0     0.0 0     0.0 0   -44.6 0   -44.6 0     0.6 0    85.7 0     3.6 0   165.2 0   934.5 0
 2019   4  1  4 13 21 13.350 104.33    -1.1 0    -0.7 0     0.4 0     0.1 0   257.4 0   272.97 0   272.69 0   302.0 0   273.20 0   273.23 0     0.0 0     0.0 0     0.0 0   -44.7 0   -44.7 0     0.7 0    85.5 0     3.5 0   161.6 0   934.5 0
 2019   4  1  4 13 22 13.367 104.17    -1.6 0    -0.8 0     0.3 0     0.0 0   257.6 0   272.95 0   272.76 0   302.6 0   273.22 0   273.25 0     0.0 0     0.0 0     0.0 0   -45.0 0   -45.0 0     0.7 0    85.3 0     3.4 0   161.8 0   934.5 0
 2019   4  1  4 13 23 13.383 104.02    -2.0 0    -0.6 0    -0.1 0     0.0 0   257.7 0   272.96 0   272.79 0   303.0 0   273.24 0   273.25 0     0.0 0     0.0 0     0.0 0   -45.3 0   -45.3 0     0.7 0    85.0 0     3.7 0   160.1 0   934.5 0
 2019   4  1  4 13 24 13.400 103.86    -1.9 0    -0.5 0     0.0 0     0.0 0   257.8 0   272.98 0   272.78 0   302.7 0   273.25 0   273.27 0     0.0 0     0.0 0     0.0 0   -44.8 0   -44.8 0     0.7 0    85.4 0     4.2 0   164.9 0   934.5 0
 2019   4  1  4 13 25 13.417 103.70    -2.0 0    -0.7 0    -0.4 0     0.0 0   258.2 0   272.99 0   272.85 0   303.3 0   273.27 0   273.29 0     0.0 0     0.0 0     0.0 0   -45.1 0   -45.1 0     0.7 0    84.9 0     3.5 0   162.3 0   934.5 0
 2019   4  1  4 13 26 13.433 103.54    -2.0 0    -0.1 0    -0.4 0     0.0 0   257.8 0   273.01 0   272.86 0   302.7 0   273.28 0   273.28 0     0.0 0     0.0 0     0.0 0   -44.9 0   -44.9 0     0.7 0    85.0 0     3.2 0   166.6 0   934.6 0
 2019   4  1  4 13 27 13.450 103.39    -2.0 0     0.0 0    -0.2 0     0.0 0   258.2 0   273.03 0   272.87 0   302.8 0   273.29 0   273.28 0     0.0 0     0.0 0     0.0 0   -44.6 0   -44.6 0     0.6 0    85.8 0     2.9 0   164.8 0   934.6 0
 2019   4  1  4 13 28 13.467 103.23    -2.0 0     0.0 0    -0.1 0     0.0 0   258.6 0   273.05 0   272.90 0   302.7 0   273.29 0   273.29 0     0.0 0     0.0 0     0.0 0   -44.1 0   -44.1 0     0.6 0    85.6 0     2.5 0   167.6 0   934.6 0
 2019   4  1  4 13 29 13.483 103.07    -2.0 0     0.0 0    -0.3 0     0.0 0   258.8 0   273.07 0   272.93 0   302.4 0   273.28 0   273.27 0     0.0 0     0.0 0     0.0 0   -43.6 0   -43.6 0     0.5 0    85.8 0     2.7 0   166.3 0   934.6 0
 2019   4  1  4 13 30 13.500 102.92    -2.0 0     0.0 0     0.0 0     0.0 0   258.9 0   273.09 0   272.91 0   302.0 0   273.27 0   273.27 0     0.0 0     0.0 0     0.0 0   -43.1 0   -43.1 0     0.5 0    86.3 0     2.8 0   170.7 0   934.6 0
 2019   4  1  4 13 31 13.517 102.76    -2.0 0     0.0 0     0.0 0     0.0 0   259.1 0   273.10 0   272.95 0   302.0 0   273.27 0   273.28 0     0.0 0     0.0 0     0.0 0   -42.9 0   -42.9 0     0.6 0    85.9 0     2.3 0   153.8 0   934.5 0
 2019   4  1  4 13 32 13.533 102.60    -2.0 0    -0.2 0     0.0 0     0.0 0   259.7 0   273.13 0   272.97 0   302.3 0   273.27 0   273.31 0     0.0 0     0.0 0     0.0 0   -42.6 0   -42.6 0     0.7 0    86.1 0     3.3 0   158.2 0   934.4 0
 2019   4  1  4 13 33 13.550 102.45    -2.6 0    -1.5 0    -0.8 0    -0.2 0   260.8 0   273.17 0   273.19 0   305.3 0   273.32 0   273.46 0     0.0 0     0.0 0     0.0 0   -44.5 0   -44.5 0     1.4 0    83.2 0     2.3 0   158.2 0   934.4 0
 2019   4  1  4 13 34 13.567 102.29    -2.4 0    -0.8 0    -0.4 0     0.0 0   258.2 0   273.23 0   273.08 0   302.5 0   273.36 0   273.39 0     0.0 0     0.0 0     0.0 0   -44.3 0   -44.3 0     1.4 0    81.0 0     2.7 0   173.5 0   934.5 0
 2019   4  1  4 13 35 13.583 102.14    -2.0 0    -0.1 0    -0.2 0     0.0 0   256.9 0   273.25 0   273.07 0   302.4 0   273.37 0   273.38 0     0.0 0     0.0 0     0.0 0   -45.5 0   -45.5 0     1.1 0    83.4 0     3.2 0   175.0 0   934.5 0
 2019   4  1  4 13 36 13.600 101.98    -2.0 0     0.0 0     0.0 0     0.0 0   256.5 0   273.27 0   273.10 0   302.8 0   273.39 0   273.39 0     0.0 0     0.0 0     0.0 0   -46.3 0   -46.3 0     1.0 0    84.0 0     2.6 0   170.8 0   934.5 0
 2019   4  1  4 13 37 13.617 101.83    -2.0 0     0.0 0     0.0 0     0.0 0   255.8 0   273.29 0   273.13 0   302.4 0   273.39 0   273.40 0     0.0 0     0.0 0     0.0 0   -46.6 0   -46.6 0     1.0 0    83.9 0     2.9 0   158.7 0   934.5 0
 2019   4  1  4 13 38 13.633 101.67    -2.0 0    -0.3 0     0.0 0     0.0 0   255.0 0   273.31 0   273.15 0   302.0 0   273.40 0   273.42 0     0.0 0     0.0 0     0.0 0   -47.0 0   -47.0 0     1.0 0    83.7 0     2.8 0   166.1 0   934.5 0
 2019   4  1  4 13 39 13.650 101.52    -2.0 0     0.0 0     0.3 0     0.0 0   254.8 0   273.34 0   273.11 0   302.1 0   273.42 0   273.40 0     0.0 0     0.0 0     0.0 0   -47.4 0   -47.4 0     0.9 0    84.0 0     3.5 0   176.1 0   934.5 0
 2019   4  1  4 13 40 13.667 101.36    -2.0 0    -0.7 0     0.4 0     0.1 0   255.3 0   273.34 0   273.09 0   302.6 0   273.42 0   273.45 0     0.0 0     0.0 0     0.0 0   -47.3 0   -47.3 0     1.0 0    83.9 0     3.0 0   174.9 0   934.5 0
 2019   4  1  4 13 41 13.683 101.21    -2.0 0     0.0 0     0.4 0     0.0 0   255.5 0   273.34 0   273.09 0   302.2 0   273.44 0   273.43 0     0.0 0     0.0 0     0.0 0   -46.8 0   -46.8 0     1.0 0    83.6 0     2.8 0   174.0 0   934.5 0
 2019   4  1  4 13 42 13.700 101.05    -2.0 0     0.0 0     0.3 0     0.0 0   255.1 0   273.34 0   273.14 0   302.3 0   273.44 0   273.44 0     0.0 0     0.0 0     0.0 0   -47.2 0   -47.2 0     1.0 0    84.2 0     1.8 0   185.1 0   934.6 0
 2019   4  1  4 13 43 13.717 100.90    -2.0 0     0.0 0     0.0 0     0.0 0   255.4 0   273.34 0   273.16 0   302.1 0   273.44 0   273.45 0     0.0 0     0.0 0     0.0 0   -46.7 0   -46.7 0     1.0 0    84.0 0     1.9 0   185.2 0   934.7 0
 2019   4  1  4 13 44 13.733 100.74    -2.0 0    -0.7 0    -0.1 0     0.0 0   257.6 0   273.35 0   273.26 0   303.6 0   273.45 0   273.52 0     0.0 0     0.0 0     0.0 0   -46.0 0   -46.0 0     1.3 0    84.0 0     3.2 0   162.2 0   934.5 0
 2019   4  1  4 13 45 13.750 100.59    -2.9 0    -1.3 0    -0.4 0    -0.1 0   257.0 0   273.41 0   273.38 0   304.5 0   273.50 0   273.58 0     0.0 0     0.0 0     0.0 0   -47.5 0   -47.5 0     1.8 0    80.3 0     2.0 0   185.1 0   934.6 0
 2019   4  1  4 13 46 13.767 100.44    -2.9 0    -0.8 0    -0.6 0     0.0 0   256.8 0   273.46 0   273.42 0   304.2 0   273.54 0   273.58 0     0.0 0     0.0 0     0.0 0   -47.4 0   -47.4 0     1.7 0    80.3 0     1.8 0   201.1 0   934.6 0
 2019   4  1  4 13 47 13.783 100.28    -2.9 0    -0.1 0    -0.4 0     0.0 0   256.3 0   273.52 0   273.44 0   303.5 0   273.55 0   273.57 0     0.0 0     0.0 0     0.0 0   -47.2 0   -47.2 0     1.6 0    80.6 0     1.9 0   188.5 0   934.6 0
 2019   4  1  4 13 48 13.800 100.13    -2.6 0     0.0 0    -0.4 0     0.0 0   256.3 0   273.57 0   273.44 0   302.9 0   273.56 0   273.54 0     0.0 0     0.0 0     0.0 0   -46.6 0   -46.6 0     1.3 0    81.7 0     1.8 0   180.3 0   934.6 0
 2019   4  1  4 13 49 13.817  99.98    -2.4 0     0.0 0    -0.4 0     0.0 0   256.2 0   273.60 0   273.45 0   302.9 0   273.54 0   273.54 0     0.0 0     0.0 0     0.0 0   -46.8 0   -46.8 0     1.1 0    83.0 0     3.4 0   177.1 0   934.7 0
 2019   4  1  4 13 50 13.833  99.82    -2.3 0    -0.7 0     0.0 0     0.0 0   256.2 0   273.63 0   273.45 0   303.5 0   273.56 0   273.58 0     0.0 0     0.0 0     0.0 0   -47.3 0   -47.3 0     1.2 0    83.0 0     3.3 0   177.2 0   934.7 0
 2019   4  1  4 13 51 13.850  99.67    -2.1 0    -0.4 0     0.0 0     0.0 0   255.9 0   273.64 0   273.46 0   303.4 0   273.58 0   273.59 0     0.0 0     0.0 0     0.0 0   -47.5 0   -47.5 0     1.2 0    82.7 0     3.3 0   185.8 0   934.7 0
 2019   4  1  4 13 52 13.867  99.52    -2.3 0    -0.8 0    -0.2 0     0.0 0   256.4 0   273.67 0   273.53 0   303.8 0   273.60 0   273.64 0     0.0 0     0.0 0     0.0 0   -47.4 0   -47.4 0     1.4 0    82.1 0     2.8 0   176.0 0   934.7 0
 2019   4  1  4 13 53 13.883  99.37    -2.1 0    -0.4 0     0.1 0     0.0 0   255.9 0   273.69 0   273.48 0   303.1 0   273.63 0   273.63 0     0.0 0     0.0 0     0.0 0   -47.2 0   -47.2 0     1.4 0    81.6 0     2.9 0   181.6 0   934.7 0
 2019   4  1  4 13 54 13.900  99.21    -2.0 0     0.0 0     0.3 0     0.0 0   255.6 0   273.71 0   273.48 0   302.8 0   273.63 0   273.63 0     0.0 0     0.0 0     0.0 0   -47.2 0   -47.2 0     1.3 0    81.7 0     2.6 0   187.3 0   934.7 0
 2019   4  1  4 13 55 13.917  99.06    -2.0 0     0.0 0     0.4 0     0.1 0   255.4 0   273.71 0   273.43 0   302.7 0   273.63 0   273.61 0     0.0 0     0.0 0     0.0 0   -47.3 0   -47.3 0     1.1 0    82.9 0     2.8 0   182.8 0   934.7 0
 2019   4  1  4 13 56 13.933  98.91    -2.0 0     0.0 0     0.4 0     0.4 0   254.9 0   273.69 0   273.38 0   302.2 0   273.61 0   273.59 0     0.0 0     0.0 0     0.0 0   -47.3 0   -47.3 0     0.9 0    83.2 0     3.4 0   184.4 0   934.7 0
 2019   4  1  4 13 57 13.950  98.76    -1.8 0     0.0 0     0.4 0     0.4 0   256.0 0   273.67 0   273.36 0   302.5 0   273.59 0   273.58 0     0.0 0     0.0 0     0.0 0   -46.5 0   -46.5 0     0.8 0    84.7 0     3.5 0   177.9 0   934.7 0
 2019   4  1  4 13 58 13.967  98.61    -2.0 0    -0.1 0     0.4 0     0.0 0   255.6 0   273.65 0   273.40 0   302.5 0   273.59 0   273.60 0     0.0 0     0.0 0     0.0 0   -46.8 0   -46.8 0     0.9 0    83.4 0     2.7 0   195.4 0   934.7 0
 2019   4  1  4 13 59 13.983  98.46    -1.9 0     0.0 0     0.4 0     0.0 0   255.8 0   273.63 0   273.38 0   302.1 0   273.59 0   273.56 0     0.0 0     0.0 0     0.0 0   -46.3 0   -46.3 0     0.8 0    83.7 0     2.8 0   191.3 0   934.7 0
 2019   4  1  4 14  0 14.000  98.31    -1.8 0     0.0 0     0.4 0     0.0 0   257.3 0   273.63 0   273.36 0   302.6 0   273.57 0   273.56 0     0.0 0     0.0 0     0.0 0   -45.3 0   -45.3 0     0.7 0    84.8 0     3.1 0   180.1 0   934.7 0
 2019   4  1  4 14  1 14.017  98.16    -1.9 0     0.0 0     0.4 0     0.1 0   257.4 0   273.61 0   273.33 0   302.4 0   273.56 0   273.54 0     0.0 0     0.0 0     0.0 0   -45.0 0   -45.0 0     0.7 0    84.2 0     3.2 0   179.6 0   934.7 0
 2019   4  1  4 14  2 14.033  98.01    -1.5 0     0.0 0     0.4 0     0.2 0   257.7 0   273.59 0   273.29 0   302.2 0   273.54 0   273.52 0     0.0 0     0.0 0     0.0 0   -44.5 0   -44.5 0     0.6 0    84.8 0     3.2 0   185.9 0   934.7 0
 2019   4  1  4 14  3 14.050  97.86    -1.5 0     0.0 0     0.4 0     0.0 0   258.1 0   273.56 0   273.31 0   302.2 0   273.53 0   273.50 0     0.0 0     0.0 0     0.0 0   -44.0 0   -44.0 0     0.5 0    85.0 0     2.8 0   180.4 0   934.7 0
 2019   4  1  4 14  4 14.067  97.71    -1.5 0     0.0 0     0.4 0     0.1 0   258.2 0   273.54 0   273.28 0   301.9 0   273.50 0   273.48 0     0.0 0     0.0 0     0.0 0   -43.7 0   -43.7 0     0.5 0    85.4 0     3.3 0   180.2 0   934.7 0
 2019   4  1  4 14  5 14.083  97.56    -1.5 0     0.0 0     0.4 0     0.0 0   258.3 0   273.53 0   273.26 0   302.4 0   273.49 0   273.47 0     0.0 0     0.0 0     0.0 0   -44.0 0   -44.0 0     0.5 0    85.4 0     3.2 0   180.1 0   934.7 0
 2019   4  1  4 14  6 14.100  97.41    -1.5 0     0.0 0     0.4 0     0.0 0   258.4 0   273.51 0   273.26 0   302.3 0   273.47 0   273.46 0     0.0 0     0.0 0     0.0 0   -43.9 0   -43.9 0     0.5 0    85.3 0     3.5 0   176.6 0   934.7 0
 2019   4  1  4 14  7 14.117  97.26    -1.5 0     0.0 0     0.4 0     0.0 0   258.6 0   273.49 0   273.24 0   302.1 0   273.46 0   273.44 0     0.0 0     0.0 0     0.0 0   -43.6 0   -43.6 0     0.5 0    85.0 0     3.1 0   176.1 0   934.7 0
 2019   4  1  4 14  8 14.133  97.11    -1.5 0     0.0 0     0.4 0     0.0 0   259.3 0   273.48 0   273.23 0   301.9 0   273.44 0   273.43 0     0.0 0     0.0 0     0.0 0   -42.6 0   -42.6 0     0.5 0    85.5 0     2.8 0   176.6 0   934.7 0
 2019   4  1  4 14  9 14.150  96.96    -1.4 0     0.0 0     0.4 0     0.0 0   259.3 0   273.46 0   273.19 0   301.7 0   273.43 0   273.40 0     0.0 0     0.0 0     0.0 0   -42.4 0   -42.4 0     0.5 0    85.4 0     2.7 0   179.4 0   934.7 0
 2019   4  1  4 14 10 14.167  96.81    -1.0 0     0.0 0     0.4 0     0.2 0   259.6 0   273.44 0   273.15 0   301.7 0   273.41 0   273.39 0     0.0 0     0.0 0     0.0 0   -42.1 0   -42.1 0     0.5 0    85.3 0     3.1 0   175.4 0   934.7 0
 2019   4  1  4 14 11 14.183  96.66    -1.3 0     0.0 0     0.4 0     0.0 0   260.4 0   273.42 0   273.16 0   302.1 0   273.39 0   273.39 0     0.0 0     0.0 0     0.0 0   -41.7 0   -41.7 0     0.5 0    85.2 0     2.9 0   167.4 0   934.7 0
 2019   4  1  4 14 12 14.200  96.51    -1.5 0     0.0 0     0.0 0     0.0 0   260.1 0   273.39 0   273.19 0   302.5 0   273.39 0   273.39 0     0.0 0     0.0 0     0.0 0   -42.3 0   -42.3 0     0.5 0    85.3 0     2.5 0   160.0 0   934.7 0
 2019   4  1  4 14 13 14.217  96.37    -1.5 0     0.0 0     0.3 0     0.0 0   260.4 0   273.39 0   273.16 0   301.7 0   273.38 0   273.35 0     0.0 0     0.0 0     0.0 0   -41.2 0   -41.2 0     0.4 0    85.0 0     2.2 0   164.6 0   934.7 0
 2019   4  1  4 14 14 14.233  96.22    -1.2 0     0.0 0     0.3 0     0.0 0   261.2 0   273.39 0   273.16 0   301.6 0   273.36 0   273.34 0     0.0 0     0.0 0     0.0 0   -40.5 0   -40.5 0     0.4 0    85.8 0     2.7 0   162.3 0   934.8 0
 2019   4  1  4 14 15 14.250  96.07    -1.5 0     0.0 0     0.1 0     0.0 0   260.9 0   273.37 0   273.15 0   301.4 0   273.34 0   273.33 0     0.0 0     0.0 0     0.0 0   -40.6 0   -40.6 0     0.4 0    84.7 0     2.5 0   169.8 0   934.8 0
 2019   4  1  4 14 16 14.267  95.92    -1.3 0     0.0 0     0.4 0     0.0 0   260.5 0   273.37 0   273.11 0   301.6 0   273.34 0   273.32 0     0.0 0     0.0 0     0.0 0   -41.0 0   -41.0 0     0.4 0    86.1 0     2.5 0   167.8 0   934.8 0
 2019   4  1  4 14 17 14.283  95.78    -1.0 0     0.0 0     0.4 0     0.1 0   259.5 0   273.34 0   273.06 0   301.2 0   273.32 0   273.29 0     0.0 0     0.0 0     0.1 0   -41.7 0   -41.6 0     0.4 0    84.9 0     2.4 0   177.1 0   934.8 0
 2019   4  1  4 14 18 14.300  95.63    -1.0 0     0.0 0     0.4 0     0.4 0   259.4 0   273.32 0   273.00 0   301.2 0   273.29 0   273.29 0     0.0 0     0.0 0     0.4 0   -41.8 0   -41.4 0     0.4 0    86.2 0     3.0 0   162.5 0   934.8 0
 2019   4  1  4 14 19 14.317  95.48    -1.0 0    -0.1 0     0.4 0     0.4 0   258.6 0   273.28 0   272.95 0   301.3 0   273.29 0   273.29 0     0.0 0     0.0 0     0.4 0   -42.7 0   -42.3 0     0.5 0    85.6 0     3.2 0   171.8 0   934.8 0
 2019   4  1  4 14 20 14.333  95.34    -1.0 0     0.0 0     0.4 0     0.4 0   257.5 0   273.24 0   272.91 0   301.5 0   273.29 0   273.27 0     0.0 0     0.0 0     0.4 0   -44.0 0   -43.6 0     0.5 0    84.8 0     3.1 0   166.3 0   934.8 0
 2019   4  1  4 14 21 14.350  95.19    -1.0 0    -0.1 0     0.4 0     0.4 0   257.0 0   273.20 0   272.86 0   301.2 0   273.27 0   273.28 0     0.0 0     0.0 0     0.4 0   -44.2 0   -43.8 0     0.5 0    85.5 0     3.3 0   139.8 0   934.7 0
 2019   4  1  4 14 22 14.367  95.05    -1.1 0    -0.8 0     0.4 0     0.2 0   256.3 0   273.16 0   272.91 0   302.0 0   273.28 0   273.29 0     0.0 0     0.0 0     0.2 0   -45.7 0   -45.5 0     0.7 0    84.5 0     2.8 0   140.6 0   934.8 0
 2019   4  1  4 14 23 14.383  94.90    -1.5 0    -0.6 0     0.1 0     0.0 0   255.2 0   273.15 0   272.96 0   302.7 0   273.29 0   273.31 0     0.0 0     0.0 0     0.0 0   -47.5 0   -47.5 0     0.7 0    84.4 0     3.2 0   141.4 0   934.8 0
 2019   4  1  4 14 24 14.400  94.76    -2.0 0    -0.7 0    -0.4 0     0.0 0   253.9 0   273.16 0   273.05 0   303.1 0   273.29 0   273.33 0     0.0 0     0.0 0     0.0 0   -49.2 0   -49.2 0     0.7 0    83.9 0     2.6 0   142.7 0   934.7 0
 2019   4  1  4 14 25 14.417  94.61    -2.0 0     0.0 0    -0.4 0     0.0 0   252.6 0   273.19 0   273.03 0   302.4 0   273.30 0   273.32 0     0.0 0     0.0 0     0.0 0   -49.7 0   -49.7 0     0.7 0    84.3 0     2.8 0   154.2 0   934.7 0
 2019   4  1  4 14 26 14.433  94.47    -2.0 0     0.0 0    -0.4 0     0.1 0   252.3 0   273.21 0   273.08 0   303.1 0   273.32 0   273.33 0     0.0 0     0.0 0     0.1 0   -50.8 0   -50.7 0     0.7 0    84.7 0     3.4 0   151.0 0   934.7 0
 2019   4  1  4 14 27 14.450  94.32    -2.0 0    -0.6 0    -0.6 0     0.1 0   251.6 0   273.24 0   273.16 0   304.1 0   273.32 0   273.35 0     0.0 0     0.0 0     0.1 0   -52.5 0   -52.4 0     0.8 0    84.3 0     3.2 0   152.2 0   934.7 0
 2019   4  1  4 14 28 14.467  94.18    -2.0 0    -0.1 0    -0.5 0     0.3 0   250.0 0   273.29 0   273.16 0   303.1 0   273.34 0   273.34 0     0.0 0     0.0 0     0.3 0   -53.1 0   -52.7 0     0.7 0    83.8 0     2.0 0   163.4 0   934.7 0
 2019   4  1  4 14 29 14.483  94.03    -2.0 0     0.0 0    -0.4 0     0.4 0   249.5 0   273.33 0   273.16 0   302.0 0   273.33 0   273.31 0     0.0 0     0.0 0     0.4 0   -52.5 0   -52.1 0     0.6 0    84.5 0     1.8 0   171.9 0   934.7 0
 2019   4  1  4 14 30 14.500  93.89    -2.0 0     0.0 0    -0.4 0     0.4 0   249.7 0   273.35 0   273.19 0   302.4 0   273.32 0   273.33 0     0.0 0     0.0 0     0.4 0   -52.7 0   -52.3 0     0.6 0    85.5 0     3.6 0   139.1 0   934.7 0
 2019   4  1  4 14 31 14.517  93.75    -2.0 0    -0.7 0    -0.4 0     0.8 0   249.5 0   273.38 0   273.27 0   304.4 0   273.34 0   273.46 0     0.0 0     0.3 0     0.8 0   -54.8 0   -54.1 0     1.0 0    84.3 0     3.8 0   146.9 0   934.7 0
 2019   4  1  4 14 32 14.533  93.60    -2.0 0    -1.2 0    -0.7 0     0.8 0   249.2 0   273.43 0   273.35 0   304.9 0   273.39 0   273.51 0     0.0 0     0.4 0     0.8 0   -55.7 0   -54.9 0     1.4 0    81.6 0     4.8 0   147.6 0   934.7 0
 2019   4  1  4 14 33 14.550  93.46    -2.0 0    -0.8 0    -0.7 0     1.2 0   249.6 0   273.48 0   273.40 0   305.2 0   273.46 0   273.54 0     0.0 0     0.4 0     1.2 0   -55.6 0   -54.4 0     1.4 0    81.6 0     3.9 0   160.4 0   934.8 0
 2019   4  1  4 14 34 14.567  93.32    -2.0 0    -0.8 0    -1.1 0     1.2 0   249.7 0   273.55 0   273.54 0   305.6 0   273.52 0   273.63 0     0.0 0     0.4 0     1.2 0   -55.8 0   -54.6 0     1.7 0    80.5 0     2.3 0   167.3 0   934.8 0
 2019   4  1  4 14 35 14.583  93.18    -1.4 0    -0.4 0    -0.5 0     1.6 0   249.5 0   273.62 0   273.52 0   304.2 0   273.57 0   273.62 0     0.0 0     0.4 0     1.6 0   -54.8 0   -53.2 0     1.7 0    79.9 0     3.3 0   144.7 0   934.8 0
 2019   4  1  4 14 36 14.600  93.03    -1.0 0    -0.1 0    -0.4 0     2.0 0   248.8 0   273.67 0   273.54 0   303.4 0   273.60 0   273.64 0     0.0 0     0.4 0     2.0 0   -54.6 0   -52.6 0     1.6 0    80.0 0     3.3 0   149.8 0   934.8 0
 2019   4  1  4 14 37 14.617  92.89    -0.6 0     0.3 0    -0.3 0     2.4 0   248.2 0   273.71 0   273.53 0   303.1 0   273.61 0   273.62 0     0.0 0     0.6 0     2.1 0   -54.9 0   -52.8 0     1.3 0    81.3 0     3.3 0   154.9 0   934.9 0
 2019   4  1  4 14 38 14.633  92.75     0.0 0     0.8 0     0.0 0     2.5 0   247.7 0   273.73 0   273.51 0   302.8 0   273.61 0   273.61 0     0.0 0     0.7 0     1.7 0   -55.1 0   -53.4 0     1.0 0    82.7 0     4.0 0   152.3 0   934.8 0
 2019   4  1  4 14 39 14.650  92.61     0.0 0     0.7 0     0.1 0     2.7 0   247.2 0   273.74 0   273.51 0   303.2 0   273.61 0   273.61 0     0.0 0     0.7 0     2.0 0   -56.0 0   -54.1 0     0.9 0    83.5 0     4.4 0   153.7 0   934.8 0
 2019   4  1  4 14 40 14.667  92.47     0.0 0     0.7 0     0.3 0     2.5 0   246.8 0   273.76 0   273.51 0   303.2 0   273.61 0   273.61 0     0.0 0     0.7 0     1.8 0   -56.5 0   -54.6 0     0.9 0    83.5 0     4.2 0   142.5 0   934.8 0
 2019   4  1  4 14 41 14.683  92.33     0.0 0     0.6 0     0.4 0     2.4 0   245.6 0   273.76 0   273.51 0   303.0 0   273.61 0   273.60 0     0.0 0     0.7 0     1.7 0   -57.3 0   -55.6 0     0.8 0    83.2 0     3.2 0   150.4 0   934.8 0
 2019   4  1  4 14 42 14.700  92.19     0.0 0     0.8 0     0.4 0     2.4 0   245.5 0   273.76 0   273.48 0   302.3 0   273.59 0   273.55 0     0.0 0     0.9 0     1.5 0   -56.9 0   -55.3 0     0.5 0    84.5 0     3.3 0   153.7 0   934.8 0
 2019   4  1  4 14 43 14.717  92.05     0.0 0     0.8 0     0.4 0     2.4 0   245.6 0   273.74 0   273.44 0   302.1 0   273.57 0   273.53 0     0.0 0     1.1 0     1.5 0   -56.5 0   -54.9 0     0.4 0    85.1 0     3.7 0   142.4 0   934.8 0
 2019   4  1  4 14 44 14.733  91.91     0.0 0     0.8 0     0.4 0     2.4 0   245.5 0   273.73 0   273.41 0   301.6 0   273.54 0   273.50 0     0.0 0     1.1 0     1.5 0   -56.1 0   -54.6 0     0.3 0    85.3 0     3.1 0   152.6 0   935.0 0
 2019   4  1  4 14 45 14.750  91.77     0.7 0     0.8 0     0.4 0     2.7 0   246.1 0   273.70 0   273.37 0   301.5 0   273.51 0   273.48 0     0.0 0     1.1 0     1.9 0   -55.3 0   -53.4 0     0.3 0    86.3 0     3.9 0   144.0 0   935.0 0
 2019   4  1  4 14 46 14.767  91.63     1.0 0     0.8 0     0.4 0     2.7 0   246.6 0   273.68 0   273.40 0   302.0 0   273.49 0   273.48 0     0.0 0     1.4 0     2.0 0   -55.4 0   -53.4 0     0.4 0    85.2 0     3.3 0   145.8 0   935.0 0
 2019   4  1  4 14 47 14.783  91.49     1.0 0     0.8 0     0.4 0     2.7 0   246.7 0   273.66 0   273.40 0   302.2 0   273.48 0   273.46 0     0.0 0     1.5 0     2.0 0   -55.5 0   -53.5 0     0.4 0    85.5 0     4.0 0   141.2 0   935.1 0
 2019   4  1  4 14 48 14.800  91.35     1.0 0     0.7 0     0.4 0     3.0 0   246.7 0   273.65 0   273.40 0   302.6 0   273.46 0   273.45 0     0.0 0     1.5 0     2.4 0   -55.9 0   -53.5 0     0.4 0    84.7 0     4.4 0   135.7 0   935.0 0
 2019   4  1  4 14 49 14.817  91.21     1.0 0     0.8 0     0.4 0     3.2 0   246.7 0   273.64 0   273.35 0   302.2 0   273.45 0   273.42 0     0.0 0     1.7 0     2.4 0   -55.5 0   -53.2 0     0.3 0    85.7 0     4.3 0   137.9 0   935.0 0
 2019   4  1  4 14 50 14.833  91.08     1.1 0     0.8 0     0.4 0     3.5 0   247.0 0   273.62 0   273.34 0   302.8 0   273.43 0   273.41 0     0.0 0     1.9 0     2.7 0   -55.8 0   -53.2 0     0.4 0    85.3 0     4.4 0   132.5 0   934.9 0
 2019   4  1  4 14 51 14.850  90.94     1.0 0     0.8 0     0.4 0     3.5 0   247.3 0   273.61 0   273.34 0   303.3 0   273.42 0   273.42 0     0.0 0     1.9 0     2.7 0   -56.0 0   -53.2 0     0.4 0    85.5 0     4.6 0   132.8 0   935.0 0
 2019   4  1  4 14 52 14.867  90.80     1.5 0     0.8 0     0.5 0     3.6 0   247.1 0   273.59 0   273.34 0   302.5 0   273.41 0   273.39 0     0.0 0     1.9 0     2.8 0   -55.3 0   -52.6 0     0.4 0    84.9 0     3.4 0   129.1 0   934.9 0
 2019   4  1  4 14 53 14.883  89.93     2.0 0     0.8 0     1.1 0     3.9 0   247.5 0   273.59 0   273.33 0   302.1 0   273.39 0   273.38 0     0.4 0     2.1 0     3.1 0   -54.6 0   -51.5 0     0.3 0    85.6 0     2.5 0   127.6 0   934.8 0
 2019   4  1  4 14 54 14.900  89.83     2.0 0     0.8 0     1.6 0     4.1 0   247.3 0   273.58 0   273.32 0   301.8 0   273.38 0   273.35 0     0.4 0     2.1 0     3.3 0   -54.5 0   -51.1 0     0.3 0    85.5 0     3.2 0   136.8 0   934.8 0
 2019   4  1  4 14 55 14.917  89.74     2.3 0     0.8 0     2.3 0     4.4 0   247.6 0   273.56 0   273.30 0   302.6 0   273.37 0   273.36 0     0.4 0     2.3 0     3.6 0   -55.0 0   -51.3 0     0.5 0    85.1 0     3.8 0   145.2 0   934.9 0
 2019   4  1  4 14 56 14.933  89.63     2.7 0     0.8 0     3.1 0     4.7 0   247.8 0   273.56 0   273.33 0   302.0 0   273.35 0   273.34 0     0.4 0     2.4 0     4.0 0   -54.2 0   -50.3 0     0.4 0    84.9 0     3.0 0   136.0 0   934.8 0
 2019   4  1  4 14 57 14.950  89.53     2.9 0     0.8 0     4.6 0     5.1 0   247.4 0   273.55 0   273.31 0   302.1 0   273.34 0   273.34 0     0.4 0     2.6 0     4.3 0   -54.7 0   -50.3 0     0.4 0    84.8 0     4.0 0   151.0 0   934.9 0
 2019   4  1  4 14 58 14.967  89.43     3.5 0     0.8 0     5.9 0     5.3 0   247.5 0   273.54 0   273.33 0   303.0 0   273.34 0   273.36 0     0.5 0     2.8 0     4.6 0   -55.5 0   -50.9 0     0.6 0    84.9 0     4.8 0   147.8 0   934.8 0
 2019   4  1  4 14 59 14.983  89.32     4.0 0     1.2 0     8.9 0     6.0 0   247.1 0   273.56 0   273.34 0   303.0 0   273.34 0   273.36 0     0.5 0     3.2 0     5.0 0   -55.9 0   -51.0 0     0.6 0    84.0 0     4.4 0   154.7 0   935.0 0
 2019   4  1  4 15  0 15.000  89.21     4.8 0     1.8 0    21.8 0     6.7 0   246.4 0   273.56 0   273.32 0   302.7 0   273.34 0   273.34 0     0.5 0     3.5 0     5.3 0   -56.3 0   -51.0 0     0.4 0    84.5 0     3.5 0   161.9 0   935.0 0
 2019   4  1  4 15  1 15.017  89.10     5.7 0     2.4 0    35.6 0     7.5 0   246.2 0   273.56 0   273.30 0   302.5 0   273.33 0   273.32 0     0.5 0     3.7 0     5.7 0   -56.3 0   -50.6 0     0.3 0    85.3 0     3.7 0   150.6 0   934.9 0
 2019   4  1  4 15  2 15.033  88.98     6.2 0     2.8 0    46.3 0     8.3 0   245.9 0   273.56 0   273.29 0   302.2 0   273.30 0   273.29 0     0.6 0     4.0 0     6.3 0   -56.3 0   -50.0 0     0.1 0    86.2 0     4.1 0   157.2 0   935.0 0
 2019   4  1  4 15  3 15.050  88.87     6.4 0     3.0 0    45.1 0     9.0 0   246.1 0   273.56 0   273.29 0   302.2 0   273.28 0   273.29 0     0.6 0     4.3 0     6.8 0   -56.1 0   -49.3 0     0.2 0    86.1 0     3.5 0   159.0 0   935.0 0
 2019   4  1  4 15  4 15.067  88.76     7.3 0     2.8 0    36.1 0     9.6 0   245.8 0   273.56 0   273.31 0   302.4 0   273.27 0   273.28 0     0.6 0     4.7 0     7.6 0   -56.5 0   -48.9 0     0.2 0    85.9 0     2.6 0   147.9 0   935.0 0
 2019   4  1  4 15  5 15.083  88.64     8.2 0     3.5 0    66.9 0    10.4 0   245.2 0   273.56 0   273.31 0   301.6 0   273.25 0   273.25 0     0.7 0     5.1 0     8.5 0   -56.4 0   -48.0 0     0.1 0    85.8 0     2.2 0   154.3 0   935.0 0
 2019   4  1  4 15  6 15.100  88.52     9.4 0     4.2 0   108.0 0    11.3 0   245.1 0   273.56 0   273.29 0   301.7 0   273.23 0   273.25 0     0.8 0     5.5 0     9.9 0   -56.6 0   -46.7 0     0.0 0    86.3 0     2.8 0   152.4 0   935.0 0
 2019   4  1  4 15  7 15.117  88.41    10.3 0     4.2 0    98.8 0    12.1 0   245.1 0   273.56 0   273.27 0   301.5 0   273.20 0   273.24 0     0.8 0     5.8 0    10.6 0   -56.4 0   -45.8 0     0.0 0    86.4 0     3.1 0   153.6 0   935.0 0
 2019   4  1  4 15  8 15.133  88.29    10.4 0     3.9 0    45.8 0    12.9 0   244.9 0   273.54 0   273.26 0   301.3 0   273.18 0   273.20 0     0.8 0     6.0 0    10.4 0   -56.4 0   -46.1 0     0.0 0    86.9 0     2.9 0   147.9 0   934.9 0
 2019   4  1  4 15  9 15.150  88.17    11.4 0     4.0 0    35.4 0    13.8 0   245.4 0   273.54 0   273.25 0   301.1 0   273.16 0   273.16 0     0.8 0     6.4 0    11.0 0   -55.8 0   -44.8 0    -0.1 0    86.7 0     3.0 0   151.0 0   934.9 0
 2019   4  1  4 15 10 15.167  88.05    12.5 0     4.2 0    62.9 0    14.7 0   245.2 0   273.52 0   273.26 0   301.8 0   273.15 0   273.15 0     0.8 0     7.0 0    12.6 0   -56.5 0   -43.9 0     0.0 0    86.5 0     2.7 0   142.3 0   934.9 0
 2019   4  1  4 15 11 15.183  87.93    13.4 0     4.5 0    82.5 0    15.6 0   244.8 0   273.51 0   273.24 0   301.1 0   273.12 0   273.14 0     0.8 0     7.4 0    14.0 0   -56.3 0   -42.3 0    -0.1 0    86.3 0     2.3 0   156.9 0   935.0 0
 2019   4  1  4 15 12 15.200  87.81    14.2 0     4.6 0    77.9 0    16.2 0   244.7 0   273.50 0   273.19 0   300.6 0   273.09 0   273.11 0     1.0 0     7.6 0    14.6 0   -55.9 0   -41.3 0    -0.2 0    87.5 0     2.6 0   157.5 0   935.0 0
 2019   4  1  4 15 13 15.217  87.69    14.2 0     4.4 0    50.5 0    16.7 0   244.3 0   273.48 0   273.16 0   299.7 0   273.07 0   273.08 0     1.0 0     7.6 0    14.2 0   -55.3 0   -41.1 0    -0.1 0    86.6 0     1.6 0   150.8 0   935.0 0
 2019   4  1  4 15 14 15.233  87.57    14.2 0     4.1 0    27.1 0    17.0 0   244.4 0   273.45 0   273.15 0   299.5 0   273.05 0   273.05 0     1.0 0     7.8 0    14.1 0   -55.1 0   -41.1 0    -0.2 0    87.2 0     1.9 0   149.3 0   935.0 0
 2019   4  1  4 15 15 15.250  87.45    14.2 0     4.0 0    19.3 0    17.3 0   244.1 0   273.43 0   273.14 0   299.4 0   273.02 0   273.02 0     1.1 0     8.0 0    14.1 0   -55.3 0   -41.2 0    -0.2 0    87.2 0     1.8 0   145.8 0   935.0 0
 2019   4  1  4 15 16 15.267  87.33    14.2 0     4.0 0    15.5 0    17.3 0   244.4 0   273.40 0   273.15 0   299.7 0   273.00 0   273.00 0     1.1 0     8.0 0    14.0 0   -55.4 0   -41.4 0    -0.1 0    87.2 0     2.2 0   132.9 0   935.0 0
 2019   4  1  4 15 17 15.283  87.21    14.2 0     4.0 0    17.6 0    17.3 0   244.5 0   273.39 0   273.17 0   300.3 0   272.98 0   273.00 0     1.1 0     8.2 0    14.1 0   -55.7 0   -41.6 0    -0.1 0    87.1 0     2.0 0   126.3 0   934.9 0
 2019   4  1  4 15 18 15.300  87.09    14.5 0     4.2 0    36.8 0    17.3 0   244.7 0   273.39 0   273.17 0   300.9 0   272.97 0   272.98 0     1.2 0     8.6 0    14.9 0   -56.2 0   -41.3 0    -0.1 0    86.9 0     2.5 0   133.8 0   934.9 0
 2019   4  1  4 15 19 15.317  86.97    15.5 0     5.5 0    98.2 0    17.6 0   245.0 0   273.39 0   273.16 0   300.7 0   272.95 0   273.00 0     1.2 0     9.5 0    17.3 0   -55.8 0   -38.4 0     0.0 0    86.5 0     2.0 0   128.9 0   934.8 0
 2019   4  1  4 15 20 15.333  86.84    16.8 0     7.1 0   174.7 0    18.0 0   244.5 0   273.39 0   273.16 0   300.9 0   272.95 0   273.03 0     1.3 0    10.7 0    20.5 0   -56.4 0   -35.9 0     0.2 0    86.2 0     1.9 0   142.5 0   934.9 0
 2019   4  1  4 15 21 15.350  86.72    17.1 0     7.7 0   195.9 0    18.1 0   244.5 0   273.41 0   273.20 0   300.9 0   272.95 0   273.05 0     1.3 0    11.0 0    21.6 0   -56.3 0   -34.7 0     0.3 0    85.4 0     1.3 0   146.7 0   934.9 0
 2019   4  1  4 15 22 15.367  86.60    16.6 0     6.7 0   144.6 0    18.1 0   245.0 0   273.44 0   273.19 0   300.5 0   272.95 0   273.05 0     1.4 0    10.7 0    20.0 0   -55.5 0   -35.4 0     0.4 0    85.1 0     1.4 0   161.3 0   935.0 0
 2019   4  1  4 15 23 15.383  86.48    16.3 0     5.3 0    81.5 0    18.4 0   245.5 0   273.45 0   273.24 0   300.9 0   272.95 0   273.04 0     1.5 0    10.3 0    18.1 0   -55.3 0   -37.2 0     0.5 0    85.0 0     1.8 0   147.3 0   935.0 0
 2019   4  1  4 15 24 15.400  86.36    19.5 0     6.9 0   151.9 0    18.8 0   245.5 0   273.47 0   273.28 0   301.3 0   272.97 0   273.07 0     1.5 0    11.8 0    21.5 0   -55.9 0   -34.3 0     0.7 0    83.8 0     1.9 0   162.5 0   935.0 0
 2019   4  1  4 15 25 15.417  86.24    21.8 0     8.0 0   194.9 0    19.3 0   245.8 0   273.50 0   273.26 0   301.9 0   272.99 0   273.12 0     1.6 0    12.8 0    24.1 0   -56.2 0   -32.1 0     0.9 0    83.3 0     2.3 0   147.7 0   934.9 0
 2019   4  1  4 15 26 15.433  86.12    26.1 0    10.4 0   282.0 0    19.8 0   245.9 0   273.53 0   273.33 0   302.8 0   273.01 0   273.17 0     1.6 0    14.6 0    28.5 0   -56.9 0   -28.4 0     1.0 0    81.7 0     2.1 0   159.4 0   934.8 0
 2019   4  1  4 15 27 15.450  86.00    22.0 0     7.8 0   170.4 0    20.2 0   246.3 0   273.57 0   273.34 0   302.9 0   273.05 0   273.18 0     1.7 0    13.0 0    24.3 0   -56.6 0   -32.3 0     1.0 0    82.4 0     2.6 0   169.5 0   934.8 0
 2019   4  1  4 15 28 15.467  85.88    17.6 0     4.6 0    44.5 0    20.7 0   246.6 0   273.60 0   273.40 0   303.0 0   273.09 0   273.22 0     1.7 0    11.2 0    19.3 0   -56.4 0   -37.2 0     1.3 0    81.1 0     2.4 0   165.8 0   934.8 0
 2019   4  1  4 15 29 15.483  85.76    17.4 0     4.3 0    12.8 0    21.6 0   246.0 0   273.63 0   273.42 0   302.8 0   273.14 0   273.20 0     1.8 0    11.2 0    18.2 0   -56.8 0   -38.6 0     1.3 0    80.5 0     3.2 0   167.3 0   934.8 0
 2019   4  1  4 15 30 15.500  85.64    18.7 0     4.4 0     7.8 0    22.9 0   245.7 0   273.63 0   273.39 0   302.7 0   273.17 0   273.25 0     1.9 0    11.7 0    19.0 0   -56.9 0   -37.9 0     1.2 0    81.0 0     3.4 0   172.5 0   934.8 0
 2019   4  1  4 15 31 15.517  85.52    20.3 0     5.0 0     4.9 0    24.2 0   245.5 0   273.63 0   273.36 0   302.3 0   273.20 0   273.25 0     1.9 0    12.3 0    19.6 0   -56.8 0   -37.2 0     1.0 0    81.5 0     3.4 0   180.6 0   934.9 0
 2019   4  1  4 15 32 15.533  85.40    21.8 0     5.2 0     4.2 0    25.6 0   246.8 0   273.63 0   273.42 0   302.9 0   273.23 0   273.27 0     2.0 0    13.0 0    20.7 0   -56.1 0   -35.4 0     1.0 0    82.3 0     2.9 0   153.0 0   934.8 0
 2019   4  1  4 15 33 15.550  85.28    23.5 0     5.4 0     4.9 0    27.2 0   247.2 0   273.63 0   273.44 0   303.0 0   273.25 0   273.31 0     2.1 0    13.9 0    22.2 0   -55.8 0   -33.6 0     1.1 0    82.1 0     2.8 0   168.4 0   934.9 0
 2019   4  1  4 15 34 15.567  85.16    25.3 0     6.1 0     7.6 0    28.8 0   247.9 0   273.65 0   273.48 0   303.5 0   273.28 0   273.36 0     2.1 0    14.7 0    23.4 0   -55.6 0   -32.2 0     1.3 0    81.1 0     2.2 0   171.3 0   934.8 0
 2019   4  1  4 15 35 15.583  85.04    27.6 0     6.6 0    15.9 0    30.5 0   247.7 0   273.67 0   273.46 0   302.5 0   273.32 0   273.37 0     2.2 0    15.7 0    25.3 0   -54.9 0   -29.6 0     1.3 0    79.9 0     2.9 0   180.7 0   934.8 0
 2019   4  1  4 15 36 15.600  84.92    30.2 0     7.8 0    29.3 0    32.0 0   247.7 0   273.68 0   273.45 0   302.7 0   273.34 0   273.37 0     2.3 0    16.8 0    26.8 0   -55.0 0   -28.2 0     1.1 0    81.2 0     2.9 0   179.4 0   934.8 0
 2019   4  1  4 15 37 15.617  84.80    34.9 0     9.1 0    69.7 0    33.5 0   248.5 0   273.68 0   273.46 0   303.2 0   273.35 0   273.42 0     2.4 0    18.7 0    30.7 0   -54.7 0   -24.0 0     1.2 0    81.8 0     3.3 0   177.5 0   934.8 0
 2019   4  1  4 15 38 15.633  84.68    43.7 0    12.1 0   167.1 0    34.9 0   247.6 0   273.70 0   273.48 0   303.3 0   273.39 0   273.48 0     2.4 0    22.3 0    38.3 0   -55.7 0   -17.4 0     1.4 0    79.5 0     2.9 0   178.5 0   934.8 0
 2019   4  1  4 15 39 15.650  84.56    46.7 0    13.6 0   189.8 0    36.2 0   247.5 0   273.72 0   273.46 0   303.8 0   273.42 0   273.49 0     2.5 0    23.5 0    40.6 0   -56.3 0   -15.7 0     1.2 0    80.5 0     3.2 0   187.8 0   934.8 0
 2019   4  1  4 15 40 15.667  84.45    47.7 0    14.0 0   191.5 0    37.2 0   248.1 0   273.74 0   273.54 0   304.1 0   273.43 0   273.51 0     2.6 0    24.2 0    41.7 0   -56.0 0   -14.3 0     1.0 0    81.6 0     3.4 0   170.5 0   934.8 0
 2019   4  1  4 15 41 15.683  84.33    64.3 0    20.1 0   371.2 0    38.6 0   248.3 0   273.78 0   273.58 0   304.6 0   273.44 0   273.56 0     2.6 0    30.6 0    55.1 0   -56.3 0    -1.2 0     1.2 0    81.0 0     3.2 0   173.3 0   934.9 0
 2019   4  1  4 15 42 15.700  84.21    80.1 0    26.2 0   543.5 0    39.7 0   248.4 0   273.85 0   273.66 0   305.6 0   273.47 0   273.64 0     2.7 0    36.3 0    68.3 0   -57.2 0    11.1 0     1.3 0    79.9 0     2.3 0   174.6 0   934.8 0
 2019   4  1  4 15 43 15.717  84.09    79.1 0    25.9 0   524.1 0    40.2 0   248.3 0   273.94 0   273.75 0   306.1 0   273.49 0   273.67 0     2.8 0    36.3 0    68.2 0   -57.8 0    10.4 0     1.2 0    80.7 0     3.2 0   195.6 0   935.0 0
 2019   4  1  4 15 44 15.733  83.98    74.1 0    23.7 0   459.2 0    40.6 0   248.6 0   274.03 0   273.91 0   306.9 0   273.53 0   273.73 0     2.8 0    35.0 0    65.1 0   -58.4 0     6.7 0     1.4 0    80.0 0     3.5 0   180.7 0   934.9 0
 2019   4  1  4 15 45 15.750  83.86    56.6 0    17.0 0   263.5 0    40.6 0   248.7 0   274.14 0   274.00 0   307.0 0   273.58 0   273.78 0     2.9 0    28.2 0    51.7 0   -58.2 0    -6.5 0     1.6 0    79.4 0     3.0 0   181.2 0   935.0 0
 2019   4  1  4 15 46 15.767  83.74    39.2 0    10.4 0    65.1 0    40.5 0   248.4 0   274.22 0   274.09 0   306.6 0   273.64 0   273.78 0     3.0 0    21.4 0    37.1 0   -58.2 0   -21.1 0     1.8 0    78.5 0     2.6 0   180.3 0   935.0 0
 2019   4  1  4 15 47 15.783  83.63    44.8 0    12.3 0   113.0 0    41.0 0   247.7 0   274.27 0   274.12 0   306.1 0   273.69 0   273.79 0     3.0 0    23.9 0    41.3 0   -58.4 0   -17.1 0     1.9 0    77.9 0     2.3 0   177.6 0   935.0 0
 2019   4  1  4 15 48 15.800  83.51    69.9 0    21.4 0   366.2 0    41.6 0   247.5 0   274.32 0   274.15 0   306.4 0   273.73 0   273.87 0     3.1 0    34.2 0    61.6 0   -58.9 0     2.7 0     1.9 0    78.0 0     2.8 0   175.7 0   935.0 0
 2019   4  1  4 15 49 15.817  83.40    60.9 0    18.5 0   276.7 0    41.4 0   247.3 0   274.39 0   274.21 0   306.8 0   273.78 0   273.92 0     3.2 0    30.4 0    54.7 0   -59.5 0    -4.8 0     1.8 0    78.4 0     2.7 0   170.3 0   935.0 0
 2019   4  1  4 15 50 15.833  83.28    47.9 0    13.8 0   143.4 0    40.9 0   247.3 0   274.45 0   274.25 0   306.5 0   273.83 0   273.93 0     3.2 0    25.3 0    43.9 0   -59.2 0   -15.3 0     1.9 0    78.1 0     2.8 0   169.9 0   935.0 0
 2019   4  1  4 15 51 15.850  83.17    43.2 0    11.8 0    88.0 0    41.2 0   248.6 0   274.50 0   274.33 0   306.7 0   273.86 0   273.98 0     3.3 0    23.0 0    39.9 0   -58.1 0   -18.2 0     1.9 0    78.7 0     2.9 0   151.0 0   935.0 0
 2019   4  1  4 15 52 15.867  83.06    41.0 0    10.8 0    54.4 0    42.0 0   249.1 0   274.54 0   274.43 0   306.7 0   273.91 0   274.03 0     3.4 0    22.2 0    37.8 0   -57.7 0   -19.9 0     2.1 0    77.1 0     2.2 0   149.3 0   935.0 0
 2019   4  1  4 15 53 15.883  82.94    43.0 0    11.1 0    51.6 0    43.8 0   249.6 0   274.60 0   274.49 0   306.2 0   273.96 0   274.06 0     3.5 0    23.2 0    39.0 0   -56.7 0   -17.7 0     2.2 0    76.9 0     1.9 0   151.6 0   935.0 0
 2019   4  1  4 15 54 15.900  82.83    48.0 0    13.1 0    68.5 0    46.8 0   250.4 0   274.64 0   274.48 0   306.0 0   274.00 0   274.07 0     3.6 0    25.5 0    42.3 0   -55.6 0   -13.3 0     2.1 0    77.0 0     1.9 0   172.1 0   935.0 0
 2019   4  1  4 15 55 15.917  82.72    51.1 0    13.6 0    60.4 0    50.4 0   251.9 0   274.67 0   274.49 0   306.1 0   274.03 0   274.10 0     3.7 0    26.8 0    44.5 0   -54.1 0    -9.6 0     2.0 0    77.9 0     2.4 0   157.1 0   935.0 0
 2019   4  1  4 15 56 15.933  82.60    56.9 0    14.8 0    75.0 0    54.3 0   253.5 0   274.70 0   274.50 0   306.6 0   274.06 0   274.17 0     3.8 0    29.4 0    49.2 0   -53.1 0    -3.9 0     2.1 0    77.2 0     2.2 0   157.5 0   935.1 0
 2019   4  1  4 15 57 15.950  82.49    68.4 0    18.4 0   141.2 0    58.4 0   254.3 0   274.72 0   274.52 0   306.7 0   274.10 0   274.19 0     4.0 0    34.7 0    58.4 0   -52.3 0     6.1 0     2.1 0    76.8 0     2.1 0   179.4 0   935.1 0
 2019   4  1  4 15 58 15.967  82.38    79.9 0    22.0 0   205.6 0    62.8 0   256.1 0   274.75 0   274.58 0   307.4 0   274.13 0   274.24 0     4.1 0    40.1 0    68.0 0   -51.4 0    16.6 0     2.1 0    77.1 0     2.3 0   164.6 0   935.1 0
 2019   4  1  4 15 59 15.983  82.27    88.5 0    24.5 0   240.6 0    67.4 0   257.1 0   274.80 0   274.66 0   308.0 0   274.17 0   274.28 0     4.2 0    43.9 0    75.3 0   -50.9 0    24.4 0     2.1 0    76.7 0     2.5 0   174.4 0   935.1 0
 2019   4  1  4 16  0 16.000  82.16    95.0 0    26.4 0   256.4 0    72.2 0   257.9 0   274.85 0   274.70 0   308.0 0   274.20 0   274.29 0     4.3 0    46.9 0    80.7 0   -50.1 0    30.6 0     1.9 0    77.4 0     2.6 0   184.0 0   935.1 0
 2019   4  1  4 16  1 16.017  82.05    98.2 0    27.1 0   242.7 0    76.6 0   259.5 0   274.90 0   274.74 0   308.4 0   274.22 0   274.32 0     4.5 0    48.3 0    83.1 0   -49.0 0    34.2 0     1.8 0    78.6 0     3.2 0   172.5 0   935.0 0
 2019   4  1  4 16  2 16.033  81.94   108.2 0    29.9 0   298.7 0    80.3 0   260.3 0   274.96 0   274.82 0   309.3 0   274.25 0   274.38 0     4.6 0    53.0 0    92.2 0   -49.0 0    43.2 0     1.9 0    77.9 0     3.2 0   175.5 0   935.1 0
 2019   4  1  4 16  3 16.050  81.83    95.3 0    25.1 0   168.4 0    82.4 0   260.4 0   275.02 0   274.87 0   309.1 0   274.29 0   274.41 0     4.6 0    46.8 0    81.3 0   -48.7 0    32.6 0     1.9 0    77.7 0     3.3 0   172.8 0   935.1 0
 2019   4  1  4 16  4 16.067  81.72    88.7 0    22.5 0    95.5 0    84.1 0   260.7 0   275.06 0   274.92 0   309.0 0   274.31 0   274.42 0     4.7 0    43.4 0    75.3 0   -48.3 0    27.0 0     1.8 0    78.4 0     3.4 0   158.4 0   935.1 0
 2019   4  1  4 16  5 16.083  81.61    88.0 0    22.0 0    67.8 0    86.1 0   260.9 0   275.10 0   274.99 0   309.3 0   274.34 0   274.45 0     4.8 0    42.8 0    74.0 0   -48.4 0    25.6 0     1.8 0    78.3 0     3.3 0   150.8 0   935.0 0
 2019   4  1  4 16  6 16.100  81.50    88.9 0    22.0 0    49.9 0    88.8 0   261.3 0   275.14 0   275.02 0   309.3 0   274.37 0   274.46 0     4.8 0    43.0 0    74.2 0   -48.0 0    26.2 0     1.8 0    78.6 0     2.9 0   154.4 0   935.0 0
 2019   4  1  4 16  7 16.117  81.39    92.1 0    22.7 0    48.4 0    91.9 0   262.4 0   275.17 0   275.06 0   309.4 0   274.39 0   274.48 0     4.9 0    44.4 0    76.5 0   -47.0 0    29.5 0     1.7 0    79.1 0     3.1 0   151.8 0   935.0 0
 2019   4  1  4 16  8 16.133  81.28    94.3 0    23.0 0    44.6 0    94.7 0   263.7 0   275.20 0   275.10 0   309.4 0   274.41 0   274.50 0     5.0 0    45.4 0    78.4 0   -45.7 0    32.7 0     1.6 0    79.4 0     2.7 0   148.4 0   935.0 0
 2019   4  1  4 16  9 16.150  81.18    95.1 0    23.2 0    40.4 0    96.0 0   265.0 0   275.23 0   275.12 0   309.7 0   274.42 0   274.51 0     5.0 0    45.7 0    79.0 0   -44.8 0    34.2 0     1.6 0    79.7 0     3.6 0   152.4 0   935.1 0
 2019   4  1  4 16 10 16.167  81.07    99.2 0    24.7 0    76.6 0    95.7 0   266.1 0   275.27 0   275.18 0   310.2 0   274.45 0   274.55 0     5.1 0    48.1 0    82.9 0   -44.1 0    38.8 0     1.6 0    79.6 0     3.0 0   144.4 0   935.1 0
 2019   4  1  4 16 11 16.183  80.96   103.4 0    26.6 0   122.4 0    94.4 0   266.3 0   275.30 0   275.20 0   310.3 0   274.47 0   274.56 0     5.1 0    50.5 0    86.9 0   -44.1 0    42.9 0     1.7 0    79.1 0     2.1 0   157.6 0   935.1 0
 2019   4  1  4 16 12 16.200  80.86    98.7 0    25.4 0   103.7 0    92.0 0   266.1 0   275.34 0   275.22 0   310.2 0   274.48 0   274.56 0     5.1 0    48.2 0    83.1 0   -44.1 0    39.1 0     1.6 0    79.6 0     2.1 0   164.7 0   935.2 0
 2019   4  1  4 16 13 16.217  80.75    96.9 0    25.0 0   110.9 0    89.3 0   265.8 0   275.37 0   275.24 0   310.4 0   274.50 0   274.58 0     5.2 0    47.4 0    82.1 0   -44.6 0    37.5 0     1.6 0    79.9 0     2.6 0   173.0 0   935.2 0
 2019   4  1  4 16 14 16.233  80.65    97.2 0    25.4 0   137.5 0    85.9 0   265.1 0   275.41 0   275.30 0   310.8 0   274.51 0   274.63 0     5.2 0    47.8 0    82.8 0   -45.7 0    37.1 0     1.8 0    79.3 0     2.8 0   150.6 0   935.2 0
 2019   4  1  4 16 15 16.250  80.54    98.6 0    26.3 0   178.0 0    81.9 0   263.0 0   275.45 0   275.31 0   310.7 0   274.54 0   274.65 0     5.3 0    48.7 0    84.9 0   -47.7 0    37.1 0     1.9 0    78.6 0     2.4 0   175.5 0   935.3 0
 2019   4  1  4 16 16 16.267  80.44    92.2 0    24.7 0   167.4 0    77.1 0   261.3 0   275.49 0   275.34 0   310.7 0   274.56 0   274.66 0     5.3 0    45.7 0    80.2 0   -49.4 0    30.8 0     1.9 0    78.9 0     3.1 0   165.4 0   935.3 0
 2019   4  1  4 16 17 16.283  80.33    76.7 0    19.7 0    87.5 0    72.2 0   258.7 0   275.53 0   275.37 0   310.6 0   274.59 0   274.68 0     5.3 0    38.1 0    67.2 0   -51.9 0    15.3 0     1.9 0    78.5 0     2.9 0   165.6 0   935.3 0
 2019   4  1  4 16 18 16.300  80.23    68.9 0    17.5 0    56.6 0    68.1 0   256.4 0   275.56 0   275.37 0   309.9 0   274.60 0   274.67 0     5.4 0    34.4 0    60.2 0   -53.4 0     6.8 0     1.8 0    79.0 0     2.5 0   172.3 0   935.2 0
 2019   4  1  4 16 19 16.317  80.13    63.7 0    16.1 0    40.7 0    64.8 0   254.4 0   275.57 0   275.35 0   309.0 0   274.60 0   274.65 0     5.5 0    32.0 0    55.7 0   -54.5 0     1.1 0     1.7 0    79.8 0     2.3 0   166.5 0   935.1 0
 2019   4  1  4 16 20 16.333  80.02    59.7 0    15.0 0    28.4 0    62.1 0   252.7 0   275.57 0   275.33 0   308.6 0   274.61 0   274.65 0     5.6 0    30.0 0    52.0 0   -55.9 0    -3.9 0     1.6 0    80.5 0     2.8 0   160.8 0   935.1 0
 2019   4  1  4 16 21 16.350  79.92    56.1 0    13.9 0    18.2 0    59.8 0   251.2 0   275.57 0   275.28 0   308.3 0   274.61 0   274.63 0     5.7 0    28.3 0    49.1 0   -57.1 0    -8.0 0     1.5 0    81.0 0     3.3 0   163.3 0   935.1 0
 2019   4  1  4 16 22 16.367  79.82    53.3 0    13.3 0    10.1 0    57.7 0   250.3 0   275.55 0   275.29 0   308.4 0   274.60 0   274.63 0     5.8 0    27.0 0    46.1 0   -58.1 0   -12.0 0     1.5 0    80.9 0     3.4 0   155.8 0   935.1 0
 2019   4  1  4 16 23 16.383  79.72    53.1 0    13.3 0    21.1 0    55.7 0   249.6 0   275.53 0   275.29 0   308.6 0   274.58 0   274.63 0     5.9 0    27.2 0    46.2 0   -59.0 0   -12.9 0     1.5 0    80.8 0     4.3 0   153.3 0   935.1 0
 2019   4  1  4 16 24 16.400  79.62    51.5 0    12.5 0    22.9 0    53.9 0   249.5 0   275.53 0   275.30 0   309.6 0   274.60 0   274.69 0     6.0 0    26.7 0    45.5 0   -60.1 0   -14.6 0     1.9 0    79.0 0     5.0 0   148.3 0   935.1 0
 2019   4  1  4 16 25 16.417  79.52    49.4 0    11.9 0    20.1 0    52.5 0   248.2 0   275.53 0   275.28 0   309.1 0   274.63 0   274.70 0     6.1 0    26.0 0    44.3 0   -60.9 0   -16.6 0     2.0 0    77.7 0     4.1 0   155.3 0   935.1 0
 2019   4  1  4 16 26 16.433  79.42    56.1 0    14.9 0    68.9 0    51.8 0   247.9 0   275.53 0   275.26 0   309.0 0   274.65 0   274.68 0     6.2 0    29.9 0    49.6 0   -61.1 0   -11.5 0     1.8 0    79.3 0     4.4 0   153.0 0   935.1 0
 2019   4  1  4 16 27 16.450  79.32    55.8 0    14.9 0    74.0 0    51.1 0   248.0 0   275.53 0   275.25 0   309.0 0   274.65 0   274.70 0     6.3 0    29.9 0    49.9 0   -61.0 0   -11.1 0     1.8 0    79.6 0     4.6 0   147.8 0   935.0 0
 2019   4  1  4 16 28 16.467  79.22    53.5 0    14.1 0    63.9 0    50.4 0   247.3 0   275.52 0   275.26 0   308.7 0   274.65 0   274.70 0     6.4 0    28.8 0    48.2 0   -61.4 0   -13.2 0     1.8 0    79.1 0     3.9 0   145.0 0   934.9 0
 2019   4  1  4 16 29 16.483  79.12    55.7 0    15.0 0    80.7 0    50.1 0   247.0 0   275.50 0   275.25 0   308.4 0   274.65 0   274.70 0     6.5 0    29.9 0    50.3 0   -61.4 0   -11.1 0     1.8 0    79.5 0     3.7 0   145.4 0   934.9 0
 2019   4  1  4 16 30 16.500  79.03    49.4 0    12.9 0    42.5 0    49.3 0   247.5 0   275.50 0   275.24 0   308.6 0   274.65 0   274.71 0     6.6 0    26.3 0    44.5 0   -61.2 0   -16.6 0     1.8 0    79.5 0     4.6 0   145.0 0   934.9 0
 2019   4  1  4 16 31 16.517  78.93    46.8 0    11.9 0    28.1 0    48.7 0   246.7 0   275.49 0   275.24 0   309.1 0   274.68 0   274.74 0     6.7 0    25.4 0    42.3 0   -62.3 0   -20.1 0     2.0 0    78.6 0     4.7 0   146.1 0   934.9 0
 2019   4  1  4 16 32 16.533  78.83    47.6 0    12.1 0    33.2 0    48.7 0   246.4 0   275.48 0   275.23 0   309.1 0   274.70 0   274.77 0     6.9 0    26.2 0    43.1 0   -62.7 0   -19.7 0     2.1 0    77.8 0     4.1 0   151.5 0   934.9 0
 2019   4  1  4 16 33 16.550  78.74    94.8 0    28.6 0   331.3 0    49.6 0   246.3 0   275.48 0   275.24 0   309.9 0   274.71 0   274.81 0     7.1 0    50.4 0    85.7 0   -63.6 0    22.0 0     2.1 0    78.2 0     4.7 0   150.5 0   934.9 0
 2019   4  1  4 16 34 16.567  78.64    49.8 0    13.0 0    47.1 0    49.2 0   246.5 0   275.51 0   275.27 0   309.8 0   274.75 0   274.83 0     7.2 0    27.8 0    45.4 0   -63.3 0   -17.9 0     2.1 0    77.9 0     4.6 0   147.6 0   934.9 0
 2019   4  1  4 16 35 16.583  78.54    53.6 0    14.2 0    69.0 0    49.3 0   246.0 0   275.52 0   275.30 0   309.6 0   274.77 0   274.85 0     7.3 0    30.2 0    48.8 0   -63.6 0   -14.8 0     2.2 0    77.2 0     4.4 0   146.7 0   934.9 0
 2019   4  1  4 16 36 16.600  78.45    62.0 0    17.4 0   124.7 0    48.7 0   245.2 0   275.53 0   275.28 0   309.2 0   274.79 0   274.84 0     7.4 0    34.4 0    56.3 0   -64.0 0    -7.7 0     2.1 0    77.9 0     3.6 0   154.1 0   934.9 0
 2019   4  1  4 16 37 16.617  78.35    47.8 0    12.7 0    39.5 0    48.0 0   245.5 0   275.55 0   275.27 0   308.7 0   274.80 0   274.81 0     7.6 0    27.0 0    43.2 0   -63.2 0   -20.0 0     1.9 0    79.2 0     3.4 0   150.4 0   934.9 0
 2019   4  1  4 16 38 16.633  78.26    47.7 0    12.3 0    39.7 0    47.6 0   245.7 0   275.54 0   275.29 0   309.1 0   274.80 0   274.85 0     7.7 0    27.2 0    43.4 0   -63.4 0   -20.0 0     2.0 0    78.6 0     3.8 0   141.0 0   934.9 0
 2019   4  1  4 16 39 16.650  78.17    69.1 0    19.6 0   169.7 0    47.9 0   246.0 0   275.54 0   275.33 0   309.6 0   274.80 0   274.89 0     7.9 0    39.1 0    63.1 0   -63.6 0    -0.5 0     2.2 0    77.2 0     3.6 0   143.2 0   935.0 0
 2019   4  1  4 16 40 16.667  78.07    81.1 0    23.7 0   245.3 0    47.6 0   245.5 0   275.57 0   275.34 0   309.9 0   274.83 0   274.92 0     8.2 0    45.0 0    74.5 0   -64.4 0    10.1 0     2.3 0    77.0 0     3.5 0   153.0 0   935.0 0
 2019   4  1  4 16 41 16.683  77.98    76.2 0    22.5 0   213.2 0    47.5 0   245.4 0   275.59 0   275.29 0   309.5 0   274.85 0   274.90 0     8.4 0    42.8 0    69.4 0   -64.1 0     5.4 0     2.1 0    78.0 0     3.0 0   160.3 0   935.1 0
 2019   4  1  4 16 42 16.700  77.89    93.6 0    27.9 0   313.5 0    47.9 0   246.3 0   275.61 0   275.36 0   310.6 0   274.85 0   274.99 0     8.7 0    52.0 0    85.7 0   -64.3 0    21.4 0     2.3 0    77.5 0     3.3 0   153.8 0   935.1 0
 2019   4  1  4 16 43 16.717  77.80   112.1 0    34.1 0   422.2 0    48.4 0   246.2 0   275.65 0   275.45 0   311.3 0   274.89 0   275.03 0     9.0 0    62.5 0   103.6 0   -65.1 0    38.5 0     2.5 0    75.9 0     3.2 0   153.0 0   935.1 0
 2019   4  1  4 16 44 16.733  77.71   116.8 0    35.3 0   437.6 0    50.0 0   246.4 0   275.72 0   275.53 0   312.2 0   274.93 0   275.09 0     9.2 0    62.9 0   107.8 0   -65.7 0    42.1 0     2.5 0    76.1 0     2.9 0   154.8 0   935.1 0
 2019   4  1  4 16 45 16.750  77.62   103.9 0    31.0 0   354.5 0    51.5 0   246.4 0   275.79 0   275.59 0   311.5 0   274.96 0   275.09 0     9.4 0    59.4 0    96.5 0   -65.1 0    31.4 0     2.5 0    76.5 0     2.7 0   151.1 0   935.1 0
 2019   4  1  4 16 46 16.767  77.53   140.8 0    43.2 0   551.2 0    54.1 0   246.4 0   275.86 0   275.67 0   312.9 0   274.99 0   275.14 0     9.7 0    76.3 0   129.9 0   -66.5 0    63.4 0     2.4 0    76.6 0     2.6 0   147.0 0   935.1 0
 2019   4  1  4 16 47 16.783  77.44   177.3 0    55.5 0   749.9 0    56.3 0   246.8 0   275.96 0   275.78 0   314.1 0   275.02 0   275.19 0    10.0 0    94.0 0   163.9 0   -67.3 0    96.6 0     2.4 0    77.0 0     2.8 0   140.1 0   935.1 0
 2019   4  1  4 16 48 16.800  77.35   181.3 0    56.8 0   760.7 0    58.0 0   246.9 0   276.07 0   275.90 0   314.8 0   275.06 0   275.26 0    10.2 0    95.8 0   167.8 0   -67.9 0    99.9 0     2.4 0    76.9 0     2.3 0   135.8 0   935.1 0
 2019   4  1  4 16 49 16.817  77.26   182.7 0    56.9 0   757.9 0    59.2 0   247.1 0   276.20 0   276.01 0   315.5 0   275.10 0   275.31 0    10.3 0    96.6 0   169.4 0   -68.5 0   101.0 0     2.5 0    76.8 0     2.4 0   133.9 0   935.1 0
 2019   4  1  4 16 50 16.833  77.17   184.1 0    56.9 0   759.0 0    59.7 0   247.4 0   276.32 0   276.16 0   315.8 0   275.14 0   275.37 0    10.4 0    97.4 0   171.3 0   -68.4 0   102.8 0     2.6 0    76.0 0     3.3 0   131.0 0   935.1 0
 2019   4  1  4 16 51 16.850  77.09   184.3 0    56.9 0   758.3 0    59.1 0   246.9 0   276.46 0   276.26 0   315.7 0   275.19 0   275.41 0    10.5 0    97.6 0   171.7 0   -68.8 0   102.8 0     2.5 0    75.9 0     3.5 0   132.5 0   935.1 0
 2019   4  1  4 16 52 16.867  77.00   184.6 0    56.9 0   759.8 0    58.3 0   246.8 0   276.58 0   276.36 0   315.8 0   275.23 0   275.44 0    10.6 0    97.9 0   172.3 0   -69.0 0   103.3 0     2.4 0    76.5 0     3.0 0   138.0 0   935.1 0
 2019   4  1  4 16 53 16.883  76.91   184.6 0    56.9 0   759.6 0    57.4 0   246.7 0   276.70 0   276.47 0   316.3 0   275.27 0   275.48 0    10.7 0    98.0 0   172.5 0   -69.7 0   102.8 0     2.5 0    76.7 0     2.8 0   123.6 0   935.1 0
 2019   4  1  4 16 54 16.900  76.83   185.7 0    57.5 0   760.3 0    57.0 0   246.7 0   276.81 0   276.56 0   316.7 0   275.31 0   275.53 0    10.9 0    98.5 0   172.7 0   -70.0 0   102.7 0     2.5 0    76.4 0     2.7 0   122.9 0   935.1 0
 2019   4  1  4 16 55 16.917  76.74   185.3 0    56.9 0   749.4 0    57.6 0   247.1 0   276.93 0   276.69 0   317.2 0   275.36 0   275.58 0    11.0 0    98.5 0   172.5 0   -70.1 0   102.4 0     2.6 0    76.0 0     3.2 0   129.3 0   935.1 0
 2019   4  1  4 16 56 16.933  76.66   190.2 0    58.2 0   759.8 0    59.3 0   247.1 0   277.03 0   276.75 0   317.0 0   275.40 0   275.62 0    11.2 0   100.6 0   176.4 0   -69.9 0   106.6 0     2.6 0    76.0 0     3.4 0   121.4 0   935.1 0
 2019   4  1  4 16 57 16.950  76.58   192.0 0    58.4 0   748.4 0    61.9 0   247.6 0   277.14 0   276.85 0   317.3 0   275.45 0   275.67 0    11.4 0   101.3 0   177.3 0   -69.7 0   107.6 0     2.7 0    76.1 0     3.1 0   110.8 0   934.9 0
 2019   4  1  4 16 58 16.967  76.49   194.3 0    58.4 0   737.9 0    65.2 0   248.0 0   277.24 0   276.96 0   317.6 0   275.49 0   275.71 0    11.6 0   102.3 0   179.1 0   -69.6 0   109.5 0     2.7 0    76.0 0     3.3 0   122.5 0   935.0 0
 2019   4  1  4 16 59 16.983  76.41   202.1 0    60.6 0   754.3 0    68.8 0   248.5 0   277.34 0   277.06 0   318.0 0   275.54 0   275.76 0    11.8 0   105.8 0   185.5 0   -69.5 0   116.0 0     2.8 0    76.0 0     3.2 0   120.9 0   935.0 0
 2019   4  1  4 17  0 17.000  76.33   209.4 0    62.5 0   768.3 0    72.3 0   249.2 0   277.44 0   277.18 0   318.5 0   275.59 0   275.82 0    12.0 0   108.9 0   191.5 0   -69.4 0   122.1 0     2.8 0    75.8 0     3.0 0   122.9 0   934.9 0
 2019   4  1  4 17  1 17.017  76.25   213.6 0    63.4 0   766.2 0    75.8 0   249.5 0   277.54 0   277.25 0   318.9 0   275.64 0   275.87 0    12.2 0   110.5 0   194.6 0   -69.4 0   125.2 0     2.9 0    75.6 0     2.8 0   133.3 0   934.9 0
 2019   4  1  4 17  2 17.033  76.16   218.9 0    64.6 0   772.2 0    79.1 0   250.1 0   277.63 0   277.35 0   319.4 0   275.69 0   275.93 0    12.3 0   112.9 0   199.2 0   -69.2 0   130.0 0     3.0 0    75.3 0     2.4 0   138.3 0   934.9 0
 2019   4  1  4 17  3 17.050  76.08   222.8 0    65.3 0   771.0 0    82.1 0   250.8 0   277.73 0   277.47 0   320.2 0   275.74 0   275.99 0    12.5 0   114.4 0   202.3 0   -69.4 0   132.9 0     3.1 0    75.1 0     2.5 0   131.7 0   934.9 0
 2019   4  1  4 17  4 17.067  76.00   225.2 0    65.8 0   766.1 0    84.6 0   251.5 0   277.83 0   277.60 0   320.6 0   275.80 0   276.06 0    12.5 0   115.3 0   204.1 0   -69.2 0   134.9 0     3.2 0    74.7 0     2.4 0   133.6 0   934.9 0
 2019   4  1  4 17  5 17.083  75.92   230.0 0    66.9 0   775.6 0    86.4 0   252.2 0   277.93 0   277.72 0   320.9 0   275.86 0   276.13 0    12.6 0   117.2 0   208.1 0   -68.8 0   139.3 0     3.3 0    74.6 0     3.0 0   138.5 0   934.9 0
 2019   4  1  4 17  6 17.100  75.84   231.8 0    67.2 0   772.6 0    87.8 0   252.1 0   278.05 0   277.80 0   321.1 0   275.92 0   276.18 0    12.7 0   117.9 0   209.5 0   -69.0 0   140.5 0     3.3 0    74.5 0     2.9 0   147.2 0   934.9 0
 2019   4  1  4 17  7 17.117  75.77   224.8 0    64.9 0   726.6 0    89.0 0   252.5 0   278.15 0   277.90 0   321.4 0   275.99 0   276.24 0    12.8 0   114.3 0   202.7 0   -68.8 0   133.8 0     3.4 0    74.4 0     2.8 0   148.7 0   935.0 0
 2019   4  1  4 17  8 17.133  75.69   196.5 0    55.7 0   578.3 0    89.1 0   252.7 0   278.24 0   277.98 0   320.7 0   276.04 0   276.27 0    12.7 0   100.3 0   176.4 0   -68.0 0   108.3 0     3.4 0    74.4 0     3.1 0   153.7 0   934.9 0
 2019   4  1  4 17  9 17.150  75.61   175.2 0    49.1 0   471.5 0    88.2 0   252.5 0   278.32 0   278.04 0   320.3 0   276.09 0   276.30 0    12.6 0    90.0 0   156.3 0   -67.8 0    88.5 0     3.4 0    74.7 0     2.2 0   144.0 0   934.9 0
 2019   4  1  4 17 10 17.167  75.53   171.8 0    48.2 0   458.8 0    86.5 0   252.0 0   278.37 0   278.09 0   319.9 0   276.14 0   276.32 0    12.6 0    89.1 0   152.8 0   -68.0 0    84.9 0     3.4 0    74.6 0     2.2 0   140.7 0   934.9 0
 2019   4  1  4 17 11 17.183  75.46   223.1 0    64.3 0   710.1 0    85.7 0   251.9 0   278.41 0   278.10 0   320.7 0   276.18 0   276.38 0    13.0 0   113.2 0   199.7 0   -68.8 0   130.9 0     3.4 0    74.8 0     2.4 0   156.9 0   934.9 0
 2019   4  1  4 17 12 17.200  75.38   235.1 0    68.2 0   774.0 0    83.9 0   252.8 0   278.47 0   278.16 0   321.7 0   276.22 0   276.44 0    13.2 0   118.4 0   211.0 0   -68.8 0   142.2 0     3.4 0    74.9 0     2.4 0   163.3 0   935.0 0
 2019   4  1  4 17 13 17.217  75.31   211.9 0    60.5 0   668.1 0    81.6 0   254.6 0   278.54 0   278.26 0   323.7 0   276.27 0   276.58 0    13.2 0   107.7 0   190.5 0   -69.0 0   121.5 0     3.8 0    74.3 0     2.3 0   220.6 0   935.1 0
 2019   4  1  4 17 14 17.233  75.23   210.6 0    59.0 0   664.8 0    80.1 0   257.2 0   278.64 0   278.60 0   326.5 0   276.39 0   276.84 0    13.4 0   108.1 0   190.5 0   -69.3 0   121.2 0     4.8 0    68.5 0     3.9 0   231.7 0   935.1 0
 2019   4  1  4 17 15 17.250  75.16   203.7 0    56.5 0   629.6 0    79.7 0   257.4 0   278.80 0   278.83 0   327.2 0   276.57 0   277.05 0    13.5 0   104.3 0   184.4 0   -69.8 0   114.7 0     5.6 0    65.1 0     4.0 0   234.7 0   935.0 0
 2019   4  1  4 17 16 17.267  75.09   193.1 0    53.3 0   574.7 0    79.8 0   257.4 0   278.98 0   278.99 0   327.0 0   276.76 0   277.21 0    13.6 0    99.9 0   174.5 0   -69.5 0   105.0 0     5.9 0    64.0 0     4.3 0   235.6 0   935.1 0
 2019   4  1  4 17 17 17.283  75.01   176.2 0    48.1 0   492.3 0    79.6 0   257.5 0   279.15 0   279.13 0   326.9 0   276.95 0   277.35 0    13.6 0    91.4 0   158.8 0   -69.4 0    89.4 0     6.1 0    63.5 0     4.4 0   231.4 0   935.0 0
 2019   4  1  4 17 18 17.300  74.94   182.7 0    50.4 0   519.5 0    79.3 0   257.3 0   279.31 0   279.26 0   326.9 0   277.12 0   277.49 0    13.7 0    94.7 0   163.8 0   -69.6 0    94.2 0     6.2 0    63.3 0     4.4 0   233.7 0   935.0 0
 2019   4  1  4 17 19 17.317  74.87   188.5 0    52.2 0   547.0 0    78.8 0   257.2 0   279.46 0   279.38 0   327.0 0   277.29 0   277.67 0    13.8 0    97.7 0   169.3 0   -69.8 0    99.5 0     6.2 0    63.0 0     5.4 0   231.9 0   935.0 0
 2019   4  1  4 17 20 17.333  74.80   201.5 0    56.3 0   608.0 0    78.0 0   256.9 0   279.61 0   279.50 0   327.5 0   277.45 0   277.81 0    13.9 0   102.8 0   181.1 0   -70.6 0   110.5 0     6.2 0    63.0 0     4.3 0   231.4 0   935.0 0
 2019   4  1  4 17 21 17.350  74.73   157.4 0    43.0 0   416.3 0    75.4 0   256.6 0   279.75 0   279.59 0   326.6 0   277.60 0   277.92 0    13.8 0    82.4 0   142.1 0   -70.0 0    72.0 0     6.2 0    63.0 0     5.6 0   229.7 0   935.0 0
 2019   4  1  4 17 22 17.367  74.66   161.8 0    44.3 0   436.8 0    74.3 0   256.4 0   279.86 0   279.67 0   326.4 0   277.73 0   278.02 0    13.9 0    84.3 0   145.5 0   -70.0 0    75.5 0     6.1 0    63.2 0     5.0 0   232.2 0   935.0 0
 2019   4  1  4 17 23 17.383  74.59   158.4 0    43.2 0   421.1 0    73.8 0   256.3 0   279.96 0   279.74 0   326.3 0   277.85 0   278.12 0    14.0 0    83.0 0   142.5 0   -70.0 0    72.5 0     6.1 0    63.2 0     5.3 0   234.8 0   935.0 0
 2019   4  1  4 17 24 17.400  74.52   175.3 0    48.3 0   492.1 0    74.3 0   256.4 0   280.05 0   279.80 0   326.5 0   277.96 0   278.22 0    14.3 0    91.2 0   157.3 0   -70.1 0    87.2 0     6.1 0    63.2 0     5.5 0   230.4 0   935.0 0
 2019   4  1  4 17 25 17.417  74.45   194.6 0    53.9 0   571.1 0    75.4 0   256.6 0   280.14 0   279.88 0   326.9 0   278.07 0   278.33 0    14.7 0   100.6 0   174.6 0   -70.3 0   104.3 0     6.0 0    63.0 0     6.2 0   229.0 0   935.0 0
 2019   4  1  4 17 26 17.433  74.39   215.9 0    60.1 0   656.4 0    77.2 0   256.9 0   280.23 0   279.97 0   327.5 0   278.17 0   278.45 0    15.1 0   110.7 0   193.7 0   -70.5 0   123.2 0     6.0 0    62.8 0     6.4 0   228.7 0   935.0 0
 2019   4  1  4 17 27 17.450  74.32   251.4 0    70.3 0   799.0 0    80.1 0   257.5 0   280.34 0   280.06 0   328.4 0   278.27 0   278.56 0    15.6 0   127.0 0   225.7 0   -70.9 0   154.9 0     6.0 0    63.0 0     6.0 0   228.3 0   934.9 0
 2019   4  1  4 17 28 17.467  74.25   256.7 0    71.4 0   807.5 0    82.9 0   258.1 0   280.45 0   280.18 0   328.9 0   278.37 0   278.66 0    16.0 0   129.3 0   230.6 0   -70.8 0   159.8 0     6.1 0    63.1 0     6.0 0   230.2 0   934.9 0
 2019   4  1  4 17 29 17.483  74.19   259.5 0    71.9 0   804.8 0    85.5 0   258.5 0   280.57 0   280.29 0   329.3 0   278.47 0   278.76 0    16.1 0   130.5 0   232.9 0   -70.8 0   162.1 0     6.1 0    63.0 0     6.0 0   229.4 0   934.8 0
 2019   4  1  4 17 30 17.500  74.12   263.6 0    72.7 0   811.5 0    87.4 0   258.7 0   280.68 0   280.40 0   329.7 0   278.56 0   278.85 0    16.3 0   132.1 0   236.7 0   -71.0 0   165.6 0     6.2 0    63.2 0     5.7 0   226.0 0   934.8 0
 2019   4  1  4 17 31 17.517  74.06   259.7 0    71.2 0   791.3 0    87.5 0   258.7 0   280.79 0   280.49 0   329.8 0   278.65 0   278.94 0    16.3 0   130.0 0   233.6 0   -71.1 0   162.4 0     6.2 0    62.7 0     6.4 0   228.1 0   934.8 0
 2019   4  1  4 17 32 17.533  74.00   241.0 0    65.7 0   719.7 0    84.6 0   258.4 0   280.90 0   280.57 0   329.6 0   278.73 0   279.00 0    16.1 0   121.3 0   217.3 0   -71.3 0   146.1 0     6.2 0    62.4 0     6.8 0   228.2 0   934.8 0
 2019   4  1  4 17 33 17.550  73.93   241.0 0    65.9 0   735.2 0    80.1 0   257.7 0   280.99 0   280.64 0   329.5 0   278.81 0   279.07 0    16.0 0   121.5 0   217.7 0   -71.8 0   145.9 0     6.3 0    62.1 0     6.7 0   228.8 0   934.8 0
 2019   4  1  4 17 34 17.567  73.87   212.4 0    57.6 0   629.6 0    74.4 0   257.0 0   281.07 0   280.69 0   329.1 0   278.89 0   279.12 0    15.9 0   107.4 0   191.7 0   -72.1 0   119.6 0     6.3 0    62.3 0     6.6 0   228.2 0   934.7 0
 2019   4  1  4 17 35 17.583  73.81   198.8 0    53.9 0   587.6 0    70.2 0   256.5 0   281.13 0   280.71 0   328.6 0   278.94 0   279.14 0    15.9 0   103.1 0   180.1 0   -72.1 0   108.0 0     6.2 0    62.3 0     6.3 0   227.8 0   934.7 0
 2019   4  1  4 17 36 17.600  73.75   250.7 0    69.1 0   811.3 0    68.8 0   256.2 0   281.18 0   280.75 0   329.4 0   278.99 0   279.20 0    16.4 0   126.1 0   226.8 0   -73.2 0   153.5 0     6.2 0    62.2 0     6.6 0   229.6 0   934.6 0
 2019   4  1  4 17 37 17.617  73.69   244.1 0    67.1 0   786.5 0    67.5 0   256.1 0   281.24 0   280.80 0   329.6 0   279.04 0   279.26 0    16.5 0   123.7 0   221.4 0   -73.4 0   148.0 0     6.2 0    62.3 0     6.4 0   229.9 0   934.6 0
 2019   4  1  4 17 38 17.633  73.63   230.8 0    63.1 0   728.5 0    67.1 0   255.9 0   281.30 0   280.85 0   329.6 0   279.09 0   279.29 0    16.6 0   117.4 0   209.4 0   -73.7 0   135.6 0     6.2 0    62.7 0     5.7 0   227.0 0   934.5 0
 2019   4  1  4 17 39 17.650  73.57   213.5 0    58.0 0   653.1 0    66.4 0   255.6 0   281.35 0   280.88 0   329.3 0   279.12 0   279.32 0    16.5 0   108.1 0   193.1 0   -73.7 0   119.5 0     6.2 0    62.9 0     5.5 0   224.1 0   934.4 0
 2019   4  1  4 17 40 17.667  73.51   172.4 0    46.2 0   484.6 0    65.2 0   255.0 0   281.37 0   280.87 0   328.1 0   279.15 0   279.28 0    16.3 0    91.0 0   156.5 0   -73.1 0    83.4 0     6.1 0    62.8 0     6.1 0   225.1 0   934.3 0
 2019   4  1  4 17 41 17.683  73.45   239.3 0    65.3 0   753.1 0    65.5 0   254.8 0   281.38 0   280.87 0   329.0 0   279.17 0   279.32 0    16.7 0   119.2 0   214.7 0   -74.2 0   140.5 0     6.1 0    62.9 0     5.9 0   224.5 0   934.3 0
 2019   4  1  4 17 42 17.700  73.39   118.3 0    30.7 0   263.1 0    62.5 0   254.5 0   281.40 0   280.85 0   327.0 0   279.18 0   279.28 0    15.8 0    62.5 0   107.1 0   -72.5 0    34.5 0     6.0 0    63.1 0     6.8 0   224.9 0   934.3 0
 2019   4  1  4 17 43 17.717  73.34   106.7 0    27.2 0   211.4 0    62.6 0   253.9 0   281.36 0   280.78 0   325.9 0   279.17 0   279.21 0    15.6 0    57.7 0    96.0 0   -72.1 0    23.9 0     5.9 0    63.7 0     6.3 0   222.5 0   934.4 0
 2019   4  1  4 17 44 17.733  73.28   126.6 0    32.9 0   280.7 0    64.6 0   253.5 0   281.30 0   280.70 0   325.5 0   279.14 0   279.18 0    15.8 0    67.4 0   112.5 0   -72.0 0    40.5 0     5.7 0    64.1 0     6.9 0   221.4 0   934.4 0
 2019   4  1  4 17 45 17.750  73.22   196.7 0    52.8 0   554.2 0    67.0 0   253.3 0   281.24 0   280.64 0   326.3 0   279.12 0   279.18 0    16.4 0   101.2 0   174.2 0   -73.0 0   101.1 0     5.6 0    64.5 0     7.0 0   223.0 0   934.4 0
 2019   4  1  4 17 46 17.767  73.17   252.7 0    68.9 0   778.1 0    68.9 0   253.6 0   281.20 0   280.64 0   327.7 0   279.09 0   279.21 0    17.1 0   126.1 0   225.3 0   -74.1 0   151.1 0     5.6 0    65.0 0     6.2 0   221.7 0   934.4 0
 2019   4  1  4 17 47 17.783  73.12   256.5 0    70.0 0   798.0 0    67.7 0   253.7 0   281.20 0   280.67 0   328.6 0   279.08 0   279.23 0    17.3 0   128.2 0   229.5 0   -74.9 0   154.6 0     5.6 0    65.4 0     5.8 0   221.1 0   934.4 0
 2019   4  1  4 17 48 17.800  73.06   265.5 0    72.2 0   833.2 0    67.6 0   253.9 0   281.22 0   280.70 0   329.0 0   279.08 0   279.25 0    17.6 0   132.6 0   238.1 0   -75.1 0   163.0 0     5.7 0    64.9 0     6.4 0   218.7 0   934.3 0
 2019   4  1  4 17 49 17.817  73.01   266.3 0    72.1 0   832.5 0    68.4 0   254.0 0   281.24 0   280.75 0   329.3 0   279.08 0   279.28 0    17.8 0   133.2 0   239.5 0   -75.3 0   164.2 0     5.8 0    64.5 0     6.7 0   216.2 0   934.3 0
 2019   4  1  4 17 50 17.833  72.96   269.9 0    72.8 0   838.6 0    69.7 0   254.3 0   281.28 0   280.80 0   329.8 0   279.10 0   279.30 0    18.0 0   134.7 0   242.7 0   -75.5 0   167.2 0     5.9 0    64.2 0     6.2 0   218.4 0   934.2 0
 2019   4  1  4 17 51 17.850  72.91   268.1 0    71.9 0   819.6 0    72.0 0   254.7 0   281.32 0   280.85 0   330.0 0   279.13 0   279.33 0    18.1 0   134.2 0   241.0 0   -75.3 0   165.7 0     6.0 0    63.5 0     6.9 0   217.4 0   934.2 0
 2019   4  1  4 17 52 17.867  72.85   276.4 0    73.8 0   835.2 0    75.5 0   255.2 0   281.37 0   280.92 0   330.3 0   279.15 0   279.37 0    18.1 0   137.5 0   248.0 0   -75.1 0   172.8 0     6.0 0    63.7 0     6.1 0   219.9 0   934.1 0
 2019   4  1  4 17 53 17.883  72.80   213.5 0    55.7 0   568.2 0    77.7 0   255.7 0   281.42 0   280.96 0   329.6 0   279.18 0   279.36 0    17.4 0   106.0 0   190.1 0   -73.9 0   116.2 0     6.1 0    62.8 0     7.4 0   220.8 0   934.1 0
 2019   4  1  4 17 54 17.900  72.75   132.7 0    33.0 0   237.6 0    80.0 0   255.7 0   281.43 0   280.92 0   327.7 0   279.20 0   279.30 0    16.4 0    69.0 0   117.4 0   -72.0 0    45.4 0     6.0 0    62.9 0     7.5 0   219.0 0   934.1 0
 2019   4  1  4 17 55 17.917  72.70   174.7 0    44.2 0   373.1 0    86.0 0   255.9 0   281.40 0   280.88 0   327.6 0   279.19 0   279.28 0    16.8 0    89.0 0   152.7 0   -71.7 0    80.9 0     6.0 0    63.3 0     7.4 0   220.4 0   934.1 0
 2019   4  1  4 17 56 17.933  72.66   238.4 0    61.6 0   598.5 0    92.1 0   256.1 0   281.38 0   280.87 0   328.6 0   279.19 0   279.32 0    17.6 0   118.2 0   208.9 0   -72.5 0   136.4 0     6.0 0    63.4 0     7.4 0   220.3 0   934.1 0
 2019   4  1  4 17 57 17.950  72.61   262.2 0    67.9 0   681.1 0    94.9 0   256.2 0   281.37 0   280.90 0   329.5 0   279.21 0   279.36 0    18.1 0   128.9 0   230.6 0   -73.3 0   157.3 0     6.0 0    63.3 0     7.9 0   221.1 0   934.1 0
 2019   4  1  4 17 58 17.967  72.56   281.8 0    73.3 0   755.6 0    95.7 0   256.3 0   281.38 0   280.93 0   330.0 0   279.22 0   279.40 0    18.6 0   138.1 0   248.9 0   -73.7 0   175.2 0     6.0 0    62.9 0     8.3 0   224.1 0   934.1 0
 2019   4  1  4 17 59 17.983  72.51   290.6 0    75.4 0   793.2 0    95.1 0   256.5 0   281.42 0   280.95 0   330.2 0   279.24 0   279.43 0    19.0 0   142.7 0   258.1 0   -73.8 0   184.3 0     6.0 0    63.2 0     7.9 0   220.9 0   934.1 0
 2019   4  1  4 18  0 18.000  72.47   301.5 0    78.2 0   841.5 0    94.1 0   256.3 0   281.45 0   280.99 0   330.6 0   279.26 0   279.46 0    19.5 0   147.9 0   269.4 0   -74.3 0   195.1 0     6.0 0    63.2 0     8.1 0   219.5 0   934.1 0
 2019   4  1  4 18  1 18.017  72.42   299.3 0    77.5 0   840.7 0    91.8 0   256.3 0   281.50 0   281.03 0   331.0 0   279.28 0   279.49 0    19.6 0   147.2 0   268.1 0   -74.7 0   193.5 0     6.1 0    63.6 0     7.0 0   221.1 0   934.1 0
 2019   4  1  4 18  2 18.033  72.38   298.1 0    77.0 0   844.2 0    89.0 0   256.3 0   281.54 0   281.06 0   330.8 0   279.31 0   279.52 0    19.7 0   146.7 0   267.6 0   -74.5 0   193.1 0     6.1 0    63.0 0     8.2 0   221.6 0   934.1 0
 2019   4  1  4 18  3 18.050  72.34   260.3 0    66.7 0   706.6 0    86.2 0   256.3 0   281.58 0   281.09 0   330.3 0   279.33 0   279.52 0    19.6 0   129.8 0   233.9 0   -73.9 0   160.0 0     6.1 0    62.9 0     8.2 0   221.7 0   934.1 0
 2019   4  1  4 18  4 18.067  72.29   293.8 0    75.5 0   836.1 0    85.1 0   256.1 0   281.61 0   281.12 0   330.9 0   279.35 0   279.55 0    19.9 0   144.9 0   263.9 0   -74.7 0   189.2 0     6.1 0    62.9 0     8.0 0   223.2 0   934.0 0
 2019   4  1  4 18  5 18.083  72.25   297.4 0    76.1 0   852.7 0    83.9 0   256.1 0   281.65 0   281.17 0   331.4 0   279.38 0   279.58 0    20.0 0   146.5 0   267.8 0   -75.3 0   192.5 0     6.2 0    63.2 0     7.1 0   223.6 0   934.0 0
 2019   4  1  4 18  6 18.100  72.21   294.8 0    75.4 0   850.5 0    81.4 0   255.8 0   281.69 0   281.22 0   331.3 0   279.40 0   279.61 0    19.9 0   145.5 0   265.9 0   -75.4 0   190.5 0     6.2 0    62.3 0     8.0 0   224.1 0   933.9 0
 2019   4  1  4 18  7 18.117  72.17   291.6 0    74.5 0   849.2 0    78.1 0   255.7 0   281.74 0   281.26 0   331.5 0   279.43 0   279.64 0    19.9 0   144.2 0   263.7 0   -75.9 0   187.8 0     6.3 0    62.3 0     7.4 0   224.2 0   933.8 0
 2019   4  1  4 18  8 18.133  72.13   290.1 0    74.0 0   851.9 0    75.2 0   255.5 0   281.78 0   281.29 0   331.7 0   279.46 0   279.67 0    19.9 0   143.5 0   262.6 0   -76.1 0   186.5 0     6.3 0    62.2 0     7.2 0   226.6 0   933.8 0
 2019   4  1  4 18  9 18.150  72.09   289.2 0    73.8 0   853.2 0    73.4 0   255.3 0   281.83 0   281.32 0   331.3 0   279.49 0   279.69 0    20.0 0   143.2 0   262.0 0   -76.0 0   185.9 0     6.3 0    61.7 0     7.7 0   222.8 0   933.8 0
 2019   4  1  4 18 10 18.167  72.05   288.5 0    73.5 0   847.7 0    73.3 0   255.1 0   281.87 0   281.34 0   331.2 0   279.52 0   279.70 0    20.0 0   142.7 0   261.1 0   -76.2 0   184.9 0     6.3 0    61.7 0     8.3 0   223.5 0   933.8 0
 2019   4  1  4 18 11 18.183  72.01   289.4 0    73.6 0   839.8 0    75.3 0   255.1 0   281.90 0   281.36 0   331.2 0   279.53 0   279.71 0    19.9 0   142.9 0   261.1 0   -76.1 0   185.0 0     6.2 0    62.4 0     7.4 0   220.8 0   933.8 0
 2019   4  1  4 18 12 18.200  71.97   291.4 0    73.9 0   827.5 0    79.7 0   255.2 0   281.93 0   281.39 0   331.0 0   279.54 0   279.72 0    19.8 0   142.7 0   261.9 0   -75.8 0   186.2 0     6.2 0    62.1 0     8.3 0   223.8 0   933.7 0
 2019   4  1  4 18 13 18.217  71.93   234.1 0    58.3 0   588.8 0    84.9 0   255.4 0   281.95 0   281.40 0   330.4 0   279.55 0   279.69 0    19.3 0   116.3 0   209.2 0   -74.9 0   134.3 0     6.2 0    61.9 0     8.5 0   222.3 0   933.7 0
 2019   4  1  4 18 14 18.233  71.90   218.9 0    53.9 0   501.8 0    92.3 0   255.6 0   281.95 0   281.37 0   329.4 0   279.54 0   279.65 0    19.0 0   109.3 0   194.4 0   -73.8 0   120.5 0     6.1 0    62.1 0     8.6 0   221.9 0   933.6 0
 2019   4  1  4 18 15 18.250  71.86   197.3 0    47.7 0   385.6 0   100.5 0   256.0 0   281.92 0   281.32 0   328.9 0   279.52 0   279.59 0    18.6 0    98.1 0   172.9 0   -72.9 0   100.0 0     6.0 0    63.1 0     7.6 0   222.6 0   933.6 0
 2019   4  1  4 18 16 18.267  71.83   203.1 0    48.6 0   372.2 0   109.3 0   256.7 0   281.86 0   281.28 0   328.8 0   279.49 0   279.55 0    18.7 0   100.3 0   176.8 0   -72.1 0   104.8 0     5.9 0    63.7 0     7.8 0   223.8 0   933.6 0
 2019   4  1  4 18 17 18.283  71.79   209.0 0    49.3 0   358.6 0   118.0 0   257.5 0   281.80 0   281.23 0   328.8 0   279.45 0   279.53 0    18.8 0   101.4 0   180.8 0   -71.3 0   109.5 0     5.8 0    63.8 0     7.8 0   225.3 0   933.6 0
 2019   4  1  4 18 18 18.300  71.76   173.3 0    39.5 0   201.2 0   125.6 0   258.4 0   281.74 0   281.18 0   328.1 0   279.42 0   279.47 0    18.6 0    85.1 0   149.0 0   -69.7 0    79.3 0     5.8 0    64.3 0     7.5 0   226.7 0   933.6 0
 2019   4  1  4 18 19 18.317  71.72   226.0 0    52.7 0   365.4 0   132.8 0   259.1 0   281.66 0   281.13 0   328.7 0   279.39 0   279.45 0    19.0 0   109.4 0   194.7 0   -69.6 0   125.1 0     5.8 0    63.6 0     8.2 0   227.6 0   933.6 0
 2019   4  1  4 18 20 18.333  71.69   178.1 0    40.0 0   179.0 0   136.4 0   259.6 0   281.60 0   281.07 0   328.2 0   279.36 0   279.42 0    18.3 0    85.9 0   152.6 0   -68.6 0    84.0 0     5.8 0    64.2 0     7.3 0   226.1 0   933.6 0
 2019   4  1  4 18 21 18.350  71.66   169.5 0    37.7 0   143.8 0   138.0 0   259.4 0   281.52 0   280.99 0   327.7 0   279.32 0   279.36 0    18.0 0    81.7 0   145.6 0   -68.3 0    77.3 0     5.7 0    64.6 0     7.2 0   225.7 0   933.5 0
 2019   4  1  4 18 22 18.367  71.63   177.6 0    39.9 0   174.3 0   137.8 0   259.0 0   281.43 0   280.90 0   327.5 0   279.29 0   279.32 0    17.9 0    85.8 0   152.8 0   -68.4 0    84.4 0     5.6 0    65.5 0     6.5 0   225.8 0   933.6 0
 2019   4  1  4 18 23 18.383  71.60   152.8 0    33.8 0    99.7 0   133.8 0   258.6 0   281.35 0   280.82 0   327.3 0   279.24 0   279.27 0    17.1 0    72.7 0   131.4 0   -68.7 0    62.7 0     5.5 0    65.8 0     6.4 0   223.9 0   933.6 0
 2019   4  1  4 18 24 18.400  71.57   190.3 0    43.9 0   261.2 0   127.8 0   257.6 0   281.26 0   280.73 0   327.4 0   279.20 0   279.23 0    17.1 0    92.5 0   166.5 0   -69.8 0    96.7 0     5.5 0    66.2 0     6.0 0   225.5 0   933.6 0
 2019   4  1  4 18 25 18.417  71.54   216.5 0    51.0 0   376.8 0   121.4 0   257.1 0   281.18 0   280.68 0   328.1 0   279.16 0   279.23 0    17.1 0   103.9 0   189.7 0   -71.1 0   118.7 0     5.5 0    66.3 0     5.9 0   223.4 0   933.6 0
 2019   4  1  4 18 26 18.433  71.51   221.4 0    52.7 0   410.6 0   116.0 0   256.9 0   281.13 0   280.65 0   328.6 0   279.14 0   279.23 0    17.2 0   106.5 0   193.5 0   -71.6 0   121.9 0     5.5 0    65.5 0     7.0 0   223.5 0   933.5 0
 2019   4  1  4 18 27 18.450  71.48   188.7 0    44.3 0   303.7 0   112.7 0   256.4 0   281.09 0   280.62 0   328.1 0   279.11 0   279.20 0    16.9 0    91.4 0   164.9 0   -71.7 0    93.2 0     5.5 0    65.5 0     6.7 0   227.1 0   933.5 0
 2019   4  1  4 18 28 18.467  71.46   184.1 0    43.0 0   285.7 0   112.8 0   256.5 0   281.05 0   280.57 0   327.9 0   279.09 0   279.17 0    17.0 0    89.1 0   160.7 0   -71.4 0    89.2 0     5.5 0    65.6 0     6.5 0   224.2 0   933.5 0
 2019   4  1  4 18 29 18.483  71.43   195.4 0    45.7 0   314.7 0   115.5 0   256.4 0   281.00 0   280.53 0   327.9 0   279.07 0   279.14 0    17.5 0    94.8 0   170.1 0   -71.5 0    98.6 0     5.5 0    65.2 0     7.3 0   223.1 0   933.5 0
 2019   4  1  4 18 30 18.500  71.41   213.1 0    49.9 0   371.4 0   117.7 0   256.6 0   280.96 0   280.51 0   328.1 0   279.05 0   279.14 0    18.1 0   102.4 0   186.2 0   -71.5 0   114.7 0     5.5 0    65.5 0     6.5 0   226.1 0   933.5 0
 2019   4  1  4 18 31 18.517  71.38   182.5 0    41.9 0   269.0 0   116.2 0   256.7 0   280.94 0   280.49 0   328.1 0   279.04 0   279.12 0    18.1 0    87.9 0   160.1 0   -71.4 0    88.7 0     5.6 0    65.5 0     6.3 0   228.6 0   933.5 0
 2019   4  1  4 18 32 18.533  71.36   167.1 0    38.4 0   235.5 0   110.6 0   255.9 0   280.89 0   280.44 0   327.3 0   279.01 0   279.09 0    18.1 0    82.6 0   147.5 0   -71.4 0    76.1 0     5.5 0    65.2 0     7.0 0   227.2 0   933.5 0
 2019   4  1  4 18 33 18.550  71.33   212.7 0    50.3 0   413.9 0   105.0 0   255.2 0   280.86 0   280.41 0   328.1 0   279.00 0   279.09 0    18.9 0   103.9 0   187.2 0   -72.9 0   114.3 0     5.5 0    65.6 0     5.7 0   228.8 0   933.5 0
 2019   4  1  4 18 34 18.567  71.31   203.9 0    48.5 0   405.3 0    98.4 0   254.7 0   280.84 0   280.38 0   328.5 0   279.00 0   279.09 0    19.2 0   100.6 0   179.8 0   -73.9 0   105.9 0     5.5 0    65.5 0     5.9 0   226.8 0   933.5 0
 2019   4  1  4 18 35 18.583  71.29   207.5 0    49.4 0   439.8 0    92.5 0   254.0 0   280.82 0   280.38 0   328.6 0   278.98 0   279.09 0    19.4 0   102.0 0   184.2 0   -74.6 0   109.6 0     5.5 0    65.6 0     5.8 0   226.8 0   933.5 0
 2019   4  1  4 18 36 18.600  71.27   155.2 0    36.5 0   268.3 0    88.0 0   253.4 0   280.80 0   280.36 0   327.8 0   278.97 0   279.06 0    18.7 0    78.7 0   137.7 0   -74.4 0    63.3 0     5.6 0    65.8 0     5.2 0   224.8 0   933.5 0
 2019   4  1  4 18 37 18.617  71.25   120.8 0    27.8 0   145.6 0    87.1 0   253.0 0   280.78 0   280.31 0   326.9 0   278.96 0   279.02 0    17.9 0    62.0 0   106.0 0   -73.9 0    32.1 0     5.5 0    65.5 0     6.2 0   225.3 0   933.5 0
 2019   4  1  4 18 38 18.633  71.23   114.3 0    26.1 0   113.9 0    89.0 0   252.7 0   280.73 0   280.26 0   326.5 0   278.94 0   278.98 0    17.3 0    58.2 0    99.6 0   -73.8 0    25.8 0     5.5 0    65.4 0     6.2 0   224.2 0   933.5 0
 2019   4  1  4 18 39 18.650  71.21   118.5 0    27.0 0   116.7 0    92.4 0   252.5 0   280.68 0   280.21 0   326.3 0   278.92 0   278.95 0    17.0 0    60.1 0   103.0 0   -73.8 0    29.2 0     5.5 0    65.6 0     5.8 0   222.1 0   933.5 0
 2019   4  1  4 18 40 18.667  71.19   129.4 0    29.5 0   138.8 0    96.7 0   252.4 0   280.62 0   280.16 0   326.2 0   278.90 0   278.94 0    17.0 0    64.6 0   111.9 0   -73.8 0    38.1 0     5.5 0    66.1 0     5.5 0   219.7 0   933.5 0
 2019   4  1  4 18 41 18.683  71.17   136.9 0    31.2 0   147.0 0   101.7 0   252.6 0   280.57 0   280.13 0   326.2 0   278.87 0   278.92 0    17.1 0    68.0 0   118.0 0   -73.6 0    44.4 0     5.4 0    66.4 0     5.5 0   217.0 0   933.4 0
 2019   4  1  4 18 42 18.700  71.15   157.7 0    36.0 0   200.3 0   107.3 0   252.9 0   280.52 0   280.10 0   326.5 0   278.85 0   278.92 0    17.4 0    77.6 0   136.1 0   -73.6 0    62.5 0     5.4 0    66.3 0     5.3 0   217.9 0   933.4 0
 2019   4  1  4 18 43 18.717  71.14   160.0 0    36.2 0   193.4 0   112.0 0   253.5 0   280.49 0   280.08 0   326.8 0   278.83 0   278.90 0    17.4 0    78.0 0   138.4 0   -73.3 0    65.0 0     5.4 0    66.0 0     5.5 0   219.8 0   933.4 0
 2019   4  1  4 18 44 18.733  71.12   151.0 0    33.7 0   150.2 0   115.8 0   253.9 0   280.46 0   280.07 0   326.6 0   278.82 0   278.89 0    17.3 0    73.2 0   130.7 0   -72.7 0    58.0 0     5.4 0    65.7 0     5.5 0   220.3 0   933.4 0
 2019   4  1  4 18 45 18.750  71.11   136.5 0    29.8 0    86.5 0   119.5 0   254.2 0   280.42 0   280.03 0   326.2 0   278.80 0   278.86 0    17.2 0    65.8 0   117.7 0   -72.0 0    45.7 0     5.4 0    66.0 0     5.3 0   221.8 0   933.4 0
 2019   4  1  4 18 46 18.767  71.09   147.1 0    32.3 0   111.3 0   122.3 0   254.4 0   280.38 0   280.00 0   326.2 0   278.79 0   278.83 0    17.4 0    71.0 0   126.1 0   -71.8 0    54.2 0     5.4 0    66.5 0     4.7 0   224.6 0   933.4 0
 2019   4  1  4 18 47 18.783  71.08   141.4 0    30.8 0    87.6 0   123.8 0   254.7 0   280.34 0   279.96 0   326.1 0   278.77 0   278.81 0    17.5 0    68.1 0   121.4 0   -71.4 0    50.0 0     5.3 0    66.8 0     4.8 0   224.8 0   933.4 0
 2019   4  1  4 18 48 18.800  71.06   150.2 0    32.8 0   113.8 0   124.7 0   254.9 0   280.30 0   279.92 0   326.1 0   278.75 0   278.79 0    17.7 0    72.2 0   128.9 0   -71.1 0    57.7 0     5.3 0    66.8 0     4.6 0   224.5 0   933.4 0
 2019   4  1  4 18 49 18.817  71.05   166.2 0    36.6 0   162.4 0   126.5 0   255.4 0   280.27 0   279.88 0   326.2 0   278.72 0   278.78 0    17.8 0    80.2 0   142.7 0   -70.8 0    71.9 0     5.2 0    66.7 0     4.5 0   222.1 0   933.4 0
 2019   4  1  4 18 50 18.833  71.04   162.3 0    35.4 0   145.7 0   127.4 0   255.5 0   280.23 0   279.87 0   326.4 0   278.71 0   278.76 0    17.7 0    77.8 0   139.2 0   -70.9 0    68.3 0     5.2 0    67.2 0     4.2 0   223.4 0   933.3 0
 2019   4  1  4 18 51 18.850  71.03   142.5 0    30.6 0    82.5 0   126.5 0   255.8 0   280.20 0   279.83 0   326.0 0   278.68 0   278.73 0    17.3 0    68.6 0   122.7 0   -70.2 0    52.5 0     5.2 0    67.1 0     4.5 0   226.3 0   933.3 0
 2019   4  1  4 18 52 18.867  71.02   137.3 0    29.3 0    69.0 0   125.2 0   255.7 0   280.16 0   279.79 0   325.7 0   278.66 0   278.71 0    17.1 0    66.2 0   118.4 0   -70.0 0    48.4 0     5.2 0    67.3 0     4.4 0   227.1 0   933.3 0
 2019   4  1  4 18 53 18.883  71.01   130.3 0    27.4 0    47.9 0   124.1 0   255.8 0   280.12 0   279.76 0   325.5 0   278.64 0   278.68 0    17.0 0    62.5 0   112.3 0   -69.8 0    42.6 0     5.1 0    67.3 0     4.4 0   224.5 0   933.3 0
 2019   4  1  4 18 54 18.900  71.00   127.2 0    26.8 0    41.6 0   122.8 0   255.7 0   280.08 0   279.71 0   325.3 0   278.61 0   278.66 0    16.9 0    61.1 0   109.6 0   -69.5 0    40.0 0     5.2 0    67.4 0     4.3 0   225.6 0   933.3 0
 2019   4  1  4 18 55 18.917  70.99   123.7 0    25.8 0    32.4 0   121.8 0   255.7 0   280.03 0   279.66 0   325.2 0   278.60 0   278.64 0    16.9 0    59.2 0   106.6 0   -69.5 0    37.1 0     5.1 0    67.4 0     4.3 0   223.4 0   933.2 0
 2019   4  1  4 18 56 18.933  70.99   119.7 0    24.8 0    21.1 0   121.1 0   255.6 0   279.98 0   279.62 0   325.2 0   278.58 0   278.61 0    16.9 0    57.3 0   103.2 0   -69.5 0    33.7 0     5.1 0    67.3 0     4.4 0   225.3 0   933.2 0
 2019   4  1  4 18 57 18.950  70.98   121.5 0    25.2 0    27.4 0   120.6 0   255.5 0   279.93 0   279.58 0   324.9 0   278.56 0   278.61 0    17.0 0    58.5 0   104.3 0   -69.4 0    34.9 0     5.2 0    67.0 0     4.3 0   226.8 0   933.2 0
 2019   4  1  4 18 58 18.967  70.97   128.1 0    26.6 0    46.4 0   121.4 0   255.6 0   279.89 0   279.54 0   325.1 0   278.54 0   278.59 0    17.2 0    61.6 0   109.9 0   -69.5 0    40.4 0     5.2 0    67.1 0     4.2 0   226.7 0   933.1 0
 2019   4  1  4 18 59 18.983  70.97   126.9 0    26.4 0    39.9 0   122.4 0   255.5 0   279.85 0   279.51 0   325.1 0   278.53 0   278.57 0    17.5 0    61.1 0   109.0 0   -69.6 0    39.4 0     5.2 0    67.4 0     3.7 0   227.0 0   933.1 0
 2019   4  1  4 19  0 19.000  70.96   145.0 0    30.8 0   100.8 0   122.6 0   255.6 0   279.81 0   279.48 0   325.4 0   278.51 0   278.56 0    17.9 0    70.2 0   124.7 0   -69.8 0    54.9 0     5.1 0    67.6 0     3.7 0   225.5 0   933.1 0
 2019   4  1  4 19  1 19.017  70.96   210.2 0    46.9 0   324.6 0   123.2 0   255.5 0   279.79 0   279.49 0   326.8 0   278.51 0   278.59 0    19.1 0   102.4 0   182.2 0   -71.3 0   110.9 0     5.2 0    67.1 0     4.1 0   227.7 0   933.2 0
 2019   4  1  4 19  2 19.033  70.96   343.5 0    79.7 0   794.9 0   122.5 0   255.6 0   279.81 0   279.56 0   330.2 0   278.51 0   278.71 0    21.1 0   161.7 0   302.2 0   -74.6 0   227.6 0     5.3 0    66.5 0     4.0 0   228.0 0   933.2 0
 2019   4  1  4 19  3 19.050  70.95   280.3 0    64.7 0   606.8 0   115.4 0   255.8 0   279.89 0   279.69 0   330.8 0   278.55 0   278.76 0    21.0 0   134.8 0   248.7 0   -75.0 0   173.7 0     5.4 0    66.1 0     4.1 0   222.0 0   933.2 0
 2019   4  1  4 19  4 19.067  70.95   334.1 0    78.2 0   824.9 0   107.3 0   255.6 0   279.99 0   279.80 0   331.9 0   278.58 0   278.84 0    21.7 0   159.5 0   298.3 0   -76.3 0   222.0 0     5.6 0    65.3 0     4.2 0   225.3 0   933.1 0
 2019   4  1  4 19  5 19.083  70.95   293.5 0    68.2 0   715.7 0    98.5 0   255.3 0   280.11 0   279.93 0   331.7 0   278.64 0   278.92 0    21.7 0   140.7 0   263.9 0   -76.4 0   187.5 0     5.8 0    64.1 0     5.1 0   226.2 0   933.2 0
 2019   4  1  4 19  6 19.100  70.95   253.5 0    58.8 0   599.6 0    91.5 0   254.8 0   280.23 0   280.03 0   330.9 0   278.71 0   278.95 0    21.4 0   125.3 0   228.4 0   -76.2 0   152.2 0     5.9 0    63.7 0     5.2 0   220.9 0   933.2 0
 2019   4  1  4 19  7 19.117  70.95   250.3 0    58.2 0   597.6 0    87.8 0   254.6 0   280.34 0   280.11 0   330.8 0   278.77 0   278.99 0    21.3 0   122.7 0   224.6 0   -76.3 0   148.3 0     6.0 0    63.4 0     5.5 0   219.3 0   933.1 0
 2019   4  1  4 19  8 19.133  70.95   228.0 0    52.9 0   528.3 0    85.2 0   254.2 0   280.44 0   280.19 0   330.4 0   278.82 0   279.03 0    20.9 0   113.0 0   204.7 0   -76.2 0   128.5 0     6.0 0    62.9 0     5.7 0   219.0 0   933.1 0
 2019   4  1  4 19  9 19.150  70.95   231.4 0    53.8 0   537.8 0    84.9 0   254.0 0   280.52 0   280.25 0   330.4 0   278.87 0   279.06 0    20.8 0   114.0 0   206.6 0   -76.4 0   130.2 0     6.0 0    63.2 0     5.3 0   222.0 0   933.1 0
 2019   4  1  4 19 10 19.167  70.96   236.4 0    54.9 0   549.5 0    86.5 0   254.0 0   280.60 0   280.31 0   330.4 0   278.92 0   279.11 0    20.7 0   116.2 0   210.8 0   -76.4 0   134.5 0     6.0 0    62.9 0     6.1 0   219.1 0   933.1 0
 2019   4  1  4 19 11 19.183  70.96   206.7 0    47.5 0   438.9 0    88.7 0   254.0 0   280.68 0   280.37 0   329.7 0   278.96 0   279.14 0    20.1 0   102.2 0   184.4 0   -75.7 0   108.7 0     6.1 0    62.7 0     6.4 0   221.4 0   933.1 0
 2019   4  1  4 19 12 19.200  70.96   216.5 0    49.7 0   457.7 0    92.7 0   254.1 0   280.73 0   280.42 0   329.8 0   279.00 0   279.16 0    20.1 0   106.4 0   192.2 0   -75.7 0   116.5 0     6.1 0    63.3 0     5.8 0   216.7 0   933.1 0
 2019   4  1  4 19 13 19.217  70.97   225.6 0    51.6 0   472.3 0    97.6 0   254.4 0   280.79 0   280.47 0   330.0 0   279.03 0   279.19 0    20.3 0   110.6 0   200.1 0   -75.6 0   124.4 0     6.0 0    63.3 0     5.5 0   219.6 0   933.1 0
 2019   4  1  4 19 14 19.233  70.97   148.8 0    32.7 0   193.8 0   101.0 0   254.7 0   280.84 0   280.49 0   328.6 0   279.06 0   279.18 0    19.4 0    74.0 0   131.5 0   -74.0 0    57.5 0     6.0 0    63.0 0     6.4 0   220.8 0   933.1 0
 2019   4  1  4 19 15 19.250  70.98   158.2 0    34.8 0   207.1 0   105.7 0   255.1 0   280.85 0   280.46 0   328.2 0   279.07 0   279.15 0    19.7 0    79.2 0   138.4 0   -73.1 0    65.3 0     5.9 0    63.8 0     5.4 0   217.6 0   933.1 0
 2019   4  1  4 19 16 19.267  70.99   144.4 0    31.3 0   145.6 0   109.4 0   255.3 0   280.84 0   280.45 0   327.8 0   279.07 0   279.15 0    19.4 0    71.7 0   125.6 0   -72.4 0    53.1 0     5.8 0    64.4 0     5.3 0   218.1 0   933.1 0
 2019   4  1  4 19 17 19.283  70.99   154.8 0    33.6 0   167.6 0   113.4 0   255.4 0   280.82 0   280.41 0   327.7 0   279.07 0   279.13 0    19.4 0    77.0 0   134.4 0   -72.2 0    62.1 0     5.8 0    64.0 0     6.4 0   218.7 0   933.1 0
 2019   4  1  4 19 18 19.300  71.00   174.2 0    38.2 0   218.4 0   117.8 0   255.7 0   280.80 0   280.40 0   327.6 0   279.05 0   279.13 0    19.6 0    85.5 0   150.8 0   -71.8 0    78.9 0     5.7 0    64.3 0     5.8 0   219.7 0   933.1 0
 2019   4  1  4 19 19 19.317  71.01   235.2 0    52.8 0   415.5 0   122.2 0   256.0 0   280.78 0   280.40 0   328.7 0   279.05 0   279.15 0    20.4 0   113.8 0   204.5 0   -72.7 0   131.9 0     5.7 0    64.9 0     5.2 0   219.2 0   933.1 0
 2019   4  1  4 19 20 19.333  71.02   284.8 0    64.7 0   581.1 0   124.9 0   256.5 0   280.78 0   280.44 0   330.1 0   279.05 0   279.20 0    21.1 0   135.8 0   249.2 0   -73.5 0   175.7 0     5.7 0    64.6 0     5.9 0   216.9 0   933.0 0
 2019   4  1  4 19 21 19.350  71.03   240.8 0    54.0 0   427.1 0   125.8 0   256.8 0   280.82 0   280.50 0   330.1 0   279.06 0   279.22 0    20.7 0   115.7 0   210.7 0   -73.3 0   137.4 0     5.8 0    64.9 0     5.4 0   217.7 0   933.0 0
 2019   4  1  4 19 22 19.367  71.04   190.4 0    41.7 0   248.1 0   126.9 0   256.9 0   280.85 0   280.53 0   329.4 0   279.07 0   279.20 0    20.1 0    91.5 0   165.8 0   -72.4 0    93.4 0     5.8 0    65.3 0     4.6 0   217.9 0   933.0 0
 2019   4  1  4 19 23 19.383  71.05   216.1 0    47.7 0   322.7 0   130.7 0   257.2 0   280.85 0   280.54 0   329.4 0   279.09 0   279.20 0    20.6 0   105.9 0   187.8 0   -72.2 0   115.7 0     5.8 0    65.2 0     5.1 0   218.7 0   933.0 0
 2019   4  1  4 19 24 19.400  71.07   307.0 0    69.2 0   619.3 0   136.8 0   258.1 0   280.88 0   280.59 0   331.1 0   279.09 0   279.26 0    21.8 0   145.6 0   268.6 0   -73.0 0   195.6 0     5.8 0    65.1 0     4.5 0   214.8 0   932.9 0
 2019   4  1  4 19 25 19.417  71.08   301.1 0    67.4 0   588.6 0   141.2 0   258.9 0   280.93 0   280.66 0   331.6 0   279.11 0   279.31 0    21.9 0   143.5 0   264.6 0   -72.7 0   191.9 0     5.9 0    64.8 0     5.0 0   215.1 0   932.9 0
 2019   4  1  4 19 26 19.433  71.09   261.3 0    57.5 0   435.0 0   144.7 0   259.9 0   281.00 0   280.72 0   331.1 0   279.14 0   279.33 0    21.2 0   123.3 0   228.2 0   -71.2 0   157.0 0     6.0 0    64.7 0     5.5 0   217.4 0   932.9 0
 2019   4  1  4 19 27 19.450  71.11   189.7 0    40.0 0   177.3 0   147.4 0   260.8 0   281.04 0   280.75 0   329.9 0   279.17 0   279.30 0    20.2 0    91.5 0   164.8 0   -69.0 0    95.7 0     6.0 0    64.8 0     5.3 0   217.4 0   932.9 0
 2019   4  1  4 19 28 19.467  71.12   161.3 0    32.9 0    65.5 0   150.9 0   261.4 0   281.04 0   280.75 0   329.3 0   279.19 0   279.29 0    19.6 0    76.5 0   139.2 0   -67.8 0    71.3 0     6.0 0    65.2 0     4.5 0   213.5 0   932.8 0
 2019   4  1  4 19 29 19.483  71.14   159.5 0    32.3 0    45.5 0   154.5 0   261.8 0   281.04 0   280.73 0   328.7 0   279.19 0   279.27 0    19.2 0    76.6 0   136.9 0   -66.9 0    70.0 0     6.0 0    65.4 0     4.0 0   210.6 0   932.8 0
 2019   4  1  4 19 30 19.500  71.15   197.3 0    41.1 0   160.8 0   158.2 0   262.5 0   281.01 0   280.70 0   329.2 0   279.19 0   279.29 0    19.2 0    93.2 0   169.1 0   -66.7 0   102.3 0     5.9 0    65.0 0     4.7 0   211.0 0   932.7 0
 2019   4  1  4 19 31 19.517  71.17   172.5 0    35.1 0    70.2 0   160.2 0   263.2 0   280.99 0   280.69 0   328.6 0   279.19 0   279.27 0    18.7 0    81.8 0   147.8 0   -65.4 0    82.4 0     5.9 0    65.0 0     5.0 0   208.2 0   932.7 0
 2019   4  1  4 19 32 19.533  71.19   185.4 0    38.1 0   106.9 0   161.9 0   264.0 0   280.96 0   280.65 0   328.7 0   279.19 0   279.27 0    18.8 0    87.7 0   158.3 0   -64.7 0    93.6 0     5.9 0    65.4 0     5.2 0   208.0 0   932.7 0
 2019   4  1  4 19 33 19.550  71.21   173.9 0    35.2 0    59.6 0   164.2 0   265.0 0   280.94 0   280.62 0   328.6 0   279.19 0   279.25 0    18.6 0    82.0 0   148.2 0   -63.6 0    84.7 0     5.8 0    65.2 0     4.9 0   207.8 0   932.7 0
 2019   4  1  4 19 34 19.567  71.23   173.3 0    34.8 0    47.5 0   167.1 0   265.7 0   280.90 0   280.59 0   328.5 0   279.19 0   279.24 0    18.6 0    81.1 0   147.6 0   -62.8 0    84.8 0     5.8 0    64.8 0     5.6 0   208.2 0   932.6 0
 2019   4  1  4 19 35 19.583  71.25   195.3 0    40.1 0   110.9 0   170.4 0   266.1 0   280.86 0   280.56 0   328.3 0   279.17 0   279.24 0    18.9 0    92.3 0   165.9 0   -62.2 0   103.8 0     5.8 0    64.9 0     5.6 0   206.8 0   932.6 0
 2019   4  1  4 19 36 19.600  71.27   207.3 0    42.9 0   156.5 0   169.5 0   266.4 0   280.83 0   280.54 0   328.8 0   279.16 0   279.24 0    18.9 0    96.6 0   176.9 0   -62.4 0   114.5 0     5.7 0    64.9 0     5.6 0   204.8 0   932.6 0
 2019   4  1  4 19 37 19.617  71.29   183.7 0    37.6 0    95.1 0   164.3 0   266.1 0   280.80 0   280.51 0   328.4 0   279.14 0   279.22 0    18.4 0    86.5 0   157.1 0   -62.3 0    94.8 0     5.7 0    64.9 0     6.0 0   206.5 0   932.6 0
 2019   4  1  4 19 38 19.633  71.31   159.1 0    32.1 0    33.8 0   158.0 0   265.3 0   280.77 0   280.46 0   328.1 0   279.14 0   279.19 0    17.8 0    74.8 0   136.7 0   -62.8 0    73.8 0     5.7 0    65.7 0     5.3 0   207.7 0   932.6 0
 2019   4  1  4 19 39 19.650  71.33   152.9 0    31.0 0    31.3 0   152.2 0   264.5 0   280.73 0   280.40 0   327.7 0   279.11 0   279.16 0    17.5 0    72.3 0   131.2 0   -63.2 0    68.1 0     5.6 0    66.1 0     5.2 0   206.8 0   932.6 0
 2019   4  1  4 19 40 19.667  71.36   147.8 0    30.0 0    25.3 0   148.4 0   263.9 0   280.68 0   280.35 0   327.4 0   279.09 0   279.14 0    17.3 0    69.8 0   126.5 0   -63.5 0    63.1 0     5.6 0    66.3 0     5.2 0   210.4 0   932.6 0
 2019   4  1  4 19 41 19.683  71.38   147.3 0    29.7 0    21.9 0   148.2 0   263.6 0   280.63 0   280.29 0   327.3 0   279.07 0   279.10 0    17.2 0    69.6 0   125.5 0   -63.8 0    61.7 0     5.5 0    67.2 0     4.9 0   207.7 0   932.6 0
 2019   4  1  4 19 42 19.700  71.41   149.7 0    30.1 0    15.7 0   151.7 0   263.2 0   280.58 0   280.25 0   326.8 0   279.04 0   279.06 0    17.4 0    70.4 0   126.6 0   -63.6 0    63.0 0     5.4 0    68.5 0     4.4 0   198.5 0   932.5 0
 2019   4  1  4 19 43 19.717  71.43   162.4 0    33.0 0    41.4 0   156.8 0   263.3 0   280.52 0   280.18 0   326.5 0   279.00 0   279.01 0    17.8 0    76.4 0   137.0 0   -63.2 0    73.7 0     5.2 0    69.8 0     4.1 0   197.7 0   932.5 0
 2019   4  1  4 19 44 19.733  71.46   165.0 0    33.5 0    37.8 0   160.6 0   263.7 0   280.46 0   280.11 0   326.4 0   278.96 0   278.96 0    17.9 0    77.3 0   139.1 0   -62.7 0    76.4 0     5.1 0    70.1 0     4.6 0   196.3 0   932.4 0
 2019   4  1  4 19 45 19.750  71.49   161.6 0    32.5 0    16.6 0   163.4 0   264.4 0   280.39 0   280.05 0   326.2 0   278.91 0   278.92 0    17.9 0    75.5 0   136.2 0   -61.9 0    74.3 0     5.0 0    70.8 0     4.2 0   196.5 0   932.4 0
 2019   4  1  4 19 46 19.767  71.51   165.6 0    33.3 0    18.4 0   166.7 0   265.3 0   280.32 0   279.99 0   326.2 0   278.86 0   278.87 0    17.9 0    77.4 0   139.2 0   -60.9 0    78.3 0     4.9 0    70.5 0     4.6 0   195.4 0   932.4 0
 2019   4  1  4 19 47 19.783  71.54   169.2 0    34.3 0    18.9 0   169.7 0   266.3 0   280.26 0   279.95 0   326.3 0   278.81 0   278.83 0    17.9 0    78.9 0   141.4 0   -60.0 0    81.5 0     4.9 0    70.7 0     4.3 0   197.5 0   932.5 0
 2019   4  1  4 19 48 19.800  71.57   172.5 0    34.4 0    22.7 0   171.9 0   267.2 0   280.20 0   279.91 0   326.6 0   278.77 0   278.80 0    17.8 0    80.6 0   144.7 0   -59.4 0    85.3 0     4.9 0    70.4 0     5.0 0   201.1 0   932.5 0
 2019   4  1  4 19 49 19.817  71.60   178.2 0    35.8 0    32.8 0   174.9 0   268.0 0   280.15 0   279.87 0   326.7 0   278.74 0   278.77 0    17.9 0    83.5 0   149.5 0   -58.7 0    90.8 0     5.0 0    70.1 0     5.0 0   196.0 0   932.5 0
 2019   4  1  4 19 50 19.833  71.63   191.0 0    38.6 0    63.1 0   178.8 0   268.5 0   280.10 0   279.84 0   326.9 0   278.71 0   278.75 0    18.0 0    89.8 0   160.2 0   -58.5 0   101.7 0     5.0 0    69.8 0     5.0 0   200.3 0   932.5 0
 2019   4  1  4 19 51 19.850  71.66   191.3 0    38.7 0    54.4 0   181.9 0   268.4 0   280.06 0   279.81 0   327.0 0   278.68 0   278.73 0    18.0 0    89.4 0   160.3 0   -58.6 0   101.7 0     5.0 0    70.3 0     4.4 0   199.0 0   932.5 0
 2019   4  1  4 19 52 19.867  71.69   195.3 0    39.7 0    65.6 0   183.1 0   268.4 0   280.02 0   279.79 0   327.3 0   278.65 0   278.71 0    17.9 0    91.6 0   164.1 0   -58.9 0   105.1 0     5.0 0    70.4 0     4.6 0   199.2 0   932.5 0
 2019   4  1  4 19 53 19.883  71.73   228.4 0    47.6 0   180.9 0   184.2 0   268.5 0   279.99 0   279.78 0   328.0 0   278.63 0   278.71 0    18.2 0   107.2 0   193.3 0   -59.4 0   133.9 0     5.0 0    70.1 0     4.7 0   200.4 0   932.5 0
 2019   4  1  4 19 54 19.900  71.76   225.0 0    46.8 0   170.6 0   184.5 0   269.0 0   279.99 0   279.80 0   328.1 0   278.61 0   278.71 0    18.1 0   105.8 0   191.1 0   -59.2 0   131.9 0     5.0 0    70.3 0     4.3 0   200.8 0   932.5 0
 2019   4  1  4 19 55 19.917  71.79   228.6 0    47.6 0   186.5 0   184.4 0   269.5 0   279.99 0   279.82 0   328.7 0   278.61 0   278.71 0    18.1 0   107.8 0   195.1 0   -59.2 0   135.9 0     5.0 0    70.3 0     4.1 0   205.7 0   932.5 0
 2019   4  1  4 19 56 19.933  71.83   238.8 0    50.0 0   222.8 0   184.7 0   269.9 0   280.00 0   279.85 0   329.0 0   278.61 0   278.73 0    18.3 0   113.5 0   204.2 0   -59.2 0   145.0 0     5.1 0    69.8 0     4.0 0   204.4 0   932.5 0
 2019   4  1  4 19 57 19.950  71.86   318.3 0    68.6 0   501.2 0   188.1 0   270.0 0   280.04 0   279.93 0   330.7 0   278.62 0   278.79 0    19.3 0   149.9 0   275.5 0   -60.7 0   214.8 0     5.2 0    69.6 0     4.0 0   201.4 0   932.5 0
 2019   4  1  4 19 58 19.967  71.90   250.7 0    52.0 0   247.5 0   190.9 0   270.1 0   280.10 0   280.01 0   330.5 0   278.65 0   278.82 0    18.9 0   116.3 0   215.9 0   -60.3 0   155.5 0     5.4 0    68.5 0     4.5 0   203.2 0   932.5 0
 2019   4  1  4 19 59 19.983  71.94   222.1 0    45.3 0   133.5 0   193.3 0   269.6 0   280.16 0   280.05 0   329.4 0   278.66 0   278.80 0    19.0 0   105.2 0   189.3 0   -59.8 0   129.5 0     5.4 0    68.8 0     4.1 0   206.5 0   932.5 0
 2019   4  1  4 20  0 20.000  71.97   223.9 0    45.6 0   137.8 0   193.8 0   268.7 0   280.19 0   280.07 0   329.4 0   278.68 0   278.82 0    19.4 0   106.0 0   190.8 0   -60.8 0   130.1 0     5.5 0    68.3 0     4.6 0   209.2 0   932.5 0
 2019   4  1  4 20  1 20.017  72.01   218.5 0    44.3 0   132.4 0   190.2 0   267.5 0   280.22 0   280.09 0   329.4 0   278.71 0   278.83 0    19.6 0   103.3 0   186.8 0   -61.9 0   124.8 0     5.5 0    68.3 0     4.3 0   205.2 0   932.5 0
 2019   4  1  4 20  2 20.033  72.05   199.4 0    40.2 0   101.5 0   181.1 0   266.1 0   280.25 0   280.09 0   328.8 0   278.72 0   278.84 0    19.4 0    94.2 0   172.2 0   -62.8 0   109.4 0     5.5 0    67.9 0     4.7 0   207.0 0   932.5 0
 2019   4  1  4 20  3 20.050  72.09   189.9 0    38.7 0   118.6 0   167.3 0   263.8 0   280.26 0   280.09 0   328.5 0   278.73 0   278.85 0    19.1 0    91.2 0   165.0 0   -64.7 0   100.3 0     5.5 0    68.5 0     4.1 0   206.8 0   932.5 0
 2019   4  1  4 20  4 20.067  72.13   180.8 0    37.4 0   144.5 0   150.9 0   261.6 0   280.28 0   280.07 0   328.7 0   278.75 0   278.85 0    18.6 0    86.9 0   157.8 0   -67.1 0    90.7 0     5.5 0    68.2 0     4.2 0   209.1 0   932.5 0
 2019   4  1  4 20  5 20.083  72.17   215.0 0    46.5 0   326.3 0   136.1 0   259.7 0   280.29 0   280.07 0   329.1 0   278.75 0   278.88 0    18.5 0   105.0 0   189.5 0   -69.4 0   120.2 0     5.6 0    67.7 0     4.2 0   206.8 0   932.5 0
 2019   4  1  4 20  6 20.100  72.21   264.0 0    58.9 0   559.6 0   123.4 0   258.1 0   280.33 0   280.10 0   330.3 0   278.77 0   278.93 0    18.5 0   127.2 0   235.5 0   -72.2 0   163.3 0     5.6 0    67.6 0     4.2 0   203.6 0   932.5 0
 2019   4  1  4 20  7 20.117  72.25   221.0 0    49.1 0   444.8 0   111.7 0   257.0 0   280.39 0   280.15 0   330.4 0   278.80 0   278.95 0    17.7 0   106.7 0   198.1 0   -73.4 0   124.7 0     5.7 0    67.0 0     4.3 0   209.1 0   932.4 0
 2019   4  1  4 20  8 20.133  72.29   202.0 0    45.0 0   404.5 0   103.6 0   256.0 0   280.45 0   280.19 0   329.8 0   278.82 0   278.98 0    17.3 0    99.3 0   181.6 0   -73.9 0   107.8 0     5.7 0    66.6 0     4.4 0   207.2 0   932.4 0
 2019   4  1  4 20  9 20.150  72.34   198.5 0    44.3 0   407.1 0    99.4 0   255.4 0   280.50 0   280.22 0   329.8 0   278.85 0   279.00 0    17.3 0    98.6 0   178.5 0   -74.5 0   104.1 0     5.8 0    67.0 0     4.0 0   207.6 0   932.4 0
 2019   4  1  4 20 10 20.167  72.38   139.3 0    30.2 0   203.5 0    94.1 0   255.1 0   280.54 0   280.26 0   328.9 0   278.87 0   279.00 0    16.6 0    70.1 0   125.5 0   -73.8 0    51.7 0     5.8 0    66.6 0     4.1 0   209.6 0   932.4 0
 2019   4  1  4 20 11 20.183  72.43   145.5 0    31.7 0   233.6 0    91.9 0   254.6 0   280.56 0   280.26 0   328.6 0   278.90 0   279.00 0    16.6 0    74.0 0   130.7 0   -74.0 0    56.6 0     5.8 0    66.6 0     4.0 0   207.7 0   932.4 0
 2019   4  1  4 20 12 20.200  72.47   144.1 0    31.5 0   231.0 0    90.8 0   254.4 0   280.57 0   280.25 0   328.5 0   278.90 0   279.00 0    16.3 0    72.7 0   128.9 0   -74.1 0    54.9 0     5.8 0    66.6 0     4.1 0   207.4 0   932.4 0
 2019   4  1  4 20 13 20.217  72.52   183.0 0    40.9 0   378.9 0    91.2 0   254.8 0   280.58 0   280.25 0   329.2 0   278.92 0   279.03 0    16.3 0    91.1 0   164.1 0   -74.4 0    89.7 0     5.9 0    66.1 0     4.3 0   217.4 0   932.4 0
 2019   4  1  4 20 14 20.233  72.56   240.5 0    54.6 0   587.8 0    94.2 0   255.5 0   280.61 0   280.31 0   330.7 0   278.94 0   279.12 0    16.7 0   115.3 0   215.8 0   -75.3 0   140.6 0     6.0 0    65.3 0     4.0 0   213.3 0   932.4 0
 2019   4  1  4 20 15 20.250  72.61   174.0 0    38.7 0   338.0 0    93.8 0   255.7 0   280.66 0   280.38 0   330.0 0   278.98 0   279.13 0    16.0 0    86.2 0   156.1 0   -74.3 0    81.8 0     6.1 0    65.6 0     4.2 0   215.1 0   932.4 0
 2019   4  1  4 20 16 20.267  72.66   210.6 0    47.5 0   471.6 0    95.4 0   255.9 0   280.71 0   280.43 0   330.5 0   279.01 0   279.17 0    16.2 0   102.6 0   188.5 0   -74.7 0   113.8 0     6.1 0    64.4 0     4.7 0   215.3 0   932.4 0
 2019   4  1  4 20 17 20.283  72.71   248.3 0    56.4 0   621.3 0    95.7 0   256.2 0   280.77 0   280.51 0   331.9 0   279.05 0   279.24 0    16.4 0   118.8 0   224.0 0   -75.6 0   148.4 0     6.2 0    64.9 0     3.5 0   214.6 0   932.4 0
 2019   4  1  4 20 18 20.300  72.76   175.4 0    38.9 0   349.7 0    93.2 0   256.5 0   280.84 0   280.59 0   330.9 0   279.09 0   279.26 0    15.9 0    86.3 0   158.0 0   -74.5 0    83.5 0     6.3 0    64.8 0     3.9 0   216.7 0   932.4 0
 2019   4  1  4 20 19 20.317  72.81    99.5 0    20.8 0    76.6 0    88.6 0   256.7 0   280.89 0   280.59 0   329.1 0   279.13 0   279.24 0    15.0 0    51.4 0    90.4 0   -72.3 0    18.1 0     6.3 0    65.0 0     4.1 0   216.4 0   932.4 0
 2019   4  1  4 20 20 20.333  72.86    94.6 0    19.7 0    66.8 0    85.6 0   257.1 0   280.90 0   280.56 0   328.2 0   279.15 0   279.24 0    14.7 0    48.8 0    85.6 0   -71.1 0    14.5 0     6.3 0    65.1 0     4.0 0   212.0 0   932.4 0
 2019   4  1  4 20 21 20.350  72.91    91.9 0    19.1 0    54.4 0    85.0 0   256.8 0   280.87 0   280.52 0   327.9 0   279.17 0   279.22 0    14.4 0    47.1 0    82.0 0   -71.0 0    10.9 0     6.2 0    65.8 0     3.5 0   210.8 0   932.4 0
 2019   4  1  4 20 22 20.367  72.96   101.7 0    21.3 0    84.1 0    86.5 0   257.4 0   280.84 0   280.48 0   327.5 0   279.17 0   279.21 0    14.4 0    51.8 0    89.9 0   -70.2 0    19.7 0     6.1 0    66.1 0     3.8 0   206.5 0   932.4 0
 2019   4  1  4 20 23 20.383  73.01   109.3 0    23.2 0   100.4 0    89.1 0   257.8 0   280.81 0   280.43 0   327.4 0   279.17 0   279.20 0    14.6 0    54.9 0    95.3 0   -69.6 0    25.7 0     6.0 0    66.3 0     4.2 0   204.0 0   932.4 0
 2019   4  1  4 20 24 20.400  73.06   184.2 0    41.4 0   388.2 0    92.5 0   258.6 0   280.76 0   280.38 0   327.9 0   279.15 0   279.20 0    15.5 0    92.2 0   164.2 0   -69.3 0    94.9 0     5.9 0    67.3 0     3.8 0   198.9 0   932.4 0
 2019   4  1  4 20 25 20.417  73.12   283.5 0    65.4 0   766.2 0    97.7 0   260.1 0   280.76 0   280.42 0   330.8 0   279.14 0   279.28 0    16.6 0   135.3 0   254.8 0   -70.7 0   184.1 0     5.8 0    67.4 0     4.1 0   196.8 0   932.4 0
 2019   4  1  4 20 26 20.433  73.17   275.2 0    63.2 0   720.6 0   101.3 0   262.1 0   280.80 0   280.50 0   331.5 0   279.14 0   279.30 0    16.6 0   131.1 0   246.8 0   -69.4 0   177.4 0     5.8 0    67.5 0     4.2 0   195.0 0   932.4 0
 2019   4  1  4 20 27 20.450  73.23   253.9 0    57.6 0   618.5 0   106.2 0   264.1 0   280.86 0   280.58 0   331.3 0   279.16 0   279.31 0    16.5 0   122.2 0   227.1 0   -67.2 0   159.9 0     5.8 0    67.7 0     3.8 0   194.3 0   932.4 0
 2019   4  1  4 20 28 20.467  73.28   253.2 0    57.1 0   599.2 0   111.5 0   266.3 0   280.92 0   280.65 0   331.7 0   279.17 0   279.34 0    16.5 0   121.6 0   226.7 0   -65.4 0   161.3 0     5.9 0    67.4 0     3.9 0   198.3 0   932.4 0
 2019   4  1  4 20 29 20.483  73.34   268.8 0    60.8 0   653.6 0   115.3 0   268.0 0   280.97 0   280.72 0   332.3 0   279.19 0   279.37 0    16.5 0   128.5 0   241.8 0   -64.3 0   177.5 0     5.9 0    67.1 0     4.2 0   197.4 0   932.4 0
 2019   4  1  4 20 30 20.500  73.40   197.9 0    43.6 0   362.9 0   115.8 0   269.1 0   281.03 0   280.76 0   331.0 0   279.21 0   279.36 0    15.6 0    96.1 0   175.9 0   -62.0 0   113.9 0     6.0 0    67.0 0     4.3 0   194.2 0   932.4 0
 2019   4  1  4 20 31 20.517  73.45   175.5 0    38.1 0   266.2 0   117.2 0   269.9 0   281.06 0   280.78 0   330.1 0   279.23 0   279.34 0    14.9 0    86.9 0   154.9 0   -60.2 0    94.6 0     5.9 0    66.9 0     4.1 0   196.4 0   932.4 0
 2019   4  1  4 20 32 20.533  73.51   166.7 0    35.7 0   220.9 0   119.0 0   271.0 0   281.07 0   280.76 0   329.9 0   279.24 0   279.33 0    14.3 0    80.6 0   146.0 0   -58.9 0    87.1 0     5.9 0    66.9 0     4.5 0   196.7 0   932.4 0
 2019   4  1  4 20 33 20.550  73.57   160.8 0    34.1 0   181.2 0   122.6 0   272.3 0   281.05 0   280.75 0   329.5 0   279.24 0   279.31 0    14.1 0    78.3 0   139.8 0   -57.2 0    82.6 0     5.9 0    67.0 0     4.7 0   200.3 0   932.4 0
 2019   4  1  4 20 34 20.567  73.63   139.1 0    28.4 0    75.5 0   127.1 0   274.5 0   281.04 0   280.74 0   329.1 0   279.24 0   279.29 0    13.7 0    67.0 0   120.0 0   -54.6 0    65.4 0     5.9 0    67.4 0     4.5 0   200.1 0   932.4 0
 2019   4  1  4 20 35 20.583  73.69   144.2 0    29.3 0    78.1 0   131.7 0   276.7 0   281.00 0   280.71 0   328.9 0   279.24 0   279.29 0    13.7 0    69.5 0   124.3 0   -52.3 0    72.0 0     5.8 0    67.3 0     4.6 0   195.9 0   932.4 0
 2019   4  1  4 20 36 20.600  73.75   220.9 0    47.9 0   366.8 0   138.4 0   278.7 0   280.96 0   280.69 0   329.8 0   279.22 0   279.30 0    14.4 0   107.4 0   193.1 0   -51.1 0   141.9 0     5.8 0    67.6 0     4.3 0   200.1 0   932.4 0
 2019   4  1  4 20 37 20.617  73.81   275.3 0    60.0 0   538.3 0   151.8 0   280.6 0   280.97 0   280.75 0   332.0 0   279.23 0   279.38 0    15.2 0   128.3 0   241.9 0   -51.4 0   190.4 0     5.9 0    67.1 0     4.8 0   200.6 0   932.4 0
 2019   4  1  4 20 38 20.633  73.87   182.5 0    36.7 0   117.7 0   160.0 0   281.6 0   281.00 0   280.80 0   330.6 0   279.24 0   279.35 0    14.8 0    86.3 0   155.9 0   -49.0 0   106.9 0     5.9 0    67.2 0     4.6 0   202.7 0   932.4 0
 2019   4  1  4 20 39 20.650  73.94   223.2 0    46.5 0   274.7 0   164.3 0   282.1 0   281.00 0   280.81 0   330.8 0   279.24 0   279.37 0    15.1 0   106.1 0   193.8 0   -48.7 0   145.2 0     5.9 0    67.4 0     4.5 0   201.1 0   932.4 0
 2019   4  1  4 20 40 20.667  74.00   186.3 0    37.1 0   118.6 0   164.5 0   283.0 0   281.02 0   280.82 0   330.6 0   279.26 0   279.37 0    14.9 0    87.8 0   160.1 0   -47.6 0   112.5 0     6.0 0    67.3 0     4.8 0   199.9 0   932.3 0
 2019   4  1  4 20 41 20.683  74.06   187.1 0    37.1 0   119.9 0   165.0 0   283.1 0   281.00 0   280.81 0   330.3 0   279.27 0   279.37 0    14.8 0    88.8 0   160.8 0   -47.2 0   113.6 0     6.0 0    67.0 0     4.6 0   201.1 0   932.3 0
 2019   4  1  4 20 42 20.700  74.13   193.8 0    38.8 0   144.7 0   165.9 0   283.6 0   281.00 0   280.80 0   330.6 0   279.29 0   279.38 0    14.7 0    91.3 0   166.7 0   -47.1 0   119.6 0     6.0 0    66.8 0     4.8 0   205.9 0   932.3 0
 2019   4  1  4 20 43 20.717  74.19   191.2 0    38.3 0   151.7 0   162.4 0   284.2 0   281.00 0   280.81 0   330.6 0   279.29 0   279.40 0    14.3 0    89.9 0   165.4 0   -46.4 0   119.0 0     6.1 0    66.6 0     5.1 0   207.0 0   932.3 0
 2019   4  1  4 20 44 20.733  74.26   184.1 0    36.7 0   136.2 0   159.0 0   285.4 0   281.00 0   280.81 0   330.7 0   279.31 0   279.42 0    14.0 0    87.3 0   159.3 0   -45.3 0   114.0 0     6.1 0    66.1 0     4.6 0   206.2 0   932.3 0
 2019   4  1  4 20 45 20.750  74.32   179.6 0    35.1 0    91.7 0   163.8 0   286.7 0   281.00 0   280.83 0   330.6 0   279.33 0   279.43 0    13.9 0    84.2 0   153.5 0   -43.9 0   109.6 0     6.2 0    66.2 0     4.3 0   209.7 0   932.4 0
 2019   4  1  4 20 46 20.767  74.39   184.1 0    35.6 0    73.9 0   172.2 0   287.9 0   281.00 0   280.85 0   330.8 0   279.34 0   279.45 0    13.9 0    86.3 0   156.6 0   -42.9 0   113.7 0     6.2 0    64.8 0     4.9 0   208.1 0   932.4 0
 2019   4  1  4 20 47 20.783  74.46   209.2 0    41.2 0   148.2 0   179.8 0   289.2 0   281.00 0   280.87 0   331.3 0   279.37 0   279.49 0    14.0 0    97.9 0   178.3 0   -42.1 0   136.2 0     6.3 0    64.7 0     4.8 0   211.1 0   932.4 0
 2019   4  1  4 20 48 20.800  74.53   204.1 0    39.9 0   129.9 0   180.4 0   290.4 0   281.01 0   280.90 0   331.7 0   279.39 0   279.53 0    13.8 0    95.2 0   175.1 0   -41.3 0   133.8 0     6.4 0    64.2 0     4.7 0   211.2 0   932.4 0
 2019   4  1  4 20 49 20.817  74.59   186.4 0    36.0 0    94.9 0   172.4 0   291.4 0   281.03 0   280.92 0   331.6 0   279.42 0   279.54 0    13.3 0    87.3 0   161.6 0   -40.2 0   121.4 0     6.4 0    63.8 0     4.7 0   209.0 0   932.4 0
 2019   4  1  4 20 50 20.833  74.66   161.4 0    30.2 0    18.6 0   164.7 0   292.1 0   281.05 0   280.92 0   331.1 0   279.45 0   279.56 0    12.7 0    75.0 0   139.5 0   -39.0 0   100.5 0     6.5 0    63.9 0     4.4 0   209.7 0   932.4 0
 2019   4  1  4 20 51 20.850  74.73   158.3 0    29.6 0    15.4 0   161.6 0   292.4 0   281.05 0   280.92 0   330.8 0   279.48 0   279.58 0    12.5 0    73.8 0   136.0 0   -38.4 0    97.6 0     6.5 0    64.1 0     4.2 0   208.8 0   932.4 0
 2019   4  1  4 20 52 20.867  74.80   162.2 0    30.5 0    26.6 0   162.1 0   293.1 0   281.05 0   280.91 0   330.6 0   279.49 0   279.58 0    12.4 0    75.9 0   138.6 0   -37.5 0   101.1 0     6.4 0    65.1 0     3.8 0   207.2 0   932.4 0
 2019   4  1  4 20 53 20.883  74.87   170.3 0    32.3 0    38.0 0   166.5 0   293.8 0   281.05 0   280.90 0   330.9 0   279.50 0   279.58 0    12.3 0    79.0 0   144.1 0   -37.1 0   107.1 0     6.4 0    65.2 0     3.7 0   204.4 0   932.4 0
 2019   4  1  4 20 54 20.900  74.95   182.1 0    34.8 0    69.5 0   172.4 0   294.2 0   281.03 0   280.90 0   330.9 0   279.51 0   279.59 0    12.3 0    85.5 0   155.6 0   -36.8 0   118.8 0     6.3 0    65.6 0     3.8 0   203.0 0   932.4 0
 2019   4  1  4 20 55 20.917  75.02   190.7 0    36.8 0    99.8 0   174.1 0   294.8 0   281.03 0   280.93 0   331.5 0   279.52 0   279.61 0    12.2 0    88.0 0   163.1 0   -36.6 0   126.4 0     6.3 0    65.4 0     3.9 0   201.4 0   932.4 0
 2019   4  1  4 20 56 20.933  75.09   175.8 0    33.3 0    53.8 0   171.0 0   295.4 0   281.04 0   280.94 0   331.2 0   279.54 0   279.61 0    11.9 0    82.2 0   151.5 0   -35.8 0   115.7 0     6.3 0    65.4 0     3.8 0   201.1 0   932.4 0
 2019   4  1  4 20 57 20.950  75.16   166.2 0    31.3 0    36.3 0   164.8 0   296.1 0   281.04 0   280.93 0   331.1 0   279.54 0   279.62 0    11.6 0    77.4 0   142.7 0   -35.0 0   107.8 0     6.3 0    65.6 0     3.4 0   199.5 0   932.4 0
 2019   4  1  4 20 58 20.967  75.24   162.1 0    30.8 0    35.4 0   160.5 0   296.4 0   281.03 0   280.93 0   330.7 0   279.54 0   279.63 0    11.3 0    76.4 0   138.8 0   -34.4 0   104.4 0     6.3 0    65.1 0     3.8 0   198.5 0   932.4 0
 2019   4  1  4 20 59 20.983  75.31   165.5 0    31.6 0    44.9 0   161.6 0   296.7 0   281.03 0   280.93 0   330.8 0   279.54 0   279.63 0    11.2 0    78.3 0   141.4 0   -34.1 0   107.3 0     6.3 0    65.2 0     3.3 0   200.1 0   932.4 0
 2019   4  1  4 21  0 21.000  75.39   175.6 0    33.6 0    70.0 0   166.0 0   297.2 0   281.03 0   280.93 0   331.4 0   279.56 0   279.64 0    11.2 0    83.0 0   150.1 0   -34.2 0   115.9 0     6.4 0    64.4 0     3.6 0   197.2 0   932.4 0
 2019   4  1  4 21  1 21.017  75.46   170.7 0    32.0 0    21.3 0   171.5 0   297.9 0   281.03 0   280.95 0   331.3 0   279.57 0   279.66 0    11.2 0    79.4 0   144.8 0   -33.4 0   111.4 0     6.4 0    63.7 0     3.7 0   200.7 0   932.4 0
 2019   4  1  4 21  2 21.033  75.54   168.8 0    31.1 0     7.4 0   173.4 0   298.4 0   281.04 0   280.97 0   331.4 0   279.59 0   279.68 0    11.1 0    78.4 0   144.2 0   -33.0 0   111.2 0     6.5 0    63.5 0     3.4 0   200.8 0   932.4 0
 2019   4  1  4 21  3 21.050  75.62   168.6 0    31.1 0     6.2 0   173.8 0   298.8 0   281.05 0   280.98 0   331.5 0   279.59 0   279.68 0    11.0 0    78.2 0   144.3 0   -32.8 0   111.5 0     6.5 0    63.5 0     3.0 0   203.8 0   932.4 0
 2019   4  1  4 21  4 21.067  75.69   168.0 0    31.1 0     7.7 0   172.7 0   298.9 0   281.05 0   281.00 0   331.7 0   279.61 0   279.71 0    10.8 0    78.0 0   143.6 0   -32.8 0   110.8 0     6.6 0    62.4 0     3.6 0   202.2 0   932.3 0
 2019   4  1  4 21  5 21.083  75.77   166.9 0    31.1 0    19.1 0   169.1 0   299.1 0   281.06 0   281.02 0   331.9 0   279.64 0   279.75 0    10.7 0    78.1 0   142.8 0   -32.7 0   110.0 0     6.7 0    61.0 0     3.8 0   203.1 0   932.3 0
 2019   4  1  4 21  6 21.100  75.85   167.0 0    31.2 0    41.0 0   164.4 0   299.5 0   281.08 0   281.04 0   332.1 0   279.67 0   279.78 0    10.6 0    78.9 0   143.3 0   -32.6 0   110.6 0     6.8 0    60.4 0     3.8 0   200.9 0   932.3 0
 2019   4  1  4 21  7 21.117  75.93   163.9 0    30.6 0    41.1 0   161.2 0   299.8 0   281.10 0   281.06 0   332.0 0   279.69 0   279.82 0    10.4 0    77.5 0   140.6 0   -32.2 0   108.4 0     6.9 0    60.1 0     3.4 0   200.8 0   932.3 0
 2019   4  1  4 21  8 21.133  76.01   166.2 0    31.4 0    61.4 0   159.8 0   300.2 0   281.12 0   281.08 0   332.4 0   279.73 0   279.84 0    10.3 0    79.1 0   143.2 0   -32.2 0   110.9 0     7.0 0    59.9 0     3.4 0   196.8 0   932.3 0
 2019   4  1  4 21  9 21.150  76.09   165.7 0    31.2 0    50.6 0   161.2 0   300.7 0   281.15 0   281.13 0   332.6 0   279.76 0   279.89 0    10.2 0    78.6 0   142.1 0   -31.9 0   110.2 0     7.1 0    58.8 0     3.4 0   203.1 0   932.3 0
 2019   4  1  4 21 10 21.167  76.17   181.9 0    35.3 0   110.1 0   165.3 0   300.8 0   281.19 0   281.18 0   332.9 0   279.79 0   279.93 0    10.2 0    86.6 0   156.3 0   -32.1 0   124.3 0     7.1 0    59.1 0     3.3 0   202.1 0   932.4 0
 2019   4  1  4 21 11 21.183  76.25   186.1 0    36.0 0   108.8 0   170.9 0   300.7 0   281.23 0   281.24 0   333.5 0   279.84 0   279.96 0    10.2 0    88.5 0   160.8 0   -32.8 0   128.0 0     7.2 0    59.3 0     3.0 0   190.7 0   932.4 0
 2019   4  1  4 21 12 21.200  76.33   201.5 0    39.8 0   172.4 0   175.3 0   300.9 0   281.28 0   281.29 0   333.9 0   279.87 0   280.01 0    10.2 0    96.6 0   176.2 0   -33.0 0   143.2 0     7.2 0    59.5 0     2.8 0   189.7 0   932.4 0
 2019   4  1  4 21 13 21.217  76.41   212.7 0    42.6 0   229.5 0   176.5 0   301.6 0   281.34 0   281.36 0   334.7 0   279.91 0   280.07 0    10.1 0   101.1 0   187.8 0   -33.1 0   154.7 0     7.3 0    59.3 0     2.6 0   180.4 0   932.3 0
 2019   4  1  4 21 14 21.233  76.50   207.3 0    41.7 0   219.3 0   175.0 0   301.9 0   281.41 0   281.43 0   334.5 0   279.95 0   280.09 0    10.0 0   100.2 0   184.5 0   -32.6 0   151.9 0     7.3 0    59.8 0     2.3 0   177.0 0   932.3 0
 2019   4  1  4 21 15 21.250  76.58   249.4 0    52.9 0   434.1 0   177.0 0   302.2 0   281.48 0   281.50 0   335.8 0   279.99 0   280.16 0    10.0 0   120.1 0   224.8 0   -33.5 0   191.2 0     7.3 0    59.2 0     2.2 0   182.5 0   932.3 0
 2019   4  1  4 21 16 21.267  76.66   249.1 0    51.9 0   411.2 0   180.6 0   302.5 0   281.58 0   281.60 0   336.7 0   280.03 0   280.22 0    10.0 0   117.3 0   223.5 0   -34.2 0   189.3 0     7.4 0    59.1 0     2.0 0   182.9 0   932.3 0
 2019   4  1  4 21 17 21.283  76.75   192.9 0    36.8 0    98.3 0   182.4 0   302.2 0   281.67 0   281.68 0   335.0 0   280.08 0   280.24 0     9.9 0    91.4 0   168.2 0   -32.8 0   135.4 0     7.5 0    57.3 0     2.2 0   189.3 0   932.3 0
 2019   4  1  4 21 18 21.300  76.83   258.4 0    54.1 0   463.3 0   182.4 0   301.5 0   281.74 0   281.78 0   336.5 0   280.12 0   280.31 0    10.1 0   123.3 0   233.8 0   -35.0 0   198.8 0     7.6 0    58.2 0     2.0 0   190.1 0   932.3 0
 2019   4  1  4 21 19 21.317  76.92   239.8 0    49.2 0   397.7 0   177.3 0   300.9 0   281.84 0   281.89 0   336.9 0   280.18 0   280.40 0    10.1 0   113.4 0   218.1 0   -36.0 0   182.1 0     7.8 0    56.0 0     3.4 0   193.8 0   932.3 0
 2019   4  1  4 21 20 21.333  77.01   268.8 0    57.4 0   594.4 0   172.4 0   300.1 0   281.95 0   282.01 0   337.4 0   280.26 0   280.49 0    10.2 0   127.8 0   248.7 0   -37.3 0   211.3 0     7.9 0    55.5 0     3.2 0   198.8 0   932.3 0
 2019   4  1  4 21 21 21.350  77.09   271.0 0    58.1 0   631.9 0   169.5 0   299.9 0   282.09 0   282.15 0   338.1 0   280.34 0   280.62 0    10.4 0   128.4 0   252.6 0   -38.2 0   214.4 0     8.1 0    52.6 0     3.9 0   198.3 0   932.2 0
 2019   4  1  4 21 22 21.367  77.18   236.3 0    49.0 0   457.8 0   165.9 0   298.9 0   282.24 0   282.28 0   337.5 0   280.44 0   280.69 0    10.3 0   113.2 0   218.5 0   -38.7 0   179.8 0     8.3 0    53.0 0     3.0 0   207.5 0   932.3 0
 2019   4  1  4 21 23 21.383  77.27   187.2 0    36.1 0   196.4 0   161.4 0   298.2 0   282.37 0   282.38 0   336.6 0   280.53 0   280.72 0    10.0 0    87.9 0   168.6 0   -38.4 0   130.2 0     8.4 0    53.2 0     3.2 0   195.2 0   932.2 0
 2019   4  1  4 21 24 21.400  77.36   170.8 0    32.0 0   126.1 0   156.7 0   297.0 0   282.45 0   282.42 0   335.4 0   280.59 0   280.77 0     9.8 0    81.0 0   152.3 0   -38.3 0   114.0 0     8.4 0    53.0 0     3.7 0   190.7 0   932.2 0
 2019   4  1  4 21 25 21.417  77.44   183.3 0    35.8 0   223.4 0   152.9 0   296.1 0   282.51 0   282.42 0   335.1 0   280.66 0   280.82 0     9.6 0    87.5 0   165.6 0   -39.0 0   126.6 0     8.3 0    52.7 0     4.1 0   203.1 0   932.2 0
 2019   4  1  4 21 26 21.433  77.53   176.0 0    34.3 0   216.5 0   146.9 0   295.0 0   282.56 0   282.48 0   335.4 0   280.72 0   280.90 0     9.5 0    84.0 0   159.3 0   -40.4 0   118.9 0     8.4 0    51.3 0     4.5 0   230.7 0   932.2 0
 2019   4  1  4 21 27 21.450  77.62   158.3 0    30.3 0   158.0 0   139.2 0   293.1 0   282.62 0   282.51 0   334.9 0   280.79 0   280.94 0     9.3 0    75.0 0   142.8 0   -41.8 0   101.0 0     8.3 0    52.7 0     3.5 0   210.5 0   932.2 0
 2019   4  1  4 21 28 21.467  77.71   130.0 0    23.5 0    25.4 0   133.3 0   290.8 0   282.66 0   282.53 0   334.1 0   280.84 0   280.95 0     9.1 0    61.2 0   115.2 0   -43.3 0    72.0 0     8.3 0    52.7 0     2.8 0   213.0 0   932.1 0
 2019   4  1  4 21 29 21.483  77.80   125.4 0    22.5 0    12.4 0   131.0 0   289.2 0   282.68 0   282.50 0   333.4 0   280.87 0   280.96 0     8.9 0    58.9 0   111.1 0   -44.3 0    66.8 0     8.2 0    54.0 0     3.1 0   214.7 0   932.2 0
 2019   4  1  4 21 30 21.500  77.90   128.2 0    23.3 0    31.5 0   129.9 0   288.2 0   282.68 0   282.49 0   333.5 0   280.90 0   280.97 0     8.8 0    60.1 0   113.2 0   -45.3 0    67.9 0     8.1 0    53.3 0     3.4 0   216.8 0   932.1 0
 2019   4  1  4 21 31 21.517  77.99   127.3 0    23.2 0    23.1 0   130.4 0   287.9 0   282.66 0   282.44 0   332.9 0   280.91 0   280.98 0     8.7 0    59.2 0   112.0 0   -44.9 0    67.1 0     8.1 0    54.0 0     4.4 0   209.2 0   932.1 0
 2019   4  1  4 21 32 21.533  78.08   143.9 0    27.8 0   115.5 0   132.2 0   288.6 0   282.64 0   282.39 0   333.1 0   280.93 0   280.98 0     8.6 0    68.1 0   128.3 0   -44.5 0    83.8 0     7.9 0    54.6 0     4.6 0   214.9 0   932.1 0
 2019   4  1  4 21 33 21.550  78.17   139.8 0    26.3 0    70.9 0   135.4 0   289.5 0   282.63 0   282.36 0   332.9 0   280.94 0   280.98 0     8.5 0    65.0 0   123.6 0   -43.4 0    80.3 0     7.8 0    55.3 0     4.0 0   226.2 0   932.2 0
 2019   4  1  4 21 34 21.567  78.27   171.8 0    35.0 0   256.8 0   138.0 0   289.5 0   282.60 0   282.34 0   333.3 0   280.94 0   281.00 0     8.5 0    81.7 0   155.2 0   -43.7 0   111.5 0     7.7 0    56.5 0     3.5 0   218.5 0   932.2 0
 2019   4  1  4 21 35 21.583  78.36   181.7 0    37.4 0   313.7 0   140.0 0   289.6 0   282.60 0   282.36 0   333.9 0   280.94 0   281.00 0     8.4 0    85.9 0   165.9 0   -44.2 0   121.7 0     7.6 0    57.6 0     3.4 0   217.4 0   932.1 0
 2019   4  1  4 21 36 21.600  78.45   158.7 0    30.9 0   154.4 0   142.2 0   290.1 0   282.61 0   282.38 0   333.2 0   280.92 0   280.98 0     8.3 0    74.2 0   142.2 0   -43.1 0    99.1 0     7.5 0    59.0 0     2.8 0   212.3 0   932.1 0
 2019   4  1  4 21 37 21.617  78.55   148.2 0    27.6 0    69.6 0   145.2 0   290.1 0   282.58 0   282.35 0   332.7 0   280.91 0   280.95 0     8.2 0    68.7 0   131.4 0   -42.6 0    88.8 0     7.4 0    59.5 0     2.8 0   210.2 0   932.1 0
 2019   4  1  4 21 38 21.633  78.64   167.6 0    32.8 0   187.2 0   146.4 0   289.8 0   282.55 0   282.29 0   332.7 0   280.89 0   280.92 0     8.1 0    78.1 0   150.5 0   -42.9 0   107.5 0     7.4 0    59.8 0     3.6 0   207.3 0   932.1 0
 2019   4  1  4 21 39 21.650  78.74   188.6 0    38.7 0   335.4 0   145.4 0   289.7 0   282.53 0   282.26 0   333.3 0   280.86 0   280.91 0     8.0 0    87.9 0   172.2 0   -43.6 0   128.6 0     7.3 0    59.7 0     4.1 0   199.2 0   932.1 0
 2019   4  1  4 21 40 21.667  78.84   161.7 0    31.7 0   176.8 0   143.0 0   289.7 0   282.51 0   282.22 0   332.7 0   280.85 0   280.89 0     7.8 0    75.6 0   145.5 0   -43.0 0   102.5 0     7.3 0    60.5 0     3.9 0   196.0 0   932.1 0
 2019   4  1  4 21 41 21.683  78.93   181.5 0    37.3 0   305.3 0   143.2 0   290.5 0   282.48 0   282.20 0   332.9 0   280.82 0   280.86 0     7.7 0    84.9 0   164.6 0   -42.5 0   122.1 0     7.2 0    61.3 0     3.8 0   193.0 0   932.2 0
 2019   4  1  4 21 42 21.700  79.03   186.2 0    38.4 0   330.0 0   144.7 0   291.6 0   282.46 0   282.18 0   333.1 0   280.80 0   280.86 0     7.6 0    87.2 0   169.1 0   -41.5 0   127.6 0     7.2 0    61.3 0     3.6 0   191.2 0   932.2 0
 2019   4  1  4 21 43 21.717  79.13   215.8 0    46.3 0   530.8 0   146.2 0   293.1 0   282.46 0   282.17 0   334.0 0   280.79 0   280.86 0     7.5 0   100.7 0   200.0 0   -40.9 0   159.0 0     7.2 0    60.5 0     3.5 0   190.3 0   932.2 0
 2019   4  1  4 21 44 21.733  79.23   209.6 0    44.8 0   505.9 0   145.0 0   294.4 0   282.46 0   282.20 0   334.3 0   280.77 0   280.87 0     7.4 0    98.6 0   194.8 0   -39.9 0   154.9 0     7.2 0    59.4 0     3.9 0   184.5 0   932.2 0
 2019   4  1  4 21 45 21.750  79.33   211.7 0    45.5 0   550.2 0   141.6 0   295.0 0   282.48 0   282.23 0   334.3 0   280.77 0   280.88 0     7.2 0    99.0 0   198.0 0   -39.4 0   158.6 0     7.3 0    59.5 0     3.9 0   183.9 0   932.2 0
 2019   4  1  4 21 46 21.767  79.43   170.1 0    34.2 0   297.2 0   137.2 0   295.0 0   282.51 0   282.24 0   333.5 0   280.77 0   280.85 0     7.0 0    79.1 0   157.6 0   -38.5 0   119.1 0     7.4 0    58.6 0     4.1 0   187.2 0   932.2 0
 2019   4  1  4 21 47 21.783  79.53   128.5 0    23.2 0    35.9 0   132.6 0   294.2 0   282.49 0   282.20 0   332.2 0   280.77 0   280.81 0     6.8 0    59.0 0   116.0 0   -38.0 0    78.0 0     7.3 0    59.7 0     3.5 0   185.0 0   932.2 0
 2019   4  1  4 21 48 21.800  79.63   122.3 0    21.7 0    18.9 0   127.8 0   293.4 0   282.45 0   282.14 0   331.7 0   280.75 0   280.77 0     6.6 0    55.7 0   109.5 0   -38.3 0    71.2 0     7.2 0    60.9 0     3.1 0   189.6 0   932.2 0
 2019   4  1  4 21 49 21.817  79.73   118.7 0    21.0 0    20.3 0   123.2 0   293.2 0   282.38 0   282.06 0   331.3 0   280.73 0   280.73 0     6.3 0    53.8 0   105.9 0   -38.1 0    67.8 0     7.1 0    60.9 0     3.2 0   183.2 0   932.2 0
 2019   4  1  4 21 50 21.833  79.83   116.6 0    20.6 0    20.4 0   120.3 0   293.5 0   282.31 0   281.98 0   331.1 0   280.70 0   280.72 0     6.2 0    52.5 0   103.3 0   -37.5 0    65.8 0     7.1 0    60.5 0     3.1 0   184.1 0   932.2 0
 2019   4  1  4 21 51 21.850  79.93   117.5 0    20.6 0    29.2 0   118.9 0   294.2 0   282.23 0   281.91 0   330.9 0   280.68 0   280.69 0     6.0 0    52.9 0   103.5 0   -36.7 0    66.7 0     7.1 0    61.5 0     2.8 0   183.1 0   932.3 0
 2019   4  1  4 21 52 21.867  80.03   118.4 0    20.6 0    40.2 0   117.9 0   295.5 0   282.16 0   281.84 0   331.1 0   280.65 0   280.67 0     5.8 0    53.3 0   104.3 0   -35.6 0    68.7 0     7.0 0    60.0 0     3.5 0   188.9 0   932.3 0
 2019   4  1  4 21 53 21.883  80.13   116.0 0    20.3 0    48.3 0   114.3 0   296.8 0   282.09 0   281.79 0   331.2 0   280.63 0   280.66 0     5.6 0    52.4 0   102.3 0   -34.4 0    67.9 0     7.1 0    59.4 0     3.2 0   187.1 0   932.3 0
 2019   4  1  4 21 54 21.900  80.24   132.1 0    25.3 0   196.3 0   110.9 0   298.4 0   282.03 0   281.75 0   331.9 0   280.62 0   280.65 0     5.4 0    61.3 0   118.9 0   -33.5 0    85.4 0     7.2 0    59.0 0     3.2 0   191.8 0   932.3 0
 2019   4  1  4 21 55 21.917  80.34   124.8 0    23.5 0   171.2 0   107.4 0   299.4 0   281.99 0   281.72 0   332.2 0   280.62 0   280.66 0     5.2 0    57.5 0   112.6 0   -32.8 0    79.8 0     7.3 0    58.5 0     2.8 0   188.3 0   932.4 0
 2019   4  1  4 21 56 21.933  80.44   108.8 0    19.6 0    86.1 0   102.6 0   300.5 0   281.95 0   281.70 0   331.7 0   280.60 0   280.64 0     5.0 0    50.0 0    97.4 0   -31.2 0    66.2 0     7.3 0    58.7 0     2.8 0   190.4 0   932.4 0
 2019   4  1  4 21 57 21.950  80.55    99.7 0    17.4 0    56.3 0    97.6 0   300.8 0   281.91 0   281.67 0   331.3 0   280.59 0   280.61 0     4.7 0    46.0 0    89.5 0   -30.5 0    59.0 0     7.3 0    59.6 0     2.5 0   186.4 0   932.5 0
 2019   4  1  4 21 58 21.967  80.65    96.1 0    16.9 0    56.1 0    93.5 0   301.0 0   281.86 0   281.63 0   331.1 0   280.57 0   280.59 0     4.6 0    44.2 0    85.7 0   -30.1 0    55.6 0     7.2 0    59.7 0     2.3 0   193.5 0   932.5 0
 2019   4  1  4 21 59 21.983  80.76    94.6 0    16.7 0    67.9 0    90.5 0   301.3 0   281.82 0   281.57 0   331.4 0   280.57 0   280.57 0     4.4 0    43.7 0    84.7 0   -30.1 0    54.6 0     7.2 0    59.0 0     2.8 0   195.8 0   932.5 0
 2019   4  1  4 22  0 22.000  80.86   115.6 0    22.7 0   257.7 0    87.3 0   301.1 0   281.78 0   281.53 0   331.7 0   280.55 0   280.58 0     4.3 0    54.1 0   105.6 0   -30.6 0    75.0 0     7.3 0    59.0 0     2.8 0   184.4 0   932.5 0
 2019   4  1  4 22  1 22.017  80.97   102.0 0    19.5 0   185.0 0    83.5 0   300.9 0   281.76 0   281.49 0   331.4 0   280.54 0   280.57 0     4.2 0    47.6 0    93.1 0   -30.5 0    62.6 0     7.2 0    59.9 0     2.8 0   188.0 0   932.5 0
 2019   4  1  4 22  2 22.033  81.08    82.9 0    14.8 0    71.2 0    78.8 0   300.5 0   281.73 0   281.44 0   330.7 0   280.52 0   280.53 0     4.0 0    38.8 0    75.1 0   -30.1 0    44.9 0     7.2 0    61.0 0     2.7 0   185.9 0   932.5 0
 2019   4  1  4 22  3 22.050  81.18    78.6 0    13.9 0    56.9 0    75.8 0   300.1 0   281.68 0   281.38 0   330.1 0   280.50 0   280.49 0     4.0 0    36.6 0    70.6 0   -30.0 0    40.6 0     7.1 0    62.2 0     2.6 0   184.9 0   932.5 0
 2019   4  1  4 22  4 22.067  81.29    75.7 0    13.1 0    46.2 0    74.0 0   299.6 0   281.62 0   281.32 0   330.0 0   280.47 0   280.46 0     3.9 0    35.0 0    67.9 0   -30.4 0    37.5 0     7.0 0    61.9 0     2.9 0   185.4 0   932.5 0
 2019   4  1  4 22  5 22.083  81.40    70.6 0    11.9 0    21.5 0    71.5 0   298.9 0   281.56 0   281.25 0   329.7 0   280.44 0   280.44 0     3.9 0    32.3 0    62.8 0   -30.8 0    32.0 0     7.0 0    61.4 0     3.3 0   186.6 0   932.5 0
 2019   4  1  4 22  6 22.100  81.51    65.5 0    10.7 0    15.7 0    67.2 0   298.0 0   281.49 0   281.17 0   329.4 0   280.42 0   280.40 0     3.9 0    29.8 0    58.8 0   -31.4 0    27.3 0     6.9 0    62.0 0     3.3 0   187.9 0   932.5 0
 2019   4  1  4 22  7 22.117  81.61    59.6 0    10.0 0    21.4 0    60.8 0   297.4 0   281.42 0   281.09 0   328.9 0   280.38 0   280.36 0     3.8 0    27.4 0    54.0 0   -31.5 0    22.5 0     6.9 0    62.5 0     3.2 0   181.5 0   932.5 0
 2019   4  1  4 22  8 22.133  81.72    54.9 0     9.2 0    31.3 0    54.7 0   296.9 0   281.34 0   280.99 0   328.5 0   280.35 0   280.31 0     3.7 0    25.6 0    50.0 0   -31.7 0    18.4 0     6.8 0    63.0 0     3.4 0   185.5 0   932.6 0
 2019   4  1  4 22  9 22.150  81.83    51.7 0     8.9 0    40.3 0    50.0 0   296.7 0   281.27 0   280.90 0   328.4 0   280.31 0   280.27 0     3.6 0    24.7 0    46.8 0   -31.7 0    15.1 0     6.7 0    63.6 0     3.1 0   182.0 0   932.6 0
 2019   4  1  4 22 10 22.167  81.94    46.9 0     8.0 0    23.8 0    46.8 0   296.5 0   281.18 0   280.81 0   328.2 0   280.26 0   280.22 0     3.5 0    22.3 0    42.2 0   -31.7 0    10.5 0     6.6 0    63.6 0     3.6 0   184.7 0   932.7 0
 2019   4  1  4 22 11 22.183  82.05    43.1 0     6.9 0     6.8 0    44.9 0   296.2 0   281.10 0   280.72 0   328.0 0   280.22 0   280.18 0     3.5 0    20.4 0    39.0 0   -31.8 0     7.2 0     6.6 0    62.8 0     3.8 0   180.9 0   932.6 0
 2019   4  1  4 22 12 22.200  82.16    42.6 0     6.9 0     6.1 0    44.1 0   296.0 0   281.01 0   280.64 0   328.1 0   280.18 0   280.15 0     3.4 0    19.9 0    38.1 0   -32.0 0     6.1 0     6.7 0    62.0 0     4.0 0   181.7 0   932.6 0
 2019   4  1  4 22 13 22.217  82.27    42.9 0     6.9 0     5.5 0    44.5 0   295.9 0   280.93 0   280.55 0   327.7 0   280.14 0   280.11 0     3.3 0    20.2 0    38.4 0   -31.7 0     6.7 0     6.7 0    62.4 0     3.8 0   182.5 0   932.7 0
 2019   4  1  4 22 14 22.233  82.39    45.3 0     7.6 0     7.2 0    46.5 0   296.1 0   280.84 0   280.46 0   327.7 0   280.10 0   280.07 0     3.3 0    21.1 0    39.8 0   -31.6 0     8.2 0     6.6 0    62.3 0     4.1 0   179.2 0   932.6 0
 2019   4  1  4 22 15 22.250  82.50    46.5 0     7.7 0     5.7 0    47.7 0   295.9 0   280.76 0   280.40 0   327.6 0   280.07 0   280.03 0     3.2 0    21.4 0    40.8 0   -31.7 0     9.1 0     6.6 0    62.2 0     4.0 0   183.1 0   932.6 0
 2019   4  1  4 22 16 22.267  82.61    45.8 0     7.7 0    15.9 0    46.3 0   295.3 0   280.68 0   280.32 0   327.1 0   280.02 0   279.97 0     3.2 0    21.3 0    40.7 0   -31.8 0     8.9 0     6.5 0    63.5 0     3.7 0   189.4 0   932.7 0
 2019   4  1  4 22 17 22.283  82.72    43.4 0     7.2 0    12.9 0    44.0 0   295.2 0   280.59 0   280.23 0   327.0 0   279.98 0   279.92 0     3.1 0    20.2 0    38.5 0   -31.8 0     6.6 0     6.4 0    63.4 0     4.1 0   191.8 0   932.6 0
 2019   4  1  4 22 18 22.300  82.83    41.7 0     6.9 0     6.4 0    43.2 0   294.7 0   280.51 0   280.14 0   326.8 0   279.92 0   279.86 0     3.0 0    19.6 0    37.1 0   -32.1 0     5.0 0     6.3 0    64.1 0     4.1 0   194.1 0   932.6 0
 2019   4  1  4 22 19 22.317  82.95    42.9 0     7.0 0     6.9 0    43.8 0   294.4 0   280.43 0   280.07 0   326.7 0   279.87 0   279.81 0     2.9 0    19.8 0    37.7 0   -32.3 0     5.4 0     6.2 0    64.9 0     3.4 0   200.3 0   932.6 0
 2019   4  1  4 22 20 22.333  83.06    44.7 0     7.6 0     5.7 0    45.5 0   295.3 0   280.34 0   279.99 0   326.8 0   279.81 0   279.77 0     2.9 0    20.4 0    38.6 0   -31.5 0     7.1 0     6.2 0    64.2 0     4.3 0   194.7 0   932.6 0
 2019   4  1  4 22 21 22.350  83.18    46.3 0     7.5 0    10.6 0    46.8 0   295.7 0   280.26 0   279.95 0   327.2 0   279.78 0   279.74 0     2.8 0    21.1 0    40.6 0   -31.5 0     9.1 0     6.3 0    63.6 0     4.3 0   196.5 0   932.5 0
 2019   4  1  4 22 22 22.367  83.29    48.0 0     8.0 0    23.5 0    47.3 0   295.6 0   280.20 0   279.88 0   327.0 0   279.73 0   279.69 0     2.8 0    21.8 0    42.1 0   -31.4 0    10.7 0     6.2 0    64.0 0     4.5 0   197.9 0   932.6 0
 2019   4  1  4 22 23 22.383  83.40    45.1 0     7.4 0     9.8 0    46.0 0   295.7 0   280.13 0   279.83 0   327.3 0   279.69 0   279.66 0     2.8 0    20.6 0    39.8 0   -31.7 0     8.1 0     6.3 0    63.2 0     4.9 0   201.2 0   932.5 0
 2019   4  1  4 22 24 22.400  83.52    41.2 0     6.4 0     5.2 0    43.1 0   294.1 0   280.08 0   279.82 0   327.5 0   279.66 0   279.65 0     2.7 0    19.1 0    37.4 0   -33.4 0     4.0 0     6.4 0    62.7 0     4.5 0   202.8 0   932.5 0
 2019   4  1  4 22 25 22.417  83.63    37.8 0     6.1 0     5.3 0    39.9 0   292.0 0   280.03 0   279.75 0   327.4 0   279.64 0   279.62 0     2.7 0    17.7 0    34.4 0   -35.4 0    -1.0 0     6.4 0    62.5 0     4.7 0   198.8 0   932.5 0
 2019   4  1  4 22 26 22.433  83.75    35.9 0     5.7 0    10.9 0    37.4 0   289.0 0   279.99 0   279.72 0   327.2 0   279.61 0   279.59 0     2.7 0    17.0 0    32.9 0   -38.1 0    -5.3 0     6.5 0    62.5 0     5.0 0   197.9 0   932.5 0
 2019   4  1  4 22 27 22.450  83.87    35.8 0     6.1 0    20.7 0    36.2 0   285.9 0   279.95 0   279.65 0   326.6 0   279.58 0   279.54 0     2.6 0    17.1 0    32.4 0   -40.7 0    -8.3 0     6.3 0    64.0 0     4.9 0   198.9 0   932.5 0
 2019   4  1  4 22 28 22.467  83.98    35.2 0     6.1 0    17.0 0    35.7 0   283.2 0   279.90 0   279.59 0   326.5 0   279.54 0   279.51 0     2.6 0    16.7 0    31.5 0   -43.3 0   -11.8 0     6.2 0    64.3 0     5.0 0   201.2 0   932.5 0
 2019   4  1  4 22 29 22.483  84.10    34.7 0     6.1 0    14.0 0    35.4 0   281.6 0   279.85 0   279.54 0   326.4 0   279.51 0   279.46 0     2.5 0    16.3 0    30.8 0   -44.8 0   -14.0 0     6.2 0    64.4 0     5.2 0   201.0 0   932.5 0
 2019   4  1  4 22 30 22.500  84.22    35.4 0     6.1 0    24.7 0    35.3 0   280.8 0   279.80 0   279.51 0   326.5 0   279.47 0   279.44 0     2.5 0    16.7 0    31.8 0   -45.7 0   -13.9 0     6.2 0    64.0 0     5.3 0   205.6 0   932.5 0
 2019   4  1  4 22 31 22.517  84.33    34.4 0     5.8 0    14.5 0    35.5 0   280.4 0   279.77 0   279.49 0   326.9 0   279.44 0   279.42 0     2.4 0    16.2 0    31.1 0   -46.4 0   -15.3 0     6.2 0    63.6 0     5.7 0   200.3 0   932.5 0
 2019   4  1  4 22 32 22.533  84.45    34.2 0     5.4 0    11.7 0    35.7 0   279.7 0   279.73 0   279.45 0   326.5 0   279.41 0   279.40 0     2.4 0    16.2 0    31.5 0   -46.8 0   -15.3 0     6.2 0    63.2 0     5.3 0   205.8 0   932.5 0
 2019   4  1  4 22 33 22.550  84.57    34.1 0     5.4 0     9.6 0    36.1 0   279.7 0   279.70 0   279.44 0   326.7 0   279.40 0   279.37 0     2.3 0    16.2 0    31.6 0   -47.0 0   -15.5 0     6.2 0    63.9 0     5.5 0   203.4 0   932.5 0
 2019   4  1  4 22 34 22.567  84.69    33.8 0     5.5 0     5.9 0    36.1 0   279.6 0   279.67 0   279.38 0   326.2 0   279.36 0   279.34 0     2.2 0    16.0 0    31.2 0   -46.7 0   -15.5 0     6.2 0    64.0 0     5.7 0   201.1 0   932.5 0
 2019   4  1  4 22 35 22.583  84.81    33.7 0     5.9 0     5.4 0    35.9 0   279.7 0   279.63 0   279.33 0   325.7 0   279.33 0   279.28 0     2.2 0    15.8 0    30.5 0   -46.0 0   -15.5 0     6.0 0    65.2 0     5.1 0   203.6 0   932.5 0
 2019   4  1  4 22 36 22.600  84.92    32.9 0     5.6 0     6.0 0    35.4 0   280.2 0   279.59 0   279.31 0   326.1 0   279.29 0   279.25 0     2.1 0    15.7 0    30.3 0   -45.9 0   -15.6 0     6.0 0    64.6 0     6.0 0   205.4 0   932.6 0
 2019   4  1  4 22 37 22.617  85.04    32.0 0     5.2 0     4.2 0    34.7 0   280.2 0   279.56 0   279.27 0   326.1 0   279.26 0   279.23 0     2.0 0    15.3 0    29.9 0   -45.9 0   -16.0 0     6.0 0    64.3 0     5.6 0   208.3 0   932.7 0
 2019   4  1  4 22 38 22.633  85.16    30.9 0     5.2 0     2.5 0    33.8 0   280.4 0   279.52 0   279.25 0   326.3 0   279.22 0   279.21 0     2.0 0    14.8 0    28.8 0   -45.9 0   -17.1 0     6.0 0    64.2 0     6.0 0   210.0 0   932.6 0
 2019   4  1  4 22 39 22.650  85.28    29.4 0     4.5 0     1.8 0    32.5 0   280.0 0   279.49 0   279.23 0   326.3 0   279.21 0   279.20 0     1.9 0    14.2 0    28.1 0   -46.3 0   -18.2 0     6.1 0    63.5 0     5.5 0   211.8 0   932.6 0
 2019   4  1  4 22 40 22.667  85.40    28.1 0     4.4 0     1.1 0    31.2 0   278.2 0   279.47 0   279.25 0   326.7 0   279.20 0   279.19 0     1.9 0    13.7 0    26.8 0   -48.6 0   -21.8 0     6.1 0    63.0 0     5.4 0   215.1 0   932.7 0
 2019   4  1  4 22 41 22.683  85.52    27.0 0     4.4 0     0.5 0    30.2 0   276.0 0   279.46 0   279.25 0   326.7 0   279.18 0   279.18 0     1.8 0    13.3 0    25.8 0   -50.7 0   -24.9 0     6.2 0    62.3 0     5.1 0   216.2 0   932.7 0
 2019   4  1  4 22 42 22.700  85.64    26.2 0     4.2 0     1.2 0    29.3 0   274.2 0   279.45 0   279.21 0   326.0 0   279.18 0   279.16 0     1.8 0    12.9 0    25.2 0   -51.9 0   -26.7 0     6.2 0    63.1 0     4.7 0   215.6 0   932.7 0
 2019   4  1  4 22 43 22.717  85.76    25.8 0     4.0 0     1.1 0    28.7 0   273.9 0   279.44 0   279.19 0   325.9 0   279.16 0   279.15 0     1.7 0    12.6 0    24.8 0   -52.0 0   -27.2 0     6.1 0    63.1 0     4.4 0   217.3 0   932.7 0
 2019   4  1  4 22 44 22.733  85.88    24.9 0     4.0 0     1.2 0    27.8 0   274.6 0   279.42 0   279.16 0   325.6 0   279.14 0   279.10 0     1.7 0    12.3 0    23.9 0   -51.0 0   -27.1 0     6.0 0    64.2 0     4.2 0   214.8 0   932.8 0
 2019   4  1  4 22 45 22.750  86.00    23.5 0     4.0 0     1.2 0    26.5 0   275.4 0   279.40 0   279.14 0   325.3 0   279.11 0   279.07 0     1.6 0    11.8 0    22.5 0   -49.9 0   -27.4 0     5.9 0    64.3 0     4.1 0   214.7 0   932.8 0
 2019   4  1  4 22 46 22.767  86.12    22.0 0     4.0 0     1.2 0    24.9 0   276.3 0   279.39 0   279.12 0   325.1 0   279.08 0   279.05 0     1.6 0    11.1 0    20.9 0   -48.8 0   -27.9 0     5.8 0    64.3 0     3.5 0   219.5 0   932.8 0
 2019   4  1  4 22 47 22.783  86.24    20.5 0     3.5 0     1.6 0    23.2 0   276.7 0   279.36 0   279.10 0   324.6 0   279.05 0   279.01 0     1.5 0    10.5 0    19.8 0   -47.9 0   -28.1 0     5.8 0    64.4 0     3.0 0   222.1 0   932.8 0
 2019   4  1  4 22 48 22.800  86.37    19.0 0     3.2 0     2.2 0    21.6 0   277.5 0   279.34 0   279.07 0   324.4 0   279.02 0   278.98 0     1.4 0     9.9 0    18.5 0   -46.8 0   -28.4 0     5.7 0    64.5 0     2.7 0   222.8 0   932.8 0
 2019   4  1  4 22 49 22.817  86.49    17.8 0     3.2 0     2.4 0    20.3 0   278.0 0   279.31 0   279.04 0   323.8 0   278.99 0   278.95 0     1.3 0     9.4 0    17.2 0   -45.9 0   -28.7 0     5.7 0    64.6 0     2.5 0   220.6 0   932.8 0
 2019   4  1  4 22 50 22.833  86.61    17.1 0     2.9 0     1.8 0    19.3 0   278.0 0   279.28 0   279.00 0   323.2 0   278.96 0   278.92 0     1.3 0     9.1 0    16.5 0   -45.2 0   -28.7 0     5.7 0    64.8 0     2.3 0   219.5 0   932.9 0
 2019   4  1  4 22 51 22.850  86.73    16.2 0     2.5 0     1.2 0    18.7 0   277.7 0   279.25 0   278.97 0   323.1 0   278.93 0   278.89 0     1.3 0     8.8 0    16.2 0   -45.3 0   -29.1 0     5.6 0    64.6 0     2.2 0   223.5 0   932.9 0
 2019   4  1  4 22 52 22.867  86.85    16.1 0     2.4 0     1.2 0    18.3 0   277.2 0   279.21 0   278.93 0   322.9 0   278.90 0   278.86 0     1.2 0     8.5 0    15.9 0   -45.7 0   -29.8 0     5.7 0    64.2 0     2.1 0   220.0 0   932.9 0
 2019   4  1  4 22 53 22.883  86.97    15.4 0     2.4 0     1.2 0    17.8 0   276.5 0   279.18 0   278.91 0   322.7 0   278.87 0   278.83 0     1.2 0     8.4 0    15.5 0   -46.2 0   -30.8 0     5.6 0    64.3 0     1.9 0   224.3 0   933.0 0
 2019   4  1  4 22 54 22.900  87.09    15.1 0     2.4 0     0.9 0    17.3 0   275.5 0   279.15 0   278.87 0   322.2 0   278.84 0   278.80 0     1.1 0     8.1 0    15.0 0   -46.7 0   -31.7 0     5.6 0    64.3 0     1.9 0   232.5 0   933.0 0
 2019   4  1  4 22 55 22.917  87.21    14.2 0     2.4 0     0.4 0    16.7 0   273.5 0   279.12 0   278.83 0   322.0 0   278.81 0   278.77 0     1.1 0     7.8 0    14.3 0   -48.5 0   -34.2 0     5.6 0    64.1 0     1.8 0   231.6 0   933.0 0
 2019   4  1  4 22 56 22.933  87.33    13.5 0     2.1 0     0.4 0    15.9 0   270.7 0   279.08 0   278.79 0   322.0 0   278.78 0   278.74 0     1.1 0     7.4 0    13.9 0   -51.4 0   -37.5 0     5.6 0    63.7 0     1.9 0   236.2 0   933.0 0
 2019   4  1  4 22 57 22.950  87.46    12.7 0     1.7 0     0.4 0    15.1 0   268.0 0   279.05 0   278.77 0   322.0 0   278.75 0   278.72 0     1.0 0     7.1 0    13.4 0   -54.0 0   -40.6 0     5.6 0    63.4 0     1.8 0   233.2 0   932.9 0
 2019   4  1  4 22 58 22.967  87.58    11.9 0     1.6 0     0.4 0    14.3 0   265.6 0   279.02 0   278.74 0   322.1 0   278.72 0   278.69 0     1.0 0     6.8 0    12.7 0   -56.4 0   -43.7 0     5.6 0    62.9 0     1.9 0   234.8 0   932.9 0
 2019   4  1  4 22 59 22.983  87.70    11.1 0     1.6 0     0.4 0    13.6 0   264.1 0   279.00 0   278.73 0   322.1 0   278.70 0   278.69 0     1.0 0     6.5 0    12.0 0   -58.1 0   -46.1 0     5.7 0    61.7 0     2.4 0   229.0 0   932.9 0
 2019   4  1  4 23  0 23.000  87.82    10.3 0     1.6 0     0.4 0    12.9 0   262.3 0   278.97 0   278.72 0   322.8 0   278.69 0   278.67 0     0.9 0     6.1 0    11.3 0   -60.5 0   -49.2 0     5.9 0    61.5 0     2.6 0   229.2 0   932.9 0
 2019   4  1  4 23  1 23.017  87.94     9.5 0     1.6 0     0.4 0    12.2 0   261.1 0   278.96 0   278.70 0   323.1 0   278.67 0   278.67 0     0.8 0     5.8 0    10.6 0   -62.0 0   -51.4 0     5.9 0    61.1 0     3.2 0   232.1 0   933.0 0
 2019   4  1  4 23  2 23.033  88.06     8.8 0     1.2 0     0.4 0    11.5 0   260.1 0   278.94 0   278.67 0   323.9 0   278.67 0   278.69 0     0.8 0     5.5 0    10.4 0   -63.8 0   -53.4 0     6.1 0    59.7 0     4.0 0   225.5 0   933.0 0
 2019   4  1  4 23  3 23.050  88.18     8.1 0     1.2 0     0.0 0    10.8 0   259.1 0   278.93 0   278.67 0   324.0 0   278.68 0   278.69 0     0.8 0     5.3 0     9.6 0   -64.9 0   -55.3 0     6.1 0    59.9 0     3.8 0   226.6 0   933.0 0
 2019   4  1  4 23  4 23.067  88.29     7.4 0     1.1 0     0.1 0    10.2 0   257.7 0   278.91 0   278.66 0   324.2 0   278.69 0   278.70 0     0.8 0     5.0 0     9.1 0   -66.5 0   -57.4 0     6.1 0    59.4 0     4.3 0   231.5 0   933.1 0
 2019   4  1  4 23  5 23.083  88.41     6.8 0     0.9 0     0.0 0     9.6 0   257.5 0   278.91 0   278.65 0   324.3 0   278.69 0   278.71 0     0.8 0     4.7 0     8.7 0   -66.8 0   -58.1 0     6.1 0    59.3 0     4.0 0   234.6 0   933.0 0
 2019   4  1  4 23  6 23.100  88.53     6.2 0     0.8 0    -0.4 0     9.1 0   257.6 0   278.91 0   278.71 0   325.0 0   278.71 0   278.75 0     0.8 0     4.6 0     8.3 0   -67.4 0   -59.1 0     6.3 0    57.9 0     4.2 0   246.2 0   933.1 0
 2019   4  1  4 23  7 23.117  88.65     5.9 0     0.8 0    -0.4 0     8.5 0   257.3 0   278.92 0   278.74 0   325.1 0   278.73 0   278.79 0     0.6 0     4.3 0     7.7 0   -67.8 0   -60.1 0     6.4 0    56.8 0     4.2 0   246.8 0   933.1 0
 2019   4  1  4 23  8 23.133  88.76     5.3 0     0.2 0    -0.9 0     8.0 0   257.5 0   278.95 0   278.84 0   326.1 0   278.78 0   278.88 0     0.6 0     4.1 0     7.9 0   -68.6 0   -60.7 0     6.7 0    55.2 0     5.0 0   249.1 0   933.1 0
 2019   4  1  4 23  9 23.150  88.88     4.8 0     0.0 0    -1.2 0     7.5 0   256.9 0   279.00 0   278.88 0   325.7 0   278.83 0   278.92 0     0.6 0     3.9 0     7.5 0   -68.8 0   -61.2 0     6.8 0    54.9 0     4.1 0   250.9 0   933.1 0
 2019   4  1  4 23 10 23.167  88.99     4.4 0     0.0 0    -0.9 0     7.2 0   256.5 0   279.05 0   278.92 0   325.6 0   278.88 0   278.95 0     0.6 0     3.7 0     7.2 0   -69.0 0   -61.8 0     6.8 0    55.0 0     4.1 0   255.7 0   933.1 0
 2019   4  1  4 23 11 23.183  89.10     3.9 0     0.0 0    -1.1 0     6.7 0   256.3 0   279.10 0   278.97 0   326.0 0   278.93 0   279.00 0     0.5 0     3.5 0     6.7 0   -69.7 0   -63.0 0     6.9 0    54.4 0     4.5 0   253.5 0   933.1 0
 2019   4  1  4 23 12 23.200  89.21     3.6 0     0.0 0    -0.8 0     6.4 0   256.2 0   279.15 0   279.00 0   325.7 0   278.98 0   279.05 0     0.5 0     3.3 0     6.4 0   -69.5 0   -63.2 0     7.0 0    54.1 0     4.6 0   255.9 0   933.1 0
 2019   4  1  4 23 13 23.217  89.32     2.9 0     0.0 0    -0.4 0     5.9 0   255.9 0   279.19 0   279.01 0   325.2 0   279.02 0   279.06 0     0.5 0     3.2 0     5.9 0   -69.4 0   -63.4 0     6.9 0    54.8 0     4.1 0   252.6 0   933.1 0
 2019   4  1  4 23 14 23.233  89.43     2.7 0     0.0 0    -0.4 0     5.5 0   255.7 0   279.22 0   279.02 0   325.5 0   279.05 0   279.09 0     0.5 0     2.9 0     5.5 0   -69.8 0   -64.2 0     6.9 0    54.5 0     4.6 0   247.6 0   933.1 0
 2019   4  1  4 23 15 23.250  89.54     2.1 0     0.0 0    -0.4 0     5.1 0   255.9 0   279.25 0   279.06 0   325.4 0   279.08 0   279.10 0     0.4 0     2.8 0     5.1 0   -69.5 0   -64.4 0     6.8 0    55.0 0     4.0 0   243.9 0   933.1 0
 2019   4  1  4 23 16 23.267  89.64     1.7 0     0.0 0    -0.4 0     4.9 0   256.0 0   279.28 0   279.08 0   325.2 0   279.10 0   279.13 0     0.4 0     2.4 0     4.9 0   -69.3 0   -64.4 0     6.8 0    54.8 0     4.3 0   246.0 0   933.1 0
 2019   4  1  4 23 17 23.283  89.74     1.2 0     0.0 0    -0.4 0     4.6 0   256.1 0   279.31 0   279.13 0   325.7 0   279.13 0   279.17 0     0.4 0     2.4 0     4.6 0   -69.7 0   -65.1 0     6.8 0    54.5 0     4.4 0   245.6 0   933.1 0
 2019   4  1  4 23 18 23.300  89.84     1.0 0     0.0 0    -0.4 0     4.1 0   255.8 0   279.34 0   279.15 0   326.1 0   279.16 0   279.22 0     0.4 0     2.1 0     4.1 0   -70.3 0   -66.1 0     6.9 0    54.0 0     5.2 0   243.3 0   933.1 0
 2019   4  1  4 23 19 23.317  89.93     0.5 0    -0.1 0    -0.6 0     3.9 0   256.1 0   279.38 0   279.22 0   326.6 0   279.20 0   279.28 0     0.4 0     2.0 0     3.9 0   -70.5 0   -66.6 0     7.0 0    53.8 0     5.8 0   243.6 0   933.1 0
 2019   4  1  4 23 20 23.333  90.81     0.0 0    -0.2 0    -1.1 0     3.5 0   255.8 0   279.43 0   279.29 0   326.7 0   279.25 0   279.32 0     0.0 0     1.9 0     3.5 0   -70.9 0   -67.4 0     7.0 0    53.6 0     6.0 0   241.9 0   933.2 0
 2019   4  1  4 23 21 23.350  90.94     0.0 0    -0.6 0    -0.7 0     3.4 0   255.5 0   279.48 0   279.30 0   326.9 0   279.29 0   279.36 0     0.0 0     1.9 0     3.4 0   -71.4 0   -68.0 0     7.1 0    53.2 0     6.2 0   246.3 0   933.2 0
 2019   4  1  4 23 22 23.367  91.08     0.0 0    -0.2 0    -0.4 0     3.1 0   255.7 0   279.51 0   279.33 0   326.6 0   279.34 0   279.39 0     0.0 0     1.9 0     3.1 0   -70.9 0   -67.8 0     7.0 0    53.7 0     6.0 0   244.3 0   933.3 0
 2019   4  1  4 23 23 23.383  91.22    -0.3 0    -0.1 0    -0.4 0     3.1 0   255.7 0   279.55 0   279.35 0   326.7 0   279.38 0   279.43 0     0.0 0     1.6 0     3.1 0   -71.0 0   -67.8 0     7.0 0    53.5 0     6.6 0   244.0 0   933.3 0
 2019   4  1  4 23 24 23.400  91.36    -0.8 0    -0.8 0    -1.1 0     2.7 0   256.6 0   279.59 0   279.46 0   327.4 0   279.42 0   279.51 0     0.0 0     1.5 0     2.7 0   -70.8 0   -68.1 0     7.1 0    52.5 0     6.8 0   245.0 0   933.2 0
 2019   4  1  4 23 25 23.417  91.50    -1.0 0    -0.8 0    -1.6 0     2.4 0   256.8 0   279.64 0   279.54 0   327.8 0   279.49 0   279.59 0     0.0 0     1.5 0     2.4 0   -71.0 0   -68.6 0     7.3 0    51.8 0     7.2 0   243.4 0   933.2 0
 2019   4  1  4 23 26 23.433  91.64    -1.2 0    -0.8 0    -1.2 0     2.4 0   257.0 0   279.70 0   279.57 0   327.6 0   279.56 0   279.63 0     0.0 0     1.2 0     2.4 0   -70.5 0   -68.1 0     7.3 0    51.6 0     6.7 0   246.4 0   933.2 0
 2019   4  1  4 23 27 23.450  91.78    -1.4 0    -0.8 0    -1.1 0     2.3 0   257.0 0   279.76 0   279.59 0   327.5 0   279.61 0   279.67 0     0.0 0     1.1 0     2.3 0   -70.5 0   -68.2 0     7.3 0    51.9 0     6.9 0   248.4 0   933.2 0
 2019   4  1  4 23 28 23.467  91.91    -1.5 0    -0.8 0    -1.0 0     2.0 0   257.3 0   279.80 0   279.64 0   327.8 0   279.66 0   279.73 0     0.0 0     1.1 0     2.0 0   -70.5 0   -68.5 0     7.4 0    51.4 0     7.3 0   249.6 0   933.2 0
 2019   4  1  4 23 29 23.483  92.05    -1.7 0    -0.8 0    -1.1 0     1.9 0   257.8 0   279.85 0   279.69 0   327.6 0   279.71 0   279.77 0     0.0 0     0.9 0     1.9 0   -69.8 0   -67.9 0     7.4 0    51.6 0     7.0 0   252.2 0   933.2 0
 2019   4  1  4 23 30 23.500  92.19    -2.0 0    -0.8 0    -0.6 0     1.6 0   258.1 0   279.89 0   279.71 0   327.5 0   279.76 0   279.82 0     0.0 0     0.7 0     1.6 0   -69.4 0   -67.8 0     7.4 0    51.2 0     7.1 0   252.5 0   933.2 0
 2019   4  1  4 23 31 23.517  92.33    -2.0 0    -0.8 0    -1.1 0     1.6 0   258.9 0   279.94 0   279.78 0   327.6 0   279.80 0   279.83 0     0.0 0     0.7 0     1.6 0   -68.7 0   -67.1 0     7.4 0    51.7 0     6.7 0   253.1 0   933.3 0
 2019   4  1  4 23 32 23.533  92.47    -2.0 0    -0.8 0    -1.0 0     1.5 0   259.3 0   279.98 0   279.82 0   327.8 0   279.83 0   279.87 0     0.0 0     0.7 0     1.5 0   -68.4 0   -67.0 0     7.4 0    51.4 0     7.2 0   252.2 0   933.3 0
 2019   4  1  4 23 33 23.550  92.62    -2.1 0    -0.8 0    -0.7 0     1.2 0   259.1 0   280.03 0   279.83 0   327.4 0   279.87 0   279.90 0     0.0 0     0.7 0     1.2 0   -68.3 0   -67.2 0     7.4 0    51.3 0     6.6 0   251.4 0   933.2 0
 2019   4  1  4 23 34 23.567  92.76    -2.0 0    -0.8 0    -0.4 0     1.2 0   259.7 0   280.06 0   279.83 0   327.0 0   279.89 0   279.90 0     0.0 0     0.4 0     1.2 0   -67.3 0   -66.2 0     7.3 0    52.1 0     6.0 0   253.0 0   933.2 0
 2019   4  1  4 23 35 23.583  92.90    -2.1 0    -0.4 0    -0.2 0     1.2 0   259.3 0   280.08 0   279.84 0   327.0 0   279.90 0   279.89 0     0.0 0     0.4 0     1.2 0   -67.7 0   -66.5 0     7.2 0    52.3 0     6.5 0   253.7 0   933.2 0
 2019   4  1  4 23 36 23.600  93.04    -2.1 0    -0.7 0    -0.2 0     0.9 0   259.5 0   280.10 0   279.86 0   326.9 0   279.90 0   279.91 0     0.0 0     0.4 0     0.9 0   -67.4 0   -66.5 0     7.2 0    52.1 0     6.3 0   252.0 0   933.1 0
 2019   4  1  4 23 37 23.617  93.18    -2.4 0    -0.8 0    -0.4 0     0.8 0   259.5 0   280.12 0   279.88 0   327.6 0   279.92 0   279.94 0     0.0 0     0.4 0     0.8 0   -68.1 0   -67.3 0     7.2 0    51.5 0     7.4 0   252.2 0   933.1 0
 2019   4  1  4 23 38 23.633  93.32    -2.4 0    -0.8 0    -0.4 0     0.8 0   259.5 0   280.14 0   279.92 0   327.4 0   279.93 0   279.96 0     0.0 0     0.4 0     0.8 0   -67.9 0   -67.2 0     7.3 0    51.5 0     7.3 0   252.4 0   933.1 0
 2019   4  1  4 23 39 23.650  93.47    -2.4 0    -0.8 0    -0.4 0     0.8 0   259.9 0   280.16 0   279.91 0   327.4 0   279.96 0   279.97 0     0.0 0     0.4 0     0.8 0   -67.5 0   -66.7 0     7.3 0    51.8 0     6.6 0   250.1 0   933.1 0
 2019   4  1  4 23 40 23.667  93.61    -2.4 0    -0.8 0    -0.4 0     0.7 0   260.1 0   280.17 0   279.92 0   327.4 0   279.97 0   279.97 0     0.0 0     0.3 0     0.7 0   -67.4 0   -66.6 0     7.2 0    51.8 0     7.9 0   252.2 0   933.1 0
 2019   4  1  4 23 41 23.683  93.75    -2.4 0    -0.8 0    -0.3 0     0.4 0   260.2 0   280.17 0   279.92 0   327.5 0   279.98 0   279.99 0     0.0 0     0.1 0     0.4 0   -67.3 0   -66.8 0     7.2 0    52.0 0     7.2 0   253.0 0   933.1 0
 2019   4  1  4 23 42 23.700  93.90    -2.8 0    -0.8 0    -0.4 0     0.4 0   260.9 0   280.19 0   279.97 0   328.0 0   279.99 0   280.00 0     0.0 0     0.0 0     0.4 0   -67.1 0   -66.8 0     7.2 0    51.9 0     8.4 0   250.4 0   933.1 0
 2019   4  1  4 23 43 23.717  94.04    -2.8 0    -0.8 0    -0.4 0     0.4 0   261.7 0   280.20 0   279.95 0   328.2 0   280.01 0   280.05 0     0.0 0     0.0 0     0.4 0   -66.5 0   -66.1 0     7.3 0    51.1 0     8.8 0   250.6 0   933.1 0
 2019   4  1  4 23 44 23.733  94.18    -2.9 0    -0.8 0    -0.4 0     0.4 0   262.5 0   280.21 0   279.98 0   328.3 0   280.05 0   280.07 0     0.0 0     0.0 0     0.4 0   -65.9 0   -65.5 0     7.4 0    50.9 0     8.5 0   252.7 0   933.1 0
 2019   4  1  4 23 45 23.750  94.33    -2.9 0    -0.8 0    -0.4 0     0.4 0   262.9 0   280.23 0   280.00 0   328.1 0   280.07 0   280.09 0     0.0 0     0.0 0     0.4 0   -65.2 0   -64.8 0     7.4 0    51.0 0     7.9 0   251.3 0   933.1 0
 2019   4  1  4 23 46 23.767  94.47    -2.9 0    -0.9 0    -0.8 0     0.4 0   263.6 0   280.25 0   280.04 0   328.8 0   280.10 0   280.15 0     0.0 0     0.0 0     0.4 0   -65.2 0   -64.9 0     7.5 0    49.9 0     9.0 0   249.1 0   933.1 0
 2019   4  1  4 23 47 23.783  94.62    -2.9 0    -0.9 0    -1.1 0     0.2 0   263.9 0   280.27 0   280.10 0   328.9 0   280.15 0   280.20 0     0.0 0     0.0 0     0.2 0   -64.9 0   -64.7 0     7.7 0    49.6 0     8.7 0   253.2 0   933.1 0
 2019   4  1  4 23 48 23.800  94.76    -2.9 0    -0.9 0    -1.2 0     0.0 0   264.1 0   280.31 0   280.13 0   328.7 0   280.19 0   280.23 0     0.0 0     0.0 0     0.0 0   -64.6 0   -64.5 0     7.7 0    49.6 0     7.9 0   252.8 0   933.1 0
 2019   4  1  4 23 49 23.817  94.91    -2.9 0    -1.0 0    -1.0 0     0.2 0   264.3 0   280.34 0   280.14 0   329.2 0   280.23 0   280.29 0     0.0 0     0.0 0     0.2 0   -64.9 0   -64.6 0     7.7 0    49.1 0     8.8 0   254.8 0   933.1 0
 2019   4  1  4 23 50 23.833  95.05    -2.9 0    -0.9 0    -0.5 0     0.3 0   264.4 0   280.36 0   280.16 0   328.6 0   280.27 0   280.31 0     0.0 0     0.0 0     0.3 0   -64.3 0   -64.0 0     7.7 0    49.6 0     7.9 0   254.2 0   933.1 0
 2019   4  1  4 23 51 23.850  95.20    -2.9 0    -1.3 0    -1.1 0     0.0 0   264.8 0   280.40 0   280.23 0   329.3 0   280.31 0   280.37 0     0.0 0     0.0 0     0.0 0   -64.5 0   -64.5 0     7.8 0    48.6 0     9.0 0   255.0 0   933.1 0
 2019   4  1  4 23 52 23.867  95.34    -2.9 0    -1.4 0    -0.7 0     0.1 0   265.2 0   280.43 0   280.25 0   329.3 0   280.35 0   280.41 0     0.0 0     0.0 0     0.1 0   -64.1 0   -64.0 0     7.9 0    48.5 0     9.3 0   254.7 0   933.1 0
 2019   4  1  4 23 53 23.883  95.49    -2.9 0    -1.4 0    -0.7 0     0.1 0   264.9 0   280.47 0   280.27 0   329.1 0   280.40 0   280.44 0     0.0 0     0.0 0     0.1 0   -64.3 0   -64.2 0     7.9 0    48.8 0     7.9 0   251.5 0   933.0 0
 2019   4  1  4 23 54 23.900  95.64    -2.9 0    -0.8 0    -0.4 0     0.3 0   265.0 0   280.50 0   280.27 0   329.1 0   280.43 0   280.46 0     0.0 0     0.0 0     0.3 0   -64.1 0   -63.7 0     7.8 0    48.9 0     8.4 0   254.8 0   933.0 0
 2019   4  1  4 23 55 23.917  95.78    -2.9 0    -1.0 0    -0.9 0     0.0 0   264.6 0   280.52 0   280.35 0   329.5 0   280.47 0   280.52 0     0.0 0     0.0 0     0.0 0   -65.0 0   -64.9 0     7.9 0    48.0 0     9.1 0   255.8 0   933.0 0
 2019   4  1  4 23 56 23.933  95.93    -2.9 0    -1.4 0    -0.8 0     0.0 0   264.2 0   280.56 0   280.37 0   329.4 0   280.51 0   280.56 0     0.0 0     0.0 0     0.0 0   -65.2 0   -65.2 0     8.0 0    48.1 0     9.2 0   255.6 0   933.0 0
 2019   4  1  4 23 57 23.950  96.08    -2.9 0    -1.6 0    -1.1 0     0.0 0   264.2 0   280.59 0   280.41 0   329.6 0   280.55 0   280.60 0     0.0 0     0.0 0     0.0 0   -65.3 0   -65.3 0     8.0 0    48.0 0     9.4 0   256.3 0   933.1 0
 2019   4  1  4 23 58 23.967  96.22    -2.9 0    -0.9 0    -1.1 0     0.0 0   263.9 0   280.63 0   280.44 0   329.2 0   280.59 0   280.60 0     0.0 0     0.0 0     0.0 0   -65.3 0   -65.3 0     7.9 0    49.2 0     8.5 0   259.5 0   933.1 0
 2019   4  1  4 23 59 23.983  96.37    -2.9 0    -0.8 0    -0.8 0     0.0 0   263.4 0   280.66 0   280.45 0   329.2 0   280.60 0   280.60 0     0.0 0     0.0 0     0.0 0   -65.8 0   -65.8 0     7.8 0    49.3 0     9.3 0   261.0 0   933.1 0
