 Sioux Falls
   43.73  -96.62  473 m version 1
 2019  23  1 23  0  0  0.000  96.73    -1.2 0     0.1 0 -9999.9 1     0.1 0   229.3 0   262.8 0   262.8 0   259.9 0   261.9 0   261.9 0     0.0 0     0.0 0     0.0 0   -30.6 0   -30.6 0   -11.0 0    85.1 0     3.6 0   337.7 0   961.8 0
 2019  23  1 23  0  1  0.017  96.90    -1.2 0     0.0 0 -9999.9 1     0.0 0   233.3 0   262.8 0   262.8 0   260.0 0   261.9 0   261.9 0     0.0 0     0.0 0     0.0 0   -26.7 0   -26.7 0   -11.0 0    85.2 0     3.2 0   341.0 0   961.8 0
 2019  23  1 23  0  2  0.033  97.07    -1.2 0     0.0 0 -9999.9 1     0.0 0   237.6 0   262.8 0   262.7 0   260.3 0   261.9 0   261.9 0     0.0 0     0.0 0     0.0 0   -22.7 0   -22.7 0   -11.1 0    85.4 0     3.3 0   335.5 0   961.8 0
 2019  23  1 23  0  3  0.050  97.24    -1.2 0     0.0 0 -9999.9 1     0.0 0   240.8 0   262.7 0   262.7 0   260.9 0   261.8 0   261.9 0     0.0 0     0.0 0     0.0 0   -20.1 0   -20.1 0   -11.1 0    85.4 0     3.9 0   336.7 0   961.8 0
 2019  23  1 23  0  4  0.067  97.41    -1.2 0     0.0 0 -9999.9 1     0.0 0   241.7 0   262.7 0   262.7 0   261.3 0   261.8 0   261.9 0     0.0 0     0.0 0     0.0 0   -19.7 0   -19.7 0   -11.1 0    85.2 0     4.9 0   339.4 0   961.8 0
 2019  23  1 23  0  5  0.083  97.58    -1.2 0     0.0 0 -9999.9 1     0.0 0   240.7 0   262.7 0   262.7 0   261.2 0   261.8 0   261.9 0     0.0 0     0.0 0     0.0 0   -20.5 0   -20.5 0   -11.1 0    85.2 0     4.0 0   338.5 0   961.8 0
 2019  23  1 23  0  6  0.100  97.75    -1.2 0     0.0 0 -9999.9 1     0.0 0   239.6 0   262.7 0   262.7 0   261.5 0   261.8 0   261.9 0     0.0 0     0.0 0     0.0 0   -21.9 0   -21.9 0   -11.1 0    85.2 0     4.7 0   342.2 0   961.8 0
 2019  23  1 23  0  7  0.117  97.92    -1.2 0     0.0 0 -9999.9 1     0.0 0   239.1 0   262.7 0   262.7 0   261.6 0   261.8 0   261.9 0     0.0 0     0.0 0     0.0 0   -22.5 0   -22.5 0   -11.1 0    85.1 0     4.9 0   338.5 0   961.7 0
 2019  23  1 23  0  8  0.133  98.09    -1.2 0     0.0 0 -9999.9 1     0.0 0   240.6 0   262.7 0   262.7 0   261.2 0   261.8 0   261.9 0     0.0 0     0.0 0     0.0 0   -20.6 0   -20.6 0   -11.1 0    85.1 0     4.4 0   338.8 0   961.7 0
 2019  23  1 23  0  9  0.150  98.26    -1.2 0     0.0 0 -9999.9 1     0.0 0   243.3 0   262.7 0   262.7 0   261.4 0   261.8 0   261.8 0     0.0 0     0.0 0     0.0 0   -18.1 0   -18.1 0   -11.1 0    85.0 0     4.1 0   341.3 0   961.7 0
 2019  23  1 23  0 10  0.167  98.43    -1.2 0     0.0 0 -9999.9 1     0.0 0   244.3 0   262.7 0   262.7 0   262.0 0   261.8 0   261.8 0     0.0 0     0.0 0     0.0 0   -17.7 0   -17.7 0   -11.1 0    85.0 0     4.1 0   342.0 0   961.7 0
 2019  23  1 23  0 11  0.183  98.60    -1.2 0     0.0 0 -9999.9 1     0.0 0   245.3 0   262.7 0   262.7 0   261.8 0   261.7 0   261.8 0     0.0 0     0.0 0     0.0 0   -16.5 0   -16.5 0   -11.1 0    85.0 0     4.7 0   338.7 0   961.7 0
 2019  23  1 23  0 12  0.200  98.77    -1.2 0     0.0 0 -9999.9 1     0.0 0   247.7 0   262.7 0   262.7 0   262.0 0   261.7 0   261.8 0     0.0 0     0.0 0     0.0 0   -14.2 0   -14.2 0   -11.1 0    85.2 0     3.5 0   341.9 0   961.7 0
 2019  23  1 23  0 13  0.217  98.94    -1.2 0     0.0 0 -9999.9 1     0.0 0   250.5 0   262.7 0   262.7 0   262.3 0   261.7 0   261.8 0     0.0 0     0.0 0     0.0 0   -11.8 0   -11.8 0   -11.1 0    85.3 0     4.2 0   343.0 0   961.7 0
 2019  23  1 23  0 14  0.233  99.12    -1.2 0     0.0 0 -9999.9 1     0.0 0   252.5 0   262.7 0   262.7 0   262.8 0   261.7 0   261.8 0     0.0 0     0.0 0     0.0 0   -10.3 0   -10.3 0   -11.1 0    85.3 0     3.4 0   342.8 0   961.7 0
 2019  23  1 23  0 15  0.250  99.29    -1.2 0     0.0 0 -9999.9 1     0.0 0   253.3 0   262.7 0   262.7 0   263.1 0   261.7 0   261.8 0     0.0 0     0.0 0     0.0 0    -9.8 0    -9.8 0   -11.1 0    85.2 0     3.7 0   336.5 0   961.8 0
 2019  23  1 23  0 16  0.267  99.46    -1.2 0     0.0 0 -9999.9 1     0.0 0   253.0 0   262.7 0   262.7 0   263.2 0   261.7 0   261.8 0     0.0 0     0.0 0     0.0 0   -10.2 0   -10.2 0   -11.1 0    85.2 0     4.2 0   337.6 0   961.8 0
 2019  23  1 23  0 17  0.283  99.63    -1.2 0     0.0 0 -9999.9 1     0.0 0   252.6 0   262.7 0   262.7 0   263.3 0   261.7 0   261.8 0     0.0 0     0.0 0     0.0 0   -10.7 0   -10.7 0   -11.1 0    85.1 0     4.1 0   338.9 0   961.8 0
 2019  23  1 23  0 18  0.300  99.80    -1.2 0     0.0 0 -9999.9 1     0.0 0   252.9 0   262.7 0   262.7 0   263.4 0   261.7 0   261.8 0     0.0 0     0.0 0     0.0 0   -10.6 0   -10.6 0   -11.0 0    85.1 0     4.4 0   338.0 0   961.8 0
 2019  23  1 23  0 19  0.317  99.97    -1.2 0     0.0 0 -9999.9 1     0.0 0   252.6 0   262.7 0   262.7 0   263.6 0   261.7 0   261.8 0     0.0 0     0.0 0     0.0 0   -11.0 0   -11.0 0   -11.0 0    85.0 0     4.9 0   346.2 0   961.8 0
 2019  23  1 23  0 20  0.333 100.15    -1.2 0     0.0 0 -9999.9 1     0.0 0   251.9 0   262.7 0   262.7 0   263.5 0   261.7 0   261.8 0     0.0 0     0.0 0     0.0 0   -11.7 0   -11.7 0   -11.1 0    85.0 0     3.3 0   342.6 0   961.8 0
 2019  23  1 23  0 21  0.350 100.32    -1.2 0     0.0 0 -9999.9 1     0.0 0   251.4 0   262.7 0   262.7 0   263.5 0   261.7 0   261.8 0     0.0 0     0.0 0     0.0 0   -12.1 0   -12.1 0   -11.0 0    85.4 0     3.3 0   338.0 0   961.8 0
 2019  23  1 23  0 22  0.367 100.49    -1.2 0     0.0 0 -9999.9 1     0.0 0   250.2 0   262.7 0   262.7 0   263.4 0   261.7 0   261.8 0     0.0 0     0.0 0     0.0 0   -13.2 0   -13.2 0   -11.0 0    85.3 0     3.6 0   343.6 0   961.8 0
 2019  23  1 23  0 23  0.383 100.66    -1.2 0     0.0 0 -9999.9 1     0.0 0   248.8 0   262.7 0   262.7 0   263.3 0   261.7 0   261.8 0     0.0 0     0.0 0     0.0 0   -14.5 0   -14.5 0   -11.0 0    85.3 0     3.4 0   341.8 0   961.7 0
 2019  23  1 23  0 24  0.400 100.84    -1.2 0     0.0 0 -9999.9 1     0.0 0   247.0 0   262.7 0   262.7 0   263.2 0   261.7 0   261.8 0     0.0 0     0.0 0     0.0 0   -16.1 0   -16.1 0   -11.0 0    85.4 0     3.4 0   344.4 0   961.7 0
 2019  23  1 23  0 25  0.417 101.01    -1.2 0     0.0 0 -9999.9 1     0.0 0   244.9 0   262.7 0   262.7 0   263.0 0   261.7 0   261.8 0     0.0 0     0.0 0     0.0 0   -18.0 0   -18.0 0   -11.0 0    85.1 0     4.7 0   343.3 0   961.7 0
 2019  23  1 23  0 26  0.433 101.18    -1.2 0     0.0 0 -9999.9 1     0.0 0   244.2 0   262.7 0   262.7 0   262.8 0   261.7 0   261.8 0     0.0 0     0.0 0     0.0 0   -18.6 0   -18.6 0   -11.0 0    85.1 0     3.8 0   335.6 0   961.7 0
 2019  23  1 23  0 27  0.450 101.35    -1.2 0     0.0 0 -9999.9 1     0.0 0   243.4 0   262.7 0   262.7 0   262.7 0   261.7 0   261.8 0     0.0 0     0.0 0     0.0 0   -19.3 0   -19.3 0   -11.0 0    85.1 0     4.3 0   341.8 0   961.7 0
 2019  23  1 23  0 28  0.467 101.53    -1.2 0     0.0 0 -9999.9 1     0.0 0   243.2 0   262.7 0   262.7 0   262.6 0   261.7 0   261.8 0     0.0 0     0.0 0     0.0 0   -19.4 0   -19.4 0   -11.0 0    85.1 0     4.8 0   345.2 0   961.7 0
 2019  23  1 23  0 29  0.483 101.70    -1.2 0     0.0 0 -9999.9 1     0.0 0   242.7 0   262.7 0   262.7 0   262.6 0   261.7 0   261.8 0     0.0 0     0.0 0     0.0 0   -19.9 0   -19.9 0   -11.0 0    85.0 0     4.2 0   341.9 0   961.7 0
 2019  23  1 23  0 30  0.500 101.88    -1.2 0     0.0 0 -9999.9 1     0.0 0   242.0 0   262.7 0   262.7 0   262.4 0   261.7 0   261.8 0     0.0 0     0.0 0     0.0 0   -20.4 0   -20.4 0   -11.0 0    85.3 0     3.4 0   335.9 0   961.7 0
 2019  23  1 23  0 31  0.517 102.05    -1.2 0     0.0 0 -9999.9 1     0.0 0   241.7 0   262.7 0   262.7 0   262.4 0   261.7 0   261.8 0     0.0 0     0.0 0     0.0 0   -20.7 0   -20.7 0   -11.0 0    85.1 0     5.2 0   338.4 0   961.7 0
 2019  23  1 23  0 32  0.533 102.22    -1.2 0     0.0 0 -9999.9 1     0.0 0   241.0 0   262.7 0   262.7 0   262.2 0   261.7 0   261.8 0     0.0 0     0.0 0     0.0 0   -21.2 0   -21.2 0   -11.0 0    85.0 0     3.7 0   337.6 0   961.7 0
 2019  23  1 23  0 33  0.550 102.40    -1.2 0     0.0 0 -9999.9 1     0.0 0   239.4 0   262.7 0   262.7 0   261.8 0   261.7 0   261.8 0     0.0 0     0.0 0     0.0 0   -22.4 0   -22.4 0   -11.0 0    85.2 0     3.2 0   339.3 0   961.7 0
 2019  23  1 23  0 34  0.567 102.57    -1.2 0     0.0 0 -9999.9 1     0.0 0   238.6 0   262.7 0   262.7 0   261.7 0   261.7 0   261.8 0     0.0 0     0.0 0     0.0 0   -23.2 0   -23.2 0   -11.0 0    85.0 0     4.7 0   346.0 0   961.7 0
 2019  23  1 23  0 35  0.583 102.75    -1.2 0     0.0 0 -9999.9 1     0.0 0   237.5 0   262.7 0   262.7 0   261.6 0   261.7 0   261.8 0     0.0 0     0.0 0     0.0 0   -24.2 0   -24.2 0   -11.0 0    85.0 0     4.1 0   340.5 0   961.7 0
 2019  23  1 23  0 36  0.600 102.92    -1.2 0     0.0 0 -9999.9 1     0.0 0   238.6 0   262.7 0   262.7 0   261.7 0   261.7 0   261.8 0     0.0 0     0.0 0     0.0 0   -23.1 0   -23.1 0   -11.1 0    85.0 0     4.4 0   342.6 0   961.6 0
 2019  23  1 23  0 37  0.617 103.09    -1.2 0     0.0 0 -9999.9 1     0.0 0   240.6 0   262.7 0   262.7 0   261.9 0   261.7 0   261.8 0     0.0 0     0.0 0     0.0 0   -21.3 0   -21.3 0   -11.1 0    85.2 0     4.2 0   334.7 0   961.6 0
 2019  23  1 23  0 38  0.633 103.27    -1.2 0     0.0 0 -9999.9 1     0.0 0   241.7 0   262.7 0   262.7 0   262.2 0   261.7 0   261.8 0     0.0 0     0.0 0     0.0 0   -20.5 0   -20.5 0   -11.1 0    85.2 0     4.3 0   336.7 0   961.6 0
 2019  23  1 23  0 39  0.650 103.44    -1.2 0     0.0 0 -9999.9 1     0.0 0   241.7 0   262.7 0   262.7 0   262.3 0   261.7 0   261.8 0     0.0 0     0.0 0     0.0 0   -20.6 0   -20.6 0   -11.1 0    85.4 0     4.0 0   341.8 0   961.5 0
 2019  23  1 23  0 40  0.667 103.62    -1.2 0     0.0 0 -9999.9 1     0.0 0   240.8 0   262.7 0   262.7 0   262.1 0   261.7 0   261.8 0     0.0 0     0.0 0     0.0 0   -21.3 0   -21.3 0   -11.1 0    85.5 0     3.5 0   343.4 0   961.5 0
 2019  23  1 23  0 41  0.683 103.79    -1.2 0     0.0 0 -9999.9 1     0.0 0   240.2 0   262.7 0   262.7 0   262.2 0   261.7 0   261.8 0     0.0 0     0.0 0     0.0 0   -22.0 0   -22.0 0   -11.1 0    85.6 0     4.9 0   341.9 0   961.5 0
 2019  23  1 23  0 42  0.700 103.97    -1.2 0     0.0 0 -9999.9 1     0.0 0   241.7 0   262.7 0   262.7 0   261.9 0   261.7 0   261.8 0     0.0 0     0.0 0     0.0 0   -20.1 0   -20.1 0   -11.1 0    85.5 0     4.5 0   342.0 0   961.5 0
 2019  23  1 23  0 43  0.717 104.14    -1.2 0     0.0 0 -9999.9 1     0.0 0   242.3 0   262.7 0   262.7 0   261.8 0   261.7 0   261.8 0     0.0 0     0.0 0     0.0 0   -19.5 0   -19.5 0   -11.1 0    85.5 0     4.4 0   348.0 0   961.5 0
 2019  23  1 23  0 44  0.733 104.32    -1.2 0     0.0 0 -9999.9 1     0.0 0   241.6 0   262.7 0   262.7 0   261.9 0   261.7 0   261.8 0     0.0 0     0.0 0     0.0 0   -20.3 0   -20.3 0   -11.1 0    85.6 0     4.3 0   340.2 0   961.5 0
 2019  23  1 23  0 45  0.750 104.49    -1.2 0     0.0 0 -9999.9 1     0.0 0   241.1 0   262.7 0   262.7 0   261.8 0   261.7 0   261.8 0     0.0 0     0.0 0     0.0 0   -20.7 0   -20.7 0   -11.1 0    85.7 0     4.0 0   346.0 0   961.5 0
 2019  23  1 23  0 46  0.767 104.67    -1.2 0     0.0 0 -9999.9 1     0.0 0   239.8 0   262.6 0   262.7 0   261.6 0   261.7 0   261.8 0     0.0 0     0.0 0     0.0 0   -21.8 0   -21.8 0   -11.1 0    85.8 0     3.7 0   345.3 0   961.6 0
 2019  23  1 23  0 47  0.783 104.85    -1.2 0     0.0 0 -9999.9 1     0.0 0   238.4 0   262.6 0   262.7 0   261.7 0   261.7 0   261.8 0     0.0 0     0.0 0     0.0 0   -23.3 0   -23.3 0   -11.1 0    86.0 0     3.9 0   344.4 0   961.6 0
 2019  23  1 23  0 48  0.800 105.02    -1.2 0     0.0 0 -9999.9 1     0.0 0   236.1 0   262.6 0   262.7 0   261.8 0   261.7 0   261.8 0     0.0 0     0.0 0     0.0 0   -25.7 0   -25.7 0   -11.1 0    86.1 0     4.7 0   342.5 0   961.5 0
 2019  23  1 23  0 49  0.817 105.20    -1.2 0     0.0 0 -9999.9 1     0.0 0   234.3 0   262.6 0   262.7 0   261.5 0   261.7 0   261.8 0     0.0 0     0.0 0     0.0 0   -27.2 0   -27.2 0   -11.1 0    86.0 0     3.9 0   344.7 0   961.6 0
 2019  23  1 23  0 50  0.833 105.37    -1.2 0     0.0 0 -9999.9 1     0.0 0   232.9 0   262.6 0   262.7 0   261.2 0   261.7 0   261.8 0     0.0 0     0.0 0     0.0 0   -28.3 0   -28.3 0   -11.1 0    86.0 0     4.7 0   339.2 0   961.6 0
 2019  23  1 23  0 51  0.850 105.55    -1.2 0     0.0 0 -9999.9 1     0.0 0   232.3 0   262.6 0   262.6 0   260.7 0   261.7 0   261.8 0     0.0 0     0.0 0     0.0 0   -28.4 0   -28.4 0   -11.1 0    86.0 0     4.1 0   341.9 0   961.6 0
 2019  23  1 23  0 52  0.867 105.73    -1.2 0     0.0 0 -9999.9 1     0.0 0   232.2 0   262.6 0   262.6 0   260.6 0   261.7 0   261.8 0     0.0 0     0.0 0     0.0 0   -28.3 0   -28.3 0   -11.1 0    86.1 0     4.3 0   342.8 0   961.6 0
 2019  23  1 23  0 53  0.883 105.90    -1.2 0     0.0 0 -9999.9 1     0.0 0   231.1 0   262.6 0   262.6 0   260.5 0   261.7 0   261.8 0     0.0 0     0.0 0     0.0 0   -29.4 0   -29.4 0   -11.1 0    86.2 0     4.3 0   341.3 0   961.6 0
 2019  23  1 23  0 54  0.900 106.08    -1.2 0     0.0 0 -9999.9 1     0.0 0   229.3 0   262.6 0   262.6 0   260.0 0   261.7 0   261.8 0     0.0 0     0.0 0     0.0 0   -30.7 0   -30.7 0   -11.1 0    86.2 0     3.7 0   344.6 0   961.6 0
 2019  23  1 23  0 55  0.917 106.26    -1.2 0     0.0 0 -9999.9 1     0.0 0   227.6 0   262.6 0   262.6 0   259.9 0   261.7 0   261.8 0     0.0 0     0.0 0     0.0 0   -32.3 0   -32.3 0   -11.1 0    86.3 0     3.6 0   343.0 0   961.6 0
 2019  23  1 23  0 56  0.933 106.43    -1.2 0     0.0 0 -9999.9 1     0.0 0   226.0 0   262.6 0   262.6 0   259.7 0   261.7 0   261.7 0     0.0 0     0.0 0     0.0 0   -33.7 0   -33.7 0   -11.1 0    86.4 0     3.6 0   339.6 0   961.6 0
 2019  23  1 23  0 57  0.950 106.61    -1.2 0     0.0 0 -9999.9 1     0.0 0   224.5 0   262.6 0   262.6 0   259.5 0   261.7 0   261.7 0     0.0 0     0.0 0     0.0 0   -35.0 0   -35.0 0   -11.1 0    86.4 0     3.7 0   341.0 0   961.6 0
 2019  23  1 23  0 58  0.967 106.79    -1.2 0     0.0 0 -9999.9 1     0.1 0   221.6 0   262.6 0   262.6 0   259.1 0   261.7 0   261.7 0     0.0 0     0.0 0     0.0 0   -37.6 0   -37.6 0   -11.1 0    86.4 0     3.9 0   339.8 0   961.6 0
 2019  23  1 23  0 59  0.983 106.97    -1.2 0     0.0 0 -9999.9 1     0.1 0   217.2 0   262.6 0   262.6 0   258.5 0   261.7 0   261.7 0     0.0 0     0.0 0     0.0 0   -41.3 0   -41.3 0   -11.1 0    86.4 0     3.5 0   339.0 0   961.6 0
 2019  23  1 23  1  0  1.000 107.14    -1.2 0     0.0 0 -9999.9 1     0.2 0   213.5 0   262.6 0   262.5 0   257.4 0   261.7 0   261.7 0     0.0 0     0.0 0     0.0 0   -43.9 0   -43.9 0   -11.1 0    86.4 0     3.8 0   337.6 0   961.6 0
 2019  23  1 23  1  1  1.017 107.32    -1.2 0     0.0 0 -9999.9 1     0.3 0   212.0 0   262.6 0   262.5 0   256.8 0   261.7 0   261.7 0     0.0 0     0.0 0     0.0 0   -44.8 0   -44.8 0   -11.1 0    86.7 0     2.9 0   334.7 0   961.7 0
 2019  23  1 23  1  2  1.033 107.50    -1.4 0     0.0 0 -9999.9 1     0.3 0   210.5 0   262.6 0   262.5 0   256.8 0   261.7 0   261.7 0     0.0 0     0.0 0     0.0 0   -46.3 0   -46.3 0   -11.1 0    86.9 0     3.1 0   340.0 0   961.7 0
 2019  23  1 23  1  3  1.050 107.67    -1.2 0     0.0 0 -9999.9 1     0.3 0   209.0 0   262.5 0   262.5 0   256.4 0   261.6 0   261.7 0     0.0 0     0.0 0     0.0 0   -47.4 0   -47.4 0   -11.1 0    86.7 0     3.8 0   337.1 0   961.7 0
 2019  23  1 23  1  4  1.067 107.85    -1.2 0     0.0 0 -9999.9 1     0.3 0   207.3 0   262.5 0   262.5 0   255.7 0   261.6 0   261.7 0     0.0 0     0.0 0     0.0 0   -48.4 0   -48.4 0   -11.1 0    86.5 0     3.5 0   339.1 0   961.7 0
 2019  23  1 23  1  5  1.083 108.03    -1.3 0     0.0 0 -9999.9 1     0.3 0   206.5 0   262.5 0   262.5 0   255.8 0   261.6 0   261.7 0     0.0 0     0.0 0     0.0 0   -49.3 0   -49.3 0   -11.1 0    86.6 0     3.9 0   340.3 0   961.7 0
 2019  23  1 23  1  6  1.100 108.21    -1.5 0     0.0 0 -9999.9 1     0.3 0   207.5 0   262.5 0   262.5 0   255.6 0   261.6 0   261.7 0     0.0 0     0.0 0     0.0 0   -48.1 0   -48.1 0   -11.1 0    86.4 0     3.6 0   339.5 0   961.7 0
 2019  23  1 23  1  7  1.117 108.38    -1.6 0     0.0 0 -9999.9 1     0.3 0   209.1 0   262.5 0   262.5 0   255.5 0   261.6 0   261.7 0     0.0 0     0.0 0     0.0 0   -46.4 0   -46.4 0   -11.1 0    86.5 0     3.1 0   344.0 0   961.7 0
 2019  23  1 23  1  8  1.133 108.56    -1.5 0     0.0 0 -9999.9 1     0.2 0   211.0 0   262.5 0   262.5 0   255.5 0   261.6 0   261.7 0     0.0 0     0.0 0     0.0 0   -44.5 0   -44.5 0   -11.1 0    86.5 0     3.8 0   340.0 0   961.6 0
 2019  23  1 23  1  9  1.150 108.74    -1.4 0     0.0 0 -9999.9 1     0.3 0   212.6 0   262.5 0   262.4 0   255.4 0   261.6 0   261.7 0     0.0 0     0.0 0     0.0 0   -42.8 0   -42.8 0   -11.1 0    86.6 0     3.3 0   338.2 0   961.6 0
 2019  23  1 23  1 10  1.167 108.92    -1.4 0     0.0 0 -9999.9 1     0.2 0   211.4 0   262.5 0   262.4 0   255.5 0   261.6 0   261.6 0     0.0 0     0.0 0     0.0 0   -44.0 0   -44.0 0   -11.1 0    86.6 0     3.4 0   342.5 0   961.6 0
 2019  23  1 23  1 11  1.183 109.10    -1.2 0     0.0 0 -9999.9 1     0.2 0   210.6 0   262.5 0   262.4 0   254.8 0   261.6 0   261.6 0     0.0 0     0.0 0     0.0 0   -44.2 0   -44.2 0   -11.1 0    86.5 0     3.0 0   343.5 0   961.6 0
 2019  23  1 23  1 12  1.200 109.28    -1.2 0     0.0 0 -9999.9 1     0.3 0   211.3 0   262.5 0   262.4 0   255.5 0   261.6 0   261.6 0     0.0 0     0.0 0     0.0 0   -44.2 0   -44.2 0   -11.2 0    86.7 0     4.2 0   338.1 0   961.6 0
 2019  23  1 23  1 13  1.217 109.45    -1.2 0     0.0 0 -9999.9 1     0.1 0   213.4 0   262.4 0   262.4 0   255.4 0   261.5 0   261.6 0     0.0 0     0.0 0     0.0 0   -42.0 0   -42.0 0   -11.2 0    86.6 0     4.3 0   340.0 0   961.6 0
 2019  23  1 23  1 14  1.233 109.63    -1.5 0     0.0 0 -9999.9 1     0.0 0   216.7 0   262.4 0   262.4 0   255.3 0   261.5 0   261.6 0     0.0 0     0.0 0     0.0 0   -38.6 0   -38.6 0   -11.2 0    86.5 0     3.0 0   336.1 0   961.6 0
 2019  23  1 23  1 15  1.250 109.81    -1.6 0     0.0 0 -9999.9 1     0.0 0   219.9 0   262.4 0   262.4 0   255.8 0   261.5 0   261.6 0     0.0 0     0.0 0     0.0 0   -35.8 0   -35.8 0   -11.2 0    86.8 0     3.3 0   337.6 0   961.6 0
 2019  23  1 23  1 16  1.267 109.99    -1.6 0     0.0 0 -9999.9 1     0.1 0   219.9 0   262.4 0   262.4 0   255.4 0   261.5 0   261.6 0     0.0 0     0.0 0     0.0 0   -35.6 0   -35.6 0   -11.2 0    86.5 0     3.0 0   336.2 0   961.6 0
 2019  23  1 23  1 17  1.283 110.17    -1.5 0     0.0 0 -9999.9 1     0.0 0   216.7 0   262.4 0   262.4 0   255.7 0   261.5 0   261.6 0     0.0 0     0.0 0     0.0 0   -39.0 0   -39.0 0   -11.2 0    86.4 0     3.7 0   337.6 0   961.6 0
 2019  23  1 23  1 18  1.300 110.35    -1.3 0     0.0 0 -9999.9 1     0.0 0   215.2 0   262.4 0   262.4 0   255.9 0   261.5 0   261.6 0     0.0 0     0.0 0     0.0 0   -40.6 0   -40.6 0   -11.2 0    86.3 0     3.7 0   345.6 0   961.7 0
 2019  23  1 23  1 19  1.317 110.52    -1.3 0     0.0 0 -9999.9 1     0.0 0   217.9 0   262.4 0   262.4 0   256.6 0   261.5 0   261.6 0     0.0 0     0.0 0     0.0 0   -38.7 0   -38.7 0   -11.2 0    86.3 0     4.9 0   344.6 0   961.7 0
 2019  23  1 23  1 20  1.333 110.70    -1.3 0     0.0 0 -9999.9 1     0.0 0   223.0 0   262.4 0   262.4 0   256.8 0   261.5 0   261.6 0     0.0 0     0.0 0     0.0 0   -33.8 0   -33.8 0   -11.2 0    86.2 0     3.6 0   335.8 0   961.7 0
 2019  23  1 23  1 21  1.350 110.88    -1.2 0     0.0 0 -9999.9 1     0.0 0   227.4 0   262.4 0   262.4 0   257.4 0   261.5 0   261.6 0     0.0 0     0.0 0     0.0 0   -30.1 0   -30.1 0   -11.2 0    86.2 0     4.2 0   344.0 0   961.8 0
 2019  23  1 23  1 22  1.367 111.06    -1.4 0     0.0 0 -9999.9 1     0.0 0   228.8 0   262.4 0   262.4 0   258.1 0   261.5 0   261.6 0     0.0 0     0.0 0     0.0 0   -29.3 0   -29.3 0   -11.2 0    86.0 0     4.8 0   341.7 0   961.8 0
 2019  23  1 23  1 23  1.383 111.24    -1.6 0     0.0 0 -9999.9 1     0.0 0   231.1 0   262.4 0   262.4 0   257.9 0   261.5 0   261.6 0     0.0 0     0.0 0     0.0 0   -26.8 0   -26.8 0   -11.2 0    85.9 0     2.9 0   339.1 0   961.8 0
 2019  23  1 23  1 24  1.400 111.42    -1.6 0     0.0 0 -9999.9 1     0.0 0   237.3 0   262.4 0   262.4 0   258.5 0   261.5 0   261.6 0     0.0 0     0.0 0     0.0 0   -21.3 0   -21.3 0   -11.1 0    85.9 0     3.3 0   339.9 0   961.9 0
 2019  23  1 23  1 25  1.417 111.60    -1.6 0     0.0 0 -9999.9 1     0.0 0   244.3 0   262.4 0   262.4 0   259.2 0   261.5 0   261.6 0     0.0 0     0.0 0     0.0 0   -14.9 0   -14.9 0   -11.2 0    85.9 0     3.0 0   339.5 0   961.9 0
 2019  23  1 23  1 26  1.433 111.78    -1.6 0     0.0 0 -9999.9 1     0.0 0   245.9 0   262.4 0   262.5 0   259.8 0   261.5 0   261.6 0     0.0 0     0.0 0     0.0 0   -13.9 0   -13.9 0   -11.1 0    85.9 0     4.2 0   340.1 0   961.9 0
 2019  23  1 23  1 27  1.450 111.96    -1.6 0     0.0 0 -9999.9 1     0.0 0   244.3 0   262.4 0   262.5 0   260.1 0   261.5 0   261.6 0     0.0 0     0.0 0     0.0 0   -15.8 0   -15.8 0   -11.1 0    86.0 0     2.8 0   333.1 0   962.0 0
 2019  23  1 23  1 28  1.467 112.14    -1.6 0     0.0 0 -9999.9 1     0.0 0   243.9 0   262.4 0   262.5 0   260.1 0   261.5 0   261.6 0     0.0 0     0.0 0     0.0 0   -16.3 0   -16.3 0   -11.1 0    86.0 0     3.0 0   342.5 0   962.0 0
 2019  23  1 23  1 29  1.483 112.32    -1.5 0     0.0 0 -9999.9 1     0.0 0   245.6 0   262.4 0   262.5 0   260.3 0   261.5 0   261.6 0     0.0 0     0.0 0     0.0 0   -14.8 0   -14.8 0   -11.1 0    85.9 0     4.3 0   333.3 0   962.0 0
 2019  23  1 23  1 30  1.500 112.50    -1.6 0     0.0 0 -9999.9 1     0.0 0   247.2 0   262.4 0   262.5 0   260.6 0   261.5 0   261.6 0     0.0 0     0.0 0     0.0 0   -13.4 0   -13.4 0   -11.1 0    85.8 0     3.1 0   340.1 0   962.0 0
 2019  23  1 23  1 31  1.517 112.68    -1.6 0     0.0 0 -9999.9 1     0.0 0   247.2 0   262.4 0   262.5 0   261.2 0   261.5 0   261.6 0     0.0 0     0.0 0     0.0 0   -13.9 0   -13.9 0   -11.1 0    85.8 0     3.5 0   337.5 0   962.0 0
 2019  23  1 23  1 32  1.533 112.86    -1.6 0     0.0 0 -9999.9 1     0.0 0   247.6 0   262.5 0   262.5 0   261.2 0   261.5 0   261.6 0     0.0 0     0.0 0     0.0 0   -13.6 0   -13.6 0   -11.1 0    86.1 0     2.4 0   340.2 0   962.0 0
 2019  23  1 23  1 33  1.550 113.04    -1.6 0     0.0 0 -9999.9 1     0.0 0   248.4 0   262.5 0   262.6 0   261.7 0   261.6 0   261.6 0     0.0 0     0.0 0     0.0 0   -13.3 0   -13.3 0   -11.1 0    86.0 0     4.6 0   336.7 0   962.1 0
 2019  23  1 23  1 34  1.567 113.21    -1.6 0     0.0 0 -9999.9 1     0.0 0   250.0 0   262.5 0   262.6 0   262.1 0   261.6 0   261.7 0     0.0 0     0.0 0     0.0 0   -12.1 0   -12.1 0   -11.0 0    85.6 0     3.7 0   339.4 0   962.1 0
 2019  23  1 23  1 35  1.583 113.39    -1.6 0     0.0 0 -9999.9 1     0.0 0   251.9 0   262.5 0   262.6 0   262.1 0   261.6 0   261.7 0     0.0 0     0.0 0     0.0 0   -10.2 0   -10.2 0   -11.0 0    85.6 0     3.7 0   334.8 0   962.1 0
 2019  23  1 23  1 36  1.600 113.57    -1.6 0     0.0 0 -9999.9 1     0.0 0   253.8 0   262.5 0   262.6 0   262.7 0   261.6 0   261.7 0     0.0 0     0.0 0     0.0 0    -9.0 0    -9.0 0   -11.0 0    85.6 0     3.4 0   339.1 0   962.1 0
 2019  23  1 23  1 37  1.617 113.75    -1.6 0     0.0 0 -9999.9 1     0.0 0   255.2 0   262.5 0   262.6 0   262.9 0   261.6 0   261.7 0     0.0 0     0.0 0     0.0 0    -7.7 0    -7.7 0   -11.0 0    85.6 0     3.1 0   336.6 0   962.1 0
 2019  23  1 23  1 38  1.633 113.93    -1.6 0     0.0 0 -9999.9 1     0.0 0   256.1 0   262.6 0   262.7 0   263.4 0   261.6 0   261.7 0     0.0 0     0.0 0     0.0 0    -7.2 0    -7.2 0   -11.0 0    85.6 0     3.6 0   336.8 0   962.1 0
 2019  23  1 23  1 39  1.650 114.11    -1.6 0     0.0 0 -9999.9 1     0.0 0   256.9 0   262.6 0   262.7 0   263.3 0   261.6 0   261.7 0     0.0 0     0.0 0     0.0 0    -6.3 0    -6.3 0   -11.0 0    85.6 0     3.4 0   341.8 0   962.1 0
 2019  23  1 23  1 40  1.667 114.29    -1.6 0     0.0 0 -9999.9 1     0.0 0   257.8 0   262.6 0   262.7 0   263.7 0   261.6 0   261.7 0     0.0 0     0.0 0     0.0 0    -5.9 0    -5.9 0   -10.9 0    85.6 0     3.7 0   333.6 0   962.1 0
 2019  23  1 23  1 41  1.683 114.47    -1.6 0     0.0 0 -9999.9 1     0.0 0   258.4 0   262.6 0   262.7 0   264.0 0   261.7 0   261.8 0     0.0 0     0.0 0     0.0 0    -5.6 0    -5.6 0   -10.9 0    85.6 0     4.0 0   342.9 0   962.1 0
 2019  23  1 23  1 42  1.700 114.65    -1.6 0     0.0 0 -9999.9 1     0.0 0   258.8 0   262.6 0   262.8 0   264.2 0   261.7 0   261.8 0     0.0 0     0.0 0     0.0 0    -5.4 0    -5.4 0   -10.9 0    85.5 0     4.5 0   336.7 0   962.1 0
 2019  23  1 23  1 43  1.717 114.83    -1.6 0     0.0 0 -9999.9 1     0.0 0   258.8 0   262.7 0   262.8 0   264.2 0   261.7 0   261.8 0     0.0 0     0.0 0     0.0 0    -5.4 0    -5.4 0   -10.9 0    85.4 0     3.9 0   341.2 0   962.1 0
 2019  23  1 23  1 44  1.733 115.01    -1.6 0     0.0 0 -9999.9 1     0.0 0   258.9 0   262.7 0   262.8 0   264.3 0   261.7 0   261.8 0     0.0 0     0.0 0     0.0 0    -5.4 0    -5.4 0   -10.9 0    85.7 0     3.7 0   342.5 0   962.1 0
 2019  23  1 23  1 45  1.750 115.19    -1.6 0     0.0 0 -9999.9 1     0.0 0   259.1 0   262.7 0   262.8 0   264.6 0   261.7 0   261.8 0     0.0 0     0.0 0     0.0 0    -5.5 0    -5.5 0   -10.9 0    85.5 0     4.4 0   336.1 0   962.1 0
 2019  23  1 23  1 46  1.767 115.37    -1.6 0     0.0 0 -9999.9 1     0.0 0   259.5 0   262.7 0   262.8 0   264.4 0   261.7 0   261.9 0     0.0 0     0.0 0     0.0 0    -5.0 0    -5.0 0   -10.9 0    85.3 0     4.0 0   345.4 0   962.2 0
 2019  23  1 23  1 47  1.783 115.56    -1.6 0     0.0 0 -9999.9 1     0.0 0   260.0 0   262.7 0   262.9 0   264.8 0   261.8 0   261.9 0     0.0 0     0.0 0     0.0 0    -4.9 0    -4.9 0   -10.9 0    85.7 0     2.8 0   334.3 0   962.2 0
 2019  23  1 23  1 48  1.800 115.74    -1.6 0     0.0 0 -9999.9 1     0.0 0   260.4 0   262.8 0   262.9 0   264.7 0   261.8 0   261.9 0     0.0 0     0.0 0     0.0 0    -4.2 0    -4.2 0   -10.8 0    86.0 0     2.3 0   340.5 0   962.2 0
 2019  23  1 23  1 49  1.817 115.92    -1.6 0     0.0 0 -9999.9 1     0.0 0   260.5 0   262.8 0   262.9 0   265.2 0   261.8 0   261.9 0     0.0 0     0.0 0     0.0 0    -4.7 0    -4.7 0   -10.8 0    85.9 0     4.0 0   338.0 0   962.2 0
 2019  23  1 23  1 50  1.833 116.10    -1.5 0     0.0 0 -9999.9 1     0.0 0   260.7 0   262.8 0   262.9 0   264.9 0   261.8 0   261.9 0     0.0 0     0.0 0     0.0 0    -4.2 0    -4.2 0   -10.8 0    85.8 0     3.0 0   339.4 0   962.2 0
 2019  23  1 23  1 51  1.850 116.28    -1.6 0     0.0 0 -9999.9 1     0.0 0   260.7 0   262.8 0   262.9 0   265.3 0   261.8 0   261.9 0     0.0 0     0.0 0     0.0 0    -4.5 0    -4.5 0   -10.8 0    86.0 0     2.6 0   336.6 0   962.3 0
 2019  23  1 23  1 52  1.867 116.46    -1.5 0     0.0 0 -9999.9 1     0.0 0   260.8 0   262.8 0   262.9 0   265.3 0   261.8 0   261.9 0     0.0 0     0.0 0     0.0 0    -4.5 0    -4.5 0   -10.8 0    86.0 0     2.7 0   339.0 0   962.3 0
 2019  23  1 23  1 53  1.883 116.64    -1.4 0     0.0 0 -9999.9 1     0.0 0   260.9 0   262.9 0   263.0 0   265.3 0   261.8 0   261.9 0     0.0 0     0.0 0     0.0 0    -4.4 0    -4.4 0   -10.8 0    86.1 0     2.8 0   340.1 0   962.3 0
 2019  23  1 23  1 54  1.900 116.82    -1.2 0     0.0 0 -9999.9 1     0.0 0   261.1 0   262.9 0   263.0 0   265.6 0   261.9 0   261.9 0     0.0 0     0.0 0     0.0 0    -4.4 0    -4.4 0   -10.8 0    86.1 0     3.4 0   333.5 0   962.3 0
 2019  23  1 23  1 55  1.917 117.00    -1.2 0     0.0 0 -9999.9 1     0.0 0   261.3 0   262.9 0   263.0 0   265.3 0   261.9 0   262.0 0     0.0 0     0.0 0     0.0 0    -4.0 0    -4.0 0   -10.8 0    85.9 0     4.1 0   337.1 0   962.3 0
 2019  23  1 23  1 56  1.933 117.18    -1.2 0     0.0 0 -9999.9 1     0.0 0   261.4 0   262.9 0   263.0 0   265.6 0   261.9 0   262.0 0     0.0 0     0.0 0     0.0 0    -4.2 0    -4.2 0   -10.8 0    85.8 0     3.8 0   341.5 0   962.3 0
 2019  23  1 23  1 57  1.950 117.36    -1.2 0     0.0 0 -9999.9 1     0.0 0   261.7 0   262.9 0   263.0 0   265.8 0   261.9 0   262.0 0     0.0 0     0.0 0     0.0 0    -4.1 0    -4.1 0   -10.8 0    86.0 0     3.7 0   335.6 0   962.3 0
 2019  23  1 23  1 58  1.967 117.54    -1.2 0     0.0 0 -9999.9 1     0.0 0   261.7 0   262.9 0   263.0 0   265.8 0   261.9 0   262.0 0     0.0 0     0.0 0     0.0 0    -4.1 0    -4.1 0   -10.8 0    86.1 0     3.0 0   338.6 0   962.3 0
 2019  23  1 23  1 59  1.983 117.72    -1.2 0     0.0 0 -9999.9 1     0.0 0   261.7 0   262.9 0   263.0 0   266.0 0   261.9 0   262.0 0     0.0 0     0.0 0     0.0 0    -4.3 0    -4.3 0   -10.7 0    86.2 0     3.1 0   332.4 0   962.3 0
 2019  23  1 23  2  0  2.000 117.90    -1.2 0     0.0 0 -9999.9 1     0.0 0   261.5 0   263.0 0   263.1 0   265.6 0   261.9 0   262.0 0     0.0 0     0.0 0     0.0 0    -4.1 0    -4.1 0   -10.7 0    86.5 0     2.6 0   337.5 0   962.3 0
 2019  23  1 23  2  1  2.017 118.08    -1.2 0     0.0 0 -9999.9 1     0.0 0   261.9 0   263.0 0   263.1 0   265.9 0   261.9 0   262.0 0     0.0 0     0.0 0     0.0 0    -4.1 0    -4.1 0   -10.7 0    86.3 0     3.1 0   341.6 0   962.4 0
 2019  23  1 23  2  2  2.033 118.26    -1.2 0     0.0 0 -9999.9 1     0.0 0   261.8 0   263.0 0   263.1 0   266.0 0   261.9 0   262.0 0     0.0 0     0.0 0     0.0 0    -4.1 0    -4.1 0   -10.7 0    86.3 0     3.2 0   343.4 0   962.4 0
 2019  23  1 23  2  3  2.050 118.44    -1.2 0     0.0 0 -9999.9 1     0.0 0   262.1 0   263.0 0   263.1 0   266.1 0   262.0 0   262.0 0     0.0 0     0.0 0     0.0 0    -4.0 0    -4.0 0   -10.7 0    86.2 0     3.4 0   332.2 0   962.4 0
 2019  23  1 23  2  4  2.067 118.62    -1.2 0     0.0 0 -9999.9 1     0.0 0   262.1 0   263.0 0   263.1 0   266.2 0   262.0 0   262.1 0     0.0 0     0.0 0     0.0 0    -4.1 0    -4.1 0   -10.7 0    86.5 0     3.5 0   329.1 0   962.4 0
 2019  23  1 23  2  5  2.083 118.80    -1.2 0     0.0 0 -9999.9 1     0.0 0   262.4 0   263.0 0   263.1 0   265.9 0   262.0 0   262.1 0     0.0 0     0.0 0     0.0 0    -3.6 0    -3.6 0   -10.7 0    86.3 0     3.6 0   344.6 0   962.4 0
 2019  23  1 23  2  6  2.100 118.98    -1.2 0     0.0 0 -9999.9 1     0.0 0   262.2 0   263.0 0   263.1 0   266.2 0   262.0 0   262.1 0     0.0 0     0.0 0     0.0 0    -4.0 0    -4.0 0   -10.7 0    86.2 0     3.5 0   334.5 0   962.5 0
 2019  23  1 23  2  7  2.117 119.16    -1.2 0     0.0 0 -9999.9 1     0.0 0   262.6 0   263.0 0   263.1 0   266.4 0   262.0 0   262.1 0     0.0 0     0.0 0     0.0 0    -3.8 0    -3.8 0   -10.7 0    86.0 0     4.1 0   337.0 0   962.5 0
 2019  23  1 23  2  8  2.133 119.34    -1.2 0     0.0 0 -9999.9 1     0.0 0   262.6 0   263.1 0   263.1 0   266.5 0   262.0 0   262.1 0     0.0 0     0.0 0     0.0 0    -3.9 0    -3.9 0   -10.7 0    86.1 0     3.4 0   340.0 0   962.5 0
 2019  23  1 23  2  9  2.150 119.52    -1.2 0     0.0 0 -9999.9 1     0.0 0   262.7 0   263.1 0   263.2 0   266.5 0   262.0 0   262.1 0     0.0 0     0.0 0     0.0 0    -3.8 0    -3.8 0   -10.6 0    86.1 0     3.2 0   330.1 0   962.5 0
 2019  23  1 23  2 10  2.167 119.70    -1.2 0     0.0 0 -9999.9 1     0.0 0   262.8 0   263.1 0   263.2 0   266.5 0   262.0 0   262.1 0     0.0 0     0.0 0     0.0 0    -3.7 0    -3.7 0   -10.6 0    86.3 0     3.0 0   334.9 0   962.6 0
 2019  23  1 23  2 11  2.183 119.89    -1.2 0     0.0 0 -9999.9 1     0.0 0   262.8 0   263.1 0   263.2 0   266.8 0   262.0 0   262.1 0     0.0 0     0.0 0     0.0 0    -4.0 0    -4.0 0   -10.6 0    86.3 0     3.2 0   347.5 0   962.6 0
 2019  23  1 23  2 12  2.200 120.07    -1.2 0     0.0 0 -9999.9 1     0.0 0   262.9 0   263.1 0   263.2 0   266.6 0   262.0 0   262.1 0     0.0 0     0.0 0     0.0 0    -3.7 0    -3.7 0   -10.6 0    85.9 0     3.9 0   349.1 0   962.6 0
 2019  23  1 23  2 13  2.217 120.25    -1.2 0     0.0 0 -9999.9 1     0.0 0   263.0 0   263.1 0   263.2 0   266.9 0   262.1 0   262.1 0     0.0 0     0.0 0     0.0 0    -3.9 0    -3.9 0   -10.6 0    86.0 0     3.1 0   348.3 0   962.6 0
 2019  23  1 23  2 14  2.233 120.43    -1.2 0     0.0 0 -9999.9 1     0.0 0   263.1 0   263.1 0   263.2 0   266.6 0   262.1 0   262.2 0     0.0 0     0.0 0     0.0 0    -3.6 0    -3.6 0   -10.6 0    86.0 0     3.1 0   332.3 0   962.6 0
 2019  23  1 23  2 15  2.250 120.61    -1.2 0     0.0 0 -9999.9 1     0.0 0   262.8 0   263.1 0   263.3 0   266.5 0   262.1 0   262.2 0     0.0 0     0.0 0     0.0 0    -3.6 0    -3.6 0   -10.6 0    86.2 0     2.0 0   341.6 0   962.6 0
 2019  23  1 23  2 16  2.267 120.79    -1.2 0     0.0 0 -9999.9 1     0.0 0   263.2 0   263.2 0   263.3 0   266.7 0   262.1 0   262.2 0     0.0 0     0.0 0     0.0 0    -3.4 0    -3.4 0   -10.6 0    86.3 0     1.8 0   337.7 0   962.7 0
 2019  23  1 23  2 17  2.283 120.97    -1.2 0     0.0 0 -9999.9 1     0.0 0   263.1 0   263.2 0   263.3 0   266.9 0   262.1 0   262.2 0     0.0 0     0.0 0     0.0 0    -3.8 0    -3.8 0   -10.6 0    86.3 0     2.3 0   337.5 0   962.7 0
 2019  23  1 23  2 18  2.300 121.15    -1.2 0     0.0 0 -9999.9 1     0.0 0   263.1 0   263.2 0   263.3 0   266.9 0   262.1 0   262.2 0     0.0 0     0.0 0     0.0 0    -3.7 0    -3.7 0   -10.6 0    86.0 0     3.1 0   336.1 0   962.7 0
 2019  23  1 23  2 19  2.317 121.33    -1.2 0     0.0 0 -9999.9 1     0.0 0   263.0 0   263.2 0   263.3 0   267.0 0   262.1 0   262.2 0     0.0 0     0.0 0     0.0 0    -4.0 0    -4.0 0   -10.6 0    85.9 0     2.8 0   336.7 0   962.7 0
 2019  23  1 23  2 20  2.333 121.51    -1.2 0     0.0 0 -9999.9 1     0.0 0   263.1 0   263.2 0   263.3 0   267.1 0   262.1 0   262.2 0     0.0 0     0.0 0     0.0 0    -3.9 0    -3.9 0   -10.5 0    85.9 0     2.5 0   337.4 0   962.7 0
 2019  23  1 23  2 21  2.350 121.69    -1.2 0     0.0 0 -9999.9 1     0.0 0   263.2 0   263.2 0   263.3 0   266.8 0   262.1 0   262.2 0     0.0 0     0.0 0     0.0 0    -3.6 0    -3.6 0   -10.5 0    85.9 0     2.9 0   337.6 0   962.7 0
 2019  23  1 23  2 22  2.367 121.87    -1.2 0     0.0 0 -9999.9 1     0.0 0   263.4 0   263.3 0   263.3 0   266.9 0   262.1 0   262.2 0     0.0 0     0.0 0     0.0 0    -3.5 0    -3.5 0   -10.5 0    86.0 0     3.0 0   330.6 0   962.7 0
 2019  23  1 23  2 23  2.383 122.05    -1.2 0     0.0 0 -9999.9 1     0.0 0   263.3 0   263.3 0   263.3 0   267.2 0   262.1 0   262.2 0     0.0 0     0.0 0     0.0 0    -3.9 0    -3.9 0   -10.5 0    86.5 0     3.5 0   329.2 0   962.7 0
 2019  23  1 23  2 24  2.400 122.23    -1.2 0     0.0 0 -9999.9 1     0.0 0   263.1 0   263.3 0   263.4 0   267.2 0   262.2 0   262.3 0     0.0 0     0.0 0     0.0 0    -4.1 0    -4.1 0   -10.5 0    86.1 0     2.9 0   339.7 0   962.7 0
 2019  23  1 23  2 25  2.417 122.41    -1.2 0     0.0 0 -9999.9 1     0.0 0   263.1 0   263.3 0   263.3 0   267.3 0   262.2 0   262.3 0     0.0 0     0.0 0     0.0 0    -4.1 0    -4.1 0   -10.5 0    85.9 0     3.4 0   342.7 0   962.7 0
 2019  23  1 23  2 26  2.433 122.59    -1.2 0     0.0 0 -9999.9 1     0.0 0   263.3 0   263.3 0   263.4 0   267.2 0   262.2 0   262.3 0     0.0 0     0.0 0     0.0 0    -3.9 0    -3.9 0   -10.5 0    85.8 0     2.9 0   340.9 0   962.7 0
 2019  23  1 23  2 27  2.450 122.77    -1.2 0     0.0 0 -9999.9 1     0.0 0   263.3 0   263.3 0   263.4 0   266.8 0   262.2 0   262.3 0     0.0 0     0.0 0     0.0 0    -3.5 0    -3.5 0   -10.5 0    85.9 0     3.1 0   343.0 0   962.7 0
 2019  23  1 23  2 28  2.467 122.95    -1.2 0     0.0 0 -9999.9 1     0.0 0   263.6 0   263.3 0   263.4 0   267.0 0   262.2 0   262.3 0     0.0 0     0.0 0     0.0 0    -3.4 0    -3.4 0   -10.5 0    86.2 0     2.8 0   342.0 0   962.7 0
 2019  23  1 23  2 29  2.483 123.13    -1.2 0     0.0 0 -9999.9 1     0.0 0   263.6 0   263.3 0   263.4 0   267.3 0   262.2 0   262.3 0     0.0 0     0.0 0     0.0 0    -3.8 0    -3.8 0   -10.5 0    86.2 0     3.1 0   344.0 0   962.7 0
 2019  23  1 23  2 30  2.500 123.31    -1.2 0     0.0 0 -9999.9 1     0.0 0   263.4 0   263.3 0   263.4 0   267.3 0   262.2 0   262.3 0     0.0 0     0.0 0     0.0 0    -3.9 0    -3.9 0   -10.5 0    86.1 0     2.7 0   342.0 0   962.7 0
 2019  23  1 23  2 31  2.517 123.49    -1.2 0     0.0 0 -9999.9 1     0.0 0   263.6 0   263.3 0   263.4 0   267.2 0   262.2 0   262.3 0     0.0 0     0.0 0     0.0 0    -3.7 0    -3.7 0   -10.5 0    86.1 0     3.8 0   337.0 0   962.7 0
 2019  23  1 23  2 32  2.533 123.67    -1.2 0     0.0 0 -9999.9 1     0.0 0   263.6 0   263.3 0   263.4 0   267.5 0   262.2 0   262.3 0     0.0 0     0.0 0     0.0 0    -3.9 0    -3.9 0   -10.5 0    85.8 0     3.5 0   337.3 0   962.7 0
 2019  23  1 23  2 33  2.550 123.85    -1.2 0     0.0 0 -9999.9 1     0.0 0   263.5 0   263.3 0   263.4 0   267.5 0   262.2 0   262.3 0     0.0 0     0.0 0     0.0 0    -4.0 0    -4.0 0   -10.5 0    85.9 0     3.3 0   340.7 0   962.7 0
 2019  23  1 23  2 34  2.567 124.03    -1.2 0     0.0 0 -9999.9 1     0.0 0   263.6 0   263.3 0   263.4 0   267.3 0   262.2 0   262.3 0     0.0 0     0.0 0     0.0 0    -3.7 0    -3.7 0   -10.5 0    86.1 0     3.2 0   333.3 0   962.7 0
 2019  23  1 23  2 35  2.583 124.21    -1.2 0     0.0 0 -9999.9 1     0.0 0   263.8 0   263.4 0   263.4 0   267.3 0   262.3 0   262.3 0     0.0 0     0.0 0     0.0 0    -3.5 0    -3.5 0   -10.5 0    85.9 0     3.9 0   341.3 0   962.7 0
 2019  23  1 23  2 36  2.600 124.39    -1.2 0     0.0 0 -9999.9 1     0.0 0   263.7 0   263.4 0   263.4 0   267.6 0   262.3 0   262.3 0     0.0 0     0.0 0     0.0 0    -3.9 0    -3.9 0   -10.5 0    86.1 0     2.8 0   336.5 0   962.7 0
 2019  23  1 23  2 37  2.617 124.57    -1.2 0     0.0 0 -9999.9 1     0.0 0   263.6 0   263.4 0   263.4 0   267.6 0   262.3 0   262.3 0     0.0 0     0.0 0     0.0 0    -4.1 0    -4.1 0   -10.4 0    86.5 0     2.6 0   337.2 0   962.7 0
 2019  23  1 23  2 38  2.633 124.75    -1.2 0     0.0 0 -9999.9 1     0.0 0   263.4 0   263.4 0   263.4 0   267.7 0   262.3 0   262.4 0     0.0 0     0.0 0     0.0 0    -4.3 0    -4.3 0   -10.4 0    86.5 0     3.2 0   328.0 0   962.7 0
 2019  23  1 23  2 39  2.650 124.93    -1.2 0     0.0 0 -9999.9 1     0.0 0   263.4 0   263.4 0   263.5 0   267.7 0   262.3 0   262.4 0     0.0 0     0.0 0     0.0 0    -4.3 0    -4.3 0   -10.4 0    86.1 0     3.9 0   342.2 0   962.7 0
 2019  23  1 23  2 40  2.667 125.11    -1.2 0     0.0 0 -9999.9 1     0.0 0   263.5 0   263.4 0   263.5 0   267.5 0   262.3 0   262.4 0     0.0 0     0.0 0     0.0 0    -4.0 0    -4.0 0   -10.4 0    86.1 0     2.7 0   334.6 0   962.7 0
 2019  23  1 23  2 41  2.683 125.29    -1.2 0     0.0 0 -9999.9 1     0.0 0   263.7 0   263.4 0   263.5 0   267.4 0   262.3 0   262.4 0     0.0 0     0.0 0     0.0 0    -3.7 0    -3.7 0   -10.4 0    86.7 0     2.8 0   334.1 0   962.7 0
 2019  23  1 23  2 42  2.700 125.47    -1.2 0     0.0 0 -9999.9 1     0.0 0   263.8 0   263.4 0   263.5 0   267.4 0   262.3 0   262.4 0     0.0 0     0.0 0     0.0 0    -3.6 0    -3.6 0   -10.4 0    86.4 0     3.3 0   338.6 0   962.7 0
 2019  23  1 23  2 43  2.717 125.65    -1.2 0     0.0 0 -9999.9 1     0.0 0   264.0 0   263.4 0   263.5 0   267.8 0   262.3 0   262.4 0     0.0 0     0.0 0     0.0 0    -3.8 0    -3.8 0   -10.4 0    86.3 0     2.5 0   340.4 0   962.7 0
 2019  23  1 23  2 44  2.733 125.83    -1.2 0     0.0 0 -9999.9 1     0.0 0   263.9 0   263.4 0   263.5 0   267.7 0   262.3 0   262.4 0     0.0 0     0.0 0     0.0 0    -3.9 0    -3.9 0   -10.4 0    86.1 0     3.5 0   333.2 0   962.7 0
 2019  23  1 23  2 45  2.750 126.01    -1.2 0     0.0 0 -9999.9 1     0.0 0   263.6 0   263.4 0   263.5 0   267.7 0   262.3 0   262.4 0     0.0 0     0.0 0     0.0 0    -4.1 0    -4.1 0   -10.4 0    86.3 0     4.1 0   331.6 0   962.7 0
 2019  23  1 23  2 46  2.767 126.18    -1.2 0     0.0 0 -9999.9 1     0.0 0   263.5 0   263.4 0   263.5 0   267.8 0   262.3 0   262.4 0     0.0 0     0.0 0     0.0 0    -4.4 0    -4.4 0   -10.4 0    86.0 0     4.2 0   338.4 0   962.7 0
 2019  23  1 23  2 47  2.783 126.36    -1.2 0     0.0 0 -9999.9 1     0.0 0   263.4 0   263.4 0   263.5 0   267.7 0   262.3 0   262.4 0     0.0 0     0.0 0     0.0 0    -4.3 0    -4.3 0   -10.4 0    86.0 0     3.4 0   337.4 0   962.7 0
 2019  23  1 23  2 48  2.800 126.54    -1.2 0     0.0 0 -9999.9 1     0.0 0   263.7 0   263.4 0   263.5 0   267.7 0   262.3 0   262.4 0     0.0 0     0.0 0     0.0 0    -4.1 0    -4.1 0   -10.4 0    86.0 0     3.9 0   338.1 0   962.7 0
 2019  23  1 23  2 49  2.817 126.72    -1.2 0     0.0 0 -9999.9 1     0.0 0   263.8 0   263.4 0   263.5 0   267.6 0   262.3 0   262.4 0     0.0 0     0.0 0     0.0 0    -3.9 0    -3.9 0   -10.4 0    86.0 0     3.4 0   338.1 0   962.7 0
 2019  23  1 23  2 50  2.833 126.90    -1.2 0     0.0 0 -9999.9 1     0.0 0   263.8 0   263.4 0   263.5 0   267.3 0   262.3 0   262.4 0     0.0 0     0.0 0     0.0 0    -3.5 0    -3.5 0   -10.4 0    86.0 0     3.1 0   346.4 0   962.7 0
 2019  23  1 23  2 51  2.850 127.08    -1.2 0     0.0 0 -9999.9 1     0.0 0   263.7 0   263.4 0   263.5 0   267.6 0   262.4 0   262.4 0     0.0 0     0.0 0     0.0 0    -4.0 0    -4.0 0   -10.4 0    86.3 0     2.6 0   337.1 0   962.7 0
 2019  23  1 23  2 52  2.867 127.26    -1.2 0     0.0 0 -9999.9 1     0.0 0   263.6 0   263.4 0   263.5 0   267.8 0   262.4 0   262.4 0     0.0 0     0.0 0     0.0 0    -4.2 0    -4.2 0   -10.4 0    86.2 0     3.1 0   344.2 0   962.7 0
 2019  23  1 23  2 53  2.883 127.44    -1.2 0     0.0 0 -9999.9 1     0.0 0   263.7 0   263.4 0   263.5 0   267.7 0   262.4 0   262.4 0     0.0 0     0.0 0     0.0 0    -4.0 0    -4.0 0   -10.4 0    86.1 0     3.5 0   341.6 0   962.7 0
 2019  23  1 23  2 54  2.900 127.61    -1.2 0     0.0 0 -9999.9 1     0.0 0   263.9 0   263.5 0   263.5 0   267.7 0   262.4 0   262.4 0     0.0 0     0.0 0     0.0 0    -3.8 0    -3.8 0   -10.4 0    86.0 0     4.2 0   339.8 0   962.7 0
 2019  23  1 23  2 55  2.917 127.79    -1.2 0     0.0 0 -9999.9 1     0.0 0   263.9 0   263.5 0   263.5 0   267.7 0   262.4 0   262.5 0     0.0 0     0.0 0     0.0 0    -3.8 0    -3.8 0   -10.4 0    85.7 0     3.6 0   342.1 0   962.7 0
 2019  23  1 23  2 56  2.933 127.97    -1.2 0     0.0 0 -9999.9 1     0.0 0   263.7 0   263.5 0   263.5 0   268.0 0   262.4 0   262.5 0     0.0 0     0.0 0     0.0 0    -4.3 0    -4.3 0   -10.4 0    85.9 0     3.2 0   343.7 0   962.7 0
 2019  23  1 23  2 57  2.950 128.15    -1.2 0     0.0 0 -9999.9 1     0.0 0   263.7 0   263.5 0   263.5 0   267.9 0   262.4 0   262.5 0     0.0 0     0.0 0     0.0 0    -4.1 0    -4.1 0   -10.4 0    86.2 0     2.8 0   341.4 0   962.7 0
 2019  23  1 23  2 58  2.967 128.33    -1.2 0     0.0 0 -9999.9 1     0.0 0   263.6 0   263.5 0   263.5 0   267.9 0   262.4 0   262.5 0     0.0 0     0.0 0     0.0 0    -4.3 0    -4.3 0   -10.4 0    86.3 0     2.7 0   341.0 0   962.6 0
 2019  23  1 23  2 59  2.983 128.50    -1.2 0     0.0 0 -9999.9 1     0.0 0   263.4 0   263.5 0   263.5 0   267.8 0   262.4 0   262.5 0     0.0 0     0.0 0     0.0 0    -4.4 0    -4.4 0   -10.4 0    86.2 0     3.4 0   336.3 0   962.6 0
 2019  23  1 23  3  0  3.000 128.68    -1.2 0     0.0 0 -9999.9 1     0.0 0   263.4 0   263.5 0   263.5 0   267.8 0   262.4 0   262.5 0     0.0 0     0.0 0     0.0 0    -4.4 0    -4.4 0   -10.4 0    86.0 0     3.8 0   345.4 0   962.6 0
 2019  23  1 23  3  1  3.017 128.86    -1.2 0     0.0 0 -9999.9 1     0.0 0   263.3 0   263.5 0   263.5 0   267.8 0   262.4 0   262.5 0     0.0 0     0.0 0     0.0 0    -4.5 0    -4.5 0   -10.4 0    86.1 0     2.9 0   337.2 0   962.6 0
 2019  23  1 23  3  2  3.033 129.04    -1.2 0     0.0 0 -9999.9 1     0.0 0   263.2 0   263.5 0   263.5 0   267.4 0   262.4 0   262.5 0     0.0 0     0.0 0     0.0 0    -4.2 0    -4.2 0   -10.4 0    86.2 0     3.6 0   346.7 0   962.6 0
 2019  23  1 23  3  3  3.050 129.22    -1.2 0     0.0 0 -9999.9 1     0.0 0   263.1 0   263.5 0   263.5 0   267.3 0   262.4 0   262.5 0     0.0 0     0.0 0     0.0 0    -4.2 0    -4.2 0   -10.4 0    85.8 0     3.8 0   347.7 0   962.5 0
 2019  23  1 23  3  4  3.067 129.39    -1.2 0     0.0 0 -9999.9 1     0.0 0   262.9 0   263.5 0   263.5 0   267.3 0   262.4 0   262.5 0     0.0 0     0.0 0     0.0 0    -4.4 0    -4.4 0   -10.4 0    86.0 0     3.4 0   343.9 0   962.6 0
 2019  23  1 23  3  5  3.083 129.57    -1.2 0     0.0 0 -9999.9 1     0.0 0   262.9 0   263.5 0   263.5 0   267.5 0   262.4 0   262.5 0     0.0 0     0.0 0     0.0 0    -4.6 0    -4.6 0   -10.4 0    86.1 0     3.8 0   338.8 0   962.6 0
 2019  23  1 23  3  6  3.100 129.75    -1.2 0     0.0 0 -9999.9 1     0.0 0   262.9 0   263.5 0   263.5 0   267.8 0   262.4 0   262.5 0     0.0 0     0.0 0     0.0 0    -4.9 0    -4.9 0   -10.4 0    86.2 0     2.9 0   338.4 0   962.5 0
 2019  23  1 23  3  7  3.117 129.92    -1.2 0     0.0 0 -9999.9 1     0.0 0   263.2 0   263.5 0   263.5 0   267.8 0   262.4 0   262.5 0     0.0 0     0.0 0     0.0 0    -4.6 0    -4.6 0   -10.4 0    86.3 0     2.9 0   337.9 0   962.5 0
 2019  23  1 23  3  8  3.133 130.10    -1.2 0     0.0 0 -9999.9 1     0.0 0   263.3 0   263.5 0   263.5 0   267.8 0   262.4 0   262.5 0     0.0 0     0.0 0     0.0 0    -4.6 0    -4.6 0   -10.3 0    86.2 0     3.8 0   342.9 0   962.4 0
 2019  23  1 23  3  9  3.150 130.28    -1.2 0     0.0 0 -9999.9 1     0.0 0   263.1 0   263.5 0   263.5 0   267.8 0   262.4 0   262.5 0     0.0 0     0.0 0     0.0 0    -4.7 0    -4.7 0   -10.4 0    86.1 0     3.0 0   347.9 0   962.4 0
 2019  23  1 23  3 10  3.167 130.45    -1.2 0     0.0 0 -9999.9 1     0.0 0   262.9 0   263.5 0   263.6 0   267.7 0   262.4 0   262.5 0     0.0 0     0.0 0     0.0 0    -4.8 0    -4.8 0   -10.4 0    86.0 0     4.1 0   339.5 0   962.4 0
 2019  23  1 23  3 11  3.183 130.63    -1.2 0     0.0 0 -9999.9 1     0.0 0   262.8 0   263.5 0   263.5 0   267.8 0   262.4 0   262.5 0     0.0 0     0.0 0     0.0 0    -5.1 0    -5.1 0   -10.4 0    85.9 0     4.3 0   343.4 0   962.4 0
 2019  23  1 23  3 12  3.200 130.81    -1.2 0     0.0 0 -9999.9 1     0.0 0   262.6 0   263.5 0   263.5 0   268.1 0   262.4 0   262.5 0     0.0 0     0.0 0     0.0 0    -5.5 0    -5.5 0   -10.4 0    85.8 0     4.3 0   341.0 0   962.4 0
 2019  23  1 23  3 13  3.217 130.98    -1.2 0     0.0 0 -9999.9 1     0.0 0   262.5 0   263.5 0   263.5 0   268.1 0   262.4 0   262.5 0     0.0 0     0.0 0     0.0 0    -5.5 0    -5.5 0   -10.4 0    85.9 0     4.1 0   343.1 0   962.4 0
 2019  23  1 23  3 14  3.233 131.16    -1.2 0     0.0 0 -9999.9 1     0.0 0   262.2 0   263.5 0   263.6 0   267.8 0   262.4 0   262.5 0     0.0 0     0.0 0     0.0 0    -5.6 0    -5.6 0   -10.4 0    86.0 0     4.0 0   339.3 0   962.3 0
 2019  23  1 23  3 15  3.250 131.34    -1.2 0     0.0 0 -9999.9 1     0.0 0   262.1 0   263.5 0   263.5 0   267.7 0   262.5 0   262.5 0     0.0 0     0.0 0     0.0 0    -5.6 0    -5.6 0   -10.4 0    85.8 0     4.2 0   344.8 0   962.3 0
 2019  23  1 23  3 16  3.267 131.51    -1.2 0     0.0 0 -9999.9 1     0.0 0   261.8 0   263.5 0   263.6 0   267.7 0   262.5 0   262.5 0     0.0 0     0.0 0     0.0 0    -5.9 0    -5.9 0   -10.4 0    85.9 0     4.0 0   342.7 0   962.3 0
 2019  23  1 23  3 17  3.283 131.69    -1.2 0     0.0 0 -9999.9 1     0.0 0   261.5 0   263.5 0   263.6 0   267.7 0   262.5 0   262.5 0     0.0 0     0.0 0     0.0 0    -6.2 0    -6.2 0   -10.3 0    86.0 0     3.6 0   334.7 0   962.3 0
 2019  23  1 23  3 18  3.300 131.86    -1.2 0     0.0 0 -9999.9 1     0.0 0   261.0 0   263.5 0   263.6 0   267.7 0   262.5 0   262.5 0     0.0 0     0.0 0     0.0 0    -6.7 0    -6.7 0   -10.3 0    85.9 0     3.9 0   341.6 0   962.3 0
 2019  23  1 23  3 19  3.317 132.04    -1.2 0     0.0 0 -9999.9 1     0.0 0   260.6 0   263.5 0   263.6 0   267.7 0   262.5 0   262.5 0     0.0 0     0.0 0     0.0 0    -7.0 0    -7.0 0   -10.4 0    85.8 0     4.1 0   347.3 0   962.3 0
 2019  23  1 23  3 20  3.333 132.21    -1.2 0     0.0 0 -9999.9 1     0.0 0   260.5 0   263.5 0   263.6 0   267.7 0   262.5 0   262.5 0     0.0 0     0.0 0     0.0 0    -7.2 0    -7.2 0   -10.4 0    85.9 0     4.2 0   342.3 0   962.3 0
 2019  23  1 23  3 21  3.350 132.39    -1.2 0     0.0 0 -9999.9 1     0.0 0   260.4 0   263.5 0   263.6 0   267.6 0   262.5 0   262.5 0     0.0 0     0.0 0     0.0 0    -7.2 0    -7.2 0   -10.4 0    85.9 0     4.0 0   342.5 0   962.3 0
 2019  23  1 23  3 22  3.367 132.56    -1.2 0     0.0 0 -9999.9 1     0.0 0   260.2 0   263.5 0   263.5 0   267.6 0   262.5 0   262.5 0     0.0 0     0.0 0     0.0 0    -7.4 0    -7.4 0   -10.4 0    86.1 0     3.3 0   338.1 0   962.3 0
 2019  23  1 23  3 23  3.383 132.74    -1.2 0     0.0 0 -9999.9 1     0.0 0   259.8 0   263.5 0   263.5 0   267.6 0   262.5 0   262.5 0     0.0 0     0.0 0     0.0 0    -7.8 0    -7.8 0   -10.4 0    85.9 0     4.9 0   339.7 0   962.3 0
 2019  23  1 23  3 24  3.400 132.91    -1.2 0     0.0 0 -9999.9 1     0.0 0   259.8 0   263.5 0   263.5 0   267.7 0   262.5 0   262.5 0     0.0 0     0.0 0     0.0 0    -7.9 0    -7.9 0   -10.4 0    85.9 0     4.4 0   344.4 0   962.3 0
 2019  23  1 23  3 25  3.417 133.09    -1.2 0     0.0 0 -9999.9 1     0.0 0   259.8 0   263.5 0   263.5 0   267.8 0   262.5 0   262.5 0     0.0 0     0.0 0     0.0 0    -8.0 0    -8.0 0   -10.3 0    86.1 0     3.1 0   341.2 0   962.3 0
 2019  23  1 23  3 26  3.433 133.26    -1.2 0     0.0 0 -9999.9 1     0.0 0   259.6 0   263.5 0   263.5 0   267.8 0   262.5 0   262.5 0     0.0 0     0.0 0     0.0 0    -8.2 0    -8.2 0   -10.3 0    86.2 0     3.7 0   334.8 0   962.3 0
 2019  23  1 23  3 27  3.450 133.43    -1.2 0     0.0 0 -9999.9 1     0.0 0   259.5 0   263.5 0   263.5 0   267.7 0   262.5 0   262.5 0     0.0 0     0.0 0     0.0 0    -8.2 0    -8.2 0   -10.4 0    86.1 0     3.1 0   346.7 0   962.3 0
 2019  23  1 23  3 28  3.467 133.61    -1.2 0     0.0 0 -9999.9 1     0.0 0   259.5 0   263.5 0   263.5 0   267.7 0   262.5 0   262.5 0     0.0 0     0.0 0     0.0 0    -8.2 0    -8.2 0   -10.3 0    86.5 0     2.4 0   337.9 0   962.3 0
 2019  23  1 23  3 29  3.483 133.78    -1.2 0     0.0 0 -9999.9 1     0.0 0   259.6 0   263.5 0   263.5 0   267.7 0   262.5 0   262.5 0     0.0 0     0.0 0     0.0 0    -8.0 0    -8.0 0   -10.3 0    86.5 0     2.9 0   338.1 0   962.3 0
 2019  23  1 23  3 30  3.500 133.96    -1.2 0     0.0 0 -9999.9 1     0.0 0   259.8 0   263.5 0   263.5 0   267.7 0   262.5 0   262.5 0     0.0 0     0.0 0     0.0 0    -7.9 0    -7.9 0   -10.4 0    86.4 0     3.1 0   344.2 0   962.3 0
 2019  23  1 23  3 31  3.517 134.13    -1.2 0     0.0 0 -9999.9 1     0.0 0   259.8 0   263.5 0   263.6 0   267.6 0   262.5 0   262.5 0     0.0 0     0.0 0     0.0 0    -7.8 0    -7.8 0   -10.4 0    86.4 0     3.4 0   345.8 0   962.2 0
 2019  23  1 23  3 32  3.533 134.30    -1.2 0     0.0 0 -9999.9 1     0.0 0   259.7 0   263.5 0   263.5 0   267.6 0   262.5 0   262.5 0     0.0 0     0.0 0     0.0 0    -7.9 0    -7.9 0   -10.4 0    86.2 0     3.5 0   338.5 0   962.2 0
 2019  23  1 23  3 33  3.550 134.47    -1.2 0     0.0 0 -9999.9 1     0.0 0   259.7 0   263.5 0   263.5 0   267.7 0   262.5 0   262.5 0     0.0 0     0.0 0     0.0 0    -8.0 0    -8.0 0   -10.4 0    86.4 0     2.8 0   331.3 0   962.2 0
 2019  23  1 23  3 34  3.567 134.65    -1.2 0     0.0 0 -9999.9 1     0.0 0   259.9 0   263.5 0   263.5 0   267.7 0   262.5 0   262.5 0     0.0 0     0.0 0     0.0 0    -7.8 0    -7.8 0   -10.4 0    86.6 0     3.0 0   340.7 0   962.2 0
 2019  23  1 23  3 35  3.583 134.82    -1.2 0     0.0 0 -9999.9 1     0.0 0   259.8 0   263.5 0   263.5 0   267.5 0   262.5 0   262.5 0     0.0 0     0.0 0     0.0 0    -7.7 0    -7.7 0   -10.4 0    86.2 0     4.0 0   342.6 0   962.2 0
 2019  23  1 23  3 36  3.600 134.99    -1.2 0     0.0 0 -9999.9 1     0.0 0   259.8 0   263.5 0   263.5 0   267.5 0   262.5 0   262.5 0     0.0 0     0.0 0     0.0 0    -7.7 0    -7.7 0   -10.4 0    86.0 0     4.1 0   337.9 0   962.2 0
 2019  23  1 23  3 37  3.617 135.16    -1.2 0     0.0 0 -9999.9 1     0.0 0   259.8 0   263.5 0   263.5 0   267.5 0   262.5 0   262.5 0     0.0 0     0.0 0     0.0 0    -7.6 0    -7.6 0   -10.4 0    86.1 0     3.6 0   346.8 0   962.2 0
 2019  23  1 23  3 38  3.633 135.34    -1.2 0     0.0 0 -9999.9 1     0.0 0   259.7 0   263.5 0   263.5 0   267.3 0   262.5 0   262.5 0     0.0 0     0.0 0     0.0 0    -7.6 0    -7.6 0   -10.4 0    86.2 0     3.2 0   344.6 0   962.2 0
 2019  23  1 23  3 39  3.650 135.51    -1.2 0     0.0 0 -9999.9 1     0.0 0   259.6 0   263.5 0   263.5 0   267.2 0   262.5 0   262.5 0     0.0 0     0.0 0     0.0 0    -7.6 0    -7.6 0   -10.4 0    86.3 0     4.2 0   342.7 0   962.2 0
 2019  23  1 23  3 40  3.667 135.68    -1.2 0     0.0 0 -9999.9 1     0.0 0   259.5 0   263.5 0   263.5 0   267.2 0   262.5 0   262.5 0     0.0 0     0.0 0     0.0 0    -7.8 0    -7.8 0   -10.4 0    86.2 0     3.7 0   338.1 0   962.2 0
 2019  23  1 23  3 41  3.683 135.85    -1.2 0     0.0 0 -9999.9 1     0.0 0   259.6 0   263.5 0   263.5 0   267.2 0   262.5 0   262.5 0     0.0 0     0.0 0     0.0 0    -7.6 0    -7.6 0   -10.4 0    86.2 0     3.9 0   344.0 0   962.2 0
 2019  23  1 23  3 42  3.700 136.02    -1.2 0     0.0 0 -9999.9 1     0.0 0   259.5 0   263.5 0   263.5 0   267.3 0   262.5 0   262.5 0     0.0 0     0.0 0     0.0 0    -7.7 0    -7.7 0   -10.4 0    86.3 0     3.2 0   336.1 0   962.2 0
 2019  23  1 23  3 43  3.717 136.19    -1.2 0     0.0 0 -9999.9 1     0.0 0   259.6 0   263.5 0   263.5 0   267.2 0   262.5 0   262.5 0     0.0 0     0.0 0     0.0 0    -7.7 0    -7.7 0   -10.4 0    86.3 0     3.5 0   340.2 0   962.2 0
 2019  23  1 23  3 44  3.733 136.36    -1.2 0     0.0 0 -9999.9 1     0.0 0   259.6 0   263.5 0   263.5 0   267.2 0   262.5 0   262.5 0     0.0 0     0.0 0     0.0 0    -7.6 0    -7.6 0   -10.4 0    86.2 0     4.6 0   335.7 0   962.2 0
 2019  23  1 23  3 45  3.750 136.53    -1.2 0     0.0 0 -9999.9 1     0.0 0   259.6 0   263.5 0   263.5 0   267.2 0   262.5 0   262.5 0     0.0 0     0.0 0     0.0 0    -7.6 0    -7.6 0   -10.4 0    86.0 0     3.7 0   342.6 0   962.2 0
 2019  23  1 23  3 46  3.767 136.70    -1.2 0     0.0 0 -9999.9 1     0.0 0   259.3 0   263.5 0   263.5 0   267.2 0   262.5 0   262.5 0     0.0 0     0.0 0     0.0 0    -7.9 0    -7.9 0   -10.4 0    86.1 0     4.1 0   345.2 0   962.2 0
 2019  23  1 23  3 47  3.783 136.87    -1.2 0     0.0 0 -9999.9 1     0.0 0   259.2 0   263.5 0   263.5 0   267.2 0   262.5 0   262.5 0     0.0 0     0.0 0     0.0 0    -8.0 0    -8.0 0   -10.4 0    86.1 0     3.2 0   349.4 0   962.2 0
 2019  23  1 23  3 48  3.800 137.04    -1.2 0     0.0 0 -9999.9 1     0.0 0   259.4 0   263.5 0   263.5 0   267.4 0   262.5 0   262.5 0     0.0 0     0.0 0     0.0 0    -8.0 0    -8.0 0   -10.4 0    86.3 0     3.2 0   342.8 0   962.2 0
 2019  23  1 23  3 49  3.817 137.21    -1.2 0     0.0 0 -9999.9 1     0.0 0   259.1 0   263.5 0   263.5 0   267.5 0   262.5 0   262.5 0     0.0 0     0.0 0     0.0 0    -8.4 0    -8.4 0   -10.4 0    86.4 0     3.4 0   333.6 0   962.2 0
 2019  23  1 23  3 50  3.833 137.38    -1.2 0     0.0 0 -9999.9 1     0.0 0   258.8 0   263.5 0   263.5 0   267.6 0   262.5 0   262.5 0     0.0 0     0.0 0     0.0 0    -8.8 0    -8.8 0   -10.4 0    86.2 0     3.5 0   344.1 0   962.2 0
 2019  23  1 23  3 51  3.850 137.55    -1.1 0     0.0 0 -9999.9 1     0.0 0   258.5 0   263.5 0   263.5 0   267.6 0   262.5 0   262.5 0     0.0 0     0.0 0     0.0 0    -9.1 0    -9.1 0   -10.4 0    86.1 0     4.0 0   342.5 0   962.2 0
 2019  23  1 23  3 52  3.867 137.71    -1.2 0     0.0 0 -9999.9 1     0.0 0   258.4 0   263.5 0   263.5 0   267.5 0   262.5 0   262.5 0     0.0 0     0.0 0     0.0 0    -9.1 0    -9.1 0   -10.4 0    86.0 0     4.1 0   337.9 0   962.2 0
 2019  23  1 23  3 53  3.883 137.88    -1.1 0     0.0 0 -9999.9 1     0.0 0   258.6 0   263.5 0   263.5 0   267.6 0   262.5 0   262.5 0     0.0 0     0.0 0     0.0 0    -8.9 0    -8.9 0   -10.4 0    86.0 0     3.8 0   343.5 0   962.2 0
 2019  23  1 23  3 54  3.900 138.05    -1.2 0     0.0 0 -9999.9 1     0.0 0   258.9 0   263.5 0   263.5 0   267.6 0   262.5 0   262.5 0     0.0 0     0.0 0     0.0 0    -8.7 0    -8.7 0   -10.4 0    86.1 0     3.6 0   332.8 0   962.2 0
 2019  23  1 23  3 55  3.917 138.22    -1.2 0     0.0 0 -9999.9 1     0.0 0   258.9 0   263.5 0   263.5 0   267.6 0   262.5 0   262.5 0     0.0 0     0.0 0     0.0 0    -8.7 0    -8.7 0   -10.4 0    86.1 0     4.1 0   341.6 0   962.2 0
 2019  23  1 23  3 56  3.933 138.38    -1.2 0     0.0 0 -9999.9 1     0.0 0   259.0 0   263.5 0   263.5 0   267.5 0   262.4 0   262.5 0     0.0 0     0.0 0     0.0 0    -8.5 0    -8.5 0   -10.4 0    86.1 0     4.2 0   349.3 0   962.2 0
 2019  23  1 23  3 57  3.950 138.55    -1.2 0     0.0 0 -9999.9 1     0.0 0   259.2 0   263.5 0   263.5 0   267.3 0   262.4 0   262.5 0     0.0 0     0.0 0     0.0 0    -8.1 0    -8.1 0   -10.4 0    86.2 0     3.5 0   346.6 0   962.3 0
 2019  23  1 23  3 58  3.967 138.72    -1.2 0     0.0 0 -9999.9 1     0.0 0   259.5 0   263.5 0   263.5 0   267.1 0   262.4 0   262.5 0     0.0 0     0.0 0     0.0 0    -7.6 0    -7.6 0   -10.4 0    86.2 0     4.1 0   340.9 0   962.3 0
 2019  23  1 23  3 59  3.983 138.88    -1.2 0     0.0 0 -9999.9 1     0.0 0   259.8 0   263.5 0   263.5 0   267.1 0   262.4 0   262.5 0     0.0 0     0.0 0     0.0 0    -7.3 0    -7.3 0   -10.4 0    86.0 0     5.1 0   340.5 0   962.3 0
 2019  23  1 23  4  0  4.000 139.05    -1.2 0     0.0 0 -9999.9 1     0.0 0   260.3 0   263.5 0   263.5 0   267.1 0   262.4 0   262.5 0     0.0 0     0.0 0     0.0 0    -6.8 0    -6.8 0   -10.4 0    85.9 0     4.2 0   345.3 0   962.3 0
 2019  23  1 23  4  1  4.017 139.21    -1.2 0     0.0 0 -9999.9 1     0.0 0   260.4 0   263.5 0   263.5 0   267.1 0   262.4 0   262.5 0     0.0 0     0.0 0     0.0 0    -6.7 0    -6.7 0   -10.4 0    86.0 0     3.7 0   347.8 0   962.3 0
 2019  23  1 23  4  2  4.033 139.38    -1.1 0     0.0 0 -9999.9 1     0.0 0   260.4 0   263.4 0   263.5 0   267.2 0   262.4 0   262.5 0     0.0 0     0.0 0     0.0 0    -6.8 0    -6.8 0   -10.4 0    86.1 0     3.2 0   339.5 0   962.3 0
 2019  23  1 23  4  3  4.050 139.54    -1.1 0     0.0 0 -9999.9 1     0.0 0   260.6 0   263.4 0   263.5 0   267.2 0   262.4 0   262.5 0     0.0 0     0.0 0     0.0 0    -6.6 0    -6.6 0   -10.4 0    86.1 0     3.4 0   344.9 0   962.2 0
 2019  23  1 23  4  4  4.067 139.71    -1.1 0     0.0 0 -9999.9 1     0.0 0   260.8 0   263.4 0   263.5 0   267.2 0   262.4 0   262.5 0     0.0 0     0.0 0     0.0 0    -6.5 0    -6.5 0   -10.4 0    86.1 0     4.1 0   340.3 0   962.3 0
 2019  23  1 23  4  5  4.083 139.87    -1.1 0     0.0 0 -9999.9 1     0.0 0   261.0 0   263.4 0   263.5 0   267.3 0   262.4 0   262.5 0     0.0 0     0.0 0     0.0 0    -6.2 0    -6.2 0   -10.4 0    86.1 0     3.9 0   340.2 0   962.3 0
 2019  23  1 23  4  6  4.100 140.04    -1.1 0     0.0 0 -9999.9 1     0.0 0   261.1 0   263.4 0   263.5 0   267.4 0   262.4 0   262.5 0     0.0 0     0.0 0     0.0 0    -6.3 0    -6.3 0   -10.4 0    86.1 0     4.3 0   344.3 0   962.3 0
 2019  23  1 23  4  7  4.117 140.20    -1.2 0     0.0 0 -9999.9 1     0.0 0   261.2 0   263.4 0   263.5 0   267.3 0   262.4 0   262.5 0     0.0 0     0.0 0     0.0 0    -6.2 0    -6.2 0   -10.4 0    86.0 0     4.7 0   343.7 0   962.2 0
 2019  23  1 23  4  8  4.133 140.36    -1.2 0     0.0 0 -9999.9 1     0.0 0   260.9 0   263.4 0   263.5 0   267.4 0   262.4 0   262.5 0     0.0 0     0.0 0     0.0 0    -6.5 0    -6.5 0   -10.4 0    86.2 0     3.5 0   342.7 0   962.3 0
 2019  23  1 23  4  9  4.150 140.53    -1.2 0     0.0 0 -9999.9 1     0.0 0   260.5 0   263.4 0   263.5 0   267.4 0   262.4 0   262.5 0     0.0 0     0.0 0     0.0 0    -6.8 0    -6.8 0   -10.4 0    86.3 0     3.3 0   342.8 0   962.2 0
 2019  23  1 23  4 10  4.167 140.69    -1.1 0     0.0 0 -9999.9 1     0.0 0   260.4 0   263.4 0   263.5 0   267.3 0   262.4 0   262.5 0     0.0 0     0.0 0     0.0 0    -6.9 0    -6.9 0   -10.4 0    86.4 0     3.9 0   337.9 0   962.2 0
 2019  23  1 23  4 11  4.183 140.85    -1.1 0     0.0 0 -9999.9 1     0.0 0   260.8 0   263.4 0   263.5 0   267.2 0   262.4 0   262.5 0     0.0 0     0.0 0     0.0 0    -6.4 0    -6.4 0   -10.4 0    86.5 0     3.4 0   341.2 0   962.2 0
 2019  23  1 23  4 12  4.200 141.01    -1.1 0     0.0 0 -9999.9 1     0.0 0   260.9 0   263.4 0   263.5 0   267.1 0   262.4 0   262.5 0     0.0 0     0.0 0     0.0 0    -6.2 0    -6.2 0   -10.4 0    86.3 0     5.7 0   342.0 0   962.2 0
 2019  23  1 23  4 13  4.217 141.17    -1.2 0     0.0 0 -9999.9 1     0.0 0   261.0 0   263.4 0   263.5 0   266.9 0   262.4 0   262.5 0     0.0 0     0.0 0     0.0 0    -5.8 0    -5.8 0   -10.4 0    86.1 0     4.2 0   347.5 0   962.2 0
 2019  23  1 23  4 14  4.233 141.34    -1.2 0     0.0 0 -9999.9 1     0.0 0   261.0 0   263.4 0   263.5 0   266.9 0   262.4 0   262.5 0     0.0 0     0.0 0     0.0 0    -5.9 0    -5.9 0   -10.4 0    86.4 0     3.4 0   340.9 0   962.2 0
 2019  23  1 23  4 15  4.250 141.50    -1.2 0     0.0 0 -9999.9 1     0.0 0   261.1 0   263.4 0   263.5 0   267.0 0   262.4 0   262.5 0     0.0 0     0.0 0     0.0 0    -5.9 0    -5.9 0   -10.4 0    86.7 0     3.4 0   338.3 0   962.2 0
 2019  23  1 23  4 16  4.267 141.66    -1.2 0     0.0 0 -9999.9 1     0.0 0   261.0 0   263.4 0   263.5 0   267.2 0   262.4 0   262.5 0     0.0 0     0.0 0     0.0 0    -6.3 0    -6.3 0   -10.4 0    86.7 0     3.2 0   337.3 0   962.2 0
 2019  23  1 23  4 17  4.283 141.82    -1.2 0     0.0 0 -9999.9 1     0.0 0   260.9 0   263.4 0   263.5 0   267.3 0   262.4 0   262.5 0     0.0 0     0.0 0     0.0 0    -6.4 0    -6.4 0   -10.4 0    86.7 0     3.9 0   344.8 0   962.2 0
 2019  23  1 23  4 18  4.300 141.97    -1.2 0     0.0 0 -9999.9 1     0.0 0   261.2 0   263.4 0   263.5 0   267.3 0   262.4 0   262.5 0     0.0 0     0.0 0     0.0 0    -6.1 0    -6.1 0   -10.4 0    86.8 0     3.1 0   339.4 0   962.2 0
 2019  23  1 23  4 19  4.317 142.13    -1.2 0     0.0 0 -9999.9 1     0.0 0   261.4 0   263.4 0   263.5 0   267.4 0   262.4 0   262.5 0     0.0 0     0.0 0     0.0 0    -6.0 0    -6.0 0   -10.4 0    86.9 0     3.5 0   337.1 0   962.2 0
 2019  23  1 23  4 20  4.333 142.29    -1.1 0     0.0 0 -9999.9 1     0.0 0   261.5 0   263.4 0   263.5 0   267.3 0   262.4 0   262.5 0     0.0 0     0.0 0     0.0 0    -5.9 0    -5.9 0   -10.4 0    86.8 0     3.9 0   339.0 0   962.2 0
 2019  23  1 23  4 21  4.350 142.45    -1.0 0     0.0 0 -9999.9 1     0.0 0   261.6 0   263.4 0   263.5 0   267.4 0   262.4 0   262.5 0     0.0 0     0.0 0     0.0 0    -5.8 0    -5.8 0   -10.4 0    86.6 0     4.1 0   340.7 0   962.2 0
 2019  23  1 23  4 22  4.367 142.61    -1.1 0     0.0 0 -9999.9 1     0.0 0   261.8 0   263.4 0   263.5 0   267.4 0   262.4 0   262.5 0     0.0 0     0.0 0     0.0 0    -5.6 0    -5.6 0   -10.4 0    86.8 0     4.1 0   342.5 0   962.2 0
 2019  23  1 23  4 23  4.383 142.76    -1.2 0     0.0 0 -9999.9 1     0.0 0   262.0 0   263.4 0   263.5 0   267.4 0   262.4 0   262.5 0     0.0 0     0.0 0     0.0 0    -5.4 0    -5.4 0   -10.4 0    86.8 0     3.2 0   340.3 0   962.2 0
 2019  23  1 23  4 24  4.400 142.92    -1.2 0     0.0 0 -9999.9 1     0.0 0   262.0 0   263.4 0   263.5 0   267.4 0   262.4 0   262.5 0     0.0 0     0.0 0     0.0 0    -5.4 0    -5.4 0   -10.4 0    87.1 0     3.7 0   333.0 0   962.2 0
 2019  23  1 23  4 25  4.417 143.08    -1.1 0     0.0 0 -9999.9 1     0.0 0   262.0 0   263.4 0   263.5 0   267.4 0   262.4 0   262.5 0     0.0 0     0.0 0     0.0 0    -5.5 0    -5.5 0   -10.4 0    87.0 0     3.6 0   336.4 0   962.2 0
 2019  23  1 23  4 26  4.433 143.23    -1.2 0     0.0 0 -9999.9 1     0.0 0   262.0 0   263.4 0   263.5 0   267.4 0   262.4 0   262.5 0     0.0 0     0.0 0     0.0 0    -5.4 0    -5.4 0   -10.4 0    87.1 0     3.6 0   330.1 0   962.2 0
 2019  23  1 23  4 27  4.450 143.39    -1.2 0     0.0 0 -9999.9 1     0.0 0   261.6 0   263.4 0   263.5 0   267.4 0   262.4 0   262.5 0     0.0 0     0.0 0     0.0 0    -5.8 0    -5.8 0   -10.4 0    87.0 0     4.1 0   345.0 0   962.2 0
 2019  23  1 23  4 28  4.467 143.54    -1.2 0     0.0 0 -9999.9 1     0.0 0   261.3 0   263.4 0   263.5 0   267.4 0   262.4 0   262.5 0     0.0 0     0.0 0     0.0 0    -6.1 0    -6.1 0   -10.4 0    87.1 0     3.5 0   337.2 0   962.2 0
 2019  23  1 23  4 29  4.483 143.70    -1.2 0     0.0 0 -9999.9 1     0.0 0   261.1 0   263.4 0   263.5 0   267.4 0   262.4 0   262.5 0     0.0 0     0.0 0     0.0 0    -6.4 0    -6.4 0   -10.4 0    87.2 0     3.1 0   334.4 0   962.2 0
 2019  23  1 23  4 30  4.500 143.85    -1.2 0     0.0 0 -9999.9 1     0.0 0   261.2 0   263.4 0   263.5 0   267.3 0   262.4 0   262.5 0     0.0 0     0.0 0     0.0 0    -6.2 0    -6.2 0   -10.4 0    87.4 0     3.5 0   333.3 0   962.2 0
 2019  23  1 23  4 31  4.517 144.00    -1.1 0     0.0 0 -9999.9 1     0.0 0   261.0 0   263.4 0   263.5 0   267.4 0   262.4 0   262.5 0     0.0 0     0.0 0     0.0 0    -6.4 0    -6.4 0   -10.4 0    87.0 0     4.2 0   335.2 0   962.2 0
 2019  23  1 23  4 32  4.533 144.16    -1.1 0     0.0 0 -9999.9 1     0.0 0   260.7 0   263.4 0   263.5 0   267.3 0   262.4 0   262.5 0     0.0 0     0.0 0     0.0 0    -6.6 0    -6.6 0   -10.4 0    87.1 0     3.3 0   337.9 0   962.2 0
 2019  23  1 23  4 33  4.550 144.31    -1.1 0     0.0 0 -9999.9 1     0.0 0   260.5 0   263.4 0   263.5 0   267.4 0   262.4 0   262.5 0     0.0 0     0.0 0     0.0 0    -6.9 0    -6.9 0   -10.4 0    87.1 0     3.8 0   336.8 0   962.2 0
 2019  23  1 23  4 34  4.567 144.46    -1.1 0     0.0 0 -9999.9 1     0.0 0   260.2 0   263.4 0   263.5 0   267.4 0   262.4 0   262.5 0     0.0 0     0.0 0     0.0 0    -7.3 0    -7.3 0   -10.4 0    87.2 0     3.7 0   335.1 0   962.2 0
 2019  23  1 23  4 35  4.583 144.61    -1.2 0     0.0 0 -9999.9 1     0.0 0   260.0 0   263.4 0   263.5 0   267.1 0   262.4 0   262.5 0     0.0 0     0.0 0     0.0 0    -7.2 0    -7.2 0   -10.4 0    87.3 0     3.6 0   337.8 0   962.2 0
 2019  23  1 23  4 36  4.600 144.76    -1.2 0     0.0 0 -9999.9 1     0.0 0   259.9 0   263.4 0   263.5 0   267.0 0   262.4 0   262.5 0     0.0 0     0.0 0     0.0 0    -7.1 0    -7.1 0   -10.4 0    87.3 0     3.4 0   334.1 0   962.2 0
 2019  23  1 23  4 37  4.617 144.91    -1.2 0     0.0 0 -9999.9 1     0.0 0   259.1 0   263.4 0   263.5 0   266.9 0   262.4 0   262.5 0     0.0 0     0.0 0     0.0 0    -7.9 0    -7.9 0   -10.4 0    87.3 0     3.8 0   337.4 0   962.2 0
 2019  23  1 23  4 38  4.633 145.06    -1.2 0     0.0 0 -9999.9 1     0.0 0   258.2 0   263.4 0   263.5 0   266.8 0   262.4 0   262.5 0     0.0 0     0.0 0     0.0 0    -8.6 0    -8.6 0   -10.4 0    87.2 0     4.3 0   333.3 0   962.2 0
 2019  23  1 23  4 39  4.650 145.21    -1.2 0     0.0 0 -9999.9 1     0.0 0   257.8 0   263.4 0   263.5 0   266.7 0   262.4 0   262.5 0     0.0 0     0.0 0     0.0 0    -8.9 0    -8.9 0   -10.4 0    87.2 0     4.0 0   344.1 0   962.2 0
 2019  23  1 23  4 40  4.667 145.36    -1.2 0     0.0 0 -9999.9 1     0.0 0   257.6 0   263.4 0   263.5 0   266.7 0   262.4 0   262.5 0     0.0 0     0.0 0     0.0 0    -9.1 0    -9.1 0   -10.4 0    87.5 0     3.7 0   333.7 0   962.2 0
 2019  23  1 23  4 41  4.683 145.51    -1.2 0     0.0 0 -9999.9 1     0.0 0   257.5 0   263.4 0   263.5 0   266.6 0   262.4 0   262.5 0     0.0 0     0.0 0     0.0 0    -9.1 0    -9.1 0   -10.4 0    87.5 0     4.2 0   338.3 0   962.2 0
 2019  23  1 23  4 42  4.700 145.65    -1.2 0     0.0 0 -9999.9 1     0.0 0   257.7 0   263.4 0   263.5 0   266.7 0   262.4 0   262.5 0     0.0 0     0.0 0     0.0 0    -9.0 0    -9.0 0   -10.4 0    87.8 0     2.9 0   331.3 0   962.2 0
 2019  23  1 23  4 43  4.717 145.80    -1.2 0     0.0 0 -9999.9 1     0.0 0   257.8 0   263.4 0   263.5 0   266.7 0   262.4 0   262.5 0     0.0 0     0.0 0     0.0 0    -9.0 0    -9.0 0   -10.4 0    87.8 0     3.7 0   332.9 0   962.1 0
 2019  23  1 23  4 44  4.733 145.95    -1.2 0     0.0 0 -9999.9 1     0.0 0   257.9 0   263.4 0   263.5 0   267.0 0   262.4 0   262.5 0     0.0 0     0.0 0     0.0 0    -9.1 0    -9.1 0   -10.4 0    87.5 0     4.0 0   331.8 0   962.1 0
 2019  23  1 23  4 45  4.750 146.09    -1.2 0     0.0 0 -9999.9 1     0.0 0   257.9 0   263.4 0   263.5 0   267.2 0   262.4 0   262.5 0     0.0 0     0.0 0     0.0 0    -9.3 0    -9.3 0   -10.4 0    87.6 0     3.2 0   334.7 0   962.1 0
 2019  23  1 23  4 46  4.767 146.24    -1.2 0     0.0 0 -9999.9 1     0.0 0   257.8 0   263.4 0   263.5 0   267.2 0   262.4 0   262.5 0     0.0 0     0.0 0     0.0 0    -9.4 0    -9.4 0   -10.4 0    87.5 0     4.1 0   333.5 0   962.1 0
 2019  23  1 23  4 47  4.783 146.38    -1.2 0     0.0 0 -9999.9 1     0.0 0   257.3 0   263.4 0   263.5 0   267.2 0   262.4 0   262.5 0     0.0 0     0.0 0     0.0 0    -9.9 0    -9.9 0   -10.4 0    87.8 0     2.5 0   333.4 0   962.1 0
 2019  23  1 23  4 48  4.800 146.53    -1.2 0     0.0 0 -9999.9 1     0.0 0   257.4 0   263.5 0   263.5 0   267.2 0   262.4 0   262.5 0     0.0 0     0.0 0     0.0 0    -9.7 0    -9.7 0   -10.4 0    88.0 0     3.2 0   328.6 0   962.1 0
 2019  23  1 23  4 49  4.817 146.67    -1.2 0     0.0 0 -9999.9 1     0.0 0   258.1 0   263.5 0   263.5 0   267.1 0   262.4 0   262.5 0     0.0 0     0.0 0     0.0 0    -9.1 0    -9.1 0   -10.4 0    87.8 0     2.8 0   336.6 0   962.1 0
 2019  23  1 23  4 50  4.833 146.81    -1.2 0     0.0 0 -9999.9 1     0.0 0   258.9 0   263.5 0   263.5 0   267.1 0   262.4 0   262.5 0     0.0 0     0.0 0     0.0 0    -8.3 0    -8.3 0   -10.4 0    87.7 0     3.1 0   343.2 0   962.1 0
 2019  23  1 23  4 51  4.850 146.95    -1.2 0     0.0 0 -9999.9 1     0.0 0   259.7 0   263.5 0   263.5 0   267.2 0   262.4 0   262.5 0     0.0 0     0.0 0     0.0 0    -7.6 0    -7.6 0   -10.4 0    87.6 0     3.7 0   336.7 0   962.0 0
 2019  23  1 23  4 52  4.867 147.09    -1.2 0     0.0 0 -9999.9 1     0.0 0   260.2 0   263.5 0   263.5 0   267.3 0   262.4 0   262.5 0     0.0 0     0.0 0     0.0 0    -7.1 0    -7.1 0   -10.4 0    87.5 0     3.8 0   335.4 0   962.0 0
 2019  23  1 23  4 53  4.883 147.23    -1.2 0     0.0 0 -9999.9 1     0.0 0   260.3 0   263.5 0   263.5 0   267.4 0   262.4 0   262.5 0     0.0 0     0.0 0     0.0 0    -7.0 0    -7.0 0   -10.4 0    87.4 0     4.3 0   340.2 0   962.0 0
 2019  23  1 23  4 54  4.900 147.37    -1.2 0     0.0 0 -9999.9 1     0.0 0   260.5 0   263.5 0   263.5 0   267.4 0   262.4 0   262.5 0     0.0 0     0.0 0     0.0 0    -6.9 0    -6.9 0   -10.4 0    87.5 0     3.8 0   338.6 0   962.0 0
 2019  23  1 23  4 55  4.917 147.51    -1.2 0     0.0 0 -9999.9 1     0.0 0   260.4 0   263.5 0   263.5 0   267.4 0   262.4 0   262.5 0     0.0 0     0.0 0     0.0 0    -7.0 0    -7.0 0   -10.4 0    87.7 0     4.0 0   343.1 0   962.0 0
 2019  23  1 23  4 56  4.933 147.65    -1.2 0     0.0 0 -9999.9 1     0.0 0   260.5 0   263.5 0   263.5 0   267.7 0   262.4 0   262.5 0     0.0 0     0.0 0     0.0 0    -7.2 0    -7.2 0   -10.4 0    87.8 0     2.7 0   340.0 0   962.0 0
 2019  23  1 23  4 57  4.950 147.79    -1.2 0     0.0 0 -9999.9 1     0.0 0   260.8 0   263.5 0   263.5 0   268.0 0   262.5 0   262.5 0     0.0 0     0.0 0     0.0 0    -7.2 0    -7.2 0   -10.4 0    87.8 0     3.8 0   341.7 0   962.0 0
 2019  23  1 23  4 58  4.967 147.92    -1.2 0     0.0 0 -9999.9 1     0.0 0   261.1 0   263.5 0   263.5 0   268.1 0   262.5 0   262.5 0     0.0 0     0.0 0     0.0 0    -7.1 0    -7.1 0   -10.4 0    87.8 0     3.5 0   342.2 0   962.0 0
 2019  23  1 23  4 59  4.983 148.06    -1.2 0     0.0 0 -9999.9 1     0.0 0   261.2 0   263.5 0   263.5 0   268.0 0   262.5 0   262.5 0     0.0 0     0.0 0     0.0 0    -6.8 0    -6.8 0   -10.4 0    87.8 0     3.1 0   341.3 0   962.0 0
 2019  23  1 23  5  0  5.000 148.19    -1.2 0     0.0 0 -9999.9 1     0.0 0   261.5 0   263.5 0   263.5 0   267.7 0   262.5 0   262.5 0     0.0 0     0.0 0     0.0 0    -6.2 0    -6.2 0   -10.3 0    87.8 0     2.7 0   340.0 0   962.0 0
 2019  23  1 23  5  1  5.017 148.33    -1.2 0     0.0 0 -9999.9 1     0.0 0   261.5 0   263.5 0   263.6 0   267.7 0   262.5 0   262.5 0     0.0 0     0.0 0     0.0 0    -6.1 0    -6.1 0   -10.3 0    87.9 0     3.2 0   339.7 0   962.0 0
 2019  23  1 23  5  2  5.033 148.46    -1.2 0     0.0 0 -9999.9 1     0.0 0   261.4 0   263.5 0   263.6 0   267.7 0   262.5 0   262.5 0     0.0 0     0.0 0     0.0 0    -6.3 0    -6.3 0   -10.3 0    87.7 0     2.5 0   344.8 0   962.0 0
 2019  23  1 23  5  3  5.050 148.59    -1.2 0     0.0 0 -9999.9 1     0.0 0   261.4 0   263.5 0   263.6 0   267.7 0   262.5 0   262.5 0     0.0 0     0.0 0     0.0 0    -6.3 0    -6.3 0   -10.3 0    87.9 0     3.1 0   344.2 0   962.0 0
 2019  23  1 23  5  4  5.067 148.73    -1.2 0     0.0 0 -9999.9 1     0.0 0   261.8 0   263.5 0   263.6 0   267.7 0   262.5 0   262.5 0     0.0 0     0.0 0     0.0 0    -5.9 0    -5.9 0   -10.3 0    87.7 0     4.6 0   344.4 0   962.0 0
 2019  23  1 23  5  5  5.083 148.86    -1.2 0     0.0 0 -9999.9 1     0.0 0   261.7 0   263.5 0   263.6 0   267.7 0   262.5 0   262.5 0     0.0 0     0.0 0     0.0 0    -5.9 0    -5.9 0   -10.3 0    87.6 0     3.3 0   339.4 0   962.1 0
 2019  23  1 23  5  6  5.100 148.99    -1.2 0     0.0 0 -9999.9 1     0.0 0   261.7 0   263.5 0   263.6 0   267.7 0   262.5 0   262.5 0     0.0 0     0.0 0     0.0 0    -6.0 0    -6.0 0   -10.3 0    87.5 0     3.6 0   341.3 0   962.1 0
 2019  23  1 23  5  7  5.117 149.12    -1.2 0     0.0 0 -9999.9 1     0.0 0   261.7 0   263.5 0   263.6 0   267.6 0   262.5 0   262.5 0     0.0 0     0.0 0     0.0 0    -5.9 0    -5.9 0   -10.3 0    87.5 0     3.4 0   345.1 0   962.1 0
 2019  23  1 23  5  8  5.133 149.25    -1.2 0     0.0 0 -9999.9 1     0.0 0   261.6 0   263.5 0   263.6 0   267.6 0   262.5 0   262.5 0     0.0 0     0.0 0     0.0 0    -6.1 0    -6.1 0   -10.3 0    87.6 0     3.2 0   342.1 0   962.1 0
 2019  23  1 23  5  9  5.150 149.37    -1.2 0     0.0 0 -9999.9 1     0.0 0   261.6 0   263.5 0   263.6 0   267.8 0   262.5 0   262.5 0     0.0 0     0.0 0     0.0 0    -6.2 0    -6.2 0   -10.3 0    87.6 0     4.0 0   346.8 0   962.0 0
 2019  23  1 23  5 10  5.167 149.50    -1.2 0     0.0 0 -9999.9 1     0.0 0   261.8 0   263.5 0   263.6 0   267.8 0   262.5 0   262.5 0     0.0 0     0.0 0     0.0 0    -6.0 0    -6.0 0   -10.3 0    87.6 0     3.6 0   333.2 0   962.0 0
 2019  23  1 23  5 11  5.183 149.63    -1.2 0     0.0 0 -9999.9 1     0.0 0   261.9 0   263.5 0   263.6 0   267.9 0   262.5 0   262.5 0     0.0 0     0.0 0     0.0 0    -6.0 0    -6.0 0   -10.3 0    87.7 0     3.2 0   335.6 0   962.0 0
 2019  23  1 23  5 12  5.200 149.75    -1.2 0     0.0 0 -9999.9 1     0.0 0   262.0 0   263.5 0   263.6 0   267.8 0   262.5 0   262.5 0     0.0 0     0.0 0     0.0 0    -5.8 0    -5.8 0   -10.3 0    87.7 0     3.3 0   343.7 0   962.0 0
 2019  23  1 23  5 13  5.217 149.88    -1.2 0     0.0 0 -9999.9 1     0.0 0   261.9 0   263.5 0   263.6 0   268.0 0   262.5 0   262.5 0     0.0 0     0.0 0     0.0 0    -6.1 0    -6.1 0   -10.3 0    87.7 0     3.3 0   344.8 0   962.0 0
 2019  23  1 23  5 14  5.233 150.00    -1.2 0     0.0 0 -9999.9 1     0.0 0   261.9 0   263.5 0   263.6 0   268.3 0   262.5 0   262.5 0     0.0 0     0.0 0     0.0 0    -6.4 0    -6.4 0   -10.3 0    87.7 0     3.0 0   338.0 0   962.0 0
 2019  23  1 23  5 15  5.250 150.12    -1.2 0     0.0 0 -9999.9 1     0.0 0   261.7 0   263.5 0   263.6 0   268.3 0   262.5 0   262.5 0     0.0 0     0.0 0     0.0 0    -6.5 0    -6.5 0   -10.3 0    87.6 0     3.2 0   345.1 0   961.9 0
 2019  23  1 23  5 16  5.267 150.24    -1.2 0     0.0 0 -9999.9 1     0.0 0   261.7 0   263.5 0   263.6 0   268.1 0   262.5 0   262.6 0     0.0 0     0.0 0     0.0 0    -6.4 0    -6.4 0   -10.3 0    87.7 0     2.1 0   343.6 0   961.9 0
 2019  23  1 23  5 17  5.283 150.36    -1.2 0     0.0 0 -9999.9 1     0.0 0   261.9 0   263.5 0   263.6 0   267.9 0   262.5 0   262.6 0     0.0 0     0.0 0     0.0 0    -6.1 0    -6.1 0   -10.3 0    87.9 0     3.3 0   336.6 0   961.9 0
 2019  23  1 23  5 18  5.300 150.48    -1.2 0     0.0 0 -9999.9 1     0.0 0   262.3 0   263.6 0   263.6 0   268.0 0   262.5 0   262.6 0     0.0 0     0.0 0     0.0 0    -5.7 0    -5.7 0   -10.3 0    87.9 0     3.2 0   338.2 0   961.9 0
 2019  23  1 23  5 19  5.317 150.60    -1.2 0     0.0 0 -9999.9 1     0.0 0   262.2 0   263.6 0   263.6 0   267.9 0   262.5 0   262.6 0     0.0 0     0.0 0     0.0 0    -5.7 0    -5.7 0   -10.3 0    87.7 0     3.5 0   336.0 0   961.9 0
 2019  23  1 23  5 20  5.333 150.72    -1.2 0     0.0 0 -9999.9 1     0.0 0   262.2 0   263.6 0   263.6 0   267.9 0   262.5 0   262.6 0     0.0 0     0.0 0     0.0 0    -5.7 0    -5.7 0   -10.3 0    87.7 0     2.8 0   335.5 0   961.9 0
 2019  23  1 23  5 21  5.350 150.84    -1.2 0     0.0 0 -9999.9 1     0.0 0   262.2 0   263.6 0   263.6 0   268.0 0   262.5 0   262.6 0     0.0 0     0.0 0     0.0 0    -5.8 0    -5.8 0   -10.3 0    87.9 0     2.9 0   336.4 0   961.9 0
 2019  23  1 23  5 22  5.367 150.95    -1.2 0     0.0 0 -9999.9 1     0.0 0   262.1 0   263.6 0   263.6 0   268.0 0   262.5 0   262.6 0     0.0 0     0.0 0     0.0 0    -5.9 0    -5.9 0   -10.3 0    87.9 0     3.3 0   340.6 0   961.9 0
 2019  23  1 23  5 23  5.383 151.07    -1.2 0     0.0 0 -9999.9 1     0.0 0   262.1 0   263.6 0   263.6 0   267.7 0   262.5 0   262.6 0     0.0 0     0.0 0     0.0 0    -5.5 0    -5.5 0   -10.3 0    87.7 0     3.9 0   342.3 0   961.9 0
 2019  23  1 23  5 24  5.400 151.18    -1.2 0     0.0 0 -9999.9 1     0.0 0   262.1 0   263.6 0   263.6 0   267.5 0   262.5 0   262.6 0     0.0 0     0.0 0     0.0 0    -5.4 0    -5.4 0   -10.2 0    87.7 0     2.9 0   346.2 0   961.9 0
 2019  23  1 23  5 25  5.417 151.29    -1.2 0     0.0 0 -9999.9 1     0.0 0   262.3 0   263.6 0   263.6 0   267.6 0   262.5 0   262.6 0     0.0 0     0.0 0     0.0 0    -5.3 0    -5.3 0   -10.3 0    87.9 0     2.7 0   344.6 0   961.9 0
 2019  23  1 23  5 26  5.433 151.40    -1.2 0     0.0 0 -9999.9 1     0.0 0   262.3 0   263.6 0   263.6 0   268.0 0   262.5 0   262.6 0     0.0 0     0.0 0     0.0 0    -5.6 0    -5.6 0   -10.2 0    88.1 0     2.2 0   345.3 0   961.9 0
 2019  23  1 23  5 27  5.450 151.51    -1.2 0     0.0 0 -9999.9 1     0.0 0   262.1 0   263.6 0   263.7 0   268.1 0   262.5 0   262.6 0     0.0 0     0.0 0     0.0 0    -5.9 0    -5.9 0   -10.3 0    88.0 0     2.4 0   342.5 0   961.9 0
 2019  23  1 23  5 28  5.467 151.62    -1.2 0     0.0 0 -9999.9 1     0.0 0   262.1 0   263.6 0   263.7 0   268.0 0   262.5 0   262.6 0     0.0 0     0.0 0     0.0 0    -5.9 0    -5.9 0   -10.2 0    88.0 0     3.3 0   345.6 0   961.9 0
 2019  23  1 23  5 29  5.483 151.73    -1.2 0     0.0 0 -9999.9 1     0.0 0   262.1 0   263.6 0   263.7 0   268.1 0   262.5 0   262.6 0     0.0 0     0.0 0     0.0 0    -6.0 0    -6.0 0   -10.2 0    87.9 0     2.8 0   342.6 0   961.9 0
 2019  23  1 23  5 30  5.500 151.84    -1.2 0     0.0 0 -9999.9 1     0.0 0   262.0 0   263.6 0   263.7 0   268.1 0   262.5 0   262.6 0     0.0 0     0.0 0     0.0 0    -6.1 0    -6.1 0   -10.2 0    87.9 0     2.8 0   339.4 0   961.9 0
 2019  23  1 23  5 31  5.517 151.94    -1.2 0     0.0 0 -9999.9 1     0.0 0   262.0 0   263.6 0   263.7 0   268.1 0   262.5 0   262.6 0     0.0 0     0.0 0     0.0 0    -6.0 0    -6.0 0   -10.2 0    87.8 0     3.1 0   344.3 0   961.9 0
 2019  23  1 23  5 32  5.533 152.05    -1.2 0     0.0 0 -9999.9 1     0.0 0   262.2 0   263.6 0   263.7 0   268.1 0   262.5 0   262.6 0     0.0 0     0.0 0     0.0 0    -5.9 0    -5.9 0   -10.2 0    87.8 0     2.5 0   332.5 0   961.9 0
 2019  23  1 23  5 33  5.550 152.15    -1.2 0     0.0 0 -9999.9 1     0.0 0   262.4 0   263.6 0   263.7 0   268.4 0   262.5 0   262.6 0     0.0 0     0.0 0     0.0 0    -6.0 0    -6.0 0   -10.2 0    87.8 0     3.3 0   338.5 0   961.9 0
 2019  23  1 23  5 34  5.567 152.25    -1.2 0     0.0 0 -9999.9 1     0.0 0   262.5 0   263.6 0   263.7 0   268.4 0   262.5 0   262.6 0     0.0 0     0.0 0     0.0 0    -5.9 0    -5.9 0   -10.2 0    87.8 0     2.5 0   342.5 0   961.9 0
 2019  23  1 23  5 35  5.583 152.35    -1.2 0     0.0 0 -9999.9 1     0.0 0   262.4 0   263.6 0   263.7 0   268.3 0   262.5 0   262.6 0     0.0 0     0.0 0     0.0 0    -5.9 0    -5.9 0   -10.2 0    87.9 0     2.7 0   331.6 0   962.0 0
 2019  23  1 23  5 36  5.600 152.45    -1.2 0     0.0 0 -9999.9 1     0.0 0   262.4 0   263.6 0   263.7 0   268.2 0   262.5 0   262.6 0     0.0 0     0.0 0     0.0 0    -5.8 0    -5.8 0   -10.2 0    87.9 0     2.9 0   338.0 0   961.9 0
 2019  23  1 23  5 37  5.617 152.55    -1.2 0     0.0 0 -9999.9 1     0.0 0   262.3 0   263.6 0   263.7 0   268.3 0   262.5 0   262.6 0     0.0 0     0.0 0     0.0 0    -5.9 0    -5.9 0   -10.2 0    87.8 0     3.3 0   330.3 0   961.9 0
 2019  23  1 23  5 38  5.633 152.65    -1.2 0     0.0 0 -9999.9 1     0.0 0   262.2 0   263.6 0   263.7 0   268.3 0   262.5 0   262.6 0     0.0 0     0.0 0     0.0 0    -6.1 0    -6.1 0   -10.2 0    87.9 0     3.4 0   332.0 0   961.9 0
 2019  23  1 23  5 39  5.650 152.75    -1.2 0     0.0 0 -9999.9 1     0.0 0   262.2 0   263.6 0   263.7 0   268.0 0   262.5 0   262.6 0     0.0 0     0.0 0     0.0 0    -5.8 0    -5.8 0   -10.2 0    87.9 0     2.7 0   334.1 0   961.9 0
 2019  23  1 23  5 40  5.667 152.84    -1.2 0     0.0 0 -9999.9 1     0.0 0   262.2 0   263.6 0   263.7 0   268.1 0   262.6 0   262.7 0     0.0 0     0.0 0     0.0 0    -5.9 0    -5.9 0   -10.2 0    88.1 0     3.1 0   339.7 0   961.9 0
 2019  23  1 23  5 41  5.683 152.93    -1.2 0     0.0 0 -9999.9 1     0.0 0   262.0 0   263.6 0   263.7 0   268.3 0   262.6 0   262.7 0     0.0 0     0.0 0     0.0 0    -6.3 0    -6.3 0   -10.2 0    87.9 0     3.0 0   341.0 0   961.9 0
 2019  23  1 23  5 42  5.700 153.03    -1.2 0     0.0 0 -9999.9 1     0.0 0   261.8 0   263.6 0   263.7 0   268.3 0   262.6 0   262.7 0     0.0 0     0.0 0     0.0 0    -6.5 0    -6.5 0   -10.2 0    88.0 0     3.0 0   339.0 0   961.9 0
 2019  23  1 23  5 43  5.717 153.12    -1.2 0     0.0 0 -9999.9 1     0.0 0   261.7 0   263.6 0   263.7 0   268.3 0   262.6 0   262.7 0     0.0 0     0.0 0     0.0 0    -6.6 0    -6.6 0   -10.2 0    88.0 0     3.0 0   332.3 0   961.9 0
 2019  23  1 23  5 44  5.733 153.21    -1.2 0     0.0 0 -9999.9 1     0.0 0   262.0 0   263.7 0   263.7 0   268.3 0   262.6 0   262.7 0     0.0 0     0.0 0     0.0 0    -6.3 0    -6.3 0   -10.2 0    88.1 0     2.4 0   340.0 0   961.9 0
 2019  23  1 23  5 45  5.750 153.30    -1.2 0     0.0 0 -9999.9 1     0.0 0   261.9 0   263.7 0   263.7 0   268.4 0   262.6 0   262.7 0     0.0 0     0.0 0     0.0 0    -6.5 0    -6.5 0   -10.1 0    88.2 0     2.6 0   335.3 0   961.9 0
 2019  23  1 23  5 46  5.767 153.38    -1.2 0     0.0 0 -9999.9 1     0.0 0   261.7 0   263.7 0   263.7 0   268.5 0   262.6 0   262.7 0     0.0 0     0.0 0     0.0 0    -6.9 0    -6.9 0   -10.1 0    88.2 0     2.8 0   333.6 0   961.8 0
 2019  23  1 23  5 47  5.783 153.47    -1.2 0     0.0 0 -9999.9 1     0.0 0   261.3 0   263.7 0   263.7 0   268.4 0   262.6 0   262.7 0     0.0 0     0.0 0     0.0 0    -7.1 0    -7.1 0   -10.1 0    88.2 0     2.7 0   335.4 0   961.8 0
 2019  23  1 23  5 48  5.800 153.55    -1.2 0     0.0 0 -9999.9 1     0.0 0   260.8 0   263.7 0   263.7 0   268.3 0   262.6 0   262.7 0     0.0 0     0.0 0     0.0 0    -7.5 0    -7.5 0   -10.1 0    88.1 0     3.2 0   338.3 0   961.8 0
 2019  23  1 23  5 49  5.817 153.64    -1.2 0     0.0 0 -9999.9 1     0.0 0   260.4 0   263.7 0   263.8 0   268.3 0   262.6 0   262.7 0     0.0 0     0.0 0     0.0 0    -7.9 0    -7.9 0   -10.1 0    88.1 0     2.8 0   335.6 0   961.8 0
 2019  23  1 23  5 50  5.833 153.72    -1.2 0     0.0 0 -9999.9 1     0.0 0   260.0 0   263.7 0   263.8 0   268.3 0   262.6 0   262.7 0     0.0 0     0.0 0     0.0 0    -8.3 0    -8.3 0   -10.1 0    88.1 0     3.5 0   335.3 0   961.7 0
 2019  23  1 23  5 51  5.850 153.80    -1.2 0     0.0 0 -9999.9 1     0.0 0   259.6 0   263.7 0   263.8 0   268.1 0   262.6 0   262.7 0     0.0 0     0.0 0     0.0 0    -8.6 0    -8.6 0   -10.1 0    88.1 0     3.6 0   340.3 0   961.7 0
 2019  23  1 23  5 52  5.867 153.88    -1.2 0     0.0 0 -9999.9 1     0.0 0   259.0 0   263.7 0   263.8 0   267.8 0   262.6 0   262.7 0     0.0 0     0.0 0     0.0 0    -8.9 0    -8.9 0   -10.1 0    88.2 0     2.9 0   335.3 0   961.7 0
 2019  23  1 23  5 53  5.883 153.95    -1.2 0     0.0 0 -9999.9 1     0.0 0   258.6 0   263.7 0   263.8 0   268.0 0   262.6 0   262.7 0     0.0 0     0.0 0     0.0 0    -9.3 0    -9.3 0   -10.1 0    88.2 0     4.1 0   328.5 0   961.7 0
 2019  23  1 23  5 54  5.900 154.03    -1.2 0     0.0 0 -9999.9 1     0.0 0   258.6 0   263.7 0   263.8 0   268.4 0   262.6 0   262.7 0     0.0 0     0.0 0     0.0 0    -9.7 0    -9.7 0   -10.1 0    88.3 0     4.1 0   328.2 0   961.6 0
 2019  23  1 23  5 55  5.917 154.10    -1.2 0     0.0 0 -9999.9 1     0.0 0   258.7 0   263.7 0   263.8 0   268.3 0   262.6 0   262.7 0     0.0 0     0.0 0     0.0 0    -9.6 0    -9.6 0   -10.1 0    88.2 0     4.1 0   334.3 0   961.6 0
 2019  23  1 23  5 56  5.933 154.18    -1.2 0     0.0 0 -9999.9 1     0.0 0   258.4 0   263.7 0   263.8 0   268.2 0   262.6 0   262.7 0     0.0 0     0.0 0     0.0 0    -9.8 0    -9.8 0   -10.1 0    88.0 0     3.6 0   336.7 0   961.6 0
 2019  23  1 23  5 57  5.950 154.25    -1.2 0     0.0 0 -9999.9 1     0.0 0   258.5 0   263.7 0   263.8 0   268.1 0   262.6 0   262.7 0     0.0 0     0.0 0     0.0 0    -9.7 0    -9.7 0   -10.1 0    88.1 0     3.1 0   330.7 0   961.6 0
 2019  23  1 23  5 58  5.967 154.32    -1.2 0     0.0 0 -9999.9 1     0.0 0   258.6 0   263.7 0   263.8 0   268.4 0   262.6 0   262.7 0     0.0 0     0.0 0     0.0 0    -9.7 0    -9.7 0   -10.1 0    88.4 0     3.0 0   324.1 0   961.6 0
 2019  23  1 23  5 59  5.983 154.39    -1.2 0     0.0 0 -9999.9 1     0.0 0   258.6 0   263.7 0   263.8 0   268.5 0   262.7 0   262.7 0     0.0 0     0.0 0     0.0 0   -10.0 0   -10.0 0   -10.1 0    88.6 0     3.0 0   337.5 0   961.6 0
 2019  23  1 23  6  0  6.000 154.45    -1.2 0     0.0 0 -9999.9 1     0.0 0   258.8 0   263.7 0   263.8 0   268.3 0   262.7 0   262.7 0     0.0 0     0.0 0     0.0 0    -9.5 0    -9.5 0   -10.1 0    88.3 0     3.9 0   332.4 0   961.6 0
 2019  23  1 23  6  1  6.017 154.52    -1.2 0     0.0 0 -9999.9 1     0.0 0   259.2 0   263.7 0   263.8 0   268.3 0   262.7 0   262.7 0     0.0 0     0.0 0     0.0 0    -9.1 0    -9.1 0   -10.1 0    88.1 0     3.7 0   329.4 0   961.6 0
 2019  23  1 23  6  2  6.033 154.58    -1.2 0     0.0 0 -9999.9 1     0.0 0   259.2 0   263.7 0   263.8 0   268.3 0   262.7 0   262.7 0     0.0 0     0.0 0     0.0 0    -9.1 0    -9.1 0   -10.1 0    88.2 0     4.1 0   331.0 0   961.7 0
 2019  23  1 23  6  3  6.050 154.65    -1.2 0     0.0 0 -9999.9 1     0.0 0   259.1 0   263.7 0   263.8 0   268.3 0   262.7 0   262.7 0     0.0 0     0.0 0     0.0 0    -9.2 0    -9.2 0   -10.1 0    88.4 0     3.3 0   333.5 0   961.7 0
 2019  23  1 23  6  4  6.067 154.71    -1.2 0     0.0 0 -9999.9 1     0.0 0   259.4 0   263.7 0   263.8 0   268.3 0   262.7 0   262.7 0     0.0 0     0.0 0     0.0 0    -8.8 0    -8.8 0   -10.1 0    88.3 0     3.5 0   339.2 0   961.7 0
 2019  23  1 23  6  5  6.083 154.77    -1.2 0     0.0 0 -9999.9 1     0.0 0   259.6 0   263.7 0   263.8 0   268.2 0   262.7 0   262.7 0     0.0 0     0.0 0     0.0 0    -8.6 0    -8.6 0   -10.1 0    88.2 0     3.2 0   338.3 0   961.7 0
 2019  23  1 23  6  6  6.100 154.82    -1.2 0     0.0 0 -9999.9 1     0.0 0   259.3 0   263.7 0   263.8 0   268.5 0   262.7 0   262.7 0     0.0 0     0.0 0     0.0 0    -9.2 0    -9.2 0   -10.1 0    88.2 0     2.5 0   333.9 0   961.6 0
 2019  23  1 23  6  7  6.117 154.88    -1.2 0     0.0 0 -9999.9 1     0.0 0   258.6 0   263.7 0   263.8 0   268.5 0   262.7 0   262.8 0     0.0 0     0.0 0     0.0 0    -9.9 0    -9.9 0   -10.1 0    88.2 0     3.3 0   334.8 0   961.6 0
 2019  23  1 23  6  8  6.133 154.93    -1.2 0     0.0 0 -9999.9 1     0.0 0   258.1 0   263.7 0   263.8 0   268.1 0   262.7 0   262.8 0     0.0 0     0.0 0     0.0 0   -10.0 0   -10.0 0   -10.1 0    88.4 0     3.0 0   331.7 0   961.5 0
 2019  23  1 23  6  9  6.150 154.99    -1.2 0     0.0 0 -9999.9 1     0.0 0   257.6 0   263.7 0   263.8 0   268.1 0   262.7 0   262.8 0     0.0 0     0.0 0     0.0 0   -10.5 0   -10.5 0   -10.1 0    88.3 0     3.5 0   330.0 0   961.5 0
 2019  23  1 23  6 10  6.167 155.04    -1.2 0     0.0 0 -9999.9 1     0.0 0   257.1 0   263.8 0   263.8 0   268.2 0   262.7 0   262.8 0     0.0 0     0.0 0     0.0 0   -11.0 0   -11.0 0   -10.1 0    88.7 0     2.8 0   331.0 0   961.5 0
 2019  23  1 23  6 11  6.183 155.09    -1.2 0     0.0 0 -9999.9 1     0.0 0   256.5 0   263.8 0   263.8 0   267.9 0   262.7 0   262.8 0     0.0 0     0.0 0     0.0 0   -11.3 0   -11.3 0   -10.1 0    88.6 0     3.0 0   337.6 0   961.4 0
 2019  23  1 23  6 12  6.200 155.13    -1.1 0     0.0 0 -9999.9 1     0.0 0   255.9 0   263.8 0   263.8 0   267.9 0   262.7 0   262.8 0     0.0 0     0.0 0     0.0 0   -12.0 0   -12.0 0   -10.1 0    88.3 0     3.9 0   330.3 0   961.4 0
 2019  23  1 23  6 13  6.217 155.18    -1.2 0     0.0 0 -9999.9 1     0.0 0   255.1 0   263.8 0   263.8 0   267.8 0   262.7 0   262.8 0     0.0 0     0.0 0     0.0 0   -12.7 0   -12.7 0   -10.1 0    88.1 0     4.1 0   329.8 0   961.4 0
 2019  23  1 23  6 14  6.233 155.22    -1.2 0     0.0 0 -9999.9 1     0.0 0   254.2 0   263.8 0   263.8 0   267.6 0   262.7 0   262.8 0     0.0 0     0.0 0     0.0 0   -13.4 0   -13.4 0   -10.1 0    88.0 0     3.4 0   338.8 0   961.4 0
 2019  23  1 23  6 15  6.250 155.27    -1.2 0     0.0 0 -9999.9 1     0.0 0   253.3 0   263.8 0   263.8 0   267.5 0   262.7 0   262.8 0     0.0 0     0.0 0     0.0 0   -14.2 0   -14.2 0   -10.1 0    88.2 0     3.6 0   332.8 0   961.4 0
 2019  23  1 23  6 16  6.267 155.31    -1.2 0     0.0 0 -9999.9 1     0.0 0   253.4 0   263.8 0   263.8 0   267.5 0   262.7 0   262.8 0     0.0 0     0.0 0     0.0 0   -14.1 0   -14.1 0   -10.1 0    88.1 0     4.1 0   339.7 0   961.4 0
 2019  23  1 23  6 17  6.283 155.35    -1.2 0     0.0 0 -9999.9 1     0.0 0   253.7 0   263.8 0   263.8 0   267.5 0   262.7 0   262.8 0     0.0 0     0.0 0     0.0 0   -13.7 0   -13.7 0   -10.1 0    87.9 0     4.2 0   332.1 0   961.4 0
 2019  23  1 23  6 18  6.300 155.38    -1.2 0     0.0 0 -9999.9 1     0.0 0   253.2 0   263.7 0   263.8 0   267.4 0   262.7 0   262.8 0     0.0 0     0.0 0     0.0 0   -14.2 0   -14.2 0   -10.1 0    88.1 0     3.7 0   337.9 0   961.4 0
 2019  23  1 23  6 19  6.317 155.42    -1.2 0     0.0 0 -9999.9 1     0.0 0   253.5 0   263.7 0   263.8 0   267.3 0   262.7 0   262.8 0     0.0 0     0.0 0     0.0 0   -13.8 0   -13.8 0   -10.1 0    88.2 0     3.7 0   334.7 0   961.4 0
 2019  23  1 23  6 20  6.333 155.46    -1.2 0     0.0 0 -9999.9 1     0.0 0   253.4 0   263.7 0   263.8 0   267.3 0   262.7 0   262.8 0     0.0 0     0.0 0     0.0 0   -13.9 0   -13.9 0   -10.1 0    88.4 0     3.5 0   335.0 0   961.3 0
 2019  23  1 23  6 21  6.350 155.49    -1.2 0     0.0 0 -9999.9 1     0.0 0   252.1 0   263.7 0   263.8 0   267.1 0   262.7 0   262.8 0     0.0 0     0.0 0     0.0 0   -15.0 0   -15.0 0   -10.1 0    88.3 0     3.0 0   338.1 0   961.3 0
 2019  23  1 23  6 22  6.367 155.52    -1.2 0     0.0 0 -9999.9 1     0.0 0   251.5 0   263.7 0   263.8 0   267.0 0   262.7 0   262.8 0     0.0 0     0.0 0     0.0 0   -15.5 0   -15.5 0   -10.1 0    88.3 0     3.0 0   335.9 0   961.3 0
 2019  23  1 23  6 23  6.383 155.55    -1.2 0     0.0 0 -9999.9 1     0.0 0   251.9 0   263.7 0   263.8 0   266.9 0   262.7 0   262.8 0     0.0 0     0.0 0     0.0 0   -15.0 0   -15.0 0   -10.1 0    88.4 0     3.2 0   341.5 0   961.3 0
 2019  23  1 23  6 24  6.400 155.57    -1.2 0     0.0 0 -9999.9 1     0.0 0   252.6 0   263.7 0   263.8 0   266.9 0   262.7 0   262.8 0     0.0 0     0.0 0     0.0 0   -14.3 0   -14.3 0   -10.1 0    88.3 0     3.1 0   337.7 0   961.3 0
 2019  23  1 23  6 25  6.417 155.60    -1.2 0     0.0 0 -9999.9 1     0.0 0   252.4 0   263.7 0   263.8 0   266.9 0   262.7 0   262.8 0     0.0 0     0.0 0     0.0 0   -14.5 0   -14.5 0   -10.1 0    88.4 0     3.1 0   341.2 0   961.3 0
 2019  23  1 23  6 26  6.433 155.62    -1.2 0     0.0 0 -9999.9 1     0.0 0   252.0 0   263.7 0   263.8 0   266.8 0   262.7 0   262.8 0     0.0 0     0.0 0     0.0 0   -14.8 0   -14.8 0   -10.1 0    88.4 0     3.4 0   338.0 0   961.3 0
 2019  23  1 23  6 27  6.450 155.64    -1.2 0     0.0 0 -9999.9 1     0.0 0   252.6 0   263.7 0   263.8 0   266.8 0   262.7 0   262.8 0     0.0 0     0.0 0     0.0 0   -14.2 0   -14.2 0   -10.1 0    88.5 0     3.2 0   340.1 0   961.3 0
 2019  23  1 23  6 28  6.467 155.66    -1.2 0     0.0 0 -9999.9 1     0.0 0   252.5 0   263.7 0   263.8 0   266.9 0   262.7 0   262.8 0     0.0 0     0.0 0     0.0 0   -14.3 0   -14.3 0   -10.1 0    88.7 0     3.0 0   332.6 0   961.3 0
 2019  23  1 23  6 29  6.483 155.68    -1.2 0     0.0 0 -9999.9 1     0.0 0   252.6 0   263.7 0   263.8 0   266.8 0   262.7 0   262.8 0     0.0 0     0.0 0     0.0 0   -14.2 0   -14.2 0   -10.1 0    88.5 0     3.0 0   335.0 0   961.3 0
 2019  23  1 23  6 30  6.500 155.70    -1.2 0     0.0 0 -9999.9 1     0.0 0   253.2 0   263.7 0   263.8 0   267.0 0   262.7 0   262.8 0     0.0 0     0.0 0     0.0 0   -13.8 0   -13.8 0   -10.1 0    88.4 0     3.7 0   331.7 0   961.3 0
 2019  23  1 23  6 31  6.517 155.71    -1.2 0     0.0 0 -9999.9 1     0.0 0   253.4 0   263.7 0   263.8 0   267.1 0   262.7 0   262.8 0     0.0 0     0.0 0     0.0 0   -13.7 0   -13.7 0   -10.1 0    88.4 0     3.8 0   331.2 0   961.3 0
 2019  23  1 23  6 32  6.533 155.73    -1.2 0     0.0 0 -9999.9 1     0.0 0   253.2 0   263.7 0   263.8 0   267.0 0   262.7 0   262.8 0     0.0 0     0.0 0     0.0 0   -13.8 0   -13.8 0   -10.1 0    88.4 0     2.9 0   334.0 0   961.3 0
 2019  23  1 23  6 33  6.550 155.74    -1.2 0     0.0 0 -9999.9 1     0.0 0   253.3 0   263.7 0   263.8 0   266.9 0   262.7 0   262.8 0     0.0 0     0.0 0     0.0 0   -13.6 0   -13.6 0   -10.1 0    88.5 0     2.8 0   338.8 0   961.3 0
 2019  23  1 23  6 34  6.567 155.75    -1.2 0     0.0 0 -9999.9 1     0.0 0   253.6 0   263.7 0   263.8 0   267.0 0   262.7 0   262.8 0     0.0 0     0.0 0     0.0 0   -13.4 0   -13.4 0   -10.1 0    88.6 0     2.8 0   332.7 0   961.3 0
 2019  23  1 23  6 35  6.583 155.75    -1.2 0     0.0 0 -9999.9 1     0.0 0   253.3 0   263.7 0   263.8 0   266.9 0   262.7 0   262.8 0     0.0 0     0.0 0     0.0 0   -13.7 0   -13.7 0   -10.1 0    88.7 0     2.8 0   336.9 0   961.3 0
 2019  23  1 23  6 36  6.600 155.76    -1.2 0     0.0 0 -9999.9 1     0.0 0   252.7 0   263.7 0   263.8 0   266.9 0   262.7 0   262.8 0     0.0 0     0.0 0     0.0 0   -14.2 0   -14.2 0   -10.1 0    88.5 0     3.4 0   337.7 0   961.3 0
 2019  23  1 23  6 37  6.617 155.76    -1.2 0     0.0 0 -9999.9 1     0.0 0   254.4 0   263.7 0   263.8 0   267.0 0   262.7 0   262.8 0     0.0 0     0.0 0     0.0 0   -12.6 0   -12.6 0   -10.1 0    88.5 0     2.8 0   334.1 0   961.3 0
 2019  23  1 23  6 38  6.633 155.77    -1.2 0     0.0 0 -9999.9 1     0.0 0   255.0 0   263.7 0   263.8 0   267.1 0   262.7 0   262.8 0     0.0 0     0.0 0     0.0 0   -12.1 0   -12.1 0   -10.1 0    88.6 0     2.7 0   332.5 0   961.3 0
 2019  23  1 23  6 39  6.650 155.77    -1.2 0     0.0 0 -9999.9 1     0.0 0   253.7 0   263.7 0   263.8 0   267.0 0   262.7 0   262.8 0     0.0 0     0.0 0     0.0 0   -13.3 0   -13.3 0   -10.1 0    88.8 0     2.4 0   332.6 0   961.3 0
 2019  23  1 23  6 40  6.667 155.76    -1.2 0     0.0 0 -9999.9 1     0.0 0   253.5 0   263.7 0   263.8 0   267.0 0   262.7 0   262.8 0     0.0 0     0.0 0     0.0 0   -13.6 0   -13.6 0   -10.1 0    88.9 0     3.3 0   329.2 0   961.2 0
 2019  23  1 23  6 41  6.683 155.76    -1.2 0     0.0 0 -9999.9 1     0.0 0   253.8 0   263.7 0   263.8 0   267.1 0   262.7 0   262.8 0     0.0 0     0.0 0     0.0 0   -13.4 0   -13.4 0   -10.1 0    88.6 0     4.0 0   333.0 0   961.2 0
 2019  23  1 23  6 42  6.700 155.76    -1.2 0     0.0 0 -9999.9 1     0.0 0   253.6 0   263.7 0   263.8 0   267.1 0   262.7 0   262.8 0     0.0 0     0.0 0     0.0 0   -13.6 0   -13.6 0   -10.1 0    88.4 0     3.6 0   331.3 0   961.2 0
 2019  23  1 23  6 43  6.717 155.75    -1.2 0     0.0 0 -9999.9 1     0.0 0   253.3 0   263.7 0   263.8 0   267.2 0   262.7 0   262.8 0     0.0 0     0.0 0     0.0 0   -13.9 0   -13.9 0   -10.1 0    88.6 0     3.2 0   333.4 0   961.2 0
 2019  23  1 23  6 44  6.733 155.74    -1.2 0     0.0 0 -9999.9 1     0.0 0   253.2 0   263.7 0   263.8 0   267.0 0   262.7 0   262.8 0     0.0 0     0.0 0     0.0 0   -13.9 0   -13.9 0   -10.1 0    88.5 0     3.3 0   336.3 0   961.2 0
 2019  23  1 23  6 45  6.750 155.73    -1.2 0     0.0 0 -9999.9 1     0.0 0   252.8 0   263.7 0   263.8 0   267.0 0   262.7 0   262.8 0     0.0 0     0.0 0     0.0 0   -14.1 0   -14.1 0   -10.1 0    88.6 0     2.5 0   328.9 0   961.2 0
 2019  23  1 23  6 46  6.767 155.72    -1.2 0     0.0 0 -9999.9 1     0.0 0   251.9 0   263.7 0   263.8 0   266.8 0   262.7 0   262.8 0     0.0 0     0.0 0     0.0 0   -14.9 0   -14.9 0   -10.0 0    88.9 0     2.2 0   332.6 0   961.1 0
 2019  23  1 23  6 47  6.783 155.70    -1.2 0     0.0 0 -9999.9 1     0.0 0   251.0 0   263.7 0   263.8 0   266.8 0   262.7 0   262.8 0     0.0 0     0.0 0     0.0 0   -15.9 0   -15.9 0   -10.1 0    88.9 0     2.9 0   327.8 0   961.1 0
 2019  23  1 23  6 48  6.800 155.69    -1.2 0     0.0 0 -9999.9 1     0.0 0   249.5 0   263.7 0   263.8 0   267.0 0   262.7 0   262.8 0     0.0 0     0.0 0     0.0 0   -17.5 0   -17.5 0   -10.0 0    89.0 0     2.5 0   331.0 0   961.0 0
 2019  23  1 23  6 49  6.817 155.67    -1.2 0     0.0 0 -9999.9 1     0.0 0   247.0 0   263.7 0   263.8 0   266.9 0   262.7 0   262.8 0     0.0 0     0.0 0     0.0 0   -19.9 0   -19.9 0   -10.0 0    89.2 0     2.8 0   329.1 0   961.0 0
 2019  23  1 23  6 50  6.833 155.65    -1.2 0     0.0 0 -9999.9 1     0.0 0   245.5 0   263.7 0   263.8 0   266.6 0   262.7 0   262.8 0     0.0 0     0.0 0     0.0 0   -21.1 0   -21.1 0   -10.1 0    89.1 0     3.2 0   334.9 0   960.9 0
 2019  23  1 23  6 51  6.850 155.63    -1.2 0     0.0 0 -9999.9 1     0.0 0   244.9 0   263.7 0   263.8 0   266.4 0   262.7 0   262.8 0     0.0 0     0.0 0     0.0 0   -21.5 0   -21.5 0   -10.0 0    88.9 0     2.8 0   332.3 0   960.9 0
 2019  23  1 23  6 52  6.867 155.60    -1.2 0     0.0 0 -9999.9 1     0.1 0   244.3 0   263.7 0   263.8 0   266.1 0   262.7 0   262.8 0     0.0 0     0.0 0     0.0 0   -21.8 0   -21.8 0   -10.0 0    89.1 0     2.9 0   334.9 0   960.9 0
 2019  23  1 23  6 53  6.883 155.58    -1.2 0     0.0 0 -9999.9 1     0.1 0   244.4 0   263.7 0   263.8 0   266.0 0   262.7 0   262.8 0     0.0 0     0.0 0     0.0 0   -21.6 0   -21.6 0   -10.1 0    88.9 0     3.4 0   329.9 0   960.9 0
 2019  23  1 23  6 54  6.900 155.55    -1.2 0     0.0 0 -9999.9 1     0.2 0   243.5 0   263.7 0   263.8 0   265.7 0   262.7 0   262.8 0     0.0 0     0.0 0     0.0 0   -22.3 0   -22.3 0   -10.0 0    89.3 0     2.6 0   327.4 0   960.9 0
 2019  23  1 23  6 55  6.917 155.52    -1.2 0     0.0 0 -9999.9 1     0.3 0   242.0 0   263.7 0   263.7 0   265.5 0   262.7 0   262.8 0     0.0 0     0.0 0     0.0 0   -23.5 0   -23.5 0   -10.0 0    89.5 0     3.1 0   320.7 0   960.9 0
 2019  23  1 23  6 56  6.933 155.49    -1.2 0     0.0 0 -9999.9 1     0.3 0   241.5 0   263.7 0   263.7 0   266.0 0   262.7 0   262.8 0     0.0 0     0.0 0     0.0 0   -24.5 0   -24.5 0   -10.0 0    90.0 0     3.7 0   320.7 0   960.9 0
 2019  23  1 23  6 57  6.950 155.46    -1.2 0     0.0 0 -9999.9 1     0.2 0   241.8 0   263.7 0   263.7 0   266.2 0   262.7 0   262.8 0     0.0 0     0.0 0     0.0 0   -24.4 0   -24.4 0   -10.0 0    90.3 0     3.7 0   322.9 0   960.9 0
 2019  23  1 23  6 58  6.967 155.43    -1.2 0     0.0 0 -9999.9 1     0.1 0   241.3 0   263.7 0   263.7 0   265.7 0   262.7 0   262.8 0     0.0 0     0.0 0     0.0 0   -24.4 0   -24.4 0   -10.0 0    89.8 0     3.2 0   325.0 0   960.9 0
 2019  23  1 23  6 59  6.983 155.39    -1.2 0     0.0 0 -9999.9 1     0.2 0   240.5 0   263.7 0   263.7 0   265.6 0   262.7 0   262.8 0     0.0 0     0.0 0     0.0 0   -25.1 0   -25.1 0   -10.0 0    89.6 0     3.1 0   325.1 0   960.9 0
 2019  23  1 23  7  0  7.000 155.35    -1.2 0     0.0 0 -9999.9 1     0.3 0   240.1 0   263.7 0   263.7 0   265.6 0   262.7 0   262.8 0     0.0 0     0.0 0     0.0 0   -25.5 0   -25.5 0   -10.0 0    89.5 0     3.8 0   321.7 0   960.9 0
 2019  23  1 23  7  1  7.017 155.32    -1.2 0     0.0 0 -9999.9 1     0.3 0   239.6 0   263.7 0   263.7 0   265.6 0   262.7 0   262.8 0     0.0 0     0.0 0     0.0 0   -26.0 0   -26.0 0   -10.0 0    89.5 0     3.4 0   320.7 0   960.9 0
 2019  23  1 23  7  2  7.033 155.28    -1.2 0     0.0 0 -9999.9 1     0.3 0   239.3 0   263.7 0   263.7 0   265.4 0   262.7 0   262.8 0     0.0 0     0.0 0     0.0 0   -26.2 0   -26.2 0   -10.0 0    90.0 0     2.7 0   311.3 0   960.9 0
 2019  23  1 23  7  3  7.050 155.23    -1.2 0     0.0 0 -9999.9 1     0.3 0   240.2 0   263.7 0   263.7 0   265.4 0   262.7 0   262.8 0     0.0 0     0.0 0     0.0 0   -25.2 0   -25.2 0   -10.0 0    90.3 0     2.8 0   319.7 0   960.9 0
 2019  23  1 23  7  4  7.067 155.19    -1.2 0     0.0 0 -9999.9 1     0.3 0   240.0 0   263.7 0   263.7 0   265.2 0   262.7 0   262.8 0     0.0 0     0.0 0     0.0 0   -25.2 0   -25.2 0   -10.0 0    90.4 0     3.3 0   321.1 0   960.9 0
 2019  23  1 23  7  5  7.083 155.14    -1.2 0     0.0 0 -9999.9 1     0.3 0   238.6 0   263.7 0   263.7 0   265.1 0   262.7 0   262.8 0     0.0 0     0.0 0     0.0 0   -26.5 0   -26.5 0   -10.0 0    90.2 0     3.4 0   316.1 0   960.9 0
 2019  23  1 23  7  6  7.100 155.10    -1.2 0     0.0 0 -9999.9 1     0.3 0   239.0 0   263.7 0   263.7 0   265.1 0   262.7 0   262.8 0     0.0 0     0.0 0     0.0 0   -26.1 0   -26.1 0   -10.1 0    89.9 0     3.9 0   317.9 0   960.9 0
 2019  23  1 23  7  7  7.117 155.05    -1.2 0     0.0 0 -9999.9 1     0.2 0   238.5 0   263.7 0   263.7 0   265.0 0   262.7 0   262.8 0     0.0 0     0.0 0     0.0 0   -26.4 0   -26.4 0   -10.1 0    89.9 0     3.3 0   319.7 0   960.9 0
 2019  23  1 23  7  8  7.133 155.00    -1.2 0     0.0 0 -9999.9 1     0.3 0   237.3 0   263.6 0   263.7 0   265.0 0   262.7 0   262.8 0     0.0 0     0.0 0     0.0 0   -27.7 0   -27.7 0   -10.0 0    90.3 0     3.3 0   324.0 0   960.9 0
 2019  23  1 23  7  9  7.150 154.94    -1.2 0     0.0 0 -9999.9 1     0.3 0   235.9 0   263.6 0   263.6 0   264.8 0   262.7 0   262.8 0     0.0 0     0.0 0     0.0 0   -28.9 0   -28.9 0   -10.0 0    91.0 0     2.9 0   319.8 0   960.8 0
 2019  23  1 23  7 10  7.167 154.89    -1.2 0     0.0 0 -9999.9 1     0.3 0   233.4 0   263.6 0   263.6 0   264.4 0   262.7 0   262.8 0     0.0 0     0.0 0     0.0 0   -31.0 0   -31.0 0   -10.0 0    90.8 0     3.4 0   317.0 0   960.8 0
 2019  23  1 23  7 11  7.183 154.83    -1.2 0     0.0 0 -9999.9 1     0.3 0   230.4 0   263.6 0   263.6 0   263.8 0   262.7 0   262.8 0     0.0 0     0.0 0     0.0 0   -33.4 0   -33.4 0   -10.0 0    90.3 0     2.8 0   318.3 0   960.8 0
 2019  23  1 23  7 12  7.200 154.78    -1.2 0     0.0 0 -9999.9 1     0.3 0   226.7 0   263.6 0   263.6 0   263.3 0   262.7 0   262.8 0     0.0 0     0.0 0     0.0 0   -36.6 0   -36.6 0   -10.1 0    90.1 0     3.9 0   320.1 0   960.8 0
 2019  23  1 23  7 13  7.217 154.72    -1.2 0     0.0 0 -9999.9 1     0.3 0   223.3 0   263.6 0   263.6 0   262.9 0   262.7 0   262.8 0     0.0 0     0.0 0     0.0 0   -39.6 0   -39.6 0   -10.1 0    89.9 0     3.7 0   324.3 0   960.8 0
 2019  23  1 23  7 14  7.233 154.66    -1.2 0     0.0 0 -9999.9 1     0.3 0   218.2 0   263.6 0   263.6 0   262.5 0   262.7 0   262.8 0     0.0 0     0.0 0     0.0 0   -44.4 0   -44.4 0   -10.1 0    90.1 0     4.1 0   317.5 0   960.8 0
 2019  23  1 23  7 15  7.250 154.60    -1.2 0     0.0 0 -9999.9 1     0.3 0   211.5 0   263.6 0   263.5 0   261.9 0   262.7 0   262.8 0     0.0 0     0.0 0     0.0 0   -50.4 0   -50.4 0   -10.1 0    90.2 0     3.7 0   315.3 0   960.7 0
 2019  23  1 23  7 16  7.267 154.53    -1.2 0     0.0 0 -9999.9 1     0.3 0   205.3 0   263.6 0   263.5 0   260.6 0   262.7 0   262.7 0     0.0 0     0.0 0     0.0 0   -55.3 0   -55.3 0   -10.1 0    90.3 0     3.5 0   314.9 0   960.7 0
 2019  23  1 23  7 17  7.283 154.47    -1.2 0     0.0 0 -9999.9 1     0.3 0   200.3 0   263.6 0   263.5 0   259.4 0   262.7 0   262.7 0     0.0 0     0.0 0     0.0 0   -59.1 0   -59.1 0   -10.1 0    90.1 0     3.6 0   316.9 0   960.7 0
 2019  23  1 23  7 18  7.300 154.40    -1.2 0     0.0 0 -9999.9 1     0.3 0   197.1 0   263.5 0   263.4 0   258.6 0   262.7 0   262.7 0     0.0 0     0.0 0     0.0 0   -61.4 0   -61.4 0   -10.2 0    90.0 0     3.1 0   317.2 0   960.7 0
 2019  23  1 23  7 19  7.317 154.33    -1.2 0     0.1 0 -9999.9 1     0.3 0   194.5 0   263.5 0   263.4 0   257.5 0   262.6 0   262.7 0     0.0 0     0.0 0     0.0 0   -63.0 0   -63.0 0   -10.2 0    89.9 0     2.8 0   313.4 0   960.7 0
 2019  23  1 23  7 20  7.333 154.26    -1.2 0     0.3 0 -9999.9 1     0.4 0   192.4 0   263.5 0   263.3 0   256.3 0   262.6 0   262.6 0     0.0 0     0.0 0     0.0 0   -63.9 0   -63.9 0   -10.3 0    89.9 0     2.6 0   312.8 0   960.6 0
 2019  23  1 23  7 21  7.350 154.19    -1.1 0     0.4 0 -9999.9 1     0.5 0   191.6 0   263.5 0   263.3 0   256.1 0   262.6 0   262.6 0     0.0 0     0.0 0     0.0 0   -64.5 0   -64.5 0   -10.3 0    89.9 0     3.4 0   308.2 0   960.6 0
 2019  23  1 23  7 22  7.367 154.12    -0.9 0     0.4 0 -9999.9 1     0.6 0   191.0 0   263.4 0   263.2 0   255.9 0   262.6 0   262.6 0     0.0 0     0.0 0     0.0 0   -64.9 0   -64.9 0   -10.4 0    89.9 0     3.4 0   310.9 0   960.7 0
 2019  23  1 23  7 23  7.383 154.04    -0.8 0     0.4 0 -9999.9 1     0.7 0   190.7 0   263.4 0   263.2 0   255.2 0   262.5 0   262.5 0     0.0 0     0.0 0     0.0 0   -64.6 0   -64.6 0   -10.4 0    89.9 0     3.6 0   305.6 0   960.7 0
 2019  23  1 23  7 24  7.400 153.97    -0.8 0     0.4 0 -9999.9 1     0.7 0   190.6 0   263.3 0   263.1 0   254.8 0   262.5 0   262.5 0     0.0 0     0.0 0     0.0 0   -64.2 0   -64.2 0   -10.5 0    89.7 0     3.0 0   309.6 0   960.7 0
 2019  23  1 23  7 25  7.417 153.89    -0.8 0     0.4 0 -9999.9 1     0.5 0   190.4 0   263.3 0   263.1 0   254.2 0   262.5 0   262.5 0     0.0 0     0.0 0     0.0 0   -63.8 0   -63.8 0   -10.5 0    89.8 0     2.9 0   307.9 0   960.6 0
 2019  23  1 23  7 26  7.433 153.81    -0.8 0     0.4 0 -9999.9 1     0.6 0   190.2 0   263.2 0   263.0 0   253.8 0   262.4 0   262.4 0     0.0 0     0.0 0     0.0 0   -63.6 0   -63.6 0   -10.6 0    90.1 0     3.0 0   315.3 0   960.7 0
 2019  23  1 23  7 27  7.450 153.73    -0.8 0     0.4 0 -9999.9 1     0.6 0   190.1 0   263.2 0   263.0 0   253.5 0   262.4 0   262.4 0     0.0 0     0.0 0     0.0 0   -63.4 0   -63.4 0   -10.6 0    90.3 0     3.2 0   313.2 0   960.6 0
 2019  23  1 23  7 28  7.467 153.65    -0.8 0     0.4 0 -9999.9 1     0.5 0   190.2 0   263.1 0   263.0 0   253.5 0   262.4 0   262.4 0     0.0 0     0.0 0     0.0 0   -63.4 0   -63.4 0   -10.6 0    90.7 0     3.7 0   314.1 0   960.6 0
 2019  23  1 23  7 29  7.483 153.57    -0.8 0     0.4 0 -9999.9 1     0.4 0   190.0 0   263.1 0   262.9 0   253.1 0   262.3 0   262.3 0     0.0 0     0.0 0     0.0 0   -63.1 0   -63.1 0   -10.7 0    90.7 0     3.2 0   311.9 0   960.6 0
 2019  23  1 23  7 30  7.500 153.48    -0.8 0     0.4 0 -9999.9 1     0.3 0   189.9 0   263.0 0   262.9 0   252.7 0   262.3 0   262.3 0     0.0 0     0.0 0     0.0 0   -62.8 0   -62.8 0   -10.7 0    90.7 0     3.2 0   315.6 0   960.5 0
 2019  23  1 23  7 31  7.517 153.40    -0.8 0     0.4 0 -9999.9 1     0.4 0   189.9 0   263.0 0   262.8 0   252.7 0   262.3 0   262.3 0     0.0 0     0.0 0     0.0 0   -62.8 0   -62.8 0   -10.8 0    90.8 0     3.5 0   314.0 0   960.5 0
 2019  23  1 23  7 32  7.533 153.31    -0.8 0     0.4 0 -9999.9 1     0.4 0   189.7 0   262.9 0   262.8 0   252.2 0   262.2 0   262.2 0     0.0 0     0.0 0     0.0 0   -62.5 0   -62.5 0   -10.8 0    90.8 0     3.2 0   315.9 0   960.6 0
 2019  23  1 23  7 33  7.550 153.22    -0.8 0     0.4 0 -9999.9 1     0.4 0   189.9 0   262.9 0   262.8 0   252.5 0   262.2 0   262.2 0     0.0 0     0.0 0     0.0 0   -62.6 0   -62.6 0   -10.8 0    90.9 0     3.2 0   317.8 0   960.5 0
 2019  23  1 23  7 34  7.567 153.13    -0.8 0     0.4 0 -9999.9 1     0.4 0   189.7 0   262.9 0   262.7 0   252.1 0   262.1 0   262.2 0     0.0 0     0.0 0     0.0 0   -62.4 0   -62.4 0   -10.9 0    91.2 0     3.1 0   314.0 0   960.5 0
 2019  23  1 23  7 35  7.583 153.04    -0.8 0     0.4 0 -9999.9 1     0.4 0   189.6 0   262.8 0   262.7 0   252.1 0   262.1 0   262.1 0     0.0 0     0.0 0     0.0 0   -62.6 0   -62.6 0   -10.9 0    91.4 0     3.0 0   313.8 0   960.5 0
 2019  23  1 23  7 36  7.600 152.95    -0.8 0     0.4 0 -9999.9 1     0.4 0   189.6 0   262.8 0   262.6 0   251.7 0   262.1 0   262.1 0     0.0 0     0.0 0     0.0 0   -62.1 0   -62.1 0   -10.9 0    91.3 0     3.0 0   312.9 0   960.5 0
 2019  23  1 23  7 37  7.617 152.86    -0.8 0     0.4 0 -9999.9 1     0.4 0   189.5 0   262.7 0   262.6 0   250.6 0   262.0 0   262.0 0     0.0 0     0.0 0     0.0 0   -61.2 0   -61.2 0   -11.0 0    91.0 0     2.1 0   318.5 0   960.5 0
 2019  23  1 23  7 38  7.633 152.76    -0.8 0     0.4 0 -9999.9 1     0.4 0   189.5 0   262.7 0   262.5 0   249.5 0   262.0 0   262.0 0     0.0 0     0.0 0     0.0 0   -60.0 0   -60.0 0   -11.1 0    91.3 0     1.8 0   317.1 0   960.5 0
 2019  23  1 23  7 39  7.650 152.67    -0.8 0     0.4 0 -9999.9 1     0.4 0   189.2 0   262.6 0   262.5 0   249.6 0   262.0 0   262.0 0     0.0 0     0.0 0     0.0 0   -60.3 0   -60.3 0   -11.1 0    91.3 0     2.7 0   313.4 0   960.5 0
 2019  23  1 23  7 40  7.667 152.57    -0.8 0     0.4 0 -9999.9 1     0.6 0   189.2 0   262.6 0   262.4 0   249.8 0   261.9 0   261.9 0     0.0 0     0.0 0     0.0 0   -60.6 0   -60.6 0   -11.2 0    91.4 0     2.5 0   303.6 0   960.5 0
 2019  23  1 23  7 41  7.683 152.47    -0.8 0     0.4 0 -9999.9 1     0.6 0   189.1 0   262.5 0   262.4 0   249.1 0   261.9 0   261.9 0     0.0 0     0.0 0     0.0 0   -60.0 0   -60.0 0   -11.2 0    91.4 0     2.6 0   307.0 0   960.5 0
 2019  23  1 23  7 42  7.700 152.37    -0.7 0     0.4 0 -9999.9 1     0.6 0   189.0 0   262.5 0   262.3 0   249.1 0   261.8 0   261.8 0     0.0 0     0.0 0     0.0 0   -60.1 0   -60.1 0   -11.3 0    91.3 0     2.4 0   309.2 0   960.5 0
 2019  23  1 23  7 43  7.717 152.27    -0.7 0     0.4 0 -9999.9 1     0.7 0   188.8 0   262.5 0   262.3 0   249.2 0   261.8 0   261.8 0     0.0 0     0.0 0     0.0 0   -60.4 0   -60.4 0   -11.3 0    91.3 0     2.7 0   312.5 0   960.5 0
 2019  23  1 23  7 44  7.733 152.17    -0.8 0     0.4 0 -9999.9 1     0.6 0   188.7 0   262.4 0   262.2 0   248.3 0   261.8 0   261.8 0     0.0 0     0.0 0     0.0 0   -59.6 0   -59.6 0   -11.3 0    91.3 0     2.1 0   314.9 0   960.5 0
 2019  23  1 23  7 45  7.750 152.07    -0.8 0     0.4 0 -9999.9 1     0.5 0   188.8 0   262.4 0   262.2 0   248.0 0   261.7 0   261.7 0     0.0 0     0.0 0     0.0 0   -59.2 0   -59.2 0   -11.4 0    91.3 0     2.6 0   311.5 0   960.5 0
 2019  23  1 23  7 46  7.767 151.96    -0.8 0     0.4 0 -9999.9 1     0.4 0   188.7 0   262.3 0   262.2 0   248.4 0   261.7 0   261.7 0     0.0 0     0.0 0     0.0 0   -59.7 0   -59.7 0   -11.4 0    91.7 0     2.6 0   314.2 0   960.5 0
 2019  23  1 23  7 47  7.783 151.86    -0.8 0     0.4 0 -9999.9 1     0.4 0   188.8 0   262.3 0   262.1 0   248.0 0   261.6 0   261.6 0     0.0 0     0.0 0     0.0 0   -59.2 0   -59.2 0   -11.4 0    91.9 0     2.4 0   318.0 0   960.4 0
 2019  23  1 23  7 48  7.800 151.75    -0.8 0     0.4 0 -9999.9 1     0.4 0   188.6 0   262.2 0   262.1 0   248.0 0   261.6 0   261.6 0     0.0 0     0.0 0     0.0 0   -59.4 0   -59.4 0   -11.5 0    92.1 0     2.6 0   311.5 0   960.5 0
 2019  23  1 23  7 49  7.817 151.64    -0.8 0     0.4 0 -9999.9 1     0.4 0   188.6 0   262.2 0   262.1 0   247.9 0   261.6 0   261.6 0     0.0 0     0.0 0     0.0 0   -59.3 0   -59.3 0   -11.5 0    92.1 0     2.7 0   311.6 0   960.5 0
 2019  23  1 23  7 50  7.833 151.53    -0.8 0     0.4 0 -9999.9 1     0.4 0   188.5 0   262.1 0   262.0 0   247.1 0   261.5 0   261.5 0     0.0 0     0.0 0     0.0 0   -58.5 0   -58.5 0   -11.5 0    91.9 0     2.4 0   312.8 0   960.4 0
 2019  23  1 23  7 51  7.850 151.42    -0.8 0     0.4 0 -9999.9 1     0.5 0   188.3 0   262.1 0   261.9 0   247.1 0   261.5 0   261.5 0     0.0 0     0.0 0     0.0 0   -58.8 0   -58.8 0   -11.6 0    91.8 0     2.6 0   310.3 0   960.4 0
 2019  23  1 23  7 52  7.867 151.31    -0.8 0     0.4 0 -9999.9 1     0.5 0   188.3 0   262.1 0   261.9 0   247.3 0   261.4 0   261.4 0     0.0 0     0.0 0     0.0 0   -59.0 0   -59.0 0   -11.7 0    91.8 0     2.7 0   307.2 0   960.4 0
 2019  23  1 23  7 53  7.883 151.20    -0.8 0     0.4 0 -9999.9 1     0.5 0   188.2 0   262.0 0   261.9 0   247.3 0   261.4 0   261.4 0     0.0 0     0.0 0     0.0 0   -59.2 0   -59.2 0   -11.7 0    91.9 0     2.8 0   307.7 0   960.5 0
 2019  23  1 23  7 54  7.900 151.09    -0.8 0     0.4 0 -9999.9 1     0.4 0   187.9 0   262.0 0   261.8 0   247.5 0   261.4 0   261.4 0     0.0 0     0.0 0     0.0 0   -59.6 0   -59.6 0   -11.8 0    91.9 0     3.2 0   307.0 0   960.5 0
 2019  23  1 23  7 55  7.917 150.97    -0.8 0     0.4 0 -9999.9 1     0.4 0   187.7 0   261.9 0   261.8 0   248.1 0   261.3 0   261.3 0     0.0 0     0.0 0     0.0 0   -60.3 0   -60.3 0   -11.8 0    91.9 0     3.6 0   308.5 0   960.5 0
 2019  23  1 23  7 56  7.933 150.86    -0.8 0     0.4 0 -9999.9 1     0.3 0   187.9 0   261.9 0   261.7 0   247.8 0   261.3 0   261.3 0     0.0 0     0.0 0     0.0 0   -59.9 0   -59.9 0   -11.9 0    91.9 0     3.6 0   303.8 0   960.5 0
 2019  23  1 23  7 57  7.950 150.74    -0.8 0     0.4 0 -9999.9 1     0.3 0   187.9 0   261.8 0   261.7 0   247.3 0   261.2 0   261.2 0     0.0 0     0.0 0     0.0 0   -59.4 0   -59.4 0   -11.9 0    92.0 0     2.9 0   310.5 0   960.5 0
 2019  23  1 23  7 58  7.967 150.62    -0.8 0     0.4 0 -9999.9 1     0.3 0   187.9 0   261.8 0   261.6 0   247.0 0   261.2 0   261.2 0     0.0 0     0.0 0     0.0 0   -59.2 0   -59.2 0   -12.0 0    92.2 0     3.0 0   312.2 0   960.5 0
 2019  23  1 23  7 59  7.983 150.50    -0.8 0     0.4 0 -9999.9 1     0.3 0   187.6 0   261.8 0   261.6 0   247.5 0   261.1 0   261.1 0     0.0 0     0.0 0     0.0 0   -59.9 0   -59.9 0   -12.0 0    92.4 0     3.2 0   306.2 0   960.6 0
 2019  23  1 23  8  0  8.000 150.39    -0.8 0     0.4 0 -9999.9 1     0.3 0   187.7 0   261.7 0   261.6 0   247.3 0   261.1 0   261.1 0     0.0 0     0.0 0     0.0 0   -59.6 0   -59.6 0   -12.0 0    92.4 0     3.4 0   307.6 0   960.5 0
 2019  23  1 23  8  1  8.017 150.26    -0.8 0     0.4 0 -9999.9 1     0.4 0   187.6 0   261.7 0   261.5 0   247.5 0   261.0 0   261.0 0     0.0 0     0.0 0     0.0 0   -59.9 0   -59.9 0   -12.1 0    92.4 0     3.9 0   309.1 0   960.5 0
 2019  23  1 23  8  2  8.033 150.14    -0.8 0     0.4 0 -9999.9 1     0.4 0   187.7 0   261.6 0   261.5 0   247.3 0   261.0 0   261.0 0     0.0 0     0.0 0     0.0 0   -59.7 0   -59.7 0   -12.1 0    92.3 0     3.4 0   311.9 0   960.5 0
 2019  23  1 23  8  3  8.050 150.02    -0.8 0     0.4 0 -9999.9 1     0.3 0   187.6 0   261.6 0   261.5 0   247.8 0   261.0 0   261.0 0     0.0 0     0.0 0     0.0 0   -60.2 0   -60.2 0   -12.1 0    92.6 0     3.8 0   309.1 0   960.5 0
 2019  23  1 23  8  4  8.067 149.90    -0.8 0     0.4 0 -9999.9 1     0.3 0   187.7 0   261.6 0   261.4 0   247.5 0   260.9 0   260.9 0     0.0 0     0.0 0     0.0 0   -59.8 0   -59.8 0   -12.1 0    92.6 0     3.5 0   307.1 0   960.5 0
 2019  23  1 23  8  5  8.083 149.77    -0.8 0     0.4 0 -9999.9 1     0.3 0   187.6 0   261.5 0   261.4 0   247.5 0   260.9 0   260.9 0     0.0 0     0.0 0     0.0 0   -59.9 0   -59.9 0   -12.2 0    92.8 0     3.5 0   312.2 0   960.5 0
 2019  23  1 23  8  6  8.100 149.65    -0.8 0     0.4 0 -9999.9 1     0.3 0   187.6 0   261.5 0   261.4 0   247.3 0   260.9 0   260.9 0     0.0 0     0.0 0     0.0 0   -59.7 0   -59.7 0   -12.2 0    92.9 0     3.2 0   308.6 0   960.5 0
 2019  23  1 23  8  7  8.117 149.52    -1.1 0     0.4 0 -9999.9 1     0.3 0   187.7 0   261.5 0   261.3 0   247.1 0   260.8 0   260.8 0     0.0 0     0.0 0     0.0 0   -59.4 0   -59.4 0   -12.2 0    93.0 0     3.1 0   316.9 0   960.5 0
 2019  23  1 23  8  8  8.133 149.40    -0.8 0     0.4 0 -9999.9 1     0.3 0   187.5 0   261.4 0   261.3 0   246.5 0   260.8 0   260.8 0     0.0 0     0.0 0     0.0 0   -59.0 0   -59.0 0   -12.2 0    93.2 0     2.9 0   319.8 0   960.5 0
 2019  23  1 23  8  9  8.150 149.27    -0.8 0     0.4 0 -9999.9 1     0.3 0   187.5 0   261.4 0   261.3 0   246.1 0   260.8 0   260.8 0     0.0 0     0.0 0     0.0 0   -58.7 0   -58.7 0   -12.3 0    93.1 0     2.6 0   313.1 0   960.5 0
 2019  23  1 23  8 10  8.167 149.14    -0.8 0     0.4 0 -9999.9 1     0.3 0   187.6 0   261.4 0   261.2 0   245.9 0   260.7 0   260.7 0     0.0 0     0.0 0     0.0 0   -58.3 0   -58.3 0   -12.3 0    93.2 0     2.7 0   312.3 0   960.5 0
 2019  23  1 23  8 11  8.183 149.01    -0.8 0     0.4 0 -9999.9 1     0.3 0   187.5 0   261.3 0   261.2 0   245.5 0   260.7 0   260.7 0     0.0 0     0.0 0     0.0 0   -58.0 0   -58.0 0   -12.3 0    93.2 0     2.7 0   313.1 0   960.5 0
 2019  23  1 23  8 12  8.200 148.88    -0.8 0     0.4 0 -9999.9 1     0.3 0   187.4 0   261.3 0   261.1 0   245.3 0   260.6 0   260.7 0     0.0 0     0.0 0     0.0 0   -57.9 0   -57.9 0   -12.4 0    93.1 0     2.6 0   307.2 0   960.5 0
 2019  23  1 23  8 13  8.217 148.75    -0.8 0     0.4 0 -9999.9 1     0.4 0   187.5 0   261.2 0   261.1 0   244.5 0   260.6 0   260.6 0     0.0 0     0.0 0     0.0 0   -57.0 0   -57.0 0   -12.4 0    93.0 0     2.5 0   303.9 0   960.5 0
 2019  23  1 23  8 14  8.233 148.62    -0.8 0     0.4 0 -9999.9 1     0.3 0   187.3 0   261.2 0   261.1 0   244.3 0   260.6 0   260.6 0     0.0 0     0.0 0     0.0 0   -57.0 0   -57.0 0   -12.5 0    93.0 0     2.5 0   308.4 0   960.5 0
 2019  23  1 23  8 15  8.250 148.49    -0.8 0     0.4 0 -9999.9 1     0.4 0   187.4 0   261.2 0   261.0 0   244.0 0   260.5 0   260.5 0     0.0 0     0.0 0     0.0 0   -56.6 0   -56.6 0   -12.5 0    93.1 0     2.4 0   306.1 0   960.5 0
 2019  23  1 23  8 16  8.267 148.35    -0.8 0     0.4 0 -9999.9 1     0.4 0   187.2 0   261.1 0   261.0 0   243.9 0   260.5 0   260.5 0     0.0 0     0.0 0     0.0 0   -56.7 0   -56.7 0   -12.6 0    93.0 0     2.7 0   308.0 0   960.5 0
 2019  23  1 23  8 17  8.283 148.22    -0.8 0     0.4 0 -9999.9 1     0.4 0   187.1 0   261.1 0   260.9 0   243.9 0   260.5 0   260.5 0     0.0 0     0.0 0     0.0 0   -56.8 0   -56.8 0   -12.6 0    93.0 0     2.6 0   306.1 0   960.5 0
 2019  23  1 23  8 18  8.300 148.08    -0.8 0     0.4 0 -9999.9 1     0.4 0   187.1 0   261.0 0   260.9 0   243.5 0   260.4 0   260.4 0     0.0 0     0.0 0     0.0 0   -56.4 0   -56.4 0   -12.6 0    93.0 0     2.7 0   307.2 0   960.5 0
 2019  23  1 23  8 19  8.317 147.95    -0.8 0     0.4 0 -9999.9 1     0.4 0   186.9 0   261.0 0   260.9 0   243.2 0   260.4 0   260.4 0     0.0 0     0.0 0     0.0 0   -56.2 0   -56.2 0   -12.7 0    92.9 0     2.7 0   305.6 0   960.5 0
 2019  23  1 23  8 20  8.333 147.81    -0.8 0     0.4 0 -9999.9 1     0.4 0   187.0 0   261.0 0   260.8 0   243.6 0   260.3 0   260.4 0     0.0 0     0.0 0     0.0 0   -56.6 0   -56.6 0   -12.7 0    92.9 0     3.1 0   309.1 0   960.5 0
 2019  23  1 23  8 21  8.350 147.67    -0.8 0     0.4 0 -9999.9 1     0.4 0   187.0 0   260.9 0   260.8 0   243.8 0   260.3 0   260.3 0     0.0 0     0.0 0     0.0 0   -56.7 0   -56.7 0   -12.8 0    93.1 0     3.1 0   305.8 0   960.5 0
 2019  23  1 23  8 22  8.367 147.54    -0.8 0     0.3 0 -9999.9 1     0.4 0   186.9 0   260.9 0   260.8 0   243.5 0   260.3 0   260.3 0     0.0 0     0.0 0     0.0 0   -56.6 0   -56.6 0   -12.8 0    93.2 0     3.0 0   307.7 0   960.5 0
 2019  23  1 23  8 23  8.383 147.40    -0.8 0     0.0 0 -9999.9 1     0.3 0   186.9 0   260.8 0   260.7 0   243.6 0   260.2 0   260.3 0     0.0 0     0.0 0     0.0 0   -56.7 0   -56.7 0   -12.8 0    93.3 0     2.9 0   310.3 0   960.5 0
 2019  23  1 23  8 24  8.400 147.26    -0.8 0     0.1 0 -9999.9 1     0.3 0   186.8 0   260.8 0   260.7 0   244.0 0   260.2 0   260.2 0     0.0 0     0.0 0     0.0 0   -57.2 0   -57.2 0   -12.8 0    93.2 0     3.2 0   305.7 0   960.5 0
 2019  23  1 23  8 25  8.417 147.12    -0.8 0     0.1 0 -9999.9 1     0.3 0   186.9 0   260.8 0   260.6 0   244.1 0   260.2 0   260.2 0     0.0 0     0.0 0     0.0 0   -57.2 0   -57.2 0   -12.8 0    93.3 0     3.4 0   306.5 0   960.5 0
 2019  23  1 23  8 26  8.433 146.98    -0.8 0     0.0 0 -9999.9 1     0.3 0   187.0 0   260.7 0   260.6 0   244.5 0   260.1 0   260.2 0     0.0 0     0.0 0     0.0 0   -57.4 0   -57.4 0   -12.8 0    93.5 0     3.3 0   310.5 0   960.5 0
 2019  23  1 23  8 27  8.450 146.83    -0.8 0     0.0 0 -9999.9 1     0.3 0   186.9 0   260.7 0   260.6 0   244.5 0   260.1 0   260.1 0     0.0 0     0.0 0     0.0 0   -57.6 0   -57.6 0   -12.8 0    93.5 0     3.4 0   306.5 0   960.5 0
 2019  23  1 23  8 28  8.467 146.69    -0.8 0     0.1 0 -9999.9 1     0.3 0   186.7 0   260.6 0   260.5 0   244.1 0   260.1 0   260.1 0     0.0 0     0.0 0     0.0 0   -57.4 0   -57.4 0   -12.9 0    93.3 0     3.3 0   308.0 0   960.4 0
 2019  23  1 23  8 29  8.483 146.55    -0.8 0     0.3 0 -9999.9 1     0.3 0   186.7 0   260.6 0   260.5 0   243.7 0   260.1 0   260.1 0     0.0 0     0.0 0     0.0 0   -57.0 0   -57.0 0   -12.9 0    93.2 0     3.3 0   305.5 0   960.4 0
 2019  23  1 23  8 30  8.500 146.41    -0.8 0     0.4 0 -9999.9 1     0.3 0   186.7 0   260.6 0   260.5 0   243.5 0   260.0 0   260.1 0     0.0 0     0.0 0     0.0 0   -56.8 0   -56.8 0   -12.9 0    93.2 0     3.3 0   308.2 0   960.4 0
 2019  23  1 23  8 31  8.517 146.26    -0.8 0     0.1 0 -9999.9 1     0.4 0   186.9 0   260.5 0   260.4 0   243.6 0   260.0 0   260.0 0     0.0 0     0.0 0     0.0 0   -56.7 0   -56.7 0   -13.0 0    93.3 0     3.1 0   311.1 0   960.4 0
 2019  23  1 23  8 32  8.533 146.12    -0.8 0     0.3 0 -9999.9 1     0.3 0   186.8 0   260.5 0   260.4 0   243.5 0   260.0 0   260.0 0     0.0 0     0.0 0     0.0 0   -56.6 0   -56.6 0   -13.0 0    93.2 0     2.8 0   309.3 0   960.4 0
 2019  23  1 23  8 33  8.550 145.97    -0.8 0     0.3 0 -9999.9 1     0.3 0   186.8 0   260.5 0   260.4 0   243.4 0   259.9 0   260.0 0     0.0 0     0.0 0     0.0 0   -56.6 0   -56.6 0   -13.0 0    93.2 0     3.1 0   311.2 0   960.4 0
 2019  23  1 23  8 34  8.567 145.83    -1.0 0     0.1 0 -9999.9 1     0.3 0   186.7 0   260.5 0   260.3 0   243.3 0   259.9 0   259.9 0     0.0 0     0.0 0     0.0 0   -56.6 0   -56.6 0   -13.0 0    93.3 0     3.1 0   311.7 0   960.4 0
 2019  23  1 23  8 35  8.583 145.68    -0.8 0     0.1 0 -9999.9 1     0.3 0   186.8 0   260.4 0   260.3 0   243.1 0   259.9 0   259.9 0     0.0 0     0.0 0     0.0 0   -56.4 0   -56.4 0   -13.1 0    93.3 0     3.1 0   310.9 0   960.4 0
 2019  23  1 23  8 36  8.600 145.53    -1.0 0     0.0 0 -9999.9 1     0.3 0   186.6 0   260.4 0   260.3 0   243.3 0   259.9 0   259.9 0     0.0 0     0.0 0     0.0 0   -56.7 0   -56.7 0   -13.1 0    93.3 0     2.7 0   314.4 0   960.4 0
 2019  23  1 23  8 37  8.617 145.38    -1.2 0     0.0 0 -9999.9 1     0.3 0   186.7 0   260.4 0   260.3 0   243.5 0   259.8 0   259.9 0     0.0 0     0.0 0     0.0 0   -56.8 0   -56.8 0   -13.1 0    93.4 0     3.2 0   308.3 0   960.3 0
 2019  23  1 23  8 38  8.633 145.24    -1.2 0     0.0 0 -9999.9 1     0.3 0   186.7 0   260.4 0   260.3 0   243.3 0   259.8 0   259.8 0     0.0 0     0.0 0     0.0 0   -56.7 0   -56.7 0   -13.1 0    93.4 0     3.1 0   308.0 0   960.3 0
 2019  23  1 23  8 39  8.650 145.09    -1.2 0     0.0 0 -9999.9 1     0.3 0   186.5 0   260.3 0   260.3 0   243.0 0   259.8 0   259.8 0     0.0 0     0.0 0     0.0 0   -56.5 0   -56.5 0   -13.1 0    93.4 0     3.0 0   315.2 0   960.3 0
 2019  23  1 23  8 40  8.667 144.94    -1.2 0     0.0 0 -9999.9 1     0.3 0   186.8 0   260.3 0   260.2 0   243.2 0   259.8 0   259.8 0     0.0 0     0.0 0     0.0 0   -56.4 0   -56.4 0   -13.1 0    93.6 0     2.7 0   316.0 0   960.3 0
 2019  23  1 23  8 41  8.683 144.79    -1.2 0     0.0 0 -9999.9 1     0.3 0   186.7 0   260.3 0   260.2 0   243.1 0   259.7 0   259.8 0     0.0 0     0.0 0     0.0 0   -56.4 0   -56.4 0   -13.1 0    93.8 0     2.7 0   317.3 0   960.3 0
 2019  23  1 23  8 42  8.700 144.64    -1.2 0     0.0 0 -9999.9 1     0.3 0   186.7 0   260.3 0   260.2 0   242.9 0   259.7 0   259.8 0     0.0 0     0.0 0     0.0 0   -56.2 0   -56.2 0   -13.1 0    93.9 0     2.4 0   315.8 0   960.3 0
 2019  23  1 23  8 43  8.717 144.49    -1.2 0     0.0 0 -9999.9 1     0.3 0   186.3 0   260.3 0   260.2 0   242.5 0   259.7 0   259.7 0     0.0 0     0.0 0     0.0 0   -56.1 0   -56.1 0   -13.1 0    93.8 0     2.4 0   315.6 0   960.3 0
 2019  23  1 23  8 44  8.733 144.33    -1.2 0     0.0 0 -9999.9 1     0.3 0   186.5 0   260.3 0   260.2 0   242.0 0   259.7 0   259.7 0     0.0 0     0.0 0     0.0 0   -55.4 0   -55.4 0   -13.1 0    93.7 0     2.2 0   321.1 0   960.3 0
 2019  23  1 23  8 45  8.750 144.18    -1.2 0     0.0 0 -9999.9 1     0.3 0   186.5 0   260.2 0   260.2 0   242.2 0   259.6 0   259.7 0     0.0 0     0.0 0     0.0 0   -55.8 0   -55.8 0   -13.1 0    93.7 0     2.4 0   316.0 0   960.3 0
 2019  23  1 23  8 46  8.767 144.03    -1.2 0     0.0 0 -9999.9 1     0.3 0   186.4 0   260.2 0   260.2 0   242.1 0   259.6 0   259.7 0     0.0 0     0.0 0     0.0 0   -55.7 0   -55.7 0   -13.1 0    93.6 0     2.0 0   315.6 0   960.3 0
 2019  23  1 23  8 47  8.783 143.88    -1.2 0     0.0 0 -9999.9 1     0.3 0   186.3 0   260.2 0   260.1 0   242.7 0   259.6 0   259.7 0     0.0 0     0.0 0     0.0 0   -56.4 0   -56.4 0   -13.1 0    93.9 0     2.7 0   310.7 0   960.4 0
 2019  23  1 23  8 48  8.800 143.72    -1.2 0     0.0 0 -9999.9 1     0.3 0   186.3 0   260.2 0   260.1 0   242.1 0   259.6 0   259.6 0     0.0 0     0.0 0     0.0 0   -55.8 0   -55.8 0   -13.1 0    93.6 0     2.3 0   314.5 0   960.4 0
 2019  23  1 23  8 49  8.817 143.57    -1.2 0     0.0 0 -9999.9 1     0.3 0   186.1 0   260.2 0   260.1 0   241.7 0   259.6 0   259.6 0     0.0 0     0.0 0     0.0 0   -55.6 0   -55.6 0   -13.2 0    93.4 0     2.5 0   312.7 0   960.4 0
 2019  23  1 23  8 50  8.833 143.41    -1.2 0     0.0 0 -9999.9 1     0.3 0   186.0 0   260.2 0   260.1 0   241.8 0   259.6 0   259.6 0     0.0 0     0.0 0     0.0 0   -55.8 0   -55.8 0   -13.2 0    93.3 0     2.6 0   311.8 0   960.4 0
 2019  23  1 23  8 51  8.850 143.26    -1.2 0     0.0 0 -9999.9 1     0.3 0   185.7 0   260.1 0   260.1 0   241.6 0   259.5 0   259.6 0     0.0 0     0.0 0     0.0 0   -55.9 0   -55.9 0   -13.3 0    93.3 0     3.1 0   306.6 0   960.4 0
 2019  23  1 23  8 52  8.867 143.10    -1.2 0     0.2 0 -9999.9 1     0.3 0   185.9 0   260.1 0   260.0 0   241.6 0   259.5 0   259.5 0     0.0 0     0.0 0     0.0 0   -55.7 0   -55.7 0   -13.3 0    93.1 0     2.4 0   313.3 0   960.4 0
 2019  23  1 23  8 53  8.883 142.95    -1.2 0     0.3 0 -9999.9 1     0.3 0   185.9 0   260.1 0   260.0 0   241.1 0   259.5 0   259.5 0     0.0 0     0.0 0     0.0 0   -55.2 0   -55.2 0   -13.4 0    93.1 0     2.6 0   310.8 0   960.4 0
 2019  23  1 23  8 54  8.900 142.79    -1.2 0     0.0 0 -9999.9 1     0.3 0   185.8 0   260.1 0   260.0 0   241.4 0   259.5 0   259.5 0     0.0 0     0.0 0     0.0 0   -55.6 0   -55.6 0   -13.4 0    93.4 0     2.0 0   316.4 0   960.4 0
 2019  23  1 23  8 55  8.917 142.63    -1.2 0     0.0 0 -9999.9 1     0.3 0   185.7 0   260.0 0   259.9 0   241.2 0   259.5 0   259.5 0     0.0 0     0.0 0     0.0 0   -55.5 0   -55.5 0   -13.4 0    93.4 0     2.4 0   315.8 0   960.3 0
 2019  23  1 23  8 56  8.933 142.48    -1.2 0     0.0 0 -9999.9 1     0.3 0   185.7 0   260.0 0   259.9 0   240.4 0   259.4 0   259.5 0     0.0 0     0.0 0     0.0 0   -54.7 0   -54.7 0   -13.4 0    93.4 0     2.3 0   316.9 0   960.3 0
 2019  23  1 23  8 57  8.950 142.32    -1.2 0     0.0 0 -9999.9 1     0.3 0   185.9 0   260.0 0   259.9 0   241.1 0   259.4 0   259.5 0     0.0 0     0.0 0     0.0 0   -55.2 0   -55.2 0   -13.4 0    93.5 0     2.1 0   328.1 0   960.3 0
 2019  23  1 23  8 58  8.967 142.16    -1.3 0     0.0 0 -9999.9 1     0.3 0   186.1 0   260.0 0   260.0 0   240.8 0   259.4 0   259.4 0     0.0 0     0.0 0     0.0 0   -54.7 0   -54.7 0   -13.3 0    93.5 0     2.2 0   326.9 0   960.3 0
 2019  23  1 23  8 59  8.983 142.00    -1.6 0     0.0 0 -9999.9 1     0.3 0   186.3 0   260.0 0   260.0 0   240.9 0   259.4 0   259.4 0     0.0 0     0.0 0     0.0 0   -54.7 0   -54.7 0   -13.3 0    93.5 0     2.3 0   326.3 0   960.3 0
 2019  23  1 23  9  0  9.000 141.84    -1.6 0     0.0 0 -9999.9 1     0.3 0   186.4 0   260.0 0   260.0 0   241.1 0   259.4 0   259.4 0     0.0 0     0.0 0     0.0 0   -54.7 0   -54.7 0   -13.3 0    93.5 0     2.7 0   327.0 0   960.3 0
 2019  23  1 23  9  1  9.017 141.68    -1.6 0     0.0 0 -9999.9 1     0.3 0   186.1 0   260.0 0   260.0 0   241.2 0   259.4 0   259.4 0     0.0 0     0.0 0     0.0 0   -55.1 0   -55.1 0   -13.3 0    93.7 0     2.3 0   317.2 0   960.3 0
 2019  23  1 23  9  2  9.033 141.52    -1.6 0     0.0 0 -9999.9 1     0.3 0   186.0 0   260.0 0   260.0 0   241.3 0   259.3 0   259.4 0     0.0 0     0.0 0     0.0 0   -55.4 0   -55.4 0   -13.3 0    93.7 0     2.4 0   313.8 0   960.3 0
 2019  23  1 23  9  3  9.050 141.36    -1.4 0     0.0 0 -9999.9 1     0.3 0   186.0 0   260.0 0   259.9 0   240.9 0   259.3 0   259.4 0     0.0 0     0.0 0     0.0 0   -54.9 0   -54.9 0   -13.3 0    93.4 0     2.1 0   313.3 0   960.3 0
 2019  23  1 23  9  4  9.067 141.20    -1.2 0     0.0 0 -9999.9 1     0.3 0   186.0 0   260.0 0   259.9 0   240.6 0   259.3 0   259.4 0     0.0 0     0.0 0     0.0 0   -54.6 0   -54.6 0   -13.4 0    93.2 0     2.4 0   314.8 0   960.3 0
 2019  23  1 23  9  5  9.083 141.04    -1.2 0     0.0 0 -9999.9 1     0.3 0   185.7 0   260.0 0   259.9 0   240.9 0   259.3 0   259.3 0     0.0 0     0.0 0     0.0 0   -55.2 0   -55.2 0   -13.4 0    93.3 0     2.5 0   315.2 0   960.3 0
 2019  23  1 23  9  6  9.100 140.88    -1.3 0     0.0 0 -9999.9 1     0.3 0   185.5 0   259.9 0   259.9 0   241.1 0   259.3 0   259.3 0     0.0 0     0.0 0     0.0 0   -55.5 0   -55.5 0   -13.4 0    93.4 0     2.8 0   310.7 0   960.3 0
 2019  23  1 23  9  7  9.117 140.71    -1.2 0     0.0 0 -9999.9 1     0.3 0   185.2 0   259.9 0   259.9 0   241.3 0   259.3 0   259.3 0     0.0 0     0.0 0     0.0 0   -56.1 0   -56.1 0   -13.4 0    93.5 0     2.3 0   311.8 0   960.3 0
 2019  23  1 23  9  8  9.133 140.55    -1.2 0     0.0 0 -9999.9 1     0.3 0   185.4 0   259.9 0   259.8 0   240.2 0   259.3 0   259.3 0     0.0 0     0.0 0     0.0 0   -54.8 0   -54.8 0   -13.4 0    93.0 0     2.3 0   306.9 0   960.3 0
 2019  23  1 23  9  9  9.150 140.39    -1.2 0     0.0 0 -9999.9 1     0.3 0   185.3 0   259.9 0   259.8 0   240.2 0   259.2 0   259.3 0     0.0 0     0.0 0     0.0 0   -54.9 0   -54.9 0   -13.5 0    92.8 0     2.6 0   308.2 0   960.3 0
 2019  23  1 23  9 10  9.167 140.23    -1.2 0     0.0 0 -9999.9 1     0.3 0   185.2 0   259.9 0   259.8 0   240.3 0   259.2 0   259.3 0     0.0 0     0.0 0     0.0 0   -55.1 0   -55.1 0   -13.6 0    92.8 0     2.5 0   308.8 0   960.3 0
 2019  23  1 23  9 11  9.183 140.06    -1.2 0     0.1 0 -9999.9 1     0.3 0   185.2 0   259.8 0   259.8 0   239.4 0   259.2 0   259.2 0     0.0 0     0.0 0     0.0 0   -54.2 0   -54.2 0   -13.6 0    92.7 0     2.4 0   304.4 0   960.3 0
 2019  23  1 23  9 12  9.200 139.90    -1.2 0     0.1 0 -9999.9 1     0.3 0   185.3 0   259.8 0   259.7 0   240.0 0   259.2 0   259.2 0     0.0 0     0.0 0     0.0 0   -54.7 0   -54.7 0   -13.6 0    92.8 0     2.8 0   307.3 0   960.3 0
 2019  23  1 23  9 13  9.217 139.73    -1.2 0     0.0 0 -9999.9 1     0.3 0   185.5 0   259.8 0   259.7 0   240.1 0   259.2 0   259.2 0     0.0 0     0.0 0     0.0 0   -54.6 0   -54.6 0   -13.6 0    93.0 0     2.4 0   313.5 0   960.3 0
 2019  23  1 23  9 14  9.233 139.57    -1.2 0     0.0 0 -9999.9 1     0.3 0   185.6 0   259.8 0   259.7 0   239.0 0   259.1 0   259.2 0     0.0 0     0.0 0     0.0 0   -53.4 0   -53.4 0   -13.6 0    93.0 0     2.1 0   315.2 0   960.2 0
 2019  23  1 23  9 15  9.250 139.40    -1.6 0     0.0 0 -9999.9 1     0.3 0   185.5 0   259.8 0   259.7 0   240.0 0   259.1 0   259.2 0     0.0 0     0.0 0     0.0 0   -54.5 0   -54.5 0   -13.6 0    93.2 0     2.1 0   315.4 0   960.2 0
 2019  23  1 23  9 16  9.267 139.24    -1.6 0     0.0 0 -9999.9 1     0.3 0   185.6 0   259.8 0   259.7 0   240.0 0   259.1 0   259.2 0     0.0 0     0.0 0     0.0 0   -54.4 0   -54.4 0   -13.5 0    93.4 0     2.2 0   320.0 0   960.2 0
 2019  23  1 23  9 17  9.283 139.07    -1.6 0     0.0 0 -9999.9 1     0.3 0   185.5 0   259.8 0   259.7 0   240.5 0   259.1 0   259.2 0     0.0 0     0.0 0     0.0 0   -55.0 0   -55.0 0   -13.5 0    93.5 0     2.8 0   316.6 0   960.2 0
 2019  23  1 23  9 18  9.300 138.91    -1.4 0     0.0 0 -9999.9 1     0.3 0   185.8 0   259.8 0   259.7 0   240.8 0   259.1 0   259.2 0     0.0 0     0.0 0     0.0 0   -55.0 0   -55.0 0   -13.4 0    93.5 0     2.2 0   314.0 0   960.2 0
 2019  23  1 23  9 19  9.317 138.74    -1.6 0     0.0 0 -9999.9 1     0.3 0   185.7 0   259.8 0   259.7 0   240.5 0   259.1 0   259.2 0     0.0 0     0.0 0     0.0 0   -54.7 0   -54.7 0   -13.4 0    93.6 0     2.0 0   315.8 0   960.2 0
 2019  23  1 23  9 20  9.333 138.58    -1.6 0     0.0 0 -9999.9 1     0.3 0   185.5 0   259.8 0   259.7 0   240.3 0   259.1 0   259.2 0     0.0 0     0.0 0     0.0 0   -54.7 0   -54.7 0   -13.4 0    93.7 0     2.5 0   316.7 0   960.2 0
 2019  23  1 23  9 21  9.350 138.41    -1.6 0     0.0 0 -9999.9 1     0.3 0   185.5 0   259.8 0   259.7 0   240.3 0   259.1 0   259.1 0     0.0 0     0.0 0     0.0 0   -54.7 0   -54.7 0   -13.4 0    93.5 0     2.2 0   320.9 0   960.2 0
 2019  23  1 23  9 22  9.367 138.24    -1.6 0     0.0 0 -9999.9 1     0.3 0   185.6 0   259.8 0   259.7 0   240.4 0   259.1 0   259.1 0     0.0 0     0.0 0     0.0 0   -54.8 0   -54.8 0   -13.4 0    93.4 0     2.2 0   316.1 0   960.2 0
 2019  23  1 23  9 23  9.383 138.07    -1.6 0     0.0 0 -9999.9 1     0.3 0   185.6 0   259.8 0   259.7 0   240.3 0   259.1 0   259.1 0     0.0 0     0.0 0     0.0 0   -54.7 0   -54.7 0   -13.4 0    93.3 0     2.3 0   319.7 0   960.2 0
 2019  23  1 23  9 24  9.400 137.91    -1.6 0     0.0 0 -9999.9 1     0.3 0   185.4 0   259.7 0   259.7 0   240.1 0   259.1 0   259.1 0     0.0 0     0.0 0     0.0 0   -54.7 0   -54.7 0   -13.5 0    93.3 0     2.6 0   317.4 0   960.2 0
 2019  23  1 23  9 25  9.417 137.74    -1.6 0     0.0 0 -9999.9 1     0.3 0   185.1 0   259.7 0   259.7 0   240.5 0   259.1 0   259.1 0     0.0 0     0.0 0     0.0 0   -55.4 0   -55.4 0   -13.5 0    93.3 0     2.6 0   313.9 0   960.3 0
 2019  23  1 23  9 26  9.433 137.57    -1.5 0     0.0 0 -9999.9 1     0.3 0   185.3 0   259.7 0   259.6 0   240.6 0   259.1 0   259.1 0     0.0 0     0.0 0     0.0 0   -55.3 0   -55.3 0   -13.5 0    93.3 0     2.7 0   314.5 0   960.3 0
 2019  23  1 23  9 27  9.450 137.40    -1.2 0     0.0 0 -9999.9 1     0.3 0   184.8 0   259.7 0   259.7 0   239.9 0   259.0 0   259.1 0     0.0 0     0.0 0     0.0 0   -55.1 0   -55.1 0   -13.5 0    93.2 0     2.3 0   316.4 0   960.3 0
 2019  23  1 23  9 28  9.467 137.23    -1.5 0     0.0 0 -9999.9 1     0.3 0   184.9 0   259.7 0   259.6 0   239.6 0   259.0 0   259.1 0     0.0 0     0.0 0     0.0 0   -54.7 0   -54.7 0   -13.6 0    93.1 0     2.2 0   319.3 0   960.2 0
 2019  23  1 23  9 29  9.483 137.06    -1.5 0     0.0 0 -9999.9 1     0.3 0   184.9 0   259.7 0   259.6 0   238.7 0   259.0 0   259.1 0     0.0 0     0.0 0     0.0 0   -53.8 0   -53.8 0   -13.6 0    93.0 0     1.7 0   316.3 0   960.2 0
 2019  23  1 23  9 30  9.500 136.89    -1.2 0     0.0 0 -9999.9 1     0.3 0   184.9 0   259.7 0   259.6 0   237.7 0   259.0 0   259.0 0     0.0 0     0.0 0     0.0 0   -52.9 0   -52.9 0   -13.7 0    92.8 0     1.1 0   323.2 0   960.2 0
 2019  23  1 23  9 31  9.517 136.73    -1.2 0     0.0 0 -9999.9 1     0.3 0   184.9 0   259.7 0   259.6 0   236.9 0   259.0 0   259.0 0     0.0 0     0.0 0     0.0 0   -52.0 0   -52.0 0   -13.7 0    92.7 0     1.4 0   330.0 0   960.2 0
 2019  23  1 23  9 32  9.533 136.55    -1.2 0     0.0 0 -9999.9 1     0.3 0   185.0 0   259.7 0   259.6 0   236.6 0   259.0 0   259.0 0     0.0 0     0.0 0     0.0 0   -51.6 0   -51.6 0   -13.7 0    92.6 0     1.6 0   330.4 0   960.1 0
 2019  23  1 23  9 33  9.550 136.38    -1.2 0     0.0 0 -9999.9 1     0.3 0   184.7 0   259.6 0   259.6 0   236.8 0   258.9 0   259.0 0     0.0 0     0.0 0     0.0 0   -52.1 0   -52.1 0   -13.8 0    92.6 0     1.7 0   325.9 0   960.1 0
 2019  23  1 23  9 34  9.567 136.21    -1.2 0     0.0 0 -9999.9 1     0.3 0   184.8 0   259.6 0   259.5 0   236.3 0   258.9 0   259.0 0     0.0 0     0.0 0     0.0 0   -51.4 0   -51.4 0   -13.8 0    92.6 0     1.7 0   325.2 0   960.1 0
 2019  23  1 23  9 35  9.583 136.04    -1.2 0     0.0 0 -9999.9 1     0.3 0   184.8 0   259.6 0   259.5 0   236.2 0   258.9 0   258.9 0     0.0 0     0.0 0     0.0 0   -51.4 0   -51.4 0   -13.8 0    92.7 0     1.7 0   328.1 0   960.1 0
 2019  23  1 23  9 36  9.600 135.87    -1.1 0     0.0 0 -9999.9 1     0.3 0   184.9 0   259.6 0   259.5 0   236.0 0   258.9 0   258.9 0     0.0 0     0.0 0     0.0 0   -51.1 0   -51.1 0   -13.8 0    92.7 0     1.6 0   323.7 0   960.1 0
 2019  23  1 23  9 37  9.617 135.70    -1.2 0     0.0 0 -9999.9 1     0.3 0   184.9 0   259.6 0   259.5 0   236.2 0   258.8 0   258.9 0     0.0 0     0.0 0     0.0 0   -51.3 0   -51.3 0   -13.8 0    92.8 0     1.8 0   325.2 0   960.1 0
 2019  23  1 23  9 38  9.633 135.53    -1.2 0     0.0 0 -9999.9 1     0.3 0   185.1 0   259.5 0   259.5 0   236.5 0   258.8 0   258.9 0     0.0 0     0.0 0     0.0 0   -51.3 0   -51.3 0   -13.8 0    92.9 0     1.8 0   325.1 0   960.1 0
 2019  23  1 23  9 39  9.650 135.36    -1.4 0     0.0 0 -9999.9 1     0.3 0   185.4 0   259.5 0   259.5 0   236.8 0   258.8 0   258.9 0     0.0 0     0.0 0     0.0 0   -51.4 0   -51.4 0   -13.7 0    93.2 0     1.9 0   325.8 0   960.1 0
 2019  23  1 23  9 40  9.667 135.19    -1.3 0     0.0 0 -9999.9 1     0.3 0   185.0 0   259.5 0   259.5 0   237.1 0   258.8 0   258.9 0     0.0 0     0.0 0     0.0 0   -52.1 0   -52.1 0   -13.6 0    93.2 0     1.9 0   323.3 0   960.1 0
 2019  23  1 23  9 41  9.683 135.02    -1.5 0     0.0 0 -9999.9 1     0.3 0   184.9 0   259.5 0   259.5 0   236.2 0   258.8 0   258.9 0     0.0 0     0.0 0     0.0 0   -51.2 0   -51.2 0   -13.7 0    92.9 0     1.3 0   324.1 0   960.1 0
 2019  23  1 23  9 42  9.700 134.84    -1.4 0     0.0 0 -9999.9 1     0.3 0   185.1 0   259.5 0   259.5 0   235.4 0   258.8 0   258.8 0     0.0 0     0.0 0     0.0 0   -50.3 0   -50.3 0   -13.7 0    92.8 0     1.3 0   321.9 0   960.1 0
 2019  23  1 23  9 43  9.717 134.67    -1.6 0     0.0 0 -9999.9 1     0.3 0   184.9 0   259.5 0   259.5 0   235.5 0   258.8 0   258.8 0     0.0 0     0.0 0     0.0 0   -50.6 0   -50.6 0   -13.7 0    92.7 0     1.4 0   320.0 0   960.1 0
 2019  23  1 23  9 44  9.733 134.50    -1.6 0     0.0 0 -9999.9 1     0.3 0   184.8 0   259.5 0   259.5 0   235.7 0   258.8 0   258.8 0     0.0 0     0.0 0     0.0 0   -50.9 0   -50.9 0   -13.7 0    92.7 0     1.6 0   314.8 0   960.2 0
 2019  23  1 23  9 45  9.750 134.33    -1.4 0     0.0 0 -9999.9 1     0.3 0   185.1 0   259.5 0   259.4 0   234.9 0   258.8 0   258.8 0     0.0 0     0.0 0     0.0 0   -49.9 0   -49.9 0   -13.7 0    92.6 0     1.4 0   312.8 0   960.1 0
 2019  23  1 23  9 46  9.767 134.15    -1.3 0     0.0 0 -9999.9 1     0.3 0   184.9 0   259.5 0   259.4 0   234.8 0   258.8 0   258.8 0     0.0 0     0.0 0     0.0 0   -49.8 0   -49.8 0   -13.7 0    92.5 0     1.8 0   309.7 0   960.1 0
 2019  23  1 23  9 47  9.783 133.98    -1.2 0     0.0 0 -9999.9 1     0.3 0   184.7 0   259.5 0   259.4 0   235.2 0   258.7 0   258.8 0     0.0 0     0.0 0     0.0 0   -50.5 0   -50.5 0   -13.7 0    92.7 0     1.5 0   312.2 0   960.1 0
 2019  23  1 23  9 48  9.800 133.81    -1.2 0     0.0 0 -9999.9 1     0.3 0   184.4 0   259.4 0   259.3 0   235.0 0   258.7 0   258.8 0     0.0 0     0.0 0     0.0 0   -50.6 0   -50.6 0   -13.7 0    92.7 0     1.7 0   311.9 0   960.1 0
 2019  23  1 23  9 49  9.817 133.63    -1.1 0     0.0 0 -9999.9 1     0.3 0   184.5 0   259.4 0   259.3 0   235.0 0   258.7 0   258.8 0     0.0 0     0.0 0     0.0 0   -50.5 0   -50.5 0   -13.7 0    92.5 0     1.6 0   311.6 0   960.1 0
 2019  23  1 23  9 50  9.833 133.46    -1.1 0     0.0 0 -9999.9 1     0.4 0   184.5 0   259.4 0   259.3 0   234.9 0   258.7 0   258.7 0     0.0 0     0.0 0     0.0 0   -50.4 0   -50.4 0   -13.8 0    92.3 0     1.7 0   310.9 0   960.1 0
 2019  23  1 23  9 51  9.850 133.28    -1.1 0     0.0 0 -9999.9 1     0.3 0   184.6 0   259.3 0   259.2 0   235.0 0   258.7 0   258.7 0     0.0 0     0.0 0     0.0 0   -50.4 0   -50.4 0   -13.8 0    92.3 0     1.6 0   310.0 0   960.1 0
 2019  23  1 23  9 52  9.867 133.11    -1.2 0     0.0 0 -9999.9 1     0.3 0   184.5 0   259.3 0   259.2 0   234.3 0   258.7 0   258.7 0     0.0 0     0.0 0     0.0 0   -49.8 0   -49.8 0   -13.9 0    92.2 0     1.9 0   304.5 0   960.1 0
 2019  23  1 23  9 53  9.883 132.93    -1.2 0     0.0 0 -9999.9 1     0.3 0   184.1 0   259.3 0   259.2 0   235.0 0   258.7 0   258.7 0     0.0 0     0.0 0     0.0 0   -50.9 0   -50.9 0   -14.0 0    92.0 0     2.0 0   300.1 0   960.1 0
 2019  23  1 23  9 54  9.900 132.76    -0.8 0     0.0 0 -9999.9 1     0.4 0   183.3 0   259.2 0   259.1 0   234.4 0   258.6 0   258.6 0     0.0 0     0.0 0     0.0 0   -51.1 0   -51.1 0   -14.1 0    91.7 0     2.1 0   288.7 0   960.1 0
 2019  23  1 23  9 55  9.917 132.59    -0.7 0     0.0 0 -9999.9 1     0.5 0   183.0 0   259.2 0   259.0 0   234.0 0   258.6 0   258.6 0     0.0 0     0.0 0     0.0 0   -51.0 0   -51.0 0   -14.2 0    91.4 0     2.0 0   292.8 0   960.1 0
 2019  23  1 23  9 56  9.933 132.41    -0.4 0     0.0 0 -9999.9 1     0.7 0   183.1 0   259.1 0   259.0 0   233.0 0   258.6 0   258.6 0     0.0 0     0.0 0     0.0 0   -49.9 0   -49.9 0   -14.3 0    91.6 0     1.7 0   290.0 0   960.1 0
 2019  23  1 23  9 57  9.950 132.24    -0.4 0     0.0 0 -9999.9 1     0.6 0   183.1 0   259.1 0   258.9 0   232.0 0   258.5 0   258.5 0     0.0 0     0.0 0     0.0 0   -48.8 0   -48.8 0   -14.3 0    91.8 0     1.3 0   286.6 0   960.1 0
 2019  23  1 23  9 58  9.967 132.06    -0.4 0     0.0 0 -9999.9 1     0.4 0   182.9 0   259.0 0   258.9 0   231.0 0   258.5 0   258.5 0     0.0 0     0.0 0     0.0 0   -48.1 0   -48.1 0   -14.4 0    91.5 0     1.4 0   287.9 0   960.1 0
 2019  23  1 23  9 59  9.983 131.88    -0.4 0     0.0 0 -9999.9 1     0.7 0   182.4 0   259.0 0   258.8 0   230.5 0   258.5 0   258.5 0     0.0 0     0.0 0     0.0 0   -48.1 0   -48.1 0   -14.5 0    91.3 0     1.5 0   287.5 0   960.1 0
 2019  23  1 23 10  0 10.000 131.71    -0.4 0     0.0 0 -9999.9 1     0.7 0   182.5 0   258.9 0   258.7 0   229.8 0   258.4 0   258.4 0     0.0 0     0.0 0     0.0 0   -47.2 0   -47.2 0   -14.6 0    91.2 0     1.5 0   283.2 0   960.1 0
 2019  23  1 23 10  1 10.017 131.53    -0.4 0     0.0 0 -9999.9 1     0.7 0   182.7 0   258.8 0   258.7 0   229.4 0   258.4 0   258.4 0     0.0 0     0.0 0     0.0 0   -46.8 0   -46.8 0   -14.6 0    91.4 0     1.3 0   275.5 0   960.1 0
 2019  23  1 23 10  2 10.033 131.36    -0.4 0     0.0 0 -9999.9 1     0.4 0   182.8 0   258.8 0   258.6 0   228.5 0   258.3 0   258.3 0     0.0 0     0.0 0     0.0 0   -45.6 0   -45.6 0   -14.7 0    91.3 0     1.1 0   286.7 0   960.0 0
 2019  23  1 23 10  3 10.050 131.18    -0.3 0     0.0 0 -9999.9 1     0.4 0   183.1 0   258.7 0   258.6 0   227.7 0   258.3 0   258.3 0     0.0 0     0.0 0     0.0 0   -44.6 0   -44.6 0   -14.7 0    91.2 0     0.9 0   300.6 0   960.0 0
 2019  23  1 23 10  4 10.067 131.01    -0.4 0     0.0 0 -9999.9 1     0.3 0   183.4 0   258.7 0   258.6 0   227.3 0   258.3 0   258.3 0     0.0 0     0.0 0     0.0 0   -43.9 0   -43.9 0   -14.8 0    91.4 0     1.2 0   298.7 0   960.0 0
 2019  23  1 23 10  5 10.083 130.83    -0.4 0     0.0 0 -9999.9 1     0.3 0   183.2 0   258.6 0   258.6 0   227.0 0   258.2 0   258.2 0     0.0 0     0.0 0     0.0 0   -43.8 0   -43.8 0   -14.7 0    91.7 0     1.4 0   305.1 0   960.0 0
 2019  23  1 23 10  6 10.100 130.65    -0.8 0     0.0 0 -9999.9 1     0.3 0   183.4 0   258.6 0   258.5 0   226.9 0   258.2 0   258.2 0     0.0 0     0.0 0     0.0 0   -43.5 0   -43.5 0   -14.7 0    91.9 0     1.2 0   302.6 0   960.0 0
 2019  23  1 23 10  7 10.117 130.48    -0.8 0     0.0 0 -9999.9 1     0.3 0   183.5 0   258.6 0   258.5 0   226.7 0   258.1 0   258.1 0     0.0 0     0.0 0     0.0 0   -43.2 0   -43.2 0   -14.7 0    91.7 0     1.0 0   304.6 0   960.0 0
 2019  23  1 23 10  8 10.133 130.30    -0.8 0     0.0 0 -9999.9 1     0.3 0   183.4 0   258.5 0   258.5 0   226.0 0   258.1 0   258.1 0     0.0 0     0.0 0     0.0 0   -42.6 0   -42.6 0   -14.7 0    91.6 0     1.2 0   301.5 0   960.0 0
 2019  23  1 23 10  9 10.150 130.12    -0.8 0     0.0 0 -9999.9 1     0.3 0   183.1 0   258.5 0   258.4 0   225.7 0   258.1 0   258.1 0     0.0 0     0.0 0     0.0 0   -42.5 0   -42.5 0   -14.7 0    91.6 0     1.2 0   298.1 0   960.0 0
 2019  23  1 23 10 10 10.167 129.95    -0.8 0     0.0 0 -9999.9 1     0.3 0   183.6 0   258.5 0   258.4 0   225.6 0   258.0 0   258.0 0     0.0 0     0.0 0     0.0 0   -42.0 0   -42.0 0   -14.7 0    91.6 0     1.0 0   309.5 0   960.0 0
 2019  23  1 23 10 11 10.183 129.77    -0.8 0     0.0 0 -9999.9 1     0.3 0   183.7 0   258.5 0   258.4 0   225.3 0   258.0 0   258.0 0     0.0 0     0.0 0     0.0 0   -41.6 0   -41.6 0   -14.7 0    91.7 0     1.0 0   318.2 0   960.0 0
 2019  23  1 23 10 12 10.200 129.59    -0.8 0     0.0 0 -9999.9 1     0.3 0   184.1 0   258.4 0   258.4 0   225.0 0   258.0 0   258.0 0     0.0 0     0.0 0     0.0 0   -40.9 0   -40.9 0   -14.7 0    91.9 0     0.6 0   328.3 0   959.9 0
 2019  23  1 23 10 13 10.217 129.41    -0.8 0     0.0 0 -9999.9 1     0.3 0   184.0 0   258.4 0   258.4 0   224.4 0   257.9 0   258.0 0     0.0 0     0.0 0     0.0 0   -40.4 0   -40.4 0   -14.6 0    92.0 0     0.5 0   320.9 0   959.9 0
 2019  23  1 23 10 14 10.233 129.24    -0.9 0     0.0 0 -9999.9 1     0.3 0   183.6 0   258.4 0   258.4 0   224.2 0   257.9 0   257.9 0     0.0 0     0.0 0     0.0 0   -40.6 0   -40.6 0   -14.6 0    92.0 0     1.1 0   306.8 0   959.9 0
 2019  23  1 23 10 15 10.250 129.06    -1.2 0     0.0 0 -9999.9 1     0.3 0   183.7 0   258.4 0   258.4 0   224.2 0   257.9 0   257.9 0     0.0 0     0.0 0     0.0 0   -40.5 0   -40.5 0   -14.6 0    92.0 0     1.4 0   304.5 0   959.8 0
 2019  23  1 23 10 16 10.267 128.88    -1.2 0     0.0 0 -9999.9 1     0.3 0   183.9 0   258.4 0   258.4 0   224.0 0   257.9 0   257.9 0     0.0 0     0.0 0     0.0 0   -40.1 0   -40.1 0   -14.6 0    92.0 0     1.3 0   310.1 0   959.8 0
 2019  23  1 23 10 17 10.283 128.70    -1.2 0     0.0 0 -9999.9 1     0.3 0   183.8 0   258.4 0   258.4 0   224.2 0   257.9 0   257.9 0     0.0 0     0.0 0     0.0 0   -40.4 0   -40.4 0   -14.5 0    92.1 0     1.3 0   314.0 0   959.8 0
 2019  23  1 23 10 18 10.300 128.52    -1.3 0     0.0 0 -9999.9 1     0.3 0   184.3 0   258.4 0   258.4 0   224.3 0   257.8 0   257.9 0     0.0 0     0.0 0     0.0 0   -40.0 0   -40.0 0   -14.5 0    92.2 0     1.6 0   307.2 0   959.8 0
 2019  23  1 23 10 19 10.317 128.35    -1.6 0     0.0 0 -9999.9 1     0.3 0   184.2 0   258.4 0   258.4 0   225.6 0   257.8 0   257.9 0     0.0 0     0.0 0     0.0 0   -41.3 0   -41.3 0   -14.4 0    92.2 0     1.7 0   309.9 0   959.8 0
 2019  23  1 23 10 20 10.333 128.17    -1.6 0     0.0 0 -9999.9 1     0.3 0   184.5 0   258.4 0   258.4 0   225.9 0   257.8 0   257.9 0     0.0 0     0.0 0     0.0 0   -41.4 0   -41.4 0   -14.4 0    92.1 0     1.3 0   316.3 0   959.7 0
 2019  23  1 23 10 21 10.350 127.99    -1.6 0     0.0 0 -9999.9 1     0.3 0   184.7 0   258.4 0   258.4 0   225.9 0   257.8 0   257.9 0     0.0 0     0.0 0     0.0 0   -41.2 0   -41.2 0   -14.4 0    92.0 0     1.2 0   312.1 0   959.7 0
 2019  23  1 23 10 22 10.367 127.81    -1.7 0     0.0 0 -9999.9 1     0.3 0   184.5 0   258.4 0   258.4 0   226.9 0   257.8 0   257.8 0     0.0 0     0.0 0     0.0 0   -42.3 0   -42.3 0   -14.4 0    91.9 0     1.5 0   303.9 0   959.7 0
 2019  23  1 23 10 23 10.383 127.63    -1.6 0     0.0 0 -9999.9 1     0.3 0   184.9 0   258.4 0   258.4 0   227.5 0   257.8 0   257.8 0     0.0 0     0.0 0     0.0 0   -42.6 0   -42.6 0   -14.4 0    92.2 0     1.4 0   318.0 0   959.6 0
 2019  23  1 23 10 24 10.400 127.45    -1.6 0     0.0 0 -9999.9 1     0.3 0   185.3 0   258.4 0   258.4 0   226.7 0   257.8 0   257.8 0     0.0 0     0.0 0     0.0 0   -41.4 0   -41.4 0   -14.4 0    92.3 0     1.1 0   320.1 0   959.6 0
 2019  23  1 23 10 25 10.417 127.28    -1.6 0     0.0 0 -9999.9 1     0.3 0   185.7 0   258.4 0   258.4 0   226.4 0   257.8 0   257.8 0     0.0 0     0.0 0     0.0 0   -40.7 0   -40.7 0   -14.4 0    92.0 0     0.9 0   316.6 0   959.6 0
 2019  23  1 23 10 26 10.433 127.10    -1.4 0     0.0 0 -9999.9 1     0.3 0   185.1 0   258.4 0   258.4 0   226.4 0   257.8 0   257.8 0     0.0 0     0.0 0     0.0 0   -41.3 0   -41.3 0   -14.4 0    92.2 0     1.4 0   312.2 0   959.5 0
 2019  23  1 23 10 27 10.450 126.92    -1.6 0     0.0 0 -9999.9 1     0.3 0   184.7 0   258.4 0   258.4 0   226.4 0   257.8 0   257.8 0     0.0 0     0.0 0     0.0 0   -41.7 0   -41.7 0   -14.3 0    92.3 0     1.4 0   316.1 0   959.5 0
 2019  23  1 23 10 28 10.467 126.74    -1.6 0     0.0 0 -9999.9 1     0.3 0   184.7 0   258.4 0   258.4 0   225.6 0   257.8 0   257.8 0     0.0 0     0.0 0     0.0 0   -41.0 0   -41.0 0   -14.3 0    92.3 0     1.1 0   317.2 0   959.5 0
 2019  23  1 23 10 29 10.483 126.56    -1.6 0     0.0 0 -9999.9 1     0.3 0   184.9 0   258.4 0   258.4 0   225.1 0   257.8 0   257.8 0     0.0 0     0.0 0     0.0 0   -40.2 0   -40.2 0   -14.3 0    92.1 0     1.0 0   317.1 0   959.5 0
 2019  23  1 23 10 30 10.500 126.38    -1.6 0     0.0 0 -9999.9 1     0.3 0   184.9 0   258.4 0   258.4 0   225.0 0   257.8 0   257.8 0     0.0 0     0.0 0     0.0 0   -40.1 0   -40.1 0   -14.3 0    92.1 0     1.1 0   319.4 0   959.5 0
 2019  23  1 23 10 31 10.517 126.20    -1.3 0     0.0 0 -9999.9 1     0.3 0   185.4 0   258.4 0   258.4 0   224.7 0   257.8 0   257.8 0     0.0 0     0.0 0     0.0 0   -39.3 0   -39.3 0   -14.3 0    92.1 0     0.9 0   319.4 0   959.5 0
 2019  23  1 23 10 32 10.533 126.02    -1.2 0     0.0 0 -9999.9 1     0.3 0   184.5 0   258.4 0   258.3 0   224.3 0   257.7 0   257.8 0     0.0 0     0.0 0     0.0 0   -39.7 0   -39.7 0   -14.3 0    92.0 0     1.2 0   311.6 0   959.5 0
 2019  23  1 23 10 33 10.550 125.84    -1.1 0     0.0 0 -9999.9 1     0.3 0   184.2 0   258.4 0   258.3 0   223.9 0   257.7 0   257.8 0     0.0 0     0.0 0     0.0 0   -39.7 0   -39.7 0   -14.3 0    92.1 0     1.2 0   312.0 0   959.5 0
 2019  23  1 23 10 34 10.567 125.66    -0.9 0     0.0 0 -9999.9 1     0.4 0   184.1 0   258.3 0   258.2 0   223.2 0   257.7 0   257.8 0     0.0 0     0.0 0     0.0 0   -39.1 0   -39.1 0   -14.3 0    91.8 0     1.0 0   308.8 0   959.5 0
 2019  23  1 23 10 35 10.583 125.48    -1.0 0     0.0 0 -9999.9 1     0.4 0   184.4 0   258.3 0   258.2 0   223.1 0   257.7 0   257.8 0     0.0 0     0.0 0     0.0 0   -38.7 0   -38.7 0   -14.3 0    91.8 0     1.0 0   306.3 0   959.5 0
 2019  23  1 23 10 36 10.600 125.31    -1.2 0     0.0 0 -9999.9 1     0.3 0   184.4 0   258.2 0   258.2 0   222.9 0   257.7 0   257.8 0     0.0 0     0.0 0     0.0 0   -38.4 0   -38.4 0   -14.3 0    91.8 0     1.0 0   308.7 0   959.5 0
 2019  23  1 23 10 37 10.617 125.13    -1.2 0     0.0 0 -9999.9 1     0.3 0   185.2 0   258.2 0   258.1 0   222.5 0   257.7 0   257.7 0     0.0 0     0.0 0     0.0 0   -37.3 0   -37.3 0   -14.3 0    91.9 0     1.1 0   310.2 0   959.5 0
 2019  23  1 23 10 38 10.633 124.95    -0.8 0     0.0 0 -9999.9 1     0.5 0   184.9 0   258.2 0   258.0 0   222.2 0   257.7 0   257.7 0     0.0 0     0.0 0     0.0 0   -37.3 0   -37.3 0   -14.3 0    91.8 0     1.3 0   294.2 0   959.5 0
 2019  23  1 23 10 39 10.650 124.77    -0.4 0     0.0 0 -9999.9 1     0.7 0   183.7 0   258.1 0   257.9 0   221.6 0   257.7 0   257.7 0     0.0 0     0.0 0     0.0 0   -37.9 0   -37.9 0   -14.5 0    91.0 0     1.5 0   283.3 0   959.4 0
 2019  23  1 23 10 40 10.667 124.59    -0.4 0     0.0 0 -9999.9 1     0.7 0   183.5 0   258.0 0   257.9 0   222.5 0   257.7 0   257.7 0     0.0 0     0.0 0     0.0 0   -39.0 0   -39.0 0   -14.6 0    91.0 0     1.3 0   294.6 0   959.4 0
 2019  23  1 23 10 41 10.683 124.41    -0.1 0     0.0 0 -9999.9 1     0.7 0   183.6 0   258.0 0   257.8 0   222.6 0   257.6 0   257.7 0     0.0 0     0.0 0     0.0 0   -39.0 0   -39.0 0   -14.6 0    91.6 0     1.5 0   301.4 0   959.4 0
 2019  23  1 23 10 42 10.700 124.23     0.0 0     0.0 0 -9999.9 1     0.7 0   183.2 0   257.9 0   257.7 0   222.1 0   257.6 0   257.7 0     0.0 0     0.0 0     0.0 0   -38.8 0   -38.8 0   -14.5 0    91.8 0     1.4 0   297.6 0   959.4 0
 2019  23  1 23 10 43 10.717 124.05    -0.1 0     0.0 0 -9999.9 1     0.7 0   183.3 0   257.8 0   257.6 0   221.5 0   257.6 0   257.6 0     0.0 0     0.0 0     0.0 0   -38.3 0   -38.3 0   -14.6 0    91.6 0     1.5 0   291.7 0   959.4 0
 2019  23  1 23 10 44 10.733 123.87    -0.4 0     0.0 0 -9999.9 1     0.6 0   183.2 0   257.8 0   257.6 0   222.0 0   257.6 0   257.6 0     0.0 0     0.0 0     0.0 0   -38.8 0   -38.8 0   -14.6 0    91.7 0     1.8 0   287.1 0   959.4 0
 2019  23  1 23 10 45 10.750 123.69    -0.1 0     0.0 0 -9999.9 1     0.7 0   182.8 0   257.7 0   257.5 0   223.0 0   257.6 0   257.6 0     0.0 0     0.0 0     0.0 0   -40.2 0   -40.2 0   -14.7 0    91.4 0     1.9 0   286.1 0   959.3 0
 2019  23  1 23 10 46 10.767 123.51     0.0 0     0.0 0 -9999.9 1     0.7 0   182.8 0   257.6 0   257.4 0   223.7 0   257.6 0   257.6 0     0.0 0     0.0 0     0.0 0   -40.8 0   -40.8 0   -14.8 0    91.1 0     1.8 0   290.7 0   959.3 0
 2019  23  1 23 10 47 10.783 123.33     0.0 0     0.0 0 -9999.9 1     0.7 0   182.9 0   257.5 0   257.3 0   224.0 0   257.5 0   257.6 0     0.0 0     0.0 0     0.0 0   -41.1 0   -41.1 0   -14.8 0    91.3 0     1.9 0   292.5 0   959.2 0
 2019  23  1 23 10 48 10.800 123.15     0.0 0     0.0 0 -9999.9 1     0.7 0   182.6 0   257.4 0   257.3 0   224.7 0   257.5 0   257.6 0     0.0 0     0.0 0     0.0 0   -42.1 0   -42.1 0   -14.8 0    91.4 0     2.0 0   287.8 0   959.2 0
 2019  23  1 23 10 49 10.817 122.97     0.1 0     0.0 0 -9999.9 1     0.7 0   182.3 0   257.4 0   257.1 0   225.0 0   257.5 0   257.5 0     0.0 0     0.0 0     0.0 0   -42.7 0   -42.7 0   -14.9 0    91.2 0     2.1 0   285.7 0   959.3 0
 2019  23  1 23 10 50 10.833 122.79     0.1 0     0.0 0 -9999.9 1     0.6 0   182.7 0   257.3 0   257.1 0   224.6 0   257.5 0   257.5 0     0.0 0     0.0 0     0.0 0   -41.9 0   -41.9 0   -15.0 0    90.9 0     1.8 0   288.6 0   959.3 0
 2019  23  1 23 10 51 10.850 122.60    -0.4 0     0.0 0 -9999.9 1     0.3 0   182.8 0   257.2 0   257.1 0   224.1 0   257.5 0   257.5 0     0.0 0     0.0 0     0.0 0   -41.4 0   -41.4 0   -15.1 0    90.7 0     1.7 0   291.6 0   959.2 0
 2019  23  1 23 10 52 10.867 122.42    -0.4 0     0.0 0 -9999.9 1     0.3 0   182.4 0   257.2 0   257.0 0   223.9 0   257.4 0   257.5 0     0.0 0     0.0 0     0.0 0   -41.5 0   -41.5 0   -15.2 0    90.6 0     1.7 0   288.6 0   959.2 0
 2019  23  1 23 10 53 10.883 122.24    -0.5 0     0.0 0 -9999.9 1     0.3 0   183.1 0   257.1 0   257.1 0   224.4 0   257.4 0   257.4 0     0.0 0     0.0 0     0.0 0   -41.3 0   -41.3 0   -15.3 0    90.8 0     1.6 0   298.6 0   959.2 0
 2019  23  1 23 10 54 10.900 122.06    -0.8 0     0.0 0 -9999.9 1     0.3 0   183.1 0   257.1 0   257.1 0   224.0 0   257.4 0   257.4 0     0.0 0     0.0 0     0.0 0   -40.9 0   -40.9 0   -15.3 0    91.2 0     1.7 0   298.2 0   959.2 0
 2019  23  1 23 10 55 10.917 121.88    -0.8 0     0.0 0 -9999.9 1     0.3 0   182.9 0   257.1 0   257.0 0   224.7 0   257.4 0   257.4 0     0.0 0     0.0 0     0.0 0   -41.8 0   -41.8 0   -15.2 0    91.3 0     1.9 0   291.2 0   959.3 0
 2019  23  1 23 10 56 10.933 121.70    -0.7 0     0.0 0 -9999.9 1     0.3 0   182.8 0   257.0 0   257.0 0   225.0 0   257.3 0   257.4 0     0.0 0     0.0 0     0.0 0   -42.2 0   -42.2 0   -15.2 0    91.5 0     2.0 0   290.2 0   959.3 0
 2019  23  1 23 10 57 10.950 121.52    -0.4 0     0.0 0 -9999.9 1     0.3 0   182.6 0   257.0 0   256.9 0   224.9 0   257.3 0   257.4 0     0.0 0     0.0 0     0.0 0   -42.3 0   -42.3 0   -15.3 0    91.3 0     2.1 0   290.7 0   959.3 0
 2019  23  1 23 10 58 10.967 121.34    -0.6 0     0.0 0 -9999.9 1     0.3 0   182.8 0   257.0 0   256.9 0   225.3 0   257.3 0   257.3 0     0.0 0     0.0 0     0.0 0   -42.5 0   -42.5 0   -15.2 0    91.3 0     2.1 0   296.1 0   959.3 0
 2019  23  1 23 10 59 10.983 121.16    -0.8 0     0.0 0 -9999.9 1     0.3 0   182.9 0   256.9 0   256.9 0   225.5 0   257.3 0   257.3 0     0.0 0     0.0 0     0.0 0   -42.5 0   -42.5 0   -15.2 0    91.3 0     1.9 0   296.6 0   959.3 0
 2019  23  1 23 11  0 11.000 120.98    -1.0 0     0.0 0 -9999.9 1     0.3 0   183.2 0   256.9 0   256.9 0   225.6 0   257.3 0   257.3 0     0.0 0     0.0 0     0.0 0   -42.4 0   -42.4 0   -15.2 0    91.6 0     1.8 0   299.6 0   959.3 0
 2019  23  1 23 11  1 11.017 120.80    -1.2 0     0.0 0 -9999.9 1     0.3 0   182.8 0   256.9 0   256.8 0   225.3 0   257.3 0   257.3 0     0.0 0     0.0 0     0.0 0   -42.5 0   -42.5 0   -15.2 0    91.5 0     2.0 0   293.1 0   959.3 0
 2019  23  1 23 11  2 11.033 120.62    -1.2 0     0.0 0 -9999.9 1     0.3 0   182.7 0   256.9 0   256.8 0   226.4 0   257.3 0   257.3 0     0.0 0     0.0 0     0.0 0   -43.7 0   -43.7 0   -15.2 0    91.4 0     2.2 0   296.2 0   959.3 0
 2019  23  1 23 11  3 11.050 120.44    -1.2 0     0.0 0 -9999.9 1     0.3 0   182.7 0   256.8 0   256.8 0   226.6 0   257.2 0   257.3 0     0.0 0     0.0 0     0.0 0   -43.9 0   -43.9 0   -15.2 0    91.3 0     2.1 0   303.7 0   959.3 0
 2019  23  1 23 11  4 11.067 120.26    -1.2 0     0.0 0 -9999.9 1     0.3 0   183.0 0   256.8 0   256.8 0   226.7 0   257.2 0   257.3 0     0.0 0     0.0 0     0.0 0   -43.6 0   -43.6 0   -15.2 0    91.4 0     2.0 0   307.5 0   959.3 0
 2019  23  1 23 11  5 11.083 120.08    -1.2 0     0.0 0 -9999.9 1     0.3 0   183.1 0   256.8 0   256.8 0   228.0 0   257.2 0   257.3 0     0.0 0     0.0 0     0.0 0   -44.9 0   -44.9 0   -15.1 0    91.8 0     2.2 0   306.2 0   959.3 0
 2019  23  1 23 11  6 11.100 119.90    -1.8 0     0.0 0 -9999.9 1     0.3 0   183.7 0   256.8 0   256.9 0   229.7 0   257.2 0   257.3 0     0.0 0     0.0 0     0.0 0   -46.0 0   -46.0 0   -15.0 0    92.0 0     2.0 0   306.4 0   959.3 0
 2019  23  1 23 11  7 11.117 119.72    -2.3 0     0.0 0 -9999.9 1     0.0 0   183.9 0   256.9 0   257.0 0   229.7 0   257.2 0   257.3 0     0.0 0     0.0 0     0.0 0   -45.9 0   -45.9 0   -15.0 0    91.9 0     2.0 0   308.1 0   959.3 0
 2019  23  1 23 11  8 11.133 119.54    -2.4 0     0.0 0 -9999.9 1     0.0 0   184.1 0   256.9 0   257.1 0   230.9 0   257.3 0   257.3 0     0.0 0     0.0 0     0.0 0   -46.9 0   -46.9 0   -14.9 0    91.9 0     1.7 0   303.6 0   959.3 0
 2019  23  1 23 11  9 11.150 119.35    -2.5 0     0.0 0 -9999.9 1     0.0 0   184.1 0   257.0 0   257.1 0   230.6 0   257.3 0   257.3 0     0.0 0     0.0 0     0.0 0   -46.5 0   -46.5 0   -14.9 0    91.8 0     2.0 0   301.9 0   959.3 0
 2019  23  1 23 11 10 11.167 119.17    -2.4 0     0.0 0 -9999.9 1     0.0 0   184.0 0   257.0 0   257.2 0   230.3 0   257.3 0   257.3 0     0.0 0     0.0 0     0.0 0   -46.3 0   -46.3 0   -14.9 0    91.7 0     2.0 0   301.9 0   959.3 0
 2019  23  1 23 11 11 11.183 118.99    -2.6 0     0.0 0 -9999.9 1     0.2 0   184.0 0   257.1 0   257.2 0   230.1 0   257.3 0   257.3 0     0.0 0     0.0 0     0.0 0   -46.1 0   -46.1 0   -14.9 0    91.5 0     1.8 0   298.8 0   959.2 0
 2019  23  1 23 11 12 11.200 118.81    -2.3 0     0.0 0 -9999.9 1     0.3 0   183.9 0   257.1 0   257.3 0   229.9 0   257.3 0   257.3 0     0.0 0     0.0 0     0.0 0   -46.0 0   -46.0 0   -14.9 0    91.3 0     1.5 0   300.8 0   959.2 0
 2019  23  1 23 11 13 11.217 118.63    -2.3 0     0.0 0 -9999.9 1     0.3 0   183.7 0   257.2 0   257.3 0   229.6 0   257.3 0   257.3 0     0.0 0     0.0 0     0.0 0   -45.9 0   -45.9 0   -14.9 0    91.3 0     1.8 0   297.8 0   959.2 0
 2019  23  1 23 11 14 11.233 118.45    -2.1 0     0.0 0 -9999.9 1     0.3 0   183.6 0   257.2 0   257.3 0   229.9 0   257.3 0   257.3 0     0.0 0     0.0 0     0.0 0   -46.4 0   -46.4 0   -15.0 0    91.2 0     1.9 0   299.3 0   959.2 0
 2019  23  1 23 11 15 11.250 118.27    -2.0 0     0.0 0 -9999.9 1     0.3 0   183.7 0   257.3 0   257.3 0   230.5 0   257.3 0   257.3 0     0.0 0     0.0 0     0.0 0   -46.7 0   -46.7 0   -15.0 0    91.2 0     1.9 0   304.1 0   959.2 0
 2019  23  1 23 11 16 11.267 118.09    -2.1 0     0.0 0 -9999.9 1     0.3 0   183.9 0   257.3 0   257.4 0   230.6 0   257.3 0   257.3 0     0.0 0     0.0 0     0.0 0   -46.8 0   -46.8 0   -15.0 0    91.4 0     1.5 0   303.6 0   959.2 0
 2019  23  1 23 11 17 11.283 117.91    -2.3 0     0.0 0 -9999.9 1     0.3 0   184.1 0   257.3 0   257.4 0   230.4 0   257.3 0   257.3 0     0.0 0     0.0 0     0.0 0   -46.3 0   -46.3 0   -15.0 0    91.3 0     1.5 0   302.9 0   959.2 0
 2019  23  1 23 11 18 11.300 117.73    -2.3 0     0.0 0 -9999.9 1     0.3 0   184.1 0   257.4 0   257.5 0   230.8 0   257.3 0   257.3 0     0.0 0     0.0 0     0.0 0   -46.7 0   -46.7 0   -15.0 0    91.2 0     1.6 0   299.1 0   959.2 0
 2019  23  1 23 11 19 11.317 117.55    -2.2 0     0.0 0 -9999.9 1     0.3 0   183.8 0   257.4 0   257.5 0   230.6 0   257.3 0   257.3 0     0.0 0     0.0 0     0.0 0   -46.7 0   -46.7 0   -15.0 0    91.3 0     1.7 0   296.4 0   959.2 0
 2019  23  1 23 11 20 11.333 117.37    -1.9 0     0.0 0 -9999.9 1     0.3 0   183.9 0   257.4 0   257.4 0   230.2 0   257.3 0   257.3 0     0.0 0     0.0 0     0.0 0   -46.3 0   -46.3 0   -15.0 0    91.3 0     1.8 0   303.6 0   959.1 0
 2019  23  1 23 11 21 11.350 117.19    -1.9 0     0.0 0 -9999.9 1     0.3 0   184.1 0   257.4 0   257.5 0   229.9 0   257.3 0   257.3 0     0.0 0     0.0 0     0.0 0   -45.8 0   -45.8 0   -14.9 0    91.5 0     1.5 0   303.9 0   959.1 0
 2019  23  1 23 11 22 11.367 117.01    -1.9 0     0.0 0 -9999.9 1     0.3 0   184.0 0   257.4 0   257.5 0   229.7 0   257.3 0   257.3 0     0.0 0     0.0 0     0.0 0   -45.7 0   -45.7 0   -15.0 0    91.4 0     1.3 0   305.0 0   959.1 0
 2019  23  1 23 11 23 11.383 116.83    -1.9 0     0.0 0 -9999.9 1     0.3 0   183.5 0   257.5 0   257.4 0   229.8 0   257.3 0   257.3 0     0.0 0     0.0 0     0.0 0   -46.3 0   -46.3 0   -14.9 0    91.3 0     1.5 0   294.7 0   959.1 0
 2019  23  1 23 11 24 11.400 116.64    -1.3 0     0.0 0 -9999.9 1     0.5 0   182.9 0   257.4 0   257.3 0   229.0 0   257.3 0   257.3 0     0.0 0     0.0 0     0.0 0   -46.1 0   -46.1 0   -15.0 0    91.0 0     1.5 0   292.4 0   959.1 0
 2019  23  1 23 11 25 11.417 116.46    -1.2 0     0.0 0 -9999.9 1     0.5 0   183.3 0   257.4 0   257.3 0   227.4 0   257.3 0   257.3 0     0.0 0     0.0 0     0.0 0   -44.1 0   -44.1 0   -15.1 0    90.7 0     1.4 0   296.4 0   959.1 0
 2019  23  1 23 11 26 11.433 116.28    -1.2 0     0.0 0 -9999.9 1     0.3 0   183.1 0   257.4 0   257.3 0   226.4 0   257.2 0   257.3 0     0.0 0     0.0 0     0.0 0   -43.3 0   -43.3 0   -15.2 0    90.6 0     1.4 0   300.8 0   959.1 0
 2019  23  1 23 11 27 11.450 116.10    -1.2 0     0.0 0 -9999.9 1     0.3 0   183.0 0   257.4 0   257.3 0   225.6 0   257.2 0   257.3 0     0.0 0     0.0 0     0.0 0   -42.6 0   -42.6 0   -15.2 0    90.6 0     1.5 0   292.9 0   959.1 0
 2019  23  1 23 11 28 11.467 115.92    -1.2 0     0.0 0 -9999.9 1     0.3 0   183.0 0   257.3 0   257.2 0   225.0 0   257.2 0   257.2 0     0.0 0     0.0 0     0.0 0   -42.0 0   -42.0 0   -15.3 0    90.6 0     1.3 0   293.7 0   959.0 0
 2019  23  1 23 11 29 11.483 115.74    -0.9 0     0.0 0 -9999.9 1     0.3 0   183.0 0   257.3 0   257.2 0   224.6 0   257.2 0   257.2 0     0.0 0     0.0 0     0.0 0   -41.6 0   -41.6 0   -15.3 0    90.6 0     1.0 0   294.6 0   959.0 0
 2019  23  1 23 11 30 11.500 115.56    -0.8 0     0.0 0 -9999.9 1     0.3 0   183.1 0   257.2 0   257.2 0   223.6 0   257.2 0   257.2 0     0.0 0     0.0 0     0.0 0   -40.5 0   -40.5 0   -15.4 0    90.4 0     0.8 0   281.5 0   958.9 0
 2019  23  1 23 11 31 11.517 115.38    -0.9 0     0.0 0 -9999.9 1     0.3 0   183.1 0   257.2 0   257.2 0   223.2 0   257.1 0   257.1 0     0.0 0     0.0 0     0.0 0   -40.1 0   -40.1 0   -15.4 0    90.3 0     0.9 0   276.5 0   958.9 0
 2019  23  1 23 11 32 11.533 115.20    -1.2 0     0.0 0 -9999.9 1     0.3 0   183.3 0   257.2 0   257.2 0   222.5 0   257.1 0   257.1 0     0.0 0     0.0 0     0.0 0   -39.3 0   -39.3 0   -15.5 0    90.3 0     0.5 0   264.5 0   958.9 0
 2019  23  1 23 11 33 11.550 115.02    -1.2 0     0.0 0 -9999.9 1     0.3 0   183.1 0   257.1 0   257.2 0   222.2 0   257.1 0   257.1 0     0.0 0     0.0 0     0.0 0   -39.1 0   -39.1 0   -15.5 0    90.2 0     0.5 0   250.5 0   958.9 0
 2019  23  1 23 11 34 11.567 114.84    -1.6 0     0.0 0 -9999.9 1     0.3 0   183.2 0   257.1 0   257.2 0   221.5 0   257.0 0   257.1 0     0.0 0     0.0 0     0.0 0   -38.3 0   -38.3 0   -15.6 0    90.0 0     0.4 0   248.8 0   959.0 0
 2019  23  1 23 11 35 11.583 114.66    -1.6 0     0.0 0 -9999.9 1     0.3 0   183.4 0   257.1 0   257.2 0   221.2 0   257.0 0   257.0 0     0.0 0     0.0 0     0.0 0   -37.9 0   -37.9 0   -15.6 0    90.0 0     0.3 0   245.0 0   959.0 0
 2019  23  1 23 11 36 11.600 114.48    -1.6 0     0.0 0 -9999.9 1     0.3 0   183.5 0   257.1 0   257.2 0   220.9 0   257.0 0   257.0 0     0.0 0     0.0 0     0.0 0   -37.5 0   -37.5 0   -15.7 0    89.9 0     0.4 0   263.7 0   959.0 0
 2019  23  1 23 11 37 11.617 114.30    -1.6 0     0.0 0 -9999.9 1     0.3 0   183.7 0   257.1 0   257.2 0   220.8 0   256.9 0   257.0 0     0.0 0     0.0 0     0.0 0   -37.2 0   -37.2 0   -15.7 0    89.9 0     0.4 0   272.6 0   959.0 0
 2019  23  1 23 11 38 11.633 114.12    -1.6 0     0.0 0 -9999.9 1     0.3 0   183.7 0   257.1 0   257.2 0   220.5 0   256.9 0   256.9 0     0.0 0     0.0 0     0.0 0   -36.8 0   -36.8 0   -15.8 0    90.0 0     0.6 0   280.1 0   959.0 0
 2019  23  1 23 11 39 11.650 113.94    -1.7 0     0.0 0 -9999.9 1     0.3 0   183.8 0   257.2 0   257.2 0   219.9 0   256.9 0   256.9 0     0.0 0     0.0 0     0.0 0   -36.1 0   -36.1 0   -15.8 0    90.1 0     0.5 0   291.4 0   959.0 0
 2019  23  1 23 11 40 11.667 113.76    -1.8 0     0.0 0 -9999.9 1     0.3 0   184.0 0   257.2 0   257.3 0   219.8 0   256.8 0   256.8 0     0.0 0     0.0 0     0.0 0   -35.8 0   -35.8 0   -15.8 0    90.2 0     0.6 0   288.4 0   958.9 0
 2019  23  1 23 11 41 11.683 113.58    -1.8 0     0.0 0 -9999.9 1     0.3 0   183.7 0   257.2 0   257.3 0   219.3 0   256.8 0   256.8 0     0.0 0     0.0 0     0.0 0   -35.7 0   -35.7 0   -15.8 0    90.3 0     0.9 0   291.8 0   958.9 0
 2019  23  1 23 11 42 11.700 113.40    -1.6 0     0.0 0 -9999.9 1     0.3 0   183.7 0   257.2 0   257.3 0   219.1 0   256.8 0   256.8 0     0.0 0     0.0 0     0.0 0   -35.4 0   -35.4 0   -15.8 0    90.3 0     1.0 0   290.9 0   958.9 0
 2019  23  1 23 11 43 11.717 113.22    -1.6 0     0.0 0 -9999.9 1     0.3 0   183.5 0   257.2 0   257.2 0   218.8 0   256.7 0   256.7 0     0.0 0     0.0 0     0.0 0   -35.2 0   -35.2 0   -15.8 0    90.4 0     0.9 0   292.6 0   958.9 0
 2019  23  1 23 11 44 11.733 113.04    -1.3 0     0.0 0 -9999.9 1     0.3 0   183.6 0   257.2 0   257.2 0   218.5 0   256.7 0   256.7 0     0.0 0     0.0 0     0.0 0   -34.9 0   -34.9 0   -15.9 0    90.3 0     0.9 0   298.0 0   958.8 0
 2019  23  1 23 11 45 11.750 112.86    -1.2 0     0.0 0 -9999.9 1     0.3 0   183.7 0   257.2 0   257.2 0   218.6 0   256.6 0   256.7 0     0.0 0     0.0 0     0.0 0   -34.9 0   -34.9 0   -15.9 0    90.3 0     1.0 0   305.7 0   958.8 0
 2019  23  1 23 11 46 11.767 112.68    -1.2 0     0.0 0 -9999.9 1     0.3 0   183.8 0   257.2 0   257.2 0   218.5 0   256.6 0   256.6 0     0.0 0     0.0 0     0.0 0   -34.7 0   -34.7 0   -15.9 0    90.7 0     1.3 0   311.6 0   958.8 0
 2019  23  1 23 11 47 11.783 112.50    -1.2 0     0.0 0 -9999.9 1     0.3 0   183.8 0   257.2 0   257.2 0   218.7 0   256.6 0   256.6 0     0.0 0     0.0 0     0.0 0   -34.9 0   -34.9 0   -15.7 0    91.1 0     1.2 0   311.4 0   958.8 0
 2019  23  1 23 11 48 11.800 112.32    -1.2 0     0.0 0 -9999.9 1     0.3 0   183.7 0   257.2 0   257.3 0   219.1 0   256.6 0   256.6 0     0.0 0     0.0 0     0.0 0   -35.5 0   -35.5 0   -15.7 0    91.1 0     1.2 0   307.8 0   958.9 0
 2019  23  1 23 11 49 11.817 112.14    -1.6 0     0.0 0 -9999.9 1     0.3 0   183.8 0   257.3 0   257.3 0   219.4 0   256.6 0   256.6 0     0.0 0     0.0 0     0.0 0   -35.7 0   -35.7 0   -15.6 0    91.2 0     1.6 0   306.0 0   958.9 0
 2019  23  1 23 11 50 11.833 111.96    -1.6 0     0.0 0 -9999.9 1     0.3 0   183.5 0   257.3 0   257.3 0   220.7 0   256.6 0   256.6 0     0.0 0     0.0 0     0.0 0   -37.2 0   -37.2 0   -15.6 0    91.2 0     1.9 0   303.0 0   959.0 0
 2019  23  1 23 11 51 11.850 111.78    -1.4 0     0.0 0 -9999.9 1     0.3 0   183.4 0   257.3 0   257.2 0   223.6 0   256.6 0   256.6 0     0.0 0     0.0 0     0.0 0   -40.2 0   -40.2 0   -15.6 0    91.2 0     2.0 0   300.8 0   959.0 0
 2019  23  1 23 11 52 11.867 111.60    -1.2 0     0.0 0 -9999.9 1     0.3 0   183.2 0   257.2 0   257.2 0   225.6 0   256.6 0   256.6 0     0.0 0     0.0 0     0.0 0   -42.4 0   -42.4 0   -15.5 0    91.1 0     2.0 0   299.1 0   959.0 0
 2019  23  1 23 11 53 11.883 111.42    -1.4 0     0.0 0 -9999.9 1     0.3 0   183.4 0   257.2 0   257.2 0   226.5 0   256.6 0   256.6 0     0.0 0     0.0 0     0.0 0   -43.1 0   -43.1 0   -15.5 0    91.2 0     2.0 0   300.9 0   958.9 0
 2019  23  1 23 11 54 11.900 111.24    -1.6 0     0.0 0 -9999.9 1     0.3 0   183.2 0   257.2 0   257.2 0   227.2 0   256.6 0   256.7 0     0.0 0     0.0 0     0.0 0   -44.0 0   -44.0 0   -15.5 0    91.2 0     2.0 0   298.4 0   958.9 0
 2019  23  1 23 11 55 11.917 111.06    -1.6 0     0.0 0 -9999.9 1     0.3 0   183.6 0   257.2 0   257.2 0   227.4 0   256.6 0   256.7 0     0.0 0     0.0 0     0.0 0   -43.8 0   -43.8 0   -15.4 0    91.1 0     1.6 0   298.7 0   958.8 0
 2019  23  1 23 11 56 11.933 110.88    -1.6 0     0.0 0 -9999.9 1     0.3 0   184.1 0   257.2 0   257.2 0   226.6 0   256.6 0   256.7 0     0.0 0     0.0 0     0.0 0   -42.5 0   -42.5 0   -15.4 0    91.0 0     1.4 0   301.5 0   958.7 0
 2019  23  1 23 11 57 11.950 110.70    -1.7 0     0.0 0 -9999.9 1     0.3 0   184.4 0   257.2 0   257.2 0   225.6 0   256.6 0   256.7 0     0.0 0     0.0 0     0.0 0   -41.2 0   -41.2 0   -15.4 0    90.9 0     0.9 0   305.3 0   958.7 0
 2019  23  1 23 11 58 11.967 110.52    -1.6 0     0.0 0 -9999.9 1     0.3 0   184.2 0   257.2 0   257.2 0   224.5 0   256.6 0   256.7 0     0.0 0     0.0 0     0.0 0   -40.3 0   -40.3 0   -15.5 0    90.6 0     0.7 0   299.5 0   958.6 0
 2019  23  1 23 11 59 11.983 110.35    -1.3 0     0.0 0 -9999.9 1     0.3 0   184.1 0   257.2 0   257.1 0   223.6 0   256.6 0   256.6 0     0.0 0     0.0 0     0.0 0   -39.5 0   -39.5 0   -15.5 0    90.5 0     0.6 0   299.8 0   958.6 0
 2019  23  1 23 12  0 12.000 110.17    -1.2 0     0.0 0 -9999.9 1     0.3 0   184.1 0   257.1 0   257.1 0   222.9 0   256.6 0   256.6 0     0.0 0     0.0 0     0.0 0   -38.8 0   -38.8 0   -15.5 0    90.3 0     0.6 0   306.8 0   958.6 0
 2019  23  1 23 12  1 12.017 109.99    -1.3 0     0.0 0 -9999.9 1     0.3 0   184.5 0   257.1 0   257.1 0   222.2 0   256.6 0   256.6 0     0.0 0     0.0 0     0.0 0   -37.6 0   -37.6 0   -15.5 0    90.4 0     0.6 0   313.9 0   958.6 0
 2019  23  1 23 12  2 12.033 109.81    -1.6 0     0.0 0 -9999.9 1     0.3 0   185.0 0   257.1 0   257.1 0   221.6 0   256.6 0   256.6 0     0.0 0     0.0 0     0.0 0   -36.6 0   -36.6 0   -15.5 0    90.5 0     0.7 0   304.3 0   958.6 0
 2019  23  1 23 12  3 12.050 109.63    -1.7 0     0.0 0 -9999.9 1     0.3 0   184.8 0   257.1 0   257.2 0   220.7 0   256.5 0   256.6 0     0.0 0     0.0 0     0.0 0   -35.9 0   -35.9 0   -15.5 0    90.5 0     0.9 0   297.1 0   958.7 0
 2019  23  1 23 12  4 12.067 109.45    -1.6 0     0.0 0 -9999.9 1     0.3 0   184.3 0   257.1 0   257.1 0   220.4 0   256.5 0   256.6 0     0.0 0     0.0 0     0.0 0   -36.1 0   -36.1 0   -15.5 0    90.6 0     1.0 0   294.6 0   958.7 0
 2019  23  1 23 12  5 12.083 109.27    -1.6 0     0.0 0 -9999.9 1     0.3 0   184.5 0   257.1 0   257.1 0   220.3 0   256.5 0   256.6 0     0.0 0     0.0 0     0.0 0   -35.8 0   -35.8 0   -15.5 0    90.5 0     0.8 0   296.8 0   958.6 0
 2019  23  1 23 12  6 12.100 109.09    -1.3 0     0.0 0 -9999.9 1     0.3 0   184.4 0   257.1 0   257.1 0   219.7 0   256.5 0   256.5 0     0.0 0     0.0 0     0.0 0   -35.3 0   -35.3 0   -15.6 0    90.5 0     0.7 0   291.6 0   958.6 0
 2019  23  1 23 12  7 12.117 108.92    -1.2 0     0.0 0 -9999.9 1     0.3 0   184.0 0   257.1 0   257.1 0   219.4 0   256.5 0   256.5 0     0.0 0     0.0 0     0.0 0   -35.4 0   -35.4 0   -15.6 0    90.3 0     0.5 0   289.3 0   958.7 0
 2019  23  1 23 12  8 12.133 108.74    -1.2 0     0.0 0 -9999.9 1     0.3 0   184.5 0   257.1 0   257.1 0   219.7 0   256.5 0   256.5 0     0.0 0     0.0 0     0.0 0   -35.2 0   -35.2 0   -15.7 0    90.1 0     0.2 0   289.0 0   958.6 0
 2019  23  1 23 12  9 12.150 108.56    -1.2 0     0.0 0 -9999.9 1     0.3 0   184.6 0   257.1 0   257.1 0   219.2 0   256.4 0   256.5 0     0.0 0     0.0 0     0.0 0   -34.6 0   -34.6 0   -15.7 0    89.7 0     0.1 0   284.4 0   958.6 0
 2019  23  1 23 12 10 12.167 108.38    -1.2 0     0.0 0 -9999.9 1     0.3 0   184.6 0   257.0 0   257.1 0   219.3 0   256.4 0   256.5 0     0.0 0     0.0 0     0.0 0   -34.8 0   -34.8 0   -15.8 0    89.6 0     0.0 0   285.2 0   958.6 0
 2019  23  1 23 12 11 12.183 108.20    -1.2 0     0.0 0 -9999.9 1     0.3 0   184.6 0   257.0 0   257.1 0   219.0 0   256.4 0   256.4 0     0.0 0     0.0 0     0.0 0   -34.4 0   -34.4 0   -15.9 0    89.5 0 -9999.9 1 -9999.9 1   958.6 0
 2019  23  1 23 12 12 12.200 108.02    -1.5 0     0.0 0 -9999.9 1     0.3 0   184.7 0   257.0 0   257.1 0   218.7 0   256.4 0   256.4 0     0.0 0     0.0 0     0.0 0   -33.9 0   -33.9 0   -15.9 0    89.4 0 -9999.9 1 -9999.9 1   958.6 0
 2019  23  1 23 12 13 12.217 107.85    -1.6 0     0.0 0 -9999.9 1     0.3 0   184.9 0   257.0 0   257.0 0   218.4 0   256.3 0   256.4 0     0.0 0     0.0 0     0.0 0   -33.6 0   -33.6 0   -16.0 0    89.5 0     0.3 0   282.5 0   958.6 0
 2019  23  1 23 12 14 12.233 107.67    -1.6 0     0.0 0 -9999.9 1     0.3 0   184.7 0   257.0 0   257.0 0   218.3 0   256.3 0   256.3 0     0.0 0     0.0 0     0.0 0   -33.5 0   -33.5 0   -16.0 0    89.8 0     0.4 0   281.6 0   958.6 0
 2019  23  1 23 12 15 12.250 107.49    -1.6 0     0.0 0 -9999.9 1     0.3 0   185.0 0   257.0 0   257.0 0   218.0 0   256.3 0   256.3 0     0.0 0     0.0 0     0.0 0   -33.0 0   -33.0 0   -16.0 0    90.2 0     0.6 0   280.4 0   958.7 0
 2019  23  1 23 12 16 12.267 107.31    -1.6 0     0.0 0 -9999.9 1     0.3 0   185.2 0   257.0 0   257.0 0   217.8 0   256.2 0   256.3 0     0.0 0     0.0 0     0.0 0   -32.6 0   -32.6 0   -16.0 0    90.5 0     0.6 0   277.9 0   958.7 0
 2019  23  1 23 12 17 12.283 107.14    -1.3 0     0.0 0 -9999.9 1     0.3 0   184.7 0   257.0 0   257.0 0   218.0 0   256.2 0   256.2 0     0.0 0     0.0 0     0.0 0   -33.2 0   -33.2 0   -15.9 0    90.7 0     0.5 0   279.0 0   958.7 0
 2019  23  1 23 12 18 12.300 106.96    -1.2 0     0.0 0 -9999.9 1     0.3 0   184.5 0   257.0 0   257.0 0   217.5 0   256.2 0   256.2 0     0.0 0     0.0 0     0.0 0   -33.0 0   -33.0 0   -15.9 0    90.7 0     0.2 0   280.6 0   958.7 0
 2019  23  1 23 12 19 12.317 106.78    -1.2 0     0.0 0 -9999.9 1     0.3 0   184.9 0   257.0 0   257.0 0   217.9 0   256.2 0   256.2 0     0.0 0     0.0 0     0.0 0   -33.0 0   -33.0 0   -15.9 0    90.6 0     0.0 0   294.8 0   958.7 0
 2019  23  1 23 12 20 12.333 106.60    -1.4 0     0.0 0 -9999.9 1     0.3 0   184.8 0   257.0 0   257.0 0   217.4 0   256.1 0   256.2 0     0.0 0     0.0 0     0.0 0   -32.6 0   -32.6 0   -15.9 0    90.3 0 -9999.9 1 -9999.9 1   958.7 0
 2019  23  1 23 12 21 12.350 106.43    -1.2 0     0.0 0 -9999.9 1     0.3 0   185.0 0   257.0 0   256.9 0   217.4 0   256.1 0   256.1 0     0.0 0     0.0 0     0.0 0   -32.4 0   -32.4 0   -16.0 0    90.0 0     0.2 0   110.2 0   958.6 0
 2019  23  1 23 12 22 12.367 106.25    -0.8 0     0.0 0 -9999.9 1     0.3 0   185.7 0   256.9 0   256.9 0   217.4 0   256.1 0   256.1 0     0.0 0     0.0 0     0.0 0   -31.7 0   -31.7 0   -16.1 0    89.9 0     0.4 0   117.3 0   958.6 0
 2019  23  1 23 12 23 12.383 106.07    -0.8 0     0.0 0 -9999.9 1     0.3 0   187.2 0   256.9 0   256.8 0   217.6 0   256.0 0   256.1 0     0.0 0     0.0 0     0.0 0   -30.5 0   -30.5 0   -16.1 0    90.0 0     0.1 0   127.6 0   958.6 0
 2019  23  1 23 12 24 12.400 105.90    -0.9 0     0.0 0 -9999.9 1     0.3 0   186.6 0   256.8 0   256.9 0   217.5 0   256.0 0   256.1 0     0.0 0     0.0 0     0.0 0   -30.9 0   -30.9 0   -16.1 0    90.1 0     0.0 0   129.3 0   958.6 0
 2019  23  1 23 12 25 12.417 105.72    -1.2 0     0.0 0 -9999.9 1     0.3 0   185.5 0   256.8 0   256.9 0   217.4 0   256.0 0   256.0 0     0.0 0     0.0 0     0.0 0   -31.9 0   -31.9 0   -16.1 0    90.3 0 -9999.9 1 -9999.9 1   958.6 0
 2019  23  1 23 12 26 12.433 105.54    -1.2 0     0.0 0 -9999.9 1     0.3 0   185.1 0   256.8 0   256.8 0   217.4 0   256.0 0   256.0 0     0.0 0     0.0 0     0.0 0   -32.2 0   -32.2 0   -16.1 0    90.4 0     0.0 0   194.9 0   958.6 0
 2019  23  1 23 12 27 12.450 105.36    -1.2 0     0.0 0 -9999.9 1     0.3 0   185.4 0   256.8 0   256.8 0   216.9 0   255.9 0   256.0 0     0.0 0     0.0 0     0.0 0   -31.6 0   -31.6 0   -16.1 0    90.4 0     0.3 0   168.4 0   958.6 0
 2019  23  1 23 12 28 12.467 105.19    -1.2 0     0.0 0 -9999.9 1     0.3 0   186.0 0   256.8 0   256.8 0   217.1 0   255.9 0   255.9 0     0.0 0     0.0 0     0.0 0   -31.1 0   -31.1 0   -16.1 0    90.5 0     0.3 0   163.1 0   958.5 0
 2019  23  1 23 12 29 12.483 105.01    -1.2 0     0.0 0 -9999.9 1     0.3 0   187.0 0   256.8 0   256.8 0   217.0 0   255.9 0   255.9 0     0.0 0     0.0 0     0.0 0   -30.0 0   -30.0 0   -16.1 0    90.5 0     0.2 0   162.9 0   958.5 0
 2019  23  1 23 12 30 12.500 104.84    -1.6 0     0.0 0 -9999.9 1     0.3 0   187.9 0   256.8 0   256.8 0   217.3 0   255.9 0   255.9 0     0.0 0     0.0 0     0.0 0   -29.4 0   -29.4 0   -16.1 0    90.5 0     0.0 0   162.9 0   958.5 0
 2019  23  1 23 12 31 12.517 104.66    -1.6 0     0.0 0 -9999.9 1     0.3 0   188.0 0   256.8 0   256.9 0   216.9 0   255.8 0   255.9 0     0.0 0     0.0 0     0.0 0   -28.9 0   -28.9 0   -16.0 0    90.5 0 -9999.9 1 -9999.9 1   958.5 0
 2019  23  1 23 12 32 12.533 104.48    -1.6 0     0.0 0 -9999.9 1     0.3 0   187.0 0   256.8 0   256.9 0   216.8 0   255.8 0   255.8 0     0.0 0     0.0 0     0.0 0   -29.8 0   -29.8 0   -16.0 0    90.6 0 -9999.9 1 -9999.9 1   958.5 0
 2019  23  1 23 12 33 12.550 104.31    -1.5 0     0.0 0 -9999.9 1     0.3 0   186.9 0   256.8 0   256.9 0   216.8 0   255.8 0   255.8 0     0.0 0     0.0 0     0.0 0   -29.8 0   -29.8 0   -16.0 0    90.5 0     0.2 0   119.5 0   958.5 0
 2019  23  1 23 12 34 12.567 104.13    -1.2 0     0.0 0 -9999.9 1     0.3 0   187.3 0   256.8 0   256.8 0   216.8 0   255.8 0   255.8 0     0.0 0     0.0 0     0.0 0   -29.5 0   -29.5 0   -16.0 0    90.5 0     0.7 0   118.1 0   958.5 0
 2019  23  1 23 12 35 12.583 103.96    -1.5 0     0.0 0 -9999.9 1     0.3 0   187.5 0   256.8 0   256.8 0   217.1 0   255.8 0   255.8 0     0.0 0     0.0 0     0.0 0   -29.6 0   -29.6 0   -16.0 0    90.8 0     0.6 0   129.9 0   958.5 0
 2019  23  1 23 12 36 12.600 103.78    -1.6 0     0.0 0 -9999.9 1     0.3 0   187.0 0   256.8 0   256.9 0   217.0 0   255.7 0   255.8 0     0.0 0     0.0 0     0.0 0   -29.9 0   -29.9 0   -16.0 0    91.0 0     0.6 0   143.4 0   958.5 0
 2019  23  1 23 12 37 12.617 103.61    -1.6 0     0.0 0 -9999.9 1     0.3 0   186.1 0   256.8 0   256.9 0   217.0 0   255.7 0   255.8 0     0.0 0     0.0 0     0.0 0   -30.9 0   -30.9 0   -15.9 0    91.2 0     0.7 0   154.4 0   958.5 0
 2019  23  1 23 12 38 12.633 103.43    -1.3 0     0.0 0 -9999.9 1     0.3 0   185.3 0   256.8 0   256.8 0   216.3 0   255.7 0   255.8 0     0.0 0     0.0 0     0.0 0   -31.0 0   -31.0 0   -15.9 0    91.1 0     0.9 0   168.2 0   958.5 0
 2019  23  1 23 12 39 12.650 103.26    -1.1 0     0.0 0 -9999.9 1     0.3 0   184.9 0   256.8 0   256.8 0   216.2 0   255.7 0   255.8 0     0.0 0     0.0 0     0.0 0   -31.3 0   -31.3 0   -16.0 0    90.7 0     0.8 0   176.6 0   958.6 0
 2019  23  1 23 12 40 12.667 103.08    -0.8 0     0.0 0 -9999.9 1     0.3 0   184.9 0   256.8 0   256.7 0   216.6 0   255.7 0   255.7 0     0.0 0     0.0 0     0.0 0   -31.7 0   -31.7 0   -16.0 0    90.6 0     0.8 0   166.9 0   958.6 0
 2019  23  1 23 12 41 12.683 102.91    -0.9 0     0.0 0 -9999.9 1     0.3 0   185.3 0   256.7 0   256.7 0   216.7 0   255.7 0   255.7 0     0.0 0     0.0 0     0.0 0   -31.4 0   -31.4 0   -16.1 0    90.6 0     0.7 0   163.5 0   958.5 0
 2019  23  1 23 12 42 12.700 102.73    -1.2 0     0.0 0 -9999.9 1     0.3 0   185.1 0   256.7 0   256.7 0   216.2 0   255.7 0   255.7 0     0.0 0     0.0 0     0.0 0   -31.0 0   -31.0 0   -16.0 0    90.8 0     0.5 0   176.7 0   958.6 0
 2019  23  1 23 12 43 12.717 102.56    -1.2 0     0.0 0 -9999.9 1     0.3 0   185.0 0   256.7 0   256.7 0   216.2 0   255.7 0   255.7 0     0.0 0     0.0 0     0.0 0   -31.2 0   -31.2 0   -16.0 0    90.9 0     0.5 0   188.8 0   958.6 0
 2019  23  1 23 12 44 12.733 102.38    -1.2 0     0.0 0 -9999.9 1     0.3 0   185.1 0   256.7 0   256.7 0   215.9 0   255.6 0   255.7 0     0.0 0     0.0 0     0.0 0   -30.8 0   -30.8 0   -16.0 0    91.0 0     0.6 0   191.5 0   958.5 0
 2019  23  1 23 12 45 12.750 102.21    -1.2 0     0.0 0 -9999.9 1     0.3 0   185.1 0   256.6 0   256.7 0   215.9 0   255.6 0   255.7 0     0.0 0     0.0 0     0.0 0   -30.7 0   -30.7 0   -16.0 0    90.9 0     0.6 0   191.6 0   958.5 0
 2019  23  1 23 12 46 12.767 102.03    -1.2 0     0.0 0 -9999.9 1     0.3 0   185.1 0   256.6 0   256.6 0   215.8 0   255.6 0   255.7 0     0.0 0     0.0 0     0.0 0   -30.7 0   -30.7 0   -15.9 0    90.9 0     0.7 0   203.4 0   958.5 0
 2019  23  1 23 12 47 12.783 101.86    -1.2 0     0.0 0 -9999.9 1     0.3 0   185.4 0   256.6 0   256.6 0   216.3 0   255.6 0   255.7 0     0.0 0     0.0 0     0.0 0   -30.9 0   -30.9 0   -15.9 0    90.8 0     0.7 0   206.6 0   958.5 0
 2019  23  1 23 12 48 12.800 101.68    -1.2 0     0.0 0 -9999.9 1     0.3 0   185.9 0   256.6 0   256.6 0   216.5 0   255.6 0   255.7 0     0.0 0     0.0 0     0.0 0   -30.6 0   -30.6 0   -15.9 0    90.9 0     0.6 0   216.9 0   958.5 0
 2019  23  1 23 12 49 12.817 101.51    -1.2 0     0.0 0 -9999.9 1     0.3 0   186.3 0   256.6 0   256.6 0   216.3 0   255.6 0   255.6 0     0.0 0     0.0 0     0.0 0   -30.0 0   -30.0 0   -15.9 0    90.7 0     0.4 0   217.0 0   958.4 0
 2019  23  1 23 12 50 12.833 101.34    -1.2 0     0.0 0 -9999.9 1     0.3 0   186.3 0   256.6 0   256.6 0   216.6 0   255.6 0   255.6 0     0.0 0     0.0 0     0.0 0   -30.3 0   -30.3 0   -15.9 0    90.6 0     0.4 0   209.8 0   958.4 0
 2019  23  1 23 12 51 12.850 101.16    -1.2 0     0.0 0 -9999.9 1     0.3 0   186.8 0   256.6 0   256.6 0   216.7 0   255.6 0   255.6 0     0.0 0     0.0 0     0.0 0   -29.9 0   -29.9 0   -15.9 0    90.7 0     0.5 0   199.7 0   958.3 0
 2019  23  1 23 12 52 12.867 100.99    -1.2 0     0.0 0 -9999.9 1     0.3 0   187.0 0   256.6 0   256.6 0   216.3 0   255.6 0   255.6 0     0.0 0     0.0 0     0.0 0   -29.3 0   -29.3 0   -15.9 0    90.5 0     0.5 0   188.8 0   958.3 0
 2019  23  1 23 12 53 12.883 100.82    -0.8 0     0.0 0 -9999.9 1     0.3 0   186.9 0   256.5 0   256.5 0   216.6 0   255.6 0   255.6 0     0.0 0     0.0 0     0.0 0   -29.7 0   -29.7 0   -16.0 0    90.1 0     0.5 0   172.9 0   958.3 0
 2019  23  1 23 12 54 12.900 100.64    -0.9 0     0.0 0 -9999.9 1     0.3 0   187.4 0   256.5 0   256.5 0   216.6 0   255.5 0   255.6 0     0.0 0     0.0 0     0.0 0   -29.2 0   -29.2 0   -16.1 0    89.9 0     0.6 0   162.7 0   958.3 0
 2019  23  1 23 12 55 12.917 100.47    -1.2 0     0.0 0 -9999.9 1     0.3 0   187.0 0   256.5 0   256.6 0   216.3 0   255.5 0   255.6 0     0.0 0     0.0 0     0.0 0   -29.3 0   -29.3 0   -16.1 0    90.0 0     0.5 0   157.0 0   958.4 0
 2019  23  1 23 12 56 12.933 100.30    -1.2 0     0.0 0 -9999.9 1     0.3 0   186.8 0   256.5 0   256.6 0   216.2 0   255.5 0   255.6 0     0.0 0     0.0 0     0.0 0   -29.4 0   -29.4 0   -16.1 0    90.1 0     0.6 0   175.5 0   958.4 0
 2019  23  1 23 12 57 12.950 100.13    -1.2 0     0.0 0 -9999.9 1     0.3 0   186.6 0   256.5 0   256.5 0   216.5 0   255.5 0   255.5 0     0.0 0     0.0 0     0.0 0   -29.8 0   -29.8 0   -16.2 0    90.1 0     0.6 0   189.4 0   958.4 0
 2019  23  1 23 12 58 12.967  99.95    -1.2 0     0.0 0 -9999.9 1     0.3 0   186.4 0   256.5 0   256.5 0   216.5 0   255.5 0   255.5 0     0.0 0     0.0 0     0.0 0   -30.0 0   -30.0 0   -16.2 0    89.9 0     0.6 0   189.7 0   958.4 0
 2019  23  1 23 12 59 12.983  99.78    -1.2 0     0.0 0 -9999.9 1     0.3 0   186.6 0   256.5 0   256.5 0   216.0 0   255.5 0   255.5 0     0.0 0     0.0 0     0.0 0   -29.4 0   -29.4 0   -16.3 0    89.6 0     0.8 0   189.3 0   958.4 0
 2019  23  1 23 13  0 13.000  99.61    -1.2 0     0.0 0 -9999.9 1     0.3 0   186.8 0   256.5 0   256.4 0   215.6 0   255.4 0   255.5 0     0.0 0     0.0 0     0.0 0   -28.8 0   -28.8 0   -16.3 0    89.7 0     0.7 0   191.4 0   958.4 0
 2019  23  1 23 13  1 13.017  99.44    -1.2 0     0.0 0 -9999.9 1     0.3 0   186.7 0   256.4 0   256.4 0   215.9 0   255.4 0   255.5 0     0.0 0     0.0 0     0.0 0   -29.2 0   -29.2 0   -16.4 0    89.7 0     0.7 0   196.2 0   958.4 0
 2019  23  1 23 13  2 13.033  99.26    -0.8 0     0.0 0 -9999.9 1     0.3 0   187.1 0   256.4 0   256.4 0   216.0 0   255.4 0   255.4 0     0.0 0     0.0 0     0.0 0   -28.8 0   -28.8 0   -16.5 0    89.5 0     0.5 0   198.2 0   958.3 0
 2019  23  1 23 13  3 13.050  99.09    -1.0 0     0.0 0 -9999.9 1     0.3 0   187.5 0   256.4 0   256.4 0   216.0 0   255.4 0   255.4 0     0.0 0     0.0 0     0.0 0   -28.5 0   -28.5 0   -16.5 0    89.5 0     0.4 0   198.0 0   958.3 0
 2019  23  1 23 13  4 13.067  98.92    -1.2 0     0.0 0 -9999.9 1     0.3 0   187.8 0   256.4 0   256.4 0   216.2 0   255.4 0   255.4 0     0.0 0     0.0 0     0.0 0   -28.3 0   -28.3 0   -16.5 0    89.6 0     0.4 0   198.0 0   958.3 0
 2019  23  1 23 13  5 13.083  98.75    -1.2 0     0.0 0 -9999.9 1     0.3 0   187.9 0   256.4 0   256.4 0   215.9 0   255.4 0   255.4 0     0.0 0     0.0 0     0.0 0   -28.0 0   -28.0 0   -16.5 0    89.7 0     0.5 0   204.0 0   958.3 0
 2019  23  1 23 13  6 13.100  98.58    -1.2 0     0.0 0 -9999.9 1     0.3 0   188.2 0   256.4 0   256.4 0   215.8 0   255.3 0   255.4 0     0.0 0     0.0 0     0.0 0   -27.5 0   -27.5 0   -16.5 0    89.7 0     0.6 0   210.3 0   958.3 0
 2019  23  1 23 13  7 13.117  98.41    -1.2 0     0.0 0 -9999.9 1     0.3 0   188.2 0   256.4 0   256.4 0   216.0 0   255.3 0   255.4 0     0.0 0     0.0 0     0.0 0   -27.9 0   -27.9 0   -16.5 0    89.7 0     0.7 0   218.9 0   958.4 0
 2019  23  1 23 13  8 13.133  98.24    -1.2 0     0.0 0 -9999.9 1     0.3 0   188.2 0   256.4 0   256.4 0   216.2 0   255.3 0   255.3 0     0.0 0     0.0 0     0.0 0   -28.0 0   -28.0 0   -16.5 0    89.7 0     0.8 0   218.2 0   958.4 0
 2019  23  1 23 13  9 13.150  98.07    -1.2 0     0.0 0 -9999.9 1     0.3 0   188.7 0   256.4 0   256.4 0   216.6 0   255.3 0   255.3 0     0.0 0     0.0 0     0.0 0   -27.9 0   -27.9 0   -16.5 0    90.3 0     0.8 0   213.5 0   958.3 0
 2019  23  1 23 13 10 13.167  97.90    -1.2 0     0.0 0 -9999.9 1     0.3 0   188.7 0   256.3 0   256.4 0   216.6 0   255.3 0   255.3 0     0.0 0     0.0 0     0.0 0   -28.0 0   -28.0 0   -16.4 0    90.6 0     0.7 0   211.9 0   958.3 0
 2019  23  1 23 13 11 13.183  97.72    -1.2 0     0.0 0 -9999.9 1     0.3 0   188.5 0   256.3 0   256.4 0   216.6 0   255.3 0   255.3 0     0.0 0     0.0 0     0.0 0   -28.0 0   -28.0 0   -16.4 0    90.7 0     0.7 0   214.6 0   958.3 0
 2019  23  1 23 13 12 13.200  97.55    -1.2 0     0.0 0 -9999.9 1     0.3 0   188.7 0   256.3 0   256.3 0   216.8 0   255.3 0   255.3 0     0.0 0     0.1 0     0.0 0   -28.1 0   -28.1 0   -16.4 0    90.5 0     0.7 0   218.9 0   958.4 0
 2019  23  1 23 13 13 13.217  97.38    -1.2 0     0.0 0 -9999.9 1     0.3 0   188.7 0   256.3 0   256.3 0   217.0 0   255.3 0   255.3 0     0.0 0     0.0 0     0.0 0   -28.3 0   -28.3 0   -16.3 0    90.5 0     0.5 0   221.6 0   958.4 0
 2019  23  1 23 13 14 13.233  97.21    -1.2 0     0.0 0 -9999.9 1     0.3 0   189.0 0   256.3 0   256.3 0   216.9 0   255.3 0   255.3 0     0.0 0     0.0 0     0.0 0   -28.0 0   -28.0 0   -16.3 0    90.3 0     0.5 0   221.0 0   958.4 0
 2019  23  1 23 13 15 13.250  97.04    -1.2 0     0.0 0 -9999.9 1     0.3 0   189.2 0   256.3 0   256.3 0   216.8 0   255.2 0   255.3 0     0.0 0     0.0 0     0.0 0   -27.6 0   -27.6 0   -16.3 0    90.2 0     0.5 0   215.1 0   958.3 0
 2019  23  1 23 13 16 13.267  96.88    -1.4 0     0.0 0 -9999.9 1     0.3 0   189.6 0   256.3 0   256.3 0   216.7 0   255.2 0   255.3 0     0.0 0     0.1 0     0.0 0   -27.2 0   -27.2 0   -16.3 0    90.2 0     0.6 0   215.2 0   958.3 0
 2019  23  1 23 13 17 13.283  96.71    -1.6 0     0.0 0 -9999.9 1     0.3 0   189.6 0   256.2 0   256.3 0   217.1 0   255.2 0   255.3 0     0.0 0     0.1 0     0.0 0   -27.4 0   -27.4 0   -16.3 0    90.2 0     0.5 0   218.5 0   958.3 0
 2019  23  1 23 13 18 13.300  96.54    -1.6 0     0.0 0 -9999.9 1     0.3 0   190.1 0   256.2 0   256.3 0   217.0 0   255.2 0   255.3 0     0.0 0     0.0 0     0.0 0   -26.9 0   -26.9 0   -16.3 0    90.2 0     0.4 0   216.4 0   958.3 0
 2019  23  1 23 13 19 13.317  96.37    -1.6 0     0.0 0 -9999.9 1     0.3 0   190.8 0   256.3 0   256.3 0   216.5 0   255.2 0   255.3 0     0.0 0     0.1 0     0.0 0   -25.7 0   -25.7 0   -16.3 0    90.1 0     0.3 0   216.4 0   958.3 0
 2019  23  1 23 13 20 13.333  96.20    -1.5 0     0.0 0 -9999.9 1     0.3 0   191.0 0   256.3 0   256.4 0   216.8 0   255.2 0   255.2 0     0.0 0     0.1 0     0.0 0   -25.8 0   -25.8 0   -16.3 0    90.0 0     0.3 0   216.4 0   958.3 0
 2019  23  1 23 13 21 13.350  96.03    -1.2 0     0.0 0 -9999.9 1     0.3 0   190.9 0   256.3 0   256.4 0   216.9 0   255.2 0   255.2 0     0.0 0     0.1 0     0.0 0   -26.0 0   -26.0 0   -16.3 0    90.0 0     0.4 0   221.3 0   958.3 0
 2019  23  1 23 13 22 13.367  95.86    -1.2 0     0.0 0 -9999.9 1     0.3 0   190.7 0   256.3 0   256.3 0   216.8 0   255.2 0   255.2 0     0.0 0     0.1 0     0.0 0   -26.1 0   -26.1 0   -16.3 0    89.9 0     0.4 0   223.0 0   958.3 0
 2019  23  1 23 13 23 13.383  95.69    -1.2 0     0.0 0 -9999.9 1     0.3 0   190.8 0   256.3 0   256.3 0   216.5 0   255.1 0   255.2 0     0.0 0     0.1 0     0.0 0   -25.8 0   -25.8 0   -16.3 0    89.7 0     0.4 0   226.4 0   958.3 0
 2019  23  1 23 13 24 13.400  95.53    -1.3 0     0.0 0 -9999.9 1     0.3 0   191.0 0   256.3 0   256.3 0   216.8 0   255.1 0   255.2 0     0.0 0     0.2 0     0.0 0   -25.8 0   -25.8 0   -16.3 0    89.7 0     0.6 0   236.8 0   958.3 0
 2019  23  1 23 13 25 13.417  95.36    -1.4 0     0.0 0 -9999.9 1     0.3 0   191.2 0   256.3 0   256.3 0   217.4 0   255.1 0   255.2 0     0.0 0     0.2 0     0.0 0   -26.3 0   -26.3 0   -16.3 0    89.9 0     0.5 0   240.0 0   958.3 0
 2019  23  1 23 13 26 13.433  95.19    -1.5 0     0.0 0 -9999.9 1     0.3 0   191.5 0   256.3 0   256.4 0   217.5 0   255.1 0   255.2 0     0.0 0     0.2 0     0.0 0   -26.0 0   -26.0 0   -16.3 0    90.1 0     0.4 0   240.0 0   958.3 0
 2019  23  1 23 13 27 13.450  95.02    -1.6 0     0.0 0 -9999.9 1     0.3 0   191.5 0   256.3 0   256.4 0   217.5 0   255.1 0   255.1 0     0.0 0     0.2 0     0.0 0   -26.0 0   -26.0 0   -16.3 0    90.3 0     0.6 0   240.7 0   958.3 0
 2019  23  1 23 13 28 13.467  94.86    -1.7 0     0.0 0 -9999.9 1     0.3 0   191.5 0   256.3 0   256.4 0   217.8 0   255.1 0   255.1 0     0.0 0     0.2 0     0.0 0   -26.2 0   -26.2 0   -16.2 0    90.5 0     0.7 0   249.3 0   958.3 0
 2019  23  1 23 13 29 13.483  94.69    -1.6 0     0.0 0 -9999.9 1     0.3 0   191.1 0   256.4 0   256.4 0   217.8 0   255.1 0   255.1 0     0.0 0     0.2 0     0.0 0   -26.6 0   -26.6 0   -16.2 0    90.5 0     0.8 0   255.2 0   958.3 0
 2019  23  1 23 13 30 13.500  94.52    -1.4 0     0.0 0 -9999.9 1     0.3 0   190.5 0   256.4 0   256.4 0   217.6 0   255.1 0   255.2 0     0.0 0     0.2 0     0.0 0   -27.1 0   -27.1 0   -16.2 0    90.6 0     0.9 0   260.3 0   958.3 0
 2019  23  1 23 13 31 13.517  94.36    -1.2 0     0.0 0 -9999.9 1     0.5 0   190.2 0   256.4 0   256.4 0   217.6 0   255.1 0   255.2 0     0.0 0     0.2 0     0.0 0   -27.4 0   -27.4 0   -16.2 0    90.5 0     1.0 0   265.7 0   958.3 0
 2019  23  1 23 13 32 13.533  94.19    -1.2 0     0.0 0 -9999.9 1     0.7 0   190.1 0   256.4 0   256.4 0   217.5 0   255.1 0   255.2 0     0.0 0     0.2 0     0.0 0   -27.4 0   -27.4 0   -16.1 0    90.4 0     0.9 0   271.5 0   958.3 0
 2019  23  1 23 13 33 13.550  94.02    -1.2 0     0.0 0 -9999.9 1     0.7 0   189.7 0   256.4 0   256.4 0   217.5 0   255.1 0   255.2 0     0.0 0     0.2 0     0.0 0   -27.7 0   -27.7 0   -16.2 0    90.3 0     0.9 0   274.8 0   958.3 0
 2019  23  1 23 13 34 13.567  93.86    -1.2 0     0.0 0 -9999.9 1     0.7 0   189.1 0   256.4 0   256.4 0   217.6 0   255.1 0   255.2 0     0.0 0     0.2 0     0.0 0   -28.6 0   -28.6 0   -16.2 0    90.2 0     0.9 0   276.0 0   958.3 0
 2019  23  1 23 13 35 13.583  93.69    -1.1 0     0.0 0 -9999.9 1     1.0 0   188.5 0   256.4 0   256.4 0   217.4 0   255.1 0   255.2 0     0.0 0     0.2 0     0.0 0   -28.9 0   -28.9 0   -16.2 0    90.0 0     1.0 0   278.3 0   958.3 0
 2019  23  1 23 13 36 13.600  93.53    -0.7 0     0.0 0 -9999.9 1     1.0 0   188.2 0   256.4 0   256.3 0   217.4 0   255.1 0   255.2 0     0.0 0     0.2 0     0.0 0   -29.2 0   -29.2 0   -16.3 0    89.9 0     1.0 0   280.6 0   958.3 0
 2019  23  1 23 13 37 13.617  93.36    -0.4 0     0.0 0 -9999.9 1     1.3 0   187.7 0   256.3 0   256.2 0   217.2 0   255.1 0   255.2 0     0.0 0     0.4 0     0.0 0   -29.5 0   -29.5 0   -16.3 0    89.7 0     1.0 0   283.4 0   958.3 0
 2019  23  1 23 13 38 13.633  93.20     0.1 0     0.3 0 -9999.9 1     1.4 0   187.1 0   256.3 0   256.1 0   217.5 0   255.1 0   255.2 0     0.0 0     0.4 0     0.0 0   -30.4 0   -30.4 0   -16.4 0    89.4 0     1.1 0   282.9 0   958.3 0
 2019  23  1 23 13 39 13.650  93.03     0.4 0     0.4 0 -9999.9 1     1.7 0   186.8 0   256.2 0   256.1 0   217.6 0   255.2 0   255.2 0     0.0 0     0.5 0     0.0 0   -30.8 0   -30.8 0   -16.5 0    89.1 0     1.1 0   280.2 0   958.2 0
 2019  23  1 23 13 40 13.667  92.87     0.7 0     0.4 0 -9999.9 1     1.7 0   186.7 0   256.1 0   256.0 0   217.6 0   255.2 0   255.2 0     0.0 0     0.5 0     0.3 0   -30.9 0   -30.6 0   -16.6 0    88.9 0     1.1 0   282.1 0   958.2 0
 2019  23  1 23 13 41 13.683  92.70     0.9 0     0.4 0 -9999.9 1     2.0 0   186.5 0   256.1 0   255.9 0   217.2 0   255.1 0   255.2 0     0.0 0     0.6 0     0.5 0   -30.7 0   -30.2 0   -16.7 0    88.8 0     1.2 0   281.6 0   958.2 0
 2019  23  1 23 13 42 13.700  92.54     1.2 0     0.4 0 -9999.9 1     2.2 0   186.2 0   256.0 0   255.9 0   216.8 0   255.1 0   255.2 0     0.0 0     0.8 0     0.8 0   -30.6 0   -29.8 0   -16.9 0    88.8 0     1.3 0   278.0 0   958.2 0
 2019  23  1 23 13 43 13.717  92.37     1.4 0     0.6 0 -9999.9 1     2.4 0   186.0 0   255.9 0   255.8 0   216.9 0   255.1 0   255.2 0     0.0 0     0.9 0     0.8 0   -30.9 0   -30.1 0   -16.9 0    88.7 0     1.3 0   276.1 0   958.2 0
 2019  23  1 23 13 44 13.733  92.21     1.9 0     1.1 0 -9999.9 1     2.7 0   185.9 0   255.9 0   255.7 0   217.2 0   255.1 0   255.2 0     0.0 0     0.9 0     0.8 0   -31.3 0   -30.5 0   -17.0 0    88.7 0     1.3 0   273.8 0   958.2 0
 2019  23  1 23 13 45 13.750  92.04     2.3 0     1.1 0 -9999.9 1     3.2 0   185.9 0   255.8 0   255.6 0   217.2 0   255.1 0   255.1 0     0.0 0     1.2 0     1.2 0   -31.4 0   -30.2 0   -17.1 0    88.7 0     1.3 0   276.2 0   958.2 0
 2019  23  1 23 13 46 13.767  91.88     2.9 0     1.6 0 -9999.9 1     3.8 0   186.0 0   255.7 0   255.6 0   217.2 0   255.1 0   255.1 0     0.0 0     1.3 0     1.3 0   -31.2 0   -29.9 0   -17.2 0    88.6 0     1.2 0   272.4 0   958.1 0
 2019  23  1 23 13 47 13.783  91.72     3.7 0     2.0 0 -9999.9 1     4.2 0   186.1 0   255.6 0   255.5 0   216.9 0   255.1 0   255.1 0     0.0 0     1.5 0     1.7 0   -30.8 0   -29.1 0   -17.3 0    88.5 0     1.1 0   275.1 0   958.1 0
 2019  23  1 23 13 48 13.800  91.56     4.3 0     2.5 0 -9999.9 1     5.1 0   186.4 0   255.6 0   255.5 0   217.3 0   255.1 0   255.1 0     0.0 0     1.7 0     1.8 0   -30.8 0   -29.0 0   -17.4 0    88.6 0     1.0 0   271.5 0   958.1 0
 2019  23  1 23 13 49 13.817  91.39     4.7 0     2.7 0 -9999.9 1     5.7 0   186.7 0   255.5 0   255.4 0   217.1 0   255.0 0   255.1 0     0.0 0     2.0 0     2.0 0   -30.3 0   -28.3 0   -17.4 0    88.8 0     1.0 0   267.4 0   958.0 0
 2019  23  1 23 13 50 13.833  91.23     5.3 0     3.1 0 -9999.9 1     6.3 0   187.2 0   255.4 0   255.4 0   217.4 0   255.0 0   255.1 0     0.0 0     2.1 0     2.2 0   -30.1 0   -27.9 0   -17.3 0    89.2 0     1.0 0   263.0 0   958.0 0
 2019  23  1 23 13 51 13.850  91.07     5.6 0     3.4 0 -9999.9 1     6.8 0   187.3 0   255.4 0   255.4 0   217.1 0   255.0 0   255.1 0     0.0 0     2.2 0     2.2 0   -29.8 0   -27.6 0   -17.3 0    89.4 0     1.1 0   262.1 0   958.0 0
 2019  23  1 23 13 52 13.867  90.91     6.2 0     3.4 0 -9999.9 1     7.2 0   187.7 0   255.4 0   255.4 0   217.0 0   255.0 0   255.1 0     0.0 0     2.5 0     2.8 0   -29.4 0   -26.6 0   -17.2 0    89.6 0     1.0 0   261.3 0   958.0 0
 2019  23  1 23 13 53 13.883  89.98     6.4 0     4.0 0 -9999.9 1     7.7 0   187.9 0   255.3 0   255.3 0   217.3 0   255.0 0   255.1 0     0.4 0     2.8 0     2.4 0   -29.3 0   -26.9 0   -17.2 0    89.8 0     1.0 0   261.5 0   958.0 0
 2019  23  1 23 13 54 13.900  89.87     7.0 0     4.3 0 -9999.9 1     8.3 0   188.5 0   255.3 0   255.3 0   217.5 0   255.0 0   255.1 0     0.4 0     3.1 0     2.7 0   -28.9 0   -26.2 0   -17.1 0    89.9 0     1.0 0   262.8 0   958.0 0
 2019  23  1 23 13 55 13.917  89.76     7.5 0     5.7 0 -9999.9 1     8.9 0   188.9 0   255.3 0   255.3 0   217.3 0   255.0 0   255.1 0     0.5 0     3.4 0     1.8 0   -28.4 0   -26.6 0   -17.1 0    89.7 0     0.9 0   264.2 0   958.0 0
 2019  23  1 23 13 56 13.933  89.64     7.9 0     7.5 0 -9999.9 1     9.5 0   189.2 0   255.3 0   255.3 0   217.4 0   255.0 0   255.1 0     0.5 0     3.8 0     0.4 0   -28.2 0   -27.8 0   -17.1 0    89.6 0     0.9 0   263.6 0   958.0 0
 2019  23  1 23 13 57 13.950  89.52     8.5 0     8.9 0 -9999.9 1    10.1 0   189.9 0   255.3 0   255.3 0   217.7 0   255.0 0   255.1 0     0.5 0     4.1 0     0.0 0   -27.8 0   -27.8 0   -17.0 0    89.6 0     0.9 0   265.1 0   958.0 0
 2019  23  1 23 13 58 13.967  89.39     8.7 0    10.2 0 -9999.9 1    10.6 0   190.4 0   255.3 0   255.4 0   218.1 0   255.0 0   255.1 0     0.5 0     4.4 0     0.0 0   -27.6 0   -27.6 0   -17.0 0    89.8 0     0.9 0   266.4 0   958.0 0
 2019  23  1 23 13 59 13.983  89.26     9.3 0    11.6 0 -9999.9 1    11.3 0   190.7 0   255.3 0   255.4 0   218.1 0   255.0 0   255.1 0     0.6 0     4.8 0     0.0 1   -27.3 0   -27.3 1   -16.9 0    89.9 0     0.9 0   266.6 0   958.0 0
 2019  23  1 23 14  0 14.000  89.13    11.3 0    12.8 0 -9999.9 1    12.0 0   191.4 0   255.3 0   255.4 0   218.1 0   255.0 0   255.1 0     0.7 0     5.2 0     0.0 0   -26.8 0   -26.8 0   -16.9 0    89.9 0     0.9 0   268.2 0   958.0 0
 2019  23  1 23 14  1 14.017  89.00    17.0 0    14.1 0 -9999.9 1    12.7 0   191.9 0   255.3 0   255.4 0   219.0 0   255.0 0   255.1 0     0.7 0     5.6 0     2.9 0   -27.1 0   -24.2 0   -16.8 0    90.1 0     0.8 0   266.5 0   958.0 0
 2019  23  1 23 14  2 14.033  88.86    23.7 0    15.6 0 -9999.9 1    13.5 0   192.6 0   255.3 0   255.4 0   219.1 0   255.0 0   255.1 0     0.7 0     6.2 0     8.1 0   -26.5 0   -18.4 0   -16.7 0    90.3 0     0.8 0   266.1 0   958.0 0
 2019  23  1 23 14  3 14.050  88.73    27.5 0    17.0 0 -9999.9 1    14.4 0   193.0 0   255.4 0   255.5 0   219.0 0   255.0 0   255.2 0     0.7 0     6.7 0    10.5 0   -26.0 0   -15.5 0   -16.6 0    90.3 0     1.0 0   270.6 0   958.0 0
 2019  23  1 23 14  4 14.067  88.59    30.3 0    18.3 0 -9999.9 1    15.3 0   193.4 0   255.4 0   255.5 0   219.5 0   255.0 0   255.2 0     0.8 0     7.3 0    12.0 0   -26.1 0   -14.1 0   -16.5 0    90.3 0     0.9 0   270.7 0   958.0 0
 2019  23  1 23 14  5 14.083  88.45    33.0 0    19.6 0 -9999.9 1    16.4 0   193.7 0   255.4 0   255.6 0   219.9 0   255.1 0   255.3 0     0.8 0     7.8 0    13.4 0   -26.2 0   -12.8 0   -16.4 0    90.4 0     0.8 0   268.2 0   957.9 0
 2019  23  1 23 14  6 14.100  88.31    35.6 0    21.1 0 -9999.9 1    17.6 0   194.4 0   255.5 0   255.7 0   220.2 0   255.1 0   255.3 0     0.9 0     8.5 0    14.5 0   -25.8 0   -11.3 0   -16.4 0    90.4 0     0.7 0   265.1 0   957.9 0
 2019  23  1 23 14  7 14.117  88.16    39.0 0    23.0 0 -9999.9 1    19.0 0   194.7 0   255.5 0   255.7 0   220.4 0   255.1 0   255.3 0     0.9 0     9.3 0    16.0 0   -25.7 0    -9.7 0   -16.3 0    90.3 0     0.6 0   257.1 0   957.8 0
 2019  23  1 23 14  8 14.133  88.02    42.3 0    24.9 0 -9999.9 1    20.5 0   195.5 0   255.6 0   255.8 0   220.6 0   255.1 0   255.3 0     0.9 0    10.2 0    17.4 0   -25.1 0    -7.7 0   -16.2 0    90.2 0     0.5 0   232.5 0   957.8 0
 2019  23  1 23 14  9 14.150  87.88    45.5 0    26.6 0 -9999.9 1    22.2 0   196.2 0   255.7 0   255.9 0   221.2 0   255.2 0   255.4 0     1.0 0    11.1 0    18.9 0   -25.0 0    -6.1 0   -16.2 0    90.2 0     0.6 0   216.6 0   957.8 0
 2019  23  1 23 14 10 14.167  87.73    49.4 0    28.6 0 -9999.9 1    23.9 0   196.9 0   255.7 0   256.0 0   221.6 0   255.2 0   255.4 0     1.0 0    12.2 0    20.8 0   -24.7 0    -3.9 0   -16.1 0    90.3 0     0.7 0   220.6 0   957.8 0
 2019  23  1 23 14 11 14.183  87.59    53.3 0    30.7 0 -9999.9 1    25.7 0   197.6 0   255.8 0   256.1 0   222.2 0   255.2 0   255.4 0     1.0 0    13.3 0    22.6 0   -24.6 0    -2.0 0   -16.0 0    90.4 0     0.6 0   228.0 0   957.8 0
 2019  23  1 23 14 12 14.200  87.44    57.1 0    32.9 0 -9999.9 1    27.6 0   198.2 0   255.9 0   256.2 0   222.2 0   255.3 0   255.5 0     1.1 0    14.5 0    24.2 0   -23.9 0     0.3 0   -15.9 0    90.3 0     0.4 0   231.8 0   957.8 0
 2019  23  1 23 14 13 14.217  87.30    60.9 0    35.0 0 -9999.9 1    29.5 0   199.0 0   256.0 0   256.3 0   222.8 0   255.3 0   255.5 0     1.2 0    15.7 0    25.9 0   -23.8 0     2.1 0   -15.9 0    90.2 0     0.4 0   235.3 0   957.8 0
 2019  23  1 23 14 14 14.233  87.15    64.7 0    37.2 0 -9999.9 1    31.3 0   199.7 0   256.1 0   256.4 0   223.0 0   255.3 0   255.6 0     1.3 0    16.9 0    27.5 0   -23.3 0     4.2 0   -15.9 0    90.1 0     0.3 0   240.4 0   957.8 0
 2019  23  1 23 14 15 14.250  87.00    69.0 0    39.4 0 -9999.9 1    33.1 0   200.2 0   256.2 0   256.5 0   223.4 0   255.4 0   255.6 0     1.3 0    18.1 0    29.6 0   -23.2 0     6.4 0   -15.8 0    89.9 0     0.3 0   252.7 0   957.8 0
 2019  23  1 23 14 16 14.267  86.86    72.9 0    41.3 0 -9999.9 1    34.9 0   201.0 0   256.4 0   256.6 0   224.0 0   255.4 0   255.6 0     1.4 0    19.3 0    31.6 0   -23.0 0     8.6 0   -15.8 0    89.8 0     0.2 0   253.1 0   957.7 0
 2019  23  1 23 14 17 14.283  86.71    77.0 0    43.1 0 -9999.9 1    36.5 0   201.6 0   256.5 0   256.7 0   224.5 0   255.4 0   255.7 0     1.4 0    20.6 0    33.9 0   -22.9 0    11.0 0   -15.7 0    89.9 0     0.2 0   246.0 0   957.6 0
 2019  23  1 23 14 18 14.300  86.56    81.2 0    44.7 0 -9999.9 1    38.0 0   202.0 0   256.6 0   256.8 0   225.1 0   255.5 0   255.7 0     1.5 0    21.8 0    36.5 0   -23.1 0    13.4 0   -15.6 0    90.0 0     0.1 0   241.2 0   957.6 0
 2019  23  1 23 14 19 14.317  86.41    85.5 0    46.5 0 -9999.9 1    39.5 0   202.6 0   256.7 0   257.0 0   225.6 0   255.5 0   255.8 0     1.6 0    23.1 0    39.0 0   -23.0 0    16.0 0   -15.5 0    90.2 0     0.2 0   207.3 0   957.6 0
 2019  23  1 23 14 20 14.333  86.26    89.6 0    47.9 0 -9999.9 1    40.9 0   202.9 0   256.9 0   257.1 0   226.3 0   255.6 0   255.8 0     1.6 0    24.3 0    41.7 0   -23.4 0    18.3 0   -15.4 0    90.3 0     0.4 0   196.1 0   957.5 0
 2019  23  1 23 14 21 14.350  86.12    92.6 0    48.8 0 -9999.9 1    42.2 0   202.9 0   257.0 0   257.2 0   227.0 0   255.6 0   255.9 0     1.7 0    25.4 0    43.8 0   -24.0 0    19.8 0   -15.4 0    90.2 0     0.4 0   177.4 0   957.5 0
 2019  23  1 23 14 22 14.367  85.97    95.1 0    49.6 0 -9999.9 1    43.2 0   202.8 0   257.1 0   257.4 0   227.5 0   255.7 0   255.9 0     1.8 0    26.3 0    45.5 0   -24.7 0    20.8 0   -15.3 0    90.2 0     0.3 0   178.2 0   957.5 0
 2019  23  1 23 14 23 14.383  85.82    98.6 0    50.6 0 -9999.9 1    44.4 0   202.4 0   257.2 0   257.5 0   228.0 0   255.7 0   256.0 0     1.8 0    27.4 0    48.0 0   -25.6 0    22.4 0   -15.3 0    90.3 0     0.4 0   192.3 0   957.5 0
 2019  23  1 23 14 24 14.400  85.67   100.9 0    51.1 0 -9999.9 1    45.3 0   201.9 0   257.4 0   257.6 0   228.3 0   255.8 0   256.1 0     1.9 0    28.3 0    49.8 0   -26.4 0    23.4 0   -15.3 0    90.1 0     0.4 0   204.1 0   957.5 0
 2019  23  1 23 14 25 14.417  85.53   105.2 0    52.3 0 -9999.9 1    46.3 0   201.1 0   257.5 0   257.7 0   228.7 0   255.8 0   256.1 0     2.0 0    29.4 0    52.9 0   -27.7 0    25.2 0   -15.3 0    90.0 0     0.4 0   215.5 0   957.5 0
 2019  23  1 23 14 26 14.433  85.38   111.9 0    54.6 0 -9999.9 1    47.4 0   200.3 0   257.6 0   257.8 0   229.1 0   255.9 0   256.2 0     2.1 0    30.8 0    57.3 0   -28.8 0    28.5 0   -15.3 0    90.0 0     0.3 0   224.5 0   957.5 0
 2019  23  1 23 14 27 14.450  85.23   116.5 0    55.7 0 -9999.9 1    48.3 0   199.6 0   257.7 0   257.9 0   229.6 0   256.0 0   256.2 0     2.2 0    31.8 0    60.8 0   -29.9 0    30.9 0   -15.2 0    90.0 0     0.4 0   225.1 0   957.5 0
 2019  23  1 23 14 28 14.467  85.08   115.1 0    54.4 0 -9999.9 1    48.6 0   198.9 0   257.8 0   258.0 0   229.9 0   256.0 0   256.3 0     2.2 0    32.1 0    60.7 0   -31.0 0    29.7 0   -15.1 0    89.9 0     0.4 0   230.9 0   957.5 0
 2019  23  1 23 14 29 14.483  84.93   113.4 0    53.1 0 -9999.9 1    48.8 0   198.0 0   257.9 0   258.1 0   230.2 0   256.1 0   256.4 0     2.3 0    32.2 0    60.3 0   -32.2 0    28.1 0   -15.1 0    89.9 0     0.2 0   237.7 0   957.5 0
 2019  23  1 23 14 30 14.500  84.79    97.5 0    46.5 0 -9999.9 1    47.5 0   197.2 0   258.0 0   258.1 0   230.0 0   256.1 0   256.4 0     2.4 0    30.0 0    51.0 0   -32.8 0    18.2 0   -15.1 0    89.9 0     0.2 0   238.6 0   957.5 0
 2019  23  1 23 14 31 14.517  84.64    77.4 0    38.7 0 -9999.9 1    45.9 0   196.3 0   258.1 0   258.2 0   229.9 0   256.2 0   256.4 0     2.5 0    27.4 0    38.7 0   -33.6 0     5.1 0   -15.0 0    89.6 0     0.3 0   241.5 0   957.4 0
 2019  23  1 23 14 32 14.533  84.49    73.9 0    37.1 0 -9999.9 1    45.9 0   195.8 0   258.1 0   258.2 0   229.6 0   256.2 0   256.5 0     2.6 0    27.3 0    36.8 0   -33.8 0     3.0 0   -15.0 0    89.3 0     0.3 0   242.3 0   957.4 0
 2019  23  1 23 14 33 14.550  84.34    83.1 0    40.2 0 -9999.9 1    47.0 0   195.4 0   258.1 0   258.2 0   229.9 0   256.3 0   256.5 0     2.6 0    29.3 0    42.9 0   -34.5 0     8.4 0   -15.1 0    89.2 0     0.3 0   242.3 0   957.4 0
 2019  23  1 23 14 34 14.567  84.20    93.0 0    43.3 0 -9999.9 1    48.2 0   195.3 0   258.2 0   258.2 0   230.0 0   256.4 0   256.6 0     2.7 0    31.2 0    49.7 0   -34.7 0    15.0 0   -15.1 0    89.1 0     0.4 0   242.3 0   957.4 0
 2019  23  1 23 14 35 14.583  84.05    85.6 0    40.4 0 -9999.9 1    48.3 0   195.0 0   258.2 0   258.2 0   230.0 0   256.4 0   256.6 0     2.8 0    30.3 0    45.2 0   -35.0 0    10.2 0   -15.1 0    89.2 0     0.6 0   249.5 0   957.4 0
 2019  23  1 23 14 36 14.600  83.90    93.3 0    43.0 0 -9999.9 1    49.4 0   194.7 0   258.2 0   258.2 0   230.2 0   256.5 0   256.7 0     2.9 0    32.4 0    50.3 0   -35.5 0    14.8 0   -15.1 0    89.2 0     0.7 0   251.2 0   957.4 0
 2019  23  1 23 14 37 14.617  83.76   113.1 0    49.7 0 -9999.9 1    51.5 0   194.3 0   258.3 0   258.3 0   230.6 0   256.5 0   256.7 0     3.0 0    36.4 0    63.4 0   -36.3 0    27.1 0   -15.1 0    89.4 0     0.6 0   251.2 0   957.4 0
 2019  23  1 23 14 38 14.633  83.61   136.6 0    57.5 0 -9999.9 1    53.8 0   194.1 0   258.3 0   258.3 0   231.2 0   256.6 0   256.8 0     3.1 0    41.3 0    79.1 0   -37.1 0    42.0 0   -15.1 0    89.6 0     0.6 0   251.1 0   957.4 0
 2019  23  1 23 14 39 14.650  83.47   150.7 0    61.9 0 -9999.9 1    55.3 0   193.8 0   258.3 0   258.3 0   231.7 0   256.6 0   256.9 0     3.2 0    44.3 0    88.8 0   -37.9 0    50.9 0   -15.1 0    89.8 0     0.5 0   251.1 0   957.3 0
 2019  23  1 23 14 40 14.667  83.32   150.5 0    61.3 0 -9999.9 1    55.6 0   193.6 0   258.4 0   258.4 0   232.2 0   256.7 0   257.0 0     3.3 0    44.8 0    89.2 0   -38.5 0    50.7 0   -15.0 0    89.9 0     0.4 0   248.9 0   957.3 0
 2019  23  1 23 14 41 14.683  83.17   153.8 0    62.2 0 -9999.9 1    55.9 0   193.4 0   258.4 0   258.5 0   232.4 0   256.7 0   257.0 0     3.4 0    46.2 0    91.6 0   -39.1 0    52.5 0   -14.9 0    89.9 0     0.3 0   234.8 0   957.3 0
 2019  23  1 23 14 42 14.700  83.03   157.2 0    62.6 0 -9999.9 1    56.0 0   193.2 0   258.5 0   258.6 0   232.9 0   256.8 0   257.1 0     3.6 0    47.5 0    94.6 0   -39.7 0    54.9 0   -14.8 0    90.0 0     0.4 0   212.4 0   957.3 0
 2019  23  1 23 14 43 14.717  82.88   162.5 0    64.0 0 -9999.9 1    56.4 0   193.0 0   258.6 0   258.6 0   233.2 0   256.9 0   257.2 0     3.7 0    49.2 0    98.5 0   -40.2 0    58.3 0   -14.8 0    90.0 0     0.5 0   199.9 0   957.3 0
 2019  23  1 23 14 44 14.733  82.74   166.8 0    64.8 0 -9999.9 1    56.6 0   192.8 0   258.6 0   258.7 0   233.7 0   256.9 0   257.2 0     3.8 0    50.6 0   102.0 0   -40.9 0    61.1 0   -14.8 0    89.7 0     0.6 0   214.3 0   957.3 0
 2019  23  1 23 14 45 14.750  82.60   168.9 0    65.1 0 -9999.9 1    56.6 0   192.7 0   258.7 0   258.8 0   234.2 0   257.0 0   257.3 0     3.9 0    51.5 0   103.8 0   -41.4 0    62.4 0   -14.7 0    89.8 0     0.7 0   218.0 0   957.3 0
 2019  23  1 23 14 46 14.767  82.45   170.7 0    65.4 0 -9999.9 1    56.6 0   192.6 0   258.8 0   258.8 0   234.7 0   257.1 0   257.4 0     4.0 0    52.5 0   105.3 0   -42.1 0    63.2 0   -14.7 0    89.8 0     0.7 0   216.1 0   957.2 0
 2019  23  1 23 14 47 14.783  82.31   173.7 0    66.1 0 -9999.9 1    56.9 0   192.3 0   258.8 0   258.8 0   235.1 0   257.2 0   257.5 0     4.1 0    53.7 0   107.6 0   -42.8 0    64.8 0   -14.7 0    89.8 0     0.7 0   213.2 0   957.2 0
 2019  23  1 23 14 48 14.800  82.16   171.0 0    65.2 0 -9999.9 1    56.9 0   192.1 0   258.9 0   258.9 0   235.5 0   257.2 0   257.5 0     4.2 0    53.5 0   105.8 0   -43.4 0    62.4 0   -14.7 0    89.8 0     0.8 0   212.5 0   957.2 0
 2019  23  1 23 14 49 14.817  82.02   171.0 0    65.4 0 -9999.9 1    57.0 0   191.9 0   258.9 0   258.9 0   236.0 0   257.3 0   257.6 0     4.3 0    54.3 0   105.6 0   -44.0 0    61.6 0   -14.7 0    89.9 0     1.1 0   211.4 0   957.2 0
 2019  23  1 23 14 50 14.833  81.88   177.0 0    67.4 0 -9999.9 1    57.4 0   191.5 0   259.0 0   259.0 0   236.4 0   257.4 0   257.7 0     4.4 0    56.0 0   109.6 0   -44.9 0    64.7 0   -14.7 0    90.1 0     0.9 0   202.4 0   957.2 0
 2019  23  1 23 14 51 14.850  81.73   174.5 0    67.2 0 -9999.9 1    57.6 0   191.3 0   259.0 0   259.0 0   236.4 0   257.5 0   257.8 0     4.5 0    56.0 0   107.3 0   -45.2 0    62.1 0   -14.7 0    90.1 0     0.9 0   197.4 0   957.3 0
 2019  23  1 23 14 52 14.867  81.59   167.2 0    65.3 0 -9999.9 1    57.2 0   191.0 0   259.0 0   259.0 0   236.7 0   257.5 0   257.8 0     4.6 0    55.0 0   101.9 0   -45.7 0    56.2 0   -14.7 0    90.1 0     1.0 0   199.0 0   957.3 0
 2019  23  1 23 14 53 14.883  81.45   183.1 0    70.8 0 -9999.9 1    58.5 0   190.7 0   259.0 0   259.0 0   236.8 0   257.6 0   257.9 0     4.8 0    59.3 0   112.3 0   -46.1 0    66.2 0   -14.8 0    89.9 0     0.9 0   201.4 0   957.3 0
 2019  23  1 23 14 54 14.900  81.31   187.8 0    72.9 0 -9999.9 1    59.1 0   190.9 0   259.1 0   259.0 0   237.0 0   257.7 0   258.0 0     4.9 0    60.9 0   114.9 0   -46.2 0    68.7 0   -14.8 0    90.1 0     0.9 0   198.1 0   957.3 0
 2019  23  1 23 14 55 14.917  81.17   190.0 0    74.1 0 -9999.9 1    59.4 0   190.7 0   259.1 0   259.1 0   237.5 0   257.7 0   258.0 0     5.0 0    62.0 0   115.9 0   -46.8 0    69.1 0   -14.8 0    90.3 0     1.0 0   196.5 0   957.3 0
 2019  23  1 23 14 56 14.933  81.02   192.0 0    75.3 0 -9999.9 1    59.7 0   190.6 0   259.1 0   259.1 0   237.8 0   257.8 0   258.1 0     5.1 0    63.1 0   116.7 0   -47.2 0    69.5 0   -14.8 0    90.3 0     1.0 0   195.7 0   957.3 0
 2019  23  1 23 14 57 14.950  80.88   194.1 0    76.5 0 -9999.9 1    60.0 0   190.4 0   259.2 0   259.1 0   238.1 0   257.9 0   258.2 0     5.2 0    64.1 0   117.6 0   -47.7 0    69.9 0   -14.8 0    90.4 0     1.1 0   194.0 0   957.2 0
 2019  23  1 23 14 58 14.967  80.74   196.1 0    77.7 0 -9999.9 1    60.1 0   190.4 0   259.2 0   259.1 0   238.3 0   257.9 0   258.3 0     5.4 0    65.1 0   118.4 0   -48.0 0    70.4 0   -14.7 0    90.7 0     1.2 0   194.2 0   957.2 0
 2019  23  1 23 14 59 14.983  80.60   198.4 0    79.0 0 -9999.9 1    60.3 0   190.4 0   259.2 0   259.2 0   238.7 0   258.0 0   258.3 0     5.5 0    66.1 0   119.4 0   -48.3 0    71.1 0   -14.7 0    90.7 0     1.1 0   197.5 0   957.2 0
 2019  23  1 23 15  0 15.000  80.46   200.6 0    80.4 0 -9999.9 1    60.5 0   190.3 0   259.2 0   259.2 0   239.0 0   258.1 0   258.4 0     5.6 0    67.0 0   120.2 0   -48.7 0    71.5 0   -14.7 0    90.7 0     1.1 0   196.6 0   957.1 0
 2019  23  1 23 15  1 15.017  80.32   192.6 0    77.5 0 -9999.9 1    59.5 0   190.4 0   259.3 0   259.2 0   239.1 0   258.1 0   258.5 0     5.7 0    64.6 0   115.1 0   -48.7 0    66.4 0   -14.6 0    90.6 0     1.2 0   194.4 0   957.1 0
 2019  23  1 23 15  2 15.033  80.18   111.7 0    48.1 0 -9999.9 1    52.1 0   190.1 0   259.3 0   259.2 0   238.5 0   258.2 0   258.5 0     5.8 0    42.5 0    63.6 0   -48.4 0    15.2 0   -14.7 0    90.6 0     1.4 0   192.1 0   957.1 0
 2019  23  1 23 15  3 15.050  80.05    68.4 0    33.2 0 -9999.9 1    47.7 0   190.0 0   259.3 0   259.2 0   237.5 0   258.2 0   258.4 0     5.9 0    31.7 0    35.2 0   -47.6 0   -12.4 0   -14.8 0    90.3 0     1.3 0   188.7 0   957.1 0
 2019  23  1 23 15  4 15.067  79.91    80.1 0    37.8 0 -9999.9 1    48.4 0   189.7 0   259.2 0   259.1 0   236.9 0   258.3 0   258.4 0     6.0 0    35.5 0    42.3 0   -47.2 0    -4.9 0   -14.9 0    90.1 0     1.1 0   191.7 0   957.1 0
 2019  23  1 23 15  5 15.083  79.77    92.1 0    42.6 0 -9999.9 1    49.7 0   189.5 0   259.2 0   259.1 0   236.5 0   258.3 0   258.4 0     6.2 0    39.0 0    49.5 0   -47.0 0     2.5 0   -15.0 0    90.2 0     1.1 0   199.6 0   957.2 0
 2019  23  1 23 15  6 15.100  79.63   102.5 0    46.7 0 -9999.9 1    51.0 0   189.5 0   259.2 0   259.1 0   236.7 0   258.3 0   258.4 0     6.3 0    42.5 0    55.8 0   -47.1 0     8.7 0   -14.9 0    90.7 0     1.0 0   208.1 0   957.2 0
 2019  23  1 23 15  7 15.117  79.49   132.0 0    58.2 0 -9999.9 1    54.0 0   189.7 0   259.1 0   259.1 0   236.9 0   258.3 0   258.5 0     6.5 0    51.3 0    73.8 0   -47.2 0    26.6 0   -14.9 0    90.9 0     0.9 0   214.7 0   957.3 0
 2019  23  1 23 15  8 15.133  79.36   147.1 0    64.1 0 -9999.9 1    56.1 0   189.7 0   259.1 0   259.1 0   237.3 0   258.3 0   258.5 0     6.7 0    56.1 0    83.0 0   -47.6 0    35.4 0   -14.8 0    91.0 0     0.9 0   215.0 0   957.3 0
 2019  23  1 23 15  9 15.150  79.22   184.7 0    78.9 0 -9999.9 1    60.1 0   190.1 0   259.1 0   259.2 0   238.5 0   258.4 0   258.6 0     6.8 0    67.6 0   105.8 0   -48.4 0    57.4 0   -14.8 0    91.1 0     0.9 0   220.0 0   957.4 0
 2019  23  1 23 15 10 15.167  79.08   218.0 0    91.7 0 -9999.9 1    63.8 0   190.4 0   259.2 0   259.2 0   239.7 0   258.4 0   258.7 0     7.0 0    76.8 0   126.3 0   -49.3 0    77.0 0   -14.6 0    91.1 0     0.8 0   224.8 0   957.4 0
 2019  23  1 23 15 11 15.183  78.95   223.5 0    94.1 0 -9999.9 1    65.0 0   190.7 0   259.2 0   259.3 0   240.6 0   258.4 0   258.8 0     7.2 0    78.7 0   129.4 0   -50.0 0    79.4 0   -14.5 0    91.3 0     0.9 0   217.2 0   957.4 0
 2019  23  1 23 15 12 15.200  78.81   225.7 0    95.4 0 -9999.9 1    65.7 0   190.7 0   259.3 0   259.4 0   241.2 0   258.5 0   258.9 0     7.3 0    79.7 0   130.3 0   -50.4 0    79.9 0   -14.4 0    91.3 0     0.8 0   217.2 0   957.4 0
 2019  23  1 23 15 13 15.217  78.68   227.4 0    96.4 0 -9999.9 1    66.3 0   190.9 0   259.4 0   259.5 0   241.6 0   258.6 0   259.0 0     7.5 0    80.5 0   131.0 0   -50.7 0    80.3 0   -14.3 0    91.1 0     0.8 0   218.1 0   957.4 0
 2019  23  1 23 15 14 15.233  78.54   226.5 0    96.4 0 -9999.9 1    66.7 0   190.9 0   259.5 0   259.5 0   241.7 0   258.6 0   259.0 0     7.7 0    80.6 0   130.1 0   -50.7 0    79.4 0   -14.2 0    90.9 0     0.7 0   216.7 0   957.4 0
 2019  23  1 23 15 15 15.250  78.41   229.8 0    98.1 0 -9999.9 1    67.4 0   191.1 0   259.5 0   259.6 0   241.7 0   258.7 0   259.1 0     7.8 0    82.0 0   131.7 0   -50.6 0    81.1 0   -14.1 0    90.8 0     0.6 0   210.8 0   957.4 0
 2019  23  1 23 15 16 15.267  78.27   235.2 0   100.4 0 -9999.9 1    68.2 0   191.0 0   259.6 0   259.7 0   242.0 0   258.8 0   259.2 0     8.0 0    83.8 0   134.8 0   -51.0 0    83.8 0   -14.0 0    90.6 0     0.5 0   231.6 0   957.4 0
 2019  23  1 23 15 17 15.283  78.14   238.6 0   102.1 0 -9999.9 1    69.2 0   191.2 0   259.7 0   259.8 0   242.5 0   258.8 0   259.2 0     8.1 0    85.1 0   136.5 0   -51.3 0    85.2 0   -14.0 0    90.3 0     0.5 0   243.0 0   957.5 0
 2019  23  1 23 15 18 15.300  78.01   243.2 0   104.5 0 -9999.9 1    71.1 0   191.3 0   259.8 0   259.8 0   243.2 0   258.9 0   259.3 0     8.3 0    86.9 0   138.7 0   -51.9 0    86.8 0   -14.0 0    89.9 0     0.7 0   241.3 0   957.5 0
 2019  23  1 23 15 19 15.317  77.87   248.8 0   107.3 0 -9999.9 1    74.1 0   192.0 0   259.9 0   259.9 0   243.6 0   259.0 0   259.4 0     8.5 0    88.9 0   141.5 0   -51.6 0    89.9 0   -14.0 0    89.9 0     0.6 0   232.9 0   957.5 0
 2019  23  1 23 15 20 15.333  77.74   256.8 0   111.9 0 -9999.9 1    79.7 0   193.8 0   260.0 0   260.0 0   244.2 0   259.0 0   259.5 0     8.6 0    92.1 0   144.9 0   -50.4 0    94.5 0   -13.9 0    89.9 0     0.5 0   247.7 0   957.5 0
 2019  23  1 23 15 21 15.350  77.61   269.6 0   120.7 0 -9999.9 1    90.5 0   199.3 0   260.0 0   260.1 0   245.1 0   259.1 0   259.5 0     8.8 0    97.9 0   148.9 0   -45.8 0   103.1 0   -13.9 0    89.7 0     0.6 0   234.4 0   957.5 0
 2019  23  1 23 15 22 15.367  77.48   290.0 0   136.2 0 -9999.9 1   110.4 0   207.2 0   260.1 0   260.3 0   246.8 0   259.2 0   259.7 0     9.0 0   108.8 0   153.8 0   -39.7 0   114.1 0   -13.9 0    89.7 0     0.7 0   242.2 0   957.5 0
 2019  23  1 23 15 23 15.383  77.35   311.3 0   149.2 0 -9999.9 1   132.9 0   210.5 0   260.2 0   260.4 0   248.3 0   259.3 0   259.8 0     9.2 0   118.0 0   162.1 0   -37.7 0   124.4 0   -13.9 0    89.7 0     0.6 0   236.2 0   957.5 0
 2019  23  1 23 15 24 15.400  77.21   314.8 0   150.4 0 -9999.9 1   145.7 0   211.0 0   260.3 0   260.5 0   249.4 0   259.4 0   259.9 0     9.4 0   117.7 0   164.4 0   -38.3 0   126.1 0   -13.8 0    90.0 0     0.4 0   224.5 0   957.5 0
 2019  23  1 23 15 25 15.417  77.08   318.3 0   153.8 0 -9999.9 1   157.6 0   215.1 0   260.4 0   260.7 0   250.7 0   259.5 0   260.0 0     9.6 0   120.1 0   164.5 0   -35.6 0   128.9 0   -13.6 0    90.4 0     0.3 0   221.8 0   957.5 0
 2019  23  1 23 15 26 15.433  76.95   301.2 0   144.7 0 -9999.9 1   160.6 0   213.6 0   260.5 0   260.8 0   251.4 0   259.6 0   260.1 0     9.8 0   115.0 0   156.5 0   -37.9 0   118.6 0   -13.4 0    90.7 0     0.3 0   212.9 0   957.5 0
 2019  23  1 23 15 27 15.450  76.82   185.8 0    93.5 0 -9999.9 1   140.7 0   204.3 0   260.6 0   260.8 0   249.9 0   259.7 0   260.1 0     9.7 0    78.7 0    92.3 0   -45.6 0    46.7 0   -13.3 0    90.4 0     0.4 0   206.4 0   957.5 0
 2019  23  1 23 15 28 15.467  76.70   132.5 0    70.4 0 -9999.9 1   128.3 0   198.7 0   260.7 0   260.8 0   247.9 0   259.7 0   260.1 0     9.8 0    61.5 0    62.1 0   -49.2 0    12.9 0   -13.4 0    89.7 0     0.5 0   222.0 0   957.5 0
 2019  23  1 23 15 29 15.483  76.57   151.3 0    79.0 0 -9999.9 1   134.4 0   198.3 0   260.7 0   260.7 0   247.2 0   259.8 0   260.1 0     9.9 0    67.7 0    72.3 0   -48.8 0    23.5 0   -13.5 0    89.3 0     0.5 0   220.5 0   957.5 0
 2019  23  1 23 15 30 15.500  76.44   144.8 0    77.0 0 -9999.9 1   139.2 0   198.6 0   260.7 0   260.8 0   246.8 0   259.8 0   260.1 0    10.0 0    65.9 0    67.8 0   -48.2 0    19.6 0   -13.6 0    89.3 0     0.6 0   223.3 0   957.5 0
 2019  23  1 23 15 31 15.517  76.31   127.2 0    66.0 0 -9999.9 1   121.4 0   196.2 0   260.6 0   260.7 0   246.2 0   259.9 0   260.1 0    10.1 0    58.4 0    61.2 0   -49.9 0    11.3 0   -13.7 0    89.3 0     0.5 0   226.3 0   957.5 0
 2019  23  1 23 15 32 15.533  76.18    97.5 0    50.7 0 -9999.9 1    99.9 0   194.0 0   260.6 0   260.6 0   244.7 0   259.9 0   260.1 0    10.3 0    46.7 0    46.8 0   -50.8 0    -4.0 0   -13.8 0    89.4 0     0.7 0   211.2 0   957.4 0
 2019  23  1 23 15 33 15.550  76.06    87.2 0    45.0 0 -9999.9 1    87.3 0   192.5 0   260.6 0   260.6 0   243.5 0   259.9 0   260.0 0    10.4 0    43.0 0    42.2 0   -51.0 0    -8.8 0   -13.9 0    89.4 0     0.6 0   206.7 0   957.3 0
 2019  23  1 23 15 34 15.567  75.93   121.1 0    61.6 0 -9999.9 1    81.1 0   191.7 0   260.5 0   260.5 0   243.0 0   259.9 0   260.0 0    10.7 0    56.4 0    59.5 0   -51.3 0     8.2 0   -14.0 0    89.4 0     0.6 0   196.3 0   957.3 0
 2019  23  1 23 15 35 15.583  75.80   293.7 0   127.7 0 -9999.9 1    88.5 0   191.7 0   260.5 0   260.5 0   245.5 0   259.9 0   260.2 0    11.1 0   103.7 0   166.0 0   -53.8 0   112.2 0   -14.1 0    89.9 0     0.6 0   195.0 0   957.3 0
 2019  23  1 23 15 36 15.600  75.68   302.9 0   131.0 0 -9999.9 1    87.5 0   191.9 0   260.5 0   260.5 0   246.6 0   259.9 0   260.4 0    11.3 0   106.8 0   171.9 0   -54.7 0   117.2 0   -14.0 0    90.4 0     0.5 0   193.2 0   957.3 0
 2019  23  1 23 15 37 15.617  75.55   306.3 0   132.4 0 -9999.9 1    86.4 0   191.7 0   260.5 0   260.5 0   247.0 0   260.0 0   260.4 0    11.5 0   108.4 0   173.9 0   -55.4 0   118.5 0   -13.9 0    90.7 0     0.6 0   189.3 0   957.3 0
 2019  23  1 23 15 38 15.633  75.43   307.4 0   132.8 0 -9999.9 1    85.4 0   191.8 0   260.6 0   260.6 0   247.5 0   260.1 0   260.5 0    11.7 0   109.0 0   174.6 0   -55.7 0   118.9 0   -13.8 0    90.8 0     0.7 0   185.0 0   957.3 0
 2019  23  1 23 15 39 15.650  75.30   308.9 0   133.7 0 -9999.9 1    85.0 0   191.8 0   260.6 0   260.6 0   247.7 0   260.1 0   260.6 0    11.9 0   109.6 0   175.2 0   -55.9 0   119.3 0   -13.8 0    90.7 0     0.7 0   189.6 0   957.3 0
 2019  23  1 23 15 40 15.667  75.18   311.1 0   134.7 0 -9999.9 1    85.2 0   191.7 0   260.7 0   260.7 0   248.2 0   260.2 0   260.6 0    12.1 0   110.3 0   176.4 0   -56.4 0   120.0 0   -13.7 0    90.7 0     0.7 0   192.5 0   957.3 0
 2019  23  1 23 15 41 15.683  75.06   314.2 0   136.1 0 -9999.9 1    85.3 0   191.8 0   260.7 0   260.7 0   248.4 0   260.3 0   260.7 0    12.3 0   111.5 0   178.1 0   -56.6 0   121.5 0   -13.6 0    90.5 0     0.7 0   192.5 0   957.3 0
 2019  23  1 23 15 42 15.700  74.93   317.8 0   137.5 0 -9999.9 1    85.0 0   191.8 0   260.8 0   260.8 0   248.9 0   260.3 0   260.8 0    12.5 0   112.7 0   180.3 0   -57.1 0   123.2 0   -13.6 0    90.5 0     0.9 0   208.3 0   957.3 0
 2019  23  1 23 15 43 15.717  74.81   321.7 0   139.0 0 -9999.9 1    85.0 0   191.9 0   260.8 0   260.8 0   249.3 0   260.4 0   260.9 0    12.7 0   114.0 0   182.7 0   -57.4 0   125.3 0   -13.6 0    90.6 0     0.8 0   209.0 0   957.3 0
 2019  23  1 23 15 44 15.733  74.69   325.8 0   140.6 0 -9999.9 1    85.3 0   192.1 0   260.9 0   260.9 0   249.6 0   260.5 0   261.0 0    12.9 0   115.4 0   185.2 0   -57.6 0   127.6 0   -13.5 0    90.7 0     0.7 0   211.8 0   957.3 0
 2019  23  1 23 15 45 15.750  74.57   326.7 0   140.9 0 -9999.9 1    85.5 0   192.2 0   260.9 0   260.9 0   250.0 0   260.5 0   261.0 0    13.0 0   115.5 0   185.8 0   -57.8 0   128.0 0   -13.4 0    90.8 0     0.6 0   216.4 0   957.3 0
 2019  23  1 23 15 46 15.767  74.45   329.8 0   142.3 0 -9999.9 1    85.5 0   192.3 0   261.0 0   261.0 0   250.4 0   260.6 0   261.1 0    13.3 0   116.6 0   187.5 0   -58.1 0   129.4 0   -13.3 0    90.6 0     0.9 0   216.4 0   957.3 0
 2019  23  1 23 15 47 15.783  74.33   332.6 0   143.5 0 -9999.9 1    85.7 0   192.3 0   261.1 0   261.1 0   250.6 0   260.6 0   261.1 0    13.5 0   117.5 0   189.1 0   -58.3 0   130.8 0   -13.3 0    90.5 0     0.7 0   227.7 0   957.4 0
 2019  23  1 23 15 48 15.800  74.21   295.4 0   129.3 0 -9999.9 1    83.7 0   192.3 0   261.1 0   261.1 0   250.4 0   260.7 0   261.2 0    13.6 0   107.1 0   166.1 0   -58.0 0   108.1 0   -13.2 0    90.4 0     0.6 0   218.5 0   957.4 0
 2019  23  1 23 15 49 15.817  74.09   332.1 0   144.1 0 -9999.9 1    86.1 0   192.3 0   261.2 0   261.2 0   250.8 0   260.8 0   261.2 0    13.9 0   117.8 0   188.0 0   -58.5 0   129.5 0   -13.2 0    90.3 0     0.8 0   208.8 0   957.3 0
 2019  23  1 23 15 50 15.833  73.97   338.5 0   146.3 0 -9999.9 1    86.5 0   192.4 0   261.3 0   261.3 0   251.2 0   260.8 0   261.3 0    14.1 0   119.6 0   192.2 0   -58.7 0   133.5 0   -13.1 0    90.4 0     0.7 0   203.1 0   957.3 0
 2019  23  1 23 15 51 15.850  73.85   343.9 0   148.5 0 -9999.9 1    86.3 0   192.4 0   261.3 0   261.3 0   251.3 0   260.9 0   261.4 0    14.3 0   121.5 0   195.4 0   -58.9 0   136.5 0   -13.1 0    90.4 0     0.6 0   188.0 0   957.2 0
 2019  23  1 23 15 52 15.867  73.73   349.3 0   150.8 0 -9999.9 1    86.5 0   192.4 0   261.4 0   261.3 0   251.4 0   261.0 0   261.5 0    14.6 0   123.4 0   198.5 0   -59.0 0   139.5 0   -13.0 0    90.2 0     0.7 0   185.2 0   957.2 0
 2019  23  1 23 15 53 15.883  73.61   352.3 0   152.1 0 -9999.9 1    86.8 0   192.4 0   261.4 0   261.4 0   251.5 0   261.0 0   261.5 0    14.8 0   124.5 0   200.2 0   -59.2 0   141.0 0   -13.1 0    90.1 0     0.7 0   187.2 0   957.2 0
 2019  23  1 23 15 54 15.900  73.50   355.0 0   153.3 0 -9999.9 1    87.0 0   192.5 0   261.5 0   261.4 0   251.7 0   261.1 0   261.6 0    15.0 0   125.4 0   201.7 0   -59.2 0   142.5 0   -13.1 0    90.0 0     1.0 0   184.0 0   957.2 0
 2019  23  1 23 15 55 15.917  73.38   358.7 0   155.0 0 -9999.9 1    86.7 0   192.7 0   261.5 0   261.5 0   252.1 0   261.2 0   261.6 0    15.2 0   126.6 0   203.7 0   -59.3 0   144.4 0   -13.2 0    90.0 0     1.2 0   178.4 0   957.1 0
 2019  23  1 23 15 56 15.933  73.26   362.4 0   156.6 0 -9999.9 1    86.7 0   192.9 0   261.6 0   261.5 0   252.5 0   261.2 0   261.7 0    15.5 0   127.9 0   205.8 0   -59.6 0   146.2 0   -13.2 0    90.5 0     0.9 0   180.3 0   957.1 0
 2019  23  1 23 15 57 15.950  73.15   365.9 0   158.2 0 -9999.9 1    87.4 0   192.7 0   261.6 0   261.6 0   252.7 0   261.3 0   261.8 0    15.7 0   129.2 0   207.7 0   -60.0 0   147.7 0   -13.2 0    90.7 0     0.9 0   190.2 0   957.2 0
 2019  23  1 23 15 58 15.967  73.03   368.6 0   159.5 0 -9999.9 1    88.2 0   192.4 0   261.7 0   261.6 0   252.7 0   261.3 0   261.8 0    15.9 0   130.1 0   209.1 0   -60.3 0   148.8 0   -13.2 0    90.5 0     1.1 0   188.0 0   957.2 0
 2019  23  1 23 15 59 15.983  72.92   371.4 0   160.9 0 -9999.9 1    88.6 0   192.2 0   261.7 0   261.6 0   252.5 0   261.4 0   261.8 0    16.1 0   131.0 0   210.5 0   -60.3 0   150.2 0   -13.3 0    90.0 0     1.4 0   185.3 0   957.1 0
 2019  23  1 23 16  0 16.000  72.81   373.9 0   162.0 0 -9999.9 1    88.8 0   192.4 0   261.7 0   261.6 0   252.7 0   261.4 0   261.9 0    16.3 0   131.8 0   211.9 0   -60.3 0   151.6 0   -13.4 0    90.1 0     1.2 0   179.6 0   957.1 0
 2019  23  1 23 16  1 16.017  72.69   377.2 0   163.4 0 -9999.9 1    89.1 0   192.4 0   261.8 0   261.7 0   252.9 0   261.4 0   261.9 0    16.5 0   132.9 0   213.8 0   -60.6 0   153.2 0   -13.4 0    90.6 0     1.5 0   183.1 0   957.1 0
 2019  23  1 23 16  2 16.033  72.58   380.0 0   164.7 0 -9999.9 1    89.4 0   192.6 0   261.8 0   261.7 0   253.2 0   261.5 0   261.9 0    16.8 0   133.9 0   215.3 0   -60.6 0   154.7 0   -13.4 0    90.9 0     1.5 0   183.8 0   957.1 0
 2019  23  1 23 16  3 16.050  72.47   383.1 0   166.1 0 -9999.9 1    89.8 0   192.7 0   261.9 0   261.8 0   253.5 0   261.5 0   262.0 0    17.0 0   134.9 0   217.0 0   -60.8 0   156.2 0   -13.3 0    91.0 0     1.4 0   188.2 0   957.1 0
 2019  23  1 23 16  4 16.067  72.36   386.6 0   167.7 0 -9999.9 1    90.2 0   192.4 0   261.9 0   261.8 0   253.8 0   261.5 0   262.0 0    17.2 0   136.1 0   218.9 0   -61.4 0   157.5 0   -13.3 0    91.0 0     1.4 0   193.8 0   957.2 0
 2019  23  1 23 16  5 16.083  72.24   389.3 0   168.7 0 -9999.9 1    90.8 0   192.5 0   261.9 0   261.8 0   254.0 0   261.6 0   262.1 0    17.4 0   137.1 0   220.6 0   -61.5 0   159.1 0   -13.3 0    91.1 0     1.3 0   193.8 0   957.1 0
 2019  23  1 23 16  6 16.100  72.13   391.8 0   169.6 0 -9999.9 1    91.2 0   192.8 0   262.0 0   261.9 0   254.4 0   261.6 0   262.1 0    17.6 0   137.9 0   222.2 0   -61.6 0   160.6 0   -13.2 0    91.1 0     1.2 0   192.7 0   957.1 0
 2019  23  1 23 16  7 16.117  72.02   394.5 0   170.8 0 -9999.9 1    91.1 0   192.7 0   262.0 0   261.9 0   254.4 0   261.7 0   262.2 0    17.9 0   138.6 0   223.7 0   -61.7 0   162.0 0   -13.2 0    91.1 0     1.4 0   189.4 0   957.0 0
 2019  23  1 23 16  8 16.133  71.91   397.5 0   171.9 0 -9999.9 1    90.9 0   192.9 0   262.0 0   261.9 0   254.6 0   261.7 0   262.2 0    18.1 0   139.5 0   225.6 0   -61.7 0   163.9 0   -13.1 0    90.9 0     1.5 0   188.2 0   957.0 0
 2019  23  1 23 16  9 16.150  71.80   401.2 0   173.6 0 -9999.9 1    91.0 0   193.0 0   262.0 0   262.0 0   254.7 0   261.7 0   262.2 0    18.3 0   140.8 0   227.6 0   -61.7 0   165.9 0   -13.1 0    90.7 0     1.6 0   184.8 0   956.9 0
 2019  23  1 23 16 10 16.167  71.70   405.1 0   175.4 0 -9999.9 1    91.1 0   193.1 0   262.1 0   262.0 0   254.8 0   261.8 0   262.3 0    18.5 0   142.2 0   229.7 0   -61.7 0   168.0 0   -13.2 0    90.6 0     1.6 0   184.0 0   957.0 0
 2019  23  1 23 16 11 16.183  71.59   407.9 0   176.7 0 -9999.9 1    91.8 0   192.9 0   262.1 0   262.0 0   255.1 0   261.8 0   262.3 0    18.8 0   143.3 0   231.2 0   -62.3 0   168.9 0   -13.2 0    90.8 0     1.5 0   183.6 0   957.0 0
 2019  23  1 23 16 12 16.200  71.48   409.7 0   177.7 0 -9999.9 1    92.6 0   192.9 0   262.1 0   262.1 0   255.2 0   261.8 0   262.3 0    19.0 0   143.9 0   232.0 0   -62.3 0   169.7 0   -13.2 0    90.7 0     1.7 0   182.5 0   956.9 0
 2019  23  1 23 16 13 16.217  71.37   412.4 0   178.9 0 -9999.9 1    92.8 0   193.2 0   262.2 0   262.1 0   255.2 0   261.8 0   262.3 0    19.2 0   144.8 0   233.5 0   -62.0 0   171.5 0   -13.2 0    90.7 0     1.8 0   179.7 0   956.9 0
 2019  23  1 23 16 14 16.233  71.27   415.3 0   180.2 0 -9999.9 1    93.2 0   193.3 0   262.2 0   262.1 0   255.7 0   261.9 0   262.4 0    19.4 0   145.9 0   235.1 0   -62.4 0   172.7 0   -13.2 0    91.2 0     1.6 0   181.6 0   956.9 0
 2019  23  1 23 16 15 16.250  71.16   418.3 0   181.5 0 -9999.9 1    93.6 0   193.2 0   262.3 0   262.2 0   256.0 0   261.9 0   262.4 0    19.7 0   147.0 0   236.8 0   -62.9 0   173.9 0   -13.1 0    91.3 0     1.8 0   186.6 0   956.9 0
 2019  23  1 23 16 16 16.267  71.06   420.8 0   182.8 0 -9999.9 1    94.0 0   193.2 0   262.3 0   262.2 0   256.2 0   261.9 0   262.4 0    19.9 0   147.8 0   238.0 0   -62.9 0   175.1 0   -13.1 0    91.2 0     2.0 0   189.2 0   956.9 0
 2019  23  1 23 16 17 16.283  70.95   423.5 0   183.9 0 -9999.9 1    94.3 0   193.3 0   262.3 0   262.3 0   256.5 0   262.0 0   262.5 0    20.1 0   148.7 0   239.6 0   -63.3 0   176.3 0   -13.0 0    91.2 0     1.7 0   189.7 0   956.9 0
 2019  23  1 23 16 18 16.300  70.85   426.7 0   185.3 0 -9999.9 1    94.5 0   193.1 0   262.4 0   262.3 0   256.8 0   262.0 0   262.5 0    20.3 0   149.9 0   241.4 0   -63.8 0   177.6 0   -13.0 0    91.3 0     1.6 0   192.9 0   956.9 0
 2019  23  1 23 16 19 16.317  70.74   429.3 0   186.3 0 -9999.9 1    95.1 0   193.1 0   262.4 0   262.3 0   257.1 0   262.0 0   262.6 0    20.5 0   150.8 0   243.0 0   -64.0 0   179.0 0   -12.9 0    91.4 0     1.3 0   197.7 0   956.9 0
 2019  23  1 23 16 20 16.333  70.64   431.3 0   187.1 0 -9999.9 1    95.6 0   193.3 0   262.4 0   262.4 0   257.4 0   262.1 0   262.6 0    20.7 0   151.5 0   244.2 0   -64.0 0   180.2 0   -12.8 0    91.6 0     1.3 0   201.2 0   956.9 0
 2019  23  1 23 16 21 16.350  70.54   433.5 0   188.4 0 -9999.9 1    96.4 0   193.3 0   262.5 0   262.4 0   257.2 0   262.1 0   262.7 0    21.0 0   152.3 0   245.1 0   -63.8 0   181.3 0   -12.8 0    91.1 0     1.6 0   203.4 0   956.9 0
 2019  23  1 23 16 22 16.367  70.44   436.1 0   190.0 0 -9999.9 1    97.4 0   193.0 0   262.5 0   262.4 0   257.3 0   262.1 0   262.7 0    21.2 0   153.3 0   246.1 0   -64.3 0   181.8 0   -12.8 0    90.8 0     1.8 0   201.5 0   957.0 0
 2019  23  1 23 16 23 16.383  70.33   437.5 0   191.2 0 -9999.9 1    98.6 0   193.0 0   262.5 0   262.4 0   257.0 0   262.2 0   262.7 0    21.4 0   154.0 0   246.3 0   -64.0 0   182.3 0   -12.9 0    90.4 0     1.7 0   201.1 0   957.0 0
 2019  23  1 23 16 24 16.400  70.23   439.0 0   192.2 0 -9999.9 1   100.4 0   192.9 0   262.6 0   262.4 0   257.4 0   262.2 0   262.8 0    21.6 0   154.9 0   246.8 0   -64.5 0   182.3 0   -12.9 0    90.6 0     1.4 0   200.3 0   957.0 0
 2019  23  1 23 16 25 16.417  70.13   440.0 0   192.5 0 -9999.9 1   102.0 0   192.9 0   262.6 0   262.5 0   257.5 0   262.2 0   262.8 0    21.8 0   155.3 0   247.5 0   -64.6 0   182.9 0   -12.9 0    90.8 0     1.2 0   205.1 0   957.0 0
 2019  23  1 23 16 26 16.433  70.04   439.4 0   191.8 0 -9999.9 1   101.1 0   193.4 0   262.6 0   262.5 0   257.7 0   262.3 0   262.8 0    22.0 0   154.6 0   247.6 0   -64.3 0   183.3 0   -12.8 0    90.9 0     1.3 0   193.3 0   956.9 0
 2019  23  1 23 16 27 16.450  69.94   446.5 0   194.4 0 -9999.9 1    98.4 0   193.7 0   262.6 0   262.5 0   258.1 0   262.3 0   262.9 0    22.3 0   157.0 0   252.1 0   -64.4 0   187.7 0   -12.8 0    90.8 0     1.4 0   188.6 0   956.9 0
 2019  23  1 23 16 28 16.467  69.84   452.9 0   197.1 0 -9999.9 1    96.9 0   193.8 0   262.6 0   262.5 0   258.1 0   262.3 0   262.9 0    22.6 0   159.4 0   255.8 0   -64.3 0   191.5 0   -12.8 0    90.7 0     1.5 0   187.7 0   956.9 0
 2019  23  1 23 16 29 16.483  69.74   455.3 0   198.3 0 -9999.9 1    96.4 0   194.1 0   262.7 0   262.6 0   258.4 0   262.4 0   263.0 0    22.8 0   160.3 0   257.0 0   -64.2 0   192.8 0   -12.9 0    90.7 0     1.5 0   187.9 0   956.9 0
 2019  23  1 23 16 30 16.500  69.64   457.8 0   199.6 0 -9999.9 1    96.0 0   194.2 0   262.7 0   262.6 0   258.7 0   262.4 0   263.0 0    23.1 0   161.3 0   258.2 0   -64.4 0   193.8 0   -12.9 0    90.7 0     1.6 0   194.1 0   956.9 0
 2019  23  1 23 16 31 16.517  69.55   460.2 0   200.9 0 -9999.9 1    95.8 0   194.3 0   262.7 0   262.6 0   258.9 0   262.4 0   263.0 0    23.3 0   162.3 0   259.3 0   -64.6 0   194.7 0   -12.8 0    91.1 0     1.4 0   202.8 0   956.9 0
 2019  23  1 23 16 32 16.533  69.45   461.1 0   201.6 0 -9999.9 1    96.0 0   194.5 0   262.7 0   262.6 0   259.4 0   262.5 0   263.1 0    23.6 0   162.8 0   259.5 0   -64.9 0   194.6 0   -12.7 0    91.3 0     1.4 0   195.3 0   956.8 0
 2019  23  1 23 16 33 16.550  69.36   463.9 0   202.8 0 -9999.9 1    95.8 0   194.6 0   262.8 0   262.7 0   259.4 0   262.5 0   263.2 0    23.8 0   164.1 0   261.1 0   -64.9 0   196.2 0   -12.6 0    91.2 0     1.3 0   187.4 0   956.8 0
 2019  23  1 23 16 34 16.567  69.26   466.8 0   204.3 0 -9999.9 1    96.1 0   194.5 0   262.8 0   262.7 0   259.7 0   262.6 0   263.2 0    24.1 0   165.3 0   262.5 0   -65.2 0   197.3 0   -12.6 0    91.1 0     1.2 0   189.4 0   956.8 0
 2019  23  1 23 16 35 16.583  69.17   468.1 0   205.1 0 -9999.9 1    95.6 0   194.9 0   262.9 0   262.8 0   260.1 0   262.6 0   263.3 0    24.3 0   165.9 0   263.0 0   -65.2 0   197.8 0   -12.6 0    91.2 0     1.2 0   190.9 0   956.7 0
 2019  23  1 23 16 36 16.600  69.07   469.9 0   206.0 0 -9999.9 1    95.4 0   195.0 0   262.9 0   262.8 0   260.4 0   262.7 0   263.3 0    24.5 0   166.8 0   263.9 0   -65.4 0   198.5 0   -12.5 0    91.2 0     1.4 0   189.6 0   956.7 0
 2019  23  1 23 16 37 16.617  68.98   471.7 0   207.5 0 -9999.9 1    95.5 0   195.3 0   262.9 0   262.9 0   260.5 0   262.8 0   263.4 0    24.8 0   167.8 0   264.2 0   -65.2 0   199.0 0   -12.4 0    91.2 0     1.3 0   182.3 0   956.7 0
 2019  23  1 23 16 38 16.633  68.89   473.6 0   208.6 0 -9999.9 1    95.7 0   195.2 0   263.0 0   262.9 0   260.8 0   262.8 0   263.5 0    25.1 0   168.7 0   265.0 0   -65.5 0   199.5 0   -12.4 0    91.0 0     1.4 0   172.3 0   956.6 0
 2019  23  1 23 16 39 16.650  68.80   475.8 0   210.0 0 -9999.9 1    95.8 0   195.5 0   263.0 0   263.0 0   260.7 0   262.9 0   263.5 0    25.3 0   169.8 0   265.8 0   -65.3 0   200.5 0   -12.4 0    90.8 0     1.5 0   175.0 0   956.6 0
 2019  23  1 23 16 40 16.667  68.71   477.4 0   211.1 0 -9999.9 1    95.7 0   195.6 0   263.1 0   263.0 0   261.3 0   262.9 0   263.5 0    25.6 0   170.7 0   266.3 0   -65.7 0   200.6 0   -12.4 0    91.1 0     1.4 0   169.9 0   956.6 0
 2019  23  1 23 16 41 16.683  68.62   479.4 0   212.5 0 -9999.9 1    96.0 0   195.5 0   263.1 0   263.0 0   261.3 0   263.0 0   263.6 0    25.8 0   171.6 0   266.9 0   -65.8 0   201.1 0   -12.3 0    91.1 0     1.6 0   180.8 0   956.6 0
 2019  23  1 23 16 42 16.700  68.53   479.5 0   213.3 0 -9999.9 1    97.0 0   195.5 0   263.2 0   263.1 0   261.4 0   263.0 0   263.6 0    26.0 0   172.0 0   266.2 0   -66.0 0   200.2 0   -12.3 0    91.0 0     1.7 0   180.9 0   956.6 0
 2019  23  1 23 16 43 16.717  68.44   480.2 0   214.2 0 -9999.9 1    97.5 0   195.8 0   263.2 0   263.1 0   261.9 0   263.0 0   263.7 0    26.2 0   172.7 0   266.0 0   -66.1 0   199.9 0   -12.3 0    91.1 0     1.4 0   171.8 0   956.6 0
 2019  23  1 23 16 44 16.733  68.35   481.3 0   215.1 0 -9999.9 1    97.5 0   195.8 0   263.3 0   263.2 0   262.4 0   263.1 0   263.7 0    26.5 0   173.7 0   266.2 0   -66.6 0   199.6 0   -12.2 0    91.6 0     1.1 0   172.6 0   956.6 0
 2019  23  1 23 16 45 16.750  68.26   482.9 0   216.2 0 -9999.9 1    97.5 0   196.0 0   263.3 0   263.3 0   262.7 0   263.1 0   263.8 0    26.8 0   174.6 0   266.7 0   -66.7 0   200.0 0   -12.0 0    91.8 0     1.4 0   170.0 0   956.6 0
 2019  23  1 23 16 46 16.767  68.17   485.0 0   217.9 0 -9999.9 1    97.3 0   196.1 0   263.4 0   263.3 0   262.4 0   263.2 0   263.8 0    27.0 0   175.7 0   267.1 0   -66.3 0   200.8 0   -12.1 0    91.0 0     1.6 0   157.2 0   956.6 0
 2019  23  1 23 16 47 16.783  68.09   485.9 0   218.9 0 -9999.9 1    97.9 0   195.8 0   263.4 0   263.4 0   262.5 0   263.2 0   263.9 0    27.3 0   176.3 0   267.0 0   -66.7 0   200.3 0   -12.2 0    90.5 0     1.4 0   159.2 0   956.6 0
 2019  23  1 23 16 48 16.800  68.00   487.3 0   220.2 0 -9999.9 1    98.2 0   195.9 0   263.5 0   263.4 0   262.7 0   263.3 0   263.9 0    27.5 0   177.4 0   267.1 0   -66.8 0   200.3 0   -12.2 0    90.3 0     1.6 0   157.5 0   956.6 0
 2019  23  1 23 16 49 16.817  67.92   488.9 0   221.5 0 -9999.9 1    98.2 0   196.0 0   263.5 0   263.4 0   262.7 0   263.3 0   263.9 0    27.7 0   178.4 0   267.4 0   -66.7 0   200.7 0   -12.2 0    90.5 0     1.6 0   159.1 0   956.6 0
 2019  23  1 23 16 50 16.833  67.83   490.6 0   222.8 0 -9999.9 1    98.1 0   196.1 0   263.6 0   263.5 0   263.0 0   263.3 0   264.0 0    28.0 0   179.4 0   267.8 0   -66.9 0   200.9 0   -12.3 0    90.4 0     1.5 0   160.3 0   956.6 0
 2019  23  1 23 16 51 16.850  67.75   491.5 0   223.9 0 -9999.9 1    98.4 0   196.0 0   263.6 0   263.5 0   263.3 0   263.3 0   264.0 0    28.2 0   180.2 0   267.6 0   -67.3 0   200.3 0   -12.2 0    90.7 0     1.4 0   163.3 0   956.6 0
 2019  23  1 23 16 52 16.867  67.67   492.5 0   225.0 0 -9999.9 1    98.9 0   195.8 0   263.7 0   263.6 0   263.3 0   263.4 0   264.1 0    28.4 0   181.0 0   267.5 0   -67.5 0   200.0 0   -12.2 0    90.6 0     1.6 0   164.5 0   956.6 0
 2019  23  1 23 16 53 16.883  67.58   492.5 0   225.9 0 -9999.9 1    99.6 0   195.6 0   263.7 0   263.6 0   263.3 0   263.4 0   264.1 0    28.6 0   181.4 0   266.6 0   -67.6 0   199.0 0   -12.2 0    90.5 0     1.5 0   168.5 0   956.6 0
 2019  23  1 23 16 54 16.900  67.50   493.0 0   226.8 0 -9999.9 1   100.3 0   195.8 0   263.8 0   263.6 0   263.4 0   263.4 0   264.1 0    28.9 0   182.1 0   266.2 0   -67.6 0   198.6 0   -12.2 0    90.6 0     1.3 0   169.9 0   956.7 0
 2019  23  1 23 16 55 16.917  67.42   493.7 0   227.5 0 -9999.9 1   101.2 0   195.8 0   263.8 0   263.7 0   263.6 0   263.5 0   264.1 0    29.1 0   182.9 0   266.2 0   -67.8 0   198.4 0   -12.1 0    91.1 0     1.1 0   178.4 0   956.7 0
 2019  23  1 23 16 56 16.933  67.34   494.8 0   228.6 0 -9999.9 1   101.8 0   195.6 0   263.8 0   263.7 0   263.9 0   263.5 0   264.2 0    29.3 0   183.9 0   266.2 0   -68.3 0   197.9 0   -12.0 0    91.0 0     1.3 0   186.1 0   956.7 0
 2019  23  1 23 16 57 16.950  67.26   495.5 0   229.9 0 -9999.9 1   102.4 0   195.7 0   263.8 0   263.7 0   263.9 0   263.6 0   264.2 0    29.6 0   184.6 0   265.6 0   -68.2 0   197.4 0   -12.1 0    90.4 0     1.6 0   186.5 0   956.8 0
 2019  23  1 23 16 58 16.967  67.18   497.1 0   231.5 0 -9999.9 1   103.2 0   195.3 0   263.9 0   263.7 0   263.6 0   263.6 0   264.2 0    29.8 0   185.8 0   265.6 0   -68.2 0   197.4 0   -12.1 0    90.1 0     1.9 0   184.9 0   956.8 0
 2019  23  1 23 16 59 16.983  67.10   498.6 0   233.1 0 -9999.9 1   103.9 0   195.3 0   263.9 0   263.6 0   263.6 0   263.6 0   264.2 0    30.0 0   186.9 0   265.5 0   -68.3 0   197.2 0   -12.3 0    89.8 0     2.1 0   187.9 0   956.8 0
 2019  23  1 23 17  0 17.000  67.03   499.6 0   234.6 0 -9999.9 1   104.4 0   195.6 0   263.9 0   263.6 0   263.6 0   263.6 0   264.2 0    30.2 0   187.7 0   265.0 0   -68.0 0   197.0 0   -12.3 0    90.2 0     2.3 0   190.3 0   956.8 0
 2019  23  1 23 17  1 17.017  66.95   500.7 0   236.3 0 -9999.9 1   104.7 0   195.8 0   263.9 0   263.6 0   263.5 0   263.6 0   264.2 0    30.4 0   188.7 0   264.4 0   -67.6 0   196.8 0   -12.4 0    90.1 0     2.6 0   195.6 0   956.8 0
 2019  23  1 23 17  2 17.033  66.87   501.7 0   237.6 0 -9999.9 1   105.8 0   195.8 0   263.9 0   263.6 0   263.4 0   263.6 0   264.2 0    30.7 0   189.5 0   264.1 0   -67.6 0   196.5 0   -12.4 0    90.3 0     2.5 0   192.7 0   956.8 0
 2019  23  1 23 17  3 17.050  66.80   502.5 0   238.9 0 -9999.9 1   107.7 0   195.7 0   263.8 0   263.6 0   263.3 0   263.6 0   264.2 0    30.9 0   190.4 0   263.6 0   -67.6 0   196.0 0   -12.5 0    89.9 0     2.6 0   190.6 0   956.8 0
 2019  23  1 23 17  4 17.067  66.72   504.5 0   240.5 0 -9999.9 1   108.9 0   196.2 0   263.8 0   263.6 0   263.6 0   263.6 0   264.2 0    31.1 0   191.7 0   264.0 0   -67.4 0   196.6 0   -12.6 0    90.0 0     2.4 0   188.1 0   956.8 0
 2019  23  1 23 17  5 17.083  66.65   506.1 0   242.0 0 -9999.9 1   109.8 0   196.5 0   263.8 0   263.6 0   263.9 0   263.6 0   264.2 0    31.3 0   192.8 0   264.1 0   -67.4 0   196.7 0   -12.6 0    90.2 0     2.7 0   194.4 0   956.8 0
 2019  23  1 23 17  6 17.100  66.58   507.6 0   243.8 0 -9999.9 1   111.4 0   197.3 0   263.8 0   263.6 0   264.0 0   263.6 0   264.3 0    31.6 0   194.0 0   263.8 0   -66.7 0   197.1 0   -12.6 0    90.5 0     2.4 0   195.4 0   956.7 0
 2019  23  1 23 17  7 17.117  66.50   509.3 0   245.5 0 -9999.9 1   113.5 0   197.8 0   263.8 0   263.6 0   264.2 0   263.6 0   264.3 0    31.9 0   195.4 0   263.8 0   -66.4 0   197.4 0   -12.5 0    90.7 0     2.3 0   193.9 0   956.7 0
 2019  23  1 23 17  8 17.133  66.43   511.7 0   247.7 0 -9999.9 1   116.1 0   198.8 0   263.8 0   263.6 0   264.6 0   263.6 0   264.3 0    32.2 0   197.1 0   264.0 0   -65.8 0   198.2 0   -12.5 0    90.5 0     2.3 0   184.7 0   956.7 0
 2019  23  1 23 17  9 17.150  66.36   515.0 0   250.5 0 -9999.9 1   119.1 0   199.6 0   263.8 0   263.6 0   264.5 0   263.6 0   264.3 0    32.5 0   199.1 0   264.5 0   -64.9 0   199.6 0   -12.5 0    90.3 0     2.5 0   180.8 0   956.7 0
 2019  23  1 23 17 10 17.167  66.29   518.7 0   253.7 0 -9999.9 1   122.6 0   201.2 0   263.8 0   263.6 0   265.0 0   263.7 0   264.3 0    32.9 0   201.5 0   265.0 0   -63.8 0   201.2 0   -12.5 0    90.4 0     2.5 0   186.0 0   956.7 0
 2019  23  1 23 17 11 17.183  66.22   522.4 0   257.3 0 -9999.9 1   126.9 0   203.2 0   263.8 0   263.7 0   265.7 0   263.7 0   264.4 0    33.3 0   204.1 0   265.1 0   -62.5 0   202.6 0   -12.5 0    90.6 0     2.2 0   183.0 0   956.7 0
 2019  23  1 23 17 12 17.200  66.15   527.5 0   261.9 0 -9999.9 1   132.4 0   205.1 0   263.8 0   263.8 0   266.3 0   263.7 0   264.4 0    33.9 0   207.5 0   265.6 0   -61.1 0   204.5 0   -12.4 0    90.8 0     2.1 0   179.5 0   956.6 0
 2019  23  1 23 17 13 17.217  66.08   534.3 0   267.9 0 -9999.9 1   139.3 0   207.2 0   263.9 0   263.8 0   267.3 0   263.8 0   264.5 0    34.5 0   212.0 0   266.4 0   -60.1 0   206.3 0   -12.4 0    90.8 0     1.9 0   175.4 0   956.6 0
 2019  23  1 23 17 14 17.233  66.01   541.4 0   274.4 0 -9999.9 1   147.5 0   208.8 0   263.9 0   263.9 0   267.9 0   263.8 0   264.5 0    35.0 0   216.9 0   267.0 0   -59.1 0   207.9 0   -12.3 0    90.9 0     2.3 0   178.8 0   956.6 0
 2019  23  1 23 17 15 17.250  65.95   548.7 0   281.2 0 -9999.9 1   156.0 0   209.8 0   263.9 0   263.9 0   268.2 0   263.8 0   264.6 0    35.6 0   221.8 0   267.5 0   -58.4 0   209.1 0   -12.3 0    90.6 0     2.5 0   178.8 0   956.6 0
 2019  23  1 23 17 16 17.267  65.88   555.0 0   287.1 0 -9999.9 1   164.1 0   211.0 0   264.0 0   264.0 0   269.0 0   263.9 0   264.6 0    36.0 0   226.1 0   267.9 0   -58.1 0   209.8 0   -12.3 0    90.5 0     2.7 0   180.2 0   956.5 0
 2019  23  1 23 17 17 17.283  65.81   560.5 0   292.2 0 -9999.9 1   171.4 0   211.8 0   264.0 0   264.0 0   269.9 0   263.9 0   264.7 0    36.4 0   229.8 0   268.3 0   -58.1 0   210.2 0   -12.2 0    90.9 0     2.5 0   184.3 0   956.5 0
 2019  23  1 23 17 18 17.300  65.75   565.3 0   296.7 0 -9999.9 1   178.3 0   212.5 0   264.0 0   264.1 0   270.5 0   264.0 0   264.8 0    36.7 0   233.0 0   268.6 0   -58.0 0   210.6 0   -12.1 0    90.9 0     2.7 0   182.0 0   956.5 0
 2019  23  1 23 17 19 17.317  65.68   571.0 0   301.5 0 -9999.9 1   184.7 0   213.4 0   264.1 0   264.1 0   271.2 0   264.0 0   264.9 0    37.1 0   236.4 0   269.5 0   -57.8 0   211.7 0   -12.0 0    90.9 0     2.5 0   187.8 0   956.4 0
 2019  23  1 23 17 20 17.333  65.62   577.2 0   306.8 0 -9999.9 1   191.7 0   214.4 0   264.2 0   264.2 0   272.0 0   264.1 0   265.0 0    37.5 0   240.2 0   270.4 0   -57.6 0   212.8 0   -11.9 0    91.0 0     2.5 0   183.4 0   956.4 0
 2019  23  1 23 17 21 17.350  65.56   586.7 0   313.8 0 -9999.9 1   200.3 0   215.8 0   264.2 0   264.4 0   273.5 0   264.2 0   265.1 0    37.9 0   245.7 0   272.9 0   -57.7 0   215.2 0   -11.8 0    91.5 0     2.1 0   191.0 0   956.4 0
 2019  23  1 23 17 22 17.367  65.50   595.7 0   320.6 0 -9999.9 1   210.4 0   216.8 0   264.3 0   264.5 0   274.6 0   264.3 0   265.2 0    38.4 0   250.6 0   275.1 0   -57.8 0   217.3 0   -11.6 0    91.8 0     2.1 0   194.0 0   956.4 0
 2019  23  1 23 17 23 17.383  65.44   603.3 0   327.0 0 -9999.9 1   220.0 0   218.0 0   264.4 0   264.6 0   275.3 0   264.4 0   265.3 0    38.8 0   255.1 0   276.3 0   -57.3 0   219.0 0   -11.4 0    91.6 0     2.0 0   195.5 0   956.4 0
 2019  23  1 23 17 24 17.400  65.37   611.0 0   333.2 0 -9999.9 1   228.7 0   219.5 0   264.5 0   264.7 0   276.6 0   264.5 0   265.5 0    39.2 0   259.5 0   277.8 0   -57.1 0   220.7 0   -11.3 0    91.7 0     2.2 0   197.3 0   956.4 0
 2019  23  1 23 17 25 17.417  65.31   611.7 0   336.9 0 -9999.9 1   237.5 0   220.8 0   264.6 0   264.8 0   276.6 0   264.6 0   265.6 0    39.6 0   261.4 0   274.8 0   -55.8 0   219.0 0   -11.2 0    90.9 0     2.5 0   196.5 0   956.4 0
 2019  23  1 23 17 26 17.433  65.26   631.3 0   349.7 0 -9999.9 1   248.8 0   222.2 0   264.7 0   264.9 0   277.3 0   264.7 0   265.7 0    40.3 0   270.8 0   281.6 0   -55.1 0   226.5 0   -11.2 0    90.5 0     2.4 0   197.2 0   956.4 0
 2019  23  1 23 17 27 17.450  65.20   646.5 0   360.8 0 -9999.9 1   262.1 0   223.7 0   264.8 0   265.1 0   278.5 0   264.8 0   265.9 0    40.8 0   278.7 0   285.7 0   -54.8 0   230.9 0   -11.2 0    90.6 0     2.1 0   194.9 0   956.4 0
 2019  23  1 23 17 28 17.467  65.14   615.1 0   342.4 0 -9999.9 1   271.5 0   224.7 0   264.9 0   265.2 0   279.5 0   265.0 0   266.0 0    40.7 0   268.8 0   272.7 0   -54.9 0   217.8 0   -11.0 0    90.9 0     2.2 0   197.1 0   956.3 0
 2019  23  1 23 17 29 17.483  65.08   608.0 0   343.7 0 -9999.9 1   280.7 0   225.3 0   265.0 0   265.3 0   279.8 0   265.1 0   266.1 0    40.8 0   269.6 0   264.3 0   -54.5 0   209.8 0   -11.0 0    90.9 0     2.2 0   196.4 0   956.3 0
 2019  23  1 23 17 30 17.500  65.03   553.3 0   319.3 0 -9999.9 1   286.8 0   225.9 0   265.2 0   265.5 0   280.1 0   265.2 0   266.1 0    40.3 0   251.3 0   234.0 0   -54.2 0   179.8 0   -10.8 0    91.5 0     2.1 0   190.4 0   956.3 0
 2019  23  1 23 17 31 17.517  64.97   568.0 0   331.0 0 -9999.9 1   294.1 0   226.7 0   265.3 0   265.5 0   280.3 0   265.3 0   266.2 0    40.6 0   258.3 0   237.0 0   -53.6 0   183.4 0   -10.7 0    91.4 0     2.4 0   194.2 0   956.2 0
 2019  23  1 23 17 32 17.533  64.92   530.5 0   313.5 0 -9999.9 1   298.3 0   227.5 0   265.4 0   265.6 0   280.4 0   265.4 0   266.3 0    40.2 0   244.1 0   217.0 0   -52.9 0   164.1 0   -10.6 0    91.2 0     2.5 0   190.2 0   956.2 0
 2019  23  1 23 17 33 17.550  64.86   440.6 0   268.7 0 -9999.9 1   297.3 0   227.8 0   265.4 0   265.7 0   279.1 0   265.5 0   266.3 0    38.8 0   213.1 0   171.9 0   -51.2 0   120.7 0   -10.6 0    90.6 0     2.8 0   191.9 0   956.1 0
 2019  23  1 23 17 34 17.567  64.81   379.3 0   236.6 0 -9999.9 1   295.5 0   227.3 0   265.5 0   265.7 0   278.3 0   265.5 0   266.2 0    37.5 0   189.4 0   142.7 0   -51.1 0    91.6 0   -10.6 0    91.1 0     2.6 0   201.3 0   956.2 0
 2019  23  1 23 17 35 17.583  64.76   346.3 0   221.4 0 -9999.9 1   292.8 0   225.9 0   265.5 0   265.8 0   277.6 0   265.5 0   266.1 0    36.5 0   176.5 0   124.9 0   -51.7 0    73.2 0   -10.5 0    91.5 0     2.5 0   198.5 0   956.1 0
 2019  23  1 23 17 36 17.600  64.71   352.3 0   221.5 0 -9999.9 1   288.4 0   223.6 0   265.5 0   265.7 0   276.9 0   265.6 0   266.1 0    36.2 0   177.7 0   130.8 0   -53.2 0    77.6 0   -10.4 0    91.4 0     2.5 0   203.0 0   956.1 0
 2019  23  1 23 17 37 17.617  64.66   319.9 0   204.4 0 -9999.9 1   278.8 0   221.3 0   265.5 0   265.8 0   276.1 0   265.6 0   266.1 0    35.2 0   163.4 0   115.5 0   -54.7 0    60.8 0   -10.4 0    91.3 0     2.3 0   199.1 0   956.1 0
 2019  23  1 23 17 38 17.633  64.61   320.0 0   202.3 0 -9999.9 1   269.1 0   218.3 0   265.5 0   265.7 0   275.4 0   265.6 0   266.1 0    34.8 0   162.3 0   117.7 0   -57.0 0    60.7 0   -10.4 0    91.7 0     2.3 0   201.2 0   956.0 0
 2019  23  1 23 17 39 17.650  64.56   337.9 0   212.0 0 -9999.9 1   256.9 0   215.3 0   265.5 0   265.7 0   275.3 0   265.6 0   266.1 0    34.7 0   168.5 0   125.9 0   -60.0 0    65.9 0   -10.3 0    91.8 0     2.1 0   206.1 0   956.1 0
 2019  23  1 23 17 40 17.667  64.51   296.1 0   178.4 0 -9999.9 1   236.7 0   212.4 0   265.5 0   265.7 0   274.5 0   265.6 0   266.1 0    33.5 0   144.9 0   117.7 0   -62.1 0    55.6 0   -10.2 0    91.8 0     1.9 0   207.3 0   956.1 0
 2019  23  1 23 17 41 17.683  64.46   237.7 0   145.4 0 -9999.9 1   213.2 0   209.9 0   265.5 0   265.7 0   273.5 0   265.6 0   266.0 0    32.3 0   119.7 0    92.3 0   -63.5 0    28.8 0   -10.1 0    92.0 0     1.5 0   222.8 0   956.1 0
 2019  23  1 23 17 42 17.700  64.41   213.3 0   129.9 0 -9999.9 1   193.5 0   207.8 0   265.5 0   265.6 0   271.9 0   265.6 0   265.9 0    31.8 0   106.9 0    83.4 0   -64.0 0    19.4 0   -10.1 0    91.8 0     2.6 0   232.9 0   956.1 0
 2019  23  1 23 17 43 17.717  64.37   271.2 0   161.7 0 -9999.9 1   182.9 0   206.2 0   265.5 0   265.5 0   270.9 0   265.6 0   265.9 0    33.2 0   132.2 0   109.5 0   -64.7 0    44.8 0   -10.1 0    91.5 0     2.5 0   237.4 0   956.1 0
 2019  23  1 23 17 44 17.733  64.32   370.3 0   207.9 0 -9999.9 1   175.2 0   205.7 0   265.5 0   265.5 0   271.7 0   265.5 0   266.0 0    35.2 0   168.2 0   162.4 0   -66.0 0    96.4 0   -10.1 0    91.5 0     2.3 0   226.3 0   956.1 0
 2019  23  1 23 17 45 17.750  64.28   490.8 0   271.1 0 -9999.9 1   166.1 0   204.8 0   265.5 0   265.5 0   273.0 0   265.5 0   266.1 0    37.5 0   212.3 0   219.7 0   -68.2 0   151.5 0   -10.1 0    91.2 0     2.9 0   224.4 0   956.1 0
 2019  23  1 23 17 46 17.767  64.24   541.4 0   297.7 0 -9999.9 1   156.3 0   204.5 0   265.5 0   265.5 0   274.6 0   265.6 0   266.3 0    38.6 0   228.3 0   243.7 0   -70.1 0   173.6 0   -10.1 0    91.1 0     2.4 0   228.6 0   956.1 0
 2019  23  1 23 17 47 17.783  64.19   531.5 0   292.9 0 -9999.9 1   145.1 0   204.3 0   265.6 0   265.5 0   275.0 0   265.6 0   266.4 0    38.9 0   225.2 0   238.6 0   -70.7 0   167.9 0   -10.0 0    90.7 0     3.2 0   221.1 0   956.0 0
 2019  23  1 23 17 48 17.800  64.15   526.7 0   290.8 0 -9999.9 1   137.7 0   204.6 0   265.6 0   265.6 0   275.6 0   265.7 0   266.4 0    39.1 0   223.7 0   235.9 0   -71.0 0   164.9 0    -9.9 0    90.5 0     2.9 0   223.5 0   956.0 0
 2019  23  1 23 17 49 17.817  64.11   521.7 0   289.2 0 -9999.9 1   133.1 0   204.3 0   265.7 0   265.7 0   276.1 0   265.8 0   266.5 0    39.2 0   222.2 0   232.5 0   -71.8 0   160.7 0    -9.9 0    90.7 0     2.4 0   223.7 0   956.0 0
 2019  23  1 23 17 50 17.833  64.07   519.4 0   288.4 0 -9999.9 1   130.3 0   204.3 0   265.8 0   265.8 0   276.6 0   265.8 0   266.5 0    39.4 0   221.8 0   231.0 0   -72.3 0   158.7 0    -9.7 0    90.8 0     2.6 0   223.4 0   956.0 0
 2019  23  1 23 17 51 17.850  64.03   516.7 0   287.9 0 -9999.9 1   128.3 0   204.6 0   265.9 0   265.9 0   276.7 0   265.9 0   266.6 0    39.5 0   221.1 0   228.8 0   -72.1 0   156.7 0    -9.6 0    90.4 0     2.8 0   220.9 0   956.1 0
 2019  23  1 23 17 52 17.867  63.99   514.7 0   287.6 0 -9999.9 1   127.2 0   204.6 0   266.0 0   266.0 0   277.1 0   265.9 0   266.7 0    39.6 0   220.4 0   227.1 0   -72.5 0   154.6 0    -9.6 0    90.2 0     2.4 0   223.5 0   956.1 0
 2019  23  1 23 17 53 17.883  63.95   514.0 0   287.7 0 -9999.9 1   126.4 0   204.6 0   266.0 0   266.0 0   277.6 0   266.0 0   266.7 0    39.7 0   220.3 0   226.3 0   -73.0 0   153.3 0    -9.5 0    90.4 0     2.8 0   222.5 0   956.0 0
 2019  23  1 23 17 54 17.900  63.91   514.1 0   288.6 0 -9999.9 1   125.7 0   205.1 0   266.1 0   266.1 0   277.3 0   266.0 0   266.8 0    39.9 0   220.7 0   225.5 0   -72.2 0   153.3 0    -9.6 0    89.5 0     3.1 0   222.9 0   956.0 0
 2019  23  1 23 17 55 17.917  63.88   513.7 0   289.1 0 -9999.9 1   124.5 0   205.3 0   266.2 0   266.2 0   277.3 0   266.1 0   266.8 0    40.1 0   220.8 0   224.6 0   -72.0 0   152.6 0    -9.6 0    89.2 0     2.8 0   217.4 0   956.0 0
 2019  23  1 23 17 56 17.933  63.84   513.6 0   289.6 0 -9999.9 1   123.4 0   205.2 0   266.3 0   266.2 0   277.6 0   266.1 0   266.9 0    40.2 0   220.8 0   224.0 0   -72.4 0   151.6 0    -9.6 0    89.5 0     2.8 0   215.3 0   956.0 0
 2019  23  1 23 17 57 17.950  63.81   512.6 0   289.7 0 -9999.9 1   122.6 0   205.2 0   266.3 0   266.3 0   278.0 0   266.2 0   266.9 0    40.3 0   220.5 0   222.9 0   -72.8 0   150.1 0    -9.5 0    89.7 0     2.6 0   214.9 0   955.9 0
 2019  23  1 23 17 58 17.967  63.77   513.0 0   290.4 0 -9999.9 1   121.2 0   205.2 0   266.4 0   266.3 0   278.4 0   266.3 0   267.0 0    40.5 0   221.0 0   222.6 0   -73.2 0   149.4 0    -9.4 0    89.7 0     2.5 0   213.0 0   955.9 0
 2019  23  1 23 17 59 17.983  63.74   512.5 0   290.5 0 -9999.9 1   119.6 0   205.0 0   266.5 0   266.4 0   278.7 0   266.3 0   267.0 0    40.6 0   221.0 0   222.0 0   -73.7 0   148.3 0    -9.3 0    89.7 0     2.8 0   209.9 0   955.9 0
 2019  23  1 23 18  0 18.000  63.71   512.6 0   291.2 0 -9999.9 1   118.4 0   204.7 0   266.5 0   266.5 0   279.2 0   266.4 0   267.1 0    40.7 0   221.1 0   221.4 0   -74.5 0   146.9 0    -9.2 0    90.0 0     2.6 0   209.4 0   955.9 0
 2019  23  1 23 18  1 18.017  63.68   512.0 0   291.2 0 -9999.9 1   118.1 0   204.4 0   266.6 0   266.5 0   279.2 0   266.5 0   267.2 0    40.7 0   220.9 0   220.8 0   -74.8 0   146.0 0    -9.1 0    89.5 0     2.4 0   214.2 0   955.8 0
 2019  23  1 23 18  2 18.033  63.64   512.5 0   291.8 0 -9999.9 1   117.7 0   204.3 0   266.6 0   266.6 0   280.1 0   266.5 0   267.3 0    40.8 0   221.3 0   220.7 0   -75.9 0   144.8 0    -9.0 0    89.8 0     2.2 0   202.0 0   955.8 0
 2019  23  1 23 18  3 18.050  63.61   511.7 0   291.8 0 -9999.9 1   117.4 0   203.9 0   266.7 0   266.7 0   279.8 0   266.6 0   267.4 0    40.9 0   220.9 0   219.9 0   -75.9 0   144.0 0    -9.0 0    89.3 0     2.5 0   193.8 0   955.8 0
 2019  23  1 23 18  4 18.067  63.58   510.9 0   291.8 0 -9999.9 1   117.1 0   203.8 0   266.8 0   266.7 0   279.5 0   266.7 0   267.5 0    40.9 0   220.5 0   219.1 0   -75.6 0   143.5 0    -9.0 0    88.7 0     2.4 0   188.3 0   955.7 0
 2019  23  1 23 18  5 18.083  63.56   511.5 0   292.5 0 -9999.9 1   117.0 0   203.8 0   266.8 0   266.8 0   279.4 0   266.8 0   267.5 0    41.0 0   220.9 0   219.0 0   -75.7 0   143.3 0    -9.1 0    88.5 0     2.4 0   185.6 0   955.7 0
 2019  23  1 23 18  6 18.100  63.53   512.8 0   293.6 0 -9999.9 1   117.2 0   203.8 0   266.9 0   266.8 0   279.3 0   266.8 0   267.6 0    41.2 0   221.5 0   219.2 0   -75.6 0   143.6 0    -9.2 0    88.3 0     2.6 0   185.0 0   955.7 0
 2019  23  1 23 18  7 18.117  63.50   514.5 0   295.1 0 -9999.9 1   117.8 0   203.9 0   266.9 0   266.8 0   279.3 0   266.9 0   267.6 0    41.3 0   222.3 0   219.4 0   -75.3 0   144.1 0    -9.3 0    88.1 0     2.9 0   182.3 0   955.7 0
 2019  23  1 23 18  8 18.133  63.48   516.2 0   296.6 0 -9999.9 1   118.7 0   204.1 0   267.0 0   266.9 0   279.2 0   266.9 0   267.6 0    41.4 0   223.0 0   219.6 0   -75.1 0   144.5 0    -9.3 0    88.5 0     2.7 0   187.8 0   955.7 0
 2019  23  1 23 18  9 18.150  63.45   518.1 0   298.2 0 -9999.9 1   120.0 0   204.1 0   267.0 0   266.9 0   279.6 0   267.0 0   267.7 0    41.5 0   223.9 0   219.9 0   -75.5 0   144.4 0    -9.2 0    89.1 0     2.9 0   187.1 0   955.6 0
 2019  23  1 23 18 10 18.167  63.43   518.3 0   298.7 0 -9999.9 1   121.2 0   204.4 0   267.0 0   266.9 0   279.6 0   267.0 0   267.7 0    41.6 0   223.8 0   219.6 0   -75.2 0   144.4 0    -9.2 0    88.9 0     2.7 0   186.8 0   955.6 0
 2019  23  1 23 18 11 18.183  63.40   515.3 0   297.6 0 -9999.9 1   122.7 0   204.5 0   267.0 0   267.0 0   280.3 0   267.0 0   267.8 0    41.5 0   222.7 0   217.7 0   -75.8 0   141.9 0    -9.1 0    89.3 0     2.5 0   191.2 0   955.6 0
 2019  23  1 23 18 12 18.200  63.38   507.6 0   293.2 0 -9999.9 1   124.2 0   204.5 0   267.1 0   267.0 0   280.2 0   267.1 0   267.8 0    41.3 0   219.4 0   214.4 0   -75.7 0   138.7 0    -9.0 0    89.4 0     2.7 0   191.8 0   955.5 0
 2019  23  1 23 18 13 18.217  63.36   463.3 0   266.4 0 -9999.9 1   123.8 0   204.3 0   267.1 0   267.0 0   279.9 0   267.1 0   267.8 0    40.2 0   199.7 0   196.9 0   -75.6 0   121.3 0    -9.0 0    89.1 0     2.9 0   183.5 0   955.5 0
 2019  23  1 23 18 14 18.233  63.34   395.1 0   231.7 0 -9999.9 1   120.1 0   204.1 0   267.1 0   267.1 0   278.6 0   267.1 0   267.7 0    38.8 0   175.0 0   163.4 0   -74.5 0    88.9 0    -9.0 0    88.8 0     2.8 0   190.3 0   955.5 0
 2019  23  1 23 18 15 18.250  63.32   379.2 0   223.4 0 -9999.9 1   117.9 0   203.6 0   267.1 0   267.0 0   278.2 0   267.1 0   267.7 0    38.5 0   169.2 0   155.8 0   -74.6 0    81.2 0    -8.9 0    88.9 0     3.1 0   190.0 0   955.5 0
 2019  23  1 23 18 16 18.267  63.30   462.1 0   269.5 0 -9999.9 1   120.6 0   203.4 0   267.1 0   267.0 0   278.1 0   267.1 0   267.7 0    40.0 0   200.9 0   192.6 0   -74.8 0   117.8 0    -9.0 0    88.1 0     3.2 0   189.5 0   955.5 0
 2019  23  1 23 18 17 18.283  63.28   459.1 0   267.9 0 -9999.9 1   117.6 0   203.3 0   267.1 0   267.0 0   278.1 0   267.1 0   267.7 0    40.3 0   200.0 0   191.2 0   -74.8 0   116.4 0    -9.0 0    88.0 0     3.3 0   187.0 0   955.5 0
 2019  23  1 23 18 18 18.300  63.26   513.2 0   297.4 0 -9999.9 1   118.3 0   203.2 0   267.2 0   267.0 0   278.7 0   267.1 0   267.8 0    41.4 0   220.4 0   215.8 0   -75.5 0   140.3 0    -9.0 0    87.9 0     3.3 0   186.4 0   955.5 0
 2019  23  1 23 18 19 18.317  63.24   518.8 0   300.3 0 -9999.9 1   116.1 0   203.4 0   267.2 0   267.1 0   279.4 0   267.2 0   267.8 0    41.7 0   222.1 0   218.5 0   -76.0 0   142.5 0    -9.0 0    87.8 0     3.2 0   185.9 0   955.5 0
 2019  23  1 23 18 20 18.333  63.23   517.5 0   299.4 0 -9999.9 1   114.4 0   203.2 0   267.2 0   267.1 0   279.8 0   267.2 0   267.9 0    41.8 0   221.5 0   218.1 0   -76.6 0   141.5 0    -9.0 0    87.8 0     3.1 0   188.7 0   955.4 0
 2019  23  1 23 18 21 18.350  63.21   517.3 0   299.3 0 -9999.9 1   112.8 0   203.4 0   267.2 0   267.1 0   280.1 0   267.2 0   267.9 0    41.9 0   221.3 0   218.0 0   -76.7 0   141.3 0    -8.9 0    87.9 0     2.7 0   185.2 0   955.4 0
 2019  23  1 23 18 22 18.367  63.20   517.6 0   299.5 0 -9999.9 1   111.2 0   203.4 0   267.3 0   267.2 0   280.3 0   267.3 0   268.0 0    42.0 0   221.3 0   218.1 0   -76.9 0   141.2 0    -8.8 0    88.1 0     3.1 0   186.7 0   955.3 0
 2019  23  1 23 18 23 18.383  63.18   517.8 0   299.7 0 -9999.9 1   110.1 0   203.5 0   267.3 0   267.2 0   280.3 0   267.3 0   268.0 0    42.1 0   221.2 0   218.1 0   -76.8 0   141.3 0    -8.8 0    87.6 0     3.2 0   186.3 0   955.3 0
 2019  23  1 23 18 24 18.400  63.17   518.1 0   299.9 0 -9999.9 1   109.3 0   203.5 0   267.3 0   267.2 0   280.6 0   267.3 0   268.0 0    42.1 0   221.2 0   218.2 0   -77.1 0   141.1 0    -8.8 0    87.9 0     2.9 0   182.7 0   955.3 0
 2019  23  1 23 18 25 18.417  63.16   518.6 0   300.2 0 -9999.9 1   108.8 0   203.6 0   267.4 0   267.3 0   280.5 0   267.3 0   268.1 0    42.1 0   221.3 0   218.4 0   -76.9 0   141.5 0    -8.7 0    87.5 0     3.2 0   184.8 0   955.2 0
 2019  23  1 23 18 26 18.433  63.15   518.6 0   300.4 0 -9999.9 1   108.1 0   203.8 0   267.4 0   267.4 0   280.9 0   267.4 0   268.1 0    42.2 0   221.2 0   218.2 0   -77.1 0   141.1 0    -8.7 0    87.8 0     2.8 0   184.0 0   955.2 0
 2019  23  1 23 18 27 18.450  63.14   519.1 0   300.6 0 -9999.9 1   107.9 0   203.7 0   267.5 0   267.4 0   281.2 0   267.4 0   268.1 0    42.2 0   221.3 0   218.5 0   -77.5 0   141.0 0    -8.7 0    87.1 0     3.0 0   182.7 0   955.3 0
 2019  23  1 23 18 28 18.467  63.13   518.9 0   300.7 0 -9999.9 1   107.9 0   203.7 0   267.5 0   267.4 0   281.2 0   267.4 0   268.2 0    42.2 0   221.0 0   218.2 0   -77.5 0   140.7 0    -8.6 0    87.0 0     2.7 0   187.3 0   955.3 0
 2019  23  1 23 18 29 18.483  63.12   519.6 0   300.9 0 -9999.9 1   107.9 0   203.6 0   267.5 0   267.4 0   281.5 0   267.5 0   268.2 0    42.2 0   221.1 0   218.7 0   -77.9 0   140.8 0    -8.6 0    86.9 0     2.9 0   190.8 0   955.3 0
 2019  23  1 23 18 30 18.500  63.11   519.0 0   300.6 0 -9999.9 1   107.9 0   204.0 0   267.6 0   267.5 0   281.9 0   267.5 0   268.3 0    42.2 0   220.7 0   218.4 0   -77.9 0   140.5 0    -8.5 0    87.5 0     2.6 0   189.1 0   955.2 0
 2019  23  1 23 18 31 18.517  63.10   519.7 0   301.1 0 -9999.9 1   107.3 0   204.1 0   267.6 0   267.5 0   282.4 0   267.6 0   268.3 0    42.2 0   220.9 0   218.6 0   -78.3 0   140.3 0    -8.3 0    87.6 0     2.4 0   186.0 0   955.2 0
 2019  23  1 23 18 32 18.533  63.10   521.1 0   301.9 0 -9999.9 1   107.1 0   204.0 0   267.7 0   267.6 0   282.3 0   267.6 0   268.4 0    42.2 0   221.3 0   219.2 0   -78.2 0   141.0 0    -8.3 0    86.8 0     2.9 0   189.3 0   955.2 0
 2019  23  1 23 18 33 18.550  63.09   522.2 0   302.6 0 -9999.9 1   106.5 0   204.1 0   267.7 0   267.6 0   282.4 0   267.7 0   268.4 0    42.3 0   221.6 0   219.6 0   -78.2 0   141.4 0    -8.3 0    86.7 0     3.5 0   192.0 0   955.2 0
 2019  23  1 23 18 34 18.567  63.09   522.6 0   303.2 0 -9999.9 1   106.2 0   204.2 0   267.7 0   267.6 0   282.4 0   267.7 0   268.4 0    42.3 0   221.5 0   219.4 0   -78.2 0   141.2 0    -8.3 0    86.6 0     3.1 0   199.7 0   955.2 0
 2019  23  1 23 18 35 18.583  63.08   523.0 0   303.2 0 -9999.9 1   105.8 0   204.2 0   267.8 0   267.7 0   282.6 0   267.7 0   268.5 0    42.3 0   221.4 0   219.8 0   -78.3 0   141.5 0    -8.2 0    86.7 0     2.7 0   194.4 0   955.1 0
 2019  23  1 23 18 36 18.600  63.08   524.0 0   303.5 0 -9999.9 1   105.3 0   204.5 0   267.8 0   267.7 0   283.4 0   267.8 0   268.5 0    42.3 0   221.7 0   220.5 0   -78.9 0   141.6 0    -8.1 0    86.9 0     2.8 0   200.8 0   955.1 0
 2019  23  1 23 18 37 18.617  63.08   524.5 0   304.1 0 -9999.9 1   104.8 0   204.5 0   267.9 0   267.8 0   283.3 0   267.8 0   268.5 0    42.3 0   221.8 0   220.4 0   -78.7 0   141.7 0    -8.0 0    86.3 0     3.2 0   193.0 0   955.0 0
 2019  23  1 23 18 38 18.633  63.08   524.5 0   304.2 0 -9999.9 1   105.1 0   204.7 0   267.9 0   267.8 0   283.6 0   267.9 0   268.6 0    42.3 0   221.6 0   220.3 0   -78.9 0   141.4 0    -7.9 0    85.8 0     2.8 0   200.2 0   955.0 0
 2019  23  1 23 18 39 18.650  63.08   524.8 0   304.6 0 -9999.9 1   105.2 0   204.7 0   268.0 0   267.8 0   283.6 0   267.9 0   268.6 0    42.3 0   221.5 0   220.2 0   -78.9 0   141.3 0    -7.9 0    85.8 0     3.3 0   201.5 0   955.0 0
 2019  23  1 23 18 40 18.667  63.08   524.9 0   304.6 0 -9999.9 1   105.2 0   204.7 0   268.0 0   267.9 0   283.6 0   267.9 0   268.6 0    42.3 0   221.4 0   220.3 0   -78.9 0   141.4 0    -7.8 0    85.4 0     3.3 0   199.0 0   955.0 0
 2019  23  1 23 18 41 18.683  63.08   526.0 0   305.5 0 -9999.9 1   105.1 0   204.9 0   268.0 0   267.9 0   283.7 0   268.0 0   268.6 0    42.3 0   221.8 0   220.5 0   -78.7 0   141.8 0    -7.8 0    85.4 0     3.6 0   208.3 0   955.0 0
 2019  23  1 23 18 42 18.700  63.08   525.7 0   305.3 0 -9999.9 1   104.8 0   205.2 0   268.1 0   268.0 0   284.2 0   268.0 0   268.7 0    42.3 0   221.5 0   220.4 0   -79.0 0   141.4 0    -7.7 0    85.5 0     2.8 0   202.2 0   955.0 0
 2019  23  1 23 18 43 18.717  63.08   524.7 0   304.4 0 -9999.9 1   105.0 0   205.1 0   268.1 0   268.1 0   284.8 0   268.0 0   268.8 0    42.2 0   220.8 0   220.3 0   -79.7 0   140.6 0    -7.6 0    85.8 0     2.3 0   205.2 0   955.0 0
 2019  23  1 23 18 44 18.733  63.09   524.9 0   304.2 0 -9999.9 1   104.9 0   205.4 0   268.2 0   268.1 0   285.6 0   268.1 0   268.8 0    42.2 0   220.8 0   220.7 0   -80.2 0   140.5 0    -7.4 0    85.9 0     2.3 0   206.5 0   955.0 0
 2019  23  1 23 18 45 18.750  63.09   524.4 0   303.9 0 -9999.9 1   103.9 0   205.7 0   268.3 0   268.2 0   285.6 0   268.1 0   268.9 0    42.1 0   220.4 0   220.5 0   -79.8 0   140.7 0    -7.3 0    84.8 0     2.9 0   199.9 0   954.9 0
 2019  23  1 23 18 46 18.767  63.10   525.4 0   304.7 0 -9999.9 1   103.5 0   205.8 0   268.3 0   268.3 0   285.4 0   268.2 0   268.9 0    42.2 0   220.8 0   220.7 0   -79.6 0   141.1 0    -7.3 0    84.4 0     3.1 0   202.6 0   954.8 0
 2019  23  1 23 18 47 18.783  63.10   526.8 0   305.4 0 -9999.9 1   102.5 0   206.3 0   268.4 0   268.4 0   285.8 0   268.3 0   269.0 0    42.2 0   221.3 0   221.4 0   -79.5 0   141.9 0    -7.2 0    85.1 0     3.0 0   211.0 0   954.8 0
 2019  23  1 23 18 48 18.800  63.11   526.6 0   305.0 0 -9999.9 1   101.9 0   206.4 0   268.5 0   268.4 0   286.5 0   268.3 0   269.1 0    42.2 0   221.0 0   221.6 0   -80.1 0   141.5 0    -7.0 0    85.1 0     2.9 0   211.7 0   954.8 0
 2019  23  1 23 18 49 18.817  63.12   526.8 0   305.2 0 -9999.9 1   101.7 0   206.9 0   268.5 0   268.5 0   286.2 0   268.4 0   269.1 0    42.2 0   221.1 0   221.6 0   -79.4 0   142.2 0    -6.9 0    84.6 0     3.7 0   217.8 0   954.8 0
 2019  23  1 23 18 50 18.833  63.13   527.5 0   305.7 0 -9999.9 1   101.6 0   206.5 0   268.6 0   268.6 0   286.3 0   268.4 0   269.1 0    42.2 0   221.3 0   221.8 0   -79.7 0   142.1 0    -6.8 0    84.2 0     3.6 0   215.0 0   954.8 0
 2019  23  1 23 18 51 18.850  63.14   528.1 0   306.3 0 -9999.9 1   101.0 0   206.8 0   268.7 0   268.6 0   286.1 0   268.5 0   269.1 0    42.2 0   221.4 0   221.8 0   -79.3 0   142.5 0    -6.8 0    83.6 0     3.9 0   211.9 0   954.8 0
 2019  23  1 23 18 52 18.867  63.15   529.0 0   306.4 0 -9999.9 1   100.4 0   206.7 0   268.8 0   268.7 0   286.6 0   268.5 0   269.2 0    42.2 0   221.7 0   222.6 0   -79.9 0   142.7 0    -6.7 0    84.1 0     3.1 0   218.4 0   954.8 0
 2019  23  1 23 18 53 18.883  63.16   528.2 0   305.7 0 -9999.9 1   100.3 0   206.8 0   268.8 0   268.8 0   286.8 0   268.5 0   269.3 0    42.1 0   221.2 0   222.5 0   -80.0 0   142.5 0    -6.6 0    84.2 0     2.9 0   212.7 0   954.8 0
 2019  23  1 23 18 54 18.900  63.17   528.0 0   305.3 0 -9999.9 1   100.9 0   206.6 0   268.9 0   268.8 0   287.4 0   268.6 0   269.3 0    42.0 0   221.0 0   222.7 0   -80.7 0   142.0 0    -6.5 0    84.2 0     2.5 0   215.0 0   954.8 0
 2019  23  1 23 18 55 18.917  63.18   527.8 0   305.4 0 -9999.9 1   101.0 0   206.7 0   269.0 0   268.9 0   286.8 0   268.6 0   269.3 0    41.9 0   220.7 0   222.4 0   -80.1 0   142.3 0    -6.6 0    82.7 0     4.4 0   224.0 0   954.8 0
 2019  23  1 23 18 56 18.933  63.20   527.5 0   305.5 0 -9999.9 1   101.3 0   206.8 0   269.0 0   268.9 0   287.0 0   268.7 0   269.4 0    41.9 0   220.6 0   222.0 0   -80.1 0   141.9 0    -6.6 0    83.6 0     3.3 0   217.3 0   954.7 0
 2019  23  1 23 18 57 18.950  63.21   527.5 0   305.3 0 -9999.9 1   101.1 0   206.8 0   269.1 0   269.0 0   287.1 0   268.7 0   269.4 0    41.8 0   220.5 0   222.2 0   -80.3 0   141.9 0    -6.5 0    83.8 0     3.2 0   218.7 0   954.7 0
 2019  23  1 23 18 58 18.967  63.23   527.2 0   305.0 0 -9999.9 1   101.0 0   206.9 0   269.1 0   269.0 0   287.4 0   268.8 0   269.5 0    41.7 0   220.2 0   222.2 0   -80.5 0   141.7 0    -6.5 0    83.8 0     3.2 0   225.2 0   954.7 0
 2019  23  1 23 18 59 18.983  63.24   527.3 0   305.1 0 -9999.9 1   100.5 0   207.3 0   269.2 0   269.1 0   287.2 0   268.8 0   269.4 0    41.7 0   220.3 0   222.2 0   -79.9 0   142.3 0    -6.5 0    83.5 0     3.8 0   223.3 0   954.7 0
 2019  23  1 23 19  0 19.000  63.26   526.6 0   304.5 0 -9999.9 1   100.6 0   206.9 0   269.2 0   269.1 0   287.6 0   268.8 0   269.5 0    41.6 0   219.8 0   222.1 0   -80.7 0   141.4 0    -6.4 0    84.2 0     2.8 0   216.4 0   954.6 0
 2019  23  1 23 19  1 19.017  63.28   525.8 0   304.1 0 -9999.9 1   100.7 0   207.2 0   269.3 0   269.1 0   287.7 0   268.9 0   269.5 0    41.5 0   219.3 0   221.7 0   -80.5 0   141.2 0    -6.4 0    83.4 0     3.7 0   216.7 0   954.6 0
 2019  23  1 23 19  2 19.033  63.30   525.8 0   304.3 0 -9999.9 1   100.3 0   207.2 0   269.3 0   269.2 0   287.5 0   268.9 0   269.6 0    41.4 0   219.3 0   221.5 0   -80.4 0   141.1 0    -6.4 0    83.2 0     3.8 0   215.0 0   954.5 0
 2019  23  1 23 19  3 19.050  63.32   526.4 0   304.4 0 -9999.9 1   100.3 0   207.3 0   269.4 0   269.2 0   287.9 0   268.9 0   269.6 0    41.4 0   219.6 0   222.0 0   -80.6 0   141.4 0    -6.4 0    83.5 0     3.4 0   214.9 0   954.5 0
 2019  23  1 23 19  4 19.067  63.34   526.0 0   304.0 0 -9999.9 1   100.3 0   207.3 0   269.4 0   269.3 0   288.2 0   269.0 0   269.7 0    41.3 0   219.3 0   222.0 0   -81.0 0   141.0 0    -6.3 0    84.0 0     3.0 0   215.2 0   954.5 0
 2019  23  1 23 19  5 19.083  63.36   525.0 0   303.2 0 -9999.9 1   100.2 0   207.1 0   269.5 0   269.3 0   288.3 0   269.0 0   269.7 0    41.2 0   218.8 0   221.8 0   -81.2 0   140.6 0    -6.3 0    83.4 0     3.4 0   214.8 0   954.4 0
 2019  23  1 23 19  6 19.100  63.38   524.0 0   303.0 0 -9999.9 1   100.3 0   207.2 0   269.5 0   269.3 0   288.1 0   269.1 0   269.7 0    41.2 0   218.4 0   221.0 0   -80.9 0   140.1 0    -6.2 0    83.4 0     3.0 0   216.9 0   954.4 0
 2019  23  1 23 19  7 19.117  63.40   523.5 0   302.8 0 -9999.9 1   100.7 0   207.4 0   269.5 0   269.4 0   288.2 0   269.1 0   269.7 0    41.1 0   218.3 0   220.7 0   -80.8 0   139.9 0    -6.2 0    83.2 0     4.0 0   221.4 0   954.4 0
 2019  23  1 23 19  8 19.133  63.43   522.3 0   302.5 0 -9999.9 1   101.0 0   207.3 0   269.6 0   269.4 0   287.7 0   269.1 0   269.7 0    41.0 0   217.7 0   219.8 0   -80.4 0   139.4 0    -6.3 0    83.0 0     4.4 0   222.8 0   954.4 0
 2019  23  1 23 19  9 19.150  63.45   520.8 0   302.2 0 -9999.9 1   101.3 0   207.5 0   269.6 0   269.5 0   287.6 0   269.1 0   269.7 0    40.9 0   217.2 0   218.6 0   -80.1 0   138.5 0    -6.3 0    83.3 0     4.2 0   227.4 0   954.3 0
 2019  23  1 23 19 10 19.167  63.48   519.2 0   301.6 0 -9999.9 1   101.4 0   207.7 0   269.6 0   269.5 0   287.8 0   269.1 0   269.7 0    40.8 0   216.6 0   217.6 0   -80.1 0   137.5 0    -6.3 0    83.6 0     3.9 0   217.3 0   954.3 0
 2019  23  1 23 19 11 19.183  63.50   518.8 0   301.6 0 -9999.9 1   101.7 0   207.4 0   269.7 0   269.5 0   288.0 0   269.1 0   269.8 0    40.7 0   216.5 0   217.2 0   -80.6 0   136.6 0    -6.3 0    84.0 0     4.2 0   216.6 0   954.2 0
 2019  23  1 23 19 12 19.200  63.53   517.8 0   301.2 0 -9999.9 1   101.8 0   207.3 0   269.7 0   269.5 0   287.7 0   269.1 0   269.7 0    40.6 0   216.2 0   216.6 0   -80.4 0   136.2 0    -6.3 0    83.6 0     3.6 0   212.0 0   954.2 0
 2019  23  1 23 19 13 19.217  63.56   517.5 0   301.4 0 -9999.9 1   101.6 0   207.1 0   269.7 0   269.6 0   287.6 0   269.1 0   269.8 0    40.5 0   216.3 0   216.1 0   -80.5 0   135.6 0    -6.3 0    83.1 0     4.4 0   214.3 0   954.2 0
 2019  23  1 23 19 14 19.233  63.58   516.3 0   300.9 0 -9999.9 1   101.0 0   207.1 0   269.8 0   269.6 0   287.4 0   269.1 0   269.8 0    40.4 0   215.9 0   215.4 0   -80.3 0   135.1 0    -6.3 0    83.0 0     4.1 0   213.2 0   954.2 0
 2019  23  1 23 19 15 19.250  63.61   515.9 0   301.0 0 -9999.9 1   100.8 0   207.0 0   269.8 0   269.6 0   287.7 0   269.1 0   269.8 0    40.3 0   215.9 0   214.9 0   -80.7 0   134.2 0    -6.3 0    83.0 0     4.0 0   214.5 0   954.2 0
 2019  23  1 23 19 16 19.267  63.64   514.4 0   300.6 0 -9999.9 1   100.2 0   207.2 0   269.8 0   269.6 0   287.8 0   269.2 0   269.8 0    40.2 0   215.7 0   213.8 0   -80.6 0   133.2 0    -6.3 0    83.1 0     3.8 0   214.4 0   954.2 0
 2019  23  1 23 19 17 19.283  63.67   514.7 0   300.8 0 -9999.9 1    99.2 0   207.6 0   269.8 0   269.7 0   288.1 0   269.2 0   269.8 0    40.1 0   215.9 0   213.9 0   -80.5 0   133.4 0    -6.2 0    83.5 0     3.8 0   216.1 0   954.1 0
 2019  23  1 23 19 18 19.300  63.71   513.9 0   300.5 0 -9999.9 1    98.8 0   207.4 0   269.8 0   269.7 0   288.4 0   269.2 0   269.9 0    40.1 0   215.9 0   213.4 0   -81.0 0   132.4 0    -6.2 0    83.4 0     3.5 0   213.5 0   954.1 0
 2019  23  1 23 19 19 19.317  63.74   512.4 0   299.8 0 -9999.9 1    98.3 0   207.7 0   269.9 0   269.7 0   288.7 0   269.2 0   269.9 0    40.0 0   215.4 0   212.6 0   -81.0 0   131.6 0    -6.1 0    83.4 0     3.2 0   217.9 0   954.1 0
 2019  23  1 23 19 20 19.333  63.77   511.9 0   299.6 0 -9999.9 1    98.1 0   207.7 0   269.9 0   269.8 0   288.8 0   269.3 0   269.9 0    39.9 0   215.5 0   212.3 0   -81.1 0   131.2 0    -6.1 0    83.3 0     3.9 0   211.0 0   954.1 0
 2019  23  1 23 19 21 19.350  63.81   509.5 0   298.5 0 -9999.9 1    97.8 0   207.8 0   269.9 0   269.8 0   289.1 0   269.3 0   270.0 0    39.7 0   214.6 0   211.0 0   -81.3 0   129.7 0    -6.0 0    83.4 0     3.3 0   210.5 0   954.1 0
 2019  23  1 23 19 22 19.367  63.84   508.3 0   298.3 0 -9999.9 1    97.6 0   207.8 0   270.0 0   269.8 0   289.2 0   269.3 0   270.0 0    39.6 0   214.4 0   210.0 0   -81.3 0   128.7 0    -6.0 0    83.2 0     3.6 0   222.4 0   954.1 0
 2019  23  1 23 19 23 19.383  63.88   505.8 0   297.4 0 -9999.9 1    98.1 0   207.4 0   270.0 0   269.8 0   288.9 0   269.4 0   270.0 0    39.5 0   213.4 0   208.4 0   -81.4 0   127.0 0    -6.0 0    82.8 0     3.5 0   218.1 0   954.1 0
 2019  23  1 23 19 24 19.400  63.91   506.5 0   298.2 0 -9999.9 1    97.9 0   207.7 0   270.0 0   269.8 0   289.0 0   269.4 0   270.0 0    39.4 0   214.2 0   208.3 0   -81.3 0   127.0 0    -6.0 0    82.7 0     3.7 0   217.1 0   954.1 0
 2019  23  1 23 19 25 19.417  63.95   504.5 0   297.1 0 -9999.9 1    96.8 0   207.8 0   270.0 0   269.9 0   289.4 0   269.4 0   270.1 0    39.2 0   213.2 0   207.4 0   -81.6 0   125.8 0    -5.9 0    83.3 0     3.1 0   223.9 0   954.1 0
 2019  23  1 23 19 26 19.433  63.99   502.6 0   296.3 0 -9999.9 1    96.9 0   208.0 0   270.1 0   269.9 0   289.3 0   269.4 0   270.1 0    39.1 0   212.7 0   206.3 0   -81.3 0   125.0 0    -5.8 0    82.9 0     3.5 0   216.3 0   954.1 0
 2019  23  1 23 19 27 19.450  64.03   502.4 0   296.4 0 -9999.9 1    96.6 0   208.1 0   270.1 0   270.0 0   289.7 0   269.5 0   270.2 0    39.0 0   212.9 0   206.0 0   -81.5 0   124.5 0    -5.8 0    82.7 0     2.6 0   216.5 0   954.0 0
 2019  23  1 23 19 28 19.467  64.07   501.0 0   295.7 0 -9999.9 1    95.8 0   208.3 0   270.1 0   270.0 0   290.0 0   269.5 0   270.2 0    38.9 0   212.6 0   205.3 0   -81.7 0   123.6 0    -5.7 0    82.8 0     2.4 0   208.9 0   954.0 0
 2019  23  1 23 19 29 19.483  64.11   500.2 0   295.6 0 -9999.9 1    95.4 0   208.2 0   270.2 0   270.0 0   290.1 0   269.6 0   270.3 0    38.8 0   212.3 0   204.6 0   -81.9 0   122.7 0    -5.7 0    82.7 0     3.4 0   199.4 0   953.9 0
 2019  23  1 23 19 30 19.500  64.15   498.6 0   294.9 0 -9999.9 1    95.4 0   208.3 0   270.2 0   270.0 0   290.3 0   269.6 0   270.3 0    38.7 0   211.9 0   203.7 0   -82.1 0   121.6 0    -5.7 0    83.2 0     2.7 0   212.3 0   954.0 0
 2019  23  1 23 19 31 19.517  64.19   496.9 0   294.1 0 -9999.9 1    95.4 0   208.2 0   270.2 0   270.0 0   290.4 0   269.7 0   270.4 0    38.5 0   211.2 0   202.8 0   -82.2 0   120.6 0    -5.6 0    82.8 0     3.1 0   197.4 0   954.0 0
 2019  23  1 23 19 32 19.533  64.23   495.6 0   293.8 0 -9999.9 1    95.4 0   208.1 0   270.2 0   270.0 0   290.1 0   269.7 0   270.4 0    38.4 0   210.7 0   201.8 0   -82.0 0   119.8 0    -5.7 0    82.7 0     3.3 0   202.0 0   954.0 0
 2019  23  1 23 19 33 19.550  64.28   495.0 0   294.0 0 -9999.9 1    95.2 0   208.3 0   270.3 0   270.1 0   289.9 0   269.8 0   270.4 0    38.3 0   210.8 0   201.0 0   -81.6 0   119.4 0    -5.7 0    82.7 0     3.9 0   201.3 0   953.9 0
 2019  23  1 23 19 34 19.567  64.32   493.1 0   293.3 0 -9999.9 1    94.8 0   208.1 0   270.3 0   270.1 0   289.8 0   269.8 0   270.4 0    38.1 0   210.0 0   199.8 0   -81.7 0   118.1 0    -5.8 0    82.8 0     3.6 0   196.1 0   953.8 0
 2019  23  1 23 19 35 19.583  64.37   493.0 0   293.7 0 -9999.9 1    94.8 0   208.1 0   270.3 0   270.0 0   289.4 0   269.8 0   270.4 0    38.0 0   210.2 0   199.3 0   -81.2 0   118.1 0    -5.8 0    83.0 0     4.0 0   198.6 0   953.8 0
 2019  23  1 23 19 36 19.600  64.41   490.8 0   292.5 0 -9999.9 1    94.7 0   208.2 0   270.3 0   270.1 0   289.4 0   269.8 0   270.4 0    37.9 0   209.3 0   198.3 0   -81.2 0   117.1 0    -5.8 0    83.4 0     3.8 0   196.8 0   953.8 0
 2019  23  1 23 19 37 19.617  64.46   489.1 0   291.7 0 -9999.9 1    94.7 0   208.4 0   270.3 0   270.1 0   289.9 0   269.8 0   270.5 0    37.7 0   208.8 0   197.4 0   -81.5 0   115.9 0    -5.8 0    83.4 0     3.5 0   202.5 0   953.8 0
 2019  23  1 23 19 38 19.633  64.51   486.8 0   290.7 0 -9999.9 1    94.9 0   208.5 0   270.3 0   270.1 0   290.1 0   269.8 0   270.5 0    37.6 0   208.1 0   196.1 0   -81.6 0   114.5 0    -5.7 0    83.2 0     3.9 0   200.0 0   953.9 0
 2019  23  1 23 19 39 19.650  64.56   485.3 0   289.9 0 -9999.9 1    95.4 0   208.3 0   270.3 0   270.1 0   290.1 0   269.8 0   270.5 0    37.4 0   207.5 0   195.4 0   -81.7 0   113.7 0    -5.7 0    83.6 0     3.7 0   199.9 0   953.9 0
 2019  23  1 23 19 40 19.667  64.61   483.5 0   289.2 0 -9999.9 1    96.0 0   208.6 0   270.4 0   270.2 0   290.1 0   269.9 0   270.5 0    37.2 0   206.9 0   194.3 0   -81.6 0   112.7 0    -5.6 0    83.8 0     3.9 0   198.5 0   953.9 0
 2019  23  1 23 19 41 19.683  64.66   482.3 0   289.0 0 -9999.9 1    96.5 0   208.3 0   270.4 0   270.2 0   290.4 0   269.9 0   270.5 0    37.1 0   206.7 0   193.3 0   -82.0 0   111.3 0    -5.6 0    83.9 0     4.2 0   199.7 0   953.9 0
 2019  23  1 23 19 42 19.700  64.71   481.8 0   288.9 0 -9999.9 1    96.5 0   208.3 0   270.4 0   270.2 0   290.5 0   269.9 0   270.5 0    37.0 0   206.7 0   192.9 0   -82.2 0   110.7 0    -5.5 0    83.9 0     3.7 0   198.3 0   953.9 0
 2019  23  1 23 19 43 19.717  64.76   479.5 0   287.9 0 -9999.9 1    96.9 0   208.5 0   270.4 0   270.2 0   290.7 0   269.9 0   270.6 0    36.8 0   205.8 0   191.6 0   -82.2 0   109.4 0    -5.5 0    83.6 0     3.5 0   206.0 0   954.0 0
 2019  23  1 23 19 44 19.733  64.81   477.1 0   286.4 0 -9999.9 1    97.4 0   208.5 0   270.4 0   270.3 0   290.8 0   269.9 0   270.6 0    36.6 0   205.1 0   190.7 0   -82.3 0   108.4 0    -5.4 0    83.6 0     2.9 0   207.8 0   954.0 0
 2019  23  1 23 19 45 19.750  64.86   475.6 0   285.5 0 -9999.9 1    97.5 0   208.6 0   270.5 0   270.3 0   291.2 0   270.0 0   270.6 0    36.4 0   204.6 0   190.1 0   -82.6 0   107.5 0    -5.3 0    83.3 0     3.1 0   219.0 0   954.0 0
 2019  23  1 23 19 46 19.767  64.92   473.7 0   284.8 0 -9999.9 1    97.5 0   208.5 0   270.5 0   270.3 0   291.1 0   270.0 0   270.6 0    36.3 0   204.0 0   188.9 0   -82.6 0   106.3 0    -5.3 0    82.2 0     4.5 0   214.9 0   954.0 0
 2019  23  1 23 19 47 19.783  64.97   471.9 0   284.3 0 -9999.9 1    97.5 0   208.7 0   270.5 0   270.3 0   290.7 0   270.0 0   270.6 0    36.1 0   203.3 0   187.6 0   -82.0 0   105.6 0    -5.3 0    82.5 0     3.8 0   217.3 0   954.0 0
 2019  23  1 23 19 48 19.800  65.03   470.6 0   283.6 0 -9999.9 1    98.1 0   208.9 0   270.5 0   270.4 0   291.1 0   270.0 0   270.7 0    35.9 0   203.0 0   187.0 0   -82.2 0   104.8 0    -5.2 0    83.1 0     3.1 0   214.5 0   954.0 0
 2019  23  1 23 19 49 19.817  65.08   468.2 0   282.4 0 -9999.9 1    98.1 0   209.1 0   270.5 0   270.4 0   291.5 0   270.1 0   270.7 0    35.7 0   202.3 0   185.8 0   -82.4 0   103.4 0    -5.1 0    83.2 0     3.9 0   225.0 0   954.0 0
 2019  23  1 23 19 50 19.833  65.14   466.4 0   281.5 0 -9999.9 1    97.5 0   208.9 0   270.6 0   270.4 0   291.8 0   270.1 0   270.8 0    35.6 0   201.5 0   184.9 0   -82.8 0   102.1 0    -5.0 0    83.9 0     2.8 0   216.8 0   954.0 0
 2019  23  1 23 19 51 19.850  65.20   466.5 0   281.9 0 -9999.9 1    97.1 0   209.0 0   270.6 0   270.5 0   291.7 0   270.2 0   270.8 0    35.4 0   202.0 0   184.6 0   -82.7 0   101.9 0    -4.9 0    83.0 0     3.5 0   217.3 0   954.0 0
 2019  23  1 23 19 52 19.867  65.25   463.8 0   280.5 0 -9999.9 1    97.2 0   209.0 0   270.7 0   270.5 0   291.9 0   270.2 0   270.8 0    35.2 0   200.8 0   183.3 0   -82.9 0   100.4 0    -4.9 0    82.6 0     3.6 0   226.4 0   954.0 0
 2019  23  1 23 19 53 19.883  65.31   460.6 0   279.5 0 -9999.9 1    97.2 0   208.9 0   270.7 0   270.5 0   291.2 0   270.2 0   270.8 0    35.0 0   199.5 0   181.1 0   -82.3 0    98.8 0    -5.0 0    82.0 0     4.4 0   220.5 0   954.0 0
 2019  23  1 23 19 54 19.900  65.37   461.8 0   280.7 0 -9999.9 1    97.3 0   208.8 0   270.7 0   270.6 0   291.1 0   270.2 0   270.8 0    34.9 0   200.4 0   181.1 0   -82.3 0    98.8 0    -5.1 0    82.6 0     4.4 0   216.8 0   954.0 0
 2019  23  1 23 19 55 19.917  65.43   459.1 0   279.2 0 -9999.9 1    97.2 0   208.8 0   270.8 0   270.6 0   291.3 0   270.2 0   270.8 0    34.7 0   199.1 0   179.9 0   -82.4 0    97.5 0    -5.1 0    83.2 0     3.5 0   217.3 0   954.0 0
 2019  23  1 23 19 56 19.933  65.49   459.7 0   279.3 0 -9999.9 1    96.3 0   208.6 0   270.8 0   270.6 0   291.6 0   270.3 0   270.9 0    34.6 0   199.9 0   180.4 0   -83.0 0    97.4 0    -5.0 0    83.4 0     3.4 0   218.2 0   953.9 0
 2019  23  1 23 19 57 19.950  65.56   457.7 0   278.3 0 -9999.9 1    96.0 0   209.1 0   270.8 0   270.6 0   291.6 0   270.3 0   270.9 0    34.4 0   199.0 0   179.4 0   -82.5 0    96.9 0    -5.0 0    83.3 0     4.5 0   226.0 0   953.9 0
 2019  23  1 23 19 58 19.967  65.62   454.4 0   276.9 0 -9999.9 1    95.5 0   209.0 0   270.8 0   270.6 0   291.4 0   270.3 0   270.8 0    34.1 0   197.8 0   177.5 0   -82.4 0    95.1 0    -5.0 0    83.2 0     4.5 0   225.9 0   953.9 0
 2019  23  1 23 19 59 19.983  65.68   453.2 0   276.5 0 -9999.9 1    95.8 0   209.1 0   270.9 0   270.6 0   291.3 0   270.3 0   270.9 0    33.9 0   197.3 0   176.7 0   -82.2 0    94.5 0    -4.9 0    83.2 0     4.1 0   226.5 0   953.8 0
 2019  23  1 23 20  0 20.000  65.75   451.8 0   276.3 0 -9999.9 1    95.8 0   209.1 0   270.9 0   270.7 0   291.2 0   270.3 0   270.9 0    33.8 0   197.1 0   175.5 0   -82.1 0    93.4 0    -4.9 0    83.1 0     3.9 0   218.0 0   953.8 0
 2019  23  1 23 20  1 20.017  65.81   449.2 0   275.0 0 -9999.9 1    95.4 0   209.2 0   270.9 0   270.7 0   291.2 0   270.3 0   270.8 0    33.5 0   195.9 0   174.2 0   -82.0 0    92.2 0    -4.9 0    83.2 0     4.6 0   220.8 0   953.8 0
 2019  23  1 23 20  2 20.033  65.88   447.5 0   274.5 0 -9999.9 1    95.4 0   209.3 0   270.9 0   270.8 0   291.2 0   270.3 0   270.8 0    33.3 0   195.5 0   173.0 0   -81.9 0    91.1 0    -4.9 0    83.1 0     4.7 0   220.8 0   953.8 0
 2019  23  1 23 20  3 20.050  65.94   446.7 0   274.1 0 -9999.9 1    95.7 0   209.3 0   270.9 0   270.7 0   291.8 0   270.3 0   270.8 0    33.2 0   195.5 0   172.6 0   -82.6 0    90.0 0    -4.9 0    83.6 0     4.0 0   225.5 0   953.7 0
 2019  23  1 23 20  4 20.067  66.01   442.0 0   271.9 0 -9999.9 1    95.9 0   209.5 0   271.0 0   270.8 0   291.7 0   270.3 0   270.8 0    32.9 0   193.4 0   170.1 0   -82.2 0    87.9 0    -4.8 0    83.3 0     4.8 0   221.8 0   953.7 0
 2019  23  1 23 20  5 20.083  66.08   439.8 0   270.7 0 -9999.9 1    96.7 0   209.8 0   271.0 0   270.8 0   291.8 0   270.3 0   270.9 0    32.7 0   192.8 0   169.1 0   -82.0 0    87.1 0    -4.8 0    83.7 0     3.9 0   223.8 0   953.7 0
 2019  23  1 23 20  6 20.100  66.15   439.6 0   270.4 0 -9999.9 1    96.0 0   210.0 0   271.0 0   270.9 0   292.0 0   270.3 0   270.9 0    32.6 0   193.1 0   169.2 0   -82.0 0    87.2 0    -4.7 0    83.8 0     4.5 0   228.2 0   953.6 0
 2019  23  1 23 20  7 20.117  66.22   436.8 0   269.7 0 -9999.9 1    95.4 0   210.2 0   271.1 0   271.0 0   292.3 0   270.3 0   270.9 0    32.4 0   192.1 0   167.1 0   -82.2 0    84.9 0    -4.7 0    83.3 0     4.7 0   225.1 0   953.6 0
 2019  23  1 23 20  8 20.133  66.29   435.4 0   269.2 0 -9999.9 1    95.9 0   210.0 0   271.1 0   271.0 0   292.0 0   270.3 0   270.9 0    32.2 0   191.7 0   166.2 0   -82.0 0    84.2 0    -4.7 0    83.0 0     5.1 0   224.4 0   953.6 0
 2019  23  1 23 20  9 20.150  66.36   432.0 0   267.2 0 -9999.9 1    96.4 0   209.9 0   271.1 0   271.0 0   291.9 0   270.3 0   270.9 0    31.9 0   190.3 0   164.8 0   -82.0 0    82.8 0    -4.7 0    83.4 0     3.8 0   229.5 0   953.6 0
 2019  23  1 23 20 10 20.167  66.43   428.5 0   264.8 0 -9999.9 1    97.4 0   210.1 0   271.2 0   271.0 0   292.1 0   270.3 0   270.9 0    31.7 0   188.6 0   163.7 0   -82.1 0    81.6 0    -4.7 0    83.1 0     4.2 0   235.4 0   953.6 0
 2019  23  1 23 20 11 20.183  66.50   431.0 0   266.6 0 -9999.9 1    99.0 0   210.0 0   271.2 0   271.0 0   292.2 0   270.4 0   271.0 0    31.6 0   190.5 0   164.4 0   -82.2 0    82.2 0    -4.7 0    83.3 0     3.6 0   235.0 0   953.6 0
 2019  23  1 23 20 12 20.200  66.57   427.3 0   264.8 0 -9999.9 1    98.3 0   210.1 0   271.2 0   271.0 0   292.2 0   270.4 0   271.0 0    31.3 0   189.0 0   162.5 0   -82.1 0    80.4 0    -4.6 0    83.8 0     3.3 0   236.1 0   953.6 0
 2019  23  1 23 20 13 20.217  66.65   424.3 0   263.5 0 -9999.9 1    97.7 0   210.1 0   271.2 0   271.1 0   292.6 0   270.4 0   271.0 0    31.1 0   187.7 0   160.8 0   -82.5 0    78.3 0    -4.6 0    83.7 0     3.5 0   234.2 0   953.6 0
 2019  23  1 23 20 14 20.233  66.72   424.5 0   263.8 0 -9999.9 1    98.1 0   210.2 0   271.3 0   271.1 0   292.8 0   270.4 0   271.1 0    31.0 0   188.4 0   160.7 0   -82.6 0    78.1 0    -4.5 0    84.2 0     2.9 0   226.2 0   953.6 0
 2019  23  1 23 20 15 20.250  66.80   418.0 0   259.8 0 -9999.9 1    97.5 0   210.2 0   271.3 0   271.2 0   293.4 0   270.5 0   271.1 0    30.7 0   185.0 0   158.2 0   -83.2 0    75.0 0    -4.4 0    84.2 0     2.5 0   229.0 0   953.6 0
 2019  23  1 23 20 16 20.267  66.87   418.2 0   259.8 0 -9999.9 1    98.3 0   210.1 0   271.3 0   271.2 0   293.4 0   270.5 0   271.2 0    30.5 0   185.7 0   158.4 0   -83.2 0    75.2 0    -4.3 0    83.7 0     2.7 0   232.3 0   953.6 0
 2019  23  1 23 20 17 20.283  66.95   416.0 0   259.0 0 -9999.9 1    99.3 0   210.2 0   271.4 0   271.2 0   293.5 0   270.6 0   271.3 0    30.3 0   184.9 0   157.0 0   -83.3 0    73.7 0    -4.2 0    83.3 0     2.8 0   226.5 0   953.6 0
 2019  23  1 23 20 18 20.300  67.03   416.3 0   259.7 0 -9999.9 1    99.7 0   210.0 0   271.4 0   271.2 0   293.2 0   270.6 0   271.3 0    30.2 0   185.6 0   156.6 0   -83.1 0    73.5 0    -4.2 0    82.6 0     3.5 0   221.6 0   953.5 0
 2019  23  1 23 20 19 20.317  67.10   412.2 0   258.2 0 -9999.9 1    99.9 0   210.1 0   271.4 0   271.2 0   292.9 0   270.7 0   271.2 0    29.9 0   183.8 0   154.0 0   -82.8 0    71.2 0    -4.3 0    82.7 0     3.6 0   226.8 0   953.5 0
 2019  23  1 23 20 20 20.333  67.18   410.2 0   257.0 0 -9999.9 1   100.3 0   210.2 0   271.4 0   271.3 0   292.9 0   270.7 0   271.3 0    29.7 0   183.1 0   153.2 0   -82.7 0    70.5 0    -4.3 0    83.3 0     4.1 0   239.5 0   953.5 0
 2019  23  1 23 20 21 20.350  67.26   405.3 0   255.0 0 -9999.9 1   101.9 0   210.5 0   271.5 0   271.3 0   293.0 0   270.7 0   271.3 0    29.4 0   180.9 0   150.3 0   -82.5 0    67.8 0    -4.4 0    84.1 0     3.4 0   233.2 0   953.5 0
 2019  23  1 23 20 22 20.367  67.34   400.2 0   249.4 0 -9999.9 1   105.7 0   210.6 0   271.5 0   271.3 0   293.0 0   270.7 0   271.2 0    29.1 0   178.5 0   150.8 0   -82.3 0    68.5 0    -4.4 0    83.9 0     4.4 0   234.7 0   953.5 0
 2019  23  1 23 20 23 20.383  67.42   406.6 0   254.0 0 -9999.9 1   107.6 0   211.0 0   271.5 0   271.4 0   292.8 0   270.7 0   271.2 0    29.0 0   182.3 0   152.6 0   -81.8 0    70.8 0    -4.4 0    84.5 0     4.0 0   238.3 0   953.5 0
 2019  23  1 23 20 24 20.400  67.50   400.9 0   252.2 0 -9999.9 1   112.2 0   211.0 0   271.5 0   271.4 0   292.5 0   270.7 0   271.2 0    28.7 0   179.0 0   148.7 0   -81.5 0    67.2 0    -4.4 0    84.0 0     4.9 0   232.5 0   953.5 0
 2019  23  1 23 20 25 20.417  67.58   368.2 0   231.5 0 -9999.9 1   119.7 0   211.4 0   271.5 0   271.4 0   292.4 0   270.7 0   271.2 0    28.3 0   166.4 0   136.7 0   -81.0 0    55.7 0    -4.4 0    84.3 0     4.2 0   234.8 0   953.5 0
 2019  23  1 23 20 26 20.433  67.66   379.0 0   246.2 0 -9999.9 1   121.6 0   211.4 0   271.6 0   271.4 0   292.2 0   270.7 0   271.2 0    28.1 0   172.2 0   132.8 0   -80.8 0    52.0 0    -4.4 0    84.9 0     4.5 0   234.7 0   953.5 0
 2019  23  1 23 20 27 20.450  67.75   374.1 0   237.6 0 -9999.9 1   130.0 0   211.4 0   271.6 0   271.4 0   292.1 0   270.7 0   271.2 0    27.8 0   171.3 0   136.5 0   -80.7 0    55.8 0    -4.4 0    85.1 0     4.1 0   235.1 0   953.5 0
 2019  23  1 23 20 28 20.467  67.83   388.6 0   251.7 0 -9999.9 1   135.0 0   212.1 0   271.6 0   271.4 0   292.4 0   270.7 0   271.2 0    27.7 0   174.8 0   136.9 0   -80.3 0    56.6 0    -4.4 0    84.8 0     4.6 0   235.9 0   953.5 0
 2019  23  1 23 20 29 20.483  67.92   385.2 0   250.0 0 -9999.9 1   144.8 0   213.3 0   271.6 0   271.4 0   292.8 0   270.7 0   271.2 0    27.6 0   174.8 0   135.2 0   -79.5 0    55.7 0    -4.4 0    85.1 0     4.3 0   237.0 0   953.5 0
 2019  23  1 23 20 30 20.500  68.00   378.3 0   259.5 0 -9999.9 1   142.2 0   212.8 0   271.6 0   271.4 0   293.0 0   270.7 0   271.2 0    27.4 0   172.8 0   118.8 0   -80.2 0    38.6 0    -4.4 0    85.0 0     5.4 0   234.1 0   953.5 0
 2019  23  1 23 20 31 20.517  68.09   363.6 0   248.5 0 -9999.9 1   130.6 0   212.1 0   271.6 0   271.4 0   293.0 0   270.7 0   271.2 0    27.0 0   168.2 0   115.1 0   -80.8 0    34.3 0    -4.4 0    85.4 0     4.1 0   235.8 0   953.5 0
 2019  23  1 23 20 32 20.533  68.17   343.5 0   221.4 0 -9999.9 1   123.0 0   211.6 0   271.6 0   271.4 0   292.6 0   270.7 0   271.2 0    26.6 0   158.9 0   122.1 0   -81.0 0    41.1 0    -4.4 0    85.3 0     4.3 0   229.5 0   953.4 0
 2019  23  1 23 20 33 20.550  68.26   391.4 0   251.1 0 -9999.9 1   121.0 0   211.6 0   271.6 0   271.4 0   292.6 0   270.6 0   271.1 0    26.8 0   178.4 0   140.3 0   -81.0 0    59.3 0    -4.4 0    85.0 0     4.5 0   232.6 0   953.4 0
 2019  23  1 23 20 34 20.567  68.35   367.1 0   243.2 0 -9999.9 1   120.7 0   211.9 0   271.6 0   271.4 0   292.9 0   270.7 0   271.2 0    26.4 0   168.0 0   123.9 0   -81.0 0    42.9 0    -4.3 0    85.0 0     3.5 0   233.1 0   953.3 0
 2019  23  1 23 20 35 20.583  68.44   414.9 0   262.0 0 -9999.9 1   136.5 0   213.4 0   271.6 0   271.4 0   293.3 0   270.7 0   271.2 0    26.6 0   187.1 0   152.9 0   -79.9 0    73.0 0    -4.3 0    84.9 0     4.1 0   238.1 0   953.4 0
 2019  23  1 23 20 36 20.600  68.52   395.5 0   255.0 0 -9999.9 1   132.4 0   214.0 0   271.6 0   271.5 0   293.9 0   270.7 0   271.3 0    26.4 0   179.3 0   140.5 0   -80.0 0    60.5 0    -4.2 0    85.4 0     3.3 0   236.7 0   953.4 0
 2019  23  1 23 20 37 20.617  68.61   343.7 0   232.8 0 -9999.9 1   121.8 0   212.4 0   271.6 0   271.4 0   293.7 0   270.7 0   271.3 0    25.7 0   159.8 0   110.9 0   -81.3 0    29.6 0    -4.1 0    85.1 0     3.7 0   228.6 0   953.4 0
 2019  23  1 23 20 38 20.633  68.70   388.4 0   251.9 0 -9999.9 1   123.5 0   212.8 0   271.6 0   271.5 0   294.0 0   270.8 0   271.3 0    25.8 0   177.4 0   136.5 0   -81.2 0    55.3 0    -4.1 0    84.5 0     4.3 0   226.5 0   953.3 0
 2019  23  1 23 20 39 20.650  68.80   376.0 0   229.5 0 -9999.9 1   124.3 0   213.1 0   271.6 0   271.5 0   293.4 0   270.8 0   271.3 0    25.5 0   171.5 0   146.5 0   -80.3 0    66.2 0    -4.0 0    84.4 0     4.0 0   230.0 0   953.3 0
 2019  23  1 23 20 40 20.667  68.89   375.1 0   246.4 0 -9999.9 1   127.5 0   213.1 0   271.6 0   271.5 0   293.8 0   270.8 0   271.3 0    25.2 0   172.1 0   128.7 0   -80.8 0    47.9 0    -4.0 0    84.6 0     3.9 0   231.5 0   953.3 0
 2019  23  1 23 20 41 20.683  68.98   367.3 0   239.5 0 -9999.9 1   118.4 0   213.4 0   271.7 0   271.6 0   294.1 0   270.8 0   271.4 0    25.0 0   168.0 0   127.8 0   -80.7 0    47.1 0    -3.9 0    84.7 0     4.1 0   239.4 0   953.4 0
 2019  23  1 23 20 42 20.700  69.07   364.8 0   237.8 0 -9999.9 1   113.4 0   213.0 0   271.7 0   271.6 0   293.9 0   270.8 0   271.4 0    24.8 0   168.1 0   127.0 0   -80.9 0    46.1 0    -4.0 0    84.7 0     4.3 0   237.0 0   953.4 0
 2019  23  1 23 20 43 20.717  69.16   353.7 0   222.8 0 -9999.9 1   114.8 0   212.8 0   271.8 0   271.7 0   293.4 0   270.8 0   271.3 0    24.4 0   163.4 0   130.9 0   -80.6 0    50.3 0    -4.0 0    84.7 0     4.1 0   237.9 0   953.4 0
 2019  23  1 23 20 44 20.733  69.26   353.4 0   240.8 0 -9999.9 1   115.4 0   212.9 0   271.8 0   271.7 0   293.5 0   270.8 0   271.4 0    24.2 0   164.5 0   112.6 0   -80.6 0    32.0 0    -4.0 0    84.7 0     4.4 0   236.4 0   953.4 0
 2019  23  1 23 20 45 20.750  69.35   362.6 0   237.1 0 -9999.9 1   107.8 0   212.6 0   271.8 0   271.7 0   293.8 0   270.9 0   271.4 0    24.1 0   168.4 0   125.5 0   -81.2 0    44.3 0    -4.0 0    84.9 0     3.3 0   233.8 0   953.4 0
 2019  23  1 23 20 46 20.767  69.45   329.2 0   222.4 0 -9999.9 1   103.5 0   212.5 0   271.9 0   271.7 0   293.9 0   270.9 0   271.4 0    23.6 0   153.8 0   106.8 0   -81.4 0    25.4 0    -3.9 0    84.9 0     3.8 0   243.4 0   953.4 0
 2019  23  1 23 20 47 20.783  69.54   344.4 0   228.1 0 -9999.9 1   105.6 0   212.6 0   271.9 0   271.7 0   293.9 0   270.9 0   271.4 0    23.5 0   161.1 0   116.3 0   -81.3 0    35.0 0    -3.9 0    84.6 0     4.1 0   237.5 0   953.4 0
 2019  23  1 23 20 48 20.800  69.64   354.6 0   234.5 0 -9999.9 1   106.2 0   213.2 0   271.9 0   271.8 0   293.8 0   270.9 0   271.4 0    23.4 0   165.8 0   120.1 0   -80.6 0    39.5 0    -3.9 0    84.4 0     4.8 0   243.4 0   953.4 0
 2019  23  1 23 20 49 20.817  69.74   347.2 0   234.8 0 -9999.9 1   110.0 0   213.6 0   271.9 0   271.8 0   293.9 0   270.9 0   271.5 0    23.1 0   161.8 0   112.4 0   -80.3 0    32.1 0    -3.9 0    84.8 0     3.6 0   235.5 0   953.4 0
 2019  23  1 23 20 50 20.833  69.84   288.7 0   189.2 0 -9999.9 1   117.0 0   214.7 0   272.0 0   271.8 0   293.3 0   270.9 0   271.4 0    22.5 0   137.4 0    99.5 0   -78.7 0    20.8 0    -3.8 0    84.2 0     3.8 0   234.6 0   953.4 0
 2019  23  1 23 20 51 20.850  69.93   303.0 0   184.3 0 -9999.9 1   112.1 0   214.2 0   271.9 0   271.8 0   292.2 0   270.9 0   271.3 0    22.3 0   146.1 0   118.7 0   -78.0 0    40.7 0    -3.9 0    84.1 0     4.3 0   235.3 0   953.4 0
 2019  23  1 23 20 52 20.867  70.03   345.7 0   230.4 0 -9999.9 1   101.1 0   213.4 0   271.9 0   271.8 0   293.3 0   270.9 0   271.4 0    22.4 0   162.4 0   115.3 0   -79.9 0    35.4 0    -3.9 0    84.1 0     3.8 0   237.7 0   953.3 0
 2019  23  1 23 20 53 20.883  70.13   335.9 0   225.3 0 -9999.9 1    95.2 0   213.2 0   272.0 0   271.8 0   293.6 0   270.9 0   271.4 0    22.2 0   158.8 0   110.6 0   -80.4 0    30.2 0    -3.8 0    84.2 0     4.0 0   234.5 0   953.3 0
 2019  23  1 23 20 54 20.900  70.23   282.0 0   202.3 0 -9999.9 1    92.4 0   212.8 0   272.0 0   271.7 0   293.3 0   270.9 0   271.4 0    21.6 0   136.9 0    79.7 0   -80.5 0    -0.8 0    -3.8 0    83.6 0     3.9 0   232.7 0   953.3 0
 2019  23  1 23 20 55 20.917  70.33   323.0 0   217.3 0 -9999.9 1    91.2 0   212.8 0   272.0 0   271.8 0   293.5 0   271.0 0   271.5 0    21.7 0   153.4 0   105.7 0   -80.7 0    25.0 0    -3.7 0    83.9 0     3.5 0   240.3 0   953.3 0
 2019  23  1 23 20 56 20.933  70.43   318.1 0   213.6 0 -9999.9 1    89.7 0   212.7 0   272.0 0   271.8 0   293.6 0   271.0 0   271.5 0    21.4 0   151.2 0   104.5 0   -80.9 0    23.6 0    -3.7 0    83.6 0     4.1 0   237.2 0   953.2 0
 2019  23  1 23 20 57 20.950  70.54   316.3 0   213.5 0 -9999.9 1    88.7 0   212.4 0   272.0 0   271.7 0   293.0 0   271.0 0   271.4 0    21.2 0   151.1 0   102.8 0   -80.5 0    22.3 0    -3.7 0    82.4 0     5.3 0   234.5 0   953.2 0
 2019  23  1 23 20 58 20.967  70.64   311.3 0   211.1 0 -9999.9 1    87.1 0   212.4 0   272.0 0   271.7 0   292.9 0   271.0 0   271.4 0    21.0 0   149.0 0   100.2 0   -80.5 0    19.7 0    -3.8 0    82.1 0     5.0 0   236.0 0   953.2 0
 2019  23  1 23 20 59 20.983  70.74   311.5 0   212.2 0 -9999.9 1    86.3 0   212.3 0   272.0 0   271.7 0   292.9 0   271.0 0   271.4 0    20.8 0   150.1 0    99.3 0   -80.6 0    18.7 0    -3.8 0    82.6 0     4.7 0   233.8 0   953.2 0
 2019  23  1 23 21  0 21.000  70.84   306.9 0   208.8 0 -9999.9 1    85.2 0   212.3 0   272.0 0   271.8 0   292.9 0   270.9 0   271.4 0    20.6 0   148.0 0    98.1 0   -80.6 0    17.5 0    -3.8 0    83.1 0     4.7 0   237.2 0   953.2 0
 2019  23  1 23 21  1 21.017  70.95   301.3 0   208.0 0 -9999.9 1    83.9 0   212.5 0   272.0 0   271.8 0   292.8 0   270.9 0   271.4 0    20.4 0   146.0 0    93.3 0   -80.3 0    13.0 0    -3.8 0    82.8 0     4.9 0   237.9 0   953.2 0
 2019  23  1 23 21  2 21.033  71.05   301.8 0   208.3 0 -9999.9 1    83.2 0   212.2 0   272.0 0   271.8 0   292.5 0   270.9 0   271.3 0    20.1 0   146.6 0    93.5 0   -80.4 0    13.1 0    -3.8 0    82.7 0     5.4 0   234.8 0   953.3 0
 2019  23  1 23 21  3 21.050  71.16   297.9 0   205.6 0 -9999.9 1    82.2 0   211.9 0   272.0 0   271.7 0   293.1 0   270.9 0   271.3 0    19.9 0   145.0 0    92.3 0   -81.2 0    11.1 0    -3.8 0    83.1 0     4.1 0   229.4 0   953.3 0
 2019  23  1 23 21  4 21.067  71.26   296.5 0   204.8 0 -9999.9 1    82.1 0   212.0 0   272.0 0   271.8 0   292.9 0   270.9 0   271.4 0    19.7 0   145.0 0    91.7 0   -80.9 0    10.8 0    -3.7 0    83.3 0     3.3 0   230.4 0   953.3 0
 2019  23  1 23 21  5 21.083  71.37   293.8 0   203.7 0 -9999.9 1    81.4 0   212.1 0   272.0 0   271.8 0   292.8 0   270.9 0   271.4 0    19.5 0   144.3 0    90.1 0   -80.7 0     9.4 0    -3.7 0    82.3 0     4.9 0   232.6 0   953.3 0
 2019  23  1 23 21  6 21.100  71.48   290.6 0   202.5 0 -9999.9 1    80.6 0   212.3 0   272.0 0   271.8 0   292.7 0   270.9 0   271.4 0    19.3 0   143.2 0    88.1 0   -80.4 0     7.7 0    -3.7 0    82.5 0     4.5 0   235.4 0   953.2 0
 2019  23  1 23 21  7 21.117  71.58   285.5 0   200.0 0 -9999.9 1    80.1 0   212.4 0   272.0 0   271.8 0   292.5 0   270.9 0   271.4 0    19.0 0   140.9 0    85.5 0   -80.1 0     5.4 0    -3.7 0    83.0 0     4.0 0   237.4 0   953.3 0
 2019  23  1 23 21  8 21.133  71.69   284.3 0   199.6 0 -9999.9 1    80.3 0   212.5 0   272.0 0   271.8 0   292.5 0   270.9 0   271.3 0    18.8 0   141.0 0    84.7 0   -80.1 0     4.6 0    -3.7 0    82.5 0     4.9 0   236.3 0   953.3 0
 2019  23  1 23 21  9 21.150  71.80   282.5 0   198.9 0 -9999.9 1    80.2 0   212.5 0   272.0 0   271.8 0   292.7 0   270.9 0   271.3 0    18.6 0   140.8 0    83.6 0   -80.2 0     3.4 0    -3.7 0    82.7 0     4.6 0   237.8 0   953.4 0
 2019  23  1 23 21 10 21.167  71.91   278.7 0   197.6 0 -9999.9 1    80.0 0   212.5 0   272.0 0   271.8 0   292.5 0   270.9 0   271.3 0    18.4 0   139.3 0    81.1 0   -80.0 0     1.1 0    -3.7 0    82.8 0     4.9 0   241.7 0   953.4 0
 2019  23  1 23 21 11 21.183  72.02   274.9 0   195.3 0 -9999.9 1    80.0 0   212.5 0   272.0 0   271.8 0   292.2 0   270.9 0   271.3 0    18.1 0   137.8 0    79.6 0   -79.7 0    -0.1 0    -3.8 0    82.3 0     5.1 0   246.1 0   953.4 0
 2019  23  1 23 21 12 21.200  72.13   272.9 0   194.4 0 -9999.9 1    79.8 0   212.4 0   272.0 0   271.8 0   291.9 0   270.9 0   271.3 0    17.9 0   137.4 0    78.5 0   -79.4 0    -0.9 0    -3.8 0    82.4 0     4.5 0   247.6 0   953.4 0
 2019  23  1 23 21 13 21.217  72.24   268.9 0   192.1 0 -9999.9 1    79.1 0   212.3 0   272.0 0   271.7 0   292.1 0   270.9 0   271.3 0    17.7 0   135.6 0    76.8 0   -79.8 0    -3.0 0    -3.8 0    82.3 0     4.7 0   242.9 0   953.4 0
 2019  23  1 23 21 14 21.233  72.35   266.7 0   191.3 0 -9999.9 1    78.4 0   212.3 0   272.0 0   271.8 0   291.9 0   270.9 0   271.3 0    17.5 0   135.2 0    75.4 0   -79.6 0    -4.2 0    -3.8 0    82.5 0     4.5 0   243.1 0   953.5 0
 2019  23  1 23 21 15 21.250  72.46   261.6 0   188.3 0 -9999.9 1    77.9 0   212.2 0   272.0 0   271.8 0   291.8 0   270.8 0   271.3 0    17.2 0   132.8 0    73.3 0   -79.6 0    -6.3 0    -3.7 0    82.3 0     4.7 0   244.7 0   953.5 0
 2019  23  1 23 21 16 21.267  72.58   259.7 0   187.3 0 -9999.9 1    77.9 0   212.1 0   272.0 0   271.7 0   292.0 0   270.8 0   271.3 0    17.0 0   132.5 0    72.4 0   -79.8 0    -7.4 0    -3.7 0    82.2 0     4.1 0   242.8 0   953.5 0
 2019  23  1 23 21 17 21.283  72.69   258.0 0   186.9 0 -9999.9 1    77.6 0   212.3 0   272.0 0   271.8 0   292.1 0   270.8 0   271.3 0    16.8 0   132.4 0    71.1 0   -79.8 0    -8.7 0    -3.7 0    82.8 0     3.7 0   250.6 0   953.5 0
 2019  23  1 23 21 18 21.300  72.80   253.9 0   184.5 0 -9999.9 1    76.7 0   212.2 0   272.0 0   271.7 0   292.0 0   270.9 0   271.3 0    16.6 0   130.5 0    69.4 0   -79.8 0   -10.4 0    -3.7 0    82.1 0     5.6 0   242.9 0   953.4 0
 2019  23  1 23 21 19 21.317  72.92   250.7 0   183.0 0 -9999.9 1    76.5 0   212.2 0   272.0 0   271.7 0   291.5 0   270.8 0   271.3 0    16.3 0   129.4 0    67.7 0   -79.3 0   -11.6 0    -3.7 0    82.3 0     5.0 0   253.0 0   953.5 0
 2019  23  1 23 21 20 21.333  73.03   246.8 0   180.9 0 -9999.9 1    76.5 0   212.0 0   272.0 0   271.7 0   291.5 0   270.8 0   271.2 0    16.1 0   127.7 0    65.9 0   -79.5 0   -13.6 0    -3.8 0    82.2 0     5.7 0   245.2 0   953.4 0
 2019  23  1 23 21 21 21.350  73.15   238.5 0   175.7 0 -9999.9 1    76.3 0   212.2 0   271.9 0   271.7 0   291.3 0   270.8 0   271.2 0    15.9 0   123.8 0    62.8 0   -79.1 0   -16.3 0    -3.8 0    82.5 0     5.3 0   244.1 0   953.5 0
 2019  23  1 23 21 22 21.367  73.26   241.3 0   178.6 0 -9999.9 1    76.5 0   212.1 0   271.9 0   271.7 0   291.3 0   270.8 0   271.2 0    15.7 0   125.9 0    62.7 0   -79.2 0   -16.5 0    -3.8 0    82.5 0     4.9 0   245.2 0   953.5 0
 2019  23  1 23 21 23 21.383  73.38   239.8 0   178.1 0 -9999.9 1    76.9 0   212.2 0   271.9 0   271.7 0   291.5 0   270.8 0   271.2 0    15.5 0   125.9 0    61.7 0   -79.3 0   -17.6 0    -3.7 0    82.6 0     5.2 0   242.5 0   953.5 0
 2019  23  1 23 21 24 21.400  73.49   234.5 0   173.1 0 -9999.9 1    76.8 0   212.3 0   271.9 0   271.7 0   291.3 0   270.7 0   271.2 0    15.2 0   122.8 0    61.4 0   -78.9 0   -17.5 0    -3.7 0    83.0 0     4.1 0   251.6 0   953.5 0
 2019  23  1 23 21 25 21.417  73.61   223.4 0   171.7 0 -9999.9 1    75.0 0   212.4 0   271.9 0   271.7 0   291.2 0   270.7 0   271.2 0    15.0 0   118.2 0    51.7 0   -78.8 0   -27.1 0    -3.7 0    83.1 0     4.3 0   250.0 0   953.5 0
 2019  23  1 23 21 26 21.433  73.73   225.5 0   169.5 0 -9999.9 1    74.2 0   212.3 0   271.9 0   271.7 0   291.2 0   270.7 0   271.2 0    14.8 0   119.1 0    56.0 0   -79.0 0   -23.0 0    -3.7 0    83.0 0     4.2 0   255.4 0   953.5 0
 2019  23  1 23 21 27 21.450  73.85   222.9 0   167.9 0 -9999.9 1    72.9 0   212.1 0   271.9 0   271.6 0   291.2 0   270.7 0   271.2 0    14.6 0   118.5 0    55.0 0   -79.1 0   -24.1 0    -3.7 0    83.2 0     4.2 0   249.1 0   953.5 0
 2019  23  1 23 21 28 21.467  73.96   220.5 0   167.5 0 -9999.9 1    71.5 0   211.9 0   271.9 0   271.6 0   290.8 0   270.7 0   271.1 0    14.3 0   117.9 0    53.0 0   -78.9 0   -25.9 0    -3.7 0    82.8 0     5.4 0   250.5 0   953.5 0
 2019  23  1 23 21 29 21.483  74.08   220.4 0   168.5 0 -9999.9 1    70.5 0   211.7 0   271.9 0   271.6 0   290.6 0   270.7 0   271.1 0    14.2 0   119.1 0    51.9 0   -78.9 0   -27.0 0    -3.8 0    82.8 0     4.7 0   251.9 0   953.5 0
 2019  23  1 23 21 30 21.500  74.20   217.1 0   167.0 0 -9999.9 1    69.2 0   212.0 0   271.8 0   271.6 0   290.7 0   270.7 0   271.1 0    13.9 0   117.8 0    50.1 0   -78.8 0   -28.7 0    -3.8 0    82.5 0     5.1 0   248.9 0   953.5 0
 2019  23  1 23 21 31 21.517  74.32   213.4 0   165.2 0 -9999.9 1    68.1 0   211.8 0   271.8 0   271.6 0   290.6 0   270.7 0   271.1 0    13.7 0   116.5 0    48.2 0   -78.9 0   -30.7 0    -3.8 0    81.9 0     5.2 0   253.4 0   953.5 0
 2019  23  1 23 21 32 21.533  74.44   209.6 0   162.9 0 -9999.9 1    67.2 0   211.6 0   271.8 0   271.5 0   290.4 0   270.7 0   271.0 0    13.5 0   114.9 0    46.7 0   -78.8 0   -32.1 0    -3.8 0    80.9 0     5.7 0   256.0 0   953.5 0
 2019  23  1 23 21 33 21.550  74.56   206.8 0   161.9 0 -9999.9 1    66.7 0   211.6 0   271.8 0   271.5 0   290.0 0   270.6 0   271.0 0    13.3 0   114.1 0    44.9 0   -78.4 0   -33.5 0    -3.8 0    80.0 0     5.9 0   256.4 0   953.5 0
 2019  23  1 23 21 34 21.567  74.69   204.6 0   160.8 0 -9999.9 1    66.5 0   211.5 0   271.8 0   271.5 0   290.0 0   270.6 0   271.0 0    13.1 0   113.4 0    43.8 0   -78.6 0   -34.8 0    -3.9 0    80.1 0     5.9 0   254.8 0   953.5 0
 2019  23  1 23 21 35 21.583  74.81   201.5 0   159.3 0 -9999.9 1    65.9 0   211.4 0   271.7 0   271.4 0   289.8 0   270.6 0   270.9 0    12.9 0   112.3 0    42.2 0   -78.4 0   -36.2 0    -3.9 0    80.4 0     6.1 0   251.0 0   953.5 0
 2019  23  1 23 21 36 21.600  74.93   197.8 0   157.2 0 -9999.9 1    65.3 0   211.6 0   271.7 0   271.4 0   289.8 0   270.5 0   270.9 0    12.7 0   110.7 0    40.6 0   -78.2 0   -37.6 0    -3.9 0    80.6 0     5.2 0   256.4 0   953.5 0
 2019  23  1 23 21 37 21.617  75.05   194.7 0   155.3 0 -9999.9 1    64.7 0   211.4 0   271.7 0   271.4 0   289.6 0   270.5 0   270.9 0    12.5 0   109.5 0    39.4 0   -78.1 0   -38.7 0    -3.9 0    80.4 0     5.7 0   251.0 0   953.5 0
 2019  23  1 23 21 38 21.633  75.18   192.0 0   153.8 0 -9999.9 1    64.6 0   211.5 0   271.7 0   271.4 0   289.6 0   270.5 0   270.8 0    12.3 0   108.5 0    38.2 0   -78.1 0   -39.9 0    -3.9 0    80.6 0     5.0 0   252.5 0   953.5 0
 2019  23  1 23 21 39 21.650  75.30   189.3 0   152.4 0 -9999.9 1    64.5 0   211.6 0   271.6 0   271.4 0   289.3 0   270.5 0   270.8 0    12.1 0   107.5 0    36.9 0   -77.7 0   -40.8 0    -3.9 0    80.7 0     4.5 0   256.5 0   953.5 0
 2019  23  1 23 21 40 21.667  75.42   185.5 0   150.2 0 -9999.9 1    63.9 0   211.5 0   271.6 0   271.4 0   289.1 0   270.4 0   270.8 0    11.9 0   105.7 0    35.3 0   -77.6 0   -42.3 0    -3.9 0    80.7 0     4.6 0   249.0 0   953.5 0
 2019  23  1 23 21 41 21.683  75.55   182.6 0   148.7 0 -9999.9 1    63.8 0   211.4 0   271.6 0   271.3 0   289.2 0   270.4 0   270.8 0    11.7 0   104.7 0    33.9 0   -77.8 0   -43.9 0    -3.9 0    80.2 0     5.7 0   250.9 0   953.5 0
 2019  23  1 23 21 42 21.700  75.67   180.4 0   147.8 0 -9999.9 1    63.2 0   211.5 0   271.6 0   271.3 0   288.9 0   270.4 0   270.7 0    11.5 0   104.1 0    32.6 0   -77.4 0   -44.8 0    -3.9 0    80.2 0     5.6 0   250.5 0   953.5 0
 2019  23  1 23 21 43 21.717  75.80   176.9 0   145.6 0 -9999.9 1    63.0 0   211.4 0   271.6 0   271.3 0   288.8 0   270.4 0   270.7 0    11.3 0   102.5 0    31.3 0   -77.4 0   -46.1 0    -4.0 0    80.4 0     4.8 0   246.8 0   953.5 0
 2019  23  1 23 21 44 21.733  75.93   173.4 0   143.6 0 -9999.9 1    62.5 0   211.4 0   271.5 0   271.3 0   288.6 0   270.3 0   270.7 0    11.1 0   100.9 0    29.8 0   -77.2 0   -47.4 0    -3.9 0    80.3 0     4.8 0   241.1 0   953.4 0
 2019  23  1 23 21 45 21.750  76.05   171.6 0   143.1 0 -9999.9 1    61.8 0   211.4 0   271.5 0   271.3 0   288.7 0   270.3 0   270.6 0    11.0 0   100.8 0    28.5 0   -77.3 0   -48.8 0    -3.9 0    80.0 0     4.2 0   238.1 0   953.4 0
 2019  23  1 23 21 46 21.767  76.18   168.9 0   141.6 0 -9999.9 1    61.2 0   211.4 0   271.5 0   271.3 0   288.8 0   270.3 0   270.6 0    10.8 0    99.8 0    27.3 0   -77.4 0   -50.1 0    -3.9 0    80.1 0     4.1 0   239.4 0   953.4 0
 2019  23  1 23 21 47 21.783  76.31   166.0 0   139.8 0 -9999.9 1    60.6 0   211.5 0   271.5 0   271.3 0   288.5 0   270.3 0   270.6 0    10.6 0    98.6 0    26.2 0   -77.0 0   -50.8 0    -3.9 0    80.1 0     4.3 0   243.4 0   953.5 0
 2019  23  1 23 21 48 21.800  76.43   163.5 0   138.5 0 -9999.9 1    60.3 0   211.4 0   271.5 0   271.3 0   288.3 0   270.3 0   270.6 0    10.4 0    97.7 0    25.0 0   -76.9 0   -51.9 0    -3.9 0    79.9 0     4.1 0   244.9 0   953.4 0
 2019  23  1 23 21 49 21.817  76.56   160.8 0   137.0 0 -9999.9 1    59.7 0   211.3 0   271.5 0   271.2 0   287.8 0   270.3 0   270.6 0    10.2 0    96.6 0    23.8 0   -76.5 0   -52.7 0    -3.9 0    80.0 0     3.7 0   247.3 0   953.5 0
 2019  23  1 23 21 50 21.833  76.69   157.7 0   135.2 0 -9999.9 1    59.1 0   211.0 0   271.5 0   271.2 0   287.8 0   270.3 0   270.6 0    10.1 0    95.3 0    22.5 0   -76.8 0   -54.3 0    -4.0 0    79.6 0     4.8 0   251.1 0   953.5 0
 2019  23  1 23 21 51 21.850  76.82   154.9 0   133.5 0 -9999.9 1    58.6 0   211.2 0   271.4 0   271.2 0   287.3 0   270.2 0   270.6 0     9.9 0    94.0 0    21.4 0   -76.1 0   -54.7 0    -4.0 0    79.5 0     4.5 0   247.6 0   953.5 0
 2019  23  1 23 21 52 21.867  76.95   152.1 0   131.8 0 -9999.9 1    58.3 0   210.9 0   271.4 0   271.2 0   287.4 0   270.2 0   270.5 0     9.7 0    92.9 0    20.3 0   -76.4 0   -56.1 0    -4.1 0    79.5 0     4.3 0   250.3 0   953.4 0
 2019  23  1 23 21 53 21.883  77.08   149.7 0   130.3 0 -9999.9 1    57.7 0   211.0 0   271.4 0   271.1 0   286.9 0   270.2 0   270.5 0     9.5 0    91.9 0    19.4 0   -75.9 0   -56.5 0    -4.1 0    79.5 0     4.3 0   250.0 0   953.4 0
 2019  23  1 23 21 54 21.900  77.21   147.5 0   129.1 0 -9999.9 1    57.4 0   210.9 0   271.4 0   271.1 0   287.0 0   270.2 0   270.5 0     9.3 0    91.1 0    18.4 0   -76.1 0   -57.7 0    -4.1 0    79.1 0     4.6 0   254.5 0   953.4 0
 2019  23  1 23 21 55 21.917  77.34   145.2 0   127.6 0 -9999.9 1    56.8 0   210.8 0   271.3 0   271.0 0   286.7 0   270.1 0   270.4 0     9.2 0    90.1 0    17.6 0   -75.9 0   -58.3 0    -4.2 0    78.6 0     5.3 0   251.5 0   953.5 0
 2019  23  1 23 21 56 21.933  77.47   142.3 0   125.8 0 -9999.9 1    56.3 0   210.8 0   271.3 0   271.0 0   286.5 0   270.1 0   270.4 0     9.0 0    88.7 0    16.5 0   -75.7 0   -59.2 0    -4.2 0    78.5 0     4.7 0   254.7 0   953.4 0
 2019  23  1 23 21 57 21.950  77.60   139.6 0   123.8 0 -9999.9 1    55.9 0   210.8 0   271.3 0   271.0 0   286.4 0   270.1 0   270.4 0     8.8 0    87.3 0    15.8 0   -75.6 0   -59.8 0    -4.2 0    78.8 0     4.1 0   254.0 0   953.4 0
 2019  23  1 23 21 58 21.967  77.74   137.2 0   121.9 0 -9999.9 1    55.5 0   210.7 0   271.2 0   270.9 0   286.3 0   270.0 0   270.4 0     8.7 0    86.1 0    15.3 0   -75.6 0   -60.3 0    -4.2 0    78.7 0     4.2 0   258.9 0   953.4 0
 2019  23  1 23 21 59 21.983  77.87   134.8 0   120.4 0 -9999.9 1    55.1 0   210.8 0   271.2 0   270.9 0   286.3 0   270.0 0   270.3 0     8.5 0    85.1 0    14.4 0   -75.5 0   -61.1 0    -4.2 0    78.7 0     4.4 0   254.0 0   953.4 0
 2019  23  1 23 22  0 22.000  78.00   132.5 0   118.8 0 -9999.9 1    54.6 0   210.8 0   271.2 0   270.9 0   285.9 0   270.0 0   270.3 0     8.3 0    84.0 0    13.7 0   -75.0 0   -61.3 0    -4.2 0    79.0 0     3.5 0   253.2 0   953.3 0
 2019  23  1 23 22  1 22.017  78.13   129.9 0   116.9 0 -9999.9 1    54.0 0   210.9 0   271.1 0   270.9 0   285.6 0   270.0 0   270.3 0     8.2 0    82.7 0    13.0 0   -74.7 0   -61.7 0    -4.2 0    79.1 0     3.7 0   253.9 0   953.3 0
 2019  23  1 23 22  2 22.033  78.27   127.6 0   115.2 0 -9999.9 1    53.5 0   210.9 0   271.1 0   270.8 0   285.7 0   270.0 0   270.2 0     8.0 0    81.4 0    12.4 0   -74.8 0   -62.4 0    -4.2 0    78.9 0     4.6 0   254.8 0   953.3 0
 2019  23  1 23 22  3 22.050  78.40   125.3 0   113.4 0 -9999.9 1    53.2 0   210.8 0   271.1 0   270.8 0   285.3 0   269.9 0   270.2 0     7.8 0    80.0 0    11.9 0   -74.6 0   -62.7 0    -4.2 0    79.0 0     4.2 0   251.3 0   953.3 0
 2019  23  1 23 22  4 22.067  78.54   122.5 0   111.1 0 -9999.9 1    52.7 0   210.9 0   271.0 0   270.8 0   285.2 0   269.9 0   270.2 0     7.7 0    78.2 0    11.4 0   -74.4 0   -63.0 0    -4.3 0    79.3 0     4.4 0   249.4 0   953.2 0
 2019  23  1 23 22  5 22.083  78.67   120.4 0   109.9 0 -9999.9 1    52.4 0   210.8 0   271.0 0   270.8 0   285.1 0   269.9 0   270.1 0     7.5 0    77.3 0    10.5 0   -74.3 0   -63.8 0    -4.3 0    79.1 0     4.8 0   246.1 0   953.2 0
 2019  23  1 23 22  6 22.100  78.81   118.9 0   108.9 0 -9999.9 1    52.0 0   210.8 0   271.0 0   270.7 0   284.8 0   269.8 0   270.1 0     7.4 0    76.7 0    10.0 0   -74.0 0   -64.0 0    -4.3 0    79.0 0     5.0 0   251.2 0   953.2 0
 2019  23  1 23 22  7 22.117  78.94   117.1 0   107.5 0 -9999.9 1    51.4 0   210.7 0   271.0 0   270.7 0   284.9 0   269.8 0   270.1 0     7.2 0    75.7 0     9.6 0   -74.2 0   -64.6 0    -4.3 0    79.0 0     5.2 0   249.7 0   953.2 0
 2019  23  1 23 22  8 22.133  79.08   115.0 0   105.6 0 -9999.9 1    51.2 0   210.7 0   270.9 0   270.7 0   284.7 0   269.8 0   270.0 0     7.1 0    74.4 0     9.4 0   -73.9 0   -64.5 0    -4.3 0    79.2 0     4.6 0   245.7 0   953.2 0
 2019  23  1 23 22  9 22.150  79.21   113.0 0   104.0 0 -9999.9 1    50.7 0   210.7 0   270.9 0   270.7 0   284.5 0   269.7 0   270.0 0     6.9 0    73.3 0     9.0 0   -73.8 0   -64.8 0    -4.4 0    79.2 0     4.2 0   254.2 0   953.2 0
 2019  23  1 23 22 10 22.167  79.35   111.1 0   102.3 0 -9999.9 1    50.1 0   210.8 0   270.9 0   270.6 0   284.3 0   269.7 0   270.0 0     6.8 0    72.1 0     8.8 0   -73.5 0   -64.7 0    -4.4 0    79.4 0     4.2 0   251.3 0   953.2 0
 2019  23  1 23 22 11 22.183  79.49   109.2 0   100.6 0 -9999.9 1    49.6 0   210.6 0   270.9 0   270.6 0   284.4 0   269.7 0   269.9 0     6.6 0    70.9 0     8.6 0   -73.8 0   -65.2 0    -4.4 0    79.3 0     4.5 0   250.7 0   953.2 0
 2019  23  1 23 22 12 22.200  79.63   107.4 0    98.8 0 -9999.9 1    49.2 0   210.6 0   270.8 0   270.6 0   284.1 0   269.7 0   269.9 0     6.5 0    69.8 0     8.6 0   -73.4 0   -64.8 0    -4.4 0    79.6 0     3.9 0   252.3 0   953.2 0
 2019  23  1 23 22 13 22.217  79.76   105.7 0    97.3 0 -9999.9 1    48.6 0   210.9 0   270.8 0   270.6 0   283.7 0   269.6 0   269.9 0     6.3 0    68.8 0     8.4 0   -72.8 0   -64.4 0    -4.4 0    79.7 0     3.5 0   247.2 0   953.2 0
 2019  23  1 23 22 14 22.233  79.90   104.2 0    95.9 0 -9999.9 1    48.0 0   210.8 0   270.8 0   270.6 0   283.7 0   269.6 0   269.9 0     6.2 0    67.9 0     8.3 0   -72.9 0   -64.6 0    -4.3 0    79.6 0     4.1 0   246.8 0   953.2 0
 2019  23  1 23 22 15 22.250  80.04   102.5 0    94.2 0 -9999.9 1    47.8 0   210.6 0   270.8 0   270.5 0   283.7 0   269.6 0   269.8 0     6.0 0    66.6 0     8.3 0   -73.1 0   -64.8 0    -4.4 0    79.4 0     4.8 0   248.7 0   953.2 0
 2019  23  1 23 22 16 22.267  80.18   100.8 0    92.5 0 -9999.9 1    47.1 0   210.8 0   270.7 0   270.5 0   283.5 0   269.6 0   269.8 0     5.9 0    65.4 0     8.3 0   -72.7 0   -64.4 0    -4.4 0    79.5 0     4.3 0   249.2 0   953.2 0
 2019  23  1 23 22 17 22.283  80.32    99.0 0    90.7 0 -9999.9 1    46.5 0   210.7 0   270.7 0   270.5 0   283.3 0   269.5 0   269.8 0     5.8 0    64.2 0     8.3 0   -72.6 0   -64.3 0    -4.4 0    79.5 0     4.4 0   248.1 0   953.2 0
 2019  23  1 23 22 18 22.300  80.46    97.4 0    89.0 0 -9999.9 1    46.0 0   210.6 0   270.7 0   270.5 0   283.3 0   269.5 0   269.8 0     5.7 0    63.0 0     8.4 0   -72.7 0   -64.3 0    -4.4 0    79.5 0     4.5 0   251.1 0   953.2 0
 2019  23  1 23 22 19 22.317  80.60    95.9 0    87.4 0 -9999.9 1    45.7 0   210.5 0   270.7 0   270.4 0   282.8 0   269.5 0   269.7 0     5.5 0    61.9 0     8.5 0   -72.3 0   -63.8 0    -4.4 0    79.7 0     4.0 0   255.6 0   953.2 0
 2019  23  1 23 22 20 22.333  80.74    94.7 0    85.8 0 -9999.9 1    45.1 0   210.5 0   270.6 0   270.4 0   283.0 0   269.5 0   269.7 0     5.4 0    60.9 0     8.9 0   -72.4 0   -63.5 0    -4.4 0    79.8 0     4.3 0   252.0 0   953.2 0
 2019  23  1 23 22 21 22.350  80.88    93.2 0    84.1 0 -9999.9 1    44.5 0   210.6 0   270.6 0   270.4 0   282.4 0   269.4 0   269.7 0     5.3 0    59.7 0     9.1 0   -71.8 0   -62.7 0    -4.4 0    79.9 0     3.7 0   254.5 0   953.2 0
 2019  23  1 23 22 22 22.367  81.02    91.9 0    82.5 0 -9999.9 1    44.1 0   210.4 0   270.6 0   270.4 0   282.5 0   269.4 0   269.6 0     5.2 0    58.6 0     9.4 0   -72.1 0   -62.7 0    -4.5 0    80.0 0     4.1 0   255.3 0   953.2 0
 2019  23  1 23 22 23 22.383  81.16    90.5 0    80.9 0 -9999.9 1    43.6 0   210.6 0   270.6 0   270.3 0   282.0 0   269.4 0   269.6 0     5.0 0    57.4 0     9.6 0   -71.5 0   -61.9 0    -4.5 0    80.1 0     3.8 0   253.9 0   953.2 0
 2019  23  1 23 22 24 22.400  81.30    89.2 0    79.4 0 -9999.9 1    43.0 0   210.3 0   270.5 0   270.3 0   281.8 0   269.4 0   269.6 0     4.9 0    56.4 0     9.8 0   -71.5 0   -61.7 0    -4.5 0    80.2 0     3.7 0   257.0 0   953.2 0
 2019  23  1 23 22 25 22.417  81.44    87.9 0    77.8 0 -9999.9 1    42.6 0   210.2 0   270.5 0   270.3 0   281.9 0   269.3 0   269.5 0     4.8 0    55.2 0    10.1 0   -71.6 0   -61.5 0    -4.5 0    80.0 0     3.5 0   260.2 0   953.2 0
 2019  23  1 23 22 26 22.433  81.59    86.5 0    76.3 0 -9999.9 1    42.1 0   210.2 0   270.5 0   270.2 0   281.8 0   269.3 0   269.5 0     4.7 0    54.1 0    10.2 0   -71.6 0   -61.4 0    -4.5 0    80.0 0     4.0 0   261.3 0   953.2 0
 2019  23  1 23 22 27 22.450  81.73    85.3 0    74.9 0 -9999.9 1    41.6 0   210.0 0   270.4 0   270.2 0   281.6 0   269.3 0   269.5 0     4.6 0    53.0 0    10.4 0   -71.7 0   -61.3 0    -4.5 0    80.0 0     3.8 0   261.1 0   953.2 0
 2019  23  1 23 22 28 22.467  81.87    84.1 0    73.5 0 -9999.9 1    41.0 0   210.1 0   270.4 0   270.2 0   281.4 0   269.3 0   269.5 0     4.4 0    51.9 0    10.6 0   -71.3 0   -60.7 0    -4.5 0    80.0 0     3.6 0   259.9 0   953.2 0
 2019  23  1 23 22 29 22.483  82.01    82.7 0    72.0 0 -9999.9 1    40.6 0   209.9 0   270.4 0   270.1 0   280.8 0   269.2 0   269.4 0     4.3 0    50.7 0    10.7 0   -70.9 0   -60.2 0    -4.5 0    80.1 0     3.3 0   260.6 0   953.2 0
 2019  23  1 23 22 30 22.500  82.16    81.5 0    70.6 0 -9999.9 1    40.0 0   209.9 0   270.4 0   270.1 0   281.2 0   269.2 0   269.4 0     4.2 0    49.6 0    10.9 0   -71.2 0   -60.3 0    -4.5 0    80.1 0     3.8 0   258.3 0   953.2 0
 2019  23  1 23 22 31 22.517  82.30    80.2 0    69.0 0 -9999.9 1    39.5 0   209.9 0   270.3 0   270.1 0   280.9 0   269.2 0   269.4 0     4.1 0    48.4 0    11.2 0   -71.0 0   -59.8 0    -4.5 0    80.0 0     3.3 0   264.0 0   953.2 0
 2019  23  1 23 22 32 22.533  82.45    79.1 0    67.5 0 -9999.9 1    38.8 0   209.8 0   270.3 0   270.1 0   280.8 0   269.2 0   269.4 0     4.0 0    47.3 0    11.6 0   -71.0 0   -59.4 0    -4.5 0    80.0 0     4.0 0   265.0 0   953.2 0
 2019  23  1 23 22 33 22.550  82.59    77.9 0    66.0 0 -9999.9 1    38.2 0   209.8 0   270.3 0   270.0 0   280.2 0   269.1 0   269.3 0     3.9 0    46.1 0    11.9 0   -70.4 0   -58.5 0    -4.6 0    80.1 0     3.5 0   261.4 0   953.2 0
 2019  23  1 23 22 34 22.567  82.73    76.6 0    64.5 0 -9999.9 1    37.6 0   209.7 0   270.2 0   270.0 0   280.1 0   269.1 0   269.3 0     3.8 0    44.9 0    12.1 0   -70.4 0   -58.3 0    -4.6 0    80.0 0     3.5 0   264.3 0   953.2 0
 2019  23  1 23 22 35 22.583  82.88    75.6 0    63.1 0 -9999.9 1    37.0 0   209.9 0   270.2 0   270.0 0   279.8 0   269.1 0   269.3 0     3.7 0    43.8 0    12.5 0   -69.9 0   -57.4 0    -4.6 0    80.1 0     3.6 0   261.9 0   953.2 0
 2019  23  1 23 22 36 22.600  83.02    74.4 0    61.6 0 -9999.9 1    36.4 0   209.8 0   270.2 0   270.0 0   279.6 0   269.1 0   269.2 0     3.6 0    42.6 0    12.8 0   -69.8 0   -57.0 0    -4.6 0    80.1 0     3.6 0   262.0 0   953.2 0
 2019  23  1 23 22 37 22.617  83.17    73.3 0    60.1 0 -9999.9 1    35.9 0   209.8 0   270.1 0   269.9 0   279.3 0   269.0 0   269.2 0     3.5 0    41.4 0    13.2 0   -69.6 0   -56.4 0    -4.6 0    80.1 0     3.3 0   264.2 0   953.2 0
 2019  23  1 23 22 38 22.633  83.31    72.0 0    58.6 0 -9999.9 1    35.2 0   209.7 0   270.1 0   269.9 0   279.3 0   269.0 0   269.2 0     3.4 0    40.1 0    13.4 0   -69.5 0   -56.1 0    -4.6 0    80.3 0     3.8 0   263.1 0   953.2 0
 2019  23  1 23 22 39 22.650  83.46    71.0 0    57.2 0 -9999.9 1    34.7 0   209.7 0   270.1 0   269.9 0   279.0 0   269.0 0   269.1 0     3.3 0    38.9 0    13.8 0   -69.3 0   -55.5 0    -4.7 0    80.3 0     3.4 0   261.6 0   953.2 0
 2019  23  1 23 22 40 22.667  83.61    69.8 0    55.7 0 -9999.9 1    34.1 0   209.7 0   270.0 0   269.8 0   278.7 0   269.0 0   269.1 0     3.2 0    37.6 0    14.1 0   -69.0 0   -54.9 0    -4.7 0    80.5 0     3.6 0   261.1 0   953.2 0
 2019  23  1 23 22 41 22.683  83.75    68.6 0    54.2 0 -9999.9 1    33.6 0   209.7 0   270.0 0   269.8 0   279.0 0   268.9 0   269.1 0     3.1 0    36.4 0    14.4 0   -69.3 0   -54.9 0    -4.7 0    80.4 0     4.0 0   261.4 0   953.2 0
 2019  23  1 23 22 42 22.700  83.90    67.3 0    52.8 0 -9999.9 1    33.0 0   209.6 0   270.0 0   269.8 0   278.8 0   268.9 0   269.0 0     3.0 0    35.2 0    14.5 0   -69.1 0   -54.6 0    -4.7 0    80.4 0     4.0 0   260.4 0   953.2 0
 2019  23  1 23 22 43 22.717  84.05    66.2 0    51.4 0 -9999.9 1    32.4 0   209.5 0   270.0 0   269.7 0   278.6 0   268.9 0   269.0 0     2.9 0    34.1 0    14.8 0   -69.1 0   -54.3 0    -4.7 0    80.6 0     4.2 0   262.1 0   953.2 0
 2019  23  1 23 22 44 22.733  84.19    65.2 0    50.1 0 -9999.9 1    31.8 0   209.4 0   269.9 0   269.7 0   278.4 0   268.8 0   269.0 0     2.8 0    32.9 0    15.1 0   -69.0 0   -53.9 0    -4.7 0    80.6 0     3.9 0   260.8 0   953.2 0
 2019  23  1 23 22 45 22.750  84.34    63.8 0    48.6 0 -9999.9 1    31.2 0   209.4 0   269.9 0   269.7 0   278.1 0   268.8 0   268.9 0     2.7 0    31.7 0    15.2 0   -68.7 0   -53.5 0    -4.8 0    80.8 0     3.9 0   263.3 0   953.2 0
 2019  23  1 23 22 46 22.767  84.49    62.5 0    47.1 0 -9999.9 1    30.6 0   209.2 0   269.9 0   269.6 0   277.9 0   268.8 0   268.9 0     2.6 0    30.5 0    15.4 0   -68.8 0   -53.4 0    -4.8 0    80.9 0     4.1 0   264.9 0   953.2 0
 2019  23  1 23 22 47 22.783  84.63    61.3 0    45.7 0 -9999.9 1    29.9 0   209.1 0   269.8 0   269.6 0   277.8 0   268.7 0   268.8 0     2.5 0    29.3 0    15.6 0   -68.6 0   -53.0 0    -4.8 0    80.9 0     3.9 0   267.0 0   953.2 0
 2019  23  1 23 22 48 22.800  84.78    60.0 0    44.4 0 -9999.9 1    29.4 0   209.0 0   269.8 0   269.5 0   277.2 0   268.7 0   268.8 0     2.4 0    28.2 0    15.6 0   -68.3 0   -52.7 0    -4.9 0    81.1 0     3.8 0   268.4 0   953.2 0
 2019  23  1 23 22 49 22.817  84.93    58.6 0    42.9 0 -9999.9 1    28.9 0   208.8 0   269.7 0   269.5 0   276.7 0   268.6 0   268.8 0     2.3 0    27.1 0    15.7 0   -67.9 0   -52.2 0    -4.9 0    81.1 0     3.6 0   269.4 0   953.2 0
 2019  23  1 23 22 50 22.833  85.08    57.1 0    41.4 0 -9999.9 1    28.1 0   208.8 0   269.7 0   269.5 0   276.5 0   268.6 0   268.7 0     2.2 0    25.9 0    15.7 0   -67.7 0   -52.0 0    -4.9 0    81.2 0     3.3 0   264.5 0   953.2 0
 2019  23  1 23 22 51 22.850  85.22    55.6 0    40.0 0 -9999.9 1    27.4 0   208.7 0   269.6 0   269.4 0   276.4 0   268.6 0   268.7 0     2.2 0    24.8 0    15.6 0   -67.7 0   -52.1 0    -5.0 0    81.3 0     3.6 0   261.5 0   953.2 0
 2019  23  1 23 22 52 22.867  85.37    54.2 0    38.6 0 -9999.9 1    26.8 0   208.8 0   269.6 0   269.4 0   276.4 0   268.5 0   268.6 0     2.1 0    23.7 0    15.6 0   -67.6 0   -52.0 0    -5.0 0    81.5 0     3.6 0   258.4 0   953.2 0
 2019  23  1 23 22 53 22.883  85.52    52.6 0    37.2 0 -9999.9 1    26.2 0   208.9 0   269.6 0   269.4 0   276.0 0   268.5 0   268.6 0     2.0 0    22.7 0    15.4 0   -67.1 0   -51.7 0    -5.0 0    81.5 0     3.3 0   263.3 0   953.2 0
 2019  23  1 23 22 54 22.900  85.67    51.1 0    35.9 0 -9999.9 1    25.6 0   208.9 0   269.5 0   269.3 0   275.6 0   268.5 0   268.6 0     1.9 0    21.8 0    15.2 0   -66.7 0   -51.5 0    -5.0 0    81.4 0     3.5 0   265.6 0   953.2 0
 2019  23  1 23 22 55 22.917  85.81    49.5 0    34.7 0 -9999.9 1    24.9 0   208.8 0   269.5 0   269.3 0   275.4 0   268.4 0   268.5 0     1.9 0    20.8 0    14.8 0   -66.5 0   -51.7 0    -5.0 0    81.5 0     3.3 0   263.5 0   953.2 0
 2019  23  1 23 22 56 22.933  85.96    47.9 0    33.4 0 -9999.9 1    24.3 0   208.9 0   269.4 0   269.2 0   275.0 0   268.4 0   268.5 0     1.8 0    19.9 0    14.5 0   -66.0 0   -51.5 0    -5.0 0    81.4 0     3.4 0   263.1 0   953.2 0
 2019  23  1 23 22 57 22.950  86.11    46.2 0    32.1 0 -9999.9 1    23.7 0   208.8 0   269.4 0   269.2 0   274.9 0   268.4 0   268.5 0     1.7 0    18.9 0    14.1 0   -66.1 0   -52.0 0    -5.1 0    81.5 0     3.6 0   264.3 0   953.2 0
 2019  23  1 23 22 58 22.967  86.26    44.4 0    30.8 0 -9999.9 1    23.0 0   208.8 0   269.4 0   269.2 0   275.1 0   268.3 0   268.4 0     1.6 0    18.0 0    13.6 0   -66.2 0   -52.6 0    -5.1 0    81.6 0     3.8 0   263.9 0   953.2 0
 2019  23  1 23 22 59 22.983  86.41    42.7 0    29.6 0 -9999.9 1    22.3 0   208.8 0   269.3 0   269.1 0   274.9 0   268.3 0   268.4 0     1.6 0    17.1 0    13.1 0   -66.1 0   -53.0 0    -5.1 0    81.5 0     3.6 0   261.3 0   953.2 0
 2019  23  1 23 23  0 23.000  86.55    40.9 0    28.3 0 -9999.9 1    21.7 0   208.8 0   269.3 0   269.1 0   274.4 0   268.3 0   268.4 0     1.5 0    16.3 0    12.6 0   -65.6 0   -53.0 0    -5.1 0    81.6 0     3.8 0   261.3 0   953.2 0
 2019  23  1 23 23  1 23.017  86.70    39.1 0    27.1 0 -9999.9 1    21.0 0   208.7 0   269.2 0   269.1 0   274.7 0   268.2 0   268.3 0     1.4 0    15.5 0    12.0 0   -65.9 0   -53.9 0    -5.1 0    81.6 0     3.9 0   260.0 0   953.2 0
 2019  23  1 23 23  2 23.033  86.85    37.1 0    25.9 0 -9999.9 1    20.4 0   208.6 0   269.2 0   269.0 0   274.9 0   268.2 0   268.3 0     1.4 0    14.7 0    11.2 0   -66.3 0   -55.1 0    -5.1 0    81.6 0     4.0 0   259.4 0   953.2 0
 2019  23  1 23 23  3 23.050  87.00    35.0 0    24.6 0 -9999.9 1    19.8 0   208.7 0   269.2 0   269.0 0   274.8 0   268.1 0   268.3 0     1.3 0    13.9 0    10.4 0   -66.1 0   -55.7 0    -5.1 0    81.4 0     4.1 0   261.0 0   953.2 0
 2019  23  1 23 23  4 23.067  87.14    33.0 0    23.5 0 -9999.9 1    19.0 0   208.6 0   269.1 0   268.9 0   274.9 0   268.1 0   268.2 0     1.3 0    13.2 0     9.5 0   -66.4 0   -56.9 0    -5.1 0    81.3 0     4.1 0   257.7 0   953.2 0
 2019  23  1 23 23  5 23.083  87.29    30.8 0    22.3 0 -9999.9 1    18.4 0   208.7 0   269.1 0   268.9 0   274.6 0   268.1 0   268.2 0     1.2 0    12.5 0     8.5 0   -65.8 0   -57.3 0    -5.1 0    81.1 0     4.0 0   256.3 0   953.2 0
 2019  23  1 23 23  6 23.100  87.44    28.5 0    21.2 0 -9999.9 1    17.7 0   208.6 0   269.0 0   268.9 0   274.4 0   268.1 0   268.2 0     1.1 0    11.8 0     7.3 0   -65.8 0   -58.5 0    -5.1 0    81.0 0     3.9 0   254.5 0   953.2 0
 2019  23  1 23 23  7 23.117  87.58    26.2 0    20.1 0 -9999.9 1    17.0 0   208.4 0   269.0 0   268.8 0   274.1 0   268.0 0   268.1 0     1.1 0    11.1 0     6.1 0   -65.7 0   -59.6 0    -5.1 0    81.1 0     3.9 0   257.5 0   953.2 0
 2019  23  1 23 23  8 23.133  87.73    24.1 0    19.0 0 -9999.9 1    16.4 0   208.2 0   268.9 0   268.7 0   273.9 0   268.0 0   268.1 0     1.0 0    10.5 0     5.1 0   -65.6 0   -60.5 0    -5.2 0    81.1 0     4.0 0   259.0 0   953.3 0
 2019  23  1 23 23  9 23.150  87.87    22.8 0    17.9 0 -9999.9 1    15.8 0   208.1 0   268.9 0   268.7 0   273.5 0   268.0 0   268.1 0     1.0 0     9.8 0     4.9 0   -65.4 0   -60.5 0    -5.2 0    81.0 0     3.7 0   259.8 0   953.3 0
 2019  23  1 23 23 10 23.167  88.01    21.8 0    16.9 0 -9999.9 1    15.1 0   208.0 0   268.8 0   268.6 0   272.9 0   267.9 0   268.0 0     0.9 0     9.2 0     4.9 0   -64.9 0   -60.0 0    -5.2 0    81.0 0     3.4 0   261.6 0   953.4 0
 2019  23  1 23 23 11 23.183  88.16    20.7 0    15.9 0 -9999.9 1    14.5 0   207.9 0   268.7 0   268.5 0   272.5 0   267.9 0   268.0 0     0.9 0     8.5 0     4.8 0   -64.6 0   -59.8 0    -5.3 0    81.2 0     3.6 0   262.6 0   953.4 0
 2019  23  1 23 23 12 23.200  88.30    19.3 0    15.0 0 -9999.9 1    13.9 0   207.7 0   268.6 0   268.4 0   272.1 0   267.9 0   268.0 0     0.9 0     7.9 0     4.3 0   -64.4 0   -60.1 0    -5.3 0    81.3 0     3.6 0   260.1 0   953.5 0
 2019  23  1 23 23 13 23.217  88.44    17.1 0    13.8 0 -9999.9 1    13.2 0   207.8 0   268.6 0   268.4 0   271.9 0   267.8 0   267.9 0     0.8 0     7.4 0     3.3 0   -64.1 0   -60.8 0    -5.4 0    81.3 0     3.5 0   260.3 0   953.5 0
 2019  23  1 23 23 14 23.233  88.58    13.8 0    11.5 0 -9999.9 1    12.3 0   207.8 0   268.5 0   268.3 0   271.4 0   267.8 0   267.9 0     0.8 0     6.8 0     2.3 0   -63.6 0   -61.3 0    -5.4 0    81.3 0     3.5 0   259.2 0   953.5 0
 2019  23  1 23 23 15 23.250  88.72    11.3 0     9.6 0 -9999.9 1    11.4 0   207.6 0   268.4 0   268.3 0   270.7 0   267.8 0   267.8 0     0.8 0     6.2 0     1.7 0   -63.1 0   -61.4 0    -5.4 0    81.3 0     3.4 0   259.9 0   953.5 0
 2019  23  1 23 23 16 23.267  88.86     9.9 0     8.2 0 -9999.9 1    10.6 0   207.5 0   268.4 0   268.2 0   270.4 0   267.7 0   267.8 0     0.7 0     5.7 0     1.7 0   -62.9 0   -61.2 0    -5.5 0    81.6 0     3.4 0   259.4 0   953.5 0
 2019  23  1 23 23 17 23.283  88.99     9.1 0     7.6 0 -9999.9 1     9.9 0   207.6 0   268.3 0   268.1 0   270.1 0   267.7 0   267.7 0     0.7 0     5.3 0     1.5 0   -62.5 0   -61.0 0    -5.5 0    81.7 0     3.2 0   258.0 0   953.5 0
 2019  23  1 23 23 18 23.300  89.13     8.7 0     7.6 0 -9999.9 1     9.4 0   207.4 0   268.2 0   268.0 0   269.5 0   267.6 0   267.7 0     0.6 0     4.9 0     1.1 0   -62.1 0   -61.0 0    -5.6 0    81.5 0     3.1 0   257.2 0   953.5 0
 2019  23  1 23 23 19 23.317  89.26     7.9 0     7.2 0 -9999.9 1     8.8 0   207.5 0   268.1 0   268.0 0   269.6 0   267.6 0   267.6 0     0.6 0     4.6 0     0.7 0   -62.1 0   -61.4 0    -5.6 0    81.9 0     3.8 0   257.5 0   953.5 0
 2019  23  1 23 23 20 23.333  89.39     7.1 0     6.5 0 -9999.9 1     8.2 0   207.4 0   268.1 0   267.9 0   269.7 0   267.5 0   267.6 0     0.5 0     4.2 0     0.6 0   -62.3 0   -61.7 0    -5.6 0    81.5 0     3.6 0   260.5 0   953.5 0
 2019  23  1 23 23 21 23.350  89.51     6.4 0     5.4 0 -9999.9 1     7.7 0   207.5 0   268.0 0   267.9 0   269.9 0   267.5 0   267.5 0     0.5 0     3.9 0     1.0 0   -62.4 0   -61.4 0    -5.6 0    81.7 0     3.6 0   258.3 0   953.5 0
 2019  23  1 23 23 22 23.367  89.63     5.7 0     4.4 0 -9999.9 1     7.0 0   207.4 0   267.9 0   267.8 0   269.2 0   267.5 0   267.5 0     0.5 0     3.5 0     1.3 0   -61.7 0   -60.4 0    -5.6 0    81.8 0     3.4 0   256.1 0   953.5 0
 2019  23  1 23 23 23 23.383  89.75     5.1 0     4.0 0 -9999.9 1     6.4 0   207.6 0   267.9 0   267.8 0   269.3 0   267.4 0   267.4 0     0.5 0     3.2 0     1.1 0   -61.8 0   -60.7 0    -5.6 0    81.8 0     3.3 0   259.0 0   953.5 0
 2019  23  1 23 23 24 23.400  89.87     4.4 0     3.8 0 -9999.9 1     5.8 0   207.4 0   267.8 0   267.7 0   268.6 0   267.4 0   267.4 0     0.4 0     2.9 0     0.6 0   -61.2 0   -60.6 0    -5.6 0    81.7 0     2.9 0   260.6 0   953.5 0
 2019  23  1 23 23 25 23.417  89.98     4.1 0     3.3 0 -9999.9 1     5.3 0   207.5 0   267.8 0   267.7 0   268.3 0   267.3 0   267.4 0     0.4 0     2.6 0     0.8 0   -60.8 0   -60.0 0    -5.7 0    81.7 0     3.2 0   264.8 0   953.5 0
 2019  23  1 23 23 26 23.433  90.90     3.8 0     3.0 0 -9999.9 1     4.8 0   207.3 0   267.7 0   267.6 0   268.1 0   267.3 0   267.3 0     0.0 0     2.3 0     0.8 0   -60.8 0   -60.0 0    -5.7 0    81.8 0     3.1 0   263.8 0   953.5 0
 2019  23  1 23 23 27 23.450  91.06     3.2 0     2.8 0 -9999.9 1     4.5 0   207.2 0   267.6 0   267.5 0   267.5 0   267.3 0   267.3 0     0.0 0     2.0 0     0.4 0   -60.3 0   -59.9 0    -5.8 0    81.8 0     3.1 0   263.8 0   953.5 0
 2019  23  1 23 23 28 23.467  91.22     3.1 0     2.3 0 -9999.9 1     4.0 0   207.2 0   267.6 0   267.4 0   267.1 0   267.2 0   267.2 0     0.0 0     2.0 0     0.8 0   -59.9 0   -59.1 0    -5.8 0    82.0 0     3.0 0   265.2 0   953.5 0
 2019  23  1 23 23 29 23.483  91.38     2.7 0     2.3 0 -9999.9 1     3.8 0   207.0 0   267.5 0   267.4 0   266.5 0   267.2 0   267.2 0     0.0 0     1.8 0     0.4 0   -59.5 0   -59.1 0    -5.9 0    82.1 0     3.0 0   264.8 0   953.5 0
 2019  23  1 23 23 30 23.500  91.55     2.3 0     2.0 0 -9999.9 1     3.6 0   206.9 0   267.5 0   267.3 0   266.2 0   267.1 0   267.1 0     0.0 0     1.6 0     0.3 0   -59.3 0   -59.0 0    -5.9 0    82.3 0     2.9 0   263.9 0   953.5 0
 2019  23  1 23 23 31 23.517  91.71     2.1 0     1.5 0 -9999.9 1     3.5 0   206.9 0   267.4 0   267.2 0   265.9 0   267.1 0   267.1 0     0.0 0     1.4 0     0.6 0   -59.0 0   -58.4 0    -5.9 0    82.5 0     3.0 0   261.9 0   953.5 0
 2019  23  1 23 23 32 23.533  91.87     1.6 0     1.5 0 -9999.9 1     3.0 0   206.9 0   267.4 0   267.2 0   265.9 0   267.1 0   267.1 0     0.0 0     1.2 0     0.1 0   -59.0 0   -58.9 0    -5.9 0    82.5 0     3.1 0   261.6 0   953.5 0
 2019  23  1 23 23 33 23.550  92.04     1.6 0     1.4 0 -9999.9 1     2.8 0   206.9 0   267.3 0   267.1 0   265.7 0   267.0 0   267.0 0     0.0 0     1.1 0     0.2 0   -58.8 0   -58.6 0    -6.0 0    82.5 0     3.1 0   261.0 0   953.5 0
 2019  23  1 23 23 34 23.567  92.20     1.2 0     1.1 0 -9999.9 1     2.6 0   206.8 0   267.2 0   267.0 0   265.3 0   267.0 0   267.0 0     0.0 0     1.0 0     0.1 0   -58.5 0   -58.4 0    -6.0 0    82.7 0     3.1 0   263.4 0   953.5 0
 2019  23  1 23 23 35 23.583  92.36     0.8 0     0.8 0 -9999.9 1     2.1 0   206.8 0   267.2 0   267.0 0   265.2 0   266.9 0   266.9 0     0.0 0     0.8 0     0.0 0   -58.4 0   -58.4 0    -6.0 0    82.7 0     3.1 0   262.8 0   953.5 0
 2019  23  1 23 23 36 23.600  92.53     0.7 0     0.8 0 -9999.9 1     2.1 0   206.7 0   267.1 0   267.0 0   264.9 0   266.9 0   266.9 0     0.0 0     0.7 0     0.0 0   -58.1 0   -58.1 0    -6.0 0    82.6 0     3.1 0   262.9 0   953.5 0
 2019  23  1 23 23 37 23.617  92.69     0.4 0     0.8 0 -9999.9 1     2.0 0   206.7 0   267.1 0   266.9 0   264.6 0   266.9 0   266.9 0     0.0 0     0.7 0     0.0 0   -58.0 0   -58.0 0    -6.0 0    82.7 0     2.8 0   265.6 0   953.5 0
 2019  23  1 23 23 38 23.633  92.86     0.1 0     0.6 0 -9999.9 1     1.5 0   206.7 0   267.0 0   266.9 0   264.2 0   266.8 0   266.8 0     0.0 0     0.5 0     0.0 0   -57.5 0   -57.5 0    -6.0 0    82.8 0     2.9 0   265.6 0   953.5 0
 2019  23  1 23 23 39 23.650  93.02     0.0 0     0.4 0 -9999.9 1     1.4 0   206.6 0   267.0 0   266.8 0   264.1 0   266.8 0   266.8 0     0.0 0     0.4 0     0.0 0   -57.5 0   -57.5 0    -6.1 0    83.0 0     2.9 0   264.8 0   953.5 0
 2019  23  1 23 23 40 23.667  93.19     0.0 0     0.3 0 -9999.9 1     1.4 0   206.5 0   266.9 0   266.8 0   263.7 0   266.8 0   266.8 0     0.0 0     0.4 0     0.0 0   -57.3 0   -57.3 0    -6.1 0    82.8 0     2.9 0   266.4 0   953.5 0
 2019  23  1 23 23 41 23.683  93.35    -0.1 0     0.0 0 -9999.9 1     1.4 0   206.6 0   266.9 0   266.7 0   263.5 0   266.7 0   266.7 0     0.0 0     0.4 0     0.0 0   -56.9 0   -56.9 0    -6.1 0    82.9 0     2.9 0   267.3 0   953.5 0
 2019  23  1 23 23 42 23.700  93.52    -0.6 0     0.0 0 -9999.9 1     1.2 0   206.5 0   266.8 0   266.7 0   263.3 0   266.7 0   266.7 0     0.0 0     0.4 0     0.0 0   -56.7 0   -56.7 0    -6.1 0    83.1 0     2.9 0   268.4 0   953.6 0
 2019  23  1 23 23 43 23.717  93.68    -0.8 0     0.0 0 -9999.9 1     0.9 0   206.6 0   266.8 0   266.7 0   262.8 0   266.6 0   266.7 0     0.0 0     0.3 0     0.0 0   -56.2 0   -56.2 0    -6.1 0    83.1 0     2.7 0   269.9 0   953.6 0
 2019  23  1 23 23 44 23.733  93.85    -0.8 0     0.0 0 -9999.9 1     0.7 0   206.6 0   266.8 0   266.6 0   262.2 0   266.6 0   266.6 0     0.0 0     0.2 0     0.0 0   -55.6 0   -55.6 0    -6.2 0    83.0 0     2.7 0   269.8 0   953.6 0
 2019  23  1 23 23 45 23.750  94.01    -0.8 0     0.0 0 -9999.9 1     0.7 0   206.4 0   266.7 0   266.6 0   261.5 0   266.6 0   266.6 0     0.0 0     0.2 0     0.0 0   -55.0 0   -55.0 0    -6.2 0    83.0 0     2.5 0   269.0 0   953.6 0
 2019  23  1 23 23 46 23.767  94.18    -0.8 0     0.0 0 -9999.9 1     0.7 0   206.5 0   266.7 0   266.5 0   261.1 0   266.5 0   266.5 0     0.0 0     0.2 0     0.0 0   -54.6 0   -54.6 0    -6.2 0    83.4 0     2.7 0   266.7 0   953.6 0
 2019  23  1 23 23 47 23.783  94.35    -0.8 0     0.0 0 -9999.9 1     0.7 0   206.5 0   266.6 0   266.5 0   261.2 0   266.5 0   266.5 0     0.0 0     0.1 0     0.0 0   -54.7 0   -54.7 0    -6.2 0    83.4 0     2.6 0   268.6 0   953.6 0
 2019  23  1 23 23 48 23.800  94.51    -0.8 0     0.0 0 -9999.9 1     0.7 0   206.5 0   266.6 0   266.4 0   261.0 0   266.5 0   266.5 0     0.0 0     0.0 0     0.0 0   -54.5 0   -54.5 0    -6.2 0    83.2 0     2.5 0   266.9 0   953.6 0
 2019  23  1 23 23 49 23.817  94.68    -0.8 0     0.0 0 -9999.9 1     0.7 0   206.6 0   266.5 0   266.4 0   260.5 0   266.5 0   266.5 0     0.0 0     0.0 0     0.0 0   -53.8 0   -53.8 0    -6.2 0    83.0 0     2.3 0   268.7 0   953.7 0
 2019  23  1 23 23 50 23.833  94.85    -0.8 0     0.0 0 -9999.9 1     0.7 0   206.5 0   266.5 0   266.4 0   259.8 0   266.4 0   266.4 0     0.0 0     0.0 0     0.0 0   -53.3 0   -53.3 0    -6.2 0    83.3 0     2.4 0   268.6 0   953.7 0
 2019  23  1 23 23 51 23.850  95.01    -0.8 0     0.0 0 -9999.9 1     0.7 0   206.7 0   266.5 0   266.3 0   259.3 0   266.4 0   266.4 0     0.0 0     0.0 0     0.0 0   -52.7 0   -52.7 0    -6.2 0    83.2 0     2.4 0   266.6 0   953.7 0
 2019  23  1 23 23 52 23.867  95.18    -0.8 0     0.0 0 -9999.9 1     0.7 0   206.6 0   266.4 0   266.3 0   258.6 0   266.4 0   266.4 0     0.0 0     0.0 0     0.0 0   -52.0 0   -52.0 0    -6.3 0    83.2 0     2.3 0   270.9 0   953.7 0
 2019  23  1 23 23 53 23.883  95.35    -1.2 0     0.0 0 -9999.9 1     0.7 0   206.7 0   266.4 0   266.3 0   258.2 0   266.3 0   266.3 0     0.0 0     0.0 0     0.0 0   -51.5 0   -51.5 0    -6.3 0    83.4 0     2.4 0   265.9 0   953.7 0
 2019  23  1 23 23 54 23.900  95.52    -1.2 0     0.0 0 -9999.9 1     0.7 0   206.6 0   266.4 0   266.3 0   258.0 0   266.3 0   266.3 0     0.0 0     0.0 0     0.0 0   -51.4 0   -51.4 0    -6.3 0    83.3 0     2.4 0   267.4 0   953.7 0
 2019  23  1 23 23 55 23.917  95.68    -1.2 0     0.0 0 -9999.9 1     0.7 0   206.8 0   266.3 0   266.2 0   257.7 0   266.3 0   266.3 0     0.0 0     0.0 0     0.0 0   -50.9 0   -50.9 0    -6.3 0    83.4 0     2.3 0   267.2 0   953.7 0
 2019  23  1 23 23 56 23.933  95.85    -1.2 0     0.0 0 -9999.9 1     0.7 0   206.7 0   266.3 0   266.2 0   257.2 0   266.3 0   266.3 0     0.0 0     0.0 0     0.0 0   -50.5 0   -50.5 0    -6.3 0    83.5 0     2.4 0   266.8 0   953.8 0
 2019  23  1 23 23 57 23.950  96.02    -1.3 0     0.0 0 -9999.9 1     0.7 0   206.6 0   266.3 0   266.2 0   257.1 0   266.2 0   266.2 0     0.0 0     0.0 0     0.0 0   -50.5 0   -50.5 0    -6.3 0    83.6 0     2.3 0   268.9 0   953.8 0
 2019  23  1 23 23 58 23.967  96.19    -1.5 0     0.0 0 -9999.9 1     0.6 0   206.5 0   266.2 0   266.2 0   257.4 0   266.2 0   266.2 0     0.0 0     0.0 0     0.0 0   -50.8 0   -50.8 0    -6.4 0    83.5 0     2.3 0   271.6 0   953.8 0
 2019  23  1 23 23 59 23.983  96.36    -1.2 0     0.0 0 -9999.9 1     0.7 0   206.4 0   266.2 0   266.1 0   257.5 0   266.2 0   266.2 0     0.0 0     0.0 0     0.0 0   -51.1 0   -51.1 0    -6.4 0    83.6 0     2.3 0   270.7 0   953.8 0
